# Created by meshio v5.3.5, 2026-09-03T16:46:30.355311
v -88.87850189208984 37.64689254760742 368.5322570800781
v -89.47158813476562 37.656333923339844 369.7441101074219
v -89.10452270507812 36.02124786376953 369.7918701171875
v -89.29903411865234 36.854522705078125 371.3655700683594
v -88.77362060546875 38.551692962646484 371.40203857421875
v -88.52887725830078 36.00537872314453 372.8271789550781
v -88.77622985839844 36.001983642578125 369.1194763183594
v -88.20440673828125 37.85599136352539 372.98504638671875
v -88.33367919921875 38.888282775878906 369.8685302734375
v -87.88211822509766 34.84602737426758 372.59649658203125
v -87.43270111083984 36.65390396118164 368.2350769042969
v -87.32843780517578 37.707176208496094 368.19122314453125
v -87.61691284179688 35.65931701660156 369.1378479003906
v -86.90164947509766 36.079185485839844 375.0008850097656
v -87.42938232421875 38.5753288269043 368.8143615722656
v -87.08442687988281 38.92055130004883 372.519287109375
v -86.57373809814453 33.83274841308594 372.61376953125
v -86.4334945678711 34.69868087768555 375.2369384765625
v -86.97171783447266 36.83208465576172 374.69451904296875
v -86.34590911865234 39.16611099243164 371.0570373535156
v -85.68567657470703 33.72392654418945 375.2284851074219
v -85.51905822753906 38.489952087402344 370.354248046875
v -85.5008544921875 33.81977844238281 371.6908874511719
v -85.91484832763672 35.25632858276367 376.14239501953125
v -85.66078186035156 36.18976593017578 369.59820556640625
v -85.17488861083984 37.359405517578125 369.8125305175781
v -86.39315795898438 37.89455795288086 374.2078857421875
v -84.47064208984375 34.57738494873047 371.0995788574219
v -84.81329345703125 37.15271759033203 376.39117431640625
v -85.21468353271484 38.40671920776367 373.4171447753906
v -84.85954284667969 33.27395248413086 373.6037292480469
v -84.37108612060547 32.72837448120117 374.7783508300781
v -83.51158142089844 35.85309600830078 379.1760559082031
v -83.32550811767578 34.31479263305664 372.3112487792969
v -83.70266723632812 36.11759567260742 371.0872802734375
v -84.05799102783203 37.72932052612305 375.9060974121094
v -83.25733184814453 37.66685485839844 373.37762451171875
v -83.33636474609375 34.406620025634766 379.66448974609375
v -83.39405822753906 37.9703483581543 375.01458740234375
v -82.98355865478516 33.262474060058594 373.4034729003906
v -83.09298706054688 33.24563217163086 379.4815368652344
v -80.856201171875 32.13031768798828 376.2114562988281
v -82.13658142089844 31.961206436157227 378.57354736328125
v -81.1622085571289 31.674346923828125 377.701416015625
v -82.86309814453125 36.57278060913086 372.4107971191406
v -81.41249084472656 36.31078338623047 380.7623596191406
v -82.34811401367188 37.572689056396484 378.0815124511719
v -81.3543930053711 34.27098846435547 373.5352783203125
v -81.00491333007812 34.719703674316406 382.03717041015625
v -80.31082153320312 35.80768966674805 374.4156494140625
v -80.87969207763672 37.24969482421875 375.1554870605469
v -81.0676498413086 33.42827224731445 381.8468322753906
v -80.66592407226562 37.53319549560547 378.7183532714844
v -81.10736846923828 37.76780700683594 377.1535949707031
v -80.61396789550781 31.889537811279297 380.737060546875
v -78.52941131591797 37.24748229980469 381.8952331542969
v -79.22294616699219 31.169137954711914 380.0677795410156
v -79.60086059570312 32.19306182861328 383.35406494140625
v -78.17414093017578 35.19209671020508 385.432861328125
v -79.54012298583984 33.065364837646484 375.7658996582031
v -79.376220703125 36.65437316894531 382.4115295410156
v -79.49443054199219 37.13655471801758 377.1961975097656
v -78.30335998535156 31.444677352905273 378.552490234375
v -79.13314056396484 31.276630401611328 382.5927429199219
v -79.00859069824219 34.66677474975586 375.6725158691406
v -78.73759460449219 33.13965606689453 385.4258117675781
v -78.88043975830078 36.06627655029297 376.3188171386719
v -76.75018310546875 37.349918365478516 380.53948974609375
v -77.84459686279297 30.39929962158203 382.3333740234375
v -78.1123046875 31.132038116455078 384.4806213378906
v -77.53536224365234 37.47553634643555 381.3941650390625
v -77.35073852539062 36.329105377197266 384.7913513183594
v -76.85372161865234 31.56012535095215 386.0707092285156
v -76.29621887207031 33.04764938354492 378.0252685546875
v -75.5977554321289 34.841529846191406 378.36407470703125
v -76.3526611328125 36.63518524169922 379.0572814941406
v -76.91143035888672 33.09492111206055 386.7387390136719
v -76.29672241210938 34.68783950805664 386.7731628417969
v -76.37651824951172 30.450294494628906 381.2430419921875
v -76.09980773925781 30.546062469482422 385.29132080078125
v -74.93399810791016 35.94993209838867 386.1450500488281
v -76.22965240478516 36.85134506225586 384.2464904785156
v -74.4384536743164 30.077438354492188 384.828125
v -75.68072509765625 30.87312126159668 380.6771240234375
v -74.86919403076172 31.00477409362793 388.020263671875
v -74.6812973022461 31.615625381469727 380.3809509277344
v -74.83776092529297 32.023189544677734 389.03582763671875
v -75.00676727294922 33.19832229614258 389.2092590332031
v -73.25296783447266 30.185962677001953 384.7903137207031
v -74.83485412597656 34.368919372558594 389.091064453125
v -74.54341888427734 35.45734786987305 380.0666809082031
v -75.2283935546875 36.53184509277344 380.47027587890625
v -73.57132720947266 36.18245315551758 385.1615295410156
v -74.59962463378906 30.155506134033203 386.3743591308594
v -74.02587890625 33.054344177246094 380.2535705566406
v -74.45257568359375 35.533077239990234 388.41448974609375
v -72.59313201904297 35.6778678894043 384.4494323730469
v -73.87252807617188 31.81096839904785 381.33416748046875
v -73.67074584960938 34.2230339050293 380.7655334472656
v -73.45150756835938 36.329017639160156 387.44012451171875
v -70.95050048828125 30.111024856567383 389.53778076171875
v -71.60160827636719 30.400720596313477 390.183837890625
v -72.58202362060547 32.23856735229492 391.3915100097656
v -72.19682312011719 31.191326141357422 390.9957580566406
v -72.71451568603516 33.47805404663086 391.484130859375
v -72.66618347167969 36.44973373413086 386.56561279296875
v -69.9260025024414 30.129152297973633 389.0419616699219
v -72.7790298461914 30.685136795043945 383.8387451171875
v -72.86074829101562 34.62108612060547 390.87921142578125
v -70.6333999633789 35.97587203979492 391.3148193359375
v -71.52775573730469 33.82127380371094 383.62176513671875
v -71.89847564697266 34.88536834716797 383.8567810058594
v -71.85808563232422 36.029563903808594 385.4777526855469
v -71.2026138305664 32.069786071777344 384.1668701171875
v -70.60153198242188 35.12179946899414 392.59149169921875
v -69.57996368408203 30.691965103149414 387.5489807128906
v -69.37625885009766 36.282833099365234 391.1231994628906
v -71.03923034667969 32.183292388916016 392.7022399902344
v -70.14680480957031 33.720008850097656 393.7991943359375
v -70.13136291503906 30.652563095092773 391.68438720703125
v -69.96553802490234 32.97484588623047 385.1902770996094
v -70.23162841796875 32.44657516479492 393.82086181640625
v -68.0479736328125 35.60673522949219 388.8724670410156
v -68.91602325439453 36.31418991088867 389.94610595703125
v -69.60169982910156 30.653457641601562 393.0166931152344
v -68.90464782714844 30.31060218811035 390.5730895996094
v -68.51763153076172 31.45160675048828 387.53631591796875
v -67.73546600341797 31.560367584228516 395.4949035644531
v -68.13541412353516 34.45296096801758 394.91937255859375
v -67.7324447631836 35.314815521240234 394.19024658203125
v -68.13188934326172 30.018966674804688 391.6796569824219
v -67.21363067626953 34.66941452026367 388.6875
v -67.90508270263672 30.65229606628418 389.7324523925781
v -67.913818359375 33.41322708129883 395.7361145019531
v -66.65673065185547 30.262989044189453 394.66864013671875
v -65.90499877929688 32.64859390258789 389.865966796875
v -66.14100646972656 33.86162185668945 389.61199951171875
v -66.42532348632812 35.67333221435547 392.0459899902344
v -66.99446868896484 35.78227996826172 393.1783447265625
v -67.03641510009766 31.33201789855957 389.4866638183594
v -65.213134765625 30.1148681640625 393.0950012207031
v -65.1495361328125 33.22475051879883 398.9166259765625
v -64.7879867553711 35.15977478027344 398.1871643066406
v -65.84681701660156 35.55482864379883 396.1029968261719
v -65.85323333740234 34.985755920410156 391.08587646484375
v -64.49813842773438 31.557270050048828 399.04693603515625
v -62.15220260620117 30.64365577697754 394.4473571777344
v -63.639183044433594 30.296030044555664 398.3388671875
v -63.6072998046875 36.181087493896484 396.6341857910156
v -64.48985290527344 34.70098114013672 391.6789245605469
v -63.5854377746582 35.834835052490234 394.04376220703125
v -63.420860290527344 29.907978057861328 395.8523254394531
v -63.19926452636719 31.828046798706055 392.2933044433594
v -63.46707534790039 33.57286071777344 391.8157043457031
v -63.28752517700195 34.61492156982422 399.63031005859375
v -62.591861724853516 29.603330612182617 397.3694763183594
v -61.72446060180664 32.817726135253906 401.5376281738281
v -61.641849517822266 36.01581573486328 397.21783447265625
v -61.591617584228516 30.71531867980957 400.538818359375
v -61.61402130126953 31.423316955566406 394.16705322265625
v -61.75422286987305 31.707990646362305 401.209716796875
v -62.28864288330078 35.86734390258789 398.265869140625
v -61.425960540771484 30.100759506225586 399.638916015625
v -61.207496643066406 33.919525146484375 401.8028869628906
v -61.441158294677734 29.973798751831055 395.8780212402344
v -61.051727294921875 33.476524353027344 394.0554504394531
v -60.636810302734375 35.2692756652832 395.6437683105469
v -60.1435546875 35.649696350097656 400.8261413574219
v -60.71974563598633 34.97004318237305 401.42376708984375
v -60.41642761230469 30.860408782958984 395.2379455566406
v -60.34627914428711 29.66142463684082 398.2876892089844
v -60.621883392333984 36.152061462402344 398.7158203125
v -57.16054153442383 30.028526306152344 399.167236328125
v -59.146114349365234 32.00895690917969 395.4984436035156
v -59.23102569580078 32.47359848022461 404.789794921875
v -59.457000732421875 33.77490234375 404.4989318847656
v -59.53934097290039 35.709075927734375 396.9841003417969
v -57.68174362182617 29.72418975830078 403.4606628417969
v -58.47584915161133 33.09621810913086 395.9046936035156
v -59.105648040771484 34.93145751953125 404.1508483886719
v -58.76300811767578 31.02794075012207 404.5282897949219
v -57.11417007446289 29.419130325317383 401.98883056640625
v -56.837406158447266 29.51863670349121 400.9068603515625
v -58.56684494018555 35.82466506958008 403.497802734375
v -58.588096618652344 35.913700103759766 399.47509765625
v -58.006202697753906 36.44044876098633 401.9265441894531
v -58.41848373413086 34.323673248291016 396.333740234375
v -57.415889739990234 35.17118453979492 398.41693115234375
v -57.30633544921875 32.061283111572266 406.2406311035156
v -57.30746078491211 34.011478424072266 406.33319091796875
v -55.37395095825195 31.634958267211914 399.06060791015625
v -56.82334899902344 35.56662368774414 405.676025390625
v -56.101131439208984 36.24476623535156 400.753662109375
v -55.46219253540039 30.719757080078125 399.6813049316406
v -56.241943359375 30.269372940063477 405.421142578125
v -56.1757698059082 32.45831298828125 398.0733642578125
v -56.664466857910156 33.817832946777344 397.8447265625
v -55.412986755371094 30.895090103149414 407.07635498046875
v -55.83510208129883 34.03291702270508 407.87396240234375
v -54.30558395385742 35.51533126831055 400.78692626953125
v -54.870784759521484 36.73875045776367 405.5497741699219
v -53.565330505371094 36.8695068359375 404.2263488769531
v -54.113277435302734 29.581323623657227 404.1070251464844
v -55.49391555786133 32.18185043334961 407.9678039550781
v -54.0006217956543 35.77909851074219 408.6058044433594
v -51.50017166137695 30.234657287597656 404.3922424316406
v -54.497249603271484 29.785139083862305 405.8265075683594
v -53.301029205322266 34.08893585205078 400.5821228027344
v -52.0605583190918 30.869430541992188 409.0904846191406
v -52.638153076171875 34.92549514770508 410.305908203125
v -51.60663986206055 33.49790573120117 411.30950927734375
v -52.23699188232422 31.86833381652832 410.06134033203125
v -51.281314849853516 32.94334030151367 402.1777038574219
v -51.70730209350586 36.8939323425293 409.24334716796875
v -51.192420959472656 31.157516479492188 403.13970947265625
v -52.248146057128906 37.32945251464844 406.0401611328125
v -52.17436218261719 36.08865737915039 403.05743408203125
v -50.87677001953125 30.22804832458496 408.0891418457031
v -51.68446350097656 37.07999038696289 404.9548034667969
v -51.37601089477539 35.06745529174805 402.60528564453125
v -51.57689666748047 37.35838317871094 407.93060302734375
v -50.114418029785156 30.2720890045166 406.79742431640625
v -48.961917877197266 31.347068786621094 411.891357421875
v -49.301612854003906 32.474212646484375 412.7052001953125
v -50.24799728393555 32.10982894897461 403.36419677734375
v -50.316490173339844 34.3659782409668 403.0350646972656
v -49.1452751159668 35.48952865600586 413.1673583984375
v -48.86406326293945 37.07344436645508 406.5917663574219
v -49.30572509765625 33.90159606933594 413.27130126953125
v -46.887630462646484 36.55046463012695 407.06378173828125
v -47.82856369018555 37.61983871459961 408.5669860839844
v -48.67097091674805 31.11053466796875 406.0467834472656
v -47.70034408569336 30.450550079345703 410.1849060058594
v -47.284156799316406 30.72064208984375 408.1809387207031
v -45.735679626464844 34.562129974365234 406.7991027832031
v -48.975975036621094 36.74049758911133 412.31451416015625
v -48.507686614990234 37.483009338378906 411.3183288574219
v -47.69818115234375 37.84409713745117 410.35595703125
v -45.994361877441406 33.49171829223633 406.6114501953125
v -46.33175277709961 35.59640884399414 406.70465087890625
v -47.31951141357422 32.32994079589844 413.75848388671875
v -46.649993896484375 32.42268753051758 406.4376220703125
v -47.89628982543945 34.36322021484375 414.1344299316406
v -47.790340423583984 35.74436950683594 413.8572692871094
v -47.20677947998047 37.0102424621582 413.2500305175781
v -46.46710205078125 31.066179275512695 412.161376953125
v -45.860660552978516 37.86954879760742 412.1662292480469
v -46.14219284057617 31.79568099975586 407.5276794433594
v -45.36952209472656 30.93043327331543 411.5482177734375
v -45.80652618408203 34.15918731689453 415.82073974609375
v -45.61705780029297 32.78516387939453 415.2928771972656
v -45.497798919677734 35.680755615234375 415.9559326171875
v -45.372406005859375 36.89604949951172 415.3272399902344
v -43.54224395751953 37.91250228881836 411.8529968261719
v -45.365509033203125 31.284744262695312 409.41656494140625
v -45.13159942626953 32.1440315246582 415.0038757324219
v -43.1180534362793 37.55134963989258 411.1854248046875
v -44.548545837402344 31.32756996154785 413.8222961425781
v -44.905521392822266 37.814849853515625 414.1342468261719
v -43.23099136352539 31.27632713317871 412.5909118652344
v -43.56423568725586 37.30659866333008 417.0552673339844
v -43.22032165527344 38.217342376708984 416.386474609375
v -43.91584014892578 38.25267028808594 412.8363037109375
v -42.2612190246582 32.29250717163086 411.01776123046875
v -42.25166702270508 33.3629035949707 410.06451416015625
v -42.38848114013672 36.667903900146484 410.6123962402344
v -42.71174240112305 38.84075927734375 415.3368225097656
v -42.21632766723633 31.803884506225586 412.0223693847656
v -40.952354431152344 32.63884353637695 416.7384338378906
v -40.707645416259766 35.398311614990234 419.6420593261719
v -42.67023468017578 35.93114471435547 418.3758544921875
v -41.402732849121094 35.220680236816406 410.57269287109375
v -41.35478210449219 37.453678131103516 419.3095397949219
v -41.75655746459961 38.70820999145508 417.9186096191406
v -40.016624450683594 32.49314498901367 415.45263671875
v -39.72630310058594 39.4195556640625 414.7574462890625
v -40.74170684814453 39.685977935791016 416.7122802734375
v -39.35090255737305 32.821434020996094 414.4786071777344
v -39.268104553222656 33.901649475097656 418.95660400390625
v -39.841922760009766 37.65613555908203 412.50738525390625
v -38.61341857910156 34.09141540527344 413.3404541015625
v -38.54505920410156 35.888275146484375 412.7083435058594
v -38.54186248779297 36.9664421081543 421.8375244140625
v -38.13920974731445 35.9298210144043 421.82281494140625
v -38.463314056396484 33.45463943481445 417.7729187011719
v -38.272090911865234 38.4937744140625 421.8172607421875
v -37.90050506591797 40.162635803222656 417.7174377441406
v -36.55925750732422 40.29673385620117 421.2988586425781
v -37.38190841674805 34.95065689086914 421.5058288574219
v -37.15216064453125 38.044551849365234 414.5638427734375
v -37.95222091674805 39.37369155883789 415.35369873046875
v -37.01246643066406 33.98247528076172 416.48089599609375
v -37.470890045166016 33.9918098449707 419.9740905761719
v -35.78348922729492 40.00315475463867 423.10028076171875
v -36.739009857177734 33.809486389160156 418.2533264160156
v -35.98179244995117 35.642120361328125 415.68994140625
v -35.962215423583984 40.124942779541016 418.2569274902344
v -35.856754302978516 37.292320251464844 415.4920349121094
v -36.011966705322266 37.94993209838867 423.8866271972656
v -35.4586296081543 40.74800491333008 420.6700439453125
v -35.92816162109375 34.2613410949707 420.4046630859375
v -35.76176834106445 35.93296432495117 423.1493225097656
v -33.928035736083984 40.065757751464844 424.94708251953125
v -35.61395263671875 39.06051254272461 416.7091979980469
v -35.5079231262207 34.51704788208008 417.60260009765625
v -33.873199462890625 35.90956497192383 418.1471862792969
v -35.01029968261719 35.13356018066406 422.3680725097656
v -34.04881286621094 37.20398712158203 424.95257568359375
v -33.93079376220703 34.92771530151367 420.59637451171875
v -34.28457260131836 37.278690338134766 417.00604248046875
v -34.64677810668945 39.56602478027344 418.11322021484375
v -33.34300231933594 41.21244812011719 424.0963134765625
v -34.01877212524414 34.993350982666016 421.81414794921875
v -32.66946792602539 38.259586334228516 426.03900146484375
v -33.416072845458984 35.58279037475586 419.386474609375
v -33.6478385925293 38.050533294677734 417.9774169921875
v -33.1494140625 39.30500793457031 425.7598876953125
v -33.20843505859375 40.771114349365234 420.4585876464844
v -32.76533508300781 41.67842483520508 423.25860595703125
v -31.577848434448242 36.43510437011719 424.96075439453125
v -32.244205474853516 41.6552619934082 422.12908935546875
v -31.894006729125977 38.930694580078125 419.5841064453125
v -32.65447998046875 40.00603485107422 419.783935546875
v -30.5550479888916 36.25441360473633 422.2750549316406
v -31.29079818725586 35.859230041503906 423.423583984375
v -31.249942779541016 37.248260498046875 420.2512512207031
v -31.829259872436523 37.16117477416992 425.69976806640625
v -31.957090377807617 40.83351135253906 426.19219970703125
v -31.277414321899414 39.19845962524414 426.9448547363281
v -30.962284088134766 42.13862609863281 425.25213623046875
v -29.900175094604492 42.43812561035156 424.3279113769531
v -29.727663040161133 37.647701263427734 426.75994873046875
v -29.900304794311523 39.98125076293945 420.9084777832031
v -30.04690933227539 41.38370132446289 421.8857421875
v -29.144615173339844 39.8842658996582 428.1382751464844
v -28.839481353759766 42.12255859375 423.4804992675781
v -29.76505470275879 41.69465255737305 426.85418701171875
v -29.377859115600586 37.44036865234375 421.654296875
v -29.420473098754883 38.7180061340332 421.1323547363281
v -28.999488830566406 36.85922622680664 425.31353759765625
v -27.418882369995117 39.13182067871094 428.77423095703125
v -28.68457794189453 41.4951057434082 428.033935546875
v -28.53023910522461 36.99666213989258 423.95159912109375
v -28.13620376586914 37.73746871948242 422.94769287109375
v -25.503835678100586 37.95134735107422 427.79278564453125
v -26.3664493560791 38.4412956237793 428.5404968261719
v -27.8448429107666 42.49269104003906 427.4105224609375
v -27.154582977294922 42.856571197509766 426.2448425292969
v -26.398361206054688 37.59132385253906 426.10675048828125
v -27.138111114501953 40.66069412231445 429.0839538574219
v -25.989294052124023 41.53285598754883 424.2682189941406
v -24.75724983215332 42.9467887878418 426.6825256347656
v -25.40233039855957 39.89594650268555 424.11798095703125
v -26.503870010375977 41.87272644042969 428.77490234375
v -25.748321533203125 38.33446502685547 424.8458557128906
v -24.408763885498047 39.75790786743164 429.7650451660156
v -25.043907165527344 42.96835708618164 427.87921142578125
v -24.349836349487305 38.634361267089844 428.9593811035156
v -23.90195083618164 42.56083297729492 426.09368896484375
v -24.578279495239258 42.40823745727539 429.05792236328125
v -24.842266082763672 37.852054595947266 426.4417724609375
v -24.26858901977539 38.94999313354492 425.0889892578125
v -22.71044158935547 40.742008209228516 425.4873046875
v -24.039690017700195 41.296958923339844 429.9877624511719
v -23.938556671142578 38.220767974853516 427.7729187011719
v -22.98288345336914 41.82085418701172 425.7413330078125
v -23.38343048095703 38.52379608154297 426.6007080078125
v -22.94795036315918 39.592323303222656 425.6734924316406
v -19.871131896972656 39.98636245727539 430.3604431152344
v -20.241451263427734 38.74964141845703 427.8425598144531
v -19.59403419494629 41.37880325317383 430.41888427734375
v -20.86086082458496 42.76819610595703 428.8494873046875
v -20.309690475463867 39.68307113647461 426.48846435546875
v -20.071487426757812 38.92473602294922 429.3892822265625
v -20.862016677856445 42.664981842041016 427.4448547363281
v -20.636682510375977 41.48548126220703 426.2979736328125
v -18.940025329589844 42.50418472290039 429.7291259765625
v -19.867069244384766 42.337860107421875 426.6949462890625
v -18.668378829956055 42.945716857910156 427.85565185546875
v -18.178142547607422 39.79772186279297 426.0463562011719
v -18.490787506103516 38.25569152832031 427.7057189941406
v -16.953651428222656 38.302574157714844 430.2382507324219
v -17.64328956604004 39.86692810058594 431.0789794921875
v -18.31095314025879 41.882511138916016 426.3103942871094
v -17.710872650146484 41.18894958496094 431.0652160644531
v -18.452760696411133 42.97093200683594 428.5522155761719
v -16.179189682006836 37.27360153198242 428.56439208984375
v -16.674266815185547 42.698387145996094 430.52886962890625
v -17.581859588623047 42.695133209228516 426.5621032714844
v -17.220611572265625 37.83952331542969 427.0982360839844
v -17.52068328857422 38.932884216308594 425.8834228515625
v -17.564374923706055 40.867069244384766 425.3183898925781
v -16.653987884521484 43.60078048706055 429.1123352050781
v -16.434892654418945 37.84463119506836 424.4575500488281
v -17.472768783569336 40.08407211303711 424.62554931640625
v -17.12677574157715 41.8560676574707 424.6536560058594
v -16.97711181640625 43.2590217590332 426.00457763671875
v -14.835208892822266 44.438453674316406 425.7488098144531
v -15.790265083312988 36.64613342285156 425.1314392089844
v -15.647662162780762 39.89908218383789 431.3296813964844
v -15.834029197692871 42.06570053100586 430.9570007324219
v -15.581761360168457 43.0091552734375 423.7088928222656
v -16.39000129699707 40.6442756652832 423.2584533691406
v -15.31424331665039 36.36642074584961 427.31072998046875
v -14.71925163269043 37.29694747924805 429.3751220703125
v -14.93259048461914 37.951759338378906 420.6944580078125
v -14.756468772888184 35.431800842285156 426.01531982421875
v -14.06170654296875 38.200801849365234 430.32281494140625
v -14.26957893371582 40.38523483276367 419.7818298339844
v -15.53658390045166 41.79969787597656 422.34814453125
v -12.764264106750488 45.08287048339844 426.52484130859375
v -14.434924125671387 36.19487762451172 421.2606506347656
v -12.767473220825195 41.64670181274414 430.6897277832031
v -14.569330215454102 43.169456481933594 422.2536926269531
v -13.690176010131836 44.49327087402344 422.9222717285156
v -13.396783828735352 44.652862548828125 427.6454772949219
v -13.86069107055664 35.09337615966797 421.9626770019531
v -13.390496253967285 35.086605072021484 427.7835388183594
v -13.884308815002441 39.39223861694336 430.83697509765625
v -12.909778594970703 40.27101135253906 430.8928527832031
v -12.488656044006348 44.15876388549805 428.8802490234375
v -14.110708236694336 20.206573486328125 431.5494689941406
v -14.208633422851562 21.338211059570312 428.5231628417969
v -14.377815246582031 21.603124618530273 430.91583251953125
v -14.11227035522461 20.489744186401367 433.0901184082031
v -14.176841735839844 19.947168350219727 434.975341796875
v -13.88401985168457 21.982892990112305 433.4004821777344
v -14.006451606750488 21.132457733154297 437.8199462890625
v -13.590383529663086 22.65912437438965 426.25640869140625
v -13.835229873657227 23.153230667114258 428.8647766113281
v -13.792885780334473 23.021427154541016 431.2921142578125
v -13.329916000366211 37.76381301879883 418.7330322265625
v -13.209765434265137 42.587162017822266 420.1113586425781
v -12.517781257629395 43.04990768432617 430.0149230957031
v -13.153870582580566 45.1948127746582 424.3208923339844
v -13.656118392944336 18.958498001098633 434.9872741699219
v -13.348604202270508 19.21072006225586 432.56536865234375
v -13.39411449432373 19.46721839904785 440.8317565917969
v -12.847593307495117 18.306758880615234 435.25946044921875
v -13.52710247039795 20.18729591369629 427.889404296875
v -12.909311294555664 20.703237533569336 446.4221496582031
v -13.074265480041504 21.595029830932617 424.7272033691406
v -12.978337287902832 21.292367935180664 446.1143493652344
v -13.529600143432617 22.14780044555664 437.25006103515625
v -12.9060697555542 22.035903930664062 445.3548583984375
v -13.61713981628418 26.707857131958008 467.7788391113281
v -13.613455772399902 26.691818237304688 471.5377502441406
v -13.27609634399414 25.82039451599121 467.6025695800781
v -13.881865501403809 27.958940505981445 471.2529602050781
v -13.731900215148926 27.686750411987305 467.7999572753906
v -13.424707412719727 28.165735244750977 476.4482727050781
v -13.48123836517334 28.733488082885742 467.719482421875
v -13.475667953491211 29.624380111694336 475.0743103027344
v -13.365640640258789 29.762691497802734 471.7809753417969
v -12.558281898498535 34.07535171508789 425.71514892578125
v -12.453821182250977 33.875274658203125 422.962158203125
v -13.257431983947754 36.05217742919922 419.7156066894531
v -12.650425910949707 34.74806213378906 420.544677734375
v -12.059648513793945 43.6976318359375 420.5663146972656
v -12.561773300170898 18.769887924194336 441.9027404785156
v -12.794528007507324 19.52594757080078 428.005615234375
v -12.224388122558594 20.583925247192383 424.33636474609375
v -12.85651969909668 22.710121154785156 423.788818359375
v -12.757306098937988 22.730337142944336 435.87078857421875
v -12.779149055480957 22.94236183166504 433.6984558105469
v -12.57982349395752 24.140361785888672 424.6937561035156
v -12.635588645935059 24.111570358276367 429.6070251464844
v -13.114459037780762 25.488719940185547 469.7481994628906
v -12.752159118652344 27.002479553222656 477.8246765136719
v -12.958136558532715 27.378767013549805 464.573486328125
v -12.989531517028809 28.75746726989746 478.42962646484375
v -12.857114791870117 29.676158905029297 467.8579406738281
v -12.878886222839355 30.338533401489258 476.8918151855469
v -11.867507934570312 34.83238983154297 428.2906799316406
v -12.3475923538208 35.89358139038086 429.4266357421875
v -12.912662506103516 39.788272857666016 418.3376770019531
v -12.655932426452637 18.75191307067871 432.6910705566406
v -11.793818473815918 18.980958938598633 430.265869140625
v -12.25539779663086 19.728801727294922 446.7202453613281
v -12.79173755645752 22.054384231567383 449.89801025390625
v -12.540178298950195 22.74388313293457 442.8058776855469
v -12.3735990524292 23.05478286743164 445.9740295410156
v -12.310243606567383 23.854511260986328 450.20806884765625
v -12.105441093444824 24.678916931152344 425.6671447753906
v -12.260479927062988 25.23660659790039 460.7998962402344
v -12.074952125549316 26.974550247192383 460.435302734375
v -12.334786415100098 28.566120147705078 464.0861511230469
v -12.191750526428223 29.306360244750977 465.43255615234375
v -12.522098541259766 30.927690505981445 473.4520568847656
v -12.156850814819336 30.32860565185547 478.76531982421875
v -11.388731002807617 36.412132263183594 416.1080322265625
v -11.63497257232666 37.704524993896484 430.55108642578125
v -11.498372077941895 38.00809097290039 415.91363525390625
v -12.33837604522705 41.00190734863281 418.2874755859375
v -12.115076065063477 18.080060958862305 435.26458740234375
v -11.308061599731445 18.263992309570312 441.6105041503906
v -11.8200044631958 19.233787536621094 427.8468933105469
v -11.736902236938477 20.30900001525879 450.59051513671875
v -11.804582595825195 21.435100555419922 422.6716003417969
v -12.132999420166016 21.3976993560791 451.8054504394531
v -11.429627418518066 22.879318237304688 435.4466552734375
v -11.614971160888672 23.08168601989746 433.9596252441406
v -11.718623161315918 23.089670181274414 438.1973571777344
v -11.826656341552734 24.948097229003906 455.2475280761719
v -11.81556510925293 24.20585060119629 456.202392578125
v -11.470346450805664 23.976070404052734 422.630615234375
v -11.503690719604492 24.111522674560547 430.6055908203125
v -11.70984172821045 24.020172119140625 461.5269470214844
v -12.367677688598633 25.335979461669922 472.1646728515625
v -11.467825889587402 23.98196792602539 466.4632873535156
v -11.468033790588379 25.861433029174805 478.01806640625
v -11.592304229736328 27.512975692749023 480.9550476074219
v -11.64063549041748 29.11507225036621 480.53851318359375
v -11.81821060180664 30.34967041015625 467.59857177734375
v -11.562847137451172 31.513877868652344 476.8699951171875
v -10.376384735107422 42.87941360473633 418.5812072753906
v -11.714940071105957 45.58557891845703 423.98907470703125
v -11.222142219543457 18.130638122558594 435.2904968261719
v -11.032665252685547 18.325645446777344 437.7920227050781
v -11.327463150024414 18.882387161254883 445.8087463378906
v -10.919977188110352 19.755762100219727 425.2802429199219
v -10.728069305419922 20.063508987426758 423.47265625
v -10.606674194335938 23.02044105529785 420.882080078125
v -11.546772956848145 23.500274658203125 456.6888427734375
v -11.138928413391113 23.21567726135254 441.7712707519531
v -11.35604476928711 23.554004669189453 444.7177429199219
v -11.458684921264648 25.550846099853516 453.7423095703125
v -11.178927421569824 24.961284637451172 426.1837158203125
v -11.538334846496582 24.780221939086914 471.5076904296875
v -10.375409126281738 26.641908645629883 482.6268310546875
v -10.976871490478516 31.71092987060547 474.0116271972656
v -11.181051254272461 31.12722396850586 478.6591796875
v -10.777565956115723 33.378726959228516 423.9988098144531
v -11.114579200744629 35.18606185913086 416.6300964355469
v -10.975655555725098 42.3421630859375 431.6167297363281
v -11.15871810913086 43.53803634643555 430.9927062988281
v -10.776779174804688 44.47063064575195 421.2874755859375
v -10.39712905883789 19.57113265991211 449.79022216796875
v -9.617498397827148 21.167652130126953 420.7303771972656
v -11.015131950378418 22.881940841674805 457.232421875
v -10.4265718460083 24.642597198486328 427.46514892578125
v -10.085687637329102 25.017061233520508 423.05633544921875
v -10.685508728027344 24.8291072845459 449.1275939941406
v -10.555120468139648 25.084732055664062 473.90234375
v -11.3591947555542 28.001312255859375 460.0921936035156
v -11.447431564331055 29.130645751953125 482.6568298339844
v -11.013486862182617 27.838293075561523 483.34710693359375
v -11.154359817504883 29.585084915161133 464.3028869628906
v -10.659896850585938 30.350627899169922 480.2069396972656
v -10.459088325500488 30.621000289916992 467.3597412109375
v -10.592122077941895 33.80511474609375 418.4859313964844
v -10.413871765136719 33.215328216552734 420.7233581542969
v -9.770865440368652 33.515132904052734 425.2264709472656
v -10.615887641906738 35.18737030029297 428.9549865722656
v -9.418378829956055 38.30649185180664 413.184326171875
v -10.684446334838867 40.809356689453125 431.6411437988281
v -10.565451622009277 41.48207092285156 416.7601318359375
v -10.816396713256836 44.41141128540039 430.4894714355469
v -10.424301147460938 45.79023742675781 425.7749938964844
v -10.22064208984375 18.696922302246094 435.141357421875
v -10.583584785461426 19.3321475982666 428.0804748535156
v -10.143404960632324 19.64013671875 430.42877197265625
v -10.076457977294922 22.35688018798828 457.68963623046875
v -10.469501495361328 22.44207191467285 434.7749328613281
v -10.439092636108398 23.625839233398438 430.6663818359375
v -10.286761283874512 22.819171905517578 438.8291320800781
v -10.693774223327637 23.890153884887695 467.31982421875
v -10.554731369018555 25.932662963867188 452.5035095214844
v -10.611628532409668 27.823787689208984 457.3350830078125
v -10.621671676635742 30.05740737915039 484.7585754394531
v -10.83219051361084 30.523738861083984 482.4513854980469
v -10.124421119689941 45.056339263916016 429.56103515625
v -9.620393753051758 45.2515983581543 423.2632751464844
v -9.620800971984863 18.820951461791992 440.426513671875
v -10.013805389404297 18.719013214111328 444.81158447265625
v -9.726652145385742 19.14885711669922 437.78558349609375
v -10.067085266113281 19.782197952270508 425.2242126464844
v -9.791979789733887 20.67969512939453 453.8742370605469
v -9.823092460632324 23.43654441833496 444.3258056640625
v -9.288729667663574 22.095829010009766 457.6498718261719
v -9.443970680236816 24.939237594604492 420.87939453125
v -9.716732025146484 25.7812557220459 480.24298095703125
v -9.982004165649414 29.40372085571289 462.3646240234375
v -10.135381698608398 31.13371467590332 481.8414611816406
v -9.846549034118652 31.18372917175293 471.24835205078125
v -9.213215827941895 30.688732147216797 479.6729736328125
v -9.783421516418457 31.437837600708008 478.52099609375
v -9.432242393493652 31.764102935791016 476.7584533691406
v -8.921117782592773 33.908775329589844 426.18341064453125
v -8.698747634887695 33.14518356323242 415.18829345703125
v -9.771842956542969 36.68305206298828 430.29656982421875
v -9.480982780456543 35.81273651123047 413.2222595214844
v -8.164335250854492 39.74987030029297 412.7812194824219
v -10.036938667297363 41.11006164550781 432.20458984375
v -9.639106750488281 45.26358413696289 428.14154052734375
v -9.362279891967773 20.076696395874023 427.9078063964844
v -9.636578559875488 21.509124755859375 434.4483642578125
v -9.643939971923828 22.474353790283203 431.2646179199219
v -9.68967056274414 22.733116149902344 441.58807373046875
v -8.988200187683105 24.101945877075195 426.4916687011719
v -8.857657432556152 22.826990127563477 462.42889404296875
v -7.971238136291504 24.198909759521484 418.2048645019531
v -9.118313789367676 23.827880859375 466.9181823730469
v -9.549391746520996 24.60757827758789 448.44927978515625
v -9.257678985595703 24.403413772583008 468.9738464355469
v -9.300516128540039 25.067119598388672 423.9063720703125
v -9.288799285888672 25.613073348999023 451.08294677734375
v -8.975367546081543 25.74382972717285 479.3434143066406
v -9.452239990234375 26.157230377197266 482.8884582519531
v -9.819785118103027 27.046401977539062 487.90008544921875
v -10.541352272033691 27.159807205200195 489.669921875
v -9.735885620117188 25.584814071655273 489.3548889160156
v -10.17425537109375 26.163333892822266 490.30804443359375
v -9.419862747192383 27.992734909057617 456.30029296875
v -8.869790077209473 26.745376586914062 484.57391357421875
v -10.456500053405762 28.054113388061523 490.51556396484375
v -9.129805564880371 25.65302276611328 493.289794921875
v -9.88939094543457 29.099327087402344 486.40380859375
v -9.889652252197266 29.00524139404297 488.6582336425781
v -9.57984447479248 27.80890655517578 485.87286376953125
v -9.417950630187988 30.458166122436523 486.8990783691406
v -9.10336685180664 31.545190811157227 474.39593505859375
v -9.567479133605957 31.753812789916992 484.3436584472656
v -8.858720779418945 32.836181640625 419.4322814941406
v -9.244996070861816 42.48218536376953 416.9830322265625
v -9.748990058898926 42.589778900146484 434.0927429199219
v -9.562273979187012 43.94172286987305 434.0005187988281
v -8.18935489654541 43.819515228271484 419.8325500488281
v -8.717408180236816 45.22048568725586 433.3639221191406
v -8.784793853759766 19.48070526123047 445.58197021484375
v -9.608061790466309 19.790979385375977 434.4427795410156
v -8.964760780334473 19.769908905029297 449.2945251464844
v -8.981478691101074 20.452817916870117 426.0585021972656
v -9.406304359436035 21.187786102294922 431.07440185546875
v -6.90604305267334 22.427003860473633 416.8182678222656
v -9.358460426330566 21.522369384765625 437.85418701171875
v -9.041327476501465 21.948442459106445 441.0758056640625
v -7.839570999145508 24.4162654876709 424.3153991699219
v -9.146117210388184 25.37880516052246 473.6402282714844
v -8.842246055603027 24.867897033691406 492.513916015625
v -8.757120132446289 26.103107452392578 494.4666748046875
v -8.929717063903809 27.07182502746582 485.5390319824219
v -8.931905746459961 28.118558883666992 492.92584228515625
v -9.171089172363281 29.795026779174805 463.94866943359375
v -9.60840892791748 29.3538818359375 490.6885070800781
v -8.917474746704102 30.69973373413086 470.6182861328125
v -8.816811561584473 31.4226016998291 481.08282470703125
v -9.0173921585083 32.01244354248047 482.65911865234375
v -8.379121780395508 32.620994567871094 416.99102783203125
v -9.198474884033203 34.04402542114258 414.49462890625
v -8.73023796081543 35.34400177001953 428.5401306152344
v -9.03124713897705 39.76327896118164 431.4151916503906
v -9.003236770629883 41.028499603271484 433.7426452636719
v -8.817511558532715 20.10985565185547 440.9960021972656
v -8.18009090423584 20.496219635009766 421.287353515625
v -9.056721687316895 20.792301177978516 438.7721862792969
v -8.028946876525879 21.11920738220215 454.412353515625
v -8.321535110473633 21.554208755493164 426.3086242675781
v -8.147887229919434 22.34879493713379 426.2275085449219
v -8.298069953918457 22.310667037963867 445.04583740234375
v -7.157369136810303 23.582944869995117 416.9755859375
v -8.367216110229492 22.188520431518555 458.0249328613281
v -8.466756820678711 24.375394821166992 449.2574157714844
v -7.211564540863037 25.310518264770508 418.49822998046875
v -6.589457988739014 25.903921127319336 419.84625244140625
v -8.460814476013184 24.919090270996094 489.1100769042969
v -8.355744361877441 25.803062438964844 487.51141357421875
v -8.517056465148926 28.094440460205078 456.4580078125
v -8.035207748413086 26.24965476989746 495.69464111328125
v -8.6682767868042 29.78816032409668 490.9891052246094
v -8.5824556350708 30.10317611694336 489.4472351074219
v -9.057672500610352 31.466997146606445 486.0372619628906
v -8.333288192749023 31.03295135498047 478.1148376464844
v -8.861404418945312 34.13824462890625 486.30767822265625
v -7.809240818023682 32.740657806396484 420.892333984375
v -8.475828170776367 34.97843933105469 484.0487976074219
v -8.922324180603027 34.51612854003906 485.10101318359375
v -8.09213924407959 32.35354995727539 411.6389465332031
v -8.018885612487793 33.26460647583008 410.9429626464844
v -8.08194637298584 39.12141418457031 430.7857666015625
v -8.412078857421875 40.21451950073242 431.93975830078125
v -8.832254409790039 41.769309997558594 434.837890625
v -9.067031860351562 42.66560745239258 435.0302734375
v -7.9100422859191895 43.052001953125 417.44189453125
v -8.787344932556152 43.95270538330078 434.8209228515625
v -8.549474716186523 45.132774353027344 427.31219482421875
v -8.320279121398926 45.2062873840332 424.81707763671875
v -7.81940221786499 21.311473846435547 446.5618591308594
v -8.08155345916748 23.209640502929688 425.787841796875
v -8.32923412322998 24.55043601989746 491.54339599609375
v -8.309880256652832 24.335060119628906 496.1086730957031
v -7.994460582733154 26.192689895629883 473.3462829589844
v -7.568230628967285 26.01606559753418 482.3450622558594
v -8.353997230529785 29.478313446044922 463.368408203125
v -8.399592399597168 30.026290893554688 468.7806091308594
v -7.6482672691345215 32.064781188964844 481.66815185546875
v -8.152276039123535 31.88166618347168 412.8089904785156
v -8.411924362182617 33.12232208251953 487.3349914550781
v -8.109606742858887 35.425785064697266 410.89654541015625
v -7.979581356048584 36.70314407348633 429.471435546875
v -6.2546772956848145 41.10231018066406 413.1684265136719
v -7.932130813598633 41.674652099609375 437.6731872558594
v -8.279050827026367 43.280067443847656 437.4031066894531
v -8.587857246398926 44.347320556640625 435.642333984375
v -8.09747314453125 44.69010543823242 422.6494445800781
v -6.880524158477783 20.824844360351562 422.3638000488281
v -7.683542728424072 21.27644920349121 449.2041320800781
v -6.98750114440918 21.916976928710938 454.2344055175781
v -6.829085350036621 20.59139060974121 418.6968688964844
v -6.485235214233398 21.98076629638672 423.4744873046875
v -6.5539350509643555 21.265165328979492 417.209716796875
v -7.903506278991699 23.51140785217285 448.8258361816406
v -7.323431968688965 23.29818344116211 462.0567626953125
v -7.81973123550415 24.47249984741211 466.69989013671875
v -7.886053562164307 23.444774627685547 495.2382507324219
v -7.816894054412842 25.612228393554688 468.942138671875
v -7.334053039550781 26.88774871826172 454.6932373046875
v -7.677074432373047 26.526180267333984 479.2406005859375
v -7.659050941467285 26.61444091796875 485.1763610839844
v -7.334574222564697 28.23641586303711 493.8492431640625
v -7.905031204223633 30.919031143188477 476.03887939453125
v -7.599723815917969 31.4905948638916 487.664794921875
v -7.840220928192139 30.06529998779297 479.35382080078125
v -7.347538471221924 30.493867874145508 413.3359680175781
v -7.067698001861572 32.30229568481445 416.7799377441406
v -6.361475944519043 33.071632385253906 421.5388488769531
v -7.530068874359131 34.92055892944336 482.75225830078125
v -7.02316951751709 34.841407775878906 488.52252197265625
v -7.701274394989014 35.89094161987305 486.18023681640625
v -7.824554443359375 40.69814682006836 434.2098083496094
v -7.853468418121338 40.71073532104492 435.90533447265625
v -7.710506439208984 44.440643310546875 437.5043640136719
v -6.817786693572998 43.9506721496582 423.9203186035156
v -7.670453071594238 45.17558670043945 434.215087890625
v -7.58169412612915 45.55062484741211 432.4452819824219
v -6.7847700119018555 20.344491958618164 420.6431884765625
v -7.510606288909912 22.221670150756836 449.0583801269531
v -7.155088901519775 22.900556564331055 459.01141357421875
v -7.131220817565918 23.223791122436523 494.6245422363281
v -7.354341983795166 22.456615447998047 498.1216735839844
v -6.958520889282227 24.46709632873535 490.8473815917969
v -7.353385925292969 23.546350479125977 498.1366271972656
v -6.4094038009643555 25.17119026184082 453.9668273925781
v -7.306700229644775 26.77273941040039 484.1737976074219
v -7.312078475952148 27.938230514526367 457.59375
v -6.734586715698242 28.20284080505371 461.7743225097656
v -7.419767379760742 28.889301300048828 471.4984436035156
v -7.493858337402344 28.810272216796875 468.3653564453125
v -7.409426689147949 29.824533462524414 491.137451171875
v -7.255580902099609 30.08489418029785 476.7325744628906
v -6.227360725402832 32.147377014160156 418.105224609375
v -6.756747722625732 33.309940338134766 488.7452392578125
v -6.345030784606934 33.867469787597656 423.768798828125
v -7.073024272918701 33.896793365478516 409.7458190917969
v -6.715121746063232 34.81821823120117 425.8996276855469
v -6.178263187408447 36.696773529052734 488.2317810058594
v -6.700873851776123 35.91946029663086 427.3908386230469
v -6.8732380867004395 36.757286071777344 410.1549987792969
v -6.418067932128906 38.80076599121094 411.0035400390625
v -6.884449005126953 40.16413879394531 434.85601806640625
v -6.01701021194458 42.64181137084961 440.9246520996094
v -6.745729446411133 43.99580764770508 426.69781494140625
v -6.929073810577393 44.290061950683594 425.567138671875
v -6.962540626525879 44.71118927001953 429.00469970703125
v -7.001288890838623 45.343326568603516 436.8382568359375
v -6.900053024291992 45.60920333862305 435.07269287109375
v -6.420968532562256 22.79208755493164 454.32879638671875
v -6.849239826202393 21.698570251464844 497.3133239746094
v -6.4434990882873535 24.19172477722168 461.9322204589844
v -5.66883659362793 25.559608459472656 421.357177734375
v -6.90485143661499 25.588197708129883 466.4807434082031
v -6.492264747619629 25.51634979248047 488.46142578125
v -7.066440105438232 25.81670379638672 487.2235412597656
v -6.270737171173096 23.83866310119629 498.8327331542969
v -7.214583396911621 27.03573226928711 468.6368713378906
v -6.981649398803711 26.550046920776367 496.1085510253906
v -7.317222595214844 27.59598159790039 472.25506591796875
v -7.257352352142334 27.210071563720703 478.9031982421875
v -6.900051116943359 28.733720779418945 476.7126770019531
v -7.243343830108643 29.22089385986328 479.1719970703125
v -6.443612575531006 31.384918212890625 481.35321044921875
v -6.575354099273682 30.002391815185547 489.7063903808594
v -6.795541763305664 30.501188278198242 411.1407470703125
v -6.702833652496338 30.61830711364746 415.2933654785156
v -5.901758193969727 30.988157272338867 409.8041076660156
v -6.711381912231445 36.65238952636719 484.8263244628906
v -6.454028606414795 37.56889343261719 428.5905456542969
v -6.3567891120910645 39.16493225097656 429.28289794921875
v -7.124120712280273 40.370948791503906 431.41949462890625
v -6.331818103790283 40.60087966918945 433.4744567871094
v -6.071169376373291 43.327720642089844 418.76348876953125
v -5.2948899269104 44.1947135925293 441.2428283691406
v -6.033184051513672 43.6063346862793 423.5553283691406
v -6.204293251037598 45.23589324951172 433.36358642578125
v -5.785880088806152 20.836095809936523 499.0092468261719
v -6.2748332023620605 23.630931854248047 453.8605041503906
v -5.361358165740967 23.225439071655273 422.713134765625
v -5.6514739990234375 22.15536880493164 500.3876953125
v -6.245829105377197 23.25709342956543 494.55364990234375
v -7.021755695343018 24.846426010131836 554.0852661132812
v -6.539306640625 26.34257698059082 555.5631103515625
v -6.458549976348877 23.778644561767578 554.5004272460938
v -6.574476718902588 24.111957550048828 552.5732421875
v -6.957850456237793 25.95395278930664 553.306396484375
v -6.952060699462891 26.36429786682129 413.5482482910156
v -7.050705909729004 27.258840560913086 415.28619384765625
v -6.494614601135254 24.59158706665039 415.9119873046875
v -7.066560745239258 27.30197525024414 554.4769287109375
v -6.6289238929748535 27.51429557800293 466.08355712890625
v -6.394822597503662 26.697128295898438 481.77728271484375
v -6.101590633392334 27.31412696838379 483.8824462890625
v -6.089598655700684 26.245826721191406 486.7535705566406
v -7.151037693023682 29.1155948638916 414.1539001464844
v -6.256778717041016 26.650667190551758 456.7184753417969
v -7.057291507720947 28.088869094848633 479.0879821777344
v -6.629133701324463 27.926321029663086 553.412109375
v -6.921371936798096 28.859445571899414 554.4480590820312
v -6.153237342834473 29.623933792114258 553.0827026367188
v -6.332220554351807 26.007856369018555 411.9853515625
v -6.490695476531982 28.331390380859375 416.71820068359375
v -6.098447799682617 28.200103759765625 493.52227783203125
v -5.587165832519531 30.281137466430664 481.3431701660156
v -6.621030330657959 31.288164138793945 487.9744567871094
v -5.805698394775391 31.40387535095215 416.66552734375
v -6.244032382965088 34.166534423828125 481.9131164550781
v -6.126705169677734 34.61941909790039 409.1791687011719
v -6.354020595550537 40.882118225097656 430.7886047363281
v -5.395937442779541 40.092681884765625 438.8721618652344
v -4.659832954406738 41.56337356567383 413.964599609375
v -5.965544700622559 43.41592025756836 421.2423095703125
v -5.490113258361816 44.69565963745117 433.05523681640625
v -6.15854024887085 10.328596115112305 364.6583557128906
v -6.49265718460083 11.24325180053711 366.6831359863281
v -6.224350929260254 7.715175628662109 366.5367431640625
v -6.371798515319824 8.89361572265625 369.2406005859375
v -6.332082271575928 12.007083892822266 368.8518371582031
v -4.866961479187012 19.807226181030273 418.0419616699219
v -5.1795477867126465 20.92006492614746 421.793701171875
v -5.490384101867676 21.091123580932617 497.4190979003906
v -6.394801139831543 22.261314392089844 552.2537231445312
v -6.017079830169678 23.05100440979004 414.9871826171875
v -5.132547855377197 24.419343948364258 422.2969970703125
v -5.946035385131836 25.348421096801758 461.9258117675781
v -6.170230388641357 26.31884765625 417.6263732910156
v -5.177658557891846 27.074506759643555 418.8368835449219
v -5.8076019287109375 26.26459503173828 496.1842956542969
v -5.670991897583008 27.974924087524414 481.36376953125
v -6.292356491088867 29.221723556518555 555.4140014648438
v -6.385528087615967 30.464649200439453 553.8343505859375
v -5.867915153503418 31.546329498291016 554.5901489257812
v -5.275629043579102 32.25831985473633 489.2038879394531
v -4.8339924812316895 33.9477653503418 481.9088134765625
v -5.137667179107666 36.10377502441406 483.0720520019531
v -5.66831636428833 37.47560119628906 427.0406799316406
v -3.9059104919433594 39.724124908447266 439.23773193359375
v -5.710079193115234 40.93906021118164 440.3896484375
v -6.018686294555664 43.90203094482422 429.9684753417969
v -5.39910364151001 5.516972064971924 368.3927001953125
v -5.574437618255615 7.938002109527588 363.7331237792969
v -5.8066487312316895 12.222936630249023 370.9927978515625
v -5.826482772827148 9.414496421813965 371.30279541015625
v -5.8749470710754395 13.178028106689453 365.25830078125
v -5.813796520233154 14.109875679016113 367.33013916015625
v -5.1581830978393555 15.460492134094238 368.390380859375
v -4.878540515899658 20.312366485595703 416.111083984375
v -5.569449424743652 21.026025772094727 550.6983032226562
v -5.456209659576416 22.37179946899414 550.4720458984375
v -5.725712776184082 21.64048194885254 552.8377685546875
v -5.130062103271484 21.9639835357666 422.4714660644531
v -5.809650421142578 23.61695098876953 554.8319702148438
v -5.203395366668701 23.43071746826172 499.97650146484375
v -5.835738658905029 24.626028060913086 456.6207275390625
v -5.205699920654297 21.411060333251953 414.5001220703125
v -5.666450500488281 24.889955520629883 491.29852294921875
v -5.345195293426514 23.739913940429688 494.6145324707031
v -5.212669849395752 25.106740951538086 552.3167724609375
v -5.972815036773682 26.655424118041992 461.325927734375
v -5.352503299713135 24.34282112121582 498.0378723144531
v -5.147751331329346 26.73818016052246 552.7846069335938
v -4.948678016662598 28.457590103149414 483.0301818847656
v -4.997063636779785 25.853811264038086 410.4639892578125
v -5.519239902496338 29.771209716796875 555.690185546875
v -5.446176528930664 29.985525131225586 417.3108825683594
v -5.170897483825684 27.643510818481445 492.9302673339844
v -5.476639270782471 28.86441993713379 489.72650146484375
v -5.368747711181641 30.825008392333984 487.8345642089844
v -5.074839115142822 31.22110939025879 481.7895202636719
v -5.5811591148376465 33.21246337890625 553.226806640625
v -4.932797908782959 32.78268051147461 408.77935791015625
v -4.6634602546691895 35.07086181640625 423.7142333984375
v -4.946444988250732 35.14661407470703 408.87347412109375
v -5.288432598114014 37.235450744628906 426.6823425292969
v -5.049142360687256 37.729209899902344 486.8919982910156
v -5.532271862030029 40.191287994384766 428.0125732421875
v -5.371072292327881 40.446319580078125 434.2748718261719
v -5.189314365386963 40.053466796875 435.8876647949219
v -5.673809051513672 42.31402587890625 430.25921630859375
v -5.305334568023682 41.507686614990234 432.8182373046875
v -5.284063816070557 41.964115142822266 424.94793701171875
v -5.617602825164795 42.14192199707031 427.2208557128906
v -4.8168864250183105 45.066619873046875 434.2790832519531
v -5.55191707611084 45.54515075683594 434.8074951171875
v -3.4179885387420654 45.695194244384766 439.8193054199219
v -5.285695552825928 5.322598934173584 366.7183837890625
v -5.421685218811035 6.21463680267334 364.9176330566406
v -5.3693647384643555 6.6993865966796875 370.802001953125
v -5.316513538360596 9.91732120513916 362.6063537597656
v -5.355220317840576 13.145041465759277 363.64349365234375
v -4.8154072761535645 20.23101806640625 551.1105346679688
v -5.039671421051025 21.079084396362305 549.1049194335938
v -4.89243745803833 22.51841163635254 496.46270751953125
v -4.215324878692627 23.655498504638672 498.7743835449219
v -5.22899866104126 27.070798873901367 488.8243103027344
v -4.9960713386535645 24.6497745513916 497.0260009765625
v -5.069629669189453 23.717849731445312 554.8827514648438
v -4.751453399658203 27.242279052734375 555.7693481445312
v -3.6206305027008057 27.52970314025879 419.9834289550781
v -5.042290687561035 27.334732055664062 485.8882141113281
v -4.654612064361572 28.75692367553711 484.5133361816406
v -5.210444450378418 29.58685302734375 552.6856689453125
v -4.523046970367432 30.777257919311523 417.5760498046875
v -4.453550815582275 32.43437194824219 418.27099609375
v -4.342743873596191 34.178932189941406 421.7815246582031
v -2.982897996902466 35.847808837890625 492.971435546875
v -3.984055280685425 37.60426712036133 485.5484313964844
v -4.726468086242676 37.996337890625 410.10845947265625
v -5.041667938232422 39.22812271118164 426.1896057128906
v -4.6389007568359375 40.085853576660156 411.82763671875
v -4.953033447265625 40.4390869140625 425.5060729980469
v -4.786690711975098 43.17634582519531 432.7277526855469
v -5.080482006072998 42.38582992553711 424.4445495605469
v -4.447570323944092 42.238861083984375 422.0143127441406
v -4.482231616973877 45.3417854309082 440.35223388671875
v -2.9985389709472656 45.633426666259766 438.43035888671875
v -4.506305694580078 4.441597938537598 369.70623779296875
v -3.818269968032837 7.2501678466796875 374.5194091796875
v -3.6632301807403564 8.969127655029297 375.29443359375
v -4.471356391906738 11.57569408416748 373.8741455078125
v -4.613041877746582 11.644247055053711 361.6523132324219
v -4.343664169311523 15.16542911529541 371.7341613769531
v -4.661231994628906 15.926512718200684 365.5227355957031
v -4.3101372718811035 16.273378372192383 369.8381652832031
v -3.0002074241638184 19.347532272338867 418.6907958984375
v -4.5304646492004395 19.982057571411133 548.6004638671875
v -4.291668891906738 20.84914207458496 498.16400146484375
v -4.1994853019714355 20.324796676635742 551.721923828125
v -4.5378336906433105 21.00627899169922 500.4572448730469
v -4.714570999145508 21.92660140991211 549.1387329101562
v -4.8605217933654785 24.0251522064209 495.66644287109375
v -4.163997173309326 22.38026237487793 501.9609680175781
v -4.673938274383545 23.54210090637207 501.5476989746094
v -4.526362419128418 23.84139633178711 499.4964294433594
v -4.635400295257568 23.413223266601562 551.135986328125
v -4.689756870269775 26.024580001831055 492.2576904296875
v -4.946867942810059 26.920141220092773 491.37261962890625
v -4.442513465881348 28.451059341430664 486.97613525390625
v -4.37094259262085 29.7523250579834 555.5855102539062
v -4.7826948165893555 30.342729568481445 487.1962890625
v -3.727764844894409 31.687551498413086 489.1589050292969
v -4.070398807525635 35.17125701904297 551.4953002929688
v -3.223789930343628 32.513671875 417.6578063964844
v -4.47300910949707 34.91811752319336 554.16796875
v -4.410810947418213 35.90372085571289 552.5275268554688
v -4.517171382904053 38.787715911865234 425.8880615234375
v -4.1497273445129395 41.08317184448242 434.5683288574219
v -3.495769739151001 41.94097137451172 444.08099365234375
v -4.473077774047852 42.371498107910156 416.9839782714844
v -2.9890296459198 43.091487884521484 444.52032470703125
v -4.211416244506836 42.490509033203125 419.56610107421875
v -3.821782112121582 3.175968885421753 367.6002197265625
v -3.735138416290283 3.5833661556243896 364.8187255859375
v -3.8046281337738037 4.932448863983154 372.67303466796875
v -3.923785924911499 5.2223219871521 362.7261047363281
v -4.007081508636475 7.310027122497559 361.3377685546875
v -3.5136420726776123 9.104405403137207 360.2109375
v -4.186429977416992 14.417893409729004 362.396484375
v -3.3910951614379883 14.453302383422852 374.21759033203125
v -3.6449217796325684 19.297061920166016 417.0042419433594
v -4.196883678436279 20.511425018310547 413.5867919921875
v -2.2360410690307617 19.872343063354492 420.165283203125
v -3.8308768272399902 20.85624885559082 546.07275390625
v -3.162302017211914 21.68191146850586 498.43658447265625
v -3.6141176223754883 22.308305740356445 549.2319946289062
v -4.647529602050781 23.811092376708984 497.0045471191406
v -3.873779058456421 25.613418579101562 421.823486328125
v -4.322962760925293 24.301454544067383 554.5811767578125
v -4.301603317260742 25.8997802734375 554.670166015625
v -4.359964370727539 26.16407012939453 553.4781494140625
v -4.109157085418701 28.772050857543945 553.278076171875
v -3.3804996013641357 26.074947357177734 409.56549072265625
v -3.996870517730713 31.494691848754883 408.91705322265625
v -3.920588493347168 30.925872802734375 483.0884094238281
v -4.161945343017578 32.99148178100586 554.8342895507812
v -2.9869883060455322 33.06208801269531 418.3355712890625
v -4.327705383300781 33.73078536987305 491.1158447265625
v -2.215822458267212 37.26808166503906 493.42791748046875
v -2.4487903118133545 37.83905792236328 492.4017028808594
v -3.483182191848755 37.88091278076172 489.9213562011719
v -4.318453311920166 40.2404670715332 425.2492370605469
v -4.0258660316467285 42.64427947998047 433.376220703125
v -4.206254959106445 44.10740661621094 433.84619140625
v -3.035109758377075 11.765238761901855 375.93365478515625
v -3.370800495147705 11.885126113891602 360.1807556152344
v -3.334258556365967 17.072370529174805 364.3235778808594
v -3.3245456218719482 17.818296432495117 367.8747253417969
v -4.376852035522461 19.50403594970703 537.7651977539062
v -3.778160810470581 19.52427101135254 539.6689453125
v -4.170312881469727 19.023038864135742 537.2865600585938
v -4.220336437225342 20.407882690429688 537.49169921875
v -3.4575653076171875 19.60647964477539 549.004150390625
v -4.346708297729492 20.807968139648438 534.5692138671875
v -4.094680309295654 20.310068130493164 547.0687866210938
v -3.1269772052764893 21.02667808532715 499.7966613769531
v -4.169220447540283 21.8013973236084 535.112060546875
v -3.6226980686187744 22.639591217041016 550.4028930664062
v -3.4668385982513428 21.242191314697266 552.0421142578125
v -4.028247356414795 23.159574508666992 497.86798095703125
v -3.547549247741699 22.972341537475586 503.5677185058594
v -3.9776525497436523 23.533735275268555 552.3291625976562
v -3.8841261863708496 24.226198196411133 503.4896545410156
v -3.0928659439086914 23.545461654663086 422.4636535644531
v -3.409421920776367 25.0844783782959 501.3362731933594
v -3.7508838176727295 24.902862548828125 502.8031005859375
v -3.8106749057769775 22.977876663208008 552.7772827148438
v -3.8383870124816895 27.917522430419922 554.6863403320312
v -3.872664451599121 30.096071243286133 484.7011413574219
v -3.6805002689361572 31.580856323242188 552.291748046875
v -2.8600246906280518 31.216405868530273 487.7087707519531
v -2.831148862838745 31.629274368286133 417.5371398925781
v -3.4286530017852783 33.467132568359375 551.6216430664062
v -2.8228230476379395 34.45340347290039 482.99005126953125
v -2.238492488861084 33.48687744140625 492.2586364746094
v -3.3445794582366943 36.044559478759766 422.6372985839844
v -3.5650877952575684 35.745723724365234 483.23883056640625
v -3.1872074604034424 37.356651306152344 553.0618896484375
v -3.3644840717315674 35.69672393798828 409.0208435058594
v -2.564650774002075 38.0757942199707 488.149658203125
v -3.232651710510254 38.04036331176758 488.7964172363281
v -3.2604100704193115 38.605499267578125 410.7774658203125
v -2.4663302898406982 39.81404113769531 438.87615966796875
v -2.6761739253997803 39.78727340698242 443.1330261230469
v -3.25657320022583 40.738521575927734 443.767578125
v -3.049043893814087 40.5512809753418 421.7044677734375
v -2.159787654876709 44.896549224853516 437.4327697753906
v -2.5655994415283203 4.955201625823975 361.2446594238281
v -3.056939125061035 5.205126762390137 374.2371520996094
v -2.77170991897583 14.421740531921387 360.68511962890625
v -2.676659107208252 17.59978675842285 371.2148742675781
v -3.267976760864258 18.555818557739258 540.6660766601562
v -3.1374239921569824 18.943906784057617 536.0022583007812
v -3.489896297454834 20.274559020996094 533.9673461914062
v -3.533813238143921 19.73529624938965 547.2120971679688
v -3.3637099266052246 20.215700149536133 539.5104370117188
v -3.137585401535034 19.723379135131836 544.0879516601562
v -3.5439724922180176 21.059144973754883 537.2822265625
v -2.8587377071380615 21.67596435546875 501.5848388671875
v -2.4065792560577393 22.367511749267578 531.9929809570312
v -3.1160261631011963 22.41777801513672 535.4608154296875
v -3.1196489334106445 21.44412612915039 545.6970825195312
v -2.9151864051818848 21.51561737060547 411.6644287109375
v -3.062023401260376 23.02079200744629 532.9277954101562
v -2.175530433654785 22.988454818725586 499.5868835449219
v -3.755427837371826 28.948081970214844 553.8521118164062
v -2.2238051891326904 32.92384338378906 483.5924072265625
v -3.1898510456085205 33.34244918823242 408.70745849609375
v -3.190084457397461 33.094642639160156 554.5879516601562
v -3.0507943630218506 35.56911849975586 550.90283203125
v -2.9535298347473145 34.717716217041016 554.5594482421875
v -2.6354048252105713 37.14832305908203 553.719970703125
v -2.7447872161865234 37.286659240722656 485.3397521972656
v -2.5881664752960205 38.144161224365234 551.7047729492188
v -1.4522868394851685 36.20357894897461 419.4433288574219
v -2.7307636737823486 40.17143630981445 412.775634765625
v -2.6985878944396973 41.226646423339844 415.1438903808594
v -2.957132339477539 41.40468215942383 419.429931640625
v -3.2957911491394043 42.52899932861328 434.6903076171875
v -2.61647891998291 2.589021682739258 371.29339599609375
v -1.8356962203979492 7.093800067901611 359.358642578125
v -2.5081803798675537 16.405487060546875 362.0509948730469
v -1.65471351146698 17.037755966186523 374.06439208984375
v -2.888699531555176 18.22688865661621 538.9102783203125
v -0.7786183953285217 17.369558334350586 414.44635009765625
v -1.3428736925125122 17.37282371520996 416.67822265625
v -3.144904613494873 19.774768829345703 542.2064819335938
v -2.6993138790130615 19.734163284301758 547.4282836914062
v -3.061457633972168 20.560577392578125 543.7711181640625
v -2.848614454269409 20.16403579711914 549.9242553710938
v -1.3655868768692017 21.590679168701172 421.63385009765625
v -2.805634021759033 21.858596801757812 547.245361328125
v -3.053905963897705 22.18500328063965 551.3563842773438
v -2.944406509399414 23.147872924804688 534.484375
v -3.0168817043304443 23.32345199584961 533.5945434570312
v -1.9126616716384888 24.609840393066406 500.8097229003906
v -2.7747535705566406 23.74056625366211 504.1660461425781
v -2.752396583557129 24.918315887451172 503.6976623535156
v -1.494537591934204 22.643470764160156 410.6540832519531
v -2.5053818225860596 25.365415573120117 502.80877685546875
v -2.1608216762542725 26.559696197509766 409.26947021484375
v -2.045708656311035 25.844514846801758 421.70574951171875
v -2.7361342906951904 30.155637741088867 418.732421875
v -2.8927133083343506 32.304344177246094 554.0993041992188
v -2.6001124382019043 32.582393646240234 552.8952026367188
v -1.1661949157714844 34.257164001464844 493.6121520996094
v -2.2761354446411133 34.69600296020508 419.7333679199219
v -2.2557969093322754 37.69117736816406 550.7914428710938
v -0.7274166941642761 37.06092071533203 418.158935546875
v -2.2296135425567627 1.8895223140716553 366.3946228027344
v -1.681325912475586 1.290266513824463 369.33538818359375
v -1.6474571228027344 3.3222787380218506 361.9876708984375
v -1.8009549379348755 3.079108953475952 373.7408752441406
v -1.580367922782898 11.23958969116211 358.6974182128906
v -1.8390264511108398 14.777472496032715 375.8473205566406
v -1.7540278434753418 18.89297103881836 365.93341064453125
v -2.2994184494018555 19.028085708618164 537.1287841796875
v -2.199367046356201 18.338228225708008 538.7899780273438
v -2.45788836479187 18.791780471801758 542.6278686523438
v -2.43320894241333 19.1748046875 544.461669921875
v -1.9060900211334229 20.600446701049805 533.6048583984375
v -2.4931232929229736 20.42559814453125 539.789794921875
v -2.5266335010528564 20.92828369140625 550.0555419921875
v -2.130950927734375 20.434419631958008 537.53564453125
v -2.6141839027404785 21.601436614990234 549.611328125
v -2.3757951259613037 22.690168380737305 503.55841064453125
v -2.007948160171509 32.078834533691406 484.555419921875
v -2.3561367988586426 31.312698364257812 485.4912109375
v -2.2611634731292725 33.77360916137695 551.9080200195312
v -1.6230010986328125 34.92597579956055 493.9244384765625
v -1.8437446355819702 36.110408782958984 409.76800537109375
v -1.8548054695129395 36.53816223144531 485.1019592285156
v -1.5978827476501465 39.16639709472656 443.2049255371094
v -0.9200313091278076 40.87289810180664 438.4775390625
v -1.6691584587097168 44.379886627197266 444.6244812011719
v -1.7143316268920898 2.091686964035034 364.1937561035156
v -1.5072555541992188 6.329190731048584 376.7318420410156
v -1.4901365041732788 15.798226356506348 360.5404052734375
v -1.3944339752197266 18.089984893798828 363.13800048828125
v -1.3829619884490967 19.16728401184082 369.35858154296875
v -1.9282104969024658 18.51278305053711 541.4868774414062
v -1.074912190437317 17.860309600830078 418.98626708984375
v -0.565022885799408 18.319965362548828 412.8201599121094
v -2.0940144062042236 20.140708923339844 534.8018798828125
v -1.9805747270584106 20.036508560180664 546.9005126953125
v -1.5509098768234253 21.15146255493164 532.6385498046875
v -1.9572947025299072 20.895063400268555 542.752685546875
v -1.8114107847213745 21.061582565307617 546.5111083984375
v -1.8436143398284912 22.301902770996094 500.63671875
v -2.2483527660369873 21.793228149414062 535.7546997070312
v -1.7151931524276733 23.97989273071289 503.82073974609375
v -0.6081315279006958 26.982624053955078 409.3751220703125
v -1.3071993589401245 34.581451416015625 553.163330078125
v -1.9826610088348389 34.60898208618164 554.072509765625
v -2.013033390045166 34.97813034057617 551.01025390625
v -2.0534324645996094 33.803131103515625 409.01361083984375
v -1.8171108961105347 36.274593353271484 494.3934631347656
v -1.2983925342559814 36.64094543457031 550.2462768554688
v -0.8881661891937256 37.624839782714844 553.8864135742188
v -1.215842366218567 37.644527435302734 487.839599609375
v -1.765189290046692 38.48139953613281 411.72515869140625
v -0.7037844061851501 38.6260986328125 494.6036376953125
v -1.5920231342315674 38.669986724853516 552.787109375
v 0.10895755141973495 39.27980041503906 493.4308776855469
v -0.8092768788337708 39.223724365234375 441.715576171875
v -1.3191031217575073 40.03705596923828 415.90362548828125
v -0.5465160012245178 42.388946533203125 438.1094055175781
v -1.307648777961731 43.67932891845703 437.3763122558594
v -0.8922531604766846 43.117530822753906 447.1889953613281
v 0.2615237236022949 44.650142669677734 445.23968505859375
v -0.939189076423645 3.747309684753418 375.4869689941406
v -1.6845073699951172 8.959783554077148 377.2587585449219
v -0.8090858459472656 9.519464492797852 358.248046875
v -1.328803300857544 11.951462745666504 377.49237060546875
v -0.7441413998603821 13.655714988708496 358.8033447265625
v -1.6958708763122559 19.156179428100586 538.3319702148438
v -1.512779951095581 18.98326873779297 543.0771484375
v -2.0027616024017334 19.865009307861328 537.18408203125
v -1.7575764656066895 20.787010192871094 535.3633422851562
v -1.6707366704940796 19.979402542114258 540.0048828125
v -0.7727820873260498 22.056955337524414 531.609130859375
v -0.7639091610908508 22.658044815063477 534.5958251953125
v -1.4946017265319824 20.945507049560547 544.0071411132812
v -1.4564141035079956 23.071561813354492 503.10992431640625
v -1.0184216499328613 23.836423873901367 422.03521728515625
v -1.2308405637741089 23.775569915771484 531.496826171875
v -1.121264934539795 23.629680633544922 534.453369140625
v -1.3183412551879883 24.51177978515625 532.5503540039062
v -1.3317861557006836 24.573932647705078 502.878173828125
v 0.15781345963478088 23.198505401611328 410.3953857421875
v -1.3039084672927856 30.511611938476562 418.52960205078125
v -0.46518009901046753 31.47406005859375 417.22943115234375
v -0.9292237162590027 32.29203796386719 416.7960205078125
v -0.2095155268907547 33.74034118652344 493.3106384277344
v -1.0505214929580688 33.76803970336914 416.81097412109375
v -1.0731370449066162 36.44905090332031 553.9152221679688
v -1.12925386428833 35.159423828125 484.9781494140625
v -0.9035392999649048 38.93755340576172 413.6678161621094
v -0.998031497001648 39.26203536987305 417.2284851074219
v -1.1630029678344727 39.745540618896484 447.37677001953125
v -1.240929365158081 40.814720153808594 447.8039855957031
v -0.4786427617073059 41.90345764160156 448.7341003417969
v 0.2563316226005554 44.296512603759766 440.24127197265625
v -0.12465956807136536 45.034385681152344 441.5666198730469
v 0.22451350092887878 0.050583936274051666 367.75030517578125
v -0.026601336896419525 0.812897801399231 364.9991455078125
v -0.3229701519012451 0.7260162234306335 371.359619140625
v -0.3594079613685608 2.1521475315093994 362.4700622558594
v -0.522868812084198 4.720650672912598 359.8511657714844
v -0.9904947280883789 6.59243631362915 377.90631103515625
v -0.18298429250717163 17.35638427734375 361.0792236328125
v -0.0045755477622151375 19.319171905517578 372.2476806640625
v -1.3491110801696777 19.027677536010742 541.1730346679688
v -1.1541692018508911 19.943973541259766 544.286865234375
v 0.15799205005168915 19.488765716552734 411.50823974609375
v -0.17819136381149292 19.333877563476562 421.2713928222656
v -1.1130002737045288 20.215192794799805 542.2988891601562
v -1.2992229461669922 23.574687957763672 501.4340515136719
v 0.02518370747566223 24.79888153076172 533.5081176757812
v -0.7805805206298828 26.54920196533203 421.5621032714844
v 0.10797154903411865 33.06549072265625 490.86688232421875
v -0.522144079208374 35.19197463989258 551.8064575195312
v -0.8293552398681641 34.20722198486328 409.7951354980469
v 0.6959774494171143 39.12282180786133 491.8365173339844
v -0.017426569014787674 38.520503997802734 553.534423828125
v -0.41632595658302307 37.84496307373047 417.0274658203125
v -0.013075399212539196 38.947776794433594 551.0181274414062
v -0.5120593905448914 38.64680480957031 446.5452575683594
v -0.9234499931335449 -21.597171783447266 53.12319564819336
v -0.7546800374984741 -23.922008514404297 50.652671813964844
v -0.8969298005104065 -22.14107322692871 50.08566665649414
v -0.8887984752655029 -20.733049392700195 50.484737396240234
v -0.5649229884147644 3.594435691833496 376.5309753417969
v -0.39639702439308167 9.6476411819458 379.37646484375
v -0.30087679624557495 11.32703685760498 379.3464050292969
v -0.40460431575775146 15.195305824279785 376.7824401855469
v 0.11883261054754257 19.233972549438477 363.7892761230469
v -0.16759493947029114 21.992706298828125 534.0059814453125
v 0.3303629457950592 27.397947311401367 421.04681396484375
v 0.3121953308582306 29.88108253479004 410.05908203125
v -0.768372118473053 33.78468322753906 485.62158203125
v 2.0908594131469727 36.87092208862305 550.7491455078125
v -0.20792293548583984 35.120643615722656 410.8331604003906
v -0.22123239934444427 35.636878967285156 496.7491760253906
v 0.03252650797367096 36.21092224121094 487.5417785644531
v -0.052866458892822266 38.06426239013672 550.3738403320312
v 1.324589490890503 38.2513542175293 444.9913330078125
v 0.23102730512619019 39.32902145385742 551.8775634765625
v -0.5341638922691345 -24.54684829711914 55.27608108520508
v 0.06421009451150894 -26.831071853637695 55.15035629272461
v -0.31147417426109314 -22.245174407958984 56.989044189453125
v -0.16941043734550476 -20.74636459350586 44.09977722167969
v -0.08460764586925507 -19.02882957458496 54.864776611328125
v -0.5818421244621277 -18.869430541992188 51.24087142944336
v -0.3446105718612671 -18.24484634399414 45.41652297973633
v -0.24936126172542572 -18.05278778076172 48.937259674072266
v 0.31928786635398865 0.9674742221832275 372.9797058105469
v 0.5338270664215088 6.463494300842285 358.39105224609375
v 0.6958559155464172 8.822481155395508 357.689208984375
v 0.09141620248556137 14.749903678894043 377.9951477050781
v 0.5951883792877197 16.911441802978516 419.1606140136719
v 0.3327981233596802 20.156713485717773 367.21575927734375
v 1.3754478693008423 20.57408332824707 370.014892578125
v 1.6449174880981445 20.509212493896484 422.3262023925781
v 0.15167497098445892 21.650426864624023 532.9476318359375
v 1.3512197732925415 25.39289093017578 531.7738647460938
v 0.39006832242012024 33.57302474975586 488.9557189941406
v -0.20860745012760162 34.54142761230469 415.8016357421875
v 0.525668740272522 34.67554473876953 496.5413818359375
v 0.4267566204071045 35.94789123535156 552.8914794921875
v 0.38960739970207214 36.56150817871094 553.5330200195312
v 2.018754482269287 38.213706970214844 500.04095458984375
v -0.2516116499900818 37.935203552246094 415.06683349609375
v 2.535656452178955 38.911678314208984 444.3591613769531
v 1.2305095195770264 43.160240173339844 449.114013671875
v 0.24669548869132996 -25.73307228088379 58.79608154296875
v 0.11901973932981491 -26.027158737182617 49.97782516479492
v 0.5329515933990479 -22.89154815673828 43.49351119995117
v 0.11730492860078812 -18.918210983276367 42.79877471923828
v 0.39172831177711487 -16.416343688964844 43.64729690551758
v 0.5816227197647095 -16.518177032470703 52.18485641479492
v 0.358979731798172 -15.914700508117676 46.07686996459961
v 0.40792474150657654 1.1052861213684082 374.50982666015625
v 1.2504587173461914 3.0594725608825684 360.409423828125
v 0.14840364456176758 6.966272830963135 379.5023498535156
v 1.1132807731628418 11.195530891418457 357.5148620605469
v 0.37100666761398315 15.019211769104004 378.8169860839844
v 0.532529354095459 15.296438217163086 359.03900146484375
v 1.2612391710281372 17.875879287719727 375.8435363769531
v 0.7611818909645081 16.14982795715332 416.4731750488281
v 1.2561718225479126 18.579341888427734 361.85107421875
v 1.1115727424621582 23.212745666503906 530.7411499023438
v 1.9228748083114624 22.920602798461914 422.50225830078125
v 1.4371767044067383 25.32518768310547 532.9280395507812
v 1.2692731618881226 28.02490234375 420.2340393066406
v 0.3587985336780548 31.735538482666016 416.188232421875
v 0.49204394221305847 32.6075553894043 415.2396240234375
v 0.5135899782180786 34.81846237182617 488.0227966308594
v 0.2350122630596161 35.41883850097656 414.4425048828125
v 0.4779057502746582 34.783382415771484 412.4729919433594
v 2.1684584617614746 37.8866081237793 490.90924072265625
v 0.3771399259567261 38.209869384765625 445.98565673828125
v 1.3540533781051636 39.21449661254883 496.5515441894531
v 0.9412890672683716 39.260623931884766 552.7080688476562
v 0.8115038275718689 -26.174938201904297 47.8759765625
v 0.983561635017395 -25.24193572998047 61.74348068237305
v 0.6594661474227905 -21.93268585205078 59.948463439941406
v 0.777523398399353 -21.229883193969727 41.570274353027344
v 0.9808200001716614 -18.67603302001953 40.46186447143555
v 0.7970730662345886 -16.515369415283203 41.79285430908203
v 0.8982358574867249 -15.859460830688477 50.0367546081543
v 2.7052502632141113 0.4888075292110443 363.1871643066406
v 2.760328531265259 1.908913493156433 378.47393798828125
v 1.7528220415115356 4.525855541229248 359.0617370605469
v 0.812139630317688 9.239843368530273 380.64794921875
v 0.8966626524925232 12.674455642700195 380.4356994628906
v 1.1168029308319092 17.309368133544922 376.6789245605469
v 1.629857063293457 22.314849853515625 531.5118408203125
v 1.4396812915802002 24.51090431213379 530.8171997070312
v 1.2010709047317505 27.90769386291504 410.2582702636719
v 2.7980690002441406 28.00943946838379 419.3104248046875
v 1.5644294023513794 34.042137145996094 496.0205993652344
v 1.3470354080200195 36.0379638671875 551.8907470703125
v 1.8589074611663818 36.82200241088867 501.04345703125
v 1.500789999961853 38.58772659301758 491.1224365234375
v 2.5134267807006836 37.773033142089844 451.35137939453125
v 1.5620505809783936 39.18775177001953 451.8669128417969
v 1.6617680788040161 40.34614944458008 441.6825866699219
v 1.6567524671554565 40.40993118286133 452.23382568359375
v 0.837070882320404 42.88557815551758 439.83428955078125
v 1.1957567930221558 44.6198616027832 444.2347412109375
v 1.1976264715194702 -28.788585662841797 55.706329345703125
v 1.454775094985962 -28.958473205566406 53.52786636352539
v 1.7165639400482178 -28.81317901611328 60.706932067871094
v 1.6681548357009888 -20.095481872558594 60.60456466674805
v 1.5908770561218262 -16.792251586914062 55.868072509765625
v 1.1506413221359253 -14.637472152709961 38.79792785644531
v 1.5662468671798706 -14.045705795288086 47.09635543823242
v 1.3434183597564697 -0.2270347774028778 370.77178955078125
v 2.110764980316162 -0.3393062353134155 365.5863037109375
v 1.6519715785980225 -0.5315018892288208 372.4307556152344
v 3.4339394569396973 0.413813978433609 377.15899658203125
v 2.089705228805542 3.3656578063964844 379.27252197265625
v 1.1942130327224731 5.206777572631836 379.6596374511719
v 1.8455501794815063 12.177051544189453 381.69586181640625
v 2.113420009613037 12.848784446716309 357.5767822265625
v 1.852607250213623 14.559535026550293 380.8048095703125
v 2.0290093421936035 17.258275985717773 360.024658203125
v 1.653814673423767 18.340023040771484 421.28045654296875
v 2.0791003704071045 18.86102294921875 375.1929626464844
v 2.372610330581665 20.272462844848633 364.58245849609375
v 2.056407928466797 25.138242721557617 410.81341552734375
v 3.5848002433776855 23.910676956176758 422.18499755859375
v 1.147823691368103 31.393930435180664 411.95526123046875
v 1.1590008735656738 31.631269454956055 414.9227600097656
v 1.1754789352416992 31.929258346557617 413.5044250488281
v 1.1185684204101562 33.63821029663086 492.5886535644531
v 2.071871042251587 34.8258171081543 500.29010009765625
v 1.7956914901733398 35.82337188720703 500.8474426269531
v 2.662865400314331 38.30666732788086 550.4529418945312
v 1.6245990991592407 -27.9751033782959 49.491825103759766
v 1.549715280532837 -27.42894744873047 62.12032699584961
v 1.9725511074066162 -24.762386322021484 42.59719467163086
v 1.5917059183120728 -23.265380859375 63.10009765625
v 1.458635687828064 -20.000638961791992 39.766456604003906
v 1.2410179376602173 -16.59958267211914 37.93177795410156
v 2.374022960662842 -14.283451080322266 50.488136291503906
v 1.4427505731582642 -13.28449821472168 40.92491912841797
v 1.4546403884887695 -14.317599296569824 43.254886627197266
v 2.5085806846618652 -0.8881584405899048 368.64697265625
v 2.623594284057617 5.797565460205078 358.17218017578125
v 2.2527692317962646 15.807879447937012 380.4891662597656
v 2.5493297576904297 17.3046932220459 379.65667724609375
v 4.391512393951416 15.005245208740234 414.5633239746094
v 3.780550241470337 15.296303749084473 418.2236328125
v 1.6564055681228638 18.413856506347656 377.1044006347656
v 3.146472454071045 24.556957244873047 533.5499877929688
v 2.737659215927124 34.22404479980469 499.87957763671875
v 3.797027349472046 37.36823272705078 449.8664855957031
v 2.6394753456115723 39.38067626953125 496.6725769042969
v 3.2278995513916016 41.1312255859375 443.2388916015625
v 2.0189785957336426 41.92376708984375 451.8369140625
v 2.485203504562378 43.75834655761719 443.6175231933594
v 2.7429327964782715 -30.491783142089844 55.08932113647461
v 2.457726240158081 -30.161203384399414 59.94673538208008
v 2.772043228149414 -26.587669372558594 65.77387237548828
v 2.817108392715454 -27.085723876953125 45.05322265625
v 2.159334659576416 -23.122379302978516 40.5650749206543
v 2.704148530960083 -20.43272590637207 63.01625061035156
v 2.409583806991577 -18.15705680847168 35.84178924560547
v 1.797482967376709 -15.32722282409668 36.676971435546875
v 2.7893266677856445 -14.360372543334961 52.977867126464844
v 2.0161631107330322 -12.41347885131836 38.92803192138672
v 2.572754144668579 -12.746337890625 44.45548629760742
v 2.635348081588745 7.223031520843506 382.27618408203125
v 3.35813045501709 7.600051403045654 357.4511413574219
v 2.2502334117889404 9.10202407836914 382.3245849609375
v 2.0884623527526855 11.162121772766113 382.1435546875
v 1.6568909883499146 11.663314819335938 382.97943115234375
v 1.6973435878753662 13.022950172424316 382.11932373046875
v 1.6832181215286255 15.40164566040039 381.9100036621094
v 2.9726662635803223 15.88149356842041 358.7699890136719
v 4.5610737800598145 15.585779190063477 413.0729064941406
v 4.6743998527526855 16.25444793701172 420.21441650390625
v 3.11769962310791 20.077157974243164 373.6485290527344
v 3.19004225730896 19.640235900878906 410.7537536621094
v 5.537405967712402 16.711156845092773 411.44512939453125
v 2.003282308578491 19.21370506286621 521.62060546875
v 1.9362714290618896 18.477670669555664 520.348388671875
v 1.3677293062210083 20.818967819213867 519.5220336914062
v 1.8324451446533203 21.183212280273438 517.3140869140625
v 3.052891254425049 21.143211364746094 368.0959167480469
v 1.7893368005752563 21.03299903869629 520.8850708007812
v 1.3296509981155396 23.296815872192383 517.7594604492188
v 1.661013126373291 24.732107162475586 518.0357666015625
v 1.6854861974716187 23.429956436157227 516.4066162109375
v 2.501014471054077 22.298070907592773 532.4458618164062
v 2.846268892288208 23.124879837036133 533.579833984375
v 3.876009702682495 21.86079978942871 410.5021057128906
v 2.0708882808685303 27.10316276550293 514.8258666992188
v 2.097888946533203 27.574954986572266 515.4689331054688
v 5.077787399291992 24.672199249267578 421.4647521972656
v 2.196791648864746 29.330076217651367 411.8599853515625
v 2.5282158851623535 30.128421783447266 414.2572021484375
v 3.344325065612793 34.672996520996094 494.3985900878906
v 2.8629212379455566 34.16912841796875 495.4274597167969
v 3.795825242996216 37.62287521362305 553.4729614257812
v 2.9686527252197266 38.75864028930664 499.96844482421875
v 3.7110049724578857 38.66567611694336 553.3795776367188
v 2.726144313812256 40.939414978027344 452.947265625
v 2.9121131896972656 42.599910736083984 442.9839782714844
v 3.4675424098968506 43.12388229370117 450.2555236816406
v 3.3887646198272705 -30.479825973510742 52.354671478271484
v 2.3112235069274902 -21.393381118774414 39.05156707763672
v 2.4947855472564697 -16.00492286682129 35.49720001220703
v 2.114176034927368 -14.478548049926758 35.877838134765625
v 2.1916821002960205 -12.340632438659668 36.6938362121582
v 2.047572374343872 -13.58129596710205 31.232261657714844
v 1.8825818300247192 -11.789301872253418 31.8352108001709
v 2.7578330039978027 -10.458629608154297 36.89796829223633
v 2.5372347831726074 -11.29100227355957 41.53519821166992
v 2.1749374866485596 -12.34521770477295 29.76374626159668
v 2.2358081340789795 -10.022745132446289 31.82948875427246
v 2.336205005645752 -9.595544815063477 26.997119903564453
v 2.38197922706604 -10.393607139587402 24.4713191986084
v 2.2595672607421875 -7.999396324157715 24.34653091430664
v 1.957998514175415 -7.0591888427734375 20.410572052001953
v 2.5035626888275146 -8.598234176635742 19.996112823486328
v 2.1273179054260254 -5.393040180206299 17.0374813079834
v 1.814829707145691 -4.355644226074219 18.918872833251953
v 1.9845528602600098 -3.651313066482544 19.928537368774414
v 2.5578203201293945 -5.12816047668457 23.506616592407227
v 2.2026004791259766 -3.9176034927368164 17.275100708007812
v 2.9625988006591797 -1.4237253665924072 370.2405700683594
v 3.0406436920166016 2.9293088912963867 380.1662292480469
v 3.118220090866089 4.95589017868042 381.6767272949219
v 3.3580517768859863 9.993559837341309 357.0887756347656
v 2.4759104251861572 6.779774188995361 383.01495361328125
v 1.8700891733169556 9.619431495666504 383.1364440917969
v 2.0150437355041504 15.23878288269043 381.38470458984375
v 1.8580838441848755 16.632591247558594 381.25634765625
v 2.9913737773895264 18.652307510375977 378.70318603515625
v 2.7826902866363525 20.360231399536133 374.9381408691406
v 4.070847034454346 21.585613250732422 422.5489807128906
v 2.587634325027466 21.59306526184082 521.3848266601562
v 2.7022693157196045 23.239540100097656 520.0720825195312
v 2.6012449264526367 26.068605422973633 518.3425903320312
v 2.8291804790496826 28.213891983032227 512.9639282226562
v 2.6370277404785156 28.22998809814453 516.1847534179688
v 3.2447450160980225 26.519392013549805 411.98321533203125
v 3.4576473236083984 28.483963012695312 417.41845703125
v 3.772251844406128 33.90110397338867 499.4836730957031
v 2.873037338256836 35.0545768737793 492.1070251464844
v 2.796048164367676 36.398712158203125 491.0433349609375
v 3.1484735012054443 36.34584045410156 551.6445922851562
v 3.9220054149627686 36.69953918457031 552.9252319335938
v 4.012254238128662 36.26864242553711 505.2835998535156
v 3.345579147338867 39.05576705932617 495.1099853515625
v 2.864136219024658 42.828826904296875 451.09796142578125
v 3.5255320072174072 43.35246658325195 447.5743103027344
v 3.548794746398926 -31.337669372558594 59.44305419921875
v 3.198091745376587 -29.22001838684082 49.14106750488281
v 4.596027851104736 -21.97675132751465 67.43822479248047
v 3.460839033126831 -20.529354095458984 36.01520919799805
v 3.5763437747955322 -15.269316673278809 56.49788284301758
v 3.5010440349578857 -16.86126708984375 58.891597747802734
v 2.7962663173675537 -15.22691822052002 30.71782875061035
v 2.8157641887664795 -14.13097858428955 28.87917709350586
v 2.414893627166748 -11.026798248291016 26.246070861816406
v 3.149277925491333 -10.57744312286377 40.67561340332031
v 2.8841848373413086 -10.31355094909668 22.483142852783203
v 2.858034133911133 -8.379008293151855 28.807952880859375
v 3.2702105045318604 -7.941961765289307 29.854045867919922
v 2.642446517944336 -6.702066421508789 25.570104598999023
v 2.789578914642334 -7.155693054199219 16.936742782592773
v 3.1895337104797363 -5.237042427062988 15.442522048950195
v 2.946857213973999 -1.7799415588378906 15.078384399414062
v 2.831049919128418 -2.497567653656006 21.24445343017578
v 2.424759864807129 -2.0965566635131836 16.62137794494629
v 2.5709877014160156 -1.47955322265625 18.28905487060547
v 3.3045878410339355 0.2905915677547455 16.541532516479492
v 3.9917304515838623 13.509889602661133 357.60675048828125
v 4.495014190673828 15.169584274291992 385.84674072265625
v 2.23660945892334 18.010347366333008 380.6322021484375
v 3.175084114074707 17.373661041259766 519.800048828125
v 3.217273235321045 16.302221298217773 521.6464233398438
v 2.6660683155059814 19.313817977905273 379.72918701171875
v 4.002082347869873 20.771821975708008 376.6004333496094
v 3.9024267196655273 18.434648513793945 421.7450866699219
v 4.611244201660156 19.66839599609375 362.5936584472656
v 3.322091579437256 17.19744110107422 523.9212036132812
v 2.8837497234344482 20.92576789855957 516.7200927734375
v 4.480286598205566 21.0152530670166 365.7436218261719
v 3.2599923610687256 23.94976043701172 514.9309692382812
v 5.251302719116211 24.033483505249023 530.4913330078125
v 5.021548271179199 25.610305786132812 531.4588623046875
v 3.5729751586914062 25.48980712890625 532.64453125
v 2.870270013809204 29.824623107910156 514.265625
v 3.156996965408325 30.934024810791016 512.0875854492188
v 3.1635677814483643 30.460006713867188 511.3707580566406
v 3.4260013103485107 35.13939666748047 504.988037109375
v 4.04619836807251 38.25354766845703 447.5626220703125
v 4.27276086807251 -29.781373977661133 66.78209686279297
v 4.25431489944458 -26.405900955200195 41.91653060913086
v 3.9341189861297607 -24.63764762878418 39.94402313232422
v 3.5460212230682373 -23.849742889404297 67.05351257324219
v 3.782166004180908 -26.005983352661133 67.77088928222656
v 3.731015205383301 -23.030139923095703 38.6024169921875
v 3.502000570297241 -18.311975479125977 61.3562126159668
v 3.5538766384124756 -17.813941955566406 34.47623825073242
v 3.966487169265747 -12.347502708435059 48.560176849365234
v 3.9529967308044434 -13.259686470031738 50.97073745727539
v 4.225154876708984 -11.515286445617676 45.51615524291992
v 3.325810194015503 -12.71618938446045 25.109689712524414
v 3.3468267917633057 -12.078174591064453 23.52019500732422
v 3.5790886878967285 -9.267857551574707 38.77079772949219
v 3.452082633972168 -9.705962181091309 19.07605743408203
v 3.23665189743042 -8.341374397277832 32.91820526123047
v 3.66530442237854 -9.01991081237793 37.17658996582031
v 3.4656524658203125 -6.155828475952148 15.184059143066406
v 3.677797555923462 -3.5162549018859863 14.204989433288574
v 3.6455416679382324 -3.878032684326172 24.38424301147461
v 3.8109681606292725 0.23605330288410187 19.27984619140625
v 5.505786418914795 -1.886313557624817 373.574951171875
v 4.609513759613037 -1.0451363325119019 375.323486328125
v 4.338627338409424 -0.7624639272689819 365.4811096191406
v 4.7949538230896 1.1854363679885864 361.60528564453125
v 3.342578649520874 4.454930782318115 382.5091552734375
v 4.596529006958008 11.255694389343262 386.5771484375
v 4.96322774887085 14.61169719696045 415.84588623046875
v 4.976810455322266 18.455652236938477 384.4896240234375
v 4.014184951782227 15.285730361938477 524.3877563476562
v 6.088467597961426 21.154098510742188 382.8448486328125
v 3.3166489601135254 20.709867477416992 378.5844421386719
v 3.960808038711548 20.738174438476562 372.48309326171875
v 3.5831196308135986 21.252220153808594 373.7757873535156
v 5.0769758224487305 23.0963191986084 530.98779296875
v 3.78788423538208 27.80770492553711 512.1337280273438
v 3.8253934383392334 27.47861671447754 413.41357421875
v 3.867511749267578 28.263286590576172 415.1070556640625
v 3.7163422107696533 33.83734893798828 503.721435546875
v 4.110874652862549 38.58683395385742 453.8662109375
v 4.431321620941162 37.62945556640625 452.9994812011719
v 3.640961170196533 39.581398010253906 445.0325927734375
v 5.017658710479736 -31.840171813964844 54.367679595947266
v 4.33709192276001 -28.467191696166992 67.9643783569336
v 4.879993438720703 -20.2578182220459 34.2929573059082
v 3.6314706802368164 -16.258705139160156 30.316347122192383
v 3.663069248199463 -14.772491455078125 27.500473022460938
v 3.884242296218872 -10.150675773620605 42.68989181518555
v 4.415034770965576 -7.805284023284912 15.32725715637207
v 4.262916088104248 -5.681256294250488 27.93798065185547
v 4.0164055824279785 -1.4188750982284546 13.585083961486816
v 4.137246608734131 -1.5733280181884766 22.15003776550293
v 4.148342132568359 -1.751058578491211 368.4434509277344
v 5.047830104827881 -1.677488923072815 366.9700622558594
v 4.128416061401367 0.21216796338558197 14.005067825317383
v 4.078254699707031 0.34852170944213867 378.2987976074219
v 5.261804580688477 2.616727590560913 360.0468444824219
v 5.542178153991699 9.289576530456543 357.23516845703125
v 4.76764440536499 12.848508834838867 386.7994384765625
v 4.382686614990234 15.38798999786377 521.7752075195312
v 3.521704912185669 19.6983585357666 377.8365783691406
v 4.050262928009033 19.053302764892578 518.2354736328125
v 3.970309257507324 20.917133331298828 516.6651000976562
v 4.0370564460754395 18.29865264892578 524.2232055664062
v 3.4629058837890625 23.228872299194336 520.30078125
v 5.368405342102051 21.7910213470459 380.3447265625
v 6.561061859130859 19.621746063232422 422.0962219238281
v 4.569857597351074 23.951702117919922 411.08990478515625
v 3.8115243911743164 26.295907974243164 518.485107421875
v 5.327555179595947 25.63633918762207 412.4774169921875
v 5.813310623168945 25.827289581298828 420.13018798828125
v 4.468720436096191 30.250221252441406 515.3907470703125
v 3.9698402881622314 31.206506729125977 509.2379455566406
v 3.6974124908447266 30.405418395996094 514.8319091796875
v 4.102756977081299 32.93069839477539 511.02886962890625
v 3.7954471111297607 32.394657135009766 509.2899169921875
v 3.88069486618042 33.33253860473633 506.9534912109375
v 5.03971529006958 36.777130126953125 495.68853759765625
v 4.973485946655273 36.14215087890625 551.8946533203125
v 5.494814395904541 37.46609878540039 550.3837890625
v 5.172700881958008 38.6496696472168 550.4172973632812
v 4.280215263366699 37.876220703125 494.63897705078125
v 4.542850971221924 37.548152923583984 504.01641845703125
v 4.528838634490967 38.75215148925781 500.26788330078125
v 5.155160427093506 39.449180603027344 551.1944580078125
v 5.570666313171387 41.62628936767578 453.94268798828125
v 5.055704116821289 -32.39815139770508 58.144927978515625
v 5.1798200607299805 -31.29423713684082 66.3808364868164
v 4.691814422607422 -28.23370361328125 44.91391372680664
v 4.626084804534912 -29.960512161254883 48.94805145263672
v 4.997888088226318 -19.761751174926758 65.57837677001953
v 4.996465682983398 -19.061418533325195 33.696502685546875
v 5.0954179763793945 -17.404600143432617 61.81058883666992
v 4.683526992797852 -13.180583953857422 23.01795768737793
v 4.714749813079834 -13.381619453430176 53.38483810424805
v 5.111006259918213 -12.020111083984375 20.921873092651367
v 4.826236724853516 -7.629527568817139 36.52387619018555
v 4.6804423332214355 -6.529832363128662 30.393985748291016
v 4.521561622619629 1.5224334001541138 15.211064338684082
v 4.467020034790039 1.4798591136932373 17.439409255981445
v 4.493969440460205 2.6142518520355225 381.0577697753906
v 5.74832820892334 4.3405938148498535 358.83709716796875
v 4.046795845031738 3.324084520339966 382.34027099609375
v 5.626819133758545 9.757469177246094 387.556884765625
v 4.4561004638671875 14.78293514251709 523.5587158203125
v 4.616726875305176 16.685890197753906 525.9004516601562
v 5.873556613922119 18.373716354370117 360.88568115234375
v 6.007138729095459 17.9777889251709 410.51025390625
v 5.150942325592041 15.889845848083496 520.8441162109375
v 4.093587875366211 21.8254337310791 377.38482666015625
v 5.406627655029297 22.7333927154541 532.1727905273438
v 5.761106967926025 23.1718692779541 532.9788208007812
v 4.934735298156738 24.43643569946289 533.55322265625
v 4.697466850280762 30.419418334960938 509.0071105957031
v 4.70547342300415 33.2526741027832 502.8672180175781
v 4.054338455200195 34.368045806884766 507.4726257324219
v 5.775393009185791 35.011112213134766 498.8265075683594
v 5.005495548248291 35.86264419555664 495.9918518066406
v 5.104910850524902 37.187461853027344 451.6013488769531
v 6.083122253417969 38.74271774291992 449.252685546875
v 5.436420440673828 38.34636688232422 499.0837097167969
v 4.574802398681641 40.3009147644043 454.40020751953125
v 4.811081886291504 40.44594192504883 446.55572509765625
v 4.710413455963135 42.19464874267578 447.2913818359375
v 5.621867656707764 42.45376205444336 451.4382019042969
v 5.286201477050781 -32.18012619018555 62.24427795410156
v 6.15718936920166 -32.43019485473633 65.7751693725586
v 5.16400146484375 -22.575475692749023 68.25030517578125
v 4.951416015625 -21.623023986816406 35.4743537902832
v 5.030231475830078 -16.67323875427246 28.76865577697754
v 5.519227504730225 -15.857847213745117 26.2293758392334
v 5.589477062225342 -15.89510726928711 59.345558166503906
v 4.772777080535889 -10.653885841369629 18.69627571105957
v 5.483826637268066 -9.43341064453125 43.769126892089844
v 5.286258220672607 -9.070152282714844 42.26319122314453
v 5.475489139556885 -7.58317232131958 39.77231216430664
v 5.631289958953857 -6.826854705810547 14.000009536743164
v 5.151768684387207 -5.882721424102783 14.096000671386719
v 5.594071388244629 -2.158888101577759 12.413495063781738
v 5.011335849761963 -3.284834146499634 25.535493850708008
v 5.422469139099121 -2.401228427886963 24.398710250854492
v 7.051855564117432 -2.5616910457611084 371.4031066894531
v 6.468259811401367 -1.2078917026519775 364.97314453125
v 5.645453453063965 0.6720120906829834 379.9599609375
v 4.652148723602295 1.9277782440185547 381.5582580566406
v 6.388298034667969 5.281533241271973 386.1972961425781
v 6.824099540710449 6.095423698425293 358.05712890625
v 5.747816562652588 7.348052978515625 386.7897644042969
v 4.7630791664123535 14.806157112121582 526.651611328125
v 6.229732036590576 16.511201858520508 359.31298828125
v 6.366045951843262 20.053728103637695 410.0474548339844
v 4.580487251281738 20.549875259399414 522.3909301757812
v 5.359699726104736 21.340505599975586 370.1778259277344
v 4.638643264770508 21.196290969848633 371.2601013183594
v 4.864557266235352 22.02989959716797 371.5673522949219
v 5.284320831298828 22.254274368286133 373.974853515625
v 4.791866779327393 21.76470375061035 375.0366516113281
v 5.516088485717773 22.51324462890625 373.2138366699219
v 4.739985942840576 23.080232620239258 519.8494262695312
v 4.795562267303467 24.012855529785156 515.2677612304688
v 4.691246032714844 26.25127410888672 518.2380981445312
v 7.227368354797363 24.231775283813477 530.100830078125
v 4.764660358428955 27.272756576538086 512.3878784179688
v 5.798444747924805 26.500106811523438 414.0091857910156
v 5.441738605499268 29.694814682006836 515.641357421875
v 6.238487243652344 26.732595443725586 415.2649841308594
v 4.637916564941406 32.29070281982422 506.0978088378906
v 5.281379699707031 34.19816207885742 499.61016845703125
v 4.729601860046387 34.82302474975586 508.38800048828125
v 5.558082103729248 36.510799407958984 550.9135131835938
v 5.8446478843688965 37.47650146484375 450.59979248046875
v 5.2867326736450195 39.474605560302734 552.731689453125
v 5.813998222351074 -31.49595069885254 51.77693176269531
v 5.732009410858154 -25.011844635009766 39.10041427612305
v 6.48980188369751 -14.143692016601562 56.78759002685547
v 6.229569435119629 -12.447759628295898 51.506839752197266
v 6.304391384124756 -10.710676193237305 46.41939163208008
v 8.14269733428955 -2.546074867248535 369.1827392578125
v 5.838951587677002 -0.6140764355659485 12.285463333129883
v 5.2091569900512695 -1.2428501844406128 376.52020263671875
v 6.037509441375732 0.01969842240214348 21.548418045043945
v 5.5686774253845215 -0.31076905131340027 364.0538330078125
v 5.041258811950684 1.1543030738830566 13.798701286315918
v 4.9803290367126465 2.6848738193511963 556.6444702148438
v 5.015358924865723 0.7718802690505981 556.2933349609375
v 5.177156925201416 2.3781895637512207 554.7517700195312
v 5.155478477478027 0.9264585375785828 558.1072998046875
v 6.140330791473389 12.701249122619629 525.6929931640625
v 5.378317356109619 13.284278869628906 526.2188720703125
v 6.2114105224609375 14.530210494995117 417.248291015625
v 5.260187149047852 15.533446311950684 527.2341918945312
v 6.393839359283447 17.640804290771484 421.37921142578125
v 5.89043664932251 16.511137008666992 520.64208984375
v 5.773472309112549 16.60701560974121 526.9813842773438
v 5.315682411193848 19.470787048339844 518.8341064453125
v 5.613534927368164 19.132585525512695 523.7118530273438
v 6.331798553466797 21.42657470703125 368.7131652832031
v 5.19541072845459 23.065908432006836 375.6312255859375
v 7.748210430145264 22.053308486938477 421.67254638671875
v 5.516725063323975 33.44491195678711 511.53619384765625
v 5.379909515380859 32.323760986328125 505.13958740234375
v 6.427093505859375 33.230064392089844 503.3944396972656
v 5.560415267944336 37.23192596435547 553.9315795898438
v 6.421474933624268 36.98525619506836 454.4124450683594
v 5.841165542602539 37.501712799072266 498.3328857421875
v 5.998510360717773 38.34130096435547 553.7869873046875
v 6.2778239250183105 41.093284606933594 449.36962890625
v 6.02608585357666 -30.361238479614258 48.622528076171875
v 6.157207489013672 -29.5433406829834 69.88068389892578
v 6.449326992034912 -27.427927017211914 71.38468170166016
v 6.227928161621094 -25.566940307617188 71.25843811035156
v 6.67380428314209 -22.81411361694336 70.80070495605469
v 5.756783485412598 -13.629959106445312 22.6735782623291
v 6.313812732696533 -10.826325416564941 17.817184448242188
v 6.25341272354126 -6.757599353790283 36.479915618896484
v 6.347216606140137 -4.508983135223389 28.24660301208496
v 6.281291484832764 -2.3156611919403076 374.5830383300781
v 6.234892845153809 1.9432207345962524 18.52458381652832
v 5.591220855712891 0.48595577478408813 380.6563415527344
v 6.4220290184021 2.364168167114258 14.600776672363281
v 5.9432878494262695 2.493504285812378 16.319576263427734
v 5.915379047393799 2.574080467224121 558.6930541992188
v 7.470307350158691 11.100296974182129 357.50457763671875
v 6.950207710266113 11.503294944763184 529.1209716796875
v 5.702356815338135 14.44601821899414 522.9025268554688
v 7.914626121520996 15.114641189575195 358.73956298828125
v 7.426522254943848 15.917497634887695 390.0643615722656
v 7.120477199554443 15.461926460266113 419.41851806640625
v 6.050716400146484 15.199943542480469 412.8829345703125
v 7.3191962242126465 18.206348419189453 388.7588806152344
v 7.452041149139404 20.184368133544922 387.2557678222656
v 6.806797027587891 17.345800399780273 526.3082885742188
v 5.970773220062256 19.592607498168945 522.2479858398438
v 6.4700608253479 20.434890747070312 364.2346496582031
v 5.445854663848877 21.52734375 520.1239013671875
v 5.44008207321167 24.074838638305664 516.0517578125
v 6.372438430786133 22.90481948852539 371.8199157714844
v 5.420942783355713 23.024173736572266 374.3899841308594
v 5.654532432556152 23.53470802307129 518.139404296875
v 7.663232326507568 23.737089157104492 533.0177612304688
v 5.691880702972412 25.798067092895508 517.326416015625
v 5.893021583557129 27.178356170654297 513.0386352539062
v 5.771983623504639 25.40252685546875 532.6625366210938
v 8.025762557983398 25.589738845825195 418.5400390625
v 5.853323936462402 29.764055252075195 509.4480895996094
v 5.771145343780518 37.21657180786133 504.9092712402344
v 6.526622295379639 35.660186767578125 553.3139038085938
v 6.400619983673096 39.871952056884766 449.1650390625
v 6.298910140991211 41.89059066772461 450.37158203125
v 6.761910915374756 -33.13698196411133 59.53071212768555
v 6.828340530395508 -31.5811824798584 68.6216049194336
v 6.350864410400391 -27.673307418823242 42.529273986816406
v 6.708395957946777 -21.94362449645996 34.566741943359375
v 6.6142473220825195 -19.702617645263672 67.17867279052734
v 6.758543968200684 -19.535152435302734 32.40577697753906
v 6.838811874389648 -17.71793556213379 64.12754821777344
v 6.496325492858887 -12.80804443359375 53.41868209838867
v 6.350306987762451 -8.084550857543945 14.678255081176758
v 6.450179576873779 -5.753392696380615 30.851125717163086
v 6.031319618225098 -1.171405553817749 558.0399169921875
v 5.902078628540039 0.024576622992753983 555.452880859375
v 6.6315999031066895 1.25229811668396 12.988687515258789
v 6.260293006896973 1.0705397129058838 553.554931640625
v 6.557759761810303 0.6364505887031555 560.516845703125
v 6.011591911315918 2.3905141353607178 551.3548583984375
v 7.791099548339844 1.7863175868988037 384.1524963378906
v 6.1021318435668945 3.764252185821533 551.7544555664062
v 5.876555919647217 3.75323486328125 556.7745361328125
v 6.292167663574219 4.410579681396484 553.7899780273438
v 7.5123291015625 12.978128433227539 357.83135986328125
v 8.108386039733887 14.164773941040039 413.9976501464844
v 6.59038782119751 17.833972930908203 520.8330078125
v 5.686121463775635 20.967458724975586 519.3392333984375
v 5.973263263702393 22.39089012145996 369.9845886230469
v 6.898155212402344 21.936229705810547 410.29486083984375
v 7.86168098449707 23.51966667175293 380.7431945800781
v 6.428243160247803 22.508174896240234 530.954833984375
v 5.78803825378418 24.864978790283203 516.5623168945312
v 7.224395751953125 23.469465255737305 411.0828857421875
v 6.376224040985107 23.333560943603516 530.3626708984375
v 8.091168403625488 24.721830368041992 530.6266479492188
v 7.0527167320251465 26.492345809936523 417.1815490722656
v 6.523329257965088 33.353275299072266 511.4420166015625
v 6.991585731506348 35.04145431518555 552.2017211914062
v 6.711042881011963 37.331298828125 503.5010070800781
v 7.0265607833862305 39.42210006713867 457.01947021484375
v 6.464971542358398 38.08925247192383 456.15753173828125
v 7.751189231872559 38.56867599487305 552.0962524414062
v 7.471049785614014 40.42401123046875 456.8817443847656
v 7.705080986022949 -33.09440231323242 56.556190490722656
v 7.4603071212768555 -33.4331169128418 64.94917297363281
v 7.117058277130127 -32.36936569213867 53.8542594909668
v 7.511453628540039 -20.908296585083008 33.55526351928711
v 6.734368324279785 -17.201923370361328 28.35962677001953
v 7.0557122230529785 -13.831045150756836 22.290517807006836
v 6.383343696594238 -5.4784626960754395 13.6318941116333
v 6.893014430999756 -6.079160213470459 33.314083099365234
v 7.291798114776611 -2.5837931632995605 25.787395477294922
v 7.319182395935059 -1.7769778966903687 24.250215530395508
v 7.76190710067749 -3.116826057434082 371.8681335449219
v 6.377723693847656 -1.4306617975234985 560.2625732421875
v 7.615030765533447 -0.3392091393470764 363.35748291015625
v 7.404062271118164 1.4831340312957764 361.40631103515625
v 6.607931613922119 -0.8244683742523193 379.48577880859375
v 7.525379657745361 2.496755599975586 17.465713500976562
v 7.4388532638549805 3.4804954528808594 385.6962890625
v 8.190926551818848 9.492570877075195 390.6653747558594
v 7.559734344482422 11.43970775604248 390.52801513671875
v 7.405296325683594 12.810701370239258 524.9659423828125
v 7.681762218475342 11.397005081176758 530.4384155273438
v 7.727545738220215 14.22210693359375 523.8427734375
v 6.795813083648682 16.49382209777832 527.3510131835938
v 7.267930030822754 19.391216278076172 362.4654846191406
v 6.399558067321777 19.26072883605957 521.3649291992188
v 7.9713006019592285 20.936843872070312 366.1607971191406
v 7.683436870574951 21.977245330810547 531.6990356445312
v 6.807855606079102 23.61979103088379 371.0991516113281
v 6.517851829528809 23.943004608154297 372.76519775390625
v 7.846439838409424 24.58599090576172 532.6079711914062
v 6.6116414070129395 28.15027618408203 513.2376708984375
v 6.792214393615723 28.962982177734375 514.0704956054688
v 6.538961887359619 29.272016525268555 510.7203063964844
v 6.641869068145752 30.07599639892578 514.0559692382812
v 8.997491836547852 34.15993881225586 551.9203491210938
v 7.070275783538818 34.929622650146484 501.5605163574219
v 6.886147975921631 36.490135192871094 553.983642578125
v 7.560401439666748 36.704734802246094 453.4704284667969
v 6.4583635330200195 38.555606842041016 551.06640625
v 7.412483215332031 -33.24037551879883 61.27072525024414
v 7.732690334320068 -27.787242889404297 42.22108459472656
v 7.4202399253845215 -30.48638153076172 48.20320510864258
v 7.816225051879883 -24.400602340698242 37.226436614990234
v 7.156536102294922 -20.212995529174805 67.7182388305664
v 7.74619197845459 -16.246206283569336 61.42219924926758
v 7.76113224029541 -15.159284591674805 58.88448715209961
v 7.865472316741943 -12.473095893859863 20.415380477905273
v 8.132548332214355 -8.852582931518555 44.593753814697266
v 7.893566131591797 -8.485271453857422 43.53453063964844
v 7.592019557952881 -6.975067138671875 41.110286712646484
v 7.57688045501709 -6.956555366516113 13.802093505859375
v 8.141533851623535 -2.6261444091796875 12.296076774597168
v 7.6896562576293945 -1.9137423038482666 366.9385986328125
v 7.642158031463623 -3.7435340881347656 560.82861328125
v 7.3267598152160645 -2.6618292331695557 558.6347045898438
v 7.686936378479004 -1.429358959197998 12.027103424072266
v 7.097020626068115 -1.0260529518127441 556.4241333007812
v 7.479375839233398 -1.4683846235275269 377.8222961425781
v 7.627485752105713 -2.7259063720703125 561.9578247070312
v 7.397639274597168 0.12455718964338303 12.321440696716309
v 7.484697341918945 1.3180721998214722 549.7346801757812
v 7.112329006195068 1.930256724357605 549.4672241210938
v 7.251537799835205 2.9629359245300293 548.9539794921875
v 7.404350280761719 3.9356584548950195 549.309814453125
v 7.265182018280029 3.664944887161255 558.0051879882812
v 8.751143455505371 3.876934051513672 359.7130432128906
v 7.132647514343262 4.706118583679199 554.5153198242188
v 7.542430400848389 4.67604398727417 550.58251953125
v 9.172627449035645 7.434161186218262 390.7395324707031
v 7.769726753234863 13.762649536132812 390.8724365234375
v 9.921751022338867 14.121748924255371 416.0952453613281
v 8.031375885009766 13.84723949432373 529.8900146484375
v 7.325001239776611 17.942516326904297 524.7581787109375
v 7.295339584350586 21.323060989379883 367.3219299316406
v 7.455870151519775 22.34105110168457 367.72198486328125
v 7.429037570953369 23.008169174194336 369.6429138183594
v 7.358491897583008 22.758882522583008 532.7850952148438
v 9.249094009399414 24.696170806884766 378.9686584472656
v 6.564888000488281 23.382535934448242 519.167724609375
v 6.277551174163818 24.320131301879883 519.4591674804688
v 6.667299747467041 22.618270874023438 522.1286010742188
v 6.830502510070801 22.611703872680664 523.7691650390625
v 6.737057685852051 24.702394485473633 517.6777954101562
v 6.819614887237549 25.155057907104492 520.0711669921875
v 7.816127300262451 24.887065887451172 412.5173645019531
v 6.913268566131592 25.509641647338867 518.0645141601562
v 8.261272430419922 24.88489532470703 531.5502319335938
v 7.282443046569824 32.88525390625 511.21246337890625
v 7.0468668937683105 35.38051986694336 507.6320495605469
v 7.444349765777588 36.1605224609375 502.52764892578125
v 8.508676528930664 36.34284973144531 550.8572998046875
v 7.54941987991333 37.40499496459961 451.5525207519531
v 7.300276279449463 37.288631439208984 554.0540161132812
v 7.7038469314575195 37.77390670776367 550.8985595703125
v 9.624324798583984 37.068214416503906 553.6658935546875
v 7.442166805267334 38.66168212890625 457.89898681640625
v 9.30838394165039 41.24094009399414 455.8782043457031
v 8.52895450592041 41.049827575683594 456.672607421875
v 7.979426860809326 -32.220558166503906 52.624393463134766
v 9.091127395629883 -29.000810623168945 73.6468505859375
v 8.172041893005371 -20.377464294433594 69.7550277709961
v 8.433661460876465 -18.476659774780273 66.5293197631836
v 7.674054145812988 -16.34088706970215 25.960514068603516
v 8.322935104370117 -11.090179443359375 48.469730377197266
v 8.192852020263672 -6.38496732711792 39.845916748046875
v 8.239890098571777 -5.403761386871338 13.6934175491333
v 8.367445945739746 -2.177870750427246 376.711669921875
v 7.921512126922607 -0.06147926673293114 21.767837524414062
v 8.218965530395508 -1.4176369905471802 562.3338623046875
v 9.491705894470215 0.1433919221162796 383.2250061035156
v 7.674171447753906 0.820977509021759 551.6082763671875
v 7.696279048919678 1.6378840208053589 560.4085083007812
v 8.153875350952148 2.5769548416137695 15.457178115844727
v 10.340688705444336 5.566132545471191 390.58843994140625
v 8.494986534118652 7.950565338134766 357.9039306640625
v 7.647270202636719 10.292421340942383 528.7979736328125
v 8.33579158782959 10.85797119140625 526.9879150390625
v 8.34745979309082 12.133048057556152 530.9370727539062
v 8.257481575012207 17.32271385192871 360.3429260253906
v 8.044443130493164 15.001253128051758 411.5118103027344
v 9.879655838012695 15.52772045135498 409.5675964355469
v 8.692909240722656 14.923762321472168 524.6069946289062
v 7.789246082305908 17.31398582458496 523.4777221679688
v 8.05174732208252 21.744375228881836 386.1717224121094
v 8.41792106628418 23.10146141052246 384.14422607421875
v 7.234412670135498 21.3441219329834 523.901123046875
v 7.279900550842285 22.71693229675293 519.17724609375
v 7.308867931365967 21.902502059936523 530.620361328125
v 7.387198448181152 22.534584045410156 529.4884643554688
v 7.259663105010986 23.944185256958008 517.0944213867188
v 7.265543460845947 23.405874252319336 523.6209716796875
v 8.523887634277344 23.8547420501709 420.3918151855469
v 7.126596927642822 25.82489585876465 515.7808227539062
v 7.540382385253906 26.0462646484375 518.4295043945312
v 7.193376064300537 26.77824592590332 513.5176391601562
v 7.341761112213135 27.468276977539062 515.7491455078125
v 7.66884183883667 31.987262725830078 507.3849792480469
v 8.262743949890137 38.92732620239258 451.027587890625
v 9.33781623840332 41.1495475769043 453.9654235839844
v 9.002120018005371 -33.60865783691406 59.23899459838867
v 9.205405235290527 -33.54165267944336 67.35086059570312
v 9.062024116516113 -30.743894577026367 48.8389892578125
v 7.979241847991943 -25.21369171142578 73.42334747314453
v 9.024898529052734 -19.832401275634766 31.8228759765625
v 8.54930305480957 -17.459165573120117 28.484533309936523
v 8.8121976852417 -12.733048439025879 53.69723892211914
v 8.62561321258545 -12.229382514953613 51.54850769042969
v 8.5826416015625 -10.866362571716309 17.872520446777344
v 8.957169532775879 -10.513911247253418 47.083229064941406
v 8.520313262939453 -8.5436429977417 15.17855453491211
v 8.928938865661621 -6.246476173400879 13.79909896850586
v 8.312911987304688 -5.518702983856201 30.993728637695312
v 8.903159141540527 -4.300840377807617 28.202159881591797
v 9.828990936279297 -2.9175047874450684 375.35748291015625
v 7.566136360168457 -3.165388345718384 574.7559814453125
v 7.6162567138671875 -1.416038155555725 575.3815307617188
v 7.428584575653076 -3.161614418029785 575.5152587890625
v 7.833018779754639 -2.707662343978882 576.697998046875
v 7.966614723205566 -2.0211291313171387 378.183349609375
v 8.30793285369873 -2.958495616912842 558.4154052734375
v 8.275628089904785 -0.5181900262832642 555.8602294921875
v 8.072460174560547 0.7728790640830994 553.7538452148438
v 8.61182689666748 1.512002944946289 13.532905578613281
v 8.611367225646973 2.115443706512451 559.8275756835938
v 8.228013038635254 4.300985813140869 555.5623779296875
v 9.070256233215332 10.472928047180176 357.8753662109375
v 8.84054946899414 9.85443115234375 527.77490234375
v 8.502944946289062 17.28173828125 420.75531005859375
v 10.110417366027832 17.018054962158203 408.7125549316406
v 9.105795860290527 20.03972625732422 364.3572082519531
v 7.84364128112793 21.542055130004883 522.2597045898438
v 7.505611419677734 22.277400970458984 525.6663208007812
v 7.83034086227417 22.439590454101562 527.78564453125
v 7.758429527282715 21.31971549987793 528.0953369140625
v 8.35860538482666 22.755874633789062 367.78094482421875
v 8.341599464416504 24.14920997619629 369.12139892578125
v 7.634653091430664 24.220117568969727 370.91192626953125
v 8.020012855529785 25.507801055908203 520.4439086914062
v 7.792513847351074 25.264760971069336 515.177490234375
v 7.680062294006348 25.79498291015625 512.9608154296875
v 11.182966232299805 24.660497665405273 415.3046875
v 7.600501537322998 26.97647476196289 511.111328125
v 7.987732887268066 27.68761444091797 516.574951171875
v 7.467258453369141 27.910791397094727 512.9910888671875
v 7.692751884460449 27.97347640991211 502.609130859375
v 7.431371688842773 28.269094467163086 505.4097900390625
v 7.601823329925537 27.34727668762207 506.10992431640625
v 7.5865159034729 28.789417266845703 506.3662109375
v 7.691542625427246 28.367313385009766 510.80853271484375
v 7.838226318359375 31.42498779296875 510.01416015625
v 7.956509590148926 32.60969924926758 509.67822265625
v 7.798385143280029 34.760467529296875 507.18743896484375
v 8.38160228729248 33.691253662109375 553.0738525390625
v 8.099575996398926 33.71202087402344 506.73089599609375
v 8.959266662597656 34.88764190673828 551.4027099609375
v 8.330906867980957 34.04706954956055 554.0241088867188
v 7.858987808227539 37.50779724121094 457.7950134277344
v 8.370207786560059 40.33790969848633 451.29852294921875
v 9.4288911819458 -33.54399108886719 60.53616714477539
v 9.542075157165527 -34.198665618896484 63.76738357543945
v 9.290828704833984 -30.358699798583984 72.64392852783203
v 8.149370193481445 -26.721799850463867 73.63715362548828
v 8.471399307250977 -22.106155395507812 72.4112777709961
v 9.482114791870117 -22.38405418395996 34.357276916503906
v 9.213478088378906 -18.852497100830078 66.82978057861328
v 8.48863410949707 -16.51509666442871 62.28839111328125
v 9.07133960723877 -16.03656005859375 25.449718475341797
v 8.72657585144043 -13.8010892868042 22.226675033569336
v 9.457530975341797 -14.037775993347168 56.84193420410156
v 8.511160850524902 -5.918895721435547 33.283512115478516
v 9.907927513122559 -6.051998615264893 39.63889694213867
v 8.285503387451172 -7.141846179962158 575.4703369140625
v 7.826949596405029 -5.6264328956604 575.0134887695312
v 7.883543968200684 -5.390375137329102 576.3098754882812
v 8.563480377197266 -5.177314281463623 563.3662109375
v 8.248966217041016 -0.9468259215354919 573.3579711914062
v 9.499796867370605 -1.7096141576766968 366.0968933105469
v 8.1624755859375 -0.22607967257499695 574.731201171875
v 8.882129669189453 3.0355641841888428 558.2029418945312
v 11.316546440124512 3.3480448722839355 389.3170471191406
v 8.461762428283691 4.781255722045898 552.1030883789062
v 9.285675048828125 9.996024131774902 531.7639770507812
v 9.097994804382324 12.864633560180664 525.6618041992188
v 9.211352348327637 15.065884590148926 528.08544921875
v 10.207568168640137 18.415386199951172 408.52752685546875
v 9.138749122619629 19.669240951538086 421.2876892089844
v 10.370609283447266 19.917743682861328 408.6809387207031
v 8.090849876403809 20.5509033203125 525.1701049804688
v 8.42337417602539 20.913127899169922 530.1395874023438
v 8.947239875793457 21.904197692871094 365.7640686035156
v 8.317505836486816 23.25782585144043 517.4915161132812
v 8.719947814941406 22.10913848876953 531.6748657226562
v 8.286429405212402 22.98771095275879 525.7532958984375
v 8.318124771118164 23.229089736938477 528.9451293945312
v 8.314986228942871 23.708755493164062 523.3760986328125
v 11.320033073425293 25.6241455078125 376.7461853027344
v 8.632190704345703 26.21202278137207 518.572021484375
v 8.339288711547852 25.961265563964844 511.3375244140625
v 8.377118110656738 26.240896224975586 509.3424377441406
v 8.230013847351074 26.519989013671875 505.9013671875
v 8.118976593017578 27.151498794555664 502.2274475097656
v 8.242620468139648 28.076961517333984 499.6461486816406
v 8.232840538024902 28.685340881347656 513.1992797851562
v 8.12375545501709 29.066852569580078 499.0968322753906
v 7.8335723876953125 29.364452362060547 502.35076904296875
v 8.218628883361816 29.622922897338867 506.46630859375
v 8.724075317382812 30.123016357421875 504.6463928222656
v 9.240469932556152 37.13632583618164 453.6598815917969
v 8.771294593811035 36.709022521972656 457.1961364746094
v 9.26186466217041 36.42595291137695 554.440185546875
v 8.553213119506836 40.45893096923828 458.6610107421875
v 9.803125381469727 40.49971008300781 453.41375732421875
v 10.112020492553711 -32.4637565612793 54.081787109375
v 9.710287094116211 -27.999492645263672 42.7452507019043
v 10.249715805053711 -24.59429359436035 37.33877182006836
v 8.950264930725098 -23.02115821838379 75.55828094482422
v 9.973322868347168 -18.990928649902344 68.67058563232422
v 9.640344619750977 -7.715388298034668 14.896437644958496
v 8.664030075073242 -6.994708061218262 573.8822021484375
v 8.753188133239746 -6.978862762451172 576.4122924804688
v 8.701763153076172 -5.3089680671691895 577.2268676757812
v 9.073769569396973 -4.6004109382629395 573.706787109375
v 9.29247760772705 -6.4051127433776855 563.1522827148438
v 8.628372192382812 -2.6148247718811035 577.3023681640625
v 9.890524864196777 -3.0453739166259766 25.83464241027832
v 8.990584373474121 -3.153974771499634 369.7879943847656
v 9.19522476196289 -2.107102632522583 573.0686645507812
v 9.325617790222168 -3.742898464202881 564.6893310546875
v 9.540938377380371 -2.062080144882202 24.045040130615234
v 8.88495922088623 -2.7339301109313965 376.91229248046875
v 8.795480728149414 -1.1856861114501953 572.529052734375
v 8.881218910217285 -0.8929997086524963 576.4539794921875
v 9.214875221252441 -0.5865031480789185 12.576234817504883
v 10.695959091186523 -0.3986431658267975 363.8430480957031
v 8.126160621643066 0.7072417140007019 572.6610107421875
v 9.21895694732666 0.5486644506454468 19.964759826660156
v 9.510517120361328 -0.12042420357465744 21.115568161010742
v 9.143547058105469 1.3377383947372437 361.43145751953125
v 9.364120483398438 0.5713525414466858 549.6104125976562
v 9.755990028381348 0.9284821152687073 550.5145874023438
v 9.202815055847168 1.6493343114852905 554.11181640625
v 8.78899097442627 1.9424480199813843 571.9260864257812
v 8.85364055633545 1.6931737661361694 574.0418090820312
v 9.244763374328613 2.0515050888061523 17.17060089111328
v 11.42662525177002 0.2305063009262085 545.9398803710938
v 9.440679550170898 2.0685997009277344 546.9401245117188
v 8.942625045776367 4.605438232421875 549.1796875
v 11.12071418762207 5.505125522613525 529.8724975585938
v 9.5851411819458 7.3662333488464355 530.84912109375
v 9.120857238769531 8.634981155395508 531.2505493164062
v 9.729999542236328 10.804856300354004 527.0936279296875
v 10.973214149475098 14.911547660827637 417.3970031738281
v 9.596623420715332 13.95779037475586 526.0689697265625
v 9.806982040405273 14.418521881103516 526.8382568359375
v 13.193013191223145 20.25760841369629 394.513671875
v 8.815519332885742 20.59036636352539 365.223876953125
v 8.786678314208984 20.44651222229004 528.024658203125
v 9.068323135375977 20.39126205444336 525.2738647460938
v 13.490164756774902 23.87805938720703 392.2043762207031
v 8.82697868347168 22.080625534057617 521.7677001953125
v 8.817732810974121 23.036287307739258 527.54736328125
v 9.242927551269531 23.129634857177734 531.8331298828125
v 8.99833869934082 23.942699432373047 367.8836669921875
v 9.261781692504883 22.996118545532227 525.231689453125
v 11.213240623474121 23.125097274780273 410.977783203125
v 9.090184211730957 25.074155807495117 515.205322265625
v 8.869982719421387 24.626155853271484 521.2639770507812
v 9.235015869140625 25.208181381225586 512.964599609375
v 9.00527572631836 26.438720703125 502.47528076171875
v 9.112818717956543 27.47039794921875 516.9923706054688
v 8.721470832824707 27.297569274902344 498.548828125
v 8.425169944763184 28.741716384887695 496.6027526855469
v 8.850428581237793 27.03585433959961 500.4027404785156
v 8.915472030639648 29.387720108032227 510.59918212890625
v 8.611031532287598 30.344457626342773 495.68841552734375
v 8.645185470581055 29.936052322387695 496.9157409667969
v 8.6441068649292 30.135099411010742 499.7100830078125
v 8.979026794433594 29.95457649230957 506.88616943359375
v 8.734976768493652 30.394563674926758 501.7734069824219
v 8.913673400878906 33.93156433105469 554.5792846679688
v 9.845901489257812 34.39033508300781 555.0288696289062
v 8.932720184326172 37.74591064453125 461.268798828125
v 9.632140159606934 36.91193771362305 551.7896118164062
v 9.98874282836914 38.0311279296875 453.4335632324219
v 9.222478866577148 38.97789001464844 461.6376647949219
v 10.090645790100098 -31.906349182128906 71.24980926513672
v 10.05560302734375 -31.129955291748047 50.107078552246094
v 9.933934211730957 -27.333372116088867 77.0325927734375
v 9.345812797546387 -23.87696075439453 76.93602752685547
v 10.318963050842285 -21.50391387939453 33.7572135925293
v 9.72385311126709 -20.184160232543945 71.14802551269531
v 9.820938110351562 -15.118932723999023 58.71619415283203
v 10.096871376037598 -11.650812149047852 49.76721954345703
v 9.55872917175293 -9.343841552734375 574.2284545898438
v 9.48460578918457 -9.22571849822998 573.04248046875
v 10.036781311035156 -6.944542407989502 41.916534423828125
v 9.370789527893066 -6.45253849029541 573.2257690429688
v 9.458022117614746 -6.125949859619141 561.9061889648438
v 10.217199325561523 -6.098457336425781 561.2422485351562
v 9.411245346069336 -5.2643046379089355 565.83642578125
v 9.111927032470703 -2.7640910148620605 558.1727294921875
v 10.930109977722168 -3.310753107070923 373.723388671875
v 9.14111328125 -0.26447993516921997 569.5830688476562
v 9.074764251708984 -1.0641160011291504 571.1904907226562
v 9.490093231201172 -0.7035247683525085 562.1614990234375
v 9.422185897827148 1.1000536680221558 569.4580078125
v 9.434074401855469 0.5829847455024719 556.1182861328125
v 9.374675750732422 1.6901698112487793 552.7124633789062
v 9.658528327941895 1.8504009246826172 15.35802936553955
v 10.57418155670166 2.867269277572632 546.517822265625
v 9.574628829956055 1.9638864994049072 558.9708251953125
v 9.284872055053711 3.9090306758880615 553.0531005859375
v 10.368680953979492 4.400546073913574 549.905517578125
v 9.989213943481445 6.47387170791626 358.8715515136719
v 10.468545913696289 14.06023120880127 359.24041748046875
v 9.615628242492676 11.538370132446289 392.4646911621094
v 9.757272720336914 11.776542663574219 531.5042724609375
v 10.051892280578613 12.878480911254883 530.7997436523438
v 11.416691780090332 16.924901962280273 393.7830810546875
v 9.783909797668457 17.967771530151367 361.7259216308594
v 13.555509567260742 22.36441993713379 393.67132568359375
v 9.431307792663574 21.127548217773438 364.5342102050781
v 10.309231758117676 21.552705764770508 420.5167236328125
v 9.275835037231445 21.27960968017578 523.8646850585938
v 8.978224754333496 23.09563636779785 518.701416015625
v 9.134617805480957 23.263059616088867 522.7098999023438
v 9.455278396606445 23.133129119873047 529.171630859375
v 9.2896089553833 24.241336822509766 516.6015625
v 9.411612510681152 23.823467254638672 530.5322875976562
v 10.527103424072266 23.673620223999023 418.98846435546875
v 10.946024894714355 24.41320037841797 413.26611328125
v 11.55370044708252 24.15373992919922 416.81195068359375
v 9.174806594848633 25.74578094482422 511.07330322265625
v 9.31067943572998 26.104101181030273 505.532958984375
v 9.015279769897461 28.69235610961914 492.6905822753906
v 9.385515213012695 28.70091438293457 513.9656982421875
v 8.557174682617188 30.25377655029297 491.72186279296875
v 9.159568786621094 28.739959716796875 491.064697265625
v 8.713277816772461 30.30373191833496 493.1318359375
v 8.878730773925781 30.352943420410156 490.2281494140625
v 9.669496536254883 30.99917221069336 497.3273620605469
v 9.54669189453125 32.16611862182617 492.2499694824219
v 9.512772560119629 31.882701873779297 489.53118896484375
v 9.391886711120605 32.18547821044922 553.5701293945312
v 9.800765037536621 32.44160079956055 552.8386840820312
v 9.627305030822754 36.65445327758789 460.62164306640625
v 10.155678749084473 36.83747863769531 552.7510375976562
v 10.159440040588379 39.10738754272461 453.2245788574219
v 9.967260360717773 39.846126556396484 461.4041442871094
v 9.846007347106934 41.04573059082031 457.984130859375
v 10.268739700317383 -33.09330368041992 56.308353424072266
v 11.233853340148926 -23.458749771118164 81.14031982421875
v 10.191985130310059 -20.7591609954834 76.87615203857422
v 10.776386260986328 -17.803438186645508 65.6324691772461
v 10.362980842590332 -16.39806365966797 27.003820419311523
v 10.630009651184082 -16.802448272705078 63.159523010253906
v 10.440683364868164 -11.571205139160156 20.262048721313477
v 10.822237014770508 -12.566452980041504 51.59569549560547
v 10.650684356689453 -10.54157543182373 18.82538414001465
v 10.901329040527344 -8.831282615661621 44.367313385009766
v 10.099834442138672 -8.948277473449707 575.4822998046875
v 9.661139488220215 -8.451520919799805 572.2539672851562
v 10.113418579101562 -6.654540538787842 577.0206909179688
v 10.788206100463867 -5.970180034637451 35.6369743347168
v 10.097952842712402 -6.7429680824279785 565.6436767578125
v 10.54871940612793 -5.9084062576293945 30.842567443847656
v 10.463006973266602 -6.22672700881958 33.073211669921875
v 10.331502914428711 -5.82730770111084 573.3643798828125
v 9.960390090942383 -4.813729286193848 577.515625
v 9.81859302520752 -4.580750942230225 14.242376327514648
v 10.047727584838867 -2.231778621673584 13.244742393493652
v 9.993738174438477 -2.9602715969085693 564.5678100585938
v 9.653597831726074 -2.0590829849243164 577.29833984375
v 10.333715438842773 -2.7035250663757324 367.3592224121094
v 9.964559555053711 -1.6955852508544922 572.069580078125
v 12.045977592468262 -1.2810931205749512 382.08953857421875
v 10.0909423828125 -2.6440091133117676 569.70458984375
v 9.766517639160156 -2.158776044845581 569.0430908203125
v 10.250883102416992 -1.7623062133789062 558.2555541992188
v 10.283580780029297 0.19687922298908234 13.79312515258789
v 10.411921501159668 1.6764410734176636 574.8551025390625
v 9.67127513885498 2.017319679260254 556.6807861328125
v 10.0794095993042 2.752694845199585 572.5928955078125
v 9.541597366333008 2.858989715576172 553.2307739257812
v 10.529413223266602 4.374149799346924 359.59869384765625
v 10.993050575256348 5.166348934173584 530.9310302734375
v 10.502969741821289 8.629338264465332 392.4384765625
v 10.472888946533203 13.918587684631348 411.205322265625
v 10.746892929077148 17.59004783630371 419.91552734375
v 10.354901313781738 18.57270050048828 362.3849182128906
v 9.875941276550293 20.719079971313477 527.8784790039062
v 9.779186248779297 21.533077239990234 530.1495971679688
v 10.14354133605957 21.521085739135742 364.74456787109375
v 11.201041221618652 21.594635009765625 409.4281921386719
v 9.362049102783203 22.252145767211914 523.377197265625
v 9.630118370056152 22.71455955505371 366.0132751464844
v 9.413246154785156 23.431777954101562 520.988037109375
v 9.639424324035645 24.047773361206055 517.9782104492188
v 9.66504955291748 24.42923355102539 519.1693115234375
v 11.727717399597168 26.003795623779297 380.9776611328125
v 9.78354549407959 25.427032470703125 518.0501708984375
v 9.981698036193848 26.204429626464844 508.7006530761719
v 9.672310829162598 26.825557708740234 497.6084289550781
v 9.654147148132324 27.97625160217285 492.5858154296875
v 9.993334770202637 29.064973831176758 511.1894836425781
v 9.600662231445312 30.017885208129883 488.85528564453125
v 10.032855033874512 29.738048553466797 509.005859375
v 9.768056869506836 30.714303970336914 502.4134826660156
v 9.832832336425781 30.755882263183594 500.4313049316406
v 9.789620399475098 31.725345611572266 494.0399169921875
v 9.718857765197754 31.064706802368164 554.77783203125
v 10.079462051391602 36.39479064941406 463.27325439453125
v 9.7785062789917 37.79604721069336 464.4859619140625
v 11.80380916595459 -34.19889450073242 62.78694534301758
v 11.208104133605957 -33.46049880981445 60.112674713134766
v 11.416855812072754 -33.30357360839844 68.9236831665039
v 10.75587272644043 -31.202123641967773 72.94467163085938
v 11.517657279968262 -25.288022994995117 81.29403686523438
v 10.265036582946777 -19.923503875732422 74.91988372802734
v 11.200169563293457 -18.895368576049805 30.831653594970703
v 10.974745750427246 -17.230287551879883 29.075225830078125
v 11.063365936279297 -16.19243812561035 60.89956283569336
v 10.85478401184082 -14.93581485748291 24.813989639282227
v 11.365668296813965 -11.194127082824707 47.61790084838867
v 10.331892967224121 -7.398189067840576 571.8516235351562
v 10.459903717041016 -5.751241683959961 14.3891019821167
v 10.562521934509277 -5.943645477294922 38.73042297363281
v 10.460121154785156 -4.567763328552246 573.8269653320312
v 9.957808494567871 -3.5223000049591064 566.677734375
v 10.40746021270752 -4.665678977966309 568.3406982421875
v 10.241677284240723 -1.2787102460861206 567.8380126953125
v 10.40306282043457 0.155656635761261 575.697265625
v 10.358549118041992 -0.21723201870918274 561.0367431640625
v 10.568451881408691 1.3271064758300781 550.6919555664062
v 10.521227836608887 1.0968971252441406 16.259620666503906
v 10.760543823242188 2.1498470306396484 551.0594482421875
v 10.17591667175293 2.415736436843872 570.7744750976562
v 11.131400108337402 3.5082755088806152 550.2750854492188
v 11.731393814086914 3.255432605743408 546.6526489257812
v 11.003866195678711 4.0473785400390625 548.2384643554688
v 11.192477226257324 14.090543746948242 393.8719177246094
v 10.74440860748291 13.407477378845215 412.8361511230469
v 11.265706062316895 12.74891471862793 528.9805297851562
v 11.62955093383789 16.096817016601562 418.3656005859375
v 11.402891159057617 19.035581588745117 419.9658508300781
v 10.37965202331543 20.2963809967041 363.27935791015625
v 10.048020362854004 21.329952239990234 525.5443115234375
v 9.909673690795898 22.220460891723633 524.5726318359375
v 9.890218734741211 22.72995376586914 529.92333984375
v 10.678426742553711 23.04460334777832 365.1492614746094
v 13.485422134399414 25.082908630371094 390.616943359375
v 10.284549713134766 24.152915954589844 368.1325378417969
v 14.862895011901855 27.180940628051758 388.8569641113281
v 12.788362503051758 25.77570152282715 374.8734436035156
v 10.149857521057129 26.102066040039062 515.59716796875
v 10.263151168823242 25.686931610107422 513.5684204101562
v 10.076154708862305 25.952035903930664 511.05767822265625
v 10.4735689163208 26.5932559967041 500.74737548828125
v 10.157870292663574 27.368057250976562 515.4322509765625
v 10.64685344696045 27.437028884887695 493.0153503417969
v 10.272908210754395 27.863142013549805 491.25439453125
v 10.24320125579834 28.65502166748047 512.74560546875
v 10.223591804504395 29.89811134338379 506.11688232421875
v 9.657537460327148 31.23784637451172 486.1972351074219
v 10.237589836120605 28.976911544799805 555.2843017578125
v 9.6159086227417 32.132568359375 483.8021240234375
v 9.510470390319824 32.11046600341797 485.8352966308594
v 10.017340660095215 31.644493103027344 555.4509887695312
v 10.54529857635498 32.83531188964844 490.1235046386719
v 9.726205825805664 33.499298095703125 485.4500427246094
v 10.269970893859863 33.501686096191406 487.32611083984375
v 10.470900535583496 33.63526153564453 479.9931335449219
v 10.048577308654785 33.87873458862305 481.6709899902344
v 11.1897611618042 32.34715270996094 552.7064208984375
v 10.568464279174805 34.33234786987305 552.1781005859375
v 11.218923568725586 37.05983352661133 457.25921630859375
v 10.857330322265625 36.44926452636719 459.8275146484375
v 10.442099571228027 39.10505294799805 464.3567810058594
v 11.21693229675293 40.52195358276367 457.6639404296875
v 12.114765167236328 -33.26094436645508 58.86518478393555
v 11.145984649658203 -28.89212417602539 77.48294830322266
v 11.10729694366455 -27.82817268371582 43.1439323425293
v 11.320900917053223 -22.529659271240234 34.833133697509766
v 11.55246353149414 -20.13867950439453 80.29210662841797
v 12.071452140808105 -20.159976959228516 32.37895202636719
v 11.39587116241455 -18.986495971679688 69.83023834228516
v 11.187667846679688 -18.3512020111084 65.81075286865234
v 11.253279685974121 -13.157602310180664 53.448482513427734
v 11.292223930358887 -9.857551574707031 571.79541015625
v 11.442390441894531 -8.896943092346191 575.6183471679688
v 10.881814956665039 -7.2293267250061035 563.4990844726562
v 11.624646186828613 -5.34394645690918 27.39244270324707
v 10.577061653137207 -2.3594810962677 573.5588989257812
v 10.80281925201416 -3.838841199874878 14.987305641174316
v 12.219727516174316 -3.4450650215148926 372.4107666015625
v 12.74898624420166 -3.328080654144287 370.6744079589844
v 10.723809242248535 -3.568493366241455 374.7102355957031
v 10.853561401367188 -2.472512722015381 566.1698608398438
v 12.97093677520752 -1.9990968704223633 380.6039733886719
v 10.731810569763184 -2.3473892211914062 576.9120483398438
v 11.318737983703613 -4.819644927978516 560.2731323242188
v 11.360869407653809 -2.354069948196411 563.8846435546875
v 10.884182929992676 -1.155661702156067 559.2341918945312
v 10.98189926147461 -0.036387186497449875 567.7823486328125
v 10.800928115844727 -0.4566505253314972 20.049739837646484
v 11.841525077819824 -0.5780775547027588 546.7516479492188
v 10.187352180480957 1.1006563901901245 568.851806640625
v 10.991963386535645 -0.6231096386909485 18.837060928344727
v 10.845317840576172 -0.5555434226989746 559.865478515625
v 10.99245548248291 1.7954944372177124 569.1719970703125
v 11.855948448181152 1.6799213886260986 361.763916015625
v 12.66932487487793 4.07755708694458 360.2527770996094
v 13.118687629699707 0.6499214172363281 544.555908203125
v 10.84568977355957 8.382261276245117 532.4041748046875
v 10.70877456665039 9.75694465637207 358.60211181640625
v 11.382201194763184 8.037861824035645 528.188720703125
v 12.343750953674316 5.532281875610352 529.1825561523438
v 10.772018432617188 10.879261016845703 527.5263671875
v 11.18128490447998 12.36893081665039 530.4098510742188
v 11.45503044128418 13.399991989135742 414.4876403808594
v 11.475454330444336 16.376144409179688 360.77716064453125
v 10.315418243408203 21.804210662841797 527.7368774414062
v 10.664166450500488 26.40291976928711 504.55352783203125
v 10.756811141967773 26.83165740966797 496.3348388671875
v 10.156266212463379 29.106582641601562 556.3971557617188
v 10.202217102050781 27.153526306152344 557.126220703125
v 10.548128128051758 27.219165802001953 558.8374633789062
v 10.38569164276123 29.32719612121582 488.31268310546875
v 10.543535232543945 29.240251541137695 557.1758422851562
v 10.39737319946289 30.83780860900879 483.6637878417969
v 10.385741233825684 31.099809646606445 553.2537841796875
v 10.768414497375488 30.891136169433594 498.5459289550781
v 10.771702766418457 30.600360870361328 501.8352966308594
v 10.755277633666992 31.932104110717773 555.8427734375
v 10.668325424194336 31.884780883789062 494.6996154785156
v 10.769989013671875 32.79064178466797 479.906494140625
v 10.56726360321045 34.97097396850586 481.61962890625
v 10.69394588470459 34.378204345703125 485.6050109863281
v 11.287670135498047 34.20034408569336 552.80615234375
v 10.891136169433594 34.26417922973633 554.9813842773438
v 10.969325065612793 35.959537506103516 462.435302734375
v 9.91784381866455 37.054561614990234 466.0179748535156
v 10.450823783874512 35.7273063659668 466.60321044921875
v 10.367310523986816 38.440940856933594 466.3030090332031
v 12.482260704040527 -34.15439987182617 65.75663757324219
v 11.6107816696167 -31.66485595703125 52.56366729736328
v 12.605462074279785 -30.761943817138672 76.26388549804688
v 12.580119132995605 -14.821786880493164 56.343013763427734
v 11.890450477600098 -10.77183723449707 574.743896484375
v 11.02587604522705 -7.099295616149902 15.706841468811035
v 11.86547565460205 -7.423900127410889 565.103759765625
v 10.915236473083496 -6.572464466094971 566.698974609375
v 11.101058959960938 -4.716045379638672 576.76953125
v 11.574968338012695 -5.624815464019775 28.636661529541016
v 11.094820976257324 -5.1778035163879395 574.13671875
v 11.060283660888672 -2.615525484085083 570.9404296875
v 10.989886283874512 -1.248338222503662 14.449071884155273
v 11.244732856750488 -2.0237298011779785 21.851709365844727
v 11.31931209564209 -1.9508981704711914 365.5771789550781
v 11.264949798583984 -1.6404883861541748 572.81689453125
v 10.975550651550293 -0.8190597295761108 575.732666015625
v 11.041855812072754 0.10545635968446732 15.738639831542969
v 11.410499572753906 2.4939661026000977 573.0968627929688
v 11.601181030273438 2.5416338443756104 570.9183349609375
v 10.982568740844727 12.69113826751709 359.0791015625
v 12.007288932800293 10.89695930480957 528.644287109375
v 11.684270858764648 11.841970443725586 394.0722961425781
v 10.986679077148438 21.670330047607422 363.7520446777344
v 10.84186840057373 26.779117584228516 508.1734619140625
v 10.794726371765137 26.659893035888672 511.1828308105469
v 10.957906723022461 27.2794189453125 512.7562866210938
v 11.002306938171387 26.30410385131836 556.428955078125
v 10.879664421081543 25.12839698791504 558.4772338867188
v 10.788668632507324 25.59304428100586 559.4398803710938
v 11.011152267456055 27.641855239868164 511.22161865234375
v 11.2437105178833 28.755937576293945 488.7481384277344
v 11.02520751953125 28.576473236083984 509.84869384765625
v 10.853878021240234 29.53179359436035 505.9370422363281
v 11.148900032043457 29.993227005004883 503.34930419921875
v 11.449661254882812 29.479747772216797 557.617431640625
v 11.428142547607422 32.05136489868164 479.923095703125
v 11.38528823852539 32.81777572631836 491.317138671875
v 10.765664100646973 33.50448989868164 477.8870544433594
v 10.641839027404785 34.80607604980469 478.14959716796875
v 10.865532875061035 35.081233978271484 480.4099426269531
v 11.322107315063477 34.54978942871094 468.742919921875
v 10.958476066589355 36.05335998535156 470.7102355957031
v 11.027446746826172 35.279178619384766 470.5959167480469
v 11.112610816955566 35.01511001586914 553.813232421875
v 11.421448707580566 37.00615310668945 470.8568115234375
v 11.940665245056152 38.551185607910156 456.9854736328125
v 11.629148483276367 39.806793212890625 456.9722595214844
v 11.48892879486084 39.77376937866211 463.5494384765625
v 11.12734603881836 40.08470916748047 460.7737731933594
v 11.985294342041016 -32.573455810546875 55.9455680847168
v 12.152212142944336 -29.815044403076172 48.72492980957031
v 11.279600143432617 -21.5897274017334 80.8681869506836
v 12.597408294677734 -17.7070369720459 78.69792938232422
v 12.507657051086426 -17.604707717895508 76.30500793457031
v 12.9641752243042 -18.56449317932129 68.84648132324219
v 11.909729957580566 -15.666019439697266 27.498273849487305
v 12.152155876159668 -15.623834609985352 58.15306854248047
v 11.769219398498535 -12.860445022583008 23.31151008605957
v 11.89863109588623 -12.035587310791016 49.06476974487305
v 12.627336502075195 -7.7291412353515625 42.44895935058594
v 12.147446632385254 -8.421417236328125 571.5226440429688
v 11.635576248168945 -6.97199821472168 575.9946899414062
v 12.271124839782715 -6.59357213973999 562.5267333984375
v 11.651113510131836 -6.551277160644531 40.87730407714844
v 11.843636512756348 -6.722018718719482 572.2427368164062
v 11.883419036865234 -5.506205081939697 15.86246395111084
v 11.674063682556152 -5.821183204650879 574.1227416992188
v 12.744483947753906 -5.464868545532227 38.22954559326172
v 11.526427268981934 -4.048631191253662 15.361312866210938
v 11.754573822021484 -4.208783149719238 25.381093978881836
v 11.547346115112305 -4.596156120300293 569.4640502929688
v 11.415926933288574 -5.085394859313965 574.9144897460938
v 11.386666297912598 -1.7642831802368164 574.6425170898438
v 12.006393432617188 -3.5548133850097656 22.736156463623047
v 12.277338981628418 -4.643538475036621 560.9894409179688
v 11.322882652282715 -1.476021409034729 575.4698486328125
v 11.638858795166016 -2.455291271209717 16.831520080566406
v 11.41900634765625 -3.412147283554077 15.973933219909668
v 11.83211898803711 -2.5731444358825684 564.6212768554688
v 12.744440078735352 -3.2035844326019287 563.1092529296875
v 11.899155616760254 -1.4081757068634033 18.556549072265625
v 11.504888534545898 -0.3424151539802551 383.8000183105469
v 11.896282196044922 0.43291640281677246 574.6318969726562
v 12.590449333190918 0.8753762245178223 386.8122863769531
v 13.195831298828125 2.9331154823303223 548.0828247070312
v 12.956696510314941 7.580704212188721 359.075927734375
v 12.386171340942383 4.3918328285217285 533.082275390625
v 13.078351974487305 9.494097709655762 394.3680419921875
v 13.39272689819336 7.070990562438965 532.85400390625
v 12.733634948730469 10.157362937927246 358.9117431640625
v 11.784034729003906 14.798012733459473 359.9396667480469
v 12.51020336151123 14.61573314666748 409.4643859863281
v 12.726813316345215 15.898186683654785 408.5102233886719
v 12.9077730178833 17.600709915161133 408.1500244140625
v 11.826834678649902 18.326419830322266 361.2498474121094
v 11.330289840698242 20.016733169555664 362.65850830078125
v 12.132587432861328 20.308385848999023 419.4588623046875
v 12.409546852111816 21.836078643798828 418.6082458496094
v 12.527222633361816 23.293472290039062 411.96832275390625
v 12.415709495544434 22.968299865722656 417.54156494140625
v 11.348136901855469 23.484312057495117 560.5946655273438
v 11.360645294189453 24.29462242126465 561.2244262695312
v 15.075892448425293 25.851852416992188 373.79718017578125
v 11.828904151916504 25.526147842407227 560.9661865234375
v 11.320967674255371 27.41777992248535 559.4600830078125
v 11.456640243530273 26.931217193603516 496.6020202636719
v 11.363327026367188 27.070537567138672 503.7697448730469
v 12.08971881866455 27.489852905273438 493.6066589355469
v 11.838224411010742 28.013925552368164 490.8267822265625
v 11.440278053283691 28.14577865600586 554.85791015625
v 11.383509635925293 28.515085220336914 506.1109313964844
v 12.013835906982422 29.986621856689453 484.8934020996094
v 11.459662437438965 30.626564025878906 553.3927001953125
v 12.098758697509766 30.140972137451172 483.6407165527344
v 11.603109359741211 30.028770446777344 501.8569030761719
v 11.693536758422852 30.46370506286621 498.6251220703125
v 11.74915885925293 31.89361572265625 494.411865234375
v 11.614964485168457 32.49327087402344 477.1707763671875
v 11.589475631713867 34.614723205566406 485.97625732421875
v 11.51557445526123 34.67848205566406 473.429443359375
v 11.723276138305664 35.68967056274414 482.1818542480469
v 12.020110130310059 34.55731201171875 466.7006530761719
v 11.606815338134766 36.25957107543945 477.6389465332031
v 12.008352279663086 35.947669982910156 480.2762451171875
v 12.101842880249023 35.983333587646484 462.2767333984375
v 11.677080154418945 36.84046173095703 459.742431640625
v 11.402022361755371 39.06188201904297 466.746826171875
v 12.510650634765625 -32.33083724975586 72.06724548339844
v 12.454977035522461 -27.63193130493164 81.32524871826172
v 12.261900901794434 -24.10134506225586 37.473541259765625
v 11.52199649810791 -23.74782371520996 86.18148040771484
v 11.612679481506348 -25.26233673095703 84.44369506835938
v 11.498761177062988 -22.020854949951172 85.93148040771484
v 12.791202545166016 -21.477649688720703 34.59814453125
v 11.99319839477539 -19.272512435913086 84.18647766113281
v 12.22640323638916 -20.060937881469727 89.51800537109375
v 12.180631637573242 -10.087904930114746 20.74805450439453
v 12.764659881591797 -12.154083251953125 573.60986328125
v 12.276986122131348 -8.537144660949707 19.089092254638672
v 12.136443138122559 -6.6099348068237305 566.9867553710938
v 12.344294548034668 -7.206374168395996 32.490020751953125
v 12.342427253723145 -6.5945587158203125 34.060401916503906
v 12.25046157836914 -5.7642083168029785 36.93260955810547
v 13.680710792541504 -5.406020641326904 39.31328582763672
v 13.906575202941895 -2.7061967849731445 378.181396484375
v 12.225146293640137 -3.2872650623321533 560.874755859375
v 11.937871932983398 -2.158625364303589 565.983642578125
v 12.09943675994873 -1.7755703926086426 571.8585815429688
v 12.345399856567383 -0.6689249873161316 573.0673828125
v 12.033088684082031 0.5111468434333801 568.0880126953125
v 13.276155471801758 -0.10990295559167862 548.4058227539062
v 12.252796173095703 1.5251890420913696 573.4927368164062
v 13.400089263916016 2.0575385093688965 548.7333984375
v 13.105372428894043 2.0607588291168213 530.8092041015625
v 11.878716468811035 3.8967676162719727 532.1564331054688
v 11.690999031066895 4.475897312164307 208.293212890625
v 11.557631492614746 6.581096172332764 210.86163330078125
v 11.602581024169922 4.366514682769775 211.90419006347656
v 11.378226280212402 7.084980487823486 213.55734252929688
v 11.566694259643555 4.844964504241943 214.3336181640625
v 11.408146858215332 7.46722936630249 217.40415954589844
v 12.039188385009766 4.063356399536133 219.08706665039062
v 11.826139450073242 5.251992702484131 217.0785369873047
v 11.622899055480957 8.200299263000488 216.07528686523438
v 11.756736755371094 6.797060489654541 220.6569366455078
v 12.536290168762207 6.133482456207275 392.4331970214844
v 11.459763526916504 8.86359977722168 219.07969665527344
v 11.866133689880371 8.625672340393066 210.0452423095703
v 11.617086410522461 9.242217063903809 212.74734497070312
v 11.630396842956543 10.530967712402344 216.45877075195312
v 12.150663375854492 13.11286449432373 219.55099487304688
v 11.80143928527832 11.145301818847656 222.203857421875
v 13.194764137268066 8.656949043273926 529.1245727539062
v 14.008010864257812 7.2117919921875 532.3716430664062
v 11.582605361938477 10.688505172729492 225.30520629882812
v 11.385282516479492 12.673824310302734 227.10226440429688
v 11.785651206970215 9.830598831176758 228.5434112548828
v 11.742530822753906 11.822583198547363 229.98838806152344
v 12.90007495880127 9.947455406188965 530.6803588867188
v 11.261008262634277 13.377853393554688 395.3413391113281
v 11.483721733093262 12.98832893371582 397.61962890625
v 11.65365219116211 13.307295799255371 223.6184539794922
v 11.635181427001953 15.262125015258789 228.16798400878906
v 13.251852035522461 13.05142593383789 413.2051696777344
v 12.466672897338867 13.549711227416992 411.0046691894531
v 11.643595695495605 15.379719734191895 225.37979125976562
v 11.164582252502441 15.511215209960938 394.9969787597656
v 11.602319717407227 14.896096229553223 399.2617492675781
v 12.010087013244629 13.01445484161377 400.38812255859375
v 11.783446311950684 16.343381881713867 399.0694580078125
v 12.563446044921875 17.1390380859375 418.47052001953125
v 12.078913688659668 21.778560638427734 363.2369079589844
v 11.79428482055664 23.273365020751953 559.769775390625
v 11.458273887634277 22.230127334594727 560.8922119140625
v 11.254179954528809 22.549942016601562 561.6212158203125
v 11.91580581665039 23.145109176635742 562.7976684570312
v 11.857770919799805 21.621566772460938 563.2079467773438
v 12.679635047912598 23.94625473022461 367.5700378417969
v 12.01124095916748 26.077999114990234 556.307861328125
v 12.247305870056152 27.445110321044922 496.4010925292969
v 11.874360084533691 27.39983558654785 498.8721008300781
v 11.734247207641602 27.52686309814453 502.73443603515625
v 11.967850685119629 28.1168212890625 502.36468505859375
v 11.755613327026367 29.069446563720703 503.36309814453125
v 11.959986686706543 32.21220779418945 555.4004516601562
v 12.18954849243164 32.696414947509766 474.51922607421875
v 11.866070747375488 33.984134674072266 554.1739501953125
v 12.29652214050293 32.91598129272461 490.32781982421875
v 11.962442398071289 33.928653717041016 473.1434020996094
v 12.377910614013672 33.78660202026367 470.6698913574219
v 11.894491195678711 34.86844253540039 484.5910949707031
v 11.602509498596191 35.80191421508789 473.9637756347656
v 12.119641304016113 37.528472900390625 470.9761657714844
v 12.106806755065918 39.458892822265625 460.1854248046875
v 13.707966804504395 -32.482994079589844 59.39272689819336
v 13.601245880126953 -32.74042892456055 71.3922348022461
v 13.225105285644531 -31.657861709594727 54.92198944091797
v 13.051409721374512 -30.91498565673828 52.411888122558594
v 13.937987327575684 -29.611961364746094 80.77993774414062
v 12.87035083770752 -27.181425094604492 43.577667236328125
v 12.552534103393555 -27.599063873291016 84.7382583618164
v 12.09183406829834 -25.95220947265625 87.30490112304688
v 12.051021575927734 -25.22006607055664 90.84700012207031
v 11.792340278625488 -23.231197357177734 90.33953857421875
v 12.013359069824219 -23.603729248046875 93.41144561767578
v 12.368962287902832 -24.825607299804688 94.56625366210938
v 12.129849433898926 -21.027633666992188 92.83529663085938
v 12.703649520874023 -17.84616470336914 64.73353576660156
v 13.490350723266602 -17.265504837036133 62.0942268371582
v 12.951108932495117 -16.726119995117188 60.44002151489258
v 12.714003562927246 -13.326957702636719 25.08822250366211
v 12.621548652648926 -11.1347017288208 571.961669921875
v 13.14964771270752 -10.14411735534668 45.172115325927734
v 13.44968318939209 -9.157299995422363 43.419857025146484
v 12.697608947753906 -9.794816017150879 575.3635864257812
v 12.203161239624023 -7.272221565246582 575.4114379882812
v 12.757173538208008 -7.497500896453857 30.314849853515625
v 12.472073554992676 -4.917710304260254 569.1448364257812
v 12.651283264160156 -6.820294380187988 573.0071411132812
v 12.232527732849121 -3.3798515796661377 16.6160945892334
v 12.359716415405273 -3.522542953491211 374.6856994628906
v 12.63769245147705 -0.1171736791729927 363.0043640136719
v 12.912209510803223 -0.669710099697113 547.89453125
v 12.36953067779541 -0.4016420841217041 202.539306640625
v 12.173437118530273 1.5297731161117554 201.78274536132812
v 11.867607116699219 2.140080690383911 205.14337158203125
v 12.327258110046387 -0.3215476870536804 206.3638458251953
v 11.909025192260742 3.1733102798461914 207.39114379882812
v 12.747576713562012 1.5215139389038086 569.799560546875
v 13.835284233093262 0.7847638130187988 548.6045532226562
v 13.340965270996094 2.64827036857605 389.9786071777344
v 11.995820999145508 1.8416365385055542 209.45188903808594
v 12.198545455932617 2.2927494049072266 214.8724365234375
v 12.474626541137695 3.9139046669006348 200.66397094726562
v 12.118589401245117 5.245762348175049 203.70509338378906
v 12.632036209106445 2.0424692630767822 531.9529418945312
v 12.54743766784668 2.8094024658203125 217.6758575439453
v 13.3860502243042 2.495401382446289 530.2400512695312
v 12.139533996582031 6.034235000610352 206.18637084960938
v 13.895331382751465 4.1230926513671875 391.7165222167969
v 12.44672679901123 5.913887023925781 223.6843719482422
v 12.118457794189453 7.749758243560791 207.25888061523438
v 12.55523681640625 6.530987739562988 533.1541748046875
v 11.903937339782715 8.586695671081543 223.53016662597656
v 12.260673522949219 7.515024662017822 226.3667755126953
v 13.3189115524292 6.213985443115234 529.0849609375
v 12.457025527954102 12.288644790649414 214.6663055419922
v 12.482667922973633 10.206665992736816 209.01715087890625
v 12.199798583984375 11.292426109313965 211.95382690429688
v 12.65018081665039 8.183733940124512 230.80905151367188
v 12.187026977539062 11.048584938049316 397.0586242675781
v 12.174631118774414 12.523784637451172 215.79896545410156
v 12.567769050598145 15.003509521484375 221.0626678466797
v 12.484493255615234 12.39567756652832 359.16455078125
v 13.737689971923828 13.586821556091309 414.9282531738281
v 12.568278312683105 16.470319747924805 221.89569091796875
v 12.246845245361328 14.378399848937988 232.6558837890625
v 12.48676586151123 16.273698806762695 401.6550598144531
v 12.24976634979248 17.23230743408203 231.05859375
v 12.675337791442871 18.56290626525879 224.3140106201172
v 12.223538398742676 17.763572692871094 226.3783416748047
v 12.490543365478516 19.201753616333008 394.44830322265625
v 12.478514671325684 20.528573989868164 362.1122131347656
v 12.378847122192383 18.928125381469727 361.66900634765625
v 13.646093368530273 19.400136947631836 408.40814208984375
v 12.383048057556152 20.21324920654297 561.9688720703125
v 12.829634666442871 19.067214965820312 563.6873779296875
v 13.066895484924316 18.847881317138672 564.9474487304688
v 12.484545707702637 21.17723274230957 560.6676635742188
v 13.535537719726562 23.095365524291992 412.8869934082031
v 15.557385444641113 28.16637420654297 386.6891174316406
v 12.560930252075195 25.888107299804688 560.9530639648438
v 12.650032997131348 27.567354202270508 559.4398193359375
v 12.320963859558105 29.39842414855957 554.4115600585938
v 12.3560152053833 28.301809310913086 498.980712890625
v 12.109519958496094 29.12630271911621 501.2735290527344
v 12.226336479187012 29.498085021972656 499.00469970703125
v 12.424309730529785 31.437610626220703 480.7266540527344
v 12.666692733764648 31.393564224243164 494.262451171875
v 12.347148895263672 31.860076904296875 478.382568359375
v 12.454195976257324 31.73065948486328 554.1553344726562
v 12.563233375549316 36.704246520996094 475.3391418457031
v 12.648900985717773 36.76258850097656 477.7733459472656
v 12.560629844665527 37.188201904296875 472.7608337402344
v 12.311644554138184 37.66328811645508 459.781494140625
v 12.593854904174805 39.120059967041016 467.0743103027344
v 12.459607124328613 38.71681594848633 459.98956298828125
v 12.562556266784668 39.524845123291016 463.21514892578125
v 13.84524917602539 -33.562255859375 61.98876190185547
v 13.780067443847656 -33.47613525390625 67.5506362915039
v 12.70165729522705 -27.43459701538086 87.25691986083984
v 12.846534729003906 -27.226531982421875 92.95101165771484
v 12.431241989135742 -22.516706466674805 95.42707061767578
v 13.813477516174316 -22.031898498535156 35.724124908447266
v 12.962175369262695 -20.1453800201416 95.96246337890625
v 13.205076217651367 -18.314559936523438 93.67097473144531
v 13.427742958068848 -17.665006637573242 89.82986450195312
v 13.043756484985352 -18.456510543823242 65.04950714111328
v 13.907118797302246 -18.20903968811035 31.631324768066406
v 12.637835502624512 -17.858129501342773 72.78048706054688
v 13.303916931152344 -15.11724853515625 29.411239624023438
v 13.427679061889648 -14.181068420410156 53.18086242675781
v 13.30072021484375 -13.607184410095215 51.11182403564453
v 13.538990020751953 -13.21320915222168 49.939491271972656
v 12.870467185974121 -11.109233856201172 23.534591674804688
v 13.518693923950195 -12.817760467529297 48.412872314453125
v 12.651211738586426 -11.873987197875977 574.5936279296875
v 13.62367057800293 -9.045002937316895 575.0947875976562
v 12.592952728271484 -5.4554924964904785 17.77386474609375
v 13.447901725769043 -6.5478010177612305 564.3297729492188
v 13.106958389282227 -7.180270195007324 28.284141540527344
v 13.196718215942383 -4.247485637664795 35.153438568115234
v 12.972626686096191 -4.9890666007995605 34.253421783447266
v 13.108892440795898 -6.053339958190918 24.706188201904297
v 13.10038948059082 -7.0400166511535645 26.14171600341797
v 12.575884819030762 -3.267561197280884 18.153194427490234
v 12.84506893157959 -4.941633701324463 21.845949172973633
v 13.753686904907227 -3.608823299407959 371.8347473144531
v 13.46799373626709 -3.0790014266967773 565.5244750976562
v 15.142428398132324 -2.7221977710723877 368.57958984375
v 12.85646915435791 -2.233914613723755 566.1516723632812
v 12.960210800170898 -3.9109113216400146 196.955810546875
v 12.43648910522461 -1.3350366353988647 197.65542602539062
v 12.613419532775879 -2.073390007019043 199.8869171142578
v 12.673931121826172 -1.4341840744018555 194.78546142578125
v 12.444232940673828 1.2950108051300049 197.47056579589844
v 13.087894439697266 -2.8646163940429688 203.799560546875
v 12.877076148986816 0.6541160941123962 193.97329711914062
v 13.74646282196045 -0.8027903437614441 544.4530029296875
v 12.645025253295898 -0.19408319890499115 208.65756225585938
v 12.98315143585205 -0.4096737205982208 212.172119140625
v 14.129929542541504 1.5970696210861206 544.7357177734375
v 13.04908561706543 1.418587565422058 571.4794311523438
v 13.013031959533691 1.886051058769226 219.95594787597656
v 13.001723289489746 2.137054204940796 533.2553100585938
v 14.65369987487793 2.30582332611084 546.5106811523438
v 12.962908744812012 7.519489765167236 202.56004333496094
v 13.100893020629883 9.004840850830078 205.08311462402344
v 13.335307121276855 10.238825798034668 205.68692016601562
v 14.156192779541016 7.961888790130615 530.8291625976562
v 13.231748580932617 13.235114097595215 210.70127868652344
v 12.88343334197998 11.264094352722168 400.570068359375
v 12.80373764038086 12.790946006774902 234.30838012695312
v 13.066910743713379 14.345288276672363 214.95416259765625
v 13.4796724319458 11.907354354858398 403.20989990234375
v 12.630426406860352 13.966036796569824 403.0580139160156
v 13.141698837280273 14.966184616088867 359.4610595703125
v 12.837708473205566 16.033483505249023 405.1254577636719
v 13.885683059692383 14.779982566833496 416.4578857421875
v 12.905659675598145 18.322311401367188 399.5197448730469
v 12.810688972473145 19.66629981994629 229.26434326171875
v 12.7610445022583 17.437559127807617 360.61004638671875
v 13.144920349121094 18.75239372253418 360.77471923828125
v 13.30703067779541 19.57908058166504 565.5191040039062
v 12.999543190002441 21.878381729125977 564.1820678710938
v 13.984524726867676 22.57215690612793 365.0163879394531
v 12.85643482208252 23.541065216064453 559.2354125976562
v 13.029987335205078 26.906108856201172 556.3212280273438
v 12.875465393066406 28.64089012145996 490.3582458496094
v 12.93535041809082 28.571985244750977 497.1396179199219
v 12.896159172058105 29.02703857421875 557.2963256835938
v 12.709229469299316 30.076356887817383 496.8822021484375
v 12.874096870422363 29.495620727539062 555.1260375976562
v 13.330907821655273 33.274879455566406 472.96331787109375
v 13.143196105957031 34.48138427734375 485.0804138183594
v 13.104254722595215 34.84811782836914 466.10516357421875
v 13.30396556854248 35.8060302734375 481.5723571777344
v 12.827067375183105 36.907005310058594 461.8074035644531
v 12.883532524108887 38.044654846191406 470.24749755859375
v 13.656431198120117 -28.743553161621094 48.400726318359375
v 13.549142837524414 -28.731184005737305 90.58287811279297
v 13.713623046875 -23.569007873535156 37.86232376098633
v 13.621438026428223 -22.715303421020508 99.177001953125
v 14.186142921447754 -18.619733810424805 67.62940216064453
v 14.273537635803223 -18.191572189331055 63.745731353759766
v 13.810384750366211 -16.492904663085938 85.47039031982422
v 13.185615539550781 -16.536605834960938 29.862390518188477
v 14.03844165802002 -16.370769500732422 76.1221694946289
v 14.0038480758667 -16.467668533325195 57.4534797668457
v 13.579085350036621 -12.245209693908691 25.876354217529297
v 14.326355934143066 -12.753485679626465 573.5018310546875
v 14.090653419494629 -11.669795036315918 575.9320678710938
v 13.17558765411377 -8.415393829345703 21.83273696899414
v 13.745250701904297 -10.233869552612305 571.6267700195312
v 13.485098838806152 -8.480324745178223 31.710853576660156
v 12.96342658996582 -6.628086090087891 33.279945373535156
v 13.796652793884277 -7.974511623382568 573.8931884765625
v 13.363007545471191 -6.261706352233887 566.4559326171875
v 13.338608741760254 -4.982608318328857 568.498779296875
v 13.319079399108887 -7.036708354949951 22.65749168395996
v 13.191301345825195 -4.167839527130127 33.44536590576172
v 13.408973693847656 -4.257110118865967 37.14925003051758
v 13.416786193847656 -2.7847938537597656 570.2269897460938
v 13.146422386169434 -4.199326515197754 192.0729217529297
v 13.092374801635742 -1.560085415840149 191.31080627441406
v 13.284546852111816 -4.524179458618164 199.3333740234375
v 13.249656677246094 -0.909023106098175 571.4024047851562
v 13.199440002441406 -2.478297233581543 207.07838439941406
v 16.143327713012695 -1.4032158851623535 366.05487060546875
v 16.171865463256836 -2.989881753921509 545.8746948242188
v 13.651784896850586 -2.293550968170166 209.38497924804688
v 13.74314022064209 -1.6558414697647095 545.2431640625
v 13.593462944030762 -0.5479668974876404 568.26953125
v 13.266129493713379 0.504382312297821 571.6351318359375
v 13.782308578491211 0.3077954649925232 218.34361267089844
v 13.563610076904297 2.1915159225463867 361.0726013183594
v 14.999165534973145 0.9454048275947571 388.5848388671875
v 13.113882064819336 3.774104118347168 196.01748657226562
v 13.385315895080566 2.386115789413452 193.24258422851562
v 13.360329627990723 2.9620463848114014 533.891357421875
v 14.517064094543457 2.177116870880127 545.6741943359375
v 12.72237491607666 4.776305198669434 18.858617782592773
v 13.184819221496582 2.2657077312469482 21.539670944213867
v 13.250288009643555 3.1782188415527344 17.791297912597656
v 13.333786964416504 2.998293161392212 24.39350128173828
v 13.32420539855957 3.2887465953826904 223.43601989746094
v 13.243515968322754 6.0479254722595215 199.55064392089844
v 12.936118125915527 6.032529830932617 19.617555618286133
v 13.686326026916504 4.7626519203186035 228.20782470703125
v 14.270818710327148 2.8484973907470703 226.03680419921875
v 13.676392555236816 5.148449897766113 533.427978515625
v 13.7247314453125 6.124114990234375 231.47434997558594
v 13.126508712768555 9.667308807373047 396.5168151855469
v 13.734580993652344 10.257713317871094 235.4201202392578
v 13.31663990020752 11.81226634979248 208.20065307617188
v 13.204051971435547 12.79595947265625 407.40478515625
v 12.833551406860352 14.166411399841309 408.1475524902344
v 13.39066219329834 12.936551094055176 410.89044189453125
v 13.451947212219238 18.504152297973633 237.10768127441406
v 13.255032539367676 17.519500732421875 407.6337585449219
v 13.326131820678711 18.04071617126465 401.1008605957031
v 14.313986778259277 18.705101013183594 417.57470703125
v 14.721942901611328 19.946685791015625 417.01953125
v 14.180283546447754 22.506149291992188 236.4229736328125
v 13.529037475585938 19.648509979248047 361.24774169921875
v 14.604809761047363 20.6878662109375 409.2812194824219
v 13.308844566345215 21.68443489074707 560.26171875
v 15.109268188476562 21.399208068847656 410.3569641113281
v 13.612628936767578 23.940736770629883 559.3123168945312
v 13.966413497924805 26.76803207397461 378.5605773925781
v 13.353471755981445 28.851524353027344 493.0834045410156
v 13.04283618927002 29.240205764770508 495.9242248535156
v 13.492637634277344 30.55620765686035 485.1607971191406
v 13.353302955627441 28.146512985229492 556.7886352539062
v 13.480816841125488 30.361324310302734 493.54791259765625
v 13.682501792907715 31.667173385620117 481.3143615722656
v 13.139982223510742 31.79399871826172 478.4111022949219
v 13.380836486816406 31.238271713256836 491.8216552734375
v 13.146018028259277 33.06218338012695 488.9527893066406
v 13.321113586425781 33.87527847290039 469.5923156738281
v 13.141348838806152 36.161277770996094 480.07208251953125
v 13.693318367004395 37.323692321777344 463.1351318359375
v 13.641077995300293 37.33229446411133 471.6917419433594
v 13.989814758300781 38.03107452392578 464.4232177734375
v 13.765637397766113 38.682533264160156 465.7274169921875
v 14.790414810180664 -32.90144348144531 70.59186553955078
v 14.549372673034668 -31.75290298461914 75.48002624511719
v 14.155913352966309 -29.57848358154297 86.48922729492188
v 13.925211906433105 -25.97885513305664 98.84783172607422
v 14.733325958251953 -28.048236846923828 98.42822265625
v 14.731294631958008 -24.835607528686523 42.18320846557617
v 14.44752311706543 -19.488962173461914 33.05266189575195
v 13.994521141052246 -19.016883850097656 97.67223358154297
v 14.369288444519043 -17.46059799194336 71.51347351074219
v 14.069045066833496 -16.84346580505371 92.39257049560547
v 14.08200454711914 -15.893315315246582 79.3872299194336
v 14.129319190979004 -12.674177169799805 575.0271606445312
v 14.964559555053711 -12.052177429199219 572.6270751953125
v 13.557369232177734 -9.155797004699707 24.656375885009766
v 14.70366382598877 -10.543542861938477 576.11474609375
v 13.822632789611816 -9.192039489746094 29.739194869995117
v 14.422310829162598 -9.19086742401123 572.2639770507812
v 13.52457046508789 -7.6289591789245605 32.32228088378906
v 15.282170295715332 -5.608958721160889 40.46908187866211
v 13.953577995300293 -5.101860523223877 30.631006240844727
v 13.991015434265137 -7.371750831604004 190.8772735595703
v 13.968615531921387 -7.1475348472595215 194.3363800048828
v 13.784878730773926 -4.301657199859619 563.9303588867188
v 14.383938789367676 -4.616867542266846 207.15093994140625
v 14.080201148986816 -3.2369868755340576 566.854248046875
v 14.52611255645752 -0.38115787506103516 385.63275146484375
v 13.929472923278809 1.487878441810608 190.3284149169922
v 13.65176010131836 0.1625351458787918 23.220884323120117
v 13.281769752502441 1.3817200660705566 24.25626564025879
v 13.718328475952148 0.544945478439331 26.841524124145508
v 13.27003288269043 5.351337432861328 16.671112060546875
v 14.320481300354004 4.556032657623291 359.8218688964844
v 14.1339111328125 2.956693410873413 529.885498046875
v 13.73585319519043 6.020617485046387 22.596843719482422
v 14.388860702514648 6.397770404815674 195.57461547851562
v 13.251251220703125 6.457134246826172 14.939045906066895
v 13.057840347290039 7.127578258514404 16.145753860473633
v 13.405898094177246 7.452995300292969 18.320005416870117
v 13.817086219787598 7.396979331970215 20.717405319213867
v 14.233165740966797 7.988579273223877 358.8631591796875
v 13.31235408782959 9.40160083770752 16.012434005737305
v 13.239917755126953 9.486700057983398 14.44592571258545
v 13.698546409606934 8.719637870788574 13.104532241821289
v 14.104019165039062 9.391264915466309 201.5953826904297
v 13.81560230255127 11.258065223693848 14.73969841003418
v 14.174537658691406 9.781464576721191 400.2962951660156
v 13.953895568847656 11.56567096710205 358.79461669921875
v 13.872237205505371 11.399930000305176 405.2237548828125
v 14.008227348327637 11.69158935546875 408.34521484375
v 14.194401741027832 14.095459938049316 239.16619873046875
v 14.490317344665527 16.326860427856445 213.92459106445312
v 13.570387840270996 17.13053321838379 237.98806762695312
v 14.30412483215332 18.13409996032715 219.37757873535156
v 13.9824857711792 14.398980140686035 359.2992858886719
v 14.092062950134277 17.0355167388916 417.592529296875
v 14.061174392700195 18.889568328857422 220.3250274658203
v 13.816726684570312 18.060556411743164 405.33856201171875
v 13.528215408325195 19.895462036132812 223.26806640625
v 13.87912654876709 21.03388023376465 237.47296142578125
v 13.861281394958496 20.036354064941406 396.5029602050781
v 13.859602928161621 21.8013973236084 227.81405639648438
v 15.329050064086914 20.86298179626465 363.1067199707031
v 15.157392501831055 21.263933181762695 415.6593933105469
v 14.476219177246094 22.19969940185547 563.593994140625
v 15.262041091918945 21.953899383544922 413.9510192871094
v 13.646560668945312 25.60264015197754 560.4451293945312
v 15.401116371154785 26.83925437927246 377.0278015136719
v 13.966582298278809 24.924402236938477 559.652587890625
v 13.564062118530273 29.466903686523438 490.41864013671875
v 14.068985939025879 32.4641227722168 474.73748779296875
v 13.88447380065918 31.95880889892578 489.21783447265625
v 14.181137084960938 33.818946838378906 471.9089660644531
v 14.288919448852539 35.057308197021484 481.5277099609375
v 13.73462200164795 36.0523681640625 464.7104187011719
v 13.730470657348633 36.77606964111328 475.5506286621094
v 13.943876266479492 36.70996856689453 477.6458740234375
v 14.137513160705566 37.24619674682617 473.47088623046875
v 13.852727890014648 37.9559440612793 469.6846008300781
v 15.077613830566406 -33.35237121582031 64.3277587890625
v 15.041646957397461 -31.64615249633789 58.38065719604492
v 14.762474060058594 -30.228052139282227 54.14265060424805
v 15.191304206848145 -30.665803909301758 80.45269012451172
v 14.291482925415039 -29.154375076293945 93.81451416015625
v 14.61983585357666 -26.101667404174805 44.21739959716797
v 14.889629364013672 -23.37076759338379 39.140174865722656
v 14.907685279846191 -20.754541397094727 35.66698455810547
v 14.138772964477539 -21.400827407836914 100.18589782714844
v 14.905705451965332 -19.151105880737305 63.97392272949219
v 14.406764030456543 -17.53899574279785 96.50324249267578
v 15.501076698303223 -15.90575122833252 74.64987182617188
v 14.239428520202637 -15.311396598815918 30.09856605529785
v 14.18885326385498 -13.48310375213623 29.945480346679688
v 14.175451278686523 -11.79767894744873 28.67340850830078
v 14.028340339660645 -10.644134521484375 26.438398361206055
v 14.80837345123291 -13.846906661987305 48.16469192504883
v 13.973445892333984 -9.101672172546387 27.430992126464844
v 14.41845989227295 -9.007392883300781 31.787179946899414
v 13.970553398132324 -6.292110919952393 187.60049438476562
v 14.05230712890625 -5.399592876434326 565.43408203125
v 14.08786678314209 -4.176302909851074 567.8775634765625
v 13.753755569458008 -3.5318288803100586 31.76066780090332
v 14.279955863952637 -5.8978471755981445 201.42030334472656
v 14.33524227142334 -4.647439002990723 184.83206176757812
v 14.808534622192383 -5.693606376647949 204.61326599121094
v 14.614293098449707 -3.1623992919921875 36.916500091552734
v 14.180047035217285 -2.511327028274536 29.5363712310791
v 14.016416549682617 -2.6207563877105713 34.51396560668945
v 14.089006423950195 -1.659157395362854 569.43994140625
v 14.6885347366333 -1.5661617517471313 33.032344818115234
v 17.702159881591797 -1.8102995157241821 382.3053894042969
v 14.625012397766113 -3.334782123565674 211.55186462402344
v 14.202603340148926 -1.9040141105651855 26.32074737548828
v 14.05622673034668 1.1297969818115234 27.982221603393555
v 14.388056755065918 0.0006393391522578895 220.947021484375
v 14.053739547729492 0.7805497050285339 20.779394149780273
v 15.503495216369629 -1.3187600374221802 533.5542602539062
v 13.888684272766113 2.2717175483703613 17.403518676757812
v 14.73161792755127 1.1840487718582153 224.1286163330078
v 14.304976463317871 3.6859662532806396 26.26809310913086
v 14.613654136657715 4.805706977844238 192.32708740234375
v 14.561324119567871 3.547715187072754 15.128312110900879
v 14.214607238769531 5.613221168518066 13.519769668579102
v 15.65552806854248 7.527688026428223 394.7411193847656
v 14.847893714904785 5.418160915374756 532.8104858398438
v 14.693278312683105 9.31632137298584 18.722734451293945
v 14.459614753723145 8.020760536193848 198.6951446533203
v 15.18048095703125 5.7421183586120605 530.8772583007812
v 14.454405784606934 10.284200668334961 12.256111145019531
v 13.796573638916016 10.766303062438965 13.495301246643066
v 14.048249244689941 10.865894317626953 16.481351852416992
v 14.761244773864746 11.564678192138672 204.0478973388672
v 14.095396041870117 11.54288387298584 571.2516479492188
v 13.675649642944336 12.754096984863281 571.1288452148438
v 13.67393970489502 11.75940990447998 572.2042846679688
v 13.600905418395996 13.270267486572266 572.1484985351562
v 13.994577407836914 13.312335968017578 573.0929565429688
v 14.379920959472656 11.715320587158203 573.2818603515625
v 14.502920150756836 11.950736999511719 410.3716735839844
v 15.022622108459473 12.194096565246582 412.2279968261719
v 14.870733261108398 14.102638244628906 207.5188751220703
v 14.600881576538086 15.750411033630371 213.24905395507812
v 14.266223907470703 15.44937515258789 359.2766418457031
v 14.360980987548828 19.079870223999023 402.46795654296875
v 14.199325561523438 18.86642837524414 407.55120849609375
v 15.126177787780762 16.622495651245117 564.9471435546875
v 14.725862503051758 17.792640686035156 563.7477416992188
v 15.081138610839844 16.275663375854492 359.4739685058594
v 14.762499809265137 19.36847496032715 400.8377380371094
v 14.53872013092041 21.841989517211914 242.23265075683594
v 14.842296600341797 17.873462677001953 566.7904663085938
v 14.138908386230469 20.213708877563477 565.8941040039062
v 14.557150840759277 20.119190216064453 561.9235229492188
v 14.496817588806152 21.801206588745117 224.34698486328125
v 14.726287841796875 24.037384033203125 234.80789184570312
v 15.080521583557129 20.618671417236328 565.519775390625
v 14.233211517333984 23.96746063232422 561.5547485351562
v 14.144577980041504 31.243412017822266 487.4404602050781
v 14.004849433898926 30.703662872314453 489.5971374511719
v 14.140174865722656 31.643400192260742 484.9375915527344
v 14.345208168029785 32.2927360534668 480.6404113769531
v 14.193790435791016 32.051368713378906 478.30133056640625
v 13.908430099487305 32.88420486450195 487.2724914550781
v 14.329327583312988 33.635169982910156 483.1950988769531
v 14.41197395324707 34.60441207885742 469.0492248535156
v 14.340789794921875 35.39566421508789 466.72509765625
v 14.202134132385254 35.67516326904297 480.15960693359375
v 14.24332046508789 36.78094482421875 465.4090576171875
v 15.900199890136719 -32.7875862121582 66.32612609863281
v 15.532508850097656 -31.146434783935547 59.22056198120117
v 15.38852310180664 -30.62662696838379 92.28085327148438
v 14.948981285095215 -24.17460060119629 104.16719818115234
v 16.19660758972168 -19.364551544189453 66.51594543457031
v 15.784283638000488 -18.447551727294922 68.53079986572266
v 15.164571762084961 -18.02781105041504 59.466285705566406
v 15.216879844665527 -16.143869400024414 95.7082748413086
v 15.462743759155273 -15.417362213134766 89.91111755371094
v 15.107771873474121 -16.44271469116211 55.24038314819336
v 15.45093059539795 -15.470687866210938 50.892242431640625
v 15.338382720947266 -14.591866493225098 48.93877029418945
v 14.4911470413208 -11.962762832641602 30.38454246520996
v 15.215018272399902 -10.639575958251953 43.452022552490234
v 14.380508422851562 -10.506220817565918 30.891401290893555
v 14.917819023132324 -8.96747875213623 573.9200439453125
v 15.170980453491211 -7.638397216796875 30.58579444885254
v 15.081632614135742 -9.529404640197754 184.70046997070312
v 14.565153121948242 -7.309375762939453 197.9693145751953
v 14.566055297851562 -3.6965410709381104 28.62699317932129
v 15.066957473754883 -5.615229606628418 28.720794677734375
v 15.517476081848145 -3.852839469909668 38.992977142333984
v 15.178980827331543 -4.230734348297119 210.2275848388672
v 14.460814476013184 -0.976539671421051 30.34247398376465
v 14.865388870239258 -1.8677563667297363 184.26829528808594
v 14.48625373840332 -1.0512477159500122 186.53111267089844
v 14.533196449279785 -0.8016577363014221 22.460351943969727
v 16.689817428588867 0.379204124212265 363.64501953125
v 15.685542106628418 -1.0575298070907593 532.375732421875
v 15.331183433532715 1.082779049873352 17.172443389892578
v 16.121549606323242 2.1856188774108887 390.6509094238281
v 15.558687210083008 1.118307113647461 535.0161743164062
v 14.871391296386719 3.3301467895507812 529.9586791992188
v 15.354808807373047 4.159095764160156 232.46360778808594
v 15.080322265625 4.330412864685059 530.0255737304688
v 14.77121353149414 8.464374542236328 11.994108200073242
v 15.516088485717773 7.8150634765625 236.85205078125
v 16.537296295166016 10.044853210449219 358.8046875
v 15.139701843261719 12.22445297241211 13.05202579498291
v 14.920559883117676 10.482542037963867 403.2926330566406
v 14.706695556640625 12.287349700927734 14.162027359008789
v 14.791197776794434 11.960916519165039 16.24171257019043
v 14.703096389770508 11.035463333129883 572.4387817382812
v 14.885764122009277 12.100135803222656 570.4735107421875
v 15.699925422668457 14.342340469360352 206.5868682861328
v 14.537513732910156 13.38064956665039 570.7117309570312
v 14.524590492248535 12.616162300109863 573.5623168945312
v 14.454463005065918 14.062625885009766 571.9030151367188
v 14.907394409179688 15.495840072631836 210.1507110595703
v 14.70266056060791 19.675827026367188 243.367919921875
v 14.950640678405762 18.247234344482422 217.76768493652344
v 14.718053817749023 16.740827560424805 565.8948364257812
v 14.938217163085938 20.048025131225586 399.27154541015625
v 14.82968807220459 21.333772659301758 222.0177764892578
v 15.936381340026855 22.18410301208496 395.7826232910156
v 15.788954734802246 25.921159744262695 234.10565185546875
v 14.42682933807373 22.647480010986328 560.9278564453125
v 15.224654197692871 26.417770385742188 390.96435546875
v 17.893177032470703 29.240392684936523 382.37451171875
v 16.16634750366211 28.64814567565918 385.1351318359375
v 16.607715606689453 28.84299659729004 383.71051025390625
v 14.28944206237793 32.53553009033203 484.6036071777344
v 15.055511474609375 36.10582733154297 475.56988525390625
v 14.524250030517578 37.685401916503906 466.8683166503906
v 14.605281829833984 36.70070266723633 471.6136779785156
v 16.29900550842285 -31.831356048583984 61.38264846801758
v 16.187772750854492 -32.69053649902344 69.95953369140625
v 16.338830947875977 -32.086666107177734 74.77247619628906
v 15.511148452758789 -30.803630828857422 86.53766632080078
v 15.181645393371582 -27.56602668762207 49.17192459106445
v 14.769621849060059 -26.330739974975586 102.34703826904297
v 14.925056457519531 -22.482208251953125 103.84833526611328
v 15.201889991760254 -20.34503746032715 102.91767883300781
v 16.370361328125 -17.616695404052734 33.448307037353516
v 16.43195152282715 -17.73073959350586 70.21871948242188
v 15.953855514526367 -14.473360061645508 78.46418762207031
v 15.182544708251953 -12.855742454528809 30.73540496826172
v 15.306792259216309 -12.545916557312012 575.1542358398438
v 15.978095054626465 -10.605731010437012 572.9993896484375
v 15.513870239257812 -10.515708923339844 31.935625076293945
v 15.633140563964844 -9.615728378295898 575.1636962890625
v 16.556377410888672 -8.641583442687988 42.448585510253906
v 15.82028579711914 -11.373051643371582 185.43980407714844
v 15.160881996154785 -9.8914794921875 191.06063842773438
v 15.695277214050293 -10.388187408447266 193.30645751953125
v 14.733793258666992 -7.6406168937683105 183.96759033203125
v 14.963006019592285 -8.26802921295166 181.32666015625
v 14.819607734680176 -5.260368347167969 183.07601928710938
v 15.106767654418945 -5.89293098449707 180.4962615966797
v 15.567010879516602 -4.795871734619141 27.698265075683594
v 15.309678077697754 -3.3392274379730225 182.23782348632812
v 16.58674430847168 -2.6428442001342773 376.7657165527344
v 15.386536598205566 -1.7702832221984863 35.686607360839844
v 15.696100234985352 -2.784820318222046 216.4718780517578
v 15.229578971862793 0.23779314756393433 30.961727142333984
v 15.269791603088379 -1.3163906335830688 219.9742431640625
v 15.460128784179688 0.09113603830337524 19.632753372192383
v 16.620405197143555 -0.8806298971176147 531.8387451171875
v 15.369938850402832 -0.5771600604057312 534.6656494140625
v 15.563478469848633 1.3473353385925293 186.172607421875
v 17.588205337524414 -0.26327383518218994 546.3943481445312
v 15.246378898620605 3.6572425365448 189.3916473388672
v 15.472332000732422 2.6740622520446777 229.43460083007812
v 15.47219181060791 6.684828758239746 24.202783584594727
v 15.834540367126465 4.684679985046387 532.0394897460938
v 15.663285255432129 6.337704658508301 359.41680908203125
v 15.287153244018555 9.513800621032715 19.377832412719727
v 15.268731117248535 8.254159927368164 397.28521728515625
v 15.482876777648926 10.14561653137207 199.39651489257812
v 15.704832077026367 10.935988426208496 240.29208374023438
v 15.431211471557617 10.104813575744629 405.3163757324219
v 15.083587646484375 11.065245628356934 571.4349365234375
v 15.369050025939941 11.913846969604492 358.686767578125
v 16.155561447143555 12.223133087158203 413.1686706542969
v 16.302696228027344 13.569913864135742 573.5709228515625
v 15.097710609436035 17.926488876342773 244.10238647460938
v 16.536623001098633 18.77278709411621 361.70343017578125
v 15.501338005065918 19.51021957397461 405.0647277832031
v 15.460988998413086 19.663129806518555 406.7352294921875
v 15.648914337158203 20.439943313598633 408.52069091796875
v 15.504973411560059 18.472620010375977 563.408935546875
v 15.8493070602417 16.829374313354492 567.7879638671875
v 15.89047908782959 19.27668571472168 566.5968017578125
v 15.209108352661133 20.68324089050293 397.2479553222656
v 15.095126152038574 21.278398513793945 562.5473022460938
v 15.771130561828613 24.16517448425293 226.18408203125
v 15.901522636413574 21.70250129699707 411.7354736328125
v 14.755584716796875 23.72028350830078 242.1470947265625
v 15.461508750915527 25.079029083251953 244.77532958984375
v 16.660871505737305 27.015460968017578 233.21115112304688
v 15.855198860168457 24.627349853515625 393.8317565917969
v 15.282150268554688 26.081785202026367 240.69692993164062
v 18.10988998413086 24.582395553588867 371.01068115234375
v 16.717830657958984 25.25569725036621 372.1261291503906
v 15.272910118103027 33.07026672363281 477.85394287109375
v 15.297257423400879 33.46094512939453 474.83563232421875
v 14.856056213378906 33.06187438964844 480.1605529785156
v 14.96078109741211 34.17844009399414 480.4109802246094
v 14.794817924499512 34.73480224609375 471.1376647949219
v 15.252147674560547 35.5183219909668 478.30670166015625
v 14.914765357971191 36.12238693237305 468.0925598144531
v 15.41306209564209 36.04475784301758 473.3953552246094
v 14.970673561096191 36.00498962402344 471.3191833496094
v 17.011381149291992 -31.705842971801758 79.62000274658203
v 15.809453964233398 -29.819990158081055 97.69148254394531
v 15.684524536132812 -29.089828491210938 101.25151824951172
v 16.239505767822266 -28.58544158935547 104.97244262695312
v 15.74759578704834 -24.898786544799805 44.72366714477539
v 16.4610538482666 -26.239063262939453 108.4644775390625
v 15.948205947875977 -20.77164649963379 37.06007766723633
v 16.48955535888672 -18.771888732910156 34.926055908203125
v 15.357274055480957 -18.825796127319336 63.247100830078125
v 16.14590072631836 -19.05472183227539 60.85117721557617
v 15.95547866821289 -18.303752899169922 56.61465835571289
v 15.791781425476074 -15.188679695129395 93.41179656982422
v 16.58523178100586 -14.492724418640137 76.98566436767578
v 15.650554656982422 -14.970383644104004 86.57868194580078
v 16.233318328857422 -11.953068733215332 573.9127197265625
v 15.332983016967773 -10.877167701721191 175.33905029296875
v 15.11755084991455 -8.639653205871582 176.92979431152344
v 15.188014030456543 -11.141609191894531 178.23049926757812
v 15.636730194091797 -9.139132499694824 173.75083923339844
v 15.707425117492676 -11.278650283813477 182.49330139160156
v 15.281899452209473 -10.481748580932617 183.1798858642578
v 15.771078109741211 -8.48669147491455 199.49322509765625
v 17.0516414642334 -6.3727240562438965 41.092063903808594
v 15.661848068237305 -7.055432319641113 174.8249969482422
v 15.97704029083252 -6.752095699310303 205.60365295410156
v 15.695318222045898 -3.615356922149658 179.78330993652344
v 15.764902114868164 -3.2160427570343018 25.114591598510742
v 16.84691047668457 -2.5049490928649902 370.1524963378906
v 18.124191284179688 -2.3463518619537354 378.6361083984375
v 16.40399742126465 -3.280689001083374 544.26708984375
v 16.949813842773438 -2.887424945831299 543.0746459960938
v 15.485904693603516 -1.2891744375228882 21.855199813842773
v 16.705371856689453 -1.2657105922698975 384.2568054199219
v 16.452308654785156 -0.7804027795791626 543.3705444335938
v 16.279935836791992 -0.8812891840934753 223.7675323486328
v 17.271320343017578 -0.37101849913597107 386.9713439941406
v 15.97211742401123 0.8496975898742676 226.67279052734375
v 17.190120697021484 3.20470929145813 361.3658142089844
v 15.5853271484375 3.986781597137451 27.500890731811523
v 16.352277755737305 2.598386287689209 534.3712158203125
v 15.983789443969727 3.920872449874878 13.436751365661621
v 16.59231185913086 5.129147529602051 12.252115249633789
v 16.577899932861328 2.799783706665039 531.22021484375
v 16.175838470458984 8.679944038391113 195.31443786621094
v 16.1213321685791 8.486830711364746 398.9687194824219
v 16.42987060546875 10.016342163085938 197.72926330566406
v 15.829389572143555 9.573577880859375 11.269234657287598
v 15.96438217163086 10.294564247131348 408.5754089355469
v 15.902548789978027 11.518645286560059 11.96074390411377
v 16.631603240966797 12.361026763916016 573.5676879882812
v 16.165552139282227 12.992513656616211 15.149846076965332
v 15.90381145477295 12.500808715820312 242.2467498779297
v 16.627382278442383 11.938100814819336 358.8221130371094
v 15.481894493103027 15.5715970993042 243.6883087158203
v 15.7098970413208 14.305632591247559 571.7171020507812
v 15.766254425048828 14.80868911743164 566.0572509765625
v 15.009403228759766 16.011096954345703 567.0051879882812
v 15.915565490722656 20.695568084716797 219.0208282470703
v 15.766267776489258 19.947649002075195 402.2442321777344
v 16.001527786254883 19.091930389404297 563.623291015625
v 15.83449649810791 20.847993850708008 247.7035369873047
v 16.19662094116211 19.87752914428711 564.2619018554688
v 16.560144424438477 19.597257614135742 565.48681640625
v 15.435664176940918 22.736438751220703 246.20498657226562
v 16.40543556213379 23.435401916503906 222.5574951171875
v 15.659416198730469 34.381961822509766 477.7245788574219
v 15.49937915802002 34.87439727783203 473.4613952636719
v 17.342966079711914 -32.30128860473633 69.57405090332031
v 16.44383430480957 -31.363670349121094 86.26932525634766
v 15.715107917785645 -29.25668716430664 54.39313507080078
v 16.111557006835938 -30.618398666381836 94.91278076171875
v 16.199859619140625 -26.43115234375 49.93565368652344
v 16.33938217163086 -24.098543167114258 108.69174194335938
v 16.518571853637695 -22.837223052978516 43.96012878417969
v 16.499568939208984 -21.951519012451172 40.252498626708984
v 16.5483341217041 -22.10981559753418 108.77043151855469
v 15.928464889526367 -18.478769302368164 102.37381744384766
v 17.0628604888916 -16.1455020904541 33.57978057861328
v 16.066246032714844 -13.56270980834961 31.906923294067383
v 16.3267822265625 -11.769814491271973 32.386573791503906
v 15.621821403503418 -12.847674369812012 176.289306640625
v 15.797684669494629 -13.122364044189453 179.18324279785156
v 16.333662033081055 -13.469931602478027 45.097652435302734
v 16.051939010620117 -11.488895416259766 171.70130920410156
v 16.321569442749023 -13.792498588562012 172.6295623779297
v 16.15328025817871 -11.058297157287598 575.3121337890625
v 16.310348510742188 -10.174863815307617 573.982177734375
v 16.64822769165039 -8.330936431884766 202.988037109375
v 16.44617462158203 -6.59311056137085 208.1481170654297
v 16.171161651611328 -4.448809623718262 176.50439453125
v 16.1065673828125 -1.595659852027893 181.65542602539062
v 16.512645721435547 -4.697510242462158 213.59059143066406
v 17.01947784423828 -0.5062474012374878 34.28936767578125
v 15.846668243408203 -0.30063703656196594 183.20367431640625
v 18.469675064086914 -2.0820581912994385 542.222412109375
v 18.215784072875977 -3.3812499046325684 545.88720703125
v 16.1564998626709 0.45871850848197937 32.129207611083984
v 17.23290252685547 -0.2770160138607025 531.6287231445312
v 16.3254337310791 1.908873438835144 15.37428092956543
v 16.213382720947266 1.4730709791183472 30.78407859802246
v 16.298049926757812 7.073217391967773 192.07713317871094
v 16.565176010131836 8.578154563903809 21.902063369750977
v 17.58146095275879 6.945269584655762 395.17755126953125
v 16.669593811035156 10.131892204284668 19.753883361816406
v 16.374160766601562 9.78929328918457 403.2785339355469
v 16.951324462890625 10.554593086242676 18.7158145904541
v 16.266759872436523 12.429954528808594 16.655948638916016
v 17.05072593688965 11.494840621948242 572.4027099609375
v 16.768205642700195 11.665214538574219 571.1849365234375
v 16.92115592956543 11.808652877807617 573.0946655273438
v 16.57280731201172 13.439001083374023 203.52191162109375
v 15.841461181640625 13.56865406036377 570.6860961914062
v 16.905590057373047 14.678312301635742 572.5023803710938
v 16.39803695678711 14.6268310546875 415.80987548828125
v 16.955158233642578 14.294803619384766 568.6061401367188
v 16.566740036010742 13.894388198852539 567.857666015625
v 16.932640075683594 17.916379928588867 212.1815948486328
v 16.504796981811523 16.167940139770508 564.8226318359375
v 16.926612854003906 18.08007049560547 249.3274688720703
v 16.603681564331055 20.161043167114258 217.78720092773438
v 17.425952911376953 20.91314125061035 409.5846862792969
v 19.237812042236328 23.677753448486328 369.9022521972656
v 16.000503540039062 26.611604690551758 247.73129272460938
v 16.17902374267578 25.11041831970215 249.75221252441406
v 16.33194351196289 28.300317764282227 239.236328125
v 15.897695541381836 26.9842472076416 243.5336151123047
v 17.04966163635254 26.641155242919922 375.53118896484375
v 17.087038040161133 -31.812484741210938 63.78467559814453
v 18.052091598510742 -31.939023971557617 73.76165771484375
v 17.520265579223633 -32.03986358642578 91.5868148803711
v 16.859561920166016 -29.602628707885742 58.327152252197266
v 16.865543365478516 -27.589115142822266 54.9428825378418
v 16.593730926513672 -23.622116088867188 45.37641525268555
v 17.033203125 -20.302453994750977 108.67749786376953
v 16.880962371826172 -19.393753051757812 37.531227111816406
v 16.30820083618164 -20.167646408081055 63.24921417236328
v 16.705223083496094 -19.985788345336914 62.337867736816406
v 16.929210662841797 -20.085092544555664 58.36585235595703
v 16.607311248779297 -18.116424560546875 53.704200744628906
v 16.410770416259766 -15.922566413879395 47.42869186401367
v 17.347248077392578 -14.9442138671875 33.652320861816406
v 17.293781280517578 -14.012604713439941 86.06543731689453
v 16.818572998046875 -15.710211753845215 176.24559020996094
v 16.4405460357666 -12.78429126739502 183.16395568847656
v 16.5432186126709 -13.055747985839844 184.0663299560547
v 16.753864288330078 -12.639464378356934 187.17044067382812
v 16.482574462890625 -9.480829238891602 169.74502563476562
v 17.235267639160156 -11.888861656188965 194.169677734375
v 17.0996036529541 -8.671879768371582 30.422616958618164
v 16.284360885620117 -7.219339370727539 172.5946502685547
v 17.290987014770508 -6.775974273681641 27.992095947265625
v 17.333267211914062 -5.457474708557129 27.128278732299805
v 17.190937042236328 -6.116289138793945 210.70570373535156
v 16.916156768798828 -1.790593147277832 178.3818817138672
v 18.41875648498535 -2.2446913719177246 374.9724426269531
v 19.058765411376953 -5.068329334259033 543.9903564453125
v 16.689599990844727 -1.6783009767532349 21.625385284423828
v 17.344322204589844 -3.111771583557129 220.60345458984375
v 17.094449996948242 -1.1584360599517822 535.7057495117188
v 17.176254272460938 1.7754201889038086 182.99441528320312
v 17.438203811645508 -0.35299456119537354 543.6585693359375
v 18.01352882385254 -0.07394331693649292 544.5792236328125
v 17.614927291870117 0.6432926058769226 531.6882934570312
v 16.949644088745117 3.549295663833618 186.22950744628906
v 16.847116470336914 3.112124443054199 29.429012298583984
v 17.280118942260742 6.551055908203125 359.677734375
v 17.28946876525879 9.247386932373047 241.39749145507812
v 16.9383602142334 9.5717134475708 406.0568542480469
v 16.93788719177246 9.846414566040039 11.155280113220215
v 17.390796661376953 12.921667098999023 201.0711669921875
v 17.063156127929688 12.674575805664062 13.036513328552246
v 17.72759437561035 13.137533187866211 570.603271484375
v 17.47820281982422 12.588142395019531 413.7538146972656
v 16.62282371520996 15.128447532653809 246.08033752441406
v 17.53470802307129 16.106897354125977 206.262451171875
v 17.590702056884766 13.550718307495117 566.0382080078125
v 17.211139678955078 17.321666717529297 209.1189422607422
v 17.48038673400879 17.230682373046875 361.1312561035156
v 16.84972381591797 17.292448043823242 564.3884887695312
v 17.314044952392578 17.601472854614258 416.2317810058594
v 16.833877563476562 17.198781967163086 567.83642578125
v 17.37031364440918 20.277822494506836 400.4252624511719
v 17.24696922302246 21.050203323364258 398.0964050292969
v 16.941078186035156 22.8528995513916 220.3766632080078
v 16.3347110748291 23.079936981201172 250.39218139648438
v 18.652057647705078 27.404863357543945 392.7710266113281
v 17.02706527709961 28.911258697509766 237.225341796875
v 16.46392822265625 28.641443252563477 246.86825561523438
v 16.693233489990234 28.912477493286133 242.2659454345703
v 16.85249900817871 -29.64249610900879 59.37261962890625
v 17.563392639160156 -31.515888214111328 96.41715240478516
v 17.471561431884766 -31.4858455657959 99.81041717529297
v 17.130023956298828 -30.18125343322754 104.65177917480469
v 17.031856536865234 -25.28400993347168 51.413658142089844
v 16.9200496673584 -28.14619255065918 107.99784088134766
v 16.867399215698242 -27.275632858276367 111.29339599609375
v 16.56305503845215 -25.08868980407715 112.84284210205078
v 16.804529190063477 -24.966800689697266 115.78192901611328
v 16.61185073852539 -22.94578742980957 113.24078369140625
v 17.132875442504883 -21.09733009338379 62.74848175048828
v 17.055156707763672 -20.076297760009766 55.6090087890625
v 18.523311614990234 -18.845073699951172 69.24549865722656
v 17.063329696655273 -18.298498153686523 49.46326446533203
v 18.130674362182617 -15.831400871276855 101.79598236083984
v 17.303316116333008 -14.708802223205566 96.52592468261719
v 17.475095748901367 -14.095132827758789 93.6290054321289
v 17.23857307434082 -17.009153366088867 168.4285125732422
v 16.73786163330078 -15.329913139343262 167.5450897216797
v 17.1098690032959 -15.790772438049316 173.706298828125
v 17.05019760131836 -15.688072204589844 178.9667510986328
v 16.504945755004883 -13.267375946044922 166.63015747070312
v 18.1479434967041 -12.849705696105957 33.738807678222656
v 17.152694702148438 -13.092480659484863 42.31803894042969
v 16.939002990722656 -10.361804008483887 165.5871124267578
v 17.290382385253906 -5.090490818023682 172.14674377441406
v 17.561166763305664 -4.33532190322876 39.755104064941406
v 17.28676414489746 -4.696101188659668 25.945920944213867
v 17.63375473022461 -3.72843337059021 24.719173431396484
v 17.183399200439453 -1.349645733833313 36.14216232299805
v 17.352624893188477 -0.20152612030506134 19.12200355529785
v 17.26055145263672 -0.0021755676716566086 181.0326385498047
v 17.483335494995117 0.609844446182251 17.005115509033203
v 18.059337615966797 0.6820659041404724 389.0064392089844
v 17.20852279663086 1.9240633249282837 231.81480407714844
v 17.175262451171875 6.159070014953613 237.6020050048828
v 17.933706283569336 5.557836055755615 12.04004955291748
v 17.272804260253906 6.746082305908203 24.862173080444336
v 17.490732192993164 9.52371597290039 403.2527160644531
v 18.08415985107422 11.590129852294922 197.66500854492188
v 17.61519432067871 14.702914237976074 360.0030517578125
v 18.17741584777832 14.570427894592285 570.6793823242188
v 17.57304573059082 14.958842277526855 571.0118408203125
v 17.30926513671875 14.131053924560547 573.117919921875
v 17.228023529052734 15.188214302062988 571.7669677734375
v 18.647218704223633 15.635151863098145 415.3575439453125
v 17.460670471191406 18.861602783203125 212.76568603515625
v 17.26549530029297 18.39824867248535 564.7700805664062
v 18.65305519104004 19.269376754760742 414.6203918457031
v 17.69569206237793 20.40435218811035 402.3914794921875
v 17.159523010253906 20.056833267211914 405.0144348144531
v 17.238235473632812 20.303773880004883 406.8994445800781
v 17.19142723083496 20.572450637817383 251.80633544921875
v 17.413291931152344 21.639434814453125 397.2248840332031
v 17.931541442871094 28.444244384765625 232.9302978515625
v 17.118112564086914 30.371715545654297 245.81573486328125
v 17.911367416381836 -30.93637466430664 65.06017303466797
v 18.93722152709961 -31.364160537719727 69.44160461425781
v 18.263355255126953 -32.32168960571289 87.37269592285156
v 18.701337814331055 -32.31393051147461 85.8906021118164
v 18.194345474243164 -31.896625518798828 95.20821380615234
v 18.39920425415039 -31.80175018310547 104.21385192871094
v 18.15146255493164 -30.568645477294922 107.59453582763672
v 17.551273345947266 -29.28577423095703 109.68819427490234
v 16.960338592529297 -26.813053131103516 114.41670989990234
v 17.339250564575195 -26.678752899169922 118.2385025024414
v 17.17597007751465 -24.37051773071289 119.2470932006836
v 16.830219268798828 -23.00396728515625 116.14456176757812
v 17.20229148864746 -21.957988739013672 45.78883743286133
v 17.27113151550293 -20.628734588623047 45.381324768066406
v 17.64478302001953 -19.55851936340332 40.7822151184082
v 17.11225128173828 -20.828866958618164 113.66488647460938
v 17.318817138671875 -20.4320125579834 116.25162506103516
v 17.311046600341797 -22.27280044555664 119.40193176269531
v 17.821147918701172 -21.590730667114258 60.51347732543945
v 18.01242446899414 -21.06623649597168 65.38033294677734
v 17.386754989624023 -18.500417709350586 38.31162643432617
v 17.517078399658203 -18.064395904541016 106.57817840576172
v 17.65555191040039 -16.52666664123535 103.37841033935547
v 17.251739501953125 -18.002832412719727 47.72370529174805
v 17.16102409362793 -18.21430015563965 46.72329330444336
v 17.390270233154297 -14.834280014038086 43.7822151184082
v 18.40977668762207 -15.29256820678711 73.86080932617188
v 17.700960159301758 -17.607940673828125 170.95350646972656
v 18.63942527770996 -14.087942123413086 75.98768615722656
v 17.928770065307617 -14.028669357299805 89.83810424804688
v 17.693889617919922 -15.4029541015625 181.99449157714844
v 18.536893844604492 -13.462117195129395 78.25785827636719
v 17.180160522460938 -15.328811645507812 163.7623291015625
v 17.13677406311035 -13.040536880493164 163.1657257080078
v 17.85940933227539 -13.673973083496094 188.48085021972656
v 17.035385131835938 -13.611068725585938 593.4426879882812
v 17.261730194091797 -12.718063354492188 592.5406494140625
v 16.95367431640625 -12.10114860534668 594.4635620117188
v 18.263425827026367 -10.034546852111816 41.87110137939453
v 17.999618530273438 -10.359450340270996 31.637393951416016
v 17.170766830444336 -7.81468391418457 168.84214782714844
v 18.29269027709961 -8.674630165100098 205.66822814941406
v 17.92159080505371 -4.218859672546387 217.5931854248047
v 18.53152847290039 -3.2249019145965576 222.7292938232422
v 17.970905303955078 -1.736577033996582 225.09725952148438
v 18.175832748413086 -1.5426266193389893 368.74896240234375
v 17.900150299072266 -2.3359172344207764 534.3839721679688
v 19.517770767211914 -2.9804468154907227 545.729248046875
v 18.104915618896484 -0.5187979340553284 228.10568237304688
v 17.531492233276367 -0.2760813534259796 536.0322265625
v 17.72686004638672 0.6018057465553284 33.133094787597656
v 18.10897445678711 1.5818425416946411 31.419429779052734
v 18.557308197021484 1.4448697566986084 15.616903305053711
v 17.84044647216797 0.8782639503479004 535.404541015625
v 18.00563621520996 3.5298006534576416 13.279831886291504
v 18.620656967163086 0.7186589241027832 532.8922119140625
v 18.311382293701172 1.3827921152114868 534.1588745117188
v 18.134305953979492 2.6556098461151123 234.46701049804688
v 18.057205200195312 3.9474356174468994 28.64385223388672
v 18.194286346435547 7.561788558959961 397.4351806640625
v 17.769437789916992 8.361231803894043 191.87001037597656
v 18.506868362426758 9.283758163452148 21.187358856201172
v 18.086210250854492 11.063092231750488 196.8767547607422
v 18.217939376831055 9.959473609924316 408.81396484375
v 17.78960418701172 11.49032211303711 11.931392669677734
v 17.98480224609375 13.350991249084473 246.94923400878906
v 17.812458038330078 12.096087455749512 568.2443237304688
v 18.581159591674805 13.421804428100586 414.216552734375
v 17.86566925048828 16.62523651123047 565.404296875
v 17.717365264892578 17.51744842529297 566.9595947265625
v 20.624267578125 21.159780502319336 367.2718200683594
v 17.883638381958008 22.068336486816406 218.02410888671875
v 18.340883255004883 24.866025924682617 255.9138946533203
v 17.817726135253906 27.297786712646484 254.5489959716797
v 18.013446807861328 25.79990577697754 224.6490478515625
v 17.474367141723633 28.872961044311523 252.60372924804688
v 22.476842880249023 30.940725326538086 390.2875061035156
v 17.532508850097656 30.91240692138672 249.1782684326172
v 18.116844177246094 31.105344772338867 240.99002075195312
v 18.811689376831055 -32.25050735473633 78.39665985107422
v 18.450008392333984 -29.768272399902344 63.2476806640625
v 17.9169979095459 -29.30682373046875 60.977962493896484
v 17.883729934692383 -27.590604782104492 59.566680908203125
v 18.209197998046875 -30.965789794921875 107.99002838134766
v 17.929357528686523 -27.629596710205078 58.816856384277344
v 17.521663665771484 -28.54200553894043 114.26044464111328
v 17.802045822143555 -24.851228713989258 56.074249267578125
v 18.189199447631836 -26.78837776184082 121.70330810546875
v 17.472732543945312 -23.97880744934082 52.553043365478516
v 17.72146224975586 -22.846263885498047 56.29939270019531
v 17.449935913085938 -20.18297576904297 47.04830551147461
v 17.57577896118164 -21.72246742248535 54.68455505371094
v 17.76180076599121 -19.932308197021484 118.6560287475586
v 17.61075210571289 -19.372339248657227 112.1943588256836
v 17.94101333618164 -18.377958297729492 108.75896453857422
v 17.969470977783203 -17.578102111816406 42.35882568359375
v 17.831653594970703 -16.906518936157227 36.00143051147461
v 18.734085083007812 -16.374996185302734 106.06407165527344
v 17.729833602905273 -17.560749053955078 164.45516967773438
v 17.76938247680664 -17.61809539794922 160.90896606445312
v 19.037940979003906 -16.42784309387207 71.97884368896484
v 17.259952545166016 -14.325711250305176 161.62257385253906
v 17.8652400970459 -14.662155151367188 40.79057693481445
v 18.281064987182617 -14.945829391479492 184.1678924560547
v 18.544706344604492 -15.343389511108398 184.84535217285156
v 18.021528244018555 -14.556916236877441 591.9700317382812
v 17.99407196044922 -14.602768898010254 157.0291748046875
v 17.455080032348633 -11.24894905090332 162.2913360595703
v 17.48768424987793 -14.259201049804688 594.4034423828125
v 17.638532638549805 -11.523143768310547 595.6085205078125
v 19.064422607421875 -10.518153190612793 32.16006851196289
v 17.51634407043457 -9.831746101379395 593.9869384765625
v 17.635540008544922 -9.533186912536621 595.009033203125
v 17.93836212158203 -10.47089958190918 592.6879272460938
v 18.30661964416504 -10.867328643798828 199.13665771484375
v 19.709409713745117 -6.982570171356201 40.28195571899414
v 17.97950553894043 -7.677361965179443 165.4513702392578
v 18.223554611206055 -8.164844512939453 29.527711868286133
v 18.49456024169922 -8.014994621276855 208.38800048828125
v 18.19706916809082 -6.082029819488525 168.18821716308594
v 18.257585525512695 -2.788112163543701 38.07147979736328
v 19.200742721557617 -2.8043441772460938 536.6475830078125
v 17.66289710998535 -0.46280553936958313 178.8063201904297
v 19.033681869506836 -0.10974656045436859 366.5716247558594
v 19.431644439697266 -0.9643794298171997 544.5926513671875
v 18.955015182495117 1.6405768394470215 180.4217529296875
v 18.369699478149414 2.3920440673828125 362.8678283691406
v 18.29115104675293 4.3826799392700195 185.51072692871094
v 18.29471206665039 6.494528770446777 188.3900604248047
v 18.901565551757812 6.165705680847168 12.13343620300293
v 18.7820987701416 7.4122772216796875 241.35536193847656
v 18.47993278503418 8.404535293579102 399.3052978515625
v 18.587488174438477 9.971602439880371 359.8675842285156
v 18.535480499267578 9.453033447265625 406.13427734375
v 18.63058853149414 10.497040748596191 19.222929000854492
v 18.407516479492188 10.159330368041992 11.554766654968262
v 17.854595184326172 12.566354751586914 16.232248306274414
v 18.857540130615234 11.148052215576172 411.1197814941406
v 18.48911476135254 12.932242393493652 571.6824951171875
v 18.100704193115234 12.77868938446045 14.128501892089844
v 17.671661376953125 12.930339813232422 569.2916870117188
v 18.531837463378906 14.53925609588623 202.74935913085938
v 18.089305877685547 15.873932838439941 205.61790466308594
v 18.63787269592285 14.077347755432129 565.82568359375
v 18.10783576965332 14.315613746643066 569.2118530273438
v 18.343708038330078 21.32532501220703 217.03775024414062
v 19.243330001831055 20.271583557128906 412.2946472167969
v 18.290590286254883 20.917943954467773 411.3664245605469
v 19.102506637573242 22.216461181640625 256.4661865234375
v 23.11440658569336 26.719406127929688 396.6067199707031
v 19.149450302124023 29.1141414642334 231.38519287109375
v 19.347900390625 25.95454216003418 373.76416015625
v 20.38716697692871 28.443817138671875 377.8241271972656
v 19.116838455200195 29.156810760498047 380.2546081542969
v 18.158647537231445 30.634258270263672 237.58628845214844
v 18.386690139770508 32.68040084838867 245.85348510742188
v 19.975547790527344 -30.272380828857422 68.83116912841797
v 18.24625015258789 -30.029512405395508 113.88380432128906
v 18.261743545532227 -29.08424186706543 118.17839813232422
v 18.93907356262207 -27.02886199951172 62.078529357910156
v 18.770193099975586 -28.588937759399414 121.47632598876953
v 18.15571403503418 -24.453706741333008 122.83057403564453
v 18.400901794433594 -23.897077560424805 59.762508392333984
v 18.22530174255371 -21.48786735534668 122.0322265625
v 18.058589935302734 -22.837238311767578 61.916358947753906
v 18.300077438354492 -18.302417755126953 115.76680755615234
v 18.762046813964844 -20.187623977661133 159.2461700439453
v 17.990564346313477 -16.43963050842285 39.96327209472656
v 18.79282569885254 -18.15528678894043 174.93569946289062
v 18.3853816986084 -15.367180824279785 38.54710006713867
v 18.797590255737305 -18.13652229309082 177.00323486328125
v 18.095190048217773 -17.671228408813477 157.54843139648438
v 18.25517463684082 -15.215536117553711 35.75431823730469
v 18.32440948486328 -15.555932998657227 592.8899536132812
v 19.154111862182617 -13.416472434997559 86.16732025146484
v 18.684513092041016 -14.050466537475586 595.4761352539062
v 19.51285743713379 -13.342643737792969 194.9228057861328
v 18.272127151489258 -8.954357147216797 162.34390258789062
v 19.236852645874023 -6.20198392868042 214.6235809326172
v 18.693889617919922 -5.009399890899658 542.9444580078125
v 18.81198501586914 -3.100926399230957 172.02694702148438
v 19.170921325683594 -1.981045126914978 533.7840576171875
v 19.2533016204834 -2.3151209354400635 537.223876953125
v 19.151103973388672 -1.648820400238037 36.332054138183594
v 19.883289337158203 -1.1511985063552856 384.8938903808594
v 18.897502899169922 0.1464281529188156 18.993059158325195
v 19.345720291137695 4.554197788238525 238.31321716308594
v 20.36903190612793 7.022858142852783 396.2216796875
v 18.704761505126953 7.025954246520996 24.253738403320312
v 18.438812255859375 8.344977378845215 22.118078231811523
v 18.715099334716797 7.399549961090088 360.3466491699219
v 19.35373878479004 10.442090034484863 193.81723022460938
v 18.213973999023438 11.052440643310547 570.20166015625
v 18.70627212524414 14.224510192871094 572.9415893554688
v 18.86530876159668 14.097833633422852 570.9519653320312
v 18.601879119873047 15.23343276977539 250.18858337402344
v 18.975919723510742 14.959881782531738 568.7612915039062
v 19.577836990356445 18.712488174438477 571.7744750976562
v 18.656169891357422 18.16074562072754 252.9736785888672
v 19.623933792114258 18.605260848999023 363.8713684082031
v 19.385435104370117 20.04018211364746 400.189453125
v 18.83959197998047 20.058958053588867 404.9221496582031
v 19.742351531982422 21.325756072998047 397.9342956542969
v 18.660924911499023 24.771665573120117 221.39170837402344
v 18.607847213745117 22.524932861328125 396.9259948730469
v 18.131629943847656 30.88398551940918 252.708740234375
v 19.0126895904541 33.40855026245117 251.0140380859375
v 20.036121368408203 -32.622093200683594 94.23500061035156
v 19.79132843017578 -33.069149017333984 99.03203582763672
v 18.86974334716797 -29.110370635986328 64.4150619506836
v 19.174373626708984 -31.644256591796875 110.63412475585938
v 18.41143798828125 -25.587295532226562 59.34559631347656
v 18.351051330566406 -24.585811614990234 60.63963317871094
v 18.97553253173828 -22.831117630004883 64.77487182617188
v 19.835857391357422 -19.89548110961914 68.92064666748047
v 19.110706329345703 -18.936086654663086 121.71135711669922
v 19.15947723388672 -17.48171043395996 119.04988861083984
v 18.6947021484375 -19.565834045410156 164.91162109375
v 19.30127716064453 -20.289472579956055 168.54347229003906
v 19.24131202697754 -19.62101936340332 171.68045043945312
v 19.145227432250977 -16.76949119567871 108.91676330566406
v 19.273574829101562 -17.325117111206055 181.49984741210938
v 18.457223892211914 -17.467308044433594 155.99838256835938
v 19.40398597717285 -14.95534610748291 102.62857818603516
v 18.8620662689209 -15.420577049255371 594.2838134765625
v 19.138826370239258 -13.576998710632324 95.23841094970703
v 19.68425178527832 -13.226165771484375 93.52944946289062
v 18.606201171875 -13.551015853881836 591.4547119140625
v 19.694562911987305 -11.128385543823242 40.314876556396484
v 18.941423416137695 -12.926910400390625 154.96632385253906
v 18.47603988647461 -10.617218971252441 158.81741333007812
v 19.709932327270508 -8.650989532470703 30.87590789794922
v 18.57611846923828 -8.974220275878906 596.2169189453125
v 19.00147819519043 -7.016498565673828 594.7062377929688
v 19.021400451660156 -7.3453826904296875 595.849609375
v 20.24362564086914 -7.75059175491333 211.27769470214844
v 19.038471221923828 -5.245528697967529 39.882408142089844
v 19.021034240722656 -5.515532970428467 27.060409545898438
v 18.826148986816406 -3.709441661834717 170.5865936279297
v 19.936147689819336 -5.286581993103027 217.74111938476562
v 18.82454490661621 -4.317077159881592 541.8013305664062
v 19.539915084838867 -4.400823593139648 220.82916259765625
v 19.6593074798584 -3.336982250213623 24.697975158691406
v 21.26801872253418 -1.5488163232803345 378.1064453125
v 19.435155868530273 -0.8051701188087463 34.697662353515625
v 19.14920997619629 -1.0917128324508667 174.8124237060547
v 19.544208526611328 -1.2754974365234375 537.5274658203125
v 19.71977424621582 1.3412646055221558 178.1451416015625
v 19.402921676635742 -1.7853999137878418 545.6710815429688
v 19.0764217376709 0.9261796474456787 232.77786254882812
v 20.277830123901367 -0.9508057832717896 230.13690185546875
v 20.284427642822266 2.236530303955078 364.75604248046875
v 19.64185905456543 0.419082373380661 534.5148315429688
v 19.887025833129883 3.6678953170776367 181.88473510742188
v 19.17470359802246 4.575325965881348 361.8863220214844
v 19.571640014648438 5.406036853790283 25.894012451171875
v 19.299537658691406 8.66751480102539 190.616455078125
v 19.53432846069336 9.802271842956543 403.1932373046875
v 19.342092514038086 8.677248001098633 243.76168823242188
v 19.386276245117188 11.64531135559082 247.26284790039062
v 19.11237144470215 10.657455444335938 17.71788215637207
v 18.818010330200195 10.336318969726562 571.9271240234375
v 19.122331619262695 11.756141662597656 13.148136138916016
v 18.954797744750977 12.284440040588379 15.406498908996582
v 19.415475845336914 13.08558177947998 360.6993103027344
v 18.93794059753418 13.984698295593262 569.7787475585938
v 19.211801528930664 16.780302047729492 570.3457641601562
v 19.64388084411621 16.428537368774414 572.8802490234375
v 20.047504425048828 15.803966522216797 362.21490478515625
v 18.96357536315918 17.855205535888672 571.0748291015625
v 19.80343246459961 18.009220123291016 572.4286499023438
v 18.876800537109375 16.02651596069336 566.4244384765625
v 19.429332733154297 18.386625289916992 208.36216735839844
v 19.110044479370117 17.560161590576172 415.0230712890625
v 19.20858383178711 20.34300994873047 407.9858093261719
v 19.865633010864258 24.703367233276367 219.68519592285156
v 18.937328338623047 27.328670501708984 257.78668212890625
v 19.01310157775879 30.285079956054688 257.2925720214844
v 18.694499969482422 31.775516510009766 254.69456481933594
v 20.609081268310547 -32.114410400390625 76.31703186035156
v 20.146963119506836 -33.27178955078125 102.79920196533203
v 20.101587295532227 -30.954486846923828 72.357421875
v 19.323415756225586 -31.417438507080078 114.53541564941406
v 19.357507705688477 -26.57786750793457 125.50627899169922
v 19.012502670288086 -23.495752334594727 125.75044250488281
v 19.01075553894043 -20.39211654663086 124.0197525024414
v 19.728275299072266 -21.867185592651367 159.72625732421875
v 19.131467819213867 -20.234121322631836 157.68170166015625
v 19.162206649780273 -17.043251037597656 115.45874786376953
v 20.144407272338867 -16.685461044311523 71.64691925048828
v 20.437366485595703 -14.838889122009277 105.50640869140625
v 18.92241668701172 -15.993361473083496 153.62025451660156
v 18.73601722717285 -14.541238784790039 154.8318634033203
v 19.9693660736084 -12.664719581604004 36.6693229675293
v 20.06662940979004 -15.857666015625 591.47705078125
v 20.2128849029541 -14.378885269165039 101.1300277709961
v 20.545061111450195 -14.856303215026855 590.6823120117188
v 19.29664421081543 -12.867278099060059 35.09926223754883
v 19.848966598510742 -12.150033950805664 39.33713912963867
v 20.62580680847168 -13.337456703186035 89.76850891113281
v 19.453548431396484 -14.479096412658691 190.38726806640625
v 19.541807174682617 -10.671679496765137 155.4091033935547
v 19.145463943481445 -11.427166938781738 592.0265502929688
v 19.508132934570312 -8.320586204528809 593.2109375
v 19.793737411499023 -9.37630844116211 596.7656860351562
v 19.06418228149414 -7.854817867279053 161.4456787109375
v 19.70001220703125 -9.13553524017334 206.53468322753906
v 19.961910247802734 -6.723012924194336 28.284976959228516
v 19.371776580810547 -5.7298583984375 165.1522216796875
v 18.78571128845215 -4.472153663635254 589.2503051757812
v 19.004053115844727 -6.682058811187744 589.2979125976562
v 19.029695510864258 -5.058111667633057 588.1036987304688
v 20.09297752380371 -4.156676769256592 167.3607177734375
v 19.134822845458984 -4.274826526641846 590.6593017578125
v 19.266847610473633 -6.935092449188232 590.283203125
v 20.184907913208008 -3.83699369430542 38.24625015258789
v 19.84575080871582 -3.308659553527832 540.7180786132812
v 20.132841110229492 -2.8750836849212646 225.6214141845703
v 20.98017692565918 -3.632661819458008 536.0452880859375
v 20.624980926513672 -1.3302198648452759 374.04571533203125
v 20.976699829101562 -0.5434030890464783 371.6946105957031
v 19.91269874572754 -1.3242655992507935 533.8512573242188
v 19.769184112548828 -1.5301885604858398 542.6837768554688
v 19.64727210998535 0.47382286190986633 33.05414581298828
v 19.6639347076416 0.18220622837543488 388.14239501953125
v 19.96160125732422 1.341199278831482 16.761701583862305
v 23.532869338989258 4.457052230834961 394.1427307128906
v 20.5452823638916 6.297119140625 241.9595947265625
v 20.20527458190918 8.878846168518066 399.4297790527344
v 19.7806339263916 8.20786190032959 398.4012756347656
v 20.066862106323242 9.648293495178223 19.886768341064453
v 19.055824279785156 9.302371978759766 571.0824584960938
v 19.602956771850586 9.106505393981934 570.2124633789062
v 19.268579483032227 11.607605934143066 572.014892578125
v 19.721532821655273 11.752703666687012 567.5476684570312
v 19.668264389038086 14.638283729553223 572.3989868164062
v 19.466026306152344 14.50766372680664 414.3704528808594
v 19.792478561401367 16.3541202545166 570.208251953125
v 20.175369262695312 15.45573616027832 202.68934631347656
v 19.67258644104004 15.018404006958008 567.7587280273438
v 20.555524826049805 19.717620849609375 210.9786376953125
v 19.495038986206055 20.070463180541992 212.45358276367188
v 20.091793060302734 21.67280387878418 215.43722534179688
v 20.28032112121582 28.78931427001953 228.18226623535156
v 19.830120086669922 31.352331161499023 235.00897216796875
v 20.240644454956055 33.02537536621094 238.65682983398438
v 19.303146362304688 33.533138275146484 243.99720764160156
v 20.451255798339844 -32.88117599487305 91.281005859375
v 20.311100006103516 -32.989349365234375 106.4466323852539
v 20.043052673339844 -33.030616760253906 107.20101928710938
v 19.589181900024414 -30.154251098632812 121.30977630615234
v 19.910873413085938 -29.452306747436523 67.09549713134766
v 19.444570541381836 -27.384017944335938 64.46776580810547
v 19.998294830322266 -28.625288009643555 125.07814025878906
v 19.50678253173828 -25.255836486816406 64.35254669189453
v 21.259605407714844 -21.335580825805664 68.95085144042969
v 20.1215877532959 -22.0356388092041 158.44981384277344
v 20.103471755981445 -21.384258270263672 165.73495483398438
v 19.88033676147461 -18.592832565307617 124.28486633300781
v 19.30449867248535 -20.373260498046875 155.2002410888672
v 20.422298431396484 -19.383255004882812 177.4556427001953
v 19.742454528808594 -18.80384635925293 150.594482421875
v 20.58640480041504 -15.466326713562012 109.50521850585938
v 20.70494270324707 -16.69977378845215 184.77859497070312
v 20.420366287231445 -16.038433074951172 593.5401611328125
v 20.28739356994629 -14.780257225036621 73.42578125
v 19.46876335144043 -13.819270133972168 152.90199279785156
v 20.14842987060547 -13.595590591430664 591.2169189453125
v 20.850250244140625 -9.978304862976074 33.14902114868164
v 21.093154907226562 -11.836682319641113 200.2960968017578
v 20.537643432617188 -10.365169525146484 204.24737548828125
v 20.756103515625 -8.536195755004883 39.506446838378906
v 20.080833435058594 -8.056232452392578 158.31121826171875
v 19.376842498779297 -9.39378547668457 588.75244140625
v 19.580209732055664 -9.431388854980469 590.05712890625
v 20.197553634643555 -7.97102165222168 29.996049880981445
v 19.568078994750977 -7.289089202880859 587.9141235351562
v 19.82013511657715 -6.731567859649658 593.7098999023438
v 19.869272232055664 -5.813482761383057 594.9351196289062
v 19.821392059326172 -5.54619836807251 591.3280639648438
v 19.630708694458008 -2.4513113498687744 587.8653564453125
v 19.47484016418457 -2.4164175987243652 589.2093505859375
v 20.8553524017334 -3.986623525619507 537.011474609375
v 21.920869827270508 -1.266395926475525 382.6965026855469
v 19.975095748901367 1.7830709218978882 30.48366928100586
v 20.2240047454834 4.399604320526123 13.422414779663086
v 19.769733428955078 3.1210811138153076 29.034271240234375
v 20.087148666381836 5.5149827003479 185.26089477539062
v 20.095415115356445 7.552750110626221 22.10733985900879
v 20.122848510742188 8.071036338806152 12.93164348602295
v 20.245569229125977 9.898573875427246 405.14520263671875
v 20.107431411743164 10.38795280456543 18.35661506652832
v 20.107877731323242 10.41550350189209 408.7591552734375
v 19.70984649658203 10.57876968383789 12.966334342956543
v 20.28806495666504 9.295000076293945 569.6810913085938
v 19.741355895996094 11.482828140258789 14.517306327819824
v 20.627437591552734 12.98928451538086 250.86325073242188
v 20.88957977294922 14.26905632019043 199.802001953125
v 20.257369995117188 14.378939628601074 251.70823669433594
v 20.410400390625 13.47620677947998 567.6566162109375
v 20.762571334838867 16.951030731201172 204.92027282714844
v 20.47095489501953 16.202573776245117 254.04299926757812
v 19.935029983520508 18.964771270751953 569.5410766601562
v 20.397138595581055 19.834808349609375 402.2743835449219
v 20.61518096923828 19.489456176757812 404.623779296875
v 20.29981231689453 20.633655548095703 398.3670654296875
v 21.265338897705078 23.481515884399414 216.84817504882812
v 20.07512855529785 25.358537673950195 259.7333068847656
v 20.013635635375977 26.526578903198242 223.15042114257812
v 20.16332244873047 30.97928237915039 260.0923767089844
v 20.029775619506836 33.25756072998047 258.1022644042969
v 20.50646209716797 35.376861572265625 246.4955596923828
v 20.1774959564209 35.29813766479492 254.06838989257812
v 20.341596603393555 34.918601989746094 256.664794921875
v 20.376060485839844 -32.44963073730469 78.69868469238281
v 20.955245971679688 -31.21042823791504 73.22174072265625
v 20.684913635253906 -31.569616317749023 121.31684112548828
v 19.777225494384766 -25.56208610534668 127.0492172241211
v 20.594181060791016 -28.42892837524414 126.91699981689453
v 20.016727447509766 -22.63367462158203 127.3604736328125
v 19.973947525024414 -19.928937911987305 126.1802749633789
v 20.55308723449707 -22.840391159057617 156.6635284423828
v 20.280479431152344 -21.033496856689453 150.7039337158203
v 20.55526351928711 -16.67951202392578 121.3153305053711
v 20.02796745300293 -15.910143852233887 149.71702575683594
v 20.494197845458984 -15.633145332336426 117.65679168701172
v 21.413963317871094 -17.134571075439453 185.65785217285156
v 21.432939529418945 -16.610881805419922 591.7847290039062
v 21.269203186035156 -13.903592109680176 102.1382064819336
v 21.424781799316406 -14.24626636505127 104.86367797851562
v 20.163148880004883 -14.688551902770996 594.8578491210938
v 21.854745864868164 -13.752591133117676 100.91014099121094
v 20.781282424926758 -13.217925071716309 78.34075927734375
v 19.979097366333008 -12.4784574508667 595.6674194335938
v 20.111709594726562 -12.24048137664795 592.14208984375
v 20.73567771911621 -10.998758316040039 152.65438842773438
v 20.361000061035156 -9.266018867492676 592.9692993164062
v 19.771568298339844 -9.423550605773926 587.8355712890625
v 20.529325485229492 -8.857070922851562 208.7872314453125
v 20.286226272583008 -6.671536445617676 596.9719848632812
v 20.301414489746094 -6.378501892089844 160.75338745117188
v 20.908552169799805 -5.287877082824707 162.32345581054688
v 20.32400131225586 -5.8436102867126465 596.3268432617188
v 20.275501251220703 -5.110365867614746 27.206195831298828
v 19.766998291015625 -5.746237277984619 587.3148803710938
v 19.861255645751953 -5.230942249298096 542.0853881835938
v 19.955078125 -4.433537006378174 544.8627319335938
v 20.47906494140625 -1.9273724555969238 171.23892211914062
v 20.26336097717285 -3.535756826400757 539.2499389648438
v 20.341535568237305 -2.8268373012542725 539.667236328125
v 20.097394943237305 -2.431864023208618 590.4888305664062
v 21.281991958618164 -2.9732930660247803 535.2349853515625
v 20.524646759033203 -2.1974635124206543 540.9612426757812
v 20.745519638061523 -2.1207149028778076 544.319091796875
v 21.99959945678711 0.6981506943702698 370.1974792480469
v 20.50080108642578 -0.3261673152446747 536.935302734375
v 20.556549072265625 1.190941572189331 19.156192779541016
v 20.812978744506836 -0.11589014530181885 21.45480728149414
v 20.677827835083008 0.5703226327896118 233.90328979492188
v 20.437685012817383 7.698690414428711 361.6180419921875
v 20.2247371673584 6.137051105499268 24.253652572631836
v 20.620595932006836 7.371013641357422 12.954566955566406
v 21.53420639038086 9.886443138122559 362.2422790527344
v 20.725860595703125 9.93995475769043 191.54310607910156
v 20.937238693237305 10.387750625610352 406.97747802734375
v 21.47844886779785 8.900687217712402 573.35400390625
v 20.41315460205078 10.104729652404785 16.215106964111328
v 20.828227996826172 12.006545066833496 410.9017028808594
v 20.43193244934082 12.251691818237305 196.60696411132812
v 20.666942596435547 12.24772834777832 571.7134399414062
v 20.364566802978516 12.724305152893066 567.5298461914062
v 20.5081729888916 14.812047004699707 413.6012268066406
v 20.34516716003418 15.539016723632812 570.8614501953125
v 21.57652473449707 17.9189395904541 205.66526794433594
v 20.588045120239258 17.17209243774414 413.6733703613281
v 20.548093795776367 18.757736206054688 412.6065979003906
v 20.28801918029785 20.240751266479492 257.14508056640625
v 20.737606048583984 19.662790298461914 409.2391357421875
v 21.40084457397461 22.939577102661133 216.4524688720703
v 20.56612777709961 22.570682525634766 369.0368347167969
v 20.597293853759766 28.68869972229004 261.2715759277344
v 20.621322631835938 33.372520446777344 239.2860870361328
v 21.80173110961914 36.016693115234375 243.90187072753906
v 20.17830467224121 35.18600082397461 249.70797729492188
v 21.91963005065918 -34.0976676940918 101.52139282226562
v 21.362512588500977 -32.575435638427734 85.33956146240234
v 21.197288513183594 -32.84606170654297 87.3972396850586
v 21.177940368652344 -33.39585494995117 110.82530212402344
v 21.214374542236328 -33.305423736572266 113.78936004638672
v 20.936861038208008 -28.20834732055664 67.69059753417969
v 20.077756881713867 -24.004980087280273 127.63204193115234
v 20.686412811279297 -23.955244064331055 66.4975814819336
v 21.092247009277344 -23.083826065063477 162.78749084472656
v 20.82600975036621 -22.69704246520996 152.0850067138672
v 20.914121627807617 -19.52434730529785 127.16364288330078
v 21.400753021240234 -21.118648529052734 173.0139617919922
v 20.50484275817871 -18.540891647338867 69.94461059570312
v 20.872051239013672 -18.204988479614258 182.041259765625
v 20.912729263305664 -16.85107421875 123.7457275390625
v 20.94518280029297 -18.041805267333984 146.9464569091797
v 21.170509338378906 -15.231900215148926 191.12478637695312
v 20.49636459350586 -12.062849044799805 152.0639190673828
v 21.404735565185547 -13.137798309326172 86.2706298828125
v 21.47809410095215 -12.945054054260254 93.0219955444336
v 20.73039436340332 -13.83394718170166 594.7101440429688
v 20.87407875061035 -11.066706657409668 35.29100799560547
v 21.255605697631836 -10.608362197875977 36.629146575927734
v 20.804285049438477 -9.663491249084473 596.4736328125
v 21.366899490356445 -12.88402271270752 589.0062866210938
v 21.21183967590332 -11.476129531860352 590.3544311523438
v 20.750593185424805 -9.090185165405273 154.89602661132812
v 20.648136138916016 -7.881959438323975 593.0525512695312
v 20.897741317749023 -9.171034812927246 587.0364990234375
v 20.50577735900879 -9.165809631347656 590.9263305664062
v 20.894453048706055 -5.438788890838623 542.541259765625
v 21.784725189208984 -5.792164325714111 218.7838134765625
v 20.765199661254883 -4.862612247467041 540.5360107421875
v 21.336395263671875 -5.146823883056641 543.3290405273438
v 20.822559356689453 -4.459813117980957 591.8530883789062
v 20.8145751953125 -4.4417877197265625 586.6559448242188
v 20.684757232666016 -3.257206678390503 586.2980346679688
v 22.13430404663086 -3.777451276779175 225.3675994873047
v 20.665180206298828 -4.164391994476318 538.363037109375
v 20.80011749267578 -1.4735350608825684 34.47426986694336
v 20.776592254638672 -1.6747504472732544 539.3378295898438
v 20.83101463317871 -1.3185521364212036 589.151123046875
v 21.027076721191406 0.4133002758026123 174.81822204589844
v 21.06555938720703 1.386751651763916 367.1306457519531
v 21.053443908691406 2.710221290588379 15.943592071533203
v 21.588655471801758 5.395695209503174 363.6855163574219
v 22.593917846679688 6.060352325439453 395.7967529296875
v 21.810657501220703 8.288537979125977 572.153076171875
v 20.679677963256836 9.287518501281738 14.52808952331543
v 21.80118751525879 10.358536720275879 573.7263793945312
v 21.35292625427246 10.479531288146973 248.2737274169922
v 20.66889190673828 18.263702392578125 569.0984497070312
v 20.9041748046875 17.395875930786133 255.57638549804688
v 21.29271697998047 19.35029411315918 208.92379760742188
v 20.819908142089844 20.71600341796875 568.5169067382812
v 20.541677474975586 20.761587142944336 569.875244140625
v 20.667165756225586 23.83417320251465 260.0469055175781
v 22.202924728393555 -31.78647232055664 76.07723999023438
v 21.42657470703125 -29.449071884155273 71.04640197753906
v 21.2567195892334 -30.530757904052734 124.9356689453125
v 21.296035766601562 -26.239347457885742 67.27625274658203
v 21.28710174560547 -28.62415313720703 127.77046203613281
v 20.565824508666992 -26.75316619873047 127.92466735839844
v 21.796323776245117 -22.697307586669922 68.83665466308594
v 20.816444396972656 -20.983844757080078 128.64901733398438
v 21.68262481689453 -22.282630920410156 169.0039825439453
v 21.038368225097656 -19.86758041381836 69.20087432861328
v 20.702238082885742 -20.414772033691406 148.576416015625
v 21.90349769592285 -20.32550811767578 175.92044067382812
v 21.80655288696289 -16.70977020263672 125.83712005615234
v 21.491195678710938 -16.887723922729492 69.86273193359375
v 21.314693450927734 -16.59857177734375 146.40281677246094
v 21.845518112182617 -16.459827423095703 590.597412109375
v 21.170034408569336 -14.795644760131836 73.23426055908203
v 21.302839279174805 -13.090455055236816 148.8942108154297
v 21.21337890625 -15.205936431884766 147.3901824951172
v 21.62360954284668 -13.2748384475708 83.5859146118164
v 21.131103515625 -13.285971641540527 591.5650024414062
v 21.696849822998047 -13.602025985717773 196.73719787597656
v 20.99405288696289 -12.375456809997559 594.4214477539062
v 21.270954132080078 -10.264056205749512 595.6202392578125
v 21.238849639892578 -12.984665870666504 593.1624145507812
v 20.831859588623047 -11.957897186279297 593.1167602539062
v 21.31862449645996 -9.685786247253418 593.6503295898438
v 21.409839630126953 -9.479923248291016 38.02053451538086
v 22.800668716430664 -9.944416046142578 207.27828979492188
v 22.166566848754883 -11.90647029876709 587.1333618164062
v 21.55266761779785 -7.781020164489746 32.07786560058594
v 21.42652130126953 -7.38643217086792 30.675853729248047
v 21.571836471557617 -6.7485246658325195 157.68763732910156
v 21.218570709228516 -8.445332527160645 591.2263793945312
v 21.2976131439209 -7.369673728942871 597.2977294921875
v 21.442646026611328 -7.1002583503723145 587.039794921875
v 21.428945541381836 -6.18710470199585 593.645263671875
v 21.34783172607422 -5.338913917541504 595.0392456054688
v 21.191282272338867 -5.335618495941162 38.28802490234375
v 21.845428466796875 -3.8920016288757324 544.0404052734375
v 22.098787307739258 -5.053268909454346 222.15069580078125
v 20.946813583374023 -2.33465838432312 24.86534309387207
v 21.422836303710938 -5.6006646156311035 28.67204475402832
v 20.565900802612305 -2.050302505493164 586.7767333984375
v 21.743650436401367 -1.583813190460205 535.212890625
v 20.84613800048828 -1.692272424697876 542.5264892578125
v 21.17538833618164 -1.0957767963409424 587.1734619140625
v 21.249914169311523 -0.25265568494796753 32.640689849853516
v 22.3883113861084 0.159572571516037 173.38150024414062
v 21.38743019104004 -0.35545626282691956 386.5587158203125
v 21.166606903076172 1.1785805225372314 29.895191192626953
v 20.902925491333008 2.6834771633148193 28.297515869140625
v 22.044675827026367 3.476276397705078 180.15611267089844
v 21.218351364135742 4.305480003356934 25.03857421875
v 21.779186248779297 6.182838439941406 185.05076599121094
v 21.354761123657227 7.5336151123046875 20.885299682617188
v 20.927419662475586 10.52815055847168 403.130615234375
v 21.145179748535156 9.871748924255371 17.000783920288086
v 22.293659210205078 11.498448371887207 193.6265106201172
v 21.11037826538086 10.702858924865723 569.029296875
v 21.48760223388672 11.390507698059082 408.8923034667969
v 21.893146514892578 11.558159828186035 362.68804931640625
v 21.729352951049805 11.753838539123535 570.4400024414062
v 21.640731811523438 13.437368392944336 362.7952880859375
v 20.996633529663086 16.019668579101562 571.7698974609375
v 21.682098388671875 17.492961883544922 569.7855834960938
v 21.629505157470703 18.05385398864746 572.14111328125
v 22.885746002197266 18.536500930786133 366.70330810546875
v 21.573627471923828 18.074983596801758 257.17327880859375
v 21.60808753967285 20.030412673950195 571.7078247070312
v 21.26371955871582 19.040790557861328 400.23077392578125
v 21.602210998535156 19.603574752807617 399.00103759765625
v 21.411718368530273 21.097108840942383 570.760498046875
v 22.682458877563477 21.030193328857422 211.77423095703125
v 22.27333641052246 23.934078216552734 371.5810546875
v 21.98587989807129 27.441198348999023 222.97021484375
v 22.402122497558594 31.049007415771484 230.61940002441406
v 21.876110076904297 32.9946403503418 234.98472595214844
v 22.380462646484375 37.29850387573242 248.0552520751953
v 21.447959899902344 37.22743606567383 254.36656188964844
v 22.914098739624023 -34.60333251953125 105.08290100097656
v 22.528823852539062 -34.60106658935547 108.37921142578125
v 22.142475128173828 -32.33616256713867 78.19599914550781
v 22.083354949951172 -33.18223190307617 118.95587158203125
v 22.239091873168945 -31.142436981201172 126.47193145751953
v 21.65143394470215 -26.9881534576416 131.68460083007812
v 21.01664924621582 -23.890329360961914 131.52835083007812
v 21.360841751098633 -23.409629821777344 134.55372619628906
v 21.85579490661621 -24.528703689575195 137.87229919433594
v 21.655839920043945 -20.922704696655273 136.3428192138672
v 22.01557731628418 -24.100610733032227 159.53009033203125
v 22.05360984802246 -24.20656967163086 160.61697387695312
v 21.28329849243164 -21.402982711791992 131.4431610107422
v 21.54210090637207 -22.81795883178711 148.8546905517578
v 21.04792594909668 -20.611997604370117 146.91415405273438
v 21.376840591430664 -20.72248077392578 143.72164916992188
v 22.45877456665039 -20.200239181518555 178.65968322753906
v 22.1994571685791 -15.358073234558105 589.37548828125
v 22.32611846923828 -13.759596824645996 74.6878433227539
v 22.49247932434082 -15.292756080627441 593.2371826171875
v 23.687490463256836 -13.324222564697266 100.14534759521484
v 21.971153259277344 -8.075753211975098 154.30323791503906
v 22.238082885742188 -7.0889058113098145 215.20057678222656
v 21.732879638671875 -6.429129600524902 596.9120483398438
v 22.763256072998047 -4.439531326293945 160.30935668945312
v 22.245309829711914 -5.855123043060303 596.0372314453125
v 21.472976684570312 -3.8407857418060303 36.580284118652344
v 21.54806137084961 -2.426877975463867 591.0745239257812
v 21.84792137145996 -4.558913707733154 591.83154296875
v 21.788896560668945 -2.9677815437316895 167.16387939453125
v 21.842117309570312 -2.5762779712677 34.30868148803711
v 21.352706909179688 -3.035562038421631 584.7930297851562
v 22.95049476623535 -2.4758968353271484 229.26873779296875
v 21.636869430541992 -1.5850906372070312 540.236328125
v 21.33367156982422 -1.2526779174804688 585.1722412109375
v 21.91104507446289 -0.7642369270324707 537.287353515625
v 26.128387451171875 3.4401469230651855 392.29608154296875
v 21.787649154663086 2.6959378719329834 17.679533004760742
v 22.414321899414062 2.667121171951294 177.68431091308594
v 21.877948760986328 2.752452850341797 237.92808532714844
v 21.31025505065918 4.496678352355957 14.508660316467285
v 21.72838020324707 1.9475866556167603 27.49483871459961
v 22.222557067871094 5.044559955596924 241.70413208007812
v 21.59591293334961 5.209855079650879 22.701969146728516
v 21.70832061767578 6.740967273712158 14.184768676757812
v 21.48253059387207 5.976991176605225 21.456106185913086
v 22.18062400817871 8.001687049865723 397.1758117675781
v 21.570209503173828 8.895842552185059 15.137029647827148
v 21.6040096282959 8.8204984664917 18.80156707763672
v 21.454483032226562 8.864025115966797 398.45440673828125
v 21.966556549072266 9.151717185974121 570.4497680664062
v 22.18928337097168 11.15859317779541 573.0908813476562
v 22.561906814575195 12.773234367370605 196.2808380126953
v 21.968881607055664 13.670709609985352 410.939697265625
v 21.971904754638672 16.907032012939453 411.3763732910156
v 21.8549861907959 18.202486038208008 410.2410583496094
v 21.602615356445312 20.155235290527344 567.6198120117188
v 21.599462509155273 22.86992073059082 568.222412109375
v 21.429359436035156 22.37713623046875 567.24169921875
v 25.823871612548828 26.092309951782227 398.3318176269531
v 21.591249465942383 27.192232131958008 375.6258544921875
v 21.70764923095703 34.284114837646484 262.56927490234375
v 21.831087112426758 36.31292724609375 260.8250427246094
v 22.310806274414062 -34.5590934753418 106.00878143310547
v 22.464941024780273 -33.89435958862305 98.0092544555664
v 22.979881286621094 -32.87220001220703 92.93807983398438
v 23.02463722229004 -33.540306091308594 121.10037231445312
v 22.264450073242188 -29.87628173828125 71.97681427001953
v 22.631311416625977 -30.75967025756836 127.4254150390625
v 22.261783599853516 -27.021560668945312 69.76395416259766
v 22.337533950805664 -24.120162963867188 69.15730285644531
v 22.482643127441406 -24.894906997680664 152.3644561767578
v 21.531049728393555 -22.543851852416992 137.72853088378906
v 21.90204620361328 -23.549299240112305 143.33909606933594
v 21.876220703125 -19.818395614624023 132.4187469482422
v 22.343542098999023 -18.227210998535156 129.47874450683594
v 21.631505966186523 -18.37615394592285 143.3572540283203
v 21.997074127197266 -17.542858123779297 126.67658996582031
v 22.48137664794922 -17.555360794067383 68.51148223876953
v 22.59357452392578 -14.783020973205566 71.05464172363281
v 21.870094299316406 -15.322230339050293 120.89778137207031
v 22.171106338500977 -14.330512046813965 117.25513458251953
v 22.522014617919922 -14.276891708374023 110.57234954833984
v 22.287242889404297 -15.27367115020752 192.34661865234375
v 22.922046661376953 -13.414277076721191 104.91922760009766
v 21.597150802612305 -13.682910919189453 590.1383666992188
v 23.64997100830078 -13.27186393737793 76.31256866455078
v 22.01546287536621 -13.260605812072754 78.36260223388672
v 22.781827926635742 -12.986391067504883 92.5591049194336
v 21.912445068359375 -13.29272747039795 591.4959716796875
v 22.43520736694336 -14.05009651184082 587.985595703125
v 21.542556762695312 -10.113697052001953 594.6317138671875
v 21.96295738220215 -9.12685489654541 34.46511459350586
v 22.838449478149414 -9.4021577835083 151.48265075683594
v 22.38407325744629 -7.844852924346924 36.071746826171875
v 22.3693904876709 -7.91412353515625 593.7014770507812
v 22.7611026763916 -9.412841796875 208.98712158203125
v 22.137130737304688 -8.59471607208252 587.1317138671875
v 22.498624801635742 -7.9276227951049805 596.6502075195312
v 22.153846740722656 -6.21126651763916 37.1393928527832
v 21.985103607177734 -5.117992401123047 539.5294799804688
v 22.005529403686523 -5.013675689697266 586.8270263671875
v 22.31804847717285 -4.040269374847412 585.1947021484375
v 21.823705673217773 -2.461916446685791 26.63642692565918
v 21.641653060913086 -3.47318434715271 583.4684448242188
v 21.504850387573242 -2.632547616958618 582.736572265625
v 22.973676681518555 -1.67378830909729 539.9722290039062
v 22.275962829589844 -1.8368704319000244 580.114013671875
v 21.769927978515625 -0.2761807143688202 24.151905059814453
v 23.986900329589844 -0.7447162866592407 381.9678039550781
v 22.141010284423828 -1.4347342252731323 589.6832885742188
v 22.78666114807129 -0.4582541882991791 171.90408325195312
v 22.367507934570312 -1.211348295211792 536.6132202148438
v 22.042253494262695 2.2431061267852783 23.18288803100586
v 21.586021423339844 2.578049659729004 19.719497680664062
v 23.41067123413086 2.8702378273010254 368.8156433105469
v 22.248443603515625 5.061497211456299 182.23133850097656
v 22.035686492919922 4.077103137969971 365.3154602050781
v 22.20138168334961 5.25923490524292 15.553585052490234
v 22.702028274536133 7.91855001449585 363.96392822265625
v 23.1437931060791 9.448164939880371 248.57691955566406
v 22.215320587158203 10.334022521972656 399.39141845703125
v 22.230955123901367 11.751678466796875 403.0196533203125
v 22.268009185791016 11.46232795715332 406.01312255859375
v 23.25990104675293 10.935794830322266 251.15182495117188
v 21.78557586669922 11.02841854095459 569.8610229492188
v 22.998693466186523 10.99340534210205 572.6318969726562
v 22.45987319946289 12.985013008117676 252.67559814453125
v 22.331512451171875 15.306472778320312 411.0141296386719
v 22.480546951293945 15.97253131866455 202.23207092285156
v 24.02202796936035 15.580581665039062 366.07745361328125
v 22.473194122314453 17.91936683654785 570.6405639648438
v 22.758729934692383 18.904808044433594 571.3382568359375
v 22.288354873657227 18.366697311401367 399.7435302734375
v 22.156251907348633 18.376670837402344 402.2673645019531
v 22.27657127380371 18.283506393432617 406.4821472167969
v 22.334089279174805 21.466657638549805 260.8835754394531
v 22.25055694580078 22.717599868774414 569.576416015625
v 22.92706871032715 22.442527770996094 214.72103881835938
v 24.375032424926758 21.728485107421875 370.4664306640625
v 22.285661697387695 25.41307258605957 219.01080322265625
v 23.021039962768555 26.291391372680664 374.4449768066406
v 22.640626907348633 29.811155319213867 227.60630798339844
v 22.383703231811523 31.84040069580078 264.8069763183594
v 22.659351348876953 34.41519546508789 237.60406494140625
v 22.23213005065918 38.0305061340332 251.85812377929688
v 22.436172485351562 38.31277084350586 258.5106201171875
v 23.676834106445312 -34.72477340698242 111.36407470703125
v 24.122600555419922 -33.67354965209961 96.14207458496094
v 23.28261947631836 -32.3171501159668 84.71566772460938
v 22.715322494506836 -32.108924865722656 124.52278137207031
v 22.732139587402344 -29.073776245117188 131.6990509033203
v 22.47938346862793 -26.125497817993164 138.30599975585938
v 22.598960876464844 -24.973243713378906 156.62596130371094
v 22.488059997558594 -24.993181228637695 143.72250366210938
v 22.352231979370117 -24.330671310424805 149.80783081054688
v 22.842914581298828 -23.41552734375 166.45399475097656
v 24.639934539794922 -21.421905517578125 65.80865478515625
v 22.056095123291016 -18.985795974731445 136.8910369873047
v 23.649024963378906 -18.893203735351562 183.17764282226562
v 22.292312622070312 -16.16701316833496 143.48806762695312
v 23.787626266479492 -17.989076614379883 184.9222869873047
v 22.42853546142578 -16.44774055480957 592.3737182617188
v 22.78358268737793 -15.173406600952148 124.10029602050781
v 22.618919372558594 -13.6703462600708 145.94125366210938
v 22.416122436523438 -14.091084480285645 592.998291015625
v 23.664846420288086 -13.189846992492676 101.36712646484375
v 22.483503341674805 -13.524923324584961 592.2162475585938
v 22.94733428955078 -13.404528617858887 89.71143341064453
v 22.218360900878906 -12.273958206176758 591.081298828125
v 22.891115188598633 -11.086183547973633 148.5795440673828
v 23.054397583007812 -10.919160842895508 204.58908081054688
v 22.436798095703125 -10.443942070007324 590.9483032226562
v 22.918052673339844 -8.205489158630371 595.6261596679688
v 22.94171142578125 -8.518030166625977 211.30682373046875
v 22.68914222717285 -8.588428497314453 590.7306518554688
v 22.658037185668945 -6.792661666870117 591.0192260742188
v 22.603782653808594 -6.0459136962890625 32.00040817260742
v 22.431177139282227 -5.126158714294434 29.894182205200195
v 23.81879234313965 -6.359405040740967 217.7940216064453
v 22.980567932128906 -5.7471418380737305 157.5105743408203
v 22.23587989807129 -4.2067790031433105 34.8249626159668
v 22.795040130615234 -4.301097393035889 542.4269409179688
v 22.6954345703125 -4.014065265655518 581.337158203125
v 22.61646270751953 -3.0753121376037598 29.2730770111084
v 22.793790817260742 -2.3807339668273926 542.1192626953125
v 22.425546646118164 -2.8777871131896973 536.2645874023438
v 22.57961082458496 -0.9920504093170166 170.47911071777344
v 22.107572555541992 0.030632494017481804 25.40904426574707
v 22.355365753173828 -1.3231614828109741 31.693204879760742
v 22.211294174194336 -0.45354562997817993 584.6575927734375
v 22.47566032409668 -0.530116856098175 587.2120361328125
v 22.597000122070312 -0.09581054002046585 234.08924865722656
v 22.029956817626953 0.14942070841789246 28.910341262817383
v 21.983125686645508 3.8855509757995605 20.33441925048828
v 22.112510681152344 1.482909083366394 25.855815887451172
v 22.39553451538086 4.028222560882568 19.21625328063965
v 22.286161422729492 5.909333229064941 20.14143180847168
v 22.3070125579834 8.001065254211426 17.856304168701172
v 23.286134719848633 9.799875259399414 190.07748413085938
v 23.01169776916504 9.733246803283691 570.9949340820312
v 23.330915451049805 10.601930618286133 571.7594604492188
v 22.824996948242188 13.387097358703613 408.8156433105469
v 23.052072525024414 15.379758834838867 255.92813110351562
v 22.55711555480957 17.514741897583008 404.39251708984375
v 22.694395065307617 17.546030044555664 400.1163330078125
v 22.72783088684082 19.429840087890625 567.8021850585938
v 23.068378448486328 19.331153869628906 207.7363739013672
v 22.443389892578125 21.042407989501953 566.337646484375
v 21.994644165039062 22.053373336791992 566.2363891601562
v 22.636648178100586 23.941692352294922 567.5668334960938
v 24.675189971923828 26.805831909179688 266.8469543457031
v 22.3886775970459 23.798192977905273 566.474853515625
v 23.239139556884766 30.297990798950195 266.193603515625
v 22.819286346435547 35.439701080322266 240.1479034423828
v 24.114425659179688 -34.35110092163086 99.55004119873047
v 23.497838973999023 -34.6021728515625 113.27229309082031
v 23.430837631225586 -34.012481689453125 117.6685791015625
v 24.033016204833984 -32.554378509521484 87.87362670898438
v 23.54914665222168 -27.88349723815918 70.95600891113281
v 23.88120460510254 -24.816862106323242 163.85865783691406
v 23.77595329284668 -22.03568458557129 173.78988647460938
v 22.578508377075195 -18.348413467407227 133.41160583496094
v 23.07880401611328 -16.04749298095703 126.05652618408203
v 23.286155700683594 -15.45700740814209 69.6180419921875
v 23.921995162963867 -13.654654502868652 72.08905792236328
v 24.65970802307129 -13.104907989501953 103.40355682373047
v 23.532516479492188 -12.061741828918457 586.9835205078125
v 22.41118049621582 -7.288118839263916 33.860469818115234
v 22.54978370666504 -5.605458736419678 33.941627502441406
v 22.62608528137207 -6.584899425506592 594.2041015625
v 23.261890411376953 -4.91752815246582 587.5331420898438
v 24.28755760192871 -5.703195095062256 221.38111877441406
v 22.990705490112305 -4.834591865539551 591.2521362304688
v 22.797714233398438 -4.997375965118408 540.4890747070312
v 22.828250885009766 -4.695379734039307 538.615966796875
v 23.26552963256836 -4.1912102699279785 585.7857666015625
v 22.703697204589844 -4.3088297843933105 583.7862548828125
v 22.78112030029297 -2.7706141471862793 590.8103637695312
v 22.698030471801758 -4.104391098022461 33.29018783569336
v 22.371967315673828 -3.222991943359375 579.2806396484375
v 22.300996780395508 -0.9107053279876709 27.75212287902832
v 24.23794174194336 -1.5400676727294922 231.7825469970703
v 25.11955451965332 -0.2205168753862381 379.98345947265625
v 22.839048385620117 -2.6624317169189453 30.734243392944336
v 23.228994369506836 -0.49995896220207214 384.6236877441406
v 23.80460548400879 0.4668174088001251 373.6818542480469
v 23.448301315307617 1.5450985431671143 174.88490295410156
v 22.51384735107422 4.429195880889893 17.831979751586914
v 23.954164505004883 6.0652899742126465 244.4676055908203
v 22.65117835998535 6.713449478149414 17.16211700439453
v 23.77386474609375 6.773367881774902 185.17324829101562
v 23.0998592376709 8.962285995483398 571.7139892578125
v 22.952333450317383 9.282886505126953 573.0533447265625
v 23.035680770874023 11.361335754394531 399.1922607421875
v 23.79534912109375 14.656085968017578 199.3072052001953
v 24.90557861328125 17.674972534179688 204.5636749267578
v 23.18889808654785 16.529184341430664 407.14276123046875
v 23.092025756835938 18.677377700805664 569.0281982421875
v 23.753145217895508 19.648523330688477 400.3281555175781
v 22.785411834716797 20.519140243530273 571.0515747070312
v 23.719202041625977 20.344863891601562 210.4124298095703
v 22.776721954345703 22.184738159179688 570.1687622070312
v 27.464502334594727 24.9895076751709 399.447021484375
v 22.882190704345703 23.152751922607422 565.0035400390625
v 24.088624954223633 28.32032585144043 266.81597900390625
v 23.93934440612793 29.522499084472656 225.96505737304688
v 26.067241668701172 30.697145462036133 379.14990234375
v 23.65388298034668 35.62533187866211 267.1672668457031
v 23.315027236938477 37.932498931884766 264.89794921875
v 22.84475326538086 38.65690994262695 261.3683776855469
v 23.43159294128418 39.831180572509766 256.6501770019531
v 24.424861907958984 -30.479076385498047 74.9307632446289
v 24.015466690063477 -32.63372802734375 126.42574310302734
v 23.892656326293945 -29.373146057128906 72.79731750488281
v 23.561491012573242 -28.966686248779297 135.74822998046875
v 23.85587501525879 -27.96382713317871 140.6601104736328
v 23.366479873657227 -25.550451278686523 69.6428451538086
v 22.948909759521484 -25.352922439575195 148.42755126953125
v 24.24541473388672 -23.396455764770508 169.7177734375
v 24.764278411865234 -17.20009994506836 65.9332046508789
v 23.51662254333496 -17.029356002807617 132.79345703125
v 23.10549545288086 -17.041648864746094 135.97247314453125
v 23.852825164794922 -16.391319274902344 128.62673950195312
v 23.22268295288086 -15.650484085083008 139.86953735351562
v 24.121278762817383 -17.733497619628906 186.70480346679688
v 23.31145477294922 -16.56982421875 591.0526123046875
v 23.46416664123535 -15.535019874572754 588.8450927734375
v 23.63540267944336 -14.140347480773926 120.43989562988281
v 24.084604263305664 -13.976703643798828 122.21885681152344
v 24.029151916503906 -14.787510871887207 195.07325744628906
v 23.996923446655273 -13.520758628845215 118.1808853149414
v 23.669193267822266 -13.187639236450195 198.60263061523438
v 24.25946044921875 -13.811018943786621 83.43120574951172
v 23.577123641967773 -13.592286109924316 80.31656646728516
v 23.592090606689453 -13.446503639221191 85.6496353149414
v 23.89017105102539 -11.913264274597168 201.77261352539062
v 23.486793518066406 -11.078021049499512 591.1447143554688
v 24.614139556884766 -11.797340393066406 587.3408813476562
v 23.623294830322266 -9.755171775817871 590.2732543945312
v 23.942415237426758 -7.593960762023926 152.71881103515625
v 23.099014282226562 -6.947015762329102 588.0748291015625
v 23.34141731262207 -8.241663932800293 588.3402709960938
v 23.147422790527344 -7.15592622756958 595.166259765625
v 24.44114112854004 -6.446602821350098 153.9738311767578
v 23.80436134338379 -3.277843952178955 162.84580993652344
v 23.469640731811523 -3.049720525741577 541.4783935546875
v 22.929956436157227 -3.6937575340270996 578.2031860351562
v 23.680173873901367 -4.631133556365967 578.8410034179688
v 23.31264877319336 -1.974477767944336 578.0988159179688
v 23.817543029785156 -3.7423810958862305 538.7899169921875
v 24.264253616333008 -1.9615577459335327 166.7998809814453
v 23.575838088989258 -1.5909874439239502 588.7363891601562
v 23.727445602416992 -2.3164148330688477 539.3369140625
v 23.130334854125977 -1.030172348022461 580.3525390625
v 23.234922409057617 -0.15382489562034607 584.7412109375
v 23.913175582885742 1.9035452604293823 237.79136657714844
v 25.065303802490234 3.4028193950653076 240.98423767089844
v 25.16524887084961 4.207597255706787 179.9829864501953
v 24.32246208190918 4.872923374176025 181.0365753173828
v 23.626697540283203 9.057278633117676 397.8302001953125
v 24.665679931640625 10.82934856414795 398.5338439941406
v 24.79985237121582 10.854225158691406 366.05596923828125
v 23.085205078125 13.581378936767578 402.9726257324219
v 23.263755798339844 13.384967803955078 406.4479675292969
v 23.42755889892578 15.252452850341797 406.99652099609375
v 24.430511474609375 15.838970184326172 257.7730712890625
v 23.09027862548828 16.69044303894043 400.5462341308594
v 24.03660774230957 19.45296859741211 261.07720947265625
v 23.725616455078125 21.48204803466797 565.7271118164062
v 25.926136016845703 25.43316650390625 267.4026794433594
v 25.677034378051758 23.529451370239258 215.58087158203125
v 23.4412784576416 24.705516815185547 564.068115234375
v 29.156200408935547 33.21177673339844 393.9430847167969
v 31.213085174560547 35.559818267822266 387.8424072265625
v 30.633089065551758 35.29531478881836 389.6693420410156
v 24.243453979492188 34.03407669067383 234.39553833007812
v 24.45645523071289 35.22798156738281 237.57040405273438
v 24.37139129638672 39.92414474487305 251.30389404296875
v 24.764022827148438 -34.83620071411133 101.53213500976562
v 24.75721549987793 -33.65406036376953 123.55076599121094
v 23.87049102783203 -31.921897888183594 78.12774658203125
v 24.714569091796875 -31.114084243774414 76.31922149658203
v 24.14908218383789 -28.445276260375977 139.2362823486328
v 24.29118537902832 -27.421417236328125 144.4136962890625
v 24.63088035583496 -26.55158233642578 151.2579803466797
v 24.142536163330078 -25.41645622253418 160.6033172607422
v 24.34449005126953 -26.05533790588379 157.26998901367188
v 24.337936401367188 -18.98196792602539 65.78145599365234
v 24.293922424316406 -15.592720031738281 135.57101440429688
v 25.865610122680664 -15.670448303222656 65.78591918945312
v 24.623994827270508 -15.234810829162598 592.0217895507812
v 24.01609230041504 -13.561005592346191 143.40013122558594
v 24.714834213256836 -15.918251037597656 191.88084411621094
v 24.128158569335938 -14.113720893859863 587.480712890625
v 23.883955001831055 -13.759281158447266 592.5340576171875
v 24.901269912719727 -13.016901016235352 107.20137023925781
v 24.483688354492188 -13.249157905578613 115.99372100830078
v 24.494522094726562 -13.278145790100098 92.14722442626953
v 23.94349479675293 -9.774270057678223 587.9528198242188
v 23.499120712280273 -8.857633590698242 589.6354370117188
v 24.633487701416016 -8.744858741760254 211.1959991455078
v 23.44089126586914 -6.894932270050049 589.611572265625
v 23.72884178161621 -5.134861469268799 590.1765747070312
v 23.64960479736328 -3.9989168643951416 540.7504272460938
v 23.788867950439453 -3.4335100650787354 589.8531494140625
v 24.087324142456055 -0.738303005695343 586.531005859375
v 26.83765983581543 0.9934653043746948 378.44879150390625
v 24.819652557373047 4.7886271476745605 368.6405334472656
v 24.665395736694336 5.868600368499756 182.68104553222656
v 23.641902923583984 13.23050594329834 399.716064453125
v 23.43251609802246 15.148811340332031 400.6951904296875
v 23.212968826293945 15.553718566894531 404.1678771972656
v 25.351722717285156 18.224531173706055 205.23085021972656
v 24.007118225097656 19.9536075592041 569.622314453125
v 24.509031295776367 20.564735412597656 568.0892944335938
v 23.867395401000977 20.746009826660156 570.1693115234375
v 26.077974319458008 19.46802520751953 369.8881530761719
v 24.06744956970215 22.060998916625977 569.6514892578125
v 24.193143844604492 23.80870819091797 568.0552368164062
v 24.851642608642578 24.20448875427246 216.3355255126953
v 23.759702682495117 23.740896224975586 563.7291870117188
v 24.553091049194336 25.696317672729492 218.4600067138672
v 23.69142723083496 25.42043685913086 565.115478515625
v 24.38137435913086 24.851303100585938 373.1646728515625
v 26.049318313598633 31.802734375 381.1550598144531
v 28.797983169555664 33.90302276611328 384.181396484375
v 24.859249114990234 31.617557525634766 229.68673706054688
v 31.706172943115234 35.45205307006836 391.89971923828125
v 24.472597122192383 37.875709533691406 244.17532348632812
v 24.73485565185547 41.5733642578125 265.70916748046875
v 25.199705123901367 -35.40354919433594 104.57503509521484
v 24.382923126220703 -35.36849594116211 107.63725280761719
v 25.260494232177734 -34.707000732421875 120.04959869384766
v 24.685089111328125 -32.50064468383789 92.4160385131836
v 24.86207389831543 -32.653968811035156 127.35513305664062
v 24.50339126586914 -31.003456115722656 131.74407958984375
v 24.798494338989258 -26.957908630371094 70.80360412597656
v 25.261333465576172 -26.879846572875977 152.16758728027344
v 24.991525650024414 -21.16417121887207 176.7305145263672
v 24.511159896850586 -20.6959228515625 178.97195434570312
v 24.667646408081055 -14.216194152832031 138.83584594726562
v 24.25921630859375 -14.446691513061523 70.39710235595703
v 24.67171859741211 -14.339627265930176 125.2583236694336
v 24.429916381835938 -13.52031135559082 111.45800018310547
v 25.555908203125 -12.936582565307617 73.46246337890625
v 25.4104061126709 -13.410451889038086 78.19772338867188
v 25.13698387145996 -13.175142288208008 96.61439514160156
v 24.60955047607422 -10.193973541259766 147.669189453125
v 24.857925415039062 -7.545278549194336 214.87579345703125
v 23.910825729370117 -4.26647424697876 588.6087036132812
v 24.586759567260742 -4.4266510009765625 225.11900329589844
v 23.916461944580078 -4.2425055503845215 580.9592895507812
v 24.073543548583984 -4.214406967163086 583.8253784179688
v 24.239595413208008 -3.7460103034973145 587.12158203125
v 25.128877639770508 -3.026418924331665 575.8809204101562
v 24.511558532714844 -1.314945101737976 578.871826171875
v 24.9029598236084 -0.21386046707630157 170.69456481933594
v 24.97120475769043 -0.6014371514320374 234.20977783203125
v 24.572994232177734 -0.5360869765281677 584.9487915039062
v 25.06801986694336 3.4099977016448975 177.76974487304688
v 26.125476837158203 4.049560546875 242.264404296875
v 25.069103240966797 6.843686103820801 367.5079040527344
v 25.042034149169922 5.300634384155273 394.87066650390625
v 24.481088638305664 11.682827949523926 193.41690063476562
v 25.306575775146484 11.591614723205566 253.24742126464844
v 25.02349281311035 13.756372451782227 255.722412109375
v 24.851295471191406 12.900141716003418 366.19805908203125
v 24.498878479003906 12.985633850097656 196.19956970214844
v 23.844764709472656 15.657973289489746 400.7021484375
v 24.83675765991211 19.445524215698242 207.54483032226562
v 24.193073272705078 20.605268478393555 567.049072265625
v 25.711755752563477 20.4056339263916 210.11373901367188
v 26.259737014770508 21.031736373901367 401.2708435058594
v 25.71441078186035 22.576025009155273 399.5479431152344
v 25.284936904907227 22.856563568115234 564.0682373046875
v 24.46185302734375 23.258142471313477 563.5571899414062
v 24.50849723815918 26.08687400817871 560.8125
v 25.263153076171875 26.161603927612305 565.0452880859375
v 26.279380798339844 26.84833526611328 374.8097839355469
v 24.48081398010254 26.7311954498291 562.0014038085938
v 25.686765670776367 28.082481384277344 222.24061584472656
v 25.599775314331055 38.014286041259766 242.91123962402344
v 24.427059173583984 38.39678955078125 246.47647094726562
v 24.61688232421875 40.08633041381836 267.90289306640625
v 25.508665084838867 41.52763748168945 254.14361572265625
v 25.55596923828125 43.578426361083984 264.380859375
v 26.16355323791504 -35.13974380493164 103.25473022460938
v 25.695388793945312 -31.86025619506836 87.02993774414062
v 26.087337493896484 -28.15142059326172 71.94924926757812
v 24.761463165283203 -27.567232131958008 146.87791442871094
v 25.42571258544922 -24.417049407958984 166.9442596435547
v 24.60134506225586 -15.54162311553955 589.18603515625
v 25.073396682739258 -14.687830924987793 125.97160339355469
v 24.81208038330078 -13.840312004089355 89.71315002441406
v 26.24305534362793 -13.077489852905273 119.84233093261719
v 25.688093185424805 -13.338377952575684 99.43687438964844
v 25.217758178710938 -13.729461669921875 587.7329711914062
v 25.05941390991211 -11.698882102966309 591.0008544921875
v 25.497058868408203 -10.028162956237793 207.6279754638672
v 25.191734313964844 -8.066364288330078 151.08055114746094
v 25.280284881591797 -4.67138147354126 157.3418731689453
v 25.176071166992188 -3.8906421661376953 576.10888671875
v 24.915348052978516 -3.397962808609009 584.4382934570312
v 24.804710388183594 -1.7653659582138062 586.6170043945312
v 24.940122604370117 -1.8718620538711548 576.752685546875
v 25.91985321044922 -1.3768662214279175 577.076416015625
v 24.621360778808594 -0.9920676946640015 583.2882690429688
v 25.851783752441406 0.3967891037464142 172.46432495117188
v 25.279048919677734 2.3329594135284424 372.186767578125
v 25.110210418701172 8.6781644821167 248.9229736328125
v 24.742359161376953 13.843281745910645 400.5235290527344
v 25.292564392089844 16.206403732299805 202.11541748046875
v 25.433063507080078 18.134172439575195 401.9066467285156
v 26.17079734802246 23.08051300048828 372.2574157714844
v 25.22162628173828 25.50714111328125 559.6975708007812
v 24.938461303710938 26.572105407714844 564.0695190429688
v 25.993282318115234 31.45285987854004 228.70620727539062
v 24.735774993896484 33.232933044433594 269.4126281738281
v 27.144426345825195 35.569637298583984 235.78256225585938
v 24.72014808654785 37.3375129699707 269.6969909667969
v 25.53135871887207 -34.780235290527344 117.05235290527344
v 26.079792022705078 -35.348548889160156 113.38330841064453
v 26.506399154663086 -35.104583740234375 119.23534393310547
v 25.203998565673828 -31.592639923095703 84.25067138671875
v 25.633893966674805 -31.141376495361328 78.33426666259766
v 25.338497161865234 -30.68062973022461 135.72824096679688
v 25.879024505615234 -26.719608306884766 157.50318908691406
v 26.525362014770508 -22.262176513671875 64.91931915283203
v 26.23491096496582 -22.449159622192383 174.2401885986328
v 25.650127410888672 -19.963899612426758 64.63023376464844
v 25.17551040649414 -15.50222396850586 132.3411407470703
v 25.71893310546875 -14.981922149658203 128.1244354248047
v 25.43592643737793 -15.137045860290527 589.9082641601562
v 25.310035705566406 -13.659890174865723 71.49571228027344
v 25.718433380126953 -14.225446701049805 85.70318603515625
v 25.468338012695312 -12.461761474609375 142.93841552734375
v 25.897653579711914 -12.806648254394531 103.57984924316406
v 26.734006881713867 -13.060285568237305 111.26863861083984
v 26.170644760131836 -11.830694198608398 201.9717254638672
v 26.392465591430664 -12.864221572875977 199.3461456298828
v 25.17693328857422 -11.131805419921875 588.28759765625
v 25.328033447265625 -10.929713249206543 589.427490234375
v 26.49306869506836 -6.46418571472168 217.53089904785156
v 25.640470504760742 -4.876438617706299 578.2022094726562
v 26.40650749206543 -3.005185842514038 160.27198791503906
v 25.25475311279297 -3.9464972019195557 580.1820068359375
v 24.984119415283203 -3.445582628250122 581.8549194335938
v 25.227062225341797 -2.1451425552368164 585.40966796875
v 25.21830177307129 -1.6700462102890015 579.5070190429688
v 29.529277801513672 2.7749388217926025 387.6234130859375
v 26.436073303222656 1.9548887014389038 174.8044891357422
v 26.74626922607422 4.242957592010498 371.7342834472656
v 26.062490463256836 7.031043529510498 396.19989013671875
v 25.59562873840332 10.374491691589355 190.89170837402344
v 25.20477294921875 9.421753883361816 366.71148681640625
v 25.628463745117188 12.51793098449707 400.0571594238281
v 26.086376190185547 15.126663208007812 401.8080749511719
v 25.672805786132812 14.685159683227539 199.2541046142578
v 27.895679473876953 16.534162521362305 369.9415283203125
v 24.943174362182617 21.84333610534668 566.390869140625
v 25.100685119628906 22.616500854492188 567.6732177734375
v 25.960498809814453 22.109222412109375 213.15953063964844
v 32.1023063659668 32.20347595214844 397.5774230957031
v 26.320234298706055 29.750917434692383 225.35226440429688
v 25.397869110107422 34.95751190185547 271.15240478515625
v 26.543386459350586 40.798709869384766 249.49684143066406
v 26.20639991760254 43.64910125732422 258.26715087890625
v 26.274269104003906 -35.74101638793945 106.24412536621094
v 25.917560577392578 -33.808937072753906 125.81885528564453
v 26.629175186157227 -31.70352554321289 91.74688720703125
v 26.327526092529297 -32.201602935791016 131.71339416503906
v 25.881593704223633 -29.439685821533203 141.9223175048828
v 26.327329635620117 -26.014846801757812 68.71833801269531
v 26.32322883605957 -26.159902572631836 160.96702575683594
v 26.361597061157227 -25.364044189453125 164.96218872070312
v 27.056875228881836 -18.077219009399414 186.24671936035156
v 25.72987937927246 -17.073808670043945 189.1951141357422
v 25.907913208007812 -14.358529090881348 590.2244873046875
v 26.241701126098633 -13.670085906982422 136.72634887695312
v 28.622262954711914 -14.034333229064941 78.03359985351562
v 26.3095760345459 -14.85461139678955 81.49493408203125
v 25.989667892456055 -14.491617202758789 195.95428466796875
v 25.553264617919922 -13.528728485107422 591.3157958984375
v 26.199615478515625 -13.961592674255371 91.66250610351562
v 26.320199966430664 -6.442170143127441 218.3059844970703
v 26.335590362548828 -2.8404431343078613 229.47650146484375
v 26.193056106567383 -2.4281868934631348 163.3182373046875
v 25.31417465209961 -2.085329532623291 581.4398193359375
v 26.96390724182129 1.1636121273040771 237.4222412109375
v 26.631084442138672 7.005384922027588 185.54440307617188
v 26.812255859375 7.7721123695373535 248.3520050048828
v 26.537193298339844 9.689146041870117 397.7056884765625
v 26.189205169677734 25.312776565551758 565.4656982421875
v 25.817201614379883 27.365846633911133 558.352783203125
v 28.360462188720703 30.106813430786133 377.7406921386719
v 25.74025535583496 41.87625503540039 270.7727355957031
v 25.937585830688477 39.948753356933594 272.39776611328125
v 25.815204620361328 43.36381530761719 269.1154479980469
v 27.298831939697266 -35.82143783569336 108.62620544433594
v 26.304073333740234 -35.34756851196289 111.1683120727539
v 27.207778930664062 -34.49116134643555 99.80268096923828
v 26.679973602294922 -34.01335144042969 98.31394958496094
v 26.618486404418945 -29.888822555541992 76.09561920166016
v 26.969341278076172 -30.531557083129883 139.55836486816406
v 26.73279571533203 -24.29857635498047 66.38738250732422
v 26.51740837097168 -20.80277442932129 179.22572326660156
v 26.55706214904785 -18.339494705200195 184.89620971679688
v 27.352737426757812 -13.937979698181152 66.4537353515625
v 27.024667739868164 -13.740453720092773 125.40514373779297
v 26.810630798339844 -14.756525039672852 89.66407012939453
v 26.533889770507812 -13.555811882019043 125.02928924560547
v 26.28296661376953 -13.221407890319824 123.13977813720703
v 27.182456970214844 -13.15167236328125 76.45651245117188
v 26.455101013183594 -12.751435279846191 116.70219421386719
v 26.03437614440918 -12.78812313079834 588.7401733398438
v 25.854660034179688 -12.247228622436523 590.3040771484375
v 25.935205459594727 -10.388643264770508 146.04673767089844
v 26.659225463867188 -8.72700309753418 211.00372314453125
v 26.66975975036621 -5.6861395835876465 153.8542022705078
v 25.87592315673828 -4.704243183135986 576.4006958007812
v 26.921329498291016 -4.621495723724365 224.8118438720703
v 25.7207088470459 -2.8314738273620605 580.1344604492188
v 26.448942184448242 -2.410855531692505 574.8707885742188
v 27.474918365478516 2.112481117248535 376.35528564453125
v 28.079233169555664 2.9116532802581787 390.0098876953125
v 27.884754180908203 3.4525694847106934 374.5473937988281
v 27.17901039123535 4.980639457702637 244.20269775390625
v 26.8961181640625 9.939592361450195 252.0760498046875
v 27.034305572509766 11.58749008178711 193.56800842285156
v 26.629106521606445 12.863946914672852 196.13824462890625
v 27.345378875732422 14.26062297821045 257.8173828125
v 26.315553665161133 17.917591094970703 261.4234313964844
v 26.88088035583496 20.948009490966797 371.0837707519531
v 25.94864273071289 22.987014770507812 565.2588500976562
v 27.02366065979004 22.881006240844727 266.4644470214844
v 26.567495346069336 24.00800323486328 565.0294799804688
v 27.581451416015625 23.937170028686523 215.8844451904297
v 25.92737579345703 24.49190902709961 560.4937133789062
v 25.83554458618164 28.027530670166016 558.918701171875
v 26.470659255981445 28.230859756469727 560.7326049804688
v 26.470901489257812 28.79886245727539 559.2822265625
v 25.98250961303711 30.93609619140625 270.527587890625
v 27.183162689208984 34.205448150634766 232.91326904296875
v 26.334638595581055 35.78874588012695 237.16468811035156
v 26.508787155151367 37.231910705566406 273.9158630371094
v 27.247350692749023 39.33455276489258 245.24769592285156
v 27.313838958740234 46.2548828125 263.59814453125
v 26.31648826599121 44.9996337890625 267.7988586425781
v 27.571046829223633 -33.9300651550293 127.02702331542969
v 27.037870407104492 -31.914691925048828 134.99501037597656
v 26.480669021606445 -30.816423416137695 83.7680435180664
v 27.529094696044922 -29.50634002685547 144.77337646484375
v 26.9288387298584 -28.78408432006836 147.84158325195312
v 26.497068405151367 -27.47516632080078 71.56371307373047
v 27.001264572143555 -27.577590942382812 152.5057830810547
v 27.570981979370117 -24.13760757446289 169.48622131347656
v 27.71363639831543 -15.819232940673828 191.9695587158203
v 27.25607681274414 -14.285377502441406 132.12620544433594
v 26.479900360107422 -15.008502006530762 83.20368957519531
v 27.627975463867188 -13.249979972839355 68.51993560791016
v 26.954845428466797 -13.252640724182129 72.17535400390625
v 27.686771392822266 -12.727340698242188 107.46221160888672
v 27.111074447631836 -11.465017318725586 142.82794189453125
v 26.871366500854492 -8.812849044799805 148.08851623535156
v 27.194379806518555 -7.368868827819824 151.0081024169922
v 27.48552894592285 -7.089171409606934 215.5804443359375
v 26.809846878051758 -5.7165303230285645 221.4842987060547
v 27.799009323120117 -4.626067161560059 577.281005859375
v 26.8602294921875 -4.2667155265808105 575.1851806640625
v 27.710803985595703 -3.8106205463409424 578.3300170898438
v 27.615596771240234 -1.47621488571167 166.86610412597656
v 27.146223068237305 -1.4101608991622925 577.763427734375
v 27.582443237304688 -0.8829848766326904 233.87118530273438
v 27.575593948364258 -0.027000559493899345 170.93597412109375
v 31.32011604309082 3.516118049621582 385.9246826171875
v 27.39877700805664 5.7423601150512695 182.50413513183594
v 26.527080535888672 7.37193489074707 368.90936279296875
v 27.238916397094727 5.856861114501953 394.8133544921875
v 28.942718505859375 13.574880599975586 370.3720703125
v 27.457239151000977 12.897231101989746 255.943603515625
v 27.500469207763672 16.026090621948242 202.18678283691406
v 27.2285213470459 17.55597496032715 402.59320068359375
v 27.30666732788086 25.70148468017578 218.19798278808594
v 26.5528564453125 27.386207580566406 557.3099975585938
v 26.53863525390625 28.740341186523438 557.1172485351562
v 26.573163986206055 32.224151611328125 272.2500305175781
v 27.168325424194336 42.55241775512695 274.3746032714844
v 27.41938591003418 42.3488883972168 252.51669311523438
v 28.026639938354492 -34.71364974975586 122.57516479492188
v 27.82364273071289 -34.42140197753906 125.58972930908203
v 27.78342056274414 -28.274677276611328 73.10423278808594
v 27.89995002746582 -27.18085289001465 157.7287139892578
v 27.784345626831055 -23.84103775024414 65.61603546142578
v 27.521106719970703 -19.034605026245117 62.36381912231445
v 28.358413696289062 -17.17394256591797 61.87398147583008
v 27.873958587646484 -14.080771446228027 95.47994995117188
v 28.913806915283203 -13.502174377441406 101.40001678466797
v 27.96450424194336 -13.901357650756836 196.65647888183594
v 27.756118774414062 -12.96384048461914 74.53288269042969
v 28.153366088867188 -11.555110931396484 201.65367126464844
v 28.108182907104492 -4.092140197753906 157.36741638183594
v 28.942855834960938 -3.206220865249634 228.24835205078125
v 27.947097778320312 -2.6908016204833984 578.3645629882812
v 27.987668991088867 -1.3675857782363892 574.7606811523438
v 28.24801254272461 2.7405455112457275 240.4818115234375
v 27.67899513244629 4.248639106750488 180.22708129882812
v 28.58835220336914 3.2034361362457275 177.63792419433594
v 32.92097473144531 8.269674301147461 376.5461730957031
v 29.6550350189209 9.790106773376465 397.0184631347656
v 27.481748580932617 11.849032402038574 399.9345397949219
v 27.544042587280273 19.111392974853516 402.7789001464844
v 27.05561065673828 19.453929901123047 207.87913513183594
v 27.478471755981445 20.903301239013672 371.5957336425781
v 27.272401809692383 24.579792022705078 561.3189086914062
v 27.161136627197266 24.333009719848633 562.6707763671875
v 27.179250717163086 24.932151794433594 559.8532104492188
v 29.889999389648438 26.31840705871582 374.5923156738281
v 26.877723693847656 25.151281356811523 564.5588989257812
v 27.179073333740234 26.488994598388672 557.5745849609375
v 27.17823028564453 27.62334632873535 561.578369140625
v 26.564008712768555 29.356168746948242 557.5833740234375
v 27.54755210876465 28.4168701171875 270.9932861328125
v 31.734777450561523 33.16755294799805 396.347900390625
v 28.845430374145508 46.447303771972656 258.7656555175781
v 27.068620681762695 45.248199462890625 271.5178527832031
v 27.10251235961914 46.55097961425781 265.83807373046875
v 28.027359008789062 -35.3785400390625 103.3502197265625
v 28.354835510253906 -35.11497497558594 116.60590362548828
v 28.187896728515625 -32.713890075683594 95.45903015136719
v 28.05340003967285 -32.88111114501953 131.68731689453125
v 28.101974487304688 -30.294031143188477 87.50992584228516
v 27.840608596801758 -29.35004425048828 77.9323959350586
v 28.17416000366211 -30.6129207611084 141.7953643798828
v 28.260665893554688 -26.401002883911133 161.55210876464844
v 27.617788314819336 -24.713720321655273 167.28512573242188
v 28.7229061126709 -25.432979583740234 165.70701599121094
v 28.71600341796875 -20.991714477539062 177.3473358154297
v 28.119993209838867 -21.158832550048828 62.30329132080078
v 27.788101196289062 -15.656241416931152 85.64483642578125
v 28.810352325439453 -13.900352478027344 127.45158386230469
v 27.587345123291016 -13.511228561401367 134.828369140625
v 28.291362762451172 -14.061217308044434 98.51329803466797
v 28.78645896911621 -13.854630470275879 99.26558685302734
v 28.411590576171875 -12.744922637939453 104.97979736328125
v 28.813865661621094 -12.73069953918457 122.42208099365234
v 27.807132720947266 -12.512411117553711 137.8731231689453
v 28.19222068786621 -10.246302604675293 205.88548278808594
v 28.58461570739746 -9.409113883972168 207.95367431640625
v 28.034706115722656 -4.6279425621032715 575.851806640625
v 28.14221954345703 4.515859603881836 392.8463134765625
v 28.230575561523438 9.785547256469727 190.75421142578125
v 27.650964736938477 13.39764404296875 401.3358154296875
v 27.88033676147461 14.31065845489502 199.21498107910156
v 28.71099853515625 17.142154693603516 204.61732482910156
v 28.087162017822266 18.17238426208496 205.71820068359375
v 28.217138290405273 20.871549606323242 402.5514221191406
v 32.41750717163086 29.652677536010742 377.0144348144531
v 27.4082088470459 28.426424026489258 556.1106567382812
v 27.69306755065918 28.960763931274414 559.69677734375
v 27.524457931518555 29.72211265563965 272.0326232910156
v 27.18303871154785 30.389949798583984 555.3522338867188
v 27.03536605834961 30.398778915405273 557.0907592773438
v 27.795400619506836 34.19039535522461 275.0941467285156
v 27.323434829711914 40.59746551513672 275.1487121582031
v 28.865859985351562 47.74595642089844 262.1141662597656
v 29.181730270385742 -35.37970733642578 111.22368621826172
v 28.768051147460938 -34.7420768737793 101.85645294189453
v 28.5250301361084 -33.345523834228516 97.65167236328125
v 27.940465927124023 -29.529386520385742 83.03563690185547
v 29.44462776184082 -27.904346466064453 74.5260009765625
v 28.9332218170166 -29.357114791870117 148.39614868164062
v 29.000640869140625 -27.4517822265625 73.15157318115234
v 28.532320022583008 -25.40258026123047 67.34002685546875
v 29.02776527404785 -20.46784782409668 179.35072326660156
v 28.17618751525879 -19.30364227294922 182.35987854003906
v 28.035009384155273 -16.45970344543457 82.21199035644531
v 28.63417625427246 -15.89469051361084 62.483123779296875
v 29.086917877197266 -12.841565132141113 68.97422790527344
v 28.92050552368164 -13.11189079284668 102.499755859375
v 29.070720672607422 -12.650308609008789 116.77557373046875
v 29.441802978515625 -6.101686000823975 217.67457580566406
v 28.557966232299805 -5.357063293457031 153.9338836669922
v 28.403732299804688 -2.842747926712036 574.3678588867188
v 28.651453018188477 -2.749436616897583 160.50035095214844
v 28.596887588500977 -0.4665320813655853 576.2759399414062
v 32.09413146972656 4.036447048187256 383.7770690917969
v 28.7924747467041 10.672562599182129 253.43809509277344
v 28.511320114135742 14.654683113098145 401.95758056640625
v 29.13576316833496 16.273075103759766 261.0814208984375
v 27.568164825439453 16.018543243408203 402.2939453125
v 29.15933609008789 18.214874267578125 371.2184753417969
v 28.241615295410156 20.10789680480957 210.01075744628906
v 28.07082748413086 21.193559646606445 211.70828247070312
v 27.866107940673828 22.93120002746582 400.084228515625
v 28.59777069091797 22.27604103088379 213.81826782226562
v 29.377805709838867 26.319955825805664 271.1317443847656
v 28.169267654418945 25.94502067565918 560.9412231445312
v 28.375686645507812 26.724821090698242 557.5052490234375
v 27.790958404541016 26.806203842163086 561.745849609375
v 28.81624984741211 28.411914825439453 222.7613067626953
v 27.732189178466797 30.728506088256836 557.6170654296875
v 28.781082153320312 31.590410232543945 228.3992462158203
v 28.64824867248535 35.943687438964844 236.44004821777344
v 28.423442840576172 38.766937255859375 242.5988006591797
v 27.276439666748047 45.61430740356445 272.3801574707031
v 27.80214500427246 47.65272521972656 269.6748962402344
v 28.591371536254883 -35.70993423461914 105.70941925048828
v 28.571880340576172 -35.41845703125 113.34740447998047
v 29.178579330444336 -35.29009246826172 118.95927429199219
v 28.360881805419922 -30.408082962036133 91.07156372070312
v 28.9325008392334 -22.91374397277832 62.948020935058594
v 28.470365524291992 -22.266159057617188 174.622314453125
v 29.341251373291016 -15.146885871887207 79.38939666748047
v 28.358753204345703 -15.984938621520996 89.47079467773438
v 29.214445114135742 -15.23084831237793 93.99241638183594
v 28.3964786529541 -13.295145988464355 73.21927642822266
v 28.835594177246094 -13.032916069030762 124.52281188964844
v 28.550832748413086 -12.800979614257812 119.07552337646484
v 28.734922409057617 -8.368372917175293 210.812744140625
v 28.6054744720459 -8.795549392700195 147.24266052246094
v 29.395009994506836 -5.423775672912598 221.0243682861328
v 29.731000900268555 -4.080932140350342 225.26925659179688
v 29.141504287719727 0.19447247684001923 172.9744873046875
v 29.211416244506836 1.0578796863555908 174.0753631591797
v 29.17496681213379 5.5147857666015625 182.89907836914062
v 29.706708908081055 6.717997074127197 186.61361694335938
v 29.49885368347168 8.013046264648438 372.3067932128906
v 29.451509475708008 7.509686470031738 248.577392578125
v 28.95482063293457 8.873312950134277 251.10484313964844
v 29.164011001586914 11.468645095825195 194.54110717773438
v 29.621583938598633 12.259561538696289 400.4082336425781
v 29.073638916015625 12.235250473022461 196.15757751464844
v 28.668363571166992 18.58926010131836 263.4004821777344
v 29.240942001342773 22.213603973388672 401.9706115722656
v 28.55682945251465 28.456480026245117 559.6261596679688
v 28.48790168762207 28.13555335998535 556.077880859375
v 28.19894027709961 30.45557975769043 553.8944091796875
v 28.47258758544922 32.34214782714844 555.489013671875
v 28.445640563964844 32.546810150146484 554.1632690429688
v 28.923179626464844 37.237281799316406 277.4684753417969
v 28.641942977905273 41.16344451904297 248.12855529785156
v 29.585485458374023 47.85832214355469 277.75067138671875
v 28.21401023864746 47.75387954711914 263.87872314453125
v 28.49595069885254 48.73814392089844 267.2310485839844
v 28.424907684326172 47.75526809692383 273.7120056152344
v 29.487401962280273 -32.69308853149414 134.87623596191406
v 29.551753997802734 -27.83951187133789 153.7858428955078
v 29.820209503173828 -26.433624267578125 69.8211441040039
v 29.676591873168945 -20.725317001342773 60.80726623535156
v 28.914085388183594 -19.333765029907227 61.07220458984375
v 29.610191345214844 -18.041200637817383 184.3032989501953
v 29.43674087524414 -17.210865020751953 187.55007934570312
v 28.938941955566406 -10.932595252990723 142.6015167236328
v 29.52004623413086 -7.083890914916992 151.09085083007812
v 29.030235290527344 -6.058284759521484 217.215087890625
v 29.116472244262695 -3.510235071182251 574.7635498046875
v 30.39972496032715 -0.9889917969703674 232.56341552734375
v 29.94423484802246 3.5979578495025635 241.689453125
v 29.6719970703125 3.8882908821105957 180.46775817871094
v 29.32403564453125 4.439113140106201 391.8108825683594
v 29.580842971801758 5.096047878265381 244.54473876953125
v 28.547082901000977 10.327369689941406 398.14862060546875
v 29.32870864868164 17.228801727294922 405.38177490234375
v 29.59841537475586 19.64345932006836 209.71865844726562
v 29.385860443115234 18.358089447021484 371.5614929199219
v 29.04118537902832 20.481435775756836 403.4727783203125
v 31.051898956298828 24.982358932495117 271.14862060546875
v 30.031574249267578 23.14057731628418 400.58331298828125
v 30.28983497619629 23.05333137512207 215.56768798828125
v 29.111452102661133 27.250167846679688 558.11376953125
v 29.021902084350586 27.498655319213867 559.288330078125
v 28.639413833618164 29.473159790039062 554.5313110351562
v 28.838443756103516 30.73973274230957 557.7276611328125
v 28.917753219604492 32.23466110229492 552.9685668945312
v 28.87555503845215 32.06730651855469 556.1211547851562
v 29.182132720947266 31.453481674194336 275.4310302734375
v 29.9906005859375 34.454139709472656 232.8113555908203
v 28.790916442871094 40.597652435302734 278.057373046875
v 28.807825088500977 42.67989730834961 251.51654052734375
v 29.652429580688477 45.414581298828125 279.10394287109375
v 29.896156311035156 -34.64918899536133 125.28474426269531
v 29.72581672668457 -33.60449981689453 99.0724868774414
v 30.44747543334961 -31.426197052001953 139.80328369140625
v 28.76825714111328 -28.353382110595703 79.5123519897461
v 29.674396514892578 -27.115047454833984 83.1043701171875
v 29.91051483154297 -26.31724739074707 162.0514678955078
v 30.18656349182129 -24.64752197265625 167.33444213867188
v 30.48986053466797 -25.11774253845215 67.31500244140625
v 29.938142776489258 -24.3388671875 64.35616302490234
v 29.460514068603516 -17.599000930786133 85.50679779052734
v 30.018198013305664 -16.227540969848633 93.04684448242188
v 29.328489303588867 -14.338543891906738 63.937477111816406
v 29.49842643737793 -13.615303039550781 75.4937973022461
v 30.441730499267578 -13.481907844543457 126.48241424560547
v 29.847835540771484 -13.669384002685547 131.74810791015625
v 29.63387107849121 -12.857771873474121 134.97256469726562
v 30.210975646972656 -13.003904342651367 66.36859893798828
v 29.707050323486328 -13.196758270263672 111.12136840820312
v 29.718687057495117 -12.015380859375 199.06625366210938
v 29.760900497436523 -12.03274917602539 137.70489501953125
v 30.31096839904785 -6.613239765167236 214.53378295898438
v 30.64434814453125 -3.3048572540283203 577.408203125
v 30.994354248046875 -1.3366115093231201 577.8056030273438
v 31.912485122680664 -0.30141517519950867 577.2970581054688
v 28.657930374145508 -0.695849597454071 540.9968872070312
v 28.623878479003906 1.4990909099578857 539.2529907226562
v 28.64201545715332 -0.8377795815467834 543.0079956054688
v 29.54548454284668 -0.26298561692237854 171.4058074951172
v 30.283849716186523 0.8385433554649353 236.27667236328125
v 28.627655029296875 0.9065548181533813 541.1334838867188
v 29.325172424316406 -0.0773022323846817 544.9916381835938
v 29.182781219482422 0.4574998617172241 538.411376953125
v 29.466960906982422 10.70650863647461 371.19140625
v 29.884159088134766 12.439751625061035 256.0281982421875
v 29.597740173339844 15.393980026245117 404.3053894042969
v 30.355497360229492 14.017278671264648 200.1525421142578
v 29.680225372314453 18.607452392578125 405.895751953125
v 30.07176399230957 20.68854522705078 211.6608428955078
v 31.98492431640625 25.317102432250977 374.3651428222656
v 29.593952178955078 25.1738338470459 217.8686981201172
v 29.076061248779297 28.13714599609375 272.6136474609375
v 29.35717010498047 31.05773162841797 552.737060546875
v 30.359241485595703 35.950992584228516 236.1692657470703
v 30.26161003112793 38.98189163208008 242.4935302734375
v 29.858442306518555 39.68785095214844 244.4906768798828
v 30.77317237854004 47.136173248291016 257.1104736328125
v 29.95363426208496 50.145660400390625 264.86572265625
v 29.290061950683594 50.22950744628906 270.2236022949219
v 28.989843368530273 49.7151985168457 267.3166809082031
v 29.993959426879883 -35.57345199584961 108.58092498779297
v 31.157915115356445 -34.16473388671875 101.53053283691406
v 29.69957733154297 -33.23211669921875 131.47235107421875
v 30.657367706298828 -31.26219940185547 95.58763122558594
v 30.5314998626709 -30.124773025512695 145.11402893066406
v 29.683752059936523 -28.874126434326172 90.67642211914062
v 29.86981201171875 -27.995433807373047 86.97429656982422
v 29.876893997192383 -27.287395477294922 157.69200134277344
v 30.83496856689453 -23.780784606933594 169.6444549560547
v 30.7726993560791 -21.88727569580078 60.6864128112793
v 30.791858673095703 -21.798444747924805 174.60691833496094
v 29.92276954650879 -19.0548095703125 181.77078247070312
v 29.219955444335938 -18.03987693786621 82.45700073242188
v 30.79780387878418 -17.169553756713867 58.771018981933594
v 30.502107620239258 -16.377079010009766 79.79063415527344
v 29.712871551513672 -17.56498146057129 89.44243621826172
v 30.289331436157227 -15.18152904510498 191.68093872070312
v 31.131807327270508 -15.928977012634277 97.32548522949219
v 29.893163681030273 -13.38984203338623 196.25079345703125
v 30.75412368774414 -13.28376579284668 124.54766082763672
v 30.36428451538086 -12.803669929504395 69.78205108642578
v 30.847942352294922 -13.198881149291992 108.12808990478516
v 31.005069732666016 -10.44083309173584 201.3780517578125
v 30.605051040649414 -9.853546142578125 204.15643310546875
v 30.70501136779785 -9.60919189453125 144.8743896484375
v 31.348148345947266 -5.875741004943848 153.2801055908203
v 30.340532302856445 -4.921106338500977 155.13156127929688
v 31.105615615844727 -2.365419387817383 577.7977294921875
v 30.630399703979492 -2.2676398754119873 164.43215942382812
v 31.074649810791016 -1.9973312616348267 167.30517578125
v 29.507583618164062 -2.2771012783050537 543.04052734375
v 29.21868896484375 -1.2514665126800537 540.554443359375
v 29.46243667602539 -1.1774688959121704 545.6432495117188
v 29.5402774810791 0.5652350783348083 544.1846313476562
v 30.661380767822266 2.577939987182617 239.7857666015625
v 29.30657386779785 1.692295789718628 541.3961791992188
v 29.15581512451172 2.6428675651550293 538.1775512695312
v 29.497655868530273 2.9819977283477783 539.7601928710938
v 33.355003356933594 6.7337260246276855 379.0969543457031
v 30.31700897216797 13.711626052856445 401.28582763671875
v 30.647693634033203 15.614778518676758 371.94195556640625
v 30.436283111572266 15.941906929016113 203.81109619140625
v 30.430044174194336 19.77335548400879 406.41943359375
v 30.12529945373535 21.447265625 402.87255859375
v 32.84156799316406 23.760799407958984 270.9090881347656
v 29.745595932006836 29.3475341796875 555.2538452148438
v 29.434221267700195 29.667888641357422 558.1626586914062
v 29.902658462524414 29.876344680786133 553.7915649414062
v 30.504676818847656 31.78394889831543 555.968017578125
v 30.654399871826172 34.403812408447266 552.6002807617188
v 30.419424057006836 34.324790954589844 554.1200561523438
v 30.438966751098633 35.187496185302734 278.5975646972656
v 30.59225082397461 42.5681037902832 249.8406982421875
v 30.70706558227539 49.35646438598633 261.0052490234375
v 30.083932876586914 51.43821334838867 273.9954528808594
v 30.818723678588867 -35.24028778076172 105.0846176147461
v 30.6322078704834 -35.10917663574219 112.99593353271484
v 30.472763061523438 -34.86880111694336 116.17359924316406
v 31.405872344970703 -34.68791198730469 124.53447723388672
v 31.224340438842773 -31.081703186035156 141.91563415527344
v 30.495662689208984 -29.026071548461914 150.368896484375
v 29.862829208374023 -26.37490463256836 80.86257934570312
v 31.708332061767578 -18.12986183166504 79.75762176513672
v 31.416366577148438 -15.018613815307617 59.331180572509766
v 29.894113540649414 -13.709625244140625 73.8349838256836
v 30.989276885986328 -13.061803817749023 118.31455993652344
v 31.046466827392578 -12.842264175415039 121.11869812011719
v 31.353458404541016 -10.634515762329102 142.6916961669922
v 31.311744689941406 -5.3439812660217285 216.69566345214844
v 31.34898567199707 -4.255883693695068 157.62713623046875
v 30.616241455078125 -2.8828482627868652 160.64578247070312
v 30.34973907470703 -1.6616781949996948 574.4510498046875
v 30.087392807006836 -2.4799439907073975 545.2201538085938
v 29.93239402770996 -0.8157558441162109 575.0103149414062
v 30.252452850341797 -0.20188239216804504 575.986328125
v 30.839139938354492 2.304593324661255 177.3217010498047
v 30.599533081054688 3.566653251647949 536.1815795898438
v 30.252607345581055 3.704559087753296 389.3400573730469
v 29.949148178100586 4.019314289093018 537.8820190429688
v 33.23615646362305 7.8044843673706055 377.4800109863281
v 31.236684799194336 8.926243782043457 251.312255859375
v 30.890600204467773 10.129680633544922 193.57464599609375
v 31.075775146484375 10.144450187683105 252.9700164794922
v 31.276412963867188 13.364178657531738 372.3856506347656
v 30.631025314331055 12.996506690979004 198.79824829101562
v 31.083505630493164 14.248703956604004 403.4681091308594
v 30.786157608032227 17.4824161529541 206.14996337890625
v 30.83344268798828 27.87433433532715 222.35829162597656
v 30.018775939941406 29.817264556884766 556.0736083984375
v 29.918048858642578 30.458791732788086 556.61865234375
v 30.528850555419922 30.10736656188965 225.97767639160156
v 34.428768157958984 35.18405532836914 382.975830078125
v 31.46893882751465 34.808074951171875 393.38372802734375
v 31.152664184570312 36.90504455566406 238.060791015625
v 30.05950927734375 39.60614013671875 279.8431701660156
v 30.798336029052734 48.884521484375 260.3921203613281
v 30.2034969329834 50.9006462097168 275.74542236328125
v 30.679759979248047 52.62070083618164 272.357666015625
v 30.81069564819336 -35.08552169799805 118.63363647460938
v 31.408599853515625 -34.65879440307617 121.53558349609375
v 31.084203720092773 -33.63763427734375 100.64175415039062
v 31.453916549682617 -32.156246185302734 97.92737579345703
v 30.535308837890625 -27.4016056060791 90.24725341796875
v 31.0789794921875 -26.756484985351562 75.97277069091797
v 30.873804092407227 -26.540956497192383 74.64923858642578
v 32.11140060424805 -25.09404182434082 77.72499084472656
v 30.314311981201172 -24.5197696685791 81.77843475341797
v 31.02596664428711 -22.491762161254883 172.4894561767578
v 31.236421585083008 -19.489269256591797 179.6898651123047
v 30.852855682373047 -19.61176872253418 58.89065933227539
v 29.977855682373047 -19.67650604248047 82.50029754638672
v 30.675168991088867 -20.496456146240234 84.92754364013672
v 30.9166202545166 -19.848621368408203 89.57135009765625
v 31.360246658325195 -18.722089767456055 91.7631607055664
v 30.872478485107422 -14.653695106506348 76.47100067138672
v 30.67884635925293 -13.370734214782715 65.2362060546875
v 31.134252548217773 -13.896501541137695 101.81289672851562
v 32.03877258300781 -13.893245697021484 127.16545104980469
v 31.080883026123047 -13.325894355773926 105.27013397216797
v 31.116228103637695 -13.023192405700684 124.01472473144531
v 30.887365341186523 -7.809238910675049 209.8793182373047
v 30.824878692626953 -2.481757879257202 574.5265502929688
v 30.266151428222656 -1.4901541471481323 540.2841796875
v 30.9626522064209 -1.7493730783462524 547.8893432617188
v 30.824003219604492 -0.11861321330070496 548.47265625
v 30.543148040771484 0.013204067014157772 538.2571411132812
v 30.61789894104004 2.223388910293579 536.4502563476562
v 30.468608856201172 1.0532649755477905 543.9815063476562
v 30.855453491210938 1.7081584930419922 541.924072265625
v 31.29653549194336 4.791575908660889 183.3459930419922
v 31.10677719116211 16.45965003967285 406.56402587890625
v 30.986711502075195 17.530427932739258 263.0060729980469
v 32.22813415527344 21.054527282714844 213.73135375976562
v 30.878000259399414 26.717937469482422 273.0697937011719
v 31.631778717041016 28.871091842651367 275.9295959472656
v 32.802711486816406 30.581029891967773 399.1427917480469
v 30.7863826751709 31.26939582824707 228.0831756591797
v 30.99540901184082 33.43810272216797 555.255126953125
v 31.231599807739258 36.614784240722656 280.4029541015625
v 31.36373519897461 44.23358154296875 281.9611511230469
v 30.930524826049805 50.8292350769043 278.0949401855469
v 30.975971221923828 51.24689483642578 264.3895263671875
v 30.521080017089844 51.67985916137695 268.0059814453125
v 31.281856536865234 -33.27736282348633 131.44007873535156
v 31.58161735534668 -29.72112274169922 147.84593200683594
v 32.06296157836914 -30.16515350341797 95.97697448730469
v 30.713729858398438 -26.0863037109375 86.8594970703125
v 31.34909439086914 -26.134113311767578 71.53380584716797
v 30.988773345947266 -25.17264175415039 165.72618103027344
v 31.90041732788086 -24.996274948120117 65.5999526977539
v 31.858579635620117 -23.366239547729492 61.85880661010742
v 30.48497772216797 -21.814149856567383 82.34453582763672
v 31.14215850830078 -23.0515079498291 86.46316528320312
v 31.997892379760742 -19.782272338867188 177.28521728515625
v 31.50845718383789 -19.882659912109375 91.03793334960938
v 31.016429901123047 -17.300209045410156 93.10599517822266
v 31.333938598632812 -16.359460830688477 187.77964782714844
v 32.11216735839844 -16.26285743713379 97.75607299804688
v 31.728544235229492 -15.20428466796875 99.80166625976562
v 31.811967849731445 -14.937973022460938 74.40052795410156
v 31.294815063476562 -13.602041244506836 62.04488754272461
v 31.71074104309082 -12.594107627868652 135.55421447753906
v 31.5633544921875 -11.528255462646484 139.01962280273438
v 31.6152400970459 -7.243777751922607 151.2672882080078
v 31.831167221069336 -3.225304365158081 575.633544921875
v 31.181514739990234 -2.7874791622161865 543.748779296875
v 31.643705368041992 -2.5152697563171387 228.0423126220703
v 32.74254608154297 0.14299938082695007 574.7243041992188
v 32.32701110839844 -0.9291192889213562 173.78591918945312
v 31.227678298950195 -0.7942821383476257 171.7900390625
v 32.413665771484375 -0.4086291790008545 174.40582275390625
v 31.364620208740234 1.1811619997024536 547.4970092773438
v 31.844898223876953 1.137136459350586 236.0038299560547
v 30.75525665283203 3.707716226577759 539.4432373046875
v 31.0756893157959 4.912845611572266 535.8987426757812
v 31.506746292114258 4.6899237632751465 243.4592742919922
v 35.931182861328125 8.46728801727295 391.4148864746094
v 31.33631134033203 5.51031494140625 537.0451049804688
v 31.54033851623535 5.800742149353027 186.8192596435547
v 33.81095886230469 10.639274597167969 396.0559387207031
v 32.31587219238281 11.857702255249023 373.82781982421875
v 32.0695915222168 10.884867668151855 196.75108337402344
v 32.35002517700195 12.57244873046875 399.4320983886719
v 31.66874885559082 13.537785530090332 400.72833251953125
v 32.30084991455078 15.192197799682617 260.2741394042969
v 31.491146087646484 18.528268814086914 408.24835205078125
v 31.361896514892578 20.87615966796875 406.0075378417969
v 31.406633377075195 21.82345199584961 402.4167785644531
v 31.150131225585938 22.51062774658203 401.8466491699219
v 31.439558029174805 24.8020076751709 218.14295959472656
v 31.095916748046875 30.89724349975586 555.3367309570312
v 31.513835906982422 31.77919578552246 552.1814575195312
v 31.372905731201172 32.68141174316406 551.7376098632812
v 31.85188865661621 32.773834228515625 278.7034912109375
v 32.63222885131836 38.75686264038086 241.92361450195312
v 32.128231048583984 44.27997589111328 251.525146484375
v 32.11076354980469 45.89787292480469 253.72483825683594
v 30.814504623413086 47.7093391418457 280.2857666015625
v 31.456424713134766 53.63165283203125 271.136962890625
v 32.737586975097656 -34.69637680053711 107.80669403076172
v 32.02901077270508 -34.5857048034668 111.12612915039062
v 32.33892059326172 -32.73347854614258 134.7478790283203
v 32.018314361572266 -27.427597045898438 154.71868896484375
v 32.45011901855469 -26.95341682434082 157.46319580078125
v 31.098148345947266 -26.014768600463867 90.12309265136719
v 32.3112678527832 -25.833377838134766 162.12564086914062
v 31.49753761291504 -24.22211456298828 90.16600036621094
v 32.65298080444336 -24.373920440673828 63.398712158203125
v 32.60594940185547 -22.06861686706543 79.19707489013672
v 31.634639739990234 -18.313196182250977 181.53468322753906
v 32.736534118652344 -16.728063583374023 183.4671630859375
v 31.831268310546875 -17.116477966308594 184.53172302246094
v 32.17304611206055 -16.303770065307617 77.10860443115234
v 31.643722534179688 -12.462727546691895 196.10638427734375
v 33.592803955078125 -12.791414260864258 61.29926300048828
v 31.865232467651367 -13.822513580322266 111.03392791748047
v 32.269981384277344 -13.481740951538086 115.79340362548828
v 31.852041244506836 -12.93553638458252 69.27562713623047
v 31.88860321044922 -10.999882698059082 198.47012329101562
v 32.47127151489258 -9.556402206420898 200.81002807617188
v 31.899070739746094 -4.651027202606201 220.37887573242188
v 32.47957229614258 -2.475057363510132 547.5122680664062
v 31.231815338134766 -1.8262959718704224 541.2734985351562
v 31.57255744934082 1.8684813976287842 536.426025390625
v 31.53767967224121 0.9759482741355896 543.751953125
v 31.791854858398438 3.0852694511413574 535.6080322265625
v 32.035858154296875 3.026671886444092 181.0565643310547
v 32.06321334838867 4.577576160430908 388.31219482421875
v 32.85847854614258 7.4214277267456055 247.9187774658203
v 31.996179580688477 6.7750959396362305 189.1250762939453
v 31.544132232666016 13.551614761352539 372.78326416015625
v 32.00668716430664 17.29572868347168 408.3503112792969
v 31.957189559936523 18.69776725769043 209.93252563476562
v 32.0190315246582 20.352405548095703 407.61285400390625
v 32.46489334106445 22.22319793701172 215.736083984375
v 34.878116607666016 27.02684783935547 401.20697021484375
v 30.88797950744629 27.00287437438965 516.114990234375
v 31.51657485961914 28.9051456451416 510.51434326171875
v 30.76361083984375 27.961498260498047 516.7255249023438
v 31.233963012695312 28.95511245727539 517.4798583984375
v 31.512941360473633 29.763608932495117 512.8502807617188
v 31.928390502929688 34.08149719238281 551.4599609375
v 32.8358039855957 35.89842987060547 385.9499206542969
v 32.72758865356445 34.46109390258789 233.2881622314453
v 31.73983383178711 34.53810501098633 279.66357421875
v 32.63887023925781 39.77751159667969 244.28843688964844
v 31.675859451293945 50.777584075927734 280.2259826660156
v 33.16687774658203 -33.95692825317383 115.76924133300781
v 33.058956146240234 -34.41361618041992 118.139892578125
v 33.131385803222656 -29.32921028137207 148.77001953125
v 32.69332504272461 -25.114625930786133 72.15618133544922
v 31.43634796142578 -22.12691307067871 89.82392883300781
v 32.189361572265625 -19.738595962524414 56.98129653930664
v 32.27547073364258 -19.8587646484375 79.69380187988281
v 32.159339904785156 -17.671466827392578 56.43692398071289
v 31.869583129882812 -15.810709953308105 57.454673767089844
v 32.48918533325195 -14.173418998718262 191.1488494873047
v 32.47747802734375 -13.580339431762695 60.36086654663086
v 32.27654266357422 -13.711296081542969 131.7123260498047
v 32.63263702392578 -13.127817153930664 66.8499984741211
v 33.05467224121094 -6.836756706237793 208.3740997314453
v 32.986385345458984 -5.7396559715271 212.5556182861328
v 32.817142486572266 -4.726664066314697 216.88775634765625
v 32.739471435546875 -3.457105875015259 160.7678680419922
v 32.64087677001953 -3.504352331161499 223.4363250732422
v 33.24249267578125 -1.1858303546905518 229.47679138183594
v 32.083187103271484 0.30598101019859314 551.2145385742188
v 31.971317291259766 1.1978570222854614 537.7484130859375
v 32.60024642944336 0.550402045249939 576.767822265625
v 32.63638687133789 0.0803617462515831 233.34426879882812
v 32.82301330566406 2.913083076477051 239.33203125
v 31.856128692626953 2.3833675384521484 540.0328369140625
v 32.10282897949219 3.9247589111328125 539.07470703125
v 32.98017501831055 3.9580724239349365 241.20286560058594
v 33.15250015258789 5.537618637084961 381.14044189453125
v 32.516727447509766 6.872191905975342 535.5151977539062
v 32.98835754394531 8.084243774414062 249.39747619628906
v 32.135292053222656 11.16494369506836 397.1986083984375
v 32.73511505126953 9.850042343139648 375.17669677734375
v 33.21234893798828 10.463699340820312 253.06060791015625
v 32.62211608886719 12.340235710144043 199.998291015625
v 32.25277328491211 12.178483963012695 255.6953887939453
v 32.47562789916992 15.24605655670166 204.6958465576172
v 34.13390350341797 17.564340591430664 373.67999267578125
v 32.16704177856445 15.825955390930176 406.389404296875
v 33.096866607666016 17.371854782104492 263.1220703125
v 32.49045181274414 19.729036331176758 211.91647338867188
v 32.67133712768555 21.427078247070312 405.0819091796875
v 35.40178298950195 25.278396606445312 375.1485595703125
v 33.09880828857422 22.749385833740234 216.50201416015625
v 32.6110725402832 22.748369216918945 401.06231689453125
v 33.30732727050781 24.25886344909668 272.0482482910156
v 31.89596939086914 25.851421356201172 522.595947265625
v 31.748886108398438 25.14600372314453 520.8890991210938
v 31.705110549926758 25.958324432373047 515.727783203125
v 31.676193237304688 26.8636417388916 512.62109375
v 31.494197845458984 26.10306167602539 517.7202758789062
v 32.0894889831543 30.286745071411133 510.01336669921875
v 32.60576629638672 29.499479293823242 225.77215576171875
v 32.84851837158203 30.750394821166992 227.94830322265625
v 32.13837814331055 31.23377227783203 553.5350341796875
v 31.85418701171875 32.780765533447266 555.2578735351562
v 32.92314147949219 35.92258834838867 551.91943359375
v 32.79935073852539 36.145896911621094 552.986083984375
v 33.156166076660156 35.58702087402344 235.97784423828125
v 32.19257354736328 41.43195724487305 282.7490539550781
v 32.84955978393555 42.44392013549805 248.81192016601562
v 33.73339080810547 49.49242401123047 257.9525451660156
v 31.956436157226562 47.52815246582031 282.4935607910156
v 31.81199073791504 52.76597595214844 266.5633239746094
v 32.490257263183594 53.55583572387695 278.7618408203125
v 32.38454055786133 54.46623992919922 269.5543518066406
v 32.72441101074219 -34.439903259277344 104.9025650024414
v 32.9289436340332 -34.2229118347168 112.80410766601562
v 33.40073013305664 -34.2021484375 124.43965148925781
v 33.20517349243164 -32.93449020385742 101.15353393554688
v 33.96940231323242 -31.31184959411621 99.73310852050781
v 32.819637298583984 -31.33238410949707 139.53994750976562
v 32.91632080078125 -29.964523315429688 145.12387084960938
v 32.282806396484375 -25.016464233398438 75.83624267578125
v 32.52042007446289 -24.78903579711914 68.60301971435547
v 32.01033020019531 -24.85016441345215 91.19198608398438
v 32.85034942626953 -24.575469970703125 165.74957275390625
v 32.36605453491211 -22.374162673950195 91.54692077636719
v 31.98801040649414 -22.58928108215332 60.43607711791992
v 33.028175354003906 -21.79899787902832 57.832786560058594
v 32.91715621948242 -18.478557586669922 179.53460693359375
v 33.03402328491211 -18.626893997192383 96.32183074951172
v 32.83211135864258 -14.035224914550781 57.396751403808594
v 33.128875732421875 -13.714688301086426 70.59507751464844
v 32.678951263427734 -14.273415565490723 103.38030242919922
v 33.805755615234375 -13.708370208740234 120.35247802734375
v 32.915008544921875 -13.653210639953613 124.01285552978516
v 34.03234100341797 -13.738485336303711 123.21334075927734
v 32.778038024902344 -9.57308292388916 145.519775390625
v 32.62106704711914 -9.312458038330078 201.6918182373047
v 32.825748443603516 -5.336048126220703 155.64376831054688
v 34.20630645751953 -1.8476390838623047 576.3102416992188
v 34.88950729370117 -0.3006596863269806 574.5029296875
v 32.1081428527832 1.021458625793457 538.6663208007812
v 32.108009338378906 -0.874891459941864 541.8072509765625
v 32.56245803833008 -1.0618219375610352 550.7949829101562
v 32.60061264038086 0.7607323527336121 575.7100830078125
v 32.67952346801758 0.8308150768280029 176.6662139892578
v 32.36756896972656 0.13849954307079315 543.2026977539062
v 31.979177474975586 0.797501266002655 541.4898071289062
v 33.236080169677734 1.4458539485931396 547.3043212890625
v 32.158203125 1.7548737525939941 550.3798828125
v 32.13395309448242 5.132775783538818 534.3341064453125
v 32.82276916503906 5.529693603515625 537.8297119140625
v 31.855356216430664 19.848676681518555 409.31011962890625
v 32.021121978759766 18.305627822875977 409.6452331542969
v 32.87529754638672 21.6141300201416 401.9897155761719
v 32.01448059082031 24.571256637573242 527.4945678710938
v 31.7910099029541 25.7249813079834 527.700439453125
v 32.45061111450195 26.734092712402344 522.70654296875
v 31.86488151550293 29.361783981323242 518.0404052734375
v 32.033172607421875 27.467195510864258 510.7856750488281
v 33.72127151489258 28.969924926757812 400.2856750488281
v 32.15072250366211 29.63165283203125 506.23968505859375
v 32.18162536621094 30.609495162963867 506.7677917480469
v 33.626365661621094 31.566055297851562 279.3373107910156
v 32.2494010925293 30.01622772216797 503.95166015625
v 31.853261947631836 30.492095947265625 500.2476501464844
v 31.873172760009766 31.540372848510742 501.3951110839844
v 31.86160659790039 31.62982940673828 496.8602600097656
v 32.41346740722656 32.24361801147461 554.8388671875
v 32.504207611083984 35.564918518066406 394.5364685058594
v 33.37836456298828 35.94480895996094 554.0761108398438
v 32.050376892089844 36.034603118896484 390.244384765625
v 32.62570571899414 38.244415283203125 282.3232727050781
v 32.789276123046875 50.96786117553711 281.9137878417969
v 33.56250762939453 55.86412811279297 276.9615478515625
v 33.19566345214844 -32.98548889160156 131.3212127685547
v 33.08721923828125 -28.612091064453125 95.79663848876953
v 33.12560272216797 -23.667692184448242 62.039363861083984
v 32.79433822631836 -22.238046646118164 171.41485595703125
v 33.25570297241211 -20.303544998168945 175.0045928955078
v 32.757598876953125 -16.23272705078125 55.65619659423828
v 33.395416259765625 -16.649295806884766 74.55724334716797
v 33.798892974853516 -17.544723510742188 98.67659759521484
v 33.4159049987793 -15.180688858032227 187.29946899414062
v 33.50950622558594 -15.692366600036621 100.75283813476562
v 33.1800537109375 -14.139349937438965 107.6314468383789
v 33.28759002685547 -13.915228843688965 126.23560333251953
v 33.90740966796875 -14.174466133117676 117.7160415649414
v 33.182716369628906 -12.731550216674805 64.10639190673828
v 33.38277053833008 -3.2348432540893555 164.15965270996094
v 32.903175354003906 -2.8497939109802246 167.3368377685547
v 33.198673248291016 -2.190305709838867 546.157470703125
v 35.245933532714844 -0.9843104481697083 575.328369140625
v 33.15251541137695 -1.662218689918518 544.80126953125
v 33.710079193115234 -1.1906265020370483 577.3998413085938
v 34.289337158203125 -0.11804765462875366 577.533447265625
v 32.22662353515625 1.6832084655761719 539.49951171875
v 33.511627197265625 2.266153573989868 552.9581909179688
v 33.16409683227539 2.24428653717041 549.0347290039062
v 33.203765869140625 1.6237066984176636 179.3430633544922
v 33.04667282104492 3.922184467315674 534.4212646484375
v 33.449501037597656 3.6859819889068604 184.4596405029297
v 33.220314025878906 6.877605438232422 536.4309692382812
v 33.14664840698242 7.1743645668029785 534.2576904296875
v 36.28563690185547 11.02670669555664 395.05462646484375
v 33.02815246582031 9.119654655456543 194.7667999267578
v 32.75664138793945 14.361051559448242 403.2626037597656
v 33.28638458251953 16.254487991333008 407.9303894042969
v 33.246726989746094 16.302448272705078 206.8436279296875
v 33.46608352661133 19.996768951416016 412.4837646484375
v 32.49399948120117 20.9491024017334 408.82537841796875
v 33.099098205566406 21.017854690551758 407.0593566894531
v 32.582462310791016 23.982040405273438 522.926513671875
v 32.49593734741211 24.501394271850586 520.32421875
v 32.54636764526367 24.130197525024414 525.1868286132812
v 32.533390045166016 25.543161392211914 517.4356079101562
v 32.504573822021484 24.634355545043945 530.5352172851562
v 32.403297424316406 25.991424560546875 530.5234375
v 32.79204559326172 25.594148635864258 514.885009765625
v 33.231266021728516 26.646039962768555 221.83958435058594
v 32.30449295043945 26.706756591796875 527.6061401367188
v 32.6397819519043 29.070219039916992 505.16156005859375
v 32.80352020263672 29.652284622192383 497.4916076660156
v 32.11640930175781 30.44631576538086 497.3049011230469
v 32.49525833129883 29.353713989257812 502.121337890625
v 33.00992965698242 30.73922348022461 513.3253784179688
v 32.757808685302734 29.68193244934082 518.1132202148438
v 32.96465301513672 29.665491104125977 494.50787353515625
v 32.05729293823242 31.249486923217773 494.4659118652344
v 32.34962844848633 31.020246505737305 504.0120544433594
v 32.75872039794922 31.391765594482422 506.8001403808594
v 32.5067024230957 32.53491973876953 501.842529296875
v 32.27162551879883 32.75112533569336 497.1390380859375
v 32.53367233276367 32.71426773071289 494.2724609375
v 35.57187271118164 34.2706413269043 381.3021240234375
v 33.269256591796875 33.65753173828125 397.73150634765625
v 33.432708740234375 33.26340866088867 280.5931701660156
v 33.189205169677734 44.551025390625 284.412353515625
v 33.67301559448242 47.744873046875 255.56729125976562
v 32.54169845581055 48.23994827270508 282.79742431640625
v 33.0070915222168 51.888328552246094 262.0873107910156
v 33.24998474121094 53.2305793762207 264.5654602050781
v 34.635990142822266 57.24217224121094 274.48358154296875
v 34.17612838745117 -33.412532806396484 111.0125503540039
v 33.79305648803711 -33.88858413696289 120.8427734375
v 34.175350189208984 -25.007953643798828 162.4711456298828
v 33.41026306152344 -24.833934783935547 66.61483764648438
v 33.664825439453125 -23.77788543701172 73.59515380859375
v 33.24962615966797 -22.8195743560791 76.5081558227539
v 34.47178649902344 -23.219274520874023 58.8905143737793
v 33.48093032836914 -20.05899429321289 77.05413055419922
v 33.15775680541992 -18.40682601928711 77.13360595703125
v 33.813411712646484 -19.617334365844727 55.0184326171875
v 33.53641891479492 -17.074277877807617 181.0079345703125
v 33.83464813232422 -14.826570510864258 110.99861907958984
v 33.49680709838867 -12.99357795715332 58.28789520263672
v 33.90834426879883 -13.58122444152832 67.74272155761719
v 33.228302001953125 -13.035367965698242 134.75743103027344
v 33.76865005493164 -12.245036125183105 137.80592346191406
v 34.24386978149414 -11.124399185180664 142.85220336914062
v 33.55832290649414 -10.518756866455078 196.62838745117188
v 33.882789611816406 -8.222134590148926 150.77978515625
v 34.39509201049805 -6.843856334686279 153.65220642089844
v 33.968284606933594 -3.868762254714966 215.8641815185547
v 34.19977951049805 -3.4843878746032715 219.4427947998047
v 34.96216583251953 -0.9336399435997009 576.8547973632812
v 33.672733306884766 -1.7227940559387207 549.8482666015625
v 34.2070198059082 -2.3325839042663574 174.45545959472656
v 34.45844268798828 0.5285261273384094 574.3613891601562
v 34.01962661743164 0.8810001015663147 547.1738891601562
v 32.77695846557617 2.019257068634033 538.1329956054688
v 33.74829864501953 2.8981878757476807 551.6434936523438
v 33.384422302246094 2.9655416011810303 536.1708374023438
v 33.280887603759766 3.3485636711120605 538.1934814453125
v 34.20372772216797 5.781467914581299 385.43280029296875
v 33.814823150634766 4.45139217376709 188.22119140625
v 34.428707122802734 9.222249031066895 250.87916564941406
v 33.6356315612793 9.579855918884277 196.9097137451172
v 34.90107727050781 12.137161254882812 254.7504119873047
v 33.93852233886719 13.061671257019043 397.94219970703125
v 33.8643684387207 14.23928451538086 399.673095703125
v 33.36015319824219 15.610519409179688 405.7451477050781
v 33.75608444213867 18.062517166137695 411.7950134277344
v 33.4215202331543 18.966291427612305 412.14239501953125
v 33.834800720214844 21.07805633544922 412.6201171875
v 33.56969451904297 21.49371337890625 410.5406494140625
v 37.5924186706543 24.66826057434082 375.6419372558594
v 36.287227630615234 21.56429100036621 374.70208740234375
v 33.12770462036133 23.704378128051758 527.4290771484375
v 33.22017288208008 23.753843307495117 530.201904296875
v 33.44786834716797 24.54020881652832 519.8233032226562
v 33.71100616455078 26.025020599365234 512.9605712890625
v 32.95832061767578 26.892961502075195 510.8766784667969
v 33.22898864746094 27.212779998779297 526.974853515625
v 33.50927734375 27.242591857910156 529.912353515625
v 34.70201873779297 26.582847595214844 275.8150634765625
v 33.38851547241211 28.518163681030273 504.934326171875
v 33.76690673828125 27.107629776000977 522.6312866210938
v 32.777809143066406 31.338104248046875 492.6509704589844
v 36.930240631103516 33.154598236083984 379.888671875
v 33.036617279052734 30.951766967773438 509.80615234375
v 33.23674011230469 32.10841751098633 504.0732727050781
v 33.176231384277344 32.68340301513672 492.7879638671875
v 33.347930908203125 32.94475555419922 551.4188232421875
v 33.03030776977539 33.37615203857422 497.1151123046875
v 33.377071380615234 35.26344299316406 554.7229614257812
v 33.99708557128906 37.09886932373047 386.3130187988281
v 33.01884078979492 36.855411529541016 388.4297790527344
v 33.89715576171875 36.56209945678711 282.783935546875
v 34.600093841552734 42.07985305786133 248.1448211669922
v 34.1641731262207 42.62259292602539 285.0538330078125
v 33.635005950927734 45.09754180908203 284.5451354980469
v 33.694828033447266 49.97157669067383 258.4542541503906
v 33.27228546142578 53.6004638671875 280.25701904296875
v 34.56689453125 -33.7296142578125 123.18701171875
v 34.015472412109375 -30.571781158447266 142.22756958007812
v 33.819847106933594 -26.966333389282227 95.7519302368164
v 34.45177459716797 -27.84140968322754 151.9176788330078
v 34.16651153564453 -25.49798583984375 95.70018768310547
v 34.64980697631836 -24.417844772338867 65.09281158447266
v 34.073760986328125 -23.901695251464844 69.58910369873047
v 33.963382720947266 -21.046491622924805 95.92430877685547
v 33.86682891845703 -17.52641487121582 53.90033721923828
v 34.247623443603516 -15.58633041381836 183.61947631835938
v 34.56924057006836 -15.161565780639648 71.30614471435547
v 33.58222198486328 -14.132123947143555 54.951751708984375
v 34.71812057495117 -14.355175971984863 131.73606872558594
v 34.44774627685547 -8.816400527954102 197.7143096923828
v 34.93034744262695 -7.910222053527832 152.67593383789062
v 35.05048751831055 -5.549095153808594 158.64251708984375
v 34.25702667236328 -1.4961737394332886 227.2272186279297
v 34.372108459472656 -0.7431282997131348 552.0328979492188
v 34.703067779541016 0.17516709864139557 230.7165069580078
v 34.45796585083008 0.1816825419664383 547.2384643554688
v 33.98809051513672 2.014223575592041 575.72998046875
v 33.854026794433594 1.6208635568618774 235.22262573242188
v 34.77257537841797 1.1661347150802612 182.23348999023438
v 34.1645393371582 3.7125046253204346 536.671630859375
v 34.8067741394043 5.992037296295166 532.79541015625
v 35.739295959472656 7.223677158355713 387.9366455078125
v 34.81917953491211 7.128968715667725 532.4411010742188
v 33.71125030517578 6.988591194152832 533.3438110351562
v 34.6607780456543 16.77322769165039 209.9707794189453
v 34.14589309692383 20.937145233154297 406.5774841308594
v 34.66477966308594 22.158287048339844 412.7179260253906
v 33.91609191894531 21.500930786132812 401.15380859375
v 33.97050476074219 23.793474197387695 525.0465698242188
v 33.51306915283203 23.707229614257812 522.7550659179688
v 33.70456314086914 24.6330623626709 532.5497436523438
v 33.860595703125 25.5828857421875 517.6334838867188
v 33.92948913574219 25.6307430267334 515.481689453125
v 33.62971115112305 26.10396957397461 532.26953125
v 33.90294647216797 29.282745361328125 497.46331787109375
v 33.887935638427734 29.536529541015625 517.9901123046875
v 33.66228485107422 29.7851619720459 492.98876953125
v 33.01265335083008 30.97092056274414 491.32763671875
v 33.263572692871094 32.43517303466797 490.78057861328125
v 33.739044189453125 30.767297744750977 489.5885314941406
v 33.52900314331055 31.8568172454834 506.7057189941406
v 34.80605697631836 31.172983169555664 400.39630126953125
v 33.498321533203125 33.10010528564453 501.6626892089844
v 33.64872360229492 33.490020751953125 494.1183166503906
v 34.07626724243164 34.16176223754883 554.91650390625
v 33.64391326904297 35.25309753417969 397.20361328125
v 34.9583854675293 36.02324676513672 550.8009643554688
v 34.74454116821289 36.791717529296875 239.04847717285156
v 34.507415771484375 39.89180374145508 284.5095520019531
v 34.814056396484375 46.62888717651367 253.48048400878906
v 34.36095428466797 50.04585266113281 285.11846923828125
v 34.05336380004883 55.4411735534668 267.52191162109375
v 34.38950729370117 56.215763092041016 278.1081237792969
v 34.48585510253906 56.726497650146484 271.461669921875
v 34.287315368652344 -33.414642333984375 104.6648178100586
v 34.77381134033203 -30.82176971435547 139.44808959960938
v 34.46554183959961 -32.244781494140625 134.3035125732422
v 34.49260711669922 -26.37080192565918 155.28253173828125
v 34.68083190917969 -24.206546783447266 67.72482299804688
v 34.270599365234375 -23.570158004760742 95.64700317382812
v 34.858642578125 -22.739028930664062 70.62091827392578
v 34.531620025634766 -23.69917869567871 165.77183532714844
v 34.489566802978516 -21.958740234375 73.32714080810547
v 34.65242004394531 -20.88221549987793 73.57466888427734
v 34.92321014404297 -20.117387771606445 172.4150390625
v 34.51962661743164 -19.572019577026367 97.61551666259766
v 34.46528625488281 -19.08335304260254 74.13569641113281
v 34.61455535888672 -17.684406280517578 177.17691040039062
v 35.32592010498047 -13.553504943847656 51.782554626464844
v 34.48284912109375 -15.18733024597168 104.87803649902344
v 34.226844787597656 -13.20325756072998 189.88235473632812
v 35.48149108886719 -15.113840103149414 126.98628997802734
v 34.26898956298828 -12.436502456665039 55.422386169433594
v 34.57130813598633 -11.755165100097656 56.52735137939453
v 34.8948860168457 -11.931486129760742 59.781673431396484
v 34.74348068237305 -13.378705024719238 135.1260528564453
v 34.18541717529297 -8.038495063781738 200.27432250976562
v 35.12820816040039 -10.263740539550781 145.7036590576172
v 34.19999694824219 -7.938141345977783 201.2362823486328
v 34.41987991333008 -2.570619821548462 222.958251953125
v 34.299278259277344 -3.7081291675567627 167.76467895507812
v 35.096954345703125 -0.9499718546867371 550.1842041015625
v 34.710594177246094 -0.7006036043167114 547.7127685546875
v 34.43060302734375 -0.10390520095825195 177.8028564453125
v 35.60724639892578 1.3678333759307861 232.4658966064453
v 35.27077102661133 1.0831987857818604 554.9915771484375
v 34.424198150634766 1.7888126373291016 574.7245483398438
v 34.89312744140625 2.208852767944336 576.8751220703125
v 34.81033706665039 3.3028135299682617 551.6810302734375
v 34.884613037109375 4.357288837432861 240.4381866455078
v 35.437713623046875 6.858938217163086 535.939697265625
v 34.46500015258789 8.15051555633545 534.7821044921875
v 34.37062454223633 7.965628623962402 195.37774658203125
v 35.81386947631836 10.719870567321777 252.26437377929688
v 34.67164611816406 12.266643524169922 203.0692596435547
v 35.05258560180664 10.014368057250977 200.52391052246094
v 38.42314910888672 14.948012351989746 377.3062744140625
v 34.89145278930664 13.816433906555176 205.9721221923828
v 34.804832458496094 14.421910285949707 258.7307434082031
v 34.405548095703125 15.278590202331543 402.7331237792969
v 34.41313171386719 17.33079719543457 410.8085632324219
v 34.83914566040039 18.154146194458008 212.17337036132812
v 35.07163619995117 21.369178771972656 268.6822204589844
v 34.30877685546875 20.678695678710938 401.9373474121094
v 33.8625373840332 21.101306915283203 403.92620849609375
v 37.26327133178711 24.130599975585938 401.76617431640625
v 34.17293167114258 23.716575622558594 532.0856323242188
v 33.945648193359375 26.804412841796875 511.13885498046875
v 34.43119430541992 26.707626342773438 532.1074829101562
v 34.373661041259766 27.917505264282227 506.8179016113281
v 34.44065475463867 27.328645706176758 528.9395751953125
v 34.089115142822266 28.40317153930664 504.1290283203125
v 35.99130630493164 30.24687957763672 279.7706604003906
v 33.8128776550293 30.017818450927734 491.0948791503906
v 34.185333251953125 30.8363037109375 510.4945373535156
v 33.928524017333984 31.72909164428711 486.853759765625
v 34.696746826171875 32.98591613769531 231.9363250732422
v 33.76482391357422 32.673980712890625 490.09991455078125
v 34.54878234863281 32.39008331298828 552.2979736328125
v 34.6608772277832 32.506893157958984 553.4779663085938
v 34.25569152832031 33.369022369384766 491.89288330078125
v 33.919158935546875 33.52983093261719 498.0195007324219
v 34.26254653930664 34.37567901611328 550.5841674804688
v 35.384010314941406 37.084922790527344 384.2662353515625
v 34.610652923583984 47.95756530761719 285.8948059082031
v 34.428733825683594 52.91120529174805 283.72955322265625
v 35.509761810302734 53.85771942138672 262.6095275878906
v 34.6881103515625 55.07868194580078 281.78668212890625
v 35.41558837890625 55.762245178222656 265.8168640136719
v 35.50010681152344 -32.857147216796875 107.99201965332031
v 35.12823486328125 -32.75019836425781 112.4547119140625
v 35.37320327758789 -32.19381332397461 130.95347595214844
v 35.14420700073242 -29.3073673248291 145.0068359375
v 35.72938919067383 -28.85101890563965 99.44317626953125
v 35.113433837890625 -25.68015480041504 157.72364807128906
v 34.874603271484375 -23.91585922241211 63.5593147277832
v 35.075687408447266 -21.557531356811523 169.79193115234375
v 34.894996643066406 -19.098812103271484 174.59188842773438
v 34.98080825805664 -16.578371047973633 179.07229614257812
v 35.01677703857422 -17.318275451660156 100.40579986572266
v 35.60333251953125 -15.171889305114746 51.06388473510742
v 35.0040397644043 -14.940168380737305 182.19927978515625
v 35.268951416015625 -16.34457015991211 103.08588409423828
v 34.691165924072266 -15.146197319030762 108.1917953491211
v 35.27341842651367 -14.668025970458984 123.58808135986328
v 35.464210510253906 -14.787867546081543 125.98036193847656
v 35.9626350402832 -11.775367736816406 51.775726318359375
v 35.14888000488281 -12.525313377380371 62.56528854370117
v 35.34063720703125 -6.439614772796631 156.19964599609375
v 34.49845886230469 -5.577906131744385 208.08119201660156
v 34.8836784362793 -4.43613862991333 161.38650512695312
v 35.05702209472656 -3.190147638320923 215.96730041503906
v 35.6544303894043 2.3506875038146973 556.3153076171875
v 35.175357818603516 3.4689958095550537 238.30784606933594
v 34.81321716308594 2.4126930236816406 184.88197326660156
v 34.5450439453125 4.6146240234375 534.0548706054688
v 39.72744369506836 14.3346529006958 378.9359130859375
v 34.99091339111328 16.68401336669922 261.92626953125
v 34.795711517333984 16.269439697265625 405.12841796875
v 34.96657943725586 16.506134033203125 407.7919006347656
v 34.97968673706055 20.520456314086914 215.73570251464844
v 34.53339385986328 21.759613037109375 409.59234619140625
v 35.69781494140625 22.61015510559082 270.5838623046875
v 34.60008239746094 24.034385681152344 522.6773071289062
v 34.625770568847656 23.908571243286133 527.8948974609375
v 34.97885513305664 23.334678649902344 531.0117797851562
v 34.94004440307617 25.931642532348633 222.1874542236328
v 35.68930435180664 27.267526626586914 224.72763061523438
v 34.561241149902344 26.917192459106445 526.5463256835938
v 34.98444366455078 29.778528213500977 227.74517822265625
v 34.77688217163086 29.404909133911133 493.77978515625
v 34.85757827758789 29.829246520996094 489.7552185058594
v 34.503929138183594 30.469938278198242 513.5303344726562
v 34.707191467285156 31.97943878173828 506.1866760253906
v 34.07378387451172 31.477783203125 483.9833679199219
v 33.807857513427734 32.371498107910156 484.59405517578125
v 34.97062683105469 32.310054779052734 503.7969665527344
v 34.40514373779297 33.1927490234375 487.4854736328125
v 34.227020263671875 33.451271057128906 485.10772705078125
v 34.4940185546875 33.128173828125 501.5693359375
v 34.78984451293945 33.4383544921875 399.7537841796875
v 34.99434280395508 33.923667907714844 480.77862548828125
v 34.608917236328125 33.56312561035156 494.86993408203125
v 34.68170166015625 33.36393356323242 550.8916625976562
v 35.582130432128906 34.30774688720703 282.8493347167969
v 36.56623458862305 37.04780197143555 553.19921875
v 36.99662780761719 41.79619216918945 394.1108093261719
v 36.50834655761719 41.49129867553711 247.60659790039062
v 35.085777282714844 41.63783264160156 285.7395324707031
v 35.380226135253906 44.624176025390625 250.94583129882812
v 34.942352294921875 42.80571365356445 285.562744140625
v 35.234100341796875 45.55241012573242 286.6056213378906
v 34.848880767822266 52.013675689697266 260.2786865234375
v 35.39198684692383 -32.95474624633789 120.45292663574219
v 35.4665412902832 -33.14345169067383 125.206787109375
v 35.75659942626953 -32.11589050292969 115.34176635742188
v 35.34930419921875 -31.190654754638672 101.57304382324219
v 35.439002990722656 -28.596057891845703 148.34161376953125
v 35.74884033203125 -23.786243438720703 60.16994094848633
v 35.228302001953125 -21.85500717163086 97.3927993774414
v 35.32011413574219 -20.77924919128418 54.57453536987305
v 35.411338806152344 -17.280763626098633 71.93172454833984
v 35.72770690917969 -14.844547271728516 179.97604370117188
v 35.355735778808594 -16.028648376464844 110.96224975585938
v 34.877201080322266 -14.37533950805664 68.56067657470703
v 35.49592971801758 -13.043128967285156 187.1140594482422
v 36.04007339477539 -13.53825569152832 136.7100067138672
v 35.22712707519531 -11.055251121520996 57.547454833984375
v 35.376285552978516 -12.490952491760254 139.02569580078125
v 35.48234939575195 -2.589148759841919 215.1947021484375
v 36.002132415771484 -4.915946960449219 164.45211791992188
v 36.08468246459961 -0.3807104825973511 226.58457946777344
v 35.63672637939453 -0.5044209361076355 551.8585815429688
v 36.18288040161133 1.5982658863067627 577.3875122070312
v 35.118099212646484 2.899036169052124 188.46266174316406
v 35.676231384277344 4.132088661193848 555.2960815429688
v 35.93768310546875 7.8984527587890625 246.81459045410156
v 35.453758239746094 8.279114723205566 535.033447265625
v 35.79597854614258 8.494658470153809 248.50552368164062
v 35.344383239746094 7.678921699523926 197.4447784423828
v 35.985443115234375 9.485091209411621 532.8032836914062
v 35.17963790893555 15.729211807250977 399.26141357421875
v 34.948158264160156 17.091276168823242 409.6846008300781
v 35.114479064941406 20.396970748901367 406.2086181640625
v 35.11051940917969 20.346561431884766 400.9956970214844
v 35.23859405517578 20.910457611083984 414.46929931640625
v 35.385128021240234 22.719127655029297 411.4414367675781
v 35.7167854309082 22.01932716369629 217.99124145507812
v 34.849185943603516 26.411762237548828 518.2723388671875
v 35.617286682128906 25.61001968383789 533.7987060546875
v 35.01401901245117 26.456226348876953 513.5294799804688
v 34.95461654663086 27.347532272338867 511.3753967285156
v 34.86930465698242 26.414947509765625 522.3351440429688
v 34.589454650878906 28.91992950439453 518.0293579101562
v 34.97088623046875 28.651752471923828 503.2882080078125
v 34.92525100708008 29.578937530517578 497.0968933105469
v 35.02439880371094 30.42386245727539 486.7238464355469
v 34.99256896972656 30.655269622802734 483.65020751953125
v 34.8469352722168 32.472503662109375 480.562744140625
v 34.851070404052734 30.799713134765625 509.3535461425781
v 34.86072540283203 33.34314727783203 498.04931640625
v 35.93363571166992 34.217403411865234 234.78091430664062
v 37.28374481201172 35.68305587768555 550.2633056640625
v 36.7155876159668 35.30616760253906 554.4027099609375
v 36.12910461425781 35.565834045410156 237.51907348632812
v 36.35742950439453 37.65902328491211 241.5265350341797
v 37.82045364379883 41.80763626098633 396.4790344238281
v 35.72482681274414 39.078983306884766 243.90093994140625
v 35.28323745727539 56.79131317138672 279.9595031738281
v 35.54199981689453 58.065982818603516 275.5791320800781
v 35.996978759765625 58.16368865966797 271.7209777832031
v 35.97685241699219 -32.495784759521484 117.49676513671875
v 35.91596221923828 -31.919498443603516 104.47317504882812
v 36.06678009033203 -31.51142692565918 133.98825073242188
v 36.44199752807617 -26.697662353515625 99.20989990234375
v 36.58229446411133 -23.568187713623047 161.5955352783203
v 37.01105499267578 -23.837358474731445 61.320045471191406
v 36.798248291015625 -22.163888931274414 55.391685485839844
v 35.78632736206055 -22.871849060058594 165.6070098876953
v 36.18000411987305 -20.64916229248047 70.4809341430664
v 36.52522277832031 -19.044450759887695 70.29539489746094
v 35.95110321044922 -16.62078857421875 50.90504837036133
v 36.18169021606445 -19.549448013305664 99.88583374023438
v 36.05341339111328 -15.864532470703125 116.8436050415039
v 35.76530838012695 -13.997554779052734 182.7316131591797
v 36.02317810058594 -15.808083534240723 69.27324676513672
v 36.47406768798828 -15.164066314697266 122.14936828613281
v 36.59638595581055 -12.916407585144043 63.74304962158203
v 36.11365509033203 -10.717780113220215 59.02123260498047
v 36.03380584716797 -10.757906913757324 189.7101287841797
v 35.803646087646484 -9.270484924316406 151.1731719970703
v 36.092044830322266 -5.61476469039917 199.19146728515625
v 35.308258056640625 -6.758321762084961 200.35121154785156
v 35.685455322265625 -4.882848262786865 168.41265869140625
v 35.334354400634766 -3.609652280807495 175.02587890625
v 35.65232467651367 -1.467915415763855 178.21116638183594
v 36.95393371582031 0.6837854981422424 576.9236450195312
v 36.654396057128906 0.6566222906112671 551.4342041015625
v 36.05705642700195 2.3911359310150146 233.9221649169922
v 36.46009063720703 3.1687395572662354 551.8596801757812
v 35.27978515625 3.069052219390869 555.94189453125
v 37.58837127685547 3.9968249797821045 575.3094482421875
v 36.63621520996094 3.3229892253875732 576.2064819335938
v 35.738346099853516 4.049747943878174 553.2050170898438
v 35.398677825927734 3.554446220397949 190.7704315185547
v 36.049278259277344 5.362534999847412 534.5346069335938
v 35.56770324707031 5.773482799530029 535.9299926757812
v 35.61228942871094 6.15298318862915 195.49594116210938
v 37.92227554321289 8.927818298339844 385.0903625488281
v 36.42802429199219 9.19504451751709 531.3079833984375
v 36.20193099975586 9.25857925415039 201.91038513183594
v 36.29007339477539 13.684252738952637 208.06082153320312
v 35.285282135009766 16.937419891357422 403.0308837890625
v 35.634307861328125 16.99891471862793 406.66021728515625
v 35.636390686035156 17.637187957763672 412.024658203125
v 36.113895416259766 18.582054138183594 413.5291442871094
v 35.62083053588867 19.84149742126465 414.6195983886719
v 35.352386474609375 18.761608123779297 402.5802001953125
v 35.50868225097656 18.84506607055664 401.0270690917969
v 35.94186019897461 21.13542938232422 408.87420654296875
v 36.55636978149414 23.27753257751465 414.06585693359375
v 35.80443572998047 24.00859832763672 530.085205078125
v 36.48415756225586 23.347957611083984 533.0447998046875
v 35.14986038208008 24.536083221435547 527.5565185546875
v 36.36622619628906 24.10848045349121 533.9984130859375
v 36.78438186645508 25.236526489257812 275.0967102050781
v 35.22951126098633 25.11086082458496 524.1790771484375
v 35.09555435180664 25.638063430786133 521.00146484375
v 35.352745056152344 27.149093627929688 515.8336181640625
v 34.95816421508789 27.295005798339844 519.291748046875
v 35.38841247558594 25.701175689697266 527.2770385742188
v 35.29128646850586 27.012622833251953 531.0209350585938
v 35.389705657958984 28.527597427368164 508.0843200683594
v 35.355594635009766 28.467302322387695 506.34466552734375
v 35.38566970825195 28.381816864013672 516.093505859375
v 35.55830764770508 29.04844856262207 503.7209777832031
v 35.378292083740234 29.68776512145996 513.5772094726562
v 35.20865249633789 30.05917739868164 510.1514892578125
v 35.36613082885742 31.805431365966797 480.4748840332031
v 36.015838623046875 31.357711791992188 401.3373107910156
v 35.369449615478516 32.17350387573242 479.1365966796875
v 34.82189178466797 32.96428680419922 478.8874816894531
v 35.47182846069336 32.649818420410156 501.4028625488281
v 36.850685119628906 31.06012725830078 281.2211608886719
v 35.44688415527344 34.34196090698242 476.65771484375
v 35.529911041259766 33.676002502441406 476.4239501953125
v 34.809120178222656 34.216941833496094 479.3017272949219
v 35.18393325805664 34.09612274169922 484.728759765625
v 35.34526443481445 33.566184997558594 488.2506408691406
v 35.436744689941406 33.421302795410156 491.590087890625
v 35.82597732543945 33.31779861450195 493.7398681640625
v 37.24131774902344 34.034629821777344 235.9138946533203
v 36.06660842895508 37.10908508300781 551.96728515625
v 36.499019622802734 38.11104202270508 285.2607421875
v 37.000064849853516 40.947940826416016 387.5713195800781
v 37.50145721435547 49.840599060058594 256.20733642578125
v 36.326805114746094 52.39500045776367 259.6252746582031
v 36.045997619628906 53.521270751953125 285.8562927246094
v 37.002586364746094 58.1101188659668 269.2904968261719
v 36.359642028808594 -31.41902732849121 110.94037628173828
v 36.672882080078125 -30.18320083618164 137.571533203125
v 36.21997833251953 -29.752866744995117 141.35659790039062
v 36.640960693359375 -26.389846801757812 152.3507537841797
v 35.9660530090332 -24.449426651000977 98.08405303955078
v 36.761409759521484 -24.71331214904785 155.35040283203125
v 36.1274528503418 -23.34113121032715 67.29920959472656
v 37.02867889404297 -21.855743408203125 68.09748077392578
v 36.266075134277344 -18.342144012451172 51.535552978515625
v 35.9321174621582 -15.952237129211426 176.92654418945312
v 36.37208938598633 -16.955276489257812 105.22940826416016
v 36.13447952270508 -16.429298400878906 108.04074096679688
v 36.618682861328125 -10.102644920349121 52.6498908996582
v 36.75456619262695 -12.344279289245605 143.216552734375
v 35.73843002319336 -7.153716087341309 196.71414184570312
v 35.889190673828125 -4.034207820892334 207.2233123779297
v 36.370018005371094 -5.485398769378662 162.01112365722656
v 36.20726013183594 -2.5602731704711914 211.80413818359375
v 36.358638763427734 -1.6837700605392456 218.49005126953125
v 36.49643325805664 -0.8085505366325378 223.3760528564453
v 36.62532043457031 0.5625907778739929 554.3059692382812
v 36.81414794921875 0.9952496290206909 574.3043823242188
v 36.04720687866211 0.9022047519683838 185.8055419921875
v 36.330413818359375 0.9936190247535706 189.3108673095703
v 36.969032287597656 14.53710651397705 257.85589599609375
v 35.686912536621094 17.065914154052734 399.8547058105469
v 35.69457244873047 18.02560043334961 404.8281555175781
v 36.048805236816406 17.72463035583496 409.3642272949219
v 35.5733528137207 19.44071388244629 405.2740783691406
v 37.72991180419922 21.9733829498291 269.88006591796875
v 36.2491455078125 22.34015655517578 410.4068603515625
v 36.202125549316406 25.115886688232422 529.8533325195312
v 40.24070739746094 29.62187385559082 377.93438720703125
v 35.75749969482422 27.77696990966797 513.3716430664062
v 35.977760314941406 26.299198150634766 530.1364135742188
v 37.3052978515625 26.448457717895508 533.4196166992188
v 35.54389953613281 28.669429779052734 511.316650390625
v 37.07212448120117 28.590354919433594 227.91470336914062
v 38.782230377197266 31.267610549926758 378.5242919921875
v 37.150028228759766 28.355205535888672 402.05731201171875
v 35.540626525878906 29.52996826171875 509.1611633300781
v 35.80504608154297 29.802589416503906 491.12615966796875
v 36.27022171020508 30.05643081665039 493.5240783691406
v 35.55821990966797 30.09204864501953 496.8161926269531
v 35.95624542236328 30.77541160583496 506.2987060546875
v 35.74858093261719 32.72977066040039 495.7533874511719
v 35.61901092529297 32.763587951660156 498.1259460449219
v 36.89624786376953 34.09889221191406 554.1640625
v 35.21004867553711 35.711631774902344 471.4066162109375
v 36.011531829833984 33.65127944946289 469.62225341796875
v 35.19956970214844 34.68839645385742 469.58135986328125
v 35.1463508605957 34.86794662475586 472.3612060546875
v 35.59708023071289 34.20899200439453 473.3867492675781
v 35.86085510253906 35.068939208984375 476.7969055175781
v 36.14009475708008 34.5956916809082 481.2314147949219
v 35.68722915649414 35.723758697509766 474.02056884765625
v 35.704288482666016 35.03447341918945 479.3503723144531
v 35.58839416503906 36.12150192260742 470.7720642089844
v 35.80940628051758 36.438594818115234 468.7289123535156
v 35.6604118347168 35.65309524536133 467.5320129394531
v 38.570457458496094 39.82203674316406 399.6896667480469
v 36.84505844116211 41.66545486450195 390.03375244140625
v 36.54599380493164 39.779701232910156 286.18572998046875
v 36.84122085571289 49.785072326660156 288.2888488769531
v 37.2742805480957 49.202091217041016 255.8491668701172
v 36.173282623291016 52.0003547668457 286.8477783203125
v 35.98281478881836 55.535240173339844 283.8600158691406
v 36.7235221862793 58.78657913208008 277.5120544433594
v 36.68962097167969 -32.3298225402832 122.87455749511719
v 37.203426361083984 -31.417448043823242 120.08433532714844
v 36.985740661621094 -28.58175277709961 101.43080139160156
v 36.99239730834961 -27.72459602355957 147.95790100097656
v 37.86474609375 -23.104827880859375 57.340999603271484
v 36.47235870361328 -23.245349884033203 64.8338394165039
v 36.495059967041016 -21.04950714111328 99.36753845214844
v 36.64067459106445 -20.29644203186035 169.22235107421875
v 36.5390510559082 -18.12819480895996 172.4262237548828
v 37.25021743774414 -18.6805477142334 103.69934844970703
v 36.45881652832031 -17.42316246032715 69.98567199707031
v 37.4119987487793 -16.084760665893555 131.65098571777344
v 36.68321990966797 -14.984183311462402 133.63455200195312
v 36.67903518676758 -12.49526309967041 180.54051208496094
v 36.66607666015625 -12.83268928527832 179.4952392578125
v 37.057579040527344 -11.794110298156738 61.69945526123047
v 37.16166687011719 -11.308073043823242 146.58558654785156
v 36.73566818237305 -9.509734153747559 152.65365600585938
v 37.40015411376953 -8.827925682067871 154.74484252929688
v 36.4027214050293 -5.827657222747803 196.1303253173828
v 36.75751495361328 -6.172683238983154 168.828857421875
v 36.462799072265625 -2.6860158443450928 178.61863708496094
v 37.683170318603516 2.256970167160034 229.76889038085938
v 37.214691162109375 2.136275291442871 552.0023803710938
v 36.67268371582031 2.2191874980926514 574.1148071289062
v 36.32239532470703 2.756377696990967 574.5950317382812
v 36.360347747802734 1.8554679155349731 191.66555786132812
v 36.831092834472656 3.3950154781341553 558.1930541992188
v 36.87386703491211 5.007303237915039 239.23988342285156
v 37.27461242675781 4.777226448059082 555.8148803710938
v 36.56354522705078 3.8907687664031982 195.52113342285156
v 37.81945037841797 6.8378095626831055 532.8854370117188
v 36.63292694091797 6.492056369781494 532.3446655273438
v 38.64487838745117 9.417444229125977 387.3396911621094
v 37.35139846801758 7.443576335906982 531.1351318359375
v 36.62779235839844 7.792969226837158 201.53073120117188
v 36.551063537597656 8.40501880645752 531.0408325195312
v 37.71805191040039 9.615711212158203 249.00006103515625
v 37.52908706665039 9.977747917175293 533.17919921875
v 36.85416030883789 10.981281280517578 206.33920288085938
v 36.65557098388672 12.371183395385742 254.017333984375
v 36.68086624145508 14.61733341217041 210.494873046875
v 36.76534652709961 16.680274963378906 261.29986572265625
v 36.852108001708984 17.892370223999023 214.7263946533203
v 35.9560432434082 18.59456443786621 400.42315673828125
v 36.447566986083984 19.924074172973633 408.5184020996094
v 37.2795524597168 19.384910583496094 217.17282104492188
v 36.42967224121094 21.942472457885742 416.0588073730469
v 36.717498779296875 23.101131439208984 415.48712158203125
v 36.83219528198242 23.29876136779785 532.012451171875
v 36.971309661865234 24.815034866333008 222.7952117919922
v 35.93617630004883 29.373950958251953 506.4382019042969
v 36.0156135559082 29.858327865600586 502.87188720703125
v 36.23725509643555 30.44761085510254 486.2398681640625
v 36.08610916137695 30.544424057006836 483.6120910644531
v 36.17573928833008 31.174175262451172 495.7677917480469
v 36.101192474365234 30.847858428955078 499.5198669433594
v 36.9229621887207 31.931678771972656 232.04098510742188
v 36.02750778198242 31.812719345092773 500.939697265625
v 36.06260299682617 33.812889099121094 474.0273132324219
v 36.61899948120117 33.06481170654297 551.9136352539062
v 36.23653030395508 33.3374137878418 489.0029296875
v 35.83651351928711 34.60942077636719 467.72198486328125
v 36.310325622558594 34.025146484375 484.7366027832031
v 35.988258361816406 36.10531997680664 464.8784484863281
v 36.38054656982422 34.88722229003906 464.90667724609375
v 36.661109924316406 36.228511810302734 554.1361083984375
v 36.22282409667969 36.760643005371094 471.8572082519531
v 36.452919006347656 36.23938751220703 473.8882141113281
v 37.59440612792969 42.77091598510742 391.8634338378906
v 36.61371994018555 40.45588684082031 286.1456604003906
v 37.17393112182617 42.719268798828125 287.7416076660156
v 37.952396392822266 42.97716522216797 249.33837890625
v 36.7358283996582 58.02849197387695 281.0309143066406
v 36.5243034362793 58.5641975402832 275.4350280761719
v 37.43120574951172 -31.598962783813477 125.68653869628906
v 36.94313049316406 -31.174423217773438 130.35646057128906
v 37.2907829284668 -30.7523193359375 107.6654281616211
v 37.5145149230957 -29.52389144897461 104.08128356933594
v 37.130401611328125 -28.106916427612305 144.90623474121094
v 36.83412551879883 -23.975162506103516 99.08564758300781
v 37.214534759521484 -24.108871459960938 157.1326904296875
v 37.64199447631836 -23.195932388305664 158.65814208984375
v 37.23879623413086 -21.610347747802734 165.1835174560547
v 37.223812103271484 -20.47748565673828 52.873748779296875
v 36.90251541137695 -17.780550003051758 110.89210510253906
v 36.87227249145508 -16.850975036621094 116.08106994628906
v 37.98826217651367 -16.719205856323242 121.99536895751953
v 36.976524353027344 -14.058846473693848 176.3087921142578
v 38.08500671386719 -13.949638366699219 64.65894317626953
v 37.2655029296875 -13.620901107788086 139.2089080810547
v 37.011573791503906 -11.93283462524414 181.74098205566406
v 37.792842864990234 -11.32602310180664 48.93220138549805
v 37.015907287597656 -10.318394660949707 186.81654357910156
v 37.702110290527344 -9.002792358398438 56.15748977661133
v 36.910919189453125 -6.348826885223389 173.21775817871094
v 36.37641525268555 -5.220492362976074 175.94183349609375
v 36.998199462890625 -1.4596977233886719 210.97216796875
v 37.514442443847656 -0.33911824226379395 214.39486694335938
v 38.0970458984375 1.0139381885528564 224.07289123535156
v 38.14920425415039 0.634941041469574 575.542236328125
v 36.807743072509766 1.3950499296188354 556.3920288085938
v 37.6314811706543 3.0611634254455566 576.7919311523438
v 37.4881477355957 4.413466453552246 236.8712921142578
v 37.34230422973633 4.602077960968018 558.0916137695312
v 37.82345199584961 6.573974609375 241.68972778320312
v 36.927921295166016 8.692902565002441 534.5226440429688
v 37.16340255737305 15.861087799072266 212.8336181640625
v 36.555137634277344 18.86090850830078 408.72235107421875
v 37.04555130004883 18.040382385253906 411.1307373046875
v 37.14204406738281 18.366500854492188 412.46630859375
v 37.77786636352539 20.798099517822266 267.79632568359375
v 37.198360443115234 20.893659591674805 416.9066467285156
v 38.390350341796875 23.955373764038086 414.1901550292969
v 37.63028335571289 24.177078247070312 531.2149658203125
v 37.89044952392578 25.155181884765625 534.6292114257812
v 37.65302276611328 28.593101501464844 278.9505615234375
v 36.158443450927734 30.623638153076172 502.7507019042969
v 36.52317428588867 30.22681427001953 490.2303466796875
v 36.90910720825195 31.223833084106445 491.7105712890625
v 36.81639862060547 31.716909408569336 493.74566650390625
v 36.628780364990234 31.3122615814209 481.0864562988281
v 36.88054656982422 33.2366828918457 474.4745178222656
v 38.203067779541016 32.13832473754883 282.72564697265625
v 36.55485916137695 32.6127815246582 491.7582092285156
v 36.6515007019043 33.669044494628906 472.3925476074219
v 36.61715316772461 33.81107711791992 467.8309326171875
v 35.743385314941406 36.28879928588867 463.95556640625
v 36.76840591430664 34.58035659790039 463.4335021972656
v 36.87811279296875 35.0467414855957 479.4501037597656
v 37.67844772338867 36.5594596862793 381.8643798828125
v 36.570980072021484 35.591156005859375 461.5138244628906
v 36.851444244384766 35.45737075805664 477.0215759277344
v 38.36334991455078 35.08168029785156 239.0196075439453
v 36.78651428222656 36.27804946899414 474.8510437011719
v 36.140769958496094 37.25689697265625 459.1473693847656
v 36.098793029785156 36.51844024658203 461.9419250488281
v 36.765342712402344 35.7210693359375 458.7784423828125
v 36.958099365234375 37.67727279663086 465.3041687011719
v 36.71887969970703 37.206695556640625 468.29754638671875
v 36.88733673095703 36.79411315917969 470.74139404296875
v 36.279483795166016 37.700313568115234 463.1069641113281
v 36.60908889770508 38.653053283691406 459.59820556640625
v 37.83905792236328 38.24678039550781 243.89508056640625
v 37.90324783325195 39.679622650146484 384.44183349609375
v 38.01504135131836 46.957523345947266 289.4824523925781
v 38.17022705078125 56.269046783447266 263.8296813964844
v 37.74711227416992 -30.338523864746094 116.77218627929688
v 37.919822692871094 -30.162900924682617 133.2041015625
v 37.672176361083984 -29.70309066772461 115.1180648803711
v 38.01511764526367 -28.185909271240234 142.1951904296875
v 37.28131866455078 -22.55105972290039 65.42467498779297
v 37.578548431396484 -19.392820358276367 51.08357620239258
v 37.5768928527832 -20.71855354309082 102.01178741455078
v 38.540122985839844 -17.55293083190918 66.89552307128906
v 38.63608932495117 -17.641956329345703 48.58407974243164
v 37.52367401123047 -18.219745635986328 107.81685638427734
v 37.31644058227539 -15.580239295959473 173.96534729003906
v 37.34511184692383 -16.172149658203125 125.78428649902344
v 37.4224853515625 -16.60161018371582 126.92952728271484
v 37.64787292480469 -14.865172386169434 48.37968826293945
v 37.85108184814453 -14.876701354980469 136.83950805664062
v 37.69136047363281 -12.764420509338379 48.33832550048828
v 37.755615234375 -10.658757209777832 60.439659118652344
v 38.12514877319336 -8.408190727233887 54.05146789550781
v 37.97064208984375 -8.624072074890137 157.11773681640625
v 37.09832000732422 -6.585448265075684 191.50079345703125
v 37.738162994384766 -7.908487319946289 159.38893127441406
v 37.30070495605469 -7.554553985595703 174.44137573242188
v 36.98948287963867 -6.879258155822754 176.837646484375
v 37.12613296508789 -3.3665988445281982 194.71665954589844
v 37.532657623291016 -6.576696872711182 165.3206329345703
v 37.004337310791016 -3.2143328189849854 197.8706512451172
v 36.98881912231445 -3.5380804538726807 199.0697479248047
v 37.10294723510742 -4.0329484939575195 179.09674072265625
v 37.27906799316406 -1.4962451457977295 205.96856689453125
v 37.08218765258789 -1.975389838218689 207.93603515625
v 37.008304595947266 -0.9983944296836853 186.7129669189453
v 37.48530197143555 0.020434193313121796 213.79660034179688
v 37.064735412597656 -1.0762641429901123 190.18736267089844
v 36.953826904296875 0.19150790572166443 192.66099548339844
v 37.95053482055664 1.5608667135238647 554.0050659179688
v 37.67042922973633 1.3334770202636719 556.238037109375
v 37.42429733276367 2.3820087909698486 558.4238891601562
v 38.11910629272461 4.519567489624023 555.364501953125
v 37.95939636230469 8.54983901977539 245.74429321289062
v 38.43968963623047 7.804005146026611 533.4346313476562
v 38.34430694580078 8.491325378417969 533.7406616210938
v 37.47467041015625 7.1024394035339355 203.1504669189453
v 37.40416717529297 10.611008644104004 530.8228149414062
v 44.89476776123047 16.276390075683594 395.098388671875
v 38.34252166748047 11.721109390258789 251.65017700195312
v 45.34794616699219 22.838340759277344 379.38543701171875
v 37.97200012207031 19.15768814086914 411.02294921875
v 38.73482894897461 22.486282348632812 411.9082946777344
v 38.207088470458984 22.619335174560547 534.7426147460938
v 37.284976959228516 24.53870964050293 534.6051635742188
v 38.5302848815918 25.448040008544922 531.8348388671875
v 38.153202056884766 26.184282302856445 532.3416748046875
v 37.448055267333984 30.35677719116211 402.3014221191406
v 36.92426300048828 30.984304428100586 483.7866516113281
v 37.39109420776367 32.26204299926758 478.8890380859375
v 37.0562858581543 32.99282455444336 487.55877685546875
v 40.56025695800781 38.513771057128906 402.1257629394531
v 37.560916900634766 33.33686065673828 469.6138000488281
v 37.07355499267578 33.620994567871094 484.21661376953125
v 38.305442810058594 34.206363677978516 284.11260986328125
v 37.42573928833008 34.41267776489258 480.33221435546875
v 37.275657653808594 34.089599609375 465.44964599609375
v 38.20627212524414 35.00025939941406 550.2779541015625
v 37.07054901123047 36.63096237182617 456.9440612792969
v 37.049015045166016 37.821529388427734 456.70477294921875
v 38.242855072021484 36.829383850097656 550.7864990234375
v 37.022491455078125 38.43315124511719 463.58575439453125
v 38.037166595458984 40.942474365234375 397.99810791015625
v 37.94346618652344 45.10693359375 251.2759246826172
v 38.37311935424805 52.32264709472656 258.4979553222656
v 37.54847717285156 56.25627517700195 286.78509521484375
v 38.06687545776367 59.053890228271484 283.9133605957031
v 37.95515441894531 59.69803237915039 273.1426086425781
v 37.86168670654297 59.50253677368164 278.6709289550781
v 38.27363204956055 -30.735626220703125 122.72862243652344
v 38.27167510986328 -30.045696258544922 119.55957794189453
v 37.52217102050781 -29.679349899291992 110.93973541259766
v 37.70962905883789 -26.278104782104492 101.44398498535156
v 38.00719451904297 -25.278522491455078 151.97544860839844
v 38.4710578918457 -23.149147033691406 62.68805694580078
v 37.94828414916992 -18.602699279785156 168.86915588378906
v 38.01496505737305 -15.18752384185791 171.6983184814453
v 37.234458923339844 -10.487903594970703 178.80230712890625
v 37.66169738769531 -10.955857276916504 175.50953674316406
v 37.83780288696289 -8.9066162109375 180.95005798339844
v 37.469032287597656 -9.500480651855469 185.1455535888672
v 38.61875915527344 -12.575536727905273 147.2549285888672
v 38.011478424072266 -11.26663589477539 152.1785430908203
v 37.299156188964844 -8.62442684173584 177.7067108154297
v 38.0914421081543 -7.3073039054870605 162.8558807373047
v 37.93075942993164 -8.46835708618164 169.6200408935547
v 37.64558029174805 -6.046830177307129 179.46096801757812
v 37.269371032714844 -4.525818824768066 192.08273315429688
v 37.19193649291992 -2.2239599227905273 192.5053253173828
v 37.447418212890625 -1.3098335266113281 198.02639770507812
v 37.35689163208008 0.4916600286960602 196.5586700439453
v 37.7988166809082 -0.30051466822624207 206.67626953125
v 37.4437255859375 -2.3021769523620605 187.86801147460938
v 37.93804168701172 0.5410871505737305 210.2640380859375
v 37.70211410522461 0.011520393192768097 218.89012145996094
v 38.34831619262695 2.2550406455993652 576.893310546875
v 37.196922302246094 2.5229058265686035 196.89732360839844
v 37.933677673339844 3.6298775672912598 232.8718719482422
v 38.164283752441406 3.481161117553711 554.09814453125
v 38.32590866088867 3.726086378097534 573.4432373046875
v 37.766666412353516 4.921894073486328 202.80459594726562
v 39.435359954833984 10.641148567199707 390.7637634277344
v 37.66708755493164 9.398664474487305 529.4175415039062
v 38.8892822265625 11.376965522766113 528.1632690429688
v 37.715980529785156 10.718901634216309 531.83349609375
v 47.81425857543945 18.46706199645996 384.6737060546875
v 38.276920318603516 11.777848243713379 210.85630798339844
v 38.62456512451172 16.983230590820312 260.5936584472656
v 38.24060821533203 19.750247955322266 416.6750183105469
v 44.3895378112793 24.27994155883789 378.5580749511719
v 39.249664306640625 22.077327728271484 401.4320373535156
v 38.47441482543945 21.151981353759766 410.9768371582031
v 39.49577331542969 23.84944725036621 414.14544677734375
v 38.521175384521484 23.29226303100586 418.55255126953125
v 39.02069854736328 21.76307487487793 533.659423828125
v 38.468570709228516 22.585983276367188 222.2309112548828
v 38.502647399902344 26.274757385253906 226.5780792236328
v 40.15831756591797 27.256671905517578 278.1307678222656
v 38.68559265136719 26.463834762573242 402.42523193359375
v 37.356040954589844 31.550649642944336 486.74603271484375
v 37.69163513183594 32.07941818237305 482.555908203125
v 37.4442024230957 31.821313858032227 480.5691223144531
v 37.36083984375 32.22245407104492 487.5511779785156
v 38.78976058959961 31.647491455078125 233.42665100097656
v 37.65791320800781 32.95088577270508 475.9394226074219
v 39.09090805053711 33.94807052612305 552.7811889648438
v 37.59132385253906 33.636009216308594 468.4884948730469
v 37.54581832885742 33.951866149902344 472.4632263183594
v 37.539920806884766 32.97820281982422 483.8530578613281
v 38.740150451660156 34.78070068359375 380.1277160644531
v 37.816688537597656 35.04473114013672 460.5957946777344
v 38.16920471191406 34.94294738769531 458.6890869140625
v 37.72777557373047 35.88216781616211 475.4948425292969
v 37.4150505065918 35.63588333129883 457.6627197265625
v 37.98961639404297 36.58292770385742 470.5467224121094
v 37.191375732421875 37.76751708984375 454.1752624511719
v 37.65656280517578 37.327205657958984 468.3460388183594
v 38.60042953491211 37.30231857299805 551.9287719726562
v 37.59600830078125 39.066612243652344 454.4258117675781
v 37.807796478271484 39.12606430053711 456.78851318359375
v 37.59028244018555 39.314002990722656 459.45281982421875
v 38.12665557861328 39.04436492919922 286.54180908203125
v 38.84014129638672 40.24449157714844 247.00938415527344
v 39.874061584472656 45.34468460083008 387.3147277832031
v 37.99649429321289 53.39283752441406 289.2100524902344
v 39.58440017700195 58.728965759277344 267.4408264160156
v 38.475685119628906 -30.526742935180664 125.3653793334961
v 38.01961898803711 -30.244504928588867 129.39450073242188
v 38.31339645385742 -28.860740661621094 107.4827880859375
v 38.39054489135742 -28.70444679260254 136.91485595703125
v 38.47031784057617 -26.3450870513916 147.87393188476562
v 38.07023620605469 -23.49952507019043 101.81706237792969
v 38.39775848388672 -22.620803833007812 155.3145751953125
v 40.043888092041016 -22.90696144104004 58.69951629638672
v 38.429534912109375 -21.27359390258789 161.8534698486328
v 38.1198844909668 -21.086345672607422 66.35836029052734
v 39.205650329589844 -21.72896957397461 53.92987060546875
v 38.27464294433594 -20.35191535949707 110.90998840332031
v 38.2481689453125 -19.305150985717773 115.37821197509766
v 38.71415710449219 -16.670896530151367 134.53607177734375
v 38.37279510498047 -16.1473388671875 66.57313537597656
v 38.088645935058594 -13.548707962036133 172.99490356445312
v 38.56915283203125 -13.992020606994629 143.3845672607422
v 39.374595642089844 -9.642355918884277 47.67184829711914
v 40.73997497558594 -7.69426965713501 56.85410690307617
v 37.6062126159668 -9.340862274169922 175.16880798339844
v 39.785072326660156 -8.457015037536621 48.9096565246582
v 38.6528434753418 -11.12551498413086 154.3567352294922
v 37.85830307006836 -7.515660285949707 184.8070831298828
v 38.03451156616211 -9.309027671813965 172.24639892578125
v 37.677738189697266 -4.892067909240723 188.8461456298828
v 37.77107238769531 -4.906440258026123 183.20314025878906
v 38.00858688354492 1.594234585762024 204.4239959716797
v 38.90391159057617 1.1128088235855103 574.4153442382812
v 38.831817626953125 1.9172921180725098 556.1989135742188
v 38.537044525146484 1.8439480066299438 558.0171508789062
v 38.51328659057617 2.1396148204803467 573.4212646484375
v 37.9460334777832 3.5421500205993652 560.7283935546875
v 38.25468444824219 4.60914421081543 561.700927734375
v 38.127532958984375 5.058588027954102 204.39459228515625
v 38.332149505615234 8.253935813903809 529.6050415039062
v 37.96699905395508 8.152353286743164 206.70181274414062
v 39.12620544433594 9.702202796936035 532.9104614257812
v 38.43648147583008 9.408370018005371 209.4763641357422
v 38.965789794921875 10.594340324401855 249.22361755371094
v 38.405487060546875 13.809328079223633 213.21925354003906
v 41.115169525146484 19.14388084411621 399.8910827636719
v 38.64720153808594 17.904403686523438 217.8170928955078
v 38.28622817993164 18.69828224182129 413.9612731933594
v 38.13549041748047 19.998058319091797 410.734619140625
v 38.19763946533203 22.30835723876953 418.7068786621094
v 39.05147171020508 24.129976272583008 417.5938720703125
v 38.80411148071289 24.514022827148438 274.5790100097656
v 39.959625244140625 28.52155303955078 279.6934509277344
v 38.00675964355469 32.8060302734375 480.1219482421875
v 38.240203857421875 33.94792556762695 466.2673645019531
v 37.91460418701172 33.958404541015625 479.5718688964844
v 38.73160934448242 34.100242614746094 550.9053955078125
v 38.85832595825195 33.7410774230957 551.8362426757812
v 39.09671401977539 34.19917678833008 238.1554412841797
v 38.22200012207031 34.12986755371094 464.1138916015625
v 38.2918701171875 35.10248565673828 475.6436767578125
v 38.837867736816406 35.50711441040039 284.98077392578125
v 37.85554504394531 36.472496032714844 452.677978515625
v 38.29694366455078 35.561737060546875 454.62298583984375
v 37.913360595703125 35.87541580200195 472.71319580078125
v 37.83720397949219 38.00009536743164 452.29559326171875
v 38.87232208251953 36.4561767578125 241.7738037109375
v 38.60844421386719 38.71514892578125 463.595703125
v 38.668121337890625 37.700950622558594 286.4017639160156
v 38.347015380859375 41.07099151611328 287.9237060546875
v 39.9105110168457 44.174442291259766 384.6410827636719
v 39.63675308227539 44.699134826660156 251.0891571044922
v 37.912818908691406 53.99296569824219 261.0254211425781
v 39.67453384399414 60.36985778808594 271.6208801269531
v 38.348609924316406 59.68496322631836 273.6857604980469
v 38.635318756103516 60.16741943359375 275.1041564941406
v 38.30165100097656 -27.883329391479492 110.93608856201172
v 38.77104949951172 -27.25412940979004 114.8990707397461
v 38.53707504272461 -27.032432556152344 104.40249633789062
v 39.182952880859375 -25.9826717376709 144.5484161376953
v 38.80122756958008 -24.79998779296875 104.14945220947266
v 38.9655647277832 -21.794336318969727 156.44590759277344
v 38.702964782714844 -22.560453414916992 104.25131225585938
v 38.43355941772461 -20.638240814208984 105.23291778564453
v 38.96906661987305 -19.31072235107422 164.28579711914062
v 39.07587814331055 -20.922122955322266 51.94736099243164
v 38.611656188964844 -18.95684814453125 66.88956451416016
v 38.36967086791992 -19.9776611328125 108.2868423461914
v 38.23655700683594 -18.092409133911133 118.08377075195312
v 38.48675537109375 -17.77851104736328 126.9833755493164
v 39.165157318115234 -18.275819778442383 125.71967315673828
v 38.962425231933594 -16.900854110717773 168.01507568359375
v 39.03882598876953 -18.282869338989258 121.68803405761719
v 38.799739837646484 -15.239607810974121 139.15927124023438
v 38.55641174316406 -11.499692916870117 170.63916015625
v 39.601375579833984 -7.669649600982666 51.62541580200195
v 38.81623077392578 -8.794634819030762 166.102294921875
v 38.31966018676758 2.7013065814971924 205.32899475097656
v 38.74580764770508 1.6535966396331787 218.43919372558594
v 38.46729278564453 2.5563125610351562 208.9541778564453
v 38.76066589355469 3.3043718338012695 212.53785705566406
v 39.672882080078125 5.388335704803467 573.4880981445312
v 39.42431640625 7.031240463256836 239.158447265625
v 38.25140380859375 5.2044806480407715 558.4093627929688
v 38.57686996459961 5.324714183807373 207.8159942626953
v 39.50155258178711 10.612800598144531 527.355712890625
v 39.016456604003906 12.068904876708984 528.6221313476562
v 39.148338317871094 13.143388748168945 252.7443389892578
v 39.611080169677734 15.082779884338379 256.3280029296875
v 43.32932662963867 18.1133975982666 398.39984130859375
v 38.77605438232422 15.244372367858887 215.33360290527344
v 46.12144088745117 21.459115982055664 380.4210205078125
v 41.631072998046875 20.801494598388672 400.77130126953125
v 39.08694076538086 19.08606719970703 413.0829772949219
v 39.916568756103516 20.809707641601562 420.1619567871094
v 39.52783203125 21.630586624145508 420.3893127441406
v 40.05223846435547 22.095773696899414 532.8048095703125
v 40.30046463012695 22.276317596435547 536.3397827148438
v 38.80915069580078 24.48064422607422 531.6407470703125
v 38.834171295166016 25.7624568939209 533.4039916992188
v 39.24200439453125 27.06593894958496 228.61920166015625
v 39.028594970703125 28.936349868774414 402.947265625
v 38.33189392089844 33.72231674194336 476.42608642578125
v 38.930538177490234 34.311767578125 467.43487548828125
v 38.46900939941406 34.24833297729492 470.6412658691406
v 38.43107604980469 34.677772521972656 475.1831359863281
v 38.18144607543945 34.89275360107422 472.4985046386719
v 39.26168441772461 35.21882247924805 553.6414794921875
v 42.512855529785156 36.375518798828125 552.6018676757812
v 39.68232727050781 37.04429244995117 552.5166625976562
v 38.744720458984375 37.70265197753906 465.26068115234375
v 38.54713439941406 39.084014892578125 452.2840270996094
v 39.12626647949219 38.935420989990234 461.1242370605469
v 39.29314422607422 39.554710388183594 459.2578430175781
v 38.56264877319336 39.991615295410156 455.02728271484375
v 41.56417465209961 46.86829376220703 392.4759521484375
v 40.46665954589844 46.31658935546875 390.2151184082031
v 39.617252349853516 45.381370544433594 290.4039306640625
v 39.89262390136719 48.48453903198242 254.71475219726562
v 39.312644958496094 50.0731201171875 291.08544921875
v 38.75489807128906 55.620758056640625 288.9327392578125
v 38.57523727416992 57.90092849731445 286.7604064941406
v 39.363948822021484 61.03376388549805 280.928466796875
v 39.04519271850586 -28.887454986572266 129.07223510742188
v 38.96783447265625 -28.463558197021484 117.76889038085938
v 39.278079986572266 -28.340557098388672 133.25128173828125
v 39.00198745727539 -26.694374084472656 107.43231201171875
v 38.88747787475586 -25.313730239868164 110.96507263183594
v 39.241634368896484 -23.997390747070312 151.30458068847656
v 39.38985824584961 -21.747777938842773 64.21540832519531
v 39.33723068237305 -20.61286163330078 158.2007293701172
v 39.02927017211914 -22.027074813842773 107.70885467529297
v 39.14013671875 -22.379981994628906 114.90115356445312
v 39.9813117980957 -19.713436126708984 49.576419830322266
v 39.09073257446289 -19.660001754760742 118.2069091796875
v 38.47736358642578 -16.876859664916992 47.6025505065918
v 39.16577911376953 -17.967323303222656 132.96884155273438
v 39.229164123535156 -15.572113990783691 168.2111358642578
v 39.20076370239258 -12.93815803527832 45.77176284790039
v 39.5854606628418 -13.592781066894531 167.66162109375
v 39.32805252075195 -12.82665729522705 62.964900970458984
v 39.549747467041016 -11.008931159973145 61.300384521484375
v 39.36868667602539 -11.115375518798828 156.7247314453125
v 41.602874755859375 -8.263938903808594 58.199012756347656
v 39.397605895996094 -10.64714241027832 166.72512817382812
v 39.082515716552734 -9.95742130279541 159.9614715576172
v 39.551231384277344 -7.807687282562256 55.90513610839844
v 39.53596496582031 3.021242380142212 222.77684020996094
v 39.52339172363281 3.4888598918914795 217.3842315673828
v 40.303977966308594 2.831151247024536 576.2077026367188
v 39.03303527832031 3.455566883087158 212.9080047607422
v 39.264503479003906 2.610225200653076 561.4373168945312
v 39.4366340637207 4.197601318359375 228.87989807128906
v 38.78202819824219 3.2980058193206787 562.6304931640625
v 39.80939483642578 3.844770908355713 576.2278442382812
v 39.5081672668457 5.004047393798828 231.5941619873047
v 39.2520866394043 4.51739501953125 556.8211059570312
v 38.91421890258789 4.273263454437256 566.3948974609375
v 39.8205680847168 6.266627311706543 235.66725158691406
v 39.84782028198242 4.857425212860107 575.3963012695312
v 38.999961853027344 5.274572372436523 566.0755004882812
v 39.22661209106445 5.395943641662598 558.7618408203125
v 38.820526123046875 5.497443199157715 561.142333984375
v 39.74382019042969 7.995840072631836 530.2232055664062
v 39.77411651611328 9.77431583404541 245.53736877441406
v 39.366790771484375 11.668334007263184 530.7337646484375
v 40.002803802490234 19.533363342285156 416.3156433105469
v 39.24822998046875 20.191883087158203 411.84326171875
v 40.181480407714844 24.586761474609375 227.09170532226562
v 39.753326416015625 25.368562698364258 534.1661376953125
v 40.21308517456055 32.084815979003906 236.37318420410156
v 40.30194091796875 35.751991271972656 402.76361083984375
v 39.600311279296875 35.08103561401367 459.27581787109375
v 39.183143615722656 35.21045684814453 460.6271667480469
v 39.364356994628906 36.191551208496094 467.5025634765625
v 39.417327880859375 35.16130828857422 452.27532958984375
v 40.25246810913086 36.85295867919922 244.04249572753906
v 39.26789855957031 38.14543914794922 382.0730895996094
v 39.521949768066406 39.72955322265625 457.2269592285156
v 39.84377670288086 42.38279342651367 398.4989013671875
v 39.11811065673828 54.050045013427734 290.1048889160156
v 39.02838134765625 59.84149932861328 284.4166564941406
v 39.3923225402832 60.65298080444336 276.70123291015625
v 39.86046600341797 -28.273757934570312 125.01860046386719
v 39.41999053955078 -28.54783058166504 121.06490325927734
v 39.61056900024414 -27.01695442199707 136.35670471191406
v 39.568843841552734 -26.24504852294922 141.90606689453125
v 39.659584045410156 -26.868873596191406 119.05748748779297
v 39.268089294433594 -24.33149528503418 107.5196533203125
v 39.21920394897461 -24.660978317260742 114.87744140625
v 39.87628173828125 -24.35658836364746 147.5745391845703
v 38.83237838745117 -22.711469650268555 110.9290771484375
v 39.81034469604492 -22.53814697265625 151.7965850830078
v 40.67140579223633 -22.098787307739258 55.020198822021484
v 40.52690505981445 -21.741943359375 62.42665481567383
v 40.317501068115234 -20.243045806884766 64.38549041748047
v 39.43077087402344 -20.432775497436523 155.0076446533203
v 39.65937805175781 -21.364259719848633 118.27472686767578
v 39.872432708740234 -20.33547592163086 126.91035461425781
v 39.780147552490234 -19.627134323120117 48.582271575927734
v 39.80340576171875 -17.44215202331543 137.1141357421875
v 39.6327018737793 -15.023594856262207 45.30689239501953
v 39.33116912841797 -14.27810001373291 64.18824005126953
v 39.80293273925781 -14.148876190185547 148.4147491455078
v 39.35873031616211 -13.629934310913086 152.97850036621094
v 39.53444290161133 -12.703167915344238 155.0908966064453
v 39.40088653564453 -10.888178825378418 46.34148406982422
v 39.58428192138672 -10.270788192749023 163.76490783691406
v 40.40486145019531 1.9644259214401245 575.5570678710938
v 39.50639724731445 1.7933350801467896 573.4775390625
v 40.43539047241211 2.983494281768799 558.443603515625
v 40.012264251708984 2.940887451171875 572.1295166015625
v 40.41352081298828 4.246713638305664 558.2096557617188
v 39.335350036621094 4.300374507904053 572.2857055664062
v 39.06928634643555 5.6947245597839355 211.40292358398438
v 39.244197845458984 3.3221192359924316 566.2064819335938
v 38.922733306884766 7.745885848999023 210.41802978515625
v 39.50475311279297 6.128102779388428 564.7222900390625
v 40.44380569458008 9.831042289733887 527.57373046875
v 39.48789596557617 11.365991592407227 214.1965789794922
v 45.10640335083008 14.876150131225586 391.10260009765625
v 40.98817825317383 11.890984535217285 530.2185668945312
v 43.639793395996094 14.446094512939453 384.2117919921875
v 39.593048095703125 12.430131912231445 214.8671875
v 39.95122528076172 12.504298210144043 529.8087768554688
v 38.8951530456543 16.813392639160156 547.798828125
v 38.555721282958984 17.2551212310791 550.7598876953125
v 39.57834243774414 15.789536476135254 547.884033203125
v 39.208988189697266 16.217267990112305 551.2237548828125
v 39.49557876586914 16.950458526611328 542.906005859375
v 38.77088928222656 17.397985458374023 545.5913696289062
v 38.879947662353516 16.269515991210938 545.7570190429688
v 39.28376007080078 18.153352737426758 554.20751953125
v 38.68834686279297 18.08148765563965 550.1190185546875
v 39.266693115234375 18.324764251708984 545.4867553710938
v 39.383243560791016 18.277620315551758 548.42578125
v 39.30215072631836 18.700353622436523 549.4248657226562
v 39.1433219909668 18.840579986572266 552.9627685546875
v 39.76402282714844 19.552026748657227 552.5281982421875
v 40.18489074707031 20.475082397460938 266.321044921875
v 40.016536712646484 21.005306243896484 223.22154235839844
v 40.64418029785156 21.45043182373047 268.2964172363281
v 39.67110824584961 23.01567268371582 420.35821533203125
v 39.7140007019043 23.397119522094727 532.0384521484375
v 40.67119598388672 24.0231990814209 273.92218017578125
v 39.86704635620117 24.29654884338379 416.8983154296875
v 41.96232604980469 27.5728759765625 377.7302551269531
v 40.389617919921875 27.756649017333984 403.2289733886719
v 39.16267013549805 34.539024353027344 464.9004821777344
v 39.54533767700195 35.21175003051758 466.35211181640625
v 39.820308685302734 34.88016891479492 456.9690856933594
v 40.27984619140625 35.00657653808594 550.281494140625
v 40.8363151550293 36.48042297363281 380.43255615234375
v 40.569793701171875 34.76896286010742 449.9156188964844
v 40.136016845703125 35.881195068359375 550.3397216796875
v 40.1009635925293 36.72688674926758 550.8980712890625
v 40.54204559326172 35.7608642578125 448.7419128417969
v 39.3978271484375 37.192100524902344 465.08709716796875
v 40.08823776245117 37.30010986328125 286.50927734375
v 39.56367492675781 38.591922760009766 462.3628234863281
v 40.271053314208984 39.99864959716797 288.55303955078125
v 39.582305908203125 39.95445251464844 453.2919006347656
v 41.51210021972656 40.707889556884766 248.58816528320312
v 42.45372009277344 46.979915618896484 393.97247314453125
v 41.50333786010742 51.34173583984375 256.8428649902344
v 39.9301872253418 52.104976654052734 257.804931640625
v 39.72048568725586 51.97514343261719 291.19268798828125
v 39.883365631103516 53.87319564819336 259.9869384765625
v 40.22349548339844 60.48899459838867 272.37530517578125
v 39.764381408691406 -27.69183349609375 127.82102966308594
v 39.957759857177734 -24.981464385986328 118.59129333496094
v 40.209442138671875 -25.141887664794922 141.1732177734375
v 40.53007888793945 -21.08076286315918 150.88792419433594
v 39.87459945678711 -20.321510314941406 120.83058166503906
v 40.04152297973633 -18.912839889526367 156.01377868652344
v 39.77663803100586 -18.94919776916504 160.56561279296875
v 41.11686325073242 -17.476057052612305 64.1637954711914
v 39.85054397583008 -19.16548728942871 133.43771362304688
v 39.80771255493164 -17.3619441986084 163.28765869140625
v 39.946380615234375 -15.407695770263672 165.02125549316406
v 40.26473617553711 -17.176942825317383 45.47373580932617
v 40.15725326538086 -17.060224533081055 140.4651641845703
v 39.977439880371094 -16.33500862121582 143.05865478515625
v 40.25999069213867 -15.803404808044434 64.51428985595703
v 40.226600646972656 -15.570751190185547 150.92596435546875
v 40.05278015136719 -12.815025329589844 157.73109436035156
v 40.08781051635742 2.403329372406006 560.2694702148438
v 40.320465087890625 5.390841007232666 227.7408447265625
v 40.10678482055664 2.721888542175293 565.6885375976562
v 39.695106506347656 3.955122232437134 567.8319702148438
v 40.32951736450195 3.0242843627929688 567.7119140625
v 39.97118377685547 5.197803974151611 216.85203552246094
v 40.08027648925781 5.155674457550049 558.899169921875
v 40.04322052001953 5.449460983276367 567.7943725585938
v 40.15148162841797 6.880174160003662 215.97174072265625
v 40.08210754394531 8.768935203552246 215.15525817871094
v 40.1070671081543 8.39352798461914 531.4898681640625
v 40.47723388671875 9.315682411193848 531.5650634765625
v 41.04466247558594 12.915266036987305 249.94862365722656
v 39.86649703979492 15.798442840576172 218.47341918945312
v 40.50659942626953 17.388744354248047 259.3424072265625
v 39.772705078125 15.378232955932617 545.7949829101562
v 39.80904769897461 17.63442611694336 542.051025390625
v 40.87260055541992 21.3664493560791 557.0447387695312
v 40.6109733581543 20.385469436645508 413.9820861816406
v 40.83005905151367 20.101701736450195 419.3265686035156
v 40.67192459106445 21.286649703979492 413.4219055175781
v 39.87194061279297 20.622852325439453 534.6076049804688
v 39.58574295043945 21.463560104370117 535.7431030273438
v 40.312015533447266 23.13832664489746 413.83868408203125
v 41.3127555847168 24.179643630981445 421.17327880859375
v 40.36595153808594 23.871788024902344 535.7085571289062
v 40.2325553894043 24.569133758544922 532.4949951171875
v 41.062923431396484 25.24432373046875 402.68536376953125
v 40.48421859741211 30.42472267150879 234.00868225097656
v 41.43578338623047 30.14913558959961 281.9292907714844
v 41.341270446777344 32.94805908203125 403.6019287109375
v 41.92582702636719 32.599273681640625 284.0030822753906
v 40.94529342651367 34.1505012512207 284.7366943359375
v 40.94523620605469 33.62568664550781 379.02801513671875
v 40.92122268676758 33.93441390991211 552.153076171875
v 42.89352798461914 34.185142517089844 552.351806640625
v 40.22628402709961 35.83473205566406 462.15576171875
v 39.75758743286133 35.34063720703125 464.3272399902344
v 40.411842346191406 35.32854461669922 454.389404296875
v 40.49538803100586 35.26999282836914 241.9244842529297
v 39.96962356567383 36.29340362548828 464.3036193847656
v 41.722225189208984 35.52167510986328 286.2041320800781
v 41.1573371887207 38.71149826049805 246.9226837158203
v 40.01654052734375 37.402793884277344 463.8181457519531
v 41.088714599609375 41.65727233886719 400.3583679199219
v 40.42686080932617 39.982765197753906 455.8206787109375
v 40.63153839111328 42.58953857421875 382.02593994140625
v 41.345157623291016 43.08955001831055 290.6750183105469
v 40.6032600402832 49.38961410522461 255.2466583251953
v 40.689334869384766 59.45191192626953 290.33782958984375
v 39.976444244384766 61.39443588256836 282.3682556152344
v 40.187896728515625 -26.92083168029785 121.91358947753906
v 40.10234069824219 -26.62526512145996 132.31491088867188
v 40.26850891113281 -26.039714813232422 127.76066589355469
v 40.314735412597656 -23.829723358154297 144.0507354736328
v 39.99860763549805 -23.033924102783203 118.90546417236328
v 40.31840896606445 -21.934064865112305 120.93345642089844
v 40.72996520996094 -21.911373138427734 53.55283737182617
v 41.46090316772461 -20.916221618652344 50.68376541137695
v 40.230247497558594 -20.570293426513672 125.84330749511719
v 39.926063537597656 -18.49179458618164 154.48681640625
v 40.257938385009766 -17.594079971313477 157.12806701660156
v 39.95946502685547 -15.956270217895508 153.8224639892578
v 40.16699981689453 -15.629778861999512 154.914306640625
v 40.251068115234375 -14.705772399902344 156.4695281982422
v 40.05241394042969 -12.980727195739746 164.3035125732422
v 40.331687927246094 -7.975156784057617 48.310733795166016
v 41.2724494934082 -6.738303184509277 53.730892181396484
v 41.19409942626953 2.0914480686187744 574.1214599609375
v 40.58230972290039 5.327089786529541 222.02906799316406
v 39.9091911315918 3.8356268405914307 569.998779296875
v 40.344017028808594 3.2384068965911865 570.2628173828125
v 39.81190872192383 4.7892045974731445 569.7376708984375
v 40.20881652832031 5.613814353942871 569.345458984375
v 40.25795364379883 6.416048526763916 563.9509887695312
v 40.863502502441406 8.132469177246094 237.46524047851562
v 41.33795928955078 10.637089729309082 530.4259033203125
v 41.470619201660156 12.093424797058105 247.73428344726562
v 40.55464553833008 12.299392700195312 524.7201538085938
v 40.12274169921875 13.284673690795898 526.489501953125
v 41.14087677001953 13.664633750915527 527.8505859375
v 40.25179672241211 15.815773010253906 551.1060791015625
v 40.66484069824219 15.570313453674316 547.85107421875
v 40.300048828125 15.897456169128418 542.336181640625
v 40.720245361328125 16.881954193115234 554.2626953125
v 40.228389739990234 17.19045066833496 540.358154296875
v 40.09897994995117 17.478418350219727 554.7129516601562
v 40.07924270629883 18.27864646911621 541.490966796875
v 40.38563537597656 18.60291862487793 543.3328857421875
v 40.589141845703125 18.921489715576172 544.91845703125
v 40.31074523925781 18.713361740112305 548.453857421875
v 40.93027877807617 19.950544357299805 224.0889434814453
v 40.94377517700195 21.81940269470215 556.1814575195312
v 40.6059684753418 20.80701446533203 533.5343017578125
v 40.48766326904297 21.989723205566406 422.593994140625
v 40.659847259521484 22.148834228515625 413.5037841796875
v 40.63860321044922 23.01521873474121 422.4170227050781
v 43.37703323364258 25.79999351501465 378.04351806640625
v 42.257450103759766 32.17855453491211 378.4573059082031
v 41.347259521484375 32.89563751220703 239.8149871826172
v 40.585716247558594 34.04249572753906 550.9950561523438
v 40.03273391723633 36.148399353027344 460.8594665527344
v 40.92961120605469 37.442989349365234 448.5811767578125
v 40.37324142456055 37.478702545166016 462.17291259765625
v 40.25358581542969 37.2875862121582 460.98382568359375
v 41.72128677368164 38.419212341308594 449.1150817871094
v 40.6690673828125 47.09204864501953 385.2204284667969
v 40.573246002197266 48.16910934448242 291.903076171875
v 41.439125061035156 59.2337646484375 292.32757568359375
v 42.14714813232422 60.84206008911133 270.2571105957031
v 41.58428955078125 61.90657043457031 289.5262451171875
v 42.02264404296875 63.095943450927734 288.0071105957031
v 41.51429748535156 62.70264434814453 280.0806579589844
v 40.676597595214844 -25.37493324279785 125.84325408935547
v 40.48910140991211 -24.06190299987793 120.9420166015625
v 40.486331939697266 -25.296037673950195 132.853515625
v 40.427486419677734 -25.02028465270996 136.5748748779297
v 40.54888153076172 -23.379451751708984 127.23379516601562
v 40.86711120605469 -21.62050437927246 146.7283935546875
v 41.61668395996094 -22.128284454345703 56.212486267089844
v 41.49784851074219 -21.930374145507812 60.195709228515625
v 40.438419342041016 -21.2470760345459 131.94265747070312
v 40.690277099609375 -23.2216739654541 132.38909912109375
v 40.77290725708008 -23.226394653320312 125.4705581665039
v 41.431640625 -20.389137268066406 62.78134536743164
v 40.511077880859375 -20.67186164855957 134.86932373046875
v 40.86453628540039 -19.04776954650879 150.42921447753906
v 40.55080032348633 -19.6627140045166 136.6148223876953
v 41.476654052734375 -19.98455238342285 46.98560333251953
v 40.313541412353516 -16.385107040405273 160.3767852783203
v 40.75252914428711 -18.722103118896484 143.11915588378906
v 40.428428649902344 -14.870951652526855 159.1532440185547
v 40.47118377685547 -15.720141410827637 148.6476287841797
v 40.94542694091797 -17.753780364990234 149.02169799804688
v 40.977134704589844 -14.221428871154785 63.24460220336914
v 41.575130462646484 -12.893205642700195 43.12617874145508
v 41.43631362915039 -10.297694206237793 43.94000244140625
v 42.82450485229492 -8.7115478515625 58.91469192504883
v 41.31283187866211 -8.57541275024414 45.43989944458008
v 41.27519989013672 -6.921236038208008 50.30082321166992
v 40.75835037231445 2.7219555377960205 563.3809814453125
v 40.96027374267578 2.3387467861175537 572.71875
v 40.75468444824219 3.7591545581817627 558.748046875
v 40.86070251464844 6.950467586517334 219.93569946289062
v 41.44107437133789 5.973320007324219 573.3363647460938
v 40.72936248779297 6.589199542999268 230.3873748779297
v 41.16385269165039 6.2245192527771 563.408203125
v 41.16493606567383 5.892481327056885 567.6311645507812
v 40.996788024902344 6.388360977172852 570.5394897460938
v 40.89340591430664 8.808599472045898 218.51846313476562
v 41.4508171081543 9.795071601867676 528.265869140625
v 40.71925354003906 10.931941032409668 217.72027587890625
v 41.678531646728516 11.233922958374023 244.2858428955078
v 41.241172790527344 11.052957534790039 524.6181640625
v 47.95309829711914 17.42238426208496 387.15093994140625
v 47.43830490112305 16.58189582824707 390.1816711425781
v 40.81789779663086 14.826743125915527 220.2242431640625
v 45.010498046875 17.531902313232422 396.82061767578125
v 40.73112106323242 15.236063957214355 545.8161010742188
v 40.60698699951172 19.03196907043457 536.5669555664062
v 40.27385330200195 19.036746978759766 538.5851440429688
v 40.85309982299805 19.052215576171875 541.6912231445312
v 41.33252716064453 20.651880264282227 557.6802978515625
v 40.46235275268555 19.794382095336914 538.67333984375
v 40.85972213745117 19.45738410949707 551.603759765625
v 40.8253288269043 21.257801055908203 554.4476318359375
v 42.15346908569336 23.34568977355957 401.994384765625
v 40.911869049072266 20.746028900146484 422.10333251953125
v 42.41365432739258 24.305910110473633 420.736328125
v 41.12542724609375 24.148265838623047 533.7612915039062
v 40.82984161376953 25.544160842895508 229.29254150390625
v 41.91045379638672 32.07624435424805 239.09815979003906
v 41.40126037597656 34.35779571533203 451.0575256347656
v 41.133792877197266 35.626651763916016 457.3876037597656
v 41.850311279296875 35.343231201171875 553.0895385742188
v 40.83092498779297 38.40766906738281 459.21929931640625
v 42.04541015625 38.26560974121094 288.2601318359375
v 41.7321891784668 38.85845947265625 455.989990234375
v 41.401206970214844 40.30678939819336 401.5984191894531
v 40.88627243041992 39.56415557861328 452.5188903808594
v 41.439979553222656 42.855445861816406 250.00172424316406
v 40.768775939941406 47.74504089355469 387.216064453125
v 41.96778869628906 48.82913589477539 292.8717041015625
v 40.692623138427734 50.771358489990234 292.1549987792969
v 41.72779083251953 56.5494384765625 293.753173828125
v 41.847312927246094 56.29490661621094 262.2478942871094
v 41.78060531616211 59.2203369140625 266.8438415527344
v 40.99051284790039 61.29489517211914 274.9714050292969
v 40.74827194213867 -23.2517147064209 136.0970001220703
v 40.918739318847656 -22.57292366027832 141.51882934570312
v 40.87651443481445 -21.537363052368164 143.646484375
v 40.84876251220703 -21.329593658447266 136.9326629638672
v 40.99314880371094 -20.2557315826416 140.6935577392578
v 41.13302230834961 -21.041418075561523 49.53750991821289
v 42.31962966918945 -18.350399017333984 44.66106033325195
v 41.6674690246582 2.7282745838165283 568.422607421875
v 41.4199333190918 2.7218005657196045 571.1018676757812
v 41.96440124511719 3.0110421180725098 574.4334716796875
v 41.247188568115234 3.0821967124938965 561.9074096679688
v 41.65092468261719 4.9132256507873535 574.7130126953125
v 41.492794036865234 8.094985008239746 225.65460205078125
v 41.61780548095703 8.206928253173828 228.9351806640625
v 41.84050750732422 9.970643043518066 224.42971801757812
v 41.7762565612793 8.6215238571167 233.84378051757812
v 46.37818145751953 16.362714767456055 393.17327880859375
v 41.34008026123047 14.056939125061035 525.4848022460938
v 42.12949752807617 14.976578712463379 250.7274627685547
v 41.740867614746094 16.330581665039062 255.34312438964844
v 41.549842834472656 15.475300788879395 542.8389892578125
v 41.238372802734375 16.25143814086914 552.0281982421875
v 41.20793151855469 17.155258178710938 538.6279907226562
v 41.2744255065918 18.424230575561523 548.5918579101562
v 41.23997497558594 20.29793357849121 539.354248046875
v 42.44150161743164 20.882081985473633 417.9275817871094
v 41.25327682495117 21.40838050842285 424.7884826660156
v 41.67223358154297 20.235013961791992 423.4662170410156
v 42.72459411621094 23.512596130371094 272.5140686035156
v 41.99661636352539 23.536516189575195 229.5028076171875
v 42.18571853637695 21.989604949951172 533.802001953125
v 41.28986740112305 22.85419464111328 536.110595703125
v 41.63800811767578 23.65492820739746 422.95556640625
v 41.96527099609375 24.059064865112305 418.37152099609375
v 42.1830940246582 22.751474380493164 535.2858276367188
v 41.52383804321289 35.344783782958984 404.4744567871094
v 42.308589935302734 34.54011917114258 451.76556396484375
v 42.09378433227539 33.8178596496582 242.3060302734375
v 42.50577926635742 36.75492477416992 550.1094970703125
v 42.49752426147461 37.05210494995117 551.3291015625
v 41.840232849121094 45.44281768798828 252.28138732910156
v 40.886417388916016 46.414188385009766 383.42498779296875
v 43.217994689941406 46.78969955444336 253.67555236816406
v 42.429588317871094 54.82887649536133 294.78204345703125
v 42.02432632446289 62.59389114379883 277.2633972167969
v 42.47833251953125 -15.283424377441406 62.80319595336914
v 43.47179412841797 -10.001420974731445 60.04255676269531
v 43.13996505737305 -6.578301906585693 45.63761901855469
v 41.728214263916016 -6.511980056762695 49.55204391479492
v 41.872833251953125 3.879864454269409 562.1484375
v 42.55598449707031 4.041357517242432 574.0777587890625
v 41.90337371826172 5.61146879196167 563.2990112304688
v 41.7513313293457 11.25130844116211 222.84817504882812
v 41.95112609863281 10.398167610168457 529.0701904296875
v 41.32929611206055 12.039782524108887 220.8249053955078
v 41.721275329589844 13.822166442871094 523.23388671875
v 41.83769989013672 16.152774810791016 224.02328491210938
v 41.9112548828125 15.710382461547852 545.6488037109375
v 41.69625473022461 16.283300399780273 548.1577758789062
v 41.6231689453125 19.343332290649414 535.3382568359375
v 41.61048889160156 19.1149959564209 542.0869140625
v 41.838199615478516 18.547046661376953 544.1908569335938
v 42.99461364746094 20.845359802246094 264.43609619140625
v 41.883853912353516 20.268346786499023 418.4746398925781
v 41.8388671875 20.202468872070312 421.4806823730469
v 41.516197204589844 19.65430450439453 552.239013671875
v 41.728271484375 21.46826171875 554.3116455078125
v 42.65727615356445 21.446868896484375 266.7151794433594
v 41.7400016784668 21.317155838012695 533.438720703125
v 41.76443099975586 22.591001510620117 424.9560852050781
v 42.13689422607422 28.783458709716797 234.78738403320312
v 42.021453857421875 33.54251480102539 551.2587890625
v 42.717376708984375 34.091148376464844 446.9071350097656
v 41.7149658203125 35.20310974121094 549.5078125
v 41.950050354003906 36.67269515991211 454.529296875
v 42.032142639160156 36.20004653930664 549.6336669921875
v 42.57754135131836 35.083778381347656 244.83929443359375
v 41.54030227661133 37.15127944946289 458.2401123046875
v 42.62326431274414 35.78484344482422 286.2477722167969
v 42.00870895385742 37.838348388671875 404.546875
v 42.18773651123047 41.072879791259766 379.6723937988281
v 42.930198669433594 38.4720344543457 449.3018798828125
v 41.73386764526367 39.012847900390625 453.91253662109375
v 41.98530960083008 44.28617858886719 380.199951171875
v 41.83600997924805 47.10662841796875 380.7314453125
v 42.443260192871094 46.028076171875 292.5707092285156
v 42.39073944091797 48.83678436279297 391.9823913574219
v 41.2358512878418 48.44782638549805 389.25616455078125
v 41.61812210083008 50.51496124267578 382.92364501953125
v 41.52798080444336 51.101497650146484 384.9356994628906
v 43.09420394897461 49.00675582885742 255.009033203125
v 42.44639587402344 53.392459869384766 258.9765625
v 42.51899719238281 61.007503509521484 271.198486328125
v 42.85197830200195 61.56356430053711 273.0738220214844
v 42.571319580078125 -21.79226303100586 57.30364227294922
v 44.22126388549805 -21.66912269592285 53.59520721435547
v 42.800682067871094 -21.497203826904297 51.883975982666016
v 42.71153259277344 -22.0443115234375 51.1075439453125
v 43.353675842285156 -14.487056732177734 41.88076400756836
v 43.85562515258789 -11.840133666992188 61.049434661865234
v 44.25284957885742 -13.148652076721191 61.391822814941406
v 43.29258728027344 -11.672944068908691 41.76261520385742
v 43.021270751953125 -6.829805850982666 55.756595611572266
v 43.338294982910156 -6.054548740386963 52.484893798828125
v 42.02029037475586 3.2804274559020996 565.9522705078125
v 42.35435485839844 3.094478130340576 567.8955688476562
v 41.84928512573242 5.714085102081299 567.2278442382812
v 42.45829772949219 6.221569538116455 570.7758178710938
v 42.244720458984375 10.077553749084473 228.06202697753906
v 42.29754638671875 10.008606910705566 235.83810424804688
v 42.62400817871094 12.684307098388672 521.7481689453125
v 42.45259475708008 13.27536392211914 527.9616088867188
v 42.38926315307617 14.241546630859375 225.35345458984375
v 42.24922561645508 14.686980247497559 523.6731567382812
v 42.51103591918945 17.053720474243164 538.829833984375
v 42.11078643798828 17.23106575012207 553.8509521484375
v 42.5972785949707 17.97511100769043 256.8749084472656
v 42.25529479980469 17.816831588745117 537.3294067382812
v 42.35652160644531 18.546123504638672 226.46453857421875
v 41.8743782043457 17.332571029663086 548.2516479492188
v 42.30726623535156 17.86958122253418 545.4031372070312
v 41.947914123535156 18.378097534179688 551.1105346679688
v 42.6087646484375 19.445653915405273 557.3339233398438
v 42.55244827270508 18.957643508911133 259.8505554199219
v 42.829524993896484 21.642791748046875 229.90354919433594
v 42.88950729370117 20.1524600982666 422.3368225097656
v 41.5622673034668 20.329450607299805 425.55712890625
v 42.45022964477539 22.838109970092773 555.7021484375
v 42.845760345458984 23.801105499267578 557.35791015625
v 43.073387145996094 23.129770278930664 418.55810546875
v 42.408775329589844 22.365463256835938 534.5608520507812
v 42.606510162353516 26.57478904724121 277.28289794921875
v 42.54953384399414 26.92658233642578 403.3548278808594
v 43.652435302734375 30.825345993041992 378.2112731933594
v 42.345481872558594 28.262727737426758 279.8358154296875
v 42.21852493286133 34.344940185546875 405.4070129394531
v 43.04632568359375 33.41143798828125 447.8428649902344
v 42.79154968261719 33.497314453125 549.6386108398438
v 42.871185302734375 34.64341354370117 379.2889404296875
v 43.02707290649414 35.04335021972656 446.08575439453125
v 43.37224197387695 36.015838623046875 445.8718566894531
v 42.01606369018555 36.985694885253906 455.7990417480469
v 43.66067123413086 36.87704849243164 287.68267822265625
v 43.1327018737793 37.3475456237793 447.3026123046875
v 44.000396728515625 39.878318786621094 377.9977111816406
v 41.98178482055664 38.362060546875 454.2820129394531
v 43.08695983886719 38.63347244262695 450.8207092285156
v 43.385902404785156 46.965003967285156 395.1797790527344
v 42.08631896972656 49.82353210449219 380.7481689453125
v 41.78884506225586 51.568477630615234 387.0528869628906
v 41.724700927734375 54.30482864379883 382.917236328125
v 43.60346984863281 53.3567008972168 295.916259765625
v 44.8745002746582 58.356807708740234 264.6766052246094
v 42.83357238769531 64.29618835449219 286.4811706542969
v 43.51820373535156 -20.664390563964844 59.120235443115234
v 43.434112548828125 -21.601282119750977 48.380619049072266
v 43.76191711425781 -19.957067489624023 45.38710403442383
v 43.569149017333984 -16.895265579223633 61.99177169799805
v 44.13572311401367 -16.181093215942383 42.020511627197266
v 43.29242706298828 -8.042585372924805 43.545448303222656
v 43.730918884277344 -7.561875820159912 57.342689514160156
v 42.614532470703125 3.1778926849365234 572.5111083984375
v 42.47367858886719 4.406675815582275 565.7252197265625
v 42.663082122802734 5.116118907928467 573.19140625
v 42.7216682434082 5.385138988494873 568.3728637695312
v 43.13854217529297 11.72500228881836 233.421875
v 42.80034637451172 12.277936935424805 242.7147216796875
v 42.73939895629883 10.438447952270508 525.260009765625
v 42.44853591918945 11.755755424499512 226.76747131347656
v 43.519554138183594 11.728707313537598 522.0411376953125
v 43.03462600708008 12.199947357177734 528.0817260742188
v 42.64142990112305 14.15359115600586 492.5594787597656
v 42.371337890625 14.80356502532959 494.1107482910156
v 42.07593536376953 13.245798110961914 497.3122863769531
v 42.092891693115234 14.596423149108887 498.1319885253906
v 42.892608642578125 14.184365272521973 526.190673828125
v 42.689945220947266 16.453174591064453 541.339599609375
v 42.738712310791016 16.982288360595703 543.8189086914062
v 42.23231887817383 17.73258399963379 552.0943603515625
v 42.3706169128418 18.133337020874023 543.3894653320312
v 42.9095344543457 19.339731216430664 536.04638671875
v 42.413185119628906 18.88792610168457 552.568359375
v 42.453392028808594 19.141340255737305 424.9150695800781
v 42.69062805175781 19.242223739624023 426.97943115234375
v 42.74203872680664 19.862592697143555 539.9427490234375
v 42.711055755615234 20.43532371520996 553.7008666992188
v 42.54838943481445 20.243738174438477 428.6778869628906
v 42.95615768432617 21.14713478088379 558.2234497070312
v 42.75066375732422 21.0931339263916 428.6792297363281
v 42.554222106933594 21.511938095092773 537.758544921875
v 42.81102752685547 21.734832763671875 554.7758178710938
v 43.47819519042969 21.852569580078125 418.9918212890625
v 43.27266311645508 22.446535110473633 427.8660583496094
v 42.99410629272461 23.1018123626709 425.345703125
v 43.5499382019043 23.7979736328125 558.4147338867188
v 43.192955017089844 23.77593231201172 422.40301513671875
v 43.14857482910156 23.716171264648438 423.8493347167969
v 45.70659637451172 26.15298080444336 275.7703552246094
v 43.25362014770508 27.533588409423828 235.63780212402344
v 44.572715759277344 28.941619873046875 378.1497497558594
v 42.99720764160156 30.921802520751953 403.9759521484375
v 43.311058044433594 33.27805709838867 406.28570556640625
v 43.21791076660156 33.10624313354492 284.30548095703125
v 43.416507720947266 33.59815216064453 449.61419677734375
v 43.5506591796875 35.57058334350586 451.96551513671875
v 43.1215705871582 37.09857940673828 247.214111328125
v 42.84914779663086 39.98015594482422 403.40460205078125
v 43.66413879394531 40.84062957763672 290.48956298828125
v 43.45885467529297 41.15711975097656 249.7902374267578
v 42.903907775878906 42.06757736206055 400.8677673339844
v 43.79286575317383 43.414485931396484 378.0138244628906
v 42.480831146240234 44.3864631652832 379.58087158203125
v 43.00312042236328 49.190608978271484 378.6688232421875
v 43.13202667236328 52.40009689331055 390.5164794921875
v 42.378273010253906 51.94422912597656 389.0132751464844
v 42.175411224365234 53.118988037109375 379.86053466796875
v 42.33938217163086 56.21670913696289 385.8519592285156
v 42.70059585571289 58.704105377197266 381.61785888671875
v 43.015037536621094 61.23711013793945 295.11956787109375
v 44.28376007080078 60.84061050415039 269.0760192871094
v 43.13312911987305 60.73091506958008 270.2718200683594
v 43.1187744140625 63.69704818725586 293.0362243652344
v 44.44999694824219 64.22016143798828 278.4980773925781
v 43.770286560058594 65.20106506347656 285.28814697265625
v 43.384517669677734 -9.314806938171387 42.52524948120117
v 43.87297058105469 -5.41049337387085 47.94232177734375
v 43.60609817504883 -5.561554431915283 51.27728271484375
v 43.06717300415039 3.5195155143737793 570.2439575195312
v 42.90917205810547 3.968987226486206 567.7960205078125
v 43.580806732177734 14.105192184448242 245.7110137939453
v 43.05632781982422 11.970558166503906 498.26513671875
v 42.8269157409668 12.191152572631836 495.8946228027344
v 42.849876403808594 13.084562301635742 499.2869567871094
v 44.15518569946289 13.949187278747559 517.9842529296875
v 43.31708908081055 15.158700942993164 248.6090545654297
v 43.11155700683594 14.797236442565918 499.842529296875
v 43.486663818359375 14.86158561706543 519.8270263671875
v 42.6221923828125 15.666029930114746 488.4877014160156
v 43.39147186279297 14.97824478149414 524.70556640625
v 42.88519287109375 15.882169723510742 495.33001708984375
v 42.54578399658203 16.109506607055664 491.8551330566406
v 43.173095703125 16.202058792114258 497.7539978027344
v 42.749507904052734 16.21640396118164 482.1634826660156
v 42.455772399902344 16.881919860839844 483.9189147949219
v 43.73520278930664 18.56780242919922 231.03326416015625
v 43.497154235839844 17.73790740966797 254.0966339111328
v 42.73380661010742 18.2276668548584 477.9159851074219
v 42.814453125 18.372207641601562 483.65875244140625
v 43.0524787902832 17.67226791381836 489.1409606933594
v 43.69940185546875 19.92801284790039 555.354248046875
v 42.75708770751953 18.86213493347168 428.779541015625
v 44.83632278442383 21.271936416625977 400.5016784667969
v 45.33479690551758 23.6917724609375 271.15179443359375
v 43.25436019897461 21.031702041625977 537.20654296875
v 44.4935302734375 24.50910186767578 402.5240783691406
v 43.230533599853516 30.753122329711914 240.60751342773438
v 43.95716857910156 31.531078338623047 243.09768676757812
v 44.462867736816406 34.59587097167969 552.1240844726562
v 44.83661651611328 35.07597351074219 551.9027099609375
v 43.39910125732422 37.242637634277344 407.4677734375
v 43.87126541137695 37.1107063293457 451.7615661621094
v 43.7004508972168 42.02040100097656 401.7026672363281
v 44.054847717285156 46.635833740234375 293.47991943359375
v 42.92223358154297 52.33136749267578 378.0289611816406
v 42.80625534057617 54.76851272583008 378.3733825683594
v 42.52882385253906 56.632564544677734 379.9736328125
v 43.241371154785156 57.349910736083984 387.6851806640625
v 42.97649002075195 60.049861907958984 377.63226318359375
v 43.24100875854492 60.15983963012695 383.2587890625
v 43.653377532958984 58.341548919677734 296.9289245605469
v 43.112464904785156 64.42497253417969 291.3495178222656
v 43.988983154296875 -19.273757934570312 60.46078872680664
v 45.596153259277344 -18.563753128051758 43.08670425415039
v 43.461177825927734 4.504175662994385 570.078857421875
v 43.29558181762695 5.215530872344971 570.7349243164062
v 43.990108489990234 11.18400764465332 525.7901000976562
v 43.97743225097656 13.971393585205078 240.95269775390625
v 43.42669677734375 13.903900146484375 230.44297790527344
v 43.94651412963867 13.512137413024902 526.2445068359375
v 43.35435485839844 13.123848915100098 492.5539245605469
v 43.13549041748047 14.648300170898438 488.6078186035156
v 44.02653121948242 17.248519897460938 232.1832275390625
v 43.95463562011719 15.58996868133545 521.0067749023438
v 43.37492752075195 15.201529502868652 482.7947082519531
v 43.75803756713867 16.201644897460938 499.2370910644531
v 43.34677505493164 17.856983184814453 540.6653442382812
v 43.41695022583008 18.066747665405273 538.4343872070312
v 43.326202392578125 17.059110641479492 474.3877258300781
v 47.02848815917969 20.261152267456055 381.87017822265625
v 43.08034896850586 18.48534393310547 473.17449951171875
v 43.18385314941406 18.82505226135254 540.7081298828125
v 43.90929412841797 19.75398826599121 258.6351013183594
v 43.84110641479492 19.958873748779297 556.8807373046875
v 43.5056266784668 19.001964569091797 424.3486022949219
v 43.91876983642578 18.568387985229492 426.2950744628906
v 43.308719635009766 19.414409637451172 431.54327392578125
v 43.26548767089844 18.525390625 431.0547790527344
v 43.57413864135742 19.57167625427246 471.65960693359375
v 43.3902702331543 19.63898277282715 477.8074035644531
v 43.67311096191406 20.64740753173828 431.3827209472656
v 44.46765899658203 21.593130111694336 558.1142578125
v 44.10262680053711 20.937725067138672 422.1982421875
v 43.57602310180664 20.106718063354492 537.2949829101562
v 43.119964599609375 24.056623458862305 232.32115173339844
v 44.49339294433594 24.049304962158203 555.6820678710938
v 43.45450973510742 23.67426109313965 420.4736633300781
v 44.01212692260742 27.325942993164062 278.3834533691406
v 45.032737731933594 29.312156677246094 280.9566955566406
v 44.50574493408203 28.67353630065918 240.74087524414062
v 44.58112716674805 32.05050277709961 406.6780090332031
v 44.156166076660156 32.46725082397461 549.752197265625
v 43.863983154296875 32.55854797363281 550.9740600585938
v 43.91253662109375 34.49302291870117 285.71136474609375
v 43.9766845703125 33.684322357177734 548.836181640625
v 44.81720733642578 34.413787841796875 548.6627807617188
v 43.911964416503906 35.801082611083984 408.0262756347656
v 43.59309387207031 36.13762283325195 424.9421081542969
v 42.9620361328125 35.419307708740234 428.28759765625
v 43.314697265625 34.148048400878906 427.5417175292969
v 43.21343231201172 37.543556213378906 426.44476318359375
v 43.12800979614258 36.70569610595703 429.31390380859375
v 43.22115707397461 38.86719512939453 406.4341125488281
v 44.20060348510742 38.47988510131836 248.8931427001953
v 43.40315628051758 39.954429626464844 405.7933044433594
v 44.840694427490234 44.2989387512207 252.56594848632812
v 44.83137512207031 50.52195358276367 256.3594055175781
v 44.856563568115234 51.80757141113281 296.6151428222656
v 44.054779052734375 51.24313735961914 392.9571533203125
v 43.290557861328125 57.610965728759766 376.2597961425781
v 44.677310943603516 59.449127197265625 266.24334716796875
v 43.17757034301758 61.25166320800781 373.6696472167969
v 43.379737854003906 62.419044494628906 379.5923767089844
v 43.05984115600586 62.85932922363281 376.92803955078125
v 46.08339309692383 64.30372619628906 276.7528381347656
v 43.27754211425781 63.95586013793945 375.6383972167969
v 43.019344329833984 63.4702262878418 370.9173889160156
v 43.13086700439453 65.14976501464844 368.56707763671875
v 43.17805099487305 66.84748840332031 369.3594665527344
v 43.156761169433594 66.71190643310547 371.2901306152344
v 44.157142639160156 -22.31480598449707 52.589847564697266
v 44.27281951904297 -20.709409713745117 58.449283599853516
v 43.95955276489258 -18.178632736206055 61.26070022583008
v 44.935340881347656 11.784648895263672 521.9592895507812
v 44.647796630859375 12.467369079589844 525.7366943359375
v 44.55601119995117 11.274819374084473 497.9364318847656
v 44.09038543701172 11.58861255645752 495.56329345703125
v 44.128318786621094 12.56033992767334 499.96099853515625
v 44.058349609375 14.76610279083252 234.4890594482422
v 43.871559143066406 13.999610900878906 488.6561584472656
v 43.64794921875 14.004973411560059 453.2149658203125
v 43.53048324584961 14.737649917602539 456.2652282714844
v 43.93053436279297 13.114654541015625 455.98980712890625
v 44.31584167480469 14.384321212768555 501.27001953125
v 43.78529739379883 15.447430610656738 453.12860107421875
v 44.157012939453125 15.420963287353516 500.716796875
v 43.70956039428711 15.901728630065918 456.31304931640625
v 43.4732551574707 15.401620864868164 461.4049072265625
v 44.37331771850586 17.536697387695312 248.5237274169922
v 43.3367805480957 16.321950912475586 460.7361755371094
v 44.145416259765625 15.402788162231445 479.51531982421875
v 43.583187103271484 16.286766052246094 466.18212890625
v 43.763301849365234 16.430585861206055 495.70941162109375
v 43.783546447753906 17.288362503051758 459.70831298828125
v 43.33073043823242 18.047224044799805 466.36029052734375
v 43.332481384277344 17.14194679260254 468.2253723144531
v 43.96384048461914 18.12691879272461 491.15234375
v 43.604984283447266 18.224037170410156 433.6131591796875
v 43.80082702636719 17.22370719909668 432.53558349609375
v 43.69261169433594 19.122692108154297 466.5230712890625
v 44.41344451904297 19.539514541625977 255.12571716308594
v 43.73854446411133 17.872228622436523 428.3714599609375
v 43.626129150390625 19.006681442260742 484.6889953613281
v 44.044578552246094 20.144086837768555 472.509765625
v 45.110107421875 21.802364349365234 262.9405517578125
v 43.9796028137207 21.053709030151367 555.341064453125
v 44.374114990234375 21.85664939880371 265.7200622558594
v 43.7442741394043 21.929384231567383 428.9884948730469
v 43.969383239746094 22.41387939453125 555.30859375
v 44.20880889892578 21.98743438720703 233.78367614746094
v 43.99850082397461 22.51677894592285 420.3128662109375
v 44.79397964477539 22.774261474609375 424.65655517578125
v 44.355403900146484 24.97216796875 556.2653198242188
v 44.65121078491211 25.626712799072266 557.1149291992188
v 45.3052864074707 31.79302215576172 283.27972412109375
v 44.23115921020508 33.218074798583984 551.9625244140625
v 44.28945541381836 33.108863830566406 245.6764373779297
v 44.84522247314453 32.926456451416016 447.9900207519531
v 43.71317672729492 32.74283218383789 430.3228454589844
v 43.60070037841797 33.555885314941406 431.3505554199219
v 45.83566665649414 33.482208251953125 448.7666015625
v 44.457332611083984 34.7099609375 285.66949462890625
v 44.197998046875 35.1939697265625 424.5050964355469
v 43.91663360595703 35.066341400146484 432.33087158203125
v 45.533935546875 36.91483688354492 444.9934997558594
v 45.831581115722656 35.37238311767578 549.8690795898438
v 46.42367172241211 35.00254440307617 550.7403564453125
v 43.721195220947266 38.48075866699219 424.5164489746094
v 43.78743362426758 39.516632080078125 426.1333312988281
v 43.92813491821289 38.141597747802734 429.8760681152344
v 44.45286560058594 40.3268928527832 409.71380615234375
v 44.18668746948242 37.721519470214844 450.4580383300781
v 44.801963806152344 42.32453536987305 377.2178039550781
v 44.358123779296875 41.538909912109375 402.6354064941406
v 44.517765045166016 44.224178314208984 292.75146484375
v 45.29583740234375 46.87116241455078 396.9059143066406
v 44.412567138671875 48.689727783203125 376.6623229980469
v 44.52553176879883 49.1626091003418 394.6954040527344
v 44.50324249267578 51.07880401611328 375.6520690917969
v 44.58982849121094 52.39971160888672 375.35162353515625
v 43.819366455078125 56.3215446472168 375.0709228515625
v 44.7251091003418 55.04808807373047 260.5384521484375
v 44.32495880126953 57.80794143676758 389.4820251464844
v 43.64006805419922 59.789764404296875 372.0181884765625
v 43.49419403076172 63.2624397277832 367.4479675292969
v 44.34074401855469 63.18785858154297 296.3552551269531
v 44.96295166015625 65.97712707519531 283.8143310546875
v 44.07228088378906 65.26515197753906 365.45233154296875
v 44.41010665893555 66.53010559082031 290.4432067871094
v 43.662139892578125 68.25801086425781 372.7246398925781
v 43.87847137451172 67.36283874511719 366.59686279296875
v 43.7856330871582 69.2098388671875 370.098388671875
v 44.928245544433594 -22.193981170654297 49.59697341918945
v 45.79692459106445 -20.94672393798828 55.57684326171875
v 45.86766815185547 -16.218870162963867 60.596031188964844
v 45.66035079956055 -14.549880981445312 60.89415740966797
v 45.9127311706543 -6.115926265716553 43.54074478149414
v 45.49581527709961 -5.320589542388916 52.410404205322266
v 45.54015350341797 12.134899139404297 523.0869750976562
v 44.18345642089844 12.596125602722168 492.71221923828125
v 44.72100067138672 13.021924018859863 517.8712768554688
v 44.3581657409668 12.515864372253418 453.3668518066406
v 44.455020904541016 12.665709495544434 451.3102722167969
v 44.63970947265625 15.654891014099121 239.7740478515625
v 43.964683532714844 14.58874797821045 451.45794677734375
v 44.11048126220703 13.743844985961914 447.89630126953125
v 44.994327545166016 16.51824951171875 244.0248260498047
v 44.077144622802734 15.094608306884766 447.81671142578125
v 44.11983871459961 13.330989837646484 457.0020751953125
v 44.68647766113281 14.231307029724121 525.1116943359375
v 44.085693359375 14.374135971069336 445.8268127441406
v 44.3001823425293 14.22770881652832 461.3111572265625
v 44.654930114746094 14.59853744506836 482.8565368652344
v 44.45779800415039 15.966227531433105 448.8453674316406
v 45.004764556884766 17.65803337097168 246.77967834472656
v 43.71236801147461 16.855182647705078 436.7476501464844
v 44.128273010253906 16.043651580810547 438.3329162597656
v 44.07036209106445 15.70388412475586 436.4661560058594
v 44.28656005859375 15.916642189025879 469.203125
v 44.542903900146484 15.260116577148438 466.2361755371094
v 47.546478271484375 19.291698455810547 383.28204345703125
v 44.37946319580078 16.354576110839844 432.7619323730469
v 44.303436279296875 16.0870361328125 475.20941162109375
v 45.10279846191406 19.65958595275879 252.34906005859375
v 44.18059539794922 18.455408096313477 436.9015808105469
v 44.47168731689453 17.28340721130371 439.01129150390625
v 44.29594802856445 18.18616485595703 461.0881652832031
v 44.515689849853516 19.173168182373047 486.215087890625
v 45.097293853759766 18.75716209411621 425.9608459472656
v 44.27421951293945 19.458234786987305 434.4211120605469
v 45.22917175292969 20.906108856201172 257.2779235839844
v 44.4454460144043 19.39272117614746 424.07586669921875
v 44.35883331298828 20.36281394958496 470.1141662597656
v 44.195003509521484 20.226909637451172 477.7627868652344
v 45.493350982666016 22.36833953857422 556.4603881835938
v 44.756832122802734 21.665353775024414 430.8449401855469
v 44.975223541259766 22.928386688232422 427.0136413574219
v 44.60041046142578 23.913925170898438 558.6907348632812
v 44.25802993774414 22.517610549926758 422.0839538574219
v 44.573787689208984 24.92814826965332 236.69200134277344
v 46.76113510131836 28.638328552246094 403.6471862792969
v 44.7462043762207 28.34291648864746 241.88182067871094
v 44.723289489746094 29.60210609436035 403.9452209472656
v 44.86578369140625 32.94820022583008 378.8360900878906
v 44.351470947265625 32.398704528808594 428.2478942871094
v 44.195377349853516 33.24342727661133 426.6273193359375
v 45.48649215698242 33.14105987548828 445.39190673828125
v 44.57073211669922 33.040950775146484 432.7547607421875
v 45.42654037475586 34.66236114501953 449.9072570800781
v 46.193111419677734 37.7308235168457 377.0102233886719
v 44.36054611206055 36.77184295654297 431.89483642578125
v 44.71892547607422 39.505428314208984 410.5516662597656
v 44.247100830078125 37.7185173034668 447.60821533203125
v 44.891536712646484 39.87211990356445 421.63201904296875
v 44.77506637573242 37.50746154785156 449.0558166503906
v 44.76001739501953 40.53879165649414 427.36517333984375
v 44.53993225097656 41.672508239746094 404.589599609375
v 45.19356918334961 43.26919174194336 400.50897216796875
v 44.934234619140625 52.69073486328125 392.99395751953125
v 44.872920989990234 55.32320022583008 298.0434875488281
v 44.56990051269531 57.86550521850586 371.0750427246094
v 44.20268249511719 60.80308151245117 367.175048828125
v 44.78084945678711 60.468936920166016 298.24871826171875
v 44.51298904418945 63.9421501159668 382.4317932128906
v 45.25804138183594 60.82206344604492 269.47772216796875
v 44.872684478759766 66.2888412475586 293.7003479003906
v 44.40309524536133 66.09624481201172 379.2525329589844
v 44.23763656616211 66.50189208984375 377.2103576660156
v 44.4757194519043 68.14918518066406 376.09869384765625
v 44.285343170166016 69.64702606201172 367.74151611328125
v 45.67392349243164 -22.027700424194336 54.266502380371094
v 45.593082427978516 -21.080781936645508 46.55147171020508
v 45.39973068237305 -13.19210147857666 40.5368766784668
v 45.06233215332031 -10.992850303649902 40.788265228271484
v 45.53475570678711 -9.177813529968262 58.921958923339844
v 45.440067291259766 -7.679236888885498 42.111793518066406
v 45.92146682739258 -6.406637191772461 54.791259765625
v 45.44803237915039 11.713373184204102 495.0606384277344
v 44.51457595825195 13.095077514648438 446.6698303222656
v 45.2103271484375 13.73923397064209 488.3265686035156
v 44.69629669189453 13.432709693908691 501.0117492675781
v 44.479713439941406 13.343234062194824 445.0140075683594
v 48.00117874145508 17.1645450592041 388.4827575683594
v 44.35782241821289 14.943717956542969 442.5809631347656
v 44.62720489501953 13.660173416137695 514.8781127929688
v 44.624019622802734 14.647804260253906 514.3177490234375
v 44.863399505615234 13.804547309875488 442.1070251464844
v 44.36857604980469 15.506587982177734 440.4814453125
v 44.56503677368164 15.380510330200195 504.3233947753906
v 44.781105041503906 14.179518699645996 504.0882263183594
v 44.40523910522461 15.128279685974121 517.1748657226562
v 44.79719543457031 14.829669952392578 436.8939514160156
v 44.528358459472656 16.087446212768555 442.81732177734375
v 45.0003547668457 16.451147079467773 451.4002380371094
v 44.9908561706543 15.907498359680176 517.9478149414062
v 45.13848876953125 15.967958450317383 520.1441040039062
v 45.54528045654297 15.534661293029785 521.7114868164062
v 44.98223114013672 17.39209747314453 237.58961486816406
v 44.83561706542969 16.47031021118164 447.3087463378906
v 44.65837860107422 16.677501678466797 453.45794677734375
v 45.070430755615234 16.35154914855957 500.141845703125
v 45.08316421508789 16.607765197753906 503.0415954589844
v 45.25887680053711 17.3660888671875 455.83642578125
v 44.70522689819336 16.585351943969727 495.9764404296875
v 45.1269416809082 16.68689727783203 498.1632995605469
v 44.85856628417969 17.352632522583008 428.91680908203125
v 45.27450180053711 18.012754440307617 458.0507507324219
v 45.20269775390625 18.0273494720459 492.3942565917969
v 45.224613189697266 17.641876220703125 427.88446044921875
v 45.38076400756836 18.68440055847168 489.4715576171875
v 44.737266540527344 19.646150588989258 465.0589294433594
v 45.25291061401367 21.381746292114258 237.40711975097656
v 45.159671783447266 20.614038467407227 423.7080383300781
v 45.126502990722656 20.65700340270996 475.73406982421875
v 45.480804443359375 22.04755210876465 429.717529296875
v 45.19346237182617 23.242774963378906 555.6959228515625
v 45.401737213134766 23.696916580200195 558.6419067382812
v 46.91264343261719 23.823272705078125 269.3817138671875
v 45.69588088989258 21.222576141357422 424.4929504394531
v 45.16203308105469 26.239561080932617 555.258056640625
v 45.21479415893555 31.80374526977539 246.43603515625
v 45.87749099731445 28.85664939880371 431.03509521484375
v 45.87317657470703 29.508813858032227 432.4855041503906
v 46.092010498046875 32.7621955871582 446.357666015625
v 45.414093017578125 33.945186614990234 444.3243713378906
v 46.05458450317383 33.64060974121094 284.91607666015625
v 44.827369689941406 34.55067825317383 408.4345703125
v 45.032440185546875 34.810794830322266 247.86056518554688
v 44.389347076416016 35.4089469909668 434.06768798828125
v 44.89056396484375 37.119422912597656 434.6479187011719
v 44.66749572753906 36.3573112487793 435.1521911621094
v 45.13044357299805 38.249351501464844 410.9932556152344
v 45.80229187011719 39.77605056762695 290.37091064453125
v 45.39813995361328 41.5180778503418 419.9008483886719
v 44.759132385253906 41.320674896240234 423.9836730957031
v 44.8603630065918 41.592735290527344 410.2564392089844
v 45.417232513427734 42.13945388793945 402.0686340332031
v 46.43709182739258 44.008148193359375 253.21356201171875
v 45.95756912231445 48.19833755493164 375.150390625
v 45.952327728271484 47.49836730957031 254.66651916503906
v 45.64543914794922 52.047401428222656 258.0496826171875
v 45.424076080322266 54.18192672729492 373.2054748535156
v 45.484222412109375 64.40093231201172 384.17657470703125
v 45.460182189941406 61.46123123168945 271.1945495605469
v 44.67057418823242 62.867305755615234 364.6920166015625
v 45.28761672973633 67.53644561767578 288.6272888183594
v 44.76924133300781 67.95173645019531 363.9837951660156
v 45.13493347167969 70.43377685546875 364.90557861328125
v 44.68964385986328 70.85746765136719 372.2599182128906
v 44.972068786621094 71.26560974121094 368.6380310058594
v 45.90640640258789 -15.294815063476562 40.814212799072266
v 46.00629425048828 -11.146454811096191 60.03178787231445
v 47.000640869140625 -4.83608341217041 45.129615783691406
v 47.22578811645508 -4.273918151855469 48.160099029541016
v 45.0969123840332 12.544743537902832 492.5400085449219
v 45.87761688232422 12.872214317321777 500.75482177734375
v 45.55583572387695 12.590940475463867 518.514404296875
v 45.33574295043945 11.94843578338623 450.4446105957031
v 45.56613540649414 12.018810272216797 456.1331481933594
v 45.32811737060547 12.394675254821777 445.5892028808594
v 45.46832275390625 12.737293243408203 514.3936157226562
v 45.51799392700195 13.03720760345459 512.4898071289062
v 44.510650634765625 14.267786026000977 506.1601257324219
v 45.12411117553711 13.240692138671875 505.95880126953125
v 44.8428840637207 14.302050590515137 509.0906982421875
v 44.954288482666016 13.500768661499023 509.67767333984375
v 45.16830062866211 14.12073802947998 512.1553955078125
v 45.23280334472656 13.611861228942871 502.2237548828125
v 45.60723114013672 13.858552932739258 439.6560363769531
v 44.73421859741211 15.207270622253418 506.2956848144531
v 45.24814224243164 15.159634590148926 508.3905334472656
v 45.46100997924805 16.002384185791016 515.0161743164062
v 45.585479736328125 15.413307189941406 433.34356689453125
v 45.74324417114258 15.405691146850586 469.6563415527344
v 45.381256103515625 15.73049259185791 473.9088134765625
v 45.70859146118164 15.742323875427246 476.1612854003906
v 45.290260314941406 17.042484283447266 442.55474853515625
v 45.565860748291016 18.53260612487793 439.0629577636719
v 45.44261169433594 18.767118453979492 461.468017578125
v 45.092071533203125 19.63945960998535 435.74395751953125
v 45.62748718261719 21.15158462524414 253.39071655273438
v 45.922218322753906 19.75166130065918 425.4156188964844
v 45.75078582763672 20.691957473754883 468.8076477050781
v 45.67866134643555 20.741382598876953 471.9585876464844
v 46.583412170410156 23.290332794189453 557.4379272460938
v 45.53059005737305 26.452713012695312 557.3892211914062
v 45.31964874267578 27.075681686401367 556.1552734375
v 45.48627853393555 26.344730377197266 241.90362548828125
v 46.153724670410156 26.24739646911621 378.751220703125
v 46.24861526489258 28.514690399169922 279.66156005859375
v 45.28706359863281 28.925142288208008 244.18603515625
v 46.01531219482422 29.17510986328125 429.6392517089844
v 46.1552848815918 30.165428161621094 551.1981811523438
v 45.39460754394531 31.09781265258789 550.0626220703125
v 45.74551010131836 31.405004501342773 552.4470825195312
v 45.84635925292969 32.22023391723633 426.2658386230469
v 45.91043472290039 33.846893310546875 424.06988525390625
v 45.147029876708984 33.866615295410156 434.3703918457031
v 44.92713165283203 35.25508499145508 436.301025390625
v 45.410301208496094 36.539005279541016 449.7831726074219
v 45.82901382446289 37.14179229736328 249.595458984375
v 45.94783401489258 37.40774154663086 411.7076721191406
v 45.45160675048828 37.731903076171875 434.57769775390625
v 45.77678298950195 38.091949462890625 432.0199279785156
v 47.670433044433594 42.49816131591797 253.17945861816406
v 46.385231018066406 42.14478302001953 376.1645202636719
v 45.50406265258789 39.64944076538086 412.89422607421875
v 45.722354888916016 42.6041374206543 424.417236328125
v 46.79030227661133 43.40117645263672 292.958984375
v 45.621028900146484 43.35660171508789 408.1788635253906
v 46.000267028808594 49.9523811340332 296.61016845703125
v 45.35032653808594 57.43090057373047 391.0982971191406
v 45.93429183959961 57.93220901489258 299.7760314941406
v 45.4162483215332 58.93737030029297 366.4863586425781
v 45.8360595703125 56.465667724609375 369.7510070800781
v 45.48765182495117 60.711875915527344 364.5096130371094
v 45.979827880859375 63.56272888183594 300.21783447265625
v 45.74802780151367 65.0762939453125 298.95404052734375
v 45.87797546386719 66.74417877197266 297.62078857421875
v 45.03036117553711 65.22329711914062 363.0796203613281
v 45.75015640258789 67.822509765625 291.6324768066406
v 45.322509765625 68.50469970703125 361.34600830078125
v 46.20347213745117 68.9275131225586 379.05096435546875
v 45.58626937866211 70.72469329833984 362.0574035644531
v 46.41377639770508 -22.35405158996582 50.929134368896484
v 46.37435531616211 -21.641136169433594 47.79534912109375
v 46.09840393066406 -19.543264389038086 58.13674545288086
v 46.49205017089844 -17.98200225830078 59.241188049316406
v 47.373512268066406 -7.4743146896362305 56.17498016357422
v 46.06088638305664 11.559410095214844 451.6536865234375
v 45.94235610961914 13.036293029785156 442.0101318359375
v 46.062374114990234 13.80374813079834 523.2310180664062
v 45.58512878417969 13.835494995117188 461.6728515625
v 45.50946807861328 12.74458122253418 510.07366943359375
v 45.66791915893555 13.465378761291504 504.0008544921875
v 45.592655181884766 15.06948184967041 480.7138671875
v 45.556922912597656 14.68255615234375 435.83929443359375
v 45.67637634277344 14.965129852294922 466.45751953125
v 45.57863235473633 14.984136581420898 511.16522216796875
v 45.5723991394043 15.116445541381836 512.38818359375
v 45.60023498535156 16.905838012695312 448.6307678222656
v 45.61552810668945 16.39247703552246 495.95111083984375
v 46.636085510253906 16.2369327545166 499.8403625488281
v 45.521942138671875 16.698251724243164 501.3162841796875
v 45.799713134765625 19.727373123168945 242.05313110351562
v 45.38245391845703 19.8279972076416 238.5194854736328
v 45.46586608886719 20.09905433654785 246.8026580810547
v 46.01884841918945 21.146127700805664 244.84271240234375
v 45.71131134033203 19.879383087158203 464.9052734375
v 46.147335052490234 19.799152374267578 398.79840087890625
v 47.28564453125 23.426742553710938 260.0257568359375
v 46.40179443359375 22.583932876586914 261.21368408203125
v 45.825382232666016 22.174762725830078 425.5328674316406
v 45.83490753173828 25.165517807006836 242.4382781982422
v 45.86405563354492 22.308881759643555 241.13011169433594
v 45.974300384521484 25.40529441833496 554.4752197265625
v 45.61940002441406 25.690826416015625 243.0995330810547
v 46.059749603271484 28.931543350219727 246.40658569335938
v 46.20387649536133 29.4702091217041 247.49765014648438
v 46.76866149902344 31.281999588012695 407.25970458984375
v 46.85791015625 31.410783767700195 378.9349060058594
v 46.33769989013672 31.58383560180664 549.3004760742188
v 46.682823181152344 31.528148651123047 427.0645751953125
v 46.729488372802734 33.30387878417969 408.9162902832031
v 45.30073547363281 34.33913040161133 436.07415771484375
v 47.019187927246094 34.46426773071289 442.67303466796875
v 46.62517166137695 37.484004974365234 420.3939514160156
v 45.75136947631836 35.858154296875 439.27972412109375
v 46.5062255859375 35.5958251953125 410.8406066894531
v 46.69496154785156 35.3977165222168 249.92367553710938
v 46.91178894042969 35.756736755371094 287.0647888183594
v 45.466529846191406 38.95393371582031 420.6531066894531
v 46.095951080322266 37.0927734375 438.8783874511719
v 46.236175537109375 41.546321868896484 427.62530517578125
v 46.01188278198242 42.58036422729492 403.683349609375
v 45.52385711669922 42.70510482788086 421.0422668457031
v 46.19955062866211 44.3843879699707 412.59063720703125
v 46.34394073486328 44.15454864501953 375.5943298339844
v 47.4333381652832 46.357330322265625 398.2938232421875
v 46.06598663330078 51.07291793823242 395.08642578125
v 47.37921142578125 53.48509216308594 259.53125
v 46.59575271606445 60.5720100402832 390.0604553222656
v 46.674800872802734 65.35401153564453 385.1204528808594
v 45.76852035522461 63.15337371826172 362.4994201660156
v 46.16969299316406 66.44715118408203 282.5396728515625
v 46.98527145385742 68.72522735595703 286.88189697265625
v 45.7800178527832 65.80859375 360.15509033203125
v 46.139713287353516 70.00188446044922 377.51971435546875
v 46.34904098510742 72.49201202392578 373.8851623535156
v 45.851165771484375 72.52737426757812 371.91253662109375
v 47.00669479370117 -19.68741798400879 57.3254508972168
v 47.865638732910156 -19.396724700927734 43.56291198730469
v 47.27378463745117 -17.577131271362305 41.65715026855469
v 47.30549240112305 -12.962860107421875 59.96942901611328
v 47.15119552612305 -12.909560203552246 39.25726318359375
v 46.69438552856445 -9.685897827148438 39.74098587036133
v 46.7002067565918 -7.067816734313965 41.38051986694336
v 46.31767272949219 11.86518383026123 497.67034912109375
v 46.42618179321289 11.7649564743042 447.6298522949219
v 45.99483108520508 12.719051361083984 492.6678771972656
v 45.958038330078125 12.429736137390137 520.417724609375
v 46.64102554321289 12.200060844421387 444.3312683105469
v 46.16080093383789 12.806650161743164 506.5921936035156
v 47.14441680908203 15.268180847167969 519.3569946289062
v 46.147499084472656 15.91335391998291 506.26300048828125
v 46.39653778076172 16.04593276977539 518.7551879882812
v 46.12509536743164 17.37725257873535 428.9961242675781
v 46.12791442871094 16.807987213134766 503.7574768066406
v 46.10881042480469 17.274208068847656 444.7171630859375
v 46.68632888793945 16.998844146728516 451.5729064941406
v 46.48464584350586 16.82771110534668 501.81475830078125
v 46.53227996826172 19.071430206298828 426.8976135253906
v 46.61677551269531 17.482019424438477 442.7666015625
v 46.685272216796875 17.707317352294922 491.9437561035156
v 46.41101837158203 18.779129028320312 461.64337158203125
v 46.055782318115234 20.000171661376953 435.3506164550781
v 46.57187271118164 18.37970542907715 488.39678955078125
v 46.3198127746582 20.48287582397461 475.44427490234375
v 46.58426284790039 20.491296768188477 434.0021057128906
v 46.27019119262695 22.26250457763672 250.671875
v 47.138668060302734 22.58234405517578 400.76043701171875
v 45.93267822265625 23.127952575683594 244.64158630371094
v 46.26862716674805 22.265182495117188 255.73056030273438
v 46.50114059448242 24.02792739868164 248.69444274902344
v 46.88275146484375 23.28777313232422 266.3736877441406
v 46.89799499511719 21.270780563354492 428.2801208496094
v 46.205875396728516 21.867507934570312 429.24591064453125
v 46.647132873535156 24.019718170166016 557.969482421875
v 47.667354583740234 25.62084197998047 379.526123046875
v 46.7912712097168 27.172752380371094 557.408935546875
v 46.07710647583008 26.4123477935791 245.52415466308594
v 45.86951446533203 27.746963500976562 553.458251953125
v 47.6629753112793 29.05440902709961 379.0695495605469
v 46.07205581665039 29.300891876220703 554.3486938476562
v 46.11383056640625 29.778905868530273 552.0115966796875
v 46.79008865356445 31.505958557128906 249.19967651367188
v 46.95427703857422 29.62822914123535 433.7685241699219
v 46.745574951171875 32.96134948730469 434.28173828125
v 46.95201873779297 33.42154312133789 549.3641357421875
v 46.51358413696289 32.96905517578125 443.6881103515625
v 46.25693130493164 34.37310791015625 439.0696716308594
v 47.40242004394531 35.21649932861328 448.5710754394531
v 47.087806701660156 35.733150482177734 442.9959716796875
v 47.796363830566406 37.08909225463867 444.5460510253906
v 47.589210510253906 37.19467544555664 446.6814880371094
v 46.06050491333008 39.827392578125 418.7136535644531
v 45.806732177734375 41.957881927490234 415.2569580078125
v 46.190711975097656 40.07646179199219 415.5267639160156
v 45.945640563964844 41.18862533569336 417.1147155761719
v 46.45664978027344 43.75217819213867 406.1916198730469
v 46.19843292236328 44.11004638671875 415.4721374511719
v 45.98021697998047 43.41866683959961 417.65087890625
v 46.2738151550293 43.886131286621094 421.87213134765625
v 46.75817108154297 45.24048614501953 294.0091552734375
v 47.16752624511719 47.529293060302734 295.8433532714844
v 47.294315338134766 49.27882385253906 396.75360107421875
v 47.049285888671875 50.67224884033203 373.3801574707031
v 47.809303283691406 55.39429473876953 300.8784484863281
v 46.73583221435547 57.564945220947266 392.40789794921875
v 46.79964065551758 60.842247009277344 301.7462463378906
v 47.13300323486328 60.25000762939453 267.77923583984375
v 47.383323669433594 60.25288772583008 268.32928466796875
v 47.321556091308594 61.121891021728516 270.2627868652344
v 46.84580612182617 61.28548812866211 362.090576171875
v 46.341487884521484 68.39532470703125 296.0504150390625
v 46.69358444213867 68.57807159423828 380.8271179199219
v 46.20716094970703 68.2166976928711 358.9159851074219
v 46.06575393676758 70.28516387939453 360.0534973144531
v 46.56342697143555 73.24954223632812 363.65814208984375
v 46.10188293457031 72.84691619873047 369.5098571777344
v 46.86054229736328 12.021281242370605 456.2510986328125
v 46.74428939819336 13.051026344299316 500.185791015625
v 46.48651885986328 12.602437019348145 516.8955078125
v 46.5306510925293 13.790098190307617 461.1110534667969
v 46.62285614013672 12.618885040283203 512.05419921875
v 46.72736358642578 13.128859519958496 520.37451171875
v 46.7763786315918 13.804817199707031 521.2215576171875
v 46.64301681518555 14.241307258605957 488.3674011230469
v 46.60515213012695 13.618847846984863 502.61224365234375
v 46.62031555175781 14.264474868774414 436.6054992675781
v 46.52446365356445 14.935349464416504 465.8594665527344
v 47.086483001708984 15.00682258605957 435.0120849609375
v 46.69508361816406 15.823628425598145 479.72833251953125
v 46.54170608520508 15.943807601928711 473.8855895996094
v 46.900596618652344 15.072806358337402 510.594970703125
v 46.59376907348633 16.1074275970459 515.15087890625
v 46.98257064819336 15.213190078735352 496.3151550292969
v 46.622215270996094 16.287071228027344 494.5332336425781
v 46.638912200927734 17.141599655151367 448.5364685058594
v 46.72957229614258 17.56006622314453 456.1298522949219
v 46.85821533203125 19.676599502563477 464.7355651855469
v 47.09562683105469 20.47756576538086 469.6813049316406
v 46.93083953857422 20.381113052368164 427.07415771484375
v 46.544715881347656 23.502281188964844 251.36703491210938
v 47.174110412597656 24.77418327331543 554.75634765625
v 47.73695755004883 26.936098098754883 557.3955078125
v 46.65415954589844 26.33196449279785 248.02212524414062
v 47.31955337524414 27.39669418334961 277.3912353515625
v 46.125606536865234 30.335710525512695 553.2368774414062
v 47.33087921142578 28.146005630493164 429.2132568359375
v 46.831687927246094 31.364797592163086 553.383544921875
v 46.90306091308594 32.205162048339844 445.6542053222656
v 47.116580963134766 32.48257827758789 552.5833740234375
v 47.284244537353516 33.56595993041992 435.5520935058594
v 46.57892990112305 33.7071647644043 437.24237060546875
v 47.02619934082031 33.91476821899414 551.5584716796875
v 47.45743179321289 36.46149444580078 443.4348449707031
v 46.49755859375 37.95360565185547 436.1995849609375
v 47.1034049987793 39.09960174560547 416.50860595703125
v 48.540836334228516 40.95878219604492 253.1860809326172
v 48.166725158691406 41.55104446411133 291.9612121582031
v 46.68379592895508 43.424522399902344 400.6381530761719
v 46.77023696899414 42.54560470581055 401.4869689941406
v 46.98808288574219 45.326778411865234 411.42730712890625
v 46.477806091308594 44.72718048095703 419.8180236816406
v 46.97901153564453 45.49913024902344 416.4160461425781
v 47.65296936035156 48.414390563964844 255.7772979736328
v 47.29905319213867 52.358665466308594 372.18035888671875
v 47.62845230102539 52.96148681640625 395.1405029296875
v 48.16211700439453 56.63108825683594 262.9890441894531
v 47.05986022949219 55.90381622314453 368.18975830078125
v 46.97368240356445 58.30466079711914 364.5435791015625
v 47.11863708496094 63.03227615356445 359.1976623535156
v 46.66997146606445 65.61659240722656 302.1495666503906
v 47.8760986328125 66.80775451660156 281.1437683105469
v 46.602535247802734 67.5025634765625 301.048583984375
v 46.708221435546875 66.2633056640625 358.1705627441406
v 47.43638610839844 70.171142578125 293.9828796386719
v 46.327816009521484 69.28865814208984 356.3659362792969
v 46.031131744384766 69.22522735595703 354.9910888671875
v 46.334285736083984 71.63838958740234 356.83758544921875
v 46.13003158569336 73.00685119628906 356.441162109375
v 46.26885986328125 70.57689666748047 352.5011901855469
v 46.21665954589844 73.05333709716797 353.6833190917969
v 46.50004196166992 72.53502655029297 361.2776794433594
v 46.78985595703125 75.53434753417969 354.70880126953125
v 48.06896209716797 -21.680219650268555 48.66526794433594
v 47.36140441894531 -20.985624313354492 55.90928649902344
v 49.29389572143555 -17.56351661682129 57.98374557495117
v 49.79447555541992 -15.341079711914062 58.468955993652344
v 48.612613677978516 -4.597898960113525 50.84514236450195
v 47.23395538330078 11.573845863342285 451.7275390625
v 46.829376220703125 13.237357139587402 493.7497253417969
v 47.126407623291016 12.906553268432617 497.6566162109375
v 47.090087890625 12.975335121154785 507.7745361328125
v 47.00819778442383 13.499835968017578 440.20208740234375
v 47.15627670288086 13.777963638305664 491.3501892089844
v 47.43527603149414 15.729460716247559 433.1659240722656
v 47.34408187866211 15.567672729492188 467.3982849121094
v 47.03063201904297 15.61117172241211 506.1396484375
v 47.19013595581055 17.238197326660156 430.1935729980469
v 47.05937576293945 16.529550552368164 475.9125671386719
v 47.08460998535156 16.46647071838379 504.1474304199219
v 47.170310974121094 18.37396240234375 439.9815673828125
v 48.21146011352539 18.999631881713867 396.3196716308594
v 46.956138610839844 19.045989990234375 481.26177978515625
v 47.09756088256836 20.04886245727539 474.7292175292969
v 47.4771728515625 20.386272430419922 432.9936218261719
v 47.116004943847656 24.041128158569336 254.18780517578125
v 48.32830810546875 23.55592155456543 380.6461181640625
v 48.09407424926758 24.803159713745117 555.5610961914062
v 49.40557098388672 28.35504913330078 403.0340270996094
v 46.80466079711914 25.973037719726562 249.63485717773438
v 48.336387634277344 26.278764724731445 273.9300537109375
v 47.06966781616211 27.076045989990234 552.636962890625
v 47.51418685913086 27.41887664794922 430.46881103515625
v 48.36372375488281 31.22197914123535 281.95654296875
v 47.19380569458008 30.118261337280273 550.6920776367188
v 48.106849670410156 30.1072998046875 434.38873291015625
v 47.32512664794922 32.19004440307617 444.4125061035156
v 47.160335540771484 33.37803649902344 447.778564453125
v 47.78573226928711 33.5118522644043 250.91397094726562
v 47.097373962402344 33.92538833618164 284.7364196777344
v 47.18266296386719 34.9241828918457 440.8197326660156
v 47.139923095703125 35.776397705078125 440.85107421875
v 48.69955062866211 35.48066329956055 376.7976379394531
v 47.7895622253418 37.008819580078125 440.70916748046875
v 47.15876007080078 36.60751724243164 412.5132141113281
v 48.386932373046875 36.23007583618164 447.3255920410156
v 47.24757385253906 38.36648178100586 432.13421630859375
v 46.97892379760742 38.58943557739258 418.5555114746094
v 48.003170013427734 43.172386169433594 403.052734375
v 47.858253479003906 44.47185134887695 406.0126037597656
v 47.26995086669922 43.94995880126953 424.1219482421875
v 47.81510543823242 47.553382873535156 373.9764709472656
v 48.30340576171875 50.01694107055664 298.1372375488281
v 48.845157623291016 50.31846618652344 257.7431640625
v 48.0775260925293 58.74051284790039 265.4158935546875
v 48.673038482666016 60.68113327026367 269.5249938964844
v 47.3897705078125 63.12470626831055 303.7567138671875
v 47.17526626586914 65.8803482055664 353.9937438964844
v 47.02570343017578 66.36019897460938 355.9057922363281
v 46.881065368652344 69.56237030029297 299.6217346191406
v 47.09469985961914 67.54654693603516 351.62481689453125
v 47.3851318359375 69.34033203125 289.4896545410156
v 46.99314498901367 74.37379455566406 357.5431823730469
v 46.798423767089844 71.798828125 350.6072082519531
v 46.86753845214844 74.25250244140625 351.6447448730469
v 47.71406173706055 74.83329772949219 362.7091369628906
v 47.471641540527344 74.21587371826172 370.32000732421875
v 47.48860168457031 76.25053405761719 357.9264831542969
v 48.12948226928711 -21.924837112426758 52.51787567138672
v 48.438968658447266 -15.559261322021484 39.56714630126953
v 49.57236099243164 -8.569689750671387 56.4106559753418
v 48.642967224121094 -4.949052810668945 42.465911865234375
v 47.99764633178711 -4.318967342376709 46.38653564453125
v 47.849212646484375 12.384879112243652 444.6424560546875
v 47.20173645019531 13.609542846679688 495.71630859375
v 47.268585205078125 12.980892181396484 510.1256103515625
v 47.378257751464844 12.936498641967773 515.4723510742188
v 47.82729721069336 12.595874786376953 456.76531982421875
v 47.300785064697266 14.060009956359863 501.6495666503906
v 47.30320739746094 13.793445587158203 505.0953063964844
v 47.809505462646484 14.393745422363281 437.391845703125
v 47.423282623291016 14.442781448364258 461.5318908691406
v 47.28714370727539 14.701155662536621 494.2623596191406
v 47.76948165893555 15.216432571411133 491.66973876953125
v 47.469661712646484 15.418012619018555 488.148193359375
v 47.56684112548828 16.749834060668945 491.5210876464844
v 47.436832427978516 16.16796112060547 502.3580627441406
v 47.381675720214844 15.09670639038086 508.0289001464844
v 47.49617004394531 15.69641399383545 515.3580322265625
v 47.41783905029297 16.90806007385254 479.7901306152344
v 47.82744598388672 17.04303741455078 447.838134765625
v 47.53691101074219 16.85017204284668 450.2121887207031
v 47.863277435302734 16.737573623657227 453.1233825683594
v 47.788822174072266 17.209854125976562 442.6538391113281
v 47.710697174072266 17.29288673400879 457.1602478027344
v 47.568084716796875 16.895071029663086 488.39862060546875
v 47.30473327636719 18.362842559814453 482.0267333984375
v 47.48747253417969 18.191261291503906 461.91241455078125
v 47.441497802734375 20.670635223388672 430.90386962890625
v 48.3828239440918 25.038639068603516 257.9957275390625
v 48.80418014526367 24.435882568359375 264.6917724609375
v 48.912471771240234 24.701656341552734 267.87750244140625
v 47.61992645263672 26.500022888183594 252.26190185546875
v 48.62812042236328 27.03456687927246 275.4239807128906
v 48.437686920166016 26.526626586914062 432.0099792480469
v 48.2339973449707 27.342262268066406 433.2626953125
v 47.45795822143555 28.86278533935547 250.6675262451172
v 48.22425842285156 30.088281631469727 405.97308349609375
v 47.44801712036133 31.21285629272461 549.8464965820312
v 48.48955154418945 32.03670120239258 282.491455078125
v 48.108036041259766 33.16103744506836 284.0724792480469
v 48.09529113769531 33.58465576171875 423.9944152832031
v 47.84368896484375 33.2358283996582 442.9203186035156
v 47.52059555053711 33.921302795410156 440.0772705078125
v 48.32625961303711 32.224124908447266 550.7764282226562
v 48.270870208740234 34.42612075805664 410.6566467285156
v 48.15540313720703 37.57255554199219 415.6697082519531
v 47.78790283203125 37.81474304199219 438.6794738769531
v 47.49247741699219 37.9120979309082 436.5032958984375
v 48.19855880737305 38.713497161865234 289.7117614746094
v 47.91135025024414 39.72404861450195 430.2719421386719
v 48.99026870727539 41.32371139526367 375.1001281738281
v 48.32468795776367 41.798301696777344 427.96331787109375
v 50.15665817260742 45.440250396728516 399.3736572265625
v 48.23809814453125 46.220088958740234 411.0593566894531
v 48.34583282470703 45.85764694213867 421.34222412109375
v 47.87609100341797 45.53401184082031 254.4091339111328
v 47.6917839050293 53.5730094909668 370.5644226074219
v 48.4680290222168 58.35233688354492 303.1542053222656
v 48.63242721557617 59.455108642578125 361.51580810546875
v 49.84292984008789 64.84614562988281 276.0243835449219
v 48.647579193115234 66.49635314941406 386.11944580078125
v 48.16828918457031 63.692535400390625 357.1225280761719
v 47.0368766784668 69.23760223388672 304.2119140625
v 47.32879638671875 67.33415985107422 305.7356872558594
v 47.38138198852539 69.1651382446289 349.70440673828125
v 47.729976654052734 71.56875610351562 297.97650146484375
v 47.19099426269531 71.4291000366211 303.0120849609375
v 47.15593719482422 73.31407928466797 348.82275390625
v 48.45673370361328 74.74857330322266 372.2931823730469
v 47.511085510253906 76.25059509277344 350.10406494140625
v 47.094661712646484 73.48715209960938 347.1137390136719
v 47.364959716796875 76.46379852294922 348.3315124511719
v 47.46636199951172 76.56575775146484 352.73284912109375
v 49.51052474975586 -20.17173957824707 45.013587951660156
v 49.0393180847168 -11.176222801208496 38.16566467285156
v 48.72953796386719 -8.687911987304688 38.89322280883789
v 48.750831604003906 -6.533581256866455 40.256465911865234
v 48.708900451660156 -6.882328510284424 55.08046340942383
v 48.181297302246094 11.969660758972168 451.906982421875
v 48.05631637573242 13.743355751037598 441.04486083984375
v 47.77069091796875 13.98965835571289 508.0085754394531
v 47.92469024658203 13.871658325195312 512.32080078125
v 47.91852569580078 13.668959617614746 516.1264038085938
v 47.641807556152344 14.896385192871094 501.4669494628906
v 47.551631927490234 14.08629035949707 510.0691833496094
v 47.86081314086914 14.73788833618164 503.8341064453125
v 47.55507278442383 14.640731811523438 506.0795593261719
v 47.98590087890625 14.62409782409668 516.6173095703125
v 47.80595016479492 14.845481872558594 513.2738647460938
v 48.02792739868164 15.725420951843262 463.63067626953125
v 47.821266174316406 15.605018615722656 503.8113708496094
v 48.150970458984375 16.61079978942871 469.51983642578125
v 47.605674743652344 17.646991729736328 476.79779052734375
v 49.24305725097656 18.363609313964844 393.35040283203125
v 48.1513557434082 18.4049129486084 438.3110656738281
v 48.1924934387207 16.888072967529297 458.1512145996094
v 47.6806640625 18.483610153198242 476.4729309082031
v 47.976165771484375 18.79378318786621 464.91009521484375
v 48.02587127685547 18.84397315979004 436.453369140625
v 48.08700942993164 19.63690948486328 469.4306335449219
v 47.89089584350586 19.738773345947266 430.21453857421875
v 48.1917839050293 18.614097595214844 430.9130859375
v 48.84407424926758 21.71464729309082 399.0793151855469
v 49.69253158569336 22.995820999145508 381.987060546875
v 48.49481964111328 25.445642471313477 556.4171142578125
v 51.32342529296875 28.830856323242188 402.5902404785156
v 48.18577575683594 26.587886810302734 557.119873046875
v 47.98360824584961 27.291072845458984 552.3367919921875
v 49.42626953125 28.675458908081055 278.2027587890625
v 48.920684814453125 27.965423583984375 428.64483642578125
v 48.49411392211914 31.794376373291016 251.97183227539062
v 48.742340087890625 30.03268814086914 379.53082275390625
v 48.11033630371094 30.71328353881836 550.7721557617188
v 48.335689544677734 31.04400634765625 553.9332885742188
v 48.02988052368164 33.087284088134766 434.31292724609375
v 48.40334701538086 32.11723327636719 445.0630187988281
v 48.782955169677734 32.400753021240234 446.17950439453125
v 48.33253860473633 33.86863327026367 437.2247009277344
v 48.64500045776367 33.42624282836914 439.92425537109375
v 48.057777404785156 33.59307098388672 441.7257995605469
v 48.517822265625 35.94487762451172 412.80401611328125
v 48.81792449951172 36.594154357910156 420.2535400390625
v 48.48517608642578 37.162925720214844 442.9219970703125
v 48.810821533203125 37.46174240112305 418.455810546875
v 47.95109939575195 37.998714447021484 434.0227355957031
v 48.316444396972656 37.94207763671875 417.08599853515625
v 48.483856201171875 44.072940826416016 424.68609619140625
v 48.49187088012695 42.683101654052734 401.2813720703125
v 48.25426483154297 46.7083854675293 416.8984069824219
v 48.6442985534668 57.72758483886719 393.6234130859375
v 48.54325485229492 61.56514358520508 390.9257507324219
v 47.96053695678711 65.5744857788086 307.03106689453125
v 48.365203857421875 69.34236145019531 381.99267578125
v 47.71137237548828 69.06857299804688 308.4525146484375
v 47.434932708740234 72.2735366821289 306.2765808105469
v 48.546531677246094 71.63107299804688 378.7337341308594
v 47.57573699951172 70.58676147460938 347.89453125
v 47.8603630065918 73.19715118408203 300.9903869628906
v 47.49327850341797 72.02922058105469 309.6133117675781
v 48.14698028564453 72.99920654296875 343.2769775390625
v 47.58698272705078 70.32137298583984 346.6444396972656
v 47.53391647338867 74.3532943725586 308.03314208984375
v 48.60015869140625 74.21733093261719 374.4512939453125
v 48.16437530517578 75.39994812011719 304.16558837890625
v 47.68045425415039 75.26848602294922 310.39984130859375
v 47.814945220947266 71.77487182617188 312.1947326660156
v 47.554481506347656 72.8576431274414 312.51934814453125
v 47.54682540893555 76.70809173583984 313.015869140625
v 47.577327728271484 73.900390625 314.35260009765625
v 49.49302291870117 76.54122161865234 363.9744567871094
v 47.52630615234375 73.45780944824219 315.5616455078125
v 47.51091766357422 76.7433090209961 317.4975891113281
v 47.825767517089844 74.05125427246094 318.8213806152344
v 47.44679641723633 77.24581146240234 313.5402526855469
v 47.49961853027344 76.33434295654297 319.4766845703125
v 48.57991027832031 76.99402618408203 358.7337951660156
v 48.29897689819336 76.43343353271484 343.0491027832031
v 48.17108154296875 78.93216705322266 349.7607421875
v 47.88340759277344 77.5767822265625 355.9339294433594
v 47.734771728515625 79.26473999023438 316.6923828125
v 47.48435592651367 78.51876068115234 318.83807373046875
v 47.65837860107422 78.39886474609375 326.0903015136719
v 47.7425537109375 80.32823944091797 328.87481689453125
v 47.76044845581055 76.82543182373047 328.9269104003906
v 47.70420837402344 80.66729736328125 323.734619140625
v 47.81270980834961 80.75601959228516 318.32275390625
v 48.7246208190918 -19.141042709350586 57.26637649536133
v 49.398460388183594 -17.729656219482422 41.03720474243164
v 49.74148178100586 -10.24643325805664 57.545528411865234
v 50.50995635986328 -5.4871110916137695 52.26451873779297
v 48.61528015136719 12.550277709960938 447.6466064453125
v 48.49995422363281 12.795374870300293 454.1105041503906
v 48.55181884765625 13.324984550476074 456.7771911621094
v 48.23656463623047 15.141234397888184 460.25299072265625
v 48.22023391723633 15.882612228393555 435.21038818359375
v 48.545562744140625 17.206119537353516 433.1650085449219
v 48.55910873413086 16.64040184020996 442.29339599609375
v 48.38084030151367 16.398380279541016 450.8470153808594
v 48.191261291503906 16.686084747314453 461.51922607421875
v 48.54107666015625 17.79200553894043 469.3525390625
v 48.48591232299805 18.682098388671875 469.5575256347656
v 48.45735549926758 19.03788185119629 433.2911376953125
v 49.740169525146484 20.746604919433594 383.93719482421875
v 48.83324432373047 26.570205688476562 256.1824035644531
v 48.83931350708008 27.36172103881836 552.7254638671875
v 49.037872314453125 28.365615844726562 254.4921875
v 49.65519714355469 27.25776481628418 434.4090270996094
v 48.512840270996094 29.012510299682617 551.3984985351562
v 48.963748931884766 29.887840270996094 253.3633270263672
v 51.13178634643555 34.139915466308594 377.1506042480469
v 48.685794830322266 31.976062774658203 426.7256164550781
v 48.4964714050293 31.702932357788086 552.0542602539062
v 49.026981353759766 32.799869537353516 443.36529541015625
v 49.04880905151367 32.956382751464844 446.75787353515625
v 49.17565155029297 32.12608337402344 408.2054138183594
v 49.53936004638672 34.24849319458008 447.05609130859375
v 49.837738037109375 37.133766174316406 376.1807556152344
v 48.73704528808594 36.996517181396484 445.1853942871094
v 48.85203552246094 37.51332473754883 438.2366638183594
v 48.651771545410156 37.333534240722656 436.4521789550781
v 48.680152893066406 38.70886993408203 252.5651397705078
v 48.877685546875 38.07415008544922 431.96356201171875
v 49.11420440673828 44.34004211425781 374.0801696777344
v 49.39665222167969 43.59833908081055 293.5146789550781
v 49.11476135253906 49.653968811035156 372.4924621582031
v 49.68227005004883 51.87919998168945 259.1527404785156
v 49.42897033691406 53.87455749511719 301.3091735839844
v 49.94696807861328 51.03968048095703 371.10382080078125
v 50.05014419555664 52.76128005981445 396.3795471191406
v 49.17996597290039 55.49692153930664 365.8744812011719
v 49.93196487426758 57.29880905151367 264.2669677734375
v 48.74819564819336 60.66891098022461 304.99249267578125
v 49.063236236572266 60.59123229980469 358.9638671875
v 49.09874725341797 65.74701690673828 310.1866455078125
v 48.685272216796875 63.63992691040039 353.601318359375
v 48.62288284301758 63.5338020324707 355.7455139160156
v 48.22773742675781 65.94788360595703 350.6651306152344
v 49.3657341003418 68.98533630371094 283.8054504394531
v 48.73371124267578 67.57893371582031 347.31103515625
v 49.65965270996094 70.0169677734375 285.8950500488281
v 48.789833068847656 67.71583557128906 345.83673095703125
v 48.911041259765625 70.7547836303711 380.1859436035156
v 49.12073516845703 71.50751495361328 291.77471923828125
v 48.40919876098633 69.69193267822266 313.95477294921875
v 48.183753967285156 71.28001403808594 315.6152038574219
v 48.52640914916992 72.71980285644531 296.9190368652344
v 48.57197952270508 70.23487091064453 316.5132751464844
v 48.59505081176758 71.39466857910156 319.0693664550781
v 48.34404373168945 73.09284210205078 321.8487548828125
v 48.41554260253906 77.22746276855469 306.04095458984375
v 48.266761779785156 74.23712921142578 328.3624572753906
v 48.080631256103516 75.15081787109375 325.65948486328125
v 48.2359504699707 77.69774627685547 308.93841552734375
v 48.069847106933594 74.84112548828125 341.7506408691406
v 48.17472457885742 76.61637878417969 338.99432373046875
v 48.11149597167969 77.29181671142578 342.5650329589844
v 48.86781311035156 76.6926040649414 361.68450927734375
v 48.59745788574219 78.50196838378906 343.8849792480469
v 48.71635818481445 77.89970397949219 358.51495361328125
v 48.51279830932617 79.51367950439453 348.0933837890625
v 48.63031005859375 78.79966735839844 352.0001525878906
v 48.519134521484375 80.68461608886719 311.76995849609375
v 48.10600280761719 79.30440521240234 332.0191955566406
v 48.169734954833984 77.13953399658203 332.2452697753906
v 48.23650360107422 81.10359191894531 315.779052734375
v 48.61344909667969 83.08609771728516 317.1629333496094
v 48.64472198486328 82.29023742675781 332.5214538574219
v 48.210166931152344 82.99088287353516 322.7848205566406
v 48.43619918823242 83.42284393310547 329.12554931640625
v 49.284706115722656 -20.4816837310791 55.08021545410156
v 49.86476135253906 -13.811141967773438 38.27602767944336
v 49.99466323852539 -4.101004600524902 48.4620361328125
v 49.11094284057617 12.910449028015137 451.7652282714844
v 48.92577362060547 13.409509658813477 444.40966796875
v 48.74300765991211 14.136735916137695 442.4278564453125
v 48.69358444213867 15.194684982299805 437.7950744628906
v 48.79991149902344 15.89700698852539 457.247802734375
v 48.74753189086914 17.14542579650879 435.76788330078125
v 49.168212890625 15.872241020202637 447.3899230957031
v 48.84141159057617 15.71166706085205 453.4532165527344
v 48.44215774536133 17.44246482849121 465.24749755859375
v 50.34960174560547 18.81522560119629 390.2349548339844
v 48.856605529785156 17.51116180419922 437.6739807128906
v 50.16657257080078 21.283702850341797 397.45635986328125
v 50.846275329589844 31.229774475097656 280.53204345703125
v 49.27341842651367 29.010377883911133 428.0785827636719
v 50.346439361572266 30.060678482055664 434.73553466796875
v 50.26773452758789 33.57337951660156 440.24993896484375
v 49.055152893066406 34.93101501464844 435.0553894042969
v 49.86196517944336 35.05255889892578 285.7311096191406
v 50.40050506591797 38.216819763183594 254.12710571289062
v 49.126651763916016 36.89096450805664 434.29443359375
v 49.81962966918945 44.188758850097656 424.55810546875
v 49.493282318115234 43.994319915771484 254.6717529296875
v 50.2608757019043 47.36687469482422 372.8566589355469
v 49.41065979003906 45.48972702026367 407.3334045410156
v 49.68101119995117 47.00721740722656 256.0316162109375
v 49.37901306152344 46.749900817871094 419.5498962402344
v 49.92156219482422 54.3346061706543 367.2291259765625
v 49.76713562011719 56.59636306762695 363.7073974609375
v 49.3519172668457 59.492271423339844 267.0765380859375
v 49.69194030761719 66.79766845703125 279.8298645019531
v 48.71246337890625 68.99987030029297 313.4599609375
v 49.68704605102539 70.28291320800781 287.04669189453125
v 49.0880126953125 70.08032989501953 342.4783935546875
v 48.82672119140625 74.92660522460938 299.6976623535156
v 48.941429138183594 71.0595474243164 340.4976501464844
v 48.4315299987793 73.98760986328125 338.674072265625
v 48.46177673339844 73.36002349853516 341.974365234375
v 49.366920471191406 71.6893310546875 325.6292724609375
v 48.36061096191406 74.74510192871094 336.6589660644531
v 49.013126373291016 71.82508850097656 336.8268737792969
v 48.70919418334961 74.0079345703125 331.7698974609375
v 48.50545883178711 76.05902862548828 332.4268493652344
v 49.03513717651367 75.47348022460938 332.65655517578125
v 48.38313293457031 77.68873596191406 335.67926025390625
v 48.82159423828125 77.55565643310547 333.2513732910156
v 48.546199798583984 79.5713882446289 340.0965881347656
v 48.30509567260742 79.23471069335938 338.78741455078125
v 49.76043701171875 79.63339233398438 357.234130859375
v 48.40842819213867 79.63340759277344 333.2348327636719
v 49.13571548461914 80.94750213623047 344.1316223144531
v 49.130859375 80.91987609863281 333.8710021972656
v 48.693355560302734 81.21179962158203 333.6172180175781
v 49.33929443359375 83.56312561035156 314.8350830078125
v 48.959800720214844 85.0612564086914 323.414794921875
v 49.89414596557617 -21.2594051361084 50.752567291259766
v 50.859249114990234 -20.39760971069336 46.773433685302734
v 50.90668487548828 -18.389095306396484 41.5361328125
v 50.797061920166016 -13.958788871765137 57.887020111083984
v 51.223426818847656 -3.707963705062866 43.841148376464844
v 49.158042907714844 13.40421199798584 449.7041320800781
v 49.10628890991211 14.234149932861328 453.9607238769531
v 49.0263671875 14.392072677612305 456.3744812011719
v 49.026302337646484 15.144776344299316 442.4498291015625
v 49.06752395629883 16.19521141052246 437.81182861328125
v 48.857749938964844 16.04264259338379 442.0544738769531
v 49.24237823486328 15.091225624084473 450.26055908203125
v 49.48480224609375 14.947733879089355 451.63800048828125
v 51.333587646484375 26.702659606933594 264.4563293457031
v 49.591182708740234 25.89918327331543 430.7445373535156
v 49.36209487915039 27.249755859375 554.0322875976562
v 49.531951904296875 28.437252044677734 554.3734130859375
v 49.39675521850586 30.143054962158203 553.8025512695312
v 49.539676666259766 29.549697875976562 552.2564697265625
v 50.34619903564453 33.473445892333984 283.18536376953125
v 49.736942291259766 34.25505065917969 433.8592834472656
v 49.2862434387207 34.88020324707031 437.0909423828125
v 49.807064056396484 34.04310607910156 410.44854736328125
v 49.9427375793457 35.440696716308594 412.5816650390625
v 50.45832443237305 38.23811340332031 289.02960205078125
v 49.53209686279297 36.753578186035156 437.8447570800781
v 49.422325134277344 37.39943313598633 441.48858642578125
v 50.103023529052734 42.972904205322266 402.6949157714844
v 50.64773941040039 48.689422607421875 298.2271728515625
v 50.374656677246094 46.974342346191406 411.3034973144531
v 49.93242645263672 48.7003173828125 397.9753723144531
v 49.92816162109375 47.424476623535156 416.566162109375
v 50.24222946166992 50.5067138671875 397.44927978515625
v 50.052207946777344 52.63268280029297 369.49554443359375
v 50.80913162231445 55.78584671020508 303.8407287597656
v 50.80458068847656 58.94417953491211 267.2922668457031
v 49.898860931396484 61.85417556762695 356.7223205566406
v 50.00999450683594 64.63157653808594 311.0437927246094
v 49.6858024597168 64.04840087890625 350.358154296875
v 50.212059020996094 65.94943237304688 387.8721008300781
v 49.88021469116211 66.9796142578125 315.1586608886719
v 50.00471115112305 67.95883178710938 317.9989318847656
v 49.4526252746582 70.88197326660156 322.8951721191406
v 49.70423126220703 69.72752380371094 340.938720703125
v 49.24568176269531 71.74425506591797 328.5085754394531
v 49.02389144897461 71.76498413085938 338.4533386230469
v 49.61697769165039 78.53296661376953 303.7504577636719
v 48.90412139892578 79.38426208496094 333.6641540527344
v 49.57096481323242 80.23394775390625 307.4027404785156
v 49.897281646728516 80.15576171875 354.559814453125
v 49.33909606933594 80.65176391601562 344.96246337890625
v 49.986080169677734 80.85509490966797 352.5121765136719
v 49.62934494018555 82.55284881591797 340.6560974121094
v 49.17945098876953 82.10901641845703 337.3836364746094
v 49.50407028198242 82.24885559082031 334.50933837890625
v 49.51752853393555 82.71511840820312 339.9353942871094
v 49.306358337402344 83.34151458740234 334.148681640625
v 49.39622116088867 85.28337097167969 330.74066162109375
v 50.48808670043945 -20.409866333007812 53.52718734741211
v 50.510406494140625 -12.008715629577637 57.79100799560547
v 49.67692947387695 -8.4358549118042 38.66940689086914
v 50.05912780761719 -11.523619651794434 37.90507888793945
v 49.769229888916016 -6.759638786315918 39.6237907409668
v 50.972835540771484 -3.591564178466797 45.84322738647461
v 49.45428466796875 14.168872833251953 447.1701965332031
v 50.449363708496094 19.635969161987305 386.8592224121094
v 52.555946350097656 27.9457950592041 401.4374084472656
v 50.769840240478516 26.064512252807617 266.40625
v 51.644126892089844 28.055368423461914 261.06292724609375
v 51.77132797241211 28.059249877929688 381.5126037597656
v 51.34047317504883 27.250205993652344 271.5292663574219
v 51.13178634643555 27.655635833740234 273.5921630859375
v 50.27259826660156 26.60112190246582 429.34771728515625
v 50.00410461425781 30.74017333984375 406.5378723144531
v 50.01760482788086 30.455089569091797 427.8184814453125
v 50.153751373291016 32.72784423828125 427.1846008300781
v 51.023746490478516 31.93723487854004 280.89117431640625
v 51.49198532104492 32.92060852050781 282.1230163574219
v 50.30647659301758 32.000640869140625 433.9073181152344
v 50.31529235839844 33.25708770751953 444.68475341796875
v 49.8099250793457 33.397579193115234 441.68792724609375
v 51.6336555480957 34.76679992675781 255.654296875
v 49.24085235595703 35.93012619018555 436.18438720703125
v 49.90629196166992 35.97746658325195 437.791748046875
v 51.29976272583008 36.455570220947266 255.0545196533203
v 50.41171646118164 37.1877326965332 417.0100402832031
v 49.710838317871094 36.68452453613281 445.2169189453125
v 49.90293884277344 38.0232048034668 431.004638671875
v 50.309513092041016 37.15848159790039 441.1402587890625
v 49.75912857055664 39.46209716796875 429.65142822265625
v 50.127655029296875 42.439083099365234 426.7632751464844
v 50.540096282958984 41.30658721923828 291.7352294921875
v 50.42721939086914 42.37771224975586 401.25836181640625
v 51.122379302978516 45.012813568115234 406.1964111328125
v 50.2254638671875 45.74464416503906 422.38641357421875
v 51.036075592041016 52.7357177734375 301.53533935546875
v 50.63200759887695 56.656227111816406 395.0119323730469
v 50.53799819946289 55.557281494140625 262.83392333984375
v 50.519222259521484 61.663612365722656 354.8930969238281
v 50.62668991088867 65.0380859375 346.7205810546875
v 50.17790985107422 65.74991607666016 345.53192138671875
v 50.348793029785156 66.32587432861328 314.6158447265625
v 50.00990295410156 68.18941497802734 342.34698486328125
v 50.6920280456543 70.66429901123047 382.2013244628906
v 50.507720947265625 68.7442398071289 337.89361572265625
v 49.867313385009766 71.1885757446289 331.48394775390625
v 50.08462905883789 70.16886138916016 335.0910949707031
v 49.7623176574707 72.8675765991211 332.2171325683594
v 49.928531646728516 74.83245849609375 296.78759765625
v 50.507774353027344 74.84033966064453 375.29974365234375
v 49.914276123046875 78.30711364746094 359.2689208984375
v 50.099857330322266 79.11305236816406 359.22796630859375
v 49.96108627319336 82.9276351928711 310.4127197265625
v 50.53334426879883 82.61221313476562 346.22430419921875
v 49.88496780395508 81.52348327636719 350.2859191894531
v 50.26362991333008 82.90130615234375 345.0012512207031
v 50.10745620727539 86.17086029052734 317.7898254394531
v 50.41441345214844 87.466552734375 329.0157775878906
v 50.8719367980957 -18.988656997680664 55.45228576660156
v 51.198429107666016 -17.64383888244629 56.31614685058594
v 50.88212585449219 -16.16529655456543 39.210289001464844
v 50.24129867553711 -5.4619340896606445 40.68714904785156
v 53.86049270629883 27.791471481323242 400.44122314453125
v 51.34971618652344 25.005718231201172 433.6931457519531
v 51.08055114746094 27.568382263183594 435.3786926269531
v 50.71541213989258 28.792173385620117 380.6083068847656
v 52.32663345336914 27.63463020324707 428.8399658203125
v 52.10042190551758 32.919395446777344 256.96356201171875
v 51.61360549926758 32.57817840576172 407.6850891113281
v 50.73172378540039 34.981082916259766 423.7830505371094
v 51.143062591552734 34.57033157348633 440.208740234375
v 50.739444732666016 36.64198684692383 420.8249206542969
v 50.61396408081055 35.110225677490234 445.6459655761719
v 50.43901443481445 35.828556060791016 432.86639404296875
v 50.93783950805664 37.15546417236328 419.1151428222656
v 50.92637252807617 36.582035064697266 440.46160888671875
v 50.85092544555664 42.05031204223633 255.07728576660156
v 51.13492202758789 48.91643142700195 372.0040283203125
v 50.73554992675781 58.353763580322266 305.8781433105469
v 50.498207092285156 57.99146270751953 361.60504150390625
v 50.31559371948242 59.86598205566406 393.1116638183594
v 51.33213424682617 58.555641174316406 266.6054992675781
v 52.22865295410156 59.14790344238281 268.5664978027344
v 50.994041442871094 62.78831100463867 391.258056640625
v 51.776912689208984 61.215980529785156 271.0423278808594
v 51.13808822631836 63.42564392089844 311.79144287109375
v 50.81364440917969 61.98848342895508 352.3540954589844
v 52.54129409790039 64.1317138671875 274.9391784667969
v 51.61195373535156 66.4625015258789 278.59027099609375
v 51.38701248168945 66.2742691040039 342.1187744140625
v 50.6369743347168 66.99895477294922 317.4396667480469
v 50.8221549987793 67.68466186523438 339.9303283691406
v 50.99248504638672 68.76546478271484 323.58984375
v 50.74329376220703 72.08136749267578 289.9587707519531
v 51.26960754394531 71.65510559082031 380.7957458496094
v 50.77427291870117 72.57227325439453 379.2847595214844
v 50.80013656616211 74.78184509277344 294.8582458496094
v 49.911720275878906 76.42739868164062 298.9476318359375
v 51.18891143798828 76.95771789550781 368.0979309082031
v 51.27166748046875 78.51717376708984 362.5929260253906
v 50.98460388183594 82.14751434326172 306.70318603515625
v 50.55515670776367 84.70720672607422 335.2998046875
v 50.464019775390625 84.68924713134766 337.6276550292969
v 50.6530876159668 85.61436462402344 314.6172180175781
v 50.605342864990234 85.74735260009766 335.0226135253906
v 50.20363235473633 87.27410888671875 323.9895935058594
v 51.41796875 -19.123533248901367 42.82772445678711
v 51.291202545166016 -16.081220626831055 57.073001861572266
v 51.64122772216797 -14.957771301269531 38.3687744140625
v 51.43133544921875 -3.9752819538116455 42.3969841003418
v 51.26362228393555 21.057056427001953 395.5924987792969
v 51.594764709472656 24.731855392456055 431.921142578125
v 51.52085494995117 25.76841926574707 434.882568359375
v 51.89530944824219 26.55853843688965 429.1759033203125
v 51.95408248901367 29.331579208374023 276.665771484375
v 51.994380950927734 30.729995727539062 258.208251953125
v 50.86123275756836 34.11796569824219 441.9698486328125
v 50.87081527709961 35.99742126464844 444.02105712890625
v 51.8607292175293 37.39459228515625 287.6630554199219
v 51.34773254394531 35.91181564331055 431.37109375
v 51.40990447998047 43.24501419067383 373.7510986328125
v 51.348243713378906 44.67119216918945 256.1644287109375
v 51.37582778930664 46.54901123046875 409.8403015136719
v 52.27052307128906 48.11907196044922 398.555419921875
v 51.09726333618164 46.95354080200195 419.4457702636719
v 51.90650177001953 53.89821243286133 366.5225830078125
v 51.71432113647461 59.2522087097168 358.08050537109375
v 51.852386474609375 63.18156814575195 348.2414245605469
v 51.81008529663086 64.04035949707031 345.5158386230469
v 51.26510238647461 67.90444946289062 386.2572326660156
v 51.23353958129883 67.19495391845703 320.01654052734375
v 51.03683090209961 68.93924713134766 327.8846435546875
v 50.90474319458008 69.43633270263672 331.01324462890625
v 51.05937576293945 69.16943359375 325.7957458496094
v 50.931365966796875 75.80230712890625 372.9928283691406
v 51.34270477294922 77.49345397949219 365.18927001953125
v 51.217498779296875 80.5943374633789 303.0971984863281
v 51.189422607421875 79.25411224365234 359.7084655761719
v 51.17469024658203 82.73217010498047 351.3661804199219
v 50.958229064941406 84.58502960205078 310.6131591796875
v 50.89413833618164 84.97252655029297 340.397705078125
v 51.33256912231445 88.00444793701172 331.9664001464844
v 51.42173385620117 88.46244812011719 320.38946533203125
v 52.09400939941406 -19.83441925048828 45.009765625
v 52.17430877685547 -10.065266609191895 36.47271728515625
v 52.33235549926758 -9.595368385314941 55.18560028076172
v 52.29587173461914 -7.473585605621338 53.72142028808594
v 51.24713897705078 -4.574896812438965 49.778404235839844
v 52.150901794433594 21.097326278686523 393.5432434082031
v 51.68614959716797 21.96258544921875 385.4631652832031
v 51.784358978271484 23.49022102355957 384.03118896484375
v 51.0112419128418 30.97397232055664 428.3946228027344
v 53.399539947509766 32.211822509765625 378.5908508300781
v 51.808006286621094 30.8425235748291 434.320556640625
v 51.5352783203125 31.13793182373047 406.0669250488281
v 51.14768981933594 33.9035530090332 428.0066833496094
v 51.45689392089844 33.953407287597656 409.6951904296875
v 51.18129348754883 32.407859802246094 432.9284362792969
v 51.099327087402344 34.686885833740234 443.6474914550781
v 52.39923095703125 35.10096740722656 284.5392150878906
v 51.959564208984375 35.39630889892578 412.11865234375
v 51.897193908691406 37.192020416259766 417.11566162109375
v 51.198814392089844 37.10651397705078 429.5531311035156
v 51.21159362792969 38.47019577026367 428.77069091796875
v 51.67118453979492 41.25917053222656 426.6819763183594
v 51.79187774658203 42.42732620239258 402.8793640136719
v 52.014217376708984 41.63016891479492 401.2755432128906
v 51.815303802490234 44.94549560546875 422.9512634277344
v 51.68534851074219 45.22276306152344 295.34844970703125
v 51.51890182495117 47.43825149536133 257.5735168457031
v 52.72404098510742 48.311161041259766 298.41668701171875
v 52.21425247192383 46.286895751953125 420.7023620605469
v 51.316871643066406 47.49456024169922 416.6904602050781
v 52.00691604614258 50.015872955322266 259.2337341308594
v 53.08715057373047 51.441741943359375 301.3851013183594
v 52.61520004272461 57.07907485961914 361.4696350097656
v 51.720462799072266 60.73154067993164 356.2884826660156
v 52.486690521240234 68.83407592773438 281.74554443359375
v 51.75593948364258 67.66575622558594 335.1647644042969
v 53.044071197509766 70.66424560546875 284.921630859375
v 51.13505172729492 70.00846862792969 332.10302734375
v 51.33407974243164 77.65946960449219 297.927001953125
v 51.998313903808594 84.13079833984375 347.56878662109375
v 51.81049728393555 85.5813980102539 341.9958190917969
v 51.90069580078125 -20.137195587158203 48.32453536987305
v 52.8739128112793 -19.431838989257812 50.03428649902344
v 52.212093353271484 -4.54310417175293 39.98123550415039
v 53.06708908081055 27.27080535888672 382.961181640625
v 52.747657775878906 24.943363189697266 430.67138671875
v 52.3486328125 28.66990089416504 435.79180908203125
v 52.11604690551758 36.3011589050293 424.2055969238281
v 51.839752197265625 35.75947189331055 426.3110656738281
v 51.251548767089844 35.5869140625 440.4254455566406
v 52.618865966796875 36.25603485107422 376.4425354003906
v 52.35123825073242 37.440670013427734 421.8106994628906
v 52.307861328125 39.9377555847168 255.98226928710938
v 52.34537887573242 40.88309860229492 374.5899658203125
v 52.34083938598633 42.54071807861328 292.5367736816406
v 52.31153869628906 42.84716033935547 424.4385986328125
v 52.11191940307617 52.03200149536133 369.11712646484375
v 53.157344818115234 53.580047607421875 262.6857604980469
v 52.00070571899414 56.4000244140625 264.3694152832031
v 53.017356872558594 56.46448516845703 306.2730407714844
v 52.51460647583008 60.235633850097656 393.5244445800781
v 53.004486083984375 57.258575439453125 395.2627868652344
v 52.42118835449219 62.368900299072266 312.4046630859375
v 52.63701629638672 63.94581985473633 315.4643859863281
v 53.222896575927734 67.76966857910156 387.2158203125
v 52.061737060546875 64.59015655517578 316.1460266113281
v 51.860774993896484 65.80987548828125 318.373779296875
v 52.694339752197266 66.07148742675781 338.2159729003906
v 52.23429870605469 66.23114013671875 340.5292663574219
v 52.3828125 67.50480651855469 329.8528747558594
v 52.618621826171875 70.21134948730469 284.00958251953125
v 52.483253479003906 75.58673095703125 293.5608825683594
v 52.25212478637695 76.97099304199219 295.8160705566406
v 52.63435363769531 80.78024291992188 359.7298889160156
v 51.95051574707031 81.88589477539062 354.8481750488281
v 51.695674896240234 86.42120361328125 335.85516357421875
v 51.910457611083984 87.43800354003906 335.5749816894531
v 52.62151336669922 90.11759948730469 324.2039489746094
v 51.77503204345703 89.15645599365234 329.0121154785156
v 53.21004104614258 -19.746780395507812 47.22511291503906
v 56.188087463378906 -17.873729705810547 41.833526611328125
v 52.78020095825195 -12.766684532165527 36.60069274902344
v 53.469966888427734 -11.721504211425781 54.94697952270508
v 52.60095977783203 -8.118631362915039 36.55086898803711
v 52.47101593017578 21.446971893310547 388.32623291015625
v 52.44175720214844 28.37108039855957 262.54949951171875
v 53.38761901855469 28.548301696777344 268.00811767578125
v 52.84297561645508 28.484302520751953 271.5199279785156
v 54.14024353027344 27.548213958740234 429.2872009277344
v 51.797645568847656 31.948637008666992 429.7151184082031
v 52.45640563964844 33.58311080932617 281.86102294921875
v 51.53709030151367 35.83145523071289 428.9083557128906
v 51.83600616455078 32.478641510009766 431.50201416015625
v 52.9641227722168 36.4251708984375 414.48468017578125
v 52.77251434326172 37.796478271484375 420.1567687988281
v 53.048118591308594 43.15282440185547 257.1167297363281
v 53.13459014892578 43.83944320678711 405.6492004394531
v 52.65190887451172 44.27469253540039 399.7405700683594
v 52.95234298706055 48.16651153564453 372.0063781738281
v 52.67256164550781 46.875091552734375 411.8978576660156
v 52.46379089355469 47.239437103271484 414.3028564453125
v 53.126609802246094 46.97195053100586 417.6904602050781
v 53.344913482666016 50.16227722167969 370.6076965332031
v 52.677982330322266 55.93473815917969 362.9595642089844
v 52.278568267822266 60.52716064453125 354.4617919921875
v 52.90391540527344 63.08430862426758 346.41357421875
v 52.95896911621094 64.61013793945312 342.4152526855469
v 53.15589904785156 65.85292053222656 336.4605712890625
v 52.38445281982422 68.32872772216797 331.7949523925781
v 52.01072692871094 72.35555267333984 288.9521789550781
v 52.679466247558594 75.41276550292969 375.5866394042969
v 52.91092300415039 76.22879028320312 373.4925537109375
v 52.623291015625 79.94837188720703 360.26141357421875
v 52.510780334472656 81.37580871582031 357.85101318359375
v 52.62523651123047 87.59625244140625 336.3076477050781
v 53.14744567871094 87.38761901855469 340.9420166015625
v 53.1337776184082 87.82793426513672 313.4204406738281
v 52.401248931884766 88.40974426269531 316.2920227050781
v 53.60415267944336 -18.323955535888672 51.421142578125
v 54.02568817138672 -17.073379516601562 52.60865020751953
v 53.70639419555664 -16.563405990600586 39.31718063354492
v 52.720340728759766 -6.0309553146362305 37.817630767822266
v 52.386356353759766 -4.972225189208984 50.30442810058594
v 54.61307907104492 -3.095118284225464 44.92466354370117
v 52.68006134033203 21.299137115478516 391.173095703125
v 53.849998474121094 24.212812423706055 432.6838684082031
v 53.42681121826172 26.781513214111328 436.0089416503906
v 53.894195556640625 29.705583572387695 264.75836181640625
v 52.862483978271484 29.59286117553711 402.1540222167969
v 53.95018005371094 29.657087326049805 435.443359375
v 53.15270233154297 31.548673629760742 404.6860046386719
v 52.90959548950195 31.32107925415039 432.8261413574219
v 53.264434814453125 37.63682174682617 257.0477294921875
v 52.832489013671875 38.01516342163086 425.0738830566406
v 52.06877517700195 37.26914978027344 427.2097473144531
v 52.632755279541016 39.61363220214844 426.0247802734375
v 54.180931091308594 42.035770416259766 291.5507507324219
v 53.20536804199219 43.191627502441406 423.4250183105469
v 53.425376892089844 45.92283630371094 258.4122009277344
v 53.38762664794922 45.960540771484375 409.78460693359375
v 53.36125564575195 51.298583984375 397.5132141113281
v 53.62709426879883 53.650753021240234 303.769775390625
v 52.95521926879883 59.46040725708008 309.81951904296875
v 53.167510986328125 57.41828536987305 266.8325500488281
v 53.062255859375 60.82130813598633 351.9389953613281
v 53.29261779785156 66.6162109375 324.23431396484375
v 53.36812210083008 66.7646255493164 325.7493896484375
v 53.57997512817383 71.21495056152344 382.6445007324219
v 53.84400177001953 73.11575317382812 379.75469970703125
v 53.282684326171875 77.57441711425781 368.491455078125
v 52.965423583984375 78.653564453125 296.9618225097656
v 53.03174591064453 84.0361557006836 305.99041748046875
v 53.1954231262207 85.96106719970703 308.734619140625
v 52.91363525390625 86.86206817626953 311.2134704589844
v 54.30171203613281 -15.377824783325195 53.560302734375
v 53.075843811035156 -14.991549491882324 37.79836654663086
v 54.160850524902344 -13.148392677307129 54.37253952026367
v 54.22109603881836 -6.734792709350586 51.66716766357422
v 53.603878021240234 29.25151824951172 429.4291687011719
v 53.14734649658203 31.2624454498291 259.6951599121094
v 53.59507751464844 30.48736572265625 430.3087463378906
v 53.90324020385742 32.22051239013672 278.3778381347656
v 53.34206008911133 31.20362663269043 431.6789855957031
v 53.00888442993164 34.416202545166016 257.5184020996094
v 53.57616424560547 34.762916564941406 408.3190612792969
v 53.60257339477539 35.05801773071289 409.74896240234375
v 53.48310089111328 37.7803840637207 417.2934875488281
v 53.807701110839844 53.67446517944336 366.2595520019531
v 53.514835357666016 63.01443862915039 391.6943664550781
v 53.56723403930664 61.674156188964844 349.22442626953125
v 53.908775329589844 65.7681884765625 277.5777282714844
v 53.616825103759766 65.20612335205078 320.8601989746094
v 53.50254440307617 64.9780044555664 339.7281188964844
v 53.2784538269043 66.89485931396484 330.99688720703125
v 53.92792510986328 66.70989227294922 331.8432922363281
v 54.85215377807617 72.45604705810547 287.1884765625
v 53.47641372680664 77.99287414550781 366.4169921875
v 53.673179626464844 82.30705261230469 301.8701477050781
v 53.46636962890625 82.79633331298828 355.2566223144531
v 53.14139938354492 84.07686614990234 352.09039306640625
v 53.817413330078125 85.31480407714844 348.8825378417969
v 52.92137908935547 85.5961685180664 346.3515319824219
v 54.17951583862305 87.66079711914062 342.40185546875
v 53.3862419128418 90.2332534790039 320.0618591308594
v 53.32723617553711 90.63935089111328 328.4950866699219
v 54.800697326660156 -18.701868057250977 48.54998779296875
v 54.96874237060547 -17.443992614746094 40.50724411010742
v 53.96778106689453 -9.965583801269531 34.632896423339844
v 55.50025177001953 -8.808577537536621 52.284507751464844
v 54.4333610534668 -7.572453498840332 34.621803283691406
v 54.13044738769531 -4.2254815101623535 38.8858528137207
v 56.453651428222656 -3.4917330741882324 46.12919998168945
v 54.4244499206543 -2.9894189834594727 42.86054229736328
v 55.116207122802734 27.177196502685547 398.6407775878906
v 54.208717346191406 26.792295455932617 384.4208984375
v 54.07807540893555 29.734514236450195 273.0976257324219
v 54.05970764160156 30.726232528686523 262.9483947753906
v 53.75203323364258 33.4221076965332 405.78924560546875
v 54.223167419433594 33.41497802734375 279.9624328613281
v 54.16627883911133 33.55645751953125 378.01080322265625
v 54.1820068359375 36.22462844848633 411.12689208984375
v 54.313846588134766 37.74471664428711 286.7408447265625
v 53.25077819824219 38.7933464050293 422.5673522949219
v 53.38832473754883 40.118900299072266 423.6878662109375
v 53.29969787597656 41.299373626708984 403.2306823730469
v 53.69969177246094 39.90320587158203 401.2796936035156
v 54.076576232910156 42.807395935058594 373.7383117675781
v 53.90164566040039 44.888343811035156 420.9825134277344
v 54.3325309753418 46.29076385498047 296.5806884765625
v 54.74355697631836 48.448829650878906 398.3308410644531
v 53.969635009765625 46.65480422973633 415.2953186035156
v 54.35783386230469 51.163002014160156 369.3922119140625
v 53.85163879394531 55.1758918762207 264.4965515136719
v 54.467124938964844 56.4260368347168 266.3205871582031
v 54.81257629394531 57.93056106567383 358.6996154785156
v 54.2226448059082 59.604488372802734 356.3958740234375
v 54.33959197998047 59.81499099731445 270.5796203613281
v 54.62369155883789 63.096675872802734 343.4037780761719
v 54.1351318359375 64.06230926513672 318.9031982421875
v 54.166526794433594 72.09640502929688 381.0852966308594
v 54.150211334228516 79.57921600341797 363.3195495605469
v 54.634681701660156 89.86202239990234 336.5970764160156
v 53.59247970581055 90.11384582519531 332.6424865722656
v 55.56070327758789 -5.456238269805908 34.95816421508789
v 55.36674499511719 26.148235321044922 386.8499450683594
v 54.61360168457031 24.394826889038086 434.1167297363281
v 55.72904586791992 25.791841506958008 430.2051696777344
v 54.31031799316406 29.683740615844727 269.21624755859375
v 55.21982955932617 30.46334457397461 434.4523010253906
v 55.12099075317383 32.1922492980957 276.6374206542969
v 54.18418502807617 31.000154495239258 401.853515625
v 54.04876708984375 35.560848236083984 258.6221008300781
v 54.643611907958984 35.16373825073242 282.5556945800781
v 54.64414596557617 37.21194839477539 413.74395751953125
v 54.8798828125 40.31302261352539 289.34649658203125
v 54.40958786010742 41.38551330566406 258.1954345703125
v 54.83478927612305 43.04960632324219 399.6441345214844
v 54.447322845458984 45.698368072509766 418.76531982421875
v 54.26832580566406 48.84422302246094 260.4651794433594
v 55.07023620605469 51.7183723449707 368.9323425292969
v 54.97364044189453 59.426292419433594 354.80291748046875
v 54.351715087890625 61.14916229248047 312.96148681640625
v 54.774898529052734 61.934326171875 347.07586669921875
v 54.945274353027344 63.470741271972656 274.74542236328125
v 54.767112731933594 62.25287628173828 345.3011169433594
v 54.877445220947266 62.60092544555664 316.72259521484375
v 55.24173355102539 63.953369140625 340.3147277832031
v 54.22529983520508 66.96491241455078 388.1640625
v 54.77129364013672 65.57889556884766 330.0382080078125
v 54.37770462036133 76.15245819091797 292.53594970703125
v 54.55921936035156 78.11288452148438 294.8419494628906
v 54.38209915161133 89.14523315429688 337.075439453125
v 54.984901428222656 90.25263214111328 315.74053955078125
v 54.98134231567383 -18.867341995239258 46.5311393737793
v 55.165496826171875 -17.815696716308594 50.15693664550781
v 54.52766799926758 -15.221166610717773 36.993629455566406
v 55.172828674316406 -13.340778350830078 34.54301071166992
v 55.096923828125 -10.720634460449219 53.411224365234375
v 55.13618850708008 -3.1006431579589844 41.05879592895508
v 56.65456771850586 26.4123592376709 394.143798828125
v 55.585418701171875 26.12238311767578 396.3955383300781
v 54.36338806152344 25.58022117614746 435.58575439453125
v 55.32822036743164 30.66354751586914 270.158203125
v 54.300811767578125 33.793121337890625 259.9779968261719
v 54.48039245605469 34.016990661621094 280.1198425292969
v 54.52742004394531 38.63645553588867 417.63543701171875
v 55.61461639404297 39.02666473388672 259.84234619140625
v 54.47411346435547 39.994110107421875 404.0939025878906
v 54.86840057373047 41.60536575317383 405.6013488769531
v 54.82935333251953 41.89246368408203 421.221435546875
v 54.783851623535156 44.83909225463867 409.719970703125
v 54.53855895996094 43.30247497558594 406.92730712890625
v 55.235660552978516 44.6248893737793 259.8042907714844
v 54.75813674926758 45.93724822998047 412.83203125
v 55.157222747802734 55.255889892578125 306.2945251464844
v 55.057151794433594 56.527626037597656 361.6806640625
v 55.43144607543945 56.86611557006836 268.274658203125
v 54.882869720458984 58.38059616088867 310.25640869140625
v 54.889739990234375 60.95977020263672 393.2230529785156
v 55.27885437011719 60.70058822631836 350.1060791015625
v 55.3890380859375 62.95943832397461 342.34661865234375
v 55.82081604003906 65.2174072265625 325.7718811035156
v 55.37864685058594 69.6837158203125 282.6470947265625
v 55.07093811035156 75.77102661132812 375.2998352050781
v 54.829498291015625 80.51129150390625 297.6810302734375
v 54.67261505126953 80.59403991699219 360.7011413574219
v 54.43547821044922 81.25596618652344 360.3210144042969
v 55.011661529541016 82.6634521484375 357.2549133300781
v 54.181053161621094 86.54956817626953 346.4572448730469
v 54.62799072265625 91.68275451660156 324.6419677734375
v 54.682823181152344 91.47058868408203 330.0352478027344
v 54.716365814208984 -11.585895538330078 34.10865783691406
v 57.20319747924805 -5.141696929931641 48.68408966064453
v 55.58754348754883 24.857725143432617 431.02447509765625
v 56.27339553833008 27.96323013305664 436.25653076171875
v 56.19200897216797 32.14616775512695 379.8297119140625
v 55.51444625854492 30.535066604614258 431.6868896484375
v 55.05702590942383 32.87544631958008 262.2090148925781
v 55.339393615722656 32.912559509277344 276.828369140625
v 54.71665954589844 34.44209289550781 404.1654357910156
v 54.7369499206543 36.214630126953125 406.8001708984375
v 55.13445281982422 36.543582916259766 408.2372741699219
v 54.33168411254883 38.85688400268555 401.5141906738281
v 55.241695404052734 40.1683464050293 419.15826416015625
v 55.244747161865234 43.549034118652344 419.923828125
v 55.23292922973633 48.05158233642578 372.0182189941406
v 55.28146743774414 45.32853698730469 416.8055114746094
v 55.433082580566406 47.5780143737793 297.7004089355469
v 55.733612060546875 50.00572204589844 370.65863037109375
v 55.52332305908203 51.32278060913086 263.2015075683594
v 55.54214859008789 52.4467887878418 303.1890869140625
v 55.83302688598633 53.294437408447266 264.72711181640625
v 56.59567642211914 58.17841720581055 270.5077819824219
v 56.38959503173828 61.69034194946289 316.0411071777344
v 55.63969039916992 64.8736572265625 276.91607666015625
v 55.35401153564453 64.1593017578125 338.10455322265625
v 55.05459976196289 64.38675689697266 336.7926025390625
v 55.73332595825195 77.78509521484375 368.8448791503906
v 55.024478912353516 78.33738708496094 366.4248962402344
v 55.26316833496094 85.61489868164062 305.77850341796875
v 54.90296173095703 84.94029998779297 352.4465026855469
v 55.38344192504883 87.82725524902344 309.3099365234375
v 55.32027816772461 91.39957427978516 319.3611145019531
v 56.42989730834961 -16.96629524230957 38.53497314453125
v 56.6628303527832 -15.536006927490234 50.80254364013672
v 56.73749923706055 -13.77112102508545 51.70165252685547
v 56.83943557739258 -7.098236560821533 50.720603942871094
v 57.08712387084961 26.981477737426758 436.1354675292969
v 56.392601013183594 29.400360107421875 435.8537902832031
v 56.08192443847656 30.375171661376953 399.6956481933594
v 55.2725944519043 30.789548873901367 432.8410949707031
v 56.083290100097656 36.27906799316406 261.5543518066406
v 55.08798599243164 38.0108642578125 405.3789978027344
v 55.632015228271484 38.06592559814453 413.0513916015625
v 55.49959945678711 38.17713165283203 400.6490173339844
v 54.99406814575195 37.071319580078125 402.2604064941406
v 55.92280578613281 39.432376861572266 375.5689697265625
v 57.018619537353516 46.22712326049805 295.8725891113281
v 56.848018646240234 50.54585647583008 301.0655517578125
v 56.30575942993164 54.49861526489258 396.1962890625
v 56.41402053833008 54.62517547607422 266.89306640625
v 55.902137756347656 57.517539978027344 395.0260009765625
v 56.39815902709961 62.946197509765625 319.3591613769531
v 56.10187530517578 63.20351791381836 391.500732421875
v 56.25559997558594 63.283634185791016 339.84625244140625
v 55.619625091552734 64.00110626220703 321.2093200683594
v 56.150787353515625 64.85973358154297 326.31170654296875
v 56.6596565246582 64.62649536132812 332.3687744140625
v 56.473663330078125 64.69500732421875 324.417724609375
v 56.43490982055664 68.98713684082031 385.7974853515625
v 56.040924072265625 67.06287384033203 388.02734375
v 56.270442962646484 77.37810516357422 292.9443664550781
v 57.27561950683594 86.49563598632812 350.6631164550781
v 56.16799545288086 86.99015045166016 348.55242919921875
v 56.67819595336914 89.79499053955078 312.6314697265625
v 55.27438735961914 88.86170959472656 341.3065185546875
v 55.82443618774414 91.3099594116211 334.3348693847656
v 57.78895950317383 -17.719785690307617 43.88630676269531
v 57.903770446777344 -10.79391098022461 30.918060302734375
v 56.053627014160156 24.462337493896484 432.7033386230469
v 56.65769958496094 26.157236099243164 391.52252197265625
v 56.953125 25.528236389160156 435.14459228515625
v 56.336971282958984 29.88193130493164 430.8965148925781
v 56.2253303527832 32.03353500366211 268.28680419921875
v 56.57909393310547 32.50114822387695 272.42095947265625
v 56.96898651123047 33.61545181274414 266.99267578125
v 56.256649017333984 32.77265167236328 274.8559875488281
v 55.269954681396484 32.155391693115234 401.17254638671875
v 55.643863677978516 33.942325592041016 278.4830627441406
v 55.9443244934082 34.58070373535156 278.5473937988281
v 55.44929504394531 35.10334014892578 402.15399169921875
v 57.230037689208984 36.00333023071289 279.75823974609375
v 55.05241775512695 36.18257522583008 402.96539306640625
v 57.45444107055664 38.935237884521484 285.14678955078125
v 55.75801086425781 38.54881286621094 407.12469482421875
v 56.010955810546875 38.88447570800781 409.8323974609375
v 56.73320007324219 41.71121597290039 399.1014404296875
v 55.543190002441406 40.31639099121094 406.3482971191406
v 57.081146240234375 42.547996520996094 290.59912109375
v 56.777530670166016 42.72801971435547 374.1456604003906
v 56.63648223876953 42.83240509033203 261.2230529785156
v 55.737022399902344 43.55617904663086 409.8492126464844
v 56.114044189453125 43.978050231933594 411.8447265625
v 55.897151947021484 43.7052001953125 417.83404541015625
v 56.42080307006836 48.014320373535156 398.0917053222656
v 56.16343307495117 46.4272575378418 261.4100036621094
v 56.86196517944336 48.921295166015625 299.2254943847656
v 56.38277053833008 54.49452209472656 266.3840026855469
v 55.447486877441406 54.43925476074219 364.954833984375
v 57.11735153198242 56.346961975097656 362.20648193359375
v 56.41533660888672 60.242652893066406 313.3934631347656
v 56.692935943603516 69.75743865966797 283.0293884277344
v 56.384521484375 71.28888702392578 382.48199462890625
v 56.915157318115234 71.97080993652344 381.0624084472656
v 57.15896224975586 77.90128326416016 367.536376953125
v 56.26058578491211 79.47418212890625 364.46038818359375
v 56.61772537231445 81.08177185058594 297.1419677734375
v 57.56821823120117 80.86434936523438 361.1573181152344
v 56.541507720947266 81.60340118408203 360.482666015625
v 56.56839370727539 84.33995819091797 302.3559875488281
v 56.821041107177734 85.29067993164062 353.3645935058594
v 55.975257873535156 87.88597869873047 345.5841369628906
v 56.06025695800781 -17.674427032470703 48.68173599243164
v 56.46819305419922 -16.13074493408203 36.56829071044922
v 56.353721618652344 -11.47208309173584 52.35186767578125
v 57.13782501220703 -3.913120746612549 35.228416442871094
v 57.72575378417969 -4.121837139129639 46.87398910522461
v 57.232933044433594 24.978370666503906 433.9038391113281
v 56.205684661865234 26.05573081970215 389.26019287109375
v 57.40437316894531 26.054929733276367 435.5556640625
v 57.832637786865234 31.417051315307617 381.99005126953125
v 57.85083770751953 28.107704162597656 430.51910400390625
v 57.129127502441406 35.72718811035156 378.1185302734375
v 56.12692642211914 34.761051177978516 400.45550537109375
v 56.82942581176758 36.485748291015625 281.55267333984375
v 57.11079025268555 38.44715881347656 376.4858093261719
v 55.95669174194336 41.70772933959961 418.18267822265625
v 56.28542709350586 41.86791229248047 409.9696044921875
v 56.326419830322266 43.818355560302734 414.3757629394531
v 57.22502899169922 53.74681854248047 366.5397644042969
v 57.40984344482422 54.30731964111328 305.9919128417969
v 56.71160125732422 56.549381256103516 309.0251159667969
v 56.490936279296875 59.20972442626953 356.5813293457031
v 57.17377853393555 60.84309005737305 392.9625244140625
v 56.835968017578125 61.258487701416016 346.5547790527344
v 57.0839958190918 64.32048034667969 329.7296447753906
v 57.606964111328125 73.13299560546875 379.2495422363281
v 57.90554428100586 79.329833984375 294.2546691894531
v 57.25770950317383 84.15862274169922 355.63409423828125
v 56.17272186279297 92.37063598632812 329.8867492675781
v 57.0980110168457 92.86865234375 323.26300048828125
v 56.744258880615234 92.82097625732422 326.49017333984375
v 57.4714241027832 -17.503063201904297 39.929847717285156
v 58.23251724243164 -12.888978958129883 31.379789352416992
v 57.61956787109375 -8.82343578338623 31.062273025512695
v 58.186912536621094 -9.316640853881836 50.870826721191406
v 56.9387321472168 -2.856029510498047 39.256561279296875
v 57.304176330566406 -2.9178073406219482 43.467498779296875
v 57.5850944519043 25.33302116394043 431.9928283691406
v 57.02015686035156 27.554649353027344 395.54998779296875
v 56.89510726928711 29.153562545776367 397.7561340332031
v 59.57343673706055 30.986064910888672 434.34515380859375
v 56.675907135009766 34.5467529296875 277.3458251953125
v 58.24750518798828 40.978450775146484 398.25811767578125
v 56.48969650268555 39.93574905395508 411.0896301269531
v 56.4198112487793 39.78886795043945 413.6412353515625
v 56.776493072509766 41.51137924194336 413.2767639160156
v 58.48682403564453 45.76571273803711 294.48095703125
v 58.14274978637695 47.59646987915039 397.57171630859375
v 56.94887161254883 49.53956604003906 263.7923889160156
v 57.87880325317383 51.49797439575195 369.452880859375
v 57.64759063720703 61.61521530151367 274.2623291015625
v 57.53247833251953 59.05501174926758 355.6266174316406
v 57.14475631713867 59.54399490356445 353.0594787597656
v 58.29792404174805 60.09907913208008 350.82501220703125
v 57.29716873168945 61.586299896240234 317.0960388183594
v 57.46967315673828 63.0936393737793 337.9955139160156
v 57.89844512939453 68.7255859375 281.8064880371094
v 56.78691864013672 75.58273315429688 375.3017883300781
v 57.22450637817383 86.37496185302734 305.3316955566406
v 57.28932189941406 89.16357421875 343.2076110839844
v 57.423553466796875 90.81101989746094 338.2514343261719
v 57.338706970214844 92.6276626586914 320.77874755859375
v 57.90402603149414 -6.748175144195557 31.532005310058594
v 58.73151779174805 -4.8806986808776855 32.14971923828125
v 57.346736907958984 -3.0337069034576416 36.86908721923828
v 57.566097259521484 33.887916564941406 270.1011962890625
v 57.27043533325195 35.06986999511719 265.429443359375
v 57.593223571777344 34.687313079833984 273.8383483886719
v 58.158329010009766 38.37025833129883 264.683837890625
v 58.66267776489258 42.54121017456055 288.9878845214844
v 58.09402084350586 47.94215393066406 372.6529846191406
v 57.89677810668945 52.13848114013672 266.31329345703125
v 58.093318939208984 55.07533264160156 364.6949157714844
v 57.595638275146484 54.679019927978516 268.5819396972656
v 58.261619567871094 57.84481430053711 359.23370361328125
v 57.253482818603516 60.59328842163086 349.0858459472656
v 58.0245361328125 61.62256622314453 344.16961669921875
v 56.97868728637695 63.7739372253418 276.27410888671875
v 57.982635498046875 62.66673278808594 340.6960144042969
v 57.543067932128906 63.55221939086914 322.6207275390625
v 57.79458236694336 66.73384857177734 387.96270751953125
v 57.54645919799805 71.80264282226562 285.8872375488281
v 58.30707550048828 77.52206420898438 292.3376770019531
v 58.4477653503418 77.44580841064453 368.985107421875
v 57.936031341552734 81.49578094482422 360.85015869140625
v 58.72540283203125 87.15116119384766 350.3756103515625
v 57.47669219970703 88.60296630859375 308.87359619140625
v 57.9417724609375 91.31903839111328 314.79913330078125
v 58.68988800048828 91.68163299560547 337.8482360839844
v 57.75652313232422 92.08050537109375 317.4896240234375
v 57.55924606323242 92.19432830810547 334.3570556640625
v 58.843528747558594 -16.98151397705078 45.481689453125
v 58.72970199584961 -12.32111930847168 50.568607330322266
v 58.0042724609375 -2.5546271800994873 40.636470794677734
v 58.98094940185547 30.6280517578125 435.4173889160156
v 57.90874481201172 34.69782638549805 272.5420227050781
v 58.31743621826172 36.27736282348633 275.6069641113281
v 57.67528533935547 35.80756759643555 276.52423095703125
v 57.63063430786133 41.42268371582031 262.7055358886719
v 57.68274688720703 44.89765548706055 263.20098876953125
v 58.26604080200195 47.2551383972168 296.5107421875
v 58.03929901123047 50.2381706237793 370.944091796875
v 58.41603469848633 52.10846710205078 369.24114990234375
v 58.649452209472656 57.13353729248047 394.44903564453125
v 58.51190948486328 59.68635559082031 313.662353515625
v 58.87332534790039 61.501678466796875 343.4075012207031
v 58.38197326660156 62.4954833984375 320.08013916015625
v 58.179718017578125 88.53807830810547 346.3138427734375
v 58.744625091552734 -16.184860229492188 47.7862548828125
v 58.80565643310547 -14.569881439208984 49.45380783081055
v 59.33664321899414 -14.898014068603516 32.19567108154297
v 60.84466552734375 32.525325775146484 385.67535400390625
v 59.35269546508789 28.091196060180664 436.9438781738281
v 59.74236297607422 30.651105880737305 433.1179504394531
v 58.06972122192383 33.20259475708008 380.4464416503906
v 58.626670837402344 46.93153762817383 265.1898498535156
v 58.44642639160156 53.90126419067383 395.7666320800781
v 58.162322998046875 52.44921112060547 267.39996337890625
v 59.18210983276367 57.132904052734375 310.65948486328125
v 59.112510681152344 59.047027587890625 357.53192138671875
v 59.516841888427734 59.25952911376953 356.7691650390625
v 58.33857345581055 62.79020309448242 391.2054443359375
v 59.050140380859375 61.961448669433594 275.76824951171875
v 58.686004638671875 63.672325134277344 328.7855224609375
v 58.73805618286133 63.60708999633789 331.62469482421875
v 58.89164733886719 79.2068099975586 364.7397155761719
v 58.94394302368164 86.73189544677734 304.9183044433594
v 58.281005859375 93.23171997070312 330.11260986328125
v 59.15806198120117 -17.545000076293945 41.65998077392578
v 59.12608337402344 -2.203366994857788 38.209842681884766
v 60.455169677734375 27.50227928161621 432.03955078125
v 61.463199615478516 33.010986328125 387.3671875
v 61.196617126464844 32.662113189697266 389.5452575683594
v 60.18118667602539 29.849231719970703 432.28631591796875
v 58.3394775390625 36.07959747314453 267.747314453125
v 60.200164794921875 37.44272232055664 379.1871337890625
v 58.87149429321289 37.82691192626953 279.1903991699219
v 58.900821685791016 38.064762115478516 377.6809997558594
v 60.58696746826172 40.743919372558594 396.3355712890625
v 58.40488815307617 40.64360809326172 286.2220458984375
v 59.0454216003418 42.85047912597656 375.0028076171875
v 58.61679458618164 43.049110412597656 264.76214599609375
v 58.88157272338867 44.752235412597656 397.6268310546875
v 59.22394943237305 50.125545501708984 300.0651550292969
v 58.616336822509766 49.512062072753906 265.9806213378906
v 59.025306701660156 55.67466735839844 270.91058349609375
v 60.16654968261719 59.43446731567383 274.52593994140625
v 60.4210319519043 60.70655059814453 316.9120178222656
v 59.93283462524414 60.62716293334961 315.9875793457031
v 59.23648452758789 60.88801193237305 346.4212646484375
v 60.02256393432617 62.04907989501953 340.2679443359375
v 59.981727600097656 65.32909393310547 279.4327697753906
v 59.148258209228516 63.500152587890625 332.8874206542969
v 59.25258255004883 63.8293571472168 325.7083740234375
v 59.64727783203125 63.672611236572266 324.5987243652344
v 59.0030517578125 68.58878326416016 385.32867431640625
v 58.950889587402344 71.39862823486328 381.0084533691406
v 59.24137496948242 74.88089752197266 375.19110107421875
v 58.94084930419922 77.41191101074219 367.8506774902344
v 59.29258346557617 82.37803649902344 297.845947265625
v 59.092124938964844 82.56973266601562 358.828125
v 59.86007308959961 90.58009338378906 341.9002990722656
v 59.63125991821289 93.79271697998047 325.02801513671875
v 60.091773986816406 -17.327381134033203 37.00639343261719
v 60.18842697143555 -6.578731536865234 29.77171516418457
v 59.62750244140625 -6.428350448608398 48.32389450073242
v 59.652217864990234 -3.374699592590332 33.34438705444336
v 59.82004928588867 -2.714189052581787 42.07604217529297
v 59.66899871826172 28.98781394958496 437.02740478515625
v 60.66722869873047 28.46500587463379 431.9657287597656
v 62.00696563720703 34.79164123535156 391.37176513671875
v 61.466758728027344 35.87150573730469 393.79754638671875
v 59.49061584472656 30.102033615112305 436.4378356933594
v 59.140010833740234 31.975065231323242 382.8657531738281
v 58.81434631347656 36.740509033203125 270.4794616699219
v 59.34546661376953 37.610198974609375 272.6873474121094
v 59.466827392578125 38.03156280517578 276.8786315917969
v 58.9660758972168 40.94258499145508 265.78857421875
v 59.18054962158203 50.40126037597656 267.4443359375
v 59.56366729736328 52.36888885498047 269.5914611816406
v 59.630088806152344 59.32734298706055 354.71746826171875
v 60.001853942871094 61.68709945678711 391.2712707519531
v 59.53080368041992 60.558101654052734 348.7210693359375
v 59.694698333740234 62.4087028503418 338.4093933105469
v 59.68195343017578 67.99615478515625 281.7949523925781
v 60.04316711425781 80.6894302368164 295.4154968261719
v 60.67879867553711 84.88921356201172 355.0691833496094
v 59.41682052612305 85.44625091552734 354.1706848144531
v 59.77040481567383 88.9170150756836 308.18402099609375
v 60.317840576171875 91.69265747070312 338.87713623046875
v 60.09825897216797 93.3473892211914 320.4386901855469
v 60.831298828125 -17.555334091186523 38.61527633666992
v 59.99276351928711 -17.26785659790039 42.6695442199707
v 59.426517486572266 -16.02724838256836 46.77113342285156
v 60.01778030395508 -11.130793571472168 29.331193923950195
v 59.66884994506836 -9.363739013671875 29.42005729675293
v 59.719661712646484 -8.212252616882324 29.541994094848633
v 60.786888122558594 -2.3763766288757324 34.76564025878906
v 60.28760528564453 -2.0912137031555176 40.13249206542969
v 60.2646598815918 25.93439292907715 433.63861083984375
v 60.17625427246094 25.954498291015625 435.21807861328125
v 59.84587478637695 31.861074447631836 384.4029235839844
v 60.795135498046875 37.23186492919922 395.4974365234375
v 59.18178176879883 38.72398376464844 268.15692138671875
v 60.182823181152344 40.654293060302734 282.5576477050781
v 59.517059326171875 44.78125762939453 266.6539306640625
v 60.68009567260742 50.71864700317383 371.8575439453125
v 60.61984634399414 53.61203384399414 305.1563415527344
v 59.652252197265625 54.50812530517578 366.85186767578125
v 59.81254577636719 54.95383071899414 307.5055847167969
v 59.93050765991211 56.832218170166016 362.99884033203125
v 59.691612243652344 60.1136589050293 351.480224609375
v 60.90329360961914 62.00666809082031 341.044677734375
v 59.70576095581055 66.0093002319336 387.7700500488281
v 60.51828384399414 70.41939544677734 284.895263671875
v 59.870384216308594 89.84523010253906 343.46990966796875
v 60.335723876953125 90.70657348632812 312.19024658203125
v 60.228458404541016 93.12360382080078 334.3072204589844
v 61.47260284423828 -16.535585403442383 43.30460739135742
v 60.94697952270508 -16.882829666137695 34.43339157104492
v 60.49946975708008 -11.406064987182617 49.06052017211914
v 60.73978805541992 -12.649569511413574 29.37689971923828
v 61.343875885009766 -4.185725212097168 44.45785140991211
v 61.00202941894531 -3.3694934844970703 43.287837982177734
v 60.40599822998047 26.602672576904297 432.5620422363281
v 60.4088020324707 35.532554626464844 381.1719055175781
v 59.776634216308594 38.93881607055664 272.2713317871094
v 59.7713623046875 41.072391510009766 284.3134460449219
v 60.85749053955078 43.071807861328125 376.0194396972656
v 59.87712860107422 42.51068115234375 267.8939514160156
v 60.728694915771484 46.03343963623047 292.86041259765625
v 59.92061233520508 47.270790100097656 295.44427490234375
v 60.265907287597656 47.71342086791992 268.4013671875
v 60.155616760253906 53.823150634765625 394.98406982421875
v 61.41071701049805 59.29313278198242 313.6644287109375
v 61.51166534423828 64.46700286865234 279.77069091796875
v 60.596046447753906 69.47886657714844 382.8564453125
v 60.79191970825195 73.9123306274414 288.23876953125
v 61.06751251220703 80.1474838256836 361.36932373046875
v 60.40194320678711 81.11559295654297 360.87237548828125
v 61.202308654785156 86.40543365478516 352.2178039550781
v 60.159210205078125 89.00399780273438 346.323486328125
v 60.57307052612305 91.9354248046875 314.7293701171875
v 60.55802917480469 92.81016540527344 317.623779296875
v 60.62493133544922 93.81896209716797 330.4136047363281
v 61.188106536865234 -16.077774047851562 32.49125289916992
v 61.97365951538086 -15.75432014465332 44.308258056640625
v 60.357826232910156 -13.868849754333496 48.1996955871582
v 62.83994674682617 30.448514938354492 437.86529541015625
v 60.020668029785156 40.518394470214844 269.99908447265625
v 60.46912384033203 39.86344909667969 276.6792907714844
v 60.67339324951172 43.63955307006836 287.85302734375
v 61.06391143798828 43.67617416381836 396.09912109375
v 60.95419692993164 48.22565460205078 374.0090637207031
v 60.70541763305664 48.7124137878418 395.87811279296875
v 60.933387756347656 52.518795013427734 370.0943298339844
v 61.201534271240234 56.24441146850586 365.4418640136719
v 60.60643768310547 58.268577575683594 360.2340087890625
v 61.13542175292969 56.614471435546875 393.28582763671875
v 60.9573860168457 61.839481353759766 319.73236083984375
v 61.578983306884766 61.121131896972656 345.5185241699219
v 60.96207046508789 62.948909759521484 333.5656433105469
v 61.75349426269531 62.80840301513672 332.0274353027344
v 61.92530822753906 62.991764068603516 329.12506103515625
v 60.77991485595703 72.06095886230469 378.5147705078125
v 60.366607666015625 77.70923614501953 292.2738952636719
v 61.02566146850586 76.51667022705078 367.9393615722656
v 61.1476936340332 86.9437255859375 304.6831970214844
v 61.59275817871094 88.82398223876953 347.1601867675781
v 62.34449768066406 -14.880341529846191 45.1445198059082
v 60.33366394042969 -10.002606391906738 25.794031143188477
v 60.821868896484375 -8.16238784790039 22.583946228027344
v 60.91974639892578 -8.563201904296875 48.492103576660156
v 60.95008850097656 -6.680159568786621 23.152748107910156
v 61.09642791748047 -4.905517578125 30.344722747802734
v 62.56399917602539 -5.16873836517334 44.87739181518555
v 61.28968811035156 34.905975341796875 383.27972412109375
v 60.61050796508789 40.11193084716797 274.7064208984375
v 62.1201057434082 42.13528823852539 377.7735900878906
v 61.30450439453125 42.25873565673828 281.9767150878906
v 60.69432067871094 44.96543884277344 269.35601806640625
v 61.00473403930664 50.098812103271484 299.1693420410156
v 61.021236419677734 49.511871337890625 270.9349365234375
v 61.54671096801758 53.40934371948242 369.9748840332031
v 60.890235900878906 52.324039459228516 271.5134582519531
v 60.27803421020508 54.23063659667969 271.7247314453125
v 61.881370544433594 56.94367980957031 310.50250244140625
v 60.869747161865234 60.43257522583008 276.21783447265625
v 60.62919998168945 63.55631637573242 325.35870361328125
v 61.587135314941406 66.34607696533203 386.1168518066406
v 61.67447280883789 76.04322814941406 368.8459777832031
v 61.2255973815918 78.33128356933594 364.906494140625
v 61.41917037963867 78.87511444091797 293.3374328613281
v 62.9746208190918 -17.089855194091797 40.4042854309082
v 61.9041862487793 -14.027634620666504 29.3894100189209
v 61.093544006347656 -11.970946311950684 26.254501342773438
v 61.02228927612305 -5.715855598449707 27.202144622802734
v 62.26021194458008 -3.767220973968506 30.765844345092773
v 61.84259796142578 -2.6694436073303223 41.793365478515625
v 62.36958312988281 -1.8828016519546509 35.508358001708984
v 62.77481460571289 27.279865264892578 437.2983093261719
v 62.669612884521484 30.053926467895508 433.0130615234375
v 63.36595916748047 31.42142105102539 437.0331115722656
v 62.39482498168945 31.60422134399414 435.6351623535156
v 61.4963264465332 42.069679260253906 280.21392822265625
v 61.26948928833008 42.830299377441406 272.4693908691406
v 61.54436111450195 52.81243896484375 394.3471374511719
v 61.91275405883789 55.71122360229492 367.338134765625
v 61.84412384033203 57.10294723510742 275.0102233886719
v 61.82625198364258 59.770938873291016 358.59075927734375
v 61.798282623291016 59.90239334106445 357.277587890625
v 61.56946563720703 61.131553649902344 390.569091796875
v 61.577091217041016 60.3631477355957 351.34503173828125
v 61.9460563659668 61.18247604370117 344.5475158691406
v 61.98136520385742 66.49394989013672 281.79034423828125
v 62.009422302246094 70.29928588867188 379.6939697265625
v 61.39407730102539 73.83563995361328 374.7102966308594
v 62.46708297729492 76.91554260253906 291.6412353515625
v 62.11153030395508 85.17102813720703 301.8566589355469
v 61.859310150146484 92.27019500732422 338.2579040527344
v 61.987571716308594 94.11795043945312 324.5458068847656
v 61.95319366455078 -11.036086082458496 22.113821029663086
v 61.32051467895508 -9.681957244873047 21.824796676635742
v 61.61448669433594 -8.352630615234375 20.916427612304688
v 61.48672866821289 -6.640260696411133 21.558908462524414
v 61.26485824584961 -5.55247688293457 24.541915893554688
v 62.6597785949707 -2.5485010147094727 32.76316452026367
v 63.12417984008789 -1.7718112468719482 36.99357223510742
v 63.809898376464844 26.711069107055664 435.5406799316406
v 64.24088287353516 26.87578010559082 436.4441223144531
v 63.57042694091797 31.37913703918457 434.3816833496094
v 62.27933883666992 38.01607894897461 381.28704833984375
v 62.44192886352539 49.34782791137695 394.3636779785156
v 61.380489349365234 47.54405212402344 294.3987121582031
v 62.66016387939453 54.6285400390625 306.5500183105469
v 62.10024642944336 57.70820617675781 364.0394287109375
v 62.91830062866211 60.373992919921875 315.6650390625
v 62.683868408203125 60.70807647705078 352.88677978515625
v 62.92335510253906 61.67415237426758 319.36376953125
v 62.25491714477539 62.1024169921875 338.38104248046875
v 62.7390022277832 63.28700637817383 324.4537048339844
v 62.678958892822266 82.5018081665039 297.8562927246094
v 62.666282653808594 86.68370819091797 351.905517578125
v 61.97239685058594 89.8999252319336 309.84228515625
v 63.982139587402344 -17.36441993713379 37.98625946044922
v 63.37913131713867 -14.956721305847168 29.305309295654297
v 64.28337097167969 -10.048773765563965 45.825374603271484
v 62.006263732910156 -5.171755790710449 22.312801361083984
v 63.325439453125 -6.460976600646973 45.405574798583984
v 62.567161560058594 28.094402313232422 437.8822021484375
v 62.755470275878906 29.28371238708496 438.18450927734375
v 63.665992736816406 42.00973892211914 392.4765319824219
v 62.7007942199707 42.75386047363281 394.1817626953125
v 62.64793014526367 45.34996795654297 276.4432373046875
v 62.229373931884766 43.51922607421875 278.41668701171875
v 61.78484344482422 44.17729568481445 274.1357727050781
v 62.11251449584961 44.881568908691406 287.1387634277344
v 61.75566101074219 46.44233322143555 272.6719665527344
v 62.86811828613281 47.25638961791992 291.67938232421875
v 62.96804428100586 50.579830169677734 298.2639465332031
v 61.95888900756836 51.17372131347656 273.2696533203125
v 62.751747131347656 55.48728561401367 275.5907287597656
v 62.60441589355469 59.02200698852539 361.4856872558594
v 62.33127212524414 58.594608306884766 276.6651916503906
v 62.70602035522461 60.29124069213867 355.4941101074219
v 62.48161697387695 69.19925689697266 284.707275390625
v 63.827877044677734 72.8273696899414 288.2156677246094
v 63.12154006958008 80.6282958984375 295.46087646484375
v 62.90961837768555 80.11486053466797 360.93994140625
v 63.198177337646484 82.1279525756836 358.2369384765625
v 63.19098663330078 88.85979461669922 307.7223205566406
v 62.99118423461914 90.020751953125 343.7060241699219
v 63.28578186035156 90.93485260009766 342.0572204589844
v 63.63357162475586 93.53178405761719 334.2811279296875
v 63.04475021362305 93.30549621582031 318.90484619140625
v 62.81325912475586 -12.503031730651855 23.890567779541016
v 62.9589958190918 -10.346199989318848 20.119979858398438
v 62.37594223022461 -7.053654193878174 20.249555587768555
v 62.714725494384766 -4.079888820648193 24.988922119140625
v 62.59691619873047 -4.32487678527832 27.043563842773438
v 63.38800811767578 -4.161136150360107 43.5474739074707
v 64.34877014160156 27.104366302490234 434.701904296875
v 64.72869110107422 28.36021614074707 433.6889953613281
v 62.44841003417969 35.008766174316406 388.3786315917969
v 63.315101623535156 37.9703369140625 383.9874572753906
v 64.25000762939453 41.20693588256836 390.70709228515625
v 62.52622604370117 44.491920471191406 279.0631408691406
v 63.291080474853516 44.74581527709961 377.5997619628906
v 63.415130615234375 47.49694061279297 393.46044921875
v 62.677703857421875 48.741943359375 375.2430725097656
v 62.71572494506836 48.00700378417969 293.3466796875
v 62.4373893737793 48.258323669433594 273.9875793457031
v 62.88801193237305 53.64381408691406 370.8810119628906
v 63.476219177246094 51.97553634643555 373.46258544921875
v 63.72526168823242 53.66896438598633 303.8756103515625
v 62.86378479003906 58.29094696044922 390.95465087890625
v 63.45842361450195 62.835357666015625 280.39959716796875
v 63.47156524658203 61.93999481201172 341.68341064453125
v 64.39888000488281 62.21269607543945 339.09765625
v 64.5638427734375 62.82776641845703 330.9102783203125
v 63.52117156982422 62.64706039428711 334.9426574707031
v 64.4861068725586 63.269432067871094 325.81512451171875
v 63.041473388671875 67.57814025878906 382.74298095703125
v 62.782901763916016 73.7750473022461 372.1848449707031
v 63.257652282714844 74.82731628417969 367.960205078125
v 63.46135330200195 76.51502227783203 365.4573669433594
v 63.1227912902832 83.92756652832031 355.7490539550781
v 63.905723571777344 90.67991638183594 311.8745422363281
v 63.44206619262695 91.71654510498047 313.8997802734375
v 62.84727478027344 94.03177642822266 330.4247741699219
v 63.850223541259766 -17.291608810424805 33.897789001464844
v 62.947479248046875 -13.482794761657715 45.82359313964844
v 62.97660827636719 -11.923158645629883 46.59318923950195
v 63.92308807373047 -7.921697616577148 45.69832992553711
v 63.09939193725586 -8.603531837463379 19.545928955078125
v 63.36548614501953 -5.652013301849365 20.171682357788086
v 63.105960845947266 -4.1370134353637695 22.471399307250977
v 63.11160659790039 37.601531982421875 390.6304016113281
v 63.577125549316406 42.537593841552734 379.4819641113281
v 62.68098449707031 48.92292404174805 274.8699035644531
v 63.34914779663086 54.20663833618164 392.25823974609375
v 64.19811248779297 56.738059997558594 309.5255432128906
v 63.14406967163086 57.064510345458984 367.2768249511719
v 63.84385299682617 58.92695999145508 365.0213623046875
v 63.27920913696289 61.09908676147461 388.86688232421875
v 63.918907165527344 63.52226638793945 325.3895263671875
v 64.08203887939453 64.35617065429688 282.02587890625
v 63.42158508300781 65.63179016113281 384.755615234375
v 63.88735580444336 78.7371826171875 361.1844482421875
v 63.721248626708984 87.08390808105469 304.9870910644531
v 64.52234649658203 -16.07577133178711 30.334228515625
v 64.05901336669922 -12.601725578308105 21.89654541015625
v 63.50239944458008 -11.70441722869873 20.96556282043457
v 63.61605453491211 -3.065263509750366 30.576440811157227
v 62.94641876220703 47.08429718017578 276.5653991699219
v 63.55155563354492 46.39142608642578 285.3406677246094
v 64.02047729492188 47.552345275878906 280.6433410644531
v 64.06228637695312 47.744903564453125 289.4104919433594
v 64.34860229492188 51.935237884521484 299.7841491699219
v 64.2576675415039 54.73725509643555 278.10968017578125
v 63.48966979980469 54.80449676513672 370.8516845703125
v 63.7896842956543 56.303550720214844 277.73492431640625
v 63.71812438964844 60.804256439208984 359.6852722167969
v 64.29817962646484 60.78083038330078 316.724365234375
v 64.00190734863281 61.10728073120117 352.673583984375
v 64.51498413085938 61.346824645996094 357.3768615722656
v 64.5022201538086 61.57111358642578 346.99627685546875
v 63.275917053222656 60.97649002075195 350.30340576171875
v 64.11930084228516 61.372406005859375 345.6493835449219
v 65.56304931640625 62.616634368896484 334.04949951171875
v 64.21214294433594 67.90666961669922 284.8240966796875
v 63.23490524291992 71.18705749511719 376.2822570800781
v 63.94942855834961 68.55258178710938 379.04180908203125
v 64.4251937866211 76.14958190917969 291.4877624511719
v 64.07652282714844 74.04993438720703 368.61376953125
v 64.15486145019531 78.16143798828125 293.1418762207031
v 64.72248840332031 83.92003631591797 300.5807800292969
v 63.60791778564453 84.3521499633789 355.2624206542969
v 64.577880859375 85.15457916259766 353.445556640625
v 64.14213562011719 88.83326721191406 346.6764221191406
v 64.12950897216797 92.37813568115234 338.304931640625
v 64.24195861816406 -7.353643417358398 19.107784271240234
v 64.44542694091797 -5.893700122833252 44.43402862548828
v 64.4786605834961 -4.333524703979492 20.92426872253418
v 64.79705047607422 27.618305206298828 434.18902587890625
v 64.84525299072266 31.643823623657227 436.119140625
v 64.1217269897461 38.84315872192383 386.00433349609375
v 63.86958694458008 40.505001068115234 382.14361572265625
v 64.22159576416016 47.466285705566406 284.0868225097656
v 63.9842643737793 49.141845703125 376.56646728515625
v 64.05694580078125 51.569210052490234 277.5352478027344
v 64.42765045166016 49.99016571044922 391.9127502441406
v 65.11865997314453 60.5050163269043 281.2222900390625
v 65.19998168945312 62.2554931640625 358.7442932128906
v 64.2347640991211 72.2120590209961 371.9988098144531
v 64.88294982910156 84.9993896484375 302.0946960449219
v 63.95002365112305 93.92505645751953 322.8532409667969
v 64.63072967529297 94.11485290527344 326.4512023925781
v 65.77518463134766 -16.29924774169922 39.945343017578125
v 64.91431427001953 -15.2200288772583 28.609485626220703
v 64.73870086669922 -13.170400619506836 23.890167236328125
v 64.37581634521484 -9.114410400390625 19.073801040649414
v 64.5511703491211 -3.327944278717041 23.797819137573242
v 64.57775115966797 -3.592425584793091 27.13552474975586
v 65.05863189697266 -3.1157922744750977 28.355098724365234
v 66.7043228149414 -2.8773038387298584 39.06062698364258
v 65.0488510131836 -2.18676495552063 31.800308227539062
v 65.40281677246094 -2.014986753463745 37.62018585205078
v 65.41504669189453 30.090383529663086 433.82904052734375
v 64.36450958251953 39.8017463684082 388.6925354003906
v 64.96736145019531 43.17115020751953 381.7966613769531
v 64.5150146484375 46.848350524902344 391.8218078613281
v 65.28034210205078 49.751983642578125 290.3406982421875
v 64.7696304321289 54.25155258178711 304.375244140625
v 64.91075134277344 55.27183532714844 372.3256530761719
v 64.36280822753906 58.30577850341797 367.98651123046875
v 65.39909362792969 59.61872863769531 313.0896301269531
v 64.66436004638672 59.31804656982422 388.2244567871094
v 66.100341796875 62.33012390136719 319.8102722167969
v 66.0279769897461 72.3749771118164 289.13726806640625
v 65.93130493164062 82.11975860595703 356.4006042480469
v 65.1596450805664 92.33338928222656 316.06243896484375
v 65.70331573486328 93.85562133789062 331.15582275390625
v 65.4419937133789 -17.469167709350586 35.834999084472656
v 66.59048461914062 -16.414472579956055 30.288549423217773
v 66.69401550292969 -15.015593528747559 41.217987060546875
v 65.17242431640625 -11.883509635925293 44.847679138183594
v 65.0000991821289 -11.310306549072266 19.941518783569336
v 65.44034576416016 -3.6117148399353027 21.882627487182617
v 65.8505630493164 30.284513473510742 438.39788818359375
v 65.82704162597656 28.553876876831055 438.5833740234375
v 64.5152587890625 40.853633880615234 383.7991638183594
v 64.87212371826172 45.827911376953125 379.490234375
v 65.22616577148438 49.17816925048828 287.74822998046875
v 64.87242126464844 49.61722183227539 281.937255859375
v 64.58563232421875 49.64548873901367 293.2159118652344
v 65.08122253417969 51.377498626708984 296.5881042480469
v 65.07744598388672 51.57664108276367 280.7100524902344
v 65.00508880615234 52.91194152832031 390.3401184082031
v 65.05543518066406 55.94062805175781 389.0686950683594
v 65.0556640625 56.41490936279297 371.972412109375
v 65.65766906738281 60.61692428588867 314.9471435546875
v 65.39949035644531 62.29142379760742 354.4788818359375
v 64.62753295898438 64.29324340820312 384.1999816894531
v 65.46493530273438 62.26272201538086 342.1405029296875
v 65.70885467529297 63.54119873046875 324.1756896972656
v 64.91049194335938 65.93061828613281 381.4737854003906
v 64.96500396728516 78.92005157470703 360.6258850097656
v 65.43285369873047 79.7095718383789 295.2215881347656
v 65.38858032226562 88.17415618896484 347.6000671386719
v 65.79612731933594 -13.004162788391113 22.3647403717041
v 65.21592712402344 -8.087639808654785 44.966636657714844
v 65.65364837646484 -6.44722843170166 19.15459632873535
v 66.06449127197266 -4.683382987976074 20.269309997558594
v 66.26517486572266 -3.3312928676605225 22.88178825378418
v 66.64729309082031 -2.2423603534698486 31.05634117126465
v 65.99553680419922 27.148527145385742 437.56854248046875
v 65.64227294921875 31.197988510131836 437.4513244628906
v 65.75743865966797 44.07207489013672 384.3689880371094
v 66.1908950805664 45.526363372802734 385.4819641113281
v 65.04751586914062 49.73497772216797 378.0045166015625
v 65.27010345458984 53.35133743286133 375.2368469238281
v 66.1650390625 56.99515914916992 308.6721496582031
v 64.98765563964844 60.317440032958984 365.58642578125
v 66.83758544921875 62.64872360229492 348.7142333984375
v 66.25374603271484 62.585567474365234 354.1234130859375
v 65.54444885253906 62.5854606628418 361.0914001464844
v 65.65508270263672 62.07008743286133 282.6058654785156
v 66.04020690917969 62.90470504760742 335.92230224609375
v 65.50592803955078 63.4403190612793 383.24688720703125
v 65.88014221191406 66.263916015625 285.219970703125
v 65.73309326171875 65.86973571777344 378.2699890136719
v 65.06343841552734 70.7427978515625 372.26898193359375
v 65.16419219970703 72.68727111816406 367.27410888671875
v 65.85059356689453 74.00980377197266 364.65185546875
v 65.75653076171875 81.83763885498047 298.00341796875
v 66.19507598876953 82.88524627685547 355.6349182128906
v 66.40850830078125 84.86516571044922 353.0276184082031
v 65.85102081298828 86.4702377319336 304.7945861816406
v 66.3380126953125 87.95095825195312 307.1914978027344
v 66.00975036621094 89.4077377319336 309.7841491699219
v 65.83108520507812 89.57453155517578 343.77587890625
v 66.58221435546875 90.32344818115234 342.5213928222656
v 65.63626861572266 93.30728912353516 320.4030456542969
v 67.48876953125 -17.018367767333984 32.849700927734375
v 66.68749237060547 -17.015039443969727 37.45685958862305
v 67.39859771728516 -13.413212776184082 42.1099853515625
v 66.54906463623047 -10.400320053100586 19.372652053833008
v 66.19145965576172 -8.315173149108887 18.859378814697266
v 67.55355072021484 -3.677466869354248 39.78940963745117
v 68.0383071899414 26.79909896850586 436.0505065917969
v 66.47294616699219 31.329326629638672 435.1018371582031
v 65.48272705078125 46.03445053100586 389.6206359863281
v 65.60179138183594 49.060420989990234 389.72064208984375
v 66.37715911865234 51.470672607421875 286.7332763671875
v 66.80730438232422 53.0683708190918 297.9190979003906
v 66.32040405273438 55.728912353515625 282.5240173339844
v 66.2384262084961 58.5041389465332 282.4803466796875
v 65.50727844238281 59.988006591796875 368.92327880859375
v 67.52165222167969 64.1058578491211 324.8382263183594
v 65.56549835205078 68.74613952636719 373.80462646484375
v 66.14742279052734 71.03118896484375 367.7503967285156
v 65.98120880126953 69.4421615600586 370.86529541015625
v 66.07598876953125 76.75784301757812 360.73822021484375
v 66.9054946899414 77.55045318603516 293.86029052734375
v 66.476806640625 86.1445083618164 350.9341125488281
v 66.84424591064453 91.08619689941406 313.8622131347656
v 66.39250946044922 91.98301696777344 338.7112121582031
v 66.61661529541016 93.72976684570312 324.67425537109375
v 66.94326782226562 93.21839141845703 334.1241760253906
v 66.72598266601562 -13.146773338317871 24.370119094848633
v 66.85258483886719 -12.241691589355469 21.040796279907227
v 66.2186279296875 -3.600914716720581 27.03154945373535
v 67.08421325683594 -2.7104222774505615 29.974050521850586
v 67.09833526611328 -1.8658626079559326 32.8802490234375
v 67.73297119140625 31.685693740844727 436.6814270019531
v 65.96551513671875 45.61206817626953 387.5638427734375
v 66.17740631103516 47.07294464111328 382.4281005859375
v 66.06751251220703 50.64060592651367 379.99908447265625
v 66.2658462524414 51.2210578918457 288.5009765625
v 66.10846710205078 54.09934616088867 376.6278381347656
v 66.33473205566406 52.01117706298828 387.3504638671875
v 67.39851379394531 54.7172737121582 301.4938049316406
v 66.05655670166016 57.882259368896484 386.2489929199219
v 66.22084045410156 54.09606170654297 386.8948974609375
v 66.32456970214844 57.32846450805664 373.8758239746094
v 66.35106658935547 58.70038986206055 373.677490234375
v 65.94114685058594 61.75043869018555 367.0042724609375
v 66.450927734375 61.20017623901367 316.2930603027344
v 66.22329711914062 62.04621505737305 346.8487854003906
v 67.63398742675781 63.10176467895508 341.1610412597656
v 65.9868392944336 62.76348114013672 363.6355285644531
v 67.65599822998047 63.487117767333984 328.3816223144531
v 66.30060577392578 64.08233642578125 379.8057556152344
v 66.75945281982422 77.15210723876953 360.34356689453125
v 67.59323120117188 89.9520034790039 312.28704833984375
v 66.90498352050781 92.2535400390625 317.2279052734375
v 66.86595916748047 -15.153429985046387 28.358671188354492
v 67.53922271728516 -7.5035400390625 42.82722091674805
v 67.594970703125 -5.823773384094238 19.849565505981445
v 68.25585174560547 -2.113219976425171 34.77336883544922
v 68.43240356445312 28.191553115844727 434.4864501953125
v 68.03843688964844 29.42055892944336 434.22210693359375
v 68.47393798828125 30.356689453125 434.59912109375
v 66.34367370605469 48.33774185180664 387.2193603515625
v 66.88428497314453 52.949466705322266 286.7061767578125
v 67.39761352539062 53.145545959472656 294.5690612792969
v 67.75300598144531 53.669918060302734 293.7462158203125
v 66.74064636230469 53.97562026977539 284.4096984863281
v 66.68988037109375 55.33717727661133 304.62066650390625
v 66.22420501708984 60.92451477050781 370.756591796875
v 67.02021026611328 59.83325958251953 284.0860900878906
v 66.37740325927734 62.284515380859375 381.88482666015625
v 66.5335693359375 62.87127685546875 370.7268371582031
v 66.5437240600586 63.306941986083984 368.09332275390625
v 67.40986633300781 62.88924789428711 339.52728271484375
v 67.14038848876953 64.17193603515625 355.54443359375
v 66.96294403076172 64.09658813476562 358.1734313964844
v 66.9385757446289 64.81893157958984 359.8468017578125
v 67.03546142578125 64.54439544677734 285.726318359375
v 66.20811462402344 67.44474029541016 372.473388671875
v 66.06976318359375 70.8709945678711 366.8605041503906
v 68.00367736816406 75.31609344482422 292.7999572753906
v 67.10083770751953 75.44029235839844 360.3295593261719
v 67.86460876464844 80.44428253173828 356.3460388183594
v 67.74663543701172 83.0946044921875 354.009765625
v 67.30677032470703 87.95359802246094 346.6290588378906
v 67.77987670898438 -16.143369674682617 38.69249725341797
v 67.49510192871094 -12.835688591003418 23.10566520690918
v 67.87870025634766 -11.235549926757812 42.745933532714844
v 69.3340835571289 -10.342185974121094 41.824588775634766
v 67.3636245727539 -7.662197113037109 19.166532516479492
v 67.72078704833984 -3.67865252494812 24.019807815551758
v 68.20700073242188 26.72538185119629 437.6336975097656
v 68.26458740234375 27.247373580932617 435.2165832519531
v 67.42731475830078 30.01291847229004 439.1732482910156
v 66.76109313964844 51.45769119262695 383.5089111328125
v 66.78199768066406 54.718109130859375 378.86737060546875
v 66.73065185546875 52.754093170166016 384.37054443359375
v 66.75389862060547 57.342464447021484 384.061279296875
v 68.49896240234375 63.27224349975586 345.4470520019531
v 67.76907348632812 63.02714538574219 334.8334045410156
v 66.7971420288086 64.61115264892578 365.3858337402344
v 68.02945709228516 64.13056945800781 323.83392333984375
v 66.86070251464844 65.2786865234375 362.7984619140625
v 66.61875915527344 65.03804779052734 371.7718505859375
v 66.86567687988281 65.6128921508789 364.82574462890625
v 66.5428695678711 63.77508544921875 376.8843078613281
v 66.60134887695312 67.35671997070312 369.9716796875
v 66.69283294677734 69.0771713256836 365.9820556640625
v 68.18565368652344 71.38471221923828 290.18511962890625
v 68.20928955078125 80.27937316894531 297.683837890625
v 68.37187957763672 82.43827056884766 300.869140625
v 67.97801971435547 83.75941467285156 302.1588439941406
v 68.5383529663086 91.21875762939453 339.2154235839844
v 68.05239868164062 92.94383239746094 321.8167724609375
v 67.81442260742188 -12.724809646606445 24.501785278320312
v 68.50590515136719 -4.655911445617676 40.250545501708984
v 68.00544738769531 -4.115541934967041 22.156335830688477
v 67.40811157226562 28.037057876586914 438.9798583984375
v 67.95455932617188 31.313764572143555 438.24395751953125
v 67.04432678222656 54.77032470703125 381.24688720703125
v 67.04859924316406 55.54490661621094 284.6865234375
v 67.03549194335938 56.1168327331543 382.93359375
v 67.04349517822266 57.62086868286133 377.0528564453125
v 67.18565368652344 58.49333190917969 379.3211669921875
v 67.53025817871094 57.87330627441406 285.109375
v 67.02484893798828 60.72612762451172 380.21826171875
v 67.09481048583984 60.228919982910156 376.00823974609375
v 68.74761962890625 60.855690002441406 312.2469177246094
v 66.83829498291016 61.738800048828125 375.6277770996094
v 68.41924285888672 61.387847900390625 313.9376525878906
v 67.03382110595703 62.01847839355469 377.8839416503906
v 67.95352172851562 62.95802688598633 286.4529113769531
v 66.77375793457031 65.75929260253906 369.1646423339844
v 67.01424407958984 67.45597076416016 366.55657958984375
v 67.10003662109375 67.66217041015625 364.37884521484375
v 68.38566589355469 72.58699035644531 359.4944152832031
v 68.01729583740234 73.70582580566406 359.85418701171875
v 68.50812530517578 86.06166076660156 305.7431640625
v 69.02555847167969 88.3422622680664 343.7987365722656
v 68.75022888183594 88.59526824951172 310.2607421875
v 68.63943481445312 -14.763477325439453 40.01897430419922
v 67.8603515625 -9.479734420776367 19.50859260559082
v 68.20674133300781 -4.394409656524658 26.898998260498047
v 68.41224670410156 -3.7698447704315186 27.902132034301758
v 69.03654479980469 -2.910388708114624 36.679473876953125
v 68.67410278320312 55.42329025268555 291.8501892089844
v 67.79776000976562 55.56230926513672 286.95941162109375
v 68.0693588256836 57.77406692504883 308.0738525390625
v 69.2825698852539 62.42298889160156 316.2123107910156
v 69.4460678100586 63.506839752197266 319.2954406738281
v 68.81116485595703 63.69873046875 348.73876953125
v 68.34007263183594 63.60472106933594 336.62353515625
v 67.81476593017578 64.41936492919922 355.28668212890625
v 67.85447692871094 65.40894317626953 356.3761291503906
v 68.00390625 66.24617004394531 287.4096374511719
v 67.80376434326172 66.33499908447266 359.6065979003906
v 67.83624267578125 67.82250213623047 361.00518798828125
v 67.88903045654297 69.7180404663086 361.5265808105469
v 67.90348052978516 75.40695190429688 359.9862365722656
v 68.61490631103516 77.38380432128906 357.9726867675781
v 68.13326263427734 85.34769439697266 304.6867370605469
v 69.56082153320312 88.77079010009766 343.2726135253906
v 69.19366455078125 92.96681213378906 330.87884521484375
v 68.64054107666016 -16.71843719482422 34.70999526977539
v 68.7269515991211 -14.71931266784668 28.41624641418457
v 69.30203247070312 -12.850937843322754 41.083370208740234
v 68.4197998046875 -11.88127326965332 21.874256134033203
v 69.0545654296875 -10.476497650146484 20.847841262817383
v 69.50971984863281 58.251338958740234 306.8282165527344
v 68.82554626464844 64.38752746582031 287.8755187988281
v 69.50730895996094 65.11547088623047 350.6592712402344
v 68.90016174316406 80.43461608886719 355.6129455566406
v 68.90975952148438 79.3340835571289 355.99169921875
v 68.96077728271484 82.92977905273438 353.2587585449219
v 68.44371032714844 85.40264129638672 350.28668212890625
v 68.96673583984375 90.35506439208984 314.20379638671875
v 69.38961029052734 -16.064533233642578 36.49663162231445
v 69.2883071899414 -11.593635559082031 24.96430206298828
v 69.01248168945312 -8.15869426727295 20.09895896911621
v 69.27456665039062 -6.339075565338135 41.00486755371094
v 69.15702819824219 -5.5552287101745605 21.39925765991211
v 68.62492370605469 -3.280632257461548 29.53457260131836
v 71.68036651611328 28.105133056640625 439.5748291015625
v 70.74120330810547 29.58837127685547 439.341552734375
v 69.01908111572266 55.292381286621094 294.8854064941406
v 69.07839965820312 57.2269401550293 290.2003479003906
v 69.00357818603516 59.97748565673828 288.1907958984375
v 69.17179870605469 63.87348937988281 341.416259765625
v 69.06489562988281 66.43929290771484 355.9638977050781
v 68.95709228515625 66.81593322753906 356.6602478027344
v 68.47216796875 66.96403503417969 357.0936584472656
v 68.82869720458984 68.5573501586914 357.9062194824219
v 69.38387298583984 69.66223907470703 290.44921875
v 68.79399871826172 70.95822143554688 358.9023132324219
v 68.68004608154297 74.07818603515625 359.45330810546875
v 69.29276275634766 77.07489776611328 295.3016357421875
v 69.52967071533203 91.30902862548828 317.5989685058594
v 69.35037231445312 92.48845672607422 333.95013427734375
v 68.99918365478516 92.95892333984375 325.570068359375
v 71.26142120361328 -14.335039138793945 28.520116806030273
v 72.39805603027344 -15.424630165100098 30.48228645324707
v 70.03015899658203 -14.966381072998047 37.9648551940918
v 69.48043060302734 -11.39898681640625 23.27899932861328
v 69.7078628540039 -8.509284019470215 41.46812438964844
v 69.25564575195312 -4.7743682861328125 23.753753662109375
v 69.14934539794922 -5.209174633026123 26.5484676361084
v 69.5433578491211 -3.8766016960144043 38.011531829833984
v 73.3133773803711 -3.4227688312530518 31.160898208618164
v 70.100341796875 31.055686950683594 435.8702392578125
v 69.34515380859375 31.49066162109375 437.14459228515625
v 69.53416442871094 56.668601989746094 292.42041015625
v 69.69441223144531 56.720436096191406 301.3254089355469
v 69.59934997558594 63.65317153930664 335.54248046875
v 69.89808654785156 64.12641143798828 340.21087646484375
v 69.30607604980469 71.62252044677734 358.7475891113281
v 70.6380844116211 75.14630889892578 295.1193542480469
v 69.843017578125 75.15009307861328 357.3280334472656
v 70.02819061279297 84.6989974975586 305.4561767578125
v 70.25410461425781 88.87891387939453 312.8952941894531
v 70.38687896728516 89.67778015136719 340.76739501953125
v 73.34112548828125 -15.860634803771973 32.20421600341797
v 70.43538665771484 -12.098640441894531 26.797346115112305
v 69.73710632324219 -7.893103122711182 20.970861434936523
v 70.15508270263672 -5.282161712646484 39.20950698852539
v 70.41722869873047 -5.225283145904541 27.77537727355957
v 70.28901672363281 26.278812408447266 436.5401611328125
v 70.55655670166016 26.93912124633789 435.3434143066406
v 71.24739837646484 27.916324615478516 434.8164978027344
v 71.71322631835938 28.70306968688965 434.80389404296875
v 69.87271118164062 62.23155975341797 289.33880615234375
v 70.46530151367188 64.8095474243164 322.0137939453125
v 70.35346984863281 64.72990417480469 346.7194519042969
v 70.20073699951172 64.48213958740234 328.1270751953125
v 70.45951843261719 65.384765625 324.5537109375
v 70.47607421875 66.66903686523438 351.5712585449219
v 70.3648681640625 66.60836791992188 290.5771789550781
v 69.44812774658203 69.29610443115234 357.7745056152344
v 70.67142486572266 80.26156616210938 353.64794921875
v 70.49332427978516 82.3410415649414 302.8282775878906
v 70.39111328125 84.02926635742188 349.90985107421875
v 70.60535430908203 86.29010009765625 346.00201416015625
v 70.2751235961914 92.24762725830078 323.8205871582031
v 70.39387512207031 -9.378366470336914 22.57675552368164
v 70.20685577392578 -6.54955530166626 22.5488224029541
v 70.20663452148438 -6.151164531707764 23.83138084411621
v 70.10836791992188 26.268054962158203 437.4781188964844
v 70.43899536132812 26.91175651550293 438.8701477050781
v 70.82489776611328 59.23036193847656 306.06121826171875
v 70.01060485839844 58.77130889892578 291.20635986328125
v 71.1679458618164 64.55628204345703 333.8225402832031
v 71.8552474975586 65.06047821044922 337.1640930175781
v 70.84835052490234 64.95526123046875 337.619873046875
v 70.71531677246094 70.33736419677734 355.69927978515625
v 71.31745910644531 74.05255889892578 354.9182434082031
v 70.52386474609375 76.60215759277344 355.4936828613281
v 70.79344940185547 78.72969818115234 298.6883544921875
v 71.1668701171875 86.66143035888672 309.676513671875
v 70.43453216552734 -13.672124862670898 39.10858917236328
v 70.83843994140625 -11.313414573669434 40.1788215637207
v 70.44934844970703 -9.546564102172852 24.417526245117188
v 70.33079528808594 -9.351821899414062 25.559295654296875
v 70.67801666259766 -7.517294406890869 40.163089752197266
v 70.23341369628906 -7.182450771331787 26.142980575561523
v 71.43470764160156 -7.555075645446777 27.166244506835938
v 72.62740325927734 -3.8635647296905518 30.023542404174805
v 73.79783630371094 -3.148099899291992 32.645355224609375
v 73.99300384521484 -3.2415554523468018 34.25767135620117
v 72.2201919555664 30.316423416137695 438.3131103515625
v 72.44255828857422 63.61206817626953 294.7630310058594
v 70.79788970947266 62.51007080078125 312.14044189453125
v 70.91515350341797 65.09149169921875 341.7910461425781
v 71.79019927978516 66.10031127929688 322.9435119628906
v 71.1639633178711 66.86286926269531 351.07843017578125
v 71.19732666015625 72.73139953613281 294.31890869140625
v 71.16552734375 76.73957061767578 355.0618591308594
v 71.3935317993164 80.38835906982422 301.8725280761719
v 70.83837127685547 87.0654067993164 343.8021545410156
v 70.783447265625 90.21163940429688 316.4869079589844
v 71.39259338378906 89.99951934814453 338.7190246582031
v 71.0435791015625 91.59888458251953 334.27459716796875
v 71.42262268066406 -10.468273162841797 26.954540252685547
v 70.8487777709961 -9.15658950805664 40.379913330078125
v 70.64996337890625 -8.008158683776855 23.780107498168945
v 71.8121337890625 30.75514030456543 436.903076171875
v 71.5038070678711 58.821250915527344 299.7120666503906
v 71.99995422363281 60.33554458618164 305.1410827636719
v 72.02330017089844 66.73101043701172 347.90618896484375
v 71.39983367919922 69.2668228149414 352.769775390625
v 71.07283782958984 68.67959594726562 292.2288513183594
v 71.11477661132812 82.20914459228516 351.3096008300781
v 72.26165771484375 86.9574203491211 343.19140625
v 71.4307861328125 91.12635803222656 321.5954284667969
v 71.45173645019531 91.86280822753906 330.9291076660156
v 74.1360855102539 -15.69200325012207 34.422672271728516
v 71.49103546142578 -8.647007942199707 26.920915603637695
v 72.1511459350586 -5.1084089279174805 28.470901489257812
v 72.7223129272461 24.483570098876953 436.0904541015625
v 72.87696838378906 26.45958709716797 439.23895263671875
v 71.89183807373047 25.680419921875 438.4815368652344
v 72.15109252929688 29.71784210205078 435.3680419921875
v 72.00131225585938 65.07621765136719 318.3227233886719
v 72.28258514404297 66.32406616210938 293.8385009765625
v 72.20964813232422 65.90841674804688 341.04608154296875
v 71.59051513671875 71.82514953613281 353.9748840332031
v 72.1667251586914 80.59606170654297 351.27862548828125
v 72.81307983398438 82.18450927734375 306.0207214355469
v 72.2391586303711 83.41677856445312 306.4183044433594
v 72.35856628417969 84.72636413574219 345.75140380859375
v 71.87368774414062 87.69542694091797 313.1318359375
v 71.6983871459961 -13.445853233337402 28.114620208740234
v 74.56766510009766 -12.675585746765137 38.60784912109375
v 72.99063873291016 24.723302841186523 435.029052734375
v 72.56128692626953 26.112619400024414 434.39990234375
v 72.60499572753906 60.75114822387695 302.2337341308594
v 72.72209167480469 62.514129638671875 296.47259521484375
v 72.41535186767578 63.89493179321289 311.23760986328125
v 72.08255004882812 65.55387878417969 328.0162353515625
v 72.79045104980469 66.96007537841797 342.800537109375
v 72.29212951660156 72.39256286621094 295.6380310058594
v 72.0425796508789 73.57415008544922 354.1458740234375
v 72.29231262207031 77.43882751464844 353.0747375488281
v 72.828857421875 79.96075439453125 303.4323425292969
v 72.62165832519531 88.364990234375 315.4864807128906
v 72.8818588256836 90.4442367553711 323.6330871582031
v 72.66144561767578 91.06169891357422 329.8506164550781
v 72.66826629638672 -12.307930946350098 27.295690536499023
v 72.68700408935547 -8.568883895874023 26.670318603515625
v 73.440185546875 24.200441360473633 436.9706115722656
v 72.65814208984375 29.150741577148438 439.2097473144531
v 73.34587097167969 29.74291229248047 435.9067077636719
v 72.25698852539062 60.53451919555664 297.8738708496094
v 72.861083984375 64.44439697265625 312.1786193847656
v 73.12152862548828 65.84378051757812 334.4361572265625
v 72.78653717041016 66.35629272460938 320.8988037109375
v 72.81019592285156 66.60391998291016 338.4581298828125
v 73.11476135253906 67.32925415039062 324.25946044921875
v 73.29393768310547 69.46984100341797 349.2135009765625
v 72.1556396484375 70.37572479248047 352.8062744140625
v 72.7474365234375 75.15834045410156 298.2753601074219
v 73.00871276855469 83.01033020019531 346.8482666015625
v 73.08370208740234 84.87979888916016 343.790771484375
v 73.10857391357422 88.609619140625 338.9569091796875
v 73.41435241699219 88.55305480957031 317.9723205566406
v 73.20669555664062 -14.372550010681152 28.855253219604492
v 72.51207733154297 -10.420891761779785 26.741514205932617
v 73.56576538085938 -6.036503314971924 27.524158477783203
v 73.07526397705078 62.086753845214844 305.0320739746094
v 73.76939392089844 66.78191375732422 338.1694030761719
v 73.09233856201172 70.1980209350586 296.1480712890625
v 73.08228302001953 70.52281951904297 350.82574462890625
v 73.06946563720703 74.79882049560547 352.3257751464844
v 73.0666732788086 77.02200317382812 300.7476806640625
v 73.57478332519531 77.92194366455078 303.06732177734375
v 73.41781616210938 78.00109100341797 350.86004638671875
v 73.1642837524414 85.44515991210938 311.0260009765625
v 72.94767761230469 90.39924621582031 334.0539855957031
v 74.47237396240234 -15.5624361038208 31.0206356048584
v 74.09455871582031 -15.081504821777344 36.2653923034668
v 74.23053741455078 -13.84882926940918 37.81299591064453
v 74.889892578125 -9.129034996032715 39.37128829956055
v 74.5476303100586 -4.505171298980713 28.953582763671875
v 74.42257690429688 -5.429375648498535 38.058692932128906
v 74.29647827148438 -3.909276247024536 36.19337844848633
v 74.88986206054688 29.21307945251465 437.1502380371094
v 73.58594512939453 62.88863754272461 300.67816162109375
v 73.7729721069336 66.7157211303711 317.48797607421875
v 74.32207489013672 67.38958740234375 298.9134826660156
v 73.6994400024414 66.66091918945312 328.6271057128906
v 74.44127655029297 68.48902893066406 321.9175720214844
v 73.20535278320312 72.41753387451172 351.6389465332031
v 73.70240020751953 72.84141540527344 298.58819580078125
v 74.26091003417969 81.91647338867188 345.5682678222656
v 73.79059600830078 81.92477416992188 307.26104736328125
v 74.27001953125 85.5412826538086 313.9684753417969
v 73.84574890136719 90.18296813964844 330.3314514160156
v 74.5125732421875 -10.76782512664795 39.40495300292969
v 74.77442169189453 -7.309087753295898 39.02753448486328
v 75.18280792236328 24.28404426574707 433.9073791503906
v 75.48004913330078 24.97687530517578 433.5068359375
v 73.95525360107422 26.78960418701172 433.7368469238281
v 74.44327545166016 28.167600631713867 434.2633972167969
v 73.91496276855469 63.52630615234375 303.5400390625
v 74.13933563232422 64.97084045410156 299.9477233886719
v 74.21297454833984 66.29969787597656 309.85198974609375
v 73.99678039550781 68.01883697509766 339.32470703125
v 73.98480224609375 68.1517562866211 341.90234375
v 74.21377563476562 69.25789642333984 343.6706237792969
v 74.4817886352539 77.64531707763672 304.6665344238281
v 74.6124496459961 83.85466766357422 343.31658935546875
v 74.71964263916016 84.96727752685547 342.0160217285156
v 74.21226501464844 86.44560241699219 315.2684020996094
v 74.78398895263672 89.01016235351562 333.1540222167969
v 74.73207092285156 88.97053527832031 327.1329650878906
v 75.03465270996094 -14.275025367736816 27.30088233947754
v 74.83737182617188 -12.088342666625977 25.620851516723633
v 74.53547668457031 -6.781714916229248 26.324831008911133
v 76.11796569824219 23.094974517822266 436.9110107421875
v 74.57424926757812 26.818103790283203 439.0386962890625
v 74.40486145019531 28.08645248413086 438.927978515625
v 74.99386596679688 68.3399658203125 338.8291015625
v 74.12670135498047 70.20021057128906 298.5047302246094
v 75.20347595214844 71.89633178710938 344.5733642578125
v 74.29882049560547 72.6102523803711 348.91015625
v 74.07615661621094 74.54826354980469 350.1665954589844
v 74.6372299194336 73.76844024658203 301.74993896484375
v 75.22306823730469 -15.695657730102539 32.504493713378906
v 75.78630065917969 -3.7076499462127686 30.979494094848633
v 75.23528289794922 23.15897560119629 435.3936767578125
v 75.06769561767578 28.581703186035156 438.06787109375
v 74.84494018554688 29.27958869934082 436.3459167480469
v 74.57090759277344 65.43898010253906 304.1543273925781
v 74.78116607666016 67.18748474121094 310.3177490234375
v 74.88206481933594 68.02951049804688 316.4156494140625
v 75.74442291259766 68.5881118774414 335.56475830078125
v 74.85499572753906 68.14986419677734 326.94427490234375
v 75.24136352539062 69.70230865478516 323.6472473144531
v 74.7979965209961 76.73587799072266 347.70001220703125
v 74.81710815429688 80.21031188964844 307.8044738769531
v 75.08538055419922 79.60668182373047 345.5941162109375
v 74.53923797607422 82.85061645507812 343.3555908203125
v 74.57083892822266 83.78672790527344 311.5732727050781
v 75.1080551147461 86.74137115478516 338.450439453125
v 74.81417846679688 88.51203918457031 323.90594482421875
v 75.24286651611328 88.70008087158203 328.85888671875
v 75.34181213378906 -9.259072303771973 24.895605087280273
v 75.77686309814453 -5.159051418304443 27.28489112854004
v 76.06025695800781 -4.356186866760254 35.47175979614258
v 75.98048400878906 26.131778717041016 433.44940185546875
v 77.26063537597656 27.494958877563477 434.77093505859375
v 75.07125854492188 67.66566467285156 303.763427734375
v 75.07323455810547 68.25099182128906 308.53704833984375
v 75.65972137451172 69.31173706054688 315.7431640625
v 75.81533813476562 68.68900299072266 329.9621276855469
v 75.20091247558594 69.25711822509766 303.0797424316406
v 75.13909912109375 70.76619720458984 302.4573059082031
v 76.1363525390625 70.3905029296875 325.4185791015625
v 75.43733215332031 70.51824951171875 340.3229064941406
v 75.1712646484375 70.41416931152344 342.5718994140625
v 75.31619262695312 75.10005950927734 346.15338134765625
v 75.08708190917969 74.71150207519531 304.73895263671875
v 75.67489624023438 80.49412536621094 343.0229797363281
v 75.1373519897461 86.41919708251953 318.1749572753906
v 77.56360626220703 -15.490337371826172 32.68955993652344
v 75.92420959472656 -15.525962829589844 29.353090286254883
v 76.26524353027344 -6.954044818878174 25.43755340576172
v 78.40287017822266 -4.122151851654053 32.34715270996094
v 76.00531005859375 24.143796920776367 437.9798278808594
v 76.9142837524414 27.116514205932617 434.10791015625
v 76.03333282470703 70.7052993774414 320.7906799316406
v 75.95747375488281 70.01158905029297 339.5008239746094
v 75.44557189941406 75.5040512084961 305.851318359375
v 75.56828308105469 82.1579818725586 312.0185546875
v 76.13671112060547 87.11924743652344 333.947021484375
v 76.24652099609375 -11.57658863067627 38.18626022338867
v 77.1153564453125 -5.8467698097229 26.07355308532715
v 76.74151611328125 -4.125668048858643 28.88558578491211
v 75.61145782470703 71.4645767211914 306.69561767578125
v 75.79441833496094 70.18501281738281 308.81787109375
v 76.09725189208984 70.29045104980469 313.2178649902344
v 76.35509490966797 69.98497009277344 327.2901306152344
v 76.2942123413086 71.19481658935547 340.1358947753906
v 75.97972106933594 73.76395416259766 343.7198181152344
v 75.84027099609375 72.87014770507812 306.8653869628906
v 76.25497436523438 76.89415740966797 309.4358825683594
v 75.9657974243164 77.57028198242188 344.2680969238281
v 75.77384185791016 78.63458251953125 308.7899169921875
v 76.18360900878906 80.5920639038086 342.81610107421875
v 76.70879364013672 82.85885620117188 317.2607727050781
v 76.45027160644531 82.02172088623047 341.48895263671875
v 75.99798583984375 84.41635131835938 316.9977722167969
v 76.43143463134766 84.47932434082031 338.8948974609375
v 76.43714904785156 86.15543365478516 324.0365905761719
v 76.65914154052734 86.8658676147461 331.4560241699219
v 77.74906158447266 -14.500795364379883 34.90542984008789
v 76.34033966064453 -12.437878608703613 24.191129684448242
v 77.23120880126953 -10.563309669494629 23.02077293395996
v 77.62708282470703 -8.52142333984375 23.15220832824707
v 77.51284790039062 21.857683181762695 432.2756042480469
v 77.73021697998047 21.13349151611328 433.3171691894531
v 77.8421630859375 23.41925621032715 431.389404296875
v 77.10407257080078 24.70331382751465 438.1318054199219
v 77.80009460449219 25.899015426635742 437.8962097167969
v 76.60134887695312 72.41954803466797 311.9383544921875
v 76.07941436767578 72.48046875 340.91436767578125
v 76.43386840820312 74.45579528808594 341.5838928222656
v 76.76415252685547 74.52243041992188 311.1679382324219
v 76.25813293457031 78.07434844970703 342.6076965332031
v 76.34740447998047 80.35760498046875 312.4211120605469
v 76.3718490600586 86.7115478515625 326.7655944824219
v 77.12444305419922 86.1017837524414 329.2056579589844
v 76.8673324584961 -15.834606170654297 30.69310188293457
v 78.05044555664062 -15.319467544555664 25.508283615112305
v 77.67993927001953 -14.282898902893066 24.382678985595703
v 79.0884780883789 -10.160040855407715 36.87439727783203
v 78.0261459350586 -3.889261484146118 30.66307830810547
v 77.9880599975586 21.257335662841797 435.2084655761719
v 77.78227996826172 26.977632522583008 437.1253356933594
v 77.4626235961914 71.70562744140625 336.222900390625
v 76.65777587890625 71.79907989501953 315.3876037597656
v 76.8677749633789 72.63201141357422 323.1667785644531
v 76.98492431640625 73.01709747314453 340.4798889160156
v 76.4407730102539 76.40361022949219 342.19598388671875
v 76.92818450927734 78.66120910644531 342.1755065917969
v 77.90767669677734 -16.109243392944336 28.227357864379883
v 79.04519653320312 -8.16760540008545 36.71376419067383
v 77.96189880371094 -6.050647258758545 36.25023651123047
v 78.09422302246094 -5.024982452392578 27.00366973876953
v 79.17048645019531 22.88541030883789 436.94830322265625
v 78.44918060302734 27.121177673339844 435.9544677734375
v 77.58940124511719 71.46826171875 330.17633056640625
v 77.29544830322266 73.95581817626953 319.36566162109375
v 77.1453628540039 74.31907653808594 314.56402587890625
v 77.15235137939453 74.63102722167969 341.1658630371094
v 77.15812683105469 76.20580291748047 313.6360778808594
v 76.89676666259766 78.71876525878906 313.119384765625
v 76.95905303955078 76.5220718383789 342.0012512207031
v 77.53511810302734 82.41643524169922 338.1282653808594
v 77.2110595703125 84.38269805908203 323.84954833984375
v 77.70330047607422 84.65535736083984 333.09649658203125
v 77.22359466552734 85.2367935180664 326.8297119140625
v 77.8548583984375 -12.725735664367676 23.07611846923828
v 80.07829284667969 -12.090682029724121 35.56749725341797
v 79.27342987060547 -5.979132652282715 24.318931579589844
v 77.45588684082031 72.3338851928711 326.6717529296875
v 77.61036682128906 74.85200500488281 322.7635803222656
v 77.66343688964844 76.26439666748047 318.7611389160156
v 77.78250885009766 77.22442626953125 340.0535888671875
v 77.71209716796875 78.25318908691406 318.396728515625
v 77.41595458984375 80.39546203613281 317.772705078125
v 77.96915435791016 79.84574127197266 338.837890625
v 77.7100830078125 82.1746597290039 322.6156921386719
v 78.98731994628906 -14.847698211669922 33.50783157348633
v 79.85550689697266 -13.527129173278809 34.67567443847656
v 78.74605560302734 -7.263570308685303 23.254743576049805
v 78.68633270263672 21.928285598754883 436.3503723144531
v 79.89598083496094 23.95258903503418 430.4168395996094
v 78.76679229736328 26.050806045532227 432.522216796875
v 78.21709442138672 74.56287384033203 337.17633056640625
v 78.0902099609375 75.24639892578125 325.3005065917969
v 77.98304748535156 77.2633285522461 322.315673828125
v 78.00897216796875 79.6966781616211 322.12701416015625
v 78.20919799804688 82.12370300292969 326.0787048339844
v 78.25550842285156 83.70966339111328 329.5255126953125
v 79.81022644042969 -4.548776626586914 28.497318267822266
v 80.3050308227539 24.68132781982422 430.8053283691406
v 78.83129119873047 74.85031127929688 331.101318359375
v 78.4403305053711 74.52167510986328 327.5188903808594
v 78.55052947998047 78.63085174560547 325.62335205078125
v 78.59486389160156 76.80361938476562 336.5331726074219
v 78.22538757324219 81.8643798828125 335.72296142578125
v 78.53314971923828 79.24356842041016 336.6520690917969
v 79.32025146484375 -16.278215408325195 29.74196434020996
v 79.6453857421875 -13.174568176269531 22.260587692260742
v 80.14436340332031 -12.211777687072754 21.66449546813965
v 79.87800598144531 -10.569890022277832 21.57908821105957
v 79.71000671386719 21.301420211791992 430.6215515136719
v 79.87611389160156 20.718191146850586 434.9887390136719
v 79.80227661132812 23.585880279541016 436.88397216796875
v 78.87171173095703 76.9932861328125 327.4879150390625
v 79.18489074707031 77.45032501220703 331.017822265625
v 79.0521469116211 79.99964141845703 332.4681091308594
v 79.03961181640625 79.73857879638672 328.4893493652344
v 78.78179168701172 81.96723175048828 331.1019287109375
v 80.77572631835938 -16.262271881103516 25.63787269592285
v 80.19514465332031 -15.802985191345215 31.47556495666504
v 80.16614532470703 -15.348531723022461 23.97471046447754
v 80.35729217529297 -14.159219741821289 22.604389190673828
v 80.45516204833984 -8.80168628692627 21.69988441467285
v 81.3865737915039 -7.122199058532715 34.1844482421875
v 79.97080993652344 -5.090358734130859 33.19990539550781
v 80.3663330078125 20.005640029907227 432.9627685546875
v 79.66383361816406 20.426748275756836 431.9172058105469
v 79.68783569335938 22.307790756225586 430.2326965332031
v 80.65170288085938 24.370264053344727 436.3422546386719
v 80.09766387939453 26.269020080566406 433.59490966796875
v 80.89727020263672 -14.988595008850098 32.6340217590332
v 80.88851928710938 -5.074952125549316 25.460725784301758
v 81.91605377197266 -5.139904499053955 30.082035064697266
v 81.13606262207031 25.21326446533203 435.23004150390625
v 81.26048278808594 -6.519835472106934 23.02488136291504
v 81.42915344238281 19.93874740600586 430.0094299316406
v 82.48580932617188 22.107887268066406 428.0950012207031
v 81.54606628417969 25.044490814208984 430.99609375
v 81.05768585205078 25.674976348876953 434.4092712402344
v 81.30963134765625 -16.053653717041016 29.820960998535156
v 82.16667175292969 -13.91004753112793 33.024986267089844
v 82.65459442138672 -9.105487823486328 33.958030700683594
v 81.48847198486328 -4.75108528137207 26.968778610229492
v 82.33723449707031 19.18551254272461 430.6091003417969
v 81.82132720947266 -16.543752670288086 27.192363739013672
v 82.52500915527344 -15.575261116027832 23.790904998779297
v 81.89624786376953 -12.120174407958984 34.389923095703125
v 82.63878631591797 -10.43835163116455 34.14442825317383
v 82.53994750976562 25.27928924560547 432.2877197265625
v 84.23482513427734 -11.427663803100586 20.793622970581055
v 83.0128402709961 -8.413078308105469 21.6195068359375
v 83.67423248291016 -5.132416248321533 27.1885929107666
v 82.54674530029297 19.326919555664062 432.41314697265625
v 83.14834594726562 20.064363479614258 433.5815734863281
v 82.29683685302734 21.043399810791016 428.25836181640625
v 82.73106384277344 21.725908279418945 434.9582214355469
v 83.06243133544922 -16.145545959472656 25.22161102294922
v 83.00685119628906 -14.704048156738281 31.364105224609375
v 84.82847595214844 -13.94841480255127 21.64961051940918
v 83.397216796875 -6.612685203552246 31.288118362426758
v 82.69047546386719 -5.340356349945068 24.879549026489258
v 83.9929428100586 22.910425186157227 427.69268798828125
v 83.28142547607422 24.182743072509766 434.06756591796875
v 83.12117767333984 -15.935264587402344 29.33180046081543
v 83.69386291503906 -6.726046562194824 23.065353393554688
v 84.57514953613281 -5.931824684143066 29.17106056213379
v 82.61896514892578 19.75434112548828 428.6719665527344
v 83.4986343383789 22.92476463317871 434.4842224121094
v 83.80399322509766 23.872547149658203 428.6878356933594
v 84.39848327636719 24.405261993408203 429.64337158203125
v 84.03309631347656 -16.20690155029297 26.96086311340332
v 84.22959899902344 -12.695207595825195 32.07717514038086
v 83.51679992675781 24.714696884155273 432.7335510253906
v 84.29745483398438 -10.398149490356445 32.566749572753906
v 84.06462097167969 -8.026993751525879 31.908517837524414
v 84.3515625 18.49390411376953 429.8012390136719
v 84.61410522460938 -15.42525577545166 28.981523513793945
v 85.14307403564453 -15.369952201843262 23.257898330688477
v 84.23114776611328 -14.560970306396484 30.57162094116211
v 84.75408172607422 -9.36473274230957 21.108144760131836
v 86.74285125732422 -6.9292192459106445 24.268911361694336
v 86.91055297851562 18.351877212524414 426.6463623046875
v 86.1398696899414 19.373933792114258 426.0263671875
v 84.93904113769531 20.29775619506836 433.0246887207031
v 84.77654266357422 24.502601623535156 430.90283203125
v 85.36274719238281 -8.01393985748291 30.786548614501953
v 85.586669921875 18.761455535888672 430.9420166015625
v 85.30513000488281 21.537073135375977 433.23309326171875
v 86.05033111572266 -15.864729881286621 25.364316940307617
v 85.33211517333984 -10.566920280456543 31.771800994873047
v 85.47853088378906 -7.328536033630371 22.64235496520996
v 86.06256103515625 -6.394802570343018 25.849811553955078
v 85.86016082763672 20.932268142700195 425.8853454589844
v 85.38899993896484 23.960617065429688 431.92254638671875
v 85.31591796875 22.82126808166504 433.0234069824219
v 86.03619384765625 23.725923538208008 428.88653564453125
v 85.1715087890625 -13.298860549926758 30.840158462524414
v 85.45149230957031 -6.241576671600342 27.59157371520996
v 86.18809509277344 -12.619377136230469 21.317272186279297
v 85.68383026123047 -11.669493675231934 31.131961822509766
v 86.00110626220703 -10.671547889709473 21.022720336914062
v 85.718505859375 -6.920462131500244 28.885379791259766
v 86.33758544921875 22.572601318359375 426.50543212890625
v 86.71615600585938 -14.783564567565918 23.163700103759766
v 85.91027069091797 -9.628453254699707 30.879627227783203
v 86.6228256225586 -9.127114295959473 21.69405174255371
v 88.06129455566406 17.97442626953125 427.61016845703125
v 87.07330322265625 22.781421661376953 430.789794921875
v 87.10198211669922 -15.330066680908203 26.59107780456543
v 87.6266098022461 -14.174077987670898 28.315061569213867
v 87.53604888916016 -13.58413314819336 22.598134994506836
v 88.12640380859375 -12.499988555908203 28.995594024658203
v 87.2951431274414 -8.033495903015137 22.919057846069336
v 88.17436218261719 -8.508881568908691 28.067947387695312
v 87.81116485595703 20.373083114624023 430.92523193359375
v 87.54135131835938 23.038808822631836 427.38427734375
v 87.8266830444336 22.823862075805664 429.6488037109375
v 87.93730163574219 -14.681434631347656 24.682321548461914
v 87.32630920410156 -10.857022285461426 21.623327255249023
v 87.82559967041016 -7.470344543457031 26.81658935546875
v 89.15745544433594 19.064598083496094 429.18035888671875
v 88.2242660522461 -11.88780403137207 22.4295654296875
v 88.35294342041016 -10.580872535705566 29.046533584594727
v 87.99220275878906 -7.488709449768066 25.2456111907959
v 88.59751892089844 19.41651725769043 424.7814636230469
v 88.7735824584961 20.687746047973633 424.6607360839844
v 88.80261993408203 22.628564834594727 428.2098083496094
v 88.22103118896484 -14.454059600830078 26.446598052978516
v 88.67964935302734 -9.564641952514648 23.31412124633789
v 88.65375518798828 18.207550048828125 428.2971496582031
v 89.26363372802734 18.448463439941406 425.2037658691406
v 89.53826141357422 21.148998260498047 429.2547912597656
v 89.27725982666016 21.68138313293457 425.118896484375
v 88.9644775390625 -12.91938304901123 24.217321395874023
v 89.11726379394531 -13.013749122619629 26.718006134033203
v 88.9671401977539 -11.182517051696777 28.144603729248047
v 89.16710662841797 -9.18929672241211 25.14051628112793
v 89.14004516601562 -9.307428359985352 26.913379669189453
v 89.88433074951172 22.427196502685547 426.3727111816406
v 89.36892700195312 -11.342243194580078 24.357097625732422
v 90.90193176269531 17.30012321472168 426.7541198730469
v 89.57556915283203 17.69416618347168 426.3046875
v 89.5361099243164 -11.582780838012695 26.424774169921875
v 90.92768096923828 17.788297653198242 428.0183410644531
v 90.0754623413086 17.764991760253906 425.3939514160156
v 91.32665252685547 18.701528549194336 428.7852783203125
v 90.02315521240234 19.288660049438477 424.5439758300781
v 90.96461486816406 19.80805778503418 429.148193359375
v 90.30535888671875 20.41600799560547 424.73004150390625
v 91.21072387695312 21.73984146118164 427.6517028808594
v 90.47942352294922 17.99567222595215 424.0986328125
v 91.07760620117188 21.028244018554688 428.699462890625
v 91.0491714477539 21.3967342376709 425.5719299316406
v 91.79679870605469 16.560394287109375 423.8340759277344
v 91.65888214111328 17.71775245666504 422.77581787109375
v 92.45243835449219 21.0855770111084 425.7337646484375
v 91.99313354492188 16.337371826171875 424.8888244628906
v 91.95751953125 19.164228439331055 422.6975402832031
v 92.87000274658203 16.268157958984375 425.50189208984375
v 92.60647583007812 20.1837100982666 423.1920471191406
v 92.53363800048828 20.2559871673584 427.9490661621094
v 92.53372192382812 17.682781219482422 427.2462158203125
v 93.56463623046875 20.483551025390625 425.77276611328125
v 93.77043914794922 16.338632583618164 422.5609436035156
v 93.80235290527344 18.39171028137207 426.75408935546875
v 93.84955596923828 18.638957977294922 421.7720642089844
v 95.81071472167969 15.646164894104004 422.9842224121094
v 95.21723937988281 16.41053009033203 425.1839904785156
v 93.60317993164062 17.372724533081055 421.9253845214844
v 94.29060363769531 19.29384994506836 426.1679992675781
v 94.85771942138672 19.73576545715332 422.3955993652344
v 94.7937240600586 20.173093795776367 423.612060546875
v 95.2428970336914 19.995756149291992 424.4195556640625
v 95.86106872558594 16.78523826599121 420.22625732421875
v 95.59136962890625 15.710939407348633 421.75537109375
v 95.08012390136719 18.12786865234375 420.7919616699219
v 95.93706512451172 17.24031639099121 425.3939514160156
v 96.15000915527344 18.394210815429688 425.357421875
v 95.94676971435547 18.9869384765625 420.912353515625
v 96.66212463378906 16.328283309936523 423.96697998046875
v 97.80302429199219 17.97504234313965 419.7025451660156
v 96.7559585571289 19.52202606201172 421.7303771972656
v 96.43953704833984 19.153669357299805 424.4221496582031
v 96.45912170410156 19.542011260986328 423.42584228515625
v 97.38551330566406 14.673632621765137 421.7149353027344
v 96.72521209716797 15.193798065185547 420.5646667480469
v 97.50607299804688 15.860358238220215 419.2785949707031
v 97.12864685058594 17.413131713867188 424.32366943359375
v 98.53472137451172 16.80489730834961 418.662109375
v 97.88460540771484 19.01620101928711 422.71697998046875
v 98.1394271850586 15.455513954162598 422.9629821777344
v 98.67040252685547 17.624649047851562 423.1564025878906
v 99.17424011230469 14.595114707946777 421.15380859375
v 98.32117462158203 18.57929801940918 420.76263427734375
v 99.591796875 14.614121437072754 418.7742004394531
v 99.5472183227539 17.88294219970703 419.39013671875
v 98.93733215332031 18.396408081054688 421.6148681640625
v 101.06808471679688 13.565092086791992 418.74542236328125
v 99.7257080078125 15.661587715148926 418.0837097167969
v 100.02192687988281 15.471338272094727 421.8269348144531
v 100.45001983642578 17.093364715576172 418.23150634765625
v 100.42619323730469 16.538097381591797 421.7916564941406
v 100.52345275878906 17.68934440612793 420.8970031738281
v 101.72924041748047 13.51346492767334 419.9210205078125
v 100.93252563476562 14.686245918273926 417.3011474609375
v 101.50955200195312 15.269429206848145 416.86700439453125
v 101.75662231445312 17.640457153320312 418.65057373046875
v 101.88309478759766 14.629430770874023 421.1764221191406
v 102.6248550415039 16.474077224731445 416.5182189941406
v 101.87943267822266 16.13459014892578 421.5203857421875
v 102.71902465820312 17.644521713256836 419.4967956542969
v 102.21634674072266 13.758495330810547 417.23358154296875
v 103.36518859863281 13.710343360900879 420.1863708496094
v 103.24501037597656 13.074243545532227 418.2457580566406
v 103.38037109375 15.15673542022705 415.7251892089844
v 102.6778564453125 16.5450382232666 420.92987060546875
v 103.81307220458984 17.193395614624023 416.9180908203125
v 105.35552978515625 12.430636405944824 416.5746154785156
v 104.58557891845703 13.075852394104004 418.7129821777344
v 104.46900177001953 13.934821128845215 415.2488098144531
v 103.79469299316406 14.606019020080566 420.7010498046875
v 103.98829650878906 15.88745403289795 420.7903137207031
v 103.88270568847656 17.082176208496094 420.06817626953125
v 104.78995513916016 17.257287979125977 417.62103271484375
v 105.31844329833984 12.760323524475098 415.6655578613281
v 106.10853576660156 12.399423599243164 417.4927062988281
v 105.35362243652344 16.00700569152832 415.28155517578125
v 105.53365325927734 16.79618263244629 418.6390686035156
v 105.41422271728516 14.152827262878418 419.46673583984375
v 106.04203033447266 15.26911449432373 419.25079345703125
v 106.26378631591797 16.679012298583984 416.0592346191406
v 107.3019790649414 15.167448043823242 413.867919921875
v 107.57176971435547 12.642341613769531 417.70635986328125
v 108.31253051757812 13.468785285949707 413.4428405761719
v 107.00846099853516 16.565032958984375 417.4226989746094
v 108.39361572265625 12.699219703674316 413.865966796875
v 107.82243347167969 15.607646942138672 418.08642578125
v 108.77289581298828 11.842643737792969 415.07904052734375
v 108.23736572265625 16.103647232055664 414.4897766113281
v 110.6016616821289 11.809591293334961 415.97637939453125
v 108.93262481689453 14.793551445007324 413.30096435546875
v 109.54108428955078 16.287593841552734 414.88751220703125
v 110.34152221679688 14.260598182678223 417.4786376953125
v 110.52252960205078 12.370511054992676 416.7272033691406
v 110.5560073852539 13.14588737487793 417.2442321777344
v 109.99295806884766 16.074077606201172 416.4462890625
v 110.73432159423828 11.480484008789062 413.2986755371094
v 110.9002685546875 12.478387832641602 412.2142333984375
v 111.4033203125 13.5687837600708 411.8695983886719
v 110.47115325927734 15.197053909301758 417.1183776855469
v 111.74275970458984 14.427480697631836 412.1372375488281
v 111.42321014404297 11.168795585632324 414.65386962890625
v 112.18289184570312 15.483945846557617 414.41082763671875
v 112.42417907714844 11.983427047729492 415.78302001953125
v 112.36641693115234 14.627826690673828 415.93316650390625
v 113.54057312011719 14.865693092346191 412.7027893066406
v 112.78526306152344 11.31354808807373 412.158935546875
v 114.0221176147461 12.87463092803955 415.3304748535156
v 113.28517150878906 10.812782287597656 413.3957214355469
v 113.42401123046875 13.052718162536621 411.24932861328125
v 113.9080581665039 11.100181579589844 414.22021484375
v 114.07952117919922 11.853076934814453 411.3062744140625
v 113.20441436767578 14.293212890625 411.94232177734375
v 113.96186828613281 14.528626441955566 414.4840393066406
v 114.84622955322266 11.198723793029785 411.85980224609375
v 116.71077728271484 11.900338172912598 413.3780517578125
v 115.50794982910156 14.771970748901367 411.3288879394531
v 115.29224395751953 14.807906150817871 413.42108154296875
v 115.80979919433594 11.149816513061523 412.465087890625
v 115.46511840820312 11.849477767944336 410.3328857421875
v 115.31394958496094 13.485583305358887 410.05694580078125
v 116.87438201904297 13.718832015991211 413.4617004394531
v 117.38267517089844 11.106212615966797 410.49127197265625
v 116.99109649658203 12.809197425842285 413.5079345703125
v 116.4909439086914 14.60409927368164 412.6667785644531
v 117.2823715209961 12.095120429992676 409.56787109375
v 118.22608184814453 14.315950393676758 409.84075927734375
v 119.03498077392578 10.809508323669434 410.5234680175781
v 118.50000762939453 11.107847213745117 412.1051330566406
v 117.53363037109375 13.35648250579834 409.3573303222656
v 118.06278228759766 14.867979049682617 411.2738952636719
v 118.55926513671875 11.91218376159668 412.9588928222656
v 118.69576263427734 14.28001880645752 412.5664367675781
v 118.67157745361328 13.147444725036621 413.1319580078125
v 118.55305480957031 11.998669624328613 408.61029052734375
v 120.14549255371094 11.309332847595215 408.4369201660156
v 121.65799713134766 13.181086540222168 406.98388671875
v 119.66752624511719 14.081798553466797 408.583251953125
v 119.42594146728516 14.332880973815918 411.2489013671875
v 121.22931671142578 12.190483093261719 407.1430969238281
v 120.52080535888672 14.48593521118164 409.2213134765625
v 121.33626556396484 11.761734962463379 410.5807800292969
v 120.83793640136719 11.034527778625488 409.6919250488281
v 121.46902465820312 12.815187454223633 410.8311462402344
v 121.76224517822266 13.901670455932617 410.2015686035156
v 122.07701873779297 10.67480182647705 408.2937927246094
v 122.21337127685547 14.313594818115234 408.9304504394531
v 122.59423065185547 10.931842803955078 409.4874267578125
v 122.76622009277344 11.78594970703125 410.2129211425781
v 123.40121459960938 13.864286422729492 407.36895751953125
v 123.3915786743164 10.627257347106934 407.0076599121094
v 123.10868072509766 11.572465896606445 406.3240966796875
v 123.49913024902344 12.755897521972656 409.9732666015625
v 124.15895080566406 10.193288803100586 407.9484558105469
v 123.55308532714844 12.886340141296387 406.3096618652344
v 125.37364959716797 13.410600662231445 408.2615051269531
v 124.16841125488281 11.172452926635742 409.4244384765625
v 125.19200897216797 9.415863037109375 405.94219970703125
v 124.43573760986328 10.409502983093262 404.7995910644531
v 124.69873046875 12.218865394592285 404.5087890625
v 125.04586029052734 13.283653259277344 405.3357849121094
v 124.93699645996094 13.763604164123535 407.59344482421875
v 125.6839370727539 10.831703186035156 403.72906494140625
v 126.41513061523438 11.095059394836426 408.24969482421875
v 126.24967956542969 12.046277046203613 408.4911804199219
v 126.05635070800781 9.856678009033203 404.1346130371094
v 126.7742691040039 9.78940486907959 407.15264892578125
v 126.01753997802734 13.420841217041016 407.1367492675781
v 126.3841781616211 9.370499610900879 405.90411376953125
v 128.4157257080078 12.812755584716797 402.09368896484375
v 126.64126586914062 13.823683738708496 405.3092346191406
v 126.90196990966797 9.130596160888672 404.66009521484375
v 127.04778289794922 13.655499458312988 406.6541442871094
v 127.66797637939453 9.057000160217285 405.7191467285156
v 127.92366027832031 11.5457763671875 407.6145324707031
v 127.65997314453125 11.82080078125 402.240478515625
v 127.56503295898438 12.907416343688965 407.3476867675781
v 129.28623962402344 9.226164817810059 403.2016296386719
v 127.53325653076172 10.187026023864746 402.7531433105469
v 128.2227020263672 13.81887435913086 403.88995361328125
v 128.87232971191406 13.609492301940918 405.5354309082031
v 128.5596160888672 10.1278076171875 406.8985900878906
v 129.58062744140625 9.459794998168945 402.1226806640625
v 128.53848266601562 11.122819900512695 401.236572265625
v 128.88067626953125 13.543543815612793 402.9916687011719
v 130.4569549560547 9.468034744262695 404.2994079589844
v 129.708740234375 12.877384185791016 405.9942932128906
v 129.91049194335938 11.668363571166992 406.45361328125
v 130.1174774169922 13.520825386047363 403.91912841796875
v 130.97384643554688 10.180408477783203 404.83502197265625
v 130.3938751220703 12.864346504211426 401.036376953125
v 130.44886779785156 11.506385803222656 400.4430847167969
v 130.19065856933594 13.647148132324219 402.5611572265625
v 131.4851837158203 10.11229133605957 400.4803161621094
v 130.85244750976562 12.77894115447998 404.7671203613281
v 131.6706085205078 9.322595596313477 402.7696228027344
v 131.3636932373047 11.253525733947754 405.0497741699219
v 132.2533416748047 10.04956340789795 403.9399108886719
v 132.03627014160156 11.459009170532227 398.9954833984375
v 132.7342987060547 13.764740943908691 402.24127197265625
v 132.6033477783203 9.552059173583984 401.6143798828125
v 132.6538543701172 9.946789741516113 399.6277160644531
v 132.77377319335938 12.724783897399902 403.7594299316406
v 132.56997680664062 13.246699333190918 399.2855224609375
v 132.23733520507812 13.81108570098877 401.1237487792969
v 134.0098876953125 9.50328254699707 400.7799072265625
v 133.8939666748047 10.403411865234375 402.676513671875
v 134.52655029296875 11.9840726852417 402.7204895019531
v 134.20912170410156 13.146474838256836 397.87994384765625
v 133.9860076904297 11.449024200439453 397.7374267578125
v 133.90914916992188 13.423933029174805 402.1780700683594
v 134.9993896484375 14.196532249450684 398.61767578125
v 134.91970825195312 14.212647438049316 400.0677490234375
v 134.68536376953125 10.343133926391602 398.172607421875
v 135.44288635253906 9.920467376708984 399.01708984375
v 136.92172241210938 13.483553886413574 394.7379150390625
v 136.64768981933594 13.874224662780762 400.3031005859375
v 136.32550048828125 10.14159870147705 399.9321594238281
v 135.86871337890625 11.360493659973145 396.0060119628906
v 138.02247619628906 14.814146041870117 394.60992431640625
v 136.92572021484375 9.870314598083496 397.24188232421875
v 136.32174682617188 14.78403091430664 397.9305419921875
v 137.15956115722656 11.055596351623535 400.4949645996094
v 137.3581085205078 12.454010009765625 400.72845458984375
v 137.2869415283203 14.770103454589844 398.9955139160156
v 137.63670349121094 9.938626289367676 399.0113220214844
v 137.81704711914062 11.65241527557373 394.8300476074219
v 137.41192626953125 14.906457901000977 397.09490966796875
v 138.83056640625 13.048614501953125 393.3990478515625
v 137.9995880126953 14.051197052001953 399.81304931640625
v 138.24136352539062 15.260294914245605 395.4455261230469
v 138.26016235351562 10.0966157913208 397.580810546875
v 138.43402099609375 11.063495635986328 395.6489562988281
v 138.71292114257812 12.063904762268066 400.133544921875
v 138.58816528320312 13.11348819732666 400.07415771484375
v 138.51998901367188 10.890151023864746 399.70953369140625
v 139.3856964111328 12.048346519470215 393.53240966796875
v 140.13096618652344 14.3799409866333 393.358642578125
v 138.5270233154297 14.628776550292969 397.7740783691406
v 139.2463836669922 10.879899024963379 398.51513671875
v 139.51966857910156 11.35595703125 394.2082214355469
v 139.15794372558594 14.077924728393555 398.0216064453125
v 139.55909729003906 11.362457275390625 397.0682067871094
v 140.7042999267578 15.247262954711914 396.21539306640625
v 140.93638610839844 15.48066520690918 394.894287109375
v 140.31863403320312 10.979145050048828 395.4981994628906
v 139.601318359375 12.72557258605957 398.8057861328125
v 139.7050018310547 12.857165336608887 398.01983642578125
v 140.9298553466797 13.083669662475586 393.16748046875
v 142.05215454101562 14.090587615966797 396.6871032714844
v 141.7067413330078 11.806730270385742 394.1806640625
v 140.8758544921875 11.785469055175781 396.82110595703125
v 142.112548828125 12.843277931213379 396.7042236328125
v 142.20724487304688 12.02394962310791 395.6447448730469
v 141.79608154296875 13.58065128326416 393.4144287109375
v 141.94540405273438 14.636490821838379 394.1350402832031
v 141.8997039794922 15.052204132080078 395.3079528808594
v 142.77244567871094 13.573445320129395 394.9460144042969
f 1 2 3
f 3 2 4
f 2 5 4
f 3 4 6
f 7 1 3
f 6 4 8
f 5 8 4
f 2 1 9
f 2 9 5
f 3 6 10
f 11 1 7
f 12 1 11
f 11 7 13
f 14 6 8
f 12 15 1
f 9 1 15
f 5 16 8
f 10 17 3
f 3 17 13
f 7 3 13
f 10 6 18
f 18 6 14
f 19 14 8
f 15 20 9
f 5 9 20
f 20 16 5
f 17 10 21
f 10 18 21
f 22 20 15
f 23 13 17
f 24 18 14
f 25 11 13
f 25 26 11
f 11 26 12
f 8 27 19
f 22 15 12
f 8 16 27
f 28 25 13
f 29 14 19
f 19 27 29
f 26 22 12
f 30 27 16
f 31 23 17
f 31 17 21
f 13 23 28
f 16 20 30
f 31 21 32
f 14 33 24
f 23 31 34
f 28 23 34
f 35 26 25
f 14 29 33
f 29 27 36
f 37 20 22
f 37 30 20
f 18 24 38
f 35 25 28
f 35 22 26
f 30 36 27
f 39 36 30
f 31 32 40
f 31 40 34
f 21 18 41
f 41 18 38
f 34 35 28
f 24 33 38
f 37 39 30
f 42 40 32
f 43 44 32
f 43 32 21
f 35 45 22
f 37 22 45
f 32 44 42
f 41 43 21
f 45 35 34
f 33 29 46
f 36 47 29
f 29 47 46
f 40 48 34
f 49 38 33
f 50 37 45
f 37 51 39
f 40 42 48
f 52 41 38
f 52 38 49
f 48 45 34
f 33 46 49
f 47 53 46
f 54 36 39
f 54 47 36
f 41 55 43
f 52 55 41
f 50 51 37
f 48 50 45
f 46 53 56
f 51 54 39
f 54 53 47
f 57 44 43
f 55 57 43
f 58 55 52
f 59 49 46
f 42 60 48
f 46 61 59
f 46 56 61
f 62 54 51
f 54 62 53
f 63 42 44
f 58 64 55
f 65 48 60
f 52 49 66
f 65 50 48
f 63 44 57
f 57 55 64
f 52 66 58
f 65 67 50
f 67 51 50
f 67 62 51
f 68 53 62
f 57 64 69
f 70 64 58
f 58 66 70
f 49 59 66
f 68 71 53
f 71 56 53
f 64 70 69
f 63 60 42
f 61 72 59
f 61 56 72
f 66 73 70
f 65 60 74
f 75 67 65
f 76 68 62
f 57 69 63
f 66 77 73
f 78 66 59
f 76 62 67
f 56 71 72
f 63 69 79
f 70 80 69
f 75 65 74
f 66 78 77
f 75 76 67
f 72 81 59
f 72 71 82
f 83 79 69
f 79 84 63
f 73 80 70
f 63 84 60
f 78 59 81
f 82 81 72
f 73 85 80
f 86 60 84
f 86 74 60
f 87 73 77
f 88 87 77
f 89 79 83
f 80 83 69
f 85 73 87
f 78 90 77
f 91 76 75
f 91 92 76
f 68 76 92
f 68 93 71
f 71 93 82
f 94 83 80
f 80 85 94
f 86 95 74
f 95 75 74
f 90 88 77
f 96 90 78
f 81 96 78
f 97 68 92
f 68 97 93
f 81 82 93
f 84 79 89
f 84 98 86
f 75 95 99
f 99 91 75
f 96 81 100
f 101 83 94
f 102 94 85
f 86 98 95
f 103 104 87
f 88 103 87
f 88 105 103
f 90 105 88
f 92 91 97
f 93 106 81
f 81 106 100
f 107 83 101
f 84 89 108
f 98 84 108
f 87 104 85
f 90 109 105
f 96 109 90
f 110 109 96
f 96 100 110
f 102 85 104
f 111 99 95
f 112 99 111
f 99 112 91
f 97 91 112
f 113 106 93
f 107 89 83
f 101 94 102
f 98 114 95
f 114 111 95
f 110 115 109
f 97 113 93
f 89 116 108
f 114 98 108
f 106 117 100
f 117 110 100
f 105 118 103
f 105 119 118
f 109 119 105
f 113 97 112
f 103 118 104
f 109 115 119
f 104 120 102
f 116 114 108
f 120 104 118
f 121 111 114
f 122 118 119
f 123 113 112
f 106 124 117
f 120 101 102
f 120 118 125
f 122 125 118
f 113 124 106
f 107 116 89
f 124 113 123
f 126 107 101
f 126 101 120
f 114 116 127
f 122 128 125
f 114 127 121
f 115 129 119
f 110 130 115
f 131 126 120
f 131 120 125
f 111 132 112
f 123 112 132
f 107 133 116
f 133 107 126
f 129 134 119
f 129 115 130
f 135 131 125
f 131 133 126
f 116 133 127
f 136 121 127
f 122 134 128
f 137 121 136
f 119 134 122
f 121 137 111
f 117 130 110
f 138 124 123
f 124 139 117
f 128 135 125
f 140 127 133
f 137 132 111
f 117 139 130
f 124 138 139
f 133 131 141
f 140 136 127
f 142 128 134
f 129 143 134
f 130 144 129
f 145 138 123
f 132 145 123
f 146 128 142
f 143 142 134
f 144 143 129
f 137 145 132
f 130 139 144
f 140 133 147
f 128 148 135
f 138 149 139
f 133 141 147
f 150 145 137
f 145 151 138
f 136 150 137
f 151 145 150
f 152 135 148
f 152 131 135
f 146 148 128
f 153 140 147
f 153 136 140
f 136 154 150
f 143 155 142
f 138 151 149
f 144 149 143
f 139 149 144
f 152 141 131
f 154 136 153
f 156 152 148
f 146 142 157
f 142 155 157
f 151 158 149
f 147 141 152
f 146 159 148
f 153 147 160
f 161 159 146
f 157 161 146
f 162 155 143
f 149 162 143
f 148 163 156
f 159 163 148
f 164 157 155
f 156 165 152
f 147 152 165
f 153 166 154
f 150 167 151
f 168 155 162
f 155 168 169
f 158 162 149
f 147 165 170
f 147 170 160
f 160 166 153
f 155 169 164
f 171 165 156
f 163 171 156
f 166 150 154
f 166 167 150
f 167 158 151
f 168 162 172
f 158 172 162
f 171 173 165
f 170 174 160
f 160 174 166
f 161 157 175
f 164 176 157
f 167 177 158
f 177 172 158
f 178 171 163
f 179 166 174
f 157 176 175
f 180 176 169
f 176 164 169
f 165 173 170
f 181 163 159
f 181 159 161
f 175 181 161
f 171 182 183
f 171 178 182
f 169 184 180
f 185 168 172
f 168 186 169
f 169 186 184
f 187 166 179
f 187 167 166
f 187 177 167
f 177 185 172
f 173 171 183
f 181 178 163
f 188 185 177
f 185 186 168
f 189 181 175
f 176 190 175
f 180 190 176
f 191 174 170
f 189 175 190
f 188 177 187
f 180 192 190
f 184 192 180
f 185 193 186
f 194 170 173
f 181 195 178
f 194 191 170
f 189 195 181
f 196 174 191
f 174 196 179
f 179 196 197
f 179 197 187
f 197 188 187
f 188 193 185
f 189 198 195
f 199 189 190
f 188 197 200
f 190 192 199
f 188 200 193
f 186 201 184
f 184 201 192
f 202 186 193
f 203 182 178
f 203 178 195
f 204 198 189
f 199 204 189
f 205 199 192
f 203 183 182
f 173 183 206
f 198 207 195
f 202 201 186
f 195 207 203
f 194 173 206
f 208 200 197
f 209 207 198
f 210 211 199
f 205 210 199
f 205 192 201
f 198 204 212
f 213 196 191
f 211 212 204
f 196 213 208
f 196 208 197
f 211 204 199
f 205 201 214
f 215 191 194
f 202 216 201
f 203 206 183
f 212 209 198
f 217 193 200
f 217 202 193
f 218 203 207
f 194 206 215
f 209 218 207
f 191 215 213
f 217 219 202
f 202 219 216
f 220 200 208
f 220 217 200
f 201 221 214
f 222 206 203
f 222 203 218
f 201 216 221
f 209 212 223
f 223 212 224
f 215 225 213
f 213 220 208
f 209 223 218
f 211 224 212
f 226 220 213
f 205 227 210
f 205 214 227
f 217 228 219
f 210 227 229
f 210 229 211
f 217 220 230
f 219 231 216
f 216 231 221
f 206 222 232
f 233 222 218
f 211 229 224
f 230 228 217
f 234 232 222
f 215 206 232
f 235 220 226
f 214 236 227
f 237 236 214
f 231 219 228
f 221 238 214
f 214 238 237
f 233 234 222
f 232 225 215
f 239 213 225
f 239 226 213
f 235 226 239
f 235 240 220
f 240 230 220
f 231 238 221
f 233 218 223
f 229 241 224
f 242 225 232
f 229 243 241
f 227 243 229
f 244 243 227
f 236 245 227
f 245 244 227
f 236 237 245
f 246 233 223
f 241 223 224
f 230 231 228
f 237 247 245
f 248 232 234
f 241 246 223
f 225 242 239
f 247 237 238
f 246 249 233
f 248 242 232
f 250 251 241
f 250 241 243
f 243 252 250
f 244 252 243
f 245 253 244
f 231 254 238
f 255 234 233
f 249 255 233
f 241 256 246
f 251 256 241
f 252 244 253
f 230 257 231
f 234 255 248
f 258 246 256
f 245 247 259
f 245 259 253
f 254 247 238
f 258 249 246
f 239 242 248
f 257 254 231
f 260 255 249
f 261 252 253
f 259 262 253
f 253 262 261
f 254 263 247
f 247 263 259
f 264 248 255
f 265 239 248
f 266 257 230
f 259 263 267
f 259 267 262
f 255 260 268
f 255 268 264
f 269 258 256
f 264 265 248
f 270 251 250
f 250 271 270
f 271 250 252
f 271 252 261
f 260 249 258
f 235 239 265
f 266 230 240
f 269 260 258
f 272 266 240
f 261 273 271
f 262 274 261
f 275 260 269
f 235 265 272
f 272 240 235
f 273 261 274
f 254 276 263
f 274 262 267
f 270 256 251
f 257 276 254
f 267 277 274
f 263 277 267
f 275 268 260
f 275 278 268
f 279 269 256
f 280 266 272
f 270 271 273
f 280 257 266
f 264 268 278
f 281 265 264
f 281 264 278
f 272 265 281
f 270 279 256
f 280 272 282
f 270 283 284
f 273 283 270
f 277 263 276
f 275 269 285
f 279 285 269
f 273 286 283
f 280 276 257
f 274 286 273
f 276 287 277
f 277 288 274
f 270 289 279
f 282 272 281
f 284 289 270
f 290 280 282
f 290 291 280
f 291 276 280
f 277 287 288
f 275 292 278
f 275 285 292
f 281 278 292
f 289 293 279
f 274 294 286
f 291 287 276
f 295 292 285
f 281 292 296
f 293 285 279
f 297 287 291
f 294 274 288
f 296 282 281
f 296 298 282
f 299 284 283
f 298 290 282
f 299 283 286
f 287 300 288
f 293 295 285
f 301 293 289
f 284 299 302
f 286 303 299
f 290 304 291
f 304 297 291
f 302 289 284
f 298 304 290
f 294 303 286
f 292 295 305
f 301 295 293
f 297 300 287
f 296 292 306
f 306 292 305
f 307 301 289
f 307 289 302
f 299 308 302
f 305 295 309
f 309 295 301
f 310 298 296
f 311 297 304
f 312 294 288
f 313 309 301
f 313 301 307
f 310 296 306
f 299 314 308
f 310 304 298
f 309 315 305
f 310 316 304
f 316 311 304
f 317 299 303
f 317 314 299
f 318 297 311
f 318 300 297
f 300 319 288
f 288 319 312
f 305 315 306
f 320 307 302
f 308 320 302
f 310 306 316
f 294 312 303
f 321 319 300
f 322 311 316
f 323 318 311
f 318 321 300
f 315 309 324
f 325 313 307
f 326 306 315
f 311 322 323
f 325 309 313
f 325 324 309
f 325 307 320
f 326 316 306
f 308 314 327
f 326 322 316
f 303 328 317
f 312 328 303
f 326 315 324
f 327 320 308
f 317 329 314
f 328 329 317
f 312 319 330
f 312 330 328
f 321 331 319
f 331 330 319
f 327 314 332
f 323 322 333
f 318 323 334
f 318 334 321
f 327 332 320
f 328 335 329
f 333 334 323
f 334 336 321
f 337 328 330
f 326 324 338
f 339 322 326
f 333 322 339
f 337 335 328
f 336 331 321
f 340 325 320
f 332 340 320
f 338 339 326
f 329 332 314
f 331 337 330
f 329 341 332
f 337 342 335
f 325 343 324
f 325 340 343
f 344 338 324
f 344 324 343
f 340 332 345
f 346 345 332
f 338 344 339
f 329 335 341
f 337 347 342
f 336 348 331
f 331 347 337
f 349 343 340
f 335 350 341
f 342 350 335
f 351 334 333
f 351 336 334
f 336 352 348
f 348 347 331
f 341 346 332
f 353 333 339
f 350 342 354
f 354 342 347
f 344 343 355
f 355 343 349
f 345 349 340
f 353 339 344
f 353 351 333
f 355 353 344
f 350 356 341
f 357 347 348
f 354 347 357
f 345 346 358
f 346 341 356
f 336 351 359
f 336 359 352
f 360 354 357
f 352 357 348
f 361 355 349
f 345 361 349
f 346 356 358
f 355 361 362
f 355 362 353
f 362 363 353
f 350 364 356
f 363 351 353
f 360 364 354
f 365 361 345
f 345 358 365
f 366 351 363
f 354 364 350
f 351 366 359
f 365 367 361
f 367 362 361
f 362 368 363
f 367 368 362
f 358 356 369
f 364 369 356
f 370 367 365
f 364 371 369
f 372 360 357
f 373 368 367
f 367 370 373
f 358 369 374
f 373 363 368
f 359 375 352
f 352 375 357
f 375 372 357
f 374 365 358
f 376 366 363
f 359 366 376
f 375 359 376
f 374 370 365
f 376 363 373
f 377 364 360
f 377 360 372
f 364 377 371
f 375 376 378
f 375 378 379
f 379 372 375
f 376 373 380
f 374 381 370
f 381 380 373
f 373 370 381
f 369 382 374
f 371 383 369
f 384 376 380
f 371 385 383
f 384 378 376
f 379 378 384
f 379 386 372
f 377 372 386
f 381 374 387
f 382 387 374
f 371 388 385
f 388 371 377
f 382 369 383
f 389 379 384
f 390 391 381
f 391 380 381
f 380 391 392
f 392 384 380
f 384 392 389
f 379 389 386
f 377 386 393
f 388 377 393
f 381 387 390
f 394 391 390
f 395 391 394
f 395 392 391
f 395 396 392
f 392 396 389
f 397 389 396
f 398 393 386
f 399 394 390
f 385 400 383
f 401 400 385
f 388 401 385
f 396 402 397
f 386 397 398
f 389 397 386
f 394 403 395
f 383 400 382
f 403 396 395
f 396 403 402
f 390 404 399
f 404 390 387
f 382 405 387
f 406 403 394
f 399 404 407
f 408 405 382
f 408 382 400
f 409 410 403
f 410 402 403
f 402 398 397
f 398 411 393
f 412 394 399
f 406 394 412
f 406 409 403
f 413 400 401
f 414 402 410
f 414 415 402
f 411 416 393
f 399 407 417
f 417 412 399
f 404 418 407
f 387 405 404
f 408 400 419
f 419 400 420
f 413 420 400
f 421 388 393
f 398 402 415
f 422 423 424
f 422 424 425
f 426 425 427
f 426 427 428
f 424 427 425
f 423 429 430
f 423 430 424
f 424 430 431
f 427 424 431
f 405 418 404
f 412 432 406
f 433 410 409
f 410 433 414
f 388 434 401
f 393 416 421
f 398 415 435
f 426 436 437
f 436 438 439
f 422 437 440
f 422 425 437
f 437 425 426
f 436 426 438
f 441 438 426
f 440 423 422
f 426 428 441
f 440 442 423
f 428 443 441
f 444 428 427
f 443 428 445
f 442 429 423
f 428 444 445
f 446 447 448
f 447 446 449
f 446 450 449
f 447 449 451
f 450 452 449
f 449 453 451
f 452 454 449
f 449 454 453
f 407 455 456
f 456 417 407
f 418 455 407
f 457 412 458
f 458 412 417
f 457 432 412
f 409 406 432
f 421 434 388
f 459 415 414
f 436 439 437
f 439 438 460
f 440 437 461
f 462 442 440
f 442 463 429
f 464 444 427
f 465 427 431
f 427 465 464
f 463 466 429
f 466 430 429
f 431 430 467
f 431 467 465
f 468 448 447
f 447 469 468
f 470 450 446
f 469 447 451
f 470 452 450
f 451 453 471
f 454 452 472
f 453 473 471
f 474 418 475
f 418 405 475
f 408 475 405
f 476 409 432
f 434 413 401
f 433 459 414
f 411 398 435
f 477 437 439
f 437 478 461
f 478 437 477
f 460 438 479
f 440 461 462
f 438 441 479
f 443 480 441
f 443 445 480
f 481 445 444
f 445 481 482
f 444 464 481
f 483 445 482
f 483 480 445
f 466 484 430
f 484 467 430
f 485 446 448
f 470 485 486
f 485 470 446
f 469 451 471
f 487 452 470
f 452 487 488
f 488 472 452
f 489 454 472
f 471 473 490
f 489 453 454
f 473 453 489
f 417 456 458
f 491 432 457
f 492 408 419
f 432 493 476
f 409 476 494
f 409 494 433
f 439 495 477
f 439 460 496
f 478 497 461
f 461 497 462
f 441 498 479
f 499 442 462
f 441 480 498
f 498 480 500
f 463 442 499
f 501 465 502
f 464 465 501
f 501 503 464
f 480 504 505
f 506 466 463
f 507 502 465
f 480 483 504
f 465 467 507
f 448 468 508
f 468 509 510
f 468 511 509
f 468 469 511
f 470 486 487
f 512 469 471
f 471 513 512
f 490 513 471
f 488 514 472
f 472 514 489
f 515 473 489
f 473 515 490
f 474 455 418
f 419 420 492
f 494 516 433
f 421 416 411
f 517 435 415
f 495 518 477
f 519 495 439
f 519 518 495
f 518 478 477
f 520 496 460
f 479 520 460
f 462 497 521
f 521 522 462
f 463 499 523
f 500 480 524
f 524 480 505
f 503 525 464
f 464 525 481
f 525 526 481
f 481 526 482
f 483 482 526
f 483 526 527
f 468 510 508
f 528 467 484
f 483 527 504
f 524 505 485
f 524 485 508
f 508 485 448
f 509 529 510
f 505 504 485
f 504 486 485
f 486 504 527
f 530 511 469
f 530 469 512
f 514 531 489
f 532 490 515
f 531 515 489
f 455 533 456
f 491 457 534
f 534 457 458
f 408 492 475
f 491 493 432
f 434 535 413
f 536 535 434
f 433 516 459
f 415 459 537
f 537 517 415
f 411 435 517
f 496 519 439
f 538 520 479
f 498 538 479
f 462 522 539
f 539 499 462
f 500 540 498
f 540 500 524
f 540 524 508
f 508 510 540
f 507 467 541
f 484 466 542
f 528 541 467
f 527 526 543
f 544 529 509
f 511 544 509
f 486 527 545
f 545 487 486
f 512 546 547
f 545 548 487
f 512 513 546
f 548 488 487
f 548 514 488
f 490 549 513
f 532 549 490
f 550 531 514
f 551 458 552
f 552 458 456
f 458 551 534
f 474 553 455
f 474 475 554
f 475 492 554
f 555 476 493
f 555 494 476
f 413 556 420
f 557 516 494
f 535 556 413
f 421 558 434
f 558 536 434
f 517 559 411
f 560 478 518
f 521 497 561
f 561 497 478
f 562 561 478
f 562 478 560
f 498 540 563
f 564 502 565
f 564 501 502
f 503 501 566
f 566 525 503
f 510 563 540
f 523 506 463
f 502 507 565
f 567 563 510
f 506 542 466
f 544 510 529
f 544 567 510
f 542 528 484
f 543 568 527
f 527 568 569
f 545 527 569
f 512 547 530
f 546 570 547
f 548 550 514
f 571 513 549
f 571 546 513
f 546 571 570
f 533 552 456
f 553 533 455
f 411 572 421
f 537 573 517
f 518 519 560
f 496 574 519
f 575 574 496
f 560 519 576
f 576 519 574
f 575 496 520
f 538 575 520
f 561 577 521
f 578 538 498
f 578 498 563
f 564 566 501
f 525 579 526
f 563 567 580
f 541 565 507
f 579 543 526
f 542 506 581
f 582 544 511
f 569 583 545
f 583 548 545
f 548 583 550
f 571 549 584
f 531 550 585
f 532 586 549
f 586 532 587
f 531 588 515
f 588 587 515
f 515 587 532
f 589 553 474
f 590 534 551
f 554 589 474
f 492 591 554
f 592 493 491
f 420 556 492
f 593 557 494
f 535 594 556
f 516 537 459
f 421 572 558
f 559 595 411
f 573 559 517
f 596 577 561
f 596 561 562
f 577 522 521
f 566 564 597
f 565 597 564
f 565 598 597
f 599 525 566
f 598 565 600
f 525 599 579
f 601 580 567
f 602 506 523
f 603 601 567
f 506 602 581
f 604 543 579
f 605 603 567
f 605 567 544
f 542 606 528
f 606 541 528
f 604 607 543
f 543 607 568
f 608 544 582
f 511 530 582
f 530 609 582
f 610 611 612
f 612 611 613
f 568 607 614
f 614 569 568
f 615 609 530
f 616 613 611
f 613 616 617
f 547 615 530
f 618 619 610
f 610 619 611
f 619 616 611
f 569 614 583
f 620 547 618
f 570 618 547
f 570 621 618
f 585 622 531
f 584 623 571
f 571 623 570
f 624 551 552
f 491 534 592
f 593 494 555
f 557 625 516
f 594 535 626
f 535 536 626
f 536 627 626
f 536 558 627
f 628 573 537
f 629 558 572
f 595 572 411
f 575 630 574
f 560 576 631
f 632 630 575
f 632 575 538
f 633 577 596
f 560 631 562
f 634 562 631
f 634 631 597
f 580 578 563
f 499 539 635
f 598 634 597
f 635 523 499
f 597 636 566
f 566 636 637
f 599 566 637
f 541 600 565
f 606 638 541
f 639 605 544
f 639 544 608
f 640 612 613
f 617 640 613
f 617 616 641
f 642 615 547
f 620 642 547
f 641 616 643
f 620 618 610
f 614 644 583
f 643 616 645
f 645 616 619
f 583 644 550
f 618 621 619
f 550 646 585
f 644 646 550
f 586 647 549
f 584 549 647
f 570 623 621
f 622 588 531
f 584 648 623
f 551 624 649
f 534 590 650
f 592 534 650
f 651 589 554
f 554 591 651
f 555 493 592
f 492 652 591
f 492 556 652
f 593 625 557
f 653 594 626
f 516 628 537
f 595 629 572
f 576 574 654
f 577 655 522
f 656 631 576
f 656 576 654
f 539 522 655
f 562 634 596
f 597 631 656
f 657 632 538
f 657 538 578
f 658 596 634
f 636 597 656
f 637 636 656
f 598 658 634
f 659 658 598
f 660 599 637
f 523 635 661
f 579 599 660
f 601 662 580
f 663 579 660
f 523 661 602
f 579 663 604
f 602 664 581
f 581 665 542
f 542 665 606
f 612 666 667
f 610 667 642
f 667 610 612
f 607 668 614
f 642 620 610
f 669 641 643
f 614 668 644
f 670 643 645
f 645 619 671
f 671 619 621
f 672 671 621
f 622 585 646
f 672 621 623
f 588 673 587
f 647 648 584
f 623 674 672
f 551 649 590
f 675 624 552
f 675 552 533
f 553 675 533
f 648 676 623
f 623 677 674
f 623 676 677
f 592 678 679
f 678 592 650
f 591 652 680
f 652 594 681
f 556 594 652
f 653 681 594
f 626 682 653
f 626 683 682
f 625 684 516
f 684 628 516
f 627 685 683
f 627 683 626
f 629 627 558
f 559 686 595
f 559 573 687
f 559 687 686
f 574 630 654
f 658 633 596
f 657 578 580
f 662 657 580
f 637 656 688
f 637 688 660
f 659 598 689
f 689 598 600
f 541 638 600
f 663 607 604
f 666 612 690
f 690 612 640
f 640 617 691
f 692 605 639
f 617 641 691
f 693 608 582
f 609 693 582
f 615 693 609
f 668 694 644
f 694 695 644
f 671 670 645
f 695 646 644
f 586 587 673
f 647 696 648
f 697 650 590
f 672 674 698
f 678 650 697
f 699 592 679
f 699 555 592
f 700 651 591
f 701 625 593
f 682 683 702
f 683 703 702
f 683 685 704
f 703 683 704
f 628 705 573
f 629 685 627
f 706 655 577
f 633 706 577
f 688 654 630
f 688 630 707
f 630 632 708
f 655 709 539
f 658 710 633
f 710 706 633
f 656 654 688
f 711 635 539
f 663 660 712
f 713 601 603
f 714 713 603
f 605 714 603
f 691 715 640
f 714 605 716
f 664 665 581
f 663 717 607
f 692 716 605
f 691 641 669
f 608 718 639
f 639 718 692
f 642 667 719
f 607 717 668
f 719 615 642
f 643 670 720
f 721 646 695
f 672 722 671
f 721 622 646
f 723 586 673
f 586 723 647
f 622 721 588
f 588 721 673
f 724 697 590
f 698 722 672
f 590 649 725
f 726 675 553
f 727 676 648
f 728 698 674
f 729 674 677
f 677 676 729
f 591 680 700
f 680 652 681
f 653 730 681
f 682 730 653
f 730 682 731
f 682 702 731
f 701 684 625
f 703 704 732
f 705 733 573
f 733 687 573
f 629 734 685
f 685 734 704
f 686 735 595
f 735 629 595
f 655 736 709
f 539 709 711
f 707 630 708
f 708 632 657
f 688 707 737
f 658 659 710
f 660 688 737
f 738 657 662
f 712 660 737
f 713 662 601
f 713 738 662
f 640 715 739
f 740 715 691
f 638 689 600
f 690 739 741
f 739 690 640
f 740 691 742
f 712 743 663
f 741 666 690
f 717 663 743
f 742 691 669
f 744 693 615
f 745 668 717
f 643 720 669
f 668 745 694
f 746 694 745
f 694 746 695
f 747 695 748
f 670 749 720
f 671 749 670
f 695 750 721
f 750 673 721
f 723 673 750
f 723 696 647
f 751 649 624
f 752 722 698
f 753 726 553
f 753 553 589
f 648 696 727
f 754 699 679
f 755 589 651
f 756 674 729
f 700 757 651
f 555 699 758
f 758 759 593
f 555 758 593
f 731 760 730
f 702 703 761
f 687 762 686
f 763 762 687
f 762 764 686
f 704 765 732
f 735 734 629
f 734 766 704
f 704 766 765
f 707 708 767
f 689 710 659
f 739 715 768
f 715 740 768
f 713 714 769
f 661 664 602
f 770 638 606
f 769 714 771
f 714 716 771
f 666 741 772
f 770 606 665
f 667 666 772
f 667 772 773
f 669 774 742
f 716 775 771
f 773 719 667
f 776 774 669
f 716 692 775
f 775 692 777
f 692 778 777
f 718 778 692
f 719 744 615
f 776 669 720
f 748 775 747
f 747 775 777
f 695 746 748
f 695 747 750
f 750 747 779
f 723 750 780
f 781 723 780
f 782 749 671
f 783 678 697
f 783 697 724
f 671 722 782
f 784 724 590
f 781 696 723
f 725 784 590
f 649 751 725
f 785 679 678
f 675 751 624
f 728 752 698
f 753 589 755
f 699 754 758
f 757 755 651
f 756 728 674
f 727 786 676
f 787 757 700
f 676 786 729
f 787 700 788
f 680 788 700
f 789 680 681
f 790 789 681
f 790 681 730
f 684 791 628
f 792 761 703
f 732 792 703
f 793 733 705
f 763 687 733
f 764 794 686
f 686 794 735
f 740 795 768
f 707 796 737
f 796 707 767
f 657 738 708
f 710 689 797
f 798 740 742
f 737 743 712
f 737 796 743
f 638 797 689
f 738 713 769
f 774 798 742
f 799 741 739
f 800 801 802
f 803 804 800
f 805 806 807
f 804 808 800
f 800 808 801
f 771 775 809
f 608 810 718
f 608 693 810
f 810 693 811
f 693 744 811
f 773 812 719
f 812 744 719
f 805 813 806
f 814 745 717
f 746 745 814
f 809 775 748
f 778 779 777
f 815 779 778
f 778 718 815
f 808 804 816
f 817 816 818
f 816 817 808
f 746 809 748
f 747 777 779
f 779 815 780
f 819 724 805
f 819 783 724
f 805 724 813
f 806 813 784
f 820 806 784
f 720 749 821
f 750 779 780
f 822 781 780
f 813 724 784
f 782 722 823
f 785 678 783
f 725 824 784
f 754 679 785
f 825 696 781
f 825 727 696
f 758 754 826
f 827 788 680
f 789 827 680
f 759 701 593
f 828 760 731
f 730 760 790
f 702 828 731
f 701 829 684
f 829 791 684
f 791 830 628
f 628 830 705
f 705 830 793
f 794 764 831
f 794 734 735
f 832 833 834
f 834 833 835
f 833 836 835
f 709 736 837
f 838 655 706
f 768 839 739
f 635 807 661
f 767 708 769
f 738 769 708
f 840 800 802
f 840 803 800
f 807 664 661
f 841 805 807
f 770 842 638
f 771 843 769
f 807 844 664
f 807 806 844
f 845 664 844
f 717 743 814
f 772 812 773
f 846 774 776
f 809 843 771
f 804 803 816
f 812 811 744
f 806 820 844
f 718 810 847
f 776 720 846
f 808 848 801
f 718 847 815
f 821 846 720
f 817 848 808
f 815 822 780
f 749 782 821
f 818 849 817
f 848 817 850
f 849 850 817
f 722 851 823
f 675 726 751
f 852 825 781
f 752 851 722
f 825 853 727
f 786 727 853
f 854 757 787
f 756 729 786
f 855 760 828
f 790 827 789
f 856 702 761
f 762 857 764
f 794 766 734
f 858 834 835
f 859 832 834
f 835 860 861
f 860 835 836
f 832 862 833
f 833 862 863
f 833 863 836
f 863 864 836
f 838 736 655
f 865 711 709
f 768 795 839
f 740 798 795
f 840 866 867
f 739 839 799
f 840 802 868
f 869 710 797
f 867 803 840
f 870 868 802
f 807 635 841
f 774 871 798
f 842 797 638
f 796 767 872
f 872 767 769
f 873 805 841
f 799 874 741
f 874 799 875
f 867 876 803
f 743 796 872
f 843 872 769
f 873 819 805
f 741 874 772
f 802 801 870
f 814 743 872
f 814 872 877
f 877 872 843
f 846 878 774
f 664 845 665
f 877 843 809
f 876 816 803
f 879 816 876
f 814 877 746
f 746 877 809
f 847 810 880
f 880 810 811
f 881 783 819
f 816 879 818
f 848 882 801
f 784 883 820
f 884 782 885
f 782 884 821
f 783 881 785
f 883 784 824
f 886 885 823
f 782 823 885
f 781 822 887
f 886 823 851
f 818 888 849
f 850 849 888
f 887 852 781
f 785 889 754
f 826 754 889
f 890 753 755
f 890 755 757
f 891 758 826
f 892 757 854
f 786 893 756
f 894 787 788
f 760 895 790
f 896 760 855
f 827 897 788
f 790 898 827
f 828 702 856
f 899 733 793
f 762 899 900
f 762 900 857
f 733 899 763
f 763 899 762
f 831 764 857
f 901 794 831
f 902 766 794
f 766 903 765
f 904 905 834
f 904 834 858
f 906 858 835
f 859 834 905
f 861 906 835
f 907 832 859
f 908 832 907
f 908 862 832
f 836 864 860
f 711 865 873
f 873 635 711
f 838 706 710
f 866 840 909
f 909 840 868
f 869 838 710
f 910 867 866
f 841 635 873
f 911 799 839
f 911 875 799
f 912 774 878
f 874 913 772
f 846 914 878
f 801 915 870
f 801 916 915
f 917 665 845
f 812 913 918
f 772 913 812
f 812 918 811
f 845 844 820
f 884 846 821
f 845 820 883
f 880 811 919
f 919 811 918
f 920 818 879
f 916 801 882
f 847 822 815
f 921 883 824
f 850 882 848
f 725 922 824
f 922 725 751
f 922 751 726
f 923 726 753
f 924 752 728
f 852 853 825
f 853 925 786
f 759 758 926
f 925 893 786
f 894 854 787
f 927 854 894
f 701 759 928
f 896 895 760
f 897 894 788
f 790 895 898
f 899 929 900
f 900 929 894
f 827 898 897
f 897 900 894
f 930 897 898
f 899 793 931
f 857 900 897
f 830 932 793
f 857 930 831
f 765 933 732
f 732 933 792
f 794 901 902
f 902 934 766
f 935 858 906
f 906 861 936
f 861 937 936
f 861 938 937
f 860 938 861
f 939 908 907
f 940 860 864
f 941 862 908
f 863 862 941
f 864 942 940
f 863 941 864
f 709 837 865
f 943 837 736
f 866 909 944
f 945 839 795
f 944 910 866
f 909 868 946
f 798 947 795
f 839 945 911
f 867 910 948
f 868 870 946
f 870 915 946
f 949 875 911
f 950 798 951
f 951 798 871
f 774 952 871
f 912 952 774
f 867 953 876
f 874 875 954
f 954 875 949
f 874 955 913
f 955 874 954
f 665 917 770
f 846 884 914
f 956 918 913
f 885 913 955
f 885 955 884
f 957 916 882
f 822 847 887
f 886 958 885
f 886 851 959
f 960 818 920
f 961 824 922
f 818 960 888
f 850 888 962
f 891 826 889
f 888 960 963
f 890 923 753
f 926 758 891
f 757 892 890
f 892 854 964
f 964 854 927
f 928 759 926
f 929 927 894
f 895 965 898
f 966 856 761
f 829 967 791
f 966 761 968
f 791 969 830
f 930 857 897
f 968 761 792
f 765 903 933
f 904 970 971
f 858 970 904
f 858 935 970
f 971 905 904
f 972 935 906
f 973 859 905
f 936 972 906
f 974 859 973
f 974 907 859
f 974 975 907
f 907 975 939
f 976 908 939
f 938 860 977
f 977 860 940
f 976 941 908
f 865 837 978
f 979 873 865
f 838 980 736
f 910 944 981
f 981 948 910
f 819 979 881
f 979 819 873
f 982 911 945
f 950 947 798
f 948 983 867
f 983 953 867
f 984 949 911
f 914 984 878
f 878 984 912
f 914 949 984
f 842 770 985
f 986 915 987
f 954 949 914
f 879 876 988
f 987 915 916
f 884 954 914
f 884 955 954
f 883 917 845
f 883 921 917
f 919 918 956
f 885 956 913
f 989 920 879
f 881 990 785
f 990 991 785
f 992 887 847
f 847 880 992
f 956 958 919
f 958 956 885
f 882 993 957
f 889 785 991
f 993 882 850
f 994 922 726
f 995 851 752
f 994 726 923
f 924 995 752
f 963 962 888
f 756 996 728
f 996 924 728
f 756 997 996
f 756 893 998
f 927 999 964
f 927 929 999
f 701 928 829
f 999 929 899
f 899 931 999
f 1000 898 965
f 1000 930 898
f 969 791 967
f 932 830 969
f 793 932 931
f 1001 831 930
f 1001 901 831
f 766 934 903
f 973 905 971
f 937 938 1002
f 976 939 1003
f 1004 941 976
f 864 941 1005
f 1006 1007 1008
f 1008 1009 1006
f 1007 1006 1009
f 909 1010 944
f 946 1010 909
f 1008 1011 1009
f 981 944 1012
f 1013 945 795
f 1013 795 947
f 1011 1014 1009
f 953 983 1015
f 1016 915 986
f 1017 984 911
f 951 1018 950
f 1019 953 1015
f 984 1017 912
f 1018 951 1020
f 842 1021 797
f 1022 951 871
f 1022 871 952
f 1019 876 953
f 951 1022 1023
f 951 1023 1020
f 876 1019 988
f 988 1019 1024
f 987 1024 986
f 988 1024 987
f 917 985 770
f 989 879 988
f 916 1025 987
f 957 1025 916
f 1026 880 919
f 880 1026 992
f 958 1026 919
f 989 1027 920
f 886 1028 958
f 824 1029 921
f 961 1029 824
f 920 1027 960
f 1030 960 1027
f 994 961 922
f 1031 852 887
f 995 1032 851
f 993 850 962
f 923 890 1033
f 1034 853 852
f 1035 962 963
f 1036 926 891
f 892 1033 890
f 893 925 1037
f 998 893 1038
f 926 1039 928
f 1040 896 855
f 856 1041 828
f 1042 1041 856
f 966 1042 856
f 932 1043 931
f 931 1043 999
f 1000 1001 930
f 902 1044 934
f 901 1044 902
f 1045 974 973
f 1046 972 936
f 1003 939 975
f 1002 938 977
f 976 1003 1047
f 942 1048 940
f 942 864 1005
f 1008 1007 1049
f 943 978 837
f 1008 1050 1051
f 944 1010 1052
f 980 943 736
f 1051 1011 1008
f 1009 1053 1007
f 1054 1012 1052
f 1052 1012 944
f 1055 1053 1009
f 1056 1013 947
f 1051 1057 1011
f 915 1016 946
f 1009 1014 1058
f 1009 1058 1055
f 948 981 1059
f 881 979 1060
f 947 950 1056
f 1011 1061 1014
f 948 1059 983
f 982 1062 911
f 797 1021 869
f 911 1062 1017
f 986 1024 1016
f 842 985 1021
f 912 1022 952
f 1060 990 881
f 987 1025 988
f 1025 989 988
f 1063 989 1025
f 1063 1027 989
f 1028 1026 958
f 959 1028 886
f 992 1064 887
f 959 851 1032
f 1065 889 991
f 1066 957 993
f 1065 891 889
f 1036 891 1065
f 1067 960 1030
f 993 1068 1066
f 962 1068 993
f 1035 1069 962
f 1034 1070 853
f 1071 963 960
f 1039 926 1036
f 1072 1033 892
f 853 1070 925
f 756 998 997
f 964 1072 892
f 1037 1038 893
f 928 1039 1073
f 1073 829 928
f 1074 967 829
f 932 1075 1043
f 1076 1000 965
f 967 1075 969
f 1074 1075 967
f 969 1075 932
f 970 935 1077
f 1077 935 972
f 974 1078 975
f 1047 1079 976
f 977 940 1080
f 1079 1004 976
f 1005 941 1004
f 942 1005 1048
f 1081 1050 1008
f 1081 1008 1049
f 979 865 1082
f 865 978 1083
f 1049 1007 1084
f 1010 1085 1052
f 1007 1053 1084
f 1054 1086 1012
f 1087 1010 946
f 1086 981 1012
f 1016 1087 946
f 981 1086 1059
f 838 869 1088
f 945 1013 982
f 1061 1011 1057
f 983 1059 1089
f 1056 950 1018
f 983 1090 1015
f 1024 1090 1016
f 1061 1091 1014
f 1061 1092 1091
f 1014 1091 1058
f 1015 1090 1019
f 1019 1090 1024
f 1093 1017 1062
f 1093 912 1017
f 1018 1020 1094
f 1023 1095 1020
f 1095 1094 1020
f 1060 1096 990
f 1097 1023 1022
f 1023 1097 1095
f 1098 991 990
f 921 1099 917
f 1099 921 1100
f 1101 1063 1025
f 957 1101 1025
f 1029 1100 921
f 1102 1063 1101
f 1065 991 1098
f 1066 1101 957
f 1064 1031 887
f 995 1103 1032
f 1033 1104 923
f 1031 1034 852
f 1069 1068 962
f 1105 1071 960
f 1035 963 1071
f 1106 1072 964
f 999 1106 964
f 855 828 1041
f 895 896 1040
f 1074 829 1073
f 1000 1076 1001
f 971 970 1107
f 1077 1108 970
f 1109 1045 973
f 1109 973 971
f 1110 972 1046
f 974 1045 1078
f 1111 1003 975
f 977 1112 1002
f 940 1048 1080
f 1113 1005 1004
f 865 1083 1082
f 1114 1050 1081
f 1115 1114 1081
f 1116 1049 1084
f 1054 1116 1084
f 1054 1117 1116
f 1117 1054 1052
f 1118 1051 1050
f 1084 1086 1054
f 1085 1010 1087
f 980 838 1088
f 1055 1119 1053
f 1053 1119 1084
f 1084 1119 1086
f 1016 1120 1087
f 1121 1119 1055
f 1090 1122 1120
f 1016 1090 1120
f 1055 1058 1121
f 1122 983 1089
f 1122 1090 983
f 1021 1088 869
f 1123 1056 1018
f 1018 1094 1123
f 985 1099 1021
f 912 1093 1022
f 985 917 1099
f 1124 992 1026
f 1124 1026 1125
f 1124 1064 992
f 1063 1102 1027
f 1102 1126 1027
f 1126 1030 1027
f 994 923 1104
f 924 1127 995
f 1128 1039 1036
f 1129 1070 1034
f 960 1067 1105
f 925 1070 1037
f 1041 1130 855
f 965 895 1131
f 792 1132 968
f 1001 1044 901
f 792 933 1132
f 1133 971 1107
f 971 1133 1109
f 972 1110 1077
f 1134 1046 936
f 937 1134 936
f 1135 1079 1047
f 1079 1136 1004
f 1005 1137 1048
f 1138 1115 1081
f 1138 1081 1049
f 1083 978 1139
f 943 1139 978
f 1116 1138 1049
f 1140 979 1082
f 1141 1118 1050
f 1141 1050 1114
f 1085 1117 1052
f 1085 1087 1142
f 1060 979 1140
f 1087 1120 1142
f 1051 1118 1143
f 1119 1144 1086
f 1144 1059 1086
f 1144 1089 1059
f 1120 1122 1145
f 1013 1146 982
f 1146 1013 1056
f 1058 1147 1121
f 1089 1145 1122
f 982 1146 1062
f 1095 1148 1094
f 1093 1097 1022
f 1065 1098 1149
f 1028 1125 1026
f 1102 1101 1150
f 1151 1150 1101
f 1151 1101 1066
f 1151 1066 1068
f 1127 1103 995
f 1030 1126 1152
f 1153 1036 1065
f 1128 1036 1153
f 1152 1067 1030
f 1154 1127 924
f 1033 1072 1104
f 1129 1034 1031
f 1152 1155 1067
f 1154 924 996
f 1067 1155 1105
f 1068 1069 1156
f 1157 1037 1070
f 1158 1039 1128
f 997 998 1159
f 1160 1035 1071
f 1035 1160 1069
f 998 1038 1161
f 1158 1073 1039
f 1162 1040 855
f 1074 1163 1075
f 1131 1076 965
f 1131 1164 1076
f 1076 1164 1165
f 1165 1001 1076
f 968 1132 1166
f 1165 1044 1001
f 1132 933 1167
f 903 1167 933
f 970 1108 1107
f 1046 1168 1110
f 1134 1168 1046
f 937 1169 1134
f 975 1078 1170
f 975 1170 1111
f 1002 1171 1169
f 1002 1169 937
f 1172 1003 1111
f 1172 1047 1003
f 1080 1112 977
f 1136 1113 1004
f 1137 1005 1113
f 1115 1173 1114
f 1174 1138 1116
f 1114 1173 1175
f 1117 1174 1116
f 1175 1173 1121
f 1174 1117 1142
f 1085 1142 1117
f 1114 1176 1141
f 1176 1114 1175
f 1176 1175 1121
f 1119 1121 1177
f 1144 1119 1177
f 1120 1145 1142
f 1147 1176 1121
f 1143 1178 1051
f 1179 1176 1147
f 1089 1144 1180
f 1089 1180 1145
f 1178 1057 1051
f 1146 1056 1181
f 1123 1181 1056
f 1021 1182 1088
f 1123 1148 1181
f 1123 1094 1148
f 1183 1061 1057
f 1184 1058 1091
f 1184 1147 1058
f 1185 1092 1061
f 1186 1148 1095
f 1187 990 1096
f 1093 1186 1097
f 1095 1097 1186
f 1098 990 1187
f 1100 1029 1188
f 1188 1029 1189
f 961 1190 1029
f 1028 959 1191
f 961 1192 1190
f 959 1032 1191
f 1192 961 994
f 1102 1150 1126
f 994 1104 1192
f 1068 1193 1151
f 1031 1194 1129
f 1195 1073 1158
f 1162 855 1130
f 1195 1074 1073
f 1075 1196 1043
f 895 1040 1131
f 1197 1042 1198
f 1198 1042 966
f 1199 966 968
f 1200 934 1044
f 1201 903 934
f 1107 1108 1202
f 1107 1203 1133
f 1204 1108 1077
f 1110 1204 1077
f 1133 1205 1109
f 1078 1045 1206
f 1134 1169 1207
f 1112 1171 1002
f 1047 1172 1135
f 1208 1079 1135
f 1048 1209 1080
f 1048 1137 1209
f 1115 1210 1173
f 1138 1210 1115
f 1138 1174 1210
f 1121 1173 1177
f 1177 1173 1210
f 1174 1142 1211
f 1212 1060 1140
f 1088 1213 980
f 1214 1144 1177
f 1180 1144 1214
f 1180 1211 1145
f 1145 1211 1142
f 1212 1096 1060
f 1215 1062 1146
f 1215 1146 1181
f 1062 1215 1093
f 1148 1186 1181
f 1093 1215 1186
f 1183 1185 1061
f 1099 1182 1021
f 1092 1185 1216
f 1092 1216 1091
f 1100 1217 1099
f 1189 1029 1190
f 1028 1191 1218
f 1031 1064 1194
f 1219 1152 1126
f 1220 1128 1153
f 1192 1104 1072
f 1150 1151 1193
f 1156 1193 1068
f 1129 1157 1070
f 1037 1157 1221
f 997 1159 996
f 1222 1069 1160
f 1156 1069 1222
f 999 1223 1106
f 1037 1221 1038
f 1105 1224 1071
f 1196 1223 1043
f 999 1043 1223
f 1130 1041 1225
f 1041 1197 1225
f 1197 1041 1042
f 1074 1195 1163
f 1075 1163 1196
f 1166 1199 968
f 1200 1044 1165
f 1200 1201 934
f 1226 1227 1228
f 1228 1229 1226
f 1107 1202 1203
f 1206 1045 1109
f 1230 1168 1207
f 1168 1134 1207
f 1207 1169 1231
f 1232 1169 1171
f 1112 1233 1171
f 1208 1136 1079
f 1136 1234 1113
f 980 1139 943
f 1213 1139 980
f 1177 1210 1214
f 1214 1210 1174
f 1214 1174 1211
f 1214 1211 1180
f 1141 1235 1118
f 1141 1176 1235
f 1179 1235 1176
f 1147 1184 1179
f 1186 1215 1181
f 1184 1091 1216
f 1187 1149 1098
f 1236 1217 1100
f 1100 1188 1236
f 1237 1153 1065
f 1220 1153 1237
f 1125 1028 1218
f 1124 1238 1064
f 1064 1238 1194
f 1219 1126 1150
f 1239 1152 1219
f 1240 1128 1220
f 1127 1154 1241
f 1194 1242 1129
f 1128 1240 1158
f 1157 1129 1242
f 1158 1240 1195
f 1105 1155 1243
f 1244 1162 1130
f 998 1161 1159
f 1224 1245 1071
f 1245 1160 1071
f 1198 966 1199
f 1246 1247 1227
f 1227 1226 1246
f 1246 1226 1248
f 1227 1249 1228
f 1248 1226 1250
f 1229 1251 1226
f 1226 1251 1250
f 1252 1229 1228
f 1229 1253 1251
f 1204 1202 1108
f 1133 1203 1205
f 1110 1254 1204
f 1168 1254 1110
f 1206 1255 1078
f 1078 1256 1170
f 1232 1231 1169
f 1232 1171 1257
f 1080 1233 1112
f 1139 1258 1083
f 1113 1259 1137
f 1259 1260 1137
f 1137 1260 1209
f 1088 1261 1213
f 1262 1143 1118
f 1235 1262 1118
f 1088 1182 1261
f 1183 1263 1185
f 1237 1065 1149
f 1125 1264 1124
f 1124 1264 1238
f 1103 1191 1032
f 1072 1265 1192
f 1127 1266 1103
f 1127 1241 1266
f 1150 1267 1219
f 1106 1265 1072
f 1268 1267 1150
f 1150 1193 1268
f 996 1159 1269
f 1270 1163 1195
f 1196 1163 1270
f 1196 1270 1223
f 1243 1224 1105
f 1162 1271 1040
f 1271 1131 1040
f 1166 1132 1272
f 903 1201 1167
f 1247 1246 1273
f 1274 1227 1247
f 1274 1275 1227
f 1246 1248 1273
f 1275 1249 1227
f 1249 1252 1228
f 1249 1276 1252
f 1229 1252 1253
f 1276 1277 1252
f 1253 1278 1251
f 1251 1278 1250
f 1252 1279 1253
f 1280 1254 1168
f 1280 1168 1230
f 1205 1281 1109
f 1206 1109 1281
f 1282 1230 1207
f 1078 1255 1256
f 1282 1207 1231
f 1283 1111 1170
f 1111 1283 1172
f 1284 1232 1257
f 1233 1257 1171
f 1135 1172 1285
f 1080 1286 1233
f 1285 1208 1135
f 1287 1082 1083
f 1258 1287 1083
f 1139 1213 1258
f 1208 1288 1136
f 1288 1234 1136
f 1080 1209 1286
f 1234 1259 1113
f 1262 1178 1143
f 1289 1057 1178
f 1289 1183 1057
f 1099 1290 1182
f 1263 1291 1185
f 1185 1291 1216
f 1217 1290 1099
f 1292 1236 1188
f 1189 1292 1188
f 1189 1190 1293
f 1294 1293 1190
f 1294 1190 1192
f 1264 1125 1218
f 1192 1265 1294
f 1295 1238 1264
f 1194 1238 1295
f 1296 1265 1106
f 1223 1296 1106
f 1155 1152 1239
f 1240 1297 1195
f 1195 1297 1270
f 1270 1296 1223
f 1298 1157 1242
f 1130 1299 1244
f 1225 1299 1130
f 1038 1221 1161
f 1159 1161 1300
f 1160 1245 1301
f 1222 1160 1301
f 1272 1132 1167
f 1302 1275 1274
f 1273 1248 1303
f 1303 1248 1304
f 1305 1249 1275
f 1304 1248 1250
f 1276 1305 1306
f 1305 1276 1249
f 1307 1277 1276
f 1278 1253 1308
f 1277 1279 1252
f 1253 1279 1308
f 1205 1203 1309
f 1230 1310 1280
f 1206 1311 1255
f 1312 1282 1231
f 1283 1170 1256
f 1312 1231 1232
f 1312 1232 1313
f 1313 1232 1284
f 1233 1314 1257
f 1262 1315 1178
f 1183 1316 1263
f 1317 1237 1149
f 1189 1318 1292
f 1237 1240 1220
f 1296 1294 1265
f 1319 1191 1103
f 1266 1319 1103
f 1295 1242 1194
f 1320 1239 1219
f 1241 1154 1321
f 1270 1297 1296
f 1157 1322 1221
f 1225 1197 1323
f 1198 1324 1197
f 1164 1131 1325
f 1326 1198 1199
f 1166 1272 1199
f 1164 1327 1165
f 1327 1200 1165
f 1201 1328 1167
f 1247 1329 1330
f 1330 1274 1247
f 1331 1247 1273
f 1332 1304 1250
f 1276 1306 1307
f 1250 1333 1332
f 1250 1278 1333
f 1334 1307 1306
f 1308 1279 1335
f 1254 1336 1204
f 1203 1337 1309
f 1338 1254 1280
f 1280 1310 1339
f 1206 1281 1311
f 1282 1340 1230
f 1341 1340 1282
f 1312 1313 1342
f 1343 1172 1283
f 1313 1284 1344
f 1285 1172 1343
f 1284 1257 1314
f 1286 1314 1233
f 1285 1345 1208
f 1258 1213 1346
f 1286 1209 1347
f 1234 1348 1259
f 1182 1290 1261
f 1178 1315 1289
f 1183 1289 1316
f 1349 1149 1187
f 1350 1217 1236
f 1149 1349 1317
f 1237 1351 1240
f 1293 1294 1352
f 1353 1297 1351
f 1240 1351 1297
f 1218 1191 1354
f 1296 1297 1353
f 1296 1353 1294
f 1241 1355 1266
f 1321 1356 1241
f 1321 1154 996
f 1239 1357 1155
f 1321 996 1269
f 1357 1243 1155
f 1323 1299 1225
f 1298 1322 1157
f 1159 1300 1269
f 1324 1198 1326
f 1358 1274 1330
f 1331 1329 1247
f 1331 1273 1359
f 1358 1302 1274
f 1359 1273 1303
f 1360 1275 1302
f 1361 1303 1304
f 1306 1305 1362
f 1363 1306 1362
f 1306 1363 1334
f 1308 1364 1278
f 1334 1365 1307
f 1307 1366 1277
f 1279 1277 1366
f 1307 1365 1366
f 1279 1366 1335
f 1367 1202 1204
f 1336 1367 1204
f 1337 1203 1202
f 1336 1254 1338
f 1309 1281 1205
f 1340 1310 1230
f 1311 1368 1255
f 1282 1312 1341
f 1369 1284 1370
f 1082 1287 1371
f 1258 1372 1287
f 1314 1373 1284
f 1288 1208 1345
f 1184 1216 1374
f 1217 1350 1290
f 1293 1318 1189
f 1353 1352 1294
f 1319 1354 1191
f 1266 1375 1319
f 1356 1355 1241
f 1219 1267 1320
f 1376 1244 1299
f 1271 1162 1244
f 1323 1197 1324
f 1221 1377 1161
f 1325 1131 1271
f 1378 1164 1325
f 1379 1326 1199
f 1199 1272 1379
f 1201 1200 1380
f 1329 1381 1330
f 1329 1331 1382
f 1383 1359 1303
f 1360 1302 1384
f 1385 1275 1360
f 1305 1275 1385
f 1361 1304 1386
f 1386 1304 1332
f 1387 1363 1362
f 1363 1388 1334
f 1278 1389 1333
f 1278 1364 1389
f 1390 1334 1388
f 1334 1390 1365
f 1365 1391 1366
f 1202 1367 1337
f 1280 1339 1338
f 1392 1341 1312
f 1255 1393 1256
f 1392 1312 1394
f 1312 1395 1394
f 1342 1395 1312
f 1396 1342 1397
f 1344 1342 1313
f 1396 1397 1398
f 1285 1343 1399
f 1284 1369 1344
f 1345 1285 1399
f 1140 1082 1400
f 1373 1370 1284
f 1401 1258 1346
f 1286 1373 1314
f 1209 1402 1347
f 1403 1212 1404
f 1096 1212 1403
f 1213 1261 1346
f 1405 1406 1407
f 1407 1406 1408
f 1260 1259 1409
f 1407 1410 1405
f 1408 1411 1407
f 1410 1407 1412
f 1408 1413 1411
f 1411 1412 1407
f 1414 1315 1262
f 1415 1414 1262
f 1262 1235 1415
f 1179 1415 1235
f 1184 1415 1179
f 1349 1187 1416
f 1417 1411 1413
f 1418 1411 1417
f 1411 1418 1412
f 1350 1236 1419
f 1237 1317 1420
f 1237 1420 1351
f 1351 1420 1353
f 1353 1421 1352
f 1422 1218 1354
f 1422 1264 1218
f 1423 1354 1319
f 1266 1355 1375
f 1156 1424 1193
f 1357 1224 1243
f 1269 1300 1425
f 1222 1301 1426
f 1161 1377 1300
f 1427 1326 1379
f 1327 1164 1378
f 1327 1428 1200
f 1429 1272 1167
f 1201 1380 1328
f 1329 1382 1381
f 1330 1430 1358
f 1384 1302 1358
f 1303 1361 1383
f 1431 1305 1385
f 1431 1362 1305
f 1431 1387 1362
f 1387 1432 1388
f 1388 1363 1387
f 1433 1388 1432
f 1364 1308 1335
f 1433 1434 1388
f 1434 1390 1388
f 1335 1366 1391
f 1435 1436 1433
f 1436 1434 1433
f 1434 1437 1390
f 1365 1438 1391
f 1439 1436 1435
f 1438 1365 1390
f 1439 1440 1436
f 1436 1440 1434
f 1441 1442 1443
f 1444 1445 1446
f 1444 1447 1443
f 1446 1447 1444
f 1447 1448 1443
f 1443 1448 1449
f 1446 1450 1447
f 1367 1336 1451
f 1451 1336 1338
f 1452 1340 1341
f 1392 1453 1341
f 1255 1368 1393
f 1454 1256 1393
f 1455 1394 1456
f 1283 1256 1454
f 1395 1396 1456
f 1395 1456 1394
f 1395 1342 1396
f 1457 1342 1344
f 1457 1397 1342
f 1457 1398 1397
f 1344 1369 1457
f 1369 1458 1457
f 1458 1398 1457
f 1458 1369 1370
f 1372 1258 1401
f 1373 1459 1370
f 1140 1404 1212
f 1460 1286 1347
f 1460 1373 1286
f 1288 1348 1234
f 1260 1402 1209
f 1259 1348 1409
f 1290 1461 1261
f 1462 1410 1412
f 1462 1412 1463
f 1463 1412 1464
f 1417 1413 1465
f 1412 1418 1466
f 1412 1466 1464
f 1349 1467 1317
f 1317 1467 1420
f 1468 1293 1352
f 1318 1293 1468
f 1420 1421 1353
f 1468 1352 1421
f 1469 1319 1375
f 1470 1264 1422
f 1295 1264 1470
f 1471 1295 1470
f 1295 1471 1242
f 1320 1472 1239
f 1267 1472 1320
f 1267 1268 1473
f 1242 1471 1298
f 1424 1473 1268
f 1268 1193 1424
f 1321 1269 1474
f 1156 1426 1424
f 1271 1244 1376
f 1222 1426 1156
f 1322 1475 1221
f 1379 1272 1476
f 1428 1380 1200
f 1272 1429 1476
f 1167 1477 1429
f 1328 1477 1167
f 1382 1478 1381
f 1430 1330 1381
f 1358 1430 1479
f 1358 1479 1384
f 1480 1361 1386
f 1387 1431 1481
f 1386 1332 1333
f 1333 1482 1483
f 1482 1333 1389
f 1484 1435 1432
f 1432 1435 1433
f 1485 1435 1484
f 1485 1439 1435
f 1486 1439 1485
f 1390 1437 1487
f 1390 1487 1438
f 1486 1440 1439
f 1437 1434 1440
f 1486 1441 1440
f 1486 1442 1441
f 1445 1444 1488
f 1488 1444 1443
f 1488 1443 1442
f 1441 1489 1440
f 1490 1440 1489
f 1441 1443 1491
f 1441 1491 1489
f 1492 1446 1445
f 1443 1449 1491
f 1446 1493 1450
f 1450 1493 1494
f 1448 1495 1449
f 1494 1496 1450
f 1497 1448 1447
f 1448 1497 1495
f 1450 1497 1447
f 1450 1496 1497
f 1496 1498 1497
f 1453 1452 1341
f 1392 1394 1455
f 1454 1343 1283
f 1499 1399 1343
f 1500 1396 1398
f 1501 1458 1370
f 1502 1406 1503
f 1370 1459 1504
f 1504 1501 1370
f 1505 1459 1373
f 1261 1506 1346
f 1408 1406 1502
f 1507 1348 1288
f 1402 1460 1347
f 1505 1373 1460
f 1508 1410 1462
f 1508 1405 1410
f 1502 1509 1408
f 1510 1409 1348
f 1403 1187 1096
f 1509 1511 1408
f 1408 1511 1413
f 1512 1316 1289
f 1415 1184 1374
f 1263 1316 1513
f 1216 1291 1374
f 1514 1291 1263
f 1292 1419 1236
f 1418 1515 1466
f 1516 1417 1517
f 1417 1515 1418
f 1417 1516 1515
f 1354 1423 1422
f 1518 1355 1356
f 1356 1321 1518
f 1473 1472 1267
f 1519 1271 1376
f 1377 1425 1300
f 1475 1377 1221
f 1428 1327 1378
f 1380 1477 1328
f 1520 1331 1359
f 1359 1383 1520
f 1360 1384 1521
f 1521 1522 1360
f 1361 1523 1383
f 1524 1383 1523
f 1522 1385 1360
f 1522 1525 1385
f 1525 1431 1385
f 1523 1361 1480
f 1481 1431 1525
f 1526 1386 1333
f 1526 1333 1483
f 1527 1432 1387
f 1432 1527 1484
f 1528 1364 1335
f 1364 1528 1529
f 1528 1335 1530
f 1531 1486 1485
f 1335 1391 1530
f 1532 1486 1531
f 1532 1442 1486
f 1488 1442 1532
f 1437 1533 1487
f 1534 1445 1488
f 1535 1437 1440
f 1437 1535 1536
f 1440 1490 1535
f 1534 1492 1445
f 1492 1537 1446
f 1493 1446 1537
f 1538 1494 1493
f 1449 1495 1539
f 1495 1497 1540
f 1338 1541 1451
f 1494 1498 1496
f 1497 1498 1540
f 1338 1339 1542
f 1543 1309 1337
f 1309 1544 1281
f 1310 1340 1452
f 1545 1392 1455
f 1456 1396 1546
f 1371 1287 1547
f 1501 1548 1458
f 1548 1398 1458
f 1503 1406 1549
f 1406 1405 1549
f 1508 1549 1405
f 1506 1401 1346
f 1288 1345 1507
f 1504 1550 1501
f 1504 1459 1551
f 1402 1260 1552
f 1460 1553 1505
f 1416 1187 1403
f 1315 1554 1289
f 1554 1512 1289
f 1514 1374 1291
f 1555 1413 1511
f 1513 1514 1263
f 1555 1465 1413
f 1421 1420 1556
f 1465 1517 1417
f 1468 1421 1557
f 1423 1319 1469
f 1558 1375 1355
f 1518 1321 1474
f 1376 1299 1323
f 1323 1559 1560
f 1324 1559 1323
f 1298 1475 1322
f 1271 1561 1325
f 1326 1559 1324
f 1325 1561 1378
f 1381 1562 1430
f 1520 1383 1563
f 1383 1524 1563
f 1564 1387 1481
f 1564 1527 1387
f 1565 1484 1527
f 1566 1485 1565
f 1485 1484 1565
f 1531 1485 1566
f 1364 1529 1389
f 1438 1567 1391
f 1391 1567 1530
f 1567 1438 1487
f 1536 1533 1437
f 1568 1492 1534
f 1490 1489 1569
f 1568 1537 1492
f 1491 1539 1489
f 1569 1489 1539
f 1449 1539 1491
f 1538 1570 1494
f 1571 1539 1495
f 1367 1451 1572
f 1573 1543 1367
f 1367 1572 1573
f 1337 1367 1543
f 1574 1498 1494
f 1310 1575 1339
f 1575 1310 1452
f 1576 1311 1281
f 1545 1453 1392
f 1393 1577 1454
f 1454 1499 1343
f 1396 1578 1546
f 1578 1396 1500
f 1372 1547 1287
f 1082 1371 1400
f 1502 1503 1579
f 1548 1501 1550
f 1505 1580 1459
f 1581 1582 1502
f 1502 1582 1509
f 1462 1583 1508
f 1580 1551 1459
f 1584 1583 1462
f 1552 1553 1402
f 1553 1460 1402
f 1551 1585 1504
f 1461 1586 1261
f 1584 1462 1463
f 1290 1350 1461
f 1582 1511 1509
f 1587 1349 1416
f 1588 1584 1463
f 1467 1587 1589
f 1467 1349 1587
f 1464 1588 1463
f 1419 1292 1590
f 1591 1588 1464
f 1556 1420 1467
f 1466 1591 1464
f 1556 1557 1421
f 1592 1465 1555
f 1465 1592 1517
f 1466 1593 1591
f 1515 1593 1466
f 1594 1515 1516
f 1515 1594 1593
f 1592 1595 1517
f 1516 1517 1595
f 1558 1355 1518
f 1558 1518 1596
f 1471 1470 1597
f 1472 1473 1598
f 1599 1357 1239
f 1600 1357 1599
f 1475 1298 1601
f 1269 1425 1602
f 1519 1561 1271
f 1377 1603 1425
f 1600 1604 1357
f 1224 1357 1604
f 1604 1245 1224
f 1379 1476 1605
f 1478 1606 1381
f 1520 1607 1331
f 1607 1382 1331
f 1608 1479 1609
f 1384 1479 1608
f 1608 1521 1384
f 1610 1386 1526
f 1564 1611 1527
f 1611 1565 1527
f 1612 1526 1483
f 1613 1531 1566
f 1614 1389 1529
f 1532 1531 1613
f 1615 1532 1613
f 1615 1488 1532
f 1534 1488 1615
f 1535 1616 1536
f 1490 1617 1535
f 1535 1617 1616
f 1617 1490 1569
f 1495 1540 1571
f 1574 1494 1570
f 1618 1498 1574
f 1619 1540 1498
f 1620 1575 1452
f 1281 1544 1576
f 1621 1311 1576
f 1453 1620 1452
f 1620 1453 1622
f 1453 1545 1622
f 1368 1311 1621
f 1623 1455 1456
f 1623 1456 1546
f 1503 1549 1624
f 1549 1508 1625
f 1399 1626 1345
f 1583 1625 1508
f 1626 1507 1345
f 1627 1403 1404
f 1581 1502 1628
f 1261 1586 1506
f 1505 1629 1580
f 1409 1552 1260
f 1629 1551 1580
f 1315 1414 1630
f 1554 1315 1630
f 1414 1415 1631
f 1374 1632 1415
f 1632 1374 1514
f 1467 1589 1556
f 1590 1292 1318
f 1633 1592 1555
f 1592 1596 1595
f 1595 1594 1516
f 1375 1634 1469
f 1558 1634 1375
f 1596 1635 1595
f 1595 1635 1594
f 1422 1636 1470
f 1518 1635 1596
f 1470 1636 1637
f 1635 1518 1474
f 1470 1637 1597
f 1638 1376 1323
f 1269 1602 1474
f 1560 1638 1323
f 1471 1601 1298
f 1561 1519 1639
f 1475 1640 1377
f 1640 1603 1377
f 1559 1326 1641
f 1378 1561 1642
f 1427 1641 1326
f 1380 1428 1643
f 1643 1477 1380
f 1644 1429 1477
f 1381 1606 1562
f 1478 1382 1645
f 1645 1382 1607
f 1646 1645 1607
f 1430 1609 1479
f 1524 1523 1647
f 1648 1481 1525
f 1386 1610 1480
f 1564 1481 1648
f 1649 1565 1611
f 1566 1565 1649
f 1566 1649 1650
f 1483 1482 1651
f 1566 1650 1613
f 1389 1614 1482
f 1534 1615 1652
f 1567 1653 1530
f 1652 1568 1534
f 1487 1654 1567
f 1655 1487 1533
f 1487 1655 1654
f 1536 1616 1533
f 1533 1616 1655
f 1568 1656 1537
f 1656 1657 1537
f 1657 1493 1537
f 1538 1657 1658
f 1538 1493 1657
f 1539 1659 1569
f 1539 1660 1659
f 1571 1660 1539
f 1451 1661 1572
f 1451 1541 1661
f 1338 1542 1541
f 1573 1662 1543
f 1339 1575 1542
f 1619 1498 1618
f 1663 1575 1620
f 1620 1622 1664
f 1455 1665 1545
f 1368 1621 1666
f 1666 1393 1368
f 1623 1667 1455
f 1624 1579 1503
f 1549 1625 1668
f 1500 1398 1548
f 1400 1404 1140
f 1579 1628 1502
f 1669 1626 1399
f 1670 1403 1627
f 1671 1583 1584
f 1670 1416 1403
f 1507 1510 1348
f 1585 1550 1504
f 1409 1672 1673
f 1409 1673 1552
f 1552 1673 1674
f 1674 1553 1552
f 1553 1675 1676
f 1553 1676 1505
f 1551 1629 1585
f 1553 1674 1677
f 1553 1677 1675
f 1584 1678 1671
f 1631 1630 1414
f 1679 1511 1582
f 1680 1678 1584
f 1681 1316 1512
f 1679 1682 1511
f 1682 1555 1511
f 1681 1513 1316
f 1584 1588 1680
f 1683 1556 1589
f 1683 1557 1556
f 1680 1591 1684
f 1680 1588 1591
f 1683 1685 1557
f 1468 1557 1685
f 1682 1633 1555
f 1686 1592 1633
f 1686 1596 1592
f 1558 1686 1634
f 1686 1558 1596
f 1469 1687 1423
f 1594 1635 1688
f 1422 1423 1687
f 1688 1635 1474
f 1598 1689 1472
f 1239 1472 1689
f 1638 1690 1376
f 1597 1601 1471
f 1519 1376 1690
f 1603 1602 1425
f 1475 1601 1640
f 1245 1691 1301
f 1426 1301 1691
f 1379 1641 1427
f 1428 1378 1643
f 1478 1645 1606
f 1692 1430 1562
f 1609 1430 1692
f 1693 1525 1522
f 1525 1693 1648
f 1647 1523 1480
f 1612 1610 1526
f 1483 1651 1612
f 1482 1694 1651
f 1528 1695 1529
f 1530 1696 1528
f 1567 1654 1653
f 1570 1538 1658
f 1661 1697 1572
f 1570 1658 1698
f 1698 1574 1570
f 1542 1575 1699
f 1540 1700 1571
f 1543 1701 1309
f 1574 1698 1702
f 1618 1574 1702
f 1703 1704 1705
f 1706 1704 1703
f 1665 1622 1545
f 1667 1665 1455
f 1549 1707 1624
f 1549 1708 1707
f 1708 1549 1668
f 1709 1547 1372
f 1669 1399 1499
f 1668 1625 1710
f 1711 1401 1506
f 1628 1712 1581
f 1713 1625 1583
f 1714 1581 1712
f 1715 1713 1583
f 1715 1583 1671
f 1714 1582 1581
f 1716 1672 1409
f 1676 1629 1505
f 1582 1714 1679
f 1676 1717 1629
f 1350 1718 1461
f 1419 1718 1350
f 1632 1631 1415
f 1719 1591 1593
f 1594 1719 1593
f 1720 1634 1686
f 1594 1688 1719
f 1721 1687 1469
f 1422 1687 1636
f 1474 1602 1688
f 1689 1599 1239
f 1424 1722 1473
f 1560 1559 1723
f 1640 1601 1724
f 1426 1722 1424
f 1426 1725 1722
f 1691 1725 1426
f 1604 1691 1245
f 1378 1642 1726
f 1379 1605 1641
f 1643 1378 1726
f 1429 1605 1476
f 1727 1608 1609
f 1563 1728 1520
f 1563 1524 1729
f 1729 1524 1730
f 1522 1521 1693
f 1524 1647 1731
f 1613 1650 1732
f 1614 1694 1482
f 1529 1695 1614
f 1528 1696 1695
f 1653 1696 1530
f 1733 1568 1652
f 1617 1734 1616
f 1617 1569 1735
f 1569 1659 1735
f 1699 1736 1542
f 1571 1700 1660
f 1543 1662 1701
f 1701 1544 1309
f 1619 1737 1540
f 1540 1737 1700
f 1663 1620 1738
f 1738 1620 1664
f 1702 1739 1618
f 1739 1740 1618
f 1618 1740 1619
f 1619 1740 1737
f 1741 1706 1703
f 1577 1393 1666
f 1742 1454 1577
f 1742 1499 1454
f 1708 1668 1743
f 1624 1707 1744
f 1579 1624 1744
f 1745 1669 1499
f 1578 1500 1746
f 1747 1709 1372
f 1628 1579 1744
f 1401 1747 1372
f 1404 1400 1748
f 1625 1713 1710
f 1746 1500 1749
f 1548 1749 1500
f 1750 1749 1548
f 1715 1751 1713
f 1671 1752 1715
f 1507 1753 1510
f 1510 1716 1409
f 1678 1754 1752
f 1678 1752 1671
f 1673 1672 1674
f 1755 1679 1714
f 1756 1677 1674
f 1675 1757 1676
f 1676 1757 1717
f 1678 1758 1754
f 1631 1632 1759
f 1678 1760 1758
f 1761 1679 1755
f 1680 1760 1678
f 1762 1632 1514
f 1513 1762 1514
f 1761 1682 1679
f 1763 1318 1468
f 1318 1763 1590
f 1761 1764 1682
f 1633 1682 1764
f 1686 1633 1764
f 1720 1686 1764
f 1721 1469 1634
f 1688 1765 1719
f 1688 1602 1765
f 1766 1473 1722
f 1723 1638 1560
f 1602 1603 1765
f 1639 1767 1561
f 1561 1767 1642
f 1477 1643 1768
f 1768 1644 1477
f 1769 1606 1645
f 1727 1609 1692
f 1770 1607 1520
f 1770 1520 1728
f 1608 1727 1771
f 1729 1728 1563
f 1521 1608 1771
f 1693 1521 1771
f 1730 1524 1731
f 1648 1693 1772
f 1772 1564 1648
f 1480 1773 1647
f 1773 1480 1610
f 1611 1774 1649
f 1610 1775 1773
f 1610 1612 1775
f 1614 1776 1694
f 1732 1615 1613
f 1695 1776 1614
f 1733 1652 1615
f 1733 1777 1568
f 1655 1616 1734
f 1777 1656 1568
f 1778 1734 1617
f 1617 1735 1778
f 1542 1736 1541
f 1699 1575 1663
f 1704 1779 1780
f 1779 1704 1706
f 1702 1698 1781
f 1780 1782 1704
f 1783 1706 1741
f 1781 1739 1702
f 1782 1705 1704
f 1705 1782 1784
f 1622 1785 1664
f 1784 1786 1705
f 1786 1703 1705
f 1787 1741 1703
f 1786 1788 1703
f 1703 1788 1787
f 1623 1546 1578
f 1789 1745 1499
f 1547 1790 1371
f 1748 1371 1790
f 1400 1371 1748
f 1586 1711 1506
f 1714 1791 1792
f 1672 1716 1793
f 1793 1674 1672
f 1416 1670 1794
f 1714 1758 1755
f 1758 1714 1792
f 1674 1793 1756
f 1794 1587 1416
f 1757 1677 1756
f 1677 1757 1675
f 1629 1717 1795
f 1629 1795 1585
f 1758 1792 1754
f 1630 1796 1554
f 1797 1755 1758
f 1798 1587 1794
f 1799 1512 1554
f 1760 1797 1758
f 1800 1513 1681
f 1685 1801 1468
f 1684 1760 1680
f 1802 1684 1591
f 1719 1802 1591
f 1721 1634 1720
f 1803 1598 1473
f 1766 1803 1473
f 1597 1724 1601
f 1640 1804 1603
f 1603 1804 1765
f 1805 1806 1559
f 1805 1559 1641
f 1604 1807 1691
f 1805 1641 1808
f 1808 1641 1605
f 1726 1768 1643
f 1605 1429 1644
f 1606 1809 1562
f 1810 1645 1646
f 1692 1562 1811
f 1607 1770 1646
f 1774 1611 1812
f 1774 1813 1649
f 1650 1649 1813
f 1814 1732 1650
f 1657 1656 1815
f 1778 1816 1734
f 1817 1735 1659
f 1815 1658 1657
f 1817 1659 1660
f 1818 1817 1660
f 1697 1573 1572
f 1541 1819 1661
f 1819 1541 1736
f 1779 1706 1820
f 1706 1783 1820
f 1821 1822 1701
f 1701 1822 1544
f 1823 1663 1738
f 1740 1824 1737
f 1665 1825 1622
f 1826 1667 1623
f 1623 1578 1827
f 1789 1499 1742
f 1744 1707 1828
f 1829 1668 1710
f 1830 1628 1744
f 1628 1830 1712
f 1713 1751 1831
f 1712 1791 1714
f 1507 1626 1832
f 1792 1791 1833
f 1832 1753 1507
f 1754 1792 1833
f 1754 1833 1752
f 1548 1550 1750
f 1834 1510 1753
f 1834 1716 1510
f 1585 1795 1550
f 1796 1630 1835
f 1836 1837 1756
f 1756 1837 1757
f 1799 1554 1796
f 1837 1717 1757
f 1587 1798 1589
f 1838 1632 1762
f 1755 1839 1761
f 1755 1797 1839
f 1763 1468 1801
f 1839 1797 1840
f 1840 1797 1760
f 1841 1764 1761
f 1760 1842 1840
f 1684 1842 1760
f 1841 1720 1764
f 1841 1721 1720
f 1802 1719 1765
f 1598 1843 1689
f 1843 1598 1803
f 1597 1637 1844
f 1722 1845 1766
f 1846 1638 1723
f 1806 1723 1559
f 1519 1690 1639
f 1600 1599 1847
f 1600 1847 1604
f 1606 1769 1809
f 1848 1769 1645
f 1645 1810 1848
f 1809 1811 1562
f 1849 1727 1850
f 1771 1727 1849
f 1693 1771 1851
f 1772 1693 1851
f 1812 1611 1564
f 1773 1852 1647
f 1651 1853 1612
f 1612 1853 1775
f 1853 1651 1854
f 1651 1694 1854
f 1615 1732 1814
f 1733 1615 1855
f 1696 1653 1856
f 1654 1856 1653
f 1654 1857 1856
f 1654 1858 1857
f 1655 1858 1654
f 1656 1777 1859
f 1815 1860 1658
f 1697 1861 1573
f 1779 1862 1863
f 1779 1820 1862
f 1861 1662 1573
f 1658 1864 1698
f 1700 1818 1660
f 1779 1863 1865
f 1821 1701 1662
f 1663 1866 1699
f 1780 1779 1865
f 1867 1820 1783
f 1781 1698 1868
f 1780 1865 1782
f 1785 1738 1664
f 1784 1869 1870
f 1869 1784 1782
f 1544 1822 1576
f 1871 1784 1870
f 1872 1784 1871
f 1784 1872 1786
f 1741 1787 1873
f 1874 1621 1576
f 1873 1787 1875
f 1876 1788 1786
f 1788 1875 1787
f 1667 1877 1665
f 1827 1826 1623
f 1578 1878 1827
f 1743 1668 1829
f 1578 1746 1878
f 1709 1879 1547
f 1713 1880 1710
f 1401 1711 1747
f 1830 1791 1712
f 1715 1881 1751
f 1834 1882 1716
f 1716 1882 1883
f 1883 1793 1716
f 1884 1756 1793
f 1630 1885 1835
f 1631 1885 1630
f 1795 1717 1886
f 1887 1888 1889
f 1889 1888 1890
f 1631 1759 1885
f 1512 1799 1681
f 1887 1891 1888
f 1888 1892 1890
f 1589 1798 1893
f 1891 1894 1888
f 1632 1838 1759
f 1888 1894 1892
f 1895 1513 1800
f 1895 1762 1513
f 1683 1589 1893
f 1841 1761 1839
f 1802 1842 1684
f 1802 1896 1842
f 1844 1687 1721
f 1844 1636 1687
f 1802 1765 1897
f 1636 1844 1637
f 1597 1844 1898
f 1897 1765 1804
f 1724 1597 1898
f 1689 1899 1599
f 1690 1638 1900
f 1846 1900 1638
f 1724 1898 1640
f 1901 1845 1722
f 1902 1599 1899
f 1725 1901 1722
f 1599 1902 1847
f 1691 1903 1725
f 1806 1805 1904
f 1642 1767 1726
f 1905 1906 1605
f 1644 1905 1605
f 1811 1907 1692
f 1692 1907 1727
f 1908 1728 1729
f 1851 1771 1849
f 1909 1731 1647
f 1812 1564 1772
f 1647 1852 1909
f 1852 1773 1910
f 1813 1911 1650
f 1814 1650 1911
f 1615 1814 1855
f 1695 1696 1912
f 1858 1655 1913
f 1734 1913 1655
f 1860 1815 1914
f 1864 1658 1860
f 1915 1736 1699
f 1699 1866 1915
f 1866 1663 1823
f 1700 1916 1818
f 1783 1917 1867
f 1918 1823 1738
f 1700 1737 1916
f 1782 1919 1869
f 1920 1783 1741
f 1739 1921 1740
f 1921 1824 1740
f 1622 1825 1785
f 1920 1741 1873
f 1874 1576 1822
f 1786 1872 1876
f 1876 1875 1788
f 1877 1922 1665
f 1666 1923 1577
f 1708 1743 1924
f 1707 1708 1924
f 1925 1828 1707
f 1710 1926 1829
f 1926 1710 1880
f 1744 1828 1830
f 1831 1880 1713
f 1669 1745 1927
f 1928 1929 1404
f 1404 1748 1928
f 1930 1791 1830
f 1626 1669 1927
f 1833 1791 1931
f 1833 1931 1752
f 1881 1715 1752
f 1927 1832 1626
f 1461 1718 1586
f 1932 1750 1550
f 1550 1933 1932
f 1934 1889 1890
f 1935 1889 1934
f 1796 1936 1937
f 1796 1835 1936
f 1883 1884 1793
f 1935 1887 1889
f 1937 1799 1796
f 1884 1836 1756
f 1938 1887 1935
f 1937 1681 1799
f 1837 1886 1717
f 1938 1891 1887
f 1939 1890 1892
f 1419 1590 1940
f 1891 1938 1941
f 1942 1892 1894
f 1941 1894 1891
f 1941 1943 1894
f 1943 1944 1894
f 1721 1841 1839
f 1945 1721 1839
f 1896 1840 1842
f 1844 1721 1945
f 1896 1802 1897
f 1640 1898 1804
f 1900 1639 1690
f 1901 1725 1903
f 1900 1946 1639
f 1902 1807 1847
f 1807 1604 1847
f 1605 1906 1808
f 1644 1768 1947
f 1769 1848 1948
f 1810 1646 1949
f 1770 1949 1646
f 1907 1950 1727
f 1950 1850 1727
f 1729 1730 1951
f 1951 1730 1731
f 1774 1812 1952
f 1774 1952 1813
f 1773 1775 1910
f 1953 1911 1813
f 1776 1954 1694
f 1955 1776 1695
f 1855 1956 1733
f 1957 1912 1696
f 1956 1958 1733
f 1733 1958 1777
f 1859 1777 1958
f 1859 1815 1656
f 1959 1815 1859
f 1959 1914 1815
f 1778 1960 1816
f 1778 1735 1960
f 1735 1817 1961
f 1915 1962 1736
f 1867 1862 1820
f 1963 1964 1965
f 1966 1965 1964
f 1823 1967 1866
f 1968 1969 1865
f 1865 1863 1968
f 1698 1864 1868
f 1865 1970 1782
f 1970 1865 1969
f 1785 1918 1738
f 1782 1970 1919
f 1916 1737 1824
f 1781 1971 1739
f 1920 1873 1972
f 1665 1922 1825
f 1973 1873 1875
f 1874 1666 1621
f 1974 1577 1923
f 1974 1742 1577
f 1707 1975 1925
f 1707 1924 1975
f 1929 1627 1404
f 1976 1747 1711
f 1752 1931 1881
f 1977 1670 1627
f 1976 1711 1586
f 1832 1978 1753
f 1978 1834 1753
f 1882 1834 1883
f 1935 1934 1979
f 1980 1934 1890
f 1934 1981 1982
f 1934 1980 1981
f 1982 1937 1936
f 1982 1981 1937
f 1983 1884 1883
f 1550 1795 1933
f 1939 1980 1890
f 1884 1984 1836
f 1984 1985 1836
f 1985 1837 1836
f 1986 1939 1892
f 1987 1941 1938
f 1838 1762 1895
f 1893 1685 1683
f 1987 1988 1941
f 1892 1942 1986
f 1685 1989 1801
f 1943 1988 1990
f 1988 1943 1941
f 1991 1894 1944
f 1942 1894 1991
f 1990 1992 1943
f 1943 1992 1944
f 1993 1994 1995
f 1995 1996 1990
f 1990 1996 1997
f 1990 1997 1992
f 1994 1996 1995
f 1840 1998 1839
f 1945 1839 1998
f 1999 1840 1896
f 1999 1896 2000
f 1897 2000 1896
f 1766 2001 1803
f 1898 1844 2002
f 1689 1843 2003
f 2004 1766 1845
f 1804 2000 1897
f 1899 1689 2003
f 1804 1898 2000
f 2005 1723 1806
f 2005 1806 1904
f 1903 1691 1807
f 1946 1767 1639
f 1767 1946 2006
f 2006 1726 1767
f 2007 1948 1848
f 2008 1848 1810
f 1948 1809 1769
f 1728 2009 1770
f 2010 1908 1729
f 2010 1729 1951
f 2011 1951 1731
f 2012 1812 1772
f 1910 2013 1852
f 1952 1953 1813
f 1775 1853 2014
f 2015 1814 1911
f 2015 2016 1814
f 1954 2017 1694
f 2016 1855 1814
f 1776 1955 1954
f 1955 1695 1912
f 1696 1856 1957
f 1816 2018 2019
f 1816 2019 1734
f 1816 1960 2018
f 2020 2021 2022
f 1735 1961 1960
f 2021 1963 1965
f 2021 1965 2022
f 1862 1867 2023
f 1966 2022 1965
f 1819 1697 1661
f 2024 1964 1963
f 1861 2025 1662
f 2024 2026 1964
f 1783 1920 1917
f 1971 1781 1868
f 1971 1921 1739
f 1972 1873 2027
f 2027 1873 1973
f 1922 2028 1825
f 1876 2029 1875
f 1875 2029 1973
f 2030 1829 1926
f 2031 1830 1828
f 1928 1748 1790
f 1931 1791 1930
f 1881 2032 1751
f 1670 1977 2033
f 1586 2034 1976
f 2035 1794 1670
f 1934 2036 1979
f 2036 1934 1982
f 1982 2037 2036
f 1936 2037 1982
f 1936 1835 2037
f 2038 1983 1883
f 1979 2039 1935
f 1835 1885 2040
f 2041 1980 1939
f 1980 2041 1981
f 2042 1937 1981
f 1884 1983 1984
f 1940 1718 1419
f 1938 1935 2039
f 1681 1937 2042
f 1939 2043 2041
f 1939 1986 2043
f 1985 2044 1837
f 1837 2044 1886
f 2039 1987 1938
f 1942 2045 1986
f 1990 2046 2047
f 2046 1990 1988
f 1995 2048 2049
f 1995 2047 2048
f 1990 2047 1995
f 1991 2045 1942
f 2049 1993 1995
f 2050 1993 2049
f 1992 2051 1944
f 1944 2051 1991
f 2050 2052 2053
f 2050 2053 1993
f 1994 1993 2053
f 1997 2051 1992
f 2053 1996 1994
f 1996 2054 1997
f 2053 2055 1996
f 1996 2055 2054
f 1840 1999 1998
f 1999 1945 1998
f 1945 2002 1844
f 2002 1945 1999
f 2000 2002 1999
f 2004 2001 1766
f 1898 2002 2000
f 1900 1846 2056
f 2005 2057 1723
f 1903 2058 1901
f 2059 1805 1808
f 2006 2060 1726
f 2060 1768 1726
f 2060 1947 1768
f 1644 1947 1905
f 2061 1907 1811
f 1950 2062 1850
f 2009 1728 1908
f 2062 1849 1850
f 1849 2063 1851
f 2064 1951 2011
f 1851 2012 1772
f 1909 2011 1731
f 1852 2013 2065
f 1852 2065 1909
f 2014 1910 1775
f 2017 1854 1694
f 1958 2066 1859
f 1859 2066 1959
f 2067 2021 2020
f 2019 1913 1734
f 2068 2020 2022
f 2069 2068 2022
f 1963 2067 2070
f 1963 2021 2067
f 2071 1862 2023
f 1966 2069 2022
f 2072 2069 1966
f 2073 1961 1817
f 1963 2070 2024
f 1819 2074 1697
f 1962 1819 1736
f 2024 2070 2075
f 1697 2025 1861
f 1917 2076 1867
f 1817 1818 2077
f 1915 1866 2078
f 2078 1866 1967
f 2079 2024 2075
f 1964 2080 1966
f 2080 2072 1966
f 1823 1918 1967
f 2081 1868 1864
f 2077 1818 1916
f 1662 2082 1821
f 2082 1662 2025
f 2026 2080 1964
f 2024 2083 2026
f 2084 2085 1916
f 1821 2086 1822
f 1971 1868 2081
f 1919 2087 1869
f 2088 2087 1919
f 1916 1824 2084
f 2088 1919 2089
f 2089 1919 1970
f 2083 2090 2091
f 2026 2083 2091
f 2084 1824 2092
f 2093 1870 1869
f 1871 1870 2094
f 1921 2092 1824
f 2086 1874 1822
f 1825 2028 1785
f 1872 2095 1876
f 1826 1877 1667
f 2096 1975 1924
f 1924 1743 2097
f 2097 1743 2098
f 1829 2098 1743
f 1925 2099 1828
f 1828 2099 2031
f 1879 1709 1747
f 1831 1751 2032
f 1976 2100 1747
f 1931 1930 2101
f 2102 1881 1931
f 2102 1931 2101
f 2102 2032 1881
f 1977 1627 1929
f 1749 2103 1746
f 1978 2104 1834
f 2034 1586 1718
f 2105 2106 2036
f 2037 2105 2036
f 1932 2107 1750
f 1883 1834 2038
f 2040 2037 1835
f 2039 1979 2108
f 2109 1981 2041
f 1885 2110 2040
f 2111 1984 1983
f 1981 2109 2042
f 1885 1759 2110
f 2043 2112 2041
f 1681 2042 1800
f 1798 2113 1893
f 1759 1838 2110
f 1987 2039 2114
f 2043 1986 2115
f 1988 2116 2046
f 1988 1987 2116
f 2116 1987 2114
f 2049 2048 2117
f 2045 1991 2118
f 2050 2119 2120
f 2050 2121 2119
f 2121 2050 2049
f 2120 2052 2050
f 1997 2122 2051
f 2120 2123 2124
f 2120 2124 2052
f 2053 2052 2125
f 2126 2122 2054
f 2054 2122 1997
f 2124 2125 2052
f 2127 2053 2125
f 2053 2127 2055
f 1803 2001 1843
f 1845 2128 2004
f 1845 2129 2128
f 1845 1901 2129
f 2057 1846 1723
f 2130 2005 1904
f 1902 2131 1807
f 1900 2132 1946
f 1904 1805 2133
f 2133 1805 2059
f 1809 2061 1811
f 2134 1949 1770
f 2135 1950 1907
f 1908 2010 2136
f 1951 2137 2010
f 1951 2064 2137
f 2138 1812 2012
f 1909 2139 2011
f 1953 2015 1911
f 2140 2014 1853
f 1853 1854 2140
f 2141 1955 1912
f 2020 2142 2143
f 1858 2144 1857
f 2143 2067 2020
f 1913 2144 1858
f 2019 2144 1913
f 2067 2145 2070
f 1862 2071 2146
f 2146 2147 1863
f 1863 1862 2146
f 2023 1867 2148
f 2147 1968 1863
f 2147 2149 1968
f 2076 2148 1867
f 2150 1819 1962
f 1817 2077 2073
f 1915 2078 1962
f 1968 2149 1969
f 2081 1864 1860
f 2085 2077 1916
f 2151 2024 2152
f 2152 2024 2079
f 2153 1917 1920
f 2024 2151 2083
f 1821 2082 2086
f 2151 2154 2083
f 1969 2155 1970
f 1972 2153 1920
f 2091 2080 2026
f 2156 2088 2089
f 2089 1970 2155
f 2154 2090 2083
f 2094 1870 2093
f 2092 1921 2157
f 2158 1871 2094
f 1972 2027 2159
f 1871 2158 1872
f 2158 2095 1872
f 2027 1973 2160
f 2161 2160 2029
f 2029 2160 1973
f 2095 2029 1876
f 2162 1923 1666
f 2030 2098 1829
f 1974 1789 1742
f 1789 1974 2163
f 1827 1878 2164
f 1880 2165 1926
f 2166 2165 1880
f 2163 1745 1789
f 1830 2031 1930
f 1879 1790 1547
f 1746 2167 1878
f 2166 1831 2032
f 1880 1831 2166
f 2168 1832 1927
f 2168 1978 1832
f 2169 1749 1750
f 2035 1670 2033
f 2169 1750 2107
f 2170 2038 2104
f 2038 1834 2104
f 1718 2171 2034
f 2106 1979 2036
f 2106 2172 1979
f 2035 1798 1794
f 1979 2172 2108
f 2171 1718 1940
f 2108 2173 2039
f 2112 2043 2174
f 2112 2109 2041
f 2109 2175 2042
f 2039 2173 2176
f 2175 1800 2042
f 2115 2174 2043
f 2175 2177 1800
f 1895 1800 2177
f 1838 1895 2110
f 1590 2178 1940
f 2114 2039 2176
f 1893 2179 1685
f 1590 1763 2178
f 2180 1763 1801
f 2116 2181 2046
f 1986 2045 2115
f 2046 2181 2047
f 2048 2182 2117
f 2048 2047 2182
f 2121 2049 2117
f 2120 2119 2183
f 2118 1991 2184
f 2051 2184 1991
f 2185 2183 2186
f 2183 2187 2120
f 2122 2184 2051
f 2188 2185 2186
f 2185 2187 2183
f 2187 2123 2120
f 2055 2126 2054
f 2189 2124 2123
f 2124 2189 2125
f 2187 2185 2190
f 2185 2188 2191
f 2185 2191 2190
f 2001 2004 2192
f 2004 2128 2192
f 2193 1843 2001
f 1901 2058 2129
f 2130 2194 2005
f 2194 2057 2005
f 2132 1900 2056
f 1807 2195 1903
f 2130 1904 2133
f 1946 2196 2006
f 2059 2197 2133
f 1808 1906 2198
f 1808 2198 2059
f 1949 2008 1810
f 1948 2199 1809
f 2007 1848 2008
f 1809 2199 2061
f 2062 2063 1849
f 2010 2137 2200
f 1851 2063 2012
f 2064 2011 2201
f 2138 1952 1812
f 1909 2065 2139
f 2202 1910 2014
f 2203 2015 1953
f 2014 2204 2202
f 2017 2140 1854
f 1855 2016 2205
f 2206 1954 1955
f 1855 2205 1956
f 1956 2205 2207
f 2208 1856 1857
f 2144 2208 1857
f 2068 2209 2020
f 2209 2142 2020
f 2210 2067 2143
f 2210 2145 2067
f 2068 2211 2209
f 2018 2212 2019
f 2071 2023 2213
f 2069 2211 2068
f 2214 2215 1960
f 2018 1960 2215
f 2216 2070 2145
f 2211 2069 2217
f 1959 2218 1914
f 2214 1960 1961
f 2072 2217 2069
f 2218 1860 1914
f 2218 2219 1860
f 2150 2074 1819
f 1917 2220 2076
f 2072 2221 2217
f 1697 2222 2025
f 1860 2219 2081
f 2080 2221 2072
f 2220 1917 2153
f 2223 2079 2075
f 1918 2224 1967
f 2225 2226 2152
f 2152 2079 2223
f 2226 2151 2152
f 2227 2155 1969
f 2228 1971 2081
f 2229 2080 2091
f 2089 2155 2230
f 1921 1971 2157
f 2231 2091 2090
f 2089 2232 2156
f 2232 2089 2230
f 2027 2230 2159
f 2086 2233 1874
f 2027 2232 2230
f 2160 2232 2027
f 2095 2161 2029
f 2162 1666 1874
f 2096 2097 2234
f 2096 1924 2097
f 2235 1877 1826
f 1827 2235 1826
f 1925 1975 2099
f 2164 2235 1827
f 2165 2030 1926
f 2031 2101 1930
f 2236 1928 1790
f 1879 1747 2100
f 2034 2237 1976
f 2238 1978 2168
f 2170 2104 1978
f 2239 2106 2105
f 2037 2239 2105
f 2240 2239 2037
f 2170 2241 2038
f 1798 2035 2242
f 2037 2040 2240
f 2172 2243 2108
f 2240 2040 2110
f 2038 2244 1983
f 1798 2242 2113
f 2108 2245 2173
f 2174 2108 2243
f 2245 2108 2174
f 2174 2243 2112
f 1983 2244 2111
f 2246 2173 2245
f 2175 2109 2112
f 2246 2176 2173
f 2110 1895 2177
f 2247 2245 2115
f 2115 2245 2174
f 1886 2248 1795
f 1893 2113 2179
f 2115 2249 2247
f 1763 2180 2178
f 2179 1989 1685
f 2045 2249 2115
f 2047 2250 2182
f 2181 2250 2047
f 2118 2249 2045
f 2119 2121 2251
f 2119 2251 2252
f 2252 2183 2119
f 2252 2186 2183
f 2253 2184 2122
f 2254 2188 2186
f 2126 2255 2122
f 2256 2127 2125
f 2256 2125 2257
f 2127 2256 2055
f 2254 2191 2188
f 2189 2123 2258
f 2125 2189 2257
f 2258 2187 2190
f 2187 2258 2123
f 2192 2128 2259
f 2193 2001 2192
f 2131 1902 1899
f 2194 2130 2260
f 2130 2261 2260
f 2195 1807 2131
f 2196 1946 2132
f 2130 2133 2261
f 2196 2060 2006
f 2262 2007 2008
f 2263 1948 2007
f 2264 1949 2134
f 2135 1907 2061
f 2009 2134 1770
f 1908 2265 2009
f 2136 2010 2266
f 2010 2200 2266
f 2267 2201 2011
f 2267 2011 2139
f 1953 1952 2268
f 2013 1910 2202
f 1953 2269 2203
f 2270 2204 2014
f 2140 2270 2014
f 2015 2271 2016
f 2271 2205 2016
f 2206 1955 2141
f 2141 1912 2272
f 1956 2207 1958
f 1958 2207 2066
f 2208 1957 1856
f 2273 2145 2210
f 2274 1959 2066
f 2215 2212 2018
f 2212 2275 2019
f 2148 2213 2023
f 2274 2218 1959
f 2276 2070 2216
f 2148 2277 2278
f 2148 2076 2277
f 2074 2222 1697
f 2227 1969 2149
f 2152 2223 2225
f 2228 2081 2219
f 2226 2279 2151
f 2151 2279 2154
f 2280 2221 2080
f 1972 2281 2153
f 2282 2088 2156
f 1972 2159 2281
f 2280 2080 2229
f 2228 2157 1971
f 2283 2092 2157
f 2284 2282 2156
f 2232 2284 2156
f 2154 2285 2090
f 2231 2229 2091
f 2285 2231 2090
f 2160 2286 2232
f 2158 2287 2095
f 2160 2161 2286
f 2287 2288 2095
f 2095 2288 2161
f 2164 1878 2289
f 1790 2290 2236
f 1929 1928 2236
f 2032 2102 2291
f 1745 2163 1927
f 2292 2100 1976
f 2237 2292 1976
f 1749 2169 2103
f 2034 2171 2293
f 2170 1978 2294
f 2106 2295 2172
f 2295 2106 2239
f 2172 2295 2296
f 2296 2243 2172
f 2038 2241 2244
f 2296 2112 2243
f 2296 2297 2112
f 2112 2297 2175
f 2297 2240 2110
f 2244 2298 2111
f 2299 1932 1933
f 1940 2178 2171
f 2175 2297 2177
f 2177 2297 2110
f 2298 2300 2111
f 1933 2301 2299
f 2247 2246 2245
f 1985 1984 2302
f 2302 2044 1985
f 2176 2303 2114
f 2176 2246 2303
f 2249 2246 2247
f 2304 2116 2114
f 2304 2114 2303
f 2250 2181 2305
f 2305 2181 2116
f 2182 2306 2117
f 2306 2251 2121
f 2121 2117 2306
f 2307 2249 2118
f 2252 2251 2308
f 2184 2307 2118
f 2252 2309 2186
f 2310 2307 2184
f 2253 2310 2184
f 2253 2122 2255
f 2311 2255 2126
f 2256 2311 2055
f 2126 2055 2311
f 2254 2312 2191
f 2192 2259 2313
f 2314 2315 2312
f 2312 2315 2191
f 2259 2128 2316
f 2191 2317 2190
f 2314 2318 2315
f 2315 2318 2319
f 2191 2315 2319
f 2314 2320 2321
f 2314 2321 2318
f 1843 2193 2322
f 2128 2129 2316
f 1843 2323 2003
f 2322 2323 1843
f 1899 2003 2323
f 1846 2324 2056
f 2325 1846 2057
f 2325 2057 2194
f 2326 2261 2133
f 2133 2197 2326
f 2197 2059 2198
f 1905 1947 2327
f 1905 2198 1906
f 2328 2199 1948
f 2009 2265 2134
f 1908 2329 2265
f 2330 2062 1950
f 1950 2135 2330
f 2329 1908 2136
f 2063 2331 2012
f 2137 2064 2332
f 2201 2332 2064
f 2138 2333 1952
f 2139 2065 2334
f 2202 2335 2013
f 2269 1953 2268
f 2271 2015 2203
f 2336 2017 1954
f 2336 1954 2206
f 1957 2272 1912
f 2208 2272 1957
f 2337 2210 2143
f 2211 2338 2209
f 2339 2147 2146
f 2071 2339 2146
f 2213 2339 2071
f 2273 2216 2145
f 2148 2278 2213
f 2340 1961 2073
f 2277 2226 2278
f 2341 2070 2276
f 2341 2075 2070
f 2342 2219 2218
f 2343 2344 2074
f 2345 2150 1962
f 2078 2345 1962
f 2346 2076 2220
f 2346 2277 2076
f 2226 2225 2278
f 2344 2222 2074
f 2347 2345 2078
f 2217 2221 2348
f 2347 2078 1967
f 2149 2349 2227
f 2220 2153 2350
f 2279 2226 2277
f 2341 2223 2075
f 2350 2153 2281
f 2280 2348 2221
f 2155 2227 2351
f 2352 2154 2279
f 2353 2085 2084
f 2087 2354 1869
f 2230 2155 2351
f 2154 2352 2355
f 2356 2092 2283
f 2092 2356 2084
f 2354 2093 1869
f 2157 2228 2283
f 2159 2357 2281
f 2028 1918 1785
f 2230 2357 2159
f 2355 2358 2154
f 2359 2360 2086
f 2158 2094 2361
f 2358 2285 2154
f 2360 2233 2086
f 2232 2286 2284
f 2233 2162 1874
f 2235 1922 1877
f 2362 2098 2030
f 2363 1923 2162
f 2364 1975 2365
f 2363 1974 1923
f 2364 2099 1975
f 2030 2165 2362
f 2366 2031 2099
f 2101 2031 2366
f 2032 2367 2166
f 2368 2290 1790
f 1879 2368 1790
f 2168 1927 2163
f 2369 2168 2163
f 2034 2293 2237
f 2294 1978 2238
f 2370 2295 2239
f 2239 2240 2370
f 2296 2295 2370
f 2298 2244 2241
f 2296 2370 2297
f 2297 2370 2240
f 2111 2300 1984
f 2180 1801 1989
f 2303 2246 2249
f 2305 2116 2304
f 2371 2306 2182
f 2371 2182 2250
f 2306 2372 2251
f 2307 2303 2249
f 2372 2308 2251
f 2252 2308 2309
f 2313 2373 2374
f 2374 2373 2375
f 2186 2309 2376
f 2376 2254 2186
f 2313 2259 2373
f 2376 2312 2254
f 2259 2377 2373
f 2378 2312 2376
f 2379 2192 2313
f 2259 2316 2377
f 2380 2257 2189
f 2257 2381 2256
f 2377 2316 2382
f 2378 2314 2312
f 2383 2189 2258
f 2314 2378 2384
f 2192 2379 2193
f 2258 2190 2383
f 2384 2320 2314
f 2191 2319 2317
f 2129 2382 2316
f 2321 2385 2318
f 2318 2386 2319
f 2323 2387 1899
f 2388 2129 2058
f 2131 1899 2387
f 1903 2388 2058
f 2194 2389 2325
f 2194 2260 2389
f 2260 2390 2391
f 1846 2325 2324
f 2260 2261 2390
f 2261 2392 2390
f 2392 2261 2326
f 1947 2060 2327
f 2198 1905 2327
f 2393 2008 1949
f 2264 2393 1949
f 2263 2328 1948
f 2394 2135 2061
f 2265 2329 2395
f 2331 2138 2012
f 1952 2333 2268
f 2335 2065 2013
f 2336 2396 2017
f 2209 2397 2142
f 2398 2066 2207
f 2337 2273 2210
f 2398 2274 2066
f 2399 2339 2213
f 2278 2400 2213
f 2217 2401 2211
f 2402 1961 2340
f 2402 2214 1961
f 2149 2147 2349
f 2403 2276 2216
f 2342 2218 2274
f 2225 2404 2278
f 2217 2348 2401
f 2219 2342 2405
f 2077 2085 2406
f 2346 2279 2277
f 2223 2404 2225
f 2222 2407 2025
f 2341 2408 2223
f 2224 2347 1967
f 2409 2348 2280
f 2405 2228 2219
f 2346 2352 2279
f 2353 2406 2085
f 2405 2410 2228
f 2353 2084 2356
f 2230 2351 2357
f 2228 2410 2283
f 2082 2359 2086
f 2411 2229 2231
f 2358 2412 2285
f 2412 2231 2285
f 2363 2413 1974
f 2366 2414 2101
f 2414 2102 2101
f 2413 2163 1974
f 2164 2289 2415
f 2367 2032 2291
f 2167 2289 1878
f 2168 2369 2238
f 2167 1746 2103
f 2294 2241 2170
f 2298 2241 2416
f 2301 1933 1795
f 2250 2417 2371
f 2305 2418 2250
f 2250 2418 2417
f 2304 2418 2305
f 2304 2419 2418
f 2419 2304 2303
f 2420 2374 2421
f 2422 2421 2374
f 2419 2303 2307
f 2375 2422 2374
f 2313 2420 2379
f 2420 2313 2374
f 2419 2310 2423
f 2310 2419 2307
f 2376 2309 2424
f 2423 2253 2425
f 2253 2423 2310
f 2375 2373 2377
f 2425 2255 2426
f 2255 2425 2253
f 2311 2426 2255
f 2426 2311 2427
f 2381 2427 2256
f 2256 2427 2311
f 2380 2381 2257
f 2382 2428 2377
f 2383 2380 2189
f 2429 2384 2378
f 2190 2430 2383
f 2322 2193 2379
f 2317 2430 2190
f 2320 2384 2431
f 2129 2388 2382
f 2431 2432 2320
f 2320 2432 2433
f 2433 2321 2320
f 2385 2321 2433
f 2260 2391 2434
f 2391 2390 2435
f 2391 2435 2436
f 2387 2195 2131
f 2437 1903 2195
f 2388 1903 2437
f 2390 2438 2435
f 2132 2056 2324
f 2390 2392 2438
f 2196 2132 2439
f 2440 2196 2439
f 2196 2440 2060
f 2197 2441 2326
f 2327 2060 2440
f 2198 2442 2197
f 2263 2007 2262
f 2443 2061 2199
f 2330 2135 2444
f 2136 2266 2329
f 2200 2137 2445
f 2137 2332 2445
f 2446 2201 2267
f 2447 2267 2139
f 2267 2447 2446
f 2335 2448 2065
f 2449 2203 2269
f 2271 2203 2449
f 2450 2270 2140
f 2396 2450 2140
f 2140 2017 2396
f 2271 2451 2205
f 2272 2452 2141
f 2453 2208 2144
f 2454 2273 2337
f 2455 2338 2211
f 2339 2456 2147
f 2400 2399 2213
f 2019 2457 2144
f 2216 2273 2458
f 2211 2401 2455
f 2398 2459 2274
f 2275 2457 2019
f 2147 2456 2349
f 2458 2460 2216
f 2212 2461 2275
f 2216 2460 2403
f 2274 2462 2342
f 2463 2340 2073
f 2278 2464 2400
f 2403 2465 2276
f 2404 2464 2278
f 2276 2465 2341
f 2343 2074 2150
f 2341 2465 2466
f 2077 2467 2073
f 2073 2467 2463
f 2468 2227 2349
f 2469 2401 2348
f 2470 2342 2471
f 2405 2342 2470
f 2406 2467 2077
f 2350 2472 2220
f 2472 2346 2220
f 2223 2408 2404
f 2408 2341 2466
f 2409 2469 2348
f 2407 2082 2025
f 2473 2281 2357
f 2281 2473 2350
f 2356 2474 2353
f 2475 2224 1918
f 2283 2410 2356
f 2280 2476 2409
f 2477 2475 1918
f 2355 2352 2358
f 2229 2476 2280
f 2028 2477 1918
f 2412 2411 2231
f 2286 2161 2478
f 2162 2233 2479
f 2480 2097 2098
f 1975 2096 2365
f 2479 2363 2162
f 2366 2099 2364
f 2481 2235 2164
f 2166 2482 2165
f 2483 2413 2363
f 2481 2164 2415
f 2163 2413 2484
f 1929 2236 2485
f 2484 2369 2163
f 2486 1977 1929
f 2487 2033 1977
f 2488 2238 2369
f 2488 2489 2294
f 2238 2488 2294
f 2490 2293 2171
f 2294 2489 2416
f 2294 2416 2241
f 2178 2491 2171
f 1932 2299 2107
f 2179 2113 2492
f 2180 2493 2178
f 2421 2422 2494
f 2494 2422 2495
f 2496 2302 1984
f 2044 2248 1886
f 2495 2422 2497
f 2375 2498 2497
f 2375 2497 2422
f 2499 2372 2306
f 2500 2499 2306
f 2500 2306 2371
f 2417 2500 2371
f 2417 2423 2500
f 2423 2417 2418
f 2423 2418 2419
f 2501 2309 2308
f 2501 2502 2309
f 2420 2503 2379
f 2424 2309 2502
f 2377 2428 2375
f 2428 2498 2375
f 2426 2504 2425
f 2424 2505 2376
f 2504 2426 2427
f 2379 2503 2506
f 2505 2378 2376
f 2505 2507 2378
f 2381 2508 2427
f 2378 2507 2429
f 2380 2509 2381
f 2510 2380 2383
f 2379 2506 2322
f 2430 2510 2383
f 2384 2429 2511
f 2511 2431 2384
f 2317 2319 2430
f 2319 2512 2430
f 2513 2432 2431
f 2319 2386 2512
f 2391 2436 2434
f 2514 2318 2385
f 2318 2514 2386
f 2195 2387 2437
f 2260 2515 2389
f 2434 2515 2260
f 2433 2432 2516
f 2433 2517 2385
f 2517 2514 2385
f 2518 2325 2389
f 2325 2519 2324
f 2392 2520 2438
f 2520 2392 2326
f 2326 2441 2520
f 2197 2442 2441
f 2327 2442 2198
f 2262 2008 2393
f 2328 2443 2199
f 2521 2264 2134
f 2521 2134 2265
f 2135 2394 2444
f 2522 2329 2266
f 2062 2330 2523
f 2062 2523 2063
f 2266 2524 2525
f 2266 2200 2524
f 2063 2523 2331
f 2200 2526 2524
f 2200 2445 2526
f 2331 2527 2138
f 2527 2333 2138
f 2445 2528 2526
f 2526 2528 2529
f 2445 2332 2528
f 2448 2334 2065
f 2530 2205 2451
f 2141 2452 2206
f 2531 2143 2142
f 2397 2531 2142
f 2205 2530 2207
f 2207 2532 2398
f 2338 2397 2209
f 2457 2453 2144
f 2458 2273 2454
f 2398 2532 2459
f 2533 2399 2400
f 2214 2534 2215
f 2534 2535 2215
f 2535 2212 2215
f 2464 2533 2400
f 2212 2536 2461
f 2461 2537 2275
f 2465 2403 2460
f 2462 2274 2459
f 2469 2455 2401
f 2462 2471 2342
f 2469 2465 2455
f 2466 2465 2469
f 2538 2345 2347
f 2539 2227 2468
f 2472 2540 2346
f 2539 2351 2227
f 2351 2539 2357
f 2404 2408 2541
f 2353 2474 2467
f 2353 2467 2406
f 2542 2408 2466
f 2405 2470 2410
f 2410 2470 2356
f 2540 2543 2346
f 2346 2543 2352
f 2093 2361 2094
f 2544 2088 2282
f 2543 2358 2352
f 2476 2229 2545
f 2229 2411 2545
f 2284 2286 2546
f 2288 2478 2161
f 2096 2234 2547
f 2548 2234 2097
f 2548 2097 2480
f 2549 2550 2551
f 2551 2550 2552
f 2551 2552 2553
f 2554 2555 2556
f 2552 2557 2553
f 2554 2558 2555
f 2098 2362 2480
f 2553 2557 2556
f 2235 2559 1922
f 2557 2554 2556
f 2554 2560 2558
f 2550 2561 2562
f 2550 2562 2552
f 2552 2562 2557
f 2557 2563 2554
f 2554 2563 2560
f 2165 2482 2362
f 2563 2564 2560
f 2560 2564 2565
f 2366 2566 2414
f 2567 2482 2166
f 2166 2367 2567
f 2568 2569 2570
f 2570 2569 2571
f 2102 2414 2291
f 2572 2367 2291
f 2415 2573 2574
f 2568 2575 2569
f 2569 2576 2571
f 2415 2289 2573
f 2290 2577 2578
f 2575 2579 2569
f 2289 2580 2573
f 2578 2236 2290
f 2579 2576 2569
f 2573 2580 2574
f 2574 2581 2582
f 2578 2485 2236
f 2580 2581 2574
f 2485 2486 1929
f 2581 2580 2583
f 2167 2580 2289
f 2580 2167 2583
f 2292 2237 2584
f 2487 2035 2033
f 2585 2416 2489
f 2298 2416 2585
f 2586 2494 2587
f 2587 2494 2588
f 2588 2589 2590
f 2298 2591 2300
f 2494 2495 2588
f 2420 2421 2586
f 2586 2421 2494
f 2589 2588 2495
f 2300 2496 1984
f 2503 2420 2592
f 2501 2308 2372
f 2593 2501 2372
f 2593 2372 2499
f 2594 2499 2500
f 2594 2500 2595
f 2504 2595 2500
f 2596 2595 2504
f 2504 2500 2423
f 2504 2423 2425
f 2504 2597 2596
f 2424 2502 2505
f 2427 2508 2597
f 2427 2597 2504
f 2509 2508 2381
f 2510 2509 2380
f 2428 2382 2598
f 2387 2323 2322
f 2599 2431 2511
f 2598 2388 2600
f 2382 2388 2598
f 2599 2513 2431
f 2430 2512 2601
f 2599 2602 2513
f 2434 2603 2515
f 2436 2602 2434
f 2513 2602 2436
f 2387 2600 2437
f 2437 2600 2388
f 2386 2604 2512
f 2515 2518 2389
f 2436 2605 2513
f 2432 2513 2605
f 2514 2604 2386
f 2435 2605 2436
f 2516 2432 2605
f 2516 2517 2433
f 2518 2519 2325
f 2435 2438 2605
f 2324 2439 2132
f 2438 2520 2606
f 2327 2607 2442
f 2608 2328 2263
f 2521 2609 2264
f 2610 2061 2443
f 2610 2394 2061
f 2444 2394 2611
f 2329 2612 2395
f 2613 2330 2444
f 2522 2266 2525
f 2522 2525 2614
f 2525 2615 2614
f 2525 2524 2615
f 2615 2524 2616
f 2524 2617 2616
f 2616 2618 2619
f 2616 2617 2618
f 2524 2526 2617
f 2617 2620 2618
f 2526 2529 2617
f 2617 2529 2620
f 2446 2332 2201
f 2621 2335 2202
f 2139 2334 2447
f 2621 2204 2622
f 2202 2204 2621
f 2623 2622 2270
f 2270 2622 2204
f 2623 2270 2450
f 2449 2624 2271
f 2624 2451 2271
f 2531 2625 2143
f 2337 2143 2625
f 2272 2208 2626
f 2207 2530 2532
f 2627 2626 2208
f 2338 2628 2397
f 2455 2629 2338
f 2338 2629 2628
f 2534 2214 2630
f 2456 2339 2399
f 2630 2214 2402
f 2535 2536 2212
f 2275 2537 2457
f 2631 2533 2464
f 2632 2460 2458
f 2465 2460 2629
f 2465 2629 2455
f 2468 2349 2456
f 2462 2459 2633
f 2631 2464 2404
f 2633 2471 2462
f 2343 2150 2345
f 2633 2470 2471
f 2538 2634 2345
f 2541 2631 2404
f 2633 2474 2470
f 2474 2356 2470
f 2082 2407 2635
f 2542 2541 2408
f 2636 2354 2087
f 2088 2636 2087
f 2409 2466 2469
f 2476 2466 2409
f 2637 2638 2639
f 2640 2639 2641
f 2358 2543 2642
f 2284 2643 2282
f 2644 2477 2028
f 2284 2546 2643
f 2358 2642 2412
f 2645 2551 2646
f 2641 2549 2645
f 2638 2647 2648
f 2638 2648 2639
f 2645 2549 2551
f 2234 2548 2649
f 2639 2648 2641
f 2551 2553 2646
f 2650 2556 2555
f 2651 2096 2547
f 2648 2652 2641
f 2646 2553 2556
f 2653 2028 1922
f 2641 2652 2549
f 2558 2654 2555
f 1922 2559 2653
f 2360 2479 2233
f 2652 2655 2549
f 2549 2655 2550
f 2362 2656 2480
f 2655 2561 2550
f 2654 2558 2657
f 2657 2658 2654
f 2362 2482 2656
f 2657 2568 2658
f 2366 2364 2659
f 2565 2558 2560
f 2660 2557 2562
f 2558 2565 2657
f 2658 2568 2570
f 2561 2661 2662
f 2561 2662 2562
f 2570 2571 2663
f 2660 2563 2557
f 2657 2575 2568
f 2562 2662 2660
f 2657 2565 2575
f 2415 2664 2481
f 2660 2665 2563
f 2664 2415 2574
f 2574 2582 2664
f 2563 2665 2564
f 2564 2666 2565
f 2484 2413 2667
f 2577 2290 2368
f 2575 2565 2666
f 2368 1879 2668
f 2100 2668 1879
f 2575 2666 2669
f 2571 2576 2670
f 2581 2583 2671
f 2576 2672 2670
f 2579 2575 2669
f 2369 2484 2488
f 2579 2673 2674
f 2579 2674 2576
f 2487 1977 2486
f 2675 2583 2167
f 2167 2103 2675
f 2584 2237 2293
f 2489 2488 2676
f 2488 2677 2676
f 2678 2242 2035
f 2676 2585 2489
f 2679 2588 2680
f 2680 2588 2681
f 2491 2490 2171
f 2679 2587 2588
f 2681 2588 2590
f 2682 2587 2679
f 2586 2587 2682
f 2178 2493 2491
f 2683 1989 2179
f 2592 2420 2586
f 2495 2497 2589
f 1795 2684 2301
f 2685 2497 2498
f 2498 2686 2685
f 2593 2499 2594
f 2687 2503 2592
f 2593 2594 2688
f 2596 2594 2595
f 2688 2594 2596
f 2498 2428 2686
f 2689 2596 2597
f 2508 2689 2597
f 2687 2506 2503
f 2508 2690 2689
f 2509 2690 2508
f 2691 2429 2507
f 2509 2510 2692
f 2687 2322 2506
f 2429 2691 2693
f 2694 2322 2687
f 2693 2511 2429
f 2430 2601 2510
f 2694 2387 2322
f 2600 2387 2694
f 2434 2602 2603
f 2605 2695 2516
f 2516 2696 2517
f 2697 2605 2438
f 2605 2697 2695
f 2519 2698 2324
f 2438 2606 2697
f 2439 2324 2698
f 2606 2520 2699
f 2440 2439 2700
f 2441 2699 2520
f 2327 2440 2700
f 2327 2700 2607
f 2701 2442 2607
f 2442 2701 2441
f 2702 2263 2262
f 2703 2393 2264
f 2395 2521 2265
f 2329 2522 2612
f 2704 2614 2615
f 2615 2616 2704
f 2704 2616 2705
f 2705 2616 2619
f 2523 2330 2613
f 2618 2706 2619
f 2331 2523 2707
f 2618 2620 2706
f 2331 2707 2527
f 2706 2620 2708
f 2529 2709 2620
f 2332 2446 2528
f 2528 2710 2529
f 2621 2711 2335
f 2712 2269 2268
f 2334 2713 2447
f 2269 2714 2449
f 2396 2336 2715
f 2716 2336 2206
f 2336 2716 2715
f 2206 2717 2716
f 2206 2452 2717
f 2451 2624 2718
f 2452 2272 2719
f 2451 2718 2530
f 2531 2397 2720
f 2453 2627 2208
f 2629 2721 2628
f 2532 2722 2459
f 2723 2456 2399
f 2402 2724 2630
f 2340 2724 2402
f 2725 2535 2726
f 2725 2536 2535
f 2340 2727 2728
f 2463 2727 2340
f 2633 2459 2722
f 2729 2633 2722
f 2467 2730 2727
f 2467 2727 2463
f 2634 2731 2345
f 2474 2729 2730
f 2474 2730 2467
f 2731 2343 2345
f 2357 2539 2473
f 2732 2350 2473
f 2732 2472 2350
f 2474 2633 2729
f 2733 2407 2222
f 2472 2734 2540
f 2735 2736 2737
f 2540 2734 2543
f 2736 2738 2739
f 2737 2736 2637
f 2740 2637 2640
f 2741 2739 2738
f 2476 2542 2466
f 2736 2638 2637
f 2637 2639 2640
f 2742 2361 2093
f 2640 2641 2743
f 2743 2645 2744
f 2744 2645 2646
f 2635 2359 2082
f 2739 2638 2736
f 2743 2641 2645
f 2745 2158 2361
f 2746 2412 2642
f 2411 2412 2746
f 2411 2746 2545
f 2739 2647 2638
f 2745 2287 2158
f 2646 2556 2650
f 2555 2747 2650
f 2649 2547 2234
f 2649 2548 2748
f 2748 2548 2480
f 2749 2478 2288
f 2028 2653 2644
f 2651 2365 2096
f 2659 2364 2365
f 2648 2750 2751
f 2648 2751 2652
f 2751 2655 2652
f 2235 2481 2559
f 2751 2752 2655
f 2658 2570 2663
f 2566 2366 2659
f 2479 2483 2363
f 2655 2661 2561
f 2367 2572 2567
f 2291 2414 2572
f 2414 2753 2572
f 2662 2661 2754
f 2667 2413 2483
f 2664 2582 2755
f 2571 2670 2756
f 2660 2757 2665
f 2758 2582 2759
f 2668 2577 2368
f 2484 2667 2760
f 2582 2581 2759
f 2581 2671 2759
f 2761 2759 2671
f 2762 2292 2584
f 2760 2488 2484
f 2669 2673 2579
f 2583 2763 2671
f 2763 2583 2675
f 2576 2764 2672
f 2576 2674 2764
f 2677 2488 2765
f 2678 2035 2487
f 2676 2677 2766
f 2681 2590 2767
f 2767 2590 2768
f 2589 2768 2590
f 2769 2298 2585
f 2586 2682 2770
f 2591 2298 2769
f 2685 2768 2589
f 2492 2683 2179
f 2592 2586 2770
f 2497 2685 2589
f 2591 2496 2300
f 2248 2684 1795
f 2771 2687 2592
f 2501 2772 2502
f 2688 2773 2593
f 2505 2502 2772
f 2689 2688 2596
f 2686 2428 2774
f 2688 2690 2773
f 2690 2688 2689
f 2509 2775 2690
f 2598 2774 2428
f 2509 2692 2775
f 2694 2687 2776
f 2510 2601 2692
f 2600 2694 2598
f 2602 2777 2603
f 2602 2599 2777
f 2601 2512 2778
f 2604 2778 2512
f 2779 2518 2515
f 2514 2778 2604
f 2780 2778 2514
f 2514 2517 2780
f 2518 2781 2519
f 2695 2696 2516
f 2698 2519 2781
f 2698 2700 2439
f 2782 2606 2699
f 2441 2701 2699
f 2703 2264 2609
f 2263 2702 2608
f 2328 2610 2443
f 2611 2394 2610
f 2444 2783 2613
f 2784 2704 2705
f 2785 2523 2613
f 2785 2707 2523
f 2619 2706 2786
f 2708 2786 2706
f 2620 2709 2708
f 2787 2335 2711
f 2335 2787 2448
f 2621 2622 2788
f 2528 2446 2789
f 2710 2528 2789
f 2712 2790 2269
f 2447 2713 2791
f 2790 2714 2269
f 2450 2792 2623
f 2792 2450 2396
f 2449 2714 2624
f 2452 2719 2717
f 2624 2793 2718
f 2794 2625 2531
f 2795 2720 2397
f 2626 2719 2272
f 2397 2628 2795
f 2718 2796 2530
f 2797 2337 2625
f 2797 2454 2337
f 2530 2796 2532
f 2798 2534 2630
f 2799 2534 2798
f 2721 2629 2800
f 2796 2722 2532
f 2534 2799 2535
f 2723 2399 2801
f 2800 2460 2632
f 2460 2800 2629
f 2340 2728 2724
f 2801 2399 2533
f 2799 2726 2535
f 2801 2533 2802
f 2722 2796 2803
f 2804 2726 2799
f 2802 2533 2631
f 2729 2722 2803
f 2725 2805 2536
f 2729 2803 2730
f 2806 2802 2631
f 2735 2807 2738
f 2631 2541 2806
f 2731 2344 2343
f 2807 2808 2738
f 2735 2738 2736
f 2734 2472 2732
f 2735 2737 2809
f 2809 2737 2740
f 2810 2806 2541
f 2737 2637 2740
f 2740 2640 2811
f 2640 2743 2811
f 2407 2733 2812
f 2635 2407 2812
f 2354 2636 2813
f 2542 2810 2541
f 2808 2741 2738
f 2814 2743 2744
f 2742 2093 2815
f 2815 2093 2354
f 2088 2544 2636
f 2734 2816 2543
f 2476 2810 2542
f 2817 2810 2476
f 2744 2646 2818
f 2282 2643 2544
f 2816 2642 2543
f 2545 2817 2476
f 2359 2635 2819
f 2746 2817 2545
f 2646 2650 2818
f 2644 2820 2477
f 2821 2741 2822
f 2741 2821 2739
f 2818 2650 2747
f 2819 2360 2359
f 2823 2748 2480
f 2824 2749 2287
f 2825 2826 2827
f 2821 2647 2739
f 2749 2288 2287
f 2826 2825 2828
f 2747 2555 2654
f 2747 2654 2829
f 2821 2830 2647
f 2828 2825 2831
f 2654 2832 2833
f 2656 2834 2480
f 2830 2648 2647
f 2654 2658 2832
f 2830 2750 2648
f 2832 2658 2663
f 2832 2663 2835
f 2655 2752 2661
f 2753 2414 2566
f 2481 2664 2836
f 2663 2756 2837
f 2836 2664 2755
f 2661 2838 2754
f 2756 2663 2571
f 2755 2582 2758
f 2662 2754 2660
f 2759 2839 2758
f 2839 2759 2840
f 2577 2841 2578
f 2840 2485 2841
f 2841 2485 2578
f 2665 2757 2564
f 2759 2761 2840
f 2757 2666 2564
f 2840 2486 2485
f 2100 2292 2762
f 2840 2761 2486
f 2842 2670 2672
f 2488 2760 2765
f 2761 2843 2486
f 2487 2486 2843
f 2844 2671 2763
f 2766 2677 2765
f 2584 2293 2845
f 2845 2293 2490
f 2845 2490 2846
f 2672 2764 2847
f 2676 2766 2848
f 2491 2846 2490
f 2848 2585 2676
f 2242 2849 2113
f 2850 2770 2682
f 2492 2113 2851
f 2852 2592 2770
f 2852 2771 2592
f 2044 2853 2248
f 2501 2854 2772
f 2593 2854 2501
f 2593 2855 2854
f 2593 2773 2855
f 2687 2771 2776
f 2772 2856 2505
f 2855 2773 2775
f 2690 2775 2773
f 2598 2857 2774
f 2775 2858 2855
f 2856 2507 2505
f 2692 2858 2775
f 2694 2776 2857
f 2694 2857 2598
f 2859 2691 2507
f 2860 2693 2691
f 2860 2691 2859
f 2601 2861 2692
f 2511 2860 2599
f 2511 2693 2860
f 2862 2861 2601
f 2862 2601 2778
f 2515 2603 2863
f 2779 2515 2863
f 2696 2864 2517
f 2780 2517 2864
f 2698 2781 2865
f 2782 2866 2606
f 2866 2697 2606
f 2700 2698 2865
f 2865 2867 2700
f 2700 2867 2607
f 2701 2607 2868
f 2869 2703 2609
f 2870 2521 2395
f 2612 2522 2614
f 2612 2614 2871
f 2871 2614 2704
f 2784 2871 2704
f 2705 2872 2873
f 2872 2705 2619
f 2785 2613 2874
f 2619 2786 2872
f 2333 2527 2875
f 2333 2712 2268
f 2333 2875 2712
f 2709 2876 2708
f 2711 2621 2788
f 2334 2448 2877
f 2713 2334 2877
f 2710 2709 2529
f 2878 2709 2710
f 2447 2791 2446
f 2446 2791 2879
f 2446 2879 2789
f 2793 2624 2714
f 2880 2531 2720
f 2880 2794 2531
f 2881 2625 2794
f 2720 2795 2880
f 2882 2718 2793
f 2628 2721 2883
f 2796 2718 2882
f 2803 2796 2882
f 2798 2630 2884
f 2885 2458 2454
f 2724 2884 2630
f 2458 2885 2632
f 2727 2803 2882
f 2727 2882 2728
f 2886 2799 2798
f 2887 2453 2457
f 2799 2886 2888
f 2730 2803 2727
f 2457 2537 2887
f 2889 2735 2890
f 2456 2723 2468
f 2537 2461 2536
f 2468 2891 2539
f 2536 2805 2537
f 2889 2807 2735
f 2726 2804 2725
f 2473 2539 2891
f 2740 2811 2892
f 2473 2891 2732
f 2811 2743 2814
f 2732 2893 2734
f 2893 2816 2734
f 2477 2894 2475
f 2746 2642 2816
f 2808 2895 2741
f 2896 2826 2897
f 2822 2741 2895
f 2897 2828 2898
f 2826 2828 2897
f 2286 2478 2546
f 2823 2480 2834
f 2899 2825 2827
f 2829 2654 2833
f 2360 2819 2900
f 2901 2365 2651
f 2902 2828 2831
f 2659 2365 2901
f 2821 2903 2830
f 2360 2900 2479
f 2904 2905 2899
f 2899 2906 2825
f 2831 2825 2906
f 2482 2834 2656
f 2905 2906 2899
f 2831 2907 2902
f 2831 2906 2907
f 2908 2479 2900
f 2905 2909 2906
f 2910 2904 2911
f 2904 2910 2905
f 2750 2912 2751
f 2905 2910 2909
f 2908 2483 2479
f 2909 2910 2913
f 2838 2661 2752
f 2914 2836 2755
f 2915 2667 2483
f 2758 2839 2916
f 2916 2839 2917
f 2837 2756 2918
f 2667 2915 2760
f 2917 2839 2840
f 2917 2840 2841
f 2668 2100 2762
f 2919 2757 2660
f 2920 2918 2756
f 2757 2921 2666
f 2756 2670 2920
f 2765 2760 2922
f 2762 2584 2923
f 2666 2921 2669
f 2766 2765 2922
f 2924 2669 2921
f 2670 2842 2920
f 2925 2761 2671
f 2761 2925 2843
f 2673 2669 2924
f 2925 2671 2844
f 2924 2926 2673
f 2487 2843 2678
f 2923 2584 2845
f 2927 2842 2672
f 2103 2928 2675
f 2675 2928 2763
f 2764 2674 2673
f 2673 2929 2764
f 2672 2847 2927
f 2930 2585 2848
f 2849 2851 2113
f 2180 2931 2493
f 2768 2685 2932
f 2180 1989 2933
f 2850 2852 2770
f 2934 2932 2685
f 2302 2935 2044
f 2771 2852 2936
f 2771 2936 2857
f 2686 2934 2685
f 2774 2857 2934
f 2774 2934 2686
f 2776 2771 2857
f 2937 2856 2772
f 2772 2854 2937
f 2937 2854 2858
f 2858 2854 2855
f 2859 2507 2856
f 2861 2858 2692
f 2860 2938 2599
f 2862 2939 2861
f 2777 2599 2938
f 2603 2940 2863
f 2603 2777 2940
f 2780 2941 2778
f 2518 2779 2942
f 2942 2781 2518
f 2942 2865 2781
f 2695 2943 2696
f 2943 2944 2696
f 2696 2944 2864
f 2697 2945 2695
f 2866 2945 2697
f 2943 2695 2945
f 2946 2866 2782
f 2699 2946 2782
f 2607 2867 2868
f 2701 2868 2699
f 2868 2946 2699
f 2262 2947 2702
f 2262 2393 2947
f 2328 2948 2610
f 2328 2608 2948
f 2949 2611 2610
f 2612 2950 2395
f 2444 2611 2783
f 2784 2705 2951
f 2613 2783 2952
f 2874 2613 2952
f 2953 2785 2874
f 2707 2954 2527
f 2786 2708 2955
f 2875 2527 2954
f 2788 2956 2711
f 2876 2709 2957
f 2877 2958 2713
f 2713 2958 2791
f 2959 2714 2790
f 2714 2959 2960
f 2793 2714 2961
f 2961 2714 2960
f 2793 2961 2962
f 2626 2963 2719
f 2625 2881 2797
f 2628 2883 2795
f 2962 2882 2793
f 2454 2797 2885
f 2882 2962 2964
f 2724 2964 2884
f 2728 2882 2964
f 2886 2798 2965
f 2728 2964 2724
f 2735 2809 2890
f 2966 2807 2889
f 2801 2967 2723
f 2968 2967 2801
f 2801 2802 2968
f 2891 2468 2723
f 2723 2967 2891
f 2888 2969 2799
f 2969 2804 2799
f 2970 2809 2740
f 2966 2971 2808
f 2966 2808 2807
f 2740 2892 2972
f 2806 2968 2802
f 2805 2725 2973
f 2891 2893 2732
f 2969 2888 2974
f 2804 2975 2725
f 2731 2222 2344
f 2731 2733 2222
f 2806 2976 2968
f 2969 2977 2804
f 2804 2977 2975
f 2892 2811 2814
f 2347 2978 2538
f 2814 2744 2979
f 2979 2744 2818
f 2815 2354 2813
f 2810 2976 2806
f 2898 2974 2980
f 2817 2976 2810
f 2896 2897 2980
f 2980 2897 2898
f 2974 2898 2981
f 2894 2224 2475
f 2746 2816 2976
f 2746 2976 2817
f 2818 2747 2982
f 2983 2826 2896
f 2649 2748 2984
f 2985 2826 2983
f 2898 2828 2981
f 2747 2986 2982
f 2985 2827 2826
f 2747 2829 2986
f 2981 2828 2987
f 2822 2895 2988
f 2745 2824 2287
f 2985 2989 2827
f 2822 2988 2821
f 2989 2899 2827
f 2828 2902 2987
f 2990 2904 2989
f 2989 2904 2899
f 2653 2559 2991
f 2482 2992 2834
f 2911 2904 2990
f 2993 2907 2906
f 2994 2912 2830
f 2912 2750 2830
f 2835 2663 2837
f 2753 2566 2995
f 2915 2483 2908
f 2911 2996 2997
f 2997 2910 2911
f 2906 2909 2998
f 2997 2913 2910
f 2998 2909 2913
f 2752 2751 2999
f 2758 2914 2755
f 3000 3001 3002
f 3001 3003 3002
f 3002 3004 3005
f 3002 3003 3004
f 2917 2841 3006
f 3007 2841 2577
f 2838 3008 2754
f 2922 2760 2915
f 2754 3009 2660
f 3009 2919 2660
f 2922 3010 2766
f 2844 3011 2925
f 2843 2925 3012
f 2680 3013 3014
f 3013 2680 2681
f 3015 2848 2766
f 3016 2844 2763
f 2682 2679 3014
f 3014 2679 2680
f 3017 2842 2927
f 2842 3017 2920
f 2843 3012 2678
f 2767 3018 2681
f 2767 3019 3018
f 2850 2682 3020
f 2768 3019 2767
f 2678 2849 2242
f 2926 3021 2673
f 2929 2673 3021
f 2493 2931 2491
f 2764 3022 2847
f 2930 2769 2585
f 2932 3023 2768
f 2180 2933 2931
f 3020 2852 2850
f 2683 2933 1989
f 3024 2932 2934
f 2044 2935 2853
f 2857 2936 2934
f 3025 2856 2937
f 3025 2937 3026
f 2861 3026 2937
f 2861 2937 2858
f 3027 2856 3025
f 2939 3026 2861
f 2860 3028 3029
f 2859 3028 2860
f 3029 2938 2860
f 2862 3030 2939
f 2778 3031 3030
f 2778 3030 2862
f 2940 3032 2863
f 2778 2941 3031
f 2863 3032 2779
f 3033 2779 3032
f 2942 2779 3033
f 3034 2780 2864
f 3034 2864 2944
f 2865 2942 3035
f 2947 2393 3036
f 2703 3036 2393
f 3037 2948 2608
f 2870 2609 2521
f 2611 2949 2783
f 2871 2784 3038
f 2951 3038 2784
f 2951 2705 2873
f 2872 2786 3039
f 3039 2786 2955
f 2955 2708 2876
f 2711 3040 2787
f 2956 3040 2711
f 2448 2787 3041
f 2959 2790 2712
f 2623 3042 2622
f 2709 3043 2957
f 2792 3042 2623
f 3044 2710 2789
f 3043 2709 2878
f 2396 3045 2792
f 3045 2396 2715
f 3046 2716 2717
f 2715 2716 3046
f 2717 2719 3047
f 3048 2961 2960
f 2626 3049 2963
f 2964 2962 2961
f 2961 3048 3050
f 3049 2626 2627
f 2884 2964 2961
f 2884 2961 3050
f 2884 3050 2798
f 2721 2800 3051
f 2965 3052 2886
f 2632 2885 3051
f 2632 3051 2800
f 2966 2889 3053
f 3052 2888 2886
f 2890 2809 3054
f 3054 2809 2970
f 2970 2740 2972
f 3055 2888 3056
f 3057 2537 2805
f 2893 2891 2967
f 2893 2967 2968
f 2805 2973 3057
f 3055 2974 2888
f 2893 2968 2976
f 2973 2725 2975
f 3058 2814 2979
f 3055 2980 2974
f 2969 3059 2977
f 3060 3061 2971
f 2971 3061 2808
f 2893 2976 2816
f 2896 2980 3062
f 2974 3059 2969
f 3061 2895 2808
f 2635 2812 3063
f 2981 3059 2974
f 3062 2983 2896
f 2820 2894 2477
f 3063 2819 2635
f 2547 2649 3064
f 3064 2649 2984
f 3065 2985 2983
f 2644 3066 2820
f 2986 2829 2833
f 2823 2834 3067
f 3068 2659 2901
f 2835 3069 2832
f 3070 2659 3068
f 2988 2903 2821
f 2566 2659 3070
f 2567 2992 2482
f 2911 2990 3071
f 2903 2994 2830
f 3072 2835 2837
f 2481 2991 2559
f 2572 2753 2567
f 2481 2836 2991
f 2911 3071 2996
f 3073 2915 2908
f 2993 2906 2998
f 2999 2751 2912
f 2997 2996 3074
f 2914 2758 3075
f 2916 3075 2758
f 2997 3074 3076
f 2913 2997 3076
f 3077 2998 2913
f 3002 3078 3000
f 3005 3078 3002
f 2913 3076 3077
f 2999 2838 2752
f 3000 3079 3001
f 2838 2999 3080
f 2841 3007 3006
f 3081 3001 3079
f 3004 3082 3005
f 3080 3008 2838
f 3081 3083 3001
f 3001 3083 3003
f 3003 3083 3004
f 2754 3008 3084
f 3009 2754 3084
f 3085 2918 2920
f 3086 2757 2919
f 3015 2766 3010
f 3086 2921 2757
f 2681 3087 3013
f 3018 3087 2681
f 2920 3017 3085
f 3011 2844 3016
f 2682 3014 3020
f 3088 2763 2928
f 2763 3088 3016
f 2926 2924 3089
f 2491 2931 2846
f 2103 3090 2928
f 3019 2768 3023
f 2926 3089 3021
f 3022 2764 2929
f 2929 3091 3022
f 3092 2852 3020
f 2936 2852 3092
f 2936 3092 3024
f 2934 2936 3024
f 2299 3093 2107
f 3093 2299 2301
f 2496 2935 2302
f 2853 3094 2248
f 3095 2248 3096
f 3095 2684 2248
f 2939 3025 3026
f 2856 3027 2859
f 3028 2859 3027
f 3028 3027 3097
f 3097 3027 3025
f 3097 3025 3030
f 3030 3025 2939
f 2940 2777 2938
f 3031 3097 3030
f 2941 2780 3034
f 2942 3033 3035
f 3098 2943 2945
f 3098 2944 2943
f 2867 2865 3035
f 2867 3035 3099
f 3100 2945 2866
f 3100 2946 3099
f 2946 3100 2866
f 2867 3099 2868
f 2946 2868 3099
f 3101 2608 2702
f 3102 2703 2869
f 3103 2609 2870
f 2949 2610 2948
f 2612 2871 3104
f 3105 2783 2949
f 2783 3105 2952
f 3106 2872 3039
f 3039 2955 3107
f 2707 2785 2953
f 2955 2876 3108
f 2875 3109 2712
f 3041 3110 2448
f 2448 3110 2877
f 2712 3109 2959
f 3044 2878 2710
f 2715 3046 3045
f 2791 3111 2879
f 2959 3112 2960
f 2719 2963 3047
f 3112 3048 2960
f 3113 2794 2880
f 2795 3113 2880
f 3048 3112 3050
f 3114 2885 2797
f 3115 2798 3050
f 2965 2798 3115
f 3116 2883 2721
f 3117 3049 2627
f 3116 2721 3051
f 3053 2889 3118
f 3119 2890 3120
f 3054 3120 2890
f 3121 2966 3053
f 3119 2889 2890
f 3122 3123 3121
f 3121 2971 2966
f 3123 3122 3124
f 3121 3123 2971
f 3052 3056 2888
f 3055 3056 3125
f 3057 2887 2537
f 2971 3123 3126
f 3055 3125 2980
f 2971 3126 3060
f 2892 2814 3058
f 3127 2731 2634
f 2538 3127 2634
f 3128 2973 2975
f 3129 2979 2818
f 2977 3128 2975
f 3059 3130 2977
f 2818 3131 3129
f 2894 2347 2224
f 2982 3131 2818
f 2983 3062 3132
f 3130 3059 2981
f 3064 3133 2547
f 2823 3134 2748
f 2823 3067 3134
f 2983 3132 3065
f 3135 2895 3061
f 3133 2901 2547
f 2643 2546 3136
f 2651 2547 2901
f 2478 3136 2546
f 3065 2989 2985
f 3137 2895 3135
f 3130 2981 2987
f 3137 2988 2895
f 3138 2833 2832
f 3138 2832 3069
f 2902 3139 2987
f 2835 3072 3069
f 3140 2992 2567
f 3141 2908 2900
f 3139 2902 2907
f 2753 3140 2567
f 3142 3139 2907
f 3142 2907 2993
f 3143 2991 2836
f 3144 2912 2994
f 3143 2836 2914
f 3072 2837 3145
f 2916 3146 3075
f 2916 2917 3146
f 2998 3077 2993
f 2918 3145 2837
f 3078 3147 3000
f 3147 3079 3000
f 3148 2922 2915
f 3149 2577 2668
f 3149 2668 2762
f 3150 3082 3004
f 3010 2922 3148
f 3085 3151 2918
f 3015 3152 2848
f 3012 2925 3153
f 3011 3153 2925
f 3012 3153 3154
f 3154 3155 3012
f 3014 3156 3020
f 2678 3012 3155
f 3019 3157 3018
f 3019 3158 3157
f 3088 2928 3159
f 2849 2678 3155
f 3023 3158 3019
f 2928 3090 3159
f 3020 3160 3092
f 2169 3090 2103
f 3021 3161 2929
f 2492 2851 3162
f 3017 2927 3163
f 3017 3163 3164
f 3024 3160 2932
f 2929 3161 3165
f 2929 3165 3091
f 3024 3092 3160
f 2107 3166 2169
f 2847 3167 2927
f 2927 3167 3163
f 3168 3169 2591
f 2847 3022 3167
f 3170 3171 2938
f 3170 2938 3029
f 3170 3029 3028
f 3170 3028 3172
f 2940 2938 3171
f 3028 3031 3172
f 3031 3028 3097
f 3172 3031 3173
f 3174 2940 3171
f 2940 3174 3032
f 2941 3173 3031
f 3034 3175 3173
f 3034 3173 2941
f 3032 3176 3033
f 3176 3032 3174
f 3033 3176 3035
f 3175 2944 3098
f 2944 3175 3034
f 2945 3177 3098
f 3099 3035 3176
f 3099 3176 3178
f 3099 3178 3100
f 3037 2608 3101
f 3103 2869 2609
f 2395 3179 2870
f 2950 2612 3104
f 3104 2871 3038
f 2873 3180 2951
f 3180 2873 3181
f 2873 2872 3181
f 3181 2872 3106
f 3181 3106 3182
f 3183 2952 3105
f 3184 3106 3039
f 3185 2707 2953
f 2707 3185 2954
f 3107 2955 3108
f 2954 3186 2875
f 2956 2788 3187
f 2876 2957 3108
f 3188 2622 3042
f 3187 2788 3188
f 2788 2622 3188
f 3045 3189 2792
f 3190 2878 3044
f 3190 3043 2878
f 3191 3111 2791
f 3192 2789 2879
f 2789 3192 3044
f 3046 2717 3047
f 2879 3111 3192
f 2794 3113 3193
f 2881 2794 3193
f 3112 3115 3050
f 3113 2795 2883
f 3114 2797 2881
f 3194 3195 3196
f 3194 3197 3195
f 3198 3122 3199
f 3118 2889 3119
f 3195 3122 3196
f 3199 3121 3053
f 3122 3121 3199
f 3200 3120 3054
f 3195 3124 3122
f 2453 3201 2627
f 3200 3054 2970
f 3200 2970 2972
f 3202 3124 3195
f 2972 2892 3203
f 3124 3204 3126
f 3124 3126 3123
f 3205 2980 3125
f 3057 2973 3128
f 3206 2733 2731
f 3062 2980 3205
f 3207 2538 2978
f 2813 3208 2815
f 3209 2815 3208
f 3210 3062 3205
f 3209 2742 2815
f 3211 2347 2894
f 3210 3132 3062
f 3212 2361 2742
f 3135 3061 3060
f 2748 3134 2984
f 2982 2986 3213
f 2820 3214 2894
f 3215 2833 3138
f 3216 2900 2819
f 3217 3130 2987
f 3066 2644 2653
f 2992 3218 2834
f 3219 2990 2989
f 3219 3220 2990
f 2995 3070 3221
f 2566 3070 2995
f 3139 3217 2987
f 2753 2995 3140
f 3220 3071 2990
f 3222 2994 2903
f 3141 3073 2908
f 2914 3223 3143
f 3224 3144 2994
f 3225 2996 3071
f 3148 2915 3073
f 2917 3226 3146
f 2996 3225 3227
f 3227 3074 2996
f 2999 2912 3144
f 3006 3226 2917
f 3007 3226 3006
f 3005 3082 3228
f 3077 3076 3229
f 3145 2918 3230
f 3149 3007 2577
f 3231 3010 3148
f 3230 2918 3232
f 3081 3233 3083
f 3232 2918 3151
f 3087 3234 3013
f 3234 3087 3235
f 3235 3087 3018
f 3157 3235 3018
f 2848 3152 2930
f 2921 3236 2924
f 3016 3237 3011
f 3011 3237 3153
f 3238 3020 3156
f 3085 3239 3151
f 3238 3160 3020
f 3236 3089 2924
f 2851 2849 3155
f 3240 2932 3160
f 2932 3240 3241
f 2932 3241 3023
f 3085 3242 3239
f 3017 3242 3085
f 3162 2683 2492
f 3161 3021 3243
f 3017 3164 3242
f 3168 2591 2769
f 3093 3166 2107
f 3163 3167 3164
f 3244 3170 3172
f 3244 3172 3173
f 3175 3244 3173
f 3174 3178 3176
f 3177 3174 3245
f 3178 3174 3177
f 3100 3178 3177
f 2945 3100 3177
f 3246 3036 2703
f 3246 2703 3102
f 3101 2702 2947
f 2395 2950 3179
f 3247 2950 3104
f 3248 2949 2948
f 3038 2951 3249
f 2951 3180 3249
f 2949 3248 3105
f 3105 3248 3250
f 3182 3106 3184
f 2952 3183 2874
f 3184 3039 3251
f 2874 3183 3252
f 2874 3253 2953
f 3039 3107 3254
f 3253 3185 2953
f 2787 3040 3041
f 3186 3109 2875
f 3255 3108 2957
f 2792 3189 3042
f 2959 3109 3256
f 2958 3191 2791
f 3256 3112 2959
f 3256 3257 3112
f 3258 3112 3257
f 3259 3196 3260
f 3049 3261 2963
f 3115 3112 3258
f 3262 3194 3263
f 3263 3194 3259
f 3259 3194 3196
f 3260 3196 3198
f 3196 3122 3198
f 3113 2883 3264
f 3262 3197 3194
f 3199 3053 3118
f 3264 2883 3116
f 3114 3051 2885
f 3114 3265 3051
f 3051 3265 3116
f 2965 3115 3052
f 3197 3202 3195
f 2972 3266 3200
f 3266 2972 3203
f 2887 3201 2453
f 3267 3203 2892
f 3202 3204 3124
f 2892 3058 3267
f 3202 3268 3204
f 3204 3269 3126
f 2979 3129 3270
f 2977 3271 3128
f 3126 3269 3272
f 3126 3272 3060
f 2742 3209 3273
f 2544 3274 2636
f 3213 3131 2982
f 3212 2742 3273
f 3275 2977 3130
f 2977 3275 3271
f 3272 3135 3060
f 3212 2745 2361
f 2986 2833 3215
f 3276 2901 3133
f 2989 3065 3277
f 2819 3063 3216
f 3276 3068 2901
f 2834 3218 3067
f 3130 3217 3278
f 3277 3219 2989
f 3279 2988 3137
f 2903 2988 3279
f 3220 3225 3071
f 3222 2903 3279
f 3142 3280 3139
f 3143 3281 2991
f 3222 3224 2994
f 3142 3282 3280
f 3075 3283 2914
f 3283 3223 2914
f 2993 3284 3142
f 3146 3283 3075
f 3077 3285 2993
f 3285 3284 2993
f 3286 3147 3078
f 3147 3287 3079
f 3288 3286 3078
f 3078 3005 3288
f 3289 2999 3144
f 3077 3229 3285
f 3074 3229 3076
f 3290 3081 3079
f 3080 2999 3289
f 3015 3010 3231
f 3290 3233 3081
f 3233 3291 3083
f 3083 3291 3004
f 3150 3004 3291
f 2762 2923 3292
f 3293 3294 3235
f 3293 3235 3157
f 3295 3009 3084
f 3009 3295 2919
f 3014 3013 3296
f 3232 3151 3297
f 3156 3014 3296
f 3086 2919 3298
f 3297 3151 3239
f 3298 2921 3086
f 3298 3236 2921
f 2851 3155 3299
f 2933 2683 3162
f 3243 3021 3089
f 2930 3300 2769
f 3166 3090 2169
f 3164 3301 3242
f 3242 3301 3302
f 3169 2496 2591
f 3022 3303 3167
f 3167 3304 3164
f 2496 3305 2935
f 3094 3096 2248
f 3244 3171 3170
f 3171 3245 3174
f 3245 3171 3244
f 3098 3177 3245
f 3098 3245 3244
f 3098 3244 3175
f 3101 2947 3306
f 3103 3307 2869
f 2950 3247 3179
f 3038 3308 3104
f 2948 3309 3248
f 3250 3248 3310
f 3105 3250 3183
f 3311 3183 3250
f 3183 3311 3252
f 2874 3252 3253
f 3251 3039 3254
f 3107 3108 3254
f 3254 3108 3312
f 3185 3313 2954
f 3186 2954 3313
f 3314 3187 3315
f 3187 3314 2956
f 3108 3255 3312
f 3315 3187 3188
f 3042 3189 3316
f 3042 3316 3188
f 3045 3317 3189
f 3043 3255 2957
f 3046 3317 3045
f 2963 3318 3047
f 3047 3318 3046
f 3256 3319 3257
f 2963 3261 3318
f 3111 3320 3192
f 3259 3321 3263
f 3321 3259 3260
f 3322 3260 3198
f 3199 3323 3322
f 3198 3199 3322
f 3323 3199 3118
f 3323 3118 3324
f 3264 3193 3113
f 2881 3193 3114
f 3324 3118 3119
f 3262 3325 3197
f 3264 3116 3265
f 3326 3120 3200
f 3327 3052 3115
f 3201 3117 2627
f 3328 3202 3197
f 3329 3056 3052
f 3329 3330 3056
f 3056 3330 3125
f 3058 2979 3331
f 3331 2979 3270
f 3204 3268 3332
f 3333 3206 2731
f 2813 3334 3208
f 3207 3127 2538
f 3274 2813 2636
f 3210 3205 3335
f 3129 3131 3336
f 2643 3274 2544
f 3210 3335 3132
f 2984 3134 3337
f 3214 3211 2894
f 3067 3337 3134
f 2986 3215 3213
f 3278 3275 3130
f 3135 3272 3338
f 3339 2745 3212
f 2749 2824 3340
f 2749 3136 2478
f 3341 3068 3276
f 3341 3221 3068
f 3342 3137 3135
f 3068 3221 3070
f 2995 3221 3140
f 3342 3279 3137
f 3141 2900 3216
f 3139 3343 3217
f 2653 2991 3281
f 3344 3073 3141
f 3345 3072 3145
f 3142 3284 3282
f 3226 3346 3146
f 3347 3227 3225
f 3149 3226 3007
f 3287 3147 3286
f 3288 3005 3228
f 3144 3348 3289
f 3349 3229 3074
f 3350 3290 3079
f 3150 3228 3082
f 3149 2762 3351
f 3352 3230 3232
f 3234 3235 3294
f 3008 3080 3353
f 3084 3008 3353
f 3234 3354 3013
f 3084 3353 3355
f 3354 3296 3013
f 3232 3297 3352
f 3355 3295 3084
f 3015 3356 3152
f 3357 3156 3296
f 3358 2923 2845
f 3357 3238 3156
f 3359 3157 3158
f 2845 2846 3358
f 3088 3360 3016
f 3360 3237 3016
f 3238 3240 3160
f 3023 3241 3158
f 3159 3361 3088
f 3299 3162 2851
f 3362 3089 3236
f 3243 3089 3362
f 3242 3363 3239
f 3242 3302 3363
f 3364 3166 3093
f 3301 3164 3304
f 3091 3365 3022
f 3022 3365 3303
f 3304 3366 3301
f 3303 3367 3167
f 3167 3367 3304
f 2947 3036 3306
f 3307 3102 2869
f 3368 3037 3101
f 3180 3369 3249
f 3181 3370 3180
f 3309 2948 3037
f 3309 3037 3368
f 3371 3181 3182
f 3248 3309 3310
f 3372 3250 3310
f 3184 3373 3182
f 3374 3184 3375
f 3184 3251 3375
f 3376 3375 3377
f 3251 3377 3375
f 3251 3254 3377
f 3185 3253 3313
f 3315 3378 3314
f 3314 3040 2956
f 3189 3379 3316
f 3040 3380 3041
f 3317 3379 3189
f 3318 3381 3046
f 3046 3381 3317
f 3043 3382 3255
f 3383 3043 3190
f 3320 3044 3192
f 3190 3044 3384
f 3385 3386 3263
f 3387 3263 3321
f 3321 3260 3388
f 3388 3260 3322
f 3389 3262 3386
f 3386 3262 3263
f 3258 3257 3390
f 3049 3391 3261
f 3324 3119 3120
f 3392 3325 3389
f 3389 3325 3262
f 3265 3114 3193
f 3265 3193 3264
f 3325 3328 3197
f 3329 3052 3327
f 3328 3393 3202
f 3393 3268 3202
f 3267 3058 3331
f 2887 3394 3201
f 3125 3330 3395
f 3394 2887 3057
f 3205 3125 3395
f 3335 3205 3396
f 3057 3128 3397
f 3269 3204 3332
f 3336 3131 3213
f 3211 2978 2347
f 3335 3398 3132
f 3128 3271 3397
f 3399 3272 3269
f 3398 3400 3065
f 3398 3065 3132
f 3399 3338 3272
f 3339 2824 2745
f 3065 3400 3277
f 2820 3066 3401
f 3215 3138 3402
f 3338 3342 3135
f 3343 3278 3217
f 3402 3138 3069
f 2992 3140 3218
f 3344 3141 3216
f 3069 3072 3403
f 3404 3225 3220
f 3139 3280 3405
f 3403 3072 3345
f 3283 3406 3223
f 3346 3283 3146
f 3144 3224 3407
f 3231 3148 3073
f 3144 3407 3348
f 3074 3227 3349
f 3287 3350 3079
f 2762 3292 3351
f 3408 3015 3231
f 3290 3409 3410
f 3410 3233 3290
f 3150 3291 3411
f 3410 3412 3233
f 3412 3291 3233
f 2923 3413 3292
f 3356 3015 3408
f 2923 3358 3413
f 2919 3295 3414
f 3415 3238 3357
f 3298 2919 3414
f 3238 3415 3240
f 3358 2846 3416
f 3360 3417 3237
f 3237 3418 3153
f 3417 3418 3237
f 3418 3419 3153
f 3153 3419 3154
f 3154 3419 3155
f 3239 3420 3297
f 3088 3361 3360
f 3363 3420 3239
f 3159 3090 3421
f 3165 3161 3422
f 3091 3165 3365
f 3423 3304 3367
f 3304 3423 3366
f 3036 3424 3306
f 3425 3036 3246
f 3104 3426 3247
f 3247 3426 3427
f 3308 3426 3104
f 3428 3038 3249
f 3428 3308 3038
f 3369 3180 3370
f 3370 3181 3429
f 3429 3181 3371
f 3430 3182 3373
f 3373 3374 3431
f 3373 3184 3374
f 3374 3375 3432
f 3432 3376 3433
f 3376 3434 3433
f 3375 3376 3432
f 3250 3372 3311
f 3376 3435 3434
f 3377 3435 3376
f 3436 3252 3311
f 3437 3252 3436
f 3438 3253 3252
f 3254 3439 3377
f 3254 3312 3439
f 3377 3439 3435
f 3435 3439 3440
f 3435 3440 3441
f 3188 3316 3442
f 3188 3442 3315
f 3040 3314 3443
f 3313 3444 3186
f 3379 3317 3381
f 3445 3312 3255
f 3255 3446 3445
f 3318 3447 3381
f 3318 3448 3447
f 3449 3448 3318
f 3110 3450 2877
f 3451 3385 3387
f 3261 3449 3318
f 3385 3263 3387
f 3191 2958 3452
f 3453 3044 3320
f 3044 3453 3384
f 3190 3384 3383
f 3454 3388 3322
f 3455 3320 3111
f 3456 3457 3389
f 3391 3449 3261
f 3323 3324 3458
f 3459 3460 3461
f 3324 3120 3458
f 3458 3120 3326
f 3462 3391 3049
f 3457 3392 3389
f 3463 3115 3258
f 3463 3327 3115
f 3462 3049 3117
f 3464 3328 3325
f 3203 3465 3266
f 3203 3267 3465
f 3393 3328 3464
f 3268 3393 3332
f 3205 3395 3396
f 3466 3270 3129
f 3467 3336 3213
f 3333 2731 3127
f 3213 3468 3467
f 2812 2733 3469
f 3469 2733 3206
f 3133 3064 3470
f 3470 3064 2984
f 2643 3471 3274
f 3332 3399 3269
f 3215 3472 3213
f 3067 3473 3337
f 3271 3275 3474
f 3401 3214 2820
f 3275 3475 3474
f 3215 3402 3472
f 3340 3136 2749
f 3400 3476 3277
f 3275 3278 3475
f 3218 3477 3067
f 3478 3219 3277
f 3221 3479 3140
f 3218 3140 3480
f 3402 3069 3481
f 3219 3478 3220
f 3069 3403 3481
f 3139 3482 3343
f 3139 3405 3482
f 3404 3347 3225
f 3483 3281 3143
f 3222 3279 3484
f 3282 3485 3280
f 3224 3222 3486
f 3226 3487 3346
f 3347 3488 3227
f 3345 3145 3230
f 3349 3227 3488
f 3345 3230 3489
f 3489 3230 3352
f 3294 3490 3234
f 3351 3292 3491
f 3350 3409 3290
f 3150 3411 3228
f 3357 3296 3492
f 3359 3158 3493
f 3493 3158 3241
f 3415 3241 3240
f 2930 3152 3494
f 2846 2931 3416
f 3419 3299 3155
f 3495 3236 3298
f 3495 3362 3236
f 3361 3159 3421
f 3496 3420 3363
f 3363 3497 3496
f 3300 3168 2769
f 3161 3243 3498
f 3363 3302 3497
f 3169 3305 2496
f 3499 3302 3301
f 2684 3500 2301
f 3366 3501 3301
f 3499 3301 3501
f 3303 3502 3367
f 3503 2870 3179
f 3424 3036 3425
f 3427 3179 3247
f 3428 3249 3369
f 3101 3306 3504
f 3101 3505 3368
f 3505 3101 3504
f 3371 3182 3430
f 3505 3506 3368
f 3430 3373 3507
f 3507 3373 3431
f 3368 3508 3309
f 3368 3506 3508
f 3309 3508 3310
f 3431 3374 3509
f 3374 3432 3509
f 3509 3432 3433
f 3310 3510 3372
f 3310 3508 3510
f 3433 3434 3511
f 3512 3372 3510
f 3311 3512 3436
f 3372 3512 3311
f 3512 3513 3514
f 3435 3441 3434
f 3436 3512 3514
f 3437 3438 3252
f 3379 3515 3316
f 3315 3442 3378
f 3314 3378 3443
f 3440 3516 3441
f 3253 3438 3313
f 3437 3436 3514
f 3381 3515 3379
f 3312 3517 3439
f 3448 3437 3514
f 3447 3514 3381
f 3381 3514 3515
f 3312 3518 3517
f 3518 3312 3445
f 3313 3438 3444
f 3448 3519 3437
f 3447 3448 3514
f 3444 3520 3186
f 3521 3445 3446
f 3186 3520 3109
f 3520 3256 3109
f 3446 3255 3382
f 3456 3522 3523
f 3522 3386 3385
f 3524 3450 3110
f 3522 3456 3386
f 2877 3450 2958
f 3043 3383 3382
f 3523 3525 3456
f 3456 3389 3386
f 3390 3257 3319
f 3391 3526 3449
f 3452 3455 3191
f 3111 3191 3455
f 3456 3525 3457
f 3527 3454 3322
f 3323 3528 3527
f 3322 3323 3527
f 3458 3528 3323
f 3529 3460 3459
f 3525 3530 3531
f 3532 3459 3461
f 3533 3532 3461
f 3525 3531 3457
f 3534 3258 3390
f 3531 3392 3457
f 3461 3460 3535
f 3461 3536 3533
f 3534 3463 3258
f 3460 3537 3535
f 3461 3535 3536
f 3326 3200 3538
f 3266 3538 3200
f 3117 3539 3462
f 3392 3540 3464
f 3464 3325 3392
f 3541 3329 3327
f 3465 3267 3542
f 3543 3393 3464
f 3394 3057 3544
f 3335 3396 3398
f 3207 3333 3127
f 3397 3544 3057
f 2984 3545 3470
f 2984 3337 3545
f 2643 3136 3471
f 3546 3399 3332
f 3213 3472 3468
f 3547 3063 2812
f 3340 2824 3339
f 3136 3340 3548
f 3399 3549 3338
f 3278 3343 3475
f 3550 3216 3063
f 3218 3480 3477
f 3277 3476 3478
f 3480 3140 3479
f 3342 3338 3551
f 3552 3279 3342
f 3279 3552 3484
f 3553 3347 3404
f 3554 3403 3345
f 3483 3143 3223
f 3555 3483 3223
f 3555 3223 3406
f 3344 3556 3073
f 3557 3283 3346
f 3557 3406 3283
f 3487 3226 3149
f 3284 3558 3282
f 3559 3488 3347
f 3284 3285 3560
f 3149 3351 3561
f 3562 3287 3286
f 3350 3287 3562
f 3349 3563 3229
f 3563 3560 3229
f 3285 3229 3560
f 3234 3490 3354
f 3490 3294 3564
f 3348 3565 3289
f 3564 3294 3293
f 3289 3566 3080
f 3354 3567 3296
f 3157 3568 3293
f 3566 3353 3080
f 3492 3296 3567
f 3157 3359 3568
f 3415 3357 3492
f 3493 3241 3415
f 3414 3569 3298
f 3569 3495 3298
f 2931 2933 3570
f 3162 3571 2933
f 3572 3420 3496
f 3166 3573 3090
f 3574 3161 3498
f 3422 3161 3574
f 3169 3575 3305
f 3302 3499 3497
f 3305 3576 2935
f 2935 3577 2853
f 2853 3577 3094
f 3303 3365 3578
f 3303 3578 3502
f 3366 3423 3501
f 3423 3367 3579
f 3307 3246 3102
f 3503 3103 2870
f 3425 3580 3424
f 3504 3306 3424
f 3371 3430 3429
f 3431 3509 3581
f 3582 3581 3509
f 3506 3505 3583
f 3582 3509 3433
f 3582 3433 3584
f 3433 3511 3584
f 3585 3511 3434
f 3513 3512 3510
f 3434 3441 3585
f 3586 3513 3510
f 3442 3513 3586
f 3585 3441 3587
f 3442 3588 3378
f 3443 3378 3588
f 3515 3514 3513
f 3316 3515 3513
f 3316 3513 3442
f 3441 3516 3587
f 3443 3380 3040
f 3589 3439 3517
f 3439 3589 3440
f 3519 3438 3437
f 3380 3110 3041
f 3523 3522 3590
f 3591 3444 3438
f 3591 3438 3519
f 3451 3387 3592
f 3593 3520 3444
f 3593 3444 3591
f 3592 3387 3321
f 3594 3321 3388
f 3591 3519 3526
f 3449 3519 3448
f 3595 3525 3523
f 3596 3256 3520
f 3526 3519 3449
f 3595 3530 3525
f 3256 3596 3319
f 3450 3452 2958
f 3597 3529 3459
f 3597 3459 3532
f 3320 3598 3453
f 3532 3533 3599
f 3538 3600 3326
f 3531 3601 3392
f 3538 3266 3465
f 3540 3392 3601
f 3543 3464 3540
f 3331 3542 3267
f 3270 3602 3331
f 3466 3602 3270
f 3208 3603 3209
f 3334 3603 3208
f 3332 3393 3604
f 3336 3466 3129
f 3332 3604 3546
f 3133 3470 3605
f 3337 3606 3545
f 3271 3607 3397
f 3214 3608 3211
f 3605 3276 3133
f 3337 3473 3606
f 3273 3339 3212
f 3609 3400 3398
f 3067 3477 3473
f 3221 3341 3479
f 3343 3482 3475
f 3403 3610 3481
f 2653 3611 3066
f 3342 3551 3552
f 3403 3554 3610
f 3280 3612 3405
f 3613 3612 3280
f 3559 3347 3553
f 3280 3485 3613
f 3344 3614 3556
f 3222 3484 3615
f 3222 3615 3486
f 3487 3557 3346
f 3558 3485 3282
f 3231 3073 3556
f 3561 3487 3149
f 3486 3407 3224
f 3490 3564 3616
f 3228 3617 3288
f 3293 3568 3564
f 3618 3409 3350
f 3411 3617 3228
f 3619 3489 3352
f 3292 3413 3491
f 3566 3289 3565
f 3619 3352 3297
f 3359 3620 3568
f 3410 3621 3412
f 3620 3359 3493
f 3297 3420 3622
f 3415 3492 3493
f 3623 3494 3152
f 3624 3417 3360
f 3417 3625 3418
f 3416 2931 3570
f 3299 3571 3162
f 3571 3570 2933
f 3421 3626 3361
f 3362 3627 3243
f 3573 3628 3090
f 3627 3498 3243
f 3576 3577 2935
f 3422 3365 3165
f 3365 3422 3578
f 3497 3499 3629
f 3629 3499 3501
f 3502 3579 3367
f 3501 3630 3629
f 3427 3503 3179
f 3428 3631 3308
f 3370 3632 3369
f 3633 3504 3424
f 3634 3507 3431
f 3581 3634 3431
f 3635 3508 3506
f 3635 3510 3508
f 3636 3635 3506
f 3586 3510 3635
f 3586 3635 3636
f 3588 3586 3636
f 3442 3586 3588
f 3443 3588 3637
f 3443 3638 3380
f 3516 3639 3587
f 3516 3640 3639
f 3595 3523 3590
f 3440 3589 3516
f 3640 3516 3589
f 3590 3522 3641
f 3641 3522 3385
f 3641 3385 3642
f 3642 3385 3451
f 3451 3643 3642
f 3518 3644 3517
f 3517 3644 3589
f 3451 3592 3643
f 3592 3321 3594
f 3388 3645 3594
f 3646 3530 3595
f 3645 3388 3454
f 3596 3520 3593
f 3446 3382 3647
f 3526 3593 3591
f 3532 3648 3597
f 3599 3648 3532
f 3319 3596 3390
f 3649 3383 3384
f 3453 3650 3384
f 3650 3649 3384
f 3529 3651 3460
f 3391 3652 3526
f 3653 3654 3530
f 3530 3654 3531
f 3651 3537 3460
f 3654 3601 3531
f 3655 3327 3463
f 3656 3533 3536
f 3657 3535 3537
f 3657 3536 3535
f 3658 3536 3657
f 3536 3658 3656
f 3331 3602 3659
f 3660 3117 3201
f 3330 3661 3395
f 3201 3394 3660
f 3662 3393 3543
f 3602 3466 3663
f 3396 3395 3661
f 3664 3209 3603
f 3393 3662 3604
f 3466 3336 3665
f 3666 3398 3396
f 3667 3333 3207
f 3544 3397 3607
f 3666 3609 3398
f 3668 3607 3271
f 3669 3546 3604
f 2812 3469 3547
f 3608 2978 3211
f 3473 3670 3606
f 3546 3669 3671
f 3672 3136 3548
f 3474 3668 3271
f 3473 3477 3670
f 3546 3671 3549
f 3549 3399 3546
f 3673 3674 3402
f 3547 3675 3063
f 3402 3481 3673
f 3063 3675 3550
f 3480 3479 3676
f 3338 3549 3677
f 3677 3551 3338
f 3678 3216 3550
f 3404 3220 3478
f 3678 3344 3216
f 3482 3405 3679
f 3678 3614 3344
f 2653 3281 3611
f 3680 3615 3484
f 3557 3681 3406
f 3682 3345 3683
f 3284 3560 3684
f 3683 3345 3489
f 3685 3616 3564
f 3488 3686 3349
f 3563 3349 3686
f 3563 3687 3560
f 3688 3408 3231
f 3350 3562 3618
f 3617 3286 3288
f 3568 3620 3689
f 3410 3409 3690
f 3291 3691 3411
f 3692 3356 3408
f 3410 3690 3693
f 3693 3621 3410
f 3694 3291 3412
f 3694 3691 3291
f 3694 3412 3621
f 3492 3695 3493
f 3353 3696 3355
f 3619 3297 3622
f 3358 3416 3697
f 3356 3623 3152
f 3418 3625 3419
f 3625 3698 3419
f 3419 3698 3299
f 3571 3299 3698
f 3628 3421 3090
f 3495 3699 3362
f 3627 3362 3699
f 3700 3496 3497
f 3497 3701 3700
f 3629 3702 3497
f 3423 3579 3501
f 3501 3579 3630
f 3703 3307 3103
f 3703 3103 3503
f 3632 3370 3704
f 3704 3370 3429
f 3705 3425 3246
f 3705 3246 3307
f 3634 3581 3706
f 3582 3706 3581
f 3583 3505 3504
f 3585 3707 3511
f 3636 3506 3583
f 3585 3708 3707
f 3588 3636 3637
f 3585 3587 3708
f 3708 3587 3709
f 3587 3639 3709
f 3710 3590 3641
f 3711 3595 3590
f 3589 3712 3640
f 3380 3713 3110
f 3713 3524 3110
f 3644 3445 3521
f 3518 3445 3644
f 3446 3714 3521
f 3715 3716 3646
f 3716 3530 3646
f 3454 3527 3645
f 3593 3717 3596
f 3718 3529 3597
f 3719 3383 3649
f 3716 3653 3530
f 3720 3651 3529
f 3596 3721 3390
f 3526 3722 3593
f 3652 3722 3526
f 3598 3320 3455
f 3598 3723 3453
f 3326 3724 3458
f 3326 3600 3724
f 3653 3725 3654
f 3726 3537 3651
f 3652 3391 3462
f 3537 3726 3727
f 3599 3533 3728
f 3728 3533 3656
f 3729 3601 3654
f 3465 3542 3730
f 3727 3657 3537
f 3655 3541 3327
f 3540 3601 3729
f 3541 3731 3329
f 3729 3732 3540
f 3330 3329 3661
f 3543 3540 3732
f 3733 3734 3735
f 3662 3543 3736
f 3734 3737 3738
f 3734 3733 3737
f 3739 3660 3394
f 3334 2813 3274
f 3666 3396 3661
f 3544 3739 3394
f 3467 3665 3336
f 3664 3740 3209
f 3467 3468 3741
f 3742 3605 3470
f 3743 3206 3333
f 3744 3469 3206
f 3672 3471 3136
f 3745 3276 3605
f 3273 3746 3339
f 3746 3340 3339
f 3747 3668 3474
f 3674 3472 3402
f 3214 3401 3748
f 3479 3341 3745
f 3745 3341 3276
f 3749 3400 3609
f 3749 3476 3400
f 3475 3747 3474
f 3750 3401 3066
f 3405 3612 3679
f 3554 3751 3610
f 3345 3682 3554
f 3752 3753 3483
f 3752 3483 3555
f 3681 3555 3406
f 3485 3558 3754
f 3755 3616 3685
f 3684 3558 3284
f 3756 3490 3755
f 3755 3490 3616
f 3686 3488 3559
f 3354 3490 3756
f 3560 3687 3684
f 3556 3688 3231
f 3685 3564 3757
f 3686 3687 3563
f 3491 3561 3351
f 3568 3757 3564
f 3567 3354 3758
f 3759 3286 3617
f 3760 3491 3413
f 3761 3409 3618
f 3492 3567 3695
f 3691 3617 3411
f 3762 3566 3565
f 3409 3761 3690
f 3763 3493 3695
f 3493 3763 3620
f 3358 3697 3413
f 3696 3764 3355
f 3355 3764 3295
f 3764 3414 3295
f 3764 3765 3414
f 3622 3420 3572
f 3414 3765 3569
f 3765 3766 3569
f 3575 3169 3168
f 3498 3767 3574
f 3497 3702 3701
f 3422 3768 3578
f 3769 3502 3578
f 3770 3579 3502
f 3629 3630 3702
f 3771 3426 3308
f 3771 3308 3631
f 3430 3772 3429
f 3507 3634 3773
f 3773 3430 3507
f 3582 3774 3706
f 3775 3633 3424
f 3580 3775 3424
f 3582 3584 3774
f 3633 3776 3504
f 3583 3504 3776
f 3511 3777 3584
f 3583 3776 3778
f 3511 3707 3777
f 3636 3583 3778
f 3636 3778 3637
f 3779 3443 3637
f 3590 3780 3711
f 3641 3781 3710
f 3781 3641 3642
f 3782 3709 3639
f 3711 3783 3646
f 3711 3646 3595
f 3594 3784 3592
f 3785 3715 3646
f 3712 3589 3644
f 3786 3644 3521
f 3645 3527 3787
f 3446 3647 3714
f 3787 3527 3528
f 3648 3788 3597
f 3719 3382 3383
f 3528 3458 3724
f 3718 3720 3529
f 3789 3452 3450
f 3790 3716 3715
f 3453 3723 3650
f 3720 3791 3651
f 3721 3596 3717
f 3653 3716 3790
f 3791 3726 3651
f 3792 3390 3721
f 3793 3600 3538
f 3794 3538 3465
f 3463 3534 3655
f 3539 3795 3462
f 3730 3794 3465
f 3654 3796 3729
f 3797 3734 3798
f 3734 3738 3798
f 3541 3655 3799
f 3797 3800 3734
f 3541 3799 3731
f 3331 3659 3542
f 3657 3727 3801
f 3800 3735 3734
f 3657 3802 3658
f 3731 3661 3329
f 3539 3117 3660
f 3543 3732 3736
f 3803 3738 3737
f 3466 3665 3663
f 3804 3733 3735
f 3733 3805 3737
f 3804 3805 3733
f 3607 3739 3544
f 3806 3742 3470
f 3806 3470 3545
f 3273 3209 3740
f 3743 3333 3667
f 3807 3207 2978
f 3472 3674 3468
f 3608 3214 3748
f 3340 3746 3548
f 3808 3747 3475
f 3476 3809 3478
f 3810 3808 3475
f 3475 3482 3810
f 3675 3678 3550
f 3478 3809 3404
f 3482 3679 3810
f 3677 3811 3551
f 3809 3553 3404
f 3611 3281 3483
f 3552 3680 3484
f 3612 3613 3812
f 3553 3813 3559
f 3485 3812 3613
f 3681 3752 3555
f 3814 3681 3557
f 3815 3754 3558
f 3816 3557 3487
f 3817 3686 3559
f 3684 3815 3558
f 3354 3756 3818
f 3818 3758 3354
f 3819 3687 3686
f 3568 3689 3757
f 3489 3820 3683
f 3407 3821 3348
f 3820 3489 3619
f 3619 3822 3820
f 3759 3562 3286
f 3348 3821 3565
f 3692 3408 3688
f 3567 3823 3695
f 3762 3824 3566
f 3619 3622 3825
f 3566 3824 3353
f 3692 3623 3356
f 3693 3690 3826
f 3827 3417 3624
f 3417 3827 3625
f 3625 3828 3698
f 3624 3360 3829
f 3626 3829 3361
f 3360 3361 3829
f 3628 3626 3421
f 3830 3495 3569
f 3572 3496 3831
f 3627 3832 3498
f 3498 3832 3767
f 3575 3576 3305
f 3700 3701 3833
f 3574 3768 3422
f 3701 3702 3834
f 3835 3579 3770
f 3630 3836 3702
f 3702 3836 3837
f 3503 3427 3838
f 3428 3369 3632
f 3704 3429 3772
f 3772 3430 3773
f 3703 3839 3307
f 3705 3307 3839
f 3774 3840 3706
f 3707 3841 3842
f 3707 3708 3841
f 3708 3843 3841
f 3844 3843 3708
f 3711 3845 3783
f 3711 3780 3845
f 3780 3590 3710
f 3709 3844 3708
f 3779 3638 3443
f 3785 3783 3846
f 3709 3782 3844
f 3785 3646 3783
f 3847 3639 3640
f 3784 3594 3645
f 3785 3848 3715
f 3849 3640 3712
f 3644 3786 3712
f 3712 3786 3849
f 3848 3790 3715
f 3528 3724 3850
f 3851 3718 3597
f 3788 3851 3597
f 3524 3789 3450
f 3852 3382 3719
f 3647 3382 3852
f 3647 3853 3714
f 3599 3854 3648
f 3649 3855 3719
f 3856 3598 3455
f 3857 3599 3728
f 3854 3599 3857
f 3791 3858 3726
f 3859 3725 3653
f 3792 3534 3390
f 3538 3794 3793
f 3860 3727 3726
f 3462 3795 3652
f 3725 3796 3654
f 3800 3797 3861
f 3659 3862 3542
f 3656 3863 3728
f 3729 3796 3864
f 3658 3863 3656
f 3865 3729 3864
f 3732 3729 3865
f 3801 3802 3657
f 3866 3658 3802
f 3658 3866 3863
f 3867 3661 3731
f 3868 3735 3800
f 3739 3539 3660
f 3869 3664 3603
f 3334 3274 3870
f 3666 3661 3867
f 3870 3274 3471
f 3604 3662 3871
f 3545 3606 3872
f 3872 3606 3873
f 3874 3737 3805
f 3605 3742 3875
f 3606 3670 3873
f 3273 3740 3876
f 3875 3745 3605
f 3876 3746 3273
f 3741 3468 3674
f 3206 3743 3744
f 3608 3807 2978
f 3548 3877 3672
f 3469 3878 3547
f 3878 3469 3744
f 3670 3477 3879
f 3880 3609 3881
f 3879 3480 3676
f 3477 3480 3879
f 3609 3880 3749
f 3481 3882 3673
f 3750 3748 3401
f 3551 3811 3552
f 3811 3680 3552
f 3883 3614 3678
f 3679 3612 3884
f 3813 3553 3885
f 3612 3812 3884
f 3754 3812 3485
f 3883 3556 3614
f 3817 3559 3813
f 3886 3556 3883
f 3680 3887 3615
f 3888 3814 3557
f 3685 3889 3755
f 3815 3684 3890
f 3816 3487 3561
f 3819 3686 3817
f 3687 3890 3684
f 3886 3688 3556
f 3891 3816 3561
f 3687 3819 3890
f 3486 3892 3407
f 3891 3561 3491
f 3893 3757 3689
f 3892 3821 3407
f 3758 3894 3567
f 3620 3893 3689
f 3895 3891 3491
f 3895 3491 3760
f 3567 3894 3823
f 3896 3618 3562
f 3562 3759 3896
f 3823 3763 3695
f 3896 3761 3618
f 3619 3825 3822
f 3759 3617 3691
f 3824 3897 3353
f 3897 3696 3353
f 3416 3898 3697
f 3570 3899 3416
f 3900 3622 3572
f 3827 3828 3625
f 3698 3901 3571
f 3571 3901 3570
f 3766 3902 3569
f 3830 3569 3902
f 2930 3903 3300
f 3495 3830 3699
f 3168 3300 3575
f 3700 3831 3496
f 3904 3700 3833
f 3578 3768 3769
f 3502 3769 3905
f 3502 3905 3770
f 3770 3905 3906
f 3702 3837 3834
f 3579 3835 3907
f 3579 3907 3630
f 3908 3632 3704
f 3909 3838 3427
f 3910 3427 3426
f 3910 3426 3771
f 3773 3634 3911
f 3838 3703 3503
f 3912 3634 3706
f 3840 3774 3584
f 3840 3584 3777
f 3776 3633 3775
f 3913 3776 3775
f 3777 3707 3842
f 3843 3914 3841
f 3915 3637 3778
f 3781 3916 3710
f 3846 3783 3917
f 3843 3844 3918
f 3592 3919 3643
f 3920 3380 3638
f 3645 3921 3784
f 3920 3713 3380
f 3922 3639 3847
f 3922 3782 3639
f 3848 3785 3923
f 3528 3850 3787
f 3524 3713 3789
f 3714 3786 3521
f 3788 3648 3854
f 3924 3850 3724
f 3848 3925 3790
f 3724 3600 3924
f 3926 3723 3598
f 3723 3927 3650
f 3854 3857 3928
f 3717 3929 3721
f 3717 3593 3930
f 3925 3859 3790
f 3859 3653 3790
f 3929 3792 3721
f 3858 3860 3726
f 3728 3931 3857
f 3932 3797 3798
f 3798 3933 3932
f 3859 3934 3725
f 3534 3792 3655
f 3934 3796 3725
f 3542 3862 3730
f 3935 3727 3860
f 3861 3936 3800
f 3738 3937 3798
f 3803 3937 3738
f 3935 3801 3727
f 3603 3938 3869
f 3334 3938 3603
f 3663 3665 3939
f 3940 3664 3869
f 3870 3941 3334
f 3737 3942 3803
f 3740 3664 3940
f 3868 3943 3735
f 3735 3943 3944
f 3736 3871 3662
f 3741 3945 3467
f 3806 3545 3946
f 3946 3545 3872
f 3944 3804 3735
f 3873 3740 3872
f 3737 3874 3942
f 3607 3947 3739
f 3740 3873 3876
f 3873 3670 3948
f 3805 3949 3874
f 3666 3881 3609
f 3607 3668 3947
f 3604 3871 3669
f 3671 3669 3950
f 3951 3675 3547
f 3952 3476 3749
f 3809 3476 3952
f 3481 3610 3882
f 3675 3953 3678
f 3611 3954 3066
f 3885 3553 3809
f 3611 3483 3753
f 3955 3756 3755
f 3817 3813 3956
f 3888 3557 3816
f 3819 3817 3956
f 3757 3957 3685
f 3486 3615 3892
f 3958 3683 3820
f 3620 3763 3893
f 3821 3762 3565
f 3895 3760 3413
f 3895 3413 3898
f 3898 3413 3697
f 3690 3761 3959
f 3416 3899 3898
f 3690 3959 3826
f 3622 3960 3825
f 3696 3961 3764
f 3622 3900 3960
f 3962 3963 3826
f 3963 3693 3826
f 3621 3693 3963
f 3901 3698 3828
f 3494 3903 2930
f 3572 3831 3964
f 3699 3832 3627
f 3700 3904 3831
f 3701 3834 3833
f 3836 3630 3907
f 3632 3631 3428
f 3910 3909 3427
f 3911 3634 3912
f 3965 3839 3703
f 3425 3966 3580
f 3425 3705 3966
f 3967 3840 3777
f 3776 3913 3968
f 3842 3841 3969
f 3969 3841 3970
f 3968 3778 3776
f 3914 3970 3841
f 3915 3778 3968
f 3915 3971 3637
f 3972 3914 3843
f 3917 3783 3845
f 3971 3779 3637
f 3843 3918 3972
f 3973 3642 3643
f 3643 3919 3973
f 3974 3638 3779
f 3975 3785 3846
f 3592 3976 3919
f 3638 3974 3920
f 3784 3976 3592
f 3782 3977 3844
f 3975 3923 3785
f 3920 3978 3713
f 3782 3922 3977
f 3923 3979 3848
f 3645 3787 3921
f 3640 3849 3847
f 3718 3851 3980
f 3789 3713 3981
f 3853 3647 3852
f 3982 3848 3983
f 3452 3856 3455
f 3982 3925 3848
f 3856 3984 3598
f 3984 3926 3598
f 3650 3855 3649
f 3791 3985 3858
f 3793 3986 3600
f 3857 3987 3928
f 3857 3988 3987
f 3717 3930 3929
f 3593 3722 3930
f 3989 3990 3858
f 3988 3857 3931
f 3858 3990 3991
f 3652 3992 3722
f 3991 3860 3858
f 3993 3794 3730
f 3861 3994 3936
f 3933 3798 3937
f 3655 3792 3995
f 3655 3996 3799
f 3995 3996 3655
f 3796 3934 3997
f 3803 3998 3937
f 3728 3863 3999
f 4000 3800 3936
f 3942 3998 3803
f 4001 3801 3935
f 3800 4000 3868
f 3802 3801 4001
f 4001 4002 3802
f 3802 4002 3866
f 3865 3736 3732
f 3938 3940 3869
f 3941 3938 3334
f 4000 3943 3868
f 3739 4003 3539
f 4004 3941 3870
f 3467 4005 3665
f 3946 3740 3940
f 3945 4005 3467
f 3946 3872 3740
f 4004 3870 3471
f 4006 3666 3867
f 4006 3867 4007
f 3873 3948 3876
f 3944 4008 3804
f 4009 3745 3875
f 3876 4010 3746
f 4006 3881 3666
f 3667 3207 3807
f 3746 3877 3548
f 4010 3877 3746
f 3804 4008 4011
f 4011 3949 3804
f 3804 3949 3805
f 3670 3879 3948
f 4012 3947 3668
f 3669 3871 4013
f 3669 4013 3950
f 4009 3479 3745
f 3676 3479 4009
f 3668 3747 4012
f 3748 4014 3608
f 4015 4012 3747
f 3951 3547 3878
f 3747 3808 4015
f 3810 4016 4015
f 3810 4015 3808
f 3549 3671 4017
f 3679 4018 4016
f 3679 4016 3810
f 3679 3884 4018
f 3953 3883 3678
f 3811 4019 3680
f 3682 3751 3554
f 4019 3887 3680
f 3958 3751 3682
f 3956 3813 3885
f 3754 4020 3812
f 3955 3818 3756
f 3683 3958 3682
f 3752 3681 4021
f 3685 3957 3889
f 3819 3956 3890
f 3890 4022 3815
f 3814 4021 3681
f 3615 3887 4023
f 3818 4024 3758
f 4025 3816 3891
f 3886 4026 3688
f 3957 3757 3893
f 4024 3894 3758
f 3763 3823 4027
f 4028 3692 3688
f 4029 3896 3759
f 3761 3896 4030
f 3691 4031 3759
f 4032 3623 3692
f 3897 3961 3696
f 4033 3960 3900
f 3694 3621 4034
f 4035 3624 4036
f 4035 3827 3624
f 3959 3962 3826
f 4037 4034 3621
f 3764 4038 3765
f 3829 4036 3624
f 4037 3621 3963
f 3900 3572 3964
f 4039 3575 3300
f 4040 3767 3832
f 3767 4041 3574
f 3769 3768 4042
f 3835 3770 3906
f 3907 3835 4043
f 3836 3907 4044
f 4045 3704 3772
f 3911 4046 3773
f 4047 3703 3838
f 3912 3706 4048
f 3840 4048 3706
f 3705 3839 3966
f 3580 3966 3775
f 3967 3777 4049
f 4049 3777 3842
f 3775 3966 3913
f 3970 4050 3969
f 3970 4051 4050
f 3970 3914 4051
f 4052 4053 4051
f 4054 4052 4051
f 3780 4055 3845
f 3710 4055 3780
f 3710 4056 4055
f 3916 4056 3710
f 3914 4057 4051
f 3914 3972 4057
f 4051 4057 4054
f 4058 3846 3917
f 3975 4058 4059
f 4058 3975 3846
f 3781 3642 3973
f 4060 3923 4059
f 3923 3975 4059
f 3921 4061 3784
f 3983 3848 3979
f 3980 4062 3718
f 3718 4062 3720
f 3789 4063 3452
f 3981 4063 3789
f 3855 3852 3719
f 3720 3985 3791
f 4064 3854 3928
f 4063 3856 3452
f 3650 4065 3855
f 3985 3989 3858
f 3987 3989 3928
f 3990 3989 3987
f 3861 3797 3932
f 4066 3934 3859
f 3862 3993 3730
f 3992 3652 3795
f 3991 3935 3860
f 3728 3999 3931
f 4007 3731 3799
f 3996 4007 3799
f 3539 4003 3795
f 3602 4067 3659
f 3864 3796 3997
f 3663 4067 3602
f 3863 4068 3999
f 4007 3867 3731
f 3864 3997 4069
f 3866 4068 3863
f 4070 3866 4002
f 4005 3939 3665
f 3739 4071 4003
f 3806 3946 3940
f 3942 4072 4073
f 3871 3736 4074
f 4075 4071 3947
f 3947 4071 3739
f 3672 3877 3471
f 3471 3877 4004
f 3874 4072 3942
f 4076 4008 3944
f 4077 3741 3674
f 4078 3876 3948
f 4010 3876 4078
f 4076 4079 4008
f 4072 3874 3949
f 4011 4008 4079
f 3948 3879 4078
f 3882 3674 3673
f 3676 4080 3879
f 4081 3748 3750
f 3880 4082 3749
f 4082 3952 3749
f 3671 4083 4017
f 4017 3677 3549
f 3610 4084 3882
f 4085 3809 3952
f 4018 4086 4016
f 4087 4084 3610
f 3751 4087 3610
f 3884 4088 4018
f 4089 3885 3809
f 3809 4085 4089
f 3812 4088 3884
f 3812 4090 4088
f 4090 3812 4020
f 4091 3611 3753
f 4092 3956 3885
f 3754 4093 4020
f 3753 3752 4094
f 3955 4095 3818
f 3889 3955 3755
f 4092 3890 3956
f 4092 4022 3890
f 4093 3815 4022
f 3815 4093 3754
f 4095 4024 3818
f 3888 3816 4025
f 3893 4096 3957
f 4023 3892 3615
f 3894 4024 3823
f 4028 3688 4026
f 4097 3821 3892
f 3895 4098 3891
f 4031 4029 3759
f 3761 4030 3959
f 3899 4099 3898
f 3694 4031 3691
f 4100 3570 3901
f 3570 4100 3899
f 4034 4031 3694
f 3962 3959 4101
f 3962 4102 3963
f 3962 4103 4102
f 3626 3628 4104
f 4039 3300 3903
f 4105 3576 3575
f 3574 4041 4042
f 3574 4042 3768
f 3833 3834 4106
f 3834 3837 4107
f 3836 4044 3837
f 4045 3908 3704
f 3772 4108 4045
f 3773 4108 3772
f 4046 4108 3773
f 4109 3631 3632
f 3632 3908 4109
f 3909 4047 3838
f 3631 4110 3771
f 3840 4111 4048
f 4112 3966 3839
f 4113 4049 3842
f 3969 4113 3842
f 3966 4114 3913
f 4050 4051 4053
f 3968 4115 3915
f 3971 3915 4115
f 3917 4116 4058
f 4116 3917 3845
f 4052 4117 4053
f 4052 4054 4117
f 4060 4059 4118
f 4118 4059 4058
f 4119 4057 3972
f 4057 4119 4054
f 4117 4054 4060
f 3918 4120 3972
f 3972 4120 4119
f 4054 4121 4060
f 3918 4122 4120
f 4060 4121 3923
f 3974 4123 3920
f 3920 4123 3978
f 3977 4122 3844
f 4122 3918 3844
f 4121 3979 3923
f 3978 4124 3713
f 3922 3847 4125
f 3847 3849 4125
f 3788 3854 4064
f 3713 4124 3981
f 4126 3786 4127
f 4126 3849 3786
f 3714 4127 3786
f 4128 3924 3600
f 3853 4129 3714
f 3714 4129 4127
f 3986 4128 3600
f 4062 4130 3720
f 4130 3985 3720
f 4063 4131 3856
f 4132 3984 3856
f 3723 4133 3927
f 4065 3650 3927
f 3932 3933 4130
f 4130 4134 3985
f 4135 3861 3932
f 3861 4135 3994
f 3991 3990 3987
f 3991 3987 4136
f 4136 3987 3988
f 3929 4137 3792
f 4137 3929 3930
f 3992 3930 3722
f 4138 4066 3859
f 3795 4139 3992
f 4140 3935 3991
f 3659 4141 3862
f 4142 4000 3936
f 3999 4143 3931
f 3934 4066 3997
f 4001 3935 4140
f 4144 3795 4003
f 3942 4073 3998
f 4070 4068 3866
f 3864 4069 3865
f 4145 3940 3938
f 3943 4000 4146
f 4071 4144 4003
f 4145 3806 3940
f 3736 3865 4074
f 3944 4147 4076
f 3943 4147 3944
f 4007 4148 4006
f 4149 4150 4076
f 4151 4010 4078
f 3877 4010 4151
f 4150 4152 4079
f 4150 4079 4076
f 4006 4148 4153
f 4154 3667 3807
f 4072 3949 4155
f 3947 4012 4075
f 4156 4013 3871
f 4009 4157 3676
f 4006 4153 3881
f 4158 3881 4153
f 3881 4159 3880
f 3880 4159 4082
f 4016 4086 4015
f 3951 4160 3675
f 4017 4161 3677
f 4162 3953 3675
f 4161 3811 3677
f 4085 4163 4089
f 4161 4019 3811
f 3953 4164 3883
f 4092 3885 4089
f 3958 4165 3751
f 3753 4094 4091
f 4166 4094 3752
f 3752 4021 4166
f 4167 4166 4021
f 3814 4168 4021
f 3888 4168 3814
f 4167 4021 4168
f 3820 4169 3958
f 4027 4024 4170
f 3823 4024 4027
f 4171 3893 4027
f 4171 4096 3893
f 3763 4027 3893
f 3822 4172 3820
f 3825 4172 3822
f 4098 3895 4173
f 3821 4174 3762
f 4173 3895 3898
f 4175 4032 3692
f 3898 4099 4173
f 3896 4029 4176
f 4174 3824 3762
f 4176 4030 3896
f 4176 4029 4177
f 4029 4031 4177
f 4036 4178 4035
f 3827 4035 4179
f 3827 4179 3828
f 3828 4180 3901
f 3623 4032 3494
f 3765 4038 3766
f 4033 3900 4181
f 4182 3963 4102
f 4182 4037 3963
f 4038 4183 3766
f 3494 4184 3903
f 4183 3902 3766
f 3964 4181 3900
f 3830 4185 3699
f 3699 4185 3832
f 4039 4186 3575
f 4185 4040 3832
f 4040 4187 3767
f 2301 3500 3093
f 3833 4188 3904
f 4188 3833 4106
f 3769 4042 4189
f 4106 3834 4107
f 4190 3907 4043
f 3837 4191 4107
f 4191 3837 4044
f 4044 3907 4190
f 4192 4046 3911
f 4110 3910 3771
f 4193 4110 3631
f 4047 3909 4194
f 3703 4047 3965
f 3840 3967 4195
f 3969 4196 4113
f 3969 4050 4196
f 3913 4114 3968
f 4115 3968 4114
f 4050 4053 4197
f 4116 3845 4198
f 4198 3845 4055
f 4118 4058 4199
f 4199 4058 4200
f 4200 4058 4116
f 4053 4117 4060
f 4053 4060 4118
f 4201 3916 3781
f 4201 3781 3973
f 3779 3971 4202
f 4054 4119 4203
f 3976 3784 4061
f 4121 4054 4203
f 4204 4061 3921
f 4203 4205 4121
f 3787 4204 3921
f 4204 3787 4206
f 4206 3787 3850
f 4121 4205 3979
f 4207 3851 3788
f 4208 3922 4125
f 3922 4208 3977
f 4209 3979 4205
f 3979 4209 3983
f 4064 4207 3788
f 3849 4126 4125
f 4209 3982 3983
f 4135 3932 4062
f 4062 3932 4130
f 3928 4210 4064
f 3855 4211 3852
f 4210 3989 4212
f 3989 4210 3928
f 4213 4133 3723
f 4134 4212 3985
f 3989 3985 4212
f 4130 4214 4134
f 4130 3933 4214
f 3925 3982 4215
f 4138 3925 4215
f 4216 3793 3794
f 4138 3859 3925
f 3937 4217 3933
f 3998 4217 3937
f 4139 4137 3930
f 3992 4139 3930
f 3862 4141 3993
f 4218 3988 3931
f 3995 3792 4137
f 4143 4218 3931
f 4219 3659 4067
f 4139 3795 4144
f 4220 3998 4221
f 4222 3996 3995
f 4223 3996 4222
f 4224 4067 3663
f 4073 4221 3998
f 3996 4223 4007
f 4225 4069 3997
f 3941 4145 3938
f 4071 4226 4144
f 4227 3941 4004
f 4223 4148 4007
f 3806 4145 3742
f 4075 4226 4071
f 4149 4228 4150
f 4229 4148 4223
f 4077 3945 3741
f 4230 4004 3877
f 3875 4231 4009
f 4074 4232 3871
f 3877 4151 4230
f 4148 4233 4153
f 4012 4234 4075
f 3871 4232 4156
f 4080 4078 3879
f 4079 4152 4235
f 4011 4236 3949
f 4236 4155 3949
f 3882 4237 3674
f 4014 3807 3608
f 4080 3676 4157
f 4079 4235 4011
f 4235 4236 4011
f 4015 4234 4012
f 4015 4238 4234
f 4086 4238 4015
f 3881 4158 4159
f 4153 4233 4158
f 3950 4083 3671
f 4239 4159 4158
f 4018 4240 4086
f 4241 4082 4159
f 4241 4159 4239
f 3952 4082 4163
f 4018 4158 4240
f 4162 3675 4160
f 4163 4085 3952
f 4239 4158 4088
f 4088 4158 4018
f 3066 3954 3750
f 4242 4239 4090
f 4090 4239 4088
f 4090 4020 4242
f 4020 4243 4242
f 4091 3954 3611
f 4093 4243 4020
f 3883 4164 3886
f 4019 4244 3887
f 4022 4092 4243
f 4022 4243 4093
f 4245 4024 4095
f 4244 4023 3887
f 4169 4165 3958
f 4024 4245 4170
f 3888 4025 4168
f 4027 4170 4246
f 4097 3892 4023
f 4025 3891 4247
f 3891 4098 4247
f 4028 4175 3692
f 3960 4248 3825
f 4100 4099 3899
f 4180 3828 4249
f 4035 4178 4250
f 4035 4250 4179
f 4179 4249 3828
f 3901 4180 4100
f 3959 4030 4251
f 4252 3961 3897
f 4251 4101 3959
f 4177 4031 4034
f 4253 4254 4101
f 4254 3962 4101
f 4254 4103 3962
f 4255 4182 4102
f 4256 4181 3964
f 4103 4257 4102
f 4186 4105 3575
f 4187 4041 3767
f 4258 3904 4188
f 4189 3905 3769
f 3905 4259 3906
f 3835 3906 4043
f 4260 4109 3908
f 4261 3911 3912
f 4261 4192 3911
f 4109 4193 3631
f 4262 3912 4048
f 4263 3909 3910
f 4195 4111 3840
f 4195 3967 4049
f 3966 4112 4264
f 4264 4114 3966
f 4196 4050 4197
f 4197 4053 4199
f 4199 4053 4118
f 3916 4265 4056
f 4201 4265 3916
f 3919 3976 4266
f 4119 4120 4267
f 4119 4267 4203
f 4122 4268 4120
f 4269 3978 4123
f 3977 4268 4122
f 4269 4124 3978
f 4124 4270 3981
f 4063 3981 4270
f 3852 4271 3853
f 3926 4213 3723
f 4214 4212 4134
f 4215 3982 4209
f 3933 4217 4214
f 3993 4216 3794
f 4142 3936 4272
f 3998 4220 4217
f 3988 4218 4136
f 4219 4141 3659
f 4136 4140 3991
f 4136 4218 4140
f 4273 3995 4137
f 4273 4137 4139
f 4274 4273 4139
f 4273 4274 3995
f 4001 4140 4275
f 4143 4068 4070
f 3999 4068 4143
f 4222 3995 4274
f 4139 4144 4274
f 4276 4146 4000
f 3939 4224 3663
f 4002 4001 4275
f 4070 4002 4275
f 4277 3939 4005
f 4073 4278 4221
f 4226 4274 4144
f 4279 4280 4145
f 3941 4279 4145
f 4280 3742 4145
f 3943 4146 4281
f 4147 3943 4281
f 4280 3875 3742
f 4228 4149 4282
f 4282 4149 4076
f 4076 4147 4282
f 4073 4072 4283
f 4075 4284 4226
f 4228 4285 4150
f 4285 4152 4150
f 4286 4148 4229
f 4072 4155 4283
f 4287 4077 3674
f 4148 4286 4233
f 4288 3743 3667
f 4157 4151 4080
f 4078 4080 4151
f 4238 4289 4234
f 4290 3807 4014
f 4238 4286 4289
f 3744 3743 4291
f 4240 4233 4286
f 4240 4286 4238
f 4086 4240 4238
f 4013 4292 3950
f 4240 4158 4233
f 4292 4083 3950
f 4160 3951 3878
f 4081 4014 3748
f 4084 4237 3882
f 4082 4293 4163
f 4293 4082 4241
f 4242 4241 4239
f 3751 4294 4087
f 4089 4163 4295
f 4243 4295 4242
f 4165 4294 3751
f 4295 4092 4089
f 4295 4243 4092
f 4296 4244 4019
f 4297 4095 3955
f 4298 3955 3889
f 4166 4299 4094
f 3957 4298 3889
f 4170 4245 4246
f 4246 4171 4027
f 3820 4172 4169
f 4168 4025 4247
f 4097 4300 3821
f 3825 4248 4172
f 4033 4248 3960
f 4174 4301 3824
f 3897 3824 4301
f 4100 4302 4099
f 4303 4251 4030
f 4036 4304 4178
f 4034 4305 4177
f 4252 4306 3961
f 4306 3764 3961
f 4306 4038 3764
f 4253 4101 4251
f 4037 4305 4034
f 4307 4305 4037
f 4307 4037 4182
f 4104 4308 3626
f 4309 4103 4254
f 4309 4257 4103
f 4102 4257 4255
f 3831 4310 3964
f 4311 4187 4040
f 3904 4258 3831
f 4312 3577 3576
f 4106 4313 4188
f 4106 4107 4314
f 4191 4315 4107
f 4316 4191 4044
f 4263 4194 3909
f 4110 4263 3910
f 4317 3839 3965
f 4113 4318 4049
f 4319 4264 4112
f 4196 4197 4320
f 4321 4197 4199
f 4322 4115 4114
f 4200 4323 4199
f 4324 3973 3919
f 3919 4266 4324
f 4123 3974 4325
f 4326 4267 4120
f 4267 4327 4203
f 4205 4203 4327
f 4328 4120 4268
f 4327 4329 4205
f 3924 4330 3850
f 4331 3980 3851
f 4207 4331 3851
f 4128 4330 3924
f 3980 4331 4062
f 4332 4135 4062
f 4333 4125 4126
f 4125 4333 4334
f 4125 4334 4208
f 4335 4128 3986
f 4126 4336 4333
f 4271 3852 4211
f 3853 4271 4129
f 4337 4335 3986
f 3856 4131 4132
f 4132 4338 3984
f 4339 4338 4132
f 4338 4340 3984
f 3984 4340 3926
f 4340 4213 3926
f 3793 4337 3986
f 4341 4337 3793
f 4342 4212 4214
f 4272 3936 3994
f 4341 3793 4216
f 4217 4342 4214
f 4343 4142 4272
f 4344 4217 4220
f 4138 4345 4066
f 4346 4142 4347
f 4140 4218 4348
f 4346 4000 4142
f 4275 4140 4348
f 4218 4143 4348
f 4070 4348 4143
f 4066 4349 3997
f 4346 4276 4000
f 4275 4348 4070
f 3997 4349 4225
f 4226 4222 4274
f 4226 4284 4222
f 4289 4223 4222
f 4289 4222 4284
f 4227 4279 3941
f 4281 4146 4276
f 3865 4069 4350
f 4281 4282 4147
f 4278 4073 4283
f 4229 4223 4289
f 4074 3865 4350
f 4231 3875 4280
f 4004 4351 4227
f 4352 4285 4353
f 4353 4285 4228
f 4234 4289 4284
f 4234 4284 4075
f 4004 4230 4351
f 4352 4354 4285
f 4286 4229 4289
f 4009 4231 4355
f 4354 4152 4285
f 4074 4356 4232
f 4157 4009 4355
f 4357 4283 4155
f 4358 4151 4157
f 4288 3667 4154
f 4152 4359 4235
f 4236 4357 4155
f 4287 3674 4237
f 4359 4360 4235
f 4235 4360 4236
f 4084 4361 4237
f 4084 4087 4362
f 4363 4364 4017
f 4161 4017 4364
f 4295 4293 4241
f 4163 4293 4295
f 4242 4295 4241
f 4161 4296 4019
f 4091 4094 4365
f 4298 4297 3955
f 4366 4365 4094
f 4245 4095 4297
f 4299 4366 4094
f 4298 3957 4171
f 3886 4367 4026
f 4096 4171 3957
f 4299 4166 4167
f 4299 4167 4368
f 4369 4167 4168
f 4168 4247 4369
f 4368 4167 4369
f 4173 4247 4098
f 4302 4370 4173
f 4033 4371 4248
f 4099 4302 4173
f 4250 4372 4179
f 4179 4372 4249
f 4180 4249 4302
f 4180 4302 4100
f 4303 4030 4176
f 4181 4373 4033
f 4032 4184 3494
f 4253 4251 4374
f 4375 4181 4256
f 3903 4184 4039
f 3626 4308 3829
f 4254 4253 4309
f 4183 4376 3902
f 3830 3902 4376
f 4309 4377 4257
f 4310 4256 3964
f 3831 4258 4310
f 3093 4378 3364
f 3093 3500 4378
f 3094 4379 3096
f 3096 4379 3095
f 3095 4380 2684
f 4381 4189 4042
f 4189 4382 3905
f 4382 4259 3905
f 4107 4315 4314
f 4383 4190 4043
f 4384 4260 3908
f 4262 4261 3912
f 4111 4195 4385
f 3965 4047 4386
f 4386 4047 4194
f 4386 4387 3965
f 4387 4317 3965
f 4112 3839 4317
f 4319 4112 4317
f 4322 4114 4264
f 4388 4320 4197
f 4388 4197 4321
f 4321 4199 4389
f 4389 4199 4323
f 4200 4390 4323
f 4116 4390 4200
f 4391 4392 4055
f 4056 4391 4055
f 4056 4265 4391
f 4324 4201 3973
f 3779 4393 3974
f 4330 4206 3850
f 4267 4326 4327
f 4329 4327 4394
f 4395 4269 4123
f 4331 4332 4062
f 4396 4331 4207
f 4396 4207 4064
f 4397 4205 4329
f 4335 4398 4128
f 4332 4399 4135
f 4210 4400 4064
f 4209 4205 4397
f 4129 4401 4127
f 4126 4127 4402
f 4402 4336 4126
f 4399 3994 4135
f 4212 4400 4210
f 4213 4403 4133
f 4065 4211 3855
f 4399 4272 3994
f 4344 4342 4217
f 4404 4142 4343
f 4347 4142 4404
f 4344 4220 4405
f 4141 4219 4406
f 4346 4347 4407
f 4405 4407 4347
f 4407 4405 4220
f 4345 4349 4066
f 4221 4407 4220
f 4407 4221 4408
f 4278 4408 4221
f 4279 4355 4280
f 4279 4409 4355
f 4227 4409 4279
f 4355 4231 4280
f 4410 4278 4283
f 4074 4350 4356
f 4410 4283 4357
f 4351 4230 4358
f 4355 4358 4157
f 4151 4358 4230
f 4354 4359 4152
f 4357 4236 4411
f 4288 4412 3743
f 4291 3743 4412
f 3744 4291 3878
f 4362 4361 4084
f 4413 4162 4160
f 4364 4414 4161
f 4414 4296 4161
f 3886 4164 4367
f 4246 4245 4297
f 4246 4297 4298
f 4171 4246 4298
f 4415 4299 4368
f 4368 4416 4415
f 4416 4368 4417
f 4417 4368 4370
f 4370 4368 4369
f 4370 4369 4247
f 4173 4370 4247
f 4300 4174 3821
f 4372 4416 4417
f 4302 4417 4370
f 4372 4417 4249
f 4249 4417 4302
f 4033 4373 4371
f 4301 4418 3897
f 4178 4304 4250
f 4419 4303 4176
f 4177 4419 4176
f 4420 4251 4303
f 4421 4419 4177
f 4422 4184 4032
f 4305 4421 4177
f 4423 4305 4307
f 4253 4374 4309
f 4424 4423 4307
f 4182 4424 4307
f 3830 4376 4425
f 4377 4309 4426
f 3830 4427 4185
f 4257 4428 4255
f 4428 4182 4255
f 4429 4186 4039
f 4377 4428 4257
f 4312 4430 3577
f 3577 4430 4431
f 4187 4432 4041
f 4380 3095 4379
f 2684 4433 3500
f 4381 4042 4041
f 3906 4259 4434
f 4313 4106 4314
f 4314 4315 4435
f 4316 4044 4190
f 4045 4384 3908
f 4436 4045 4108
f 4108 4437 4436
f 4437 4108 4046
f 4192 4437 4046
f 4260 4193 4109
f 4438 4262 4048
f 4111 4438 4048
f 4439 4263 4110
f 4385 4195 4318
f 4049 4318 4195
f 4113 4440 4318
f 4441 4113 4196
f 4196 4320 4441
f 4322 4264 4442
f 4116 4443 4390
f 4198 4443 4116
f 4392 4198 4055
f 4115 4202 3971
f 4444 4266 3976
f 4444 3976 4061
f 4445 4444 4061
f 4393 3779 4202
f 4445 4061 4204
f 4393 4325 3974
f 4328 4326 4120
f 4326 4394 4327
f 4446 4329 4394
f 4398 4330 4128
f 4124 4269 4447
f 4334 4448 4208
f 4401 4449 4127
f 4449 4402 4127
f 4063 4270 4450
f 4450 4131 4063
f 4132 4451 4339
f 3927 4452 4065
f 3927 4133 4452
f 4212 4342 4400
f 4209 4397 4453
f 4453 4215 4209
f 4347 4404 4405
f 4067 4454 4219
f 4067 4224 4454
f 4277 4224 3939
f 4455 4276 4346
f 4455 4346 4407
f 4455 4407 4408
f 4456 4005 3945
f 4457 4353 4228
f 4458 4228 4282
f 4458 4457 4228
f 4458 4282 4281
f 4459 4281 4276
f 4459 4276 4455
f 4278 4410 4408
f 4351 4409 4227
f 4077 4456 3945
f 4409 4358 4355
f 4358 4409 4351
f 4460 4354 4352
f 4359 4354 4461
f 4356 4462 4232
f 4462 4156 4232
f 4463 4287 4237
f 4154 3807 4290
f 4359 4461 4360
f 4464 4411 4236
f 4236 4360 4464
f 4361 4463 4237
f 4292 4465 4083
f 4017 4465 4363
f 4083 4465 4017
f 4362 4087 4466
f 4413 4467 4162
f 4467 3953 4162
f 3750 3954 4468
f 4365 3954 4091
f 4244 4469 4023
f 4299 4415 4366
f 4023 4469 4097
f 4470 4169 4172
f 4471 4470 4172
f 4472 4028 4026
f 4473 4300 4097
f 4172 4248 4471
f 4415 4416 4474
f 4372 4474 4416
f 4372 4250 4474
f 3897 4475 4252
f 4418 4475 3897
f 4420 4303 4419
f 4476 4251 4420
f 4306 4477 4038
f 4374 4251 4476
f 4036 4478 4304
f 4375 4373 4181
f 4479 4478 4036
f 3829 4479 4036
f 4421 4305 4423
f 4308 4479 3829
f 4374 4480 4481
f 4481 4309 4374
f 4426 4309 4481
f 4425 4427 3830
f 4482 4377 4426
f 4483 4182 4428
f 4182 4483 4424
f 4186 4429 4484
f 4377 4485 4428
f 4185 4486 4040
f 4040 4486 4311
f 4105 4312 3576
f 4189 4381 4382
f 4259 4487 4434
f 3906 4434 4043
f 4488 4043 4434
f 4313 4314 4489
f 4043 4488 4383
f 4314 4435 4489
f 4190 4383 4490
f 4190 4490 4316
f 4191 4491 4315
f 4492 4384 4045
f 4493 4194 4263
f 4113 4441 4440
f 4494 4264 4319
f 4495 4389 4323
f 4390 4495 4323
f 4443 4198 4392
f 4201 4496 4265
f 4496 4201 4324
f 4325 4395 4123
f 4332 4331 4497
f 4268 4498 4328
f 4208 4448 3977
f 3977 4448 4268
f 4497 4399 4332
f 4397 4329 4446
f 4400 4396 4064
f 4270 4124 4447
f 4340 4499 4213
f 4499 4403 4213
f 4333 4500 4334
f 4131 4451 4132
f 4452 4501 4065
f 4502 4272 4399
f 4343 4272 4502
f 4342 4503 4400
f 4216 4504 4341
f 4216 3993 4504
f 4344 4503 4342
f 4215 4453 4138
f 4504 3993 4141
f 4453 4505 4138
f 4141 4406 4504
f 4406 4219 4454
f 4349 4506 4225
f 4506 4069 4225
f 4507 4352 4353
f 4410 4455 4408
f 4508 4458 4281
f 4508 4281 4459
f 4352 4507 4460
f 4509 4455 4410
f 4357 4509 4410
f 4460 4510 4354
f 4511 4461 4354
f 4411 4509 4357
f 4461 4512 4360
f 4512 4464 4360
f 4513 4013 4156
f 4513 4292 4013
f 4514 3878 4291
f 4294 4466 4087
f 4515 4294 4165
f 4169 4515 4165
f 4097 4469 4473
f 4028 4472 4175
f 4474 4516 4415
f 4371 4471 4248
f 4300 4517 4174
f 4174 4517 4301
f 4304 4518 4250
f 4252 4475 4306
f 4039 4184 4519
f 4520 4482 4426
f 4482 4485 4377
f 4428 4521 4483
f 4427 4486 4185
f 4104 3628 3573
f 4311 4522 4187
f 4522 4432 4187
f 4432 4381 4041
f 4258 4188 4523
f 4188 4313 4523
f 4524 4382 4381
f 4313 4525 4523
f 4382 4487 4259
f 4313 4489 4525
f 4315 4491 4435
f 4191 4316 4491
f 4526 4527 4261
f 4261 4262 4526
f 4528 4526 4262
f 4438 4528 4262
f 4439 4110 4193
f 4529 4194 4493
f 4529 4530 4386
f 4529 4386 4194
f 4387 4386 4530
f 4441 4320 4531
f 4320 4388 4531
f 4264 4494 4442
f 4532 4392 4391
f 4202 4115 4533
f 4444 4534 4266
f 4393 4202 4535
f 4393 4535 4325
f 4328 4536 4326
f 4536 4328 4537
f 4394 4326 4536
f 4331 4538 4497
f 4331 4396 4538
f 4328 4498 4537
f 4498 4268 4448
f 4447 4539 4270
f 4338 4540 4340
f 4540 4499 4340
f 4333 4336 4500
f 4446 4541 4397
f 4539 4450 4270
f 4403 4452 4133
f 4129 4271 4542
f 4543 4449 4401
f 4544 4337 4341
f 4544 4545 4337
f 4541 4453 4397
f 4546 4404 4343
f 4547 4405 4404
f 4405 4547 4344
f 4138 4505 4345
f 4548 4454 4224
f 4456 4277 4005
f 4457 4549 4353
f 4506 4550 4069
f 4551 4457 4552
f 4552 4457 4458
f 4552 4458 4508
f 4350 4069 4550
f 4509 4459 4455
f 4553 4459 4509
f 4510 4511 4354
f 4554 4512 4461
f 4509 4411 4464
f 4156 4462 4513
f 4154 4290 4555
f 4292 4513 4556
f 3878 4514 4160
f 4557 4160 4514
f 4557 4413 4160
f 4468 3954 4558
f 4467 4164 3953
f 4296 4559 4244
f 4164 4560 4367
f 4472 4026 4367
f 4366 4415 4561
f 4415 4516 4561
f 4474 4562 4516
f 4563 4517 4300
f 4474 4518 4562
f 4474 4250 4518
f 4175 4564 4032
f 4564 4422 4032
f 4476 4420 4565
f 4565 4374 4476
f 4566 4419 4423
f 4421 4423 4419
f 4480 4374 4565
f 4038 4567 4183
f 4567 4376 4183
f 4429 4039 4519
f 4481 4520 4426
f 4428 4485 4521
f 3166 4568 3573
f 4569 4522 4311
f 4570 4523 4525
f 4488 4571 4383
f 4316 4490 4572
f 4045 4436 4492
f 4573 4436 4437
f 4527 4192 4261
f 4111 4385 4438
f 4574 4385 4318
f 4440 4574 4318
f 4575 4263 4439
f 4441 4576 4440
f 4577 4321 4389
f 4322 4442 4578
f 4579 4532 4391
f 4265 4579 4391
f 4265 4496 4580
f 4533 4115 4322
f 4266 4534 4324
f 4581 4206 4330
f 4582 4581 4330
f 4330 4398 4582
f 4502 4497 4538
f 4396 4583 4538
f 4584 4446 4394
f 4502 4399 4497
f 4585 4586 4339
f 4586 4338 4339
f 4587 4335 4337
f 4400 4588 4396
f 4451 4585 4339
f 4499 4589 4403
f 4545 4587 4337
f 4129 4542 4401
f 4503 4588 4400
f 4344 4547 4503
f 4404 4546 4547
f 4590 4548 4224
f 4590 4224 4277
f 4456 4077 4591
f 4550 4592 4350
f 4593 4552 4508
f 4593 4508 4553
f 4553 4508 4459
f 4350 4592 4356
f 4287 4591 4077
f 4512 4554 4593
f 4512 4593 4553
f 4512 4553 4464
f 4464 4553 4509
f 4594 4463 4361
f 4362 4594 4361
f 4292 4556 4465
f 4468 4081 3750
f 4414 4595 4296
f 4294 4515 4596
f 4365 4558 3954
f 4595 4559 4296
f 4467 4560 4164
f 4365 4366 4597
f 4559 4469 4244
f 4475 4477 4306
f 4304 4478 4518
f 4419 4566 4420
f 4566 4565 4420
f 4424 4566 4423
f 4566 4424 4598
f 4424 4483 4598
f 4520 4599 4482
f 4186 4600 4105
f 4486 4569 4311
f 4310 4258 4523
f 3577 4431 3094
f 4601 4525 4489
f 4602 4525 4601
f 4489 4435 4603
f 4437 4604 4573
f 4604 4437 4192
f 4605 4604 4192
f 4527 4605 4192
f 4606 4260 4384
f 4260 4607 4193
f 4607 4439 4193
f 4575 4493 4263
f 4317 4387 4608
f 4531 4388 4609
f 4609 4388 4321
f 4321 4577 4609
f 4532 4443 4392
f 4533 4322 4610
f 4202 4533 4535
f 4611 4444 4445
f 4204 4611 4445
f 4612 4611 4204
f 4204 4206 4612
f 4581 4612 4206
f 4587 4398 4335
f 4613 4447 4269
f 4448 4614 4498
f 4394 4536 4584
f 4447 4613 4539
f 4540 4615 4499
f 4616 4614 4448
f 4396 4588 4583
f 4448 4334 4617
f 4448 4617 4616
f 4618 4451 4131
f 4065 4501 4211
f 4501 4271 4211
f 4543 4619 4449
f 4449 4619 4402
f 4619 4336 4402
f 4619 4500 4336
f 4500 4617 4334
f 4131 4450 4618
f 4620 4343 4502
f 4503 4621 4588
f 4620 4546 4343
f 4547 4546 4620
f 4453 4541 4622
f 4544 4341 4504
f 4547 4621 4503
f 4504 4406 4623
f 4505 4349 4345
f 4349 4624 4506
f 4549 4625 4353
f 4625 4507 4353
f 4591 4626 4456
f 4552 4627 4551
f 4593 4627 4552
f 4460 4628 4510
f 4554 4627 4593
f 4412 4629 4291
f 4290 4014 4630
f 4631 4514 4291
f 4294 4632 4466
f 4596 4632 4294
f 4365 4597 4558
f 4169 4633 4515
f 4470 4633 4169
f 4366 4561 4597
f 4634 4473 4469
f 4300 4473 4635
f 4300 4635 4563
f 4562 4561 4516
f 4636 4471 4371
f 4637 4371 4373
f 4638 4184 4422
f 4565 4566 4639
f 4375 4640 4373
f 4639 4480 4565
f 4566 4641 4639
f 4425 4376 4642
f 4480 4643 4481
f 4641 4566 4598
f 4520 4481 4643
f 4599 4644 4482
f 4644 4485 4482
f 4521 4485 4645
f 4644 4646 4485
f 4485 4646 4645
f 4523 4647 4310
f 4432 4648 4381
f 4648 4524 4381
f 4524 4649 4382
f 4382 4649 4487
f 4570 4525 4650
f 4434 4651 4488
f 4489 4603 4601
f 4652 4316 4572
f 4435 4491 4653
f 4435 4653 4603
f 4316 4652 4491
f 4606 4607 4260
f 4574 4440 4654
f 4655 4576 4441
f 4529 4656 4530
f 4656 4529 4493
f 4531 4655 4441
f 4530 4608 4387
f 4657 4577 4389
f 4657 4389 4495
f 4495 4658 4657
f 4658 4495 4390
f 4494 4659 4442
f 4443 4660 4390
f 4443 4532 4660
f 4580 4579 4265
f 4610 4322 4578
f 4661 4496 4324
f 4534 4661 4324
f 4662 4582 4398
f 4398 4587 4662
f 4537 4663 4536
f 4586 4664 4338
f 4338 4664 4540
f 4536 4663 4584
f 4499 4615 4589
f 4538 4583 4502
f 4665 4539 4613
f 4583 4620 4502
f 4666 4450 4539
f 4621 4583 4588
f 4667 4401 4542
f 4446 4584 4541
f 4621 4620 4583
f 4584 4668 4541
f 4547 4620 4621
f 4622 4669 4453
f 4453 4669 4505
f 4505 4669 4670
f 4454 4623 4406
f 4670 4349 4505
f 4548 4671 4454
f 4456 4672 4277
f 4673 4549 4457
f 4674 4507 4625
f 4675 4673 4551
f 4673 4457 4551
f 4674 4460 4507
f 4628 4460 4674
f 4356 4592 4676
f 4554 4511 4677
f 4461 4511 4554
f 4287 4463 4678
f 4676 4462 4356
f 4679 4513 4462
f 4680 4288 4154
f 4014 4081 4630
f 4363 4681 4364
f 4681 4414 4364
f 4413 4682 4467
f 4683 4468 4558
f 4467 4682 4560
f 4633 4596 4515
f 4559 4634 4469
f 4634 4635 4473
f 4684 4472 4367
f 4472 4684 4564
f 4636 4685 4471
f 4564 4175 4472
f 4563 4686 4517
f 4518 4687 4562
f 4477 4567 4038
f 4638 4519 4184
f 4427 4425 4688
f 4427 4688 4486
f 4689 4599 4520
f 4645 4483 4521
f 4644 4599 4690
f 4256 4310 4647
f 4570 4691 4523
f 4525 4602 4650
f 4434 4487 4651
f 4651 4571 4488
f 4601 4692 4602
f 4383 4693 4490
f 4492 4606 4384
f 4694 4438 4385
f 4574 4654 4695
f 4654 4440 4576
f 4531 4609 4655
f 4317 4696 4319
f 4494 4319 4696
f 4660 4658 4390
f 4442 4659 4578
f 4579 4697 4532
f 4610 4698 4533
f 4699 4325 4535
f 4700 4325 4699
f 4325 4700 4395
f 4269 4395 4613
f 4498 4614 4537
f 4589 4701 4403
f 4701 4452 4403
f 4501 4702 4271
f 4545 4703 4587
f 4704 4618 4450
f 4667 4543 4401
f 4705 4545 4544
f 4668 4622 4541
f 4671 4623 4454
f 4349 4670 4624
f 4590 4277 4672
f 4626 4672 4456
f 4706 4550 4506
f 4707 4626 4591
f 4551 4627 4675
f 4591 4287 4678
f 4677 4708 4554
f 4627 4554 4708
f 4628 4709 4510
f 4676 4679 4462
f 4710 4594 4362
f 4291 4629 4631
f 4514 4631 4557
f 4465 4711 4363
f 4712 4711 4465
f 4713 4413 4557
f 4414 4681 4595
f 4558 4597 4714
f 4471 4685 4470
f 4597 4561 4715
f 4637 4636 4371
f 4518 4716 4687
f 4418 4717 4475
f 4717 4477 4475
f 4518 4478 4716
f 4373 4640 4637
f 4718 4519 4638
f 4719 4480 4720
f 4720 4480 4639
f 4720 4639 4641
f 4719 4721 4643
f 4719 4643 4480
f 4642 4688 4425
f 4429 4519 4722
f 4723 4641 4598
f 4520 4643 4724
f 4643 4721 4724
f 4483 4725 4598
f 4645 4725 4483
f 4599 4689 4690
f 4726 4644 4690
f 4646 4644 4726
f 4727 4256 4647
f 4600 4312 4105
f 3364 4728 3166
f 4378 4728 3364
f 4522 4648 4432
f 4691 4647 4523
f 4570 4650 4691
f 4383 4571 4693
f 4572 4490 4729
f 4730 4603 4653
f 4491 4731 4653
f 4573 4732 4436
f 4732 4492 4436
f 4733 4527 4526
f 4694 4528 4438
f 4695 4385 4574
f 4734 4439 4607
f 4734 4575 4439
f 4576 4735 4654
f 4493 4736 4656
f 4530 4737 4608
f 4737 4530 4656
f 4577 4738 4609
f 4580 4739 4579
f 4740 4741 4580
f 4580 4496 4740
f 4740 4496 4661
f 4742 4534 4444
f 4743 4535 4533
f 4742 4444 4611
f 4662 4581 4582
f 4664 4744 4540
f 4614 4745 4537
f 4663 4746 4584
f 4701 4747 4452
f 4452 4747 4501
f 4747 4748 4501
f 4666 4704 4450
f 4702 4542 4271
f 4749 4667 4542
f 4617 4500 4750
f 4584 4751 4668
f 4752 4544 4504
f 4753 4752 4504
f 4624 4706 4506
f 4754 4674 4625
f 4549 4754 4625
f 4594 4678 4463
f 4465 4556 4712
f 4683 4755 4081
f 4081 4468 4683
f 4713 4682 4413
f 4595 4756 4559
f 4756 4634 4559
f 4561 4562 4757
f 4635 4758 4563
f 4758 4686 4563
f 4686 4301 4517
f 4418 4301 4759
f 4760 4717 4418
f 4761 4716 4478
f 4484 4429 4722
f 4484 4722 4762
f 4689 4520 4724
f 4724 4763 4689
f 4727 4375 4256
f 4763 4690 4689
f 4764 4725 4645
f 4764 4645 4646
f 4765 4727 4647
f 4690 4766 4726
f 4767 4646 4726
f 3166 4728 4568
f 4766 4767 4726
f 4691 4765 4647
f 4768 4691 4650
f 4602 4769 4650
f 4769 4602 4692
f 4692 4601 4730
f 4730 4601 4603
f 4770 4652 4572
f 4491 4652 4731
f 4605 4771 4604
f 4527 4771 4605
f 4772 4606 4492
f 4526 4528 4733
f 4695 4694 4385
f 4773 4734 4607
f 4493 4575 4736
f 4656 4774 4737
f 4736 4774 4656
f 4775 4608 4737
f 4657 4738 4577
f 4696 4317 4608
f 4660 4776 4658
f 4777 4494 4696
f 4659 4494 4777
f 4697 4660 4532
f 4659 4778 4578
f 4779 4742 4611
f 4535 4743 4699
f 4612 4780 4611
f 4664 4586 4781
f 4781 4744 4664
f 4395 4782 4613
f 4540 4744 4615
f 4703 4662 4587
f 4585 4451 4618
f 4665 4783 4539
f 4783 4666 4539
f 4748 4702 4501
f 4584 4746 4751
f 4784 4542 4702
f 4785 4500 4619
f 4705 4544 4752
f 4668 4669 4622
f 4623 4753 4504
f 4786 4548 4590
f 4672 4786 4590
f 4787 4706 4624
f 4673 4754 4549
f 4674 4788 4628
f 4627 4708 4675
f 4550 4789 4592
f 4628 4788 4709
f 4789 4676 4592
f 4709 4790 4510
f 4510 4790 4511
f 4790 4677 4511
f 4791 4412 4288
f 4466 4710 4362
f 4711 4681 4363
f 4792 4633 4470
f 4470 4685 4792
f 4715 4561 4757
f 4562 4793 4757
f 4794 4636 4637
f 4795 4793 4562
f 4795 4562 4687
f 4686 4759 4301
f 4760 4418 4759
f 4564 4796 4422
f 4638 4422 4796
f 4717 4797 4477
f 4477 4797 4567
f 4797 4798 4567
f 4799 4478 4479
f 4567 4800 4376
f 4801 4640 4375
f 4802 4720 4641
f 4802 4641 4723
f 4721 4803 4724
f 4598 4804 4723
f 4725 4804 4598
f 4688 4805 4486
f 4600 4186 4484
f 4766 4690 4763
f 4767 4806 4646
f 4646 4806 4764
f 4522 4569 4807
f 4380 4433 2684
f 4524 4808 4649
f 4649 4809 4487
f 4810 4692 4730
f 4811 4730 4653
f 4653 4731 4811
f 4730 4811 4810
f 4812 4732 4573
f 4812 4573 4604
f 4732 4772 4492
f 4733 4813 4527
f 4694 4814 4528
f 4576 4655 4735
f 4815 4736 4575
f 4579 4739 4697
f 4741 4739 4580
f 4610 4578 4778
f 4778 4698 4610
f 4816 4533 4698
f 4816 4743 4533
f 4817 4534 4742
f 4779 4611 4780
f 4700 4782 4395
f 4781 4586 4818
f 4819 4615 4744
f 4820 4615 4819
f 4820 4589 4615
f 4745 4663 4537
f 4783 4821 4666
f 4666 4821 4704
f 4617 4822 4616
f 4614 4616 4822
f 4543 4785 4619
f 4823 4750 4500
f 4617 4750 4822
f 4824 4753 4623
f 4825 4670 4669
f 4671 4824 4623
f 4670 4787 4624
f 4626 4826 4672
f 4827 4626 4707
f 4679 4828 4513
f 4513 4828 4829
f 4556 4513 4829
f 4555 4290 4630
f 4711 4830 4681
f 4681 4831 4595
f 4832 4682 4713
f 4595 4831 4756
f 4833 4596 4834
f 4633 4834 4596
f 4634 4835 4635
f 4757 4836 4715
f 4837 4758 4635
f 4838 4794 4637
f 4718 4638 4796
f 4478 4799 4839
f 4798 4800 4567
f 4308 4799 4479
f 4720 4802 4719
f 4804 4802 4723
f 4725 4840 4804
f 4803 4841 4724
f 4763 4724 4841
f 4725 4764 4840
f 4486 4805 4569
f 4842 4766 4763
f 4843 4766 4844
f 4843 4767 4766
f 4843 4806 4767
f 4807 4648 4522
f 4650 4845 4768
f 4808 4809 4649
f 4845 4650 4769
f 4809 4651 4487
f 4846 4571 4651
f 4693 4729 4490
f 4692 4810 4847
f 4770 4572 4729
f 4652 4770 4848
f 4652 4848 4731
f 4731 4849 4811
f 4810 4811 4850
f 4813 4771 4527
f 4814 4733 4528
f 4606 4773 4607
f 4851 4735 4655
f 4815 4575 4734
f 4658 4776 4657
f 4696 4608 4775
f 4852 4776 4660
f 4852 4660 4697
f 4777 4853 4659
f 4853 4778 4659
f 4817 4661 4534
f 4743 4854 4699
f 4700 4699 4855
f 4856 4780 4612
f 4856 4612 4581
f 4662 4857 4581
f 4820 4701 4589
f 4784 4749 4542
f 4785 4823 4500
f 4669 4668 4858
f 4858 4825 4669
f 4825 4859 4670
f 4860 4671 4548
f 4860 4548 4786
f 4786 4672 4826
f 4674 4754 4861
f 4861 4788 4674
f 4706 4789 4550
f 4862 4707 4591
f 4680 4791 4288
f 4556 4829 4712
f 4863 4710 4466
f 4081 4755 4630
f 4712 4864 4711
f 4865 4630 4755
f 4866 4632 4596
f 4833 4866 4596
f 4558 4714 4683
f 4715 4867 4597
f 4868 4687 4716
f 4760 4869 4717
f 4869 4797 4717
f 4870 4718 4796
f 4716 4761 4871
f 4478 4839 4761
f 4640 4872 4637
f 4839 4799 4873
f 4800 4874 4376
f 4874 4642 4376
f 4801 4872 4640
f 4875 4803 4721
f 4875 4721 4719
f 4875 4719 4802
f 4802 4804 4876
f 4375 4727 4801
f 4840 4876 4804
f 4763 4841 4877
f 4842 4763 4877
f 4805 4807 4569
f 4764 4806 4878
f 4766 4842 4879
f 4843 4880 4806
f 4880 4878 4806
f 4765 4691 4881
f 4879 4844 4766
f 4768 4881 4691
f 4882 4524 4648
f 4845 4769 4883
f 4846 4884 4571
f 4571 4884 4693
f 4885 4769 4692
f 4847 4810 4850
f 4731 4848 4849
f 4695 4886 4694
f 4887 4773 4606
f 4609 4851 4655
f 4888 4851 4609
f 4889 4737 4890
f 4737 4774 4890
f 4777 4696 4775
f 4741 4891 4739
f 4892 4741 4740
f 4893 4698 4778
f 4892 4740 4661
f 4698 4894 4816
f 4699 4854 4855
f 4744 4781 4895
f 4819 4744 4895
f 4896 4820 4819
f 4897 4613 4782
f 4586 4585 4818
f 4585 4618 4898
f 4614 4899 4745
f 4663 4745 4900
f 4746 4900 4901
f 4663 4900 4746
f 4613 4902 4665
f 4665 4902 4783
f 4704 4898 4618
f 4667 4903 4543
f 4903 4785 4543
f 4746 4901 4751
f 4904 4703 4545
f 4705 4904 4545
f 4751 4905 4668
f 4905 4858 4668
f 4906 4824 4671
f 4860 4906 4671
f 4670 4859 4787
f 4827 4826 4626
f 4673 4675 4907
f 4675 4708 4907
f 4677 4908 4708
f 4677 4790 4909
f 4910 4911 4912
f 4913 4828 4679
f 4594 4914 4678
f 4911 4915 4912
f 4912 4915 4916
f 4911 4910 4917
f 4680 4154 4555
f 4866 4863 4466
f 4866 4466 4632
f 4681 4830 4831
f 4792 4834 4633
f 4560 4682 4918
f 4867 4714 4597
f 4756 4835 4634
f 4792 4685 4919
f 4560 4918 4367
f 4836 4867 4715
f 4835 4837 4635
f 4367 4918 4684
f 4636 4919 4685
f 4920 4793 4795
f 4758 4921 4686
f 4868 4920 4795
f 4687 4868 4795
f 4922 4868 4716
f 4923 4800 4798
f 4924 4519 4718
f 4642 4925 4688
f 4876 4875 4802
f 4688 4925 4805
f 4765 4926 4727
f 4878 4840 4764
f 4881 4926 4765
f 4842 4927 4879
f 4807 4882 4648
f 3094 4431 4379
f 4928 4808 4524
f 4808 4929 4809
f 4930 4846 4651
f 4769 4885 4883
f 4693 4931 4729
f 4692 4847 4885
f 4849 4848 4932
f 4850 4811 4933
f 4934 4811 4849
f 4933 4811 4934
f 4935 4812 4604
f 4771 4935 4604
f 4936 4772 4732
f 4772 4887 4606
f 4886 4695 4654
f 4937 4654 4735
f 4851 4937 4735
f 4815 4734 4938
f 4738 4888 4609
f 4939 4738 4657
f 4940 4736 4815
f 4941 4736 4940
f 4736 4941 4774
f 4774 4941 4890
f 4942 4697 4739
f 4943 4892 4661
f 4661 4817 4943
f 4944 4743 4816
f 4945 4817 4742
f 4946 4779 4780
f 4780 4856 4946
f 4857 4856 4581
f 4947 4895 4781
f 4700 4948 4782
f 4781 4949 4947
f 4895 4950 4819
f 4896 4819 4950
f 4951 4857 4662
f 4818 4949 4781
f 4951 4662 4703
f 4952 4747 4701
f 4953 4951 4703
f 4897 4902 4613
f 4898 4704 4821
f 4822 4954 4614
f 4614 4954 4899
f 4955 4821 4783
f 4956 4667 4749
f 4901 4905 4751
f 4957 4904 4705
f 4752 4958 4705
f 4825 4858 4959
f 4787 4859 4960
f 4787 4961 4706
f 4708 4962 4907
f 4789 4963 4676
f 4908 4962 4708
f 4964 4676 4963
f 4910 4965 4966
f 4910 4912 4965
f 4964 4913 4676
f 4862 4591 4678
f 4909 4908 4677
f 4913 4679 4676
f 4912 4916 4967
f 4966 4917 4910
f 4968 4916 4915
f 4914 4594 4969
f 4968 4915 4970
f 4969 4594 4710
f 4917 4971 4911
f 4911 4972 4915
f 4970 4915 4972
f 4911 4971 4972
f 4629 4973 4631
f 4682 4832 4918
f 4974 4836 4757
f 4793 4974 4757
f 4975 4564 4684
f 4976 4686 4921
f 4686 4976 4759
f 4716 4977 4922
f 4716 4871 4977
f 4761 4978 4871
f 4838 4637 4979
f 4839 4978 4761
f 4979 4637 4872
f 4926 4801 4727
f 4803 4875 4841
f 4980 4841 4875
f 4876 4840 4981
f 4877 4841 4980
f 4982 4877 4980
f 4878 4981 4840
f 4982 4927 4877
f 4877 4927 4842
f 4880 4983 4878
f 4879 4984 4844
f 4844 4985 4843
f 4768 4986 4881
f 4986 4768 4845
f 4882 4928 4524
f 4930 4651 4809
f 4930 4987 4846
f 4846 4987 4884
f 4988 4848 4770
f 4849 4932 4934
f 4850 4933 4989
f 4935 4990 4812
f 4990 4732 4812
f 4991 4771 4813
f 4991 4813 4992
f 4813 4733 4992
f 4990 4936 4732
f 4993 4694 4886
f 4773 4938 4734
f 4939 4994 4738
f 4939 4657 4776
f 4940 4815 4938
f 4852 4995 4776
f 4942 4852 4697
f 4996 4889 4890
f 4853 4893 4778
f 4893 4894 4698
f 4743 4944 4854
f 4948 4700 4855
f 4949 4997 4947
f 4948 4998 4782
f 4998 4897 4782
f 4820 4952 4701
f 4999 4898 4821
f 4955 4999 4821
f 4667 4956 4903
f 4785 5000 4823
f 5001 4750 4823
f 4904 4953 4703
f 4905 5002 4858
f 4959 4859 4825
f 4906 4860 5003
f 4786 5003 4860
f 4961 5004 4706
f 5004 4789 4706
f 5005 4963 4789
f 5006 4709 4788
f 4967 4965 4912
f 5007 4965 4967
f 5008 4709 5006
f 4709 5009 4790
f 5008 5009 4709
f 4909 4790 5009
f 5010 4712 4829
f 5011 4971 4917
f 4630 5012 4555
f 4971 5013 4972
f 4711 4864 4830
f 5014 4713 4557
f 5015 4833 4834
f 4831 5016 4756
f 4835 4756 5016
f 5017 4834 4792
f 5017 4792 4919
f 4714 4867 4836
f 4684 4918 5018
f 5019 4758 4837
f 4758 5019 4921
f 5020 4974 4793
f 4636 4794 4919
f 4796 4564 4975
f 4759 4976 5021
f 4759 5021 4760
f 5021 4869 4760
f 4797 4869 4798
f 4642 4874 4925
f 4805 4925 5022
f 4875 5023 4980
f 5023 4875 4876
f 5024 4876 4981
f 4484 4762 4600
f 5025 4807 4805
f 4878 5024 4981
f 4983 5024 4878
f 4312 5026 4430
f 4984 4985 4844
f 3500 5027 4378
f 4433 5027 3500
f 4808 5028 4929
f 5029 4845 4883
f 4884 4931 4693
f 4729 5030 4770
f 4848 4988 4932
f 4850 5031 4847
f 4850 4989 5031
f 4989 4933 5032
f 5033 4733 4814
f 5033 4992 4733
f 5034 4814 4694
f 4993 5034 4694
f 4772 4936 5035
f 5035 4887 4772
f 4937 4886 4654
f 4773 4887 5036
f 5036 4938 4773
f 4994 4888 4738
f 4940 5037 4941
f 5038 4775 4737
f 4889 5038 4737
f 4777 4775 5039
f 5040 4889 4996
f 4891 4942 4739
f 5041 4996 4890
f 5042 4943 4817
f 4945 5042 4817
f 4779 4946 5043
f 4948 4855 5044
f 5045 4895 4947
f 5045 5046 4895
f 4950 4895 5047
f 4950 5048 4896
f 4818 4585 5049
f 4952 4748 4747
f 5049 4585 4898
f 4897 5050 4902
f 5051 4784 4702
f 4899 5052 4745
f 5051 5053 4784
f 5053 4749 4784
f 5054 4954 4822
f 4902 4955 4783
f 4749 5053 4956
f 5000 5001 4823
f 4750 5054 4822
f 4958 4957 4705
f 5002 4959 4858
f 4958 4752 4753
f 5055 4753 4824
f 4906 5055 4824
f 4960 4961 4787
f 5004 5005 4789
f 4861 5056 4788
f 4965 5057 4966
f 5056 5006 4788
f 5007 4967 5058
f 4917 4966 5057
f 4967 5059 5058
f 4862 4678 4914
f 5060 4917 5057
f 4967 4916 5059
f 5060 5061 4917
f 4968 4970 5062
f 4970 5063 5062
f 5061 5011 4917
f 4970 4972 5063
f 4863 4969 4710
f 5011 5013 4971
f 5012 4630 4865
f 5064 4830 4864
f 5014 4557 4631
f 5014 4631 4973
f 5017 5015 4834
f 4793 4920 5020
f 5065 4920 4868
f 4870 4796 4975
f 4794 4838 5066
f 4923 4798 4869
f 5067 4874 4800
f 4801 5068 4872
f 4926 5068 4801
f 4926 5069 5068
f 4805 5022 5025
f 4876 5024 5023
f 4881 5069 4926
f 4568 5070 3573
f 5025 5071 4807
f 4880 5072 4983
f 5071 4882 4807
f 5072 4880 4843
f 4845 5073 4986
f 5073 4845 5029
f 4929 4930 4809
f 5074 4883 4885
f 4988 4770 5030
f 5075 4847 5031
f 5076 4934 4932
f 4934 5077 4933
f 5034 5033 4814
f 5078 4886 4937
f 4851 5078 4937
f 5079 4939 4776
f 5080 4940 4938
f 4995 5079 4776
f 5038 5039 4775
f 5081 4941 5037
f 5039 5082 4777
f 4941 5081 4890
f 5082 4853 4777
f 4891 4741 5083
f 5041 4890 5081
f 5084 4894 4893
f 5083 4741 4892
f 4816 4894 5085
f 4944 4816 5085
f 5086 5087 5046
f 4854 4944 5044
f 5045 5086 5046
f 5088 4742 4779
f 5044 4855 4854
f 4895 5046 5047
f 4950 5047 5089
f 5048 4950 5089
f 4997 5045 4947
f 4896 5048 5090
f 5091 4857 4951
f 4952 4820 4896
f 4818 5049 4949
f 5092 4748 4952
f 4748 5093 4702
f 5092 5093 4748
f 4999 5094 4898
f 5094 5049 4898
f 5095 5050 4897
f 4900 5096 4901
f 5001 5054 4750
f 5097 5002 4905
f 4959 5098 4859
f 5055 4958 4753
f 5099 4861 4754
f 5099 4754 4673
f 4907 5099 4673
f 5007 5100 4965
f 5101 4707 4862
f 5057 4965 5100
f 5008 5006 5102
f 4913 5103 4828
f 5104 5103 4913
f 4828 5103 5105
f 4828 5105 4829
f 4916 4968 5106
f 5107 4914 4969
f 5108 5063 4972
f 5010 4864 4712
f 5109 5013 5011
f 4972 5013 5108
f 5110 4863 4866
f 4865 5111 5012
f 5013 5109 5112
f 5113 4830 5064
f 5113 4831 4830
f 5114 4755 4683
f 4832 5115 4918
f 5116 4835 5016
f 5116 4837 4835
f 4836 5117 4714
f 4836 4974 5118
f 4919 4794 5119
f 5018 4975 4684
f 5120 4868 4922
f 4922 4977 5120
f 4871 5121 4977
f 4871 4978 5121
f 4923 5067 4800
f 4978 4839 5122
f 5122 4839 5123
f 4873 5123 4839
f 4519 4924 4722
f 4308 4873 4799
f 4925 5124 5022
f 3573 5070 4104
f 5125 5023 5024
f 4982 5126 4927
f 5125 5024 4983
f 5127 4927 5126
f 4986 5128 4881
f 4600 5026 4312
f 4879 4927 5127
f 4928 5028 4808
f 5028 5129 4929
f 4883 5074 5029
f 4987 5130 4884
f 4884 5131 4931
f 4847 5132 4885
f 5132 4847 5075
f 4934 5076 5077
f 5133 4933 5077
f 4933 5133 5032
f 4935 5134 4990
f 4771 5135 4935
f 5136 5078 4851
f 5080 4938 5036
f 4888 5136 4851
f 5037 4940 5080
f 5137 4995 4852
f 5137 4852 5138
f 5138 4852 4942
f 5138 4942 4891
f 4889 5040 5038
f 5139 5081 5037
f 5140 4891 5083
f 5041 5081 5141
f 5085 4894 5142
f 5086 5143 5041
f 5041 5087 5086
f 5087 5041 5141
f 5088 4945 4742
f 5043 5088 4779
f 5144 5043 4946
f 4856 5144 4946
f 5145 5144 4856
f 4856 5146 5145
f 4856 4857 5146
f 5146 4857 5091
f 5049 5147 4949
f 4998 5095 4897
f 5051 4702 5093
f 4745 5052 4900
f 5148 4951 4953
f 5050 5095 5149
f 4956 5150 4903
f 4903 5151 4785
f 4902 5152 4955
f 5096 4905 4901
f 4904 5148 4953
f 4957 5153 4904
f 5153 4957 5154
f 5098 4960 4859
f 5155 4786 4826
f 4707 5101 4827
f 5056 4861 5099
f 5156 5007 5058
f 4964 5104 4913
f 5157 5057 5100
f 5157 5060 5057
f 5106 5059 4916
f 5105 5010 4829
f 5061 5060 5158
f 5159 5062 5063
f 4968 5062 5106
f 5158 5160 5061
f 5161 4864 5010
f 5061 5160 5011
f 4680 4555 5162
f 4555 5012 5162
f 5161 5064 4864
f 5163 5110 4866
f 4831 5113 5164
f 5163 4866 4833
f 5018 4918 5115
f 5116 5019 4837
f 5118 5117 4836
f 5020 5118 4974
f 5165 4975 5018
f 4868 5166 5065
f 5120 5166 4868
f 5021 5167 4869
f 4869 5167 4923
f 5066 4838 4979
f 5168 5120 4977
f 5067 5169 4874
f 4925 4874 5124
f 4308 5170 4873
f 5171 5172 5173
f 5174 5173 5175
f 4104 5070 4308
f 5128 5069 4881
f 5023 5125 4980
f 5176 4879 5127
f 4879 5176 4984
f 4378 5027 4728
f 4431 4430 5177
f 4928 4882 5178
f 4986 5073 5179
f 5180 4930 4929
f 4884 5130 5131
f 5132 5074 4885
f 4931 5030 4729
f 5181 5132 5075
f 4932 4988 5076
f 4935 5135 5134
f 4991 5135 4771
f 4991 4992 5182
f 5183 4992 5033
f 5034 5183 5033
f 5036 4887 5035
f 5137 5184 4995
f 5140 5138 4891
f 5039 5185 5082
f 5139 5141 5081
f 5142 4894 5084
f 5186 5087 5141
f 5046 5087 5186
f 5046 5186 5047
f 5187 5044 4944
f 5089 5047 5186
f 5086 5045 5188
f 5189 4948 5044
f 4949 5147 4997
f 4948 5189 5190
f 4896 5090 4952
f 4948 5190 4998
f 5191 5091 4951
f 4998 5192 5095
f 5052 5193 4900
f 5050 5194 4902
f 4955 5152 4999
f 5150 5151 4903
f 4785 5151 5000
f 5193 5096 4900
f 5194 5152 4902
f 5096 5097 4905
f 5153 5148 4904
f 5055 5195 4958
f 5196 4906 5003
f 5197 5003 4786
f 5004 5198 5005
f 5199 4826 4827
f 5156 5100 5007
f 5200 5101 4862
f 5058 5059 5201
f 5202 5060 5157
f 5203 4909 5009
f 5204 4862 4914
f 5204 4914 5107
f 5158 5060 5202
f 5205 5107 4969
f 5063 5108 5206
f 5207 5206 5108
f 4969 4863 5208
f 5110 5208 4863
f 4412 5209 4629
f 5209 4973 4629
f 5013 5112 5108
f 5109 5210 5112
f 5163 4833 5211
f 5016 4831 5164
f 5015 5211 4833
f 4683 4714 5212
f 4832 5213 5115
f 5214 5017 4919
f 5117 5212 4714
f 5215 4921 5019
f 5119 5216 4919
f 5217 4976 4921
f 5218 4975 5165
f 5020 4920 5219
f 5219 4920 5065
f 4976 5217 5021
f 5220 5119 4794
f 5220 4794 5066
f 5218 4870 4975
f 4977 5121 5168
f 5221 5067 4923
f 4978 5222 5121
f 5122 5222 4978
f 4718 4870 5223
f 4874 5169 5224
f 5225 5123 4873
f 5224 5124 4874
f 5068 5226 4872
f 5173 5227 5228
f 5171 5229 5230
f 5171 5231 5229
f 5231 5173 5228
f 5231 5171 5173
f 5227 5173 5174
f 5230 5172 5171
f 5172 5175 5173
f 5172 5232 5175
f 5233 5234 5025
f 5235 5126 4982
f 5235 4982 4980
f 5235 4980 5125
f 5025 5234 5071
f 5072 5236 4983
f 5179 5128 4986
f 4984 5176 5237
f 4985 5072 4843
f 5237 5238 4984
f 4985 4984 5238
f 4928 5178 5239
f 4431 5177 4379
f 4379 4433 4380
f 5240 5073 5029
f 4930 5241 4987
f 5074 5240 5029
f 4931 5242 5030
f 5243 5132 5181
f 5077 5076 5244
f 5031 5245 5075
f 5077 5246 5133
f 5247 4990 5134
f 5248 4991 5182
f 5182 4992 5183
f 5249 5034 4993
f 5078 4993 4886
f 5250 5035 4936
f 5251 5036 5035
f 5252 5136 4888
f 5253 4994 4939
f 5079 5253 4939
f 5185 5039 5254
f 5038 5254 5039
f 5040 5254 5038
f 5255 4893 4853
f 5082 5255 4853
f 5256 5141 5139
f 5257 5140 5083
f 5041 5040 4996
f 5257 5083 4892
f 5041 5143 5040
f 5141 5256 5258
f 4943 5257 4892
f 5141 5258 5186
f 5259 4944 5085
f 5259 5260 4944
f 5143 5086 5188
f 5186 5258 5089
f 5045 4997 5188
f 5187 5189 5044
f 5144 5261 5043
f 5262 4952 5090
f 5263 4998 5190
f 5094 4999 5264
f 5191 4951 5148
f 5152 5264 4999
f 5051 5265 5053
f 5000 5266 5001
f 5054 5267 4954
f 5268 5267 5054
f 5002 5269 4959
f 4959 5269 5098
f 5270 4957 4958
f 5270 4958 5195
f 5196 5055 4906
f 4960 5271 4961
f 5197 4786 5155
f 5271 5004 4961
f 5199 5155 4826
f 5101 5199 4827
f 5198 4963 5005
f 5099 4907 5272
f 5099 5273 5056
f 4962 5272 4907
f 5204 5200 4862
f 5157 5274 5202
f 5157 5275 5274
f 5201 5276 5058
f 5008 5277 5009
f 5009 5277 5203
f 5105 5278 5010
f 5279 5159 5280
f 5063 5280 5159
f 5062 5159 5281
f 5281 5106 5062
f 5282 5059 5106
f 5201 5059 5282
f 5206 5280 5063
f 5209 4412 4791
f 5011 5160 5283
f 5011 5283 5109
f 5207 5108 5284
f 5112 5284 5108
f 5213 4832 4713
f 4683 5212 5114
f 5216 5214 4919
f 5116 5215 5019
f 5018 5115 5165
f 5215 5217 4921
f 5120 5285 5286
f 5120 5168 5285
f 5225 5287 5123
f 5122 5123 5287
f 4924 4718 5223
f 5228 5227 5288
f 5288 5227 5289
f 5290 5227 5174
f 5290 5174 5291
f 5292 5172 5230
f 5233 5025 5022
f 5070 5293 4308
f 5172 5292 5294
f 5294 5295 5172
f 5172 5295 5232
f 5175 5291 5174
f 5128 5296 5069
f 5297 5298 5299
f 5300 5299 5298
f 5125 5301 5235
f 4983 5301 5125
f 5301 4983 5236
f 5178 4882 5071
f 5302 4728 5027
f 5072 4985 5303
f 5027 4433 5302
f 5177 5304 4379
f 4379 5304 4433
f 4928 5239 5028
f 5240 5305 5073
f 5180 5241 4930
f 5132 5243 5074
f 5243 5181 5306
f 5181 5075 5245
f 5244 5246 5077
f 5031 4989 5307
f 5245 5031 5307
f 4990 5247 4936
f 5248 5135 4991
f 5308 4993 5078
f 5308 5078 5136
f 4994 5252 4888
f 5184 5079 4995
f 5309 5037 5080
f 5310 5259 5085
f 5311 4943 5042
f 5042 4945 5311
f 5260 5187 4944
f 5312 4945 5088
f 5088 5043 5261
f 5048 5262 5090
f 5313 5190 5189
f 5147 5049 5314
f 5093 5092 5315
f 5316 5146 5091
f 5094 5314 5049
f 5191 5316 5091
f 5093 5317 5051
f 5192 4998 5263
f 5265 5318 5053
f 5053 5318 4956
f 4956 5318 5150
f 5052 4899 5319
f 5192 5149 5095
f 5151 5320 5000
f 5320 5266 5000
f 5001 5268 5054
f 5149 5321 5050
f 5050 5321 5194
f 5270 5154 4957
f 5196 5195 5055
f 5198 5322 4963
f 5323 4963 5322
f 5323 4964 4963
f 5100 5324 5157
f 5325 5273 5099
f 5103 5104 4964
f 5326 5157 5324
f 5276 5156 5058
f 5157 5326 5275
f 4908 5327 4962
f 4908 5328 5327
f 4909 5328 4908
f 5280 5275 5279
f 5008 5102 5277
f 5329 5274 5275
f 5329 5275 5280
f 5206 5329 5280
f 5330 5201 5282
f 5331 5282 5106
f 5010 5278 5332
f 5332 5161 5010
f 5208 5205 4969
f 5160 5333 5283
f 5334 5113 5064
f 5284 5112 5335
f 5283 5336 5109
f 5210 5109 5336
f 5112 5210 5335
f 5337 4865 4755
f 5114 5337 4755
f 5016 5164 5338
f 5116 5016 5338
f 5339 5118 5020
f 5339 5020 5219
f 5065 5340 5219
f 5166 5340 5065
f 5341 5167 5021
f 5286 5166 5120
f 5286 5285 5342
f 5221 4923 5167
f 5168 5343 5285
f 5121 5344 5168
f 5222 5344 5121
f 5226 4979 4872
f 5228 5345 5346
f 5345 5228 5347
f 5347 5228 5288
f 5228 5346 5348
f 5349 5288 5289
f 5231 5228 5348
f 5289 5350 5349
f 5351 5230 5229
f 5351 5229 5348
f 5348 5229 5231
f 5352 5022 5124
f 5227 5290 5353
f 5227 5353 5289
f 5289 5353 5350
f 5233 5022 5352
f 5354 5294 5292
f 5297 5294 5354
f 5298 5355 5356
f 5298 5357 5355
f 5357 5298 5297
f 5291 5358 5359
f 5356 5360 5361
f 5297 5362 5294
f 5294 5362 5295
f 5232 5358 5175
f 5175 5358 5291
f 5356 5300 5298
f 5297 5299 5362
f 5295 5363 5232
f 5361 5300 5356
f 5299 5364 5362
f 5234 5178 5071
f 5361 5365 5300
f 5361 5366 5365
f 5300 5365 5299
f 5299 5365 5364
f 5179 5296 5128
f 4600 5367 5026
f 5368 4568 4728
f 5073 5369 5179
f 4430 5026 5177
f 5129 5180 4929
f 5241 5130 4987
f 5243 5370 5074
f 5131 5371 4931
f 5306 5372 5243
f 5242 4988 5030
f 5076 4988 5373
f 5076 5373 5374
f 5374 5244 5076
f 5375 5032 5133
f 4989 5032 5307
f 5134 5135 5376
f 5377 5183 5034
f 5251 5035 5250
f 5080 5036 5251
f 5184 5253 5079
f 5378 5140 5257
f 5379 5084 4893
f 5255 5379 4893
f 5380 5185 5254
f 5142 5310 5085
f 5381 5040 5143
f 5311 5257 4943
f 5259 5382 5260
f 5311 4945 5312
f 5188 5383 5143
f 5384 5383 5188
f 5189 5187 5385
f 4997 5384 5188
f 5147 5384 4997
f 5386 5261 5144
f 5145 5386 5144
f 5092 4952 5262
f 5315 5317 5093
f 5263 5190 5313
f 5265 5051 5317
f 5318 5387 5150
f 5388 5192 5263
f 5267 5319 4954
f 4954 5319 4899
f 5194 5389 5152
f 5266 5268 5001
f 5390 5096 5193
f 5390 5391 5096
f 5096 5391 5097
f 5391 5392 5097
f 5191 5148 5393
f 5392 5002 5097
f 5148 5153 5393
f 5002 5392 5269
f 5394 5098 5269
f 5395 4960 5098
f 5396 5196 5003
f 5003 5197 5396
f 5197 5155 5397
f 4964 5323 5103
f 5324 5100 5156
f 5272 4962 5398
f 5399 5156 5276
f 5105 5103 5400
f 5401 5006 5056
f 5401 5102 5006
f 5402 5159 5279
f 5281 5159 5402
f 5274 5403 5202
f 5329 5403 5274
f 5281 5331 5106
f 5282 5331 5404
f 5405 5160 5158
f 5405 5158 5202
f 5206 5403 5329
f 5406 5403 5206
f 5207 5406 5206
f 5161 5334 5064
f 5163 5208 5110
f 4791 4680 5407
f 5113 5334 5408
f 5164 5113 5408
f 5162 5012 5111
f 5409 5211 5015
f 5410 5116 5338
f 5017 5214 5015
f 5216 5411 5214
f 5212 5117 5412
f 5413 5117 5118
f 5118 5339 5413
f 5339 5219 5414
f 5341 5021 5217
f 5415 5340 5166
f 5286 5415 5166
f 5416 5286 5342
f 5342 5285 5417
f 5343 5417 5285
f 5343 5418 5417
f 5419 4870 5420
f 5222 5122 5287
f 5223 4870 5419
f 5347 5288 5421
f 5422 5421 5288
f 5288 5349 5422
f 5348 5346 5423
f 5351 5424 5230
f 5425 5230 5424
f 5292 5230 5425
f 5426 5353 5290
f 5427 5353 5426
f 5427 5350 5353
f 5069 5428 5068
f 5293 5170 4308
f 5292 5425 5429
f 5429 5354 5292
f 5290 5291 5359
f 5290 5359 5430
f 5357 5297 5354
f 5360 5356 5355
f 5361 5360 5431
f 4600 4762 5432
f 5433 5232 5363
f 5232 5433 5358
f 5363 5295 5362
f 5434 5362 5364
f 5362 5434 5363
f 5368 5070 4568
f 5366 5431 5435
f 5366 5361 5431
f 5126 5436 5127
f 5366 5437 5365
f 5365 5437 5364
f 5179 5369 5296
f 5127 5436 5176
f 5302 5368 4728
f 5438 5072 5303
f 4985 5238 5303
f 5177 5439 5440
f 5440 5304 5177
f 5305 5441 5073
f 5180 5442 5241
f 5240 5074 5443
f 5370 5243 5444
f 5243 5372 5444
f 5371 5242 4931
f 5242 5445 4988
f 5445 5373 4988
f 5306 5181 5446
f 5446 5181 5245
f 5249 5447 5034
f 5250 4936 5247
f 5448 5252 4994
f 5448 4994 5253
f 5037 5309 5449
f 5137 5450 5184
f 5037 5449 5139
f 5451 5256 5139
f 5084 5379 5452
f 5452 5142 5084
f 5453 5255 5082
f 5453 5082 5185
f 5380 5254 5381
f 5381 5254 5040
f 5310 5382 5259
f 5089 5258 5454
f 5385 5187 5260
f 5089 5454 5048
f 5262 5048 5454
f 5455 5189 5385
f 5147 5314 5384
f 5455 5313 5189
f 5456 5145 5146
f 5094 5457 5314
f 5458 5263 5313
f 5264 5457 5094
f 5150 5387 5151
f 5459 5193 5052
f 5152 5389 5264
f 5393 5153 5460
f 5153 5154 5460
f 5461 5395 5098
f 4960 5395 5271
f 5004 5271 5462
f 5004 5462 5198
f 5199 5397 5155
f 5463 5199 5101
f 5200 5463 5101
f 5399 5276 5464
f 5327 5398 4962
f 5273 5401 5056
f 5204 5465 5200
f 5402 5279 5466
f 5467 5277 5102
f 5467 5203 5277
f 5468 5107 5205
f 5332 5469 5161
f 5403 5405 5202
f 5403 5470 5405
f 5470 5403 5406
f 5334 5161 5469
f 5405 5333 5160
f 5333 5471 5283
f 5407 4680 5162
f 5407 5162 5472
f 5283 5471 5473
f 5474 5336 5283
f 5474 5283 5473
f 5338 5164 5408
f 5409 5015 5214
f 5410 5215 5116
f 5414 5219 5340
f 5167 5341 5475
f 5416 5415 5286
f 5475 5221 5167
f 5420 4870 5218
f 5476 5344 5222
f 5477 5417 5418
f 5168 5344 5343
f 5225 5478 5287
f 5479 5480 5345
f 5346 5480 5423
f 5480 5346 5345
f 5345 5347 5479
f 5479 5347 5421
f 5224 5352 5124
f 5349 5350 5481
f 5482 5351 5348
f 5482 5483 5351
f 5423 5482 5348
f 5350 5484 5481
f 5068 5428 5226
f 5350 5427 5484
f 5290 5430 5426
f 5355 5429 5485
f 5357 5429 5355
f 5429 5357 5354
f 5358 5486 5359
f 5431 5487 5488
f 5487 5431 5360
f 5489 5488 5490
f 5363 5491 5433
f 5488 5489 5431
f 5491 5363 5434
f 5368 5492 5070
f 5489 5435 5431
f 5364 5493 5434
f 5366 5435 5494
f 5437 5366 5494
f 5437 5493 5364
f 5236 5495 5301
f 5072 5495 5236
f 5496 5368 5302
f 5441 5369 5073
f 5237 5176 5497
f 5239 5498 5028
f 5240 5443 5499
f 5240 5499 5305
f 5370 5443 5074
f 5130 5500 5131
f 5501 5372 5306
f 5244 5374 5502
f 5246 5244 5502
f 5503 5245 5307
f 5245 5503 5446
f 5133 5246 5504
f 5133 5504 5375
f 5032 5375 5307
f 5505 5247 5134
f 5135 5248 5376
f 5447 5377 5034
f 5250 5247 5505
f 5249 4993 5308
f 5506 5507 5136
f 5252 5506 5136
f 5252 5448 5506
f 5508 5450 5137
f 5451 5139 5449
f 5137 5138 5508
f 5509 5379 5255
f 5453 5509 5255
f 5258 5256 5510
f 5380 5511 5185
f 5512 5257 5311
f 5380 5381 5513
f 5513 5381 5143
f 5258 5510 5454
f 5514 5513 5143
f 5383 5514 5143
f 5312 5515 5311
f 5454 5516 5262
f 5383 5384 5517
f 5088 5518 5312
f 5088 5261 5518
f 5516 5092 5262
f 5516 5315 5092
f 5314 5517 5384
f 5146 5316 5456
f 5313 5519 5458
f 5317 5520 5265
f 5520 5318 5265
f 5316 5191 5521
f 5387 5320 5151
f 5319 5522 5052
f 5458 5523 5263
f 5459 5390 5193
f 5388 5263 5523
f 5524 5388 5523
f 5388 5525 5192
f 5525 5149 5192
f 5391 5390 5526
f 5393 5521 5191
f 5154 5527 5460
f 5394 5269 5528
f 5154 5270 5527
f 5461 5098 5394
f 5270 5195 5529
f 5397 5199 5530
f 5322 5531 5323
f 5530 5199 5463
f 5532 5324 5156
f 5399 5532 5156
f 5326 5533 5275
f 5534 5278 5105
f 5275 5533 5279
f 5533 5466 5279
f 5465 5204 5535
f 5536 5276 5201
f 5534 5332 5278
f 5102 5401 5537
f 5107 5468 5204
f 5537 5467 5102
f 5538 4909 5203
f 5467 5538 5203
f 5404 5330 5282
f 5404 5331 5539
f 5540 5205 5208
f 5207 5541 5406
f 5284 5541 5207
f 5542 5210 5336
f 5210 5542 5335
f 5410 5338 5543
f 5214 5411 5544
f 5545 5215 5546
f 5547 5115 5213
f 5545 5217 5215
f 5413 5412 5117
f 5217 5545 5548
f 5119 5549 5216
f 5550 5413 5339
f 5414 5550 5339
f 5551 5340 5415
f 5067 5221 5552
f 5553 5220 5066
f 5553 5066 4979
f 5554 5287 5478
f 5287 5554 5222
f 5222 5554 5555
f 5555 5476 5222
f 5344 5418 5343
f 5225 5556 5478
f 5225 4873 5556
f 5422 5349 5557
f 5349 5481 5557
f 5424 5351 5483
f 5424 5558 5425
f 5484 5427 5559
f 5558 5560 5425
f 5426 5561 5427
f 5560 5429 5425
f 5430 5359 5486
f 5562 5485 5429
f 5485 5360 5355
f 5069 5296 5563
f 5070 5492 5293
f 5490 5488 5564
f 5564 5488 5487
f 5433 5565 5358
f 5491 5565 5433
f 5490 5566 5489
f 5567 5178 5234
f 5568 5489 5566
f 5569 5126 5235
f 5569 5235 5570
f 5570 5235 5301
f 5432 5367 4600
f 5436 5126 5569
f 5489 5571 5435
f 5435 5571 5494
f 5494 5572 5437
f 5437 5572 5493
f 5438 5495 5072
f 5176 5573 5497
f 5574 5439 5177
f 5498 5129 5028
f 5441 5305 5499
f 5575 5444 5372
f 5372 5501 5575
f 5446 5576 5306
f 5373 5577 5374
f 5446 5578 5576
f 5579 5502 5374
f 5246 5502 5504
f 5134 5580 5505
f 5580 5134 5376
f 5581 5376 5248
f 5581 5248 5182
f 5582 5249 5308
f 5507 5582 5308
f 5507 5308 5136
f 5448 5253 5583
f 5584 5309 5080
f 5184 5583 5253
f 5585 5508 5138
f 5138 5140 5585
f 5378 5585 5140
f 5510 5256 5451
f 5512 5378 5257
f 5586 5310 5142
f 5586 5142 5452
f 5453 5185 5511
f 5513 5511 5380
f 5512 5311 5587
f 5515 5587 5311
f 5515 5312 5588
f 5588 5312 5518
f 5518 5261 5589
f 5261 5386 5589
f 5590 5317 5315
f 5591 5313 5455
f 5386 5145 5592
f 5145 5456 5592
f 5593 5520 5317
f 5594 5318 5520
f 5318 5594 5387
f 5268 5595 5267
f 5267 5596 5319
f 5522 5319 5596
f 5522 5459 5052
f 5459 5526 5390
f 5597 5523 5458
f 5149 5598 5321
f 5598 5194 5321
f 5528 5269 5392
f 5270 5529 5527
f 5599 5271 5395
f 5599 5462 5271
f 5196 5600 5195
f 5601 5198 5462
f 5601 5322 5198
f 5602 5396 5197
f 5397 5602 5197
f 5323 5531 5103
f 5400 5103 5531
f 5099 5272 5325
f 5105 5400 5534
f 5324 5533 5326
f 5533 5324 5532
f 5465 5463 5200
f 5468 5535 5204
f 5536 5201 5603
f 5603 5201 5330
f 5205 5604 5468
f 5469 5605 5334
f 5333 5405 5606
f 5606 5471 5333
f 5338 5408 5543
f 4713 5014 5607
f 5607 5213 4713
f 5546 5215 5410
f 5548 5341 5217
f 5608 5549 5119
f 5609 5550 5414
f 5610 5609 5414
f 5610 5414 5340
f 5220 5608 5119
f 5552 5611 5067
f 5611 5169 5067
f 5224 5169 5611
f 5476 5612 5344
f 5418 5344 5612
f 5613 5553 4979
f 5480 5479 5614
f 5615 5479 5421
f 5616 5421 5422
f 5423 5480 5614
f 5352 5224 5617
f 5614 5482 5423
f 5617 5618 5352
f 5430 5619 5426
f 5426 5619 5561
f 5618 5233 5352
f 5428 5069 5563
f 5560 5562 5429
f 5618 5620 5233
f 5621 5487 5360
f 5485 5621 5360
f 5620 5234 5233
f 5622 5490 5564
f 5486 5358 5623
f 5565 5623 5358
f 5234 5620 5567
f 5491 5624 5565
f 5625 5626 5566
f 5434 5627 5491
f 5627 5624 5491
f 5626 5628 5566
f 5626 5629 5628
f 5566 5628 5568
f 5493 5627 5434
f 5630 5627 5493
f 5368 5631 5492
f 5626 5632 5629
f 5571 5489 5568
f 5633 5572 5494
f 5572 5630 5493
f 5176 5436 5634
f 5634 5573 5176
f 5631 5368 5496
f 5369 5441 5635
f 5026 5574 5177
f 5303 5238 5636
f 4433 5637 5302
f 5180 5638 5442
f 5639 5499 5443
f 5442 5640 5241
f 5130 5241 5640
f 5370 5641 5443
f 5444 5641 5370
f 5640 5500 5130
f 5444 5575 5642
f 5306 5576 5501
f 5445 5643 5373
f 5643 5577 5373
f 5578 5446 5503
f 5183 5377 5644
f 5447 5644 5377
f 5645 5447 5249
f 5646 5581 5182
f 5645 5249 5582
f 5250 5647 5251
f 5584 5080 5251
f 5648 5583 5184
f 5450 5648 5184
f 5452 5379 5509
f 5649 5382 5310
f 5586 5649 5310
f 5510 5650 5454
f 5651 5385 5260
f 5517 5514 5383
f 5650 5516 5454
f 5314 5457 5652
f 5386 5653 5589
f 5317 5590 5593
f 5386 5592 5653
f 5519 5313 5591
f 5594 5654 5387
f 5655 5264 5389
f 5457 5264 5655
f 5456 5316 5656
f 5316 5521 5656
f 5519 5597 5458
f 5526 5657 5391
f 5149 5525 5598
f 5524 5658 5388
f 5525 5388 5658
f 5391 5659 5392
f 5521 5393 5656
f 5656 5393 5460
f 5195 5600 5529
f 5600 5196 5660
f 5196 5396 5660
f 5601 5661 5322
f 5661 5531 5322
f 5662 5530 5463
f 5464 5532 5399
f 5663 5532 5464
f 5536 5464 5276
f 5469 5332 5534
f 4909 5664 5328
f 5281 5539 5331
f 5334 5605 5408
f 5665 5408 5605
f 5330 5404 5666
f 5540 5604 5205
f 5540 5208 5667
f 5667 5208 5163
f 5668 5284 5335
f 5668 5335 5542
f 5211 5667 5163
f 5669 5667 5211
f 5410 5543 5670
f 5336 5671 5542
f 5410 5670 5546
f 5549 5411 5216
f 5412 5413 5672
f 5673 5610 5340
f 5673 5340 5551
f 5552 5221 5475
f 5554 5674 5555
f 5675 5554 5478
f 5555 5674 5476
f 5417 5676 5342
f 5418 5612 5677
f 5418 5677 5477
f 5226 5613 4979
f 5616 5615 5421
f 5557 5616 5422
f 5678 5617 5224
f 5170 5556 4873
f 5679 5482 5614
f 5484 5680 5481
f 5424 5483 5681
f 5483 5679 5681
f 5482 5679 5483
f 5559 5680 5484
f 5681 5558 5424
f 5682 5558 5681
f 5683 5619 5430
f 5682 5560 5558
f 5486 5684 5430
f 5430 5684 5683
f 5685 5485 5562
f 5685 5686 5485
f 5621 5622 5487
f 5686 5621 5485
f 5622 5564 5487
f 5486 5623 5684
f 5490 5622 5687
f 5566 5687 5625
f 5625 5687 5688
f 5687 5566 5490
f 5625 5688 5689
f 5565 5624 5690
f 5689 5626 5625
f 5569 5634 5436
f 5626 5689 5632
f 5571 5568 5628
f 5571 5633 5494
f 5633 5691 5572
f 5572 5691 5630
f 5692 5178 5567
f 5178 5692 5239
f 5693 5497 5573
f 5694 5495 5438
f 5695 5498 5239
f 5498 5696 5129
f 5697 5496 5302
f 5696 5698 5129
f 5698 5180 5129
f 5638 5180 5698
f 5642 5641 5444
f 5371 5131 5500
f 5577 5579 5374
f 5503 5699 5578
f 5700 5503 5307
f 5504 5701 5375
f 5700 5307 5375
f 5183 5644 5702
f 5703 5505 5580
f 5702 5182 5183
f 5703 5250 5505
f 5646 5182 5702
f 5647 5250 5703
f 5704 5582 5507
f 5584 5251 5647
f 5584 5705 5309
f 5309 5705 5449
f 5585 5378 5706
f 5586 5707 5649
f 5382 5708 5260
f 5587 5709 5512
f 5708 5651 5260
f 5514 5710 5513
f 5514 5517 5711
f 5712 5455 5385
f 5516 5713 5315
f 5314 5652 5517
f 5591 5455 5712
f 5714 5387 5654
f 5387 5714 5320
f 5456 5715 5592
f 5457 5655 5716
f 5320 5717 5266
f 5595 5596 5267
f 5718 5389 5194
f 5194 5598 5718
f 5657 5659 5391
f 5658 5719 5525
f 5720 5656 5460
f 5721 5394 5528
f 5461 5394 5721
f 5527 5722 5460
f 5527 5723 5722
f 5529 5723 5527
f 5600 5723 5529
f 5400 5531 5724
f 5400 5725 5726
f 5400 5726 5534
f 5327 5727 5398
f 5728 5533 5532
f 5729 5535 5468
f 5730 5281 5402
f 5729 5468 5604
f 5330 5731 5603
f 5537 5732 5467
f 5732 5733 5467
f 5467 5733 5538
f 5539 5734 5404
f 5731 5330 5666
f 5665 5735 5408
f 5404 5734 5666
f 5736 5606 5405
f 5541 5737 5406
f 5406 5737 5470
f 5735 5738 5408
f 5408 5738 5543
f 5739 5209 4791
f 5739 4791 5407
f 5738 5670 5543
f 5740 5474 5473
f 5336 5474 5740
f 5669 5211 5409
f 5409 5214 5544
f 5545 5546 5741
f 5742 5341 5548
f 5742 5475 5341
f 5550 5672 5413
f 5550 5743 5672
f 5743 5550 5609
f 5744 5609 5610
f 5745 5673 5551
f 5745 5551 5415
f 5745 5415 5746
f 5415 5416 5747
f 5748 5554 5749
f 5554 5675 5749
f 5342 5676 5416
f 5674 5750 5476
f 5611 5678 5224
f 5476 5750 5612
f 5751 5477 5677
f 5615 5616 5752
f 5557 5753 5616
f 5754 5615 5752
f 5755 5557 5481
f 5428 5756 5226
f 5757 5614 5479
f 5757 5479 5615
f 5757 5615 5754
f 5614 5758 5679
f 5758 5614 5757
f 5755 5481 5680
f 5757 5683 5758
f 5679 5759 5681
f 5760 5679 5758
f 5760 5758 5683
f 5761 5619 5683
f 5684 5760 5683
f 5561 5762 5427
f 5560 5682 5763
f 5560 5764 5562
f 5763 5764 5560
f 5684 5765 5760
f 5766 5685 5562
f 5766 5562 5764
f 5293 5492 5170
f 5684 5767 5765
f 5623 5767 5684
f 5768 5565 5690
f 5565 5768 5623
f 5623 5768 5767
f 5369 5563 5296
f 5769 5689 5688
f 5631 5770 5492
f 5771 5689 5769
f 5772 5689 5771
f 5627 5630 5773
f 5635 5774 5369
f 5691 5773 5630
f 5775 5772 5776
f 5775 5777 5772
f 5772 5777 5689
f 5689 5777 5632
f 5628 5629 5778
f 5778 5779 5628
f 5628 5780 5571
f 5779 5780 5628
f 5780 5781 5571
f 5571 5781 5633
f 5632 5778 5629
f 5692 5782 5239
f 5782 5695 5239
f 5303 5694 5438
f 5497 5783 5237
f 5237 5783 5238
f 5783 5636 5238
f 5499 5784 5441
f 5440 5439 5785
f 5443 5641 5639
f 5445 5242 5786
f 5787 5643 5445
f 5501 5576 5788
f 5504 5502 5789
f 5790 5580 5376
f 5704 5507 5791
f 5791 5507 5506
f 5792 5506 5448
f 5448 5583 5792
f 5450 5508 5793
f 5705 5451 5449
f 5705 5794 5451
f 5795 5508 5585
f 5510 5451 5794
f 5509 5453 5796
f 5378 5512 5709
f 5511 5796 5453
f 5797 5796 5511
f 5513 5710 5511
f 5798 5712 5385
f 5517 5652 5711
f 5315 5713 5590
f 5799 5518 5589
f 5520 5593 5800
f 5801 5520 5800
f 5654 5594 5801
f 5594 5520 5801
f 5714 5717 5320
f 5717 5268 5266
f 5717 5595 5268
f 5715 5456 5656
f 5597 5802 5523
f 5803 5392 5659
f 5720 5460 5804
f 5460 5722 5804
f 5600 5805 5723
f 5661 5601 5806
f 5661 5724 5531
f 5805 5600 5807
f 5660 5807 5600
f 5724 5725 5400
f 5396 5602 5660
f 5602 5397 5808
f 5530 5809 5397
f 5397 5809 5808
f 5809 5530 5662
f 5272 5398 5325
f 5726 5469 5534
f 5810 5663 5464
f 5327 5328 5727
f 5533 5728 5466
f 5811 5401 5273
f 5605 5469 5812
f 5812 5665 5605
f 5538 5664 4909
f 5281 5730 5539
f 5665 5813 5735
f 5405 5470 5736
f 5541 5284 5668
f 5740 5671 5336
f 5549 5814 5411
f 5743 5815 5672
f 5816 5743 5609
f 5610 5673 5817
f 5816 5609 5744
f 5749 5815 5743
f 5749 5743 5748
f 5748 5743 5816
f 5748 5816 5818
f 5747 5746 5415
f 5554 5748 5818
f 5818 5674 5554
f 5676 5747 5416
f 5819 5553 5613
f 5612 5750 5820
f 5477 5676 5417
f 5820 5677 5612
f 5821 5754 5752
f 5761 5757 5754
f 5754 5821 5761
f 5683 5757 5761
f 5822 4924 5223
f 5823 5681 5759
f 5561 5619 5824
f 5824 5762 5561
f 5427 5825 5559
f 5762 5825 5427
f 5681 5823 5682
f 5679 5760 5759
f 5826 5682 5823
f 5765 5759 5760
f 5618 5827 5620
f 5763 5682 5826
f 4924 5828 4722
f 5492 5829 5170
f 5766 5686 5685
f 5826 5830 5763
f 4762 4722 5828
f 5621 5831 5622
f 5832 5831 5621
f 5621 5686 5832
f 5833 5686 5766
f 5768 5830 5826
f 5768 5826 5767
f 5690 5834 5768
f 5369 5774 5563
f 5834 5624 5627
f 5624 5834 5690
f 5771 5776 5772
f 5835 5633 5781
f 5835 5836 5633
f 5633 5836 5691
f 5691 5836 5773
f 5570 5301 5837
f 5301 5495 5837
f 5838 5839 5840
f 5841 5839 5838
f 5841 5842 5839
f 5775 5776 5842
f 5777 5775 5843
f 5844 5632 5777
f 5632 5844 5778
f 5841 5845 5842
f 5775 5842 5845
f 5843 5846 5777
f 5777 5846 5844
f 5694 5837 5495
f 5840 5847 5838
f 5841 5838 5845
f 5848 5840 5849
f 5840 5848 5847
f 5631 5496 5850
f 5440 5851 5304
f 5639 5852 5499
f 5642 5575 5853
f 5500 5854 5371
f 5371 5854 5242
f 5853 5575 5501
f 5853 5501 5855
f 5855 5501 5788
f 5643 5787 5577
f 5576 5578 5856
f 5502 5579 5789
f 5503 5857 5699
f 5447 5858 5644
f 5702 5644 5859
f 5790 5376 5581
f 5791 5506 5792
f 5860 5584 5647
f 5583 5648 5861
f 5793 5648 5450
f 5795 5793 5508
f 5649 5862 5382
f 5863 5586 5452
f 5863 5452 5796
f 5796 5452 5509
f 5378 5709 5706
f 5862 5708 5382
f 5650 5510 5794
f 5710 5797 5511
f 5650 5864 5516
f 5587 5515 5865
f 5651 5798 5385
f 5516 5864 5713
f 5515 5588 5866
f 5588 5518 5866
f 5590 5867 5593
f 5518 5799 5866
f 5868 5457 5716
f 5457 5868 5652
f 5589 5653 5799
f 5869 5870 5459
f 5459 5870 5526
f 5870 5657 5526
f 5653 5871 5872
f 5871 5653 5592
f 5871 5592 5715
f 5525 5873 5598
f 5525 5719 5873
f 5528 5392 5803
f 5523 5802 5524
f 5721 5528 5874
f 5875 5461 5721
f 5876 5395 5461
f 5599 5395 5876
f 5877 5804 5722
f 5878 5724 5661
f 5878 5725 5724
f 5725 5879 5726
f 5469 5726 5812
f 5728 5532 5663
f 5811 5273 5325
f 5465 5662 5463
f 5880 5662 5465
f 5536 5810 5464
f 5466 5881 5402
f 5665 5812 5813
f 5881 5730 5402
f 5811 5537 5401
f 5882 5537 5811
f 5882 5883 5537
f 5735 5813 5884
f 5731 5885 5603
f 5883 5732 5537
f 5730 5734 5539
f 5604 5540 5886
f 5734 5887 5666
f 5738 5735 5888
f 5889 5606 5736
f 5470 5737 5736
f 5889 5890 5606
f 5606 5890 5471
f 5472 5891 5407
f 5473 5471 5892
f 5893 5546 5670
f 5740 5473 5894
f 5895 5669 5409
f 5671 5896 5542
f 5545 5741 5897
f 5548 5545 5897
f 5897 5742 5548
f 5814 5898 5411
f 5475 5742 5899
f 5900 5814 5549
f 5549 5608 5900
f 5817 5744 5610
f 5552 5901 5611
f 5902 5815 5749
f 5675 5902 5749
f 5903 5818 5816
f 5904 5611 5901
f 5818 5903 5674
f 5904 5678 5611
f 5674 5903 5750
f 5676 5905 5747
f 5905 5676 5477
f 5906 5477 5751
f 5905 5477 5906
f 5753 5907 5616
f 5907 5752 5616
f 5908 5617 5678
f 5824 5761 5821
f 5618 5617 5908
f 5619 5761 5824
f 5825 5680 5559
f 5765 5823 5759
f 5828 4924 5822
f 5764 5909 5766
f 5909 5764 5763
f 5763 5830 5909
f 5767 5826 5823
f 5767 5823 5765
f 5766 5910 5833
f 5910 5766 5909
f 5831 5911 5622
f 5686 5833 5832
f 5834 5909 5830
f 5834 5830 5768
f 5911 5912 5688
f 5911 5688 5687
f 5911 5687 5622
f 5832 5833 5913
f 5913 5833 5914
f 5914 5833 5910
f 5912 5769 5688
f 5915 5567 5620
f 5769 5912 5771
f 5627 5916 5834
f 5836 5916 5773
f 5773 5916 5627
f 5836 5835 5916
f 5915 5692 5567
f 5776 5771 5917
f 5918 5634 5569
f 5779 5919 5780
f 5920 5840 5839
f 5917 5839 5842
f 5917 5842 5776
f 5921 5919 5778
f 5779 5778 5919
f 5778 5844 5921
f 5920 5849 5840
f 5922 5920 5923
f 5922 5849 5920
f 5775 5845 5843
f 5303 5924 5694
f 5849 5922 5848
f 5925 5838 5847
f 5925 5845 5838
f 5845 5925 5926
f 5924 5303 5636
f 5441 5784 5635
f 5852 5784 5499
f 5440 5785 5851
f 5927 5304 5851
f 4433 5304 5637
f 5639 5641 5928
f 5641 5929 5928
f 5638 5930 5442
f 5442 5930 5640
f 5788 5576 5856
f 5931 5578 5699
f 5504 5789 5701
f 5700 5375 5701
f 5932 5503 5700
f 5858 5447 5645
f 5933 5858 5645
f 5933 5645 5934
f 5703 5580 5935
f 5646 5790 5581
f 5703 5936 5647
f 5647 5936 5860
f 5792 5583 5937
f 5937 5583 5861
f 5861 5648 5793
f 5705 5938 5794
f 5939 5795 5585
f 5940 5939 5585
f 5585 5706 5940
f 5863 5707 5586
f 5938 5650 5794
f 5706 5709 5941
f 5650 5938 5864
f 5942 5651 5708
f 5709 5587 5865
f 5711 5710 5514
f 5942 5798 5651
f 5865 5515 5866
f 5713 5867 5590
f 5652 5868 5711
f 5800 5593 5867
f 5654 5801 5943
f 5654 5943 5714
f 5944 5717 5714
f 5596 5595 5945
f 5653 5946 5799
f 5522 5869 5459
f 5716 5655 5947
f 5947 5655 5389
f 5389 5718 5947
f 5948 5659 5657
f 5949 5871 5715
f 5948 5803 5659
f 5950 5597 5519
f 5718 5598 5873
f 5949 5715 5951
f 5951 5715 5656
f 5720 5951 5656
f 5803 5874 5528
f 5524 5952 5658
f 5804 5951 5720
f 5875 5876 5461
f 5462 5806 5601
f 5725 5878 5953
f 5725 5953 5954
f 5805 5722 5723
f 5879 5725 5954
f 5807 5955 5805
f 5602 5956 5660
f 5602 5808 5956
f 5809 5957 5808
f 5726 5879 5812
f 5325 5958 5811
f 5810 5536 5959
f 5465 5535 5880
f 5466 5728 5881
f 5727 5328 5664
f 5536 5603 5959
f 5538 5960 5664
f 5735 5884 5888
f 5729 5604 5961
f 5666 5962 5731
f 5962 5885 5731
f 5886 5961 5604
f 5963 5886 5540
f 5738 5888 5670
f 5963 5540 5667
f 5888 5893 5670
f 5892 5471 5890
f 5407 5891 5739
f 5964 5737 5541
f 5894 5473 5892
f 5964 5541 5668
f 5546 5893 5741
f 5896 5668 5542
f 5544 5895 5409
f 5965 5475 5899
f 5552 5475 5965
f 5901 5552 5965
f 5744 5966 5816
f 5817 5966 5744
f 5967 5817 5673
f 5967 5673 5745
f 5746 5968 5745
f 5903 5816 5966
f 5220 5553 5969
f 5970 5747 5905
f 5675 5478 5556
f 5677 5971 5751
f 5752 5907 5972
f 5755 5753 5557
f 5752 5972 5821
f 5973 5680 5825
f 5170 5829 5556
f 5563 5974 5428
f 5829 5492 5770
f 5909 5834 5910
f 5910 5834 5975
f 5976 5911 5831
f 5977 5831 5832
f 5832 5913 5978
f 5975 5914 5910
f 5916 5975 5834
f 5828 5432 4762
f 5916 5914 5975
f 5979 5771 5912
f 5916 5913 5914
f 5979 5980 5771
f 5835 5978 5913
f 5835 5913 5916
f 5635 5981 5774
f 5781 5978 5835
f 5917 5771 5980
f 5919 5982 5780
f 5780 5982 5781
f 5918 5569 5570
f 5917 5983 5839
f 5917 5980 5983
f 5920 5839 5984
f 5920 5984 5923
f 5985 5923 5986
f 5846 5987 5844
f 5367 5988 5026
f 5989 5985 5986
f 5985 5922 5923
f 5843 5990 5846
f 5846 5990 5987
f 5695 5991 5498
f 5843 5845 5992
f 5843 5992 5990
f 5993 5994 5995
f 5995 5994 5989
f 5989 5994 5985
f 5926 5992 5845
f 5991 5696 5498
f 5922 5985 5996
f 5848 5922 5996
f 5848 5997 5847
f 5847 5997 5998
f 5998 5925 5847
f 5994 5993 5999
f 5994 5999 5985
f 5848 5996 5997
f 5985 5999 5996
f 5999 5993 6000
f 5696 6001 5698
f 5439 5574 6002
f 6002 5785 5439
f 5642 5929 5641
f 6003 5929 5642
f 5242 5854 5786
f 5786 5787 5445
f 5577 6004 5579
f 5931 5856 5578
f 5931 5699 5857
f 5503 5932 5857
f 5644 5858 5859
f 5702 6005 5646
f 5582 5934 5645
f 5580 5790 5935
f 6006 5934 5582
f 6006 5582 5704
f 6007 5790 5646
f 6007 5646 6005
f 5937 6008 5792
f 5584 5860 5705
f 6009 5796 5797
f 5709 5865 5941
f 5942 6010 5798
f 5867 5713 6011
f 6012 5711 5868
f 5712 5798 6013
f 6014 5801 5800
f 5801 6014 5943
f 5868 5716 6012
f 5799 6015 5866
f 6016 5522 5596
f 6017 5522 6016
f 5946 6015 5799
f 5717 5945 5595
f 5945 6016 5596
f 5712 6018 5591
f 6019 5948 5657
f 5872 5946 5653
f 6020 5519 5591
f 6020 5950 5519
f 5873 5719 6021
f 5719 5658 5952
f 5802 6022 5524
f 5524 6022 5952
f 5599 5876 6023
f 6024 5951 5804
f 5599 6023 5462
f 5462 6023 6025
f 5806 5462 6025
f 6024 5804 5877
f 5953 6026 5954
f 5954 6026 6027
f 6028 6024 5877
f 5661 6029 5878
f 5722 6030 5877
f 6028 5877 6030
f 6030 5722 6031
f 5954 6032 5879
f 6033 5722 5805
f 6031 5722 6033
f 5805 5955 6034
f 5879 6032 6035
f 6033 5805 6034
f 5879 6035 5812
f 5660 6036 5807
f 5660 5956 6036
f 5812 6035 5813
f 5813 6035 6037
f 5325 5398 5958
f 5813 6037 6038
f 5663 6039 5728
f 5810 5959 6040
f 5884 5813 6038
f 5884 6038 5888
f 6041 5959 5603
f 5733 5960 5538
f 5730 6042 5734
f 6042 5887 5734
f 5666 5887 5962
f 5963 5667 6043
f 6044 5736 5737
f 5737 5964 6045
f 5893 6046 5741
f 5111 5472 5162
f 5668 5896 5964
f 6047 5671 5740
f 5337 6048 4865
f 6049 5544 5411
f 5898 6049 5411
f 5607 5547 5213
f 5412 5114 5212
f 6050 5218 5165
f 6051 5966 5817
f 6051 5817 5967
f 5968 5967 5745
f 5969 5608 5220
f 5819 5969 5553
f 5820 5750 6052
f 5753 5755 6053
f 5756 5613 5226
f 5680 6054 5755
f 6055 5821 5972
f 6054 5680 5973
f 6055 5824 5821
f 5756 5428 5974
f 6056 5762 5824
f 5770 6057 5829
f 5620 5827 5915
f 5831 5977 5976
f 6058 5912 5911
f 6058 5911 5976
f 5977 5832 5978
f 6058 5979 5912
f 6059 5980 5979
f 5982 5977 5978
f 5781 5982 5978
f 5919 6060 5982
f 6061 5770 5631
f 5839 6062 5984
f 5983 6062 5839
f 5921 6060 5919
f 6063 6060 5921
f 5635 6064 5981
f 5921 6065 6063
f 5923 6066 5986
f 6066 5923 5984
f 5844 6065 5921
f 5844 5987 6065
f 5573 6067 5693
f 5993 5995 6068
f 5026 5988 5574
f 6068 6069 5993
f 6070 5783 5497
f 6000 5993 6069
f 6071 5999 6000
f 5999 6071 5996
f 5697 6072 5496
f 5852 5639 5928
f 5637 5697 5302
f 5304 5927 5637
f 5930 6073 5640
f 5640 5854 5500
f 5787 5786 6074
f 6075 5788 5856
f 6076 5856 5931
f 6077 5700 5701
f 5857 6078 5931
f 5859 5858 6079
f 6005 5702 6080
f 6080 5702 5859
f 5935 5936 5703
f 6081 5935 5790
f 6081 5790 6007
f 6006 5704 5791
f 6008 5791 5792
f 5860 6082 5705
f 5938 5705 6082
f 5793 5795 6083
f 5707 5862 5649
f 5863 6084 5707
f 6084 5863 6009
f 5796 6009 5863
f 5864 6011 5713
f 5941 5865 6085
f 5865 5866 6085
f 6010 6013 5798
f 6014 5800 5867
f 5943 5944 5714
f 6086 5866 6015
f 5717 5944 5945
f 5522 6017 5869
f 5870 6019 5657
f 6020 5591 6018
f 6087 5946 5872
f 6088 5946 6087
f 6087 5872 5871
f 6089 5871 5949
f 6090 5949 5951
f 5874 6091 5721
f 5721 6091 6092
f 5871 6089 6087
f 5721 6092 5875
f 6090 5951 6024
f 6027 6026 6093
f 6025 6094 5806
f 5878 6095 5953
f 5806 6094 5661
f 5661 6094 6029
f 5954 6027 6096
f 5954 6096 6032
f 6028 6097 6024
f 6098 6097 6028
f 6099 6030 6031
f 6028 6030 6100
f 6098 6028 6100
f 6030 6099 6100
f 6101 6033 6034
f 6035 6102 6037
f 6038 6037 6098
f 6034 5955 6103
f 6038 6098 6100
f 5955 5807 6036
f 6104 5956 5808
f 5957 6104 5808
f 5810 6039 5663
f 5727 5664 6105
f 5888 6038 6100
f 6100 6106 5888
f 5880 5535 6107
f 5881 6108 5730
f 6107 5535 5729
f 5885 6041 5603
f 5882 6109 5883
f 5888 6106 6110
f 5888 6110 5893
f 5736 6044 5889
f 6046 5893 6110
f 5737 6045 6044
f 5741 6046 5897
f 6043 5667 5895
f 5669 5895 5667
f 6111 5472 5111
f 6112 5740 5894
f 6112 6113 5740
f 6113 6047 5740
f 6048 5111 4865
f 6114 5671 6047
f 6114 5896 5671
f 4973 6115 5014
f 5899 5742 6116
f 6117 5814 5900
f 6050 5165 5115
f 5969 5900 5608
f 5747 6118 5746
f 6119 5420 5218
f 5675 6120 5902
f 5747 5970 6118
f 5903 6121 5750
f 5820 6122 5677
f 6123 5905 5906
f 5753 6124 5907
f 5753 6053 6124
f 5908 5678 6125
f 6122 5971 5677
f 6126 5618 5908
f 6055 6056 5824
f 5756 5974 6127
f 5829 6128 5556
f 6126 5827 5618
f 5976 6129 6058
f 5976 5977 6129
f 6058 6129 6130
f 6059 5979 6131
f 6131 5979 6130
f 6130 5979 6058
f 6132 6129 5977
f 5982 6132 5977
f 6133 5692 5915
f 6134 5980 6059
f 6060 6132 5982
f 6133 5782 5692
f 6135 5918 5570
f 6062 6136 5984
f 6137 6062 5983
f 5980 6137 5983
f 6063 6138 6060
f 5367 5432 6139
f 6139 5988 5367
f 6067 5573 5634
f 5986 6140 5989
f 6140 5995 5989
f 6140 6141 5995
f 5990 5992 6142
f 5850 6061 5631
f 6143 6068 5995
f 5992 5926 6144
f 5693 6070 5497
f 5998 6144 5925
f 5925 6144 5926
f 6068 6145 6069
f 5998 5997 6146
f 6070 6147 5783
f 6147 5636 5783
f 5988 6002 5574
f 5996 6146 5997
f 6145 6148 6069
f 6000 6069 6149
f 6000 6150 6071
f 5852 5928 6151
f 6152 5638 5698
f 5785 6153 5851
f 5853 6003 5642
f 5788 6075 5855
f 6154 5855 6075
f 6004 6155 5579
f 5579 6155 5789
f 6077 5932 5700
f 5858 6156 6079
f 5933 6156 5858
f 6157 5933 5934
f 6157 5934 6006
f 6158 5936 5935
f 6006 5791 6159
f 6160 5861 6083
f 5793 6083 5861
f 6161 5938 6082
f 5795 6162 6083
f 5862 5707 6163
f 5706 6164 5940
f 6161 5864 5938
f 5864 6161 6011
f 5706 5941 6164
f 5797 6165 6009
f 5942 5708 6166
f 5797 5710 6165
f 6014 6167 5943
f 6168 5943 6167
f 5944 5943 6168
f 5866 6086 6085
f 6018 5712 6013
f 5870 5869 6169
f 6019 5870 6169
f 5947 6170 5716
f 6086 6015 6171
f 6171 6015 5946
f 5803 5948 6172
f 6088 6171 5946
f 6172 5874 5803
f 5950 6173 5597
f 6173 5802 5597
f 5949 6090 6089
f 6021 5719 6174
f 6175 6088 6093
f 6087 6093 6088
f 6173 6176 5802
f 5875 6092 6177
f 6177 5876 5875
f 6178 6089 6090
f 6026 6175 6093
f 6093 6087 6089
f 6026 6179 6175
f 6024 6178 6090
f 5953 6095 6179
f 5953 6179 6026
f 6096 6093 6089
f 6180 6178 6024
f 6027 6093 6096
f 6097 6180 6024
f 6032 6096 6181
f 6181 6178 6180
f 6035 6032 6181
f 6098 6180 6097
f 6035 6181 6102
f 6102 6181 6180
f 6102 6180 6098
f 6037 6102 6098
f 6099 6031 6182
f 6182 6031 6033
f 6182 6033 6101
f 6034 6103 6101
f 6103 5955 6036
f 5662 5957 5809
f 5958 6183 5811
f 5727 5958 5398
f 6100 6099 6182
f 6184 6039 5810
f 6184 5810 6040
f 5957 5662 5880
f 6185 6040 5959
f 6186 5882 5811
f 5728 6039 5881
f 6041 6185 5959
f 5960 6105 5664
f 6041 5885 6187
f 6106 6100 6110
f 6107 5729 5961
f 6108 6042 5730
f 6188 5885 5962
f 6187 5885 6188
f 6110 6189 6046
f 5892 6190 5894
f 5897 6046 6191
f 6190 6112 5894
f 6192 6045 5964
f 6191 6193 5897
f 5964 5896 6192
f 6049 6194 5895
f 6049 5895 5544
f 5897 6116 5742
f 6116 6195 5899
f 5899 6195 5965
f 5672 6196 5412
f 5672 5815 6196
f 5901 6197 5904
f 5902 6196 5815
f 5967 5968 6051
f 6198 5968 5746
f 6050 6119 5218
f 6199 5966 6051
f 6199 5903 5966
f 5903 6199 6121
f 5904 6125 5678
f 5905 6200 5970
f 6052 6122 5820
f 6123 6200 5905
f 5751 6201 5906
f 5613 5756 6202
f 6056 5825 5762
f 5563 6203 5974
f 6133 5915 5827
f 6131 6204 6059
f 6204 6131 6130
f 6130 6129 6132
f 6204 6130 6138
f 6138 6130 6060
f 6060 6130 6132
f 6136 6205 5984
f 6137 5980 6134
f 6063 6206 6138
f 5918 6207 5634
f 6208 6207 5918
f 6208 5918 6135
f 6135 5570 5837
f 6205 6066 5984
f 6065 6206 6063
f 6209 5695 5782
f 5986 6210 6140
f 5986 6066 6210
f 6207 6067 5634
f 6065 5987 6211
f 6064 5635 6212
f 6141 6143 5995
f 6211 5990 6142
f 5990 6211 5987
f 6213 6068 6214
f 6214 6068 6143
f 5992 6144 6215
f 5992 6215 6142
f 6213 6145 6068
f 6144 5998 6146
f 6213 6216 6145
f 6217 6001 5696
f 6071 6218 5996
f 5784 5852 6219
f 5852 6151 6219
f 6216 6148 6145
f 6001 6152 5698
f 6069 6148 6149
f 6149 6150 6000
f 6071 6150 6218
f 6072 5850 5496
f 5928 6220 6151
f 5785 6002 6221
f 5638 6152 5930
f 5929 6220 5928
f 5930 6222 6073
f 5854 5640 6073
f 6154 5853 5855
f 5787 6223 5577
f 6223 6004 5577
f 6075 5856 6076
f 5701 5789 6224
f 6224 6077 5701
f 6077 6225 5932
f 5857 5932 6226
f 5933 6157 6156
f 6081 6158 5935
f 6158 6081 6227
f 6228 6081 6007
f 5791 6008 6159
f 5936 6158 6229
f 6227 6081 6228
f 5936 6229 5860
f 6229 6082 5860
f 6008 5937 6230
f 6160 6230 5937
f 5861 6160 5937
f 6082 6229 6231
f 6082 6231 6161
f 6232 5795 5939
f 6162 5795 6232
f 6011 6161 6233
f 6234 6011 6233
f 6235 6164 5941
f 6236 6010 5942
f 5710 6237 6165
f 5867 6011 6234
f 5867 6234 6014
f 6238 6014 6234
f 5941 6085 6235
f 5711 6237 5710
f 6014 6238 6167
f 6012 6237 5711
f 6168 6239 5944
f 5944 6239 5945
f 6240 6017 6241
f 6086 6242 6085
f 5716 6170 6012
f 5945 6243 6016
f 6016 6243 6241
f 6016 6241 6017
f 6017 6240 5869
f 6244 5948 6019
f 6172 5948 6244
f 5874 6172 6091
f 6245 6171 6088
f 6179 6245 6088
f 6179 6088 6175
f 6095 6245 6179
f 5719 5952 6174
f 5802 6246 6022
f 6029 6247 5878
f 5878 6247 6095
f 6181 6089 6178
f 6096 6089 6181
f 6101 6248 6182
f 6104 6249 5956
f 6248 6101 6250
f 6250 6101 6103
f 6251 6103 6036
f 6036 5956 6251
f 5811 6183 6186
f 6182 6110 6100
f 6186 6109 5882
f 6110 6182 6248
f 6189 6110 6248
f 6109 6252 5883
f 5883 6252 5732
f 6253 5961 5886
f 6042 6254 5887
f 5887 6254 5962
f 5963 6253 5886
f 6046 6189 6191
f 6189 6255 6191
f 5889 5892 5890
f 6112 6256 6113
f 5897 6193 6116
f 6113 6257 6047
f 6258 6049 5898
f 6259 6258 5898
f 6259 5898 5814
f 6260 5337 5114
f 6117 6259 5814
f 5965 6195 6261
f 6262 5115 5547
f 5965 6261 5901
f 5901 6261 6197
f 6263 6196 5902
f 6051 5968 6264
f 6264 5968 6198
f 5970 6265 6118
f 6266 6265 5970
f 6266 5970 6200
f 5556 6120 5675
f 5907 6267 5972
f 5755 6268 6053
f 6202 5819 5613
f 6201 6123 5906
f 6054 6268 5755
f 5751 5971 6201
f 6125 6126 5908
f 6269 6055 5972
f 5973 5825 6270
f 6126 6271 5827
f 6057 6272 5829
f 6203 5563 5774
f 6139 5432 5828
f 6059 6273 6134
f 6059 6206 6273
f 6204 6206 6059
f 6062 6274 6136
f 6134 6273 6137
f 6206 6204 6138
f 6205 6210 6066
f 6205 6136 6274
f 6275 6062 6137
f 6276 6273 6206
f 6137 6277 6275
f 6277 6137 6273
f 6211 6276 6065
f 6065 6276 6206
f 5695 6209 5991
f 5837 5694 6278
f 6143 6141 6214
f 6215 6277 6276
f 6276 6211 6215
f 6142 6215 6211
f 6279 6278 5924
f 6278 5694 5924
f 6217 5696 5991
f 6212 5635 5784
f 6212 5784 6219
f 6280 6279 5636
f 5924 5636 6279
f 6144 6146 6281
f 6147 6280 5636
f 5996 6281 6146
f 5996 6218 6281
f 6282 6148 6216
f 6283 6150 6284
f 6283 6218 6150
f 6148 6282 6285
f 6148 6285 6149
f 6221 6153 5785
f 5697 5637 6286
f 5851 6287 5927
f 6288 5929 6003
f 5854 6073 6289
f 6289 5786 5854
f 5853 6290 6003
f 5853 6154 6290
f 6074 6223 5787
f 6291 6154 6075
f 6291 6075 6292
f 6075 6076 6292
f 6225 6226 5932
f 6293 5931 6078
f 5931 6293 6076
f 6079 6080 5859
f 6294 6156 6157
f 6295 6005 6080
f 6294 6157 6006
f 6005 6295 6007
f 6159 6296 6006
f 6228 6007 6295
f 6297 6229 6158
f 6227 6297 6158
f 6227 6298 6297
f 6160 6083 6299
f 6083 6162 6299
f 6161 6231 6233
f 6163 5707 6084
f 5862 6166 5708
f 5940 6232 5939
f 6300 6084 6009
f 6165 6300 6009
f 6301 6232 5940
f 6301 5940 6164
f 5942 6166 6236
f 6302 6238 6234
f 6167 6238 6302
f 6168 6167 6303
f 6304 6010 6236
f 6304 6013 6010
f 6239 6168 6305
f 6242 6235 6085
f 6239 6243 5945
f 6306 6018 6013
f 5869 6240 6307
f 5869 6307 6169
f 6308 6242 6086
f 6020 6018 6309
f 6086 6245 6310
f 5718 6311 5947
f 6245 6086 6171
f 5718 5873 6311
f 6309 5950 6020
f 6312 5873 6021
f 6311 5873 6312
f 6177 6313 5876
f 6023 5876 6313
f 6174 6314 6021
f 6095 6315 6245
f 6025 6023 6316
f 6315 6095 6247
f 6246 5802 6176
f 6317 6174 5952
f 6025 6316 6094
f 6029 6094 6247
f 6249 6104 6318
f 5957 6318 6104
f 6319 5956 6249
f 6185 6184 6040
f 5727 6105 6320
f 6321 6251 5956
f 5956 6319 6321
f 6322 6185 6041
f 6251 6250 6103
f 6323 5957 5880
f 6255 6248 6250
f 6041 6187 6322
f 6187 6324 6322
f 5960 6325 6105
f 6107 6326 5880
f 6042 6108 6327
f 6324 6187 6188
f 6188 6328 6324
f 6326 6107 6329
f 5961 6329 6107
f 5733 5732 5960
f 5732 6330 5960
f 6189 6248 6255
f 6188 6331 6328
f 6042 6332 6254
f 6333 5962 6254
f 6333 6188 5962
f 6188 6333 6331
f 6191 6255 6193
f 6334 5892 5889
f 6335 5963 6043
f 6334 6190 5892
f 6190 6256 6112
f 5891 5472 6111
f 6336 5896 6114
f 6047 6336 6114
f 5114 5412 6260
f 6337 5746 6118
f 6337 6198 5746
f 6338 6199 6051
f 6264 6338 6051
f 6199 6338 6121
f 5904 6197 6125
f 6121 6052 5750
f 6124 6267 5907
f 5973 6268 6054
f 6339 6126 6125
f 6340 5973 6270
f 6202 5756 6127
f 6270 6056 6055
f 6270 5825 6056
f 6272 6128 5829
f 6203 6127 5974
f 6133 5827 6271
f 6341 5782 6133
f 5770 6342 6057
f 6341 6209 5782
f 6062 6275 6274
f 6273 6276 6277
f 6278 6135 5837
f 6343 6140 6344
f 6343 6141 6140
f 6344 6140 6210
f 6345 6277 6215
f 6346 6213 6214
f 6144 6345 6215
f 6347 6001 6217
f 6002 5988 6348
f 6349 6149 6285
f 6149 6349 6150
f 6150 6349 6284
f 6350 6072 5697
f 5927 6287 5637
f 6288 6003 6290
f 6351 6154 6291
f 6155 6224 5789
f 6076 6352 6292
f 6226 6353 5857
f 5857 6353 6078
f 6079 6156 6354
f 6355 6080 6079
f 6355 6079 6354
f 6006 6296 6294
f 6356 6296 6159
f 6356 6159 6357
f 6008 6357 6159
f 6228 6295 6358
f 6228 6298 6227
f 6230 6357 6008
f 6359 6297 6298
f 6360 6298 6228
f 6230 6160 6361
f 6231 6229 6297
f 6361 6160 6299
f 6359 6231 6297
f 6362 6359 6298
f 6233 6231 6359
f 6362 6298 6360
f 6162 6363 6299
f 6163 6364 5862
f 6302 6359 6362
f 6362 6360 6303
f 6302 6233 6359
f 6365 6084 6300
f 6234 6233 6302
f 6167 6302 6362
f 6167 6362 6303
f 6366 6300 6165
f 6162 6232 6367
f 6305 6303 6368
f 6168 6303 6305
f 6366 6165 6237
f 6239 6305 6243
f 6369 6307 6240
f 6306 6013 6370
f 6019 6169 6371
f 6019 6371 6244
f 6372 6018 6306
f 5947 6373 6170
f 6309 6018 6372
f 6086 6310 6308
f 5947 6311 6373
f 6092 6374 6375
f 6177 6092 6375
f 6375 6376 6177
f 6313 6177 6376
f 6377 5950 6309
f 6173 5950 6377
f 6314 6312 6021
f 6313 6316 6023
f 6378 6094 6316
f 6094 6378 6247
f 6022 6317 5952
f 5727 6379 5958
f 6186 6183 6380
f 6320 6379 5727
f 6039 6381 5881
f 6381 6039 6184
f 6380 6382 6186
f 6325 6320 6105
f 5881 6383 6108
f 6109 6186 6384
f 6385 6250 6251
f 6108 6383 6327
f 6324 6328 6386
f 6384 6252 6109
f 6251 6321 6385
f 6327 6332 6042
f 6385 6255 6250
f 6255 6385 6387
f 5961 6253 6329
f 6254 6332 6333
f 6331 6333 6388
f 6387 6193 6255
f 6190 6334 6389
f 6389 6256 6190
f 6390 6193 6387
f 6335 6043 5895
f 5895 6194 6335
f 6111 6391 5891
f 6392 6192 5896
f 6116 6193 6390
f 4973 6393 6115
f 4973 5209 6393
f 6336 6392 5896
f 6195 6116 6390
f 6390 6394 6195
f 6257 6395 6047
f 6396 6397 6398
f 6397 6399 6398
f 6400 6401 6402
f 6402 6401 6396
f 6399 6397 6403
f 6396 6404 6397
f 6401 6405 6406
f 6396 6401 6406
f 6396 6406 6404
f 6404 6406 6407
f 6397 6404 6408
f 6397 6408 6403
f 6404 6407 6409
f 6404 6409 6408
f 6410 5900 5969
f 6263 5902 6120
f 6197 6411 6125
f 5969 5819 6412
f 6413 6200 6123
f 6267 6414 5972
f 6202 6415 5819
f 5971 6416 6201
f 6414 6269 5972
f 6417 5223 5419
f 6418 6128 6272
f 6210 6419 6344
f 6419 6210 6205
f 6419 6205 6420
f 6274 6420 6205
f 6343 6421 6141
f 6342 5770 6061
f 6214 6141 6421
f 6422 5693 6067
f 6139 6423 5988
f 6424 6213 6346
f 6422 6425 5693
f 6425 6070 5693
f 6426 6070 6425
f 6213 6427 6216
f 6345 6144 6428
f 6281 6428 6144
f 6426 6147 6070
f 6347 6152 6001
f 6151 6429 6219
f 6281 6218 6428
f 6283 6430 6218
f 6220 6431 6151
f 6282 6432 6285
f 6152 6433 5930
f 6072 6350 5850
f 5697 6434 6350
f 5697 6286 6434
f 5637 6287 6286
f 5786 6435 6074
f 6436 6074 6435
f 6154 6437 6290
f 6437 6154 6351
f 6074 6438 6223
f 6077 6439 6225
f 6439 6226 6225
f 6078 6353 6293
f 6354 6156 6294
f 6440 6354 6294
f 6295 6080 6358
f 6358 6080 6355
f 6441 6228 6358
f 6356 6357 6442
f 6360 6441 6303
f 5862 6364 6166
f 6162 6367 6363
f 6367 6443 6363
f 6444 6305 6368
f 6445 6367 6232
f 6445 6232 6301
f 6164 6446 6301
f 6235 6446 6164
f 6243 6305 6444
f 6240 6241 6369
f 6237 6012 6447
f 6307 6448 6371
f 6449 6235 6450
f 6450 6235 6242
f 6170 6447 6012
f 6307 6371 6169
f 6372 6306 6451
f 6450 6242 6308
f 6244 6371 6452
f 6244 6452 6172
f 6172 6452 6453
f 6373 6454 6170
f 6091 6453 6374
f 6172 6453 6091
f 6374 6092 6091
f 6374 6455 6375
f 6315 6310 6245
f 6456 6316 6313
f 6316 6456 6378
f 6247 6378 6315
f 6185 6457 6184
f 6457 6185 6322
f 5957 6458 6318
f 6459 6322 6324
f 6386 6459 6324
f 6323 6458 5957
f 6383 5881 6381
f 6386 6460 6461
f 6384 6186 6382
f 6462 6321 6319
f 6386 6328 6460
f 5880 6326 6323
f 6330 6325 5960
f 6332 6327 6463
f 6331 6464 6328
f 6460 6328 6464
f 5732 6252 6330
f 6465 6385 6321
f 6333 6332 6388
f 6385 6465 6466
f 6387 6385 6466
f 5889 6467 6334
f 6044 6467 5889
f 6045 6467 6044
f 6467 6045 6468
f 6468 6045 6192
f 6194 6049 6469
f 6336 6047 6395
f 6261 6195 6394
f 6261 6470 6197
f 6471 6259 6117
f 6472 6402 6398
f 6396 6398 6402
f 6400 6405 6401
f 6400 6473 6405
f 6337 6264 6198
f 6403 6408 6474
f 6475 6338 6264
f 6476 6337 6118
f 6265 6476 6118
f 6412 6410 5969
f 6121 6338 6477
f 6124 6053 6478
f 6478 6053 6479
f 6477 6052 6121
f 6415 6412 5819
f 6413 6266 6200
f 6053 6268 6479
f 6052 6480 6122
f 6481 6123 6201
f 6123 6481 6413
f 5973 6482 6268
f 5971 6122 6416
f 6483 6269 6414
f 6055 6269 6483
f 6482 5973 6340
f 6483 6270 6055
f 6483 6340 6270
f 6128 6484 5556
f 6271 6126 6339
f 6133 6271 6485
f 6486 6203 5774
f 5774 5981 6486
f 6057 6487 6272
f 5981 6064 6488
f 6488 6064 6489
f 6490 6139 5828
f 6491 6207 6208
f 6135 6491 6208
f 6064 6212 6489
f 6135 6278 6492
f 6344 6419 6493
f 6493 6419 6494
f 6420 6494 6419
f 6275 6420 6274
f 6275 6277 6420
f 6495 6346 6214
f 6214 6421 6495
f 6345 6420 6277
f 6427 6213 6424
f 6496 6347 6217
f 6428 6497 6345
f 6219 6498 6212
f 6219 6429 6498
f 6423 6348 5988
f 6426 6280 6147
f 6499 6152 6347
f 6500 6218 6430
f 6428 6218 6500
f 5850 6501 6061
f 6502 6349 6285
f 6285 6432 6502
f 6350 6501 5850
f 6503 6221 6002
f 5929 6504 6220
f 6288 6504 5929
f 6287 5851 6153
f 5786 6289 6505
f 6438 6004 6223
f 6292 6506 6291
f 6439 6077 6224
f 6507 6352 6076
f 6076 6293 6507
f 6508 6355 6354
f 6294 6509 6440
f 6296 6509 6294
f 6358 6355 6508
f 6510 6440 6509
f 6509 6296 6356
f 6441 6358 6508
f 6441 6360 6228
f 6511 6357 6230
f 6511 6230 6361
f 6303 6441 6512
f 6363 6361 6299
f 6368 6303 6512
f 6512 6513 6368
f 6236 6166 6514
f 6444 6368 6513
f 6236 6515 6304
f 6241 6516 6369
f 6517 6443 6367
f 6370 6013 6304
f 6241 6444 6516
f 6243 6444 6241
f 6369 6448 6307
f 6518 6445 6301
f 6517 6367 6445
f 6518 6301 6446
f 6451 6306 6370
f 6449 6446 6235
f 6170 6454 6447
f 6375 6455 6519
f 6375 6519 6520
f 6310 6450 6308
f 6376 6375 6520
f 6376 6520 6521
f 6522 6450 6310
f 6456 6376 6521
f 6376 6456 6313
f 6315 6522 6310
f 6456 6522 6378
f 6378 6522 6315
f 6523 6176 6173
f 6246 6524 6022
f 6524 6317 6022
f 6525 6380 6183
f 6525 6183 5958
f 6457 6381 6184
f 6459 6386 6461
f 6249 6526 6319
f 6527 6461 6460
f 6527 6528 6461
f 6384 6382 6528
f 6526 6249 6318
f 6528 6527 6384
f 6460 6529 6527
f 6527 6529 6384
f 6383 6463 6327
f 6460 6464 6529
f 6530 6529 6464
f 6529 6530 6384
f 6384 6530 6252
f 6465 6321 6462
f 6331 6388 6464
f 6332 6531 6388
f 6329 6253 6532
f 6253 5963 6335
f 6468 6192 6533
f 6387 6466 6390
f 6534 6335 6194
f 6394 6390 6466
f 6535 6113 6256
f 6113 6535 6536
f 6536 6257 6113
f 6536 6537 6257
f 6537 6395 6257
f 6258 6469 6049
f 6394 6470 6261
f 6398 6538 6539
f 6540 6402 6472
f 6398 6399 6538
f 6399 6541 6538
f 6400 6540 6542
f 6540 6400 6402
f 6399 6543 6541
f 6542 6473 6400
f 6399 6403 6543
f 6544 6545 6473
f 6405 6473 6545
f 6405 6545 6546
f 6405 6546 6406
f 6406 6546 6547
f 6547 6407 6406
f 6547 6409 6407
f 6410 6117 5900
f 6197 6548 6411
f 6408 6549 6474
f 6408 6409 6549
f 6550 6124 6478
f 6265 6266 6551
f 6552 6052 6477
f 6550 6267 6124
f 6266 6413 6551
f 6125 6411 6339
f 6480 6052 6552
f 6551 6413 6553
f 6554 5420 6119
f 6554 5419 5420
f 6415 6202 6127
f 6484 6128 6418
f 6555 5828 5822
f 6341 6133 6485
f 6342 6487 6057
f 5991 6209 6556
f 6491 6557 6207
f 6557 6422 6207
f 6207 6422 6067
f 6496 6217 5991
f 6343 6344 6558
f 6344 6493 6558
f 6497 6494 6420
f 6345 6497 6420
f 6500 6497 6428
f 6559 6282 6216
f 6560 6430 6283
f 6560 6283 6561
f 6500 6430 6560
f 6429 6151 6431
f 6562 6432 6282
f 6503 6002 6348
f 6221 6563 6153
f 6222 6289 6073
f 6564 6288 6290
f 6505 6435 5786
f 6291 6565 6351
f 6291 6506 6565
f 6566 6224 6155
f 6352 6567 6292
f 6226 6439 6353
f 6352 6568 6567
f 6352 6507 6568
f 6353 6569 6293
f 6570 6354 6440
f 6510 6570 6440
f 6508 6354 6570
f 6508 6570 6571
f 6510 6509 6572
f 6572 6509 6356
f 6572 6356 6573
f 6442 6573 6356
f 6571 6441 6508
f 6570 6510 6574
f 6357 6511 6442
f 6512 6441 6571
f 6511 6361 6575
f 6364 6163 6576
f 6513 6512 6571
f 6575 6361 6443
f 6361 6363 6443
f 6365 6577 6084
f 6578 6574 6579
f 6364 6514 6166
f 6516 6580 6574
f 6369 6574 6578
f 6581 6365 6300
f 6516 6513 6580
f 6369 6516 6574
f 6366 6581 6300
f 6444 6513 6516
f 6448 6369 6578
f 6448 6578 6582
f 6583 6443 6517
f 6448 6582 6584
f 6585 6451 6370
f 6371 6448 6584
f 6371 6584 6452
f 6519 6583 6517
f 6586 6518 6446
f 6453 6452 6587
f 6520 6519 6517
f 6520 6517 6445
f 6520 6445 6518
f 6449 6586 6446
f 6455 6583 6519
f 6588 6518 6586
f 6450 6586 6449
f 6455 6589 6590
f 6520 6518 6521
f 6521 6518 6588
f 6453 6589 6374
f 6373 6591 6454
f 6374 6589 6455
f 6522 6588 6586
f 6586 6450 6522
f 6456 6521 6588
f 6373 6311 6591
f 6456 6588 6522
f 6592 6593 6309
f 6593 6377 6309
f 6594 6312 6314
f 6595 6523 6173
f 6523 6596 6176
f 6246 6176 6596
f 6525 5958 6379
f 6597 6457 6322
f 6598 6382 6380
f 6459 6597 6322
f 6381 6599 6383
f 6462 6319 6600
f 6600 6319 6526
f 6318 6458 6526
f 6601 6330 6252
f 6602 6458 6323
f 6326 6602 6323
f 6463 6603 6332
f 6464 6388 6604
f 6252 6530 6605
f 6332 6603 6531
f 6531 6604 6388
f 6466 6465 6606
f 6389 6334 6607
f 6608 6466 6606
f 6609 6253 6335
f 6256 6389 6610
f 6611 5209 5739
f 6612 5891 6391
f 6394 6466 6608
f 6194 6469 6534
f 6610 6535 6256
f 6395 6392 6336
f 6613 6394 6608
f 6614 6048 5337
f 6470 6394 6613
f 6539 6472 6398
f 6539 6615 6472
f 6473 6542 6544
f 6616 6617 6542
f 6617 6544 6542
f 6544 6618 6545
f 6619 6543 6403
f 6470 6548 6197
f 6544 6617 6620
f 6547 6621 6409
f 6616 6478 6617
f 6620 6478 6479
f 6617 6478 6620
f 6403 6474 6619
f 6409 6621 6622
f 6622 6549 6409
f 6338 6475 6477
f 6120 6623 6263
f 6551 6624 6265
f 6479 6268 6620
f 6413 6481 6553
f 5556 6484 6120
f 6201 6416 6625
f 6340 6483 6626
f 6627 6485 6271
f 5223 6417 5822
f 5981 6488 6486
f 6628 6209 6341
f 6628 6556 6209
f 6556 6496 5991
f 6490 6423 6139
f 6346 6629 6424
f 6495 6629 6346
f 6212 6498 6489
f 6343 6630 6421
f 6494 6497 6493
f 6279 6631 6278
f 6216 6427 6559
f 6561 6558 6493
f 6561 6493 6560
f 6500 6493 6497
f 6560 6493 6500
f 6283 6632 6561
f 6431 6633 6429
f 6632 6284 6634
f 6284 6632 6283
f 6349 6634 6284
f 6499 6433 6152
f 6501 6635 6061
f 6636 6502 6432
f 6504 6431 6220
f 6637 5930 6433
f 5930 6637 6222
f 6563 6638 6153
f 6153 6638 6287
f 6290 6639 6564
f 6437 6640 6290
f 6640 6639 6290
f 6436 6438 6074
f 6437 6351 6641
f 6004 6438 6642
f 6641 6351 6565
f 6642 6643 6004
f 6004 6643 6155
f 6439 6644 6353
f 6293 6569 6507
f 6580 6571 6570
f 6510 6579 6574
f 6579 6510 6572
f 6579 6572 6645
f 6645 6572 6573
f 6646 6573 6442
f 6580 6570 6574
f 6442 6511 6646
f 6645 6573 6646
f 6647 6646 6511
f 6513 6571 6580
f 6647 6511 6575
f 6163 6084 6577
f 6582 6579 6645
f 6648 6645 6649
f 6578 6579 6582
f 6582 6645 6648
f 6645 6646 6649
f 6236 6514 6515
f 6584 6582 6648
f 6646 6647 6649
f 6370 6650 6585
f 6650 6370 6304
f 6515 6650 6304
f 6583 6575 6443
f 6587 6649 6647
f 6587 6647 6590
f 6584 6648 6649
f 6452 6584 6649
f 6452 6649 6587
f 6651 6451 6585
f 6447 6366 6237
f 6587 6590 6589
f 6453 6587 6589
f 6455 6590 6583
f 6309 6372 6592
f 6595 6377 6593
f 6595 6173 6377
f 6246 6596 6524
f 6317 6524 6174
f 6525 6598 6380
f 6652 6597 6459
f 6598 6653 6382
f 6320 6654 6379
f 6457 6655 6381
f 6655 6457 6597
f 6652 6459 6461
f 6652 6461 6528
f 6653 6652 6528
f 6653 6528 6382
f 6325 6656 6320
f 6325 6330 6656
f 6657 6526 6458
f 6603 6604 6531
f 6464 6604 6530
f 6604 6605 6530
f 6605 6601 6252
f 6600 6465 6462
f 6657 6458 6658
f 6658 6458 6602
f 6600 6606 6465
f 6659 6600 6526
f 6602 6326 6660
f 6329 6660 6326
f 6329 6532 6660
f 6533 6192 6392
f 6661 6111 5111
f 6662 6536 6535
f 6663 6469 6258
f 6662 6537 6536
f 6663 6258 6664
f 6258 6259 6664
f 6665 6540 6472
f 6615 6665 6472
f 6539 6538 6666
f 6666 6538 6541
f 6664 6259 6471
f 6542 6540 6667
f 6542 6667 6616
f 6470 6613 6548
f 6546 6668 6547
f 6668 6621 6547
f 6616 6550 6478
f 6618 6544 6620
f 6620 6669 6618
f 6475 6264 6670
f 6670 6264 6337
f 6624 6476 6265
f 6624 6671 6672
f 6624 6551 6671
f 6620 6268 6669
f 6411 6548 6339
f 6673 6412 6415
f 6339 6548 6674
f 6675 6414 6267
f 6482 6676 6268
f 6553 6481 6677
f 6675 6483 6414
f 6122 6678 6416
f 6481 6201 6625
f 6340 6679 6482
f 6340 6626 6679
f 6339 6627 6271
f 6490 5828 6555
f 6491 6135 6492
f 6487 6342 6680
f 6681 6629 6495
f 6492 6278 6631
f 6630 6495 6421
f 6347 6496 6682
f 6558 6630 6343
f 6683 6684 6426
f 6684 6280 6426
f 6349 6502 6634
f 6222 6637 6685
f 6503 6686 6221
f 6687 6222 6685
f 6686 6563 6221
f 6641 6688 6640
f 6641 6640 6437
f 6643 6566 6155
f 6506 6292 6567
f 6644 6689 6353
f 6353 6689 6569
f 6576 6514 6364
f 6575 6590 6647
f 6583 6590 6575
f 6690 6454 6591
f 6311 6312 6691
f 6312 6594 6691
f 6692 6523 6595
f 6523 6693 6596
f 6654 6525 6379
f 6652 6655 6597
f 6655 6599 6381
f 6599 6655 6694
f 6695 6320 6656
f 6463 6383 6696
f 6603 6463 6696
f 6330 6601 6656
f 6526 6657 6659
f 6606 6600 6697
f 6697 6600 6659
f 6334 6698 6607
f 6467 6698 6334
f 6467 6468 6698
f 6608 6606 6697
f 6253 6609 6532
f 6468 6533 6698
f 6699 6608 6697
f 6609 6335 6534
f 6612 5739 5891
f 6699 6613 6608
f 6700 6662 6535
f 6701 6613 6699
f 5337 6260 6614
f 6702 6665 6615
f 6702 6615 6539
f 6702 6539 6703
f 6703 6539 6666
f 6540 6665 6667
f 6613 6701 6548
f 6704 6616 6667
f 6050 5115 6262
f 6705 6706 6545
f 6545 6706 6546
f 6546 6706 6668
f 6616 6704 6550
f 6618 6705 6545
f 6471 6117 6707
f 6705 6618 6669
f 6707 6117 6410
f 6337 6708 6670
f 6708 6337 6476
f 6476 6624 6709
f 6622 6621 6710
f 6622 6710 6711
f 6410 6412 6712
f 6550 6713 6267
f 6268 6676 6669
f 6551 6714 6671
f 6551 6553 6714
f 6267 6713 6675
f 6553 6677 6714
f 6480 6678 6122
f 6483 6675 6626
f 6482 6679 6676
f 6674 6627 6339
f 6484 6623 6120
f 6625 6416 6678
f 6715 6485 6627
f 6272 6487 6418
f 6716 6557 6491
f 6492 6716 6491
f 6556 6682 6496
f 6717 6427 6424
f 6422 6718 6425
f 6630 6719 6495
f 6425 6718 6720
f 6721 6499 6347
f 6630 6558 6722
f 6426 6425 6720
f 6498 6429 6723
f 6561 6722 6558
f 6061 6724 6342
f 6632 6722 6561
f 6562 6282 6559
f 6632 6634 6722
f 6725 6348 6423
f 6562 6726 6432
f 6726 6636 6432
f 6727 6502 6636
f 6634 6502 6727
f 6728 6686 6503
f 6728 6729 6686
f 6564 6730 6288
f 6286 6287 6731
f 6289 6222 6687
f 6564 6639 6730
f 6732 6287 6638
f 6687 6505 6289
f 6686 6733 6563
f 6563 6733 6734
f 6505 6735 6435
f 6563 6734 6638
f 6436 6736 6438
f 6566 6737 6224
f 6737 6439 6224
f 6439 6738 6644
f 6506 6567 6565
f 6163 6739 6576
f 6740 6741 6514
f 6740 6514 6576
f 6163 6577 6739
f 6650 6515 6742
f 6515 6514 6741
f 6447 6454 6690
f 6451 6743 6372
f 6372 6743 6592
f 6744 6745 6591
f 6311 6744 6591
f 6746 6593 6592
f 6692 6693 6523
f 6524 6747 6174
f 6596 6748 6524
f 6653 6598 6525
f 6652 6749 6655
f 6750 6749 6652
f 6694 6655 6749
f 6320 6695 6654
f 6694 6383 6599
f 6694 6696 6383
f 6603 6696 6604
f 6604 6696 6751
f 6751 6605 6604
f 6605 6752 6601
f 6753 6657 6658
f 6658 6602 6660
f 6754 6660 6532
f 6657 6753 6659
f 6610 6755 6535
f 6393 5209 6611
f 6048 6661 5111
f 6392 6395 6756
f 6699 6697 6757
f 6395 6537 6756
f 6701 6699 6757
f 6758 6662 6700
f 6665 6759 6667
f 6703 6666 6760
f 6471 6761 6664
f 6541 6760 6666
f 6762 6667 6759
f 6701 6763 6548
f 6764 6668 6765
f 6766 6668 6764
f 6767 6760 6541
f 6761 6471 6768
f 6704 6667 6762
f 6706 6765 6668
f 6541 6543 6767
f 6621 6668 6766
f 6766 6710 6621
f 6548 6763 6769
f 6770 6476 6709
f 6770 6708 6476
f 6704 6713 6550
f 6543 6619 6767
f 6709 6624 6672
f 6672 6671 6771
f 6712 6707 6410
f 6475 6670 6477
f 6674 6548 6769
f 6711 6772 6622
f 6622 6772 6549
f 6773 6474 6549
f 6480 6552 6774
f 6626 6675 6775
f 6679 6626 6775
f 6776 6673 6415
f 6554 6417 5419
f 6776 6415 6127
f 6418 6777 6484
f 6776 6127 6203
f 6778 5822 6417
f 6486 6779 6203
f 6341 6485 6715
f 6778 6555 5822
f 6628 6341 6715
f 6487 6680 6780
f 6424 6629 6781
f 6557 6716 6782
f 6783 6423 6490
f 6782 6422 6557
f 6427 6717 6784
f 6721 6347 6682
f 6784 6785 6427
f 6724 6680 6342
f 6785 6559 6427
f 6719 6630 6786
f 6630 6722 6786
f 6723 6429 6787
f 6720 6683 6426
f 6279 6280 6684
f 6787 6429 6633
f 6785 6788 6559
f 6722 6634 6786
f 6788 6562 6559
f 6789 6725 6423
f 6724 6061 6635
f 6727 6790 6634
f 6791 6636 6726
f 6636 6791 6727
f 6725 6503 6348
f 6725 6728 6503
f 6434 6792 6350
f 6793 6686 6729
f 6732 6731 6287
f 6793 6733 6686
f 6794 6638 6734
f 6638 6794 6732
f 6733 6795 6734
f 6435 6736 6436
f 6796 6640 6688
f 6794 6734 6795
f 6736 6642 6438
f 6643 6642 6797
f 6737 6738 6439
f 6798 6568 6507
f 6799 6577 6365
f 6585 6650 6800
f 6801 6651 6585
f 6447 6802 6366
f 6651 6803 6451
f 6690 6802 6447
f 6743 6451 6803
f 6591 6745 6690
f 6804 6595 6593
f 6805 6314 6174
f 6747 6805 6174
f 6748 6596 6693
f 6806 6652 6653
f 6806 6653 6525
f 6806 6525 6654
f 6807 6694 6749
f 6696 6694 6807
f 6695 6656 6808
f 6696 6807 6751
f 6656 6601 6808
f 6751 6752 6605
f 6809 6752 6751
f 6810 6658 6660
f 6811 6754 6532
f 6607 6812 6389
f 6659 6753 6813
f 6609 6811 6532
f 6812 6610 6389
f 6610 6812 6814
f 6533 6392 6815
f 6659 6813 6697
f 6756 6815 6392
f 6700 6535 6755
f 6816 6817 6818
f 6818 6817 6819
f 6537 6662 6820
f 6821 6665 6702
f 6701 6757 6763
f 6759 6665 6821
f 6822 6702 6703
f 6764 6822 6703
f 6703 6823 6764
f 6760 6823 6703
f 6766 6764 6823
f 6765 6706 6824
f 5412 6196 6260
f 6762 6825 6704
f 6706 6705 6824
f 6710 6766 6826
f 6827 6672 6771
f 6771 6828 6827
f 6705 6669 6829
f 6824 6705 6829
f 6830 6710 6826
f 6770 6709 6672
f 6828 6771 6831
f 6825 6713 6704
f 6619 6832 6767
f 6831 6771 6833
f 6830 6711 6710
f 6771 6671 6833
f 6669 6676 6829
f 6829 6676 6834
f 6830 6835 6711
f 6477 6670 6836
f 6552 6477 6836
f 6714 6837 6671
f 6833 6671 6837
f 6772 6711 6835
f 6774 6552 6836
f 6838 6837 6714
f 6676 6679 6834
f 6773 6839 6474
f 6839 6619 6474
f 6677 6838 6714
f 6678 6480 6774
f 6625 6840 6481
f 6481 6840 6677
f 6677 6840 6841
f 6842 6673 6776
f 6627 6674 6843
f 6627 6843 6715
f 6844 6778 6417
f 6487 6845 6418
f 6487 6846 6845
f 6489 6847 6488
f 6780 6846 6487
f 6424 6781 6717
f 6847 6489 6498
f 6681 6848 6629
f 6422 6782 6718
f 6681 6495 6849
f 6719 6849 6495
f 6721 6850 6499
f 6790 6719 6786
f 6634 6790 6786
f 6433 6499 6850
f 6635 6851 6724
f 6633 6431 6852
f 6637 6433 6853
f 6501 6854 6635
f 6725 6855 6728
f 6856 6729 6728
f 6434 6286 6731
f 6687 6735 6505
f 6729 6857 6793
f 6732 6858 6731
f 6732 6859 6858
f 6794 6859 6732
f 6793 6860 6733
f 6860 6795 6733
f 6795 6861 6794
f 6859 6794 6861
f 6795 6862 6861
f 6863 6641 6565
f 6643 6864 6566
f 6865 6737 6566
f 6866 6565 6567
f 6689 6867 6569
f 6868 6507 6569
f 6798 6507 6868
f 6650 6742 6800
f 6515 6741 6742
f 6577 6799 6739
f 6311 6691 6744
f 6869 6593 6746
f 6869 6804 6593
f 6804 6692 6595
f 6692 6870 6693
f 6693 6871 6748
f 6652 6872 6750
f 6652 6806 6872
f 6750 6873 6749
f 6654 6695 6806
f 6807 6749 6873
f 6809 6807 6873
f 6751 6807 6809
f 6752 6808 6601
f 6753 6658 6810
f 6754 6810 6660
f 6814 6755 6610
f 6609 6874 6811
f 6818 6875 6876
f 6697 6813 6757
f 6609 6534 6874
f 6875 6818 6877
f 6877 6818 6819
f 6700 6755 6878
f 6534 6469 6879
f 6876 6816 6818
f 6820 6756 6537
f 6663 6879 6469
f 6819 6880 6877
f 6700 6878 6881
f 6881 6758 6700
f 6882 6817 6816
f 6883 6662 6758
f 6662 6883 6820
f 6884 6819 6817
f 6882 6885 6817
f 6817 6885 6884
f 6886 6819 6884
f 6887 6888 6882
f 6882 6888 6885
f 6821 6702 6822
f 6757 6889 6763
f 6663 6664 6890
f 6761 6890 6664
f 6887 6891 6888
f 6888 6892 6893
f 6888 6893 6885
f 6765 6822 6764
f 6891 6892 6888
f 6824 6822 6765
f 6823 6760 6894
f 6823 6826 6766
f 6827 6770 6672
f 6828 6831 6895
f 6196 6263 6896
f 6825 6675 6713
f 6712 6412 6897
f 6898 6679 6775
f 6898 6834 6679
f 6897 6412 6673
f 6838 6677 6841
f 6484 6899 6623
f 6777 6899 6484
f 6418 6845 6777
f 6900 6556 6628
f 6682 6556 6900
f 6783 6490 6555
f 6721 6682 6901
f 6781 6629 6848
f 6492 6631 6902
f 6631 6903 6902
f 6680 6904 6780
f 6903 6631 6279
f 6790 6905 6719
f 6788 6726 6562
f 6790 6727 6905
f 6635 6906 6851
f 6725 6789 6855
f 6854 6906 6635
f 6288 6730 6504
f 6639 6907 6730
f 6729 6856 6857
f 6796 6639 6640
f 6908 6860 6793
f 6909 6910 6860
f 6910 6795 6860
f 6911 6859 6861
f 6910 6862 6795
f 6912 6910 6909
f 6862 6913 6861
f 6863 6914 6641
f 6912 6862 6910
f 6863 6565 6866
f 6738 6689 6644
f 6915 6866 6567
f 6567 6568 6915
f 6800 6801 6585
f 6581 6799 6365
f 6916 6799 6581
f 6801 6917 6651
f 6592 6743 6746
f 6805 6594 6314
f 6693 6870 6871
f 6918 6750 6872
f 6873 6750 6918
f 6872 6695 6918
f 6695 6872 6806
f 6809 6873 6918
f 6808 6919 6918
f 6808 6918 6695
f 6809 6918 6919
f 6809 6919 6752
f 6752 6919 6808
f 6920 6812 6607
f 6607 6698 6920
f 6810 6754 6921
f 6754 6811 6921
f 6753 6922 6813
f 6815 6756 6923
f 6813 6922 6757
f 6534 6879 6874
f 6816 6924 6925
f 6924 6816 6876
f 6756 6820 6923
f 6757 6922 6926
f 6925 6882 6816
f 6881 6927 6758
f 6889 6757 6926
f 6928 6887 6925
f 6925 6887 6882
f 6929 6819 6886
f 6929 6880 6819
f 6821 6930 6931
f 6821 6822 6930
f 6932 6891 6887
f 6885 6893 6884
f 6931 6759 6821
f 6933 5547 5607
f 6932 6934 6891
f 6762 6759 6931
f 6935 6822 6824
f 6935 6930 6822
f 6933 6262 5547
f 6931 6825 6762
f 6768 6936 6761
f 6829 6935 6824
f 6937 6760 6767
f 6937 6894 6760
f 6896 6260 6196
f 6770 6827 6938
f 6938 6827 6939
f 6939 6827 6828
f 6940 6941 6895
f 6891 6934 6942
f 6891 6942 6943
f 6891 6943 6892
f 6823 6894 6826
f 6831 6940 6895
f 6768 6471 6707
f 6940 6831 6944
f 6767 6832 6945
f 6670 6708 6946
f 6770 6946 6708
f 6831 6833 6944
f 6947 6675 6825
f 6898 6935 6834
f 6834 6935 6829
f 6947 6775 6675
f 6775 6947 6898
f 6674 6769 6948
f 6839 6832 6619
f 6772 6835 6949
f 6623 6899 6263
f 6950 6678 6774
f 6625 6678 6950
f 6950 6840 6625
f 6674 6948 6843
f 6951 6776 6203
f 6779 6951 6203
f 6486 6952 6779
f 6628 6715 6953
f 6846 6954 6845
f 6682 6900 6901
f 6716 6955 6782
f 6956 6955 6716
f 6957 6847 6498
f 6958 6718 6782
f 6959 6718 6958
f 6498 6723 6957
f 6959 6720 6718
f 6960 6780 6904
f 6961 6962 6963
f 6961 6964 6962
f 6962 6964 6965
f 6905 6849 6719
f 6789 6423 6783
f 6680 6724 6904
f 6724 6966 6904
f 6905 6727 6791
f 6433 6850 6967
f 6724 6851 6968
f 6724 6968 6966
f 6431 6504 6852
f 6853 6969 6637
f 6855 6856 6728
f 6685 6637 6969
f 6687 6685 6969
f 6970 6435 6735
f 6971 6639 6796
f 6857 6908 6793
f 6731 6858 6972
f 6859 6911 6858
f 6909 6860 6908
f 6641 6914 6688
f 6973 6912 6909
f 6643 6797 6974
f 6861 6913 6911
f 6974 6864 6643
f 6973 6975 6912
f 6912 6976 6862
f 6975 6977 6912
f 6862 6976 6913
f 6912 6977 6976
f 6689 6738 6978
f 6975 6979 6977
f 6975 6980 6979
f 6981 6982 6980
f 6980 6982 6983
f 6980 6983 6979
f 6741 6984 6742
f 6739 6740 6576
f 6799 6985 6739
f 6581 6986 6916
f 6366 6986 6581
f 6802 6986 6366
f 6987 6814 6812
f 6533 6920 6698
f 6988 6920 6533
f 6533 6815 6988
f 6989 6876 6875
f 6876 6990 6924
f 6991 6875 6877
f 6992 6753 6810
f 6922 6753 6992
f 6811 6874 6921
f 6993 6925 6924
f 6994 6995 6996
f 6880 6997 6877
f 6994 6998 6995
f 6925 6993 6928
f 6999 6997 6880
f 7000 6995 6998
f 6883 6758 6927
f 6995 7000 7001
f 6929 6999 6880
f 6663 7002 6879
f 7000 7003 7001
f 7004 6887 6928
f 7003 7005 7001
f 7004 6932 6887
f 6884 7006 6886
f 7002 6663 6890
f 7003 7007 7008
f 7003 7008 7005
f 7005 7008 7009
f 7010 6884 6893
f 6884 7010 7006
f 7011 7012 6941
f 7008 7007 7013
f 7009 7008 6934
f 7009 6934 6932
f 7014 6890 6761
f 6828 7015 6939
f 6828 6895 7015
f 7015 6895 6941
f 7016 6893 6892
f 6893 7016 7010
f 7008 7013 6934
f 6947 6931 6930
f 7011 6941 6940
f 7013 6942 6934
f 6947 6825 6931
f 6935 6947 6930
f 6942 7017 6943
f 6892 6943 7016
f 6830 6826 6894
f 6945 6937 6767
f 6889 6769 6763
f 6707 7018 6768
f 6898 6947 6935
f 6830 6894 7019
f 7019 6835 6830
f 7020 6707 6712
f 6670 6946 6836
f 6833 7021 6944
f 7022 6835 7019
f 6837 7021 6833
f 6769 7023 6948
f 6774 6836 7024
f 6949 6835 7022
f 6950 6774 7024
f 6840 7025 6841
f 6772 7026 6549
f 7026 7027 6549
f 6549 7027 6773
f 6773 7027 6839
f 6952 6951 6779
f 6843 6953 6715
f 6953 6900 6628
f 7028 6486 6488
f 7029 6956 6716
f 6901 7030 6721
f 7031 6781 6848
f 6492 7029 6716
f 7032 6963 6962
f 7032 6962 7033
f 6780 6960 6846
f 6681 7034 6848
f 6723 7035 6957
f 6961 6963 7036
f 7035 6723 6787
f 6965 7033 6962
f 7033 6965 7037
f 7038 6788 6785
f 6684 6683 7039
f 6279 6684 7040
f 6961 7041 6964
f 7042 6965 6964
f 6965 7042 7043
f 6904 6966 7044
f 6791 7045 6905
f 6855 6789 7046
f 6906 7047 6851
f 6504 6730 7048
f 6350 7049 6501
f 6792 7049 6350
f 7050 6857 6856
f 6639 6971 6907
f 7051 6434 6731
f 7051 6731 6972
f 7052 6908 6857
f 6970 6736 6435
f 6908 7052 7053
f 6908 7053 6909
f 6909 7054 6973
f 6736 7055 6642
f 6858 6911 7056
f 7055 6797 6642
f 7054 6975 6973
f 7057 6975 7054
f 7057 6980 6975
f 7057 7058 6980
f 6978 6867 6689
f 6863 6866 7059
f 7058 6981 6980
f 6569 6867 7060
f 6569 7060 6868
f 7058 7061 6981
f 6568 6798 7062
f 6568 7062 6915
f 6979 6983 7063
f 6981 7064 6982
f 6982 7065 6983
f 7065 7063 6983
f 6742 7066 6800
f 6741 6740 6984
f 6985 7067 6739
f 6690 7068 6802
f 6745 7069 6690
f 6804 7070 6692
f 6747 6524 6748
f 7071 6748 6871
f 7072 6987 6812
f 6920 7072 6812
f 6989 6990 6876
f 6875 6991 6989
f 6924 6990 7073
f 6755 6814 7074
f 6923 6988 6815
f 6994 7075 7076
f 7075 6994 6996
f 6993 6924 7073
f 6878 6755 7074
f 6810 6921 7077
f 7078 7076 7079
f 7076 7078 6994
f 7080 6921 6874
f 6661 6391 6111
f 7079 7081 7078
f 7082 6996 6995
f 7082 6995 7001
f 7083 6923 6820
f 7079 7084 7081
f 7078 6998 6994
f 7085 7082 7001
f 6928 6993 7086
f 6820 6883 7083
f 7081 7087 7078
f 7005 7085 7001
f 6928 7086 7004
f 7088 6874 6879
f 6926 6922 6992
f 7089 7090 7091
f 7005 7092 7093
f 7094 5607 5014
f 6115 7094 5014
f 7095 7012 7091
f 7005 7009 7092
f 7092 7009 6932
f 7092 6932 7096
f 7096 6932 7004
f 7091 7012 7089
f 7007 7003 7000
f 7097 7002 6890
f 7012 7011 7089
f 7015 6941 7012
f 7089 7098 7099
f 7013 7007 7100
f 7089 7011 7098
f 7010 7016 7101
f 6939 7102 6938
f 7098 7011 7103
f 6761 6936 7104
f 7105 6938 7102
f 7011 6940 7103
f 6938 7105 6770
f 7103 6940 6944
f 6942 7013 7106
f 6943 7107 7016
f 7016 7107 7101
f 6942 7106 7017
f 7017 7107 6943
f 6769 6889 7023
f 6770 7105 6946
f 7019 6894 7108
f 7109 6944 7021
f 6836 6946 7024
f 6837 6838 7110
f 6839 7111 6832
f 6950 7024 7112
f 6950 7112 6840
f 6840 7112 7025
f 6841 7025 6838
f 6948 7023 7113
f 6772 6949 7026
f 6948 7113 6843
f 6777 7114 6899
f 6951 6842 6776
f 6953 6843 7113
f 6844 6417 6554
f 6900 6953 7115
f 6845 7116 6777
f 6901 6900 7115
f 7028 6952 6486
f 6847 7028 6488
f 7117 6555 6778
f 7117 6783 6555
f 6963 7118 7119
f 6963 7032 7118
f 6955 6958 6782
f 6717 6781 7120
f 7121 7033 7037
f 7119 7036 6963
f 7122 7034 6681
f 6492 6902 7029
f 7117 7123 6783
f 7122 6681 6849
f 6720 6959 6683
f 6965 7124 7037
f 6904 7125 6960
f 7124 6965 7043
f 7038 7126 6788
f 7041 6961 7127
f 6788 7126 6726
f 7126 7128 6726
f 6726 7045 6791
f 7128 7045 6726
f 6904 7044 7125
f 7042 6964 7041
f 7129 7043 7042
f 6967 6853 6433
f 6968 7044 6966
f 7130 6968 6851
f 6851 7047 7130
f 6854 7131 6906
f 6504 7048 6852
f 7048 6730 6907
f 7050 6856 6855
f 6792 6434 7051
f 7052 6857 7050
f 6858 7132 6972
f 7132 6858 7056
f 7054 6909 7053
f 6796 6688 7133
f 6914 7133 6688
f 7134 7057 7054
f 7134 7135 7057
f 6863 7136 6914
f 7137 6911 6913
f 6865 7138 6737
f 7135 7058 7057
f 7137 6913 6976
f 7059 6866 7139
f 6977 7140 6976
f 6976 7140 7137
f 7141 6977 6979
f 7141 7140 6977
f 7139 6915 7062
f 6915 7139 6866
f 7061 7064 6981
f 6979 7063 7141
f 7063 7142 7141
f 7064 7143 6982
f 7143 7065 6982
f 6984 7066 6742
f 6740 7144 6984
f 7067 6740 6739
f 6800 7145 6801
f 6799 6916 6985
f 6986 6802 7068
f 6690 7069 7068
f 7146 6746 6743
f 7147 6746 7146
f 6691 6594 7148
f 6594 6805 7148
f 6869 7149 6804
f 7150 6747 6748
f 7151 7073 6990
f 7152 7079 7076
f 6993 7073 7153
f 6877 7154 6991
f 6988 6923 7083
f 7155 7084 7152
f 6997 7154 6877
f 5739 6612 7156
f 7155 7157 7084
f 7152 7084 7079
f 6993 7153 7086
f 7158 7159 6878
f 6992 6810 7077
f 7157 7160 7161
f 7162 7163 6997
f 7164 6878 7159
f 6878 7164 6881
f 7090 7161 7165
f 7157 7081 7084
f 7093 7085 7005
f 6997 6999 7162
f 7077 6921 7080
f 7091 7165 7095
f 7157 7161 7166
f 7157 7166 7081
f 7087 7167 7078
f 7167 6998 7078
f 6881 7164 7168
f 6881 7168 6927
f 6927 7169 6883
f 7169 7170 6883
f 6992 7171 6926
f 7080 6874 7088
f 7081 7166 7172
f 7081 7172 7087
f 7173 6998 7167
f 7000 6998 7173
f 6999 6929 7174
f 6999 7175 7162
f 7002 7088 6879
f 7090 7099 7161
f 7161 7099 7166
f 7176 7000 7173
f 7177 7178 7006
f 7006 7178 6886
f 7178 6929 6886
f 7015 7095 7179
f 7012 7095 7015
f 7089 7099 7090
f 7007 7000 7176
f 7007 7176 7180
f 7010 7181 7006
f 7177 7006 7181
f 6933 5607 7094
f 7015 7179 7182
f 7180 7100 7007
f 6939 7015 7182
f 7183 7010 7101
f 7184 7013 7100
f 6890 7014 7097
f 6761 7104 7014
f 7106 7013 7184
f 7023 6889 6926
f 7023 6926 7185
f 6768 7018 6936
f 7186 6946 7105
f 7017 7187 7107
f 6894 6937 7108
f 7112 6946 7186
f 7112 7024 6946
f 7109 7021 7188
f 6837 7188 7021
f 7189 7022 7019
f 7190 6945 6832
f 6832 7111 7190
f 7191 7020 6712
f 7191 6712 6897
f 7112 7192 7025
f 7110 6838 7025
f 7188 6837 7110
f 7189 6949 7022
f 7026 6949 7193
f 6777 7116 7114
f 6954 7116 6845
f 7030 6901 7194
f 7118 7032 7195
f 7195 7032 7196
f 7196 7032 7033
f 7033 7121 7196
f 6781 7197 7120
f 7031 7197 6781
f 6717 7120 7198
f 7034 7031 6848
f 6957 7199 6847
f 7200 6954 6846
f 6784 6717 7198
f 7030 7201 6721
f 6960 7200 6846
f 7121 7037 7202
f 6721 7201 6850
f 6279 7040 6903
f 7037 7124 7203
f 7037 7203 7202
f 7202 7203 7204
f 7201 6967 6850
f 7123 6789 6783
f 6960 7125 7205
f 6852 7206 6633
f 7127 7207 7041
f 7208 7041 7207
f 7041 7208 7042
f 6968 7209 7044
f 7047 6906 7210
f 6969 6853 7211
f 6855 7212 7050
f 7213 6735 6687
f 6735 7213 6970
f 6970 7214 6736
f 7214 7055 6736
f 7053 7215 7054
f 7216 6911 7137
f 7056 6911 7216
f 7138 6566 6864
f 7138 6865 6566
f 7138 7217 6737
f 6737 7217 6738
f 7136 6863 7059
f 7218 7058 7135
f 7061 7058 7218
f 7219 6868 7060
f 6798 6868 7219
f 6798 7219 7062
f 7220 7064 7061
f 7221 7064 7220
f 7221 7143 7064
f 7063 7222 7142
f 7222 7063 7065
f 7143 7223 7065
f 7065 7223 7222
f 7066 7145 6800
f 6917 6803 6651
f 6803 7224 6743
f 6743 7224 7146
f 6691 7225 6744
f 7148 7225 6691
f 6746 7147 6869
f 7147 7149 6869
f 7149 7070 6804
f 7150 6805 6747
f 7071 7150 6748
f 6692 7226 6870
f 7227 6871 6870
f 6989 7151 6990
f 7151 7228 7073
f 7229 6989 6991
f 6987 7230 6814
f 6988 7072 6920
f 7076 7231 7152
f 6996 7232 7075
f 7230 7074 6814
f 7155 7233 7160
f 7152 7233 7155
f 7082 7232 6996
f 7229 6991 7154
f 7085 7232 7082
f 7228 7153 7073
f 7158 7234 7235
f 7234 7158 7074
f 7163 7236 7237
f 7237 7238 7239
f 7237 7236 7238
f 7239 7238 7240
f 7235 7240 7158
f 7158 6878 7074
f 7160 7157 7155
f 7154 6997 7241
f 7241 6997 7163
f 7240 7159 7158
f 6611 5739 7156
f 7161 7242 7165
f 7242 7161 7160
f 7163 7162 7236
f 7236 7162 7243
f 7236 7243 7244
f 7238 7236 7244
f 7165 7091 7090
f 7159 7245 7164
f 6883 7170 7083
f 7095 7165 7246
f 7247 7093 7092
f 7092 7248 7247
f 7004 7249 7096
f 7164 7245 7168
f 7092 7096 7248
f 7249 7248 7096
f 7175 6999 7174
f 7168 7169 6927
f 7171 6992 7077
f 7171 7077 7080
f 7166 7099 7250
f 7172 7166 7250
f 7178 7174 6929
f 7246 7179 7095
f 7251 7099 7098
f 7099 7251 7250
f 7185 6926 7171
f 7182 7102 6939
f 7180 7252 7100
f 7183 7181 7010
f 7252 7184 7100
f 7253 7098 7103
f 7098 7253 7251
f 7097 7014 7254
f 7186 7105 7255
f 7107 7187 7101
f 7103 6944 7109
f 7103 7109 7253
f 7106 7184 7256
f 7106 7257 7017
f 7257 7187 7017
f 7186 7192 7112
f 7108 6937 7258
f 7020 7018 6707
f 7113 7023 7185
f 7019 7108 7189
f 7259 6839 7027
f 7111 6839 7259
f 7193 7260 7026
f 7026 7260 7027
f 7113 7261 6953
f 7262 6844 6554
f 7263 6951 6952
f 7115 7264 6901
f 7264 7194 6901
f 7265 7118 7195
f 6956 7266 7267
f 7267 6955 6956
f 7029 7268 6956
f 7269 7119 7118
f 7119 7269 7270
f 7035 7199 6957
f 7270 7036 7119
f 7202 7271 7121
f 7271 7202 7272
f 7202 7204 7272
f 7273 7122 6849
f 6905 7273 6849
f 7201 7274 6967
f 6960 7275 7200
f 6960 7205 7275
f 7276 7124 7277
f 7124 7276 7203
f 7045 7128 7273
f 7045 7273 6905
f 7124 7043 7277
f 6787 6633 7206
f 7278 6853 6967
f 6789 7279 7046
f 7209 7125 7044
f 7125 7209 7280
f 7211 6853 7278
f 7208 7281 7042
f 7042 7281 7129
f 6852 7282 7206
f 7283 6968 7130
f 6968 7283 7209
f 7210 6906 7131
f 7051 7049 6792
f 6907 6971 7284
f 7056 7285 7132
f 7133 6971 6796
f 7215 7134 7054
f 6914 7286 7133
f 7287 7135 7288
f 7288 7135 7134
f 7286 6914 7136
f 7218 7135 7289
f 7290 7136 7059
f 7217 6978 6738
f 7059 7291 7290
f 7291 7059 7292
f 7293 7061 7218
f 7139 7292 7059
f 7137 7140 7216
f 7220 7061 7293
f 7139 7062 7294
f 7293 7295 7220
f 7140 7141 7296
f 7296 7141 7142
f 7297 7220 7295
f 7220 7297 7221
f 7223 7143 7221
f 7298 7066 6984
f 7144 7298 6984
f 7066 7299 7145
f 7067 7144 6740
f 7300 7067 6985
f 7300 6985 6916
f 7300 6916 7301
f 6986 7301 6916
f 6745 6744 7225
f 7148 6805 7302
f 7070 7226 6692
f 7076 7303 7231
f 7303 7076 7075
f 7232 7303 7075
f 7233 7152 7231
f 7160 7233 7304
f 7230 7234 7074
f 6988 7305 7072
f 7306 7232 7085
f 7241 7229 7154
f 7237 7239 7307
f 7235 7307 7239
f 7083 7305 6988
f 7160 7304 7242
f 7308 7241 7163
f 7308 7163 7237
f 7240 7235 7239
f 7306 7085 7093
f 7309 7086 7153
f 7242 7310 7165
f 7311 7306 7093
f 7312 7238 7244
f 7312 7240 7238
f 7240 7312 7313
f 7313 7159 7240
f 7247 7311 7093
f 7309 7004 7086
f 7245 7159 7313
f 7246 7165 7310
f 7309 7249 7004
f 7162 7175 7243
f 7243 7175 7244
f 7245 7169 7168
f 7314 7087 7172
f 7314 7167 7087
f 7315 7178 7177
f 7316 7174 7178
f 7174 7317 7175
f 7250 7314 7172
f 7167 7176 7173
f 7318 7171 7080
f 7181 7315 7177
f 7318 7319 7171
f 7002 7320 7088
f 7185 7171 7319
f 7320 7321 7088
f 7102 7255 7105
f 7252 7322 7184
f 7323 6260 6896
f 7101 7187 7183
f 7014 7104 7254
f 7322 7256 7184
f 7256 7257 7106
f 6936 7324 7104
f 6936 7018 7325
f 6945 7258 6937
f 7025 7192 7326
f 7326 7110 7025
f 7327 7185 7328
f 6263 6899 6896
f 7327 7113 7185
f 7189 7329 6949
f 7113 7327 7261
f 7259 7190 7111
f 7329 7193 6949
f 7330 7115 7261
f 7262 6554 6119
f 6953 7261 7115
f 7264 7115 7330
f 7194 7264 7331
f 7332 7194 7331
f 6954 7333 7116
f 7334 6778 6844
f 7266 6956 7268
f 7334 7117 6778
f 7335 6955 7267
f 7269 7118 7336
f 7335 6958 6955
f 7199 7028 6847
f 7030 7194 7201
f 6959 6958 7335
f 6954 7200 7337
f 7271 7272 7338
f 7339 6784 7198
f 7340 7036 7270
f 7272 7341 7338
f 6959 7039 6683
f 7275 7342 7200
f 7272 7204 7341
f 7039 7040 6684
f 7274 7201 7343
f 6787 7344 7035
f 7340 7345 7036
f 7345 6961 7036
f 7346 7204 7203
f 7204 7346 7341
f 7345 7127 6961
f 7279 6789 7123
f 7205 7125 7280
f 7345 7207 7127
f 7129 7347 7043
f 7347 7277 7043
f 7210 7348 7047
f 7047 7348 7130
f 7207 7349 7208
f 7046 7279 6855
f 7209 7283 7350
f 6855 7279 7351
f 7282 7048 6907
f 7352 7131 6854
f 7351 7212 6855
f 7049 7352 6854
f 7049 6854 6501
f 7213 6687 6969
f 7212 7052 7050
f 6972 7353 7051
f 7353 6972 7132
f 7214 7354 7055
f 7288 7134 7215
f 7056 7355 7285
f 7289 7135 7287
f 7216 7356 7056
f 7218 7289 7357
f 7357 7293 7218
f 7060 6867 7358
f 7219 7060 7359
f 7360 7295 7293
f 7361 7296 7142
f 7361 7142 7222
f 7361 7222 7362
f 7222 7363 7362
f 7222 7223 7363
f 7364 7067 7300
f 6917 7145 7365
f 6917 6801 7145
f 7301 6986 7068
f 6917 7366 6803
f 6803 7366 7224
f 7069 6745 7367
f 7368 7147 7146
f 7147 7368 7369
f 7369 7149 7147
f 7149 7369 7370
f 6805 7150 7302
f 7227 7071 6871
f 6989 7371 7151
f 7372 7233 7231
f 7303 7372 7231
f 7229 7371 6989
f 7373 7228 7151
f 7374 7230 6987
f 7374 6987 7072
f 7304 7233 7375
f 7307 7376 7237
f 7153 7228 7373
f 7376 7308 7237
f 7377 7305 7083
f 7083 7170 7377
f 7244 7378 7312
f 7175 7378 7244
f 7245 7379 7169
f 7379 7170 7169
f 7380 7179 7246
f 7315 7316 7178
f 7316 7317 7174
f 7175 7381 7378
f 7382 7314 7250
f 7176 7167 7383
f 7384 7381 7317
f 7317 7381 7175
f 7179 7380 7182
f 7182 7385 7102
f 7250 7251 7386
f 7183 7387 7181
f 7318 7080 7321
f 7321 7080 7088
f 7388 7252 7180
f 7323 6614 6260
f 7255 7102 7385
f 7389 7251 7253
f 7390 7183 7391
f 7389 7253 7109
f 7187 7391 7183
f 7320 7002 7097
f 7255 7192 7186
f 7389 7109 7392
f 7257 7391 7187
f 7319 7318 7328
f 7328 7318 7321
f 7320 7097 7393
f 7323 6896 7394
f 7188 7392 7109
f 7320 7395 7321
f 7393 7097 7254
f 7396 7254 7104
f 7185 7319 7328
f 7395 7320 7397
f 7324 6936 7325
f 7018 7020 7398
f 7399 7110 7326
f 7400 7188 7110
f 7398 7020 7191
f 6896 6899 7394
f 7401 6945 7190
f 7402 6119 6050
f 7327 7330 7261
f 7395 7330 7327
f 7259 7403 7190
f 7404 7330 7395
f 6842 6897 6673
f 7193 7329 7405
f 7259 7027 7260
f 7404 7264 7330
f 7262 7406 6844
f 7405 7407 7193
f 7193 7407 7260
f 7331 7264 7404
f 7333 7114 7116
f 7334 6844 7406
f 7266 7268 7408
f 7194 7332 7409
f 7121 7410 7196
f 7411 7410 7121
f 7201 7194 7409
f 6954 7337 7333
f 6902 7268 7029
f 7271 7411 7121
f 7412 6959 7335
f 7413 7198 7120
f 7342 7337 7200
f 7338 7341 7414
f 6785 6784 7339
f 7412 7039 6959
f 7273 7415 7122
f 6785 7416 7038
f 7038 7417 7126
f 7203 7276 7346
f 7128 7126 7418
f 6787 7206 7344
f 7205 7280 7275
f 7345 7419 7207
f 7280 7420 7421
f 7422 7207 7419
f 7209 7420 7280
f 7347 7129 7281
f 7130 7348 7423
f 7209 7424 7420
f 7420 7425 7422
f 7422 7425 7207
f 7207 7425 7349
f 7209 7350 7424
f 7349 7426 7208
f 7208 7426 7281
f 7048 7282 6852
f 6907 7427 7282
f 6907 7428 7427
f 6907 7284 7428
f 7051 7429 7049
f 7052 7212 7430
f 6971 7133 7431
f 7285 7432 7132
f 7286 7136 7433
f 6974 7434 6864
f 7434 7435 6864
f 7435 7138 6864
f 7436 7217 7138
f 7437 7357 7289
f 7355 7056 7356
f 7357 7360 7293
f 7359 7060 7358
f 7438 7292 7139
f 7439 7216 7140
f 7294 7062 7219
f 7360 7440 7295
f 7140 7296 7439
f 7441 7295 7440
f 7297 7295 7441
f 7442 7221 7297
f 7221 7442 7223
f 7363 7223 7443
f 7298 7299 7066
f 7224 7368 7146
f 7367 6745 7225
f 7149 7370 7070
f 7226 7227 6870
f 7375 7233 7372
f 7444 7303 7232
f 7445 7371 7229
f 7234 7230 7446
f 7374 7446 7230
f 7447 7444 7232
f 7448 7376 7307
f 7448 7307 7235
f 7235 7234 7448
f 7448 7234 7446
f 7449 7374 7072
f 7449 7072 7450
f 7305 7450 7072
f 7447 7232 7306
f 7373 7451 7153
f 7452 7445 7229
f 7452 7229 7241
f 7452 7241 7308
f 7376 7452 7308
f 7453 7310 7242
f 7454 7447 7306
f 7153 7451 7309
f 7310 7453 7455
f 7454 7306 7311
f 7455 7246 7310
f 7454 7311 7247
f 7451 7456 7309
f 7457 7247 7248
f 7309 7456 7249
f 7312 7378 7458
f 7312 7458 7459
f 7459 7313 7312
f 7245 7313 7459
f 7249 7457 7248
f 7316 7315 7460
f 7459 7379 7245
f 7460 7315 7461
f 7317 7316 7384
f 7314 7383 7167
f 7462 7383 7314
f 7461 7315 7387
f 7386 7382 7250
f 7314 7382 7462
f 7383 7463 7176
f 7181 7387 7315
f 7176 7463 7180
f 7385 7182 7380
f 7463 7388 7180
f 7387 7183 7390
f 7252 7464 7322
f 7388 7464 7252
f 7255 7385 7192
f 7464 7256 7322
f 7256 7465 7257
f 7326 7192 7466
f 7399 7326 7466
f 7399 7400 7110
f 7467 7393 7254
f 7320 7393 7397
f 7327 7328 7321
f 7401 7258 6945
f 7395 7327 7321
f 7468 7189 7108
f 7404 7395 7397
f 7468 7329 7189
f 7190 7469 7401
f 7402 7262 6119
f 7403 7469 7190
f 7331 7404 7470
f 7263 7471 6951
f 7407 7259 7260
f 7408 7472 7405
f 7405 7472 7407
f 7336 7118 7473
f 7473 7118 7265
f 7472 7408 7268
f 7268 7474 7472
f 7120 7475 7413
f 7197 7475 7120
f 7268 7476 7474
f 6902 7476 7268
f 6903 7476 6902
f 7477 7411 7271
f 7409 7343 7201
f 7338 7477 7271
f 7477 7338 7478
f 7413 7339 7198
f 7479 7476 6903
f 7414 7478 7338
f 7040 7479 6903
f 7480 7038 7416
f 7481 7346 7276
f 7277 7481 7276
f 7482 7275 7280
f 7482 7280 7421
f 7419 7345 7340
f 7274 7483 6967
f 7278 6967 7483
f 7282 7484 7206
f 7421 7420 7422
f 7210 7485 7486
f 7210 7131 7485
f 7425 7420 7424
f 7283 7130 7423
f 7487 7350 7283
f 7425 7424 7488
f 7425 7488 7349
f 7349 7488 7426
f 7213 6969 7211
f 7350 7489 7424
f 7213 7490 6970
f 7353 7429 7051
f 7052 7430 7053
f 7053 7430 7491
f 7492 7353 7132
f 7491 7215 7053
f 7492 7132 7432
f 7493 6797 7055
f 7494 7287 7288
f 7495 7287 7494
f 7495 7289 7287
f 7355 7432 7285
f 7437 7289 7495
f 7433 7136 7290
f 7496 7360 7357
f 7290 7291 7497
f 6867 7498 7358
f 7497 7291 7499
f 7291 7292 7499
f 7356 7216 7439
f 7360 7500 7440
f 7501 7139 7294
f 7139 7501 7438
f 7440 7502 7441
f 7503 7504 7502
f 7502 7504 7441
f 7503 7505 7504
f 7506 7507 7503
f 7503 7507 7505
f 7441 7508 7297
f 7441 7504 7508
f 7442 7297 7508
f 7442 7443 7223
f 7507 7509 7505
f 7510 7299 7298
f 7144 7067 7511
f 7067 7364 7511
f 7301 7364 7300
f 7512 7301 7068
f 7513 7068 7069
f 7514 7150 7071
f 7444 7515 7303
f 7151 7516 7373
f 7371 7516 7151
f 7516 7371 7517
f 7517 7371 7445
f 7518 7376 7448
f 7449 7446 7374
f 7519 7242 7304
f 7373 7520 7451
f 7520 7373 7516
f 7452 7376 7518
f 7519 7453 7242
f 7377 7450 7305
f 7246 7455 7521
f 7246 7521 7380
f 7522 7454 7247
f 7457 7522 7247
f 7523 7458 7378
f 7377 7170 7379
f 7521 7524 7380
f 7249 7525 7457
f 7456 7525 7249
f 7523 7378 7526
f 7378 7381 7526
f 6115 6393 6611
f 7384 7526 7381
f 7386 7462 7382
f 7251 7527 7386
f 7323 7528 6614
f 7389 7527 7251
f 7392 7527 7389
f 7529 7391 7530
f 7391 7529 7390
f 7385 7466 7192
f 7464 7465 7256
f 7257 7465 7391
f 7531 7392 7188
f 7531 7188 7400
f 7104 7324 7396
f 7532 7254 7396
f 7533 6050 6262
f 7532 7467 7254
f 7258 7534 7108
f 7397 7393 7467
f 6899 7535 7394
f 7536 7397 7467
f 7397 7470 7404
f 7470 7397 7536
f 6842 7537 6897
f 7468 7538 7329
f 7332 7470 7536
f 7471 6842 6951
f 7535 6899 7114
f 7538 7405 7329
f 7331 7470 7332
f 7265 7539 7473
f 7265 7195 7539
f 7408 7405 7538
f 7407 7403 7259
f 7538 7266 7408
f 7474 7407 7472
f 7403 7407 7474
f 6952 7028 7540
f 7267 7266 7541
f 7335 7267 7541
f 7542 7410 7411
f 7543 7413 7475
f 7544 7475 7197
f 7544 7197 7031
f 7031 7034 7544
f 7343 7409 7545
f 7199 7035 7546
f 7546 7035 7344
f 7040 7039 7412
f 7341 7547 7414
f 7548 7547 7341
f 6785 7339 7416
f 7549 7123 7117
f 7341 7550 7548
f 7346 7550 7341
f 7275 7551 7342
f 7128 7552 7273
f 7275 7482 7551
f 7417 7418 7126
f 7277 7553 7481
f 7554 7419 7340
f 7482 7419 7554
f 7421 7422 7482
f 7482 7422 7419
f 7486 7555 7210
f 7210 7555 7348
f 7555 7556 7348
f 7348 7556 7423
f 7347 7281 7557
f 7281 7426 7557
f 7131 7352 7485
f 7487 7283 7423
f 7424 7489 7488
f 7558 7212 7351
f 7284 7559 7428
f 7560 7214 6970
f 7431 7284 6971
f 7431 7133 7286
f 7561 6974 6797
f 7561 7434 6974
f 7138 7435 7562
f 7562 7436 7138
f 7496 7357 7437
f 7433 7290 7563
f 7290 7497 7563
f 7500 7360 7496
f 6978 7498 6867
f 7564 7503 7565
f 7565 7440 7500
f 7566 7499 7292
f 7564 7567 7503
f 7565 7503 7502
f 7565 7502 7440
f 7219 7359 7568
f 7568 7294 7219
f 7438 7566 7292
f 7567 7506 7503
f 7504 7569 7508
f 7506 7570 7507
f 7570 7571 7507
f 7504 7505 7569
f 7442 7572 7443
f 7443 7572 7573
f 7443 7573 7363
f 7507 7571 7509
f 7505 7574 7569
f 7574 7505 7509
f 7575 7298 7144
f 7575 7144 7511
f 6917 7365 7366
f 7512 7068 7513
f 7224 7366 7576
f 7224 7576 7368
f 7148 7302 7577
f 7370 7578 7070
f 7578 7226 7070
f 7579 7227 7226
f 7372 7580 7375
f 7515 7372 7303
f 7375 7580 7304
f 7519 7304 7580
f 7516 7517 7581
f 7518 7448 7582
f 7583 7582 7448
f 7583 7448 7446
f 7583 7446 7449
f 7584 7444 7447
f 7445 7585 7517
f 7452 7518 7586
f 7587 7453 7519
f 7588 7584 7447
f 7589 7516 7581
f 7585 7445 7452
f 7586 7585 7452
f 7516 7589 7590
f 7589 7581 7460
f 7588 7447 7454
f 7591 7451 7520
f 7522 7588 7454
f 7451 7591 7456
f 7592 7589 7461
f 7461 7589 7460
f 7316 7460 7593
f 7523 7594 7458
f 7459 7458 7595
f 7377 7379 7595
f 7525 7522 7457
f 7596 7456 7591
f 7459 7595 7379
f 6612 6391 6661
f 7525 7456 7596
f 7387 7592 7461
f 7384 7316 7593
f 7593 7526 7384
f 7597 7598 7462
f 7462 7598 7383
f 7386 7597 7462
f 7599 7463 7383
f 6614 7528 6048
f 7386 7527 7600
f 7601 7388 7463
f 7602 7390 7603
f 7390 7592 7387
f 7390 7602 7592
f 7524 7385 7380
f 7604 7388 7601
f 7529 7603 7390
f 7604 7464 7388
f 7530 7391 7465
f 7533 6262 6933
f 7400 7399 7605
f 7400 7605 7531
f 7396 7324 7606
f 7607 7325 7018
f 7607 7018 7398
f 7532 7396 7606
f 7608 7398 7191
f 7402 6050 7533
f 7534 7468 7108
f 7609 7467 7532
f 7537 7191 6897
f 6842 7471 7610
f 7195 7611 7539
f 7195 7612 7611
f 7195 7196 7612
f 7332 7536 7613
f 7410 7612 7196
f 7332 7613 7409
f 7540 7263 6952
f 7333 7614 7114
f 7541 7266 7538
f 7335 7541 7615
f 7540 7028 7616
f 7028 7199 7616
f 7335 7615 7412
f 7616 7199 7617
f 7618 7269 7336
f 7270 7269 7618
f 7549 7117 7334
f 7199 7546 7617
f 7619 7339 7413
f 7414 7620 7478
f 7544 7034 7122
f 7040 7412 7621
f 7342 7622 7337
f 7620 7414 7547
f 7547 7416 7339
f 7547 7548 7416
f 7273 7552 7415
f 7038 7480 7417
f 7128 7418 7552
f 7551 7482 7623
f 7346 7481 7624
f 7550 7346 7624
f 7553 7625 7481
f 7625 7624 7481
f 7344 7206 7626
f 7277 7627 7553
f 7627 7277 7347
f 7279 7123 7628
f 7627 7347 7629
f 7630 7485 7352
f 7423 7631 7487
f 7632 7426 7488
f 7426 7632 7557
f 7489 7350 7487
f 7213 7211 7633
f 7429 7352 7049
f 7558 7430 7212
f 6970 7490 7560
f 7354 7214 7560
f 7634 7215 7491
f 7634 7494 7288
f 7634 7288 7215
f 7055 7354 7493
f 6797 7493 7561
f 7433 7635 7286
f 7495 7636 7437
f 7637 6978 7217
f 7356 7638 7355
f 7639 7500 7496
f 7500 7639 7565
f 7497 7499 7640
f 7497 7640 7641
f 7640 7499 7566
f 7642 7506 7567
f 7568 7501 7294
f 7566 7438 7643
f 7566 7644 7640
f 7570 7506 7642
f 7645 7571 7570
f 7508 7572 7442
f 7646 7363 7573
f 7363 7646 7362
f 7645 7647 7571
f 7648 7649 7645
f 7647 7645 7649
f 7571 7647 7650
f 7571 7650 7509
f 7298 7575 7510
f 7145 7299 7651
f 7364 7301 7512
f 7368 7652 7369
f 7653 7654 7369
f 7370 7369 7654
f 7655 7302 7150
f 7071 7227 7514
f 7515 7580 7372
f 7444 7656 7515
f 7580 7657 7519
f 7582 7658 7518
f 7659 7582 7660
f 7660 7582 7583
f 7449 7660 7583
f 7657 7587 7519
f 7581 7517 7661
f 7661 7517 7585
f 7586 7518 7658
f 7662 7658 7582
f 7662 7582 7659
f 7449 7450 7660
f 7590 7520 7516
f 7585 7663 7661
f 7663 7585 7586
f 7663 7586 7664
f 7664 7586 7658
f 7665 7660 7450
f 7587 7455 7453
f 7591 7520 7590
f 7460 7581 7593
f 7593 7581 7661
f 7664 7658 7594
f 7458 7658 7662
f 7594 7658 7458
f 7662 7659 7666
f 7458 7662 7666
f 7377 7665 7450
f 7588 7522 7667
f 7663 7523 7668
f 7523 7663 7664
f 7523 7664 7594
f 7595 7458 7666
f 7593 7661 7668
f 7522 7525 7669
f 7602 7591 7590
f 7602 7590 7592
f 7592 7590 7589
f 7526 7593 7668
f 7526 7668 7523
f 7598 7599 7383
f 7670 7669 7525
f 7525 7596 7670
f 7602 7596 7591
f 7671 6661 6048
f 7386 7600 7597
f 7599 7601 7463
f 7670 7596 7602
f 7600 7527 7672
f 7604 7601 7673
f 7603 7670 7602
f 7603 7674 7670
f 7464 7604 7675
f 7674 7603 7529
f 7672 7527 7676
f 7677 7674 7529
f 7678 7385 7679
f 7466 7385 7678
f 7676 7392 7531
f 7392 7676 7527
f 7530 7677 7529
f 7323 7680 7528
f 7677 7464 7675
f 7677 7465 7464
f 7465 7677 7530
f 7394 7680 7323
f 7678 7399 7466
f 7399 7678 7605
f 7681 7533 6933
f 7324 7325 7607
f 7534 7258 7682
f 7394 7535 7683
f 7401 7682 7258
f 7467 7609 7536
f 7469 7684 7401
f 7685 7538 7468
f 7610 7537 6842
f 7406 7262 7402
f 7613 7536 7609
f 7471 7263 7686
f 7538 7685 7541
f 7473 7687 7336
f 7409 7613 7688
f 7689 7334 7406
f 7541 7690 7615
f 7691 7403 7474
f 7691 7474 7476
f 7692 7542 7411
f 7475 7693 7543
f 7545 7409 7688
f 7543 7619 7413
f 7544 7694 7475
f 7695 7477 7478
f 7620 7696 7478
f 7339 7619 7697
f 7040 7621 7479
f 7697 7620 7547
f 7697 7547 7339
f 7122 7415 7544
f 7342 7698 7622
f 7699 7270 7618
f 7551 7698 7342
f 7548 7480 7416
f 7548 7550 7480
f 7699 7340 7270
f 7480 7700 7417
f 7701 7554 7340
f 7553 7702 7625
f 7623 7482 7703
f 7703 7482 7554
f 7626 7206 7484
f 7704 7347 7557
f 7347 7704 7629
f 7351 7279 7628
f 7486 7485 7705
f 7633 7211 7278
f 7423 7556 7631
f 7706 7489 7487
f 7706 7488 7489
f 7706 7632 7488
f 7492 7429 7353
f 7432 7707 7492
f 7635 7431 7286
f 7355 7638 7708
f 7641 7563 7497
f 7563 7641 7709
f 7439 7710 7356
f 7641 7640 7711
f 7643 7438 7501
f 7640 7712 7711
f 7713 7296 7361
f 7712 7640 7644
f 7714 7570 7642
f 7566 7715 7644
f 7711 7712 7716
f 7717 7648 7718
f 7713 7361 7362
f 7566 7643 7715
f 7718 7645 7714
f 7718 7648 7645
f 7714 7645 7570
f 7712 7719 7716
f 7720 7713 7362
f 7644 7721 7712
f 7719 7722 7716
f 7716 7722 7723
f 7720 7362 7646
f 7719 7712 7721
f 7723 7722 7724
f 7724 7725 7726
f 7572 7727 7573
f 7724 7722 7725
f 7728 7729 7730
f 7572 7508 7569
f 7725 7731 7726
f 7726 7731 7728
f 7731 7729 7728
f 7730 7729 7732
f 7733 7569 7574
f 7569 7733 7572
f 7734 7649 7648
f 7649 7735 7647
f 7736 7574 7509
f 7509 7650 7736
f 7731 7737 7729
f 7729 7738 7732
f 7737 7738 7729
f 7732 7738 7739
f 7739 7740 7741
f 7738 7742 7739
f 7743 7738 7737
f 7738 7743 7742
f 7510 7651 7299
f 7365 7145 7651
f 7744 7511 7364
f 7365 7745 7366
f 7744 7364 7512
f 7367 7513 7069
f 7653 7369 7652
f 7746 7225 7148
f 7577 7746 7148
f 7370 7654 7578
f 7747 7655 7150
f 7514 7747 7150
f 7515 7748 7580
f 7656 7748 7515
f 7656 7444 7749
f 7444 7584 7749
f 7750 7584 7751
f 7584 7588 7751
f 7665 7659 7660
f 7666 7659 7665
f 7587 7752 7455
f 7667 7751 7588
f 7595 7666 7665
f 7595 7665 7377
f 7752 7521 7455
f 7668 7661 7663
f 7752 7753 7521
f 7522 7669 7667
f 7521 7753 7524
f 7597 7600 7754
f 7598 7755 7599
f 7671 6612 6661
f 7604 7673 7756
f 7757 7669 7670
f 7679 7385 7524
f 7753 7679 7524
f 7757 7670 7674
f 7675 7604 7756
f 7758 7757 7674
f 7531 7759 7676
f 7677 7758 7674
f 6933 7094 7760
f 7605 7678 7759
f 7605 7759 7531
f 7606 7761 7532
f 7762 7468 7534
f 7684 7682 7401
f 7761 7609 7532
f 7685 7468 7762
f 7609 7763 7613
f 7410 7764 7612
f 7765 7541 7685
f 7540 7686 7263
f 7614 7535 7114
f 7764 7410 7542
f 7690 7541 7765
f 7613 7766 7688
f 7469 7403 7691
f 7767 7334 7689
f 7768 7336 7687
f 7621 7615 7690
f 7767 7549 7334
f 7621 7412 7615
f 7691 7476 7769
f 7694 7693 7475
f 7621 7769 7479
f 7479 7769 7476
f 7768 7618 7336
f 7543 7770 7619
f 7771 7694 7544
f 7772 7337 7622
f 7692 7411 7477
f 7696 7695 7478
f 7415 7773 7544
f 7623 7698 7551
f 7549 7774 7123
f 7340 7699 7701
f 7550 7700 7480
f 7775 7418 7417
f 7776 7625 7777
f 7343 7778 7274
f 7628 7123 7774
f 7702 7777 7625
f 7624 7625 7776
f 7701 7703 7554
f 7779 7553 7627
f 7553 7779 7702
f 7778 7483 7274
f 7705 7555 7486
f 7628 7780 7351
f 7282 7427 7781
f 7558 7351 7780
f 7706 7487 7631
f 7428 7559 7427
f 7430 7558 7782
f 7560 7783 7354
f 7284 7784 7559
f 7430 7785 7491
f 7492 7786 7429
f 7494 7787 7495
f 7561 7493 7788
f 7355 7708 7432
f 7432 7708 7707
f 7635 7433 7789
f 7437 7636 7790
f 7563 7789 7433
f 7790 7496 7437
f 7791 7563 7709
f 7792 7564 7793
f 7793 7564 7565
f 7793 7565 7639
f 7794 7567 7564
f 7498 7795 7358
f 7711 7709 7641
f 7794 7642 7567
f 7796 7642 7794
f 7358 7795 7359
f 7796 7714 7642
f 7359 7795 7797
f 7718 7796 7798
f 7796 7718 7714
f 7439 7799 7710
f 7439 7296 7799
f 7501 7568 7800
f 7713 7799 7296
f 7711 7716 7723
f 7723 7724 7801
f 7801 7724 7802
f 7501 7803 7643
f 7802 7728 7804
f 7728 7805 7804
f 7802 7726 7728
f 7715 7643 7803
f 7724 7726 7802
f 7728 7730 7805
f 7730 7806 7805
f 7644 7715 7721
f 7717 7734 7648
f 7721 7807 7719
f 7808 7809 7741
f 7722 7719 7810
f 7730 7732 7809
f 7811 7812 7813
f 7572 7733 7814
f 7719 7807 7810
f 7732 7739 7809
f 7810 7725 7722
f 7809 7739 7741
f 7815 7649 7734
f 7574 7736 7816
f 7649 7817 7735
f 7647 7735 7818
f 7647 7818 7650
f 7650 7818 7736
f 7810 7819 7725
f 7725 7819 7731
f 7741 7820 7821
f 7741 7740 7820
f 7731 7819 7822
f 7731 7822 7737
f 7739 7742 7740
f 7823 7737 7822
f 7737 7823 7743
f 7820 7740 7824
f 7743 7825 7742
f 7742 7825 7740
f 7740 7825 7826
f 7740 7826 7824
f 7575 7511 7827
f 7576 7828 7368
f 7746 7367 7225
f 7655 7577 7302
f 7579 7829 7227
f 7748 7656 7830
f 7749 7830 7656
f 7831 7580 7748
f 7584 7750 7749
f 7580 7832 7657
f 7832 7580 7831
f 7657 7832 7587
f 7833 7587 7832
f 7833 7752 7587
f 7756 7834 7751
f 7667 7756 7751
f 7835 7753 7752
f 7836 7598 7597
f 7836 7755 7598
f 7755 7837 7599
f 7599 7837 7834
f 7834 7601 7599
f 7834 7673 7601
f 7673 7834 7756
f 7838 7756 7667
f 7597 7754 7836
f 7838 7667 7757
f 7757 7667 7669
f 7156 7839 6611
f 6612 7671 7839
f 7600 7672 7754
f 7675 7756 7838
f 7758 7838 7757
f 7528 7671 6048
f 7679 7753 7759
f 7759 7835 7676
f 7676 7835 7840
f 7676 7840 7672
f 7675 7838 7758
f 7760 7094 6115
f 7678 7679 7759
f 7677 7675 7758
f 7841 7528 7680
f 7398 7608 7607
f 7761 7763 7609
f 7766 7613 7763
f 7765 7685 7762
f 7686 7540 7842
f 7614 7333 7772
f 7843 7768 7687
f 7692 7844 7542
f 7621 7690 7769
f 7333 7337 7772
f 7543 7693 7770
f 7619 7770 7697
f 7695 7696 7845
f 7696 7620 7697
f 7771 7544 7773
f 7846 7692 7477
f 7477 7695 7846
f 7546 7344 7847
f 7545 7848 7343
f 7700 7775 7417
f 7777 7702 7849
f 7850 7629 7704
f 7851 7633 7278
f 7485 7630 7705
f 7704 7557 7632
f 7852 7558 7780
f 7853 7631 7556
f 7854 7633 7851
f 7632 7706 7855
f 7854 7213 7633
f 7490 7213 7854
f 7782 7785 7430
f 7284 7431 7784
f 7856 7494 7634
f 7494 7856 7787
f 7787 7857 7495
f 7561 7858 7434
f 7789 7563 7791
f 7792 7794 7564
f 7637 7859 6978
f 7498 6978 7859
f 7709 7711 7791
f 7860 7791 7711
f 7356 7710 7638
f 7860 7711 7723
f 7359 7797 7861
f 7568 7359 7861
f 7801 7860 7723
f 7862 7717 7718
f 7863 7715 7803
f 7811 7864 7865
f 7864 7811 7866
f 7806 7809 7867
f 7809 7808 7867
f 7868 7865 7869
f 7806 7730 7809
f 7868 7812 7865
f 7866 7811 7734
f 7866 7734 7717
f 7721 7715 7863
f 7821 7808 7741
f 7870 7808 7821
f 7821 7871 7870
f 7865 7812 7811
f 7868 7872 7873
f 7868 7873 7812
f 7727 7572 7814
f 7872 7874 7873
f 7812 7875 7813
f 7734 7811 7813
f 7816 7733 7574
f 7873 7876 7812
f 7812 7876 7875
f 7813 7815 7734
f 7736 7877 7816
f 7821 7878 7874
f 7649 7815 7817
f 7813 7875 7879
f 7815 7813 7879
f 7824 7821 7820
f 7821 7824 7878
f 7880 7876 7873
f 7878 7824 7881
f 7882 7822 7819
f 7823 7825 7743
f 7883 7825 7823
f 7825 7883 7826
f 7575 7884 7510
f 7885 7651 7510
f 7744 7827 7511
f 7651 7886 7365
f 7745 7365 7886
f 7576 7366 7745
f 7367 7887 7513
f 7828 7652 7368
f 7578 7888 7226
f 7888 7579 7226
f 7829 7514 7227
f 7889 7748 7830
f 7830 7749 7890
f 7750 7891 7749
f 7749 7891 7890
f 7751 7891 7750
f 7832 7892 7833
f 7834 7891 7751
f 7893 7833 7892
f 7837 7890 7891
f 7834 7837 7891
f 7833 7893 7752
f 7893 7892 7894
f 7752 7893 7835
f 7755 7836 7895
f 7755 7895 7896
f 7755 7896 7837
f 7754 7894 7836
f 7835 7893 7840
f 7840 7893 7754
f 7754 7893 7894
f 7672 7840 7754
f 7839 7156 6612
f 7759 7753 7835
f 7681 6933 7760
f 7606 7324 7897
f 7611 7898 7539
f 7899 7534 7682
f 7473 7539 7898
f 7534 7899 7762
f 7900 7682 7684
f 7686 7610 7471
f 7684 7901 7900
f 7469 7901 7684
f 7765 7762 7902
f 7690 7765 7902
f 7691 7901 7469
f 7769 7690 7902
f 7691 7769 7901
f 7617 7546 7903
f 7847 7903 7546
f 7846 7904 7692
f 7905 7846 7695
f 7906 7622 7698
f 7907 7906 7698
f 7415 7552 7773
f 7418 7775 7552
f 7778 7343 7848
f 7344 7626 7908
f 7776 7777 7909
f 7700 7550 7910
f 7849 7702 7779
f 7624 7910 7550
f 7778 7848 7483
f 7851 7278 7483
f 7781 7484 7282
f 7705 7911 7555
f 7555 7853 7556
f 7781 7427 7912
f 7631 7853 7913
f 7352 7914 7630
f 7631 7915 7706
f 7782 7558 7852
f 7559 7912 7427
f 7429 7914 7352
f 7916 7914 7429
f 7917 7491 7785
f 7429 7786 7916
f 7917 7634 7491
f 7856 7634 7917
f 7918 7784 7431
f 7635 7918 7431
f 7636 7495 7857
f 7858 7919 7434
f 7435 7434 7919
f 7919 7562 7435
f 7920 7496 7790
f 7920 7639 7496
f 7791 7921 7789
f 7922 7794 7792
f 7638 7923 7708
f 7924 7801 7804
f 7801 7802 7804
f 7804 7805 7925
f 7862 7718 7798
f 7861 7800 7568
f 7805 7806 7926
f 7927 7717 7862
f 7803 7501 7800
f 7926 7806 7867
f 7866 7717 7927
f 7867 7808 7928
f 7866 7927 7864
f 7869 7865 7929
f 7929 7865 7864
f 7928 7808 7870
f 7872 7868 7869
f 7870 7871 7872
f 7727 7646 7573
f 7871 7874 7872
f 7863 7930 7721
f 7821 7874 7871
f 7807 7721 7930
f 7878 7931 7874
f 7874 7931 7873
f 7932 7810 7807
f 7736 7818 7933
f 7736 7933 7877
f 7880 7873 7931
f 7815 7879 7934
f 7815 7934 7817
f 7935 7818 7735
f 7878 7880 7931
f 7810 7932 7819
f 7881 7880 7878
f 7875 7936 7879
f 7880 7937 7876
f 7876 7936 7875
f 7880 7938 7937
f 7876 7937 7939
f 7936 7876 7939
f 7882 7823 7822
f 7881 7824 7940
f 7826 7941 7824
f 7826 7883 7941
f 7942 7575 7827
f 7943 7887 7367
f 7746 7943 7367
f 7944 7652 7945
f 7944 7653 7652
f 7946 7653 7944
f 7653 7946 7654
f 7579 7947 7829
f 7748 7948 7831
f 7889 7948 7748
f 7896 7889 7830
f 7896 7830 7890
f 7831 7892 7832
f 7892 7831 7948
f 7895 7948 7889
f 7895 7889 7896
f 7836 7892 7948
f 7836 7948 7895
f 7837 7896 7890
f 7894 7892 7836
f 7949 6611 7839
f 6115 7949 7760
f 7949 6115 6611
f 7671 7528 7841
f 7950 7680 7394
f 7897 7324 7607
f 7951 7607 7608
f 7950 7394 7683
f 7897 7952 7606
f 7953 7402 7533
f 7608 7191 7954
f 7954 7191 7537
f 7606 7952 7761
f 7955 7537 7610
f 7956 7687 7473
f 7473 7898 7956
f 7899 7682 7900
f 7953 7406 7402
f 7899 7902 7762
f 7957 7535 7614
f 7769 7902 7901
f 7614 7772 7957
f 7958 7768 7843
f 7959 7768 7958
f 7540 7616 7960
f 7961 7616 7617
f 7904 7962 7692
f 7963 7770 7693
f 7694 7963 7693
f 7961 7617 7903
f 7697 7964 7696
f 7696 7964 7845
f 7697 7770 7964
f 7688 7965 7545
f 7906 7772 7622
f 7905 7695 7845
f 7849 7904 7846
f 7966 7846 7905
f 7966 7905 7967
f 7848 7545 7968
f 7969 7907 7698
f 7849 7846 7966
f 7909 7966 7967
f 7908 7847 7344
f 7777 7849 7966
f 7777 7966 7909
f 7552 7775 7970
f 7623 7969 7698
f 7910 7775 7700
f 7703 7969 7623
f 7701 7969 7703
f 7779 7971 7849
f 7972 7624 7776
f 7624 7972 7910
f 7779 7627 7971
f 7627 7973 7971
f 7974 7973 7627
f 7626 7484 7975
f 7627 7629 7974
f 7705 7976 7911
f 7629 7850 7974
f 7555 7977 7853
f 7704 7632 7978
f 7631 7913 7915
f 7706 7915 7855
f 7560 7490 7854
f 7979 7559 7784
f 7492 7980 7786
f 7354 7981 7493
f 7707 7980 7492
f 7493 7981 7788
f 7436 7637 7217
f 7793 7982 7792
f 7793 7639 7920
f 7794 7922 7983
f 7796 7794 7983
f 7984 7798 7796
f 7498 7859 7795
f 7985 7791 7860
f 7860 7801 7924
f 7986 7862 7798
f 7987 7638 7710
f 7710 7799 7987
f 7925 7805 7926
f 7869 7929 7988
f 7989 7928 7870
f 7869 7990 7991
f 7992 7803 7800
f 7991 7872 7869
f 7720 7993 7713
f 7863 7803 7992
f 7870 7872 7991
f 7816 7994 7733
f 7733 7994 7814
f 7877 7995 7816
f 7816 7995 7994
f 7930 7932 7807
f 7932 7996 7819
f 7997 7817 7934
f 7817 7997 7998
f 7817 7998 7735
f 7735 7998 7935
f 7938 7880 7881
f 7934 7879 7999
f 7940 7938 7881
f 7823 8000 7883
f 8001 7941 7883
f 7885 7510 7884
f 7884 7575 7942
f 8002 7827 7744
f 8003 8002 7744
f 7744 7512 8003
f 7828 7576 8004
f 7945 7652 7828
f 8005 7654 7946
f 7578 7654 8005
f 8006 7841 7680
f 7533 7681 7953
f 7612 8007 7611
f 7612 7764 8007
f 7542 8008 7764
f 7899 7900 7902
f 8009 7406 7953
f 8009 7689 7406
f 7843 8010 7958
f 7902 7900 7901
f 7842 7540 7960
f 7766 8011 7688
f 8012 7957 7772
f 7962 7844 7692
f 7961 7960 7616
f 8013 7768 7959
f 7963 7964 7770
f 7694 7771 7963
f 7968 7545 7965
f 7845 8014 7905
f 7618 7768 8015
f 7552 8016 7773
f 7618 8015 7699
f 7970 8016 7552
f 7849 7971 8017
f 7699 8018 7701
f 8019 7776 7909
f 8019 7972 7776
f 7910 7972 7775
f 7972 7970 7775
f 7975 7908 7626
f 7848 8020 7483
f 8020 7851 7483
f 7555 7911 7977
f 7978 7850 7704
f 7978 7632 7855
f 7852 8021 7782
f 8021 7785 7782
f 7559 7979 7912
f 7783 7981 7354
f 8022 7918 7635
f 7636 7857 8023
f 7707 8024 7980
f 8025 7561 7788
f 8025 7858 7561
f 7789 8022 7635
f 7636 8023 7790
f 7919 8026 7562
f 7708 8024 7707
f 8027 8024 7708
f 7436 7562 8028
f 8029 7789 7921
f 7792 7982 8030
f 7982 7793 7920
f 7436 8031 7637
f 7922 7792 8030
f 8027 7708 7923
f 8032 7859 7637
f 7921 7791 7985
f 7984 7796 7983
f 7798 7984 8033
f 7985 7860 7924
f 7986 7798 8033
f 8034 7924 7804
f 7804 7925 8034
f 7927 7862 7986
f 8035 7988 7864
f 8035 7864 7927
f 7926 7867 8036
f 7988 7929 7864
f 7861 8037 7800
f 7713 8038 7799
f 7713 8039 8038
f 7870 7991 7989
f 7800 8040 7992
f 7713 7993 8039
f 7992 8041 7863
f 8042 7646 7727
f 8041 7930 7863
f 7814 7994 8043
f 7932 7930 8044
f 7933 7818 7935
f 7879 7936 7999
f 7996 7882 7819
f 7940 8045 7938
f 7938 8045 7937
f 8046 7937 8045
f 7937 8046 7939
f 8047 7823 7882
f 8048 7824 7941
f 7824 8048 7940
f 8000 7823 8047
f 8000 8049 7883
f 8001 7883 8049
f 8002 7942 7827
f 7651 8050 7886
f 8051 8003 7512
f 7576 7745 8004
f 8051 7512 7513
f 8052 7945 7828
f 8005 8053 7578
f 8053 7888 7578
f 7888 7947 7579
f 8054 7671 7841
f 7607 7951 7897
f 8055 7898 7611
f 7764 8056 8007
f 7954 7537 7955
f 7956 8057 7687
f 8058 7955 7610
f 8058 7610 7686
f 8057 7843 7687
f 8059 7763 7761
f 7766 7763 8059
f 7766 8059 8011
f 8060 7845 7964
f 8060 7964 7963
f 7773 8016 7963
f 7771 7773 7963
f 8015 7768 8013
f 7905 8014 7967
f 7904 7849 8017
f 8019 7909 7967
f 7970 8061 8016
f 7908 8062 7847
f 7971 8063 8017
f 8061 7970 7972
f 8018 7969 7701
f 7699 8015 8018
f 7484 7781 7975
f 7628 8064 7780
f 7976 7705 7630
f 8065 7854 7851
f 8064 7852 7780
f 7853 8066 7913
f 7914 8067 7630
f 8068 7978 7855
f 7787 7856 8069
f 8025 7919 7858
f 8070 7790 8023
f 8022 7789 8029
f 8070 7920 7790
f 8028 8031 7436
f 7922 8071 7983
f 7984 7983 8072
f 7638 8073 7923
f 8074 7925 7926
f 7926 8036 8074
f 7990 7869 7988
f 8073 7638 7987
f 7928 8075 7867
f 7928 8076 8075
f 8036 7867 8077
f 7928 7989 8076
f 7799 8038 7987
f 8037 8040 7800
f 7646 8078 7720
f 7720 8078 7993
f 8042 8078 7646
f 7727 8079 8042
f 7814 8043 7727
f 7727 8043 8079
f 8080 7930 8041
f 8081 7994 7995
f 8044 7930 8080
f 8082 7935 7998
f 7996 7932 8044
f 7999 7997 7934
f 8083 7882 7996
f 7939 8084 7936
f 7939 8046 8084
f 8045 7940 8048
f 7941 8085 8048
f 7941 8001 8085
f 8000 8086 8049
f 8087 7651 7885
f 7651 8087 8050
f 7886 8004 7745
f 8004 8052 7828
f 8051 7513 7887
f 7945 8088 7944
f 7577 8089 7746
f 7655 8090 7577
f 7655 7747 8090
f 7829 8091 7514
f 8092 7839 7671
f 8093 7760 7949
f 8094 7760 8093
f 8094 7681 7760
f 8055 7611 8007
f 7764 8008 8056
f 7542 7844 8008
f 7957 7683 7535
f 8095 7958 8010
f 8009 8096 7689
f 7962 8097 7844
f 8095 7959 7958
f 8012 8098 7957
f 8095 8099 7959
f 7688 8011 7965
f 8100 8012 7772
f 7772 7906 8100
f 8017 8101 7962
f 7904 8017 7962
f 8060 8014 7845
f 8060 7963 8102
f 8102 7963 8016
f 8103 7903 7847
f 7906 7907 8104
f 8105 7907 7969
f 7972 8019 8061
f 7971 8106 8063
f 8107 8106 7971
f 7973 8108 8107
f 7973 8107 7971
f 7974 8108 7973
f 7976 8109 7911
f 8110 8109 7976
f 8065 7851 8020
f 7850 7978 8111
f 8112 7781 7912
f 7977 8066 7853
f 8113 7854 8065
f 8114 8112 7912
f 8068 8115 7978
f 7913 8116 7915
f 7915 8068 7855
f 7915 8116 8068
f 7560 7854 8113
f 7916 8067 7914
f 8113 8117 7560
f 8117 7783 7560
f 8118 7912 7979
f 7918 7979 7784
f 7857 7787 8069
f 8023 7857 8119
f 7562 8026 8028
f 8120 7920 8070
f 7920 8120 7982
f 7921 7985 8029
f 8032 8121 7859
f 7859 8121 7795
f 7927 7986 8033
f 7990 7988 8122
f 8077 7867 8075
f 8123 7861 7797
f 7989 7991 8124
f 8124 7991 7990
f 8125 8041 7992
f 8080 8041 8125
f 8081 8043 7994
f 8083 7996 8044
f 8126 7998 7997
f 7998 8126 8082
f 7936 8084 8127
f 7936 8127 7999
f 8047 7882 8083
f 8128 7885 7884
f 8129 8128 7884
f 8129 7884 7942
f 8089 7943 7746
f 7946 8130 8005
f 7747 7514 8091
f 8092 7671 8054
f 7680 7950 8006
f 8131 7953 7681
f 7956 7898 8132
f 7844 8133 8008
f 8058 7686 7842
f 8098 7683 7957
f 8096 7767 7689
f 7959 8134 8013
f 8134 7959 8135
f 8135 7959 8099
f 8104 8100 7906
f 8017 8063 8101
f 8136 8014 8102
f 8102 8014 8060
f 7967 8014 8136
f 8061 8102 8016
f 7767 8137 7549
f 8137 7774 7549
f 8105 8104 7907
f 8019 8136 8061
f 8061 8136 8102
f 8138 8015 8013
f 8136 8019 7967
f 7968 8139 7848
f 8139 8020 7848
f 7774 8140 7628
f 8141 7908 7975
f 7628 8140 8064
f 7975 7781 8141
f 7974 8142 8108
f 7974 7850 8142
f 8111 8142 7850
f 8111 7978 8115
f 7856 7917 8143
f 8144 7981 7783
f 8144 8145 7981
f 7788 7981 8145
f 8022 8146 7918
f 8145 8025 7788
f 7980 8147 8148
f 8024 8147 7980
f 8029 8149 8022
f 8027 8147 8024
f 7922 8030 8071
f 7985 8150 8029
f 7923 8151 8027
f 7924 8150 7985
f 7924 8152 8150
f 8152 7924 8034
f 8034 7925 8153
f 7925 8074 8153
f 8154 7988 8035
f 8155 8035 7927
f 8155 7927 8033
f 8156 8075 8076
f 7990 8122 8124
f 8121 8157 7795
f 7795 8157 7797
f 8157 8123 7797
f 8037 8158 8040
f 7992 8040 8159
f 8159 8125 7992
f 7877 8160 7995
f 7877 7933 8161
f 7935 8161 7933
f 8162 8046 8045
f 8048 8162 8045
f 8163 8048 8085
f 8086 8164 8049
f 8049 8164 8165
f 8049 8165 8001
f 8166 8087 7885
f 8166 7885 8128
f 8050 8087 8167
f 8168 7945 8052
f 8169 7887 7943
f 8168 8088 7945
f 8088 8170 7944
f 8090 8089 7577
f 7944 8170 7946
f 8005 8130 8053
f 7949 7839 8171
f 7949 8171 8093
f 7681 8094 8131
f 7898 8055 8132
f 7956 8132 8057
f 7897 8172 7952
f 8173 7951 7608
f 8174 7954 7955
f 7761 7952 8059
f 8175 8095 8010
f 8097 8133 7844
f 7962 8101 8097
f 8176 8099 8095
f 7903 8177 7961
f 8178 8099 8176
f 8101 8063 8179
f 8178 8176 8179
f 8178 8179 8063
f 8135 8099 8178
f 8104 8105 8180
f 8134 8138 8013
f 8106 8178 8063
f 8018 8105 7969
f 8181 8018 8015
f 8181 8015 8138
f 8139 8182 8020
f 8182 8065 8020
f 8183 7911 8109
f 7781 8112 8141
f 7630 8184 7976
f 7977 7911 8183
f 8185 7852 8064
f 8186 7913 8066
f 7913 8187 8116
f 8068 8116 8188
f 8021 8189 7785
f 7917 7785 8143
f 8117 8144 7783
f 8143 8069 7856
f 8069 8190 7857
f 8190 8119 7857
f 8023 8119 8070
f 8191 7982 8120
f 8191 8030 7982
f 7983 8192 8072
f 8031 8032 7637
f 8193 7984 8072
f 8193 8033 7984
f 8152 8034 8153
f 7923 8073 8151
f 7988 8194 8122
f 8195 8124 8122
f 7989 8195 8076
f 8195 7989 8124
f 8196 8037 7861
f 7993 8197 8039
f 8037 8196 8158
f 8078 8197 7993
f 8158 8159 8040
f 8078 8198 8197
f 8078 8042 8198
f 8199 8081 7995
f 8160 8199 7995
f 8200 8160 7877
f 7877 8161 8200
f 7935 8082 8161
f 8126 7997 7999
f 8126 7999 8127
f 8201 8084 8046
f 8127 8084 8202
f 8083 8203 8047
f 8162 8201 8046
f 8162 8048 8163
f 8204 8047 8203
f 8000 8047 8204
f 8000 8204 8086
f 8205 8129 7942
f 8002 8205 7942
f 8003 8206 8002
f 8004 7886 8207
f 8208 7946 8170
f 7946 8208 8130
f 8091 8209 7747
f 7888 8210 7947
f 7839 8092 8211
f 8212 8055 8007
f 8056 8008 8213
f 8172 7897 8214
f 8010 7843 8057
f 8008 8133 8213
f 8215 7950 7683
f 8097 8216 8133
f 8217 7683 8098
f 8101 8218 8097
f 8103 8177 7903
f 8219 7968 7965
f 8062 8103 7847
f 8220 8134 8135
f 8220 8135 8221
f 8178 8221 8135
f 8106 8221 8178
f 7968 8219 8139
f 8105 8018 8181
f 8140 7774 8137
f 8107 8221 8106
f 8222 8221 8107
f 8223 8062 7908
f 8107 8108 8222
f 8142 8111 8224
f 7630 8067 8184
f 8225 8113 8065
f 8226 8066 7977
f 8186 8187 7913
f 8188 8115 8068
f 8185 8021 7852
f 7916 8227 8067
f 7786 8227 7916
f 8228 8118 7979
f 7918 8228 7979
f 8227 7786 8148
f 7980 8148 7786
f 8022 8229 8146
f 7919 8025 8230
f 8149 8229 8022
f 8030 8191 8231
f 8029 8150 8149
f 8192 7983 8071
f 7988 8154 8194
f 8074 8036 8232
f 8075 8156 8233
f 8036 8077 8233
f 8233 8077 8075
f 8073 7987 8234
f 8123 8196 7861
f 8235 8038 8039
f 8235 8039 8197
f 8236 8198 8042
f 8237 8125 8159
f 8081 8199 8043
f 8044 8080 8238
f 8238 8083 8044
f 8238 8239 8083
f 8240 8083 8239
f 8203 8083 8240
f 8202 8084 8201
f 8163 8201 8162
f 8165 8085 8001
f 8128 8129 8166
f 8206 8003 8241
f 8207 8052 8004
f 8168 8052 8242
f 8243 7887 8169
f 7747 8244 8090
f 7747 8209 8244
f 8210 7829 7947
f 7839 8211 8171
f 8212 8132 8055
f 7951 8214 7897
f 7954 8173 7608
f 8173 7954 8174
f 8175 8245 8095
f 7952 8246 8059
f 8217 8215 7683
f 8176 8095 8245
f 8245 8247 8176
f 8059 8246 8011
f 7960 8248 7842
f 8098 8012 8217
f 8249 8179 8176
f 8218 8179 8249
f 8101 8179 8218
f 8250 7965 8011
f 8251 8012 8100
f 8252 8251 8100
f 7965 8250 8219
f 8104 8252 8100
f 8253 8180 8105
f 8222 8220 8221
f 7908 8141 8223
f 8108 8142 8222
f 8184 8110 7976
f 8225 8065 8182
f 8226 7977 8183
f 8066 8226 8186
f 8188 8116 8187
f 8118 8114 7912
f 8143 7785 8189
f 8254 8190 8069
f 8027 8255 8147
f 8030 8231 8256
f 8071 8030 8256
f 8255 8027 8151
f 8032 8031 8257
f 8258 8153 8074
f 8232 8258 8074
f 8035 8259 8154
f 8035 8155 8259
f 8036 8233 8232
f 8076 8260 8156
f 8260 8076 8261
f 8261 8076 8195
f 8073 8234 8151
f 8123 8262 8196
f 7987 8038 8234
f 8079 8236 8042
f 8079 8263 8236
f 8043 8263 8079
f 8125 8237 8080
f 8237 8264 8080
f 8161 8265 8200
f 8264 8238 8080
f 8161 8082 8266
f 8267 8082 8126
f 8268 8126 8127
f 8268 8127 8269
f 8086 8270 8164
f 8271 8165 8164
f 8272 8166 8129
f 7886 8050 8273
f 8051 8241 8003
f 8243 8241 8051
f 7887 8243 8051
f 8088 8168 8274
f 8089 8169 7943
f 8088 8274 8170
f 8089 8090 8275
f 8170 8276 8208
f 8130 8208 8277
f 8278 8091 7829
f 8053 8279 7888
f 8279 8210 7888
f 8280 7841 8006
f 8094 8281 8131
f 8174 7955 8282
f 8283 8172 8214
f 7955 8058 8282
f 8172 8283 8246
f 7952 8172 8246
f 8058 7842 8248
f 8247 8249 8176
f 7960 7961 8248
f 8217 8012 8284
f 8248 7961 8285
f 8096 8286 7767
f 8246 8250 8011
f 8177 8285 7961
f 8251 8284 8012
f 8287 8252 8104
f 8180 8287 8104
f 8103 8062 8288
f 8289 8138 8134
f 8289 8134 8220
f 8222 8290 8220
f 8291 8110 8292
f 8142 8290 8222
f 8109 8110 8291
f 8291 8183 8109
f 8293 8064 8140
f 8293 8185 8064
f 8294 8224 8111
f 8111 8115 8294
f 8295 8141 8112
f 8067 8296 8184
f 8295 8112 8114
f 8187 8297 8188
f 8225 8117 8113
f 8067 8227 8296
f 8189 8021 8185
f 8189 8298 8143
f 8299 8145 8144
f 8146 8228 7918
f 8299 8300 8145
f 8300 8025 8145
f 8230 8025 8300
f 8230 8026 7919
f 8070 8119 8301
f 8120 8070 8302
f 8120 8302 8191
f 8303 8028 8026
f 8193 8072 8304
f 8033 8193 8155
f 8258 8305 8153
f 8122 8194 8261
f 8261 8195 8122
f 8306 8234 8038
f 8235 8306 8038
f 8043 8307 8263
f 8199 8307 8043
f 8265 8161 8266
f 8082 8267 8266
f 8126 8268 8267
f 8269 8127 8202
f 8163 8308 8201
f 8308 8085 8309
f 8085 8308 8163
f 8204 8270 8086
f 8085 8165 8309
f 8206 8205 8002
f 8273 8207 7886
f 8207 8242 8052
f 8276 8310 8208
f 8310 8277 8208
f 8278 8209 8091
f 8171 8311 8093
f 8281 8094 8093
f 8311 8281 8093
f 8280 8054 7841
f 8312 8212 8007
f 8056 8312 8007
f 8010 8057 8313
f 8173 8174 8314
f 7953 8096 8009
f 8315 8216 8097
f 8316 8058 8248
f 8217 8317 8215
f 8286 8137 7767
f 8219 8250 8318
f 8319 8103 8288
f 8287 8180 8320
f 8253 8105 8181
f 8289 8181 8138
f 8290 8289 8220
f 8321 8288 8223
f 8288 8062 8223
f 8293 8140 8137
f 8139 8322 8182
f 8224 8290 8142
f 8184 8323 8110
f 8296 8323 8184
f 8294 8115 8324
f 8324 8115 8188
f 8187 8186 8297
f 8225 8325 8117
f 8144 8117 8325
f 8298 8326 8143
f 8069 8143 8326
f 8191 8327 8231
f 8302 8327 8191
f 8149 8328 8229
f 8071 8256 8329
f 8192 8071 8329
f 8028 8330 8031
f 8072 8331 8304
f 8331 8072 8192
f 8150 8152 8332
f 8152 8305 8332
f 8152 8153 8305
f 8333 8155 8193
f 8255 8151 8334
f 8233 8156 8335
f 8121 8032 8257
f 8262 8336 8196
f 8196 8336 8158
f 8336 8159 8158
f 8336 8337 8159
f 8337 8237 8159
f 8202 8201 8338
f 8308 8338 8201
f 8270 8204 8339
f 8309 8165 8271
f 8166 8340 8087
f 8341 8272 8129
f 8341 8129 8205
f 8342 8242 8207
f 8343 8242 8342
f 8343 8168 8242
f 8169 8089 8344
f 8170 8274 8276
f 8277 8345 8130
f 8130 8345 8053
f 8345 8279 8053
f 8092 8346 8211
f 8280 8347 8054
f 8056 8348 8312
f 8132 8313 8057
f 8348 8056 8213
f 8215 8006 7950
f 7951 8173 8214
f 8174 8349 8314
f 8006 8215 8317
f 8316 8282 8058
f 8246 8283 8350
f 8284 8317 8217
f 8318 8250 8246
f 8246 8350 8318
f 8177 8351 8285
f 8319 8351 8177
f 8319 8177 8103
f 8352 8181 8289
f 8352 8253 8181
f 8219 8353 8322
f 8219 8322 8139
f 8291 8292 8354
f 8354 8355 8291
f 8290 8224 8356
f 8355 8183 8291
f 8357 8183 8358
f 8359 8225 8182
f 8357 8226 8183
f 8226 8360 8186
f 8360 8297 8186
f 8326 8254 8069
f 8146 8361 8228
f 8254 8362 8190
f 8363 8026 8230
f 8229 8364 8146
f 8301 8302 8070
f 8147 8365 8148
f 8328 8364 8229
f 8255 8365 8147
f 8256 8231 8366
f 8149 8150 8328
f 8193 8304 8367
f 8330 8257 8031
f 8233 8368 8232
f 8156 8260 8335
f 8157 8121 8369
f 8198 8370 8197
f 8371 8264 8237
f 8372 8199 8160
f 8199 8372 8307
f 8373 8372 8160
f 8160 8200 8374
f 8160 8374 8373
f 8200 8265 8374
f 8267 8268 8375
f 8375 8268 8269
f 8204 8203 8339
f 8376 8164 8270
f 8271 8377 8309
f 8164 8376 8271
f 8341 8205 8206
f 8378 8168 8343
f 8274 8168 8378
f 8344 8089 8275
f 8244 8275 8090
f 8244 8209 8379
f 8347 8092 8054
f 8212 8380 8132
f 8133 8381 8213
f 8174 8282 8349
f 8131 8382 7953
f 8382 8096 7953
f 8383 8249 8247
f 8218 8315 8097
f 8283 8384 8350
f 8316 8248 8385
f 8248 8285 8385
f 8386 8317 8284
f 8251 8386 8284
f 8251 8387 8386
f 8252 8388 8251
f 8318 8353 8219
f 8320 8180 8253
f 8320 8253 8352
f 8292 8389 8354
f 8289 8290 8390
f 8356 8390 8290
f 8292 8110 8323
f 8359 8182 8322
f 8358 8183 8355
f 8224 8391 8356
f 8294 8391 8224
f 8357 8360 8226
f 8185 8293 8392
f 8393 8188 8297
f 8324 8188 8393
f 8295 8114 8394
f 8189 8185 8395
f 8396 8144 8325
f 8397 8118 8228
f 8398 8299 8144
f 8119 8190 8362
f 8399 8303 8026
f 8327 8366 8231
f 8028 8303 8330
f 8329 8331 8192
f 8150 8332 8400
f 8367 8333 8193
f 8330 8401 8257
f 8259 8402 8154
f 8155 8333 8259
f 8403 8194 8154
f 8257 8369 8121
f 8369 8123 8157
f 8370 8235 8197
f 8236 8263 8404
f 8198 8236 8404
f 8337 8371 8237
f 8307 8405 8263
f 8238 8264 8406
f 8266 8407 8265
f 8266 8267 8407
f 8406 8239 8238
f 8239 8408 8240
f 8339 8409 8270
f 8409 8376 8270
f 8377 8271 8376
f 8167 8273 8050
f 8273 8410 8207
f 8411 8206 8241
f 8243 8412 8241
f 8243 8169 8344
f 8379 8413 8244
f 8210 8278 7829
f 8313 8132 8380
f 8213 8414 8348
f 8381 8133 8415
f 8216 8415 8133
f 8416 8006 8317
f 8383 8417 8249
f 8249 8417 8218
f 8417 8315 8218
f 8318 8350 8418
f 8251 8388 8387
f 8387 8419 8386
f 8287 8388 8252
f 8287 8320 8420
f 8389 8421 8422
f 8354 8422 8419
f 8423 8293 8137
f 8389 8292 8421
f 8389 8422 8354
f 8289 8390 8352
f 8141 8424 8223
f 8324 8391 8294
f 8297 8360 8393
f 8392 8395 8185
f 8425 8114 8118
f 8396 8398 8144
f 8426 8296 8227
f 8148 8426 8227
f 8427 8230 8300
f 8363 8230 8427
f 8146 8364 8361
f 8399 8026 8363
f 8301 8119 8362
f 8148 8365 8428
f 8150 8400 8328
f 8429 8332 8305
f 8365 8255 8430
f 8259 8431 8402
f 8333 8431 8259
f 8255 8334 8430
f 8305 8258 8432
f 8402 8403 8154
f 8232 8432 8258
f 8233 8335 8433
f 8261 8403 8434
f 8261 8194 8403
f 8232 8368 8435
f 8368 8233 8433
f 8261 8434 8260
f 8434 8335 8260
f 8436 8437 8334
f 8334 8151 8436
f 8234 8436 8151
f 8262 8438 8336
f 8265 8407 8374
f 8267 8439 8407
f 8406 8408 8239
f 8375 8440 8267
f 8240 8408 8441
f 8240 8441 8203
f 8202 8442 8269
f 8202 8338 8442
f 8441 8339 8203
f 8443 8308 8309
f 8309 8377 8443
f 8340 8444 8087
f 8340 8166 8272
f 8410 8342 8207
f 8412 8411 8241
f 8378 8445 8274
f 8212 8312 8446
f 8447 8211 8346
f 8380 8212 8446
f 8092 8347 8346
f 8448 8312 8348
f 8175 8010 8313
f 8381 8414 8213
f 8006 8416 8280
f 8245 8449 8247
f 8247 8449 8383
f 8450 8214 8173
f 8450 8173 8314
f 8450 8314 8349
f 8349 8282 8451
f 8214 8452 8283
f 8214 8450 8452
f 8282 8316 8453
f 8416 8317 8454
f 8382 8286 8096
f 8386 8454 8317
f 8455 8385 8285
f 8418 8350 8384
f 8351 8455 8285
f 8456 8455 8351
f 8454 8386 8457
f 8456 8351 8458
f 8458 8351 8319
f 8459 8457 8386
f 8457 8459 8422
f 8419 8459 8386
f 8460 8319 8288
f 8318 8418 8353
f 8419 8387 8461
f 8387 8388 8461
f 8287 8462 8388
f 8286 8423 8137
f 8422 8459 8419
f 8352 8420 8320
f 8463 8421 8292
f 8390 8420 8352
f 8354 8419 8464
f 8464 8355 8354
f 8321 8223 8465
f 8423 8466 8293
f 8322 8467 8359
f 8358 8355 8468
f 8357 8358 8468
f 8466 8392 8293
f 8357 8468 8469
f 8470 8324 8393
f 8324 8470 8391
f 8360 8357 8469
f 8295 8424 8141
f 8296 8471 8323
f 8359 8472 8225
f 8472 8325 8225
f 8473 8394 8114
f 8298 8189 8395
f 8425 8118 8397
f 8397 8228 8361
f 8398 8474 8299
f 8474 8300 8299
f 8475 8362 8254
f 8475 8476 8362
f 8148 8428 8426
f 8477 8364 8328
f 8366 8329 8256
f 8334 8437 8430
f 8432 8232 8435
f 8369 8478 8123
f 8234 8479 8436
f 8123 8478 8262
f 8306 8479 8234
f 8306 8235 8480
f 8198 8404 8370
f 8336 8438 8337
f 8405 8481 8263
f 8481 8404 8263
f 8482 8405 8307
f 8337 8483 8371
f 8484 8307 8372
f 8485 8484 8372
f 8372 8373 8485
f 8371 8486 8264
f 8374 8407 8487
f 8264 8486 8406
f 8440 8439 8267
f 8375 8488 8440
f 8488 8375 8269
f 8489 8340 8272
f 8489 8272 8341
f 8410 8490 8342
f 8343 8445 8378
f 8243 8344 8491
f 8344 8275 8491
f 8244 8413 8275
f 8277 8310 8492
f 8493 8209 8278
f 8494 8446 8312
f 8447 8171 8211
f 8171 8495 8311
f 8448 8348 8496
f 8496 8348 8414
f 8311 8497 8281
f 8498 8245 8175
f 8449 8245 8498
f 8281 8382 8131
f 8415 8216 8315
f 8282 8453 8451
f 8384 8283 8452
f 8382 8499 8286
f 8457 8500 8454
f 8458 8319 8501
f 8422 8500 8457
f 8460 8501 8319
f 8500 8422 8421
f 8502 8423 8286
f 8287 8420 8462
f 8461 8388 8462
f 8464 8419 8461
f 8353 8467 8322
f 8356 8503 8390
f 8463 8292 8323
f 8355 8464 8468
f 8468 8464 8504
f 8391 8503 8356
f 8360 8469 8505
f 8360 8505 8393
f 8425 8473 8114
f 8254 8326 8506
f 8506 8475 8254
f 8507 8397 8361
f 8300 8474 8427
f 8508 8361 8364
f 8301 8509 8302
f 8509 8327 8302
f 8510 8428 8365
f 8400 8477 8328
f 8511 8331 8329
f 8432 8429 8305
f 8512 8433 8335
f 8480 8479 8306
f 8370 8513 8235
f 8438 8514 8337
f 8514 8483 8337
f 8484 8482 8307
f 8374 8487 8515
f 8377 8516 8443
f 8517 8376 8409
f 8516 8377 8376
f 8516 8376 8518
f 8444 8167 8087
f 8167 8519 8273
f 8489 8341 8411
f 8206 8411 8341
f 8243 8491 8412
f 8520 8445 8343
f 8274 8445 8521
f 8491 8275 8522
f 8274 8521 8276
f 8379 8209 8493
f 8345 8277 8523
f 8278 8210 8524
f 8345 8524 8279
f 8279 8524 8210
f 8446 8525 8380
f 8448 8494 8312
f 8171 8447 8495
f 8280 8526 8347
f 8527 8526 8280
f 8416 8527 8280
f 8497 8382 8281
f 8417 8528 8315
f 8455 8529 8385
f 8456 8529 8455
f 8286 8499 8502
f 8500 8421 8530
f 8420 8531 8462
f 8463 8530 8421
f 8531 8420 8532
f 8420 8390 8532
f 8504 8461 8462
f 8464 8461 8504
f 8504 8462 8531
f 8503 8532 8390
f 8503 8533 8532
f 8503 8470 8533
f 8470 8503 8391
f 8534 8465 8223
f 8223 8424 8534
f 8471 8463 8323
f 8471 8535 8463
f 8393 8505 8470
f 8295 8394 8424
f 8472 8536 8325
f 8536 8396 8325
f 8471 8296 8426
f 8298 8395 8537
f 8537 8326 8298
f 8476 8301 8362
f 8477 8508 8364
f 8399 8538 8303
f 8509 8539 8327
f 8327 8540 8366
f 8366 8540 8541
f 8511 8329 8366
f 8303 8538 8330
f 8332 8429 8542
f 8510 8365 8430
f 8402 8543 8403
f 8402 8431 8543
f 8369 8257 8544
f 8480 8235 8513
f 8404 8545 8370
f 8373 8374 8485
f 8483 8486 8371
f 8374 8515 8485
f 8546 8406 8486
f 8439 8487 8407
f 8442 8547 8269
f 8547 8488 8269
f 8338 8548 8442
f 8308 8548 8338
f 8549 8517 8409
f 8517 8518 8376
f 8522 8275 8413
f 8521 8550 8276
f 8550 8310 8276
f 8551 8492 8310
f 8492 8552 8277
f 8523 8277 8552
f 8347 8526 8346
f 8498 8175 8313
f 8450 8349 8553
f 8451 8553 8349
f 8452 8554 8384
f 8555 8453 8316
f 8385 8555 8316
f 8555 8385 8529
f 8418 8384 8554
f 8556 8418 8554
f 8557 8288 8321
f 8533 8531 8532
f 8557 8321 8465
f 8504 8531 8533
f 8469 8504 8533
f 8469 8533 8505
f 8505 8533 8470
f 8504 8469 8468
f 8359 8467 8472
f 8558 8395 8392
f 8559 8398 8396
f 8506 8560 8475
f 8561 8363 8427
f 8508 8507 8361
f 8476 8475 8560
f 8476 8562 8301
f 8301 8562 8509
f 8539 8540 8327
f 8541 8563 8366
f 8542 8400 8332
f 8331 8511 8564
f 8564 8367 8304
f 8304 8331 8564
f 8565 8330 8538
f 8566 8333 8367
f 8330 8565 8401
f 8403 8543 8434
f 8435 8567 8432
f 8430 8437 8568
f 8401 8544 8257
f 8478 8569 8262
f 8569 8570 8262
f 8545 8513 8370
f 8262 8570 8438
f 8545 8404 8571
f 8481 8571 8404
f 8405 8482 8481
f 8485 8572 8484
f 8440 8573 8439
f 8406 8546 8408
f 8546 8574 8408
f 8548 8547 8442
f 8441 8575 8339
f 8548 8308 8576
f 8575 8577 8339
f 8409 8339 8577
f 8578 8308 8443
f 8577 8549 8409
f 8579 8340 8489
f 8519 8410 8273
f 8580 8412 8491
f 8550 8551 8310
f 8523 8581 8345
f 8581 8524 8345
f 8315 8528 8582
f 8583 8451 8453
f 8529 8584 8555
f 8585 8529 8456
f 8456 8458 8585
f 8467 8353 8586
f 8502 8466 8423
f 8587 8472 8467
f 8558 8392 8466
f 8588 8424 8394
f 8473 8588 8394
f 8558 8589 8395
f 8536 8559 8396
f 8589 8537 8395
f 8590 8326 8537
f 8397 8507 8425
f 8559 8474 8398
f 8506 8326 8590
f 8561 8399 8363
f 8428 8591 8426
f 8477 8592 8508
f 8563 8511 8366
f 8593 8566 8367
f 8593 8367 8564
f 8594 8429 8432
f 8431 8333 8566
f 8432 8567 8594
f 8544 8478 8369
f 8488 8595 8440
f 8408 8574 8441
f 8578 8576 8308
f 8443 8516 8578
f 8579 8444 8340
f 8596 8579 8489
f 8596 8489 8411
f 8597 8596 8411
f 8490 8598 8342
f 8343 8342 8598
f 8597 8411 8412
f 8520 8343 8598
f 8494 8525 8446
f 8525 8313 8380
f 8599 8495 8447
f 8415 8600 8381
f 8601 8383 8449
f 8315 8582 8415
f 8497 8602 8382
f 8450 8553 8452
f 8583 8553 8451
f 8555 8583 8453
f 8499 8382 8602
f 8584 8529 8585
f 8556 8353 8418
f 8586 8353 8556
f 8557 8460 8288
f 8587 8467 8586
f 8472 8587 8603
f 8603 8536 8472
f 8471 8604 8535
f 8426 8604 8471
f 8474 8559 8427
f 8559 8605 8427
f 8606 8507 8508
f 8562 8607 8509
f 8591 8428 8510
f 8608 8539 8509
f 8400 8592 8477
f 8510 8430 8609
f 8429 8594 8542
f 8610 8565 8538
f 8568 8609 8430
f 8611 8433 8512
f 8612 8512 8335
f 8612 8335 8434
f 8437 8436 8568
f 8438 8570 8514
f 8482 8613 8481
f 8484 8613 8482
f 8572 8485 8515
f 8614 8546 8486
f 8547 8595 8488
f 8615 8578 8516
f 8518 8615 8516
f 8616 8519 8167
f 8616 8167 8444
f 8617 8523 8552
f 8617 8581 8523
f 8313 8618 8498
f 8447 8619 8599
f 8381 8600 8414
f 8620 8447 8346
f 8621 8449 8498
f 8383 8528 8417
f 8601 8528 8383
f 8452 8553 8622
f 8452 8622 8554
f 8623 8499 8602
f 8556 8554 8622
f 8624 8458 8501
f 8625 8502 8499
f 8530 8626 8500
f 8557 8627 8460
f 8628 8466 8502
f 8586 8629 8587
f 8535 8630 8463
f 8588 8473 8631
f 8473 8425 8631
f 8559 8536 8632
f 8605 8561 8427
f 8426 8591 8604
f 8633 8399 8561
f 8606 8508 8592
f 8633 8634 8399
f 8399 8634 8538
f 8608 8509 8607
f 8635 8400 8542
f 8635 8636 8400
f 8637 8564 8511
f 8638 8543 8431
f 8566 8638 8431
f 8639 8565 8610
f 8640 8434 8543
f 8433 8641 8368
f 8611 8641 8433
f 8368 8642 8435
f 8565 8544 8401
f 8643 8479 8644
f 8436 8479 8643
f 8480 8644 8479
f 8645 8513 8545
f 8645 8545 8571
f 8646 8571 8481
f 8514 8647 8483
f 8515 8648 8572
f 8647 8614 8486
f 8483 8647 8486
f 8614 8574 8546
f 8573 8440 8595
f 8547 8548 8649
f 8517 8650 8518
f 8519 8651 8410
f 8491 8522 8580
f 8652 8551 8550
f 8379 8653 8413
f 8654 8492 8551
f 8655 8278 8524
f 8524 8581 8655
f 8619 8447 8620
f 8620 8346 8526
f 8415 8656 8600
f 8621 8498 8657
f 8658 8526 8527
f 8527 8659 8658
f 8660 8415 8582
f 8311 8661 8497
f 8553 8583 8662
f 8622 8553 8662
f 8662 8583 8555
f 8663 8555 8584
f 8500 8626 8454
f 8458 8664 8585
f 8665 8586 8556
f 8629 8586 8665
f 8463 8630 8530
f 8587 8629 8603
f 8588 8534 8424
f 8603 8632 8536
f 8632 8666 8559
f 8605 8559 8666
f 8605 8667 8561
f 8668 8540 8539
f 8668 8541 8540
f 8669 8591 8510
f 8670 8563 8541
f 8670 8637 8511
f 8511 8563 8670
f 8543 8671 8640
f 8434 8640 8612
f 8641 8642 8368
f 8565 8672 8544
f 8568 8436 8643
f 8672 8478 8544
f 8513 8644 8480
f 8673 8647 8514
f 8515 8674 8648
f 8515 8487 8675
f 8674 8515 8675
f 8439 8675 8487
f 8614 8676 8574
f 8677 8649 8548
f 8548 8576 8677
f 8549 8577 8678
f 8518 8650 8615
f 8616 8679 8519
f 8679 8651 8519
f 8444 8680 8616
f 8579 8596 8681
f 8597 8412 8580
f 8520 8682 8445
f 8683 8521 8445
f 8683 8445 8682
f 8521 8684 8550
f 8685 8617 8552
f 8581 8617 8686
f 8687 8525 8494
f 8688 8687 8494
f 8688 8494 8448
f 8496 8688 8448
f 8656 8415 8660
f 8495 8689 8311
f 8689 8661 8311
f 8621 8601 8449
f 8661 8602 8497
f 8690 8527 8416
f 8454 8690 8416
f 8662 8555 8663
f 8623 8625 8499
f 8691 8622 8662
f 8584 8585 8664
f 8458 8624 8664
f 8622 8691 8556
f 8665 8556 8691
f 8501 8692 8624
f 8501 8460 8692
f 8625 8628 8502
f 8693 8603 8629
f 8628 8558 8466
f 8589 8694 8537
f 8666 8667 8605
f 8695 8425 8507
f 8667 8633 8561
f 8590 8696 8506
f 8560 8506 8696
f 8606 8697 8507
f 8476 8560 8698
f 8476 8698 8562
f 8400 8636 8592
f 8668 8699 8541
f 8634 8610 8538
f 8594 8635 8542
f 8609 8669 8510
f 8700 8566 8593
f 8700 8638 8566
f 8543 8638 8671
f 8642 8567 8435
f 8568 8701 8609
f 8672 8565 8639
f 8702 8478 8672
f 8478 8702 8569
f 8646 8481 8613
f 8547 8703 8595
f 8676 8704 8574
f 8703 8547 8649
f 8704 8441 8574
f 8704 8575 8441
f 8578 8705 8576
f 8615 8705 8578
f 8549 8650 8517
f 8678 8650 8549
f 8706 8680 8444
f 8706 8444 8579
f 8651 8707 8410
f 8490 8410 8707
f 8708 8597 8580
f 8709 8682 8520
f 8580 8522 8708
f 8683 8684 8521
f 8550 8684 8652
f 8379 8493 8710
f 8711 8710 8278
f 8493 8278 8710
f 8655 8711 8278
f 8654 8685 8492
f 8492 8685 8552
f 8525 8712 8313
f 8525 8687 8712
f 8712 8618 8313
f 8495 8599 8689
f 8658 8620 8526
f 8713 8602 8661
f 8663 8584 8714
f 8692 8460 8715
f 8715 8460 8627
f 8716 8628 8625
f 8629 8665 8717
f 8465 8534 8718
f 8719 8718 8534
f 8588 8719 8534
f 8720 8632 8603
f 8694 8589 8558
f 8632 8720 8666
f 8535 8604 8721
f 8697 8695 8507
f 8721 8604 8591
f 8722 8606 8592
f 8608 8668 8539
f 8567 8642 8594
f 8609 8701 8669
f 8723 8639 8610
f 8568 8643 8701
f 8724 8643 8644
f 8702 8725 8569
f 8484 8726 8613
f 8648 8727 8572
f 8439 8728 8675
f 8703 8729 8595
f 8704 8730 8575
f 8575 8730 8577
f 8730 8731 8577
f 8731 8678 8577
f 8732 8705 8615
f 8707 8733 8490
f 8681 8734 8579
f 8598 8490 8733
f 8735 8681 8596
f 8735 8596 8597
f 8686 8655 8581
f 8660 8736 8656
f 8713 8623 8602
f 8584 8664 8714
f 8691 8662 8737
f 8737 8662 8663
f 8737 8663 8714
f 8624 8738 8664
f 8737 8665 8691
f 8665 8737 8717
f 8739 8715 8627
f 8626 8530 8740
f 8740 8530 8630
f 8717 8693 8629
f 8557 8465 8718
f 8741 8558 8628
f 8742 8630 8535
f 8741 8694 8558
f 8535 8721 8742
f 8537 8694 8743
f 8537 8743 8590
f 8695 8631 8425
f 8744 8560 8696
f 8562 8698 8745
f 8562 8745 8607
f 8669 8746 8591
f 8722 8592 8636
f 8747 8635 8594
f 8748 8593 8564
f 8564 8637 8748
f 8612 8749 8750
f 8749 8612 8640
f 8611 8512 8751
f 8751 8512 8612
f 8752 8644 8513
f 8645 8752 8513
f 8725 8753 8569
f 8570 8569 8753
f 8754 8571 8646
f 8514 8570 8753
f 8572 8726 8484
f 8727 8726 8572
f 8647 8755 8614
f 8439 8573 8728
f 8595 8729 8756
f 8573 8595 8756
f 8650 8732 8615
f 8679 8616 8680
f 8734 8706 8579
f 8757 8734 8681
f 8735 8757 8681
f 8598 8709 8520
f 8735 8597 8708
f 8758 8683 8682
f 8758 8759 8684
f 8758 8684 8683
f 8413 8760 8522
f 8652 8684 8761
f 8413 8653 8760
f 8762 8551 8652
f 8653 8379 8763
f 8379 8710 8763
f 8657 8498 8618
f 8689 8764 8661
f 8764 8713 8661
f 8690 8659 8527
f 8626 8690 8454
f 8664 8765 8714
f 8625 8623 8766
f 8765 8664 8738
f 8715 8767 8692
f 8739 8627 8557
f 8717 8768 8693
f 8742 8740 8630
f 8693 8768 8720
f 8603 8693 8720
f 8769 8719 8588
f 8666 8720 8770
f 8769 8588 8631
f 8667 8666 8770
f 8590 8743 8771
f 8667 8772 8633
f 8773 8633 8772
f 8590 8771 8696
f 8697 8606 8774
f 8698 8560 8744
f 8721 8591 8746
f 8773 8634 8633
f 8775 8610 8634
f 8747 8594 8642
f 8749 8640 8671
f 8611 8751 8776
f 8750 8751 8612
f 8776 8642 8641
f 8776 8641 8611
f 8701 8643 8777
f 8643 8724 8777
f 8778 8571 8754
f 8645 8571 8778
f 8779 8754 8646
f 8613 8779 8646
f 8514 8753 8780
f 8673 8514 8780
f 8755 8676 8614
f 8680 8781 8679
f 8598 8782 8709
f 8709 8783 8682
f 8783 8758 8682
f 8708 8522 8760
f 8759 8761 8684
f 8761 8784 8652
f 8784 8762 8652
f 8762 8785 8551
f 8551 8785 8654
f 8786 8711 8655
f 8686 8786 8655
f 8787 8617 8685
f 8788 8496 8414
f 8600 8788 8414
f 8789 8621 8657
f 8582 8790 8660
f 8528 8791 8582
f 8582 8791 8790
f 8764 8689 8599
f 8792 8738 8624
f 8714 8765 8793
f 8792 8624 8692
f 8766 8716 8625
f 8737 8714 8793
f 8717 8737 8793
f 8718 8739 8557
f 8716 8741 8628
f 8770 8772 8667
f 8721 8794 8742
f 8695 8769 8631
f 8771 8795 8696
f 8744 8696 8795
f 8773 8796 8634
f 8608 8607 8797
f 8797 8607 8745
f 8798 8668 8608
f 8746 8669 8799
f 8800 8541 8699
f 8800 8637 8670
f 8800 8670 8541
f 8748 8801 8593
f 8701 8777 8669
f 8672 8639 8802
f 8644 8803 8724
f 8803 8644 8752
f 8645 8804 8752
f 8725 8805 8753
f 8779 8613 8726
f 8647 8806 8755
f 8576 8807 8677
f 8576 8705 8807
f 8678 8808 8650
f 8809 8758 8783
f 8809 8810 8758
f 8810 8759 8758
f 8759 8811 8812
f 8761 8759 8812
f 8784 8761 8813
f 8785 8814 8654
f 8617 8815 8686
f 8816 8687 8688
f 8817 8816 8688
f 8621 8789 8601
f 8601 8789 8818
f 8764 8819 8713
f 8819 8623 8713
f 8792 8692 8767
f 8717 8793 8768
f 8740 8742 8820
f 8821 8718 8719
f 8770 8720 8768
f 8822 8695 8697
f 8774 8822 8697
f 8698 8744 8823
f 8823 8745 8698
f 8722 8774 8606
f 8824 8722 8636
f 8825 8699 8668
f 8825 8800 8699
f 8800 8748 8637
f 8826 8635 8747
f 8775 8723 8610
f 8827 8749 8671
f 8747 8642 8828
f 8776 8828 8642
f 8669 8777 8799
f 8804 8645 8778
f 8673 8829 8647
f 8647 8829 8806
f 8674 8727 8648
f 8728 8674 8675
f 8830 8728 8573
f 8756 8830 8573
f 8704 8676 8831
f 8781 8832 8679
f 8733 8833 8598
f 8782 8598 8833
f 8709 8782 8783
f 8760 8834 8708
f 8811 8759 8810
f 8835 8761 8812
f 8813 8761 8835
f 8763 8836 8653
f 8788 8817 8688
f 8788 8688 8496
f 8788 8600 8837
f 8736 8838 8656
f 8601 8818 8528
f 8690 8839 8659
f 8623 8819 8766
f 8626 8840 8690
f 8841 8765 8738
f 8738 8792 8842
f 8843 8793 8765
f 8843 8765 8841
f 8739 8844 8715
f 8845 8793 8843
f 8768 8793 8845
f 8846 8739 8718
f 8768 8845 8770
f 8847 8821 8719
f 8847 8719 8769
f 8772 8770 8848
f 8772 8848 8773
f 8773 8849 8796
f 8794 8721 8746
f 8823 8850 8745
f 8851 8634 8796
f 8851 8775 8634
f 8850 8797 8745
f 8668 8798 8852
f 8825 8668 8852
f 8798 8608 8797
f 8801 8700 8593
f 8723 8802 8639
f 8672 8802 8853
f 8672 8853 8702
f 8854 8725 8702
f 8753 8805 8780
f 8673 8780 8855
f 8726 8727 8856
f 8856 8727 8857
f 8673 8855 8829
f 8755 8858 8676
f 8703 8859 8729
f 8859 8756 8729
f 8649 8859 8703
f 8860 8859 8649
f 8861 8807 8705
f 8862 8808 8678
f 8808 8732 8650
f 8863 8809 8783
f 8864 8810 8809
f 8864 8811 8810
f 8865 8812 8811
f 8836 8760 8653
f 8813 8835 8866
f 8813 8866 8784
f 8784 8866 8867
f 8867 8785 8784
f 8784 8785 8762
f 8868 8710 8711
f 8868 8711 8786
f 8685 8654 8814
f 8787 8815 8617
f 8869 8712 8687
f 8712 8870 8618
f 8656 8838 8837
f 8600 8656 8837
f 8660 8790 8736
f 8619 8620 8871
f 8871 8620 8658
f 8599 8872 8764
f 8839 8873 8659
f 8840 8839 8690
f 8840 8626 8740
f 8874 8842 8792
f 8874 8792 8767
f 8875 8716 8766
f 8738 8842 8841
f 8820 8876 8740
f 8877 8741 8716
f 8878 8846 8718
f 8878 8718 8821
f 8770 8845 8879
f 8848 8770 8879
f 8820 8742 8794
f 8743 8694 8880
f 8880 8694 8881
f 8695 8882 8769
f 8849 8773 8848
f 8799 8883 8746
f 8851 8884 8775
f 8635 8824 8636
f 8885 8886 8638
f 8886 8827 8671
f 8671 8638 8886
f 8887 8751 8750
f 8888 8750 8749
f 8884 8723 8775
f 8751 8889 8776
f 8890 8777 8724
f 8803 8890 8724
f 8804 8803 8752
f 8804 8778 8891
f 8892 8754 8893
f 8779 8893 8754
f 8894 8727 8674
f 8831 8676 8858
f 8831 8895 8704
f 8649 8677 8860
f 8896 8730 8704
f 8730 8862 8731
f 8731 8862 8678
f 8705 8732 8861
f 8897 8861 8732
f 8808 8897 8732
f 8651 8898 8707
f 8706 8781 8680
f 8735 8899 8757
f 8782 8833 8863
f 8783 8782 8863
f 8899 8735 8900
f 8708 8900 8735
f 8760 8901 8834
f 8811 8864 8902
f 8811 8902 8865
f 8836 8901 8760
f 8865 8903 8812
f 8812 8903 8835
f 8866 8835 8904
f 8868 8763 8710
f 8815 8786 8686
f 8869 8687 8816
f 8870 8657 8618
f 8818 8791 8528
f 8619 8872 8599
f 8872 8619 8871
f 8659 8905 8658
f 8873 8905 8659
f 8819 8906 8766
f 8876 8840 8740
f 8844 8767 8715
f 8739 8846 8844
f 8845 8843 8841
f 8716 8875 8877
f 8845 8841 8879
f 8879 8907 8848
f 8881 8694 8741
f 8877 8881 8741
f 8820 8794 8908
f 8880 8771 8743
f 8794 8746 8908
f 8909 8822 8774
f 8744 8795 8910
f 8911 8823 8744
f 8911 8744 8910
f 8799 8912 8883
f 8885 8638 8700
f 8827 8888 8749
f 8913 8828 8776
f 8889 8913 8776
f 8777 8912 8799
f 8914 8802 8723
f 8890 8915 8777
f 8853 8854 8702
f 8726 8916 8779
f 8856 8916 8726
f 8894 8857 8727
f 8806 8917 8755
f 8896 8704 8895
f 8807 8860 8677
f 8898 8918 8707
f 8733 8707 8918
f 8833 8733 8918
f 8809 8919 8920
f 8919 8809 8863
f 8920 8864 8809
f 8900 8708 8834
f 8903 8904 8835
f 8867 8921 8785
f 8785 8921 8814
f 8814 8787 8685
f 8870 8712 8869
f 8905 8871 8658
f 8819 8764 8872
f 8842 8874 8841
f 8922 8841 8874
f 8767 8844 8923
f 8924 8922 8874
f 8846 8925 8844
f 8907 8841 8922
f 8907 8879 8841
f 8847 8878 8821
f 8926 8847 8769
f 8849 8848 8927
f 8822 8882 8695
f 8880 8928 8771
f 8928 8795 8771
f 8883 8908 8746
f 8796 8849 8929
f 8796 8929 8851
f 8930 8797 8850
f 8931 8824 8635
f 8932 8800 8825
f 8852 8798 8933
f 8798 8797 8930
f 8826 8931 8635
f 8934 8748 8800
f 8935 8934 8800
f 8936 8885 8801
f 8748 8936 8801
f 8885 8700 8801
f 8937 8750 8888
f 8884 8914 8723
f 8777 8915 8912
f 8938 8853 8802
f 8939 8940 8803
f 8803 8804 8939
f 8939 8804 8891
f 8725 8941 8805
f 8778 8942 8891
f 8754 8892 8778
f 8805 8943 8780
f 8893 8779 8916
f 8943 8855 8780
f 8829 8944 8806
f 8945 8894 8674
f 8728 8945 8674
f 8946 8945 8728
f 8917 8858 8755
f 8947 8830 8756
f 8896 8862 8730
f 8861 8948 8807
f 8679 8898 8651
f 8949 8865 8902
f 8949 8903 8865
f 8868 8950 8763
f 8903 8951 8904
f 8869 8952 8870
f 8818 8953 8791
f 8954 8872 8871
f 8819 8872 8955
f 8955 8906 8819
f 8766 8906 8875
f 8767 8956 8874
f 8956 8767 8923
f 8924 8874 8956
f 8925 8923 8844
f 8957 8877 8875
f 8907 8922 8958
f 8820 8959 8876
f 8881 8877 8957
f 8959 8820 8908
f 8848 8907 8958
f 8849 8927 8929
f 8910 8795 8928
f 8929 8960 8851
f 8823 8911 8850
f 8798 8930 8961
f 8932 8935 8800
f 8934 8936 8748
f 8828 8826 8747
f 8890 8803 8940
f 8939 8891 8962
f 8962 8891 8942
f 8854 8941 8725
f 8778 8892 8942
f 8944 8963 8806
f 8963 8917 8806
f 8728 8830 8946
f 8858 8895 8831
f 8862 8964 8808
f 8808 8965 8897
f 8966 8781 8706
f 8966 8706 8734
f 8863 8833 8967
f 8863 8967 8968
f 8968 8919 8863
f 8969 8902 8864
f 8901 8836 8950
f 8763 8950 8836
f 8904 8970 8866
f 8970 8971 8866
f 8866 8971 8867
f 8921 8867 8971
f 8971 8972 8921
f 8868 8786 8973
f 8921 8974 8814
f 8974 8787 8814
f 8815 8975 8786
f 8976 8789 8657
f 8953 8790 8791
f 8954 8871 8977
f 8871 8905 8977
f 8906 8955 8978
f 8840 8979 8839
f 8876 8979 8840
f 8846 8980 8925
f 8846 8878 8980
f 8882 8926 8769
f 8927 8848 8958
f 8981 8882 8822
f 8982 8880 8881
f 8910 8983 8911
f 8984 8909 8774
f 8774 8722 8984
f 8912 8985 8883
f 8824 8984 8722
f 8930 8850 8911
f 8961 8933 8798
f 8986 8931 8826
f 8886 8888 8827
f 8937 8887 8750
f 8887 8889 8751
f 8938 8987 8853
f 8853 8987 8854
f 8939 8962 8940
f 8805 8941 8943
f 8894 8945 8988
f 8859 8947 8756
f 8807 8948 8860
f 8989 8862 8896
f 8990 8861 8897
f 8897 8965 8990
f 8991 8898 8679
f 8832 8991 8679
f 8898 8992 8918
f 8757 8993 8734
f 8900 8994 8899
f 8995 8864 8920
f 8994 8900 8834
f 8969 8949 8902
f 8951 8996 8904
f 8904 8996 8970
f 8870 8976 8657
f 8997 8998 8838
f 8736 8997 8838
f 8999 8872 8954
f 8955 8872 8999
f 8873 8977 8905
f 8955 8999 8978
f 8906 8978 9000
f 9000 8875 8906
f 8875 9000 8957
f 8956 8923 9001
f 9001 8923 8925
f 9002 8924 8956
f 8979 8876 8959
f 9003 8980 8878
f 9004 9003 8878
f 8922 9005 8958
f 8878 8847 9004
f 9006 8959 8908
f 9006 8908 9007
f 9008 8928 8880
f 8982 9008 8880
f 8883 9007 8908
f 8928 9008 8910
f 9007 8883 8985
f 8983 8910 9008
f 9009 8984 8824
f 8960 8884 8851
f 9010 8825 8852
f 9010 8852 8933
f 8912 9011 8985
f 8886 8885 9012
f 9013 8826 8828
f 8913 9013 8828
f 8915 9011 8912
f 9014 9011 8915
f 8914 8938 8802
f 8890 9014 8915
f 8940 9014 8890
f 8856 9015 8916
f 8943 9016 8855
f 8894 8988 8857
f 8947 9017 8830
f 8965 8808 8964
f 8734 8993 8966
f 8833 8918 8967
f 9018 8919 8968
f 8920 8919 8995
f 8864 8995 8969
f 8834 8901 9019
f 8950 9019 8901
f 8903 8949 9020
f 9020 9021 8903
f 8903 9021 8951
f 8996 9022 8970
f 8972 9023 8921
f 9023 8974 8921
f 9024 8817 8788
f 8998 8837 8838
f 8818 8789 8976
f 9025 8997 8736
f 9025 8736 8790
f 8953 9025 8790
f 8954 9026 8999
f 9027 8954 8977
f 9026 8954 9027
f 9028 8957 9000
f 9002 8922 8924
f 9002 9005 8922
f 9028 9029 8957
f 8926 9004 8847
f 9029 8881 8957
f 8927 8958 9005
f 8981 8926 8882
f 9030 8981 8822
f 9030 8822 8909
f 8911 8983 9031
f 9032 8934 8935
f 8932 9032 8935
f 9033 8932 8825
f 9033 8825 9010
f 8930 9034 8961
f 8911 9034 8930
f 9034 8911 9031
f 8960 9035 8884
f 9012 8885 8936
f 8888 8886 9036
f 9035 8914 8884
f 9014 9037 9011
f 8914 9038 8938
f 9014 8940 9039
f 8940 9040 9039
f 8962 9040 8940
f 8892 9041 8942
f 8892 9042 9041
f 8893 9042 8892
f 9015 8856 8988
f 8855 9043 8829
f 8856 8857 8988
f 8944 8829 9043
f 8945 9044 8988
f 8946 8830 9045
f 8963 9046 8917
f 9047 8858 8917
f 8858 9047 9048
f 9049 8947 8859
f 9048 8895 8858
f 9050 9049 8859
f 8860 9050 8859
f 9051 8862 8989
f 9051 8964 8862
f 8991 9052 8898
f 8966 8832 8781
f 8966 9053 8832
f 9054 8993 8757
f 8899 9054 8757
f 8995 9055 8969
f 9056 8949 8969
f 8868 8973 9057
f 8975 8973 8786
f 8869 8816 9058
f 9024 8788 8837
f 8837 8998 9024
f 9059 8818 8976
f 8818 9059 8953
f 8999 9026 8978
f 8839 9060 8873
f 8979 9060 8839
f 9061 9060 8979
f 8959 9061 8979
f 9062 9002 8956
f 8925 8980 9001
f 9063 9004 8926
f 9005 9064 8927
f 9029 8982 8881
f 8927 9065 8929
f 8983 9008 9066
f 8983 9066 9031
f 9009 8824 8931
f 9011 9037 8985
f 9013 8986 8826
f 9067 9013 8913
f 8889 9067 8913
f 9040 9068 9039
f 8962 9069 9070
f 8962 9070 9040
f 8942 9069 8962
f 8942 9041 9069
f 9042 8893 9071
f 8916 9071 8893
f 9072 8943 8941
f 9016 9043 8855
f 9045 8830 9073
f 8830 9017 9073
f 8917 9046 9047
f 8947 9049 9017
f 9074 8896 8895
f 9075 8860 8948
f 8989 8896 9074
f 9051 9076 8964
f 8964 9076 8965
f 8861 8990 9077
f 9053 8991 8832
f 8967 8918 8992
f 9078 9018 8968
f 9054 8899 8994
f 8919 9079 8995
f 8919 9018 9079
f 9056 8969 9055
f 9020 8949 9056
f 8868 9057 8950
f 9021 8996 8951
f 9022 9080 8970
f 8970 9080 8971
f 9081 9023 8972
f 8787 9082 8815
f 9082 8975 8815
f 8817 9058 8816
f 9083 9025 8953
f 9059 9083 8953
f 9084 9027 8977
f 8873 9084 8977
f 9085 8978 9026
f 9060 9084 8873
f 9085 9000 8978
f 9000 9085 9086
f 9086 9028 9000
f 9062 8956 9001
f 8980 9087 9001
f 8959 9006 9061
f 9028 9086 9088
f 9006 9089 9061
f 9028 9088 9029
f 9063 8926 9090
f 9007 9089 9006
f 9007 9091 9092
f 9065 8927 9064
f 8982 9029 9093
f 9093 9008 8982
f 8985 9091 9007
f 8929 9065 8960
f 9008 9094 9066
f 9066 9095 9031
f 8985 9037 9091
f 8960 9065 9035
f 9096 9009 8931
f 9096 8931 8986
f 9097 8936 8934
f 9012 9098 8886
f 9034 9031 9099
f 9036 8937 8888
f 9100 8889 8887
f 9014 9101 9037
f 9014 9039 9101
f 9070 9068 9040
f 9016 8943 9072
f 9015 9071 8916
f 9015 9102 9071
f 9044 8945 8946
f 9103 9074 8895
f 9075 9050 8860
f 8861 9077 8948
f 9077 9075 8948
f 9104 9051 8989
f 8992 9105 8967
f 9105 8968 8967
f 8968 9105 9078
f 9079 9055 8995
f 8950 9106 9019
f 9021 9020 9107
f 9023 9082 8974
f 8974 9082 8787
f 9082 9108 8975
f 9109 8870 8952
f 9110 8976 8870
f 8870 9109 9110
f 9111 8976 9110
f 9111 9059 8976
f 9112 9084 9060
f 9061 9112 9060
f 9089 9112 9061
f 9001 9087 9062
f 9062 9113 9002
f 9003 9114 8980
f 9114 9115 8980
f 9002 9116 9005
f 9116 9002 9113
f 9004 9114 9003
f 9092 9089 9007
f 8926 8981 9090
f 9117 9090 8981
f 9093 9029 9088
f 9008 9093 9094
f 8984 9030 8909
f 9118 9066 9094
f 9065 9119 9035
f 9037 9120 9091
f 9066 9118 9121
f 9122 9095 9066
f 9122 9066 9121
f 9031 9095 9099
f 9098 9012 8936
f 9098 8936 9097
f 9097 8934 9032
f 9033 9032 8932
f 9036 8886 9123
f 9098 9123 8886
f 9010 8933 9124
f 9124 8933 9125
f 8933 8961 9125
f 8961 9126 9125
f 9126 8961 9034
f 9101 9120 9037
f 9035 9127 8914
f 9127 9038 8914
f 9068 9128 9039
f 9070 9128 9068
f 9041 9129 9069
f 9042 9129 9041
f 8854 9130 8941
f 9071 9131 9042
f 9130 9072 8941
f 8988 9132 9015
f 9044 9132 8988
f 9045 9133 8946
f 9044 8946 9133
f 9134 9073 9017
f 9048 9103 8895
f 9135 8966 8993
f 9136 9018 9078
f 9054 8994 9137
f 8994 8834 9137
f 9019 9138 8834
f 9139 9020 9056
f 9140 9080 9022
f 8971 9081 8972
f 9080 9081 8971
f 9141 9058 8817
f 9024 9141 8817
f 9142 8952 8869
f 8869 9058 9142
f 9142 9109 8952
f 9143 8998 8997
f 9026 9027 9085
f 9112 9027 9084
f 9144 9027 9112
f 9144 9085 9027
f 9144 9086 9085
f 9112 9089 9144
f 9145 9086 9144
f 9113 9062 9087
f 9063 9114 9004
f 9145 9088 9086
f 9146 9089 9092
f 9064 9005 9116
f 9030 9117 8981
f 9091 9147 9092
f 9120 9147 9091
f 9118 9094 9121
f 9148 9098 9097
f 9149 8937 9036
f 9095 9150 9099
f 9151 8986 9013
f 9149 9100 8887
f 9149 8887 8937
f 9124 9033 9010
f 9122 9150 9095
f 9099 9152 9034
f 9121 9153 9122
f 9126 9034 9152
f 9152 9099 9154
f 9154 9099 9150
f 9039 9155 9101
f 9128 9155 9039
f 9153 9155 9128
f 9156 9153 9128
f 9070 9156 9128
f 9069 9156 9070
f 9069 9129 9157
f 9158 8987 8938
f 9130 8854 8987
f 9015 9132 9102
f 9072 9159 9016
f 9016 9159 9043
f 9160 8944 9043
f 9160 9161 8944
f 8944 9161 8963
f 9017 9049 9134
f 9075 9162 9050
f 9074 9104 8989
f 9104 9163 9051
f 9076 8990 8965
f 9052 8992 8898
f 9135 9053 8966
f 9078 9164 9136
f 9136 9079 9018
f 9019 9106 9138
f 9107 9020 9139
f 9057 9165 8950
f 9021 9166 8996
f 9166 9022 8996
f 9167 9141 9024
f 9024 8998 9167
f 9143 9167 8998
f 9168 8997 9025
f 9143 8997 9168
f 9168 9025 9083
f 9146 9144 9089
f 9115 9087 8980
f 9169 9144 9146
f 9169 9145 9144
f 9116 9113 9170
f 9092 9171 9146
f 9171 9169 9146
f 9147 9171 9092
f 9064 9116 9170
f 9145 9172 9088
f 9145 9169 9173
f 9170 9065 9064
f 9172 9093 9088
f 9172 9145 9173
f 9174 9065 9170
f 9175 9171 9147
f 9174 9119 9065
f 9176 9093 9172
f 9177 9030 8984
f 9094 9093 9176
f 9178 9094 9176
f 9009 9179 8984
f 9121 9094 9178
f 9120 9175 9147
f 9178 9176 9180
f 9035 9119 9181
f 9155 9178 9180
f 9180 9175 9101
f 9101 9175 9120
f 9181 9127 9035
f 9153 9121 9178
f 9155 9180 9101
f 9100 9067 8889
f 9153 9178 9155
f 9150 9122 9182
f 9182 9122 9153
f 9183 9150 9182
f 9156 9182 9153
f 9183 9154 9150
f 9184 9152 9154
f 9184 9154 9157
f 9157 9154 9183
f 9183 9182 9156
f 9157 9183 9069
f 9069 9183 9156
f 9158 8938 9038
f 9042 9185 9129
f 9042 9131 9186
f 9043 9159 9160
f 9161 9046 8963
f 9046 9187 9047
f 9188 9134 9049
f 9189 9103 9048
f 9051 9163 9076
f 9190 9135 8993
f 8834 9138 9137
f 9191 9056 9055
f 9191 9139 9056
f 9140 9192 9080
f 9193 9080 9192
f 9194 8975 9108
f 8975 9194 8973
f 9195 9113 9087
f 9113 9196 9170
f 9173 9169 9171
f 9197 9117 9030
f 9175 9173 9171
f 9176 9172 9173
f 9177 8984 9179
f 9180 9176 9173
f 9180 9173 9175
f 9009 9096 9179
f 9179 9096 9198
f 9151 9199 8986
f 9200 9097 9032
f 9201 9149 9036
f 9201 9036 9123
f 9124 9202 9033
f 9203 9202 9124
f 9203 9124 9125
f 9127 9204 9038
f 9126 9205 9125
f 9206 9126 9152
f 9184 9206 9152
f 9157 9207 9184
f 9185 9157 9129
f 9186 9185 9042
f 9158 9130 8987
f 9071 9208 9131
f 9208 9071 9102
f 9208 9102 9209
f 9046 9161 9210
f 9046 9210 9187
f 9189 9048 9047
f 9049 9211 9188
f 9049 9050 9211
f 9212 8990 9076
f 9212 9077 8990
f 9213 8991 9053
f 8992 9214 9105
f 9105 9214 9078
f 9215 8993 9054
f 9216 9079 9136
f 9079 9217 9055
f 9217 9079 9216
f 9217 9191 9055
f 9107 9166 9021
f 9166 9140 9022
f 9193 9081 9080
f 9115 9195 9087
f 9090 9117 9218
f 9218 9117 9197
f 9197 9030 9177
f 9198 8986 9199
f 9198 9096 8986
f 9148 9097 9200
f 9181 9219 9127
f 9220 9032 9033
f 9067 9151 9013
f 9033 9202 9220
f 9219 9204 9127
f 9206 9205 9126
f 9207 9206 9184
f 9185 9207 9157
f 9102 9132 9209
f 9221 9222 9132
f 9044 9221 9132
f 9045 9223 9133
f 9224 9223 9045
f 9045 9073 9224
f 9073 9134 9224
f 9103 9225 9074
f 9077 9162 9075
f 9213 9052 8991
f 9213 9053 9226
f 9135 9226 9053
f 8993 9215 9190
f 9227 9136 9164
f 9215 9054 9137
f 9228 9139 9191
f 9228 9107 9139
f 8950 9229 9106
f 8950 9165 9229
f 9230 9166 9107
f 9193 9231 9081
f 9057 8973 9194
f 9143 9232 9167
f 9143 9233 9232
f 9234 9115 9114
f 9113 9235 9196
f 9119 9236 9181
f 9237 9123 9098
f 9238 9202 9203
f 9239 9238 9203
f 9125 9240 9203
f 9125 9205 9240
f 9239 9203 9240
f 9241 9240 9205
f 9204 9242 9038
f 9241 9205 9206
f 9242 9158 9038
f 9243 9206 9207
f 9185 9243 9207
f 9131 9244 9186
f 9244 9131 9208
f 9245 9072 9130
f 9132 9222 9209
f 9245 9159 9072
f 9221 9044 9133
f 9224 9134 9188
f 9187 9189 9047
f 9211 9050 9162
f 9246 9074 9225
f 9246 9104 9074
f 9077 9247 9162
f 9247 9077 9212
f 9076 9248 9212
f 9249 9214 8992
f 9249 8992 9250
f 9251 9135 9190
f 9214 9164 9078
f 9227 9252 9136
f 9252 9216 9136
f 9215 9137 9138
f 9228 9191 9217
f 9253 9106 9229
f 9228 9230 9107
f 9254 9166 9230
f 9166 9254 9140
f 9140 9254 9192
f 9255 9193 9192
f 9057 9194 9256
f 9081 9257 9023
f 9257 9082 9023
f 9083 9059 9258
f 9083 9258 9259
f 9168 9083 9259
f 9260 9195 9115
f 9260 9115 9234
f 9261 9114 9063
f 9090 9261 9063
f 9195 9235 9113
f 9090 9218 9261
f 9236 9170 9196
f 9174 9170 9236
f 9119 9174 9236
f 9201 9262 9149
f 9098 9148 9237
f 9262 9100 9149
f 9263 9123 9237
f 9200 9032 9220
f 9240 9241 9239
f 9243 9241 9206
f 9186 9264 9185
f 9186 9244 9264
f 9265 9130 9158
f 9208 9266 9244
f 9209 9266 9208
f 9161 9267 9210
f 9187 9210 9267
f 9268 9225 9103
f 9211 9162 9269
f 9246 9163 9104
f 9163 9248 9076
f 9270 8992 9052
f 9251 9226 9135
f 9271 9164 9214
f 9252 9217 9216
f 9106 9253 9138
f 9272 9230 9228
f 9255 9192 9254
f 9165 9273 9229
f 9165 9057 9256
f 9274 9231 9193
f 9231 9257 9081
f 9058 9141 9275
f 9275 9142 9058
f 9275 9276 9142
f 9277 9110 9109
f 9278 9111 9110
f 9168 9233 9143
f 9059 9111 9258
f 9195 9260 9235
f 9236 9196 9235
f 9177 9218 9197
f 9279 9181 9236
f 9279 9219 9181
f 9199 9151 9280
f 9201 9123 9263
f 9200 9281 9148
f 9100 9282 9067
f 9283 9151 9067
f 9202 9284 9220
f 9202 9238 9284
f 9219 9285 9204
f 9285 9242 9204
f 9239 9241 9286
f 9241 9243 9286
f 9243 9264 9286
f 9242 9265 9158
f 9185 9264 9243
f 9223 9287 9133
f 9133 9287 9221
f 9288 9161 9160
f 9224 9289 9223
f 9224 9188 9290
f 9189 9268 9103
f 9291 9163 9246
f 9164 9271 9227
f 9217 9252 9292
f 9217 9272 9228
f 9230 9293 9254
f 9293 9294 9254
f 9254 9294 9255
f 9274 9193 9255
f 9256 9273 9165
f 9295 9275 9141
f 9141 9296 9295
f 9296 9141 9167
f 9276 9109 9142
f 9277 9109 9276
f 9232 9296 9167
f 9278 9110 9277
f 9261 9234 9114
f 9218 9297 9261
f 9235 9260 9298
f 9236 9235 9298
f 9299 9282 9100
f 9262 9299 9100
f 9300 9262 9201
f 9301 9300 9201
f 9301 9201 9263
f 9282 9283 9067
f 9239 9302 9238
f 9286 9302 9239
f 9302 9264 9303
f 9303 9264 9244
f 9244 9266 9303
f 9265 9245 9130
f 9209 9304 9266
f 9222 9304 9209
f 9305 9159 9245
f 9305 9160 9159
f 9288 9267 9161
f 9267 9306 9187
f 9306 9189 9187
f 9291 9248 9163
f 8992 9270 9250
f 9307 9251 9190
f 9214 9249 9271
f 9215 9307 9190
f 9138 9308 9215
f 9292 9252 9309
f 9309 9252 9227
f 9309 9227 9310
f 9292 9272 9217
f 9272 9292 9293
f 9253 9229 9311
f 9230 9272 9293
f 9229 9273 9311
f 9255 9294 9312
f 9255 9312 9313
f 9231 9314 9257
f 9082 9315 9108
f 9315 9316 9108
f 9168 9259 9317
f 9318 9236 9298
f 9236 9318 9279
f 9319 9218 9177
f 9319 9177 9179
f 9198 9319 9179
f 9320 9237 9148
f 9320 9148 9281
f 9321 9280 9151
f 9283 9321 9151
f 9322 9200 9220
f 9264 9302 9286
f 9323 9265 9242
f 9324 9222 9221
f 9324 9304 9222
f 9325 9160 9305
f 9289 9224 9290
f 9290 9188 9326
f 9225 9268 9327
f 9327 9246 9225
f 9328 9269 9162
f 9328 9162 9329
f 9247 9329 9162
f 9291 9212 9248
f 9247 9212 9329
f 9308 9307 9215
f 9227 9271 9330
f 9227 9330 9310
f 9308 9138 9331
f 9331 9138 9253
f 9332 9292 9309
f 9312 9309 9310
f 9332 9309 9312
f 9253 9311 9331
f 9293 9292 9332
f 9293 9332 9294
f 9294 9332 9312
f 9274 9255 9313
f 9333 9259 9258
f 9234 9261 9334
f 9297 9335 9261
f 9219 9279 9285
f 9320 9263 9237
f 9336 9281 9200
f 9200 9322 9336
f 9284 9322 9220
f 9284 9238 9337
f 9302 9337 9238
f 9338 9242 9285
f 9242 9338 9323
f 9266 9304 9303
f 9265 9305 9245
f 9287 9324 9221
f 9325 9288 9160
f 9339 9287 9223
f 9223 9289 9339
f 9340 9326 9188
f 9306 9268 9189
f 9340 9188 9211
f 9327 9341 9246
f 9291 9246 9341
f 9212 9291 9342
f 9343 9213 9226
f 9344 9310 9330
f 9344 9312 9310
f 9345 9274 9313
f 9231 9274 9345
f 9231 9345 9314
f 9257 9315 9082
f 9275 9346 9276
f 9346 9275 9295
f 9296 9347 9348
f 9232 9347 9296
f 9349 9111 9278
f 9233 9168 9317
f 9333 9317 9259
f 9234 9334 9260
f 9261 9335 9334
f 9319 9297 9218
f 9319 9198 9350
f 9198 9199 9350
f 9285 9279 9351
f 9199 9280 9350
f 9301 9263 9352
f 9352 9263 9320
f 9302 9303 9353
f 9339 9354 9287
f 9355 9267 9288
f 9356 9267 9355
f 9356 9306 9267
f 9290 9357 9289
f 9306 9358 9268
f 9212 9342 9329
f 9343 9052 9213
f 9359 9271 9249
f 9308 9360 9307
f 9271 9359 9330
f 9344 9313 9312
f 9276 9346 9361
f 9296 9348 9295
f 9276 9362 9277
f 9111 9349 9258
f 9335 9363 9334
f 9298 9260 9364
f 9365 9297 9319
f 9300 9299 9262
f 9366 9282 9299
f 9366 9283 9282
f 9367 9352 9320
f 9281 9367 9320
f 9285 9351 9338
f 9322 9284 9337
f 9338 9368 9323
f 9353 9337 9302
f 9304 9369 9303
f 9324 9369 9304
f 9324 9287 9370
f 9325 9371 9288
f 9355 9288 9371
f 9269 9340 9211
f 9327 9268 9372
f 9341 9373 9291
f 9342 9291 9374
f 9249 9250 9359
f 9375 9330 9359
f 9376 9344 9330
f 9376 9313 9344
f 9295 9348 9377
f 9362 9276 9361
f 9233 9378 9232
f 9379 9258 9349
f 9379 9333 9258
f 9260 9334 9380
f 9364 9260 9380
f 9318 9298 9364
f 9365 9335 9297
f 9319 9350 9381
f 9351 9279 9318
f 9299 9382 9366
f 9382 9299 9300
f 9383 9350 9280
f 9384 9300 9301
f 9352 9384 9301
f 9383 9280 9321
f 9281 9336 9367
f 9321 9283 9385
f 9336 9322 9386
f 9337 9387 9322
f 9387 9337 9353
f 9387 9353 9369
f 9303 9369 9353
f 9323 9368 9265
f 9265 9368 9388
f 9265 9388 9305
f 9287 9354 9370
f 9289 9389 9339
f 9289 9357 9389
f 9357 9290 9390
f 9326 9390 9290
f 9340 9390 9326
f 9269 9391 9340
f 9328 9391 9269
f 9392 9327 9372
f 9392 9341 9327
f 9291 9373 9374
f 9359 9250 9393
f 9375 9359 9393
f 9375 9394 9330
f 9394 9376 9330
f 9345 9313 9395
f 9295 9377 9346
f 9233 9317 9378
f 9335 9396 9363
f 9319 9381 9365
f 9300 9384 9397
f 9385 9283 9366
f 9351 9398 9338
f 9322 9399 9386
f 9387 9399 9322
f 9398 9368 9338
f 9324 9400 9369
f 9370 9400 9324
f 9305 9388 9401
f 9401 9325 9305
f 9325 9401 9402
f 9354 9403 9370
f 9402 9371 9325
f 9354 9339 9389
f 9306 9356 9404
f 9358 9306 9404
f 9372 9268 9358
f 9392 9373 9341
f 9329 9405 9328
f 9329 9342 9405
f 9343 9270 9052
f 9270 9406 9250
f 9407 9343 9226
f 9226 9251 9407
f 9408 9407 9251
f 9311 9409 9331
f 9395 9313 9376
f 9314 9345 9410
f 9273 9256 9411
f 9256 9194 9412
f 9412 9108 9316
f 9108 9412 9194
f 9317 9333 9413
f 9414 9380 9334
f 9414 9334 9363
f 9364 9380 9414
f 9350 9415 9381
f 9351 9318 9416
f 9417 9366 9382
f 9385 9366 9417
f 9383 9321 9418
f 9387 9419 9399
f 9398 9420 9368
f 9369 9419 9387
f 9388 9368 9420
f 9369 9400 9419
f 9389 9421 9354
f 9422 9356 9355
f 9358 9404 9423
f 9372 9358 9423
f 9391 9328 9405
f 9374 9424 9342
f 9342 9424 9405
f 9406 9393 9250
f 9360 9408 9307
f 9360 9308 9425
f 9331 9425 9308
f 9311 9426 9409
f 9411 9426 9273
f 9311 9273 9426
f 9412 9411 9256
f 9427 9428 9362
f 9361 9427 9362
f 9429 9277 9362
f 9277 9429 9278
f 9278 9430 9349
f 9430 9379 9349
f 9379 9413 9333
f 9431 9363 9396
f 9432 9364 9414
f 9396 9335 9433
f 9365 9433 9335
f 9318 9364 9416
f 9364 9432 9416
f 9300 9397 9382
f 9415 9350 9383
f 9434 9397 9384
f 9352 9434 9384
f 9435 9352 9367
f 9436 9336 9386
f 9400 9370 9403
f 9402 9437 9371
f 9354 9421 9403
f 9404 9356 9422
f 9438 9340 9439
f 9438 9390 9340
f 9423 9440 9372
f 9372 9440 9392
f 9405 9441 9391
f 9442 9374 9373
f 9251 9307 9408
f 9443 9444 9375
f 9443 9375 9393
f 9331 9409 9425
f 9376 9445 9395
f 9395 9410 9345
f 9377 9348 9446
f 9428 9429 9362
f 9232 9447 9347
f 9430 9278 9429
f 9447 9378 9448
f 9447 9232 9378
f 9317 9448 9378
f 9363 9431 9414
f 9433 9365 9381
f 9397 9434 9449
f 9415 9383 9418
f 9385 9418 9321
f 9434 9352 9435
f 9435 9367 9436
f 9450 9351 9416
f 9336 9436 9367
f 9398 9351 9450
f 9386 9451 9436
f 9450 9420 9398
f 9419 9452 9399
f 9453 9452 9419
f 9453 9419 9400
f 9388 9420 9454
f 9401 9388 9454
f 9403 9453 9400
f 9357 9390 9421
f 9357 9421 9389
f 9424 9374 9442
f 9406 9270 9455
f 9455 9270 9343
f 9375 9444 9394
f 9456 9315 9257
f 9361 9346 9457
f 9458 9448 9317
f 9413 9379 9459
f 9413 9458 9317
f 9433 9431 9396
f 9432 9414 9460
f 9460 9414 9431
f 9461 9433 9381
f 9461 9381 9462
f 9381 9415 9462
f 9463 9382 9397
f 9464 9385 9417
f 9385 9465 9418
f 9399 9452 9386
f 9466 9453 9403
f 9454 9402 9401
f 9371 9437 9467
f 9421 9468 9403
f 9355 9371 9467
f 9355 9467 9422
f 9421 9390 9469
f 9422 9470 9404
f 9470 9423 9404
f 9391 9471 9340
f 9471 9391 9441
f 9392 9472 9373
f 9472 9442 9373
f 9473 9424 9442
f 9405 9424 9441
f 9444 9474 9394
f 9474 9376 9394
f 9445 9376 9474
f 9445 9475 9395
f 9395 9475 9410
f 9410 9456 9314
f 9314 9456 9257
f 9476 9412 9316
f 9361 9457 9427
f 9430 9429 9477
f 9459 9379 9478
f 9460 9431 9433
f 9416 9432 9479
f 9479 9432 9460
f 9460 9433 9480
f 9461 9462 9481
f 9417 9482 9464
f 9482 9417 9382
f 9482 9382 9463
f 9462 9415 9418
f 9416 9483 9484
f 9465 9385 9485
f 9485 9385 9464
f 9450 9416 9484
f 9486 9434 9435
f 9486 9435 9487
f 9436 9487 9435
f 9420 9450 9454
f 9452 9451 9386
f 9488 9452 9453
f 9466 9488 9453
f 9402 9454 9489
f 9402 9489 9437
f 9468 9466 9403
f 9421 9490 9468
f 9438 9469 9390
f 9340 9471 9439
f 9491 9392 9440
f 9392 9491 9472
f 9343 9492 9455
f 9493 9443 9393
f 9393 9406 9493
f 9494 9445 9474
f 9411 9412 9476
f 9495 9476 9316
f 9346 9446 9457
f 9346 9377 9446
f 9348 9496 9446
f 9347 9496 9348
f 9447 9496 9347
f 9430 9477 9497
f 9430 9478 9379
f 9433 9461 9480
f 9483 9416 9479
f 9479 9460 9480
f 9463 9397 9449
f 9418 9465 9498
f 9499 9449 9434
f 9434 9486 9499
f 9451 9487 9436
f 9484 9454 9450
f 9489 9500 9437
f 9467 9501 9422
f 9422 9501 9470
f 9469 9490 9421
f 9470 9501 9423
f 9471 9441 9502
f 9473 9441 9424
f 9425 9503 9360
f 9445 9494 9504
f 9504 9475 9445
f 9475 9505 9410
f 9495 9316 9315
f 9477 9429 9428
f 9448 9458 9447
f 9478 9430 9497
f 9506 9479 9480
f 9461 9507 9480
f 9507 9461 9508
f 9508 9461 9481
f 9464 9509 9485
f 9481 9462 9498
f 9498 9462 9418
f 9483 9479 9506
f 9510 9499 9486
f 9484 9483 9506
f 9511 9487 9451
f 9454 9484 9489
f 9489 9484 9506
f 9489 9506 9512
f 9511 9451 9488
f 9488 9451 9452
f 9500 9489 9512
f 9488 9466 9511
f 9437 9500 9513
f 9437 9513 9467
f 9468 9514 9466
f 9515 9467 9513
f 9468 9490 9514
f 9469 9516 9490
f 9516 9469 9438
f 9423 9501 9517
f 9438 9439 9518
f 9519 9423 9517
f 9440 9423 9519
f 9440 9519 9491
f 9471 9520 9439
f 9491 9521 9472
f 9522 9441 9473
f 9455 9493 9406
f 9523 9492 9343
f 9343 9407 9523
f 9524 9444 9443
f 9525 9474 9444
f 9525 9444 9524
f 9425 9409 9503
f 9526 9474 9525
f 9410 9505 9456
f 9315 9456 9495
f 9527 9427 9457
f 9527 9457 9528
f 9427 9529 9428
f 9496 9447 9530
f 9447 9458 9531
f 9509 9464 9482
f 9507 9506 9480
f 9507 9508 9532
f 9510 9486 9533
f 9512 9506 9507
f 9533 9486 9487
f 9487 9511 9533
f 9512 9507 9532
f 9534 9533 9511
f 9500 9512 9535
f 9514 9511 9466
f 9490 9536 9514
f 9515 9501 9467
f 9501 9515 9537
f 9501 9537 9517
f 9438 9518 9516
f 9520 9518 9439
f 9491 9519 9521
f 9472 9521 9538
f 9538 9442 9472
f 9538 9473 9442
f 9502 9441 9522
f 9473 9539 9522
f 9493 9455 9540
f 9443 9493 9541
f 9542 9443 9541
f 9408 9523 9407
f 9542 9524 9443
f 9409 9543 9503
f 9526 9494 9474
f 9505 9544 9456
f 9457 9446 9545
f 9428 9529 9477
f 9447 9531 9530
f 9546 9413 9459
f 9413 9546 9458
f 9449 9499 9463
f 9499 9547 9463
f 9548 9508 9481
f 9548 9481 9498
f 9532 9508 9548
f 9549 9498 9465
f 9510 9533 9550
f 9535 9512 9532
f 9533 9534 9550
f 9500 9535 9513
f 9551 9534 9511
f 9551 9511 9514
f 9536 9551 9514
f 9515 9513 9537
f 9490 9552 9536
f 9490 9516 9552
f 9471 9502 9520
f 9473 9538 9539
f 9493 9553 9541
f 9426 9554 9409
f 9555 9426 9411
f 9556 9505 9475
f 9530 9557 9496
f 9459 9478 9558
f 9459 9558 9546
f 9482 9559 9509
f 9559 9482 9463
f 9559 9463 9547
f 9560 9548 9498
f 9549 9465 9485
f 9550 9499 9510
f 9561 9532 9548
f 9560 9498 9549
f 9535 9532 9561
f 9534 9562 9550
f 9563 9535 9561
f 9535 9563 9564
f 9551 9562 9534
f 9551 9565 9562
f 9513 9535 9564
f 9536 9565 9551
f 9513 9564 9537
f 9536 9552 9565
f 9518 9552 9516
f 9537 9564 9517
f 9520 9566 9518
f 9521 9517 9567
f 9519 9517 9521
f 9502 9568 9520
f 9569 9539 9538
f 9502 9522 9568
f 9540 9553 9493
f 9492 9540 9455
f 9542 9570 9524
f 9571 9360 9503
f 9570 9525 9524
f 9571 9503 9543
f 9494 9572 9504
f 9556 9475 9504
f 9476 9555 9411
f 9544 9495 9456
f 9457 9545 9528
f 9509 9573 9485
f 9509 9559 9573
f 9550 9547 9499
f 9573 9549 9485
f 9574 9549 9573
f 9561 9548 9560
f 9560 9549 9574
f 9575 9561 9560
f 9563 9561 9575
f 9565 9576 9562
f 9564 9563 9577
f 9576 9565 9552
f 9578 9564 9577
f 9578 9517 9564
f 9518 9579 9552
f 9566 9579 9518
f 9567 9517 9580
f 9566 9520 9568
f 9521 9567 9538
f 9538 9567 9569
f 9523 9581 9492
f 9582 9408 9360
f 9582 9360 9571
f 9543 9409 9554
f 9526 9583 9494
f 9554 9426 9555
f 9583 9572 9494
f 9529 9427 9527
f 9584 9446 9496
f 9529 9585 9477
f 9586 9477 9585
f 9477 9586 9497
f 9458 9546 9531
f 9587 9547 9550
f 9562 9587 9550
f 9588 9574 9573
f 9575 9560 9574
f 9589 9575 9574
f 9577 9563 9575
f 9579 9576 9552
f 9590 9578 9577
f 9580 9578 9590
f 9517 9578 9580
f 9567 9580 9591
f 9567 9591 9569
f 9592 9569 9591
f 9539 9569 9592
f 9539 9592 9522
f 9522 9592 9568
f 9523 9408 9582
f 9504 9572 9556
f 9505 9556 9593
f 9544 9505 9593
f 9584 9545 9446
f 9496 9557 9584
f 9594 9586 9585
f 9586 9478 9497
f 9595 9559 9547
f 9596 9573 9559
f 9596 9559 9595
f 9587 9595 9547
f 9588 9573 9596
f 9589 9574 9588
f 9589 9588 9597
f 9576 9598 9587
f 9576 9587 9562
f 9575 9589 9577
f 9590 9577 9589
f 9580 9590 9591
f 9599 9600 9579
f 9599 9579 9566
f 9568 9599 9566
f 9540 9601 9553
f 9540 9492 9601
f 9542 9602 9570
f 9603 9525 9570
f 9604 9525 9603
f 9525 9604 9526
f 9605 9527 9528
f 9545 9584 9606
f 9530 9607 9557
f 9530 9531 9607
f 9608 9596 9595
f 9598 9595 9587
f 9609 9595 9598
f 9608 9588 9596
f 9588 9608 9597
f 9600 9598 9576
f 9590 9589 9597
f 9598 9600 9610
f 9579 9600 9576
f 9597 9591 9590
f 9591 9597 9611
f 9599 9610 9600
f 9592 9591 9611
f 9612 9592 9611
f 9599 9612 9610
f 9592 9612 9568
f 9568 9612 9599
f 9553 9613 9541
f 9492 9581 9614
f 9615 9616 9542
f 9542 9541 9615
f 9616 9602 9542
f 9570 9602 9603
f 9526 9604 9617
f 9617 9583 9526
f 9618 9554 9555
f 9555 9619 9618
f 9555 9476 9619
f 9619 9476 9495
f 9528 9620 9621
f 9620 9528 9545
f 9606 9620 9545
f 9528 9621 9605
f 9605 9622 9527
f 9527 9622 9529
f 9607 9531 9623
f 9624 9558 9478
f 9608 9595 9609
f 9611 9608 9609
f 9610 9609 9598
f 9597 9608 9611
f 9611 9609 9610
f 9612 9611 9610
f 9614 9601 9492
f 9614 9581 9625
f 9581 9523 9582
f 9626 9593 9556
f 9627 9495 9544
f 9606 9584 9557
f 9585 9529 9622
f 9478 9586 9624
f 9628 9623 9546
f 9623 9531 9546
f 9546 9558 9628
f 9613 9615 9541
f 9625 9581 9582
f 9572 9583 9629
f 9626 9556 9572
f 9544 9593 9627
f 9630 9605 9621
f 9622 9631 9585
f 9632 9586 9594
f 9558 9633 9628
f 9614 9634 9601
f 9625 9582 9635
f 9554 9636 9543
f 9617 9629 9583
f 9626 9637 9593
f 9627 9619 9495
f 9621 9638 9630
f 9621 9620 9638
f 9558 9624 9633
f 9639 9613 9553
f 9601 9639 9553
f 9613 9640 9615
f 9640 9616 9615
f 9616 9603 9602
f 9635 9582 9641
f 9641 9582 9571
f 9642 9571 9543
f 9642 9543 9636
f 9632 9624 9586
f 9643 9633 9624
f 9644 9604 9603
f 9641 9571 9642
f 9644 9617 9604
f 9554 9618 9636
f 9617 9645 9629
f 9629 9626 9572
f 9637 9646 9593
f 9646 9627 9593
f 9647 9638 9620
f 9647 9620 9606
f 9647 9606 9648
f 9649 9605 9630
f 9650 9648 9606
f 9605 9649 9622
f 9649 9631 9622
f 9606 9557 9650
f 9650 9557 9607
f 9639 9651 9613
f 9634 9639 9601
f 9651 9640 9613
f 9652 9634 9614
f 9652 9614 9625
f 9653 9603 9616
f 9645 9617 9644
f 9619 9654 9618
f 9629 9655 9626
f 9585 9631 9656
f 9657 9623 9628
f 9632 9643 9624
f 9658 9639 9634
f 9635 9652 9625
f 9629 9645 9659
f 9659 9655 9629
f 9654 9619 9627
f 9626 9655 9637
f 9660 9627 9646
f 9649 9630 9661
f 9662 9607 9623
f 9656 9663 9585
f 9585 9663 9594
f 9663 9632 9594
f 9663 9664 9632
f 9628 9633 9657
f 9665 9651 9639
f 9652 9658 9634
f 9616 9640 9653
f 9635 9641 9666
f 9655 9646 9637
f 9630 9638 9661
f 9607 9662 9650
f 9657 9662 9623
f 9667 9633 9643
f 9657 9633 9667
f 9639 9658 9665
f 9666 9641 9642
f 9668 9642 9636
f 9636 9618 9669
f 9654 9669 9618
f 9638 9647 9670
f 9664 9643 9632
f 9671 9665 9658
f 9672 9653 9640
f 9673 9658 9652
f 9635 9666 9652
f 9644 9603 9653
f 9645 9644 9674
f 9627 9660 9654
f 9646 9655 9675
f 9661 9638 9676
f 9661 9677 9649
f 9678 9648 9650
f 9679 9667 9643
f 9640 9651 9672
f 9673 9671 9658
f 9666 9673 9652
f 9668 9666 9642
f 9636 9669 9668
f 9680 9669 9654
f 9660 9680 9654
f 9638 9670 9676
f 9648 9681 9647
f 9650 9682 9678
f 9682 9650 9662
f 9664 9679 9643
f 9665 9683 9651
f 9666 9668 9684
f 9645 9674 9685
f 9659 9645 9685
f 9675 9686 9646
f 9681 9670 9647
f 9649 9677 9687
f 9649 9687 9631
f 9688 9689 9657
f 9657 9689 9662
f 9663 9690 9664
f 9657 9667 9688
f 9679 9688 9667
f 9683 9672 9651
f 9666 9691 9673
f 9680 9684 9668
f 9680 9668 9669
f 9659 9675 9655
f 9646 9686 9692
f 9646 9692 9660
f 9661 9676 9677
f 9678 9681 9648
f 9662 9689 9682
f 9656 9690 9663
f 9653 9693 9644
f 9666 9694 9691
f 9684 9694 9666
f 9695 9644 9693
f 9695 9674 9644
f 9680 9660 9696
f 9685 9675 9659
f 9696 9660 9692
f 9631 9687 9697
f 9631 9697 9656
f 9690 9679 9664
f 9653 9672 9698
f 9684 9699 9694
f 9700 9674 9695
f 9680 9699 9684
f 9685 9674 9700
f 9681 9701 9670
f 9697 9690 9656
f 9688 9702 9689
f 9702 9688 9679
f 9672 9683 9698
f 9703 9683 9665
f 9703 9665 9671
f 9704 9671 9673
f 9705 9653 9698
f 9705 9693 9653
f 9691 9704 9673
f 9706 9691 9694
f 9685 9700 9707
f 9696 9708 9680
f 9670 9701 9676
f 9709 9678 9682
f 9697 9710 9690
f 9690 9711 9679
f 9711 9702 9679
f 9712 9698 9683
f 9704 9703 9671
f 9713 9695 9693
f 9700 9695 9713
f 9680 9708 9699
f 9675 9685 9707
f 9714 9696 9692
f 9692 9686 9714
f 9678 9715 9681
f 9683 9703 9712
f 9716 9693 9705
f 9704 9691 9706
f 9693 9716 9713
f 9717 9706 9694
f 9717 9694 9699
f 9708 9696 9714
f 9675 9718 9686
f 9718 9714 9686
f 9677 9719 9687
f 9687 9720 9697
f 9721 9690 9710
f 9703 9704 9722
f 9705 9698 9712
f 9713 9723 9700
f 9723 9707 9700
f 9699 9708 9717
f 9718 9675 9707
f 9701 9681 9724
f 9715 9724 9681
f 9682 9689 9709
f 9721 9711 9690
f 9722 9712 9703
f 9716 9723 9713
f 9718 9707 9723
f 9725 9677 9676
f 9719 9677 9725
f 9720 9687 9719
f 9689 9726 9709
f 9702 9726 9689
f 9727 9710 9697
f 9728 9705 9712
f 9704 9729 9722
f 9706 9729 9704
f 9705 9728 9716
f 9717 9730 9706
f 9718 9723 9731
f 9732 9718 9731
f 9732 9714 9718
f 9714 9732 9708
f 9715 9678 9709
f 9720 9727 9697
f 9727 9733 9710
f 9711 9726 9702
f 9722 9729 9712
f 9728 9712 9729
f 9706 9730 9729
f 9734 9716 9728
f 9723 9716 9734
f 9732 9730 9717
f 9717 9708 9732
f 9735 9676 9701
f 9735 9736 9676
f 9709 9726 9715
f 9711 9721 9726
f 9721 9710 9733
f 9729 9737 9728
f 9734 9728 9737
f 9730 9737 9729
f 9723 9734 9731
f 9731 9734 9737
f 9732 9737 9730
f 9732 9731 9737
f 9738 9701 9724
f 9738 9735 9701
f 9725 9676 9736
f 9720 9719 9725
f 9739 9725 9736
f 9724 9715 9738
f 9738 9715 9740
f 9739 9741 9725
f 9715 9742 9740
f 9741 9720 9725
f 9743 9720 9741
f 9742 9715 9726
f 9743 9727 9720
f 9733 9744 9721
f 9736 9735 9739
f 9745 9741 9739
f 9726 9746 9742
f 9747 9727 9743
f 9727 9747 9733
f 9746 9721 9744
f 9726 9721 9746
f 9748 9745 9739
f 9745 9749 9741
f 9750 9733 9747
f 9739 9751 9748
f 9735 9751 9739
f 9749 9745 9748
f 9741 9749 9752
f 9750 9744 9733
f 9751 9735 9753
f 9738 9753 9735
f 9752 9754 9743
f 9741 9752 9743
f 9755 9742 9746
f 9754 9747 9743
f 9756 9753 9738
f 9740 9756 9738
f 9742 9755 9740
f 9755 9744 9757
f 9744 9755 9746
f 9744 9750 9757
f 9758 9749 9748
f 9759 9756 9740
f 9760 9752 9749
f 9754 9750 9747
f 9761 9748 9751
f 9762 9753 9756
f 9740 9755 9759
f 9754 9752 9760
f 9761 9758 9748
f 9753 9761 9751
f 9763 9749 9758
f 9763 9760 9749
f 9755 9764 9759
f 9754 9760 9765
f 9754 9765 9766
f 9764 9755 9757
f 9766 9750 9754
f 9757 9767 9764
f 9766 9757 9750
f 9763 9758 9768
f 9761 9769 9758
f 9762 9761 9753
f 9758 9769 9768
f 9768 9770 9763
f 9771 9762 9756
f 9770 9760 9763
f 9771 9756 9759
f 9766 9767 9757
f 9759 9772 9771
f 9760 9770 9773
f 9772 9759 9764
f 9760 9773 9765
f 9761 9762 9774
f 9775 9773 9770
f 9765 9773 9776
f 9777 9772 9764
f 9764 9767 9777
f 9778 9767 9766
f 9769 9779 9780
f 9761 9779 9769
f 9781 9768 9780
f 9780 9768 9769
f 9771 9774 9762
f 9765 9778 9766
f 9776 9778 9765
f 9767 9778 9777
f 9779 9761 9774
f 9782 9774 9771
f 9771 9772 9782
f 9783 9770 9768
f 9775 9770 9783
f 9772 9777 9782
f 9775 9776 9773
f 9777 9778 9784
f 9778 9776 9784
f 9779 9774 9785
f 9768 9781 9783
f 9782 9777 9786
f 9784 9786 9777
f 9787 9780 9779
f 9774 9782 9785
f 9788 9776 9775
f 9789 9781 9780
f 9787 9779 9785
f 9790 9788 9775
f 9788 9791 9776
f 9776 9791 9784
f 9780 9792 9789
f 9789 9793 9781
f 9775 9783 9790
f 9784 9791 9786
f 9787 9785 9794
f 9793 9783 9781
f 9794 9785 9782
f 9795 9783 9793
f 9796 9782 9786
f 9791 9797 9786
f 9788 9797 9791
f 9787 9792 9780
f 9794 9782 9796
f 9790 9783 9795
f 9788 9790 9797
f 9787 9798 9792
f 9789 9799 9793
f 9799 9800 9793
f 9790 9795 9801
f 9786 9797 9796
f 9792 9799 9789
f 9798 9787 9802
f 9802 9787 9794
f 9793 9800 9803
f 9795 9793 9803
f 9802 9794 9804
f 9794 9796 9804
f 9801 9805 9790
f 9805 9797 9790
f 9799 9792 9806
f 9800 9799 9806
f 9796 9797 9804
f 9802 9807 9798
f 9808 9806 9792
f 9798 9808 9792
f 9803 9800 9809
f 9804 9810 9802
f 9804 9797 9810
f 9811 9801 9795
f 9805 9810 9797
f 9808 9812 9806
f 9813 9808 9798
f 9806 9814 9800
f 9815 9807 9802
f 9800 9814 9809
f 9802 9816 9815
f 9810 9816 9802
f 9803 9811 9795
f 9810 9805 9817
f 9813 9798 9807
f 9817 9816 9810
f 9818 9805 9801
f 9819 9814 9806
f 9819 9806 9812
f 9811 9818 9801
f 9813 9820 9808
f 9803 9809 9821
f 9821 9811 9803
f 9818 9822 9805
f 9822 9817 9805
f 9820 9812 9808
f 9807 9815 9823
f 9823 9815 9824
f 9824 9815 9816
f 9811 9821 9825
f 9822 9816 9817
f 9807 9823 9813
f 9821 9809 9826
f 9824 9816 9822
f 9825 9818 9811
f 9826 9809 9814
f 9827 9820 9813
f 9819 9828 9814
f 9827 9813 9823
f 9822 9818 9829
f 9819 9830 9828
f 9826 9814 9828
f 9822 9831 9824
f 9825 9829 9818
f 9812 9832 9819
f 9826 9833 9821
f 9822 9829 9831
f 9833 9825 9821
f 9832 9812 9820
f 9832 9830 9819
f 9832 9820 9834
f 9827 9834 9820
f 9826 9828 9835
f 9836 9829 9825
f 9824 9837 9823
f 9837 9824 9831
f 9833 9836 9825
f 9838 9834 9827
f 9839 9838 9827
f 9823 9839 9827
f 9839 9823 9837
f 9826 9835 9833
f 9836 9840 9829
f 9841 9842 9830
f 9841 9830 9832
f 9842 9828 9830
f 9828 9843 9835
f 9844 9837 9831
f 9840 9844 9831
f 9831 9829 9840
f 9828 9842 9843
f 9835 9843 9845
f 9835 9845 9833
f 9832 9846 9841
f 9832 9834 9846
f 9847 9840 9836
f 9846 9834 9848
f 9838 9848 9834
f 9837 9849 9839
f 9837 9844 9849
f 9833 9850 9836
f 9850 9847 9836
f 9849 9840 9847
f 9844 9840 9849
f 9842 9841 9851
f 9838 9852 9848
f 9838 9839 9852
f 9841 9853 9851
f 9846 9853 9841
f 9854 9843 9842
f 9839 9849 9852
f 9833 9845 9850
f 9848 9855 9846
f 9851 9856 9842
f 9854 9857 9843
f 9857 9845 9843
f 9850 9845 9857
f 9855 9853 9846
f 9842 9856 9854
f 9849 9847 9858
f 9853 9859 9851
f 9851 9859 9856
f 9852 9849 9858
f 9858 9847 9850
f 9855 9848 9860
f 9857 9861 9850
f 9862 9858 9850
f 9863 9859 9853
f 9855 9863 9853
f 9859 9864 9856
f 9856 9864 9854
f 9864 9865 9854
f 9865 9857 9854
f 9861 9862 9850
f 9852 9860 9848
f 9866 9852 9858
f 9857 9865 9861
f 9864 9859 9867
f 9858 9862 9866
f 9860 9863 9855
f 9860 9852 9868
f 9866 9868 9852
f 9869 9862 9861
f 9864 9870 9865
f 9861 9865 9871
f 9862 9869 9866
f 9872 9867 9859
f 9863 9872 9859
f 9867 9870 9864
f 9873 9863 9860
f 9874 9865 9870
f 9875 9869 9861
f 9873 9860 9876
f 9874 9871 9865
f 9869 9877 9866
f 9871 9875 9861
f 9873 9872 9863
f 9868 9876 9860
f 9866 9878 9868
f 9875 9877 9869
f 9870 9867 9879
f 9876 9868 9878
f 9870 9879 9874
f 9866 9877 9878
f 9867 9872 9880
f 9879 9867 9880
f 9874 9879 9881
f 9882 9871 9874
f 9871 9883 9875
f 9883 9877 9875
f 9884 9881 9879
f 9881 9882 9874
f 9885 9871 9882
f 9885 9883 9871
f 9886 9873 9876
f 9879 9880 9884
f 9877 9883 9878
f 9887 9880 9872
f 9888 9876 9878
f 9883 9889 9878
f 9887 9872 9873
f 9886 9887 9873
f 9886 9876 9888
f 9887 9890 9880
f 9889 9888 9878
f 9885 9889 9883
f 9891 9889 9885
f 9886 9892 9887
f 9887 9892 9890
f 9893 9892 9886
f 9888 9893 9886
f 9881 9894 9882
f 9894 9885 9882
f 9895 9896 9880
f 9880 9890 9895
f 9880 9896 9884
f 9888 9897 9893
f 9888 9889 9897
f 9894 9891 9885
f 9890 9898 9895
f 9896 9881 9884
f 9899 9894 9881
f 9889 9891 9900
f 9892 9898 9890
f 9899 9881 9896
f 9901 9898 9892
f 9893 9901 9892
f 9901 9893 9897
f 9895 9902 9903
f 9898 9902 9895
f 9903 9896 9895
f 9903 9904 9896
f 9904 9899 9896
f 9899 9905 9894
f 9905 9906 9894
f 9894 9900 9891
f 9906 9900 9894
f 9899 9904 9905
f 9897 9889 9900
f 9907 9904 9903
f 9908 9901 9909
f 9897 9909 9901
f 9900 9909 9897
f 9902 9910 9903
f 9910 9907 9903
f 9911 9898 9901
f 9905 9912 9906
f 9913 9910 9902
f 9911 9902 9898
f 9908 9911 9901
f 9914 9905 9904
f 9900 9906 9912
f 9915 9912 9905
f 9911 9913 9902
f 9916 9910 9913
f 9900 9912 9909
f 9915 9917 9912
f 9918 9916 9913
f 9911 9908 9919
f 9920 9904 9907
f 9909 9919 9908
f 9904 9920 9914
f 9919 9909 9921
f 9912 9921 9909
f 9905 9914 9915
f 9917 9921 9912
f 9922 9923 9910
f 9910 9916 9922
f 9911 9918 9913
f 9910 9923 9907
f 9907 9923 9920
f 9914 9924 9915
f 9925 9917 9915
f 9926 9918 9911
f 9911 9919 9926
f 9918 9922 9916
f 9923 9922 9927
f 9928 9920 9923
f 9914 9929 9924
f 9925 9921 9917
f 9924 9925 9915
f 9926 9930 9918
f 9927 9928 9923
f 9928 9914 9920
f 9931 9932 9919
f 9921 9931 9919
f 9931 9921 9925
f 9926 9919 9932
f 9933 9924 9929
f 9926 9934 9930
f 9928 9935 9914
f 9928 9936 9935
f 9937 9933 9929
f 9925 9924 9933
f 9927 9938 9928
f 9928 9938 9936
f 9932 9934 9926
f 9935 9937 9929
f 9914 9935 9929
f 9939 9925 9933
f 9931 9925 9939
f 9930 9940 9922
f 9930 9922 9918
f 9940 9927 9922
f 9932 9941 9934
f 9941 9932 9939
f 9931 9939 9932
f 9930 9942 9940
f 9934 9942 9930
f 9936 9943 9935
f 9944 9933 9937
f 9945 9938 9927
f 9927 9940 9945
f 9943 9936 9946
f 9946 9936 9938
f 9934 9941 9942
f 9939 9947 9941
f 9948 9935 9943
f 9935 9948 9937
f 9944 9939 9933
f 9948 9949 9937
f 9949 9944 9937
f 9938 9945 9946
f 9945 9950 9946
f 9944 9947 9939
f 9951 9945 9940
f 9951 9940 9942
f 9951 9942 9941
f 9952 9941 9947
f 9943 9953 9948
f 9950 9945 9951
f 9943 9954 9953
f 9955 9952 9947
f 9955 9947 9944
f 9953 9956 9948
f 9956 9949 9948
f 9949 9957 9944
f 9958 9943 9946
f 9958 9954 9943
f 9952 9951 9941
f 9957 9955 9944
f 9956 9957 9949
f 9946 9950 9959
f 9958 9946 9959
f 9960 9953 9954
f 9957 9961 9955
f 9962 9950 9951
f 9954 9958 9963
f 9961 9952 9955
f 9964 9956 9953
f 9960 9964 9953
f 9958 9959 9965
f 9962 9959 9950
f 9963 9958 9965
f 9954 9963 9960
f 9964 9966 9956
f 9967 9962 9951
f 9951 9952 9967
f 9961 9968 9952
f 9961 9956 9969
f 9957 9956 9961
f 9956 9966 9969
f 9970 9965 9959
f 9959 9962 9970
f 9965 9971 9963
f 9967 9952 9968
f 9964 9972 9966
f 9967 9970 9962
f 9960 9963 9973
f 9969 9974 9961
f 9975 9972 9964
f 9966 9972 9969
f 9965 9970 9976
f 9965 9977 9971
f 9967 9968 9978
f 9968 9979 9978
f 9974 9979 9961
f 9961 9979 9968
f 9976 9977 9965
f 9980 9970 9967
f 9980 9967 9978
f 9971 9981 9963
f 9963 9981 9973
f 9960 9973 9982
f 9982 9964 9960
f 9983 9969 9972
f 9984 9976 9970
f 9984 9970 9980
f 9977 9985 9971
f 9971 9985 9981
f 9969 9983 9986
f 9969 9986 9974
f 9987 9977 9976
f 9987 9976 9984
f 9984 9980 9978
f 9979 9974 9986
f 9988 9972 9975
f 9983 9972 9988
f 9988 9975 9989
f 9977 9990 9985
f 9987 9990 9977
f 9978 9991 9984
f 9979 9991 9978
f 9986 9992 9991
f 9986 9991 9979
f 9991 9987 9984
f 9992 9987 9991
f 9981 9993 9973
f 9994 9986 9983
f 9988 9994 9983
f 9975 9964 9989
f 9995 9981 9985
f 9985 9990 9995
f 9996 9987 9992
f 9986 9997 9992
f 9986 9994 9997
f 9973 9993 9982
f 9982 9989 9964
f 9996 9990 9987
f 9993 9981 9995
f 9996 9992 9997
f 9998 9990 9996
f 9982 9993 9999
f 9982 9999 10000
f 9982 10000 9989
f 9998 9995 9990
f 9997 9998 9996
f 9999 9993 9995
f 10001 9994 9988
f 10001 9989 10000
f 9989 10001 9988
f 9998 10002 9995
f 10002 9999 9995
f 10002 9998 9997
f 10002 10000 9999
f 9994 10002 9997
f 10001 10000 10002
f 10001 10002 9994
