seq	wall	pid	ep	final_branch	reason	is_clean	gsucc	ret	steps
1	1783823635.144881	312	1	RCCA	success	1	1	4.1960	252
2	1783823683.129800	540	1	RCCA	success	1	1	4.1494	376
3	1783823723.420374	236	1	RCCA	success	1	1	2.3486	520
4	1783823735.349491	274	1	bridge	max_steps	0	0	-4.4257	600
5	1783823738.870203	388	1	bridge	max_steps	0	0	-5.3517	600
6	1783823748.148645	426	1	bridge	max_steps	0	0	-3.8091	600
7	1783823762.045350	198	1	RCCA	max_steps	1	0	-3.0421	600
8	1783823768.004067	616	1	RCCA	max_steps	1	0	-5.3592	600
9	1783823778.325786	73	1	RCCA	max_steps	1	0	-2.4918	600
10	1783823778.749324	654	1	RVA	max_steps	0	0	-13.4736	600
11	1783823794.948078	160	1	RVA	max_steps	0	0	-3.0890	600
12	1783823795.118315	578	1	RVA	max_steps	0	0	-14.8481	600
13	1783823814.373570	122	1	RVA	max_steps	0	0	-15.3891	600
14	1783823814.863199	502	1	RVA	max_steps	0	0	-13.7311	600
15	1783823841.865470	464	1	RVA	max_steps	0	0	-14.4501	600
16	1783823851.721857	160	2	RCCA	success	1	1	4.2963	155
17	1783823854.142286	388	2	RCCA	success	1	1	3.7485	312
18	1783823855.801097	350	1	RVA	max_steps	0	0	-12.3870	600
19	1783823894.872957	312	2	RVA	max_steps	0	0	-3.8398	600
20	1783823896.179403	540	2	RVA	max_steps	0	0	-3.2562	600
21	1783823931.418324	122	2	RCCA	success	1	1	3.4570	343
22	1783823971.297851	160	3	RCCA	success	1	1	4.6602	288
23	1783823978.905997	426	2	RCCA	max_steps	1	0	-3.9997	600
24	1783823981.812606	236	2	RCCA	max_steps	1	0	-1.7806	600
25	1783823982.163563	274	2	RCCA	max_steps	1	0	-1.9910	600
26	1783823990.817883	616	2	RCCA	max_steps	1	0	-3.2112	600
27	1783824006.526949	198	2	RCCA	max_steps	1	0	-4.9218	600
28	1783824015.064353	73	2	RVA	max_steps	0	0	-6.9665	600
29	1783824032.844095	502	2	bridge	max_steps	0	0	-4.9132	600
30	1783824054.897454	578	2	RCCA	max_steps	1	0	-2.8118	600
31	1783824056.106431	274	3	RCCA	success	1	1	4.5528	190
32	1783824065.978702	654	2	RCCA	max_steps	1	0	-1.7134	600
33	1783824088.703769	464	2	RCCA	max_steps	1	0	-7.9879	600
34	1783824092.218312	388	3	RVA	max_steps	0	0	-11.0400	600
35	1783824096.985079	540	3	bridge	max_steps	0	0	-3.9430	600
36	1783824120.546859	350	2	RCCA	max_steps	1	0	-1.8467	600
37	1783824124.111536	312	3	RVA	max_steps	0	0	-8.6736	600
38	1783824147.061920	616	3	RCCA	success	1	1	3.7649	407
39	1783824169.017537	122	3	RCCA	max_steps	1	0	-2.3246	600
40	1783824188.906945	578	3	RCCA	success	1	1	3.7846	347
41	1783824216.276100	426	3	RVA	max_steps	0	0	-7.4458	600
42	1783824242.986575	236	3	RVA	max_steps	0	0	-9.4047	600
43	1783824244.566802	160	4	RCCA	max_steps	1	0	-1.1269	600
44	1783824254.902625	198	3	RCCA	max_steps	1	0	-2.1660	600
45	1783824262.707937	502	3	RVA	max_steps	0	0	-5.6007	600
46	1783824263.423290	73	3	bridge	max_steps	0	0	-6.5799	600
47	1783824284.884814	198	4	RCCA	success	1	1	4.5069	78
48	1783824315.026031	540	4	RCCA	max_steps	1	0	-3.0231	600
49	1783824315.305624	274	4	RCCA	max_steps	1	0	-1.7398	600
50	1783824329.843757	464	3	RCCA	max_steps	1	0	-2.6617	600
51	1783824331.926898	350	3	RCCA	max_steps	1	0	-3.5941	600
52	1783824332.137325	654	3	RVA	max_steps	0	0	-12.7209	600
53	1783824348.649417	388	4	RCCA	max_steps	1	0	-1.5801	600
54	1783824360.415586	312	4	bridge	max_steps	0	0	-3.5188	600
55	1783824402.951930	616	4	RCCA	max_steps	1	0	-2.0956	600
56	1783824413.362134	122	4	RCCA	max_steps	0	0	-6.7024	600
57	1783824417.697882	578	4	RCCA	max_steps	1	0	-2.3445	600
58	1783824431.667959	426	4	RCCA	success	1	1	4.3247	523
59	1783824476.607600	236	4	RVA	max_steps	0	0	-8.1095	600
60	1783824497.028359	160	5	RCCA	max_steps	1	0	-1.7949	600
61	1783824500.423045	502	4	RCCA	max_steps	1	0	-2.7745	600
62	1783824530.000159	122	5	RCCA	success	1	1	4.6707	277
63	1783824535.396368	73	4	other	max_steps	0	0	-11.4183	600
64	1783824544.884785	540	5	bridge	max_steps	0	0	-5.4910	600
65	1783824547.090210	274	5	RCCA	max_steps	1	0	-2.4373	600
66	1783824559.048345	198	5	RVA	max_steps	0	0	-17.5480	600
67	1783824577.100172	654	4	RVA	max_steps	0	0	-7.4404	600
68	1783824592.907424	388	5	RVA	max_steps	0	0	-9.4548	600
69	1783824594.993857	464	4	RCCA	max_steps	1	0	-1.7121	600
70	1783824596.422877	350	4	RVA	max_steps	0	0	-13.8033	600
71	1783824631.406567	578	5	bridge	max_steps	0	0	-4.2882	600
72	1783824646.008381	312	5	RVA	max_steps	0	0	-13.1769	600
73	1783824649.229028	616	5	RCCA	max_steps	0	0	-7.0584	600
74	1783824709.981354	426	5	RCCA	max_steps	0	0	-3.3663	600
75	1783824725.664683	236	5	RVA	max_steps	0	0	-5.8618	600
76	1783824758.353553	198	6	RCCA	max_steps	1	0	-4.0214	600
77	1783824763.889677	122	6	RCCA	max_steps	1	0	-2.3308	600
78	1783824764.036920	274	6	bridge	max_steps	0	0	-5.2613	600
79	1783824765.056428	160	6	RCCA	max_steps	1	0	-1.2686	600
80	1783824766.666836	502	5	RCCA	max_steps	0	0	-7.2188	600
81	1783824791.239845	654	5	RVA	max_steps	0	0	-5.2500	600
82	1783824791.924318	540	6	RCCA	max_steps	0	0	-2.8989	600
83	1783824794.080190	73	5	RVA	max_steps	0	0	-10.6124	600
84	1783824801.137567	350	5	RVA	max_steps	0	0	-5.7902	600
85	1783824830.547620	388	6	RCCA	max_steps	1	0	-1.9604	600
86	1783824844.139824	464	5	RCCA	max_steps	1	0	-1.5425	600
87	1783824883.707947	578	6	RCCA	max_steps	0	0	-3.3285	600
88	1783825043.415361	198	7	RCCA	max_steps	1	0	-1.4558	600
89	1783825043.415361	274	7	RCCA	max_steps	0	0	-2.3868	600
90	1783825043.415361	540	7	other	max_steps	0	0	-28.9355	600
91	1783825043.415361	73	6	RCCA	max_steps	1	0	-3.8618	600
92	1783825043.415361	122	7	RCCA	max_steps	1	0	-4.6238	600
93	1783825043.415361	160	7	RCCA	max_steps	0	0	-3.7505	600
94	1783825043.415361	350	6	RCCA	max_steps	1	0	-3.7731	600
95	1783825043.415361	426	6	RCCA	max_steps	1	0	-3.9395	600
96	1783825043.415361	616	6	RVA	max_steps	0	0	-11.9871	600
97	1783825043.415361	312	6	RCCA	max_steps	1	0	-1.3046	600
98	1783825043.415361	236	6	other	max_steps	0	0	-24.6934	600
99	1783825043.415361	388	7	RVA	max_steps	0	0	-4.3267	600
100	1783825043.415361	502	6	RCCA	max_steps	1	0	-1.8067	600
101	1783825043.415361	464	6	RCCA	max_steps	1	0	-2.6894	600
102	1783825043.415361	578	7	RCCA	max_steps	1	0	-1.9142	600
103	1783825043.415361	654	6	RCCA	max_steps	1	0	-2.0948	600
104	1783825293.374288	160	8	RCCA	success	1	1	2.8291	515
105	1783825320.971661	122	8	other	max_steps	0	0	-8.1395	600
106	1783825336.934284	388	8	bridge	max_steps	0	0	-4.3277	600
107	1783825352.896420	502	7	RCCA	max_steps	0	0	-4.1836	600
108	1783825358.621457	312	7	RCCA	max_steps	1	0	-2.5199	600
109	1783825358.728070	616	7	RVA	max_steps	0	0	-7.7593	600
110	1783825359.165005	464	7	RVA	max_steps	0	0	-4.5785	600
111	1783825359.266418	274	8	RCCA	success	1	1	5.0119	533
112	1783825364.832196	73	7	RCCA	max_steps	1	0	-3.7453	600
113	1783825373.951500	578	8	RVA	max_steps	0	0	-11.2202	600
114	1783825376.502244	540	8	RVA	max_steps	0	0	-7.3307	600
115	1783825379.423998	236	7	RCCA	max_steps	0	0	-6.5764	600
116	1783825380.539995	426	7	bridge	max_steps	0	0	-2.3202	600
117	1783825389.721895	198	8	RCCA	max_steps	1	0	-0.9736	600
118	1783825393.102401	350	7	bridge	max_steps	0	0	-7.6355	600
119	1783825501.636777	464	8	RCCA	success	1	1	3.3592	328
120	1783825530.894515	654	7	RVA	max_steps	0	0	-13.5551	600
121	1783825577.955926	198	9	RCCA	success	1	1	4.4694	340
122	1783825617.490268	122	9	RVA	max_steps	0	0	-6.9669	600
123	1783825619.586863	160	9	RCCA	max_steps	0	0	-3.7102	600
124	1783825640.003736	388	9	RCCA	max_steps	1	0	-2.9710	600
125	1783825651.852774	426	8	bridge	max_steps	0	0	-5.9182	600
126	1783825659.189199	578	9	bridge	max_steps	0	0	-7.1401	600
127	1783825666.432805	274	9	bridge	max_steps	0	0	-4.0598	600
128	1783825670.069238	73	8	RCCA	max_steps	1	0	-4.3493	600
129	1783825682.954135	616	8	RCCA	max_steps	0	0	-10.8437	600
130	1783825684.549610	236	8	RCCA	max_steps	1	0	-3.0762	600
131	1783825686.551276	350	8	RVA	max_steps	0	0	-4.5794	600
132	1783825689.272765	312	8	RVA	max_steps	0	0	-10.6968	600
133	1783825694.143396	502	8	RVA	max_steps	0	0	-13.0433	600
134	1783825718.685282	540	9	RCCA	max_steps	0	0	-14.1268	600
135	1783825784.572688	464	9	bridge	max_steps	0	0	-3.4371	600
136	1783825817.418276	236	9	RCCA	success	1	1	3.7806	301
137	1783825885.978748	198	10	RCCA	max_steps	1	0	-1.7945	600
138	1783825892.796805	654	8	RVA	max_steps	0	0	-18.5369	600
139	1783825924.685808	578	10	bridge	max_steps	0	0	-5.7205	600
140	1783825937.055222	388	10	RCCA	max_steps	1	0	-3.9112	600
141	1783825946.829816	160	10	RCCA	max_steps	0	0	-10.1593	600
142	1783825947.861071	122	10	RCCA	max_steps	1	0	-1.2133	600
143	1783825977.657024	312	9	RCCA	max_steps	1	0	-3.8266	600
144	1783825982.294553	350	9	RCCA	max_steps	1	0	-3.4108	600
145	1783825986.463251	426	9	other	max_steps	0	0	-17.5473	600
146	1783825995.419509	274	10	other	max_steps	0	0	-7.8744	600
147	1783826022.842633	540	10	RVA	max_steps	0	0	-6.8225	600
148	1783826038.237337	73	9	RVA	max_steps	0	0	-18.7130	600
149	1783826044.598536	502	9	RCCA	max_steps	1	0	-1.3311	600
150	1783826077.024203	616	9	RCCA	max_steps	1	0	-1.6480	600
151	1783826117.199351	464	10	RVA	max_steps	0	0	-12.5316	600
152	1783826130.201637	73	10	RCCA	success	1	1	4.5062	168
153	1783826162.548766	236	10	RCCA	max_steps	1	0	-1.9748	600
154	1783826185.513273	122	11	RCCA	success	1	1	4.8260	425
155	1783826226.486979	198	11	bridge	max_steps	0	0	-11.2921	600
156	1783826229.545790	578	11	RCCA	max_steps	1	0	-3.6503	600
157	1783826236.692525	654	9	bridge	max_steps	0	0	-11.0380	600
158	1783826272.733366	312	10	RCCA	max_steps	1	0	-3.5377	600
159	1783826286.315768	160	11	RVA	max_steps	0	0	-7.2620	600
160	1783826305.775343	654	10	RCCA	success	1	1	4.1178	156
161	1783826325.182236	426	10	RCCA	max_steps	1	0	-1.9839	600
162	1783826328.943495	274	11	RCCA	max_steps	1	0	-2.2916	600
163	1783826343.491597	350	10	RVA	max_steps	0	0	-15.6170	600
164	1783826360.797743	540	11	RCCA	max_steps	1	0	-1.5245	600
165	1783826372.324812	502	10	RVA	max_steps	0	0	-8.2673	600
166	1783826391.463466	616	10	bridge	max_steps	0	0	-2.8991	600
167	1783826414.490057	464	11	RVA	max_steps	0	0	-4.0209	600
168	1783826425.355548	73	11	RCCA	max_steps	1	0	-3.0473	600
169	1783826438.192189	122	12	bridge	max_steps	0	0	-3.7280	600
170	1783826453.436552	388	11	RCCA	max_steps	1	0	-1.1510	600
171	1783826477.481937	236	11	RCCA	max_steps	1	0	-2.6738	600
172	1783826495.234970	198	12	RCCA	max_steps	0	0	-5.2448	600
173	1783826506.417773	578	12	RCCA	max_steps	1	0	-3.0754	600
174	1783826563.159779	160	12	RCCA	max_steps	1	0	-3.7233	600
175	1783826572.866433	540	12	RCCA	success	1	1	3.5905	466
176	1783826575.219419	312	11	bridge	max_steps	0	0	-5.1859	600
177	1783826600.463089	236	12	RCCA	success	1	1	4.2439	261
178	1783826610.207442	654	11	bridge	max_steps	0	0	-3.0183	600
179	1783826636.048783	274	12	RCCA	max_steps	1	0	-2.0061	600
180	1783826642.344678	426	11	RVA	max_steps	0	0	-14.6025	600
181	1783826652.188948	350	11	RCCA	max_steps	1	0	-2.5033	600
182	1783826658.506290	464	12	RCCA	max_steps	1	0	-3.5360	600
183	1783826695.737085	616	11	RCCA	max_steps	1	0	-2.6237	600
184	1783826713.106117	122	13	RCCA	max_steps	1	0	-2.0937	600
185	1783826728.537272	160	13	RCCA	success	1	1	4.6157	345
186	1783826745.649446	388	12	bridge	max_steps	0	0	-3.8529	600
187	1783826763.693022	502	11	RCCA	max_steps	1	0	-1.1018	600
188	1783826925.003986	350	12	RCCA	max_steps	1	0	-3.5371	600
189	1783826925.003986	122	14	RVA	max_steps	0	0	-6.8447	600
190	1783826925.003986	540	13	RCCA	max_steps	1	0	-1.6869	600
191	1783826925.003986	274	13	other	max_steps	0	0	-6.6166	600
192	1783826925.003986	502	12	RCCA	max_steps	1	0	-2.4645	600
193	1783826925.003986	616	12	bridge	max_steps	0	0	-7.3352	600
194	1783826925.003986	312	12	RVA	max_steps	0	0	-7.2398	600
195	1783826925.003986	160	14	RVA	max_steps	0	0	-4.9687	600
196	1783826925.003986	464	13	RCCA	max_steps	1	0	-1.1817	600
197	1783826925.003986	654	12	RCCA	success	1	1	3.6091	417
198	1783826925.003986	73	12	RCCA	max_steps	1	0	-0.8039	600
199	1783826925.003986	578	13	RVA	max_steps	0	0	-12.9967	600
200	1783826925.003986	198	13	RCCA	max_steps	1	0	-2.4301	600
201	1783826925.003986	388	13	RVA	max_steps	0	0	-5.6283	600
202	1783826925.003986	236	13	RVA	max_steps	0	0	-9.0323	600
203	1783826925.003986	426	12	RCCA	max_steps	0	0	-6.1445	600
204	1783827156.612523	616	13	RCCA	success	1	1	4.5499	133
205	1783827188.620308	464	14	RCCA	success	1	1	4.5566	198
206	1783827311.534314	616	14	RCCA	success	0	1	1.4149	342
207	1783827355.754360	426	13	RCCA	success	1	1	5.1694	505
208	1783827364.104663	73	13	RCCA	max_steps	1	0	-4.3257	600
209	1783827364.887123	122	15	RCCA	max_steps	0	0	-3.6782	600
210	1783827372.873004	312	13	RVA	max_steps	0	0	-4.2057	600
211	1783827383.253278	350	13	RCCA	max_steps	1	0	-1.8998	600
212	1783827386.389963	502	13	RCCA	max_steps	1	0	-2.6138	600
213	1783827397.728650	274	14	RCCA	max_steps	1	0	-5.9471	600
214	1783827403.216680	654	13	RVA	max_steps	0	0	-11.3706	600
215	1783827403.654917	578	14	RCCA	max_steps	1	0	-6.0000	600
216	1783827408.723219	388	14	RCCA	max_steps	1	0	-4.1788	600
217	1783827411.703774	540	14	RCCA	max_steps	1	0	-7.5934	600
218	1783827412.636748	236	14	RCCA	max_steps	1	0	-2.0473	600
219	1783827433.518833	160	15	other	max_steps	0	0	-19.2740	600
220	1783827463.256337	464	15	RCCA	max_steps	1	0	-1.8490	600
221	1783827501.579101	198	14	RCCA	max_steps	1	0	-1.6630	600
222	1783827536.319807	426	14	RCCA	success	1	1	3.5565	435
223	1783827573.782761	616	15	RCCA	max_steps	0	0	-7.9896	600
224	1783827606.016922	312	14	RCCA	success	1	1	4.9575	452
225	1783827641.514210	122	16	RCCA	max_steps	1	0	-4.2234	600
226	1783827687.774449	388	15	other	max_steps	0	0	-7.4177	600
227	1783827690.789544	502	14	RCCA	max_steps	1	0	-2.2987	600
228	1783827693.474302	274	15	RCCA	max_steps	1	0	-1.7891	600
229	1783827702.362953	73	14	RVA	max_steps	0	0	-12.7579	600
230	1783827705.524237	654	14	RVA	max_steps	0	0	-6.1294	600
231	1783827706.660562	578	15	RCCA	max_steps	1	0	-1.6216	600
232	1783827745.160904	616	16	RCCA	success	1	1	3.6791	374
233	1783827752.248197	160	16	RCCA	max_steps	1	0	-1.1637	600
234	1783827757.863562	236	15	RVA	max_steps	0	0	-14.3129	600
235	1783827758.271293	464	16	RCCA	max_steps	1	0	-1.5577	600
236	1783827787.057424	540	15	RVA	max_steps	0	0	-16.7637	600
237	1783827795.254670	198	15	bridge	max_steps	0	0	-3.3264	600
238	1783827826.274709	426	15	RCCA	max_steps	1	0	-1.7886	600
239	1783827861.071222	160	17	RCCA	success	1	1	4.7611	216
240	1783827877.885310	312	15	RCCA	max_steps	0	0	-6.4891	600
241	1783827936.193985	122	17	RCCA	max_steps	1	0	-1.6574	600
242	1783827964.981169	388	16	RCCA	max_steps	1	0	-3.2802	600
243	1783827985.907175	198	16	RCCA	success	1	1	2.9730	382
244	1783827994.049924	502	15	RCCA	max_steps	1	0	-1.9876	600
245	1783827999.677683	654	15	RCCA	max_steps	1	0	-2.1187	600
246	1783828008.042940	578	16	RVA	max_steps	0	0	-11.2079	600
247	1783828013.482437	73	15	RVA	max_steps	0	0	-11.4716	600
248	1783828013.769624	274	16	RCCA	max_steps	1	0	-2.6976	600
249	1783828021.390249	464	17	RVA	max_steps	0	0	-4.6604	600
250	1783828024.944685	616	17	RCCA	max_steps	1	0	-2.6771	600
251	1783828033.986015	122	18	RCCA	success	0	1	3.5127	197
252	1783828042.686193	236	16	other	max_steps	0	0	-6.2251	600
253	1783828101.320056	540	16	RCCA	max_steps	1	0	-1.4345	600
254	1783828137.430298	426	16	RVA	max_steps	0	0	-3.2296	600
255	1783828179.611813	160	18	RCCA	max_steps	1	0	-1.2879	600
256	1783828191.714546	198	17	RCCA	success	1	1	4.2548	423
257	1783828192.546912	312	16	RVA	max_steps	0	0	-11.0623	600
258	1783828200.769027	616	18	RCCA	success	1	1	5.1549	326
259	1783828276.539262	502	16	bridge	max_steps	0	0	-3.7272	600
260	1783828279.550122	236	17	RCCA	success	1	1	4.6095	470
261	1783828280.030400	578	17	RCCA	max_steps	0	0	-5.6028	600
262	1783828282.606344	388	17	RCCA	max_steps	1	0	-1.5752	600
263	1783828285.744666	654	16	bridge	max_steps	0	0	-4.9129	600
264	1783828305.918272	73	16	RCCA	max_steps	1	0	-2.2814	600
265	1783828309.421567	274	17	RCCA	max_steps	1	0	-1.1416	600
266	1783828350.681340	122	19	RVA	max_steps	0	0	-12.6833	600
267	1783828352.818814	464	18	RVA	max_steps	0	0	-19.7490	600
268	1783828380.933890	426	17	RCCA	success	0	1	0.7988	466
269	1783828409.655375	540	17	RCCA	max_steps	1	0	-1.2171	600
270	1783828460.774270	160	19	RVA	max_steps	0	0	-4.1791	600
271	1783828470.223543	312	17	RVA	max_steps	0	0	-5.5416	600
272	1783828471.001066	502	17	RCCA	success	1	1	4.7465	385
273	1783828486.811617	198	18	RCCA	max_steps	1	0	-1.8102	600
274	1783828506.287689	73	17	RCCA	success	1	1	3.5548	455
275	1783828520.298412	616	19	RCCA	max_steps	1	0	-1.0542	600
276	1783828562.514418	312	18	RCCA	success	1	1	4.5566	177
277	1783828563.238460	578	18	RVA	max_steps	0	0	-9.0518	600
278	1783828580.185169	236	18	RCCA	max_steps	1	0	-1.5362	600
279	1783828581.635032	654	17	RCCA	max_steps	1	0	-4.1656	600
280	1783828592.327262	388	18	RCCA	max_steps	1	0	-1.7273	600
281	1783828603.984262	350	14	RVA	max_steps	0	0	-24.1586	600
282	1783828627.812441	122	20	RCCA	max_steps	0	0	-8.8038	600
283	1783828641.360584	274	18	other	max_steps	0	0	-10.6686	600
284	1783828644.352781	464	19	RVA	max_steps	0	0	-2.3564	600
285	1783828674.459669	540	18	RCCA	max_steps	0	0	-5.1279	600
286	1783828690.413705	426	18	RCCA	max_steps	1	0	-8.8728	600
287	1783828740.756133	388	19	RCCA	success	0	1	3.3451	259
288	1783828763.591704	502	18	RCCA	success	1	1	5.1699	500
289	1783828766.222149	654	18	RCCA	success	1	1	3.9629	371
290	1783828963.268408	122	21	RCCA	max_steps	1	0	-2.5939	600
291	1783828963.268408	160	20	RCCA	max_steps	1	0	-1.2642	600
292	1783828963.268408	236	19	RCCA	max_steps	1	0	-1.7970	600
293	1783828963.268408	198	19	RVA	max_steps	0	0	-15.0237	600
294	1783828963.268408	426	19	RCCA	success	1	1	5.3149	451
295	1783828963.268408	464	20	RCCA	max_steps	0	0	-2.6384	600
296	1783828963.268408	312	19	RVA	max_steps	0	0	-4.7288	600
297	1783828963.268408	578	19	RVA	max_steps	0	0	-8.2945	600
298	1783828963.268408	73	18	bridge	max_steps	0	0	-1.9539	600
299	1783828963.268408	274	19	RVA	max_steps	0	0	-9.2574	600
300	1783828963.268408	616	20	RCCA	max_steps	1	0	-1.7724	600
301	1783828963.268408	540	19	RCCA	max_steps	1	0	-1.3328	600
302	1783829175.076804	122	22	RCCA	success	1	1	4.7786	155
303	1783829231.315289	1260	1	RCCA	success	1	1	4.7012	180
304	1783829278.413955	198	20	RCCA	success	0	1	2.3824	335
305	1783829393.985744	426	20	RVA	max_steps	0	0	-2.8820	600
306	1783829407.873958	1218	1	RCCA	max_steps	1	0	-2.3460	600
307	1783829426.418548	578	20	RCCA	max_steps	0	0	-10.5470	600
308	1783829428.610439	1176	1	RCCA	max_steps	1	0	-3.6751	600
309	1783829432.889867	464	21	other	max_steps	0	0	-14.3943	600
310	1783829437.332122	1134	1	RVA	max_steps	0	0	-11.0114	600
311	1783829440.437516	160	21	RCCA	max_steps	1	0	-4.0499	600
312	1783829440.547976	236	20	RCCA	max_steps	1	0	-1.5972	600
313	1783829448.292109	312	20	RCCA	max_steps	1	0	-3.2168	600
314	1783829448.811916	73	19	other	max_steps	0	0	-11.8966	600
315	1783829452.774374	540	20	RVA	max_steps	0	0	-11.9058	600
316	1783829454.768978	274	20	other	max_steps	0	0	-11.7936	600
317	1783829460.835481	616	21	RVA	max_steps	0	0	-8.5555	600
318	1783829485.562704	122	23	RCCA	max_steps	1	0	-1.7418	600
319	1783829521.101794	1260	2	RCCA	max_steps	1	0	-1.8154	600
320	1783829563.628636	1176	2	RCCA	success	1	1	4.7171	275
321	1783829594.715893	198	21	bridge	max_steps	0	0	-3.3971	600
322	1783829605.584877	1176	3	RCCA	success	1	1	4.3292	110
323	1783829677.743224	616	22	RCCA	success	1	1	4.6735	416
324	1783829693.324640	1260	3	RCCA	success	0	1	3.8451	365
325	1783829696.455335	1218	2	RCCA	max_steps	1	0	-1.7806	600
326	1783829719.278351	426	21	RCCA	max_steps	1	0	-5.7093	600
327	1783829727.165459	1134	2	RCCA	max_steps	1	0	-1.6258	600
328	1783829736.409438	578	21	RVA	max_steps	0	0	-7.1047	600
329	1783829737.304599	236	21	RCCA	max_steps	1	0	-3.1009	600
330	1783829753.785522	464	22	RVA	max_steps	0	0	-14.9877	600
331	1783829762.591236	274	21	RCCA	max_steps	1	0	-2.3955	600
332	1783829768.344110	160	22	RCCA	max_steps	1	0	-1.5202	600
333	1783829770.289639	312	21	bridge	max_steps	0	0	-2.7120	600
334	1783829777.748186	540	21	other	max_steps	0	0	-10.0796	600
335	1783829784.576047	122	24	RCCA	max_steps	1	0	-2.8174	600
336	1783829814.881842	73	20	RCCA	max_steps	0	0	-2.3841	600
337	1783829871.770311	1176	4	RCCA	max_steps	1	0	-5.4695	600
338	1783829884.473007	198	22	RCCA	max_steps	1	0	-2.8827	600
339	1783829930.223020	540	22	RCCA	success	1	1	4.7042	282
340	1783829933.489310	1260	4	RCCA	success	1	1	4.6130	504
341	1783829948.865487	464	23	RCCA	success	1	1	4.9245	375
342	1783829952.714560	122	25	RCCA	success	1	1	4.2175	363
343	1783829959.616263	616	23	RCCA	max_steps	1	0	-6.3378	600
344	1783829972.262123	578	22	RCCA	success	1	1	5.0445	450
345	1783829979.686661	1218	3	RCCA	max_steps	1	0	-2.5144	600
346	1783830044.019973	236	22	other	max_steps	0	0	-14.1172	600
347	1783830049.356844	160	23	RCCA	max_steps	1	0	-2.9834	600
348	1783830054.331087	1134	3	bridge	max_steps	0	0	-10.0070	600
349	1783830071.192971	312	22	RCCA	max_steps	1	0	-1.6061	600
350	1783830073.361081	426	22	RVA	max_steps	0	0	-14.7043	600
351	1783830079.027362	274	22	RCCA	max_steps	1	0	-1.5465	600
352	1783830113.881254	73	21	RCCA	max_steps	1	0	-2.5854	600
353	1783830134.597955	122	26	RCCA	success	1	1	3.9039	392
354	1783830163.640180	198	23	RCCA	max_steps	1	0	-2.4711	600
355	1783830170.361080	1176	5	RCCA	max_steps	1	0	-1.3937	600
356	1783830224.417223	464	24	RCCA	success	1	1	4.9445	595
357	1783830231.530408	616	24	bridge	max_steps	0	0	-2.9072	600
358	1783830232.804282	540	23	RCCA	max_steps	1	0	-1.8053	600
359	1783830234.446741	578	23	RVA	max_steps	0	0	-6.5950	600
360	1783830241.328341	1176	6	RCCA	success	1	1	4.2477	170
361	1783830248.720298	1218	4	RCCA	max_steps	1	0	-2.1628	600
362	1783830272.101964	198	24	RCCA	success	1	1	4.4752	221
363	1783830303.790401	236	23	RVA	max_steps	0	0	-3.6027	600
364	1783830314.911878	1260	5	RVA	max_steps	0	0	-26.9944	600
365	1783830316.882163	198	25	RCCA	success	1	1	4.4126	110
366	1783830324.269680	540	24	RCCA	success	1	1	4.7293	175
367	1783830340.927758	312	23	RVA	max_steps	0	0	-5.8797	600
368	1783830352.776972	160	24	RCCA	max_steps	1	0	-1.6083	600
369	1783830371.475289	274	23	RCCA	max_steps	1	0	-2.1234	600
370	1783830374.581018	426	23	RCCA	success	1	1	4.9594	548
371	1783830376.293567	1134	4	RCCA	max_steps	1	0	-1.3008	600
372	1783830432.764616	73	22	RCCA	max_steps	1	0	-1.5475	600
373	1783830451.297530	122	27	RCCA	max_steps	1	0	-1.9386	600
374	1783830498.441904	578	24	RVA	max_steps	0	0	-7.1040	600
375	1783830503.726111	1176	7	RVA	max_steps	0	0	-9.3129	600
376	1783830510.494327	464	25	other	max_steps	0	0	-9.6808	600
377	1783830537.514532	616	25	other	max_steps	0	0	-12.9363	600
378	1783830545.399114	1218	5	RCCA	max_steps	0	0	-10.1718	600
379	1783830567.294822	236	24	RCCA	max_steps	1	0	-3.1094	600
380	1783830613.775697	1260	6	bridge	max_steps	0	0	-3.2916	600
381	1783830622.276589	540	25	RCCA	max_steps	1	0	-1.5994	600
382	1783830630.383843	312	24	RCCA	max_steps	1	0	-1.7051	600
383	1783830636.942455	198	26	RCCA	max_steps	0	0	-2.6997	600
384	1783830641.542039	160	25	RCCA	max_steps	1	0	-4.6251	600
385	1783830646.203135	274	24	RVA	max_steps	0	0	-3.1652	600
386	1783830671.571753	426	24	RCCA	max_steps	1	0	-1.8219	600
387	1783830858.269934	274	25	RCCA	max_steps	1	0	-1.6969	600
388	1783830858.269934	464	26	RCCA	max_steps	1	0	-3.3308	600
389	1783830858.269934	198	27	RCCA	max_steps	1	0	-5.7475	600
390	1783830858.269934	236	25	bridge	max_steps	0	0	-3.8589	600
391	1783830858.269934	73	23	RVA	max_steps	0	0	-9.1612	600
392	1783830858.269934	578	25	RCCA	max_steps	1	0	-1.5669	600
393	1783830858.269934	1176	8	RVA	max_steps	0	0	-15.0776	600
394	1783830858.269934	616	26	RCCA	max_steps	1	0	-2.1461	600
395	1783830858.269934	160	26	RCCA	max_steps	1	0	-1.3036	600
396	1783830858.269934	1134	5	RCCA	max_steps	1	0	-2.5773	600
397	1783830858.269934	540	26	RVA	max_steps	0	0	-12.0329	600
398	1783830858.269934	312	25	RVA	max_steps	0	0	-2.7103	600
399	1783830858.269934	1260	7	RCCA	max_steps	1	0	-1.3098	600
400	1783830858.269934	1218	6	RCCA	success	1	1	4.8077	413
401	1783830858.269934	122	28	RCCA	max_steps	1	0	-1.2179	600
402	1783831053.916437	578	26	RCCA	success	1	1	4.5437	96
403	1783831093.158004	1350	1	RCCA	success	1	1	4.4571	90
404	1783831178.422618	122	29	RCCA	success	1	1	4.2312	316
405	1783831208.145442	160	27	RCCA	success	1	1	4.8386	341
406	1783831308.306515	198	28	RVA	max_steps	0	0	-3.9911	600
407	1783831309.757341	1218	7	bridge	max_steps	0	0	-2.5637	600
408	1783831320.313972	540	27	RVA	max_steps	0	0	-4.9085	600
409	1783831325.050612	616	27	RCCA	max_steps	1	0	-4.1537	600
410	1783831325.695180	312	26	RVA	max_steps	0	0	-5.2476	600
411	1783831331.022283	1134	6	RCCA	max_steps	1	0	-4.6337	600
412	1783831334.552583	464	27	RCCA	max_steps	1	0	-1.7045	600
413	1783831334.810905	1176	9	other	max_steps	0	0	-12.0195	600
414	1783831334.986360	73	24	RCCA	max_steps	1	0	-2.0863	600
415	1783831336.140234	274	26	RCCA	max_steps	1	0	-1.3149	600
416	1783831338.466810	578	27	RCCA	max_steps	1	0	-1.6610	600
417	1783831347.674838	236	26	RVA	max_steps	0	0	-8.9948	600
418	1783831357.137499	1260	8	RCCA	success	1	1	5.1288	585
419	1783831369.486484	1350	2	RCCA	max_steps	1	0	-2.4132	600
420	1783831437.949347	198	29	RCCA	success	1	1	4.5865	259
421	1783831485.673384	122	30	RVA	max_steps	0	0	-6.3515	600
422	1783831489.209717	1260	9	RCCA	success	1	1	4.8697	234
423	1783831528.873987	160	28	RVA	max_steps	0	0	-3.7234	600
424	1783831577.812576	540	28	RCCA	success	1	1	5.1950	489
425	1783831595.981189	1218	8	RCCA	max_steps	1	0	-3.8311	600
426	1783831610.953861	578	28	RCCA	max_steps	1	0	-3.4805	600
427	1783831621.664913	464	28	bridge	max_steps	0	0	-5.8477	600
428	1783831624.192680	312	27	RCCA	max_steps	1	0	-3.0500	600
429	1783831624.926232	1134	7	bridge	max_steps	0	0	-6.1512	600
430	1783831639.831226	73	25	RVA	max_steps	0	0	-2.7624	600
431	1783831642.042282	274	27	RVA	max_steps	0	0	-5.8269	600
432	1783831650.399302	236	27	LCCA	max_steps	0	0	-5.0489	600
433	1783831650.844183	1176	10	RCCA	max_steps	1	0	-5.4124	600
434	1783831668.931137	616	28	RCCA	max_steps	1	0	-1.0641	600
435	1783831682.492345	1350	3	RCCA	max_steps	1	0	-1.5242	600
436	1783831730.969491	198	30	RCCA	max_steps	1	0	-3.2915	600
437	1783831803.024683	1260	10	RCCA	max_steps	1	0	-1.9804	600
438	1783831883.601969	540	29	RCCA	max_steps	1	0	-5.2150	600
439	1783831906.550560	578	29	RVA	max_steps	0	0	-3.7220	600
440	1783831918.010296	1218	9	RCCA	max_steps	1	0	-1.2289	600
441	1783831925.705075	464	29	RVA	max_steps	0	0	-6.4090	600
442	1783831929.725413	1134	8	other	max_steps	0	0	-9.5512	600
443	1783831949.813112	236	28	bridge	max_steps	0	0	-4.4300	600
444	1783831951.923783	274	28	RCCA	max_steps	1	0	-1.9586	600
445	1783831965.885309	73	26	RVA	max_steps	0	0	-6.7643	600
446	1783831968.560561	616	29	RVA	max_steps	0	0	-5.8196	600
447	1783831970.893296	1350	4	bridge	max_steps	0	0	-6.1838	600
448	1783831978.358856	1176	11	RCCA	max_steps	1	0	-1.6841	600
449	1783832013.120478	1176	12	RCCA	success	1	1	4.5994	72
450	1783832031.294520	160	29	RCCA	max_steps	0	0	-2.8851	600
451	1783832052.485887	198	31	RCCA	max_steps	1	0	-2.1129	600
452	1783832094.068638	312	28	RCCA	max_steps	0	0	-3.4818	600
453	1783832096.688695	1134	9	RCCA	success	1	1	4.0547	320
454	1783832110.898481	1260	11	RCCA	max_steps	1	0	-4.0047	600
455	1783832128.589611	1218	10	RCCA	success	1	1	4.9211	378
456	1783832159.033895	122	31	RCCA	max_steps	1	0	-0.8876	600
457	1783832219.458918	578	30	RVA	max_steps	0	0	-3.1187	600
458	1783832225.733083	464	30	RVA	max_steps	0	0	-10.3100	600
459	1783832230.934361	540	30	RCCA	max_steps	1	0	-1.5616	600
460	1783832234.713112	122	32	RCCA	success	0	1	3.0446	158
461	1783832271.302145	616	30	RVA	max_steps	0	0	-6.9720	600
462	1783832288.753314	236	29	LCCA	max_steps	0	0	-6.5654	600
463	1783832295.142682	274	29	RCCA	max_steps	1	0	-1.6738	600
464	1783832302.714114	1350	5	other	max_steps	0	0	-13.8777	600
465	1783832320.722723	1176	13	RCCA	max_steps	1	0	-2.1598	600
466	1783832351.320571	198	32	RCCA	max_steps	1	0	-4.1110	600
467	1783832364.472502	160	30	other	max_steps	0	0	-4.8492	600
468	1783832382.928962	312	29	RVA	max_steps	0	0	-4.1690	600
469	1783832415.749172	1260	12	RCCA	max_steps	1	0	-1.0097	600
470	1783832425.395726	73	27	RCCA	max_steps	1	0	-1.1112	600
471	1783832436.028574	1176	14	RCCA	success	1	1	4.5234	233
472	1783832438.820913	1218	11	RCCA	max_steps	1	0	-2.1691	600
473	1783832493.418389	1218	12	RCCA	success	1	1	4.6300	125
474	1783832502.579141	1134	10	RVA	max_steps	0	0	-6.0705	600
475	1783832539.663971	578	31	RVA	max_steps	0	0	-10.6859	600
476	1783832560.410021	1260	13	RCCA	success	0	1	1.4482	316
477	1783832569.595260	122	33	RCCA	max_steps	1	0	-1.4586	600
478	1783832578.413165	236	30	bridge	max_steps	0	0	-5.3596	600
479	1783832580.122084	540	31	RCCA	max_steps	1	0	-1.7091	600
480	1783832600.093462	464	31	other	max_steps	0	0	-22.0562	600
481	1783832604.267215	616	31	RCCA	max_steps	0	0	-2.8252	600
482	1783832628.776213	274	30	RCCA	max_steps	1	0	-1.7040	600
483	1783832649.666875	198	33	RCCA	max_steps	1	0	-2.5889	600
484	1783832659.138443	1350	6	RCCA	max_steps	1	0	-1.6069	600
485	1783832680.501160	73	28	RCCA	success	1	1	4.8206	453
486	1783832692.257105	578	32	RCCA	success	1	1	4.6462	337
487	1783832694.639838	160	31	RVA	max_steps	0	0	-10.6467	600
488	1783833149.889075	160	1	RCCA	success	1	1	4.5945	185
489	1783833224.146955	464	1	RCCA	success	1	1	4.0434	363
490	1783833274.634950	616	1	RCCA	max_steps	0	0	-5.0227	600
491	1783833280.338756	1260	1	RCCA	max_steps	0	0	-5.1118	600
492	1783833290.060991	1350	1	RCCA	max_steps	0	0	-4.3803	600
493	1783833295.210899	122	1	RCCA	max_steps	0	0	-4.3520	600
494	1783833298.009872	312	1	RCCA	max_steps	1	0	-3.7144	600
495	1783833302.497047	1427	1	RCCA	max_steps	1	0	-3.2768	600
496	1783833303.527784	1469	1	RCCA	max_steps	1	0	-2.7927	600
497	1783833304.988229	1134	1	RCCA	max_steps	0	0	-4.2417	600
498	1783833305.558006	236	1	RCCA	max_steps	0	0	-4.2759	600
499	1783833325.953861	578	1	RCCA	max_steps	1	0	-2.7927	600
500	1783833330.000721	73	1	RCCA	max_steps	0	0	-4.9108	600
501	1783833340.176181	274	1	RCCA	max_steps	1	0	-2.5208	600
502	1783833344.918005	198	1	RVA	max_steps	0	0	-2.5328	600
503	1783833347.134653	1218	1	RCCA	max_steps	1	0	-2.0635	600
504	1783833397.043184	160	2	RCCA	max_steps	1	0	-2.8050	600
505	1783833474.350372	464	2	RVA	max_steps	0	0	-4.0946	600
506	1783833500.784610	616	2	RCCA	max_steps	1	0	-3.4879	600
507	1783833538.896612	1260	2	RCCA	max_steps	1	0	-1.9420	600
508	1783833539.223786	1350	2	RCCA	max_steps	1	0	-3.2220	600
509	1783833543.585027	1469	2	RCCA	max_steps	1	0	-2.1722	600
510	1783833547.445913	1427	2	RVA	max_steps	0	0	-5.2867	600
511	1783833551.387979	236	2	RCCA	max_steps	1	0	-2.7039	600
512	1783833553.168322	312	2	RCCA	max_steps	1	0	-2.3081	600
513	1783833553.504946	1134	2	RCCA	max_steps	1	0	-2.3158	600
514	1783833557.346627	122	2	bridge	max_steps	0	0	-8.3632	600
515	1783833571.217722	274	2	RCCA	max_steps	1	0	-2.9793	600
516	1783833581.660300	578	2	RVA	max_steps	0	0	-10.9405	600
517	1783833596.787801	1218	2	RCCA	max_steps	1	0	-3.0035	600
518	1783833604.885007	198	2	RCCA	max_steps	1	0	-2.0751	600
519	1783833614.386350	73	2	RCCA	max_steps	1	0	-1.6490	600
520	1783833661.790306	160	3	RCCA	max_steps	1	0	-3.2827	600
521	1783833713.518800	464	3	RCCA	max_steps	1	0	-2.7312	600
522	1783833749.482451	616	3	RCCA	max_steps	1	0	-2.2387	600
523	1783833763.199011	1260	3	RCCA	max_steps	0	0	-4.5442	600
524	1783833765.395291	1469	3	RCCA	max_steps	0	0	-4.5262	600
525	1783833765.666157	1427	3	RCCA	max_steps	1	0	-3.2931	600
526	1783833775.637943	1350	3	RVA	max_steps	0	0	-4.7067	600
527	1783833783.589736	1134	3	RVA	max_steps	0	0	-4.6860	600
528	1783833785.009959	578	3	RCCA	success	1	1	3.6919	513
529	1783833785.801182	312	3	RCCA	max_steps	1	0	-3.5128	600
530	1783833792.920024	236	3	RCCA	max_steps	1	0	-2.4723	600
531	1783833796.814904	122	3	RCCA	max_steps	1	0	-3.4461	600
532	1783833807.737760	274	3	bridge	max_steps	0	0	-4.5570	600
533	1783833826.034031	198	3	RCCA	max_steps	0	0	-5.8153	600
534	1783833829.810347	1218	3	RCCA	max_steps	0	0	-4.5191	600
535	1783833865.207728	1134	4	RCCA	success	1	1	4.2210	199
536	1783833870.463852	73	3	RVA	max_steps	0	0	-3.4345	600
537	1783833897.492230	160	4	RCCA	max_steps	0	0	-4.5750	600
538	1783833952.548676	464	4	RCCA	max_steps	1	0	-3.0055	600
539	1783833986.783950	1427	4	RCCA	max_steps	1	0	-3.6828	600
540	1783833991.014993	616	4	RVA	max_steps	0	0	-4.4439	600
541	1783833996.689625	1260	4	RCCA	max_steps	0	0	-4.5761	600
542	1783834014.818503	1469	4	RCCA	max_steps	1	0	-2.8339	600
543	1783834021.004987	1350	4	RCCA	success	1	1	3.9618	562
544	1783834028.809021	236	4	RCCA	max_steps	1	0	-2.7393	600
545	1783834031.427205	578	4	RCCA	max_steps	1	0	-5.7354	600
546	1783834044.886029	312	4	RCCA	max_steps	1	0	-2.7114	600
547	1783834045.795867	122	4	RCCA	max_steps	1	0	-2.8145	600
548	1783834054.380064	274	4	RVA	max_steps	0	0	-4.2890	600
549	1783834063.415113	1218	4	RCCA	max_steps	0	0	-4.5184	600
550	1783834075.969299	198	4	RCCA	max_steps	1	0	-2.5740	600
551	1783834112.590805	1134	5	RCCA	max_steps	1	0	-2.8011	600
552	1783834116.211600	73	4	RCCA	max_steps	0	0	-4.3777	600
553	1783834164.298459	160	5	RCCA	max_steps	1	0	-2.4232	600
554	1783834171.975193	464	5	RCCA	max_steps	0	0	-4.6139	600
555	1783834213.591688	616	5	RCCA	max_steps	0	0	-4.2936	600
556	1783834217.357860	1427	5	RCCA	success	1	1	5.0776	471
557	1783834232.593787	1260	5	RCCA	max_steps	0	0	-4.1011	600
558	1783834260.473503	1350	5	RCCA	max_steps	0	0	-5.4336	600
559	1783834277.605571	236	5	RVA	max_steps	0	0	-4.2114	600
560	1783834280.617669	1469	5	RVA	max_steps	0	0	-2.5770	600
561	1783834281.004953	578	5	RCCA	max_steps	1	0	-2.6309	600
562	1783834285.163770	122	5	RVA	max_steps	0	0	-4.3993	600
563	1783834293.426140	274	5	RCCA	max_steps	1	0	-2.8643	600
564	1783834303.040098	1218	5	RVA	max_steps	0	0	-4.4345	600
565	1783834323.456665	312	5	RVA	max_steps	0	0	-11.5538	600
566	1783834326.728154	198	5	RVA	max_steps	0	0	-4.4499	600
567	1783834367.740707	73	5	RCCA	max_steps	1	0	-2.9682	600
568	1783834503.633170	122	6	RCCA	max_steps	0	0	-2.0946	600
569	1783834508.235786	73	6	RCCA	max_steps	1	0	-2.9133	600
570	1783834588.866523	1260	14	RCCA	max_steps	1	0	-1.6692	600
571	1783834588.866523	160	32	RCCA	success	1	1	4.7844	254
572	1783834588.866523	1350	7	RVA	max_steps	0	0	-5.2161	600
573	1783834588.866523	1134	11	RCCA	max_steps	1	0	-1.9457	600
574	1783834588.866523	1218	13	RCCA	max_steps	1	0	-3.1056	600
575	1783834588.866523	198	34	RCCA	success	0	1	3.2346	363
576	1783834588.866523	122	34	RCCA	max_steps	1	0	-2.1313	600
577	1783834588.866523	73	29	RCCA	success	1	1	4.8006	268
578	1783834588.866523	236	31	RVA	max_steps	0	0	-5.8439	600
579	1783834588.866523	464	32	RCCA	max_steps	0	0	-8.1297	600
580	1783834588.866523	274	31	RCCA	max_steps	1	0	-1.7890	600
581	1783834588.866523	312	30	RCCA	max_steps	1	0	-2.0572	600
582	1783834588.866523	578	33	RCCA	success	1	1	4.5017	184
583	1783834588.866523	616	32	RCCA	max_steps	1	0	-1.7169	600
584	1783834672.282371	122	35	RCCA	success	1	1	4.9180	128
585	1783834679.560950	73	30	RCCA	success	1	1	4.8451	119
586	1783834699.026626	1350	8	RCCA	success	1	1	4.2572	173
587	1783834732.152941	616	33	RCCA	success	0	1	3.1210	248
588	1783834739.906800	1260	15	RCCA	success	1	1	4.7120	238
589	1783834793.735963	1427	1	RCCA	success	1	1	5.4431	317
590	1783834830.976563	160	33	RCCA	success	1	1	5.0390	380
591	1783834875.703560	1134	12	RVA	max_steps	0	0	-5.7487	600
592	1783834888.860121	274	32	RCCA	max_steps	1	0	-2.8759	600
593	1783834888.900573	236	32	other	max_steps	0	0	-9.5069	600
594	1783834899.746599	1218	14	RVA	max_steps	0	0	-7.1634	600
595	1783834907.651546	464	33	RCCA	max_steps	1	0	-1.6213	600
596	1783834908.766733	198	35	RCCA	max_steps	1	0	-2.6040	600
597	1783834909.262444	578	34	RVA	max_steps	0	0	-10.6178	600
598	1783834950.392993	312	31	RCCA	max_steps	1	0	-2.3151	600
599	1783834958.958370	122	36	RCCA	max_steps	1	0	-2.0525	600
600	1783834985.756750	198	36	RCCA	success	1	1	4.4175	162
601	1783834986.479700	73	31	RCCA	max_steps	1	0	-2.1665	600
602	1783835034.419588	122	37	RCCA	success	1	1	4.9229	150
603	1783835035.283084	616	34	RCCA	max_steps	1	0	-1.3269	600
604	1783835039.108540	1260	16	RVA	max_steps	0	0	-2.5561	600
605	1783835042.254425	236	33	RCCA	success	1	1	5.1856	274
606	1783835049.938301	312	32	RCCA	success	1	1	4.5832	210
607	1783835058.603723	198	37	RCCA	success	1	1	4.5522	143
608	1783835068.484983	1427	2	RCCA	max_steps	1	0	-1.7411	600
609	1783835068.660109	1350	9	RCCA	max_steps	1	0	-1.0039	600
610	1783835123.538495	1469	1	RCCA	max_steps	0	0	-3.6187	600
611	1783835136.024161	160	34	other	max_steps	0	0	-5.2776	600
612	1783835137.106545	616	35	RCCA	success	1	1	4.2958	242
613	1783835179.303047	1134	13	RCCA	max_steps	1	0	-1.7384	600
614	1783835183.137440	578	35	RCCA	max_steps	1	0	-2.6556	600
615	1783835185.578557	1260	17	RCCA	success	1	1	4.5292	290
616	1783835187.962369	1218	15	RCCA	max_steps	1	0	-3.4621	600
617	1783835190.650100	274	33	bridge	max_steps	0	0	-3.0207	600
618	1783835190.924400	464	34	RCCA	max_steps	1	0	-2.5693	600
619	1783835227.918184	73	32	RCCA	success	1	1	4.5006	480
620	1783835237.965665	1218	16	RCCA	success	1	1	4.5355	99
621	1783835313.713933	122	38	RCCA	max_steps	1	0	-2.3714	600
622	1783835324.255934	236	34	RVA	max_steps	0	0	-7.9336	600
623	1783835367.581587	312	33	RCCA	max_steps	1	0	-1.5076	600
624	1783835375.902719	1469	2	bridge	max_steps	0	0	-5.0431	600
625	1783835377.995955	578	36	RCCA	success	1	1	4.7943	372
626	1783835378.266203	1350	10	RVA	max_steps	0	0	-5.6782	600
627	1783835386.452450	236	35	RCCA	success	0	1	3.8421	117
628	1783835391.649471	1427	3	RVA	max_steps	0	0	-11.7914	600
629	1783835400.826156	198	38	RCCA	max_steps	1	0	-1.4600	600
630	1783835402.143338	464	35	RCCA	success	1	1	4.3945	418
631	1783835411.099488	616	36	RCCA	max_steps	1	0	-2.8081	600
632	1783835421.910756	122	39	RCCA	success	1	1	4.9715	200
633	1783835446.201988	160	35	RCCA	max_steps	1	0	-2.5396	600
634	1783835466.385309	1134	14	RCCA	max_steps	1	0	-3.2089	600
635	1783835494.938375	274	34	RCCA	max_steps	1	0	-2.6501	600
636	1783835500.725873	1260	18	RCCA	max_steps	1	0	-2.1037	600
637	1783835532.759263	73	33	RVA	max_steps	0	0	-11.9429	600
638	1783835546.771305	1218	17	RCCA	max_steps	1	0	-3.1860	600
639	1783835566.326791	73	34	RCCA	success	1	1	4.7261	72
640	1783835581.872841	578	37	RCCA	success	1	1	5.1650	412
641	1783835615.135515	1260	19	RCCA	success	1	1	4.5036	228
642	1783835656.683946	312	34	RCCA	max_steps	1	0	-1.8424	600
643	1783835663.508876	1469	3	RCCA	max_steps	1	0	-2.0355	600
644	1783835673.942081	1260	20	RCCA	success	1	1	5.1165	107
645	1783835678.142884	236	36	RCCA	max_steps	1	0	-4.1120	600
646	1783835705.503804	616	37	RCCA	max_steps	1	0	-2.2038	600
647	1783835728.347832	464	36	RCCA	max_steps	1	0	-1.0833	600
648	1783835742.756528	198	39	RCCA	max_steps	1	0	-1.6691	600
649	1783835770.026235	236	37	RCCA	success	1	1	5.1744	168
650	1783835777.479874	1134	15	RVA	max_steps	0	0	-2.6648	600
651	1783835782.969642	160	36	RCCA	max_steps	1	0	-1.5599	600
652	1783835811.010786	464	37	RCCA	success	0	1	3.2219	175
653	1783835861.292526	73	35	RCCA	max_steps	1	0	-1.8172	600
654	1783835862.027544	1218	18	RCCA	max_steps	1	0	-1.6472	600
655	1783835862.251216	1469	4	RCCA	success	0	1	2.5954	419
656	1783835885.235834	578	38	RCCA	max_steps	1	0	-3.1220	600
657	1783835921.661026	1469	5	RCCA	success	1	1	4.4682	129
658	1783835925.029491	1427	4	RVA	max_steps	0	0	-16.1711	600
659	1783835975.622946	616	38	RCCA	max_steps	1	0	-3.1621	600
660	1783836012.600899	1260	21	RCCA	max_steps	1	0	-1.7135	600
661	1783836021.015741	236	38	bridge	max_steps	0	0	-5.3559	600
662	1783836035.171243	122	40	RCCA	max_steps	1	0	-0.6147	600
663	1783836065.904644	312	35	RVA	max_steps	0	0	-14.4702	600
664	1783836083.971189	160	37	bridge	max_steps	0	0	-4.2056	600
665	1783836091.954766	1134	16	RCCA	max_steps	0	0	-8.6112	600
666	1783836102.073014	464	38	RCCA	max_steps	1	0	-2.4650	600
667	1783836121.846098	198	40	RCCA	max_steps	1	0	-1.3758	600
668	1783836322.653317	274	35	RVA	max_steps	0	0	-14.8290	600
669	1783836322.653317	160	38	RCCA	max_steps	1	0	-2.3768	600
670	1783836322.653317	1469	6	other	max_steps	0	0	-12.7109	600
671	1783836322.653317	73	36	RCCA	max_steps	1	0	-1.6424	600
672	1783836322.653317	616	39	bridge	max_steps	0	0	-2.1838	600
673	1783836322.653317	578	39	RCCA	max_steps	1	0	-2.2820	600
674	1783836322.653317	1427	5	other	max_steps	0	0	-14.5070	600
675	1783836322.653317	122	41	RCCA	max_steps	1	0	-1.4635	600
676	1783836322.653317	236	39	bridge	max_steps	0	0	-4.0806	600
677	1783836322.653317	1260	22	RVA	max_steps	0	0	-4.5758	600
678	1783836322.653317	1218	19	RCCA	max_steps	1	0	-2.4201	600
679	1783836322.653317	312	36	RCCA	max_steps	1	0	-3.7163	600
680	1783836532.642797	73	37	RCCA	success	1	1	4.7314	57
681	1783836576.191571	1619	1	RCCA	success	1	1	4.6636	57
682	1783836613.001389	73	38	RCCA	success	1	1	4.2856	178
683	1783836622.671440	236	40	RCCA	success	1	1	4.9815	214
684	1783836643.958790	1577	1	RCCA	success	1	1	5.4013	190
685	1783836643.958790	73	39	RCCA	success	1	1	4.6225	67
686	1783836667.902933	616	40	RCCA	success	1	1	4.7834	296
687	1783836716.799276	1577	2	RCCA	success	1	1	5.0994	149
688	1783836763.795653	73	40	RCCA	success	1	1	5.0107	235
689	1783836792.715477	1661	1	RCCA	success	0	1	3.5115	413
690	1783836815.950892	160	39	bridge	max_steps	0	0	-2.8956	600
691	1783836818.141394	1535	1	RCCA	success	0	1	4.2085	534
692	1783836822.045376	1661	2	RCCA	success	1	1	4.8930	68
693	1783836823.524213	1427	6	RVA	max_steps	0	0	-12.4942	600
694	1783836826.840731	1260	23	RCCA	max_steps	1	0	-2.7616	600
695	1783836831.535634	312	37	other	max_steps	0	0	-13.4007	600
696	1783836844.351749	1218	20	RCCA	max_steps	1	0	-1.7904	600
697	1783836844.878318	274	36	other	max_steps	0	0	-15.5311	600
698	1783836845.567708	1469	7	RCCA	max_steps	1	0	-1.4085	600
699	1783836877.285189	122	42	RCCA	max_steps	1	0	-1.0918	600
700	1783836911.782207	1619	2	bridge	max_steps	0	0	-2.5569	600
701	1783836937.218616	312	38	RCCA	success	1	1	4.6166	219
702	1783836942.989178	1218	21	RCCA	success	1	1	5.1934	123
703	1783836973.581593	1260	24	RCCA	success	1	1	4.4192	286
704	1783837005.112180	236	41	RCCA	max_steps	1	0	-1.0689	600
705	1783837015.690072	160	40	RCCA	success	0	1	3.0796	345
706	1783837017.004211	1577	3	RCCA	max_steps	1	0	-4.8582	600
707	1783837024.162794	1535	2	RCCA	success	1	1	4.5974	449
708	1783837042.861610	1469	8	RCCA	success	1	1	5.1912	343
709	1783837052.989134	1577	4	RCCA	success	1	1	4.8096	68
710	1783837056.454828	1535	3	RCCA	success	1	1	4.4264	79
711	1783837072.699831	616	41	RVA	max_steps	0	0	-16.2384	600
712	1783837098.992654	1260	25	RCCA	success	0	1	3.3733	203
713	1783837112.601514	236	42	RCCA	success	1	1	4.9369	219
714	1783837126.680538	1577	5	RCCA	success	1	1	5.1657	156
715	1783837131.851743	1427	7	other	max_steps	0	0	-14.0582	600
716	1783837165.485924	1260	26	RCCA	success	1	1	4.4106	148
717	1783837168.304567	274	37	other	max_steps	0	0	-3.7784	600
718	1783837170.727534	122	43	RCCA	success	1	1	4.9580	531
719	1783837194.416418	1260	27	RCCA	success	1	1	4.6312	57
720	1783837204.059242	1469	9	RCCA	success	1	1	5.0616	300
721	1783837229.636815	312	39	bridge	max_steps	0	0	-7.6926	600
722	1783837248.176085	1218	22	RCCA	max_steps	1	0	-1.1484	600
723	1783837265.207014	1661	3	RCCA	max_steps	1	0	-0.8720	600
724	1783837268.765604	1260	28	RCCA	success	1	1	5.0360	139
725	1783837274.249761	1619	3	bridge	max_steps	0	0	-3.3678	600
726	1783837278.348137	1427	8	RCCA	success	1	1	5.1899	262
727	1783837299.848498	578	40	RCCA	max_steps	1	0	-0.9341	600
728	1783837361.504802	160	41	RCCA	max_steps	1	0	-1.4020	600
729	1783837362.977358	73	41	RCCA	max_steps	1	0	-1.7370	600
730	1783837403.313115	236	43	RCCA	max_steps	1	0	-1.5786	600
731	1783837421.331244	1577	6	RVA	max_steps	0	0	-9.1616	600
732	1783837428.732248	1469	10	RCCA	success	1	1	5.2943	375
733	1783837468.474051	578	41	RCCA	success	1	1	4.2261	285
734	1783837511.874402	274	38	RVA	max_steps	0	0	-11.6916	600
735	1783837526.360503	1535	4	RCCA	success	1	1	5.4233	504
736	1783837554.199458	312	40	RVA	max_steps	0	0	-12.0636	600
737	1783837570.935383	1218	23	RCCA	max_steps	1	0	-1.5927	600
738	1783837578.597867	1661	4	bridge	max_steps	0	0	-5.5086	600
739	1783837637.068722	616	42	RCCA	max_steps	1	0	-0.9837	600
740	1783837655.092029	160	42	RVA	max_steps	0	0	-8.7786	600
741	1783837678.498628	122	44	RCCA	max_steps	1	0	-1.1315	600
742	1783837688.837847	1260	29	RVA	max_steps	0	0	-13.6693	600
743	1783837698.836176	1535	5	RCCA	success	0	1	4.4650	315
744	1783837709.535934	1619	4	RCCA	max_steps	1	0	-1.2054	600
745	1783837718.342298	236	44	RVA	max_steps	0	0	-5.8810	600
746	1783837722.994377	1218	24	RCCA	success	1	1	3.3909	318
747	1783837740.540702	1577	7	other	max_steps	0	0	-12.8025	600
748	1783837751.084940	73	42	RCCA	max_steps	0	0	-2.7612	600
749	1783837756.959977	160	43	RCCA	success	1	1	5.0269	197
750	1783837772.688056	1469	11	RCCA	max_steps	1	0	-0.7439	600
751	1783837813.867658	73	43	RCCA	success	0	1	3.7230	130
752	1783837817.640000	1427	9	RVA	max_steps	0	0	-20.0125	600
753	1783837831.870361	274	39	RCCA	max_steps	1	0	-3.6122	600
754	1783837891.442355	1427	10	RCCA	success	1	1	4.8422	153
755	1783837901.981771	160	44	RCCA	success	1	1	2.0982	289
756	1783837946.304766	616	43	RVA	max_steps	0	0	-9.4545	600
757	1783837975.709247	616	44	RCCA	success	1	1	4.6325	57
758	1783838001.306448	122	45	RVA	max_steps	0	0	-12.5295	600
759	1783838018.902979	236	45	RCCA	max_steps	1	0	-1.6221	600
760	1783838020.910743	1260	30	RCCA	max_steps	1	0	-1.2256	600
761	1783838031.304832	274	40	RCCA	success	1	1	4.9861	346
762	1783838073.603765	578	42	RCCA	max_steps	1	0	-1.2139	600
763	1783838111.648602	1469	12	RVA	max_steps	0	0	-13.6480	600
764	1783838307.671029	236	46	RCCA	max_steps	0	0	-6.4921	600
765	1783838307.671029	122	46	RCCA	max_steps	0	0	-2.5636	600
766	1783838307.671029	616	45	other	max_steps	0	0	-18.6424	600
767	1783838307.671029	1619	5	RCCA	max_steps	1	0	-1.9886	600
768	1783838307.671029	1661	5	RCCA	max_steps	1	0	-0.8964	600
769	1783838307.671029	1218	25	trunk	max_steps	0	0	-7.5187	600
770	1783838307.671029	1577	8	RCCA	max_steps	1	0	-0.8458	600
771	1783838307.671029	1260	31	RCCA	max_steps	1	0	-1.3901	600
772	1783838307.671029	1469	13	RCCA	success	0	1	1.8398	291
773	1783838307.671029	73	44	RCCA	max_steps	1	0	-1.0097	600
774	1783838307.671029	1535	6	RCCA	max_steps	1	0	-0.5464	600
775	1783838307.671029	160	45	RCCA	max_steps	1	0	-6.3945	600
776	1783838307.671029	312	41	RCCA	max_steps	1	0	-1.4770	600
777	1783838307.671029	1427	11	RCCA	max_steps	1	0	-1.2195	600
778	1783838379.037473	122	47	RCCA	success	1	1	4.7808	65
779	1783838399.125578	1427	12	RCCA	success	1	1	4.6581	118
780	1783838410.824445	1661	6	RCCA	success	1	1	5.0084	127
781	1783838432.328703	122	48	RCCA	success	1	1	4.5117	90
782	1783838458.497927	1793	1	RCCA	success	0	1	3.1512	134
783	1783838505.416424	236	47	RCCA	success	1	1	4.6009	279
784	1783838568.227922	1793	2	RCCA	success	1	1	3.5178	248
785	1783838593.332635	1535	7	RCCA	success	1	1	5.8825	301
786	1783838637.088874	1260	32	bridge	max_steps	0	0	-3.9334	600
787	1783838644.500713	312	42	RCCA	max_steps	1	0	-3.4465	600
788	1783838671.802284	1260	33	RCCA	success	1	1	4.6828	73
789	1783838680.786957	1535	8	RCCA	success	1	1	5.5729	165
790	1783838686.214774	1218	26	RVA	max_steps	0	0	-5.7278	600
791	1783838699.079066	160	46	RCCA	max_steps	1	0	-1.5276	600
792	1783838722.078951	1427	13	RVA	max_steps	0	0	-6.2953	600
793	1783838725.658345	616	46	RVA	max_steps	0	0	-18.6629	600
794	1783838754.170465	1260	34	RCCA	success	1	1	5.3290	163
795	1783838761.342840	1661	7	RCCA	max_steps	1	0	-1.9734	600
796	1783838763.093203	122	49	RCCA	max_steps	1	0	-1.9504	600
797	1783838781.425104	1751	1	trunk	vessel_end	0	0	-8.2699	600
798	1783838818.947712	122	50	RCCA	success	1	1	4.8482	118
799	1783838863.186308	1619	6	RCCA	max_steps	0	0	-3.7666	600
800	1783838886.354578	1218	27	RCCA	success	1	1	3.5357	397
801	1783838913.291981	73	45	RCCA	max_steps	1	0	-1.2232	600
802	1783838981.610379	312	43	other	max_steps	0	0	-12.0245	600
803	1783838992.179522	1577	9	RCCA	success	1	1	5.2162	505
804	1783839004.219776	1793	3	trunk	max_steps	0	0	-43.3572	600
805	1783839006.171597	1218	28	RCCA	success	0	1	2.8773	230
806	1783839010.171642	1535	9	bridge	max_steps	0	0	-2.4082	600
807	1783839050.592022	1427	14	other	max_steps	0	0	-6.8820	600
808	1783839052.406215	1260	35	RCCA	max_steps	1	0	-4.4009	600
809	1783839060.278620	1751	2	RCCA	max_steps	1	0	-3.3085	600
810	1783839088.758504	616	47	bridge	max_steps	0	0	-8.0063	600
811	1783839103.457125	1661	8	RCCA	max_steps	1	0	-1.2926	600
812	1783839129.797934	122	51	RVA	max_steps	0	0	-5.5648	600
813	1783839175.523127	236	48	RCCA	max_steps	1	0	-1.0610	600
814	1783839185.266925	1793	4	RCCA	success	1	1	5.1739	364
815	1783839255.427696	160	47	RCCA	max_steps	1	0	-0.9297	600
816	1783839279.551335	1469	14	RCCA	max_steps	1	0	-2.2235	600
817	1783839286.322504	312	44	RCCA	max_steps	1	0	-3.0484	600
818	1783839287.829419	1577	10	RVA	max_steps	0	0	-6.0403	600
819	1783839294.756137	616	48	RCCA	success	0	1	-0.7552	364
820	1783839315.670782	1619	7	RCCA	max_steps	1	0	-2.9406	600
821	1783839318.487222	1535	10	RCCA	max_steps	1	0	-1.4480	600
822	1783839335.964763	1218	29	RCCA	max_steps	1	0	-2.0253	600
823	1783839391.796942	160	48	RCCA	success	0	1	3.2825	245
824	1783839411.558358	1218	30	RCCA	success	0	1	3.5928	137
825	1783839419.533034	1661	9	RCCA	max_steps	1	0	-4.2742	600
826	1783839423.768671	1751	3	RCCA	max_steps	0	0	-5.3427	600
827	1783839424.700162	1260	36	RCCA	max_steps	1	0	-0.9064	600
828	1783839434.081870	122	52	RCCA	max_steps	1	0	-3.0695	600
829	1783839484.215858	1427	15	RCCA	max_steps	1	0	-2.2810	600
830	1783839519.367858	160	49	RCCA	success	1	1	4.5753	229
831	1783839573.900012	1218	31	RCCA	success	1	1	5.1637	238
832	1783839584.108158	1469	15	RCCA	max_steps	1	0	-1.7366	600
833	1783839622.173119	616	49	RVA	max_steps	0	0	-10.1582	600
834	1783839622.420475	1577	11	RVA	max_steps	0	0	-5.6883	600
835	1783839695.158499	73	46	RCCA	max_steps	1	0	-1.8267	600
836	1783839708.112384	1218	32	RCCA	success	1	1	4.0037	305
837	1783839725.439726	1260	37	RCCA	max_steps	1	0	-2.5555	600
838	1783839750.634052	1661	10	RVA	max_steps	0	0	-4.3344	600
839	1783839762.250405	1427	16	RVA	max_steps	0	0	-4.6063	600
840	1783839791.749547	1535	11	RCCA	max_steps	1	0	-1.0297	600
841	1783839818.941566	1427	17	RCCA	success	1	1	4.7719	117
842	1783839819.085745	122	53	RCCA	max_steps	1	0	-0.0909	600
843	1783839854.267745	1793	5	RVA	max_steps	0	0	-2.4434	600
844	1783839878.131778	236	49	RCCA	max_steps	1	0	-0.6738	600
845	1783839889.033595	1469	16	RCCA	max_steps	1	0	-1.6993	600
846	1783839939.251302	160	50	RCCA	max_steps	0	0	-3.9966	600
847	1783839950.322874	1218	33	RCCA	success	1	1	4.2092	474
848	1783839986.176632	73	47	RVA	max_steps	0	0	-3.0897	600
849	1783840016.020225	1793	6	RCCA	success	1	1	5.2669	295
850	1783840028.008203	616	50	RCCA	max_steps	1	0	-1.4208	600
851	1783840056.045563	312	45	RCCA	max_steps	1	0	-1.8225	600
852	1783840064.664696	1661	11	RCCA	max_steps	1	0	-5.8360	600
853	1783840074.220644	1260	38	bridge	max_steps	0	0	-7.3513	600
854	1783840087.246382	122	54	bridge	max_steps	0	0	-4.0624	600
855	1783840126.140751	1577	12	RCCA	max_steps	1	0	-0.8198	600
856	1783840129.013806	1661	12	RCCA	success	1	1	5.1608	154
857	1783840135.163490	1751	4	RCCA	max_steps	1	0	-0.6933	600
858	1783840180.536716	1535	12	RCCA	max_steps	0	0	-3.5491	600
859	1783840188.916333	236	50	bridge	max_steps	0	0	-5.0743	600
860	1783840190.592244	1469	17	RCCA	max_steps	1	0	-6.8160	600
861	1783840218.679614	1577	13	RCCA	success	1	1	4.1236	246
862	1783840235.453205	160	51	RCCA	max_steps	1	0	-1.9957	600
863	1783840280.297060	1793	7	bridge	max_steps	0	0	-4.5498	600
864	1783840462.484524	1793	8	RCCA	max_steps	0	0	-4.7622	600
865	1783840462.484524	1577	14	RCCA	success	1	1	3.7749	349
866	1783840462.484524	1469	18	RCCA	max_steps	1	0	-3.5123	600
867	1783840462.484524	1260	39	RCCA	max_steps	1	0	-1.8791	600
868	1783840462.484524	312	46	RVA	max_steps	0	0	-2.4674	600
869	1783840462.484524	122	55	RCCA	max_steps	1	0	-4.1385	600
870	1783840462.484524	616	51	RCCA	max_steps	1	0	-1.3597	600
871	1783840462.484524	1535	13	RVA	max_steps	0	0	-5.9296	600
872	1783840462.484524	1751	5	RCCA	max_steps	1	0	-1.4648	600
873	1783840462.484524	160	52	RCCA	max_steps	1	0	-3.0068	600
874	1783840462.484524	1427	18	RCCA	max_steps	1	0	-1.1153	600
875	1783840462.484524	1619	8	RCCA	max_steps	1	0	-0.9355	600
876	1783840462.484524	1661	13	RCCA	max_steps	1	0	-3.7480	600
877	1783840462.484524	236	51	bridge	max_steps	0	0	-2.7315	600
878	1783840462.484524	1218	34	RCCA	max_steps	1	0	-1.6183	600
879	1783840496.615343	616	52	RCCA	success	1	1	4.6348	34
880	1783840533.150820	1751	6	RCCA	success	1	1	5.2917	86
881	1783840584.274278	1577	15	RCCA	success	1	1	4.8110	173
882	1783840609.379570	1751	7	RCCA	success	1	1	4.6107	143
883	1783840614.611626	1905	1	RCCA	success	1	1	4.9501	167
884	1783840619.780407	122	56	RCCA	success	0	1	3.5680	234
885	1783840815.259398	1218	35	bridge	max_steps	0	0	-4.8533	600
886	1783840817.356339	236	52	RCCA	max_steps	1	0	-1.4311	600
887	1783840820.464880	1427	19	RVA	max_steps	0	0	-5.0744	600
888	1783840823.120990	1535	14	RCCA	max_steps	1	0	-1.8005	600
889	1783840828.704448	1793	9	RCCA	max_steps	1	0	-1.5242	600
890	1783840831.076336	160	53	RCCA	max_steps	1	0	-1.3166	600
891	1783840836.881557	616	53	RVA	max_steps	0	0	-3.9474	600
892	1783840843.698538	1260	40	RCCA	max_steps	1	0	-1.6997	600
893	1783840847.473244	1619	9	RVA	max_steps	0	0	-11.5943	600
894	1783840881.990143	236	53	RCCA	success	1	1	4.5856	132
895	1783840884.659457	1661	14	bridge	max_steps	0	0	-3.3038	600
896	1783840891.081076	1905	2	RCCA	max_steps	1	0	-3.2767	600
897	1783840928.614312	236	54	RCCA	success	1	1	4.9999	89
898	1783841000.258878	1751	8	trunk	vessel_end	0	0	-8.8434	600
899	1783841003.015193	1260	41	RCCA	success	1	1	5.4387	214
900	1783841035.916526	122	57	RCCA	max_steps	1	0	-2.5534	600
901	1783841081.338748	1260	42	RCCA	success	1	1	4.9656	161
902	1783841109.051426	1661	15	RCCA	success	1	1	4.5122	451
903	1783841113.569584	1469	19	RCCA	max_steps	1	0	-1.2403	600
904	1783841124.317142	616	54	RCCA	max_steps	1	0	-3.3812	600
905	1783841145.870329	1218	36	RVA	max_steps	0	0	-10.1256	600
906	1783841169.764347	1793	10	RCCA	max_steps	1	0	-1.8844	600
907	1783841189.961371	1661	16	RCCA	success	1	1	4.9025	152
908	1783841191.926379	160	54	RCCA	max_steps	1	0	-1.5865	600
909	1783841193.359816	1619	10	RVA	max_steps	0	0	-5.8464	600
910	1783841193.868741	1905	3	RCCA	max_steps	1	0	-1.9309	600
911	1783841207.304063	616	55	RCCA	success	0	1	3.2911	149
912	1783841214.468559	312	47	RCCA	max_steps	1	0	-0.8623	600
913	1783841232.488340	1751	9	RCCA	success	0	1	4.0566	396
914	1783841236.366959	1905	4	RCCA	success	1	1	4.6062	85
915	1783841268.738799	236	55	other	max_steps	0	0	-17.2483	600
916	1783841286.345778	1535	15	other	max_steps	0	0	-74.7502	600
917	1783841299.908216	1751	10	RCCA	success	1	1	4.5097	128
918	1783841302.823747	1427	20	other	max_steps	0	0	-13.9117	600
919	1783841319.814822	1577	16	RCCA	max_steps	1	0	-1.7316	600
920	1783841340.955717	616	56	RCCA	success	1	1	5.0609	221
921	1783841341.588651	1577	17	RCCA	success	1	1	4.5932	37
922	1783841347.856977	160	55	RCCA	success	1	1	5.0392	256
923	1783841384.180763	122	58	RVA	max_steps	0	0	-8.9859	600
924	1783841451.242534	1577	18	RCCA	success	1	1	4.8459	204
925	1783841475.915233	1469	20	RCCA	max_steps	1	0	-1.4065	600
926	1783841510.364368	1619	11	RCCA	max_steps	1	0	-6.1633	600
927	1783841536.764857	1218	37	trunk	max_steps	0	0	-9.1583	600
928	1783841577.521553	312	48	RCCA	max_steps	1	0	-2.5764	600
929	1783841608.377969	1535	16	RCCA	max_steps	1	0	-1.8594	600
930	1783841627.992055	1260	43	RCCA	max_steps	1	0	-0.7750	600
931	1783841630.190185	1427	21	bridge	max_steps	0	0	-2.8219	600
932	1783841640.816073	1751	11	other	max_steps	0	0	-15.1145	600
933	1783841653.960541	1661	17	RCCA	max_steps	1	0	-2.3237	600
934	1783841661.248646	160	56	RCCA	max_steps	1	0	-2.6838	600
935	1783841666.613060	616	57	RCCA	max_steps	1	0	-1.3226	600
936	1783841688.455254	1793	11	RCCA	max_steps	1	0	-1.2643	600
937	1783841702.360264	1619	12	RCCA	success	1	1	0.1654	420
938	1783841707.195291	312	49	RCCA	success	1	1	4.2765	239
939	1783841712.590015	122	59	RCCA	max_steps	1	0	-3.9399	600
940	1783841734.452119	1577	19	other	max_steps	0	0	-4.4995	600
941	1783841776.346246	236	56	RCCA	max_steps	0	0	-2.4411	600
942	1783841809.691967	1577	20	RCCA	success	1	1	5.2535	142
943	1783841822.269547	1535	17	RCCA	success	0	1	4.0925	383
944	1783841842.927125	1905	5	RCCA	max_steps	1	0	-0.4136	600
945	1783841896.253361	1218	38	RCCA	max_steps	1	0	-2.3863	600
946	1783841910.280447	1260	44	RVA	max_steps	0	0	-10.1413	600
947	1783841910.474308	1427	22	RCCA	max_steps	1	0	-2.3616	600
948	1783841913.375300	1905	6	RCCA	success	1	1	4.8221	148
949	1783841928.762606	1751	12	bridge	max_steps	0	0	-6.3805	600
950	1783841947.087050	1661	18	RVA	max_steps	0	0	-2.0761	600
951	1783841961.590533	1218	39	RCCA	success	1	1	4.8070	131
952	1783841983.989699	1577	21	RCCA	success	1	1	4.8789	305
953	1783841989.974362	1661	19	RCCA	success	1	1	5.0804	90
954	1783841996.064715	1619	13	RCCA	max_steps	1	0	-1.3159	600
955	1783842001.885962	160	57	RCCA	max_steps	1	0	-1.8646	600
956	1783842002.529597	1793	12	RCCA	max_steps	1	0	-0.9928	600
957	1783842036.196589	122	60	RVA	max_steps	0	0	-9.7637	600
958	1783842040.006177	1535	18	RCCA	success	1	1	3.3277	392
959	1783842052.017376	312	50	RVA	max_steps	0	0	-6.3341	600
960	1783842095.287169	236	57	RCCA	max_steps	1	0	-8.1662	600
961	1783842108.789884	236	58	RCCA	success	1	1	4.6190	29
962	1783842123.765859	1535	19	RCCA	success	1	1	5.2754	141
963	1783842315.974035	1751	13	RVA	max_steps	0	0	-14.7670	600
964	1783842315.974035	616	58	RCCA	max_steps	0	0	-3.9457	600
965	1783842315.974035	160	58	RCCA	max_steps	1	0	-5.2887	600
966	1783842315.974035	122	61	RCCA	success	1	1	5.5598	248
967	1783842315.974035	1619	14	RCCA	max_steps	1	0	-1.6221	600
968	1783842315.974035	1793	13	RVA	max_steps	0	0	-9.2948	600
969	1783842315.974035	1577	22	RVA	max_steps	0	0	-5.1509	600
970	1783842315.974035	1218	40	RVA	max_steps	0	0	-3.9293	600
971	1783842315.974035	312	51	RVA	max_steps	0	0	-11.2391	600
972	1783842315.974035	236	59	RCCA	success	1	1	4.9799	230
973	1783842315.974035	1427	23	RVA	max_steps	0	0	-11.4025	600
974	1783842315.974035	1905	7	RCCA	max_steps	1	0	-1.6990	600
975	1783842315.974035	1469	21	RCCA	max_steps	1	0	-1.5408	600
976	1783842315.974035	1661	20	RVA	max_steps	0	0	-7.3633	600
977	1783842426.885878	1577	23	RCCA	success	1	1	4.5145	56
978	1783842455.563724	236	60	RCCA	success	1	1	5.0471	102
979	1783842466.939890	160	59	RCCA	success	1	1	4.0592	138
980	1783842477.799994	2001	1	RCCA	success	1	1	4.6854	82
981	1783842515.780974	1427	24	RCCA	success	1	1	4.7824	213
982	1783842522.341418	236	61	RCCA	success	1	1	4.9160	70
983	1783842531.325399	1959	1	RCCA	success	1	1	5.2793	190
984	1783842535.567811	122	62	RCCA	success	1	1	4.8318	267
985	1783842536.349936	1218	41	RCCA	success	1	1	4.9427	192
986	1783842539.314961	1793	14	RCCA	success	1	1	4.6160	284
987	1783842549.276868	1751	14	RCCA	success	1	1	4.7888	276
988	1783842558.304508	236	62	RCCA	success	1	1	4.9400	74
989	1783842583.119323	122	63	RCCA	success	1	1	4.9448	95
990	1783842601.369831	1959	2	RCCA	success	1	1	4.7017	157
991	1783842618.298568	236	63	RCCA	success	1	1	4.4925	146
992	1783842633.358012	1905	8	RCCA	success	1	1	5.0789	358
993	1783842698.901270	1959	3	RCCA	success	1	1	5.4965	208
994	1783842736.219320	1577	24	RVA	max_steps	0	0	-11.3190	600
995	1783842748.427071	1661	21	RVA	max_steps	0	0	-6.3601	600
996	1783842749.301468	312	52	RVA	max_steps	0	0	-3.2549	600
997	1783842773.459740	2001	2	RCCA	max_steps	1	0	-1.3497	600
998	1783842783.613271	160	60	RCCA	max_steps	1	0	-2.7589	600
999	1783842813.013807	2001	3	RCCA	success	1	1	4.6363	88
1000	1783842817.810050	1427	25	RVA	max_steps	0	0	-3.0905	600
1001	1783842832.267255	2001	4	RCCA	success	1	1	4.5353	46
1002	1783842835.863623	1218	42	RCCA	max_steps	1	0	-1.5390	600
1003	1783842844.288612	1661	22	RCCA	success	1	1	5.2553	185
1004	1783842844.852219	312	53	RCCA	success	1	1	4.9865	175
1005	1783842860.127371	1751	15	RCCA	max_steps	1	0	-2.4079	600
1006	1783842861.409359	616	59	RCCA	max_steps	0	0	-3.1994	600
1007	1783842862.151717	1619	15	RCCA	max_steps	1	0	-0.9840	600
1008	1783842877.582569	122	64	RVA	max_steps	0	0	-3.2678	600
1009	1783842910.594261	1751	16	RCCA	success	1	1	5.0647	95
1010	1783842950.049373	1905	9	RCCA	max_steps	1	0	-1.8486	600
1011	1783843077.748964	1793	15	RCCA	max_steps	1	0	-1.0097	600
1012	1783843080.093024	1577	25	trunk	max_steps	0	0	-14.1225	600
1013	1783843098.978723	2001	5	RVA	max_steps	0	0	-3.1453	600
1014	1783843103.162404	236	64	other	max_steps	0	0	-13.0788	600
1015	1783843108.098222	1427	26	bridge	max_steps	0	0	-5.6103	600
1016	1783843126.820877	1793	16	RCCA	success	1	1	4.4784	115
1017	1783843138.738871	1959	4	RVA	max_steps	0	0	-7.0695	600
1018	1783843146.078872	1661	23	RCCA	max_steps	1	0	-7.1511	600
1019	1783843165.413686	616	60	RCCA	success	1	1	4.2951	580
1020	1783843183.165073	122	65	RCCA	max_steps	1	0	-4.8153	600
1021	1783843186.738316	1427	27	RCCA	success	1	1	5.2221	135
1022	1783843211.835648	312	54	RVA	max_steps	0	0	-15.6667	600
1023	1783843214.754620	1427	28	RCCA	success	1	1	4.6878	52
1024	1783843232.033253	2001	6	RCCA	success	1	1	4.6852	277
1025	1783843238.733962	1959	5	RCCA	success	1	1	5.3030	208
1026	1783843242.991852	1577	26	RCCA	success	1	1	4.8075	325
1027	1783843274.797726	2001	7	RCCA	success	1	1	4.6212	95
1028	1783843313.326399	1905	10	RVA	max_steps	0	0	-13.6551	600
1029	1783843313.554654	1218	43	RCCA	max_steps	1	0	-0.7159	600
1030	1783843313.756646	122	66	RCCA	success	1	1	4.9261	251
1031	1783843314.814227	1959	6	RCCA	success	1	1	4.0217	176
1032	1783843322.765679	1751	17	RCCA	max_steps	1	0	-1.2005	600
1033	1783843332.165492	1619	16	RCCA	max_steps	1	0	-1.0828	600
1034	1783843348.894491	1469	22	RCCA	max_steps	1	0	-0.8657	600
1035	1783843353.352921	1577	27	RCCA	success	1	1	4.6792	211
1036	1783843372.089367	1619	17	RCCA	success	1	1	4.6935	88
1037	1783843373.629299	122	67	RCCA	success	1	1	4.5963	124
1038	1783843388.613924	1905	11	RCCA	success	1	1	4.7020	88
1039	1783843397.346390	122	68	RCCA	success	1	1	4.5800	50
1040	1783843402.364534	1751	18	RCCA	success	1	1	4.3032	150
1041	1783843410.894885	160	61	RCCA	max_steps	1	0	-0.8192	600
1042	1783843430.952974	1469	23	RCCA	success	0	1	4.0871	154
1043	1783843435.260431	122	69	RCCA	success	1	1	4.4850	85
1044	1783843446.987135	1793	17	RVA	max_steps	0	0	-6.7810	600
1045	1783843447.287237	1661	24	RCCA	max_steps	1	0	-1.1027	600
1046	1783843456.192600	1959	7	RCCA	success	1	1	5.0732	284
1047	1783843458.537948	1905	12	RCCA	success	1	1	5.1735	141
1048	1783843463.774180	616	61	RCCA	max_steps	1	0	-2.7554	600
1049	1783843515.569700	160	62	RCCA	success	1	1	3.2266	215
1050	1783843594.940436	2001	8	RVA	max_steps	0	0	-12.7854	600
1051	1783843622.479241	1218	44	RVA	max_steps	0	0	-8.2920	600
1052	1783843629.238678	1427	29	RCCA	max_steps	1	0	-2.5864	600
1053	1783843646.798892	312	55	RCCA	max_steps	0	0	-3.2639	600
1054	1783843650.046414	1577	28	bridge	max_steps	0	0	-3.7469	600
1055	1783843658.127445	122	70	RCCA	success	1	1	5.8605	346
1056	1783843670.134763	1619	18	RCCA	max_steps	1	0	-5.2405	600
1057	1783843688.183845	1751	19	RCCA	max_steps	1	0	-2.6537	600
1058	1783843723.718956	312	56	RCCA	success	0	1	3.9121	132
1059	1783843725.965081	1959	8	RCCA	max_steps	1	0	-3.3178	600
1060	1783843732.763160	1619	19	RCCA	success	1	1	5.0192	116
1061	1783843970.427833	1218	6	RCCA	max_steps	1	0	-2.9374	600
1062	1783843970.427833	616	6	RCCA	max_steps	1	0	-2.8502	600
1063	1783843970.427833	1427	6	RCCA	max_steps	0	0	-4.7152	600
1064	1783843970.427833	236	6	RVA	max_steps	0	0	-10.6000	600
1065	1783844124.015809	1427	7	RCCA	success	1	1	4.7078	60
1066	1783844217.151638	2151	1	RCCA	success	0	1	3.6574	187
1067	1783844266.918919	2001	1	RCCA	success	1	1	4.4476	333
1068	1783844303.589528	236	7	bridge	max_steps	0	0	-6.4211	600
1069	1783844311.855822	2361	1	bridge	max_steps	0	0	-6.6786	600
1070	1783844313.181781	1793	1	bridge	max_steps	0	0	-6.6786	600
1071	1783844320.355376	1661	1	bridge	max_steps	0	0	-6.7274	600
1072	1783844323.562874	1218	7	bridge	max_steps	0	0	-5.6817	600
1073	1783844344.262597	2108	1	bridge	max_steps	0	0	-5.5701	600
1074	1783844346.839882	1751	1	bridge	max_steps	0	0	-5.6073	600
1075	1783844347.148860	2319	1	bridge	max_steps	0	0	-5.2071	600
1076	1783844354.354903	2361	2	RCCA	success	1	1	4.8969	112
1077	1783844359.724903	616	7	RCCA	max_steps	1	0	-2.7703	600
1078	1783844382.530221	2193	1	RCCA	max_steps	1	0	-2.6186	600
1079	1783844384.114150	2066	1	bridge	max_steps	0	0	-8.3948	600
1080	1783844388.323725	616	8	RCCA	success	1	1	4.5209	61
1081	1783844389.702208	2235	1	RCCA	max_steps	1	0	-2.0857	600
1082	1783844406.555598	1427	8	RVA	max_steps	0	0	-2.1955	600
1083	1783844415.380199	2108	2	RCCA	success	0	1	3.1767	179
1084	1783844419.882436	1661	2	RCCA	success	1	1	4.8100	233
1085	1783844423.067300	2151	2	bridge	max_steps	0	0	-5.8475	600
1086	1783844454.298443	2277	1	RCCA	max_steps	1	0	-1.4046	600
1087	1783844519.543479	2361	3	bridge	max_steps	0	0	-6.8120	600
1088	1783844530.688527	2001	2	RVA	max_steps	0	0	-12.7257	600
1089	1783844549.902350	1793	2	bridge	max_steps	0	0	-5.0718	600
1090	1783844569.588556	1751	2	bridge	max_steps	0	0	-5.4431	600
1091	1783844587.028143	2108	3	bridge	max_steps	0	0	-6.8331	600
1092	1783844606.231989	1661	3	bridge	max_steps	0	0	-6.6643	600
1093	1783844607.398690	2319	2	RCCA	max_steps	1	0	-1.7112	600
1094	1783844607.898450	236	8	RCCA	max_steps	1	0	-1.5213	600
1095	1783844610.008216	1218	8	RVA	max_steps	0	0	-14.4726	600
1096	1783844619.293959	616	9	bridge	max_steps	0	0	-5.8486	600
1097	1783844624.139920	2193	2	RCCA	max_steps	1	0	-2.4590	600
1098	1783844648.067263	2066	2	RCCA	max_steps	0	0	-3.1490	600
1099	1783844657.690998	2235	2	RVA	max_steps	0	0	-13.5016	600
1100	1783844658.480807	2151	3	RCCA	max_steps	1	0	-2.6957	600
1101	1783844661.353984	1427	9	bridge	max_steps	0	0	-3.5475	600
1102	1783844663.155658	2277	2	bridge	max_steps	0	0	-5.5552	600
1103	1783844690.737597	2361	4	bridge	max_steps	0	0	-6.8394	600
1104	1783844717.504587	2001	3	bridge	max_steps	0	0	-6.8102	600
1105	1783844724.743113	616	10	RCCA	success	1	1	4.2559	226
1106	1783844726.641744	1427	10	RCCA	success	1	1	4.5532	133
1107	1783844736.144054	1793	3	bridge	max_steps	0	0	-6.6512	600
1108	1783844739.651910	236	9	RCCA	success	1	1	3.8090	308
1109	1783844749.881624	1751	3	bridge	max_steps	0	0	-6.6666	600
1110	1783844759.218487	2108	4	bridge	max_steps	0	0	-6.8357	600
1111	1783844785.005286	2319	3	bridge	max_steps	0	0	-6.8432	600
1112	1783844794.295347	1661	4	bridge	max_steps	0	0	-6.8255	600
1113	1783844839.715516	1661	5	RCCA	success	1	1	4.3564	105
1114	1783844844.180774	2066	3	bridge	max_steps	0	0	-6.8082	600
1115	1783844846.994607	2193	3	bridge	max_steps	0	0	-5.5821	600
1116	1783844847.346978	2235	3	bridge	max_steps	0	0	-6.6998	600
1117	1783844852.147615	2151	4	bridge	max_steps	0	0	-6.8323	600
1118	1783844855.681946	2277	3	bridge	max_steps	0	0	-6.6942	600
1119	1783844895.787778	2361	5	bridge	max_steps	0	0	-5.4901	600
1120	1783844904.101981	2001	4	bridge	max_steps	0	0	-6.8608	600
1121	1783844905.144934	1218	9	RCCA	max_steps	1	0	-2.1456	600
1122	1783844924.078132	1793	4	bridge	max_steps	0	0	-6.8479	600
1123	1783844951.596540	1793	5	RCCA	success	1	1	4.8692	67
1124	1783844963.224090	616	11	bridge	max_steps	0	0	-5.8723	600
1125	1783844967.092355	1751	4	bridge	max_steps	0	0	-5.6433	600
1126	1783845002.267478	2319	4	bridge	max_steps	0	0	-5.4408	600
1127	1783845003.988569	236	10	bridge	max_steps	0	0	-3.5005	600
1128	1783845008.339904	2108	5	bridge	max_steps	0	0	-3.1359	600
1129	1783845025.004886	2066	4	bridge	max_steps	0	0	-6.8207	600
1130	1783845026.361334	2193	4	bridge	max_steps	0	0	-6.8296	600
1131	1783845034.343934	2151	5	bridge	max_steps	0	0	-6.7455	600
1132	1783845041.880242	1427	11	RCCA	max_steps	1	0	-1.6765	600
1133	1783845066.059999	2277	4	bridge	max_steps	0	0	-5.4475	600
1134	1783845087.982758	2235	4	RCCA	max_steps	1	0	-3.2506	600
1135	1783845141.492382	2001	5	RCCA	max_steps	1	0	-2.7796	600
1136	1783845175.221822	1218	10	RVA	max_steps	0	0	-10.1718	600
1137	1783845186.751163	1751	5	RCCA	max_steps	1	0	-2.9580	600
1138	1783845210.281653	2193	5	bridge	max_steps	0	0	-5.8487	600
1139	1783845212.305591	236	11	bridge	max_steps	0	0	-4.4060	600
1140	1783845214.955150	2319	5	RVA	max_steps	0	0	-9.9376	600
1141	1783845215.817698	2066	5	bridge	max_steps	0	0	-5.5697	600
1142	1783845233.391217	2108	6	RVA	max_steps	0	0	-2.2304	600
1143	1783845276.614908	2277	5	RCCA	max_steps	1	0	-1.4560	600
1144	1783845279.029043	2235	5	RCCA	max_steps	1	0	-2.1833	600
1145	1783845314.163324	1218	11	bridge	max_steps	0	0	-5.7456	600
1146	1783845347.207934	2066	6	RCCA	max_steps	1	0	-2.1713	600
1147	1783845416.584933	2001	9	RVA	max_steps	0	0	-6.4932	600
1148	1783845416.584933	1661	25	other	max_steps	0	0	-21.0342	600
1149	1783845416.584933	1751	20	RCCA	success	1	1	4.6550	93
1150	1783845416.584933	236	65	RCCA	max_steps	1	0	-2.4580	600
1151	1783845416.584933	1427	30	RVA	max_steps	0	0	-6.2685	600
1152	1783845416.584933	1218	45	trunk	max_steps	0	0	-10.0479	600
1153	1783845416.584933	1793	18	other	max_steps	0	0	-16.7600	600
1154	1783845416.584933	616	62	RCCA	max_steps	1	0	-4.6606	600
1155	1783845614.606557	2277	1	RCCA	success	1	1	4.7471	221
1156	1783845658.643746	2066	1	RCCA	success	1	1	4.6682	317
1157	1783845774.803781	2193	1	RCCA	max_steps	1	0	-3.3166	600
1158	1783845780.207000	616	63	bridge	max_steps	0	0	-5.3683	600
1159	1783845791.168631	2319	1	bridge	max_steps	0	0	-2.9019	600
1160	1783845808.211494	236	66	RCCA	max_steps	1	0	-1.8294	600
1161	1783845808.310696	1661	26	RCCA	max_steps	1	0	-1.3229	600
1162	1783845811.503992	1793	19	bridge	max_steps	0	0	-3.0636	600
1163	1783845812.121271	2361	1	bridge	max_steps	0	0	-3.0493	600
1164	1783845825.139382	1218	46	RCCA	max_steps	0	0	-5.3283	600
1165	1783845827.908069	1427	31	RCCA	max_steps	1	0	-4.9814	600
1166	1783845831.004122	1751	21	RCCA	max_steps	1	0	-1.9753	600
1167	1783845831.424893	2108	1	RVA	max_steps	0	0	-11.7871	600
1168	1783845856.365437	2361	2	RCCA	success	1	1	4.4690	94
1169	1783845857.310879	2001	10	RCCA	max_steps	1	0	-0.8416	600
1170	1783845860.735631	2235	1	RVA	max_steps	0	0	-11.2085	600
1171	1783845875.684957	2319	2	RCCA	success	1	1	4.9918	173
1172	1783845903.219172	1427	32	RCCA	success	1	1	4.5195	167
1173	1783845936.232740	2151	1	RCCA	max_steps	1	0	-2.1670	600
1174	1783845955.441690	2066	2	bridge	max_steps	0	0	-2.3878	600
1175	1783845975.294183	1427	33	RCCA	success	1	1	4.5681	157
1176	1783845984.752890	1793	20	RCCA	success	1	1	0.3565	335
1177	1783846032.815083	2193	2	bridge	max_steps	0	0	-2.8443	600
1178	1783846041.742636	2001	11	RCCA	success	1	1	4.5156	313
1179	1783846073.742821	2193	3	RCCA	success	1	1	4.8239	93
1180	1783846076.893468	1793	21	RCCA	success	1	1	4.5773	119
1181	1783846111.583081	2108	2	RCCA	max_steps	1	0	-3.0746	600
1182	1783846112.725318	616	64	RVA	max_steps	0	0	-13.9798	600
1183	1783846129.482379	1751	22	RCCA	max_steps	1	0	-1.9243	600
1184	1783846136.315784	2235	2	RCCA	max_steps	1	0	-5.1028	600
1185	1783846138.236852	2277	2	RCCA	max_steps	1	0	-1.4617	600
1186	1783846138.266602	236	67	RCCA	max_steps	0	0	-3.2385	600
1187	1783846140.166990	1661	27	RCCA	max_steps	1	0	-13.4179	600
1188	1783846140.175291	2319	3	RCCA	max_steps	1	0	-2.7651	600
1189	1783846165.740073	1218	47	RCCA	max_steps	0	0	-4.2597	600
1190	1783846167.508899	236	68	RCCA	success	1	1	4.4633	63
1191	1783846185.371678	2361	3	RCCA	max_steps	1	0	-0.9856	600
1192	1783846194.871332	2108	3	RCCA	success	1	1	4.7699	190
1193	1783846225.090349	1218	48	RCCA	success	1	1	4.5177	100
1194	1783846249.812388	2066	3	RCCA	max_steps	1	0	-1.4728	600
1195	1783846253.032118	2151	2	RCCA	max_steps	1	0	-2.7228	600
1196	1783846272.969190	1427	34	RCCA	max_steps	1	0	-1.5123	600
1197	1783846273.077762	2361	4	RCCA	success	1	1	5.0409	180
1198	1783846298.853302	2151	3	RCCA	success	1	1	4.4522	100
1199	1783846338.826209	2193	4	RCCA	max_steps	1	0	-2.8457	600
1200	1783846350.979941	2001	12	RCCA	max_steps	1	0	-1.6353	600
1201	1783846355.607769	1427	35	RCCA	success	1	1	4.9797	168
1202	1783846358.577518	2277	3	RCCA	success	1	1	4.6788	448
1203	1783846372.825203	2193	5	RCCA	success	1	1	4.5501	81
1204	1783846384.551318	1793	22	RCCA	max_steps	1	0	-1.6411	600
1205	1783846402.626371	2235	3	RCCA	max_steps	1	0	-4.3723	600
1206	1783846420.452995	2319	4	RCCA	max_steps	1	0	-2.4846	600
1207	1783846433.286652	1661	28	RVA	max_steps	0	0	-4.6784	600
1208	1783846434.185735	616	65	RVA	max_steps	0	0	-15.0846	600
1209	1783846434.807191	1427	36	RCCA	success	1	1	4.7784	167
1210	1783846445.468801	2001	13	RCCA	success	1	1	4.3285	202
1211	1783846446.322012	1751	23	bridge	max_steps	0	0	-1.9891	600
1212	1783846454.854464	236	69	bridge	max_steps	0	0	-3.2421	600
1213	1783846472.278367	2108	4	RCCA	max_steps	1	0	-3.1761	600
1214	1783846477.416894	2151	4	RCCA	success	1	1	4.6057	350
1215	1783846488.483174	2319	5	RCCA	success	1	1	5.2049	132
1216	1783846523.073579	2361	5	bridge	max_steps	0	0	-4.0231	600
1217	1783846534.793289	2151	5	RCCA	success	1	1	4.7483	125
1218	1783846539.415739	2066	4	bridge	max_steps	0	0	-3.6795	600
1219	1783846540.225419	1751	24	RCCA	success	1	1	5.0056	183
1220	1783846561.237464	1218	49	RCCA	max_steps	1	0	-2.2484	600
1221	1783846608.071179	2066	5	RCCA	success	1	1	4.0034	136
1222	1783846625.517500	2108	5	RCCA	success	1	1	4.9676	313
1223	1783846663.439242	1793	23	bridge	max_steps	0	0	-2.5882	600
1224	1783846666.778085	2193	6	RCCA	max_steps	1	0	-2.4830	600
1225	1783846667.131716	2277	4	RVA	max_steps	0	0	-14.9102	600
1226	1783846682.350333	2151	6	RCCA	success	0	1	2.6685	296
1227	1783846715.911076	2193	7	RCCA	success	1	1	4.7979	99
1228	1783846721.344321	1427	37	bridge	max_steps	0	0	-3.0870	600
1229	1783846740.188726	616	66	RCCA	max_steps	1	0	-1.2037	600
1230	1783846760.210272	2001	14	RCCA	max_steps	1	0	-1.1790	600
1231	1783846787.709624	2361	6	bridge	max_steps	0	0	-3.6701	600
1232	1783846791.674932	236	70	RCCA	max_steps	1	0	-1.7347	600
1233	1783846796.568956	2151	7	RCCA	success	1	1	4.8824	213
1234	1783846799.802932	2319	6	RVA	max_steps	0	0	-12.1184	600
1235	1783846829.671100	1661	29	RCCA	max_steps	1	0	-0.7163	600
1236	1783846850.013796	2235	4	RCCA	max_steps	1	0	-2.3308	600
1237	1783846876.131351	1751	25	RCCA	max_steps	1	0	-1.1776	600
1238	1783846880.252196	1218	50	RCCA	max_steps	1	0	-2.9913	600
1239	1783847066.200831	2235	5	RCCA	success	1	1	4.6240	206
1240	1783847066.200831	2319	7	RCCA	success	1	1	4.3776	173
1241	1783847066.200831	236	71	RCCA	success	1	1	4.8527	79
1242	1783847066.200831	1218	51	RCCA	max_steps	1	0	-2.1274	600
1243	1783847066.200831	1793	24	bridge	max_steps	0	0	-5.6412	600
1244	1783847066.200831	2193	8	RCCA	max_steps	1	0	-1.9511	600
1245	1783847066.200831	2151	8	bridge	max_steps	0	0	-3.0976	600
1246	1783847066.200831	2001	15	RCCA	max_steps	1	0	-1.9317	600
1247	1783847066.200831	2277	5	RVA	max_steps	0	0	-4.9429	600
1248	1783847066.200831	1427	38	bridge	max_steps	0	0	-2.4982	600
1249	1783847066.200831	2066	6	RCCA	max_steps	1	0	-0.7587	600
1250	1783847066.200831	2108	6	RCCA	max_steps	1	0	-0.8565	600
1251	1783847066.200831	1751	26	RVA	max_steps	0	0	-2.9900	600
1252	1783847066.200831	616	67	trunk	max_steps	0	0	-4.2858	600
1253	1783847066.200831	2361	7	RCCA	max_steps	1	0	-3.4856	600
1254	1783847096.448303	1793	25	RCCA	success	1	1	4.6872	39
1255	1783847130.343915	2361	8	RCCA	success	1	1	4.7553	109
1256	1783847132.746592	2108	7	RCCA	success	1	1	4.8230	111
1257	1783847138.233871	1793	26	RCCA	success	1	1	5.1648	77
1258	1783847159.855468	2066	7	RCCA	success	1	1	5.3693	150
1259	1783847171.053048	2277	6	RCCA	success	1	1	3.4619	176
1260	1783847289.974451	2277	7	RCCA	success	0	1	3.1756	209
1261	1783847356.751506	2108	8	RCCA	success	0	1	-2.9756	386
1262	1783847375.178430	2193	9	RVA	max_steps	0	0	-4.0576	600
1263	1783847395.609444	2001	16	bridge	max_steps	0	0	-3.4886	600
1264	1783847395.634109	1751	27	RCCA	max_steps	1	0	-2.4495	600
1265	1783847395.751230	2534	1	RVA	max_steps	0	0	-8.4764	600
1266	1783847401.614691	2151	9	other	max_steps	0	0	-5.5339	600
1267	1783847414.820326	1427	39	RCCA	max_steps	1	0	-2.0067	600
1268	1783847424.502000	2235	6	bridge	max_steps	0	0	-2.1327	600
1269	1783847430.397346	2193	10	RCCA	success	1	1	5.2005	103
1270	1783847439.105952	2361	9	RCCA	max_steps	1	0	-4.1442	600
1271	1783847445.999851	2319	8	RCCA	max_steps	1	0	-1.2287	600
1272	1783847449.190873	2151	10	RCCA	success	1	1	4.4362	91
1273	1783847450.197114	616	68	RCCA	max_steps	1	0	-1.0133	600
1274	1783847474.455602	1427	40	RCCA	success	1	1	4.9050	102
1275	1783847489.202034	616	69	RCCA	success	1	1	4.7472	62
1276	1783847500.436960	2066	8	RCCA	max_steps	1	0	-1.7093	600
1277	1783847500.454003	2235	7	RCCA	success	0	1	3.3005	128
1278	1783847581.847931	2001	17	RCCA	success	0	1	2.6979	350
1279	1783847594.020430	1427	41	RCCA	success	1	1	4.3748	169
1280	1783847613.953278	2319	9	RCCA	success	1	1	3.1137	316
1281	1783847620.147161	1793	27	RCCA	max_steps	1	0	-0.8267	600
1282	1783847632.738800	2066	9	RCCA	success	0	1	1.8410	245
1283	1783847658.267442	2277	8	RCCA	max_steps	1	0	-1.6598	600
1284	1783847670.085883	1218	52	RCCA	max_steps	0	0	-3.3116	600
1285	1783847685.303383	2108	9	RVA	max_steps	0	0	-5.4166	600
1286	1783847717.601008	236	72	RCCA	max_steps	1	0	-0.9667	600
1287	1783847741.587869	1218	53	RCCA	success	1	1	5.1595	142
1288	1783847776.561282	2151	11	RCCA	max_steps	1	0	-6.0736	600
1289	1783847789.723545	616	70	bridge	max_steps	0	0	-6.6530	600
1290	1783847823.137054	2534	2	RCCA	max_steps	1	0	-0.8067	600
1291	1783847851.708776	2361	10	trunk	max_steps	0	0	-10.9297	600
1292	1783847870.148197	2151	12	RCCA	success	0	1	2.9979	148
1293	1783847875.628028	1751	28	RCCA	max_steps	1	0	-0.7503	600
1294	1783847909.439681	1751	29	RCCA	success	1	1	4.5463	74
1295	1783847956.818921	1793	28	RVA	max_steps	0	0	-8.8788	600
1296	1783847973.403786	2001	18	RVA	max_steps	0	0	-4.6232	600
1297	1783847975.141264	2319	10	RCCA	max_steps	1	0	-1.9326	600
1298	1783848028.536119	236	73	RVA	max_steps	0	0	-6.3571	600
1299	1783848028.679163	2193	11	RCCA	max_steps	1	0	-1.1731	600
1300	1783848047.100918	2108	10	RVA	max_steps	0	0	-10.9295	600
1301	1783848064.417486	1218	54	RCCA	max_steps	1	0	-2.0484	600
1302	1783848120.106778	2361	11	RCCA	success	1	1	5.1098	453
1303	1783848184.179175	2319	11	RCCA	success	1	1	4.9064	386
1304	1783848192.162316	2361	12	RCCA	success	1	1	4.5172	156
1305	1783848238.366674	2319	12	RCCA	success	1	1	4.9137	109
1306	1783848249.794406	2235	8	RCCA	max_steps	1	0	-1.2461	600
1307	1783848251.232520	2066	10	RCCA	max_steps	1	0	-0.4957	600
1308	1783848272.351235	2319	13	RCCA	success	1	1	5.2285	58
1309	1783848298.231558	1427	42	RCCA	max_steps	1	0	-2.2329	600
1310	1783848301.924921	2361	13	RCCA	success	0	1	3.9156	199
1311	1783848304.567174	1751	30	RCCA	max_steps	1	0	-1.2914	600
1312	1783848314.076489	2534	3	RCCA	max_steps	0	0	-4.9391	600
1313	1783848316.116198	2235	9	RCCA	success	1	1	4.8730	108
1314	1783848326.388079	2001	19	RCCA	max_steps	1	0	-1.3868	600
1315	1783848328.153533	2277	9	RCCA	max_steps	1	0	-0.6944	600
1316	1783848340.109369	2151	13	RCCA	max_steps	0	0	-3.1215	600
1317	1783848341.281815	2319	14	RCCA	success	1	1	4.7588	144
1318	1783848366.143883	2361	14	RCCA	success	1	1	4.9336	131
1319	1783848389.217294	2235	10	RCCA	success	1	1	5.1147	132
1320	1783848400.578903	1751	31	RCCA	success	1	1	5.0242	121
1321	1783848408.359624	1218	55	RCCA	max_steps	1	0	-2.0940	600
1322	1783848415.877879	2108	11	RCCA	max_steps	1	0	-0.7347	600
1323	1783848426.019553	2193	12	RCCA	max_steps	0	0	-3.2070	600
1324	1783848430.585038	1793	29	RCCA	max_steps	1	0	-0.9865	600
1325	1783848433.193146	2361	15	RCCA	success	1	1	5.0610	129
1326	1783848451.154907	2319	15	RCCA	success	1	1	4.5705	236
1327	1783848457.573263	2235	11	RCCA	success	1	1	4.6542	69
1328	1783848464.009975	2001	20	RCCA	success	0	1	3.7547	236
1329	1783848476.365994	236	74	RCCA	max_steps	1	0	-1.3332	600
1330	1783848481.344923	2319	16	RCCA	success	1	1	4.7402	62
1331	1783848492.752106	2361	16	RCCA	success	1	1	5.0484	115
1332	1783848515.796688	2151	14	RCCA	success	1	1	2.9037	350
1333	1783848522.868584	2193	13	RCCA	success	0	1	2.1273	199
1334	1783848546.598891	1218	56	RCCA	success	0	1	2.4459	258
1335	1783848570.371506	1427	43	RCCA	max_steps	1	0	-3.6023	600
1336	1783848599.959037	1218	57	RCCA	success	1	1	4.8647	109
1337	1783848614.206245	1427	44	RCCA	success	1	1	4.5968	107
1338	1783848629.083293	2319	17	RCCA	success	1	1	4.5636	331
1339	1783848648.481311	616	71	RCCA	max_steps	1	0	-0.9383	600
1340	1783848859.433900	1427	45	RCCA	success	0	1	3.6864	170
1341	1783848859.433900	1218	58	RCCA	max_steps	1	0	-3.3085	600
1342	1783848859.433900	1751	32	RCCA	max_steps	1	0	-1.3092	600
1343	1783848859.433900	2001	21	RCCA	max_steps	1	0	-0.7990	600
1344	1783848859.433900	236	75	other	max_steps	0	0	-7.9432	600
1345	1783848859.433900	2361	17	RCCA	max_steps	1	0	-2.7331	600
1346	1783848859.433900	2534	4	RCCA	max_steps	1	0	-0.9910	600
1347	1783848859.433900	2066	11	RCCA	max_steps	0	0	-3.3305	600
1348	1783848859.433900	2235	12	RCCA	max_steps	1	0	-3.0249	600
1349	1783848859.433900	1793	30	RCCA	max_steps	0	0	-3.0085	600
1350	1783848859.433900	2277	10	bridge	max_steps	0	0	-4.3084	600
1351	1783848932.935776	2534	5	RCCA	success	1	1	4.6684	76
1352	1783848955.759644	2714	1	RCCA	success	1	1	4.6624	55
1353	1783848975.725177	2588	1	RCCA	success	1	1	4.4772	97
1354	1783848982.679674	1218	59	RCCA	success	1	1	5.3041	140
1355	1783848999.726058	2001	22	RCCA	success	1	1	4.7141	217
1356	1783849056.727998	2588	2	RCCA	success	1	1	4.6602	168
1357	1783849067.852400	236	76	RCCA	success	1	1	5.2547	305
1358	1783849164.857107	2672	1	bridge	max_steps	0	0	-3.9755	600
1359	1783849167.941804	2235	13	bridge	max_steps	0	0	-9.9167	600
1360	1783849175.974374	1751	33	bridge	max_steps	0	0	-3.2511	600
1361	1783849176.336379	2756	1	RCCA	max_steps	1	0	-3.2204	600
1362	1783849188.314872	2066	12	RCCA	max_steps	1	0	-2.4651	600
1363	1783849207.161322	2361	18	RCCA	max_steps	1	0	-1.9264	600
1364	1783849220.100108	2277	11	RCCA	max_steps	1	0	-9.5732	600
1365	1783849226.416216	1793	31	bridge	max_steps	0	0	-5.8923	600
1366	1783849228.028996	2630	1	RCCA	max_steps	1	0	-2.8839	600
1367	1783849250.784300	2534	6	RCCA	max_steps	1	0	-1.1819	600
1368	1783849271.893502	2235	14	RCCA	success	0	1	4.0227	209
1369	1783849336.999130	2588	3	RCCA	max_steps	1	0	-1.5835	600
1370	1783849386.593251	236	77	RCCA	max_steps	1	0	-2.2203	600
1371	1783849389.170668	2001	23	RCCA	max_steps	0	0	-1.8537	600
1372	1783849399.964797	1218	60	bridge	max_steps	0	0	-2.5525	600
1373	1783849408.173520	1427	46	RCCA	max_steps	1	0	-0.9186	600
1374	1783849414.850244	2714	2	RCCA	max_steps	1	0	-1.3634	600
1375	1783849446.218150	2672	2	RVA	max_steps	0	0	-3.6105	600
1376	1783849461.161448	1751	34	RCCA	max_steps	1	0	-3.8414	600
1377	1783849479.768291	2630	2	RCCA	max_steps	1	0	-3.9390	600
1378	1783849505.164629	2066	13	bridge	max_steps	0	0	-11.1504	600
1379	1783849507.725339	1793	32	RCCA	max_steps	1	0	-2.7153	600
1380	1783849527.902974	2630	3	RCCA	success	1	1	4.8381	91
1381	1783849535.619553	2277	12	RCCA	max_steps	1	0	-1.0998	600
1382	1783849549.634950	1793	33	RCCA	success	1	1	4.6896	84
1383	1783849582.111737	2534	7	bridge	max_steps	0	0	-11.1233	600
1384	1783849595.545166	2235	15	RVA	max_steps	0	0	-14.7915	600
1385	1783849602.972809	2756	2	RCCA	max_steps	1	0	-1.4279	600
1386	1783849613.575383	2361	19	RCCA	max_steps	1	0	-0.8446	600
1387	1783849614.369914	1793	34	RCCA	success	1	1	4.5405	146
1388	1783849630.091257	2277	13	RCCA	success	1	1	5.1449	183
1389	1783849643.535880	2588	4	RVA	max_steps	0	0	-9.1079	600
1390	1783849659.693631	2672	3	RCCA	success	1	1	5.8274	354
1391	1783849694.139655	2714	3	RVA	max_steps	0	0	-9.3224	600
1392	1783849711.505467	1218	61	RVA	max_steps	0	0	-3.4916	600
1393	1783849715.454037	1427	47	RCCA	max_steps	1	0	-2.0085	600
1394	1783849744.877892	236	78	RCCA	max_steps	1	0	-1.2828	600
1395	1783849789.512403	2361	20	RCCA	success	1	1	3.9234	347
1396	1783849797.529530	1751	35	RVA	max_steps	0	0	-3.0757	600
1397	1783849804.315308	2672	4	RCCA	success	1	1	5.5249	267
1398	1783849804.649719	236	79	RCCA	success	1	1	4.3597	118
1399	1783849858.531814	2066	14	RCCA	max_steps	1	0	-1.0127	600
1400	1783849904.863799	2534	8	RCCA	max_steps	0	0	-7.2656	600
1401	1783849921.703652	1793	35	RCCA	max_steps	1	0	-1.5339	600
1402	1783849932.423234	2277	14	RCCA	max_steps	1	0	-2.2993	600
1403	1783849938.767744	2588	5	RVA	max_steps	0	0	-2.3422	600
1404	1783849987.681530	2588	6	RCCA	success	1	1	4.9214	96
1405	1783849997.520761	2235	16	RCCA	max_steps	1	0	-2.0092	600
1406	1783850003.199643	2714	4	RCCA	max_steps	0	0	-4.2626	600
1407	1783850004.821711	2001	24	RCCA	max_steps	1	0	-0.6507	600
1408	1783850013.288811	1427	48	bridge	max_steps	0	0	-2.6858	600
1409	1783850016.287314	1218	62	RCCA	max_steps	1	0	-1.3267	600
1410	1783850056.762053	2756	3	RCCA	max_steps	1	0	-1.4489	600
1411	1783850062.801943	2714	5	RCCA	success	1	1	4.5365	121
1412	1783850069.082228	2672	5	RCCA	max_steps	1	0	-3.6321	600
1413	1783850097.714156	2714	6	RCCA	success	1	1	4.7532	70
1414	1783850103.918352	2361	21	RCCA	max_steps	1	0	-2.3355	600
1415	1783850106.112249	1751	36	RVA	max_steps	0	0	-3.9786	600
1416	1783850115.179430	236	80	RCCA	max_steps	1	0	-1.8231	600
1417	1783850131.986478	2630	4	RCCA	max_steps	1	0	-1.3811	600
1418	1783850138.053681	1751	37	RCCA	success	1	1	4.4998	69
1419	1783850160.584876	2672	6	RCCA	success	1	1	5.1886	188
1420	1783850193.736928	2672	7	RCCA	success	1	1	4.6226	67
1421	1783850197.894316	2066	15	RCCA	max_steps	1	0	-1.1206	600
1422	1783850200.522310	1793	36	bridge	max_steps	0	0	-5.7729	600
1423	1783850204.032784	236	81	RCCA	success	1	1	4.6527	110
1424	1783850236.702787	2672	8	RCCA	success	1	1	4.9179	86
1425	1783850241.414121	2534	9	RCCA	max_steps	1	0	-1.9605	600
1426	1783850258.449262	1751	38	RCCA	success	1	1	5.2045	224
1427	1783850260.701099	236	82	RCCA	success	1	1	4.6452	127
1428	1783850268.804016	2630	5	RCCA	success	1	1	5.1702	265
1429	1783850271.769880	2756	4	RCCA	success	1	1	0.8258	423
1430	1783850286.069799	2588	7	RVA	max_steps	0	0	-4.9875	600
1431	1783850297.465902	2235	17	RVA	max_steps	0	0	-6.7512	600
1432	1783850298.398512	1218	63	RCCA	max_steps	1	0	-1.9723	600
1433	1783850310.892541	2001	25	RCCA	max_steps	1	0	-1.8621	600
1434	1783850314.580913	2534	10	RCCA	success	1	1	5.0811	135
1435	1783850323.777591	1427	49	RVA	max_steps	0	0	-2.6873	600
1436	1783850572.862614	1793	37	RVA	max_steps	0	0	-9.7839	600
1437	1783850572.862614	2361	22	RVA	max_steps	0	0	-12.3017	600
1438	1783850572.862614	2277	15	RVA	max_steps	0	0	-28.1833	600
1439	1783850572.862614	2534	11	RCCA	success	1	1	4.6240	53
1440	1783850572.862614	2066	16	other	max_steps	0	0	-5.2692	600
1441	1783850572.862614	2714	7	RCCA	success	1	1	0.3670	586
1442	1783850637.859626	2066	17	RCCA	success	1	1	4.5361	72
1443	1783850677.172413	2361	23	RCCA	success	1	1	3.4338	151
1444	1783850688.450555	2939	1	RCCA	success	1	1	4.7591	116
1445	1783850700.827832	1793	38	RCCA	success	1	1	4.9727	171
1446	1783850700.980075	2897	1	RCCA	success	1	1	4.5356	141
1447	1783850720.882124	3023	1	RCCA	success	1	1	4.2165	191
1448	1783850786.171055	2277	16	RCCA	success	1	1	4.4321	335
1449	1783850835.298858	2939	2	RCCA	success	1	1	4.7923	356
1450	1783850850.968920	3233	1	RCCA	success	1	1	4.6882	426
1451	1783850888.319328	2714	8	RVA	max_steps	0	0	-3.9744	600
1452	1783850902.954080	2277	17	RCCA	success	1	1	5.0378	219
1453	1783850904.024410	3107	1	RVA	max_steps	0	0	-5.9432	600
1454	1783850905.548839	2534	12	RCCA	max_steps	1	0	-2.8332	600
1455	1783850910.794408	3191	1	RCCA	max_steps	1	0	-2.3582	600
1456	1783850920.689829	3065	1	RVA	max_steps	0	0	-9.7481	600
1457	1783850923.083229	2855	1	RVA	max_steps	0	0	-4.6515	600
1458	1783850925.348815	3149	1	RCCA	max_steps	1	0	-1.7980	600
1459	1783850942.220424	2981	1	RVA	max_steps	0	0	-10.8770	600
1460	1783850957.373435	2534	13	RCCA	success	1	1	4.5466	118
1461	1783850962.901053	3107	2	RCCA	success	1	1	4.3805	143
1462	1783850965.479443	2066	18	RVA	max_steps	0	0	-7.3124	600
1463	1783850972.774915	2897	2	RCCA	max_steps	1	0	-3.3152	600
1464	1783850983.175889	2714	9	RCCA	success	0	1	2.8363	180
1465	1783850988.118893	2361	24	RCCA	max_steps	1	0	-1.9879	600
1466	1783851000.823441	2277	18	RCCA	success	1	1	5.3012	169
1467	1783851004.562778	3023	2	RCCA	max_steps	1	0	-5.6305	600
1468	1783851035.967857	2714	10	RCCA	success	1	1	4.6860	112
1469	1783851081.635474	1793	39	other	max_steps	0	0	-17.3130	600
1470	1783851091.064689	2855	2	RCCA	success	1	1	4.8428	366
1471	1783851092.354958	3023	3	RCCA	success	1	1	5.0686	167
1472	1783851108.498376	2939	3	RCCA	max_steps	1	0	-1.7225	600
1473	1783851122.394022	2714	11	RCCA	success	1	1	5.0786	113
1474	1783851158.462734	1793	40	RCCA	success	1	1	5.2686	138
1475	1783851174.056646	3023	4	RCCA	success	1	1	4.5714	182
1476	1783851190.508105	2714	12	RCCA	success	1	1	5.0578	146
1477	1783851218.191159	3191	2	RCCA	max_steps	1	0	-1.7997	600
1478	1783851224.375121	3107	3	bridge	max_steps	0	0	-5.6538	600
1479	1783851225.550327	3149	2	trunk	vessel_end	0	0	-4.8753	600
1480	1783851237.736864	3065	2	RCCA	max_steps	1	0	-2.0354	600
1481	1783851248.332686	2981	2	other	max_steps	0	0	-12.2277	600
1482	1783851266.188464	3149	3	RCCA	success	1	1	4.3869	96
1483	1783851289.406139	3233	2	RCCA	success	1	1	6.0079	508
1484	1783851290.652066	2066	19	RCCA	max_steps	1	0	-3.5178	600
1485	1783851307.301944	2361	25	RCCA	max_steps	1	0	-2.2391	600
1486	1783851311.822014	2534	14	RCCA	max_steps	1	0	-1.1768	600
1487	1783851325.433555	2939	4	RCCA	success	1	1	5.8344	382
1488	1783851487.152150	2981	3	RCCA	success	1	1	5.0863	372
1489	1783851488.194124	2066	20	RCCA	success	1	1	5.1328	316
1490	1783851499.940499	3107	4	RCCA	max_steps	1	0	-5.8359	600
1491	1783851521.831468	3023	5	RCCA	max_steps	1	0	-1.1443	600
1492	1783851560.005822	2277	19	RCCA	max_steps	1	0	-1.8967	600
1493	1783851561.701490	3149	4	RCCA	max_steps	1	0	-2.0909	600
1494	1783851582.968547	2714	13	RCCA	max_steps	0	0	-3.2875	600
1495	1783851593.747995	2855	3	RCCA	max_steps	1	0	-1.0749	600
1496	1783851626.795434	3233	3	RCCA	max_steps	1	0	-1.0211	600
1497	1783851648.504992	2939	5	RCCA	max_steps	0	0	-3.5888	600
1498	1783851678.455206	1793	41	RCCA	max_steps	0	0	-1.9613	600
1499	1783851733.587999	2939	6	RCCA	success	1	1	3.8823	187
1500	1783851743.733130	1793	42	RCCA	success	1	1	4.6731	149
1501	1783851772.118823	2534	15	trunk	max_steps	0	0	-5.6981	600
1502	1783851789.217557	2981	4	RVA	max_steps	0	0	-6.9373	600
1503	1783851791.735833	3065	3	RCCA	max_steps	1	0	-0.9421	600
1504	1783851796.960213	2066	21	bridge	max_steps	0	0	-2.7272	600
1505	1783851810.035650	3023	6	RCCA	max_steps	1	0	-2.3647	600
1506	1783851810.087268	2939	7	RCCA	success	1	1	4.3625	150
1507	1783851814.898422	2897	3	LCCA	max_steps	0	0	-2.7779	600
1508	1783851837.301183	3065	4	RCCA	success	0	1	3.4365	90
1509	1783851856.842643	2855	4	RCCA	max_steps	0	0	-7.2827	600
1510	1783851867.285464	2277	20	bridge	max_steps	0	0	-2.7666	600
1511	1783851869.523451	3149	5	RCCA	max_steps	1	0	-9.4201	600
1512	1783851870.819306	2714	14	RCCA	max_steps	1	0	-1.3635	600
1513	1783851875.200428	2939	8	RCCA	success	1	1	5.3595	118
1514	1783851906.622343	3233	4	bridge	max_steps	0	0	-4.1610	600
1515	1783851927.430212	1793	43	RCCA	success	1	1	4.7085	325
1516	1783851984.223947	3107	5	bridge	max_steps	0	0	-2.6922	600
1517	1783851989.987898	3191	3	RCCA	max_steps	0	0	-2.3109	600
1518	1783852046.901378	2534	16	bridge	max_steps	0	0	-3.3252	600
1519	1783852091.261199	2066	22	RCCA	max_steps	0	0	-3.1789	600
1520	1783852109.866108	2981	5	RCCA	max_steps	1	0	-2.3769	600
1521	1783852137.644865	2714	15	RVA	max_steps	0	0	-5.5655	600
1522	1783852138.802144	2534	17	RCCA	success	1	1	4.7580	193
1523	1783852152.520608	3023	7	RCCA	max_steps	1	0	-2.5469	600
1524	1783852156.462066	3065	5	RCCA	success	1	1	4.0408	600
1525	1783852156.925993	2855	5	RCCA	max_steps	1	0	-1.9376	600
1526	1783852359.252396	2066	23	RVA	max_steps	0	0	-14.6670	600
1527	1783852359.252396	3191	4	RCCA	max_steps	1	0	-1.9305	600
1528	1783852359.252396	2855	6	RCCA	max_steps	1	0	-0.8127	600
1529	1783852359.252396	2897	4	RCCA	max_steps	1	0	-0.9603	600
1530	1783852359.252396	2534	18	RCCA	success	1	1	4.8537	130
1531	1783852359.252396	3233	5	bridge	max_steps	0	0	-6.6503	600
1532	1783852359.252396	2939	9	RCCA	max_steps	1	0	-0.6110	600
1533	1783852359.252396	3149	6	RCCA	max_steps	1	0	-8.8443	600
1534	1783852359.252396	3107	6	RCCA	success	1	1	3.9568	562
1535	1783852359.252396	2361	26	RCCA	max_steps	1	0	-0.9614	600
1536	1783852359.252396	2981	6	bridge	max_steps	0	0	-5.1475	600
1537	1783852359.252396	2277	21	RCCA	max_steps	1	0	-1.6469	600
1538	1783852359.252396	1793	44	RVA	max_steps	0	0	-3.3944	600
1539	1783852407.496018	1793	45	RCCA	success	1	1	4.6621	59
1540	1783852408.112087	2534	19	RCCA	success	1	1	4.4062	74
1541	1783852415.089284	2981	7	RCCA	success	1	1	4.4539	88
1542	1783852431.016521	2066	24	RCCA	success	1	1	4.4152	134
1543	1783852460.503173	3478	1	RCCA	success	1	1	5.1751	103
1544	1783852477.733384	2066	25	RCCA	success	1	1	4.4863	98
1545	1783852498.857176	3149	7	RCCA	success	1	1	2.6243	228
1546	1783852509.236308	3478	2	RCCA	success	1	1	4.9537	111
1547	1783852537.233750	3436	1	RCCA	success	1	1	0.8206	258
1548	1783852657.940227	2277	22	RCCA	max_steps	1	0	-5.8566	600
1549	1783852684.607563	2855	7	RCCA	max_steps	1	0	-2.0045	600
1550	1783852694.538388	3107	7	RCCA	max_steps	1	0	-1.6049	600
1551	1783852697.938437	2897	5	RCCA	max_steps	1	0	-1.4055	600
1552	1783852707.878922	2534	20	RCCA	max_steps	1	0	-4.2187	600
1553	1783852711.901570	3394	1	RCCA	max_steps	1	0	-1.6362	600
1554	1783852715.137570	2855	8	RCCA	success	1	1	4.5562	59
1555	1783852728.339768	3191	5	RCCA	max_steps	1	0	-1.3413	600
1556	1783852730.809296	2939	10	RCCA	max_steps	1	0	-1.4185	600
1557	1783852738.896581	3233	6	RCCA	max_steps	1	0	-0.7649	600
1558	1783852755.006496	2981	8	RCCA	max_steps	1	0	-1.2010	600
1559	1783852778.551406	2897	6	RCCA	success	1	1	4.7306	161
1560	1783852806.374832	2855	9	RCCA	success	0	1	2.4804	158
1561	1783852844.073287	3149	8	RCCA	max_steps	1	0	-7.0807	600
1562	1783852850.184498	3233	7	RCCA	success	1	1	5.3213	151
1563	1783852869.295240	2981	9	RCCA	success	1	1	4.8177	181
1564	1783852907.987816	2939	11	RCCA	success	1	1	4.4576	226
1565	1783852913.078235	2981	10	RCCA	success	1	1	4.7535	66
1566	1783852914.347943	3233	8	RCCA	success	1	1	4.9026	90
1567	1783852954.159627	1793	46	RCCA	max_steps	1	0	-0.9277	600
1568	1783852959.681745	3436	2	RCCA	max_steps	1	0	-0.9861	600
1569	1783852979.141744	2277	23	RVA	max_steps	0	0	-3.4442	600
1570	1783852987.747160	2981	11	RCCA	success	1	1	4.6362	92
1571	1783853005.904573	2066	26	RVA	max_steps	0	0	-11.4378	600
1572	1783853036.999807	3478	3	RCCA	max_steps	1	0	-1.0252	600
1573	1783853038.372094	1793	47	RCCA	success	1	1	4.0508	160
1574	1783853046.926678	3394	2	other	max_steps	0	0	-16.0449	600
1575	1783853051.048089	3149	9	RCCA	success	1	1	3.9725	383
1576	1783853073.224811	2066	27	RCCA	success	1	1	4.9288	153
1577	1783853090.209743	3478	4	RCCA	success	1	1	5.1605	105
1578	1783853090.848896	2534	21	RCCA	max_steps	1	0	-3.2470	600
1579	1783853091.642223	3191	6	RCCA	max_steps	1	0	-1.2687	600
1580	1783853106.572835	2361	27	RCCA	max_steps	0	0	-3.1933	600
1581	1783853117.050141	3436	3	RCCA	success	0	1	-1.1989	307
1582	1783853119.017669	3149	10	RCCA	success	1	1	4.7840	123
1583	1783853159.519268	2897	7	RVA	max_steps	0	0	-5.4565	600
1584	1783853169.737456	2066	28	RCCA	success	0	1	3.4383	161
1585	1783853202.668471	2939	12	RCCA	max_steps	1	0	-1.9116	600
1586	1783853202.836374	3436	4	RCCA	success	1	1	5.1859	154
1587	1783853202.836374	3233	9	bridge	max_steps	0	0	-3.7581	600
1588	1783853228.971668	2361	28	RCCA	success	1	1	4.7166	240
1589	1783853231.182244	2939	13	RCCA	success	1	1	4.7838	66
1590	1783853235.037455	3233	10	RCCA	success	1	1	4.7775	67
1591	1783853245.845505	3107	8	RCCA	max_steps	1	0	-1.0528	600
1592	1783853266.968361	2361	29	RCCA	success	1	1	4.7408	68
1593	1783853274.546827	2855	10	RCCA	max_steps	0	0	-2.8656	600
1594	1783853298.070276	2277	24	RCCA	max_steps	1	0	-1.5793	600
1595	1783853308.320728	2981	12	RCCA	max_steps	1	0	-1.3719	600
1596	1783853328.791624	2361	30	RCCA	success	1	1	4.6938	126
1597	1783853344.626632	3394	3	RCCA	max_steps	1	0	-1.3097	600
1598	1783853363.728597	2277	25	RCCA	success	1	1	4.3189	145
1599	1783853378.987991	3478	5	RCCA	max_steps	1	0	-2.1296	600
1600	1783853386.387753	2939	14	RCCA	success	0	1	2.1176	298
1601	1783853434.742621	3478	6	RCCA	success	1	1	4.6754	125
1602	1783853437.312206	3394	4	RCCA	success	1	1	5.1808	175
1603	1783853476.592326	3233	11	RCCA	success	1	1	1.3709	432
1604	1783853476.999686	3149	11	RCCA	max_steps	1	0	-1.4941	600
1605	1783853480.695497	1793	48	RCCA	max_steps	1	0	-1.2691	600
1606	1783853501.775728	3191	7	RCCA	max_steps	1	0	-1.3473	600
1607	1783853504.536673	3149	12	RCCA	success	1	1	4.7731	58
1608	1783853516.476465	3436	5	other	max_steps	0	0	-11.6133	600
1609	1783853542.762416	2534	22	RVA	max_steps	0	0	-14.4062	600
1610	1783853546.791639	3149	13	RCCA	success	1	1	4.8748	77
1611	1783853547.116333	3233	12	RCCA	success	0	1	2.7792	145
1612	1783853554.151297	2066	29	other	max_steps	0	0	-37.7585	600
1613	1783853564.873318	2897	8	RCCA	max_steps	1	0	-0.8354	600
1614	1783853568.650266	3107	9	RCCA	max_steps	1	0	-5.2625	600
1615	1783853622.730369	3191	8	RCCA	success	1	1	4.9801	219
1616	1783853634.369051	2897	9	RCCA	success	1	1	5.2309	121
1617	1783853641.378574	2277	26	RVA	max_steps	0	0	-5.9296	600
1618	1783853653.066703	2361	31	RVA	max_steps	0	0	-6.5267	600
1619	1783853679.792091	3107	10	RCCA	success	1	1	4.0380	211
1620	1783853693.302226	2981	13	RCCA	max_steps	1	0	-0.8593	600
1621	1783853701.634123	2855	11	RCCA	max_steps	1	0	-1.0375	600
1622	1783853705.997413	3478	7	RCCA	max_steps	1	0	-3.9672	600
1623	1783853722.529657	3191	9	RCCA	success	0	1	3.5961	179
1624	1783853740.372852	2939	15	RCCA	max_steps	0	0	-3.2877	600
1625	1783853923.224422	2981	14	RVA	max_steps	0	0	-3.2834	600
1626	1783853923.224422	2277	27	RCCA	max_steps	1	0	-4.2529	600
1627	1783853923.224422	2855	12	RVA	max_steps	0	0	-8.2749	600
1628	1783853923.224422	3149	14	RCCA	max_steps	1	0	-1.8503	600
1629	1783853923.224422	3191	10	RCCA	success	0	1	3.5604	73
1630	1783853923.224422	3107	11	RCCA	success	1	1	4.5697	170
1631	1783853923.224422	3233	13	RCCA	max_steps	1	0	-0.9422	600
1632	1783853923.224422	2534	23	bridge	max_steps	0	0	-3.0132	600
1633	1783853923.224422	3394	5	bridge	max_steps	0	0	-2.2270	600
1634	1783853923.224422	2066	30	RCCA	max_steps	1	0	-1.0277	600
1635	1783853923.224422	2361	32	RCCA	max_steps	1	0	-10.5001	600
1636	1783853923.224422	2897	10	RCCA	max_steps	1	0	-1.4103	600
1637	1783853923.224422	1793	49	RCCA	max_steps	1	0	-2.2017	600
1638	1783853923.224422	3478	8	RCCA	success	1	1	4.9678	189
1639	1783853923.224422	3436	6	RCCA	max_steps	0	0	-2.6532	600
1640	1783854078.296882	3394	6	RCCA	success	1	1	4.6747	40
1641	1783854127.405714	3107	12	RCCA	success	1	1	4.9114	134
1642	1783854162.875099	2855	13	RCCA	success	1	1	4.3376	246
1643	1783854177.903838	3233	14	RCCA	success	1	1	4.8533	239
1644	1783854204.983846	2277	28	RCCA	success	1	1	4.6186	258
1645	1783854218.339689	3107	13	RCCA	success	1	1	4.5507	185
1646	1783854262.607579	2855	14	RCCA	success	1	1	5.1232	193
1647	1783854293.634305	2361	33	bridge	max_steps	0	0	-6.0661	600
1648	1783854300.165846	2855	15	RCCA	success	1	1	4.4219	96
1649	1783854338.047645	3478	9	RVA	max_steps	0	0	-6.0579	600
1650	1783854345.777382	3191	11	RCCA	max_steps	1	0	-3.3059	600
1651	1783854364.278249	3584	1	other	max_steps	0	0	-3.3591	600
1652	1783854366.803611	2066	31	bridge	max_steps	0	0	-3.0538	600
1653	1783854375.357059	3394	7	RVA	max_steps	0	0	-3.0200	600
1654	1783854379.193137	2981	15	RCCA	max_steps	1	0	-1.2191	600
1655	1783854381.848617	1793	50	RCCA	max_steps	1	0	-6.0687	600
1656	1783854415.955384	2897	11	RCCA	max_steps	1	0	-5.8775	600
1657	1783854421.697845	2534	24	RVA	max_steps	0	0	-5.3381	600
1658	1783854440.669741	1793	51	RCCA	success	1	1	4.4596	54
1659	1783854469.530110	2361	34	RCCA	success	1	1	5.0763	318
1660	1783854473.867654	3436	7	RCCA	max_steps	1	0	-1.7499	600
1661	1783854481.695547	3233	15	RCCA	max_steps	1	0	-1.5539	600
1662	1783854509.556307	3584	2	RCCA	success	1	1	4.0292	345
1663	1783854510.516747	2277	29	RVA	max_steps	0	0	-5.9513	600
1664	1783854546.041212	3107	14	RCCA	max_steps	1	0	-1.3488	600
1665	1783854565.001044	1793	52	RCCA	success	1	1	4.8860	254
1666	1783854565.364357	2855	16	RVA	max_steps	0	0	-5.3501	600
1667	1783854618.423977	3436	8	RCCA	success	1	1	4.6328	276
1668	1783854624.422409	2066	32	RCCA	max_steps	1	0	-2.4591	600
1669	1783854644.877438	2981	16	RCCA	max_steps	1	0	-3.2343	600
1670	1783854647.104445	3191	12	RCCA	max_steps	1	0	-2.0689	600
1671	1783854651.598003	2066	33	RCCA	success	1	1	4.6553	67
1672	1783854658.112221	3149	15	RCCA	max_steps	1	0	-0.8043	600
1673	1783854660.332055	3436	9	RCCA	success	1	1	4.6120	83
1674	1783854706.633577	2897	12	RCCA	max_steps	0	0	-10.7944	600
1675	1783854706.633577	3191	13	RCCA	success	0	1	3.5357	107
1676	1783854755.968829	2361	35	RCCA	max_steps	1	0	-3.4828	600
1677	1783854756.759714	2534	25	RCCA	max_steps	0	0	-13.1674	600
1678	1783854771.834174	3149	16	RCCA	success	1	1	4.7483	228
1679	1783854795.492345	3584	3	other	max_steps	0	0	-6.2621	600
1680	1783854814.894461	3233	16	RVA	max_steps	0	0	-13.5930	600
1681	1783854841.949815	2277	30	RVA	max_steps	0	0	-7.9975	600
1682	1783854851.390118	3233	17	RCCA	success	1	1	4.9487	76
1683	1783854854.040384	3107	15	RCCA	max_steps	1	0	-1.7174	600
1684	1783854866.943256	2855	17	RVA	max_steps	0	0	-11.7403	600
1685	1783854907.550630	3149	17	RCCA	success	1	1	4.2089	281
1686	1783854914.419472	2066	34	RCCA	max_steps	1	0	-3.0113	600
1687	1783854927.756438	1793	53	RVA	max_steps	0	0	-14.1530	600
1688	1783854932.677471	2981	17	bridge	max_steps	0	0	-3.3836	600
1689	1783854946.241589	3478	10	RCCA	max_steps	1	0	-6.9898	600
1690	1783854974.484305	2981	18	RCCA	success	1	1	4.8956	85
1691	1783854975.317397	2897	13	RCCA	success	1	1	5.9023	388
1692	1783854991.193236	3394	8	RCCA	max_steps	1	0	-0.8827	600
1693	1783854992.543272	3436	10	bridge	max_steps	0	0	-8.9527	600
1694	1783855014.289501	3191	14	RCCA	max_steps	1	0	-1.5043	600
1695	1783855040.128415	2981	19	RCCA	success	0	1	3.6976	123
1696	1783855088.566785	2361	36	RVA	max_steps	0	0	-7.9194	600
1697	1783855091.626886	3584	4	RVA	max_steps	0	0	-8.1525	600
1698	1783855095.773710	2534	26	RVA	max_steps	0	0	-14.3418	600
1699	1783855151.720278	3107	16	RVA	max_steps	0	0	-4.0446	600
1700	1783855162.281345	2855	18	RCCA	max_steps	1	0	-2.2793	600
1701	1783855213.600915	3149	18	RCCA	max_steps	1	0	-2.6170	600
1702	1783855218.361400	3107	17	RCCA	success	0	1	3.5821	132
1703	1783855251.260423	3191	15	RCCA	success	1	1	3.3983	472
1704	1783855253.282223	2277	31	RVA	max_steps	0	0	-13.6708	600
1705	1783855262.451454	2897	14	other	max_steps	0	0	-9.8074	600
1706	1783855279.468057	2066	35	RVA	max_steps	0	0	-17.5864	600
1707	1783855285.644418	3478	11	RCCA	max_steps	1	0	-1.4811	600
1708	1783855286.705090	3584	5	RCCA	success	1	1	5.6886	300
1709	1783855298.051115	3394	9	RCCA	max_steps	1	0	-2.8836	600
1710	1783855321.286294	3233	18	RCCA	max_steps	1	0	-1.0932	600
1711	1783855321.589833	3478	12	RCCA	success	1	1	4.6513	72
1712	1783855339.866854	2981	20	RCCA	max_steps	1	0	-1.9224	600
1713	1783855352.614216	3436	11	RVA	max_steps	0	0	-12.0113	600
1714	1783855376.393485	3394	10	RCCA	success	0	1	3.1818	152
1715	1783855396.246913	2361	37	bridge	max_steps	0	0	-2.9204	600
1716	1783855399.042992	1793	54	RCCA	success	1	1	5.9195	559
1717	1783855424.164282	2855	19	RCCA	max_steps	1	0	-3.7963	600
1718	1783855471.708728	3233	19	RCCA	success	1	1	4.0332	326
1719	1783855474.443028	1793	55	RCCA	success	1	1	5.2556	141
1720	1783855512.500500	3233	20	RCCA	success	1	1	4.8111	84
1721	1783855516.214994	2534	27	RCCA	max_steps	1	0	-2.6160	600
1722	1783855519.596834	3107	18	RCCA	max_steps	1	0	-2.0235	600
1723	1783855526.430870	3149	19	RCCA	max_steps	1	0	-2.1317	600
1724	1783855704.396152	2066	7	bridge	max_steps	0	0	-5.7789	600
1725	1783855704.396152	1793	6	bridge	max_steps	0	0	-6.1728	600
1726	1783855704.396152	2361	6	bridge	max_steps	0	0	-5.4613	600
1727	1783855704.396152	2277	6	RCCA	max_steps	1	0	-1.2079	600
1728	1783855909.516576	2361	7	bridge	max_steps	0	0	-6.6216	600
1729	1783855914.070882	1793	7	bridge	max_steps	0	0	-6.7561	600
1730	1783855923.577790	2277	7	bridge	max_steps	0	0	-6.5889	600
1731	1783855937.827945	2066	8	bridge	max_steps	0	0	-6.4514	600
1732	1783855949.584313	3584	1	bridge	max_steps	0	0	-6.7892	600
1733	1783855960.066310	3478	1	bridge	max_steps	0	0	-6.4982	600
1734	1783855962.312192	3394	1	bridge	max_steps	0	0	-6.8059	600
1735	1783855965.673110	2855	1	bridge	max_steps	0	0	-6.7197	600
1736	1783856003.343891	3107	1	RCCA	max_steps	0	0	-5.2943	600
1737	1783856006.233416	2534	1	bridge	max_steps	0	0	-5.4350	600
1738	1783856006.703223	3233	1	bridge	max_steps	0	0	-5.4157	600
1739	1783856008.738523	2981	1	bridge	max_steps	0	0	-5.3994	600
1740	1783856010.819424	3149	1	bridge	max_steps	0	0	-5.4155	600
1741	1783856012.825178	2897	1	bridge	max_steps	0	0	-4.7530	600
1742	1783856035.706987	3436	1	bridge	max_steps	0	0	-4.8789	600
1743	1783856048.431108	3191	1	bridge	max_steps	0	0	-4.8306	600
1744	1783856103.407650	1793	8	bridge	max_steps	0	0	-6.4099	600
1745	1783856124.927691	2361	8	bridge	max_steps	0	0	-5.6471	600
1746	1783856127.270693	2066	9	bridge	max_steps	0	0	-6.6091	600
1747	1783856136.386663	3478	2	bridge	max_steps	0	0	-6.8532	600
1748	1783856159.229203	3584	2	bridge	max_steps	0	0	-5.5158	600
1749	1783856170.244829	2277	8	RCCA	max_steps	0	0	-5.0336	600
1750	1783856181.954566	3233	2	bridge	max_steps	0	0	-6.8490	600
1751	1783856186.240107	2981	2	bridge	max_steps	0	0	-6.7963	600
1752	1783856189.188044	3394	2	bridge	max_steps	0	0	-5.1637	600
1753	1783856204.268971	2855	2	bridge	max_steps	0	0	-5.0977	600
1754	1783856209.274828	3107	2	bridge	max_steps	0	0	-5.5812	600
1755	1783856212.019490	2534	2	bridge	max_steps	0	0	-5.5997	600
1756	1783856224.757399	3191	2	bridge	max_steps	0	0	-6.8389	600
1757	1783856228.775084	3149	2	bridge	max_steps	0	0	-5.5191	600
1758	1783856234.411213	2897	2	bridge	max_steps	0	0	-5.2612	600
1759	1783856242.972658	3436	2	bridge	max_steps	0	0	-5.9382	600
1760	1783856285.565819	1793	9	bridge	max_steps	0	0	-6.7734	600
1761	1783856303.436760	2361	9	bridge	max_steps	0	0	-6.6456	600
1762	1783856323.653554	3478	3	bridge	max_steps	0	0	-6.2370	600
1763	1783856365.427981	2066	10	RCCA	max_steps	0	0	-4.7630	600
1764	1783856368.255439	2981	3	bridge	max_steps	0	0	-6.9561	600
1765	1783856377.759072	3394	3	bridge	max_steps	0	0	-6.2311	600
1766	1783856381.119271	3233	3	bridge	max_steps	0	0	-6.1603	600
1767	1783856381.448432	2277	9	bridge	max_steps	0	0	-6.0277	600
1768	1783856393.611144	3584	3	RCCA	max_steps	0	0	-4.8241	600
1769	1783856394.477477	2855	3	bridge	max_steps	0	0	-6.2117	600
1770	1783856396.526304	2534	3	bridge	max_steps	0	0	-6.9303	600
1771	1783856409.782583	3191	3	bridge	max_steps	0	0	-6.2189	600
1772	1783856411.388041	3107	3	bridge	max_steps	0	0	-5.9883	600
1773	1783856419.269312	2897	3	bridge	max_steps	0	0	-6.1908	600
1774	1783856427.270433	3149	3	bridge	max_steps	0	0	-6.1651	600
1775	1783856460.538693	3436	3	bridge	max_steps	0	0	-5.2895	600
1776	1783856494.868350	2361	10	bridge	max_steps	0	0	-6.2867	600
1777	1783856514.681960	3478	4	bridge	max_steps	0	0	-6.0359	600
1778	1783856552.450195	2981	4	bridge	max_steps	0	0	-6.5813	600
1779	1783856561.752931	2066	11	bridge	max_steps	0	0	-6.8967	600
1780	1783856562.113533	3233	4	bridge	max_steps	0	0	-6.5624	600
1781	1783856572.068282	3394	4	bridge	max_steps	0	0	-5.8905	600
1782	1783856580.435668	2534	4	bridge	max_steps	0	0	-6.2861	600
1783	1783856581.578450	1793	10	RCCA	max_steps	1	0	-1.4734	600
1784	1783856582.642311	3584	4	bridge	max_steps	0	0	-6.1750	600
1785	1783856585.092465	2277	10	bridge	max_steps	0	0	-6.3564	600
1786	1783856587.718469	2855	4	bridge	max_steps	0	0	-6.1463	600
1787	1783856591.449526	3107	4	bridge	max_steps	0	0	-6.6574	600
1788	1783856608.453062	2897	4	bridge	max_steps	0	0	-6.2025	600
1789	1783856608.577513	3149	4	bridge	max_steps	0	0	-6.2456	600
1790	1783856609.823377	3191	4	bridge	max_steps	0	0	-5.8616	600
1791	1783856661.117436	3436	4	bridge	max_steps	0	0	-5.8623	600
1792	1783856709.886009	2361	11	bridge	max_steps	0	0	-5.4576	600
1793	1783856739.406553	3233	5	bridge	max_steps	0	0	-6.6124	600
1794	1783856758.363006	3394	5	bridge	max_steps	0	0	-6.2994	600
1795	1783856759.711716	2534	5	bridge	max_steps	0	0	-6.9353	600
1796	1783856759.788896	2066	12	bridge	max_steps	0	0	-6.3083	600
1797	1783856772.334211	1793	11	bridge	max_steps	0	0	-6.7850	600
1798	1783856773.687370	3478	5	RCCA	max_steps	1	0	-1.9717	600
1799	1783856782.188235	3584	5	bridge	max_steps	0	0	-6.0243	600
1800	1783856788.052469	2855	5	bridge	max_steps	0	0	-6.2437	600
1801	1783856791.954995	2981	5	RCCA	max_steps	1	0	-3.1943	600
1802	1783856796.404602	3107	5	bridge	max_steps	0	0	-6.0319	600
1803	1783856799.919844	2897	5	bridge	max_steps	0	0	-6.3697	600
1804	1783856804.103282	3191	5	bridge	max_steps	0	0	-6.3549	600
1805	1783856805.880774	2277	11	bridge	max_steps	0	0	-5.7414	600
1806	1783856813.076318	3149	5	bridge	max_steps	0	0	-6.1201	600
1807	1783856848.968541	3436	5	bridge	max_steps	0	0	-6.2797	600
1808	1783856949.259933	2855	6	bridge	max_steps	0	0	-6.6764	600
1809	1783856976.938593	2066	13	RCCA	max_steps	1	0	-2.1685	600
