# Created by meshio v5.3.5, 2026-09-03T18:00:44.493092
v -88.87850189208984 37.64689254760742 368.5322570800781
v -89.47158813476562 37.656333923339844 369.7441101074219
v -89.10452270507812 36.02124786376953 369.7918701171875
v -89.29903411865234 36.854522705078125 371.3655700683594
v -88.78270721435547 38.5426025390625 371.3943176269531
v -88.52887725830078 36.00537872314453 372.8271789550781
v -88.77622985839844 36.001983642578125 369.1194763183594
v -88.20735931396484 37.86345291137695 372.97772216796875
v -88.33367919921875 38.888282775878906 369.8685302734375
v -87.15526580810547 34.25294494628906 373.24951171875
v -87.43270111083984 36.65390396118164 368.2350769042969
v -87.32843780517578 37.707176208496094 368.19122314453125
v -87.67974853515625 35.70454788208008 369.0363464355469
v -86.90164947509766 36.079185485839844 375.0008850097656
v -87.42938232421875 38.5753288269043 368.8143615722656
v -87.03673553466797 38.91063690185547 372.56134033203125
v -86.244873046875 33.745635986328125 372.2481384277344
v -86.4334945678711 34.69868087768555 375.2369384765625
v -86.97171783447266 36.83208465576172 374.69451904296875
v -86.34590911865234 39.16611099243164 371.0570373535156
v -85.68567657470703 33.72392654418945 375.2284851074219
v -85.51905822753906 38.489952087402344 370.354248046875
v -84.76417541503906 34.245697021484375 371.1755065917969
v -86.3531494140625 36.07288360595703 369.2317810058594
v -85.91484832763672 35.25632858276367 376.14239501953125
v -85.17488861083984 37.359405517578125 369.8125305175781
v -86.42037963867188 37.89756393432617 374.1763610839844
v -84.85954284667969 33.27395248413086 373.6037292480469
v -84.81329345703125 37.15271759033203 376.39117431640625
v -85.20663452148438 38.40724563598633 373.4259033203125
v -84.37108612060547 32.72837448120117 374.7783508300781
v -83.51158142089844 35.85309600830078 379.1760559082031
v -83.82266235351562 35.57514190673828 371.07098388671875
v -83.33866119384766 34.32175827026367 372.3001708984375
v -84.05071258544922 36.71256637573242 370.9049987792969
v -84.08158111572266 37.72907257080078 375.8875732421875
v -83.25555419921875 37.67302703857422 373.39208984375
v -83.33636474609375 34.406620025634766 379.66448974609375
v -83.42749786376953 37.97159957885742 375.0038146972656
v -82.98355865478516 33.262474060058594 373.4034729003906
v -83.09298706054688 33.24563217163086 379.4815368652344
v -80.856201171875 32.13031768798828 376.2114562988281
v -82.13658142089844 31.961206436157227 378.57354736328125
v -81.1622085571289 31.674346923828125 377.701416015625
v -82.86309814453125 36.57278060913086 372.4107971191406
v -81.41249084472656 36.31078338623047 380.7623596191406
v -82.34811401367188 37.572689056396484 378.0815124511719
v -81.3543930053711 34.27098846435547 373.5352783203125
v -81.00381469726562 34.716941833496094 382.0384216308594
v -80.31082153320312 35.80768966674805 374.4156494140625
v -80.97752380371094 37.2760009765625 375.0744934082031
v -81.0676498413086 33.42827224731445 381.8468322753906
v -80.66592407226562 37.53319549560547 378.7183532714844
v -81.10736846923828 37.76780700683594 377.1535949707031
v -80.61396789550781 31.889537811279297 380.737060546875
v -78.52941131591797 37.24748229980469 381.8952331542969
v -79.22294616699219 31.169137954711914 380.0677795410156
v -79.60086059570312 32.19306182861328 383.35406494140625
v -78.15726470947266 35.195194244384766 385.4430847167969
v -79.54012298583984 33.065364837646484 375.7658996582031
v -79.376220703125 36.65437316894531 382.4115295410156
v -79.49443054199219 37.13655471801758 377.1961975097656
v -78.30335998535156 31.444677352905273 378.552490234375
v -79.13314056396484 31.276630401611328 382.5927429199219
v -79.00859069824219 34.66677474975586 375.6725158691406
v -78.72079467773438 33.12230682373047 385.4368591308594
v -78.88043975830078 36.06627655029297 376.3188171386719
v -76.75018310546875 37.349918365478516 380.53948974609375
v -77.84459686279297 30.39929962158203 382.3333740234375
v -78.1123046875 31.132038116455078 384.4806213378906
v -77.53536224365234 37.47553634643555 381.3941650390625
v -77.35073852539062 36.329105377197266 384.7913513183594
v -76.85372161865234 31.56012535095215 386.0707092285156
v -76.29621887207031 33.04764938354492 378.0252685546875
v -75.5977554321289 34.841529846191406 378.36407470703125
v -76.3526611328125 36.63518524169922 379.0572814941406
v -76.91143035888672 33.09492111206055 386.7387390136719
v -76.3031997680664 34.67994689941406 386.7747497558594
v -76.37651824951172 30.450294494628906 381.2430419921875
v -75.08024597167969 30.261157989501953 385.977783203125
v -74.93399810791016 35.94993209838867 386.1450500488281
v -76.22965240478516 36.85134506225586 384.2464904785156
v -74.4384536743164 30.077438354492188 384.828125
v -75.68072509765625 30.87312126159668 380.6771240234375
v -74.86919403076172 31.00477409362793 388.020263671875
v -74.6812973022461 31.615625381469727 380.3809509277344
v -74.83776092529297 32.023189544677734 389.03582763671875
v -75.00676727294922 33.19832229614258 389.2092590332031
v -73.25296783447266 30.185962677001953 384.7903137207031
v -74.83485412597656 34.368919372558594 389.091064453125
v -74.54341888427734 35.45734786987305 380.0666809082031
v -75.2283935546875 36.53184509277344 380.47027587890625
v -73.57132720947266 36.18245315551758 385.1615295410156
v -74.02587890625 33.054344177246094 380.2535705566406
v -74.45257568359375 35.533077239990234 388.41448974609375
v -72.59313201904297 35.6778678894043 384.4494323730469
v -73.87252807617188 31.81096839904785 381.33416748046875
v -73.67074584960938 34.2230339050293 380.7655334472656
v -73.53630065917969 36.18599319458008 388.0378112792969
v -70.95050048828125 30.111024856567383 389.53778076171875
v -71.60160827636719 30.400720596313477 390.183837890625
v -72.58202362060547 32.23856735229492 391.3915100097656
v -72.19682312011719 31.191326141357422 390.9957580566406
v -72.72318267822266 33.462642669677734 391.475341796875
v -72.63973999023438 36.45079040527344 386.5866394042969
v -69.9260025024414 30.129152297973633 389.0419616699219
v -72.7790298461914 30.685136795043945 383.8387451171875
v -72.79630279541016 34.59583282470703 390.96588134765625
v -71.52775573730469 33.82127380371094 383.62176513671875
v -71.89847564697266 34.88536834716797 383.8567810058594
v -71.85808563232422 36.029563903808594 385.4777526855469
v -71.2026138305664 32.069786071777344 384.1668701171875
v -70.54200744628906 35.10253143310547 392.662109375
v -69.57996368408203 30.691965103149414 387.5489807128906
v -69.50933837890625 36.2994499206543 390.973876953125
v -71.05325317382812 32.216339111328125 392.7139587402344
v -70.17344665527344 33.73353958129883 393.7733459472656
v -70.04391479492188 35.85908126831055 391.971923828125
v -70.10628509521484 30.648202896118164 391.6857604980469
v -69.96553802490234 32.97484588623047 385.1902770996094
v -70.23492431640625 32.44869613647461 393.8188171386719
v -68.0479736328125 35.60673522949219 388.8724670410156
v -68.86929321289062 36.28956985473633 389.9112854003906
v -69.6004638671875 30.65582847595215 393.028564453125
v -68.90464782714844 30.31060218811035 390.5730895996094
v -68.51763153076172 31.45160675048828 387.53631591796875
v -67.73546600341797 31.560367584228516 395.4949035644531
v -68.13541412353516 34.45296096801758 394.91937255859375
v -67.7324447631836 35.314815521240234 394.19024658203125
v -68.09159851074219 30.01677894592285 391.70806884765625
v -67.21363067626953 34.66941452026367 388.6875
v -67.90508270263672 30.65229606628418 389.7324523925781
v -67.913818359375 33.41322708129883 395.7361145019531
v -66.673583984375 30.261390686035156 394.65167236328125
v -65.90499877929688 32.64859390258789 389.865966796875
v -66.14100646972656 33.86162185668945 389.61199951171875
v -66.42532348632812 35.67333221435547 392.0459899902344
v -66.99446868896484 35.78227996826172 393.1783447265625
v -67.03641510009766 31.33201789855957 389.4866638183594
v -65.213134765625 30.1148681640625 393.0950012207031
v -65.1495361328125 33.22475051879883 398.9166259765625
v -64.7879867553711 35.15977478027344 398.1871643066406
v -65.84681701660156 35.55482864379883 396.1029968261719
v -65.85323333740234 34.985755920410156 391.08587646484375
v -64.49813842773438 31.557270050048828 399.04693603515625
v -62.15220260620117 30.64365577697754 394.4473571777344
v -63.639183044433594 30.296030044555664 398.3388671875
v -63.6072998046875 36.181087493896484 396.6341857910156
v -64.48985290527344 34.70098114013672 391.6789245605469
v -63.5854377746582 35.834835052490234 394.04376220703125
v -63.420860290527344 29.907978057861328 395.8523254394531
v -63.19926452636719 31.828046798706055 392.2933044433594
v -63.46707534790039 33.57286071777344 391.8157043457031
v -63.28752517700195 34.61492156982422 399.63031005859375
v -62.591861724853516 29.603330612182617 397.3694763183594
v -61.72446060180664 32.817726135253906 401.5376281738281
v -61.641849517822266 36.01581573486328 397.21783447265625
v -61.591617584228516 30.71531867980957 400.538818359375
v -61.61402130126953 31.423316955566406 394.16705322265625
v -61.75422286987305 31.707990646362305 401.209716796875
v -62.28864288330078 35.86734390258789 398.265869140625
v -61.425960540771484 30.100759506225586 399.638916015625
v -61.207496643066406 33.919525146484375 401.8028869628906
v -61.441158294677734 29.973798751831055 395.8780212402344
v -61.051727294921875 33.476524353027344 394.0554504394531
v -60.636810302734375 35.2692756652832 395.6437683105469
v -60.1435546875 35.649696350097656 400.8261413574219
v -60.71974563598633 34.97004318237305 401.42376708984375
v -60.41642761230469 30.860408782958984 395.2379455566406
v -60.34627914428711 29.66142463684082 398.2876892089844
v -60.621883392333984 36.152061462402344 398.7158203125
v -57.16054153442383 30.028526306152344 399.167236328125
v -59.146114349365234 32.00895690917969 395.4984436035156
v -59.23102569580078 32.47359848022461 404.789794921875
v -59.457000732421875 33.77490234375 404.4989318847656
v -59.53934097290039 35.709075927734375 396.9841003417969
v -57.68174362182617 29.72418975830078 403.4606628417969
v -58.47584915161133 33.09621810913086 395.9046936035156
v -59.105648040771484 34.93145751953125 404.1508483886719
v -58.76300811767578 31.02794075012207 404.5282897949219
v -57.11417007446289 29.419130325317383 401.98883056640625
v -56.837406158447266 29.51863670349121 400.9068603515625
v -58.56684494018555 35.82466506958008 403.497802734375
v -58.588096618652344 35.913700103759766 399.47509765625
v -58.006202697753906 36.44044876098633 401.9265441894531
v -58.41848373413086 34.323673248291016 396.333740234375
v -57.415889739990234 35.17118453979492 398.41693115234375
v -57.30633544921875 32.061283111572266 406.2406311035156
v -57.30746078491211 34.011478424072266 406.33319091796875
v -55.37395095825195 31.634958267211914 399.06060791015625
v -56.82334899902344 35.56662368774414 405.676025390625
v -56.101131439208984 36.24476623535156 400.753662109375
v -55.46219253540039 30.719757080078125 399.6813049316406
v -56.241943359375 30.269372940063477 405.421142578125
v -56.1757698059082 32.45831298828125 398.0733642578125
v -56.664466857910156 33.817832946777344 397.8447265625
v -55.412986755371094 30.895090103149414 407.07635498046875
v -55.83510208129883 34.03291702270508 407.87396240234375
v -54.30558395385742 35.51533126831055 400.78692626953125
v -54.870784759521484 36.73875045776367 405.5497741699219
v -53.565330505371094 36.8695068359375 404.2263488769531
v -54.113277435302734 29.581323623657227 404.1070251464844
v -55.49391555786133 32.18185043334961 407.9678039550781
v -54.0006217956543 35.77909851074219 408.6058044433594
v -50.58480453491211 30.419525146484375 405.0572509765625
v -54.497249603271484 29.785139083862305 405.8265075683594
v -53.301029205322266 34.08893585205078 400.5821228027344
v -51.95187759399414 30.874563217163086 409.1529541015625
v -52.638153076171875 34.92549514770508 410.305908203125
v -51.60663986206055 33.49790573120117 411.30950927734375
v -52.229736328125 31.862796783447266 410.0616455078125
v -52.873321533203125 32.56941604614258 400.8807373046875
v -51.70730209350586 36.8939323425293 409.24334716796875
v -51.15016174316406 31.716815948486328 402.7503967285156
v -52.248146057128906 37.32945251464844 406.0401611328125
v -52.17436218261719 36.08865737915039 403.05743408203125
v -50.87677001953125 30.22804832458496 408.0891418457031
v -50.929744720458984 30.91180992126465 403.7662353515625
v -51.68446350097656 37.07999038696289 404.9548034667969
v -51.37601089477539 35.06745529174805 402.60528564453125
v -51.57689666748047 37.35838317871094 407.93060302734375
v -50.114418029785156 30.2720890045166 406.79742431640625
v -48.92950439453125 31.334291458129883 411.88531494140625
v -49.261470794677734 32.524452209472656 412.7589416503906
v -50.52936553955078 33.095863342285156 402.7869873046875
v -50.316490173339844 34.3659782409668 403.0350646972656
v -49.1452751159668 35.48952865600586 413.1673583984375
v -48.86406326293945 37.07344436645508 406.5917663574219
v -49.30572509765625 33.90159606933594 413.27130126953125
v -46.887630462646484 36.55046463012695 407.06378173828125
v -47.82856369018555 37.61983871459961 408.5669860839844
v -47.70034408569336 30.450550079345703 410.1849060058594
v -47.284156799316406 30.72064208984375 408.1809387207031
v -46.68267059326172 34.64571762084961 406.0539245605469
v -48.975975036621094 36.74049758911133 412.31451416015625
v -48.507686614990234 37.483009338378906 411.3183288574219
v -47.69818115234375 37.84409713745117 410.35595703125
v -48.85498046875 31.870914459228516 404.9222412109375
v -46.07988357543945 35.46986770629883 406.810791015625
v -46.62838363647461 31.580944061279297 407.25067138671875
v -47.31039810180664 32.333412170410156 413.7662658691406
v -46.647605895996094 32.41346740722656 406.4468994140625
v -47.89628982543945 34.36322021484375 414.1344299316406
v -46.35367202758789 33.68874740600586 406.2172546386719
v -47.790340423583984 35.74436950683594 413.8572692871094
v -47.20677947998047 37.0102424621582 413.2500305175781
v -46.46710205078125 31.066179275512695 412.161376953125
v -45.860660552978516 37.86954879760742 412.1662292480469
v -45.36952209472656 30.93043327331543 411.5482177734375
v -45.80652618408203 34.15918731689453 415.82073974609375
v -45.61705780029297 32.78516387939453 415.2928771972656
v -45.497798919677734 35.680755615234375 415.9559326171875
v -45.372406005859375 36.89604949951172 415.3272399902344
v -43.54224395751953 37.91250228881836 411.8529968261719
v -45.365509033203125 31.284744262695312 409.41656494140625
v -45.13159942626953 32.1440315246582 415.0038757324219
v -43.1180534362793 37.55134963989258 411.1854248046875
v -44.548545837402344 31.32756996154785 413.8222961425781
v -44.689353942871094 33.81782913208008 407.7389831542969
v -44.905521392822266 37.814849853515625 414.1342468261719
v -43.23099136352539 31.27632713317871 412.5909118652344
v -43.56423568725586 37.30659866333008 417.0552673339844
v -43.22032165527344 38.217342376708984 416.386474609375
v -43.91584014892578 38.25267028808594 412.8363037109375
v -42.255184173583984 32.312095642089844 410.99462890625
v -41.52153778076172 33.544307708740234 410.7249450683594
v -42.38848114013672 36.667903900146484 410.6123962402344
v -42.71174240112305 38.84075927734375 415.3368225097656
v -42.21632766723633 31.803884506225586 412.0223693847656
v -40.952354431152344 32.63884353637695 416.7384338378906
v -40.707645416259766 35.398311614990234 419.6420593261719
v -42.67023468017578 35.93114471435547 418.3758544921875
v -41.402732849121094 35.220680236816406 410.57269287109375
v -41.35478210449219 37.453678131103516 419.3095397949219
v -41.75655746459961 38.70820999145508 417.9186096191406
v -40.016624450683594 32.49314498901367 415.45263671875
v -39.72630310058594 39.4195556640625 414.7574462890625
v -40.74170684814453 39.685977935791016 416.7122802734375
v -39.35090255737305 32.821434020996094 414.4786071777344
v -39.268104553222656 33.901649475097656 418.95660400390625
v -39.841922760009766 37.65613555908203 412.50738525390625
v -38.76519775390625 33.63398742675781 413.7320556640625
v -37.91341018676758 36.420894622802734 413.3478088378906
v -38.54186248779297 36.9664421081543 421.8375244140625
v -38.13920974731445 35.9298210144043 421.82281494140625
v -38.463314056396484 33.45463943481445 417.7729187011719
v -38.272090911865234 38.4937744140625 421.8172607421875
v -37.90050506591797 40.162635803222656 417.7174377441406
v -36.55925750732422 40.29673385620117 421.2988586425781
v -38.38039779663086 35.100868225097656 412.98419189453125
v -37.38190841674805 34.95065689086914 421.5058288574219
v -37.15216064453125 38.044551849365234 414.5638427734375
v -37.95222091674805 39.37369155883789 415.35369873046875
v -37.01246643066406 33.98247528076172 416.48089599609375
v -37.470890045166016 33.9918098449707 419.9740905761719
v -35.78348922729492 40.00315475463867 423.10028076171875
v -36.739009857177734 33.809486389160156 418.2533264160156
v -35.98179244995117 35.642120361328125 415.68994140625
v -35.962215423583984 40.124942779541016 418.2569274902344
v -36.011966705322266 37.94993209838867 423.8866271972656
v -35.4586296081543 40.74800491333008 420.6700439453125
v -35.92816162109375 34.2613410949707 420.4046630859375
v -35.76176834106445 35.93296432495117 423.1493225097656
v -33.928035736083984 40.065757751464844 424.94708251953125
v -35.61395263671875 39.06051254272461 416.7091979980469
v -35.672157287597656 37.6496696472168 415.83111572265625
v -35.5079231262207 34.51704788208008 417.60260009765625
v -33.815635681152344 35.9348030090332 418.2140197753906
v -35.01029968261719 35.13356018066406 422.3680725097656
v -34.04881286621094 37.20398712158203 424.95257568359375
v -33.93079376220703 34.92771530151367 420.59637451171875
v -34.28457260131836 37.278690338134766 417.00604248046875
v -34.64677810668945 39.56602478027344 418.11322021484375
v -33.34300231933594 41.21244812011719 424.0963134765625
v -34.01877212524414 34.993350982666016 421.81414794921875
v -32.66946792602539 38.259586334228516 426.03900146484375
v -33.416954040527344 35.58241653442383 419.3855895996094
v -33.6478385925293 38.050533294677734 417.9774169921875
v -33.1494140625 39.30500793457031 425.7598876953125
v -33.20843505859375 40.771114349365234 420.4585876464844
v -32.76533508300781 41.67842483520508 423.25860595703125
v -31.577848434448242 36.43510437011719 424.96075439453125
v -32.244205474853516 41.6552619934082 422.12908935546875
v -31.894006729125977 38.930694580078125 419.5841064453125
v -32.65447998046875 40.00603485107422 419.783935546875
v -29.15021514892578 36.75372314453125 423.4444274902344
v -31.29079818725586 35.859230041503906 423.423583984375
v -31.350234985351562 36.54804992675781 420.7151794433594
v -31.451753616333008 37.61173629760742 419.97393798828125
v -31.829259872436523 37.16117477416992 425.69976806640625
v -31.957090377807617 40.83351135253906 426.19219970703125
v -31.277414321899414 39.19845962524414 426.9448547363281
v -30.962284088134766 42.13862609863281 425.25213623046875
v -29.900175094604492 42.43812561035156 424.3279113769531
v -29.727663040161133 37.647701263427734 426.75994873046875
v -29.900304794311523 39.98125076293945 420.9084777832031
v -30.04690933227539 41.38370132446289 421.8857421875
v -29.144615173339844 39.8842658996582 428.1382751464844
v -28.839481353759766 42.12255859375 423.4804992675781
v -29.76505470275879 41.69465255737305 426.85418701171875
v -29.40503692626953 37.43556594848633 421.6292724609375
v -29.420473098754883 38.7180061340332 421.1323547363281
v -28.999488830566406 36.85922622680664 425.31353759765625
v -27.418882369995117 39.13182067871094 428.77423095703125
v -28.68457794189453 41.4951057434082 428.033935546875
v -28.13620376586914 37.73746871948242 422.94769287109375
v -25.503835678100586 37.95134735107422 427.79278564453125
v -26.3664493560791 38.4412956237793 428.5404968261719
v -27.8448429107666 42.49269104003906 427.4105224609375
v -27.154582977294922 42.856571197509766 426.2448425292969
v -26.398361206054688 37.59132385253906 426.10675048828125
v -27.138111114501953 40.66069412231445 429.0839538574219
v -25.989294052124023 41.53285598754883 424.2682189941406
v -24.75724983215332 42.9467887878418 426.6825256347656
v -25.40233039855957 39.89594650268555 424.11798095703125
v -26.503870010375977 41.87272644042969 428.77490234375
v -25.748321533203125 38.33446502685547 424.8458557128906
v -24.408763885498047 39.75790786743164 429.7650451660156
v -25.043907165527344 42.96835708618164 427.87921142578125
v -24.35002899169922 38.632972717285156 428.9581298828125
v -23.90195083618164 42.56083297729492 426.09368896484375
v -24.578279495239258 42.40823745727539 429.05792236328125
v -24.842266082763672 37.852054595947266 426.4417724609375
v -24.26858901977539 38.94999313354492 425.0889892578125
v -22.71044158935547 40.742008209228516 425.4873046875
v -24.039690017700195 41.296958923339844 429.9877624511719
v -24.5010929107666 5.27382230758667 595.003173828125
v -24.27065658569336 5.648802757263184 596.163818359375
v -24.084386825561523 3.8492274284362793 596.2240600585938
v -24.691823959350586 6.5005669593811035 593.5564575195312
v -24.622570037841797 7.584244251251221 595.4852905273438
v -24.553640365600586 7.2079758644104 596.1841430664062
v -24.104127883911133 6.362051010131836 592.9989013671875
v -24.51883316040039 8.347354888916016 593.649658203125
v -23.93635368347168 38.2216796875 427.770751953125
v -22.98288345336914 41.82085418701172 425.7413330078125
v -23.620532989501953 2.050380229949951 595.53515625
v -23.856006622314453 3.644688129425049 594.7095947265625
v -24.085905075073242 2.942152738571167 595.9694213867188
v -23.323387145996094 4.799388408660889 593.346923828125
v -23.731414794921875 4.73737096786499 596.4937133789062
v -23.69896697998047 5.742473125457764 596.6599731445312
v -23.477161407470703 5.90522575378418 593.4819946289062
v -23.674802780151367 6.866374969482422 596.88232421875
v -23.665620803833008 7.534687042236328 593.3627319335938
v -23.676227569580078 8.214451789855957 592.8756103515625
v -23.663145065307617 8.769702911376953 595.677734375
v -24.062349319458008 8.913585662841797 593.1957397460938
v -23.395288467407227 9.800931930541992 593.5701293945312
v -23.9892635345459 9.52759075164795 591.689697265625
v -23.78131103515625 10.35986328125 592.7540283203125
v -23.590097427368164 10.5585355758667 591.3231201171875
v -23.38343048095703 38.52379608154297 426.6007080078125
v -22.94795036315918 39.592323303222656 425.6734924316406
v -23.208232879638672 1.2098069190979004 588.9429931640625
v -23.69057273864746 3.420166015625 587.400146484375
v -23.348278045654297 2.65924334526062 588.8865356445312
v -23.2254638671875 1.0177459716796875 587.803955078125
v -23.2592716217041 2.745959520339966 586.3389282226562
v -23.314252853393555 1.6576656103134155 594.7057495117188
v -23.334941864013672 2.80176043510437 596.5443115234375
v -22.836627960205078 4.582194805145264 597.0003051757812
v -23.02967071533203 4.1439127922058105 593.7021484375
v -23.208545684814453 5.886506080627441 587.1845092773438
v -23.24929428100586 7.878335952758789 587.6114501953125
v -23.619518280029297 6.957141399383545 588.987060546875
v -23.286008834838867 8.993806838989258 588.82958984375
v -22.110506057739258 7.963112831115723 596.0103759765625
v -23.096847534179688 9.119603157043457 590.080078125
v -22.762588500976562 9.404458999633789 594.5929565429688
v -22.39730453491211 0.07997622340917587 587.1614379882812
v -22.494108200073242 1.9551875591278076 590.252197265625
v -22.7120361328125 1.3313803672790527 596.366455078125
v -22.774093627929688 1.9664502143859863 593.6558837890625
v -23.234588623046875 4.184554100036621 586.616455078125
v -23.04678726196289 5.436156272888184 588.958740234375
v -22.994691848754883 3.597137928009033 590.3209228515625
v -22.29850196838379 4.082789897918701 585.8046875
v -22.342559814453125 6.255654811859131 596.1408081054688
v -22.626800537109375 8.093878746032715 592.196044921875
v -22.439851760864258 7.843810558319092 593.4773559570312
v -22.885181427001953 8.922148704528809 588.1075439453125
v -22.787330627441406 10.347646713256836 588.5427856445312
v -22.71430206298828 10.312067985534668 592.3749389648438
v -22.187942504882812 11.090261459350586 590.845703125
v -19.871131896972656 39.98636245727539 430.3604431152344
v -22.018415451049805 -0.718439519405365 588.7264404296875
v -22.173147201538086 -0.022733107209205627 594.6879272460938
v -22.277727127075195 0.1726849377155304 596.1863403320312
v -21.552698135375977 0.6942272782325745 586.203857421875
v -22.489410400390625 1.8860985040664673 596.768310546875
v -21.28309440612793 3.0360701084136963 586.1770629882812
v -22.32141876220703 4.105785369873047 590.8057861328125
v -22.45760154724121 3.068934202194214 593.6217041015625
v -22.366533279418945 5.112842559814453 590.2697143554688
v -22.07069206237793 6.417929172515869 586.3731079101562
v -21.762975692749023 6.22196626663208 594.6071166992188
v -22.154033660888672 7.139482498168945 594.0430297851562
v -22.166091918945312 7.832466125488281 591.1243286132812
v -21.569091796875 11.001089096069336 589.7948608398438
v -20.23931884765625 38.75446319580078 427.83013916015625
v -19.59403419494629 41.37880325317383 430.41888427734375
v -20.86086082458496 42.76819610595703 428.8494873046875
v -21.198322296142578 -0.8272671699523926 589.6212768554688
v -21.77690887451172 0.428237646818161 596.8214721679688
v -21.73789405822754 1.5351380109786987 596.2106323242188
v -21.74475860595703 2.910459280014038 596.1101684570312
v -21.218297958374023 1.9704540967941284 586.0579223632812
v -21.524255752563477 2.1340842247009277 590.3497314453125
v -21.664527893066406 4.528033256530762 596.2774658203125
v -21.236194610595703 4.989878177642822 594.2476196289062
v -21.883275985717773 6.294040679931641 590.72216796875
v -21.528411865234375 7.5270185470581055 586.5523681640625
v -21.696208953857422 8.252725601196289 587.4024658203125
v -21.831932067871094 8.503503799438477 594.8950805664062
v -21.080432891845703 8.78054428100586 588.2070922851562
v -21.724517822265625 10.508272171020508 592.8446655273438
v -21.20821762084961 10.238511085510254 588.5588989257812
v -20.309690475463867 39.68307113647461 426.48846435546875
v -20.07497215270996 38.92548751831055 429.3939514160156
v -20.862016677856445 42.664981842041016 427.4448547363281
v -21.272214889526367 -1.1397154331207275 586.9279174804688
v -20.942710876464844 -0.6546580791473389 595.79638671875
v -21.511240005493164 0.32096895575523376 593.828369140625
v -20.914064407348633 1.3800501823425293 594.246337890625
v -21.20826530456543 1.9374356269836426 595.2722778320312
v -21.158950805664062 3.2914435863494873 594.8126220703125
v -20.64376449584961 4.208516597747803 585.8881225585938
v -20.600109100341797 5.046882152557373 590.282470703125
v -21.6195125579834 6.21543025970459 595.7891235351562
v -21.29947280883789 7.565242290496826 595.178466796875
v -21.553293228149414 8.077994346618652 591.141845703125
v -21.160587310791016 8.711039543151855 593.3886108398438
v -20.8232421875 9.059579849243164 591.6519165039062
v -21.195465087890625 9.555837631225586 593.8306884765625
v -21.326427459716797 10.63503646850586 591.2686767578125
v -20.636682510375977 41.48548126220703 426.2979736328125
v -21.650827407836914 0.27134189009666443 583.1735229492188
v -21.184551239013672 -0.967979371547699 585.4345092773438
v -21.123958587646484 -1.381899118423462 583.821533203125
v -20.336036682128906 -1.3927350044250488 588.8944702148438
v -21.25347328186035 -0.46110281348228455 582.0213623046875
v -20.720273971557617 -1.00765061378479 594.120361328125
v -20.69760513305664 -1.5085856914520264 595.0558471679688
v -21.17397689819336 0.7789416909217834 585.0213012695312
v -20.857261657714844 1.749975323677063 580.5923461914062
v -20.993078231811523 2.1041860580444336 582.4265747070312
v -20.964303970336914 3.836637020111084 595.859375
v -20.45075798034668 2.2878520488739014 590.5462646484375
v -20.965435028076172 3.7696292400360107 590.637451171875
v -21.248361587524414 6.067573070526123 586.267822265625
v -20.202051162719727 5.94675350189209 589.3341064453125
v -20.58722686767578 7.706432819366455 589.9459228515625
v -21.152172088623047 7.5448994636535645 587.6168212890625
v -18.940025329589844 42.50418472290039 429.7291259765625
v -20.432748794555664 -1.0545026063919067 581.9819946289062
v -19.53299903869629 -0.4243137240409851 589.8340454101562
v -20.38981819152832 0.2722826302051544 580.349365234375
v -20.19799041748047 0.3658098578453064 595.65869140625
v -19.89948272705078 0.3533525764942169 594.2528686523438
v -19.664886474609375 -0.3972529470920563 593.4164428710938
v -20.491239547729492 1.722711205482483 584.9675903320312
v -20.41941261291504 1.4741078615188599 590.2286987304688
v -20.306406021118164 7.343963146209717 587.4573974609375
v -20.4119815826416 8.669482231140137 588.3377075195312
v -20.62824821472168 10.446796417236328 592.0128784179688
v -20.21687889099121 9.837057113647461 591.5579833984375
v -20.120882034301758 -2.272894859313965 584.6737060546875
v -19.9675350189209 -2.929696559906006 594.7782592773438
v -19.6611385345459 -2.525326728820801 596.0639038085938
v -20.204252243041992 -2.0129330158233643 586.5751953125
v -19.964967727661133 -1.7964104413986206 593.793212890625
v -19.19563102722168 -0.6077547669410706 580.1795043945312
v -19.533632278442383 -0.9057856798171997 596.927734375
v -19.509248733520508 0.11069624871015549 577.8196411132812
v -20.47856903076172 2.1626105308532715 577.0067749023438
v -20.066850662231445 3.3914427757263184 577.44921875
v -20.28945541381836 2.746474266052246 581.010009765625
v -19.673803329467773 3.2672674655914307 582.3106689453125
v -19.920555114746094 2.7804365158081055 585.6142578125
v -20.194902420043945 5.29306173324585 587.0632934570312
v -19.950000762939453 6.098679065704346 588.0900268554688
v -20.022096633911133 8.648439407348633 591.0468139648438
v -19.74452018737793 9.602836608886719 589.5441284179688
v -19.867069244384766 42.337860107421875 426.6949462890625
v -18.668378829956055 42.945716857910156 427.85565185546875
v -19.487796783447266 -2.235870599746704 583.9732055664062
v -19.57586097717285 -1.5717195272445679 581.0443725585938
v -19.165510177612305 -0.958158016204834 589.2035522460938
v -19.025571823120117 -0.1748427450656891 594.424560546875
v -19.649675369262695 1.5645288228988647 574.9500732421875
v -19.45889663696289 3.072925090789795 575.203369140625
v -19.1873779296875 2.5419135093688965 584.30615234375
v -19.29604148864746 2.6236777305603027 585.1124877929688
v -18.79926872253418 3.290862560272217 589.7745971679688
v -19.063297271728516 1.986493468284607 590.3817749023438
v -19.24919891357422 3.0442683696746826 581.1016845703125
v -19.28955841064453 3.9284746646881104 586.7840576171875
v -19.325014114379883 4.432498455047607 589.3062744140625
v -19.331401824951172 4.6199951171875 587.8555908203125
v -19.950180053710938 8.431316375732422 589.1129760742188
v -18.87417984008789 -2.666569232940674 593.881591796875
v -18.974613189697266 -2.0713231563568115 588.008544921875
v -19.20116424560547 3.772810697555542 576.1056518554688
v -18.88530921936035 3.7042806148529053 578.6879272460938
v -18.178142547607422 39.79772186279297 426.0463562011719
v -18.064943313598633 -2.0604248046875 587.2760009765625
v -18.589582443237305 -1.2932626008987427 594.462158203125
v -18.186403274536133 -0.8938398957252502 589.0427856445312
v -18.73077964782715 -0.7347380518913269 596.4889526367188
v -18.707679748535156 -0.12147310376167297 576.269287109375
v -18.459514617919922 1.1614031791687012 573.0587158203125
v -18.605493545532227 1.9745370149612427 572.436279296875
v -18.455413818359375 3.1488845348358154 572.3228759765625
v -18.499740600585938 3.1113486289978027 582.5152587890625
v -18.772001266479492 3.6676061153411865 574.10693359375
v -18.136478424072266 3.435913324356079 587.5675659179688
v -18.490285873413086 38.25266647338867 427.7111511230469
v -16.955202102661133 38.30371856689453 430.2392883300781
v -17.64328956604004 39.86692810058594 431.0789794921875
v -18.31095314025879 41.882511138916016 426.3103942871094
v -17.710872650146484 41.18894958496094 431.0652160644531
v -18.452760696411133 42.97093200683594 428.5522155761719
v -18.28325080871582 -2.9728281497955322 594.0774536132812
v -17.63850975036621 -3.1827709674835205 595.3663330078125
v -17.80379295349121 -1.6947389841079712 582.1694946289062
v -17.35114097595215 -1.8063923120498657 584.2158813476562
v -18.0897159576416 -1.9200814962387085 596.3126220703125
v -18.433204650878906 -0.717244029045105 580.48583984375
v -18.04622459411621 -1.1357824802398682 595.4155883789062
v -18.180004119873047 -0.13632342219352722 578.7051391601562
v -18.350627899169922 1.321357250213623 589.5942993164062
v -17.931615829467773 0.6590426564216614 573.1639404296875
v -18.033239364624023 3.6489245891571045 577.9285888671875
v -18.242250442504883 1.8762359619140625 580.8184814453125
v -17.85298728942871 2.8004109859466553 586.940673828125
v -17.569997787475586 4.222718715667725 573.8321533203125
v -16.189701080322266 37.28315734863281 428.5797424316406
v -16.674266815185547 42.698387145996094 430.52886962890625
v -17.154558181762695 -3.6529042720794678 594.1624755859375
v -17.58885383605957 -1.2249459028244019 593.5696411132812
v -16.97850799560547 -1.3231401443481445 586.6546020507812
v -17.709177017211914 -1.0597326755523682 594.9848022460938
v -17.405433654785156 0.18650731444358826 576.2413330078125
v -18.193885803222656 0.0009289352456107736 580.309814453125
v -17.7243595123291 0.382446825504303 589.380126953125
v -17.43881607055664 2.1038925647735596 578.2742309570312
v -17.73251724243164 2.102118730545044 588.6171875
v -17.591842651367188 2.407862663269043 571.4813232421875
v -17.089122772216797 2.283992052078247 582.0731201171875
v -17.911930084228516 2.0166995525360107 584.4566650390625
v -17.551876068115234 3.3616695404052734 577.1312866210938
v -17.581859588623047 42.695133209228516 426.5621032714844
v -16.180932998657227 -1.9627366065979004 595.1180419921875
v -16.851173400878906 -1.2781611680984497 582.8753662109375
v -16.622243881225586 -0.37453770637512207 587.953857421875
v -17.099323272705078 -0.3759492039680481 594.1175537109375
v -16.821346282958984 0.38095614314079285 573.3552856445312
v -17.12190055847168 0.5237054228782654 581.689453125
v -16.756887435913086 3.744548797607422 570.8425903320312
v -17.17474937438965 4.101351261138916 572.2788696289062
v -17.220611572265625 37.83952331542969 427.0982360839844
v -17.52068328857422 38.932884216308594 425.8834228515625
v -17.564374923706055 40.867069244384766 425.3183898925781
v -16.653987884521484 43.60078048706055 429.1123352050781
v -16.694238662719727 -2.927248239517212 593.49951171875
v -17.013063430786133 -2.074610710144043 593.206298828125
v -16.630168914794922 0.30273184180259705 574.6395263671875
v -17.129098892211914 1.426889419555664 576.4757690429688
v -16.22403907775879 1.668976068496704 570.7539672851562
v -16.301305770874023 2.717703342437744 576.5032348632812
v -16.806482315063477 1.1134271621704102 583.7965087890625
v -16.552248001098633 1.7076098918914795 587.7855834960938
v -16.683469772338867 2.7040340900421143 570.3402709960938
v -16.304113388061523 4.156015396118164 574.3282470703125
v -16.434892654418945 37.84463119506836 424.4575500488281
v -17.472768783569336 40.08407211303711 424.62554931640625
v -17.12677574157715 41.8560676574707 424.6536560058594
v -16.97711181640625 43.2590217590332 426.00457763671875
v -14.835208892822266 44.438453674316406 425.7488098144531
v -16.488666534423828 -1.3044683933258057 585.2565307617188
v -16.687746047973633 0.4248100221157074 582.747802734375
v -15.9346284866333 -0.956744372844696 593.236572265625
v -15.962403297424316 0.8443353176116943 585.1909790039062
v -15.785365104675293 4.230752468109131 572.240478515625
v -15.790265083312988 36.64613342285156 425.1314392089844
v -15.647662162780762 39.89908218383789 431.3296813964844
v -15.834029197692871 42.06570053100586 430.9570007324219
v -15.581761360168457 43.0091552734375 423.7088928222656
v -15.454561233520508 -2.301994562149048 593.3704833984375
v -15.255288124084473 -1.1114791631698608 595.3051147460938
v -14.473790168762207 -0.29220476746559143 594.3037719726562
v -15.684330940246582 1.2014497518539429 574.62060546875
v -15.78386116027832 2.2110559940338135 575.3397216796875
v -15.7653169631958 1.7684588432312012 569.5865478515625
v -15.810966491699219 4.37562894821167 570.883544921875
v -16.39000129699707 40.6442756652832 423.2584533691406
v -15.366283416748047 -2.266146421432495 594.6942138671875
v -15.431615829467773 0.8892598748207092 572.692138671875
v -15.177325248718262 2.8478996753692627 569.0872802734375
v -14.97524642944336 3.137418746948242 573.4871826171875
v -15.31424331665039 36.36642074584961 427.31072998046875
v -14.71925163269043 37.29694747924805 429.3751220703125
v -14.93259048461914 37.951759338378906 420.6944580078125
v -15.05266284942627 0.9196290373802185 570.6624755859375
v -13.451814651489258 1.2034831047058105 569.149169921875
v -14.923738479614258 1.764298439025879 573.3240356445312
v -14.267510414123535 3.230949878692627 572.61572265625
v -14.754368782043457 4.414463043212891 570.1011352539062
v -14.756468772888184 35.431800842285156 426.01531982421875
v -14.06170654296875 38.200801849365234 430.32281494140625
v -14.26957893371582 40.38523483276367 419.7818298339844
v -15.53658390045166 41.79969787597656 422.34814453125
v -12.759915351867676 45.09992599487305 426.4242858886719
v -14.416117668151855 -2.8016791343688965 595.29541015625
v -13.59993839263916 -1.9246658086776733 593.4660034179688
v -14.722630500793457 -1.1568573713302612 596.2243041992188
v -13.523712158203125 -0.8782586455345154 593.7399291992188
v -14.119199752807617 1.1417747735977173 572.058349609375
v -14.080739974975586 1.8918282985687256 568.6080932617188
v -14.568047523498535 22.73006820678711 500.5322265625
v -15.0665922164917 24.118471145629883 501.36053466796875
v -15.082842826843262 22.26789093017578 503.5970153808594
v -14.814481735229492 23.93183135986328 503.7021484375
v -15.22850227355957 24.33098602294922 498.2133483886719
v -15.420379638671875 25.375110626220703 498.43634033203125
v -14.214387893676758 25.59554100036621 493.2331237792969
v -15.129542350769043 26.15949249267578 499.04913330078125
v -14.833531379699707 26.660350799560547 495.8404235839844
v -14.142833709716797 35.500144958496094 421.5827331542969
v -14.066075325012207 40.982872009277344 431.0123291015625
v -14.569330215454102 43.169456481933594 422.2536926269531
v -13.690176010131836 44.49327087402344 422.9222717285156
v -12.583569526672363 44.744144439697266 427.7461853027344
v -14.01471996307373 -2.4403328895568848 596.9478759765625
v -13.986353874206543 -0.4166875183582306 596.4550170898438
v -14.413873672485352 3.1261446475982666 567.839599609375
v -13.636617660522461 5.126180648803711 569.0444946289062
v -14.45673656463623 20.657358169555664 503.82415771484375
v -13.382758140563965 19.187238693237305 507.175048828125
v -14.166695594787598 21.495214462280273 506.2993469238281
v -14.587010383605957 23.677555084228516 497.6382141113281
v -14.788300514221191 24.416736602783203 480.9095764160156
v -15.043200492858887 25.645240783691406 481.01092529296875
v -14.31361198425293 24.21647071838379 483.7039794921875
v -14.354996681213379 25.660160064697266 484.049560546875
v -14.113903045654297 26.275924682617188 500.81793212890625
v -14.141398429870605 24.481348037719727 504.21405029296875
v -14.209368705749512 24.98505210876465 477.3979187011719
v -14.306663513183594 26.38490104675293 475.258544921875
v -14.014979362487793 26.761667251586914 492.6144104003906
v -14.872774124145508 26.609285354614258 480.83038330078125
v -14.089211463928223 27.90062713623047 475.6365661621094
v -14.096197128295898 27.46451187133789 497.96112060546875
v -14.057759284973145 27.723594665527344 480.9433288574219
v -13.706496238708496 27.87974739074707 495.48114013671875
v -13.390496253967285 35.086605072021484 427.7835388183594
v -13.871447563171387 39.361934661865234 430.82708740234375
v -12.52601146697998 43.597721099853516 429.59490966796875
v -12.852677345275879 -2.8588480949401855 594.8181762695312
v -13.226302146911621 -0.8533439040184021 597.3729248046875
v -13.331254959106445 0.11431368440389633 595.2689208984375
v -13.570931434631348 4.271684169769287 571.1669311523438
v -13.479759216308594 3.861021041870117 567.6276245117188
v -13.780461311340332 19.07703399658203 435.1822509765625
v -14.18305492401123 20.42256736755371 433.8158874511719
v -13.99258804321289 20.27202606201172 438.3511962890625
v -14.110148429870605 20.2009220123291 431.5681457519531
v -14.112154006958008 21.235069274902344 433.289306640625
v -14.208100318908691 21.336856842041016 428.5206604003906
v -14.378083229064941 21.606035232543945 430.9288635253906
v -13.992596626281738 21.22574234008789 437.5040283203125
v -13.48928165435791 21.596637725830078 501.09765625
v -13.586719512939453 20.093595504760742 503.2679748535156
v -13.588626861572266 22.660310745239258 426.24957275390625
v -14.021502494812012 22.829086303710938 429.09674072265625
v -13.786904335021973 23.02939224243164 431.2913818359375
v -13.247527122497559 22.68843650817871 433.57952880859375
v -13.408730506896973 24.412841796875 493.5714111328125
v -13.883111953735352 23.226408004760742 481.1010437011719
v -13.925716400146484 25.932458877563477 489.8939208984375
v -13.952505111694336 23.93848419189453 486.2285461425781
v -13.775426864624023 24.92675018310547 488.98895263671875
v -13.603219985961914 26.94195556640625 484.34844970703125
v -13.87410831451416 26.61470603942871 487.4052429199219
v -13.360239028930664 27.771896362304688 492.6806335449219
v -13.77083969116211 25.896543502807617 553.1341552734375
v -14.227831840515137 28.698823928833008 553.6768188476562
v -13.93518352508545 28.86881446838379 555.0047607421875
v -13.892012596130371 31.31641387939453 554.2251586914062
v -13.329916000366211 37.76381301879883 418.7330322265625
v -13.209765434265137 42.587162017822266 420.1113586425781
v -13.153870582580566 45.1948127746582 424.3208923339844
v -12.92026138305664 -0.12222506105899811 596.324462890625
v -12.579203605651855 0.9924361109733582 570.4421997070312
v -13.394588470458984 2.484941005706787 567.9818725585938
v -12.38145923614502 1.951065182685852 571.6435546875
v -13.343838691711426 19.20798683166504 432.53607177734375
v -13.532669067382812 20.198101043701172 427.90753173828125
v -13.074356079101562 21.594324111938477 424.7285461425781
v -13.359746932983398 20.5385799407959 443.1646423339844
v -13.151904106140137 21.78998565673828 443.9623718261719
v -13.6976900100708 21.895143508911133 437.29412841796875
v -13.107799530029297 22.893070220947266 498.4773864746094
v -12.780821800231934 21.00857925415039 508.212158203125
v -13.337264060974121 23.667316436767578 428.0814208984375
v -13.067529678344727 22.751901626586914 481.2519836425781
v -13.21474552154541 24.2908935546875 476.4920959472656
v -12.90691089630127 25.518259048461914 470.81787109375
v -13.565803527832031 24.982500076293945 491.3111267089844
v -12.764705657958984 25.269929885864258 503.6839904785156
v -13.455307006835938 25.112384796142578 551.873046875
v -13.36350154876709 27.084505081176758 552.2928466796875
v -13.439091682434082 26.82047462463379 470.50439453125
v -13.381380081176758 27.79744529724121 470.45233154296875
v -13.113252639770508 26.347209930419922 554.70361328125
v -13.355082511901855 28.28789710998535 480.25335693359375
v -13.100716590881348 28.93199348449707 475.4267578125
v -13.49996280670166 30.41181755065918 553.0964965820312
v -13.438176155090332 32.32475662231445 553.2991943359375
v -13.497939109802246 31.901023864746094 555.1652221679688
v -13.162145614624023 33.92903137207031 553.5313720703125
v -12.558281898498535 34.07535171508789 425.71514892578125
v -12.453821182250977 33.875274658203125 422.962158203125
v -13.257431983947754 36.05217742919922 419.7156066894531
v -12.650425910949707 34.74806213378906 420.544677734375
v -12.059648513793945 43.6976318359375 420.5663146972656
v -12.649279594421387 -2.8287248611450195 596.8229370117188
v -11.867827415466309 -1.3071507215499878 594.6834716796875
v -12.76678466796875 -0.3561868667602539 594.7128295898438
v -12.778162002563477 1.4117300510406494 567.8423461914062
v -12.236710548400879 3.343820095062256 571.3116455078125
v -12.089085578918457 4.504792213439941 570.3612060546875
v -11.047749519348145 4.405879020690918 568.2762451171875
v -12.888287544250488 10.939423561096191 536.3568725585938
v -13.393006324768066 12.829465866088867 535.7752685546875
v -12.906498908996582 10.576583862304688 538.0816650390625
v -13.618139266967773 12.952773094177246 534.2750854492188
v -13.058184623718262 11.617118835449219 533.2824096679688
v -13.00959587097168 12.047996520996094 530.7315673828125
v -13.10322380065918 10.974626541137695 535.0095825195312
v -13.417760848999023 12.542305946350098 538.6876831054688
v -13.029515266418457 12.225594520568848 540.471923828125
v -13.27861499786377 13.401844024658203 533.46826171875
v -12.391886711120605 18.197893142700195 434.5735778808594
v -12.69176959991455 18.308778762817383 436.124267578125
v -12.390759468078613 17.807554244995117 507.1352233886719
v -12.802721977233887 19.5316219329834 428.0033874511719
v -13.040489196777344 19.584997177124023 443.2729187011719
v -12.387706756591797 21.452741622924805 450.6912536621094
v -12.856497764587402 22.710058212280273 423.78826904296875
v -12.982823371887207 22.59726333618164 435.6829833984375
v -12.633902549743652 22.635862350463867 442.4631652832031
v -12.463634490966797 22.865549087524414 506.8075256347656
v -12.567087173461914 24.160409927368164 424.6995544433594
v -12.685948371887207 23.97665023803711 430.4803771972656
v -12.882484436035156 22.928709030151367 486.1118469238281
v -12.68574333190918 24.346471786499023 490.55694580078125
v -12.293724060058594 24.050579071044922 493.87603759765625
v -12.904818534851074 23.988624572753906 551.4772338867188
v -12.489420890808105 23.761962890625 552.408203125
v -12.295089721679688 26.365032196044922 465.8943786621094
v -12.935688018798828 27.17060089111328 499.4928894042969
v -12.757098197937012 27.496753692626953 484.22772216796875
v -12.44915771484375 28.2604923248291 489.8412780761719
v -12.638045310974121 28.130380630493164 495.70672607421875
v -12.628724098205566 28.946552276611328 469.7328796386719
v -12.538217544555664 29.451095581054688 555.7628173828125
v -12.688042640686035 32.56092071533203 552.6398315429688
v -12.219586372375488 36.364376068115234 553.789794921875
v -11.867507934570312 34.83238983154297 428.2906799316406
v -12.3475923538208 35.89358139038086 429.4266357421875
v -12.912662506103516 39.788272857666016 418.3376770019531
v -12.291966438293457 41.62796401977539 430.8600769042969
v -12.311479568481445 -1.5896008014678955 596.9110717773438
v -11.950289726257324 1.0404521226882935 568.0911865234375
v -12.19844913482666 2.6426403522491455 567.3380737304688
v -11.903608322143555 4.138901233673096 567.6806640625
v -12.270665168762207 10.915875434875488 531.4608764648438
v -12.566880226135254 10.262699127197266 540.228271484375
v -12.139729499816895 13.320511817932129 530.4700317382812
v -12.37711238861084 12.866231918334961 540.9840087890625
v -12.392858505249023 14.009237289428711 537.5205078125
v -12.412686347961426 14.197260856628418 532.3714599609375
v -12.737420082092285 14.40322494506836 534.10400390625
v -12.579855918884277 18.720808029174805 432.7935485839844
v -12.121243476867676 18.507827758789062 442.0085144042969
v -11.936626434326172 18.98878288269043 430.3605651855469
v -10.993731498718262 16.569068908691406 507.852294921875
v -11.88068675994873 18.08445167541504 509.5283203125
v -11.929543495178223 19.700925827026367 503.3536071777344
v -11.453237533569336 20.57303237915039 423.12164306640625
v -12.065520286560059 21.349123001098633 501.5329284667969
v -12.561362266540527 22.677356719970703 450.6585998535156
v -12.396648406982422 22.865232467651367 498.90380859375
v -12.251392364501953 23.240068435668945 445.44384765625
v -11.9561128616333 23.966257095336914 476.6744689941406
v -12.116708755493164 24.672935485839844 425.5616760253906
v -12.598613739013672 25.07362174987793 550.4752807617188
v -11.985447883605957 23.039691925048828 548.927734375
v -12.042135238647461 26.161579132080078 501.1278076171875
v -12.432082176208496 27.60192108154297 552.2086181640625
v -11.801824569702148 27.39006805419922 463.6524963378906
v -12.03622817993164 26.598430633544922 554.8732299804688
v -12.023282051086426 29.32131004333496 475.256591796875
v -12.106637001037598 29.30207061767578 552.7006225585938
v -12.332444190979004 32.55360412597656 555.5679321289062
v -11.825653076171875 36.61970520019531 551.9287719726562
v -11.388731002807617 36.412132263183594 416.1080322265625
v -11.590818405151367 37.71659469604492 430.5626220703125
v -11.498372077941895 38.00809097290039 415.91363525390625
v -12.33837604522705 41.00190734863281 418.2874755859375
v -11.505002975463867 -2.184953212738037 595.2035522460938
v -11.426271438598633 -0.8131007552146912 596.1083374023438
v -11.931841850280762 2.5970797538757324 571.1063232421875
v -12.0096435546875 9.938081741333008 539.9183349609375
v -12.442937850952148 11.43804931640625 542.3746337890625
v -11.61880874633789 8.992355346679688 543.1022338867188
v -11.76990032196045 9.990970611572266 537.3048095703125
v -11.753870010375977 10.639181137084961 533.4273071289062
v -12.145995140075684 12.068222999572754 530.16796875
v -11.421134948730469 14.150500297546387 538.8557739257812
v -12.138017654418945 13.997453689575195 531.0366821289062
v -11.243237495422363 14.569219589233398 533.9678344726562
v -11.728442192077637 14.344221115112305 536.27587890625
v -10.777054786682129 16.221736907958984 509.5756530761719
v -11.657132148742676 18.232789993286133 437.5216369628906
v -11.58066463470459 18.53414535522461 433.0093078613281
v -11.672877311706543 19.198596954345703 427.803466796875
v -12.077879905700684 19.40290641784668 446.44482421875
v -10.971020698547363 18.27743911743164 505.3475341796875
v -11.331137657165527 19.159225463867188 510.0354309082031
v -11.650850296020508 20.745716094970703 451.4431457519531
v -11.804851531982422 21.435604095458984 422.671630859375
v -11.936273574829102 22.867618560791016 434.69598388671875
v -11.997282981872559 23.05812644958496 438.17724609375
v -11.716350555419922 23.148670196533203 442.1512145996094
v -11.733294486999512 22.587892532348633 486.0508117675781
v -11.959113121032715 24.163429260253906 450.4739074707031
v -11.670010566711426 22.632007598876953 481.4568786621094
v -11.813761711120605 23.303359985351562 498.76690673828125
v -11.916345596313477 22.834928512573242 550.5864868164062
v -11.469297409057617 23.97673797607422 422.6298522949219
v -11.718379974365234 24.018266677856445 430.9631652832031
v -11.470961570739746 24.609363555908203 471.4062194824219
v -11.683409690856934 24.151145935058594 490.69366455078125
v -12.020220756530762 24.326616287231445 549.2294311523438
v -11.163263320922852 24.15503692626953 552.6906127929688
v -11.86699390411377 25.35823631286621 466.2603759765625
v -11.471187591552734 26.153759002685547 551.277099609375
v -11.86001205444336 27.354625701904297 497.96868896484375
v -11.544720649719238 27.71638298034668 484.1828918457031
v -12.076093673706055 28.412796020507812 480.8252258300781
v -11.630786895751953 28.03870391845703 494.83673095703125
v -12.124833106994629 32.33845901489258 552.52099609375
v -11.59729290008545 35.720375061035156 554.6268310546875
v -11.552127838134766 38.3631477355957 552.5639038085938
v -11.009509086608887 40.02114486694336 431.28729248046875
v -10.371944427490234 42.88050842285156 418.5814514160156
v -11.714940071105957 45.58557891845703 423.98907470703125
v -11.234949111938477 -1.7371422052383423 595.956298828125
v -11.571368217468262 0.7794051766395569 570.464599609375
v -10.994621276855469 1.2437560558319092 570.8280029296875
v -11.137807846069336 3.3901240825653076 566.9295654296875
v -11.429018020629883 4.31104040145874 570.9354248046875
v -10.25079345703125 3.06597638130188 571.2861938476562
v -11.356204986572266 10.757950782775879 530.5697021484375
v -11.425775527954102 10.719593048095703 544.4696655273438
v -11.181963920593262 11.724969863891602 544.4182739257812
v -10.880236625671387 12.553136825561523 529.0745239257812
v -11.253949165344238 13.59499454498291 540.208251953125
v -10.477949142456055 14.654388427734375 531.6194458007812
v -11.013084411621094 18.17507553100586 435.49420166015625
v -11.26711368560791 18.908655166625977 446.20880126953125
v -10.758410453796387 19.741188049316406 425.4725341796875
v -10.730652809143066 20.090978622436523 423.406982421875
v -11.244794845581055 20.403104782104492 509.46112060546875
v -11.106061935424805 21.57271957397461 508.41583251953125
v -10.74161434173584 22.916015625 456.27197265625
v -10.606123924255371 23.020925521850586 420.8814697265625
v -11.393896102905273 23.974319458007812 455.6243896484375
v -11.527913093566895 24.728099822998047 453.48101806640625
v -11.444965362548828 24.16086196899414 495.1507263183594
v -10.805482864379883 23.61781120300293 545.8984375
v -11.315969467163086 24.450857162475586 448.8842468261719
v -11.506052017211914 24.930309295654297 503.3585205078125
v -11.173280715942383 24.961925506591797 426.17498779296875
v -11.036388397216797 25.0389404296875 549.4638061523438
v -11.07215404510498 24.759607315063477 460.167236328125
v -11.45573902130127 26.148094177246094 461.0650329589844
v -11.402192115783691 27.30435562133789 552.5297241210938
v -11.47067642211914 28.3532657623291 554.7800903320312
v -11.311655044555664 30.09627914428711 555.3401489257812
v -10.835601806640625 29.198963165283203 475.3788146972656
v -11.498546600341797 29.577402114868164 469.32135009765625
v -11.18491268157959 31.983957290649414 555.3224487304688
v -10.777565956115723 33.378726959228516 423.9988098144531
v -11.449904441833496 35.8980827331543 551.689453125
v -11.114579200744629 35.18606185913086 416.6300964355469
v -11.022049903869629 42.02383041381836 431.54364013671875
v -11.100839614868164 43.28514862060547 431.1883850097656
v -10.776779174804688 44.47063064575195 421.2874755859375
v -10.640081405639648 0.560238778591156 569.39404296875
v -11.230908393859863 1.7806192636489868 571.5773315429688
v -11.027795791625977 1.7817898988723755 567.0001220703125
v -10.491804122924805 8.434233665466309 542.7645874023438
v -10.982446670532227 9.850150108337402 538.308349609375
v -11.265968322753906 9.11573600769043 544.4374389648438
v -11.142087936401367 10.180876731872559 545.5292358398438
v -10.962115287780762 11.402203559875488 529.30859375
v -10.562735557556152 13.802630424499512 529.910400390625
v -10.491511344909668 13.208589553833008 542.02734375
v -10.485224723815918 13.929404258728027 536.4492797851562
v -10.20736026763916 16.08709144592285 507.9573669433594
v -10.605870246887207 18.29755973815918 440.8503723144531
v -9.454154014587402 16.751829147338867 512.149169921875
v -10.426461219787598 20.23430824279785 451.79156494140625
v -10.950409889221191 22.188905715942383 501.7554931640625
v -11.154672622680664 22.71708869934082 534.5646362304688
v -11.352164268493652 22.77267074584961 537.6258544921875
v -11.186070442199707 21.75238800048828 537.9149169921875
v -11.046077728271484 22.74086570739746 434.70550537109375
v -11.396178245544434 23.84004020690918 534.5650024414062
v -11.21399211883545 23.04323959350586 547.012939453125
v -10.921890258789062 22.146713256835938 548.63134765625
v -11.031841278076172 22.688831329345703 550.8941650390625
v -10.520008087158203 23.132293701171875 441.63653564453125
v -10.57658863067627 23.625137329101562 444.3079833984375
v -10.60757064819336 23.11921501159668 481.15185546875
v -11.224292755126953 23.93236541748047 498.986083984375
v -10.372188568115234 21.687522888183594 507.97882080078125
v -10.945389747619629 23.03532600402832 487.17572021484375
v -11.153894424438477 24.47542953491211 535.0568237304688
v -10.34124755859375 24.655147552490234 427.3092346191406
v -10.79240894317627 24.333316802978516 475.7845153808594
v -11.214784622192383 25.59793472290039 456.3846435546875
v -11.276507377624512 25.153606414794922 457.7188415527344
v -10.843602180480957 24.40265655517578 461.813720703125
v -10.860895156860352 24.683427810668945 467.4621276855469
v -10.92107105255127 24.70428466796875 502.19744873046875
v -11.195159912109375 25.688520431518555 499.8432312011719
v -10.711724281311035 27.321271896362305 494.86962890625
v -11.039668083190918 26.90627670288086 553.9080810546875
v -10.710237503051758 27.979236602783203 480.73602294921875
v -10.76556396484375 28.72077178955078 463.8829650878906
v -10.836463928222656 28.093734741210938 488.8731994628906
v -11.249177932739258 28.73666000366211 553.6964111328125
v -11.092714309692383 31.138086318969727 553.253173828125
v -10.550254821777344 35.77128601074219 551.6153564453125
v -10.526224136352539 34.90570068359375 554.6109008789062
v -10.592122077941895 33.80511474609375 418.4859313964844
v -10.413871765136719 33.215328216552734 420.7233581542969
v -9.770865440368652 33.515132904052734 425.2264709472656
v -10.615887641906738 35.18737030029297 428.9549865722656
v -10.404767036437988 37.07268142700195 554.60546875
v -10.684880256652832 38.64396667480469 553.8322143554688
v -9.418378829956055 38.30649185180664 413.184326171875
v -10.561661720275879 41.4625358581543 416.7375793457031
v -10.862672805786133 44.27058410644531 430.56610107421875
v -10.598664283752441 45.799739837646484 425.6302795410156
v -10.263350486755371 0.8070029616355896 568.1668701171875
v -10.274579048156738 2.2263731956481934 571.0720825195312
v -10.103047370910645 2.593414545059204 566.8107299804688
v -10.171485900878906 9.189626693725586 540.4617309570312
v -10.583898544311523 8.2512788772583 545.775146484375
v -10.69083309173584 10.927720069885254 534.4932861328125
v -10.607230186462402 10.759265899658203 537.0053100585938
v -9.6948881149292 11.0833740234375 546.1065063476562
v -10.1273832321167 13.579526901245117 538.8103637695312
v -10.320304870605469 18.633304595947266 437.76556396484375
v -10.071232795715332 18.845565795898438 446.41650390625
v -9.997971534729004 19.566823959350586 428.43121337890625
v -10.409497261047363 19.469524383544922 430.4797668457031
v -9.84525203704834 19.032991409301758 505.3066101074219
v -10.467109680175781 20.836294174194336 503.4652404785156
v -10.744501113891602 21.24399757385254 537.5136108398438
v -10.796069145202637 22.273624420166016 539.4717407226562
v -10.51645565032959 22.807058334350586 484.3519592285156
v -10.681373596191406 22.403839111328125 546.9959106445312
v -10.516407012939453 23.92323875427246 479.0372314453125
v -10.547554969787598 23.10569953918457 504.9851379394531
v -10.457180976867676 23.7133846282959 537.2100219726562
v -10.135479927062988 24.640132904052734 448.45538330078125
v -10.568940162658691 24.661958694458008 490.83026123046875
v -10.924844741821289 24.791057586669922 499.65850830078125
v -10.360428810119629 24.447690963745117 532.9080810546875
v -10.216590881347656 24.162418365478516 545.8617553710938
v -9.934449195861816 25.07459831237793 423.10601806640625
v -10.787866592407227 24.97852325439453 496.70465087890625
v -10.355245590209961 22.729869842529297 503.4703674316406
v -10.676535606384277 25.57586669921875 452.6871337890625
v -10.753888130187988 25.597681045532227 552.31103515625
v -10.587981224060059 27.53773307800293 460.62847900390625
v -10.451576232910156 27.35068702697754 484.08074951171875
v -10.765461921691895 31.272552490234375 554.1969604492188
v -10.137006759643555 29.48733139038086 466.841064453125
v -10.416441917419434 29.707109451293945 470.3731384277344
v -9.992018699645996 34.77616882324219 552.5172119140625
v -10.064696311950684 40.075050354003906 551.2974243164062
v -9.9363431930542 40.405033111572266 552.5897216796875
v -9.514520645141602 45.29417419433594 429.4862976074219
v -9.525644302368164 45.2137336730957 423.18267822265625
v -9.887627601623535 3.587165117263794 566.4191284179688
v -9.738136291503906 4.284898281097412 567.2646484375
v -9.413267135620117 8.537308692932129 546.9508666992188
v -9.911126136779785 9.944744110107422 539.5477905273438
v -10.04832935333252 10.965775489807129 532.2919311523438
v -9.994061470031738 10.464436531066895 530.8245239257812
v -10.113093376159668 11.1455717086792 528.9882202148438
v -9.783336639404297 12.56885814666748 528.7546997070312
v -9.892126083374023 12.693769454956055 543.7394409179688
v -10.334250450134277 14.377554893493652 533.9013061523438
v -9.4203462600708 15.435728073120117 511.3392639160156
v -10.152264595031738 18.75551986694336 435.3661804199219
v -9.702128410339355 22.33436393737793 456.5364990234375
v -10.13623046875 21.52383804321289 536.0118408203125
v -10.304923057556152 21.302196502685547 540.8931884765625
v -10.145465850830078 22.827434539794922 533.7554321289062
v -10.113303184509277 22.856901168823242 550.4488525390625
v -10.015910148620605 22.072446823120117 434.5677795410156
v -10.039458274841309 23.1806640625 430.9510803222656
v -10.166206359863281 22.723163604736328 438.78997802734375
v -10.116327285766602 22.890642166137695 539.7357788085938
v -10.045052528381348 22.201705932617188 544.1382446289062
v -10.08625316619873 23.26911163330078 543.8505859375
v -9.953904151916504 23.59975814819336 487.18060302734375
v -9.937339782714844 23.311738967895508 458.89013671875
v -10.2791109085083 24.419761657714844 551.8748168945312
v -10.121667861938477 24.013635635375977 463.1045837402344
v -10.114503860473633 25.10357666015625 535.1614379882812
v -9.444486618041992 24.939075469970703 420.8796691894531
v -10.1484375 24.75727081298828 470.66766357421875
v -10.361528396606445 24.718095779418945 548.062255859375
v -9.941164016723633 25.649221420288086 491.072509765625
v -10.278939247131348 25.774227142333984 494.7757873535156
v -10.384562492370605 25.463748931884766 533.4229125976562
v -9.798386573791504 24.443891525268555 549.4187622070312
v -10.303378105163574 26.85338592529297 493.8056945800781
v -9.874380111694336 27.17718505859375 456.39349365234375
v -9.737330436706543 27.185976028442383 487.9065246582031
v -9.74683666229248 34.89353561401367 553.2978515625
v -9.777655601501465 35.673728942871094 554.11572265625
v -8.921117782592773 33.908775329589844 426.18341064453125
v -8.698747634887695 33.14518356323242 415.18829345703125
v -9.693760871887207 35.924591064453125 551.8754272460938
v -9.771855354309082 36.683040618896484 430.2965393066406
v -9.447273254394531 35.8185920715332 413.1635437011719
v -8.891477584838867 38.836524963378906 550.2899780273438
v -9.644991874694824 39.6034049987793 550.5899658203125
v -7.994827747344971 39.54594421386719 412.4642028808594
v -10.089906692504883 41.13654327392578 432.18902587890625
v -8.803019523620605 45.262840270996094 427.6237487792969
v -8.511408805847168 0.3462793827056885 568.6243896484375
v -9.594627380371094 3.804436445236206 570.582763671875
v -9.035604476928711 7.644670486450195 545.1149291992188
v -9.44332504272461 8.650139808654785 542.3723754882812
v -9.149978637695312 9.737025260925293 547.2354125976562
v -9.54922866821289 10.341963768005371 540.8951416015625
v -9.65742015838623 11.692876815795898 537.9841918945312
v -9.879778861999512 12.235489845275879 534.6149291992188
v -9.640267372131348 12.405219078063965 537.5609130859375
v -9.775740623474121 13.400940895080566 535.1744995117188
v -9.126827239990234 12.500490188598633 543.355712890625
v -9.666630744934082 13.312224388122559 533.4282836914062
v -9.18468189239502 13.628836631774902 530.7371215820312
v -9.068017959594727 16.214439392089844 507.535888671875
v -9.370696067810059 19.062835693359375 440.8663330078125
v -9.424276351928711 19.61602210998535 510.4480285644531
v -9.592820167541504 20.023136138916016 425.8468017578125
v -9.330578804016113 20.3662052154541 452.17681884765625
v -9.183819770812988 19.98280143737793 423.58258056640625
v -9.403341293334961 20.766521453857422 539.384521484375
v -9.528728485107422 21.265661239624023 537.4261474609375
v -9.132067680358887 21.292512893676758 420.19403076171875
v -9.033330917358398 19.6771240234375 506.1313171386719
v -10.149679183959961 22.085561752319336 542.224365234375
v -9.465956687927246 21.31138801574707 543.07177734375
v -10.031036376953125 22.81980323791504 541.9161987304688
v -9.747714042663574 21.98422622680664 546.1058959960938
v -9.639924049377441 22.536945343017578 547.8427124023438
v -9.581510543823242 23.66969108581543 483.36456298828125
v -7.972198963165283 24.198869705200195 418.2059631347656
v -8.950507164001465 24.9151611328125 531.5997924804688
v -9.541747093200684 23.639883041381836 549.9849853515625
v -9.434986114501953 24.112422943115234 446.6075744628906
v -9.581342697143555 25.23863410949707 479.51220703125
v -9.442304611206055 24.727205276489258 467.70404052734375
v -9.442109107971191 25.692766189575195 476.3028869628906
v -9.315855026245117 24.331378936767578 486.6774597167969
v -8.674678802490234 24.893693923950195 424.1741943359375
v -9.035820960998535 25.482316970825195 470.6025085449219
v -8.783592224121094 26.36219596862793 531.6821899414062
v -9.586739540100098 26.18781089782715 533.8995971679688
v -9.59469985961914 26.553752899169922 484.0880432128906
v -9.744688034057617 26.851707458496094 480.4393615722656
v -9.20289421081543 28.141822814941406 460.7884521484375
v -9.30884838104248 28.24178123474121 474.2608337402344
v -9.255049705505371 29.146907806396484 470.6606750488281
v -8.858720779418945 32.836181640625 419.4322814941406
v -8.918585777282715 39.21864700317383 553.9093627929688
v -9.244653701782227 42.2225341796875 416.54229736328125
v -9.819645881652832 42.92060089111328 434.1372985839844
v -8.762715339660645 41.33739471435547 434.6138000488281
v -9.21151065826416 44.88310623168945 433.5992431640625
v -8.18935489654541 43.819515228271484 419.8325500488281
v -8.7435941696167 45.44325256347656 425.1707763671875
v -8.72585391998291 1.3130639791488647 571.0047607421875
v -8.827144622802734 0.8584840297698975 567.010986328125
v -8.330370903015137 4.713385105133057 567.7024536132812
v -8.645061492919922 9.9508056640625 527.3030395507812
v -9.103992462158203 11.050529479980469 526.6600341796875
v -8.95742130279541 10.194676399230957 529.3277587890625
v -9.186558723449707 11.860092163085938 531.9791259765625
v -8.783860206604004 12.105087280273438 541.6298217773438
v -8.828168869018555 13.24376106262207 529.6875
v -9.07651424407959 13.142241477966309 532.236083984375
v -8.930492401123047 15.038657188415527 509.90826416015625
v -8.90964126586914 18.188377380371094 512.1202392578125
v -8.685844421386719 19.56622886657715 446.8792724609375
v -9.485591888427734 19.572938919067383 436.98663330078125
v -9.469663619995117 20.51451873779297 434.27520751953125
v -9.419763565063477 20.877565383911133 431.0039978027344
v -9.040786743164062 21.221012115478516 541.994384765625
v -9.405908584594727 21.603290557861328 437.7612609863281
v -9.143159866333008 20.648334503173828 506.5063171386719
v -8.891812324523926 20.575305938720703 507.8253173828125
v -6.905661106109619 22.426895141601562 416.81787109375
v -9.553543090820312 22.327680587768555 431.0791931152344
v -8.714174270629883 21.71063804626465 543.9240112304688
v -9.217062950134277 22.273855209350586 441.4723205566406
v -8.92984390258789 23.026187896728516 534.1978149414062
v -8.72143840789795 22.97545623779297 444.8070068359375
v -9.000726699829102 23.205947875976562 533.3915405273438
v -8.392733573913574 23.550058364868164 426.2056579589844
v -8.38744831085205 24.301959991455078 531.8276977539062
v -9.085762023925781 22.965078353881836 537.1021118164062
v -8.905816078186035 22.811878204345703 539.362548828125
v -8.668953895568848 23.254634857177734 541.7555541992188
v -9.188925743103027 23.59347152709961 543.1947631835938
v -8.698055267333984 23.036298751831055 458.4945068359375
v -9.095422744750977 23.960628509521484 535.89306640625
v -9.00534439086914 23.93962860107422 545.89306640625
v -9.214900016784668 25.12689208984375 482.8594055175781
v -9.172433853149414 25.76058578491211 452.23565673828125
v -8.659497261047363 26.923233032226562 532.398193359375
v -9.293672561645508 27.14182472229004 475.847900390625
v -9.118531227111816 25.72761344909668 486.9617004394531
v -8.898443222045898 28.80771255493164 463.755126953125
v -9.160754203796387 29.2880916595459 467.02862548828125
v -8.379121780395508 32.620994567871094 416.99102783203125
v -9.198474884033203 34.04402542114258 414.49462890625
v -8.73023796081543 35.34400177001953 428.5401306152344
v -8.705803871154785 37.49768829345703 551.0733032226562
v -9.165300369262695 38.60823059082031 430.9176025390625
v -8.834304809570312 40.21306228637695 431.7080383300781
v -8.734023094177246 41.17734146118164 551.2449340820312
v -8.620686531066895 41.188560485839844 552.7783813476562
v -8.007735252380371 45.5817985534668 432.246826171875
v -8.870283126831055 2.614488124847412 566.2552490234375
v -8.308491706848145 2.8388519287109375 570.6838989257812
v -6.784335136413574 3.730154275894165 566.6046752929688
v -8.735400199890137 6.906239032745361 547.3873291015625
v -7.634114742279053 7.967451095581055 544.0338134765625
v -7.6847429275512695 9.93102741241455 543.4779052734375
v -8.356053352355957 10.839945793151855 530.784423828125
v -8.59431266784668 11.560579299926758 545.2279052734375
v -8.875447273254395 11.6198148727417 540.8607788085938
v -8.259734153747559 12.326847076416016 526.7193603515625
v -7.937383651733398 16.09040069580078 513.4970703125
v -8.122986793518066 17.691354751586914 507.0547180175781
v -8.827587127685547 20.16781997680664 440.78985595703125
v -8.171401023864746 21.111392974853516 453.2738037109375
v -8.478361129760742 21.12091064453125 426.2443542480469
v -9.076171875 21.0089111328125 438.59637451171875
v -8.342534065246582 19.941349029541016 509.2259521484375
v -7.975092887878418 20.621562957763672 420.7434997558594
v -8.713808059692383 21.82111167907715 538.181396484375
v -8.148021697998047 22.349822998046875 426.2275695800781
v -8.921748161315918 23.001066207885742 535.0634155273438
v -8.843321800231934 22.46180534362793 546.1637573242188
v -7.156835079193115 23.58324432373047 416.9749450683594
v -8.956547737121582 23.28998565673828 547.0977783203125
v -8.344758033752441 24.174549102783203 463.41998291015625
v -7.190028190612793 25.16046142578125 418.2085876464844
v -8.585174560546875 24.11478042602539 448.615234375
v -7.91802978515625 25.39703369140625 534.5697631835938
v -8.544758796691895 26.439058303833008 471.0948181152344
v -8.77126407623291 27.24287223815918 455.9469299316406
v -7.809240818023682 32.740657806396484 420.892333984375
v -8.374228477478027 32.32191467285156 412.731201171875
v -8.564616203308105 36.81407165527344 553.0806884765625
v -7.657902717590332 40.38676834106445 550.142578125
v -9.337323188781738 43.08650588989258 434.84552001953125
v -8.598515510559082 41.226932525634766 436.0024108886719
v -7.9100422859191895 43.052001953125 417.44189453125
v -8.302000999450684 44.983280181884766 434.3936767578125
v -7.854258060455322 -0.025657689198851585 569.470703125
v -7.636987686157227 4.214899063110352 569.7726440429688
v -6.220978260040283 3.511784315109253 570.767333984375
v -7.6137614250183105 6.136255264282227 546.756103515625
v -8.274739265441895 8.718409538269043 548.0560302734375
v -7.8109636306762695 7.510565757751465 544.5209350585938
v -7.705042839050293 10.226827621459961 529.1822509765625
v -7.212637901306152 10.074077606201172 547.7574462890625
v -8.203479766845703 11.719452857971191 531.1622924804688
v -7.88886022567749 12.341403007507324 530.5160522460938
v -7.324189186096191 13.30734634399414 512.7405395507812
v -7.760245323181152 15.373579978942871 508.93280029296875
v -7.896367073059082 19.100614547729492 511.23370361328125
v -8.007404327392578 20.432802200317383 446.4837341308594
v -7.468151569366455 20.522241592407227 421.8999938964844
v -6.671492099761963 21.043415069580078 422.50732421875
v -8.578483581542969 21.102956771850586 442.5208435058594
v -8.307929039001465 21.717987060546875 541.4953002929688
v -8.401103973388672 23.28432846069336 543.479248046875
v -8.14920711517334 22.883312225341797 544.185546875
v -7.806726455688477 24.479286193847656 534.4627685546875
v -7.01033878326416 25.655521392822266 419.1812438964844
v -8.090197563171387 25.32589340209961 452.1243591308594
v -7.651076793670654 26.98392677307129 533.7310791015625
v -7.634690284729004 27.4241943359375 532.989013671875
v -7.7033491134643555 27.690593719482422 466.999267578125
v -8.073586463928223 28.549667358398438 465.8019714355469
v -7.972877502441406 33.0139045715332 410.9775695800781
v -8.098889350891113 35.37437438964844 410.87371826171875
v -7.43701696395874 36.74870681762695 429.09588623046875
v -7.735925674438477 38.26652145385742 553.365478515625
v -7.599782466888428 40.17097854614258 431.37939453125
v -7.361931324005127 40.73180389404297 553.6165161132812
v -8.825176239013672 43.18293762207031 437.18023681640625
v -8.641402244567871 44.74409866333008 435.423583984375
v -8.105931282043457 44.699005126953125 422.6729736328125
v -7.773568630218506 0.6065785884857178 567.5307006835938
v -7.644088268280029 2.733954668045044 566.3948974609375
v -8.056987762451172 6.547147750854492 548.473388671875
v -7.690474987030029 10.663008689880371 543.4304809570312
v -7.329349040985107 10.861451148986816 544.7133178710938
v -7.443319320678711 11.375412940979004 524.4063720703125
v -7.556934356689453 12.566808700561523 527.3440551757812
v -7.457793712615967 18.63142204284668 508.0667419433594
v -6.827807903289795 20.591163635253906 418.6954345703125
v -6.5527496337890625 21.264896392822266 417.2085266113281
v -7.8183135986328125 22.256956100463867 446.489501953125
v -8.063027381896973 22.376264572143555 541.927001953125
v -7.864291191101074 23.48191261291504 459.2163391113281
v -7.6900153160095215 22.707075119018555 448.7150573730469
v -7.209343433380127 24.250696182250977 532.1900024414062
v -7.136488437652588 23.80100440979004 424.20556640625
v -6.618409633636475 25.463350296020508 421.8622741699219
v -7.376180171966553 26.409751892089844 534.1538696289062
v -7.327261447906494 26.750795364379883 455.9286193847656
v -7.725122928619385 27.250823974609375 457.5600891113281
v -7.350430965423584 30.490598678588867 413.30316162109375
v -7.067698001861572 32.30229568481445 416.7799377441406
v -6.361475944519043 33.071632385253906 421.5388488769531
v -7.671917915344238 37.6207389831543 429.7587890625
v -7.431790351867676 37.80561828613281 552.0247192382812
v -7.355931282043457 40.530540466308594 433.88470458984375
v -7.620145320892334 40.38468933105469 435.0460510253906
v -6.250875473022461 41.10749435424805 413.17657470703125
v -7.8381195068359375 45.1730842590332 436.8263854980469
v -6.799595832824707 43.91925811767578 423.90386962890625
v -7.585270404815674 44.69057846069336 427.0808410644531
v -6.377655506134033 1.1309118270874023 570.3112182617188
v -6.928961277008057 1.185815453529358 566.7457885742188
v -7.307507038116455 1.9587559700012207 571.217529296875
v -5.9671735763549805 4.536126136779785 567.6047973632812
v -7.047013759613037 5.417961120605469 549.5089721679688
v -6.728390693664551 6.710364818572998 545.299072265625
v -6.531283855438232 6.551771640777588 550.523681640625
v -6.997857093811035 9.459440231323242 526.3276977539062
v -7.377120494842529 10.008676528930664 524.6500854492188
v -6.8910393714904785 10.544032096862793 546.0399169921875
v -7.1268086433410645 12.366135597229004 528.1332397460938
v -7.544121265411377 14.349966049194336 514.0046997070312
v -6.411038398742676 12.888267517089844 512.0928344726562
v -6.917177677154541 16.62179946899414 513.7661743164062
v -6.471307754516602 21.954696655273438 423.4457702636719
v -7.683865070343018 21.47514533996582 448.85052490234375
v -7.106812000274658 22.456310272216797 454.7028503417969
v -7.13198709487915 24.82763671875 453.0496520996094
v -7.222404479980469 24.61972427368164 461.7491760253906
v -6.367583274841309 25.89928436279297 420.0789794921875
v -5.907535552978516 26.447349548339844 530.5405883789062
v -7.011823654174805 26.260892868041992 463.4537658691406
v -5.842278480529785 27.834897994995117 531.4933471679688
v -6.842064380645752 30.50526237487793 411.187744140625
v -6.227360725402832 32.147377014160156 418.105224609375
v -6.345030784606934 33.867469787597656 423.768798828125
v -7.089963912963867 33.90077590942383 409.7582702636719
v -6.715121746063232 34.81821823120117 425.8996276855469
v -6.700873851776123 35.91946029663086 427.3908386230469
v -6.8732380867004395 36.757286071777344 410.1549987792969
v -7.167294025421143 41.5174446105957 550.828857421875
v -6.521356105804443 41.98078536987305 551.6746826171875
v -6.233017921447754 41.71415710449219 552.9696655273438
v -6.845038890838623 41.56716537475586 440.052490234375
v -6.995343208312988 42.617252349853516 440.4662170410156
v -6.659994602203369 44.016483306884766 440.8111877441406
v -6.689952850341797 43.929962158203125 426.71209716796875
v -6.928495407104492 44.28992462158203 425.56561279296875
v -7.355107307434082 45.64234161376953 435.03131103515625
v -6.9728546142578125 0.16808290779590607 568.3187866210938
v -6.87515926361084 0.10010010749101639 569.5457153320312
v -5.504299163818359 0.2767753601074219 570.1559448242188
v -6.300694465637207 1.4599974155426025 566.0841064453125
v -6.300308704376221 8.228267669677734 549.7604370117188
v -6.197310924530029 12.28647232055664 524.3130493164062
v -6.639276027679443 15.88439655303955 509.06939697265625
v -6.131985187530518 17.987043380737305 510.0051574707031
v -6.532027244567871 24.42498016357422 454.8617858886719
v -6.848618984222412 24.708646774291992 459.5650634765625
v -6.401760578155518 24.582569122314453 533.24560546875
v -7.140758037567139 27.078994750976562 461.5350341796875
v -6.827902317047119 26.2292537689209 461.4321594238281
v -6.702833652496338 30.61830711364746 415.2933654785156
v -5.901758193969727 30.988157272338867 409.8041076660156
v -6.615206241607666 39.003753662109375 429.4858093261719
v -5.766191005706787 38.89704895019531 550.9962158203125
v -4.830562114715576 39.74406051635742 550.4625854492188
v -6.122128009796143 39.88298416137695 553.6165161132812
v -6.085964679718018 40.2530517578125 438.26702880859375
v -6.071169376373291 43.327720642089844 418.76348876953125
v -5.987788200378418 43.57075881958008 423.5505676269531
v -6.298759937286377 45.2769660949707 433.3027038574219
v -5.915533065795898 1.785356879234314 571.1860961914062
v -6.1926045417785645 2.6342244148254395 570.6947631835938
v -6.337922096252441 4.313840389251709 549.2584228515625
v -5.87219762802124 5.0775604248046875 546.6590576171875
v -5.585900783538818 9.234488487243652 523.0752563476562
v -6.628318786621094 10.041985511779785 522.7902221679688
v -5.716409206390381 11.196032524108887 520.76904296875
v -5.9102911949157715 9.619412422180176 545.2987670898438
v -6.4120330810546875 11.548589706420898 527.9703979492188
v -5.95555305480957 12.072766304016113 522.073974609375
v -5.534478664398193 12.320539474487305 514.6942749023438
v -5.542685031890869 14.37275218963623 515.72021484375
v -5.493740081787109 13.72386360168457 511.006591796875
v -5.793850898742676 16.490570068359375 509.68603515625
v -6.186874866485596 18.12804412841797 511.5339660644531
v -5.537990570068359 20.658645629882812 421.55328369140625
v -6.5400190353393555 23.889665603637695 455.9279479980469
v -5.891999244689941 23.22027587890625 423.16119384765625
v -5.214326858520508 24.35564613342285 422.41119384765625
v -5.318280220031738 25.24472427368164 530.9262084960938
v -6.952334880828857 26.370742797851562 413.5572814941406
v -7.05070686340332 27.258846282958984 415.28619384765625
v -6.494600296020508 24.591533660888672 415.9119873046875
v -6.51646614074707 25.5605411529541 456.7442321777344
v -5.981979846954346 27.346267700195312 530.9281616210938
v -7.151037693023682 29.1155948638916 414.1539001464844
v -6.358090400695801 26.01943588256836 412.02166748046875
v -6.49069356918335 28.331378936767578 416.71820068359375
v -6.12391996383667 31.141977310180664 416.2713928222656
v -6.126705169677734 34.61941909790039 409.1791687011719
v -6.200473785400391 38.816951751708984 410.93878173828125
v -5.799444198608398 38.601993560791016 551.9585571289062
v -4.947465419769287 38.98751449584961 552.6535034179688
v -6.3537211418151855 40.85472869873047 430.7900085449219
v -5.801723957061768 40.31144332885742 434.370849609375
v -4.521805286407471 40.367881774902344 442.1806335449219
v -4.659832954406738 41.56337356567383 413.964599609375
v -5.965544700622559 43.41592025756836 421.2423095703125
v -6.363819599151611 45.71267318725586 434.6487121582031
v -5.53218412399292 -0.1878078728914261 568.1217651367188
v -4.251701831817627 1.6012980937957764 566.2305908203125
v -5.602222442626953 5.512515544891357 546.0106201171875
v -6.163167476654053 4.84591817855835 551.484375
v -5.894636631011963 6.930075168609619 545.1781616210938
v -6.15854024887085 10.328596115112305 364.6583557128906
v -6.49265718460083 11.24325180053711 366.6831359863281
v -6.224350929260254 7.715175628662109 366.5367431640625
v -6.371798515319824 8.89361572265625 369.2406005859375
v -5.5985493659973145 10.32574462890625 546.8723754882812
v -5.403366565704346 9.134917259216309 548.5277709960938
v -6.332082271575928 12.007083892822266 368.8518371582031
v -5.978367328643799 13.415657997131348 515.2479858398438
v -4.86707067489624 19.807275772094727 418.04205322265625
v -6.017081260681152 23.0510196685791 414.9871520996094
v -6.170210838317871 26.318727493286133 417.6264343261719
v -5.096977233886719 25.803205490112305 533.6638793945312
v -5.1776323318481445 27.07454490661621 418.8368835449219
v -5.314000129699707 25.737462997436523 421.25091552734375
v -5.972200870513916 37.13386917114258 427.2398681640625
v -5.919635772705078 38.25497055053711 428.1942443847656
v -3.5176029205322266 39.8973388671875 440.1515808105469
v -5.768416404724121 41.1002082824707 433.1442565917969
v -6.165278911590576 43.987464904785156 429.5634460449219
v -5.28641939163208 44.3599967956543 432.9318542480469
v -5.775231838226318 45.311153411865234 440.456787109375
v -4.592819690704346 45.97003173828125 439.8589172363281
v -5.981367111206055 3.3267579078674316 550.154296875
v -4.450360298156738 4.099635601043701 568.5884399414062
v -5.992987155914307 6.7953596115112305 550.3884887695312
v -5.376025199890137 5.5564351081848145 551.9703979492188
v -5.39910364151001 5.516972064971924 368.3927001953125
v -4.06840705871582 6.924696922302246 550.9822387695312
v -4.526492595672607 7.585468769073486 546.55517578125
v -5.574437618255615 7.938002109527588 363.7331237792969
v -5.054306983947754 10.17402458190918 520.5816650390625
v -5.359269142150879 9.384230613708496 525.030517578125
v -5.8066487312316895 12.222936630249023 370.9927978515625
v -5.826482772827148 9.414496421813965 371.30279541015625
v -4.7769012451171875 10.106318473815918 525.4530639648438
v -4.890458106994629 10.98121452331543 526.0125732421875
v -5.8749470710754395 13.178028106689453 365.25830078125
v -5.130743980407715 12.358293533325195 523.8088989257812
v -5.813796520233154 14.109875679016113 367.33013916015625
v -4.139711856842041 11.301239013671875 515.515380859375
v -5.1581830978393555 15.460492134094238 368.390380859375
v -5.057403087615967 16.47930908203125 513.7453002929688
v -2.971860408782959 19.350608825683594 418.7403869628906
v -4.878545761108398 20.312381744384766 416.11102294921875
v -5.135939598083496 21.76069450378418 422.3864440917969
v -5.204421520233154 21.412309646606445 414.49407958984375
v -4.997063636779785 25.853811264038086 410.4639892578125
v -5.446189880371094 29.985525131225586 417.31085205078125
v -4.932797908782959 32.78268051147461 408.77935791015625
v -4.6634602546691895 35.07086181640625 423.7142333984375
v -4.946444988250732 35.14661407470703 408.87347412109375
v -5.288432598114014 37.235450744628906 426.6823425292969
v -5.5805487632751465 40.25578689575195 428.0934753417969
v -5.750555038452148 42.03583908081055 430.377685546875
v -3.9634242057800293 40.05918884277344 550.3096313476562
v -4.934055328369141 42.55295181274414 443.9755554199219
v -5.2871222496032715 41.968284606933594 424.946044921875
v -5.508130073547363 41.76231002807617 427.2519226074219
v -5.768521308898926 43.121246337890625 430.03985595703125
v -4.654014587402344 44.14278793334961 443.7066650390625
v -4.893424034118652 45.034385681152344 433.9736022949219
v -4.127630233764648 45.94664001464844 438.4245300292969
v -4.180549144744873 -0.6195024251937866 569.5474853515625
v -4.998777389526367 3.005293130874634 549.1904296875
v -5.038370132446289 3.539881467819214 552.588623046875
v -4.998836517333984 2.7278285026550293 550.8294677734375
v -4.774313926696777 4.106456756591797 547.0935668945312
v -4.344727039337158 4.007739067077637 553.6578979492188
v -5.285695552825928 5.322598934173584 366.7183837890625
v -5.421685218811035 6.21463680267334 364.9176330566406
v -5.2641777992248535 6.378270626068115 370.7244873046875
v -5.316513538360596 9.91732120513916 362.6063537597656
v -5.355220317840576 13.145041465759277 363.64349365234375
v -5.41229772567749 11.98801326751709 519.7896118164062
v -4.170807838439941 11.506365776062012 524.3817138671875
v -4.4565629959106445 12.428377151489258 512.697998046875
v -4.803555965423584 12.93448543548584 521.053955078125
v -4.452434062957764 15.18301773071289 515.8023681640625
v -4.443625450134277 15.580608367919922 511.43426513671875
v -4.4752631187438965 16.260316848754883 512.2394409179688
v -4.406525611877441 24.932632446289062 531.7793579101562
v -3.620858907699585 27.5297794342041 419.9832763671875
v -2.9795634746551514 26.840007781982422 533.4795532226562
v -4.437232494354248 28.082914352416992 532.3877563476562
v -4.5230393409729 30.777257919311523 417.5760498046875
v -4.581505298614502 31.988040924072266 417.3829650878906
v -4.453550815582275 32.43437194824219 418.27099609375
v -4.342743873596191 34.178932189941406 421.7815246582031
v -4.726468086242676 37.996337890625 410.10845947265625
v -5.25285005569458 38.43431854248047 426.5936584472656
v -4.6389007568359375 40.085853576660156 411.82763671875
v -3.561330795288086 41.145286560058594 553.30078125
v -4.170090198516846 41.34205627441406 550.521728515625
v -4.379473686218262 41.467803955078125 434.1918640136719
v -4.721107006072998 41.147300720214844 443.413818359375
v -4.963754653930664 42.3659782409668 432.8331604003906
v -1.6331417560577393 42.07566452026367 552.3583984375
v -5.080482006072998 42.38582992553711 424.4445495605469
v -4.447570323944092 42.238861083984375 422.0143127441406
v -2.9412968158721924 45.171180725097656 444.37701416015625
v -4.134771823883057 -0.061260323971509933 567.444091796875
v -4.089483261108398 3.2514021396636963 570.5731811523438
v -3.9933900833129883 3.9433417320251465 567.6331176757812
v -4.506305694580078 4.441597938537598 369.70623779296875
v -3.9220306873321533 5.010096073150635 546.9949340820312
v -3.8055477142333984 7.23284387588501 374.5309143066406
v -3.6632301807403564 8.969127655029297 375.29443359375
v -4.747904300689697 8.859915733337402 547.1441650390625
v -4.471356391906738 11.57569408416748 373.8741455078125
v -4.944195747375488 11.428394317626953 517.3787841796875
v -4.613041877746582 11.644247055053711 361.6523132324219
v -5.178431510925293 12.325591087341309 517.6607055664062
v -4.700103759765625 13.223851203918457 518.5852661132812
v -4.343664169311523 15.16542911529541 371.7341613769531
v -3.180842399597168 13.006016731262207 512.8287963867188
v -4.661231994628906 15.926512718200684 365.5227355957031
v -4.3101372718811035 16.273378372192383 369.8381652832031
v -4.428949356079102 22.757993698120117 422.5565490722656
v -4.517171382904053 38.787715911865234 425.8880615234375
v -3.9646806716918945 38.97089767456055 551.4427490234375
v -4.930461406707764 40.20882797241211 425.66455078125
v -3.1205577850341797 39.4194450378418 552.91796875
v -4.747540473937988 40.270111083984375 436.4404602050781
v -4.473077774047852 42.371498107910156 416.9839782714844
v -4.211416244506836 42.490509033203125 419.56610107421875
v -4.370129108428955 45.03388214111328 435.172607421875
v -3.0469062328338623 45.484954833984375 437.9223937988281
v -4.118136882781982 0.3880850076675415 570.8223876953125
v -4.279038429260254 1.9407156705856323 552.2605590820312
v -3.8781986236572266 2.4391109943389893 554.0493774414062
v -3.958894729614258 3.0360729694366455 548.7785034179688
v -3.821782112121582 3.175968885421753 367.6002197265625
v -3.735138416290283 3.5833661556243896 364.8187255859375
v -3.923785924911499 5.2223219871521 362.7261047363281
v -3.446223258972168 5.530953884124756 373.95452880859375
v -4.007081508636475 7.310027122497559 361.3377685546875
v -3.5136420726776123 9.104405403137207 360.2109375
v -3.8406717777252197 9.606871604919434 522.0326538085938
v -4.295896530151367 10.05935287475586 519.411865234375
v -3.2873263359069824 10.027084350585938 522.341064453125
v -4.186429977416992 14.417893409729004 362.396484375
v -3.3910951614379883 14.453302383422852 374.21759033203125
v -3.8066611289978027 13.711514472961426 518.9427490234375
v -3.644927501678467 19.29706382751465 417.0042419433594
v -2.2360963821411133 19.87073516845703 420.1639099121094
v -4.196882724761963 20.511425018310547 413.5867919921875
v -4.063385963439941 25.495023727416992 421.8606872558594
v -4.388730525970459 25.01105499267578 532.6355590820312
v -2.5004594326019287 26.900930404663086 530.4193115234375
v -2.033186197280884 27.57547378540039 533.1168823242188
v -3.3804996013641357 26.074947357177734 409.56549072265625
v -3.996870517730713 31.494691848754883 408.91705322265625
v -2.9963276386260986 33.01201248168945 418.25555419921875
v -4.317114353179932 40.240867614746094 425.2461242675781
v -4.123415470123291 42.96704864501953 433.539794921875
v -3.0536038875579834 -0.7747402787208557 567.97265625
v -2.9611284732818604 3.4703564643859863 566.7601318359375
v -3.4152002334594727 4.1963677406311035 372.4693298339844
v -3.941946029663086 8.30981159210205 548.041015625
v -3.411456823348999 7.075059413909912 550.6817016601562
v -3.035109758377075 11.765238761901855 375.93365478515625
v -3.379523277282715 11.520050048828125 514.6778564453125
v -3.288144826889038 12.574006080627441 522.2430419921875
v -3.370800495147705 11.885126113891602 360.1807556152344
v -2.7699778079986572 14.141523361206055 512.9652709960938
v -3.334258556365967 17.072370529174805 364.3235778808594
v -2.8231682777404785 15.061104774475098 515.33935546875
v -3.3245456218719482 17.818296432495117 367.8747253417969
v -2.989722490310669 24.12291717529297 422.34991455078125
v -1.8841335773468018 25.90704345703125 530.65869140625
v -1.1909656524658203 26.061420440673828 533.0718994140625
v -3.235792398452759 31.57060432434082 417.556884765625
v -3.3445794582366943 36.044559478759766 422.6372985839844
v -3.3644840717315674 35.69672393798828 409.0208435058594
v -3.2604100704193115 38.605499267578125 410.7774658203125
v -2.890014171600342 39.72439193725586 442.1967468261719
v -2.9782638549804688 40.263240814208984 553.3991088867188
v -1.8681385517120361 40.46090316772461 439.67962646484375
v -3.3340227603912354 40.07148742675781 446.1881408691406
v -3.049043893814087 40.5512809753418 421.7044677734375
v -3.658301591873169 41.01018524169922 446.8384094238281
v -1.9145851135253906 42.12110900878906 551.2373046875
v -2.5092787742614746 0.4700155556201935 566.0914306640625
v -0.4021298885345459 0.708332896232605 571.1209716796875
v -3.3665201663970947 1.0145399570465088 553.0231323242188
v -3.2847037315368652 1.9320638179779053 554.6625366210938
v -2.569246530532837 3.726048469543457 555.4318237304688
v -3.1874401569366455 4.525980472564697 548.1619873046875
v -3.3582589626312256 5.734100341796875 553.2769775390625
v -2.5655994415283203 4.955201625823975 361.2446594238281
v -3.0163519382476807 10.258294105529785 518.0115356445312
v -2.4318394660949707 11.268402099609375 521.7705688476562
v -2.77170991897583 14.421740531921387 360.68511962890625
v -3.1263136863708496 15.345744132995605 513.3751220703125
v -2.676659107208252 17.59978675842285 371.2148742675781
v -2.9151864051818848 21.51561737060547 411.6644287109375
v -3.1898510456085205 33.34244918823242 408.70745849609375
v -1.4522868394851685 36.20357894897461 419.4433288574219
v -1.849145531654358 38.707000732421875 551.5017700195312
v -2.7307636737823486 40.17143630981445 412.775634765625
v -2.6985878944396973 41.226646423339844 415.1438903808594
v -2.957132339477539 41.40468215942383 419.429931640625
v -2.029578447341919 40.80219268798828 451.0041198730469
v -3.6281445026397705 43.397212982177734 434.7504577636719
v -2.1408541202545166 43.950443267822266 448.2203674316406
v -2.539273977279663 44.756385803222656 437.2971496582031
v -2.961273431777954 -0.2367962747812271 570.035400390625
v -3.045248031616211 1.471936583518982 551.232177734375
v -2.0536696910858154 1.694514274597168 571.1841430664062
v -3.092923402786255 2.5444960594177246 548.9883422851562
v -2.555220127105713 3.160937786102295 570.327880859375
v -2.61647891998291 2.589021682739258 371.29339599609375
v -2.30397629737854 4.070727348327637 567.6331787109375
v -2.7032055854797363 6.416306018829346 548.9874877929688
v -2.9019649028778076 6.989640235900879 549.9627075195312
v -1.8356962203979492 7.093800067901611 359.358642578125
v -2.6463706493377686 13.949050903320312 518.1985473632812
v -2.5081803798675537 16.405487060546875 362.0509948730469
v -1.65471351146698 17.037755966186523 374.06439208984375
v -0.7786194682121277 17.369558334350586 414.44635009765625
v -1.3428778648376465 17.372825622558594 416.67822265625
v -1.365607500076294 21.590633392333984 421.6338195800781
v -1.494537591934204 22.643470764160156 410.6540832519531
v -1.7013179063796997 25.29232406616211 531.7814331054688
v -1.9200903177261353 28.259174346923828 531.4117431640625
v -1.8674365282058716 28.09412956237793 532.6040649414062
v -2.1608216762542725 26.559696197509766 409.26947021484375
v -2.045734167098999 25.844547271728516 421.7057189941406
v -2.657043933868408 32.364681243896484 417.39691162109375
v -2.2761354446411133 34.69600296020508 419.7333679199219
v -0.7274166941642761 37.06092071533203 418.158935546875
v -1.7921239137649536 40.86967849731445 550.1346435546875
v -0.9592120051383972 41.92158889770508 439.0570068359375
v -1.5844740867614746 43.20090103149414 437.81195068359375
v -1.9064972400665283 42.273475646972656 451.0843811035156
v -1.8012022972106934 45.611541748046875 441.3382263183594
v -1.1895825862884521 0.36995187401771545 556.2283325195312
v -2.034588575363159 2.5336132049560547 549.6902465820312
v -1.328902244567871 1.465698003768921 556.854736328125
v -2.6458535194396973 2.3320326805114746 555.517822265625
v -2.2296135425567627 1.8895223140716553 366.3946228027344
v -1.681325912475586 1.290266513824463 369.33538818359375
v -1.6474571228027344 3.3222787380218506 361.9876708984375
v -1.8009549379348755 3.079108953475952 373.7408752441406
v -2.029505491256714 5.2495245933532715 554.1567993164062
v -2.2741191387176514 10.520153045654297 518.899658203125
v -1.580367922782898 11.23958969116211 358.6974182128906
v -1.8390264511108398 14.777472496032715 375.8473205566406
v -1.7540278434753418 18.89297103881836 365.93341064453125
v -1.7556232213974 33.365386962890625 417.2251281738281
v -1.8437446355819702 36.110408782958984 409.76800537109375
v -1.060038447380066 39.417152404785156 550.4998779296875
v -2.3755602836608887 39.256591796875 446.1128234863281
v -1.2905514240264893 41.36049270629883 553.4140625
v -1.0126314163208008 45.36898422241211 444.7895202636719
v -1.9026198387145996 -0.8940637111663818 569.3258666992188
v -1.9949249029159546 -0.5186847448348999 567.2147827148438
v -1.9198877811431885 1.5182957649230957 566.2382202148438
v -1.9794096946716309 2.508643388748169 570.742919921875
v -1.7143316268920898 2.091686964035034 364.1937561035156
v -0.7145333886146545 3.930551052093506 550.9802856445312
v -1.3594133853912354 3.401277780532837 566.4202880859375
v -1.005463719367981 3.5617244243621826 569.02783203125
v -1.533846378326416 5.284494876861572 550.2771606445312
v -1.5072555541992188 6.329190731048584 376.7318420410156
v -1.8814940452575684 11.901662826538086 515.9520874023438
v -1.7927401065826416 12.76301383972168 518.835205078125
v -1.669148564338684 13.394152641296387 516.0066528320312
v -1.4901365041732788 15.798226356506348 360.5404052734375
v -1.3944339752197266 18.089984893798828 363.13800048828125
v -1.3829619884490967 19.16728401184082 369.35858154296875
v -1.074914574623108 17.860313415527344 418.98626708984375
v -0.565022885799408 18.319965362548828 412.8201599121094
v 1.1239122152328491 26.974836349487305 530.0012817382812
v -0.6081315279006958 26.982624053955078 409.3751220703125
v -2.0534324645996094 33.803131103515625 409.01361083984375
v -1.765189290046692 38.48139953613281 411.72515869140625
v -1.3270450830459595 39.73569869995117 451.4707946777344
v -1.3191031217575073 40.03705596923828 415.90362548828125
v -0.6841117739677429 -0.8668332695960999 569.9180908203125
v -1.1104366779327393 0.37274235486984253 566.1448364257812
v -0.7054880857467651 -0.3634522557258606 553.9692993164062
v -1.088492512702942 1.0683200359344482 551.356201171875
v -1.1167048215866089 3.238661289215088 556.2723999023438
v -0.972318708896637 2.7777366638183594 566.5994262695312
v -0.939189076423645 3.747309684753418 375.4869689941406
v -1.7492038011550903 6.330276966094971 551.6398315429688
v -1.6845073699951172 8.959783554077148 377.2587585449219
v -0.8090858459472656 9.519464492797852 358.248046875
v -1.3354072570800781 11.962522506713867 377.48419189453125
v -1.6168556213378906 11.65555477142334 518.1651611328125
v -0.7441413998603821 13.655714988708496 358.8033447265625
v -1.0184115171432495 23.83650016784668 422.03521728515625
v 0.15781345963478088 23.198505401611328 410.3953857421875
v -1.3039084672927856 30.511611938476562 418.52960205078125
v -0.8066807389259338 31.933164596557617 416.85760498046875
v -0.9035392999649048 38.93755340576172 413.6678161621094
v -0.7856613993644714 38.92970275878906 445.091552734375
v -0.46609365940093994 38.77667999267578 553.6404418945312
v -0.2937074303627014 39.70825958251953 553.9014892578125
v -0.998031497001648 39.26203536987305 417.2284851074219
v -1.2418029308319092 44.30197525024414 448.4374694824219
v -0.972405195236206 43.610530853271484 450.8451843261719
v -0.5457899570465088 44.1077766418457 440.0699462890625
v -0.5467965602874756 -0.27796700596809387 556.0792236328125
v 0.22451350092887878 0.050583936274051666 367.75030517578125
v -1.2021180391311646 1.579715609550476 565.68603515625
v -0.026601336896419525 0.812897801399231 364.9991455078125
v -0.3229701519012451 0.7260162234306335 371.359619140625
v -0.7578504085540771 2.1233856678009033 550.5878295898438
v -0.3594079613685608 2.1521475315093994 362.4700622558594
v -1.0612564086914062 3.6441221237182617 567.93505859375
v -0.522868812084198 4.720650672912598 359.8511657714844
v -0.22769244015216827 4.676026344299316 554.8494262695312
v -0.9904947280883789 6.59243631362915 377.90631103515625
v -0.18298429250717163 17.35638427734375 361.0792236328125
v -0.0045755477622151375 19.319171905517578 372.2476806640625
v 0.15799205005168915 19.488765716552734 411.50823974609375
v -0.1781938672065735 19.333885192871094 421.2713928222656
v -0.33873769640922546 26.24456214904785 529.987060546875
v -0.7805477380752563 26.549226760864258 421.5621032714844
v -0.40712839365005493 34.28125 416.1624755859375
v -0.8293552398681641 34.20722198486328 409.7951354980469
v -0.41632595658302307 37.84496307373047 417.0274658203125
v -0.369337260723114 37.946563720703125 552.745849609375
v 0.25148501992225647 38.50589370727539 450.7513427734375
v -0.6700869202613831 38.957298278808594 451.0895080566406
v -1.0974202156066895 41.30107879638672 452.51153564453125
v -0.906110942363739 44.97067642211914 440.647705078125
v -0.9234499931335449 -21.597171783447266 53.12319564819336
v -0.7546800374984741 -23.922008514404297 50.652671813964844
v -0.8969298005104065 -22.14107322692871 50.08566665649414
v -0.8887984752655029 -20.733049392700195 50.484737396240234
v 0.10242277383804321 -1.3937034606933594 568.2265625
v -0.256153404712677 -1.0117567777633667 567.1836547851562
v -0.6359179019927979 2.572037935256958 570.6342163085938
v -0.5649229884147644 3.594435691833496 376.5309753417969
v -0.3864012658596039 5.176502227783203 552.8267822265625
v -0.33870729804039 10.38896369934082 379.52093505859375
v -0.6361818909645081 11.573232650756836 378.6480712890625
v -0.39470335841178894 15.197644233703613 376.7891540527344
v 0.11883261054754257 19.233972549438477 363.7892761230469
v 0.32726022601127625 24.592844009399414 530.968505859375
v 0.732803225517273 26.83154296875 532.7958374023438
v 0.33036306500434875 27.397947311401367 421.04681396484375
v 0.8057658076286316 27.702695846557617 531.1444702148438
v 0.3121953308582306 29.88108253479004 410.05908203125
v -0.20792293548583984 35.120643615722656 410.8331604003906
v -0.32507866621017456 40.93735122680664 550.7711791992188
v -0.19487719237804413 40.711734771728516 441.45745849609375
v -0.3314802646636963 42.78823471069336 452.5251159667969
v 0.4961879551410675 44.47057342529297 447.94366455078125
v -0.5341638922691345 -24.54684829711914 55.27608108520508
v 0.06421009451150894 -26.831071853637695 55.15035629272461
v 0.026316791772842407 -23.706302642822266 58.66606140136719
v -0.16941043734550476 -20.74636459350586 44.09977722167969
v -0.2656401991844177 -21.332820892333984 56.470645904541016
v -0.08460764586925507 -19.02882957458496 54.864776611328125
v -0.5818421244621277 -18.869430541992188 51.24087142944336
v -0.3446105718612671 -18.24484634399414 45.41652297973633
v -0.24936126172542572 -18.05278778076172 48.937259674072266
v -0.20228014886379242 -0.2759682238101959 570.2623901367188
v 0.47378018498420715 0.27056431770324707 552.3087768554688
v 0.05741916969418526 0.7638087868690491 557.995361328125
v 0.07924465835094452 1.744788646697998 565.6279296875
v 0.9399747848510742 1.3390769958496094 564.6638793945312
v 0.7507808208465576 1.4213515520095825 570.6513671875
v 0.31928786635398865 0.9674742221832275 372.9797058105469
v 0.6884410977363586 3.132922410964966 556.966064453125
v 0.1516008824110031 2.7768936157226562 566.0992431640625
v 0.2589319050312042 3.7092719078063965 567.720458984375
v 0.5338270664215088 6.463494300842285 358.39105224609375
v 0.6958559155464172 8.822481155395508 357.689208984375
v 0.11630184203386307 14.792319297790527 378.0036926269531
v 0.5951883792877197 16.911441802978516 419.1606140136719
v 0.3327981233596802 20.156713485717773 367.21575927734375
v 1.3754478693008423 20.57408332824707 370.014892578125
v 1.6449161767959595 20.50920867919922 422.3262023925781
v 0.1553189903497696 24.760196685791016 530.151123046875
v 1.0365351438522339 24.57122039794922 531.64599609375
v 0.5401356816291809 25.593387603759766 532.7327880859375
v -0.4711896777153015 25.981176376342773 519.0059204101562
v -0.677895724773407 27.204727172851562 519.5947265625
v -0.42422017455101013 25.474159240722656 522.374755859375
v -0.31001606583595276 27.334278106689453 517.4512939453125
v -0.2516116499900818 37.935203552246094 415.06683349609375
v 0.6313696503639221 37.41596221923828 551.6550903320312
v 0.84772789478302 38.455108642578125 450.012451171875
v 0.8094277381896973 39.11747741699219 550.5673217773438
v 0.4278281629085541 39.75385284423828 453.58099365234375
v 0.2124534696340561 40.347232818603516 553.6767578125
v -0.14061284065246582 43.0175895690918 440.1722717285156
v 0.4658173620700836 44.23118209838867 450.3154602050781
v 0.39051175117492676 44.760032653808594 443.9978332519531
v 0.24669548869132996 -25.73307228088379 58.79608154296875
v 0.11901973932981491 -26.027158737182617 49.97782516479492
v 0.5329515933990479 -22.89154815673828 43.49351119995117
v 0.11730492860078812 -18.918210983276367 42.79877471923828
v 0.39172831177711487 -16.416343688964844 43.64729690551758
v 0.5816227197647095 -16.518177032470703 52.18485641479492
v 0.358979731798172 -15.914700508117676 46.07686996459961
v 0.15575961768627167 1.5287798643112183 551.8472900390625
v 0.40792474150657654 1.1052861213684082 374.50982666015625
v 1.2504587173461914 3.0594725608825684 360.409423828125
v 1.0629340410232544 3.2481067180633545 568.6356811523438
v 0.3756072223186493 3.8749337196350098 552.4439697265625
v 0.14840364456176758 6.966272830963135 379.5023498535156
v 1.1132807731628418 11.195530891418457 357.5148620605469
v 0.3651978671550751 15.01031494140625 378.8153076171875
v 0.532529354095459 15.296438217163086 359.03900146484375
v 1.2612391710281372 17.875879287719727 375.8435363769531
v 0.7611818909645081 16.14982795715332 416.4731750488281
v 1.2561718225479126 18.579341888427734 361.85107421875
v 0.24977026879787445 24.78838348388672 525.1239624023438
v 0.13131357729434967 24.07953453063965 523.9209594726562
v 1.9228688478469849 22.920604705810547 422.50225830078125
v 0.0905904471874237 25.83783531188965 523.54931640625
v 0.29463520646095276 27.3685359954834 521.2472534179688
v 0.05388876795768738 28.11835289001465 519.775146484375
v 0.03928346559405327 29.4209041595459 514.6819458007812
v 0.13542550802230835 28.857967376708984 517.3417358398438
v 1.2692731618881226 28.02490234375 420.2340393066406
v 0.49204394221305847 32.6075553894043 415.2396240234375
v 0.3587985336780548 31.735538482666016 416.188232421875
v 0.2350122630596161 35.41883850097656 414.4425048828125
v 0.4779057502746582 34.783382415771484 412.4729919433594
v 0.6642026901245117 39.66498565673828 444.5403137207031
v 0.5884487628936768 41.729156494140625 453.9989013671875
v 2.129788875579834 40.292816162109375 552.8759155273438
v 1.1938481330871582 40.73428726196289 443.6294250488281
v 0.5752524137496948 41.19139862060547 551.887451171875
v 2.026421308517456 43.21498107910156 453.5430603027344
v 1.0215908288955688 44.044551849365234 443.654541015625
v 0.8115038275718689 -26.174938201904297 47.8759765625
v 0.6839702725410461 -21.95111656188965 60.026451110839844
v 0.777523398399353 -21.229883193969727 41.570274353027344
v 0.9808200001716614 -18.67603302001953 40.46186447143555
v 0.7970730662345886 -16.515369415283203 41.79285430908203
v 0.8982358574867249 -15.859460830688477 50.0367546081543
v 1.018320083618164 -1.0937516689300537 557.3291625976562
v 1.7764226198196411 -0.5000206828117371 554.1809692382812
v 1.526836633682251 0.11608456075191498 559.2908325195312
v 2.7052502632141113 0.4888075292110443 363.1871643066406
v 0.881461501121521 2.819913148880005 552.753173828125
v 2.166321039199829 1.5423128604888916 377.357177734375
v 1.786350965499878 2.6319401264190674 569.4269409179688
v 1.2726898193359375 3.883044958114624 554.7042846679688
v 1.7528220415115356 4.525855541229248 359.0617370605469
v 0.812139630317688 9.239843368530273 380.64794921875
v 0.8966626524925232 12.674455642700195 380.4356994628906
v 1.1168029308319092 17.309368133544922 376.6789245605469
v 0.9081199765205383 23.23149871826172 524.7379150390625
v 0.6018581986427307 25.37369155883789 518.5574340820312
v 0.5672165751457214 25.28158950805664 528.9586791992188
v 0.8729034066200256 26.606319427490234 516.2695922851562
v 0.8692828416824341 26.298282623291016 523.4893798828125
v 0.9932811260223389 27.698575973510742 515.0767822265625
v 0.2734515368938446 28.263154983520508 515.3798828125
v 1.2010709047317505 27.90769386291504 410.2582702636719
v 0.9942487478256226 28.415874481201172 519.620361328125
v 0.36602866649627686 28.667173385620117 512.9111938476562
v 0.37053778767585754 30.03535270690918 515.9849853515625
v 0.5622813701629639 29.48241424560547 511.1789855957031
v 2.7980690002441406 28.00943946838379 419.3104248046875
v 0.6672435402870178 30.872499465942383 511.0411682128906
v 1.2846497297286987 36.339080810546875 553.1719970703125
v 1.7746455669403076 36.766693115234375 554.4503784179688
v 2.5671069622039795 36.07041549682617 552.1364135742188
v 1.3897119760513306 38.995887756347656 448.1759948730469
v 1.5079691410064697 38.41427230834961 451.9770202636719
v 2.532656669616699 39.18735122680664 554.10693359375
v 1.1976264715194702 -28.788585662841797 55.706329345703125
v 1.454775094985962 -28.958473205566406 53.52786636352539
v 1.7165639400482178 -28.81317901611328 60.706932067871094
v 1.1431608200073242 -25.875242233276367 62.005401611328125
v 1.6681548357009888 -20.095481872558594 60.60456466674805
v 1.5908770561218262 -16.792251586914062 55.868072509765625
v 1.1506413221359253 -14.637472152709961 38.79792785644531
v 1.5698893070220947 -14.039324760437012 47.0855598449707
v 1.7049760818481445 -0.8590322732925415 555.0980224609375
v 1.4454387426376343 -0.7583131790161133 565.5758666992188
v 1.3434183597564697 -0.2270347774028778 370.77178955078125
v 1.579024076461792 -0.46027877926826477 570.2774658203125
v 2.110764980316162 -0.3393062353134155 365.5863037109375
v 1.6519715785980225 -0.5315018892288208 372.4307556152344
v 1.4884861707687378 0.5534470677375793 552.9786987304688
v 2.222102165222168 1.7786436080932617 558.991455078125
v 1.7242767810821533 2.488676071166992 566.1176147460938
v 1.4514626264572144 3.054165840148926 567.1758422851562
v 1.8679325580596924 3.422940969467163 556.0634155273438
v 1.1528747081756592 4.837593078613281 379.39898681640625
v 1.8455501794815063 12.177051544189453 381.69586181640625
v 2.113420009613037 12.848784446716309 357.5767822265625
v 1.852607250213623 14.559535026550293 380.8048095703125
v 2.0290093421936035 17.258275985717773 360.024658203125
v 1.653814673423767 18.340023040771484 421.28045654296875
v 2.0791003704071045 18.86102294921875 375.1929626464844
v 2.372610330581665 20.272462844848633 364.58245849609375
v 0.8964954018592834 23.75480079650879 529.7425537109375
v 0.6238260865211487 24.49217987060547 527.7484741210938
v 1.1994898319244385 24.387128829956055 521.5892944335938
v 1.2993141412734985 25.5323486328125 527.3870849609375
v 2.056407928466797 25.138242721557617 410.81341552734375
v 1.4280041456222534 25.686798095703125 525.5467529296875
v 3.5848002433776855 23.910676956176758 422.18499755859375
v 1.1694127321243286 30.346942901611328 516.4544067382812
v 1.1963441371917725 28.893367767333984 509.38446044921875
v 0.8664882183074951 29.474645614624023 506.8987121582031
v 1.07768714427948 29.126604080200195 505.2928466796875
v 0.7802492380142212 30.168272018432617 502.50408935546875
v 0.40525269508361816 30.474123001098633 505.3102111816406
v 0.4972452223300934 30.970230102539062 506.87835693359375
v 0.6361838579177856 31.53857421875 502.2547302246094
v 0.5995061993598938 31.670122146606445 505.3258056640625
v 0.9935716986656189 31.147642135620117 513.2692260742188
v 1.2693849802017212 32.309226989746094 506.3077392578125
v 1.147823691368103 31.393930435180664 411.95526123046875
v 1.1590008735656738 31.631269454956055 414.9227600097656
v 1.1754789352416992 31.929258346557617 413.5044250488281
v 1.869361400604248 39.88706588745117 551.2194213867188
v 1.4448294639587402 42.64871597290039 443.2223815917969
v 1.6245990991592407 -27.9751033782959 49.491825103759766
v 1.549715280532837 -27.42894744873047 62.12032699584961
v 1.6058143377304077 -23.27480125427246 63.131752014160156
v 1.9725511074066162 -24.762386322021484 42.59719467163086
v 1.458635687828064 -20.000638961791992 39.766456604003906
v 1.2410179376602173 -16.59958267211914 37.93177795410156
v 2.374022960662842 -14.283451080322266 50.488136291503906
v 1.4427505731582642 -13.28449821472168 40.92491912841797
v 1.4546403884887695 -14.317599296569824 43.254886627197266
v 1.8735164403915405 -1.7250182628631592 567.0075073242188
v 2.866278886795044 -1.2579479217529297 564.8563232421875
v 1.8950444459915161 -1.4913268089294434 568.5852661132812
v 2.5085806846618652 -0.8881584405899048 368.64697265625
v 1.5377538204193115 1.0885905027389526 564.2778930664062
v 3.582571506500244 0.2309487760066986 376.97576904296875
v 2.365246057510376 2.734149217605591 378.9473876953125
v 2.623594284057617 5.797565460205078 358.17218017578125
v 2.2527692317962646 15.807879447937012 380.4891662597656
v 2.5493297576904297 17.3046932220459 379.65667724609375
v 4.391512393951416 15.005245208740234 414.5633239746094
v 3.780550241470337 15.296303749084473 418.2236328125
v 1.6564055681228638 18.413856506347656 377.1044006347656
v 1.5481384992599487 23.480241775512695 530.0906982421875
v 1.9461643695831299 23.486167907714844 523.9649658203125
v 1.5797260999679565 25.695146560668945 517.93310546875
v 1.5803166627883911 25.904029846191406 528.796630859375
v 1.9012223482131958 27.395893096923828 520.7318115234375
v 1.7578247785568237 26.433387756347656 532.0491943359375
v 2.064239501953125 26.796798706054688 530.6990356445312
v 1.7035961151123047 27.84001922607422 512.9156494140625
v 2.0062756538391113 28.308656692504883 511.2495422363281
v 1.9881874322891235 28.642269134521484 518.4008178710938
v 1.7935155630111694 29.500890731811523 500.6249694824219
v 1.9288177490234375 30.014434814453125 517.0248413085938
v 1.1370530128479004 30.879444122314453 499.5665588378906
v 1.520323395729065 30.306678771972656 497.826904296875
v 1.4464837312698364 31.221099853515625 496.3402404785156
v 1.0306336879730225 31.488737106323242 498.428955078125
v 1.6137032508850098 31.731786727905273 510.8665466308594
v 1.5577470064163208 32.50270462036133 496.7095031738281
v 1.4541192054748535 32.558631896972656 499.5710754394531
v 1.8397234678268433 32.32815170288086 509.2232360839844
v 1.5365077257156372 32.85952377319336 501.5599670410156
v 1.8872066736221313 38.47010040283203 554.5739135742188
v 2.8440678119659424 38.477638244628906 455.0205383300781
v 1.9283462762832642 43.502044677734375 447.0710144042969
v 2.7429327964782715 -30.491783142089844 55.08932113647461
v 2.457726240158081 -30.161203384399414 59.94673538208008
v 2.772043228149414 -26.587669372558594 65.77387237548828
v 2.817108392715454 -27.085723876953125 45.05322265625
v 2.159334659576416 -23.122379302978516 40.5650749206543
v 2.704148530960083 -20.43272590637207 63.01625061035156
v 2.409583806991577 -18.15705680847168 35.84178924560547
v 1.797482967376709 -15.32722282409668 36.676971435546875
v 2.7893266677856445 -14.360372543334961 52.977867126464844
v 2.0161631107330322 -12.41347885131836 38.92803192138672
v 2.5584495067596436 -12.760704040527344 44.425537109375
v 1.861762523651123 -1.63991117477417 558.2713623046875
v 2.2036080360412598 -1.737268090248108 556.52685546875
v 2.1236937046051025 -0.3672553598880768 560.81689453125
v 2.027132272720337 -1.3477839231491089 560.1619262695312
v 1.9774638414382935 -0.061867136508226395 563.6845703125
v 1.9344884157180786 1.1748461723327637 570.5574951171875
v 2.635348081588745 7.223031520843506 382.27618408203125
v 3.35813045501709 7.600051403045654 357.4511413574219
v 2.2502334117889404 9.10202407836914 382.3245849609375
v 2.0884623527526855 11.162121772766113 382.1435546875
v 1.6568909883499146 11.663314819335938 382.97943115234375
v 1.6973435878753662 13.022950172424316 382.11932373046875
v 1.6832181215286255 15.40164566040039 381.9100036621094
v 2.9726662635803223 15.88149356842041 358.7699890136719
v 4.5610737800598145 15.585779190063477 413.0729064941406
v 4.6743998527526855 16.25444793701172 420.21441650390625
v 3.11769962310791 20.077157974243164 373.6485290527344
v 3.19004225730896 19.640235900878906 410.7537536621094
v 5.537405967712402 16.711156845092773 411.44512939453125
v 3.052891254425049 21.143211364746094 368.0959167480469
v 2.375173568725586 23.108835220336914 525.3553466796875
v 2.386171817779541 23.036212921142578 527.7750244140625
v 3.876009702682495 21.86079978942871 410.5021057128906
v 2.1742055416107178 24.78229331970215 522.6888427734375
v 2.5212271213531494 24.261856079101562 530.561279296875
v 2.0584006309509277 25.74293327331543 524.1263427734375
v 1.6753332614898682 26.286911010742188 522.9359741210938
v 5.077787399291992 24.672199249267578 421.4647521972656
v 2.3098318576812744 27.7146053314209 515.2001953125
v 2.5777101516723633 28.345888137817383 510.0151672363281
v 2.196791648864746 29.330076217651367 411.8599853515625
v 2.0006024837493896 28.7829532623291 507.348876953125
v 2.2181785106658936 29.561721801757812 497.8428039550781
v 2.5282158851623535 30.128421783447266 414.2572021484375
v 2.2999677658081055 30.848474502563477 492.3170166015625
v 1.9895222187042236 31.593158721923828 512.665283203125
v 1.666452169418335 32.689327239990234 492.9530944824219
v 1.4911519289016724 32.7159538269043 495.6040344238281
v 1.8760865926742554 33.07725524902344 489.9904479980469
v 1.5546408891677856 33.205543518066406 491.8761291503906
v 1.8706655502319336 31.500059127807617 491.4692077636719
v 2.5264155864715576 32.59418869018555 507.2023010253906
v 2.159398317337036 35.14642333984375 554.191650390625
v 2.5206520557403564 34.69077682495117 553.2691040039062
v 2.635215997695923 37.013916015625 554.8458862304688
v 2.8650052547454834 38.81162643432617 450.7456970214844
v 2.7885220050811768 38.21027374267578 453.5525817871094
v 2.111182689666748 39.44563674926758 455.6603088378906
v 2.464191198348999 41.124778747558594 456.7051696777344
v 2.144254684448242 41.062156677246094 445.929931640625
v 2.530900478363037 42.28398132324219 455.76763916015625
v 2.3560965061187744 42.294334411621094 446.5255432128906
v 2.5729150772094727 43.56137466430664 451.2093505859375
v 3.3887646198272705 -30.479825973510742 52.354671478271484
v 2.3112235069274902 -21.393381118774414 39.05156707763672
v 2.4947855472564697 -16.00492286682129 35.49720001220703
v 2.114176034927368 -14.478548049926758 35.877838134765625
v 2.1916821002960205 -12.340632438659668 36.6938362121582
v 2.047572374343872 -13.58129596710205 31.232261657714844
v 1.8825818300247192 -11.789301872253418 31.8352108001709
v 2.7578330039978027 -10.458629608154297 36.89796829223633
v 2.526932954788208 -11.302079200744629 41.51094436645508
v 2.1749374866485596 -12.34521770477295 29.76374626159668
v 2.2358081340789795 -10.022745132446289 31.82948875427246
v 2.336205005645752 -9.595544815063477 26.997119903564453
v 2.38197922706604 -10.393607139587402 24.4713191986084
v 2.2595672607421875 -7.999396324157715 24.34653091430664
v 1.957998514175415 -7.0591888427734375 20.410572052001953
v 2.5035626888275146 -8.598234176635742 19.996112823486328
v 2.1273179054260254 -5.393040180206299 17.0374813079834
v 1.814829707145691 -4.355644226074219 18.918872833251953
v 1.9845528602600098 -3.651313066482544 19.928537368774414
v 2.5578203201293945 -5.12816047668457 23.506616592407227
v 2.2026004791259766 -3.9176034927368164 17.275100708007812
v 2.9625988006591797 -1.4237253665924072 370.2405700683594
v 2.521451234817505 -1.0111618041992188 561.9695434570312
v 2.7523255348205566 0.16400443017482758 570.3762817382812
v 3.3896801471710205 -0.3288232982158661 555.7943725585938
v 2.3062541484832764 -0.29387715458869934 562.4479370117188
v 2.7095086574554443 0.7616233229637146 561.9740600585938
v 3.843217372894287 1.332617998123169 561.1914672851562
v 2.4461817741394043 2.300276279449463 554.6856079101562
v 2.831773281097412 2.52179217338562 557.9661865234375
v 3.0406436920166016 2.9293088912963867 380.1662292480469
v 3.118220090866089 4.95589017868042 381.6767272949219
v 3.3580517768859863 9.993559837341309 357.0887756347656
v 2.4759104251861572 6.779774188995361 383.01495361328125
v 1.8700891733169556 9.619431495666504 383.1364440917969
v 2.0150437355041504 15.23878288269043 381.38470458984375
v 1.8580838441848755 16.632591247558594 381.25634765625
v 2.9913737773895264 18.652307510375977 378.70318603515625
v 2.7826902866363525 20.360231399536133 374.9381408691406
v 4.070847034454346 21.585613250732422 422.5489807128906
v 2.2992851734161377 25.937660217285156 519.7217407226562
v 2.216618776321411 25.424270629882812 521.9168090820312
v 2.639496088027954 25.510377883911133 528.8964233398438
v 2.7369298934936523 25.503210067749023 530.729248046875
v 2.4904725551605225 26.62660026550293 517.255126953125
v 2.2951066493988037 26.57417869567871 520.7860717773438
v 3.4555420875549316 26.91205596923828 412.366943359375
v 2.3636274337768555 28.757951736450195 503.7678527832031
v 2.815286159515381 28.761798858642578 508.3975524902344
v 2.824298858642578 29.189346313476562 500.37628173828125
v 3.4576473236083984 28.483963012695312 417.41845703125
v 2.527383327484131 30.726675033569336 515.0409545898438
v 2.9808568954467773 32.076114654541016 488.3769836425781
v 3.0819828510284424 33.010074615478516 503.62237548828125
v 2.6119229793548584 33.5768928527832 497.2530822753906
v 2.5449023246765137 33.29466247558594 501.5099182128906
v 2.53682279586792 34.19440841674805 493.84381103515625
v 2.303673267364502 33.73405075073242 489.12176513671875
v 2.0680320262908936 34.34444808959961 491.54443359375
v 2.9875576496124268 37.518558502197266 551.5961303710938
v 3.1016247272491455 39.782405853271484 449.5884094238281
v 3.1463778018951416 38.99601745605469 551.994873046875
v 3.548794746398926 -31.337669372558594 59.44305419921875
v 3.787442445755005 -29.607460021972656 49.06389236450195
v 4.596027851104736 -21.97675132751465 67.43822479248047
v 3.460839033126831 -20.529354095458984 36.01520919799805
v 3.5763437747955322 -15.269316673278809 56.49788284301758
v 3.428410291671753 -17.66558265686035 60.18045425415039
v 2.7962663173675537 -15.22691822052002 30.71782875061035
v 2.8157641887664795 -14.13097858428955 28.87917709350586
v 2.414893627166748 -11.026798248291016 26.246070861816406
v 3.149277925491333 -10.57744312286377 40.67561340332031
v 2.8841848373413086 -10.31355094909668 22.483142852783203
v 2.858034133911133 -8.379008293151855 28.807952880859375
v 3.2702105045318604 -7.941961765289307 29.854045867919922
v 2.642446517944336 -6.702066421508789 25.570104598999023
v 2.789578914642334 -7.155693054199219 16.936742782592773
v 3.1895337104797363 -5.237042427062988 15.442522048950195
v 2.946857213973999 -1.7799415588378906 15.078384399414062
v 2.831049919128418 -2.497567653656006 21.24445343017578
v 2.424759864807129 -2.0965566635131836 16.62137794494629
v 2.5709877014160156 -1.47955322265625 18.28905487060547
v 3.6862103939056396 -1.5116044282913208 557.4302978515625
v 3.162976026535034 -2.145491361618042 558.7185668945312
v 3.3045878410339355 0.2905915677547455 16.541532516479492
v 3.2269985675811768 -1.3550587892532349 568.7179565429688
v 2.687929153442383 1.1063429117202759 560.4462890625
v 3.363650321960449 0.9688366055488586 555.6009521484375
v 3.5792791843414307 1.064605951309204 569.8584594726562
v 3.9233553409576416 2.3574671745300293 567.4599609375
v 3.2532529830932617 2.4413950443267822 557.0178833007812
v 3.9917304515838623 13.509889602661133 357.60675048828125
v 4.495014190673828 15.169584274291992 385.84674072265625
v 2.23660945892334 18.010347366333008 380.6322021484375
v 2.6660683155059814 19.313817977905273 379.72918701171875
v 4.002082347869873 20.771821975708008 376.6004333496094
v 3.9024267196655273 18.434648513793945 421.7450866699219
v 4.611244201660156 19.66839599609375 362.5936584472656
v 4.480286598205566 21.0152530670166 365.7436218261719
v 2.9189460277557373 24.10112190246582 524.5874633789062
v 2.7586960792541504 25.075651168823242 524.5101318359375
v 2.7075796127319336 27.45178985595703 518.190673828125
v 3.0248072147369385 28.046245574951172 516.6724853515625
v 2.944795846939087 28.11353874206543 512.9989624023438
v 2.875615119934082 29.251745223999023 516.7879638671875
v 3.57967472076416 29.315778732299805 496.6997985839844
v 3.229649066925049 30.020967483520508 493.3825988769531
v 2.801295518875122 30.683307647705078 491.1592102050781
v 3.0191447734832764 31.375782012939453 512.631591796875
v 3.319216728210449 31.61162757873535 510.731201171875
v 2.853839635848999 33.346439361572266 486.0637512207031
v 2.47891902923584 34.722713470458984 484.55413818359375
v 2.8910374641418457 34.022220611572266 483.448486328125
v 2.7705276012420654 34.01294708251953 555.0826416015625
v 2.8673348426818848 34.984901428222656 489.5678405761719
v 3.202059268951416 35.1446647644043 492.05364990234375
v 2.4893476963043213 35.45359802246094 485.2438659667969
v 2.8392245769500732 35.526634216308594 487.0524597167969
v 3.0110161304473877 36.42269515991211 485.6968994140625
v 3.5480897426605225 38.24823760986328 452.69622802734375
v 3.4518673419952393 40.77041244506836 449.45880126953125
v 2.6898632049560547 39.836280822753906 457.34332275390625
v 3.2948455810546875 42.259986877441406 457.2818298339844
v 4.118176460266113 42.7377815246582 456.446533203125
v 3.190916061401367 42.95370101928711 450.32012939453125
v 4.27276086807251 -29.781373977661133 66.78209686279297
v 4.25431489944458 -26.405900955200195 41.91653060913086
v 3.9341189861297607 -24.63764762878418 39.94402313232422
v 3.5460212230682373 -23.849742889404297 67.05351257324219
v 3.782166004180908 -26.005983352661133 67.77088928222656
v 3.731015205383301 -23.030139923095703 38.6024169921875
v 3.5538766384124756 -17.813941955566406 34.47623825073242
v 3.966487169265747 -12.347502708435059 48.560176849365234
v 3.9529967308044434 -13.259686470031738 50.97073745727539
v 4.178017616271973 -11.537028312683105 45.49250411987305
v 3.403132438659668 -12.295899391174316 23.92236328125
v 3.5790886878967285 -9.267857551574707 38.77079772949219
v 3.452082633972168 -9.705962181091309 19.07605743408203
v 3.23665189743042 -8.341374397277832 32.91820526123047
v 3.66530442237854 -9.01991081237793 37.17658996582031
v 3.4656524658203125 -6.155828475952148 15.184059143066406
v 3.677797555923462 -3.5162549018859863 14.204989433288574
v 3.6455416679382324 -3.878032684326172 24.38424301147461
v 3.4566287994384766 -1.7581534385681152 562.6060180664062
v 3.3842058181762695 -2.0266947746276855 567.301025390625
v 3.709307909011841 -1.6894227266311646 564.853515625
v 3.8109681606292725 0.23605330288410187 19.27984619140625
v 5.505786418914795 -1.886313557624817 373.574951171875
v 4.605897903442383 -1.032344102859497 375.3542785644531
v 4.338627338409424 -0.7624639272689819 365.4811096191406
v 4.7949538230896 1.1854363679885864 361.60528564453125
v 4.1860671043396 2.15317440032959 563.8626708984375
v 4.068938732147217 1.4730274677276611 556.768310546875
v 3.441525936126709 2.7128169536590576 566.27490234375
v 3.342578649520874 4.454930782318115 382.5091552734375
v 4.596529006958008 11.255694389343262 386.5771484375
v 4.96322774887085 14.61169719696045 415.84588623046875
v 4.976810455322266 18.455652236938477 384.4896240234375
v 6.088467597961426 21.154098510742188 382.8448486328125
v 3.3166489601135254 20.709867477416992 378.5844421386719
v 3.960808038711548 20.738174438476562 372.48309326171875
v 3.5831196308135986 21.252220153808594 373.7757873535156
v 3.325489044189453 24.284910202026367 527.6904296875
v 3.5836987495422363 28.979969024658203 511.0527038574219
v 3.1026759147644043 28.442163467407227 515.138671875
v 3.88716721534729 28.220718383789062 414.9882507324219
v 3.6783926486968994 28.99276351928711 504.0537109375
v 3.281406879425049 29.33384895324707 515.24365234375
v 3.585822105407715 30.530000686645508 513.4080810546875
v 3.255380153656006 30.00888442993164 556.527587890625
v 3.147695302963257 31.67877197265625 556.39404296875
v 3.5734987258911133 32.36962127685547 505.7151184082031
v 3.3973283767700195 33.286277770996094 501.2442626953125
v 3.531712770462036 34.50265121459961 494.4417724609375
v 3.3279380798339844 33.75532913208008 553.1063842773438
v 3.5276002883911133 35.840965270996094 479.76690673828125
v 3.176811456680298 36.89618682861328 481.0679931640625
v 3.7747414112091064 37.801143646240234 481.5718688964844
v 3.8756909370422363 38.48590087890625 457.03314208984375
v 3.608168125152588 38.616764068603516 553.4946899414062
v 3.5612871646881104 40.86388397216797 461.21142578125
v 3.4480626583099365 41.941261291503906 449.5621643066406
v 5.0386223793029785 -31.848609924316406 54.34817123413086
v 4.33709192276001 -28.467191696166992 67.9643783569336
v 4.879993438720703 -20.2578182220459 34.2929573059082
v 3.6314706802368164 -16.258705139160156 30.316347122192383
v 3.663069248199463 -14.772491455078125 27.500473022460938
v 3.8720130920410156 -10.163551330566406 42.69879150390625
v 4.415034770965576 -7.805284023284912 15.32725715637207
v 4.262916088104248 -5.681256294250488 27.93798065185547
v 4.0164055824279785 -1.4188750982284546 13.585083961486816
v 4.137246608734131 -1.5733280181884766 22.15003776550293
v 4.764683246612549 -2.335447311401367 561.2515258789062
v 4.672032833099365 -1.8145511150360107 367.8133850097656
v 3.9052958488464355 -0.547072172164917 569.0491333007812
v 4.128416061401367 0.21216796338558197 14.005067825317383
v 4.078393936157227 0.335392028093338 378.2805480957031
v 4.714184284210205 1.6465779542922974 560.2664184570312
v 5.261804580688477 2.616727590560913 360.0468444824219
v 5.542178153991699 9.289576530456543 357.23516845703125
v 4.76764440536499 12.848508834838867 386.7994384765625
v 3.521704912185669 19.6983585357666 377.8365783691406
v 5.368405342102051 21.7910213470459 380.3447265625
v 6.561061859130859 19.621746063232422 422.0962219238281
v 4.569857597351074 23.951702117919922 411.08990478515625
v 5.348036289215088 25.64228057861328 412.49072265625
v 5.813310623168945 25.827289581298828 420.13018798828125
v 3.694136142730713 29.067821502685547 556.3606567382812
v 4.072746276855469 27.068635940551758 559.4057006835938
v 3.3595900535583496 29.329959869384766 558.5508422851562
v 4.191037178039551 29.541423797607422 499.9524841308594
v 3.8268275260925293 29.372343063354492 506.8124694824219
v 3.8595151901245117 29.65658187866211 512.2030029296875
v 3.954874038696289 30.392667770385742 491.0848083496094
v 4.196399211883545 30.045242309570312 492.6761474609375
v 3.612591505050659 31.883689880371094 557.1412353515625
v 4.347795009613037 32.58770751953125 484.9747009277344
v 4.269491195678711 32.8281135559082 483.6031494140625
v 4.326630592346191 34.62693786621094 479.8985595703125
v 3.913663625717163 33.634788513183594 497.6632995605469
v 3.6997296810150146 34.623924255371094 555.6605224609375
v 4.735219478607178 34.07901382446289 553.006103515625
v 4.385129928588867 35.672630310058594 490.2057800292969
v 4.232124328613281 36.6431999206543 554.9865112304688
v 3.6936452388763428 36.209964752197266 477.86309814453125
v 3.593576431274414 37.27333450317383 480.0947265625
v 3.614738941192627 37.33884048461914 477.959228515625
v 3.7822799682617188 37.04364776611328 485.5591125488281
v 3.956333637237549 37.46224594116211 554.1177978515625
v 4.866372108459473 38.83921432495117 452.5936584472656
v 3.647343873977661 39.30656433105469 460.7612609863281
v 5.051660060882568 42.77030944824219 456.32965087890625
v 5.584162712097168 42.552799224853516 454.3122253417969
v 5.055704116821289 -32.39815139770508 58.144927978515625
v 5.1798200607299805 -31.29423713684082 66.3808364868164
v 4.691814422607422 -28.23370361328125 44.91391372680664
v 4.997888088226318 -19.761751174926758 65.57837677001953
v 4.996465682983398 -19.061418533325195 33.696502685546875
v 4.683526992797852 -13.180583953857422 23.01795768737793
v 4.714749813079834 -13.381619453430176 53.38483810424805
v 4.419394016265869 -11.672224998474121 21.378734588623047
v 4.826236724853516 -7.629527568817139 36.52387619018555
v 4.6804423332214355 -6.529832363128662 30.393985748291016
v 4.808252811431885 -1.8829078674316406 559.3786010742188
v 4.553957939147949 -1.7904502153396606 565.0243530273438
v 4.9649481773376465 -0.9795945882797241 567.6061401367188
v 4.2943196296691895 -0.812450647354126 557.1171264648438
v 4.705053806304932 0.4843055009841919 557.2662353515625
v 4.521561622619629 1.5224334001541138 15.211064338684082
v 4.467020034790039 1.4798591136932373 17.439409255981445
v 3.986091375350952 1.0780606269836426 569.0656127929688
v 4.493969440460205 2.6142518520355225 381.0577697753906
v 4.319217681884766 2.0131561756134033 557.935546875
v 5.74832820892334 4.3405938148498535 358.83709716796875
v 4.046795845031738 3.324084520339966 382.34027099609375
v 5.626819133758545 9.757469177246094 387.556884765625
v 5.873556613922119 18.373716354370117 360.88568115234375
v 6.007138729095459 17.9777889251709 410.51025390625
v 4.093587875366211 21.8254337310791 377.38482666015625
v 4.160499095916748 27.473106384277344 560.3970336914062
v 4.248363494873047 30.167945861816406 559.2330322265625
v 4.659616470336914 29.62428855895996 496.3711853027344
v 4.161892414093018 30.18905258178711 509.6076354980469
v 4.0397257804870605 31.202320098876953 509.22900390625
v 4.165833950042725 33.11306381225586 553.2692260742188
v 4.229979038238525 31.575551986694336 505.6969299316406
v 4.539170265197754 32.17210006713867 503.2410888671875
v 4.23057222366333 32.90664291381836 501.7350769042969
v 4.44489049911499 33.12527084350586 498.9256896972656
v 4.5860395431518555 34.47134780883789 494.5619201660156
v 4.117715835571289 35.22772979736328 477.9532775878906
v 4.314936637878418 36.707332611083984 552.7191162109375
v 4.645206928253174 34.667327880859375 555.5213012695312
v 4.257843971252441 36.56155014038086 474.5145568847656
v 4.693563461303711 38.26416015625 482.02764892578125
v 5.077756881713867 38.315277099609375 455.60369873046875
v 4.296698570251465 38.590694427490234 477.65093994140625
v 3.6694889068603516 39.3615837097168 465.60137939453125
v 3.897388458251953 38.37980651855469 465.9960632324219
v 4.117432594299316 38.66737747192383 463.3981018066406
v 4.6754279136657715 38.4109001159668 460.2589416503906
v 4.250164031982422 38.850711822509766 470.5656433105469
v 4.1755757331848145 37.876914978027344 470.2746887207031
v 3.7947771549224854 40.218231201171875 464.1308288574219
v 3.867584466934204 40.392372131347656 465.63482666015625
v 4.468630790710449 41.40824508666992 463.6611633300781
v 4.479188919067383 41.87567901611328 461.0064392089844
v 5.900766372680664 41.49545669555664 453.0732116699219
v 5.286201477050781 -32.18012619018555 62.24427795410156
v 6.15718936920166 -32.43019485473633 65.7751693725586
v 5.16400146484375 -22.575475692749023 68.25030517578125
v 4.951416015625 -21.623023986816406 35.4743537902832
v 5.030231475830078 -16.67323875427246 28.76865577697754
v 5.519227504730225 -15.857847213745117 26.2293758392334
v 5.589477062225342 -15.89510726928711 59.345558166503906
v 4.777949333190918 -10.657594680786133 18.69583511352539
v 5.483826637268066 -9.43341064453125 43.769126892089844
v 5.286258220672607 -9.070152282714844 42.26319122314453
v 5.475489139556885 -7.58317232131958 39.77231216430664
v 5.631289958953857 -6.826854705810547 14.000009536743164
v 5.151768684387207 -5.882721424102783 14.096000671386719
v 5.594071388244629 -2.158888101577759 12.413495063781738
v 5.011335849761963 -3.284834146499634 25.535493850708008
v 5.422469139099121 -2.401228427886963 24.398710250854492
v 7.051855564117432 -2.5616910457611084 371.4031066894531
v 6.468259811401367 -1.2078917026519775 364.97314453125
v 5.645453453063965 0.6720120906829834 379.9599609375
v 5.74326229095459 1.7461127042770386 565.5160522460938
v 4.652148723602295 1.9277782440185547 381.5582580566406
v 6.388298034667969 5.281533241271973 386.1972961425781
v 6.824099540710449 6.095423698425293 358.05712890625
v 5.747816562652588 7.348052978515625 386.7897644042969
v 6.229732036590576 16.511201858520508 359.31298828125
v 6.366045951843262 20.053728103637695 410.0474548339844
v 5.359699726104736 21.340505599975586 370.1778259277344
v 4.638643264770508 21.196290969848633 371.2601013183594
v 4.864557266235352 22.02989959716797 371.5673522949219
v 5.284320831298828 22.254274368286133 373.974853515625
v 4.791866779327393 21.76470375061035 375.0366516113281
v 5.516088485717773 22.51324462890625 373.2138366699219
v 4.654623985290527 25.950454711914062 559.7149658203125
v 4.264265060424805 25.0620174407959 561.2938842773438
v 4.601914405822754 24.466266632080078 560.737548828125
v 4.547755241394043 26.009353637695312 562.1593017578125
v 5.804659366607666 26.493436813354492 414.0069580078125
v 6.238487243652344 26.732595443725586 415.2649841308594
v 4.840479373931885 28.64025115966797 556.2138061523438
v 4.583446025848389 28.10149383544922 560.6981811523438
v 4.684057712554932 30.04393768310547 502.32391357421875
v 4.405407428741455 30.404741287231445 505.67047119140625
v 5.028286457061768 30.75457763671875 490.3193054199219
v 4.834478855133057 32.12705993652344 557.429443359375
v 5.089106559753418 35.40437698364258 474.5311279296875
v 5.170707702636719 37.25408935546875 485.68084716796875
v 4.93006706237793 36.190345764160156 553.531005859375
v 4.511475086212158 37.52808380126953 473.17236328125
v 4.557222366333008 37.08336639404297 468.94525146484375
v 4.727252006530762 38.760520935058594 473.1241760253906
v 4.608449935913086 38.53335952758789 474.9789733886719
v 4.727639198303223 38.413333892822266 480.2107238769531
v 5.085648536682129 38.111724853515625 462.26251220703125
v 5.341734409332275 40.26700973510742 451.9498596191406
v 4.642378330230713 41.22748947143555 466.2647399902344
v 4.7089433670043945 39.62977600097656 470.67425537109375
v 4.976925849914551 42.84029769897461 457.8582763671875
v 5.804231643676758 -31.48020362854004 51.742374420166016
v 5.732009410858154 -25.011844635009766 39.10041427612305
v 5.0954179763793945 -17.404600143432617 61.81058883666992
v 6.48980188369751 -14.143692016601562 56.78759002685547
v 6.229569435119629 -12.447759628295898 51.506839752197266
v 6.304391384124756 -10.710676193237305 46.41939163208008
v 8.14269733428955 -2.546074867248535 369.1827392578125
v 5.42833948135376 -2.3692007064819336 560.9020385742188
v 5.838951587677002 -0.6140764355659485 12.285463333129883
v 5.646631717681885 -1.2168552875518799 559.4546508789062
v 5.733597278594971 -1.8592909574508667 563.376953125
v 5.174276828765869 -1.266979694366455 376.43585205078125
v 6.037509441375732 0.01969842240214348 21.548418045043945
v 5.5686774253845215 -0.31076905131340027 364.0538330078125
v 5.041258811950684 1.1543030738830566 13.798701286315918
v 5.794410705566406 1.5547996759414673 562.6179809570312
v 5.1568474769592285 0.8900002837181091 567.4356689453125
v 5.75809907913208 1.9788765907287598 563.8040771484375
v 6.2114105224609375 14.530210494995117 417.248291015625
v 6.393839359283447 17.640804290771484 421.37921142578125
v 6.331798553466797 21.42657470703125 368.7131652832031
v 5.19541072845459 23.065908432006836 375.6312255859375
v 7.748210430145264 22.053308486938477 421.67254638671875
v 5.306832790374756 22.442655563354492 562.8018188476562
v 5.088596343994141 24.069480895996094 563.550537109375
v 5.946186542510986 21.595409393310547 564.6815185546875
v 5.219916343688965 30.226171493530273 493.456787109375
v 5.455557823181152 30.280624389648438 496.4546203613281
v 5.099557876586914 30.333585739135742 498.67681884765625
v 5.309974670410156 29.551776885986328 559.8956909179688
v 4.96327018737793 31.08751678466797 502.4234313964844
v 5.577858924865723 29.842449188232422 555.5071411132812
v 4.874856472015381 32.119728088378906 501.7132263183594
v 5.194094657897949 32.39470672607422 498.6925048828125
v 5.260092258453369 33.61652374267578 495.77630615234375
v 5.736617565155029 34.42549133300781 477.8043518066406
v 5.295190334320068 34.53731155395508 554.8011474609375
v 4.8898701667785645 36.63090896606445 473.08343505859375
v 5.175374984741211 37.13629150390625 466.4015808105469
v 5.5116143226623535 38.22429275512695 482.3481750488281
v 5.458693981170654 39.2246208190918 475.2039489746094
v 5.1333112716674805 39.11443328857422 478.11663818359375
v 5.369406700134277 41.878726959228516 463.4324035644531
v 5.714791297912598 42.10662841796875 460.7026672363281
v 6.02608585357666 -30.361238479614258 48.622528076171875
v 6.157207489013672 -29.5433406829834 69.88068389892578
v 6.449326992034912 -27.427927017211914 71.38468170166016
v 6.227928161621094 -25.566940307617188 71.25843811035156
v 6.67380428314209 -22.81411361694336 70.80070495605469
v 5.749505043029785 -13.64160442352295 22.698863983154297
v 6.0020527839660645 -12.256569862365723 20.671852111816406
v 6.3569135665893555 -10.71249771118164 17.66228485107422
v 6.25341272354126 -6.757599353790283 36.479915618896484
v 6.347216606140137 -4.508983135223389 28.24660301208496
v 5.794795513153076 -1.3474584817886353 565.4978637695312
v 5.592558860778809 1.1468310356140137 559.1810913085938
v 6.234892845153809 1.9432207345962524 18.52458381652832
v 5.862454414367676 0.03341202065348625 380.3375549316406
v 6.472593784332275 0.12009297311306 566.1727905273438
v 6.4220290184021 2.364168167114258 14.600776672363281
v 5.9432878494262695 2.493504285812378 16.319576263427734
v 7.470307350158691 11.100296974182129 357.50457763671875
v 7.914626121520996 15.114641189575195 358.73956298828125
v 7.426522254943848 15.917497634887695 390.0643615722656
v 7.120477199554443 15.461926460266113 419.41851806640625
v 6.050716400146484 15.199943542480469 412.8829345703125
v 7.3191962242126465 18.206348419189453 388.7588806152344
v 7.452041149139404 20.184368133544922 387.2557678222656
v 6.4700608253479 20.434890747070312 364.2346496582031
v 6.372438430786133 22.90481948852539 371.8199157714844
v 5.420942783355713 23.024173736572266 374.3899841308594
v 5.552498817443848 23.913890838623047 560.426025390625
v 5.824742317199707 25.091785430908203 563.5770874023438
v 5.898499965667725 26.171926498413086 559.0213623046875
v 8.025762557983398 25.589738845825195 418.5400390625
v 5.3476691246032715 31.25009536743164 498.841064453125
v 5.844391345977783 31.542924880981445 557.3563842773438
v 5.772924423217773 32.78340530395508 484.962646484375
v 5.684594631195068 32.82212829589844 554.612060546875
v 5.971132278442383 33.08525848388672 483.37969970703125
v 5.576924800872803 34.191856384277344 480.2067565917969
v 5.7949395179748535 34.11054611206055 493.63385009765625
v 5.582814693450928 35.26652145385742 490.54632568359375
v 5.99976921081543 35.87672805786133 472.92474365234375
v 5.618334770202637 36.35243606567383 470.1969909667969
v 6.288883686065674 38.628326416015625 480.3415222167969
v 5.58139181137085 39.674713134765625 472.867431640625
v 6.117170810699463 39.95304870605469 453.5589599609375
v 5.7467451095581055 40.17829513549805 470.84881591796875
v 6.486258029937744 42.23880386352539 457.5947265625
v 6.761910915374756 -33.13698196411133 59.53071212768555
v 6.828340530395508 -31.5811824798584 68.6216049194336
v 6.350864410400391 -27.673307418823242 42.529273986816406
v 6.708395957946777 -21.94362449645996 34.566741943359375
v 6.6142473220825195 -19.702617645263672 67.17867279052734
v 6.758543968200684 -19.535152435302734 32.40577697753906
v 6.838811874389648 -17.71793556213379 64.12754821777344
v 6.496325492858887 -12.80804443359375 53.41868209838867
v 6.350306987762451 -8.084550857543945 14.678255081176758
v 6.450179576873779 -5.753392696380615 30.851125717163086
v 6.984314918518066 -2.81550669670105 373.3443298339844
v 6.375419616699219 -1.8133177757263184 560.6707153320312
v 6.378875255584717 0.3576106131076813 560.749755859375
v 6.6315999031066895 1.25229811668396 12.988687515258789
v 7.791099548339844 1.7863175868988037 384.1524963378906
v 7.5123291015625 12.978128433227539 357.83135986328125
v 8.108386039733887 14.164773941040039 413.9976501464844
v 5.973263263702393 22.39089012145996 369.9845886230469
v 6.898155212402344 21.936229705810547 410.29486083984375
v 7.86168098449707 23.51966667175293 380.7431945800781
v 6.302842140197754 21.579313278198242 562.7463989257812
v 7.224395751953125 23.469465255737305 411.0828857421875
v 6.13602876663208 27.820829391479492 557.5958862304688
v 7.0527167320251465 26.492345809936523 417.1815490722656
v 6.363202095031738 31.4776554107666 492.7743835449219
v 6.343303680419922 31.85741424560547 490.7629699707031
v 5.9180498123168945 31.51606559753418 496.7488098144531
v 6.167738437652588 28.731464385986328 560.2991943359375
v 6.267786502838135 31.99720573425293 488.5673522949219
v 5.906952381134033 32.453285217285156 495.86041259765625
v 6.088845252990723 31.7264347076416 556.3541259765625
v 6.570743560791016 34.99320602416992 474.459228515625
v 6.055535316467285 37.0082893371582 466.13189697265625
v 6.08450984954834 38.10993194580078 462.08599853515625
v 6.164555549621582 37.180057525634766 484.32049560546875
v 6.196163177490234 38.59831619262695 460.0340881347656
v 6.65897274017334 39.270591735839844 478.25018310546875
v 6.37704610824585 39.438533782958984 475.3242492675781
v 6.729575157165527 41.40223693847656 466.8955993652344
v 6.729887008666992 41.71575164794922 463.2366638183594
v 7.705080986022949 -33.09440231323242 56.556190490722656
v 7.4603071212768555 -33.4331169128418 64.94917297363281
v 7.763562202453613 -32.42729568481445 53.56719207763672
v 7.511453628540039 -20.908296585083008 33.55526351928711
v 6.734368324279785 -17.201923370361328 28.35962677001953
v 7.057519435882568 -13.834053993225098 22.29430389404297
v 6.383343696594238 -5.4784626960754395 13.6318941116333
v 6.893014430999756 -6.079160213470459 33.314083099365234
v 7.291798114776611 -2.5837931632995605 25.787395477294922
v 7.319182395935059 -1.7769778966903687 24.250215530395508
v 6.960815906524658 -0.7989513874053955 562.5759887695312
v 7.615030765533447 -0.3392091393470764 363.35748291015625
v 7.404062271118164 1.4831340312957764 361.40631103515625
v 6.695801258087158 1.0704827308654785 563.9273681640625
v 6.870903491973877 0.46413514018058777 564.9878540039062
v 7.525379657745361 2.496755599975586 17.465713500976562
v 8.172348022460938 4.211344242095947 387.12445068359375
v 8.190926551818848 9.492570877075195 390.6653747558594
v 7.559734344482422 11.43970775604248 390.52801513671875
v 7.267930030822754 19.391216278076172 362.4654846191406
v 7.9713006019592285 20.936843872070312 366.1607971191406
v 6.35275936126709 22.053752899169922 565.4985961914062
v 6.953273773193359 22.69086265563965 565.7474365234375
v 6.807855606079102 23.61979103088379 371.0991516113281
v 6.517851829528809 23.943004608154297 372.76519775390625
v 6.862119674682617 22.39855194091797 561.7230834960938
v 6.736046314239502 25.1932373046875 563.46240234375
v 6.51952600479126 29.376853942871094 557.3155517578125
v 6.470396518707275 33.05461120605469 493.19061279296875
v 6.862544059753418 33.706939697265625 484.8934326171875
v 6.460149765014648 33.53802490234375 491.6610107421875
v 6.804740905761719 34.475379943847656 480.50848388671875
v 6.5703630447387695 35.074867248535156 489.02227783203125
v 6.732070446014404 35.72264862060547 487.2798767089844
v 6.579692363739014 36.25689697265625 470.6383361816406
v 7.092285633087158 39.7695198059082 457.07061767578125
v 6.439450263977051 39.83730697631836 473.1635437011719
v 6.630848407745361 40.215824127197266 470.7791748046875
v 7.412483215332031 -33.24037551879883 61.27072525024414
v 7.732690334320068 -27.787242889404297 42.22108459472656
v 7.4202399253845215 -30.48638153076172 48.20320510864258
v 7.816225051879883 -24.400602340698242 37.226436614990234
v 7.156536102294922 -20.212995529174805 67.7182388305664
v 7.74619197845459 -16.246206283569336 61.42219924926758
v 7.76113224029541 -15.159284591674805 58.88448715209961
v 7.8735198974609375 -12.464945793151855 20.405338287353516
v 8.132548332214355 -8.852582931518555 44.593753814697266
v 7.893566131591797 -8.485271453857422 43.53453063964844
v 7.592019557952881 -6.975067138671875 41.110286712646484
v 7.57688045501709 -6.956555366516113 13.802093505859375
v 8.141533851623535 -2.6261444091796875 12.296076774597168
v 7.6896562576293945 -1.9137423038482666 366.9385986328125
v 7.686936378479004 -1.429358959197998 12.027103424072266
v 7.4790802001953125 -1.4673482179641724 377.8211975097656
v 7.397639274597168 0.12455718964338303 12.321440696716309
v 8.751143455505371 3.876934051513672 359.7130432128906
v 9.172627449035645 7.434161186218262 390.7395324707031
v 7.769726753234863 13.762649536132812 390.8724365234375
v 9.921751022338867 14.121748924255371 416.0952453613281
v 7.295677661895752 21.321582794189453 367.3182678222656
v 7.643803596496582 19.754600524902344 566.2341918945312
v 7.441991329193115 22.32136344909668 367.7275390625
v 7.43419885635376 23.014812469482422 369.63531494140625
v 9.249094009399414 24.696170806884766 378.9686584472656
v 7.171372890472412 24.370708465576172 560.6522827148438
v 7.8003997802734375 24.8953914642334 412.52239990234375
v 6.945443630218506 26.932050704956055 559.71337890625
v 6.87941312789917 27.644004821777344 560.2162475585938
v 6.953625679016113 33.1243782043457 489.16680908203125
v 7.049931049346924 33.546424865722656 486.6016845703125
v 7.014978885650635 34.20730972290039 488.7842102050781
v 7.181581497192383 34.7041130065918 477.796875
v 7.484954833984375 36.04775619506836 473.0769958496094
v 7.350351810455322 37.14685821533203 466.8699645996094
v 6.879487037658691 36.77439880371094 483.61151123046875
v 7.083576202392578 38.516685485839844 462.4645690917969
v 7.626073837280273 37.81367492675781 480.04400634765625
v 7.0767621994018555 39.54086685180664 460.2282409667969
v 7.038398742675781 40.981441497802734 460.062255859375
v 8.022822380065918 -31.33194351196289 50.3324089050293
v 9.091127395629883 -29.000810623168945 73.6468505859375
v 8.172041893005371 -20.377464294433594 69.7550277709961
v 8.433661460876465 -18.476659774780273 66.5293197631836
v 7.674054145812988 -16.34088706970215 25.960514068603516
v 8.322935104370117 -11.090179443359375 48.469730377197266
v 8.192852020263672 -6.38496732711792 39.845916748046875
v 8.239890098571777 -5.403761386871338 13.6934175491333
v 8.335801124572754 -2.1634011268615723 376.7394714355469
v 7.921512126922607 -0.06147926673293114 21.767837524414062
v 8.153875350952148 2.5769548416137695 15.457178115844727
v 8.494986534118652 7.950565338134766 357.9039306640625
v 8.257481575012207 17.32271385192871 360.3429260253906
v 8.044443130493164 15.001253128051758 411.5118103027344
v 9.879655838012695 15.52772045135498 409.5675964355469
v 7.9017839431762695 19.374195098876953 564.7710571289062
v 7.72969388961792 20.697078704833984 563.359619140625
v 8.05174732208252 21.744375228881836 386.1717224121094
v 8.63297176361084 20.292341232299805 567.2765502929688
v 8.41792106628418 23.10146141052246 384.14422607421875
v 7.644077301025391 23.005481719970703 565.6817626953125
v 8.523887634277344 23.8547420501709 420.3918151855469
v 7.208838939666748 25.905038833618164 562.1558227539062
v 7.510630130767822 35.266883850097656 481.50250244140625
v 7.180717468261719 35.00340270996094 485.0491943359375
v 7.515714168548584 36.123321533203125 482.1165771484375
v 7.446221351623535 36.60911178588867 470.9696350097656
v 7.547185897827148 38.16699981689453 465.0766296386719
v 7.649231910705566 37.30322265625 481.1455383300781
v 7.699788570404053 39.359249114990234 462.88580322265625
v 7.518557548522949 39.59291458129883 473.5487365722656
v 7.4761643409729 39.10779571533203 475.42681884765625
v 7.554886817932129 39.39726638793945 471.4486083984375
v 7.1065168380737305 41.24944305419922 457.431396484375
v 7.684932708740234 40.270835876464844 468.9093322753906
v 9.002120018005371 -33.60865783691406 59.23899459838867
v 9.205405235290527 -33.54165267944336 67.35086059570312
v 7.976891040802002 -25.204681396484375 73.41954803466797
v 9.024898529052734 -19.832401275634766 31.8228759765625
v 8.54930305480957 -17.459165573120117 28.484533309936523
v 8.8121976852417 -12.733048439025879 53.69723892211914
v 8.62561321258545 -12.229382514953613 51.54850769042969
v 8.5826416015625 -10.866362571716309 17.872520446777344
v 8.957169532775879 -10.513911247253418 47.083229064941406
v 8.520313262939453 -8.5436429977417 15.17855453491211
v 8.928938865661621 -6.246476173400879 13.79909896850586
v 8.312911987304688 -5.518702983856201 30.993728637695312
v 8.903159141540527 -4.300840377807617 28.202159881591797
v 9.828990936279297 -2.9175047874450684 375.35748291015625
v 7.966614723205566 -2.0211291313171387 378.183349609375
v 9.491705894470215 0.1433919221162796 383.2250061035156
v 8.61182689666748 1.512002944946289 13.532905578613281
v 9.070256233215332 10.472928047180176 357.8753662109375
v 8.502944946289062 17.28173828125 420.75531005859375
v 10.110417366027832 17.018054962158203 408.7125549316406
v 9.105795860290527 20.03972625732422 364.3572082519531
v 8.351736068725586 21.2230167388916 563.1508178710938
v 7.811422824859619 23.250795364379883 561.8829345703125
v 8.341599464416504 24.14920997619629 369.12139892578125
v 7.634653091430664 24.220117568969727 370.91192626953125
v 7.790476322174072 24.548057556152344 561.8756103515625
v 7.934716701507568 24.24125099182129 563.5598754882812
v 9.0675048828125 22.42863655090332 565.7451782226562
v 11.182966232299805 24.660497665405273 415.3046875
v 8.079078674316406 35.477294921875 477.9461364746094
v 7.9530816078186035 35.63023376464844 474.75811767578125
v 8.003657341003418 36.24285125732422 479.833984375
v 8.263011932373047 38.39620590209961 477.1089782714844
v 7.710705757141113 40.690895080566406 464.13958740234375
v 9.4288911819458 -33.54399108886719 60.53616714477539
v 9.542075157165527 -34.198665618896484 63.76738357543945
v 9.290828704833984 -30.358699798583984 72.64392852783203
v 8.149370193481445 -26.721799850463867 73.63715362548828
v 8.460918426513672 -22.123472213745117 72.41563415527344
v 9.482114791870117 -22.38405418395996 34.357276916503906
v 9.213478088378906 -18.852497100830078 66.82978057861328
v 8.48863410949707 -16.51509666442871 62.28839111328125
v 9.07133960723877 -16.03656005859375 25.449718475341797
v 8.72657585144043 -13.8010892868042 22.226675033569336
v 9.457530975341797 -14.037775993347168 56.84193420410156
v 8.511160850524902 -5.918895721435547 33.283512115478516
v 9.907927513122559 -6.051998615264893 39.63889694213867
v 8.13198184967041 -3.157695770263672 371.2903747558594
v 9.499796867370605 -1.7096141576766968 366.0968933105469
v 10.207568168640137 18.415386199951172 408.52752685546875
v 9.138749122619629 19.669240951538086 421.2876892089844
v 7.980260848999023 18.35137176513672 566.4722290039062
v 8.37519645690918 19.151683807373047 567.458740234375
v 10.370609283447266 19.917743682861328 408.6809387207031
v 8.9468412399292 21.906831741333008 365.7657470703125
v 8.34970474243164 22.747316360473633 367.7844543457031
v 8.894057273864746 22.720046997070312 563.7098388671875
v 11.320033073425293 25.6241455078125 376.7461853027344
v 8.612852096557617 36.718074798583984 477.5682373046875
v 8.447096824645996 36.991302490234375 473.6376953125
v 7.9724650382995605 37.30840301513672 471.10479736328125
v 8.216538429260254 38.28278732299805 467.1163024902344
v 8.284870147705078 38.23756408691406 475.302001953125
v 8.014327049255371 39.69652557373047 464.6036682128906
v 8.137968063354492 38.35002136230469 471.3726501464844
v 8.441421508789062 38.532474517822266 473.2110290527344
v 8.246414184570312 39.60671615600586 467.1122131347656
v 9.24628734588623 -30.45130157470703 48.16350555419922
v 9.710287094116211 -27.999492645263672 42.7452507019043
v 10.249715805053711 -24.59429359436035 37.33877182006836
v 8.994440078735352 -23.490673065185547 75.99463653564453
v 9.973322868347168 -18.990928649902344 68.67058563232422
v 9.640344619750977 -7.715388298034668 14.896437644958496
v 9.890524864196777 -3.0453739166259766 25.83464241027832
v 9.213644027709961 -3.1518359184265137 369.5128479003906
v 9.540938377380371 -2.062080144882202 24.045040130615234
v 8.88495922088623 -2.7339301109313965 376.91229248046875
v 9.214875221252441 -0.5865031480789185 12.576234817504883
v 10.695959091186523 -0.3986431658267975 363.8430480957031
v 9.21895694732666 0.5486644506454468 19.964759826660156
v 9.510517120361328 -0.12042420357465744 21.115568161010742
v 9.143547058105469 1.3377383947372437 361.43145751953125
v 9.244763374328613 2.0515050888061523 17.17060089111328
v 10.973214149475098 14.911547660827637 417.3970031738281
v 13.193013191223145 20.25760841369629 394.513671875
v 9.32991886138916 17.09642791748047 565.7085571289062
v 8.815519332885742 20.59036636352539 365.223876953125
v 13.490164756774902 23.87805938720703 392.2043762207031
v 9.089250564575195 21.154373168945312 563.5787963867188
v 8.99833869934082 23.942699432373047 367.8836669921875
v 11.213240623474121 23.125097274780273 410.977783203125
v 10.112020492553711 -32.4637565612793 54.081787109375
v 10.090645790100098 -31.906349182128906 71.24980926513672
v 10.05560302734375 -31.129955291748047 50.107078552246094
v 9.933934211730957 -27.333372116088867 77.0325927734375
v 10.318963050842285 -21.50391387939453 33.7572135925293
v 9.72385311126709 -20.184160232543945 71.14802551269531
v 9.820938110351562 -15.118932723999023 58.71619415283203
v 10.096871376037598 -11.650812149047852 49.76721954345703
v 10.036781311035156 -6.944542407989502 41.916534423828125
v 10.930109977722168 -3.310753107070923 373.723388671875
v 9.658528327941895 1.8504009246826172 15.35802936553955
v 9.989213943481445 6.47387170791626 358.8715515136719
v 10.468545913696289 14.06023120880127 359.24041748046875
v 9.615628242492676 11.538370132446289 392.4646911621094
v 11.416691780090332 16.924901962280273 393.7830810546875
v 10.328531265258789 15.270822525024414 567.2616577148438
v 10.470314979553223 15.327256202697754 568.4887084960938
v 9.863484382629395 16.92818260192871 568.4117431640625
v 9.783909797668457 17.967771530151367 361.7259216308594
v 9.70031452178955 18.50908088684082 564.8125610351562
v 13.555509567260742 22.36441993713379 393.67132568359375
v 9.431307792663574 21.127548217773438 364.5342102050781
v 10.309231758117676 21.552705764770508 420.5167236328125
v 10.527103424072266 23.673620223999023 418.98846435546875
v 10.946024894714355 24.41320037841797 413.26611328125
v 11.55370044708252 24.15373992919922 416.81195068359375
v 10.268739700317383 -33.09330368041992 56.308353424072266
v 11.233853340148926 -23.458749771118164 81.14031982421875
v 10.12106704711914 -20.843955993652344 76.79002380371094
v 10.776386260986328 -17.803438186645508 65.6324691772461
v 10.362980842590332 -16.39806365966797 27.003820419311523
v 10.630009651184082 -16.802448272705078 63.159523010253906
v 10.440683364868164 -11.571205139160156 20.262048721313477
v 10.822237014770508 -12.566452980041504 51.59569549560547
v 10.650684356689453 -10.54157543182373 18.82538414001465
v 10.901329040527344 -8.831282615661621 44.367313385009766
v 10.788206100463867 -5.970180034637451 35.6369743347168
v 10.54871940612793 -5.9084062576293945 30.842567443847656
v 10.463006973266602 -6.22672700881958 33.073211669921875
v 9.81859302520752 -4.580750942230225 14.242376327514648
v 10.047727584838867 -2.231778621673584 13.244742393493652
v 10.333715438842773 -2.7035250663757324 367.3592224121094
v 12.045977592468262 -1.2810931205749512 382.08953857421875
v 10.283580780029297 0.19687922298908234 13.79312515258789
v 11.405384063720703 3.3062102794647217 389.3452453613281
v 10.529413223266602 4.374149799346924 359.59869384765625
v 10.542407989501953 5.6097731590271 390.7785339355469
v 10.502969741821289 8.629338264465332 392.4384765625
v 10.472888946533203 13.918587684631348 411.205322265625
v 10.390506744384766 17.541746139526367 568.6731567382812
v 10.746892929077148 17.59004783630371 419.91552734375
v 10.354901313781738 18.57270050048828 362.3849182128906
v 10.14354133605957 21.521085739135742 364.74456787109375
v 11.201041221618652 21.594635009765625 409.4281921386719
v 10.027685165405273 21.048213958740234 564.43359375
v 10.084447860717773 19.652963638305664 567.7587280273438
v 9.630118370056152 22.71455955505371 366.0132751464844
v 11.727717399597168 26.003795623779297 380.9776611328125
v 11.80380916595459 -34.19889450073242 62.78694534301758
v 11.208104133605957 -33.46049880981445 60.112674713134766
v 11.416855812072754 -33.30357360839844 68.9236831665039
v 10.75587272644043 -31.202123641967773 72.94467163085938
v 11.517657279968262 -25.288022994995117 81.29403686523438
v 10.265036582946777 -19.923503875732422 74.91988372802734
v 11.200169563293457 -18.895368576049805 30.831653594970703
v 10.974745750427246 -17.230287551879883 29.075225830078125
v 11.063365936279297 -16.19243812561035 60.89956283569336
v 10.85478401184082 -14.93581485748291 24.813989639282227
v 11.365668296813965 -11.194127082824707 47.61790084838867
v 10.459903717041016 -5.751241683959961 14.3891019821167
v 10.562521934509277 -5.943645477294922 38.73042297363281
v 10.521227836608887 1.0968971252441406 16.259620666503906
v 11.192477226257324 14.090543746948242 393.8719177246094
v 10.74440860748291 13.407477378845215 412.8361511230469
v 11.62955093383789 16.096817016601562 418.3656005859375
v 10.834367752075195 16.055082321166992 565.9241333007812
v 11.402891159057617 19.035581588745117 419.9658508300781
v 10.37965202331543 20.2963809967041 363.27935791015625
v 10.194867134094238 21.43527603149414 565.5170288085938
v 10.678426742553711 23.04460334777832 365.1492614746094
v 13.485422134399414 25.082908630371094 390.616943359375
v 10.284549713134766 24.152915954589844 368.1325378417969
v 14.862895011901855 27.180940628051758 388.8569641113281
v 12.788362503051758 25.77570152282715 374.8734436035156
v 12.114765167236328 -33.26094436645508 58.86518478393555
v 11.145984649658203 -28.89212417602539 77.48294830322266
v 11.10729694366455 -27.82817268371582 43.1439323425293
v 11.320900917053223 -22.529659271240234 34.833133697509766
v 11.55246353149414 -20.13867950439453 80.29210662841797
v 12.071452140808105 -20.159976959228516 32.37895202636719
v 11.39587116241455 -18.986495971679688 69.83023834228516
v 11.187667846679688 -18.3512020111084 65.81075286865234
v 11.253279685974121 -13.157602310180664 53.448482513427734
v 11.624646186828613 -5.34394645690918 27.39244270324707
v 10.80281925201416 -3.838841199874878 14.987305641174316
v 10.723809242248535 -3.568493366241455 374.7102355957031
v 12.97093677520752 -1.9990968704223633 380.6039733886719
v 10.800928115844727 -0.4566505253314972 20.049739837646484
v 10.991963386535645 -0.6231096386909485 18.837060928344727
v 11.855948448181152 1.6799213886260986 361.763916015625
v 12.66932487487793 4.07755708694458 360.2527770996094
v 10.70877456665039 9.75694465637207 358.60211181640625
v 11.45503044128418 13.399991989135742 414.4876403808594
v 11.475454330444336 16.376144409179688 360.77716064453125
v 10.832903861999512 15.889513969421387 569.4124755859375
v 10.551807403564453 19.16961097717285 565.0790405273438
v 10.724244117736816 20.078330993652344 566.6991577148438
v 12.482260704040527 -34.15439987182617 65.75663757324219
v 11.6107816696167 -31.66485595703125 52.56366729736328
v 12.605462074279785 -30.761943817138672 76.26388549804688
v 12.580119132995605 -14.821786880493164 56.343013763427734
v 11.02587604522705 -7.099295616149902 15.706841468811035
v 11.574968338012695 -5.624815464019775 28.636661529541016
v 10.989886283874512 -1.248338222503662 14.449071884155273
v 11.244732856750488 -2.0237298011779785 21.851709365844727
v 11.31931209564209 -1.9508981704711914 365.5771789550781
v 11.041855812072754 0.10545635968446732 15.738639831542969
v 10.982568740844727 12.69113826751709 359.0791015625
v 11.684270858764648 11.841970443725586 394.0722961425781
v 10.852132797241211 14.657125473022461 567.9470825195312
v 11.364413261413574 16.806644439697266 565.6294555664062
v 11.449446678161621 18.232091903686523 565.514892578125
v 11.551487922668457 18.353973388671875 568.1138916015625
v 11.048540115356445 19.76267433166504 566.147705078125
v 10.986679077148438 21.670330047607422 363.7520446777344
v 11.985294342041016 -32.573455810546875 55.9455680847168
v 12.152212142944336 -29.815044403076172 48.72492980957031
v 11.279600143432617 -21.5897274017334 80.8681869506836
v 12.597408294677734 -17.7070369720459 78.69792938232422
v 12.507657051086426 -17.604707717895508 76.30500793457031
v 12.9641752243042 -18.56449317932129 68.84648132324219
v 11.909729957580566 -15.666019439697266 27.498273849487305
v 12.152155876159668 -15.623834609985352 58.15306854248047
v 11.769219398498535 -12.860445022583008 23.31151008605957
v 11.89863109588623 -12.035587310791016 49.06476974487305
v 12.627336502075195 -7.7291412353515625 42.44895935058594
v 11.651113510131836 -6.551277160644531 40.87730407714844
v 11.883419036865234 -5.506205081939697 15.86246395111084
v 12.913840293884277 -5.432612895965576 38.25425338745117
v 11.526427268981934 -4.048631191253662 15.361312866210938
v 11.754573822021484 -4.208783149719238 25.381093978881836
v 12.621194839477539 -3.446901559829712 371.88641357421875
v 12.006393432617188 -3.5548133850097656 22.736156463623047
v 11.638858795166016 -2.455291271209717 16.831520080566406
v 11.41900634765625 -3.412147283554077 15.973933219909668
v 11.899155616760254 -1.4081757068634033 18.556549072265625
v 11.504888534545898 -0.3424151539802551 383.8000183105469
v 12.564544677734375 0.8915845155715942 386.8232116699219
v 12.956696510314941 7.580704212188721 359.075927734375
v 13.078351974487305 9.494097709655762 394.3680419921875
v 12.733634948730469 10.157362937927246 358.9117431640625
v 11.784034729003906 14.798012733459473 359.9396667480469
v 11.757169723510742 12.688619613647461 571.618896484375
v 12.51020336151123 14.61573314666748 409.4643859863281
v 12.726813316345215 15.898186683654785 408.5102233886719
v 12.9077730178833 17.600709915161133 408.1500244140625
v 11.990386962890625 16.932781219482422 569.3509521484375
v 11.826834678649902 18.326419830322266 361.2498474121094
v 11.330289840698242 20.016733169555664 362.65850830078125
v 12.132587432861328 20.308385848999023 419.4588623046875
v 12.409546852111816 21.836078643798828 418.6082458496094
v 12.527222633361816 23.293472290039062 411.96832275390625
v 12.415709495544434 22.968299865722656 417.54156494140625
v 15.075892448425293 25.851852416992188 373.79718017578125
v 12.510650634765625 -32.33083724975586 72.06724548339844
v 12.454977035522461 -27.63193130493164 81.32524871826172
v 12.261900901794434 -24.10134506225586 37.473541259765625
v 11.52199649810791 -23.74782371520996 86.18148040771484
v 11.612679481506348 -25.26233673095703 84.44369506835938
v 11.498761177062988 -22.020854949951172 85.93148040771484
v 12.791202545166016 -21.477649688720703 34.59814453125
v 11.99319839477539 -19.272512435913086 84.18647766113281
v 12.22640323638916 -20.060937881469727 89.51800537109375
v 12.180631637573242 -10.087904930114746 20.74805450439453
v 12.276986122131348 -8.537144660949707 19.089092254638672
v 12.344294548034668 -7.206374168395996 32.490020751953125
v 12.342427253723145 -6.5945587158203125 34.060401916503906
v 12.223201751708984 -5.827966213226318 36.659889221191406
v 13.766520500183105 -5.422882080078125 39.4312744140625
v 13.906575202941895 -2.7061967849731445 378.181396484375
v 11.690999031066895 4.475897312164307 208.293212890625
v 11.557631492614746 6.581096172332764 210.86163330078125
v 11.602581024169922 4.366514682769775 211.90419006347656
v 11.378226280212402 7.084980487823486 213.55734252929688
v 11.566694259643555 4.844964504241943 214.3336181640625
v 11.408146858215332 7.46722936630249 217.40415954589844
v 12.039188385009766 4.063356399536133 219.08706665039062
v 11.826139450073242 5.251992702484131 217.0785369873047
v 11.622899055480957 8.200299263000488 216.07528686523438
v 11.756736755371094 6.797060489654541 220.6569366455078
v 12.536290168762207 6.133482456207275 392.4331970214844
v 11.459763526916504 8.86359977722168 219.07969665527344
v 11.866133689880371 8.625672340393066 210.0452423095703
v 11.617086410522461 9.242217063903809 212.74734497070312
v 11.630396842956543 10.530967712402344 216.45877075195312
v 12.150663375854492 13.11286449432373 219.55099487304688
v 11.80143928527832 11.145301818847656 222.203857421875
v 11.582605361938477 10.688505172729492 225.30520629882812
v 11.385282516479492 12.673824310302734 227.10226440429688
v 11.785651206970215 9.830598831176758 228.5434112548828
v 11.742530822753906 11.822583198547363 229.98838806152344
v 11.261008262634277 13.377853393554688 395.3413391113281
v 11.483721733093262 12.98832893371582 397.61962890625
v 11.65365219116211 13.307295799255371 223.6184539794922
v 11.635181427001953 15.262125015258789 228.16798400878906
v 11.924263000488281 12.295418739318848 569.8771362304688
v 13.251852035522461 13.05142593383789 413.2051696777344
v 12.466672897338867 13.549711227416992 411.0046691894531
v 11.643595695495605 15.379719734191895 225.37979125976562
v 11.164582252502441 15.511215209960938 394.9969787597656
v 11.602319717407227 14.896096229553223 399.2617492675781
v 12.010087013244629 13.01445484161377 400.38812255859375
v 12.142932891845703 13.955456733703613 571.976806640625
v 11.783446311950684 16.343381881713867 399.0694580078125
v 12.399438858032227 14.46220874786377 567.2728271484375
v 12.563446044921875 17.1390380859375 418.47052001953125
v 12.172050476074219 18.010066986083984 567.78076171875
v 12.078913688659668 21.778560638427734 363.2369079589844
v 12.679635047912598 23.94625473022461 367.5700378417969
v 13.702230453491211 -32.475364685058594 59.391597747802734
v 13.601245880126953 -32.74042892456055 71.3922348022461
v 13.225105285644531 -31.657861709594727 54.92198944091797
v 13.051409721374512 -30.91498565673828 52.411888122558594
v 13.937987327575684 -29.611961364746094 80.77993774414062
v 12.87035083770752 -27.181425094604492 43.577667236328125
v 12.552534103393555 -27.599063873291016 84.7382583618164
v 12.09183406829834 -25.95220947265625 87.30490112304688
v 12.051021575927734 -25.22006607055664 90.84700012207031
v 11.792340278625488 -23.231197357177734 90.33953857421875
v 12.013359069824219 -23.603729248046875 93.41144561767578
v 12.368962287902832 -24.825607299804688 94.56625366210938
v 12.129849433898926 -21.027633666992188 92.83529663085938
v 12.99027156829834 -17.728618621826172 64.4053955078125
v 12.951108932495117 -16.726119995117188 60.44002151489258
v 12.714003562927246 -13.326957702636719 25.08822250366211
v 13.14964771270752 -10.14411735534668 45.172115325927734
v 13.44968318939209 -9.157299995422363 43.419857025146484
v 12.757173538208008 -7.497500896453857 30.314849853515625
v 12.232527732849121 -3.3798515796661377 16.6160945892334
v 12.359716415405273 -3.522542953491211 374.6856994628906
v 12.63769245147705 -0.1171736791729927 363.0043640136719
v 12.36953067779541 -0.4016420841217041 202.539306640625
v 12.173437118530273 1.5297731161117554 201.78274536132812
v 11.867607116699219 2.140080690383911 205.14337158203125
v 12.327258110046387 -0.3215476870536804 206.3638458251953
v 11.909025192260742 3.1733102798461914 207.39114379882812
v 13.282194137573242 2.6470558643341064 389.9464416503906
v 11.995820999145508 1.8416365385055542 209.45188903808594
v 12.198545455932617 2.2927494049072266 214.8724365234375
v 12.474626541137695 3.9139046669006348 200.66397094726562
v 12.118589401245117 5.245762348175049 203.70509338378906
v 12.54743766784668 2.8094024658203125 217.6758575439453
v 12.139533996582031 6.034235000610352 206.18637084960938
v 13.896081924438477 4.115657806396484 391.7102966308594
v 12.44672679901123 5.913887023925781 223.6843719482422
v 12.118457794189453 7.749758243560791 207.25888061523438
v 11.903937339782715 8.586695671081543 223.53016662597656
v 12.260673522949219 7.515024662017822 226.3667755126953
v 12.457025527954102 12.288644790649414 214.6663055419922
v 12.482667922973633 10.206665992736816 209.01715087890625
v 12.199798583984375 11.292426109313965 211.95382690429688
v 12.65018081665039 8.183733940124512 230.80905151367188
v 12.187026977539062 11.048584938049316 397.0586242675781
v 12.174631118774414 12.523784637451172 215.79896545410156
v 12.275940895080566 11.767908096313477 570.9308471679688
v 12.567769050598145 15.003509521484375 221.0626678466797
v 12.484493255615234 12.39567756652832 359.16455078125
v 13.737689971923828 13.586821556091309 414.9282531738281
v 12.568278312683105 16.470319747924805 221.89569091796875
v 12.246845245361328 14.378399848937988 232.6558837890625
v 12.48676586151123 16.273698806762695 401.6550598144531
v 12.24976634979248 17.23230743408203 231.05859375
v 12.675337791442871 18.56290626525879 224.3140106201172
v 12.223538398742676 17.763572692871094 226.3783416748047
v 12.490543365478516 19.201753616333008 394.44830322265625
v 13.342069625854492 15.942870140075684 567.32861328125
v 12.87881088256836 17.202007293701172 567.39306640625
v 12.478514671325684 20.528573989868164 362.1122131347656
v 12.378847122192383 18.928125381469727 361.66900634765625
v 13.646093368530273 19.400136947631836 408.40814208984375
v 13.535537719726562 23.095365524291992 412.8869934082031
v 15.557385444641113 28.16637420654297 386.6891174316406
v 13.827399253845215 -33.582027435302734 62.047969818115234
v 13.780067443847656 -33.47613525390625 67.5506362915039
v 12.70165729522705 -27.43459701538086 87.25691986083984
v 12.846534729003906 -27.226531982421875 92.95101165771484
v 12.431241989135742 -22.516706466674805 95.42707061767578
v 13.813477516174316 -22.031898498535156 35.724124908447266
v 12.962175369262695 -20.1453800201416 95.96246337890625
v 13.205076217651367 -18.314559936523438 93.67097473144531
v 13.427742958068848 -17.665006637573242 89.82986450195312
v 13.043756484985352 -18.456510543823242 65.04950714111328
v 13.907118797302246 -18.20903968811035 31.631324768066406
v 12.637835502624512 -17.858129501342773 72.78048706054688
v 13.303916931152344 -15.11724853515625 29.411239624023438
v 13.427679061889648 -14.181068420410156 53.18086242675781
v 13.30072021484375 -13.607184410095215 51.11182403564453
v 13.538990020751953 -13.21320915222168 49.939491271972656
v 12.870467185974121 -11.109233856201172 23.534591674804688
v 13.518693923950195 -12.817760467529297 48.412872314453125
v 12.592952728271484 -5.4554924964904785 17.77386474609375
v 13.106958389282227 -7.180270195007324 28.284141540527344
v 13.196718215942383 -4.247485637664795 35.153438568115234
v 12.972626686096191 -4.9890666007995605 34.253421783447266
v 13.108892440795898 -6.053339958190918 24.706188201904297
v 13.10038948059082 -7.0400166511535645 26.14171600341797
v 12.575884819030762 -3.267561197280884 18.153194427490234
v 12.84506893157959 -4.941633701324463 21.845949172973633
v 13.75510025024414 -3.6081807613372803 371.84716796875
v 15.142976760864258 -2.7222518920898438 368.5791931152344
v 12.960210800170898 -3.9109113216400146 196.955810546875
v 12.43648910522461 -1.3350366353988647 197.65542602539062
v 12.613419532775879 -2.073390007019043 199.8869171142578
v 12.673931121826172 -1.4341840744018555 194.78546142578125
v 12.444232940673828 1.2950108051300049 197.47056579589844
v 13.087894439697266 -2.8646163940429688 203.799560546875
v 12.877076148986816 0.6541160941123962 193.97329711914062
v 12.645025253295898 -0.19408319890499115 208.65756225585938
v 12.98315143585205 -0.4096737205982208 212.172119140625
v 13.013031959533691 1.886051058769226 219.95594787597656
v 12.962908744812012 7.519489765167236 202.56004333496094
v 13.100893020629883 9.004840850830078 205.08311462402344
v 13.335307121276855 10.238825798034668 205.68692016601562
v 13.231748580932617 13.235114097595215 210.70127868652344
v 12.88343334197998 11.264094352722168 400.570068359375
v 13.023080825805664 11.768789291381836 569.690185546875
v 12.80373764038086 12.790946006774902 234.30838012695312
v 13.066910743713379 14.345288276672363 214.95416259765625
v 13.4796724319458 11.907354354858398 403.20989990234375
v 12.630426406860352 13.966036796569824 403.0580139160156
v 13.139708518981934 14.971341133117676 359.463134765625
v 12.837708473205566 16.033483505249023 405.1254577636719
v 13.27181339263916 15.090559959411621 567.3792724609375
v 13.885683059692383 14.779982566833496 416.4578857421875
v 13.408730506896973 14.3081636428833 572.2164306640625
v 12.905659675598145 18.322311401367188 399.5197448730469
v 12.810688972473145 19.66629981994629 229.26434326171875
v 13.116175651550293 17.162235260009766 360.4007873535156
v 13.144920349121094 18.75239372253418 360.77471923828125
v 13.984524726867676 22.57215690612793 365.0163879394531
v 13.656431198120117 -28.743553161621094 48.400726318359375
v 13.549142837524414 -28.731184005737305 90.58287811279297
v 13.713623046875 -23.569007873535156 37.86232376098633
v 13.621438026428223 -22.715303421020508 99.177001953125
v 14.250468254089355 -18.628870010375977 67.60210418701172
v 13.830855369567871 -16.490741729736328 85.67283630371094
v 13.185615539550781 -16.536605834960938 29.862390518188477
v 14.03844165802002 -16.370769500732422 76.1221694946289
v 14.0038480758667 -16.467668533325195 57.4534797668457
v 13.579085350036621 -12.245209693908691 25.876354217529297
v 13.17558765411377 -8.415393829345703 21.83273696899414
v 13.485098838806152 -8.480324745178223 31.710853576660156
v 12.96342658996582 -6.628086090087891 33.279945373535156
v 13.319079399108887 -7.036708354949951 22.65749168395996
v 13.191301345825195 -4.167839527130127 33.44536590576172
v 13.424047470092773 -4.250509738922119 37.16594314575195
v 13.146422386169434 -4.199326515197754 192.0729217529297
v 13.092374801635742 -1.560085415840149 191.31080627441406
v 13.284546852111816 -4.524179458618164 199.3333740234375
v 13.199440002441406 -2.478297233581543 207.07838439941406
v 16.140750885009766 -1.4217147827148438 366.0876770019531
v 13.651784896850586 -2.293550968170166 209.38497924804688
v 13.782308578491211 0.3077954649925232 218.34361267089844
v 13.563610076904297 2.1915159225463867 361.0726013183594
v 14.999165534973145 0.9454048275947571 388.5848388671875
v 13.113882064819336 3.774104118347168 196.01748657226562
v 13.385315895080566 2.386115789413452 193.24258422851562
v 12.72237491607666 4.776305198669434 18.858617782592773
v 13.184819221496582 2.2657077312469482 21.539670944213867
v 13.49847412109375 2.6944034099578857 17.566682815551758
v 13.333786964416504 2.998293161392212 24.39350128173828
v 13.32420539855957 3.2887465953826904 223.43601989746094
v 13.295231819152832 6.053655624389648 199.49920654296875
v 12.936118125915527 6.032529830932617 19.617555618286133
v 13.686326026916504 4.7626519203186035 228.20782470703125
v 14.270818710327148 2.8484973907470703 226.03680419921875
v 13.443800926208496 7.137881755828857 199.98985290527344
v 13.7247314453125 6.124114990234375 231.47434997558594
v 13.126508712768555 9.667308807373047 396.5168151855469
v 13.734580993652344 10.257713317871094 235.4201202392578
v 13.31663990020752 11.81226634979248 208.20065307617188
v 14.683099746704102 10.955425262451172 571.5239868164062
v 14.252802848815918 11.953097343444824 573.4177856445312
v 13.204051971435547 12.79595947265625 407.40478515625
v 12.833551406860352 14.166411399841309 408.1475524902344
v 13.39066219329834 12.936551094055176 410.89044189453125
v 14.746625900268555 11.843981742858887 570.1348266601562
v 13.872658729553223 14.833471298217773 571.3631591796875
v 13.451947212219238 18.504152297973633 237.10768127441406
v 13.255032539367676 17.519500732421875 407.6337585449219
v 13.326131820678711 18.04071617126465 401.1008605957031
v 14.313986778259277 18.705101013183594 417.57470703125
v 14.721942901611328 19.946685791015625 417.01953125
v 14.180283546447754 22.506149291992188 236.4229736328125
v 13.529037475585938 19.648509979248047 361.24774169921875
v 14.604809761047363 20.6878662109375 409.2812194824219
v 15.109268188476562 21.399208068847656 410.3569641113281
v 13.966413497924805 26.76803207397461 378.5605773925781
v 14.790414810180664 -32.90144348144531 70.59186553955078
v 14.549372673034668 -31.75290298461914 75.48002624511719
v 14.155913352966309 -29.57848358154297 86.48922729492188
v 13.925211906433105 -25.97885513305664 98.84783172607422
v 14.733325958251953 -28.048236846923828 98.42822265625
v 14.731294631958008 -24.835607528686523 42.18320846557617
v 14.44752311706543 -19.488962173461914 33.05266189575195
v 13.994521141052246 -19.016883850097656 97.67223358154297
v 13.979913711547852 -18.13054084777832 63.971763610839844
v 14.369288444519043 -17.46059799194336 71.51347351074219
v 14.069045066833496 -16.84346580505371 92.39257049560547
v 14.088269233703613 -15.885953903198242 79.42845153808594
v 13.557369232177734 -9.155797004699707 24.656375885009766
v 13.822632789611816 -9.192039489746094 29.739194869995117
v 13.52457046508789 -7.6289591789245605 32.32228088378906
v 15.2898530960083 -5.605917453765869 40.46604919433594
v 13.953577995300293 -5.101860523223877 30.631006240844727
v 13.991015434265137 -7.371750831604004 190.8772735595703
v 13.968615531921387 -7.1475348472595215 194.3363800048828
v 14.383938789367676 -4.616867542266846 207.15093994140625
v 14.52611255645752 -0.38115787506103516 385.63275146484375
v 13.929472923278809 1.487878441810608 190.3284149169922
v 13.65176010131836 0.1625351458787918 23.220884323120117
v 13.281769752502441 1.3817200660705566 24.25626564025879
v 13.718328475952148 0.544945478439331 26.841524124145508
v 13.27003288269043 5.351337432861328 16.671112060546875
v 14.320481300354004 4.556032657623291 359.8218688964844
v 13.73585319519043 6.020617485046387 22.596843719482422
v 14.384481430053711 6.393360614776611 195.5790252685547
v 13.251251220703125 6.457134246826172 14.939045906066895
v 13.057840347290039 7.127578258514404 16.145753860473633
v 13.405898094177246 7.452995300292969 18.320005416870117
v 13.817086219787598 7.396979331970215 20.717405319213867
v 14.233165740966797 7.988579273223877 358.8631591796875
v 13.31235408782959 9.40160083770752 16.012434005737305
v 13.239917755126953 9.486700057983398 14.44592571258545
v 13.698546409606934 8.719637870788574 13.104532241821289
v 14.104019165039062 9.391264915466309 201.5953826904297
v 13.65601634979248 11.007516860961914 14.043868064880371
v 14.174537658691406 9.781464576721191 400.2962951660156
v 13.797752380371094 11.540366172790527 358.7828674316406
v 13.872237205505371 11.399930000305176 405.2237548828125
v 14.008227348327637 11.69158935546875 408.34521484375
v 14.194401741027832 14.095459938049316 239.16619873046875
v 14.47733211517334 13.553665161132812 573.2167358398438
v 14.490317344665527 16.326860427856445 213.92459106445312
v 14.187169075012207 13.34178352355957 359.04443359375
v 13.570387840270996 17.13053321838379 237.98806762695312
v 14.30412483215332 18.13409996032715 219.37757873535156
v 14.092062950134277 17.0355167388916 417.592529296875
v 14.061174392700195 18.889568328857422 220.3250274658203
v 13.816726684570312 18.060556411743164 405.33856201171875
v 13.528215408325195 19.895462036132812 223.26806640625
v 13.902644157409668 21.10917091369629 237.53903198242188
v 13.861281394958496 20.036354064941406 396.5029602050781
v 13.859602928161621 21.8013973236084 227.81405639648438
v 15.329050064086914 20.86298179626465 363.1067199707031
v 15.157392501831055 21.263933181762695 415.6593933105469
v 15.262041091918945 21.953899383544922 413.9510192871094
v 15.401116371154785 26.83925437927246 377.0278015136719
v 15.077613830566406 -33.35237121582031 64.3277587890625
v 15.31676197052002 -32.56802749633789 61.310699462890625
v 15.041646957397461 -31.64615249633789 58.38065719604492
v 14.762474060058594 -30.228052139282227 54.14265060424805
v 15.191304206848145 -30.665803909301758 80.45269012451172
v 14.291482925415039 -29.154375076293945 93.81451416015625
v 14.61983585357666 -26.101667404174805 44.21739959716797
v 14.889629364013672 -23.37076759338379 39.140174865722656
v 14.907685279846191 -20.754541397094727 35.66698455810547
v 14.138772964477539 -21.400827407836914 100.18589782714844
v 14.7119722366333 -19.01355743408203 64.04545593261719
v 14.406764030456543 -17.53899574279785 96.50324249267578
v 15.10683822631836 -18.546842575073242 63.1473274230957
v 15.501076698303223 -15.90575122833252 74.64987182617188
v 14.392171859741211 -15.036953926086426 30.146930694580078
v 14.18885326385498 -13.48310375213623 29.945480346679688
v 14.175451278686523 -11.79767894744873 28.67340850830078
v 14.028340339660645 -10.644134521484375 26.438398361206055
v 14.80837345123291 -13.846906661987305 48.16469192504883
v 13.973445892333984 -9.101672172546387 27.430992126464844
v 14.41845989227295 -9.007392883300781 31.787179946899414
v 13.970553398132324 -6.292110919952393 187.60049438476562
v 13.753755569458008 -3.5318288803100586 31.76066780090332
v 14.279955863952637 -5.8978471755981445 201.42030334472656
v 14.33524227142334 -4.647439002990723 184.83206176757812
v 14.808534622192383 -5.693606376647949 204.61326599121094
v 14.653314590454102 -3.7091362476348877 38.1002082824707
v 14.180047035217285 -2.511327028274536 29.5363712310791
v 14.016416549682617 -2.6207563877105713 34.51396560668945
v 14.6885347366333 -1.5661617517471313 33.032344818115234
v 17.702159881591797 -1.8102995157241821 382.3053894042969
v 14.625012397766113 -3.334782123565674 211.55186462402344
v 14.202603340148926 -1.9040141105651855 26.32074737548828
v 14.05622673034668 1.1297969818115234 27.982221603393555
v 14.388056755065918 0.0006393391522578895 220.947021484375
v 14.053739547729492 0.7805497050285339 20.779394149780273
v 14.73161792755127 1.1840487718582153 224.1286163330078
v 14.304976463317871 3.6859662532806396 26.26809310913086
v 14.613654136657715 4.805706977844238 192.32708740234375
v 14.561324119567871 3.547715187072754 15.128312110900879
v 14.214607238769531 5.613221168518066 13.519769668579102
v 15.65552806854248 7.527688026428223 394.7411193847656
v 14.693278312683105 9.31632137298584 18.722734451293945
v 14.454405784606934 10.284200668334961 12.256111145019531
v 14.048249244689941 10.865894317626953 16.481351852416992
v 14.761244773864746 11.564678192138672 204.0478973388672
v 14.602904319763184 11.096485137939453 572.6672973632812
v 14.502920150756836 11.950736999511719 410.3716735839844
v 15.022622108459473 12.194096565246582 412.2279968261719
v 14.870733261108398 14.102638244628906 207.5188751220703
v 14.594285011291504 13.499062538146973 569.4242553710938
v 14.600881576538086 15.750411033630371 213.24905395507812
v 14.595585823059082 14.55869197845459 570.47119140625
v 14.26904010772705 15.314453125 359.2449951171875
v 14.360980987548828 19.079870223999023 402.46795654296875
v 14.199325561523438 18.86642837524414 407.55120849609375
v 15.081138610839844 16.275663375854492 359.4739685058594
v 14.762499809265137 19.36847496032715 400.8377380371094
v 14.55627727508545 21.76826286315918 242.36013793945312
v 14.496817588806152 21.801206588745117 224.34698486328125
v 14.726287841796875 24.037384033203125 234.80789184570312
v 15.900199890136719 -32.7875862121582 66.32612609863281
v 15.530028343200684 -31.148996353149414 59.22059631347656
v 15.38852310180664 -30.62662696838379 92.28085327148438
v 14.948981285095215 -24.17460060119629 104.16719818115234
v 15.801857948303223 -18.441429138183594 68.54885864257812
v 15.989251136779785 -17.41105079650879 32.926673889160156
v 15.130992889404297 -18.00664520263672 59.499664306640625
v 15.216879844665527 -16.143869400024414 95.7082748413086
v 15.01803207397461 -15.84553337097168 89.9548110961914
v 15.107771873474121 -16.44271469116211 55.24038314819336
v 15.45093059539795 -15.470687866210938 50.892242431640625
v 15.338382720947266 -14.591866493225098 48.93877029418945
v 14.4911470413208 -11.962762832641602 30.38454246520996
v 15.215018272399902 -10.639575958251953 43.452022552490234
v 14.380508422851562 -10.506220817565918 30.891401290893555
v 15.170980453491211 -7.638397216796875 30.58579444885254
v 15.081632614135742 -9.529404640197754 184.70046997070312
v 14.565153121948242 -7.309375762939453 197.9693145751953
v 14.566055297851562 -3.6965410709381104 28.62699317932129
v 15.066957473754883 -5.615229606628418 28.720794677734375
v 15.178980827331543 -4.230734348297119 210.2275848388672
v 14.460814476013184 -0.976539671421051 30.34247398376465
v 14.865388870239258 -1.8677563667297363 184.26829528808594
v 14.48625373840332 -1.0512477159500122 186.53111267089844
v 14.533196449279785 -0.8016577363014221 22.460351943969727
v 16.300342559814453 -0.40916624665260315 364.5350646972656
v 17.115711212158203 1.2808583974838257 362.8870849609375
v 15.331183433532715 1.082779049873352 17.172443389892578
v 16.121549606323242 2.1856188774108887 390.6509094238281
v 15.354808807373047 4.159095764160156 232.46360778808594
v 14.77121353149414 8.464374542236328 11.994108200073242
v 14.987548828125 8.645371437072754 198.40419006347656
v 15.516088485717773 7.8150634765625 236.85205078125
v 16.537296295166016 10.044853210449219 358.8046875
v 15.139701843261719 12.22445297241211 13.05202579498291
v 14.920559883117676 10.482542037963867 403.2926330566406
v 14.706695556640625 12.287349700927734 14.162027359008789
v 14.791197776794434 11.960916519165039 16.24171257019043
v 15.699925422668457 14.342340469360352 206.5868682861328
v 14.907394409179688 15.495840072631836 210.1507110595703
v 15.247501373291016 14.200506210327148 572.053955078125
v 14.70266056060791 19.675827026367188 243.367919921875
v 14.950640678405762 18.247234344482422 217.76768493652344
v 14.938217163085938 20.048025131225586 399.27154541015625
v 14.82968807220459 21.333772659301758 222.0177764892578
v 15.936381340026855 22.18410301208496 395.7826232910156
v 15.788954734802246 25.921159744262695 234.10565185546875
v 15.224654197692871 26.417770385742188 390.96435546875
v 17.893177032470703 29.240392684936523 382.37451171875
v 16.16634750366211 28.64814567565918 385.1351318359375
v 16.607715606689453 28.84299659729004 383.71051025390625
v 16.187772750854492 -32.69053649902344 69.95953369140625
v 16.338830947875977 -32.086666107177734 74.77247619628906
v 15.511148452758789 -30.803630828857422 86.53766632080078
v 15.181645393371582 -27.56602668762207 49.17192459106445
v 14.769621849060059 -26.330739974975586 102.34703826904297
v 14.925056457519531 -22.482208251953125 103.84833526611328
v 15.201889991760254 -20.34503746032715 102.91767883300781
v 16.43195152282715 -17.73073959350586 70.21871948242188
v 15.953855514526367 -14.473360061645508 78.46418762207031
v 15.192573547363281 -12.87263298034668 30.740877151489258
v 15.513870239257812 -10.515708923339844 31.935625076293945
v 16.556377410888672 -8.641583442687988 42.448585510253906
v 15.82028579711914 -11.373051643371582 185.43980407714844
v 15.160881996154785 -9.8914794921875 191.06063842773438
v 15.695277214050293 -10.388187408447266 193.30645751953125
v 14.733793258666992 -7.6406168937683105 183.96759033203125
v 14.963006019592285 -8.26802921295166 181.32666015625
v 14.819607734680176 -5.260368347167969 183.07601928710938
v 15.106767654418945 -5.89293098449707 180.4962615966797
v 15.567010879516602 -4.795871734619141 27.698265075683594
v 15.309678077697754 -3.3392274379730225 182.23782348632812
v 16.728315353393555 -2.559281349182129 377.88336181640625
v 15.386536598205566 -1.7702832221984863 35.686607360839844
v 15.696100234985352 -2.784820318222046 216.4718780517578
v 15.229578971862793 0.23779314756393433 30.961727142333984
v 15.269791603088379 -1.3163906335830688 219.9742431640625
v 15.460128784179688 0.09113603830337524 19.632753372192383
v 15.563478469848633 1.3473353385925293 186.172607421875
v 15.246378898620605 3.6572425365448 189.3916473388672
v 15.472332000732422 2.6740622520446777 229.43460083007812
v 15.47219181060791 6.684828758239746 24.202783584594727
v 15.663285255432129 6.337704658508301 359.41680908203125
v 15.287153244018555 9.513800621032715 19.377832412719727
v 15.268731117248535 8.254159927368164 397.28521728515625
v 15.478840827941895 10.118903160095215 199.35662841796875
v 15.704832077026367 10.935988426208496 240.29208374023438
v 15.431211471557617 10.104813575744629 405.3163757324219
v 16.155561447143555 12.223133087158203 413.1686706542969
v 15.369050025939941 11.913846969604492 358.686767578125
v 15.097710609436035 17.926488876342773 244.10238647460938
v 16.536623001098633 18.77278709411621 361.70343017578125
v 15.501338005065918 19.51021957397461 405.0647277832031
v 15.460988998413086 19.663129806518555 406.7352294921875
v 15.648914337158203 20.439943313598633 408.52069091796875
v 15.209108352661133 20.68324089050293 397.2479553222656
v 15.771130561828613 24.16517448425293 226.18408203125
v 15.901522636413574 21.70250129699707 411.7354736328125
v 14.776329040527344 23.854246139526367 242.13760375976562
v 15.45649242401123 25.07308006286621 244.75823974609375
v 16.660871505737305 27.015460968017578 233.21115112304688
v 15.855198860168457 24.627349853515625 393.8317565917969
v 15.260934829711914 26.0293025970459 240.73020935058594
v 18.10988998413086 24.582395553588867 371.01068115234375
v 16.717830657958984 25.25569725036621 372.1261291503906
v 17.011381149291992 -31.705842971801758 79.62000274658203
v 15.809453964233398 -29.819990158081055 97.69148254394531
v 15.684524536132812 -29.089828491210938 101.25151824951172
v 16.239505767822266 -28.58544158935547 104.97244262695312
v 15.74759578704834 -24.898786544799805 44.72366714477539
v 16.4610538482666 -26.239063262939453 108.4644775390625
v 15.948205947875977 -20.77164649963379 37.06007766723633
v 15.851604461669922 -19.15930938720703 34.44544219970703
v 16.176050186157227 -19.09823989868164 60.899192810058594
v 15.953842163085938 -18.301050186157227 56.618316650390625
v 15.791781425476074 -15.188679695129395 93.41179656982422
v 16.58523178100586 -14.492724418640137 76.98566436767578
v 15.650554656982422 -14.970383644104004 86.57868194580078
v 15.332983016967773 -10.877167701721191 175.33905029296875
v 15.11755084991455 -8.639653205871582 176.92979431152344
v 15.188014030456543 -11.141609191894531 178.23049926757812
v 15.636730194091797 -9.139132499694824 173.75083923339844
v 15.707425117492676 -11.278650283813477 182.49330139160156
v 15.281899452209473 -10.481748580932617 183.1798858642578
v 15.771078109741211 -8.48669147491455 199.49322509765625
v 17.0516414642334 -6.3727240562438965 41.092063903808594
v 15.661848068237305 -7.055432319641113 174.8249969482422
v 15.97704029083252 -6.752095699310303 205.60365295410156
v 15.695318222045898 -3.615356922149658 179.78330993652344
v 15.764902114868164 -3.2160427570343018 25.114591598510742
v 16.40363883972168 -2.680900812149048 370.23138427734375
v 15.485904693603516 -1.2891744375228882 21.855199813842773
v 16.705371856689453 -1.2657105922698975 384.2568054199219
v 16.279935836791992 -0.8812891840934753 223.7675323486328
v 17.271320343017578 -0.37101849913597107 386.9713439941406
v 15.97211742401123 0.8496975898742676 226.67279052734375
v 17.190120697021484 3.20470929145813 361.3658142089844
v 15.5853271484375 3.986781597137451 27.500890731811523
v 15.983789443969727 3.920872449874878 13.436751365661621
v 16.59231185913086 5.129147529602051 12.252115249633789
v 16.16659927368164 8.674736022949219 195.32119750976562
v 16.1213321685791 8.486830711364746 398.9687194824219
v 15.829389572143555 9.573577880859375 11.269234657287598
v 15.96438217163086 10.294564247131348 408.5754089355469
v 15.902548789978027 11.518645286560059 11.96074390411377
v 16.58338737487793 12.16468620300293 573.5189208984375
v 16.165552139282227 12.992513656616211 15.149846076965332
v 15.90381145477295 12.500808715820312 242.2467498779297
v 15.80477523803711 12.777901649475098 570.5150146484375
v 16.37127685546875 13.566751480102539 573.5287475585938
v 16.627382278442383 11.938100814819336 358.8221130371094
v 15.481894493103027 15.5715970993042 243.6883087158203
v 15.613058090209961 13.860992431640625 570.9138793945312
v 15.915565490722656 20.695568084716797 219.0208282470703
v 15.766267776489258 19.947649002075195 402.2442321777344
v 15.83449649810791 20.847993850708008 247.7035369873047
v 15.435664176940918 22.736438751220703 246.20498657226562
v 16.40543556213379 23.435401916503906 222.5574951171875
v 17.342966079711914 -32.30128860473633 69.57405090332031
v 16.708829879760742 -31.247886657714844 61.1587028503418
v 16.44383430480957 -31.363670349121094 86.26932525634766
v 15.715107917785645 -29.25668716430664 54.39313507080078
v 16.111557006835938 -30.618398666381836 94.91278076171875
v 16.199859619140625 -26.43115234375 49.93565368652344
v 16.33938217163086 -24.098543167114258 108.69174194335938
v 16.518571853637695 -22.837223052978516 43.96012878417969
v 16.499568939208984 -21.951519012451172 40.252498626708984
v 16.5483341217041 -22.10981559753418 108.77043151855469
v 16.511770248413086 -19.65345001220703 66.16221618652344
v 15.928464889526367 -18.478769302368164 102.37381744384766
v 17.03428077697754 -16.192461013793945 33.58039855957031
v 16.31904411315918 -13.910468101501465 32.19852066040039
v 16.3267822265625 -11.769814491271973 32.386573791503906
v 15.621821403503418 -12.847674369812012 176.289306640625
v 15.797684669494629 -13.122364044189453 179.18324279785156
v 16.40193748474121 -11.906517028808594 43.013736724853516
v 16.051939010620117 -11.488895416259766 171.70130920410156
v 16.321569442749023 -13.792498588562012 172.6295623779297
v 16.64822769165039 -8.330936431884766 202.988037109375
v 16.44617462158203 -6.59311056137085 208.1481170654297
v 16.12095069885254 -4.423341274261475 176.7474365234375
v 16.17696189880371 -3.8177731037139893 39.16913986206055
v 16.1065673828125 -1.595659852027893 181.65542602539062
v 16.512645721435547 -4.697510242462158 213.59059143066406
v 17.01947784423828 -0.5062474012374878 34.28936767578125
v 15.846668243408203 -0.30063703656196594 183.20367431640625
v 16.1564998626709 0.45871850848197937 32.129207611083984
v 16.3254337310791 1.908873438835144 15.37428092956543
v 16.213382720947266 1.4730709791183472 30.78407859802246
v 16.298049926757812 7.073217391967773 192.07713317871094
v 16.565176010131836 8.578154563903809 21.902063369750977
v 17.576736450195312 6.947329998016357 395.1759948730469
v 16.669593811035156 10.131892204284668 19.753883361816406
v 16.374160766601562 9.78929328918457 403.2785339355469
v 16.951324462890625 10.554593086242676 18.7158145904541
v 16.266759872436523 12.429954528808594 16.655948638916016
v 17.012123107910156 11.618016242980957 572.8402099609375
v 16.57280731201172 13.439001083374023 203.52191162109375
v 17.109786987304688 14.669527053833008 572.6958618164062
v 16.39803695678711 14.6268310546875 415.80987548828125
v 16.932640075683594 17.916379928588867 212.1815948486328
v 16.926612854003906 18.08007049560547 249.3274688720703
v 16.603681564331055 20.161043167114258 217.78720092773438
v 17.425952911376953 20.91314125061035 409.5846862792969
v 19.237812042236328 23.677753448486328 369.9022521972656
v 16.000503540039062 26.611604690551758 247.73129272460938
v 16.17902374267578 25.11041831970215 249.75221252441406
v 16.33194351196289 28.300317764282227 239.236328125
v 15.897695541381836 26.9842472076416 243.5336151123047
v 17.04966163635254 26.641155242919922 375.53118896484375
v 17.087038040161133 -31.812484741210938 63.78467559814453
v 18.052091598510742 -31.939023971557617 73.76165771484375
v 17.520265579223633 -32.03986358642578 91.5868148803711
v 16.859561920166016 -29.602628707885742 58.327152252197266
v 16.865543365478516 -27.589115142822266 54.9428825378418
v 16.593730926513672 -23.622116088867188 45.37641525268555
v 17.033203125 -20.302453994750977 108.67749786376953
v 16.880962371826172 -19.393753051757812 37.531227111816406
v 16.30820083618164 -20.167646408081055 63.24921417236328
v 16.705223083496094 -19.985788345336914 62.337867736816406
v 16.87509536743164 -17.998117446899414 34.64018249511719
v 16.935209274291992 -20.108369827270508 58.37651443481445
v 16.607311248779297 -18.116424560546875 53.704200744628906
v 16.42462730407715 -15.949023246765137 47.42689895629883
v 17.35159683227539 -14.24996280670166 89.82227325439453
v 17.293781280517578 -14.012604713439941 86.06543731689453
v 16.818572998046875 -15.710211753845215 176.24559020996094
v 16.4405460357666 -12.78429126739502 183.16395568847656
v 16.5432186126709 -13.055747985839844 184.0663299560547
v 16.753864288330078 -12.639464378356934 187.17044067382812
v 16.482574462890625 -9.480829238891602 169.74502563476562
v 17.235267639160156 -11.888861656188965 194.169677734375
v 17.0996036529541 -8.671879768371582 30.422616958618164
v 16.284360885620117 -7.219339370727539 172.5946502685547
v 17.290987014770508 -6.775974273681641 27.992095947265625
v 17.333267211914062 -5.457474708557129 27.128278732299805
v 17.190937042236328 -6.116289138793945 210.70570373535156
v 16.78506851196289 -1.6677285432815552 179.01455688476562
v 18.505512237548828 -2.231348991394043 375.283447265625
v 16.689599990844727 -1.6783009767532349 21.625385284423828
v 17.344322204589844 -3.111771583557129 220.60345458984375
v 17.176254272460938 1.7754201889038086 182.99441528320312
v 16.949644088745117 3.549295663833618 186.22950744628906
v 16.847116470336914 3.112124443054199 29.429012298583984
v 17.280118942260742 6.551055908203125 359.677734375
v 17.28946876525879 9.247386932373047 241.39749145507812
v 17.554622650146484 10.797672271728516 197.11451721191406
v 16.9383602142334 9.5717134475708 406.0568542480469
v 16.918771743774414 9.840768814086914 11.157940864562988
v 17.101316452026367 11.543828964233398 571.73291015625
v 17.125350952148438 12.33920669555664 570.7389526367188
v 17.390796661376953 12.921667098999023 201.0711669921875
v 17.063156127929688 12.674575805664062 13.036513328552246
v 17.47820281982422 12.588142395019531 413.7538146972656
v 16.62282371520996 15.128447532653809 246.08033752441406
v 17.53470802307129 16.106897354125977 206.262451171875
v 17.211139678955078 17.321666717529297 209.1189422607422
v 17.48038673400879 17.230682373046875 361.1312561035156
v 17.314044952392578 17.601472854614258 416.2317810058594
v 17.37031364440918 20.277822494506836 400.4252624511719
v 17.24696922302246 21.050203323364258 398.0964050292969
v 16.941078186035156 22.8528995513916 220.3766632080078
v 16.3347110748291 23.079936981201172 250.39218139648438
v 18.652057647705078 27.404863357543945 392.7710266113281
v 17.02706527709961 28.911258697509766 237.225341796875
v 16.46392822265625 28.641443252563477 246.86825561523438
v 16.693233489990234 28.912477493286133 242.2659454345703
v 16.85249900817871 -29.64249610900879 59.37261962890625
v 17.563392639160156 -31.515888214111328 96.41715240478516
v 17.471561431884766 -31.4858455657959 99.81041717529297
v 17.130023956298828 -30.18125343322754 104.65177917480469
v 17.031856536865234 -25.28400993347168 51.413658142089844
v 16.9200496673584 -28.14619255065918 107.99784088134766
v 16.949527740478516 -27.01729393005371 113.75994110107422
v 16.56305503845215 -25.08868980407715 112.84284210205078
v 16.804529190063477 -24.966800689697266 115.78192901611328
v 16.61185073852539 -22.94578742980957 113.24078369140625
v 17.132875442504883 -21.09733009338379 62.74848175048828
v 17.05373191833496 -20.069360733032227 55.60234451293945
v 18.523393630981445 -18.84943199157715 69.24081420898438
v 17.063329696655273 -18.298498153686523 49.46326446533203
v 18.130674362182617 -15.831400871276855 101.79598236083984
v 17.303316116333008 -14.708802223205566 96.52592468261719
v 17.276084899902344 -14.890280723571777 44.26835632324219
v 17.475095748901367 -14.095132827758789 93.6290054321289
v 17.24102210998535 -17.01260757446289 168.39480590820312
v 16.73786163330078 -15.329913139343262 167.5450897216797
v 17.11138916015625 -15.795248985290527 173.71836853027344
v 17.05019760131836 -15.688072204589844 178.9667510986328
v 16.504945755004883 -13.267375946044922 166.63015747070312
v 18.069673538208008 -12.819466590881348 33.66798400878906
v 16.939002990722656 -10.361804008483887 165.5871124267578
v 17.233793258666992 -5.081076622009277 172.28236389160156
v 17.62024688720703 -4.371194839477539 39.768470764160156
v 17.28676414489746 -4.696101188659668 25.945920944213867
v 17.63375473022461 -3.72843337059021 24.719173431396484
v 17.189416885375977 -1.342882513999939 36.130897521972656
v 17.352624893188477 -0.20152612030506134 19.12200355529785
v 17.26055145263672 -0.0021755676716566086 181.0326385498047
v 17.483335494995117 0.609844446182251 17.005115509033203
v 18.059337615966797 0.6820659041404724 389.0064392089844
v 17.20852279663086 1.9240633249282837 231.81480407714844
v 17.175262451171875 6.159070014953613 237.6020050048828
v 17.933706283569336 5.557836055755615 12.04004955291748
v 17.272804260253906 6.746082305908203 24.862173080444336
v 17.490732192993164 9.52371597290039 403.2527160644531
v 17.61519432067871 14.702914237976074 360.0030517578125
v 17.57044792175293 14.956217765808105 571.0123901367188
v 17.216812133789062 15.169763565063477 571.7859497070312
v 18.647218704223633 15.635151863098145 415.3575439453125
v 17.460670471191406 18.861602783203125 212.76568603515625
v 18.65305519104004 19.269376754760742 414.6203918457031
v 17.69569206237793 20.40435218811035 402.3914794921875
v 17.159523010253906 20.056833267211914 405.0144348144531
v 17.238235473632812 20.303773880004883 406.8994445800781
v 17.19142723083496 20.572450637817383 251.80633544921875
v 17.413291931152344 21.639434814453125 397.2248840332031
v 17.931541442871094 28.444244384765625 232.9302978515625
v 17.118112564086914 30.371715545654297 245.81573486328125
v 17.911367416381836 -30.93637466430664 65.06017303466797
v 18.93722152709961 -31.364160537719727 69.44160461425781
v 18.263355255126953 -32.32168960571289 87.37269592285156
v 18.701337814331055 -32.31393051147461 85.8906021118164
v 18.194345474243164 -31.896625518798828 95.20821380615234
v 18.39920425415039 -31.80175018310547 104.21385192871094
v 18.15146255493164 -30.568645477294922 107.59453582763672
v 17.551273345947266 -29.28577423095703 109.68819427490234
v 17.339250564575195 -26.678752899169922 118.2385025024414
v 17.17597007751465 -24.37051773071289 119.2470932006836
v 16.830219268798828 -23.00396728515625 116.14456176757812
v 17.20229148864746 -21.957988739013672 45.78883743286133
v 17.29360008239746 -20.515453338623047 45.42677688598633
v 17.64478302001953 -19.55851936340332 40.7822151184082
v 17.11225128173828 -20.828866958618164 113.66488647460938
v 17.5143985748291 -20.198158264160156 117.89447784423828
v 17.311046600341797 -22.27280044555664 119.40193176269531
v 17.821147918701172 -21.590730667114258 60.51347732543945
v 18.01242446899414 -21.06623649597168 65.38033294677734
v 17.386754989624023 -18.500417709350586 38.31162643432617
v 17.517078399658203 -18.064395904541016 106.57817840576172
v 17.65555191040039 -16.52666664123535 103.37841033935547
v 17.251739501953125 -18.002832412719727 47.72370529174805
v 17.136871337890625 -18.08172607421875 46.76981735229492
v 18.40977668762207 -15.29256820678711 73.86080932617188
v 17.634979248046875 -17.438135147094727 171.1783447265625
v 18.63942527770996 -14.087942123413086 75.98768615722656
v 17.693889617919922 -15.4029541015625 181.99449157714844
v 18.536893844604492 -13.462117195129395 78.25785827636719
v 17.180160522460938 -15.328811645507812 163.7623291015625
v 17.13677406311035 -13.040536880493164 163.1657257080078
v 17.34003257751465 -13.360372543334961 42.030967712402344
v 17.85940933227539 -13.673973083496094 188.48085021972656
v 17.035385131835938 -13.611068725585938 593.4426879882812
v 17.261730194091797 -12.718063354492188 592.5406494140625
v 16.956111907958984 -12.14831256866455 594.4462280273438
v 18.253414154052734 -10.068296432495117 41.879886627197266
v 17.999618530273438 -10.359450340270996 31.637393951416016
v 17.170766830444336 -7.81468391418457 168.84214782714844
v 18.29269027709961 -8.674630165100098 205.66822814941406
v 17.92159080505371 -4.218859672546387 217.5931854248047
v 18.53152847290039 -3.2249019145965576 222.7292938232422
v 17.970905303955078 -1.736577033996582 225.09725952148438
v 17.996517181396484 -1.8338526487350464 369.4569396972656
v 18.104915618896484 -0.5187979340553284 228.10568237304688
v 17.72686004638672 0.6018057465553284 33.133094787597656
v 18.10897445678711 1.5818425416946411 31.419429779052734
v 18.557308197021484 1.4448697566986084 15.616903305053711
v 18.00563621520996 3.5298006534576416 13.279831886291504
v 18.134305953979492 2.6556098461151123 234.46701049804688
v 18.057205200195312 3.9474356174468994 28.64385223388672
v 18.270034790039062 7.529398441314697 397.3638916015625
v 17.769437789916992 8.361231803894043 191.87001037597656
v 18.506868362426758 9.283758163452148 21.187358856201172
v 18.217939376831055 9.959473609924316 408.81396484375
v 17.78960418701172 11.49032211303711 11.931392669677734
v 17.98480224609375 13.350991249084473 246.94923400878906
v 18.03466033935547 13.685791969299316 573.0782470703125
v 18.611175537109375 14.897286415100098 570.6819458007812
v 18.581159591674805 13.421804428100586 414.216552734375
v 20.624267578125 21.159780502319336 367.2718200683594
v 17.883638381958008 22.068336486816406 218.02410888671875
v 18.340883255004883 24.866025924682617 255.9138946533203
v 17.817726135253906 27.297786712646484 254.5489959716797
v 18.013446807861328 25.79990577697754 224.6490478515625
v 17.474367141723633 28.872961044311523 252.60372924804688
v 22.476842880249023 30.940725326538086 390.2875061035156
v 17.532508850097656 30.91240692138672 249.1782684326172
v 18.116844177246094 31.105344772338867 240.99002075195312
v 18.811689376831055 -32.25050735473633 78.39665985107422
v 18.450008392333984 -29.768272399902344 63.2476806640625
v 17.9169979095459 -29.30682373046875 60.977962493896484
v 17.883729934692383 -27.590604782104492 59.566680908203125
v 18.209197998046875 -30.965789794921875 107.99002838134766
v 17.929357528686523 -27.629596710205078 58.816856384277344
v 17.521663665771484 -28.54200553894043 114.26044464111328
v 17.802045822143555 -24.851228713989258 56.074249267578125
v 18.189199447631836 -26.78837776184082 121.70330810546875
v 17.472732543945312 -23.97880744934082 52.553043365478516
v 17.72146224975586 -22.846263885498047 56.29939270019531
v 17.449935913085938 -20.18297576904297 47.04830551147461
v 17.57577896118164 -21.72246742248535 54.68455505371094
v 17.61075210571289 -19.372339248657227 112.1943588256836
v 17.94101333618164 -18.377958297729492 108.75896453857422
v 17.963266372680664 -17.62798309326172 42.467071533203125
v 17.834562301635742 -16.879716873168945 35.954132080078125
v 18.734085083007812 -16.374996185302734 106.06407165527344
v 17.729833602905273 -17.560749053955078 164.45516967773438
v 17.76938247680664 -17.61809539794922 160.90896606445312
v 19.037940979003906 -16.42784309387207 71.97884368896484
v 17.259952545166016 -14.325711250305176 161.62257385253906
v 18.060901641845703 -14.641448974609375 34.655887603759766
v 18.281064987182617 -14.945829391479492 184.1678924560547
v 18.544706344604492 -15.343389511108398 184.84535217285156
v 18.021528244018555 -14.556916236877441 591.9700317382812
v 17.70444107055664 -14.47288990020752 158.7425537109375
v 17.455080032348633 -11.24894905090332 162.2913360595703
v 17.48768424987793 -14.259201049804688 594.4034423828125
v 18.052066802978516 -12.714764595031738 595.6973266601562
v 18.230253219604492 -9.542184829711914 596.0775756835938
v 19.064422607421875 -10.518153190612793 32.16006851196289
v 17.581186294555664 -9.690441131591797 593.9959106445312
v 17.626249313354492 -9.52841567993164 594.924072265625
v 17.93836212158203 -10.47089958190918 592.6879272460938
v 18.30661964416504 -10.867328643798828 199.13665771484375
v 19.709409713745117 -6.982570171356201 40.28195571899414
v 17.97950553894043 -7.677361965179443 165.4513702392578
v 18.223554611206055 -8.164844512939453 29.527711868286133
v 18.49456024169922 -8.014994621276855 208.38800048828125
v 18.19706916809082 -6.082029819488525 168.18821716308594
v 18.213623046875 -2.775808572769165 38.07060241699219
v 18.290979385375977 0.19739966094493866 178.52438354492188
v 18.74362564086914 -3.2045629024505615 171.91844177246094
v 19.033681869506836 -0.10974656045436859 366.5716247558594
v 18.955015182495117 1.6405768394470215 180.4217529296875
v 18.29115104675293 4.3826799392700195 185.51072692871094
v 18.779666900634766 7.974623203277588 189.9793701171875
v 18.91309928894043 6.171998500823975 12.136319160461426
v 18.7820987701416 7.4122772216796875 241.35536193847656
v 18.47993278503418 8.404535293579102 399.3052978515625
v 18.587488174438477 9.971602439880371 359.8675842285156
v 18.535480499267578 9.453033447265625 406.13427734375
v 18.63058853149414 10.497040748596191 19.222929000854492
v 18.394580841064453 10.148614883422852 11.552206993103027
v 17.854595184326172 12.566354751586914 16.232248306274414
v 18.857540130615234 11.148052215576172 411.1197814941406
v 18.929288864135742 13.396374702453613 571.9082641601562
v 18.100704193115234 12.77868938446045 14.128501892089844
v 18.531837463378906 14.53925609588623 202.74935913085938
v 18.089305877685547 15.873932838439941 205.61790466308594
v 18.343708038330078 21.32532501220703 217.03775024414062
v 19.243330001831055 20.271583557128906 412.2946472167969
v 18.290590286254883 20.917943954467773 411.3664245605469
v 19.102506637573242 22.216461181640625 256.4661865234375
v 23.11440658569336 26.719406127929688 396.6067199707031
v 19.149450302124023 29.1141414642334 231.38519287109375
v 19.347900390625 25.95454216003418 373.76416015625
v 20.38716697692871 28.443817138671875 377.8241271972656
v 19.116838455200195 29.156810760498047 380.2546081542969
v 18.158647537231445 30.634258270263672 237.58628845214844
v 18.386690139770508 32.68040084838867 245.85348510742188
v 19.975547790527344 -30.272380828857422 68.83116912841797
v 18.24625015258789 -30.029512405395508 113.88380432128906
v 18.261743545532227 -29.08424186706543 118.17839813232422
v 18.93907356262207 -27.02886199951172 62.078529357910156
v 18.770193099975586 -28.588937759399414 121.47632598876953
v 18.15571403503418 -24.453706741333008 122.83057403564453
v 18.400901794433594 -23.897077560424805 59.762508392333984
v 18.22530174255371 -21.48786735534668 122.0322265625
v 18.058589935302734 -22.837238311767578 61.916358947753906
v 18.300077438354492 -18.302417755126953 115.76680755615234
v 18.762046813964844 -20.187623977661133 159.2461700439453
v 17.990564346313477 -16.43963050842285 39.96327209472656
v 18.791906356811523 -18.15399742126465 174.93858337402344
v 18.3853816986084 -15.367180824279785 38.54710006713867
v 18.797590255737305 -18.13652229309082 177.00323486328125
v 17.782686233520508 -14.825601577758789 41.49161148071289
v 18.095190048217773 -17.671228408813477 157.54843139648438
v 18.344886779785156 -15.42455005645752 36.61104965209961
v 18.317983627319336 -13.935818672180176 156.00100708007812
v 18.06163787841797 -14.542243003845215 40.51232147216797
v 18.32440948486328 -15.555932998657227 592.8899536132812
v 19.154111862182617 -13.416472434997559 86.16732025146484
v 18.740785598754883 -14.12855339050293 595.4426879882812
v 19.59853744506836 -11.060409545898438 40.462791442871094
v 19.51285743713379 -13.342643737792969 194.9228057861328
v 18.272127151489258 -8.954357147216797 162.34390258789062
v 19.236852645874023 -6.20198392868042 214.6235809326172
v 19.151103973388672 -1.648820400238037 36.332054138183594
v 19.883289337158203 -1.1511985063552856 384.8938903808594
v 18.893400192260742 0.14392930269241333 18.996360778808594
v 19.345720291137695 4.554197788238525 238.31321716308594
v 19.998096466064453 6.943042278289795 396.05242919921875
v 18.704761505126953 7.025954246520996 24.253738403320312
v 18.438812255859375 8.344977378845215 22.118078231811523
v 18.715099334716797 7.399549961090088 360.3466491699219
v 19.35373878479004 10.442090034484863 193.81723022460938
v 18.740713119506836 11.507627487182617 196.904052734375
v 19.39232063293457 14.40476131439209 571.0764770507812
v 18.601879119873047 15.23343276977539 250.18858337402344
v 19.558265686035156 18.68716812133789 571.76318359375
v 18.656169891357422 18.16074562072754 252.9736785888672
v 19.623933792114258 18.605260848999023 363.8713684082031
v 19.385435104370117 20.04018211364746 400.189453125
v 18.83959197998047 20.058958053588867 404.9221496582031
v 19.742351531982422 21.325756072998047 397.9342956542969
v 18.660924911499023 24.771665573120117 221.39170837402344
v 18.607847213745117 22.524932861328125 396.9259948730469
v 18.131629943847656 30.88398551940918 252.708740234375
v 19.0126895904541 33.40855026245117 251.0140380859375
v 20.040651321411133 -32.623619079589844 94.22645568847656
v 19.133432388305664 -32.699073791503906 99.2785415649414
v 18.86974334716797 -29.110370635986328 64.4150619506836
v 19.174373626708984 -31.644256591796875 110.63412475585938
v 18.41143798828125 -25.587295532226562 59.34559631347656
v 18.351051330566406 -24.585811614990234 60.63963317871094
v 18.97553253173828 -22.831117630004883 64.77487182617188
v 19.835857391357422 -19.89548110961914 68.92064666748047
v 19.110706329345703 -18.936086654663086 121.71135711669922
v 19.15947723388672 -17.48171043395996 119.04988861083984
v 19.1697940826416 -20.320262908935547 165.12132263183594
v 18.544864654541016 -19.330989837646484 167.84596252441406
v 19.176607131958008 -19.566526412963867 171.6386260986328
v 19.145227432250977 -16.76949119567871 108.91676330566406
v 19.273574829101562 -17.325117111206055 181.49984741210938
v 18.457223892211914 -17.467308044433594 155.99838256835938
v 19.40398597717285 -14.95534610748291 102.62857818603516
v 18.8620662689209 -15.420577049255371 594.2838134765625
v 19.386295318603516 -13.318781852722168 94.07664489746094
v 18.606201171875 -13.551015853881836 591.4547119140625
v 18.47603988647461 -10.617218971252441 158.81741333007812
v 19.331758499145508 -10.1171293258667 596.6349487304688
v 19.709932327270508 -8.650989532470703 30.87590789794922
v 18.81749725341797 -7.337361812591553 595.4884643554688
v 20.24362564086914 -7.75059175491333 211.27769470214844
v 19.038471221923828 -5.245528697967529 39.882408142089844
v 19.021034240722656 -5.515532970428467 27.060409545898438
v 18.826148986816406 -3.709441661834717 170.5865936279297
v 19.936147689819336 -5.286581993103027 217.74111938476562
v 19.539915084838867 -4.400823593139648 220.82916259765625
v 19.64753532409668 -3.337074041366577 24.68779945373535
v 19.15864372253418 -1.1031713485717773 174.79798889160156
v 19.435155868530273 -0.8051701188087463 34.697662353515625
v 19.0764217376709 0.9261796474456787 232.77786254882812
v 19.877363204956055 -1.13966965675354 229.27586364746094
v 20.284427642822266 2.236530303955078 364.75604248046875
v 19.887025833129883 3.6678953170776367 181.88473510742188
v 19.17470359802246 4.575325965881348 361.8863220214844
v 19.571640014648438 5.406036853790283 25.894012451171875
v 19.53432846069336 9.802271842956543 403.1932373046875
v 19.342092514038086 8.677248001098633 243.76168823242188
v 19.386276245117188 11.64531135559082 247.26284790039062
v 19.11237144470215 10.657455444335938 17.71788215637207
v 19.122331619262695 11.756141662597656 13.148136138916016
v 18.954797744750977 12.284440040588379 15.406498908996582
v 19.415475845336914 13.08558177947998 360.6993103027344
v 19.685043334960938 16.472570419311523 572.8743286132812
v 19.211801528930664 16.780302047729492 570.3457641601562
v 20.047504425048828 15.803966522216797 362.21490478515625
v 18.96357536315918 17.855205535888672 571.0748291015625
v 20.011554718017578 18.374433517456055 572.3524780273438
v 19.429332733154297 18.386625289916992 208.36216735839844
v 19.110044479370117 17.560161590576172 415.0230712890625
v 19.20858383178711 20.34300994873047 407.9858093261719
v 19.865633010864258 24.703367233276367 219.68519592285156
v 18.937328338623047 27.328670501708984 257.78668212890625
v 19.01310157775879 30.285079956054688 257.2925720214844
v 18.694499969482422 31.775516510009766 254.69456481933594
v 20.609081268310547 -32.114410400390625 76.31703186035156
v 20.146963119506836 -33.27178955078125 102.79920196533203
v 20.101587295532227 -30.954486846923828 72.357421875
v 19.323415756225586 -31.417438507080078 114.53541564941406
v 19.357507705688477 -26.57786750793457 125.50627899169922
v 19.012502670288086 -23.495752334594727 125.75044250488281
v 19.01075553894043 -20.39211654663086 124.0197525024414
v 19.728275299072266 -21.867185592651367 159.72625732421875
v 19.131467819213867 -20.234121322631836 157.68170166015625
v 19.162206649780273 -17.043251037597656 115.45874786376953
v 20.144407272338867 -16.685461044311523 71.64691925048828
v 20.64240837097168 -14.660543441772461 105.25508880615234
v 18.933225631713867 -15.939798355102539 153.5756072998047
v 18.723142623901367 -14.525096893310547 154.87393188476562
v 19.9693660736084 -12.664719581604004 36.6693229675293
v 20.06662940979004 -15.857666015625 591.47705078125
v 20.2128849029541 -14.378885269165039 101.1300277709961
v 20.54891586303711 -14.866085052490234 590.6795043945312
v 20.62580680847168 -13.337456703186035 89.76850891113281
v 19.453548431396484 -14.479096412658691 190.38726806640625
v 19.29664421081543 -12.867278099060059 35.09926223754883
v 19.541807174682617 -10.671679496765137 155.4091033935547
v 19.145463943481445 -11.427166938781738 592.0265502929688
v 19.494632720947266 -8.318050384521484 593.2131958007812
v 19.06418228149414 -7.854817867279053 161.4456787109375
v 19.70001220703125 -9.13553524017334 206.53468322753906
v 19.961910247802734 -6.723012924194336 28.284976959228516
v 19.72331428527832 -6.4630231857299805 593.95458984375
v 19.371776580810547 -5.7298583984375 165.1522216796875
v 18.78571128845215 -4.472153663635254 589.2503051757812
v 19.004053115844727 -6.682058811187744 589.2979125976562
v 19.029695510864258 -5.058111667633057 588.1036987304688
v 20.09297752380371 -4.156676769256592 167.3607177734375
v 19.134822845458984 -4.274826526641846 590.6593017578125
v 19.266847610473633 -6.935092449188232 590.283203125
v 20.184907913208008 -3.83699369430542 38.24625015258789
v 20.132841110229492 -2.8750836849212646 225.6214141845703
v 20.761913299560547 -1.0381163358688354 372.9730224609375
v 20.261945724487305 -1.7839488983154297 380.3647766113281
v 19.64727210998535 0.47382286190986633 33.05414581298828
v 19.6639347076416 0.18220622837543488 388.14239501953125
v 19.96160125732422 1.341199278831482 16.761701583862305
v 23.532869338989258 4.457052230834961 394.1427307128906
v 20.5452823638916 6.297119140625 241.9595947265625
v 20.20527458190918 8.878846168518066 399.4297790527344
v 19.7806339263916 8.20786190032959 398.4012756347656
v 20.066862106323242 9.648293495178223 19.886768341064453
v 19.668264389038086 14.638283729553223 572.3989868164062
v 19.466026306152344 14.50766372680664 414.3704528808594
v 20.175369262695312 15.45573616027832 202.68934631347656
v 20.555524826049805 19.717620849609375 210.9786376953125
v 19.495038986206055 20.070463180541992 212.45358276367188
v 20.091793060302734 21.67280387878418 215.43722534179688
v 20.28032112121582 28.78931427001953 228.18226623535156
v 19.830120086669922 31.352331161499023 235.00897216796875
v 20.240644454956055 33.02537536621094 238.65682983398438
v 19.303146362304688 33.533138275146484 243.99720764160156
v 20.451255798339844 -32.88117599487305 91.281005859375
v 20.311100006103516 -32.989349365234375 106.4466323852539
v 20.043052673339844 -33.030616760253906 107.20101928710938
v 19.589181900024414 -30.154251098632812 121.30977630615234
v 19.910873413085938 -29.452306747436523 67.09549713134766
v 19.444570541381836 -27.384017944335938 64.46776580810547
v 19.998294830322266 -28.625288009643555 125.07814025878906
v 19.50678253173828 -25.255836486816406 64.35254669189453
v 21.259605407714844 -21.335580825805664 68.95085144042969
v 20.1215877532959 -22.0356388092041 158.44981384277344
v 19.796398162841797 -20.854442596435547 168.03526306152344
v 19.88033676147461 -18.592832565307617 124.28486633300781
v 19.30449867248535 -20.373260498046875 155.2002410888672
v 20.422298431396484 -19.383255004882812 177.4556427001953
v 19.742454528808594 -18.80384635925293 150.594482421875
v 20.58640480041504 -15.466326713562012 109.50521850585938
v 20.70494270324707 -16.69977378845215 184.77859497070312
v 20.420366287231445 -16.038433074951172 593.5401611328125
v 20.28739356994629 -14.780257225036621 73.42578125
v 19.54608726501465 -13.602829933166504 152.90782165527344
v 20.14842987060547 -13.595590591430664 591.2169189453125
v 20.850250244140625 -9.978304862976074 33.14902114868164
v 21.093154907226562 -11.836682319641113 200.2960968017578
v 20.537643432617188 -10.365169525146484 204.24737548828125
v 20.756103515625 -8.536195755004883 39.506446838378906
v 19.969310760498047 -8.541243553161621 596.8283081054688
v 20.080833435058594 -8.056232452392578 158.31121826171875
v 19.376842498779297 -9.39378547668457 588.75244140625
v 19.580209732055664 -9.431388854980469 590.05712890625
v 20.197553634643555 -7.97102165222168 29.996049880981445
v 19.568078994750977 -7.289089202880859 587.9141235351562
v 19.846261978149414 -5.826639175415039 595.5274047851562
v 19.821392059326172 -5.54619836807251 591.3280639648438
v 19.630708694458008 -2.4513113498687744 587.8653564453125
v 19.47484016418457 -2.4164175987243652 589.2093505859375
v 19.911603927612305 2.317741632461548 29.924928665161133
v 20.2240047454834 4.399604320526123 13.422414779663086
v 20.087148666381836 5.5149827003479 185.26089477539062
v 20.095415115356445 7.552750110626221 22.10733985900879
v 20.122848510742188 8.071036338806152 12.93164348602295
v 20.245569229125977 9.898573875427246 405.14520263671875
v 20.107431411743164 10.38795280456543 18.35661506652832
v 20.107877731323242 10.41550350189209 408.7591552734375
v 19.70984649658203 10.57876968383789 12.966334342956543
v 19.741355895996094 11.482828140258789 14.517306327819824
v 20.627437591552734 12.98928451538086 250.86325073242188
v 20.88957977294922 14.26905632019043 199.802001953125
v 20.257369995117188 14.378939628601074 251.70823669433594
v 20.762571334838867 16.951030731201172 204.92027282714844
v 20.47095489501953 16.202573776245117 254.04299926757812
v 19.935029983520508 18.964771270751953 569.5410766601562
v 20.397138595581055 19.834808349609375 402.2743835449219
v 20.61518096923828 19.489456176757812 404.623779296875
v 20.29981231689453 20.633655548095703 398.3670654296875
v 21.265338897705078 23.481515884399414 216.84817504882812
v 20.10261344909668 24.449718475341797 259.42877197265625
v 20.013635635375977 26.526578903198242 223.15042114257812
v 20.16332244873047 30.97928237915039 260.0923767089844
v 20.029775619506836 33.25756072998047 258.1022644042969
v 20.50646209716797 35.376861572265625 246.4955596923828
v 20.1774959564209 35.29813766479492 254.06838989257812
v 20.341596603393555 34.918601989746094 256.664794921875
v 20.376060485839844 -32.44963073730469 78.69868469238281
v 20.955245971679688 -31.21042823791504 73.22174072265625
v 20.684913635253906 -31.569616317749023 121.31684112548828
v 19.777225494384766 -25.56208610534668 127.0492172241211
v 20.594181060791016 -28.42892837524414 126.91699981689453
v 20.016727447509766 -22.63367462158203 127.3604736328125
v 19.973947525024414 -19.928937911987305 126.1802749633789
v 20.55308723449707 -22.840391159057617 156.6635284423828
v 20.280479431152344 -21.033496856689453 150.7039337158203
v 20.55526351928711 -16.67951202392578 121.3153305053711
v 20.02796745300293 -15.910143852233887 149.71702575683594
v 20.494197845458984 -15.633145332336426 117.65679168701172
v 21.413963317871094 -17.134571075439453 185.65785217285156
v 21.432939529418945 -16.610881805419922 591.7847290039062
v 21.269203186035156 -13.903592109680176 102.1382064819336
v 20.163148880004883 -14.688551902770996 594.8578491210938
v 21.854745864868164 -13.752591133117676 100.91014099121094
v 20.781282424926758 -13.217925071716309 78.34075927734375
v 21.203441619873047 -10.04751205444336 38.163116455078125
v 20.316789627075195 -13.461496353149414 595.1727905273438
v 20.111709594726562 -12.24048137664795 592.14208984375
v 20.723825454711914 -11.4794340133667 152.23768615722656
v 20.361000061035156 -9.266018867492676 592.9692993164062
v 19.771568298339844 -9.423550605773926 587.8355712890625
v 20.529325485229492 -8.857070922851562 208.7872314453125
v 20.340167999267578 -6.684578895568848 596.9970703125
v 20.301414489746094 -6.378501892089844 160.75338745117188
v 20.908552169799805 -5.287877082824707 162.32345581054688
v 20.257516860961914 -5.125400543212891 27.20873260498047
v 19.766998291015625 -5.746237277984619 587.3148803710938
v 20.553194046020508 -1.8795361518859863 171.2188720703125
v 20.097394943237305 -2.431864023208618 590.4888305664062
v 20.528730392456055 -1.7268749475479126 376.7020568847656
v 21.698911666870117 0.40489253401756287 370.293701171875
v 21.643232345581055 -1.61188805103302 230.045654296875
v 20.556549072265625 1.190941572189331 19.156192779541016
v 20.821876525878906 -0.23934566974639893 21.685853958129883
v 20.504623413085938 1.7719858884811401 177.9452667236328
v 20.677827835083008 0.5703226327896118 233.90328979492188
v 20.437685012817383 7.698690414428711 361.6180419921875
v 20.2247371673584 6.137051105499268 24.253652572631836
v 20.620595932006836 7.371013641357422 12.954566955566406
v 21.53420639038086 9.886443138122559 362.2422790527344
v 20.725860595703125 9.93995475769043 191.54310607910156
v 20.937238693237305 10.387750625610352 406.97747802734375
v 20.41315460205078 10.104729652404785 16.215106964111328
v 20.828227996826172 12.006545066833496 410.9017028808594
v 20.43193244934082 12.251691818237305 196.60696411132812
v 20.5081729888916 14.812047004699707 413.6012268066406
v 20.235795974731445 15.874739646911621 570.4568481445312
v 21.57652473449707 17.9189395904541 205.66526794433594
v 20.588045120239258 17.17209243774414 413.6733703613281
v 20.548093795776367 18.757736206054688 412.6065979003906
v 20.28801918029785 20.240751266479492 257.14508056640625
v 20.737606048583984 19.662790298461914 409.2391357421875
v 21.40084457397461 22.939577102661133 216.4524688720703
v 20.56612777709961 22.570682525634766 369.0368347167969
v 20.597293853759766 28.68869972229004 261.2715759277344
v 20.621322631835938 33.372520446777344 239.2860870361328
v 21.8719425201416 36.12242889404297 244.0524444580078
v 20.17830467224121 35.18600082397461 249.70797729492188
v 21.07798957824707 -33.660282135009766 99.92665100097656
v 21.362512588500977 -32.575435638427734 85.33956146240234
v 21.197288513183594 -32.84606170654297 87.3972396850586
v 21.177940368652344 -33.39585494995117 110.82530212402344
v 21.214374542236328 -33.305423736572266 113.78936004638672
v 20.936861038208008 -28.20834732055664 67.69059753417969
v 20.077756881713867 -24.004980087280273 127.63204193115234
v 20.686412811279297 -23.955244064331055 66.4975814819336
v 21.092247009277344 -23.083826065063477 162.78749084472656
v 20.82600975036621 -22.69704246520996 152.0850067138672
v 20.97610092163086 -22.149106979370117 165.94163513183594
v 20.914121627807617 -19.52434730529785 127.16364288330078
v 21.400753021240234 -21.118648529052734 173.0139617919922
v 20.50484275817871 -18.540891647338867 69.94461059570312
v 20.872051239013672 -18.204988479614258 182.041259765625
v 20.912729263305664 -16.85107421875 123.7457275390625
v 20.94518280029297 -18.041805267333984 146.9464569091797
v 21.170509338378906 -15.231900215148926 191.12478637695312
v 21.404735565185547 -13.137798309326172 86.2706298828125
v 21.47809410095215 -12.945054054260254 93.0219955444336
v 20.87407875061035 -11.066706657409668 35.29100799560547
v 21.255605697631836 -10.608362197875977 36.629146575927734
v 20.804285049438477 -9.663491249084473 596.4736328125
v 21.376779556274414 -12.90278434753418 589.003662109375
v 21.21183967590332 -11.476129531860352 590.3544311523438
v 20.750593185424805 -9.090185165405273 154.89602661132812
v 20.648136138916016 -7.881959438323975 593.0525512695312
v 20.897741317749023 -9.171034812927246 587.0364990234375
v 20.50577735900879 -9.165809631347656 590.9263305664062
v 21.784725189208984 -5.792164325714111 218.7838134765625
v 20.822559356689453 -4.459813117980957 591.8530883789062
v 20.8145751953125 -4.4417877197265625 586.6559448242188
v 20.684757232666016 -3.257206678390503 586.2980346679688
v 22.13430404663086 -3.777451276779175 225.3675994873047
v 20.80011749267578 -1.4735350608825684 34.47426986694336
v 20.83101463317871 -1.3185521364212036 589.151123046875
v 21.027076721191406 0.4133002758026123 174.81822204589844
v 21.146446228027344 1.3734920024871826 367.2825927734375
v 21.053443908691406 2.710221290588379 15.943592071533203
v 21.588655471801758 5.395695209503174 363.6855163574219
v 22.593917846679688 6.060352325439453 395.7967529296875
v 20.679677963256836 9.287518501281738 14.52808952331543
v 21.35292625427246 10.479531288146973 248.2737274169922
v 20.66889190673828 18.263702392578125 569.0984497070312
v 20.9041748046875 17.395875930786133 255.57638549804688
v 21.29271697998047 19.35029411315918 208.92379760742188
v 20.819908142089844 20.71600341796875 568.5169067382812
v 20.541677474975586 20.761587142944336 569.875244140625
v 22.76980972290039 29.714773178100586 265.3211975097656
v 22.202924728393555 -31.78647232055664 76.07723999023438
v 21.42657470703125 -29.449071884155273 71.04640197753906
v 22.035560607910156 -31.417091369628906 124.9677505493164
v 21.296035766601562 -26.239347457885742 67.27625274658203
v 21.28710174560547 -28.62415313720703 127.77046203613281
v 20.565824508666992 -26.75316619873047 127.92466735839844
v 21.796323776245117 -22.697307586669922 68.83665466308594
v 20.816444396972656 -20.983844757080078 128.64901733398438
v 21.68262481689453 -22.282630920410156 169.0039825439453
v 21.038368225097656 -19.86758041381836 69.20087432861328
v 20.702238082885742 -20.414772033691406 148.576416015625
v 21.90349769592285 -20.32550811767578 175.92044067382812
v 21.80655288696289 -16.70977020263672 125.83712005615234
v 21.491195678710938 -16.887723922729492 69.86273193359375
v 21.314693450927734 -16.59857177734375 146.40281677246094
v 21.845518112182617 -16.459827423095703 590.597412109375
v 21.170034408569336 -14.795644760131836 73.23426055908203
v 21.302839279174805 -13.090455055236816 148.8942108154297
v 21.21337890625 -15.205936431884766 147.3901824951172
v 21.62360954284668 -13.2748384475708 83.5859146118164
v 21.131103515625 -13.285971641540527 591.5650024414062
v 21.696849822998047 -13.602025985717773 196.73719787597656
v 21.270954132080078 -10.264056205749512 595.6202392578125
v 20.99405288696289 -12.375456809997559 594.4214477539062
v 21.238849639892578 -12.984665870666504 593.1624145507812
v 20.831859588623047 -11.957897186279297 593.1167602539062
v 21.31862449645996 -9.685786247253418 593.6503295898438
v 22.800668716430664 -9.944416046142578 207.27828979492188
v 22.166566848754883 -11.90647029876709 587.1333618164062
v 21.55266761779785 -7.781020164489746 32.07786560058594
v 21.492521286010742 -6.896450519561768 29.876529693603516
v 21.762964248657227 -6.584998607635498 157.63790893554688
v 21.218570709228516 -8.445332527160645 591.2263793945312
v 21.317317962646484 -7.379457473754883 597.2922973632812
v 21.442646026611328 -7.1002583503723145 587.039794921875
v 21.428945541381836 -6.18710470199585 593.645263671875
v 21.442707061767578 -5.519381523132324 596.0308227539062
v 21.34783172607422 -5.338913917541504 595.0392456054688
v 21.191282272338867 -5.335618495941162 38.28802490234375
v 22.098787307739258 -5.053268909454346 222.15069580078125
v 20.969255447387695 -3.556391716003418 26.30562973022461
v 20.565900802612305 -2.050302505493164 586.7767333984375
v 21.17538833618164 -1.0957767963409424 587.1734619140625
v 21.249914169311523 -0.25265568494796753 32.640689849853516
v 22.3883113861084 0.159572571516037 173.38150024414062
v 21.38743019104004 -0.35545626282691956 386.5587158203125
v 21.166606903076172 1.1785805225372314 29.895191192626953
v 20.902925491333008 2.6834771633148193 28.297515869140625
v 22.044675827026367 3.476276397705078 180.15611267089844
v 21.218351364135742 4.305480003356934 25.03857421875
v 21.779186248779297 6.182838439941406 185.05076599121094
v 21.354761123657227 7.5336151123046875 20.885299682617188
v 20.927419662475586 10.52815055847168 403.130615234375
v 21.145179748535156 9.871748924255371 17.000783920288086
v 22.293659210205078 11.498448371887207 193.6265106201172
v 21.48760223388672 11.390507698059082 408.8923034667969
v 21.893146514892578 11.558159828186035 362.68804931640625
v 21.640731811523438 13.437368392944336 362.7952880859375
v 20.996633529663086 16.019668579101562 571.7698974609375
v 21.589773178100586 17.993045806884766 572.1590576171875
v 22.885746002197266 18.536500930786133 366.70330810546875
v 21.573627471923828 18.074983596801758 257.17327880859375
v 21.26371955871582 19.040790557861328 400.23077392578125
v 21.602210998535156 19.603574752807617 399.00103759765625
v 21.402074813842773 21.0482177734375 570.8168334960938
v 22.682458877563477 21.030193328857422 211.77423095703125
v 21.47053337097168 22.575881958007812 260.5303955078125
v 22.27333641052246 23.934078216552734 371.5810546875
v 21.98587989807129 27.441198348999023 222.97021484375
v 22.402122497558594 31.049007415771484 230.61940002441406
v 21.876110076904297 32.9946403503418 234.98472595214844
v 22.368694305419922 37.290977478027344 248.08535766601562
v 21.447959899902344 37.22743606567383 254.36656188964844
v 22.914098739624023 -34.60333251953125 105.08290100097656
v 22.528823852539062 -34.60106658935547 108.37921142578125
v 22.142475128173828 -32.33616256713867 78.19599914550781
v 22.083354949951172 -33.18223190307617 118.95587158203125
v 22.239091873168945 -31.142436981201172 126.47193145751953
v 21.65143394470215 -26.9881534576416 131.68460083007812
v 21.01664924621582 -23.890329360961914 131.52835083007812
v 21.360841751098633 -23.409629821777344 134.55372619628906
v 21.85579490661621 -24.528703689575195 137.87229919433594
v 21.655839920043945 -20.922704696655273 136.3428192138672
v 22.01557731628418 -24.100610733032227 159.53009033203125
v 22.05360984802246 -24.20656967163086 160.61697387695312
v 21.28329849243164 -21.402982711791992 131.4431610107422
v 21.54210090637207 -22.81795883178711 148.8546905517578
v 21.04792594909668 -20.611997604370117 146.91415405273438
v 21.376840591430664 -20.72248077392578 143.72164916992188
v 22.45877456665039 -20.200239181518555 178.65968322753906
v 22.177045822143555 -15.377791404724121 589.4107666015625
v 22.32611846923828 -13.759596824645996 74.6878433227539
v 22.49247932434082 -15.292756080627441 593.2371826171875
v 23.687490463256836 -13.324222564697266 100.14534759521484
v 21.968292236328125 -8.080729484558105 154.2987823486328
v 22.238082885742188 -7.0889058113098145 215.20057678222656
v 21.701526641845703 -6.426880359649658 596.9269409179688
v 22.762004852294922 -4.424465656280518 160.35716247558594
v 21.472976684570312 -3.8407857418060303 36.580284118652344
v 21.54806137084961 -2.426877975463867 591.0745239257812
v 21.84792137145996 -4.558913707733154 591.83154296875
v 21.79220199584961 -2.9675447940826416 167.1582489013672
v 21.842117309570312 -2.5762779712677 34.30868148803711
v 21.339582443237305 -3.0222978591918945 584.80419921875
v 21.33228874206543 -1.2518627643585205 585.1838989257812
v 22.91764259338379 -0.84068363904953 383.80560302734375
v 22.98286247253418 -0.5566216707229614 375.55731201171875
v 26.128387451171875 3.4401469230651855 392.29608154296875
v 21.787649154663086 2.6959378719329834 17.679533004760742
v 22.414321899414062 2.667121171951294 177.68431091308594
v 21.877948760986328 2.752452850341797 237.92808532714844
v 21.31025505065918 4.496678352355957 14.508660316467285
v 21.72838020324707 1.9475866556167603 27.49483871459961
v 22.222557067871094 5.044559955596924 241.70413208007812
v 21.59591293334961 5.209855079650879 22.701969146728516
v 21.70832061767578 6.740967273712158 14.184768676757812
v 21.48253059387207 5.976991176605225 21.456106185913086
v 21.886539459228516 7.780277729034424 397.029296875
v 21.570209503173828 8.895842552185059 15.137029647827148
v 21.6040096282959 8.8204984664917 18.80156707763672
v 21.454483032226562 8.864025115966797 398.45440673828125
v 22.561906814575195 12.773234367370605 196.2808380126953
v 21.968881607055664 13.670709609985352 410.939697265625
v 21.682098388671875 17.492961883544922 569.7855834960938
v 21.971904754638672 16.907032012939453 411.3763732910156
v 21.8549861907959 18.202486038208008 410.2410583496094
v 21.602615356445312 20.155235290527344 567.6198120117188
v 21.599462509155273 22.86992073059082 568.222412109375
v 21.429359436035156 22.37713623046875 567.24169921875
v 25.823871612548828 26.092309951782227 398.3318176269531
v 21.591249465942383 27.192232131958008 375.6258544921875
v 21.70764923095703 34.284114837646484 262.56927490234375
v 21.831087112426758 36.31292724609375 260.8250427246094
v 22.504304885864258 -34.37260818481445 102.1573486328125
v 22.310806274414062 -34.5590934753418 106.00878143310547
v 22.444761276245117 -33.89643096923828 98.0948715209961
v 22.593042373657227 -32.85499954223633 93.01273345947266
v 23.02463722229004 -33.540306091308594 121.10037231445312
v 22.264450073242188 -29.87628173828125 71.97681427001953
v 22.631311416625977 -30.75967025756836 127.4254150390625
v 22.261783599853516 -27.021560668945312 69.76395416259766
v 22.337533950805664 -24.120162963867188 69.15730285644531
v 22.482643127441406 -24.894906997680664 152.3644561767578
v 21.531049728393555 -22.543851852416992 137.72853088378906
v 21.90204620361328 -23.549299240112305 143.33909606933594
v 21.876220703125 -19.818395614624023 132.4187469482422
v 22.343542098999023 -18.227210998535156 129.47874450683594
v 21.631505966186523 -18.37615394592285 143.3572540283203
v 21.997074127197266 -17.542858123779297 126.67658996582031
v 22.48137664794922 -17.555360794067383 68.51148223876953
v 22.59357452392578 -14.783020973205566 71.05464172363281
v 21.870094299316406 -15.322230339050293 120.89778137207031
v 22.171106338500977 -14.330512046813965 117.25513458251953
v 22.522014617919922 -14.276891708374023 110.57234954833984
v 22.287242889404297 -15.27367115020752 192.34661865234375
v 22.922046661376953 -13.414277076721191 104.91922760009766
v 21.607542037963867 -13.654582023620605 590.168701171875
v 23.64997100830078 -13.27186393737793 76.31256866455078
v 22.01546287536621 -13.260605812072754 78.36260223388672
v 22.781827926635742 -12.986391067504883 92.5591049194336
v 21.912445068359375 -13.29272747039795 591.4959716796875
v 22.42671775817871 -14.043445587158203 587.986572265625
v 21.542556762695312 -10.113697052001953 594.6317138671875
v 21.96295738220215 -9.12685489654541 34.46511459350586
v 22.544178009033203 -9.591907501220703 151.57229614257812
v 22.38407325744629 -7.844852924346924 36.071746826171875
v 22.3693904876709 -7.91412353515625 593.7014770507812
v 22.7611026763916 -9.412841796875 208.98712158203125
v 22.137130737304688 -8.59471607208252 587.1317138671875
v 22.498624801635742 -7.9276227951049805 596.6502075195312
v 22.153846740722656 -6.21126651763916 37.1393928527832
v 22.005529403686523 -5.013675689697266 586.8270263671875
v 22.31804847717285 -4.040269374847412 585.1947021484375
v 21.650236129760742 -3.4877312183380127 583.4877319335938
v 21.46181297302246 -2.6445446014404297 582.9657592773438
v 22.27197265625 -1.8514052629470825 580.0914306640625
v 21.769927978515625 -0.2761807143688202 24.151905059814453
v 21.823705673217773 -2.461916446685791 26.63642692565918
v 23.552248001098633 -0.7259858250617981 378.5223388671875
v 22.141010284423828 -1.4347342252731323 589.6832885742188
v 22.778289794921875 -0.46514174342155457 171.8981475830078
v 22.042253494262695 2.2431061267852783 23.18288803100586
v 21.586021423339844 2.578049659729004 19.719497680664062
v 23.41067123413086 2.8702378273010254 368.8156433105469
v 22.248443603515625 5.061497211456299 182.23133850097656
v 22.035686492919922 4.077103137969971 365.3154602050781
v 22.20138168334961 5.25923490524292 15.553585052490234
v 22.702028274536133 7.91855001449585 363.96392822265625
v 23.1437931060791 9.448164939880371 248.57691955566406
v 22.215320587158203 10.334022521972656 399.39141845703125
v 22.230955123901367 11.751678466796875 403.0196533203125
v 22.268009185791016 11.46232795715332 406.01312255859375
v 23.25990104675293 10.935794830322266 251.15182495117188
v 22.45987319946289 12.985013008117676 252.67559814453125
v 22.331512451171875 15.306472778320312 411.0141296386719
v 22.480546951293945 15.97253131866455 202.23207092285156
v 24.02202796936035 15.580581665039062 366.07745361328125
v 22.473194122314453 17.91936683654785 570.6405639648438
v 22.758729934692383 18.904808044433594 571.3382568359375
v 22.288354873657227 18.366697311401367 399.7435302734375
v 22.156251907348633 18.376670837402344 402.2673645019531
v 22.27657127380371 18.283506393432617 406.4821472167969
v 22.281734466552734 20.140600204467773 571.5160522460938
v 22.25055694580078 22.717599868774414 569.576416015625
v 22.92706871032715 22.442527770996094 214.72103881835938
v 24.375032424926758 21.728485107421875 370.4664306640625
v 22.285661697387695 25.41307258605957 219.01080322265625
v 23.358295440673828 26.014781951904297 374.1558837890625
v 23.195568084716797 29.76707649230957 226.9754638671875
v 22.383703231811523 31.84040069580078 264.8069763183594
v 22.659351348876953 34.41519546508789 237.60406494140625
v 22.220571517944336 38.013404846191406 251.82691955566406
v 22.436172485351562 38.31277084350586 258.5106201171875
v 24.118913650512695 -34.349239349365234 99.55260467529297
v 23.676834106445312 -34.72477340698242 111.36407470703125
v 22.72870635986328 -32.84268569946289 88.24759674072266
v 24.11382484436035 -33.68705749511719 96.18952941894531
v 23.28261947631836 -32.3171501159668 84.71566772460938
v 22.732139587402344 -29.073776245117188 131.6990509033203
v 22.47938346862793 -26.125497817993164 138.30599975585938
v 22.598960876464844 -24.973243713378906 156.62596130371094
v 22.488059997558594 -24.993181228637695 143.72250366210938
v 22.352231979370117 -24.330671310424805 149.80783081054688
v 22.842914581298828 -23.41552734375 166.45399475097656
v 24.626779556274414 -21.42234992980957 65.82103729248047
v 22.056095123291016 -18.985795974731445 136.8910369873047
v 23.649024963378906 -18.893203735351562 183.17764282226562
v 22.292312622070312 -16.16701316833496 143.48806762695312
v 23.787626266479492 -17.989076614379883 184.9222869873047
v 22.42853546142578 -16.44774055480957 592.3737182617188
v 22.78358268737793 -15.173406600952148 124.10029602050781
v 22.618919372558594 -13.6703462600708 145.94125366210938
v 22.416122436523438 -14.091084480285645 592.998291015625
v 23.664846420288086 -13.189846992492676 101.36712646484375
v 22.483503341674805 -13.524923324584961 592.2162475585938
v 22.94733428955078 -13.404528617858887 89.71143341064453
v 22.218360900878906 -12.273958206176758 591.081298828125
v 22.891115188598633 -11.086183547973633 148.5795440673828
v 23.054397583007812 -10.919160842895508 204.58908081054688
v 22.436798095703125 -10.443942070007324 590.9483032226562
v 22.918052673339844 -8.205489158630371 595.6261596679688
v 22.94171142578125 -8.518030166625977 211.30682373046875
v 22.68914222717285 -8.588428497314453 590.7306518554688
v 22.658037185668945 -6.792661666870117 591.0192260742188
v 22.603782653808594 -6.0459136962890625 32.00040817260742
v 22.431177139282227 -5.126158714294434 29.894182205200195
v 23.81879234313965 -6.359405040740967 217.7940216064453
v 22.544864654541016 -6.153777122497559 595.9764404296875
v 22.23587989807129 -4.2067790031433105 34.8249626159668
v 22.6954345703125 -4.014065265655518 581.337158203125
v 22.61646270751953 -3.0753121376037598 29.2730770111084
v 23.219593048095703 -0.6909117102622986 170.54635620117188
v 23.986900329589844 -0.7447162866592407 381.9678039550781
v 22.107572555541992 0.030632494017481804 25.40904426574707
v 22.355365753173828 -1.3231614828109741 31.693204879760742
v 22.211294174194336 -0.45354562997817993 584.6575927734375
v 22.47566032409668 -0.530116856098175 587.2120361328125
v 22.597000122070312 -0.09581054002046585 234.08924865722656
v 22.029956817626953 0.14942070841789246 28.910341262817383
v 21.983125686645508 3.8855509757995605 20.33441925048828
v 22.112510681152344 1.482909083366394 25.855815887451172
v 22.39553451538086 4.028222560882568 19.21625328063965
v 22.286161422729492 5.909333229064941 20.14143180847168
v 22.3070125579834 8.001065254211426 17.856304168701172
v 23.32269287109375 10.160319328308105 190.6554412841797
v 22.824996948242188 13.387097358703613 408.8156433105469
v 23.052072525024414 15.379758834838867 255.92813110351562
v 22.55711555480957 17.514741897583008 404.39251708984375
v 22.694395065307617 17.546030044555664 400.1163330078125
v 22.72783088684082 19.429840087890625 567.8021850585938
v 24.14851951599121 19.46343421936035 207.6361083984375
v 22.443389892578125 21.042407989501953 566.337646484375
v 21.994644165039062 22.053373336791992 566.2363891601562
v 22.636648178100586 23.941692352294922 567.5668334960938
v 22.3886775970459 23.798192977905273 566.474853515625
v 24.675189971923828 26.805831909179688 266.8469543457031
v 22.819286346435547 35.439701080322266 240.1479034423828
v 23.497838973999023 -34.6021728515625 113.27229309082031
v 23.430837631225586 -34.012481689453125 117.6685791015625
v 23.54914665222168 -27.88349723815918 70.95600891113281
v 23.88120460510254 -24.816862106323242 163.85865783691406
v 23.77595329284668 -22.03568458557129 173.78988647460938
v 22.578508377075195 -18.348413467407227 133.41160583496094
v 23.07880401611328 -16.04749298095703 126.05652618408203
v 23.286155700683594 -15.45700740814209 69.6180419921875
v 23.921995162963867 -13.654654502868652 72.08905792236328
v 24.65970802307129 -13.104907989501953 103.40355682373047
v 23.532516479492188 -12.061741828918457 586.9835205078125
v 22.41118049621582 -7.288118839263916 33.860469818115234
v 22.54978370666504 -5.605458736419678 33.941627502441406
v 22.62608528137207 -6.584899425506592 594.2041015625
v 23.261890411376953 -4.91752815246582 587.5331420898438
v 24.28755760192871 -5.703195095062256 221.38111877441406
v 22.990705490112305 -4.834591865539551 591.2521362304688
v 23.26552963256836 -4.1912102699279785 585.7857666015625
v 22.703697204589844 -4.3088297843933105 583.7862548828125
v 22.78112030029297 -2.7706141471862793 590.8103637695312
v 22.698030471801758 -4.104391098022461 33.29018783569336
v 22.371967315673828 -3.222991943359375 579.2806396484375
v 22.300996780395508 -0.9107053279876709 27.75212287902832
v 22.839048385620117 -2.6624317169189453 30.734243392944336
v 23.448301315307617 1.5450985431671143 174.88490295410156
v 22.51384735107422 4.429195880889893 17.831979751586914
v 23.954164505004883 6.0652899742126465 244.4676055908203
v 22.65117835998535 6.713449478149414 17.16211700439453
v 23.78600311279297 6.780396461486816 185.18609619140625
v 23.035680770874023 11.361335754394531 399.1922607421875
v 23.79534912109375 14.656085968017578 199.3072052001953
v 24.90557861328125 17.674972534179688 204.5636749267578
v 23.18889808654785 16.529184341430664 407.14276123046875
v 23.092025756835938 18.677377700805664 569.0281982421875
v 23.753145217895508 19.648523330688477 400.3281555175781
v 23.719202041625977 20.344863891601562 210.4124298095703
v 23.372276306152344 20.225711822509766 261.0841979980469
v 22.776721954345703 22.184738159179688 570.1687622070312
v 27.464502334594727 24.9895076751709 399.447021484375
v 22.882190704345703 23.152751922607422 565.0035400390625
v 24.088624954223633 28.32032585144043 266.81597900390625
v 26.067241668701172 30.697145462036133 379.14990234375
v 23.65388298034668 35.62533187866211 267.1672668457031
v 23.315027236938477 37.932498931884766 264.89794921875
v 22.84475326538086 38.65690994262695 261.3683776855469
v 23.43159294128418 39.831180572509766 256.6501770019531
v 24.424861907958984 -30.479076385498047 74.9307632446289
v 24.015466690063477 -32.63372802734375 126.42574310302734
v 23.892656326293945 -29.373146057128906 72.79731750488281
v 23.561491012573242 -28.966686248779297 135.74822998046875
v 23.85587501525879 -27.96382713317871 140.6601104736328
v 23.366479873657227 -25.550451278686523 69.6428451538086
v 22.948909759521484 -25.352922439575195 148.42755126953125
v 24.24541473388672 -23.396455764770508 169.7177734375
v 24.481246948242188 -17.120038986206055 66.31269073486328
v 23.51662254333496 -17.029356002807617 132.79345703125
v 23.10549545288086 -17.041648864746094 135.97247314453125
v 23.852825164794922 -16.391319274902344 128.62673950195312
v 23.22268295288086 -15.650484085083008 139.86953735351562
v 24.121278762817383 -17.733497619628906 186.70480346679688
v 23.31145477294922 -16.56982421875 591.0526123046875
v 23.46416664123535 -15.535019874572754 588.8450927734375
v 23.63540267944336 -14.140347480773926 120.43989562988281
v 24.084604263305664 -13.976703643798828 122.21885681152344
v 24.029151916503906 -14.787510871887207 195.07325744628906
v 23.996923446655273 -13.520758628845215 118.1808853149414
v 23.669193267822266 -13.187639236450195 198.60263061523438
v 24.25946044921875 -13.811018943786621 83.43120574951172
v 23.577123641967773 -13.592286109924316 80.31656646728516
v 23.592090606689453 -13.446503639221191 85.6496353149414
v 23.89017105102539 -11.913264274597168 201.77261352539062
v 23.486793518066406 -11.078021049499512 591.1447143554688
v 24.614139556884766 -11.797340393066406 587.3408813476562
v 23.623294830322266 -9.755171775817871 590.2732543945312
v 23.942415237426758 -7.593960762023926 152.71881103515625
v 23.099014282226562 -6.947015762329102 588.0748291015625
v 23.34141731262207 -8.241663932800293 588.3402709960938
v 23.147422790527344 -7.15592622756958 595.166259765625
v 24.50452995300293 -6.441736698150635 153.93150329589844
v 24.80253028869629 -4.77901029586792 157.45050048828125
v 23.80436134338379 -3.277843952178955 162.84580993652344
v 22.929956436157227 -3.6937575340270996 578.2031860351562
v 23.680173873901367 -4.631133556365967 578.8410034179688
v 23.31264877319336 -1.974477767944336 578.0988159179688
v 24.277799606323242 -1.9530187845230103 166.819580078125
v 23.575838088989258 -1.5909874439239502 588.7363891601562
v 23.130334854125977 -1.030172348022461 580.3525390625
v 24.220115661621094 -2.010953903198242 230.80157470703125
v 23.234922409057617 -0.15382489562034607 584.7412109375
v 23.913175582885742 1.9035452604293823 237.79136657714844
v 25.065303802490234 3.4028193950653076 240.98423767089844
v 25.16524887084961 4.207597255706787 179.9829864501953
v 24.32246208190918 4.872923374176025 181.0365753173828
v 23.626697540283203 9.057278633117676 397.8302001953125
v 24.65592384338379 10.832029342651367 398.5372314453125
v 24.79985237121582 10.854225158691406 366.05596923828125
v 23.085205078125 13.581378936767578 402.9726257324219
v 23.263755798339844 13.384967803955078 406.4479675292969
v 23.42755889892578 15.252452850341797 406.99652099609375
v 24.430511474609375 15.838970184326172 257.7730712890625
v 23.09027862548828 16.69044303894043 400.5462341308594
v 23.341381072998047 21.670114517211914 570.3464965820312
v 23.725616455078125 21.48204803466797 565.7271118164062
v 25.337614059448242 23.58123016357422 265.54132080078125
v 25.677034378051758 23.529451370239258 215.58087158203125
v 23.4412784576416 24.705516815185547 564.068115234375
v 29.156200408935547 33.21177673339844 393.9430847167969
v 31.213085174560547 35.559818267822266 387.8424072265625
v 30.633089065551758 35.29531478881836 389.6693420410156
v 24.243453979492188 34.03407669067383 234.39553833007812
v 24.45645523071289 35.22798156738281 237.57040405273438
v 24.37139129638672 39.92414474487305 251.30389404296875
v 24.764022827148438 -34.83620071411133 101.53213500976562
v 24.75721549987793 -33.65406036376953 123.55076599121094
v 23.87049102783203 -31.921897888183594 78.12774658203125
v 24.714569091796875 -31.114084243774414 76.31922149658203
v 24.14908218383789 -28.445276260375977 139.2362823486328
v 24.29118537902832 -27.421417236328125 144.4136962890625
v 24.540800094604492 -26.457866668701172 151.37222290039062
v 24.142536163330078 -25.41645622253418 160.6033172607422
v 25.2553653717041 -26.537429809570312 157.2887420654297
v 25.10468292236328 -18.64290428161621 65.08230590820312
v 24.293922424316406 -15.592720031738281 135.57101440429688
v 25.865610122680664 -15.670448303222656 65.78591918945312
v 24.623994827270508 -15.234810829162598 592.0217895507812
v 24.01609230041504 -13.561005592346191 143.40013122558594
v 24.714834213256836 -15.918251037597656 191.88084411621094
v 24.128158569335938 -14.113720893859863 587.480712890625
v 23.883955001831055 -13.759281158447266 592.5340576171875
v 24.901269912719727 -13.016901016235352 107.20137023925781
v 24.483688354492188 -13.249157905578613 115.99372100830078
v 24.494522094726562 -13.278145790100098 92.14722442626953
v 23.94349479675293 -9.774270057678223 587.9528198242188
v 23.499120712280273 -8.857633590698242 589.6354370117188
v 24.633487701416016 -8.744858741760254 211.1959991455078
v 23.44089126586914 -6.894932270050049 589.611572265625
v 23.72884178161621 -5.134861469268799 590.1765747070312
v 23.788867950439453 -3.4335100650787354 589.8531494140625
v 24.087324142456055 -0.738303005695343 586.531005859375
v 26.83765983581543 0.9934653043746948 378.44879150390625
v 24.36028480529785 0.8894191384315491 373.6575012207031
v 24.819652557373047 4.7886271476745605 368.6405334472656
v 24.665395736694336 5.868600368499756 182.68104553222656
v 23.49397087097168 13.422351837158203 400.27813720703125
v 23.43251609802246 15.148811340332031 400.6951904296875
v 23.212968826293945 15.553718566894531 404.1678771972656
v 24.98063850402832 18.90584373474121 261.39068603515625
v 25.351722717285156 18.224531173706055 205.23085021972656
v 24.007118225097656 19.9536075592041 569.622314453125
v 24.509031295776367 20.564735412597656 568.0892944335938
v 24.153825759887695 21.406394958496094 569.853271484375
v 26.077974319458008 19.46802520751953 369.8881530761719
v 24.193143844604492 23.80870819091797 568.0552368164062
v 24.851642608642578 24.20448875427246 216.3355255126953
v 23.759702682495117 23.740896224975586 563.7291870117188
v 24.553091049194336 25.696317672729492 218.4600067138672
v 23.69142723083496 25.42043685913086 565.115478515625
v 24.38137435913086 24.851303100585938 373.1646728515625
v 26.049318313598633 31.802734375 381.1550598144531
v 33.06976318359375 35.87113952636719 385.5564270019531
v 24.859249114990234 31.617557525634766 229.68673706054688
v 31.59239387512207 35.44620895385742 391.64276123046875
v 24.44386100769043 37.86374282836914 244.1846160888672
v 24.73485565185547 41.5733642578125 265.70916748046875
v 25.199705123901367 -35.40354919433594 104.57503509521484
v 24.382923126220703 -35.36849594116211 107.63725280761719
v 25.260494232177734 -34.707000732421875 120.04959869384766
v 24.692338943481445 -32.50109100341797 92.42147827148438
v 24.540740966796875 -32.39116668701172 87.89366912841797
v 24.850358963012695 -32.647308349609375 127.35039520263672
v 24.50339126586914 -31.003456115722656 131.74407958984375
v 24.798494338989258 -26.957908630371094 70.80360412597656
v 25.2496395111084 -26.863645553588867 152.29232788085938
v 24.991525650024414 -21.16417121887207 176.7305145263672
v 24.511159896850586 -20.6959228515625 178.97195434570312
v 24.667646408081055 -14.216194152832031 138.83584594726562
v 24.25921630859375 -14.446691513061523 70.39710235595703
v 24.67171859741211 -14.339627265930176 125.2583236694336
v 24.429916381835938 -13.52031135559082 111.45800018310547
v 25.555908203125 -12.936582565307617 73.46246337890625
v 25.4104061126709 -13.410451889038086 78.19772338867188
v 25.13698387145996 -13.175142288208008 96.61439514160156
v 24.60955047607422 -10.193973541259766 147.669189453125
v 24.857925415039062 -7.545278549194336 214.87579345703125
v 23.910825729370117 -4.26647424697876 588.6087036132812
v 24.586759567260742 -4.4266510009765625 225.11900329589844
v 23.916461944580078 -4.2425055503845215 580.9592895507812
v 24.073543548583984 -4.214406967163086 583.8253784179688
v 24.239595413208008 -3.7460103034973145 587.12158203125
v 25.128877639770508 -3.026418924331665 575.8809204101562
v 24.511558532714844 -1.314945101737976 578.871826171875
v 24.97120475769043 -0.6014371514320374 234.20977783203125
v 24.572994232177734 -0.5360869765281677 584.9487915039062
v 25.06801986694336 3.4099977016448975 177.76974487304688
v 26.125476837158203 4.049560546875 242.264404296875
v 25.069103240966797 6.843686103820801 367.5079040527344
v 25.042034149169922 5.300634384155273 394.87066650390625
v 23.819395065307617 12.73790168762207 399.493896484375
v 24.656375885009766 12.776803016662598 195.7471923828125
v 25.306575775146484 11.591614723205566 253.24742126464844
v 25.02349281311035 13.756372451782227 255.722412109375
v 24.851295471191406 12.900141716003418 366.19805908203125
v 23.844764709472656 15.657973289489746 400.7021484375
v 24.193073272705078 20.605268478393555 567.049072265625
v 25.711755752563477 20.4056339263916 210.11373901367188
v 26.37822723388672 21.351343154907227 401.0426940917969
v 25.71441078186035 22.576025009155273 399.5479431152344
v 25.284936904907227 22.856563568115234 564.0682373046875
v 24.46185302734375 23.258142471313477 563.5571899414062
v 24.50849723815918 26.08687400817871 560.8125
v 25.263153076171875 26.161603927612305 565.0452880859375
v 24.48081398010254 26.7311954498291 562.0014038085938
v 25.688766479492188 28.08651351928711 222.2473907470703
v 25.599775314331055 38.014286041259766 242.91123962402344
v 24.429414749145508 38.3948860168457 246.46630859375
v 24.61688232421875 40.08633041381836 267.90289306640625
v 25.508665084838867 41.52763748168945 254.14361572265625
v 25.55596923828125 43.578426361083984 264.380859375
v 26.16355323791504 -35.13974380493164 103.25473022460938
v 26.087337493896484 -28.15142059326172 71.94924926757812
v 24.761463165283203 -27.567232131958008 146.87791442871094
v 25.42571258544922 -24.417049407958984 166.9442596435547
v 24.60134506225586 -15.54162311553955 589.18603515625
v 25.073396682739258 -14.687830924987793 125.97160339355469
v 24.81208038330078 -13.840312004089355 89.71315002441406
v 26.24305534362793 -13.077489852905273 119.84233093261719
v 25.688093185424805 -13.338377952575684 99.43687438964844
v 25.217758178710938 -13.729461669921875 587.7329711914062
v 25.05941390991211 -11.698882102966309 591.0008544921875
v 25.497058868408203 -10.028162956237793 207.6279754638672
v 25.191734313964844 -8.066364288330078 151.08055114746094
v 25.176071166992188 -3.8906421661376953 576.10888671875
v 24.915348052978516 -3.397962808609009 584.4382934570312
v 24.804710388183594 -1.7653659582138062 586.6170043945312
v 24.940122604370117 -1.8718620538711548 576.752685546875
v 25.91985321044922 -1.3768662214279175 577.076416015625
v 25.699153900146484 0.08866067230701447 380.43707275390625
v 24.621360778808594 -0.9920676946640015 583.2882690429688
v 25.851783752441406 0.3967891037464142 172.46432495117188
v 25.279048919677734 2.3329594135284424 372.186767578125
v 25.110210418701172 8.6781644821167 248.9229736328125
v 25.292564392089844 16.206403732299805 202.11541748046875
v 25.666759490966797 19.617919921875 401.66748046875
v 26.17079734802246 23.08051300048828 372.2574157714844
v 25.22162628173828 25.50714111328125 559.6975708007812
v 24.938461303710938 26.572105407714844 564.0695190429688
v 25.993282318115234 31.45285987854004 228.70620727539062
v 24.735774993896484 33.232933044433594 269.4126281738281
v 27.144426345825195 35.569637298583984 235.78256225585938
v 24.72014808654785 37.3375129699707 269.6969909667969
v 25.53135871887207 -34.780235290527344 117.05235290527344
v 26.079792022705078 -35.348548889160156 113.38330841064453
v 26.506399154663086 -35.104583740234375 119.23534393310547
v 25.203998565673828 -31.592639923095703 84.25067138671875
v 25.633893966674805 -31.141376495361328 78.33426666259766
v 25.338497161865234 -30.68062973022461 135.72824096679688
v 26.68927574157715 -22.61737823486328 65.04312133789062
v 26.23491096496582 -22.449159622192383 174.2401885986328
v 25.623842239379883 -20.112537384033203 64.75138092041016
v 25.17551040649414 -15.50222396850586 132.3411407470703
v 25.71893310546875 -14.981922149658203 128.1244354248047
v 25.43592643737793 -15.137045860290527 589.9082641601562
v 25.310035705566406 -13.659890174865723 71.49571228027344
v 25.718433380126953 -14.225446701049805 85.70318603515625
v 25.468338012695312 -12.461761474609375 142.93841552734375
v 25.897653579711914 -12.806648254394531 103.57984924316406
v 26.734006881713867 -13.060285568237305 111.26863861083984
v 26.170644760131836 -11.830694198608398 201.9717254638672
v 26.392465591430664 -12.864221572875977 199.3461456298828
v 25.22759437561035 -10.702953338623047 588.9817504882812
v 26.467287063598633 -6.462378978729248 217.54049682617188
v 25.640470504760742 -4.876438617706299 578.2022094726562
v 26.40650749206543 -3.005185842514038 160.27198791503906
v 25.25475311279297 -3.9464972019195557 580.1820068359375
v 24.984119415283203 -3.445582628250122 581.8549194335938
v 25.227062225341797 -2.1451425552368164 585.40966796875
v 25.21830177307129 -1.6700462102890015 579.5070190429688
v 29.6744327545166 3.1790647506713867 388.9437255859375
v 26.436073303222656 1.9548887014389038 174.8044891357422
v 26.74626922607422 4.242957592010498 371.7342834472656
v 26.062490463256836 7.031043529510498 396.19989013671875
v 25.67432403564453 10.37511157989502 190.9088134765625
v 25.20477294921875 9.421753883361816 366.71148681640625
v 25.578487396240234 12.529962539672852 400.042236328125
v 26.067899703979492 15.142465591430664 401.7914733886719
v 25.672805786132812 14.685159683227539 199.2541046142578
v 25.576160430908203 17.294649124145508 401.954345703125
v 27.895679473876953 16.534162521362305 369.9415283203125
v 24.943174362182617 21.84333610534668 566.390869140625
v 25.100685119628906 22.616500854492188 567.6732177734375
v 25.960498809814453 22.109222412109375 213.15953063964844
v 32.1023063659668 32.20347595214844 397.5774230957031
v 26.320234298706055 29.750917434692383 225.35226440429688
v 25.397869110107422 34.95751190185547 271.15240478515625
v 26.533254623413086 40.788734436035156 249.4851837158203
v 26.20639991760254 43.64910125732422 258.26715087890625
v 26.274269104003906 -35.74101638793945 106.24412536621094
v 25.904346466064453 -33.80767822265625 125.79688262939453
v 26.61988067626953 -31.712696075439453 91.75916290283203
v 26.32872200012207 -32.2016716003418 131.71522521972656
v 25.881593704223633 -29.439685821533203 141.9223175048828
v 26.327329635620117 -26.014846801757812 68.71833801269531
v 26.32322883605957 -26.159902572631836 160.96702575683594
v 26.361597061157227 -25.364044189453125 164.96218872070312
v 27.056875228881836 -18.077219009399414 186.24671936035156
v 25.72987937927246 -17.073808670043945 189.1951141357422
v 25.907913208007812 -14.358529090881348 590.2244873046875
v 26.241701126098633 -13.670085906982422 136.72634887695312
v 28.622262954711914 -14.034333229064941 78.03359985351562
v 26.3095760345459 -14.85461139678955 81.49493408203125
v 25.989667892456055 -14.491617202758789 195.95428466796875
v 25.553264617919922 -13.528728485107422 591.3157958984375
v 26.199615478515625 -13.961592674255371 91.66250610351562
v 26.320199966430664 -6.442170143127441 218.3059844970703
v 26.97242546081543 -2.9549639225006104 229.2887725830078
v 26.193056106567383 -2.4281868934631348 163.3182373046875
v 25.31417465209961 -2.085329532623291 581.4398193359375
v 26.431638717651367 -0.03625033423304558 170.78872680664062
v 26.96390724182129 1.1636121273040771 237.4222412109375
v 26.631084442138672 7.005384922027588 185.54440307617188
v 26.828304290771484 7.804229736328125 248.41046142578125
v 26.468839645385742 9.70711612701416 397.7298583984375
v 26.189205169677734 25.312776565551758 565.4656982421875
v 25.817201614379883 27.365846633911133 558.352783203125
v 28.360462188720703 30.106813430786133 377.7406921386719
v 25.74025535583496 41.87625503540039 270.7727355957031
v 25.87747573852539 39.92469787597656 272.2430114746094
v 25.815204620361328 43.36381530761719 269.1154479980469
v 27.274795532226562 -35.82392883300781 108.57808685302734
v 26.304073333740234 -35.34756851196289 111.1683120727539
v 27.207778930664062 -34.49116134643555 99.80268096923828
v 26.679973602294922 -34.01335144042969 98.31394958496094
v 26.140153884887695 -31.663341522216797 87.4774169921875
v 26.618486404418945 -29.888822555541992 76.09561920166016
v 26.969341278076172 -30.531557083129883 139.55836486816406
v 26.73279571533203 -24.29857635498047 66.38738250732422
v 26.266273498535156 -21.78032684326172 64.87357330322266
v 26.51740837097168 -20.80277442932129 179.22572326660156
v 26.55706214904785 -18.339494705200195 184.89620971679688
v 27.352737426757812 -13.937979698181152 66.4537353515625
v 27.024667739868164 -13.740453720092773 125.40514373779297
v 26.810630798339844 -14.756525039672852 89.66407012939453
v 26.533889770507812 -13.555811882019043 125.02928924560547
v 26.28296661376953 -13.221407890319824 123.13977813720703
v 27.182456970214844 -13.15167236328125 76.45651245117188
v 26.455101013183594 -12.751435279846191 116.70219421386719
v 26.03437614440918 -12.78812313079834 588.7401733398438
v 25.854660034179688 -12.247228622436523 590.3040771484375
v 25.935205459594727 -10.388643264770508 146.04673767089844
v 26.659225463867188 -8.72700309753418 211.00372314453125
v 26.723905563354492 -5.7224931716918945 153.73886108398438
v 25.87592315673828 -4.704243183135986 576.4006958007812
v 26.921329498291016 -4.621495723724365 224.8118438720703
v 25.7207088470459 -2.8314738273620605 580.1344604492188
v 26.448942184448242 -2.410855531692505 574.8707885742188
v 27.474918365478516 2.112481117248535 376.35528564453125
v 28.085102081298828 2.925931453704834 390.03900146484375
v 27.884754180908203 3.4525694847106934 374.5473937988281
v 27.17901039123535 4.980639457702637 244.20269775390625
v 26.8961181640625 9.939592361450195 252.0760498046875
v 26.629106521606445 12.863946914672852 196.13824462890625
v 27.345378875732422 14.26062297821045 257.8173828125
v 26.40398406982422 17.658897399902344 261.23065185546875
v 26.88088035583496 20.948009490966797 371.0837707519531
v 25.94864273071289 22.987014770507812 565.2588500976562
v 26.567495346069336 24.00800323486328 565.0294799804688
v 27.581451416015625 23.937170028686523 215.8844451904297
v 25.92737579345703 24.49190902709961 560.4937133789062
v 26.502193450927734 25.968887329101562 268.3111572265625
v 25.83554458618164 28.027530670166016 558.918701171875
v 26.470659255981445 28.230859756469727 560.7326049804688
v 26.470901489257812 28.79886245727539 559.2822265625
v 25.91807746887207 31.909914016723633 270.9583435058594
v 27.183162689208984 34.205448150634766 232.91326904296875
v 26.334638595581055 35.78874588012695 237.16468811035156
v 26.50082778930664 37.25180435180664 273.9062805175781
v 27.247350692749023 39.33455276489258 245.24769592285156
v 27.313838958740234 46.2548828125 263.59814453125
v 26.31648826599121 44.9996337890625 267.7988586425781
v 27.64806365966797 -33.91635513305664 127.11668395996094
v 27.037870407104492 -31.914691925048828 134.99501037597656
v 26.480669021606445 -30.816423416137695 83.7680435180664
v 27.529094696044922 -29.50634002685547 144.77337646484375
v 26.9288387298584 -28.78408432006836 147.84158325195312
v 26.497068405151367 -27.47516632080078 71.56371307373047
v 27.012056350708008 -27.568782806396484 152.56622314453125
v 27.570981979370117 -24.13760757446289 169.48622131347656
v 28.358413696289062 -17.17394256591797 61.87398147583008
v 27.71363639831543 -15.819232940673828 191.9695587158203
v 27.25607681274414 -14.285377502441406 132.12620544433594
v 26.479900360107422 -15.008502006530762 83.20368957519531
v 27.627975463867188 -13.249979972839355 68.51993560791016
v 26.954845428466797 -13.252640724182129 72.17535400390625
v 27.686771392822266 -12.727340698242188 107.46221160888672
v 27.11888313293457 -11.459324836730957 142.83277893066406
v 26.868316650390625 -8.82835865020752 148.06085205078125
v 27.156538009643555 -7.370876789093018 151.01739501953125
v 27.490676879882812 -7.090220928192139 215.57501220703125
v 26.809846878051758 -5.7165303230285645 221.4842987060547
v 27.853748321533203 -4.630232334136963 577.2255859375
v 26.841548919677734 -4.247161865234375 575.1780395507812
v 27.710803985595703 -3.8106205463409424 578.3300170898438
v 27.615596771240234 -1.47621488571167 166.86610412597656
v 27.146223068237305 -1.4101608991622925 577.763427734375
v 27.51375961303711 -1.9697185754776 231.279296875
v 30.755651473999023 3.2046000957489014 386.44024658203125
v 27.39877700805664 5.7423601150512695 182.50413513183594
v 26.527080535888672 7.37193489074707 368.90936279296875
v 27.238916397094727 5.856861114501953 394.8133544921875
v 27.034305572509766 11.58749008178711 193.56800842285156
v 28.942718505859375 13.574880599975586 370.3720703125
v 27.457239151000977 12.897231101989746 255.943603515625
v 27.500469207763672 16.026090621948242 202.18678283691406
v 27.2285213470459 17.55597496032715 402.59320068359375
v 27.5240421295166 25.602811813354492 218.0539093017578
v 27.98135757446289 27.644926071166992 221.37217712402344
v 26.5528564453125 27.386207580566406 557.3099975585938
v 26.53863525390625 28.740341186523438 557.1172485351562
v 27.15239715576172 42.50532531738281 274.35601806640625
v 28.374589920043945 42.692176818847656 251.93972778320312
v 28.026639938354492 -34.71364974975586 122.57516479492188
v 27.820199966430664 -34.417720794677734 125.60968017578125
v 27.78342056274414 -28.274677276611328 73.10423278808594
v 27.89995002746582 -27.18085289001465 157.7287139892578
v 27.530160903930664 -19.032899856567383 62.35529708862305
v 27.873958587646484 -14.080771446228027 95.47994995117188
v 28.913806915283203 -13.502174377441406 101.40001678466797
v 27.96450424194336 -13.901357650756836 196.65647888183594
v 27.756118774414062 -12.96384048461914 74.53288269042969
v 28.153366088867188 -11.555110931396484 201.65367126464844
v 28.108182907104492 -4.092140197753906 157.36741638183594
v 27.947097778320312 -2.6908016204833984 578.3645629882812
v 27.987668991088867 -1.3675857782363892 574.7606811523438
v 27.218833923339844 -0.7326697111129761 234.15875244140625
v 28.24801254272461 2.7405455112457275 240.4818115234375
v 27.67899513244629 4.248639106750488 180.22708129882812
v 28.58835220336914 3.2034361362457275 177.63792419433594
v 32.92097473144531 8.269674301147461 376.5461730957031
v 29.6550350189209 9.790106773376465 397.0184631347656
v 27.48436737060547 11.855695724487305 399.94189453125
v 27.544042587280273 19.111392974853516 402.7789001464844
v 27.05561065673828 19.453929901123047 207.87913513183594
v 27.783353805541992 21.943954467773438 266.2519226074219
v 27.478471755981445 20.903301239013672 371.5957336425781
v 27.272401809692383 24.579792022705078 561.3189086914062
v 27.161136627197266 24.333009719848633 562.6707763671875
v 27.179250717163086 24.932151794433594 559.8532104492188
v 29.889999389648438 26.31840705871582 374.5923156738281
v 26.877723693847656 25.151281356811523 564.5588989257812
v 27.179073333740234 26.488994598388672 557.5745849609375
v 27.17823028564453 27.62334632873535 561.578369140625
v 26.564008712768555 29.356168746948242 557.5833740234375
v 27.40584373474121 28.647640228271484 271.0256652832031
v 31.734777450561523 33.16755294799805 396.347900390625
v 27.293842315673828 40.755001068115234 275.07855224609375
v 28.845430374145508 46.447303771972656 258.7656555175781
v 27.068620681762695 45.248199462890625 271.5178527832031
v 27.10251235961914 46.55097961425781 265.83807373046875
v 28.027359008789062 -35.3785400390625 103.3502197265625
v 28.354835510253906 -35.11497497558594 116.60590362548828
v 28.187896728515625 -32.713890075683594 95.45903015136719
v 28.04639434814453 -32.8798942565918 131.6875
v 28.101974487304688 -30.294031143188477 87.50992584228516
v 27.840608596801758 -29.35004425048828 77.9323959350586
v 28.17416000366211 -30.6129207611084 141.7953643798828
v 28.260665893554688 -26.401002883911133 161.55210876464844
v 27.617788314819336 -24.713720321655273 167.28512573242188
v 28.7229061126709 -25.432979583740234 165.70701599121094
v 28.71600341796875 -20.991714477539062 177.3473358154297
v 28.1038761138916 -21.127466201782227 62.29863357543945
v 27.788101196289062 -15.656241416931152 85.64483642578125
v 28.810352325439453 -13.900352478027344 127.45158386230469
v 27.587345123291016 -13.511228561401367 134.828369140625
v 28.291362762451172 -14.061217308044434 98.51329803466797
v 28.78645896911621 -13.854630470275879 99.26558685302734
v 28.411590576171875 -12.744922637939453 104.97979736328125
v 28.813865661621094 -12.73069953918457 122.42208099365234
v 27.780696868896484 -12.523721694946289 137.87669372558594
v 28.19222068786621 -10.246302604675293 205.88548278808594
v 28.58461570739746 -9.409113883972168 207.95367431640625
v 27.976747512817383 -4.639553546905518 575.8797607421875
v 28.14221954345703 4.515859603881836 392.8463134765625
v 28.230575561523438 9.785547256469727 190.75421142578125
v 27.650964736938477 13.39764404296875 401.3358154296875
v 27.88033676147461 14.31065845489502 199.21498107910156
v 28.71099853515625 17.142154693603516 204.61732482910156
v 28.087162017822266 18.17238426208496 205.71820068359375
v 28.222291946411133 20.869672775268555 402.5571594238281
v 32.41750717163086 29.652677536010742 377.0144348144531
v 27.4082088470459 28.426424026489258 556.1106567382812
v 27.68976593017578 28.944612503051758 559.7178955078125
v 27.18303871154785 30.389949798583984 555.3522338867188
v 27.03536605834961 30.398778915405273 557.0907592773438
v 27.49917221069336 31.08065414428711 272.9591979980469
v 27.795400619506836 34.19039535522461 275.0941467285156
v 28.865859985351562 47.74595642089844 262.1141662597656
v 29.2425479888916 -35.371952056884766 111.18382263183594
v 28.768051147460938 -34.7420768737793 101.85645294189453
v 28.5250301361084 -33.345523834228516 97.65167236328125
v 27.940465927124023 -29.529386520385742 83.03563690185547
v 29.44462776184082 -27.904346466064453 74.5260009765625
v 28.9332218170166 -29.357114791870117 148.39614868164062
v 29.000640869140625 -27.4517822265625 73.15157318115234
v 28.532320022583008 -25.40258026123047 67.34002685546875
v 28.84459114074707 -24.54439926147461 66.17625427246094
v 29.02776527404785 -20.46784782409668 179.35072326660156
v 28.17618751525879 -19.30364227294922 182.35987854003906
v 28.035009384155273 -16.45970344543457 82.21199035644531
v 28.63417625427246 -15.89469051361084 62.483123779296875
v 29.086917877197266 -12.841565132141113 68.97422790527344
v 28.92050552368164 -13.11189079284668 102.499755859375
v 29.032861709594727 -12.65059757232666 116.7269515991211
v 29.471057891845703 -6.089263439178467 217.70346069335938
v 28.546131134033203 -5.393054962158203 153.84762573242188
v 28.403732299804688 -2.842747926712036 574.3678588867188
v 28.651453018188477 -2.749436616897583 160.50035095214844
v 28.67868995666504 -0.4406464993953705 576.27294921875
v 32.09413146972656 4.036447048187256 383.7770690917969
v 28.7924747467041 10.672562599182129 253.43809509277344
v 28.511320114135742 14.654683113098145 401.95758056640625
v 29.13576316833496 16.273075103759766 261.0814208984375
v 27.568164825439453 16.018543243408203 402.2939453125
v 29.15933609008789 18.214874267578125 371.2184753417969
v 28.60002899169922 18.554487228393555 263.33270263671875
v 28.241615295410156 20.10789680480957 210.01075744628906
v 28.07082748413086 21.193559646606445 211.70828247070312
v 27.860008239746094 22.929719924926758 400.08282470703125
v 28.59777069091797 22.27604103088379 213.81826782226562
v 29.377805709838867 26.319955825805664 271.1317443847656
v 28.169267654418945 25.94502067565918 560.9412231445312
v 28.375686645507812 26.724821090698242 557.5052490234375
v 27.790958404541016 26.806203842163086 561.745849609375
v 27.758502960205078 30.73415756225586 557.6344604492188
v 28.781082153320312 31.590410232543945 228.3992462158203
v 28.64824867248535 35.943687438964844 236.44004821777344
v 28.423442840576172 38.766937255859375 242.5988006591797
v 29.30339241027832 45.23012161254883 255.378173828125
v 27.276439666748047 45.61430740356445 272.3801574707031
v 27.80214500427246 47.65272521972656 269.6748962402344
v 28.591371536254883 -35.70993423461914 105.70941925048828
v 28.571880340576172 -35.41845703125 113.34740447998047
v 29.178579330444336 -35.29009246826172 118.95927429199219
v 28.360881805419922 -30.408082962036133 91.07156372070312
v 28.9325008392334 -22.91374397277832 62.948020935058594
v 28.470365524291992 -22.266159057617188 174.622314453125
v 29.341251373291016 -15.146885871887207 79.38939666748047
v 28.358753204345703 -15.984938621520996 89.47079467773438
v 29.214445114135742 -15.23084831237793 93.99241638183594
v 28.3964786529541 -13.295145988464355 73.21927642822266
v 28.835594177246094 -13.032916069030762 124.52281188964844
v 28.5770263671875 -12.799320220947266 119.06777954101562
v 28.734922409057617 -8.368372917175293 210.812744140625
v 28.621862411499023 -8.81407642364502 147.19740295410156
v 29.395009994506836 -5.423775672912598 221.0243682861328
v 29.416767120361328 -3.4717164039611816 227.2434539794922
v 28.868785858154297 -0.9897764921188354 233.2572479248047
v 29.125364303588867 -0.12722669541835785 171.40829467773438
v 29.141504287719727 0.19447247684001923 172.9744873046875
v 29.211416244506836 1.0578796863555908 174.0753631591797
v 29.17496681213379 5.5147857666015625 182.89907836914062
v 29.706708908081055 6.717997074127197 186.61361694335938
v 29.49885368347168 8.013046264648438 372.3067932128906
v 29.53857421875 7.497228622436523 248.56051635742188
v 28.934301376342773 8.90969181060791 251.15744018554688
v 29.164011001586914 11.468645095825195 194.54110717773438
v 29.621583938598633 12.259561538696289 400.4082336425781
v 29.073638916015625 12.235250473022461 196.15757751464844
v 29.22869873046875 22.213333129882812 401.9686584472656
v 28.555299758911133 28.451095581054688 559.6309204101562
v 28.48790168762207 28.13555335998535 556.077880859375
v 30.142732620239258 29.96647071838379 225.64947509765625
v 28.19894027709961 30.45557975769043 553.8944091796875
v 28.47258758544922 32.34214782714844 555.489013671875
v 28.445640563964844 32.546810150146484 554.1632690429688
v 28.923179626464844 37.237281799316406 277.4684753417969
v 28.641942977905273 41.16344451904297 248.12855529785156
v 29.585485458374023 47.85832214355469 277.75067138671875
v 28.21401023864746 47.75387954711914 263.87872314453125
v 28.49595069885254 48.73814392089844 267.2310485839844
v 28.424907684326172 47.75526809692383 273.7120056152344
v 29.487401962280273 -32.69308853149414 134.87623596191406
v 29.551753997802734 -27.83951187133789 153.7858428955078
v 29.820209503173828 -26.433624267578125 69.8211441040039
v 29.676591873168945 -20.725317001342773 60.80726623535156
v 28.914085388183594 -19.333765029907227 61.07220458984375
v 29.610191345214844 -18.041200637817383 184.3032989501953
v 29.43674087524414 -17.210865020751953 187.55007934570312
v 29.743492126464844 -10.74506664276123 142.60983276367188
v 29.537883758544922 -7.091125011444092 151.07313537597656
v 29.620967864990234 -5.917412281036377 217.12734985351562
v 29.076904296875 -3.5504612922668457 574.7803955078125
v 29.94423484802246 3.5979578495025635 241.689453125
v 29.6719970703125 3.8882908821105957 180.46775817871094
v 29.3326358795166 4.426910400390625 391.7861022949219
v 29.538095474243164 5.049678325653076 244.46975708007812
v 28.547082901000977 10.327369689941406 398.14862060546875
v 29.32870864868164 17.228801727294922 405.38177490234375
v 29.59841537475586 19.64345932006836 209.71865844726562
v 29.385860443115234 18.358089447021484 371.5614929199219
v 29.04118537902832 20.481435775756836 403.4727783203125
v 30.031574249267578 23.14057731628418 400.58331298828125
v 30.28983497619629 23.05333137512207 215.56768798828125
v 31.051898956298828 24.982358932495117 271.14862060546875
v 29.111452102661133 27.250167846679688 558.11376953125
v 29.021902084350586 27.498655319213867 559.288330078125
v 28.639413833618164 29.473159790039062 554.5313110351562
v 28.865802764892578 30.784984588623047 557.6455688476562
v 28.917753219604492 32.23466110229492 552.9685668945312
v 28.87555503845215 32.06730651855469 556.1211547851562
v 29.20336151123047 31.465526580810547 275.4609069824219
v 29.9906005859375 34.454139709472656 232.8113555908203
v 28.790916442871094 40.597652435302734 278.057373046875
v 29.652429580688477 45.414581298828125 279.10394287109375
v 29.896156311035156 -34.64918899536133 125.28474426269531
v 29.72581672668457 -33.60449981689453 99.0724868774414
v 30.44747543334961 -31.426197052001953 139.80328369140625
v 28.770771026611328 -28.349512100219727 79.5052490234375
v 29.672687530517578 -27.113384246826172 83.0867691040039
v 29.91051483154297 -26.31724739074707 162.0514678955078
v 30.18656349182129 -24.64752197265625 167.33444213867188
v 29.938142776489258 -24.3388671875 64.35616302490234
v 29.460514068603516 -17.599000930786133 85.50679779052734
v 30.018198013305664 -16.227540969848633 93.04684448242188
v 29.328489303588867 -14.338543891906738 63.937477111816406
v 29.49842643737793 -13.615303039550781 75.4937973022461
v 30.441730499267578 -13.481907844543457 126.48241424560547
v 29.847835540771484 -13.669384002685547 131.74810791015625
v 29.63387107849121 -12.857771873474121 134.97256469726562
v 30.210975646972656 -13.003904342651367 66.36859893798828
v 29.707050323486328 -13.196758270263672 111.12136840820312
v 29.718687057495117 -12.015380859375 199.06625366210938
v 29.78233528137207 -12.001246452331543 137.81417846679688
v 30.305984497070312 -6.612090110778809 214.54483032226562
v 30.483699798583984 -4.155519962310791 224.2585906982422
v 30.64434814453125 -3.3048572540283203 577.408203125
v 30.994354248046875 -1.3366115093231201 577.8056030273438
v 31.014690399169922 -0.3492388427257538 577.1416625976562
v 30.97809410095215 1.0143022537231445 236.3536376953125
v 28.65778350830078 -0.6947288513183594 540.9960327148438
v 28.623878479003906 1.4990909099578857 539.2529907226562
v 28.64201545715332 -0.8377795815467834 543.0079956054688
v 28.627655029296875 0.9065548181533813 541.1334838867188
v 29.325172424316406 -0.0773022323846817 544.9916381835938
v 29.183971405029297 0.46209368109703064 538.4078979492188
v 29.466960906982422 10.70650863647461 371.19140625
v 29.884159088134766 12.439751625061035 256.0281982421875
v 29.597740173339844 15.393980026245117 404.3053894042969
v 30.355497360229492 14.017278671264648 200.1525421142578
v 29.680225372314453 18.607452392578125 405.895751953125
v 30.07176399230957 20.68854522705078 211.6608428955078
v 31.98492431640625 25.317102432250977 374.3651428222656
v 29.561826705932617 25.15483856201172 217.82940673828125
v 29.102245330810547 28.11651039123535 272.6222229003906
v 29.35717010498047 31.05773162841797 552.737060546875
v 30.359241485595703 35.950992584228516 236.1692657470703
v 30.26161003112793 38.98189163208008 242.4935302734375
v 29.858442306518555 39.68785095214844 244.4906768798828
v 29.95363426208496 50.145660400390625 264.86572265625
v 29.290061950683594 50.22950744628906 270.2236022949219
v 28.989843368530273 49.7151985168457 267.3166809082031
v 30.70206069946289 -35.4648551940918 107.84160614013672
v 31.157915115356445 -34.16473388671875 101.53053283691406
v 29.69957733154297 -33.23211669921875 131.47235107421875
v 30.657367706298828 -31.26219940185547 95.58763122558594
v 30.5314998626709 -30.124773025512695 145.11402893066406
v 29.683752059936523 -28.874126434326172 90.67642211914062
v 29.86981201171875 -27.995433807373047 86.97429656982422
v 29.876893997192383 -27.287395477294922 157.69200134277344
v 30.83496856689453 -23.780784606933594 169.6444549560547
v 30.7726993560791 -21.88727569580078 60.6864128112793
v 30.791858673095703 -21.798444747924805 174.60691833496094
v 29.92276954650879 -19.0548095703125 181.77078247070312
v 29.219955444335938 -18.03987693786621 82.45700073242188
v 30.79780387878418 -17.169553756713867 58.771018981933594
v 30.502107620239258 -16.377079010009766 79.79063415527344
v 29.712871551513672 -17.56498146057129 89.44243621826172
v 30.289331436157227 -15.18152904510498 191.68093872070312
v 31.131807327270508 -15.928977012634277 97.32548522949219
v 29.893163681030273 -13.38984203338623 196.25079345703125
v 30.75412368774414 -13.28376579284668 124.54766082763672
v 30.36428451538086 -12.803669929504395 69.78205108642578
v 30.847942352294922 -13.198881149291992 108.12808990478516
v 31.005069732666016 -10.44083309173584 201.3780517578125
v 30.605051040649414 -9.853546142578125 204.15643310546875
v 30.70501136779785 -9.60919189453125 144.8743896484375
v 31.369857788085938 -5.882059097290039 153.2688751220703
v 30.354528427124023 -4.914419651031494 155.15565490722656
v 31.105615615844727 -2.365419387817383 577.7977294921875
v 30.64873695373535 -2.255983829498291 164.52735900878906
v 31.074649810791016 -1.9973312616348267 167.30517578125
v 29.54251480102539 -2.2937538623809814 543.1171875
v 29.443294525146484 -1.445961833000183 540.5304565429688
v 29.55479621887207 -1.706921935081482 545.59521484375
v 29.541650772094727 0.5761966109275818 544.1638793945312
v 30.661380767822266 2.577939987182617 239.7857666015625
v 29.30657386779785 1.692295789718628 541.3961791992188
v 29.15581512451172 2.6428675651550293 538.1775512695312
v 29.497655868530273 2.9819977283477783 539.7601928710938
v 33.355003356933594 6.7337260246276855 379.0969543457031
v 30.31700897216797 13.711626052856445 401.28582763671875
v 30.647693634033203 15.614778518676758 371.94195556640625
v 30.436283111572266 15.941906929016113 203.81109619140625
v 30.430044174194336 19.77335548400879 406.41943359375
v 30.12529945373535 21.447265625 402.87255859375
v 32.84156799316406 23.760799407958984 270.9090881347656
v 29.745595932006836 29.3475341796875 555.2538452148438
v 29.420915603637695 29.692180633544922 558.17529296875
v 29.902658462524414 29.876344680786133 553.7915649414062
v 30.504676818847656 31.78394889831543 555.968017578125
v 30.654399871826172 34.403812408447266 552.6002807617188
v 30.419424057006836 34.324790954589844 554.1200561523438
v 30.438966751098633 35.187496185302734 278.5975646972656
v 30.601253509521484 42.538673400878906 249.78770446777344
v 30.70706558227539 49.35646438598633 261.0052490234375
v 30.083932876586914 51.43821334838867 273.9954528808594
v 30.817546844482422 -35.2225341796875 104.99822998046875
v 30.6322078704834 -35.10917663574219 112.99593353271484
v 30.472763061523438 -34.86880111694336 116.17359924316406
v 31.405872344970703 -34.68791198730469 124.53447723388672
v 31.224340438842773 -31.081703186035156 141.91563415527344
v 30.495662689208984 -29.026071548461914 150.368896484375
v 29.868682861328125 -26.369356155395508 80.86518859863281
v 30.90790367126465 -25.09720230102539 67.52137756347656
v 31.708332061767578 -18.12986183166504 79.75762176513672
v 31.416366577148438 -15.018613815307617 59.331180572509766
v 29.894113540649414 -13.709625244140625 73.8349838256836
v 30.928600311279297 -13.052109718322754 118.34856414794922
v 31.056617736816406 -12.84006404876709 121.0993881225586
v 31.34898567199707 -4.255883693695068 157.62713623046875
v 30.616241455078125 -2.8828482627868652 160.64578247070312
v 30.34973907470703 -1.6616781949996948 574.4510498046875
v 29.980436325073242 -0.5903269052505493 575.2156372070312
v 30.410533905029297 -0.18580028414726257 576.251708984375
v 30.839139938354492 2.304593324661255 177.3217010498047
v 30.599533081054688 3.566653251647949 536.1815795898438
v 29.949148178100586 4.019314289093018 537.8820190429688
v 33.23615646362305 7.8044843673706055 377.4800109863281
v 31.236684799194336 8.926243782043457 251.312255859375
v 30.890600204467773 10.129680633544922 193.57464599609375
v 31.075775146484375 10.144450187683105 252.9700164794922
v 31.276412963867188 13.364178657531738 372.3856506347656
v 30.631025314331055 12.996506690979004 198.79824829101562
v 31.083505630493164 14.248703956604004 403.4681091308594
v 30.786157608032227 17.4824161529541 206.14996337890625
v 30.84278678894043 27.894397735595703 222.39401245117188
v 30.018775939941406 29.817264556884766 556.0736083984375
v 29.918048858642578 30.458791732788086 556.61865234375
v 34.428768157958984 35.18405532836914 382.975830078125
v 31.46893882751465 34.808074951171875 393.38372802734375
v 31.152664184570312 36.90504455566406 238.060791015625
v 30.05950927734375 39.60614013671875 279.8431701660156
v 30.798336029052734 48.884521484375 260.3921203613281
v 30.2034969329834 50.9006462097168 275.74542236328125
v 30.679759979248047 52.62070083618164 272.357666015625
v 30.81069564819336 -35.08552169799805 118.63363647460938
v 31.408599853515625 -34.65879440307617 121.53558349609375
v 31.084203720092773 -33.63763427734375 100.64175415039062
v 31.453916549682617 -32.156246185302734 97.92737579345703
v 30.535308837890625 -27.4016056060791 90.24725341796875
v 31.0789794921875 -26.756484985351562 75.97277069091797
v 30.873804092407227 -26.540956497192383 74.64923858642578
v 32.10697937011719 -25.103647232055664 77.72186279296875
v 30.314311981201172 -24.5197696685791 81.77843475341797
v 31.02596664428711 -22.491762161254883 172.4894561767578
v 31.236421585083008 -19.489269256591797 179.6898651123047
v 30.852855682373047 -19.61176872253418 58.89065933227539
v 29.977855682373047 -19.67650604248047 82.50029754638672
v 30.675168991088867 -20.496456146240234 84.92754364013672
v 30.9166202545166 -19.848621368408203 89.57135009765625
v 31.360246658325195 -18.722089767456055 91.7631607055664
v 30.872478485107422 -14.653695106506348 76.47100067138672
v 30.67884635925293 -13.370734214782715 65.2362060546875
v 31.134252548217773 -13.896501541137695 101.81289672851562
v 32.03877258300781 -13.893245697021484 127.16545104980469
v 31.080883026123047 -13.325894355773926 105.27013397216797
v 31.116228103637695 -13.023192405700684 124.01472473144531
v 30.887365341186523 -7.809238910675049 209.8793182373047
v 30.824878692626953 -2.481757879257202 574.5265502929688
v 30.889144897460938 -2.775625467300415 545.11083984375
v 30.824003219604492 -0.11861321330070496 548.47265625
v 30.962472915649414 -1.464882731437683 548.1591796875
v 30.742773056030273 -0.7543172240257263 232.90701293945312
v 30.543148040771484 0.013204067014157772 538.2571411132812
v 30.61789894104004 2.223388910293579 536.4502563476562
v 30.483549118041992 1.0587146282196045 543.9590454101562
v 30.855453491210938 1.7081584930419922 541.924072265625
v 31.29653549194336 4.791575908660889 183.3459930419922
v 31.10677719116211 16.45965003967285 406.56402587890625
v 30.986711502075195 17.530427932739258 263.0060729980469
v 32.22813415527344 21.054527282714844 213.73135375976562
v 30.878000259399414 26.717937469482422 273.0697937011719
v 31.631778717041016 28.871091842651367 275.9295959472656
v 32.802711486816406 30.581029891967773 399.1427917480469
v 30.7863826751709 31.26939582824707 228.0831756591797
v 30.99540901184082 33.43810272216797 555.255126953125
v 31.231599807739258 36.614784240722656 280.4029541015625
v 31.36373519897461 44.23358154296875 281.9611511230469
v 31.512462615966797 47.79711151123047 257.52398681640625
v 30.928157806396484 50.82015609741211 278.10101318359375
v 30.975971221923828 51.24689483642578 264.3895263671875
v 30.521080017089844 51.67985916137695 268.0059814453125
v 31.281856536865234 -33.27736282348633 131.44007873535156
v 31.58161735534668 -29.72112274169922 147.84593200683594
v 32.06296157836914 -30.16515350341797 95.97697448730469
v 30.713729858398438 -26.0863037109375 86.8594970703125
v 31.34909439086914 -26.134113311767578 71.53380584716797
v 30.988773345947266 -25.17264175415039 165.72618103027344
v 31.90041732788086 -24.996274948120117 65.5999526977539
v 31.858579635620117 -23.366239547729492 61.85880661010742
v 30.48497772216797 -21.814149856567383 82.34453582763672
v 31.14215850830078 -23.0515079498291 86.46316528320312
v 31.997892379760742 -19.782272338867188 177.28521728515625
v 31.50845718383789 -19.882659912109375 91.03793334960938
v 31.016429901123047 -17.300209045410156 93.10599517822266
v 31.333938598632812 -16.359460830688477 187.77964782714844
v 32.09662628173828 -16.25856590270996 97.74504089355469
v 32.360626220703125 -15.722984313964844 99.42439270019531
v 31.811967849731445 -14.937973022460938 74.40052795410156
v 31.294815063476562 -13.602041244506836 62.04488754272461
v 31.71074104309082 -12.594107627868652 135.55421447753906
v 31.610063552856445 -11.544425010681152 138.97389221191406
v 31.6433048248291 -7.230690956115723 151.3153839111328
v 31.77424430847168 -3.2575905323028564 575.6314697265625
v 31.20203399658203 -2.730665445327759 543.5491333007812
v 32.00408172607422 -1.913870930671692 548.9239501953125
v 31.643705368041992 -2.5152697563171387 228.0423126220703
v 31.155967712402344 -1.784056305885315 541.0918579101562
v 33.30022430419922 -0.11069317907094955 574.4644775390625
v 32.32701110839844 -0.9291192889213562 173.78591918945312
v 31.227678298950195 -0.7942821383476257 171.7900390625
v 32.413665771484375 -0.4086291790008545 174.40582275390625
v 31.377002716064453 1.1949838399887085 547.4495849609375
v 30.75525665283203 3.707716226577759 539.4432373046875
v 31.0756893157959 4.912845611572266 535.8987426757812
v 31.506746292114258 4.6899237632751465 243.4592742919922
v 35.480384826660156 8.11016845703125 391.30328369140625
v 31.33631134033203 5.51031494140625 537.0451049804688
v 31.54033851623535 5.800742149353027 186.8192596435547
v 33.81095886230469 10.639274597167969 396.0559387207031
v 32.31587219238281 11.857702255249023 373.82781982421875
v 32.0695915222168 10.884867668151855 196.75108337402344
v 32.35002517700195 12.57244873046875 399.4320983886719
v 31.66874885559082 13.537785530090332 400.72833251953125
v 32.30084991455078 15.192197799682617 260.2741394042969
v 31.491146087646484 18.528268814086914 408.24835205078125
v 31.361896514892578 20.87615966796875 406.0075378417969
v 31.406633377075195 21.82345199584961 402.4167785644531
v 31.150131225585938 22.51062774658203 401.8466491699219
v 31.439558029174805 24.8020076751709 218.14295959472656
v 31.095916748046875 30.89724349975586 555.3367309570312
v 31.513835906982422 31.77919578552246 552.1814575195312
v 31.372905731201172 32.68141174316406 551.7376098632812
v 31.85188865661621 32.773834228515625 278.7034912109375
v 32.63222885131836 38.75686264038086 241.92361450195312
v 32.128231048583984 44.27997589111328 251.525146484375
v 32.11076354980469 45.89787292480469 253.72483825683594
v 30.81080436706543 47.68730163574219 280.286376953125
v 31.886207580566406 54.07033920288086 270.0877990722656
v 31.936098098754883 -34.630531311035156 111.11968231201172
v 32.33892059326172 -32.73347854614258 134.7478790283203
v 32.018314361572266 -27.427597045898438 154.71868896484375
v 32.45011901855469 -26.95341682434082 157.46319580078125
v 31.098148345947266 -26.014768600463867 90.12309265136719
v 32.3112678527832 -25.833377838134766 162.12564086914062
v 31.49753761291504 -24.22211456298828 90.16600036621094
v 32.65298080444336 -24.373920440673828 63.398712158203125
v 32.60594940185547 -22.06861686706543 79.19707489013672
v 31.634639739990234 -18.313196182250977 181.53468322753906
v 32.736534118652344 -16.728063583374023 183.4671630859375
v 31.831268310546875 -17.116477966308594 184.53172302246094
v 32.17304611206055 -16.303770065307617 77.10860443115234
v 31.643722534179688 -12.462727546691895 196.10638427734375
v 33.592803955078125 -12.791414260864258 61.29926300048828
v 31.865232467651367 -13.822513580322266 111.03392791748047
v 32.2725830078125 -13.475956916809082 115.87014770507812
v 31.852041244506836 -12.93553638458252 69.27562713623047
v 31.88860321044922 -10.999882698059082 198.47012329101562
v 32.47127151489258 -9.556402206420898 200.81002807617188
v 31.899070739746094 -4.651027202606201 220.37887573242188
v 32.465667724609375 -2.4808530807495117 547.4922485351562
v 31.57255744934082 1.8684813976287842 536.426025390625
v 31.578767776489258 0.9614017605781555 543.7373657226562
v 31.791854858398438 3.0852694511413574 535.6080322265625
v 32.035858154296875 3.026671886444092 181.0565643310547
v 32.04408645629883 4.564038276672363 388.3127746582031
v 32.85847854614258 7.4214277267456055 247.9187774658203
v 31.996179580688477 6.7750959396362305 189.1250762939453
v 31.544132232666016 13.551614761352539 372.78326416015625
v 32.00668716430664 17.29572868347168 408.3503112792969
v 31.957189559936523 18.69776725769043 209.93252563476562
v 32.0190315246582 20.352405548095703 407.61285400390625
v 32.46489334106445 22.22319793701172 215.736083984375
v 34.878116607666016 27.02684783935547 401.20697021484375
v 30.88797950744629 27.00287437438965 516.114990234375
v 31.51657485961914 28.9051456451416 510.51434326171875
v 30.76361083984375 27.961498260498047 516.7255249023438
v 31.233963012695312 28.95511245727539 517.4798583984375
v 31.512941360473633 29.763608932495117 512.8502807617188
v 31.928390502929688 34.08149719238281 551.4599609375
v 32.72758865356445 34.46109390258789 233.2881622314453
v 31.73983383178711 34.53810501098633 279.66357421875
v 32.63887023925781 39.77751159667969 244.28843688964844
v 31.758882522583008 50.866886138916016 280.330810546875
v 33.16687774658203 -33.95692825317383 115.76924133300781
v 33.058956146240234 -34.41361618041992 118.139892578125
v 33.131385803222656 -29.32921028137207 148.77001953125
v 32.69332504272461 -25.114625930786133 72.15618133544922
v 31.43634796142578 -22.12691307067871 89.82392883300781
v 32.189361572265625 -19.738595962524414 56.98129653930664
v 32.672454833984375 -20.1574649810791 79.15100860595703
v 32.159339904785156 -17.671466827392578 56.43692398071289
v 31.869583129882812 -15.810709953308105 57.454673767089844
v 32.48918533325195 -14.173418998718262 191.1488494873047
v 32.47747802734375 -13.580339431762695 60.36086654663086
v 32.27654266357422 -13.711296081542969 131.7123260498047
v 32.63263702392578 -13.127817153930664 66.8499984741211
v 33.05467224121094 -6.836756706237793 208.3740997314453
v 32.986385345458984 -5.7396559715271 212.5556182861328
v 32.47111511230469 -4.747935771942139 216.50035095214844
v 32.817142486572266 -4.726664066314697 216.88775634765625
v 32.50799560546875 -3.5745697021484375 160.2034149169922
v 32.64087677001953 -3.504352331161499 223.4363250732422
v 33.24249267578125 -1.1858303546905518 229.47679138183594
v 31.964155197143555 0.430320680141449 550.9895629882812
v 31.971317291259766 1.1978570222854614 537.7484130859375
v 32.74311447143555 0.37213388085365295 577.1851196289062
v 32.63638687133789 0.0803617462515831 233.34426879882812
v 32.646915435791016 0.7139200568199158 575.3975830078125
v 33.26864242553711 1.4556363821029663 547.3521118164062
v 32.82301330566406 2.913083076477051 239.33203125
v 31.856128692626953 2.3833675384521484 540.0328369140625
v 32.10282897949219 3.9247589111328125 539.07470703125
v 32.98017501831055 3.9580724239349365 241.20286560058594
v 33.15250015258789 5.537618637084961 381.14044189453125
v 32.516727447509766 6.872191905975342 535.5151977539062
v 32.98835754394531 8.084243774414062 249.39747619628906
v 32.135292053222656 11.16494369506836 397.1986083984375
v 32.73511505126953 9.850042343139648 375.17669677734375
v 33.21234893798828 10.463699340820312 253.06060791015625
v 32.62211608886719 12.340235710144043 199.998291015625
v 32.25277328491211 12.178483963012695 255.6953887939453
v 32.47562789916992 15.24605655670166 204.6958465576172
v 34.13390350341797 17.564340591430664 373.67999267578125
v 32.16704177856445 15.825955390930176 406.389404296875
v 33.096866607666016 17.371854782104492 263.1220703125
v 32.49045181274414 19.729036331176758 211.91647338867188
v 32.67133712768555 21.427078247070312 405.0819091796875
v 35.40178298950195 25.278396606445312 375.1485595703125
v 33.09880828857422 22.749385833740234 216.50201416015625
v 32.6110725402832 22.748369216918945 401.06231689453125
v 33.30732727050781 24.25886344909668 272.0482482910156
v 31.89596939086914 25.851421356201172 522.595947265625
v 31.748886108398438 25.14600372314453 520.8890991210938
v 31.705110549926758 25.958324432373047 515.727783203125
v 31.676193237304688 26.8636417388916 512.62109375
v 31.494197845458984 26.10306167602539 517.7202758789062
v 32.0894889831543 30.286745071411133 510.01336669921875
v 32.60576629638672 29.499479293823242 225.77215576171875
v 32.84851837158203 30.750394821166992 227.94830322265625
v 32.13837814331055 31.23377227783203 553.5350341796875
v 31.85418701171875 32.780765533447266 555.2578735351562
v 32.92314147949219 35.92258834838867 551.91943359375
v 32.79935073852539 36.145896911621094 552.986083984375
v 33.156166076660156 35.58702087402344 235.97784423828125
v 32.478065490722656 36.06953048706055 387.74066162109375
v 32.19257354736328 41.43195724487305 282.7490539550781
v 32.84955978393555 42.44392013549805 248.81192016601562
v 33.73339080810547 49.49242401123047 257.9525451660156
v 31.928770065307617 47.630584716796875 282.431640625
v 31.81199073791504 52.76597595214844 266.5633239746094
v 32.490257263183594 53.55583572387695 278.7618408203125
v 32.992374420166016 -34.5708122253418 107.27690887451172
v 32.9289436340332 -34.2229118347168 112.80410766601562
v 33.40073013305664 -34.2021484375 124.43965148925781
v 33.22646713256836 -32.95315933227539 101.21175384521484
v 33.96940231323242 -31.31184959411621 99.73310852050781
v 32.819637298583984 -31.33238410949707 139.53994750976562
v 32.91632080078125 -29.964523315429688 145.12387084960938
v 32.282806396484375 -25.016464233398438 75.83624267578125
v 32.52042007446289 -24.78903579711914 68.60301971435547
v 32.01033020019531 -24.85016441345215 91.19198608398438
v 32.85034942626953 -24.575469970703125 165.74957275390625
v 32.36605453491211 -22.374162673950195 91.54692077636719
v 31.98801040649414 -22.58928108215332 60.43607711791992
v 33.028175354003906 -21.79899787902832 57.832786560058594
v 32.91715621948242 -18.478557586669922 179.53460693359375
v 33.03402328491211 -18.626893997192383 96.32183074951172
v 32.83211135864258 -14.035224914550781 57.396751403808594
v 33.128875732421875 -13.714688301086426 70.59507751464844
v 32.678951263427734 -14.273415565490723 103.38030242919922
v 33.78101348876953 -13.701242446899414 120.28543853759766
v 32.915008544921875 -13.653210639953613 124.01285552978516
v 34.03234100341797 -13.738485336303711 123.21334075927734
v 33.087928771972656 -10.853947639465332 142.6507568359375
v 32.778038024902344 -9.57308292388916 145.519775390625
v 32.62106704711914 -9.312458038330078 201.6918182373047
v 32.825748443603516 -5.336048126220703 155.64376831054688
v 33.276100158691406 -3.3003861904144287 162.68850708007812
v 34.20630645751953 -1.8476390838623047 576.3102416992188
v 34.88950729370117 -0.3006596863269806 574.5029296875
v 32.34048080444336 -0.45032501220703125 551.1574096679688
v 32.1081428527832 1.021458625793457 538.6663208007812
v 32.10801315307617 -0.8547306656837463 541.7919311523438
v 32.67952346801758 0.8308150768280029 176.6662139892578
v 32.349693298339844 0.14391419291496277 543.1827392578125
v 31.984580993652344 0.8041577935218811 541.4707641601562
v 32.158203125 1.7548737525939941 550.3798828125
v 32.13395309448242 5.132775783538818 534.3341064453125
v 32.82276916503906 5.529693603515625 537.8297119140625
v 31.855356216430664 19.848676681518555 409.31011962890625
v 32.021121978759766 18.305627822875977 409.6452331542969
v 32.87529754638672 21.6141300201416 401.9897155761719
v 32.01448059082031 24.571256637573242 527.4945678710938
v 31.7910099029541 25.7249813079834 527.700439453125
v 32.45021057128906 26.73475456237793 522.7042846679688
v 31.86488151550293 29.361783981323242 518.0404052734375
v 32.033172607421875 27.467195510864258 510.7856750488281
v 33.72127151489258 28.969924926757812 400.2856750488281
v 32.15072250366211 29.63165283203125 506.23968505859375
v 32.18162536621094 30.609495162963867 506.7677917480469
v 33.626365661621094 31.566055297851562 279.3373107910156
v 32.2494010925293 30.01622772216797 503.95166015625
v 31.853261947631836 30.492095947265625 500.2476501464844
v 31.873172760009766 31.540372848510742 501.3951110839844
v 31.86160659790039 31.62982940673828 496.8602600097656
v 32.41346740722656 32.24361801147461 554.8388671875
v 32.504207611083984 35.564918518066406 394.5364685058594
v 33.37836456298828 35.94480895996094 554.0761108398438
v 32.42455291748047 36.35881042480469 392.0906677246094
v 32.06971740722656 36.017417907714844 389.8125
v 32.62570571899414 38.244415283203125 282.3232727050781
v 32.7866096496582 50.95101547241211 281.9198303222656
v 33.56250762939453 55.86412811279297 276.9615478515625
v 33.79848098754883 -33.73733901977539 104.50924682617188
v 33.19566345214844 -32.98548889160156 131.3212127685547
v 33.08721923828125 -28.612091064453125 95.79663848876953
v 33.12560272216797 -23.667692184448242 62.039363861083984
v 32.79433822631836 -22.238046646118164 171.41485595703125
v 33.25570297241211 -20.303544998168945 175.0045928955078
v 32.757598876953125 -16.23272705078125 55.65619659423828
v 33.395416259765625 -16.649295806884766 74.55724334716797
v 33.4159049987793 -15.180688858032227 187.29946899414062
v 33.48163986206055 -15.657389640808105 100.77729797363281
v 33.1800537109375 -14.139349937438965 107.6314468383789
v 33.28759002685547 -13.915228843688965 126.23560333251953
v 33.78413772583008 -14.0973539352417 117.74413299560547
v 33.182716369628906 -12.731550216674805 64.10639190673828
v 32.89173126220703 -2.8340773582458496 167.38601684570312
v 33.198673248291016 -2.190305709838867 546.157470703125
v 35.245933532714844 -0.9843104481697083 575.328369140625
v 33.15251541137695 -1.662218689918518 544.80126953125
v 33.710079193115234 -1.1906265020370483 577.3998413085938
v 34.289337158203125 -0.11804765462875366 577.533447265625
v 32.22662353515625 1.6832084655761719 539.49951171875
v 33.51111602783203 2.254417896270752 552.9752807617188
v 33.1550407409668 2.438163995742798 549.5969848632812
v 33.203765869140625 1.6237066984176636 179.3430633544922
v 33.04667282104492 3.922184467315674 534.4212646484375
v 33.449501037597656 3.6859819889068604 184.4596405029297
v 33.220314025878906 6.877605438232422 536.4309692382812
v 33.14664840698242 7.1743645668029785 534.2576904296875
v 36.28563690185547 11.02670669555664 395.05462646484375
v 33.02815246582031 9.119654655456543 194.7667999267578
v 32.75664138793945 14.361051559448242 403.2626037597656
v 33.28638458251953 16.254487991333008 407.9303894042969
v 33.246726989746094 16.302448272705078 206.8436279296875
v 33.46608352661133 19.996768951416016 412.4837646484375
v 32.49399948120117 20.9491024017334 408.82537841796875
v 33.099098205566406 21.017854690551758 407.0593566894531
v 32.582462310791016 23.982040405273438 522.926513671875
v 32.49593734741211 24.501394271850586 520.32421875
v 32.54636764526367 24.130197525024414 525.1868286132812
v 32.533390045166016 25.543161392211914 517.4356079101562
v 32.50531005859375 24.636280059814453 530.5404052734375
v 32.404388427734375 25.994285583496094 530.5276489257812
v 32.79204559326172 25.594148635864258 514.885009765625
v 33.231266021728516 26.646039962768555 221.83958435058594
v 32.30449295043945 26.706756591796875 527.6061401367188
v 32.6397819519043 29.070219039916992 505.16156005859375
v 32.80352020263672 29.652284622192383 497.4916076660156
v 32.11640930175781 30.44631576538086 497.3049011230469
v 32.49525833129883 29.353713989257812 502.121337890625
v 33.00992965698242 30.73922348022461 513.3253784179688
v 32.76234817504883 29.683956146240234 518.1085205078125
v 32.96465301513672 29.665491104125977 494.50787353515625
v 32.05729293823242 31.249486923217773 494.4659118652344
v 32.34962844848633 31.020246505737305 504.0120544433594
v 32.75872039794922 31.391765594482422 506.8001403808594
v 32.5067024230957 32.53491973876953 501.842529296875
v 32.27162551879883 32.75112533569336 497.1390380859375
v 32.53367233276367 32.71426773071289 494.2724609375
v 35.57187271118164 34.2706413269043 381.3021240234375
v 33.269256591796875 33.65753173828125 397.73150634765625
v 33.432708740234375 33.26340866088867 280.5931701660156
v 33.189205169677734 44.551025390625 284.412353515625
v 33.67301559448242 47.744873046875 255.56729125976562
v 32.54169845581055 48.23994827270508 282.79742431640625
v 33.0070915222168 51.888328552246094 262.0873107910156
v 33.24998474121094 53.2305793762207 264.5654602050781
v 34.635990142822266 57.24217224121094 274.48358154296875
v 34.17612838745117 -33.412532806396484 111.0125503540039
v 33.79305648803711 -33.88858413696289 120.8427734375
v 34.175350189208984 -25.007953643798828 162.4711456298828
v 33.41026306152344 -24.833934783935547 66.61483764648438
v 33.664825439453125 -23.77788543701172 73.59515380859375
v 33.24962615966797 -22.8195743560791 76.5081558227539
v 34.47178649902344 -23.219274520874023 58.8905143737793
v 33.813411712646484 -19.617334365844727 55.0184326171875
v 33.15775680541992 -18.40682601928711 77.13360595703125
v 33.53641891479492 -17.074277877807617 181.0079345703125
v 33.83464813232422 -14.826570510864258 110.99861907958984
v 33.49680709838867 -12.99357795715332 58.28789520263672
v 33.90834426879883 -13.58122444152832 67.74272155761719
v 33.228302001953125 -13.035367965698242 134.75743103027344
v 33.76865005493164 -12.245036125183105 137.80592346191406
v 33.55832290649414 -10.518756866455078 196.62838745117188
v 33.882789611816406 -8.222134590148926 150.77978515625
v 34.39509201049805 -6.843856334686279 153.65220642089844
v 34.19977951049805 -3.4843878746032715 219.4427947998047
v 34.96216583251953 -0.9336399435997009 576.8547973632812
v 33.672733306884766 -1.7227940559387207 549.8482666015625
v 34.2070198059082 -2.3325839042663574 174.45545959472656
v 33.47866439819336 -0.42807963490486145 552.1392822265625
v 34.01962661743164 0.8810001015663147 547.1738891601562
v 32.77695846557617 2.019257068634033 538.1329956054688
v 33.384422302246094 2.9655416011810303 536.1708374023438
v 33.280887603759766 3.3485636711120605 538.1934814453125
v 34.153324127197266 3.1164534091949463 552.3971557617188
v 34.20372772216797 5.781467914581299 385.43280029296875
v 33.814823150634766 4.45139217376709 188.22119140625
v 34.428707122802734 9.222249031066895 250.87916564941406
v 33.6356315612793 9.579855918884277 196.9097137451172
v 34.90107727050781 12.137161254882812 254.7504119873047
v 33.93852233886719 13.061671257019043 397.94219970703125
v 33.8643684387207 14.23928451538086 399.673095703125
v 33.36015319824219 15.610519409179688 405.7451477050781
v 33.75608444213867 18.062517166137695 411.7950134277344
v 33.4215202331543 18.966291427612305 412.14239501953125
v 33.834800720214844 21.07805633544922 412.6201171875
v 33.56969451904297 21.49371337890625 410.5406494140625
v 37.5924186706543 24.66826057434082 375.6419372558594
v 36.287227630615234 21.56429100036621 374.70208740234375
v 33.12770462036133 23.704378128051758 527.4290771484375
v 33.22017288208008 23.753843307495117 530.201904296875
v 33.44786834716797 24.54020881652832 519.8233032226562
v 33.75477600097656 26.057172775268555 512.8596801757812
v 32.95832061767578 26.892961502075195 510.8766784667969
v 33.22898864746094 27.212779998779297 526.974853515625
v 33.50927734375 27.242591857910156 529.912353515625
v 34.70201873779297 26.582847595214844 275.8150634765625
v 33.38851547241211 28.518163681030273 504.934326171875
v 33.44851303100586 27.102943420410156 522.64013671875
v 32.777809143066406 31.338104248046875 492.6509704589844
v 36.930240631103516 33.154598236083984 379.888671875
v 33.036617279052734 30.951766967773438 509.80615234375
v 33.23674011230469 32.10841751098633 504.0732727050781
v 33.176231384277344 32.68340301513672 492.7879638671875
v 33.347930908203125 32.94475555419922 551.4188232421875
v 33.03030776977539 33.37615203857422 497.1151123046875
v 33.377071380615234 35.26344299316406 554.7229614257812
v 33.89715576171875 36.56209945678711 282.783935546875
v 34.600093841552734 42.07985305786133 248.1448211669922
v 34.1641731262207 42.62259292602539 285.0538330078125
v 33.635005950927734 45.09754180908203 284.5451354980469
v 33.694828033447266 49.97157669067383 258.4542541503906
v 33.27228546142578 53.6004638671875 280.25701904296875
v 34.56689453125 -33.7296142578125 123.18701171875
v 34.015472412109375 -30.571781158447266 142.22756958007812
v 33.819847106933594 -26.966333389282227 95.7519302368164
v 34.45177459716797 -27.84140968322754 151.9176788330078
v 34.16651153564453 -25.49798583984375 95.70018768310547
v 34.64980697631836 -24.417844772338867 65.09281158447266
v 34.073760986328125 -23.901695251464844 69.58910369873047
v 33.963382720947266 -21.046491622924805 95.92430877685547
v 33.86682891845703 -17.52641487121582 53.90033721923828
v 34.61838150024414 -18.977882385253906 98.32866668701172
v 34.247623443603516 -15.58633041381836 183.61947631835938
v 34.56924057006836 -15.161565780639648 71.30614471435547
v 33.58222198486328 -14.132123947143555 54.951751708984375
v 34.6980094909668 -14.349384307861328 131.72442626953125
v 34.40058135986328 -8.849074363708496 197.76580810546875
v 34.93034744262695 -7.910222053527832 152.67593383789062
v 35.05048751831055 -5.549095153808594 158.64251708984375
v 34.25702667236328 -1.4961737394332886 227.2272186279297
v 34.372108459472656 -0.7431282997131348 552.0328979492188
v 34.703067779541016 0.17516709864139557 230.7165069580078
v 34.45796585083008 0.1816825419664383 547.2384643554688
v 33.98809051513672 2.014223575592041 575.72998046875
v 33.854026794433594 1.6208635568618774 235.22262573242188
v 34.77257537841797 1.1661347150802612 182.23348999023438
v 34.1645393371582 3.7125046253204346 536.671630859375
v 34.8067741394043 5.992037296295166 532.79541015625
v 35.739295959472656 7.223677158355713 387.9366455078125
v 34.81917953491211 7.128968715667725 532.4411010742188
v 33.71125030517578 6.988591194152832 533.3438110351562
v 34.6607780456543 16.77322769165039 209.9707794189453
v 34.14589309692383 20.937145233154297 406.5774841308594
v 34.66477966308594 22.158287048339844 412.7179260253906
v 33.91609191894531 21.500930786132812 401.15380859375
v 33.97050476074219 23.793474197387695 525.0465698242188
v 33.51306915283203 23.707229614257812 522.7550659179688
v 33.70584487915039 24.645971298217773 532.5590209960938
v 33.860595703125 25.5828857421875 517.6334838867188
v 33.92948913574219 25.6307430267334 515.481689453125
v 33.61895751953125 26.081497192382812 532.281494140625
v 33.90294647216797 29.282745361328125 497.46331787109375
v 33.87657928466797 29.533214569091797 518.0152587890625
v 33.64203643798828 29.9256649017334 492.18597412109375
v 33.01265335083008 30.97092056274414 491.32763671875
v 33.263572692871094 32.43517303466797 490.78057861328125
v 33.739044189453125 30.767297744750977 489.5885314941406
v 33.52900314331055 31.8568172454834 506.7057189941406
v 34.80605697631836 31.172983169555664 400.39630126953125
v 33.498321533203125 33.10010528564453 501.6626892089844
v 33.64872360229492 33.490020751953125 494.1183166503906
v 34.07626724243164 34.16176223754883 554.91650390625
v 33.64391326904297 35.25309753417969 397.20361328125
v 34.9583854675293 36.02324676513672 550.8009643554688
v 33.99708557128906 37.09886932373047 386.3130187988281
v 34.74454116821289 36.791717529296875 239.04847717285156
v 34.507415771484375 39.89180374145508 284.5095520019531
v 34.814056396484375 46.62888717651367 253.48048400878906
v 34.36095428466797 50.04585266113281 285.11846923828125
v 34.05336380004883 55.4411735534668 267.52191162109375
v 34.38950729370117 56.215763092041016 278.1081237792969
v 34.48585510253906 56.726497650146484 271.461669921875
v 34.77381134033203 -30.82176971435547 139.44808959960938
v 34.46554183959961 -32.244781494140625 134.3035125732422
v 34.49260711669922 -26.37080192565918 155.28253173828125
v 34.68083190917969 -24.206546783447266 67.72482299804688
v 34.270599365234375 -23.570158004760742 95.64700317382812
v 34.858642578125 -22.739028930664062 70.62091827392578
v 34.531620025634766 -23.69917869567871 165.77183532714844
v 34.489566802978516 -21.958740234375 73.32714080810547
v 34.65242004394531 -20.88221549987793 73.57466888427734
v 34.92321014404297 -20.117387771606445 172.4150390625
v 34.13459777832031 -19.534435272216797 96.93438720703125
v 34.46528625488281 -19.08335304260254 74.13569641113281
v 34.61455535888672 -17.684406280517578 177.17691040039062
v 35.32592010498047 -13.553504943847656 51.782554626464844
v 34.48284912109375 -15.18733024597168 104.87803649902344
v 34.226844787597656 -13.20325756072998 189.88235473632812
v 34.537109375 -14.678513526916504 126.93287658691406
v 34.26898956298828 -12.436502456665039 55.422386169433594
v 34.57130813598633 -11.755165100097656 56.52735137939453
v 34.8948860168457 -11.931486129760742 59.781673431396484
v 34.74348068237305 -13.378705024719238 135.1260528564453
v 34.18541717529297 -8.038495063781738 200.27432250976562
v 35.12820816040039 -10.263740539550781 145.7036590576172
v 34.19999694824219 -7.938141345977783 201.2362823486328
v 34.87909698486328 -4.423409938812256 161.41720581054688
v 34.41987991333008 -2.570619821548462 222.958251953125
v 34.280677795410156 -3.691744804382324 167.7661590576172
v 35.096954345703125 -0.9499718546867371 550.1842041015625
v 34.710594177246094 -0.7006036043167114 547.7127685546875
v 34.43060302734375 -0.10390520095825195 177.8028564453125
v 35.60724639892578 1.3678333759307861 232.4658966064453
v 35.256736755371094 1.079563856124878 554.9794311523438
v 35.11350631713867 1.1712110042572021 574.2819213867188
v 34.424198150634766 1.7888126373291016 574.7245483398438
v 34.89312744140625 2.208852767944336 576.8751220703125
v 34.80790328979492 3.297839403152466 551.6685791015625
v 34.884613037109375 4.357288837432861 240.4381866455078
v 35.437713623046875 6.858938217163086 535.939697265625
v 34.46500015258789 8.15051555633545 534.7821044921875
v 34.37062454223633 7.965628623962402 195.37774658203125
v 35.81386947631836 10.719870567321777 252.26437377929688
v 34.67164611816406 12.266643524169922 203.0692596435547
v 35.05258560180664 10.014368057250977 200.52391052246094
v 38.42314910888672 14.948012351989746 377.3062744140625
v 34.89145278930664 13.816433906555176 205.9721221923828
v 34.804832458496094 14.421910285949707 258.7307434082031
v 34.405548095703125 15.278590202331543 402.7331237792969
v 34.41313171386719 17.33079719543457 410.8085632324219
v 34.83914566040039 18.154146194458008 212.17337036132812
v 35.07163619995117 21.369178771972656 268.6822204589844
v 34.30877685546875 20.678695678710938 401.9373474121094
v 33.8625373840332 21.101306915283203 403.92620849609375
v 37.26327133178711 24.130599975585938 401.76617431640625
v 34.17293167114258 23.716575622558594 532.0856323242188
v 33.94424057006836 26.803911209106445 511.1401062011719
v 35.14187240600586 26.548877716064453 532.857666015625
v 34.373661041259766 27.917505264282227 506.8179016113281
v 34.44065475463867 27.328645706176758 528.9395751953125
v 34.089115142822266 28.40317153930664 504.1290283203125
v 35.99130630493164 30.24687957763672 279.7706604003906
v 34.185333251953125 30.8363037109375 510.4945373535156
v 33.928524017333984 31.72909164428711 486.853759765625
v 34.696746826171875 32.98591613769531 231.9363250732422
v 33.76482391357422 32.673980712890625 490.09991455078125
v 34.54878234863281 32.39008331298828 552.2979736328125
v 34.6608772277832 32.506893157958984 553.4779663085938
v 34.25569152832031 33.369022369384766 491.89288330078125
v 33.919158935546875 33.52983093261719 498.0195007324219
v 34.26254653930664 34.37567901611328 550.5841674804688
v 35.384010314941406 37.084922790527344 384.2662353515625
v 34.610652923583984 47.95756530761719 285.8948059082031
v 34.428733825683594 52.91120529174805 283.72955322265625
v 35.509761810302734 53.85771942138672 262.6095275878906
v 34.6881103515625 55.07868194580078 281.78668212890625
v 35.41558837890625 55.762245178222656 265.8168640136719
v 35.47612380981445 -32.88275909423828 107.94631958007812
v 35.12823486328125 -32.75019836425781 112.4547119140625
v 35.37320327758789 -32.19381332397461 130.95347595214844
v 35.14420700073242 -29.3073673248291 145.0068359375
v 35.72938919067383 -28.85101890563965 99.44317626953125
v 35.113433837890625 -25.68015480041504 157.72364807128906
v 34.874603271484375 -23.91585922241211 63.5593147277832
v 35.075687408447266 -21.557531356811523 169.79193115234375
v 34.894996643066406 -19.098812103271484 174.59188842773438
v 34.98080825805664 -16.578371047973633 179.07229614257812
v 35.01677703857422 -17.318275451660156 100.40579986572266
v 35.60333251953125 -15.171889305114746 51.06388473510742
v 35.0040397644043 -14.940168380737305 182.19927978515625
v 35.268951416015625 -16.34457015991211 103.08588409423828
v 34.691165924072266 -15.146197319030762 108.1917953491211
v 35.27341842651367 -14.668025970458984 123.58808135986328
v 35.464210510253906 -14.787867546081543 125.98036193847656
v 35.9626350402832 -11.775367736816406 51.775726318359375
v 35.14888000488281 -12.525313377380371 62.56528854370117
v 35.34063720703125 -6.439614772796631 156.19964599609375
v 34.49845886230469 -5.577906131744385 208.08119201660156
v 35.335838317871094 -2.736834764480591 215.27078247070312
v 35.05702209472656 -3.190147638320923 215.96730041503906
v 35.175357818603516 3.4689958095550537 238.30784606933594
v 34.81321716308594 2.4126930236816406 184.88197326660156
v 34.5450439453125 4.6146240234375 534.0548706054688
v 39.72744369506836 14.3346529006958 378.9359130859375
v 34.99091339111328 16.68401336669922 261.92626953125
v 34.795711517333984 16.269439697265625 405.12841796875
v 34.96657943725586 16.506134033203125 407.7919006347656
v 34.97968673706055 20.520456314086914 215.73570251464844
v 34.53339385986328 21.759613037109375 409.59234619140625
v 35.69781494140625 22.61015510559082 270.5838623046875
v 34.60008239746094 24.034385681152344 522.6773071289062
v 34.625770568847656 23.908571243286133 527.8948974609375
v 34.97885513305664 23.334678649902344 531.0117797851562
v 34.94004440307617 25.931642532348633 222.1874542236328
v 35.68930435180664 27.267526626586914 224.72763061523438
v 34.516876220703125 26.812118530273438 522.3494262695312
v 34.561241149902344 26.917192459106445 526.5463256835938
v 34.98444366455078 29.778528213500977 227.74517822265625
v 34.77688217163086 29.404909133911133 493.77978515625
v 34.85757827758789 29.829246520996094 489.7552185058594
v 34.503929138183594 30.469938278198242 513.5303344726562
v 34.707191467285156 31.97943878173828 506.1866760253906
v 34.07378387451172 31.477783203125 483.9833679199219
v 33.807857513427734 32.371498107910156 484.59405517578125
v 34.97062683105469 32.310054779052734 503.7969665527344
v 34.40514373779297 33.1927490234375 487.4854736328125
v 34.227020263671875 33.451271057128906 485.10772705078125
v 34.4940185546875 33.128173828125 501.5693359375
v 34.78984451293945 33.4383544921875 399.7537841796875
v 34.99434280395508 33.923667907714844 480.77862548828125
v 34.608917236328125 33.56312561035156 494.86993408203125
v 34.68170166015625 33.36393356323242 550.8916625976562
v 35.582130432128906 34.30774688720703 282.8493347167969
v 36.56623458862305 37.04780197143555 553.19921875
v 36.99662780761719 41.79619216918945 394.1108093261719
v 37.59440612792969 42.77091598510742 391.8634338378906
v 36.50834655761719 41.49129867553711 247.60659790039062
v 35.085777282714844 41.63783264160156 285.7395324707031
v 35.380226135253906 44.624176025390625 250.94583129882812
v 34.942352294921875 42.80571365356445 285.562744140625
v 35.090660095214844 45.76184844970703 286.4603576660156
v 34.848880767822266 52.013675689697266 260.2786865234375
v 35.39198684692383 -32.95474624633789 120.45292663574219
v 35.4665412902832 -33.14345169067383 125.206787109375
v 35.75659942626953 -32.11589050292969 115.34176635742188
v 35.34930419921875 -31.190654754638672 101.57304382324219
v 35.439002990722656 -28.596057891845703 148.34161376953125
v 35.74884033203125 -23.786243438720703 60.16994094848633
v 35.228302001953125 -21.85500717163086 97.3927993774414
v 35.32011413574219 -20.77924919128418 54.57453536987305
v 35.411338806152344 -17.280763626098633 71.93172454833984
v 35.72770690917969 -14.844547271728516 179.97604370117188
v 35.355735778808594 -16.028648376464844 110.96224975585938
v 34.877201080322266 -14.37533950805664 68.56067657470703
v 35.49592971801758 -13.043128967285156 187.1140594482422
v 36.04007339477539 -13.53825569152832 136.7100067138672
v 35.22712707519531 -11.055251121520996 57.547454833984375
v 35.376285552978516 -12.490952491760254 139.02569580078125
v 35.13357925415039 -11.45230770111084 143.04298400878906
v 35.8958854675293 -4.817043781280518 164.42071533203125
v 36.08468246459961 -0.3807104825973511 226.58457946777344
v 35.63672637939453 -0.5044209361076355 551.8585815429688
v 36.18288040161133 1.5982658863067627 577.3875122070312
v 35.79039764404297 2.374420166015625 556.5010986328125
v 35.118099212646484 2.899036169052124 188.46266174316406
v 35.676231384277344 4.132088661193848 555.2960815429688
v 35.93768310546875 7.8984527587890625 246.81459045410156
v 35.453758239746094 8.279114723205566 535.033447265625
v 35.79597854614258 8.494658470153809 248.50552368164062
v 35.344383239746094 7.678921699523926 197.4447784423828
v 35.985443115234375 9.485091209411621 532.8032836914062
v 35.17963790893555 15.729211807250977 399.26141357421875
v 34.948158264160156 17.091276168823242 409.6846008300781
v 35.114479064941406 20.396970748901367 406.2086181640625
v 35.11051940917969 20.346561431884766 400.9956970214844
v 35.23859405517578 20.910457611083984 414.46929931640625
v 35.385128021240234 22.719127655029297 411.4414367675781
v 35.7167854309082 22.01932716369629 217.99124145507812
v 34.849185943603516 26.411762237548828 518.2723388671875
v 36.09605026245117 25.199445724487305 534.0291137695312
v 35.006446838378906 26.433807373046875 513.627197265625
v 34.954185485839844 27.34632110595703 511.3814697265625
v 35.171669006347656 25.716156005859375 521.62060546875
v 34.897891998291016 27.596485137939453 519.4832153320312
v 34.68843078613281 29.110645294189453 517.3197631835938
v 34.97088623046875 28.651752471923828 503.2882080078125
v 34.92525100708008 29.578937530517578 497.0968933105469
v 35.02439880371094 30.42386245727539 486.7238464355469
v 34.99256896972656 30.655269622802734 483.65020751953125
v 34.8469352722168 32.472503662109375 480.562744140625
v 34.851070404052734 30.799713134765625 509.3535461425781
v 34.86072540283203 33.34314727783203 498.04931640625
v 35.93363571166992 34.217403411865234 234.78091430664062
v 37.28374481201172 35.68305587768555 550.2633056640625
v 36.7155876159668 35.30616760253906 554.4027099609375
v 36.12910461425781 35.565834045410156 237.51907348632812
v 36.35742950439453 37.65902328491211 241.5265350341797
v 37.82045364379883 41.80763626098633 396.4790344238281
v 35.72482681274414 39.078983306884766 243.90093994140625
v 35.28323745727539 56.79131317138672 279.9595031738281
v 35.54199981689453 58.065982818603516 275.5791320800781
v 35.996978759765625 58.16368865966797 271.7209777832031
v 35.97685241699219 -32.495784759521484 117.49676513671875
v 35.93759536743164 -31.896425247192383 104.48558807373047
v 36.06678009033203 -31.51142692565918 133.98825073242188
v 36.44199752807617 -26.697662353515625 99.20989990234375
v 36.58229446411133 -23.568187713623047 161.5955352783203
v 37.01105499267578 -23.837358474731445 61.320045471191406
v 36.798248291015625 -22.163888931274414 55.391685485839844
v 35.78632736206055 -22.871849060058594 165.6070098876953
v 36.18000411987305 -20.64916229248047 70.4809341430664
v 36.52522277832031 -19.044450759887695 70.29539489746094
v 35.95110321044922 -16.62078857421875 50.90504837036133
v 36.05341339111328 -15.864532470703125 116.8436050415039
v 35.76530838012695 -13.997554779052734 182.7316131591797
v 36.02317810058594 -15.808083534240723 69.27324676513672
v 36.47406768798828 -15.164066314697266 122.14936828613281
v 36.59638595581055 -12.916407585144043 63.74304962158203
v 36.11365509033203 -10.717780113220215 59.02123260498047
v 36.03380584716797 -10.757906913757324 189.7101287841797
v 35.803646087646484 -9.270484924316406 151.1731719970703
v 36.092044830322266 -5.61476469039917 199.19146728515625
v 35.308258056640625 -6.758321762084961 200.35121154785156
v 35.685455322265625 -4.882848262786865 168.41265869140625
v 35.334354400634766 -3.609652280807495 175.02587890625
v 35.65232467651367 -1.467915415763855 178.21116638183594
v 36.95393371582031 0.6837854981422424 576.9236450195312
v 36.10033416748047 0.13153721392154694 550.73046875
v 36.05705642700195 2.3911359310150146 233.9221649169922
v 36.46009063720703 3.1687395572662354 551.8596801757812
v 35.27978515625 3.069052219390869 555.94189453125
v 37.58837127685547 3.9968249797821045 575.3094482421875
v 36.63621520996094 3.3229892253875732 576.2064819335938
v 35.738346099853516 4.049747943878174 553.2050170898438
v 35.398677825927734 3.554446220397949 190.7704315185547
v 36.049278259277344 5.362534999847412 534.5346069335938
v 35.56770324707031 5.773482799530029 535.9299926757812
v 35.61228942871094 6.15298318862915 195.49594116210938
v 37.92227554321289 8.927818298339844 385.0903625488281
v 36.42802429199219 9.19504451751709 531.3079833984375
v 36.20193099975586 9.25857925415039 201.91038513183594
v 36.29007339477539 13.684252738952637 208.06082153320312
v 35.285282135009766 16.937419891357422 403.0308837890625
v 35.634307861328125 16.99891471862793 406.66021728515625
v 35.636390686035156 17.637187957763672 412.024658203125
v 36.113895416259766 18.582054138183594 413.5291442871094
v 35.62083053588867 19.84149742126465 414.6195983886719
v 35.352386474609375 18.761608123779297 402.5802001953125
v 35.50868225097656 18.84506607055664 401.0270690917969
v 35.94186019897461 21.13542938232422 408.87420654296875
v 36.55636978149414 23.27753257751465 414.06585693359375
v 35.80443572998047 24.00859832763672 530.085205078125
v 36.48415756225586 23.347957611083984 533.0447998046875
v 35.14986038208008 24.536083221435547 527.5565185546875
v 36.34488296508789 24.12421989440918 533.9971313476562
v 36.78438186645508 25.236526489257812 275.0967102050781
v 35.22951126098633 25.11086082458496 524.1790771484375
v 35.37083435058594 27.17024803161621 515.7373657226562
v 35.38841247558594 25.701175689697266 527.2770385742188
v 35.29128646850586 27.012622833251953 531.0209350585938
v 35.389705657958984 28.527597427368164 508.0843200683594
v 35.355594635009766 28.467302322387695 506.34466552734375
v 35.55830764770508 29.04844856262207 503.7209777832031
v 35.37013244628906 28.363672256469727 516.232666015625
v 35.390716552734375 29.661296844482422 513.6495361328125
v 35.20865249633789 30.05917739868164 510.1514892578125
v 35.36613082885742 31.805431365966797 480.4748840332031
v 36.015838623046875 31.357711791992188 401.3373107910156
v 35.369449615478516 32.17350387573242 479.1365966796875
v 34.82189178466797 32.96428680419922 478.8874816894531
v 35.47182846069336 32.649818420410156 501.4028625488281
v 36.850685119628906 31.06012725830078 281.2211608886719
v 35.48554611206055 34.50739669799805 476.5438537597656
v 35.529911041259766 33.676002502441406 476.4239501953125
v 34.81899642944336 34.2379264831543 479.30450439453125
v 35.18393325805664 34.09612274169922 484.728759765625
v 35.34526443481445 33.566184997558594 488.2506408691406
v 35.436744689941406 33.421302795410156 491.590087890625
v 35.82597732543945 33.31779861450195 493.7398681640625
v 37.24131774902344 34.034629821777344 235.9138946533203
v 36.06660842895508 37.10908508300781 551.96728515625
v 36.499019622802734 38.11104202270508 285.2607421875
v 37.000064849853516 40.947940826416016 387.5713195800781
v 37.50145721435547 49.840599060058594 256.20733642578125
v 36.326805114746094 52.39500045776367 259.6252746582031
v 36.045997619628906 53.521270751953125 285.8562927246094
v 37.002586364746094 58.1101188659668 269.2904968261719
v 36.359642028808594 -31.41902732849121 110.94037628173828
v 36.672882080078125 -30.18320083618164 137.571533203125
v 36.21997833251953 -29.752866744995117 141.35659790039062
v 36.640960693359375 -26.389846801757812 152.3507537841797
v 35.9660530090332 -24.449426651000977 98.08405303955078
v 36.761409759521484 -24.71331214904785 155.35040283203125
v 36.1274528503418 -23.34113121032715 67.29920959472656
v 37.02867889404297 -21.855743408203125 68.09748077392578
v 36.266075134277344 -18.342144012451172 51.535552978515625
v 36.18169021606445 -19.549448013305664 99.88583374023438
v 35.9321174621582 -15.952237129211426 176.92654418945312
v 36.36583709716797 -16.939664840698242 105.27577209472656
v 36.13447952270508 -16.429298400878906 108.04074096679688
v 36.0916862487793 -15.543817520141602 126.93717956542969
v 36.618682861328125 -10.102644920349121 52.6498908996582
v 36.75456619262695 -12.344279289245605 143.216552734375
v 35.72510528564453 -7.17679500579834 196.7206573486328
v 35.889190673828125 -4.034207820892334 207.2233123779297
v 36.370018005371094 -5.485398769378662 162.01112365722656
v 36.20726013183594 -2.5602731704711914 211.80413818359375
v 36.358638763427734 -1.6837700605392456 218.49005126953125
v 36.49643325805664 -0.8085505366325378 223.3760528564453
v 36.62532043457031 0.5625907778739929 554.3059692382812
v 36.81414794921875 0.9952496290206909 574.3043823242188
v 36.04720687866211 0.9022047519683838 185.8055419921875
v 36.330413818359375 0.9936190247535706 189.3108673095703
v 36.969032287597656 14.53710651397705 257.85589599609375
v 35.686912536621094 17.065914154052734 399.8547058105469
v 35.69457244873047 18.02560043334961 404.8281555175781
v 36.048805236816406 17.72463035583496 409.3642272949219
v 35.5733528137207 19.44071388244629 405.2740783691406
v 37.72991180419922 21.9733829498291 269.88006591796875
v 36.2491455078125 22.34015655517578 410.4068603515625
v 36.202125549316406 25.115886688232422 529.8533325195312
v 40.24070739746094 29.62187385559082 377.93438720703125
v 35.7568359375 27.76846694946289 513.3577880859375
v 35.977760314941406 26.299198150634766 530.1364135742188
v 37.3511962890625 26.455039978027344 533.3739624023438
v 35.54389953613281 28.669429779052734 511.316650390625
v 37.07212448120117 28.590354919433594 227.91470336914062
v 38.782230377197266 31.267610549926758 378.5242919921875
v 37.150028228759766 28.355205535888672 402.05731201171875
v 35.540626525878906 29.52996826171875 509.1611633300781
v 35.80504608154297 29.802589416503906 491.12615966796875
v 36.27022171020508 30.05643081665039 493.5240783691406
v 35.55821990966797 30.09204864501953 496.8161926269531
v 35.95624542236328 30.77541160583496 506.2987060546875
v 35.65617752075195 32.8706169128418 496.0227355957031
v 36.89624786376953 34.09889221191406 554.1640625
v 35.17020034790039 34.90657043457031 471.9706726074219
v 36.011531829833984 33.65127944946289 469.62225341796875
v 35.19956970214844 34.68839645385742 469.58135986328125
v 35.59708023071289 34.20899200439453 473.3867492675781
v 36.14009475708008 34.5956916809082 481.2314147949219
v 35.6628532409668 35.67606735229492 474.0162658691406
v 35.6916389465332 35.03822708129883 479.31903076171875
v 35.59409713745117 36.12468719482422 470.7807312011719
v 35.25668716430664 35.8411750793457 472.1494140625
v 35.80940628051758 36.438594818115234 468.7289123535156
v 35.6604118347168 35.65309524536133 467.5320129394531
v 38.570457458496094 39.82203674316406 399.6896667480469
v 36.8431282043457 41.66225051879883 390.03173828125
v 36.54599380493164 39.779701232910156 286.18572998046875
v 36.6085319519043 44.76190185546875 287.8374938964844
v 36.84122085571289 49.785072326660156 288.2888488769531
v 37.2742805480957 49.202091217041016 255.8491668701172
v 36.173282623291016 52.0003547668457 286.8477783203125
v 35.98281478881836 55.535240173339844 283.8600158691406
v 36.671836853027344 58.738555908203125 277.48046875
v 36.68962097167969 -32.3298225402832 122.87455749511719
v 37.203426361083984 -31.417448043823242 120.08433532714844
v 36.985740661621094 -28.58175277709961 101.43080139160156
v 36.99239730834961 -27.72459602355957 147.95790100097656
v 37.86474609375 -23.104827880859375 57.340999603271484
v 36.47235870361328 -23.245349884033203 64.8338394165039
v 36.495059967041016 -21.04950714111328 99.36753845214844
v 36.64067459106445 -20.29644203186035 169.22235107421875
v 36.5390510559082 -18.12819480895996 172.4262237548828
v 37.21669387817383 -18.626827239990234 103.70767211914062
v 36.45881652832031 -17.42316246032715 69.98567199707031
v 37.362579345703125 -16.028047561645508 131.71080017089844
v 36.68321990966797 -14.984183311462402 133.63455200195312
v 36.60506057739258 -12.664974212646484 180.05670166015625
v 37.057579040527344 -11.794110298156738 61.69945526123047
v 37.16166687011719 -11.308073043823242 146.58558654785156
v 36.73566818237305 -9.509734153747559 152.65365600585938
v 37.40015411376953 -8.827925682067871 154.74484252929688
v 36.41048049926758 -5.798435688018799 196.12950134277344
v 36.75751495361328 -6.172683238983154 168.828857421875
v 36.462799072265625 -2.6860158443450928 178.61863708496094
v 37.683170318603516 2.256970167160034 229.76889038085938
v 37.214691162109375 2.136275291442871 552.0023803710938
v 36.67268371582031 2.2191874980926514 574.1148071289062
v 36.32239532470703 2.756377696990967 574.5950317382812
v 36.360347747802734 1.8554679155349731 191.66555786132812
v 36.831092834472656 3.3950154781341553 558.1930541992188
v 36.87386703491211 5.007303237915039 239.23988342285156
v 37.27461242675781 4.777226448059082 555.8148803710938
v 36.56354522705078 3.8907687664031982 195.52113342285156
v 37.81945037841797 6.8378095626831055 532.8854370117188
v 36.63292694091797 6.492056369781494 532.3446655273438
v 38.64487838745117 9.417444229125977 387.3396911621094
v 37.35139846801758 7.443576335906982 531.1351318359375
v 36.62779235839844 7.792969226837158 201.53073120117188
v 36.551063537597656 8.40501880645752 531.0408325195312
v 38.14341735839844 9.951871871948242 249.19082641601562
v 37.52908706665039 9.977747917175293 533.17919921875
v 36.85416030883789 10.981281280517578 206.33920288085938
v 36.65557098388672 12.371183395385742 254.017333984375
v 36.68086624145508 14.61733341217041 210.494873046875
v 36.76534652709961 16.680274963378906 261.29986572265625
v 36.852108001708984 17.892370223999023 214.7263946533203
v 35.9560432434082 18.59456443786621 400.42315673828125
v 36.447566986083984 19.924074172973633 408.5184020996094
v 37.2795524597168 19.384910583496094 217.17282104492188
v 36.42967224121094 21.942472457885742 416.0588073730469
v 36.717498779296875 23.101131439208984 415.48712158203125
v 36.83219528198242 23.29876136779785 532.012451171875
v 36.971309661865234 24.815034866333008 222.7952117919922
v 35.93617630004883 29.373950958251953 506.4382019042969
v 36.0156135559082 29.858327865600586 502.87188720703125
v 36.23725509643555 30.44761085510254 486.2398681640625
v 36.08610916137695 30.544424057006836 483.6120910644531
v 36.17573928833008 31.174175262451172 495.7677917480469
v 36.101192474365234 30.847858428955078 499.5198669433594
v 36.9229621887207 31.931678771972656 232.04098510742188
v 36.02750778198242 31.812719345092773 500.939697265625
v 36.06260299682617 33.812889099121094 474.0273132324219
v 36.61899948120117 33.06481170654297 551.9136352539062
v 36.23653030395508 33.3374137878418 489.0029296875
v 35.83651351928711 34.60942077636719 467.72198486328125
v 36.63254928588867 33.91828918457031 484.8296203613281
v 36.02518081665039 35.197235107421875 476.82147216796875
v 35.988258361816406 36.10531997680664 464.8784484863281
v 36.38054656982422 34.88722229003906 464.90667724609375
v 36.661109924316406 36.228511810302734 554.1361083984375
v 36.08192825317383 36.675872802734375 471.9079284667969
v 36.61371994018555 40.45588684082031 286.1456604003906
v 37.169517517089844 42.711856842041016 287.7345886230469
v 37.952396392822266 42.97716522216797 249.33837890625
v 36.75106430053711 58.07341003417969 280.9583740234375
v 36.5243034362793 58.5641975402832 275.4350280761719
v 37.43120574951172 -31.598962783813477 125.68653869628906
v 36.94313049316406 -31.174423217773438 130.35646057128906
v 37.2907829284668 -30.7523193359375 107.6654281616211
v 37.5145149230957 -29.52389144897461 104.08128356933594
v 37.130401611328125 -28.106916427612305 144.90623474121094
v 36.83412551879883 -23.975162506103516 99.08564758300781
v 37.214534759521484 -24.108871459960938 157.1326904296875
v 37.64199447631836 -23.195932388305664 158.65814208984375
v 37.23879623413086 -21.610347747802734 165.1835174560547
v 37.223812103271484 -20.47748565673828 52.873748779296875
v 36.90251541137695 -17.780550003051758 110.89210510253906
v 36.87227249145508 -16.850975036621094 116.08106994628906
v 37.98826217651367 -16.719205856323242 121.99536895751953
v 36.976524353027344 -14.058846473693848 176.3087921142578
v 38.08500671386719 -13.949638366699219 64.65894317626953
v 37.2655029296875 -13.620901107788086 139.2089080810547
v 37.011573791503906 -11.93283462524414 181.74098205566406
v 37.47825622558594 -11.673490524291992 49.21882629394531
v 37.015907287597656 -10.318394660949707 186.81654357910156
v 37.702110290527344 -9.002792358398438 56.15748977661133
v 36.910919189453125 -6.348826885223389 173.21775817871094
v 36.37641525268555 -5.220492362976074 175.94183349609375
v 36.998199462890625 -1.4596977233886719 210.97216796875
v 37.514442443847656 -0.33911824226379395 214.39486694335938
v 38.0970458984375 1.0139381885528564 224.07289123535156
v 38.14920425415039 0.634941041469574 575.542236328125
v 37.585479736328125 1.593274712562561 552.8817749023438
v 36.807743072509766 1.3950499296188354 556.3920288085938
v 37.6314811706543 3.0611634254455566 576.7919311523438
v 37.4881477355957 4.413466453552246 236.8712921142578
v 37.34230422973633 4.602077960968018 558.0916137695312
v 37.82345199584961 6.573974609375 241.68972778320312
v 36.927921295166016 8.692902565002441 534.5226440429688
v 37.16340255737305 15.861087799072266 212.8336181640625
v 36.555137634277344 18.86090850830078 408.72235107421875
v 37.04555130004883 18.040382385253906 411.1307373046875
v 37.14204406738281 18.366500854492188 412.46630859375
v 37.77786636352539 20.798099517822266 267.79632568359375
v 37.198360443115234 20.893659591674805 416.9066467285156
v 38.390350341796875 23.955373764038086 414.1901550292969
v 37.63028335571289 24.177078247070312 531.2149658203125
v 37.89730453491211 25.13689613342285 534.6441650390625
v 37.65302276611328 28.593101501464844 278.9505615234375
v 36.158443450927734 30.623638153076172 502.7507019042969
v 36.52317428588867 30.22681427001953 490.2303466796875
v 36.90910720825195 31.223833084106445 491.7105712890625
v 36.81639862060547 31.716909408569336 493.74566650390625
v 36.628780364990234 31.3122615814209 481.0864562988281
v 36.88054656982422 33.2366828918457 474.4745178222656
v 38.203067779541016 32.13832473754883 282.72564697265625
v 36.55485916137695 32.6127815246582 491.7582092285156
v 36.6515007019043 33.669044494628906 472.3925476074219
v 36.61715316772461 33.81107711791992 467.8309326171875
v 35.743385314941406 36.28879928588867 463.95556640625
v 36.76840591430664 34.58035659790039 463.4335021972656
v 36.87811279296875 35.0467414855957 479.4501037597656
v 37.67844772338867 36.5594596862793 381.8643798828125
v 36.570980072021484 35.591156005859375 461.5138244628906
v 36.83464431762695 35.45941162109375 476.9972229003906
v 38.36334991455078 35.08168029785156 239.0196075439453
v 36.772216796875 36.249420166015625 474.97796630859375
v 36.140769958496094 37.25689697265625 459.1473693847656
v 36.098793029785156 36.51844024658203 461.9419250488281
v 36.765342712402344 35.7210693359375 458.7784423828125
v 37.00669479370117 36.32748794555664 473.70635986328125
v 36.958099365234375 37.67727279663086 465.3041687011719
v 36.71887969970703 37.206695556640625 468.29754638671875
v 36.9117317199707 36.80302810668945 470.70477294921875
v 36.279483795166016 37.700313568115234 463.1069641113281
v 36.60908889770508 38.653053283691406 459.59820556640625
v 37.83905792236328 38.24678039550781 243.89508056640625
v 37.90324783325195 39.679622650146484 384.44183349609375
v 37.84480285644531 47.818687438964844 289.35357666015625
v 38.17022705078125 56.269046783447266 263.8296813964844
v 37.74711227416992 -30.338523864746094 116.77218627929688
v 37.919822692871094 -30.162900924682617 133.2041015625
v 37.672176361083984 -29.70309066772461 115.1180648803711
v 38.01511764526367 -28.185909271240234 142.1951904296875
v 37.28131866455078 -22.55105972290039 65.42467498779297
v 37.578548431396484 -19.392820358276367 51.08357620239258
v 37.578895568847656 -20.69103240966797 102.0377197265625
v 38.540122985839844 -17.55293083190918 66.89552307128906
v 38.63608932495117 -17.641956329345703 48.58407974243164
v 37.5305290222168 -18.22821044921875 107.79509735107422
v 37.31644058227539 -15.580239295959473 173.96534729003906
v 37.34511184692383 -16.172149658203125 125.78428649902344
v 37.428466796875 -16.60849952697754 126.93106842041016
v 37.68245315551758 -14.97332763671875 48.40365219116211
v 37.85108184814453 -14.876701354980469 136.83950805664062
v 37.787681579589844 -13.81088638305664 47.91600036621094
v 37.755615234375 -10.658757209777832 60.439659118652344
v 38.12514877319336 -8.408190727233887 54.05146789550781
v 37.97064208984375 -8.624072074890137 157.11773681640625
v 37.09832000732422 -6.585448265075684 191.50079345703125
v 37.738162994384766 -7.908487319946289 159.38893127441406
v 37.30070495605469 -7.554553985595703 174.44137573242188
v 36.98948287963867 -6.879258155822754 176.837646484375
v 37.12613296508789 -3.3665988445281982 194.71665954589844
v 37.532657623291016 -6.576696872711182 165.3206329345703
v 37.004337310791016 -3.2143328189849854 197.8706512451172
v 36.98881912231445 -3.5380804538726807 199.0697479248047
v 37.10294723510742 -4.0329484939575195 179.09674072265625
v 37.27906799316406 -1.4962451457977295 205.96856689453125
v 37.08218765258789 -1.975389838218689 207.93603515625
v 37.008304595947266 -0.9983944296836853 186.7129669189453
v 37.48530197143555 0.020434193313121796 213.79660034179688
v 37.064735412597656 -1.0762641429901123 190.18736267089844
v 36.953826904296875 0.19150790572166443 192.66099548339844
v 37.803714752197266 1.3154120445251465 554.2593994140625
v 37.67042922973633 1.3334770202636719 556.238037109375
v 37.42429733276367 2.3820087909698486 558.4238891601562
v 38.11910629272461 4.519567489624023 555.364501953125
v 37.95939636230469 8.54983901977539 245.74429321289062
v 38.43968963623047 7.804005146026611 533.4346313476562
v 38.34430694580078 8.491325378417969 533.7406616210938
v 37.47467041015625 7.1024394035339355 203.1504669189453
v 37.40416717529297 10.611008644104004 530.8228149414062
v 44.89476776123047 16.276390075683594 395.098388671875
v 38.34252166748047 11.721109390258789 251.65017700195312
v 45.34794616699219 22.838340759277344 379.38543701171875
v 37.97200012207031 19.15768814086914 411.02294921875
v 38.73482894897461 22.486282348632812 411.9082946777344
v 38.207088470458984 22.619335174560547 534.7426147460938
v 38.5302848815918 25.448040008544922 531.8348388671875
v 38.153202056884766 26.184282302856445 532.3416748046875
v 37.448055267333984 30.35677719116211 402.3014221191406
v 36.92426300048828 30.984304428100586 483.7866516113281
v 37.353797912597656 32.01527786254883 479.637451171875
v 37.0562858581543 32.99282455444336 487.55877685546875
v 40.56025695800781 38.513771057128906 402.1257629394531
v 37.560916900634766 33.33686065673828 469.6138000488281
v 38.305442810058594 34.206363677978516 284.11260986328125
v 37.275657653808594 34.089599609375 465.44964599609375
v 37.42573928833008 34.41267776489258 480.33221435546875
v 38.20627212524414 35.00025939941406 550.2779541015625
v 37.07054901123047 36.63096237182617 456.9440612792969
v 37.44329833984375 36.719337463378906 471.16680908203125
v 37.049015045166016 37.821529388427734 456.70477294921875
v 38.242855072021484 36.829383850097656 550.7864990234375
v 37.022491455078125 38.43315124511719 463.58575439453125
v 38.037166595458984 40.942474365234375 397.99810791015625
v 37.94346618652344 45.10693359375 251.2759246826172
v 38.37311935424805 52.32264709472656 258.4979553222656
v 37.54847717285156 56.25627517700195 286.78509521484375
v 38.06687545776367 59.053890228271484 283.9133605957031
v 37.95515441894531 59.69803237915039 273.1426086425781
v 38.04493713378906 59.67078399658203 278.506591796875
v 38.27363204956055 -30.735626220703125 122.72862243652344
v 38.27167510986328 -30.045696258544922 119.55957794189453
v 37.52217102050781 -29.679349899291992 110.93973541259766
v 37.70962905883789 -26.278104782104492 101.44398498535156
v 38.00719451904297 -25.278522491455078 151.97544860839844
v 38.4710578918457 -23.149147033691406 62.68805694580078
v 37.96476745605469 -18.584321975708008 168.85711669921875
v 38.019134521484375 -15.194196701049805 171.69375610351562
v 37.234458923339844 -10.487903594970703 178.80230712890625
v 37.66169738769531 -10.955857276916504 175.50953674316406
v 37.83780288696289 -8.9066162109375 180.95005798339844
v 37.469032287597656 -9.500480651855469 185.1455535888672
v 38.61875915527344 -12.575536727905273 147.2549285888672
v 38.011478424072266 -11.26663589477539 152.1785430908203
v 37.299156188964844 -8.62442684173584 177.7067108154297
v 38.0914421081543 -7.3073039054870605 162.8558807373047
v 37.93075942993164 -8.46835708618164 169.6200408935547
v 37.64558029174805 -6.046830177307129 179.46096801757812
v 37.269371032714844 -4.525818824768066 192.08273315429688
v 37.19193649291992 -2.2239599227905273 192.5053253173828
v 37.447418212890625 -1.3098335266113281 198.02639770507812
v 37.35689163208008 0.4916600286960602 196.5586700439453
v 37.7988166809082 -0.30051466822624207 206.67626953125
v 37.4437255859375 -2.3021769523620605 187.86801147460938
v 37.93804168701172 0.5410871505737305 210.2640380859375
v 37.70211410522461 0.011520393192768097 218.89012145996094
v 38.34831619262695 2.2550406455993652 576.893310546875
v 37.196922302246094 2.5229058265686035 196.89732360839844
v 37.933677673339844 3.6298775672912598 232.8718719482422
v 38.164283752441406 3.481161117553711 554.09814453125
v 38.32590866088867 3.726086378097534 573.4432373046875
v 37.766666412353516 4.921894073486328 202.80459594726562
v 39.435359954833984 10.641148567199707 390.7637634277344
v 37.66708755493164 9.398664474487305 529.4175415039062
v 38.8892822265625 11.376965522766113 528.1632690429688
v 37.715980529785156 10.718901634216309 531.83349609375
v 47.81425857543945 18.46706199645996 384.6737060546875
v 38.276920318603516 11.777848243713379 210.85630798339844
v 38.62456512451172 16.983230590820312 260.5936584472656
v 38.24060821533203 19.750247955322266 416.6750183105469
v 44.3895378112793 24.27994155883789 378.5580749511719
v 39.249664306640625 22.077327728271484 401.4320373535156
v 38.47441482543945 21.151981353759766 410.9768371582031
v 39.49577331542969 23.84944725036621 414.14544677734375
v 38.521175384521484 23.29226303100586 418.55255126953125
v 39.02069854736328 21.76307487487793 533.659423828125
v 38.468570709228516 22.585983276367188 222.2309112548828
v 38.502647399902344 26.274757385253906 226.5780792236328
v 40.15831756591797 27.256671905517578 278.1307678222656
v 38.68559265136719 26.463834762573242 402.42523193359375
v 37.356040954589844 31.550649642944336 486.74603271484375
v 37.69163513183594 32.07941818237305 482.555908203125
v 37.36083984375 32.22245407104492 487.5511779785156
v 38.78976058959961 31.647491455078125 233.42665100097656
v 37.65791320800781 32.95088577270508 475.9394226074219
v 39.09090805053711 33.94807052612305 552.7811889648438
v 37.59132385253906 33.636009216308594 468.4884948730469
v 37.54581832885742 33.951866149902344 472.4632263183594
v 37.539920806884766 32.97820281982422 483.8530578613281
v 38.743675231933594 34.78466033935547 380.12835693359375
v 37.816688537597656 35.04473114013672 460.5957946777344
v 38.16920471191406 34.94294738769531 458.6890869140625
v 37.868282318115234 35.80562973022461 475.46856689453125
v 37.4150505065918 35.63588333129883 457.6627197265625
v 37.191375732421875 37.76751708984375 454.1752624511719
v 37.65656280517578 37.327205657958984 468.3460388183594
v 38.60042953491211 37.30231857299805 551.9287719726562
v 37.59600830078125 39.066612243652344 454.4258117675781
v 37.807796478271484 39.12606430053711 456.78851318359375
v 37.59028244018555 39.314002990722656 459.45281982421875
v 38.12665557861328 39.04436492919922 286.54180908203125
v 38.84014129638672 40.24449157714844 247.00938415527344
v 39.874061584472656 45.34468460083008 387.3147277832031
v 37.99649429321289 53.39283752441406 289.2100524902344
v 39.58440017700195 58.728965759277344 267.4408264160156
v 38.475685119628906 -30.526742935180664 125.3653793334961
v 38.01961898803711 -30.244504928588867 129.39450073242188
v 38.31339645385742 -28.860740661621094 107.4827880859375
v 38.35174560546875 -28.733402252197266 136.97230529785156
v 38.46485137939453 -26.35795783996582 147.85108947753906
v 38.07023620605469 -23.49952507019043 101.81706237792969
v 38.39775848388672 -22.620803833007812 155.3145751953125
v 40.043888092041016 -22.90696144104004 58.69951629638672
v 38.429534912109375 -21.27359390258789 161.8534698486328
v 38.1198844909668 -21.086345672607422 66.35836029052734
v 39.205650329589844 -21.72896957397461 53.92987060546875
v 38.27464294433594 -20.35191535949707 110.90998840332031
v 38.2481689453125 -19.305150985717773 115.37821197509766
v 38.71415710449219 -16.670896530151367 134.53607177734375
v 38.37279510498047 -16.1473388671875 66.57313537597656
v 38.088645935058594 -13.548707962036133 172.99490356445312
v 38.56915283203125 -13.992020606994629 143.3845672607422
v 39.3971061706543 -9.606749534606934 47.68400192260742
v 40.73997497558594 -7.69426965713501 56.85410690307617
v 37.6062126159668 -9.340862274169922 175.16880798339844
v 39.785072326660156 -8.457015037536621 48.9096565246582
v 38.6528434753418 -11.12551498413086 154.3567352294922
v 37.85830307006836 -7.515660285949707 184.8070831298828
v 38.03451156616211 -9.309027671813965 172.24639892578125
v 37.677738189697266 -4.892067909240723 188.8461456298828
v 37.77107238769531 -4.906440258026123 183.20314025878906
v 38.00858688354492 1.594234585762024 204.4239959716797
v 38.90391159057617 1.1128088235855103 574.4153442382812
v 38.537044525146484 1.8439480066299438 558.0171508789062
v 38.51328659057617 2.1396148204803467 573.4212646484375
v 37.9460334777832 3.5421500205993652 560.7283935546875
v 38.25468444824219 4.60914421081543 561.700927734375
v 38.127532958984375 5.058588027954102 204.39459228515625
v 38.332149505615234 8.253935813903809 529.6050415039062
v 37.96699905395508 8.152353286743164 206.70181274414062
v 39.12620544433594 9.702202796936035 532.9104614257812
v 38.43648147583008 9.408370018005371 209.4763641357422
v 38.405487060546875 13.809328079223633 213.21925354003906
v 41.115169525146484 19.14388084411621 399.8910827636719
v 38.64720153808594 17.904403686523438 217.8170928955078
v 38.28622817993164 18.69828224182129 413.9612731933594
v 38.13549041748047 19.998058319091797 410.734619140625
v 38.19763946533203 22.30835723876953 418.7068786621094
v 39.05147171020508 24.129976272583008 417.5938720703125
v 38.80411148071289 24.514022827148438 274.5790100097656
v 39.959625244140625 28.52155303955078 279.6934509277344
v 38.00675964355469 32.8060302734375 480.1219482421875
v 37.881168365478516 32.90155029296875 479.11328125
v 38.240203857421875 33.94792556762695 466.2673645019531
v 37.91460418701172 33.958404541015625 479.5718688964844
v 38.73160934448242 34.100242614746094 550.9053955078125
v 38.85832595825195 33.7410774230957 551.8362426757812
v 39.09671401977539 34.19917678833008 238.1554412841797
v 38.22200012207031 34.12986755371094 464.1138916015625
v 38.37162399291992 34.945735931396484 475.7397155761719
v 38.837867736816406 35.50711441040039 284.98077392578125
v 37.85554504394531 36.472496032714844 452.677978515625
v 38.29694366455078 35.561737060546875 454.62298583984375
v 37.90755081176758 35.90470504760742 472.6938171386719
v 37.83720397949219 38.00009536743164 452.29559326171875
v 38.87232208251953 36.4561767578125 241.7738037109375
v 38.60844421386719 38.71514892578125 463.595703125
v 38.668121337890625 37.700950622558594 286.4017639160156
v 38.347015380859375 41.07099151611328 287.9237060546875
v 39.9105110168457 44.174442291259766 384.6410827636719
v 39.63675308227539 44.699134826660156 251.0891571044922
v 37.912818908691406 53.99296569824219 261.0254211425781
v 39.67453384399414 60.36985778808594 271.6208801269531
v 38.348609924316406 59.68496322631836 273.6857604980469
v 38.6078987121582 60.15989685058594 275.1653137207031
v 38.30165100097656 -27.883329391479492 110.93608856201172
v 38.77104949951172 -27.25412940979004 114.8990707397461
v 38.53707504272461 -27.032432556152344 104.40249633789062
v 39.182952880859375 -25.9826717376709 144.5484161376953
v 38.80122756958008 -24.79998779296875 104.14945220947266
v 38.9655647277832 -21.794336318969727 156.44590759277344
v 38.702964782714844 -22.560453414916992 104.25131225585938
v 38.4182014465332 -20.589111328125 105.22786712646484
v 38.96906661987305 -19.31072235107422 164.28579711914062
v 39.07587814331055 -20.922122955322266 51.94736099243164
v 38.611656188964844 -18.95684814453125 66.88956451416016
v 38.36967086791992 -19.9776611328125 108.2868423461914
v 38.23655700683594 -18.092409133911133 118.08377075195312
v 38.48675537109375 -17.77851104736328 126.9833755493164
v 39.165157318115234 -18.275819778442383 125.71967315673828
v 39.08406066894531 -16.459760665893555 168.1241455078125
v 39.03882598876953 -18.282869338989258 121.68803405761719
v 38.47736358642578 -16.876859664916992 47.6025505065918
v 38.799739837646484 -15.239607810974121 139.15927124023438
v 39.19482421875 -11.454245567321777 46.24965286254883
v 38.55641174316406 -11.499692916870117 170.63916015625
v 39.601375579833984 -7.669649600982666 51.62541580200195
v 38.81623077392578 -8.794634819030762 166.102294921875
v 38.31966018676758 2.7013065814971924 205.32899475097656
v 38.74580764770508 1.6535966396331787 218.43919372558594
v 38.46729278564453 2.5563125610351562 208.9541778564453
v 38.76066589355469 3.3043718338012695 212.53785705566406
v 39.45463943481445 5.123878479003906 573.3489990234375
v 39.42431640625 7.031240463256836 239.158447265625
v 38.25140380859375 5.2044806480407715 558.4093627929688
v 38.57686996459961 5.324714183807373 207.8159942626953
v 39.50155258178711 10.612800598144531 527.355712890625
v 39.016456604003906 12.068904876708984 528.6221313476562
v 39.148338317871094 13.143388748168945 252.7443389892578
v 39.611080169677734 15.082779884338379 256.3280029296875
v 43.32932662963867 18.1133975982666 398.39984130859375
v 38.77605438232422 15.244372367858887 215.33360290527344
v 46.12144088745117 21.459115982055664 380.4210205078125
v 41.631072998046875 20.801494598388672 400.77130126953125
v 39.10408020019531 19.09534454345703 413.0940856933594
v 39.916568756103516 20.809707641601562 420.1619567871094
v 39.52783203125 21.630586624145508 420.3893127441406
v 40.05223846435547 22.095773696899414 532.8048095703125
v 40.30046463012695 22.276317596435547 536.3397827148438
v 38.80915069580078 24.48064422607422 531.6407470703125
v 38.834171295166016 25.7624568939209 533.4039916992188
v 39.24200439453125 27.06593894958496 228.61920166015625
v 39.028594970703125 28.936349868774414 402.947265625
v 38.408233642578125 34.00335693359375 475.895263671875
v 38.930538177490234 34.311767578125 467.43487548828125
v 38.46900939941406 34.24833297729492 470.6412658691406
v 38.18144607543945 34.89275360107422 472.4985046386719
v 39.26168441772461 35.21882247924805 553.6414794921875
v 42.512855529785156 36.375518798828125 552.6018676757812
v 38.48280334472656 36.80617904663086 468.96875
v 39.68232727050781 37.04429244995117 552.5166625976562
v 38.744720458984375 37.70265197753906 465.26068115234375
v 38.54713439941406 39.084014892578125 452.2840270996094
v 39.12626647949219 38.935420989990234 461.1242370605469
v 39.29314422607422 39.554710388183594 459.2578430175781
v 38.56264877319336 39.991615295410156 455.02728271484375
v 41.56417465209961 46.86829376220703 392.4759521484375
v 40.46665954589844 46.31658935546875 390.2151184082031
v 39.61817169189453 45.37282180786133 290.4017028808594
v 39.89262390136719 48.48453903198242 254.71475219726562
v 39.312644958496094 50.0731201171875 291.08544921875
v 38.75489807128906 55.620758056640625 288.9327392578125
v 38.57523727416992 57.90092849731445 286.7604064941406
v 39.39005661010742 61.05713653564453 280.9342346191406
v 39.04519271850586 -28.887454986572266 129.07223510742188
v 38.96783447265625 -28.463558197021484 117.76889038085938
v 39.66931915283203 -27.677024841308594 133.45558166503906
v 39.00198745727539 -26.694374084472656 107.43231201171875
v 38.88747787475586 -25.313730239868164 110.96507263183594
v 39.20684814453125 -23.996355056762695 151.40655517578125
v 39.38985824584961 -21.747777938842773 64.21540832519531
v 39.33723068237305 -20.61286163330078 158.2007293701172
v 39.02927017211914 -22.027074813842773 107.70885467529297
v 39.14013671875 -22.379981994628906 114.90115356445312
v 39.9813117980957 -19.713436126708984 49.576419830322266
v 39.09073257446289 -19.660001754760742 118.2069091796875
v 39.16577911376953 -17.967323303222656 132.96884155273438
v 39.58553695678711 -13.661870002746582 167.6747283935547
v 39.40791320800781 -13.460705757141113 45.47306442260742
v 39.32805252075195 -12.82665729522705 62.964900970458984
v 39.549747467041016 -11.008931159973145 61.300384521484375
v 39.36868667602539 -11.115375518798828 156.7247314453125
v 41.602874755859375 -8.263938903808594 58.199012756347656
v 39.397605895996094 -10.64714241027832 166.72512817382812
v 39.082515716552734 -9.95742130279541 159.9614715576172
v 39.551231384277344 -7.807687282562256 55.90513610839844
v 39.53596496582031 3.021242380142212 222.77684020996094
v 39.52339172363281 3.4888598918914795 217.3842315673828
v 40.303977966308594 2.831151247024536 576.2077026367188
v 39.03303527832031 3.455566883087158 212.9080047607422
v 39.278987884521484 2.605565309524536 561.444580078125
v 39.72212219238281 4.480835437774658 228.39247131347656
v 38.78202819824219 3.2980058193206787 562.6304931640625
v 39.80939483642578 3.844770908355713 576.2278442382812
v 39.5081672668457 5.004047393798828 231.5941619873047
v 39.2520866394043 4.51739501953125 556.8211059570312
v 38.91421890258789 4.273263454437256 566.3948974609375
v 39.8205680847168 6.266627311706543 235.66725158691406
v 39.84782028198242 4.857425212860107 575.3963012695312
v 38.999961853027344 5.274572372436523 566.0755004882812
v 39.22661209106445 5.395943641662598 558.7618408203125
v 38.820526123046875 5.497443199157715 561.142333984375
v 39.74382019042969 7.995840072631836 530.2232055664062
v 39.77411651611328 9.77431583404541 245.53736877441406
v 39.366790771484375 11.668334007263184 530.7337646484375
v 40.00271987915039 19.54355812072754 416.342529296875
v 39.24822998046875 20.191883087158203 411.84326171875
v 40.181480407714844 24.586761474609375 227.09170532226562
v 39.753326416015625 25.368562698364258 534.1661376953125
v 40.21308517456055 32.084815979003906 236.37318420410156
v 40.30194091796875 35.751991271972656 402.76361083984375
v 39.31455612182617 34.99485397338867 459.2614440917969
v 39.178321838378906 35.207523345947266 460.62835693359375
v 39.364356994628906 36.191551208496094 467.5025634765625
v 39.417327880859375 35.16130828857422 452.27532958984375
v 40.25246810913086 36.85295867919922 244.04249572753906
v 39.26789855957031 38.14543914794922 382.0730895996094
v 39.521949768066406 39.72955322265625 457.2269592285156
v 39.84377670288086 42.38279342651367 398.4989013671875
v 39.11811065673828 54.050045013427734 290.1048889160156
v 39.02838134765625 59.84149932861328 284.4166564941406
v 39.40703582763672 60.65546798706055 276.6549987792969
v 39.86046600341797 -28.273757934570312 125.01860046386719
v 39.41999053955078 -28.54783058166504 121.06490325927734
v 39.50069046020508 -27.196203231811523 136.4645538330078
v 39.568843841552734 -26.24504852294922 141.90606689453125
v 39.659584045410156 -26.868873596191406 119.05748748779297
v 39.268089294433594 -24.33149528503418 107.5196533203125
v 39.21920394897461 -24.660978317260742 114.87744140625
v 39.876487731933594 -24.347915649414062 147.6031494140625
v 38.83237838745117 -22.711469650268555 110.9290771484375
v 39.81009292602539 -22.55875015258789 151.77508544921875
v 40.67140579223633 -22.098787307739258 55.020198822021484
v 40.52690505981445 -21.741943359375 62.42665481567383
v 40.317501068115234 -20.243045806884766 64.38549041748047
v 39.43077087402344 -20.432775497436523 155.0076446533203
v 39.65937805175781 -21.364259719848633 118.27472686767578
v 39.872432708740234 -20.33547592163086 126.91035461425781
v 39.780147552490234 -19.627134323120117 48.582271575927734
v 39.80340576171875 -17.44215202331543 137.1141357421875
v 39.6327018737793 -15.023594856262207 45.30689239501953
v 39.33116912841797 -14.27810001373291 64.18824005126953
v 39.80985641479492 -14.161454200744629 148.39697265625
v 39.35873031616211 -13.629934310913086 152.97850036621094
v 39.53444290161133 -12.703167915344238 155.0908966064453
v 39.58428192138672 -10.270788192749023 163.76490783691406
v 40.40486145019531 1.9644259214401245 575.5570678710938
v 39.50639724731445 1.7933350801467896 573.4775390625
v 39.34114074707031 2.1174190044403076 557.2501220703125
v 40.43539047241211 2.983494281768799 558.443603515625
v 40.012264251708984 2.940887451171875 572.1295166015625
v 40.41352081298828 4.246713638305664 558.2096557617188
v 39.335350036621094 4.300374507904053 572.2857055664062
v 39.06928634643555 5.6947245597839355 211.40292358398438
v 39.244197845458984 3.3221192359924316 566.2064819335938
v 38.922733306884766 7.745885848999023 210.41802978515625
v 39.50475311279297 6.128102779388428 564.7222900390625
v 40.44380569458008 9.831042289733887 527.57373046875
v 39.48789596557617 11.365991592407227 214.1965789794922
v 45.10640335083008 14.876150131225586 391.10260009765625
v 40.98817825317383 11.890984535217285 530.2185668945312
v 43.639793395996094 14.446094512939453 384.2117919921875
v 39.593048095703125 12.430131912231445 214.8671875
v 39.9721565246582 12.515499114990234 529.8017578125
v 39.04048156738281 16.0335693359375 545.7811889648438
v 38.71586990356445 17.058698654174805 545.600341796875
v 38.89811325073242 16.80693817138672 547.7767333984375
v 38.555721282958984 17.2551212310791 550.7598876953125
v 39.57834243774414 15.789536476135254 547.884033203125
v 39.208988189697266 16.217267990112305 551.2237548828125
v 39.28376007080078 18.153352737426758 554.20751953125
v 38.68834686279297 18.08148765563965 550.1190185546875
v 39.31765365600586 18.327449798583984 545.4703369140625
v 39.36818313598633 18.26796531677246 548.43310546875
v 39.30215072631836 18.700353622436523 549.4248657226562
v 39.1433219909668 18.840579986572266 552.9627685546875
v 39.76402282714844 19.552026748657227 552.5281982421875
v 40.18489074707031 20.475082397460938 266.321044921875
v 40.016536712646484 21.005306243896484 223.22154235839844
v 40.64418029785156 21.45043182373047 268.2964172363281
v 39.67110824584961 23.01567268371582 420.35821533203125
v 39.7140007019043 23.397119522094727 532.0384521484375
v 40.67119598388672 24.0231990814209 273.92218017578125
v 39.86704635620117 24.29654884338379 416.8983154296875
v 41.96232604980469 27.5728759765625 377.7302551269531
v 40.389617919921875 27.756649017333984 403.2289733886719
v 39.16267013549805 34.539024353027344 464.9004821777344
v 39.54533767700195 35.21175003051758 466.35211181640625
v 39.820343017578125 34.8787727355957 456.98284912109375
v 40.27984619140625 35.00657653808594 550.281494140625
v 40.81386184692383 36.48640441894531 380.4491882324219
v 40.569793701171875 34.76896286010742 449.9156188964844
v 40.30865478515625 35.58527374267578 550.140380859375
v 40.1009635925293 36.72688674926758 550.8980712890625
v 40.54204559326172 35.7608642578125 448.7419128417969
v 39.3978271484375 37.192100524902344 465.08709716796875
v 40.08823776245117 37.30010986328125 286.50927734375
v 39.56367492675781 38.591922760009766 462.3628234863281
v 40.271053314208984 39.99864959716797 288.55303955078125
v 39.582305908203125 39.95445251464844 453.2919006347656
v 41.51210021972656 40.707889556884766 248.58816528320312
v 42.45372009277344 46.979915618896484 393.97247314453125
v 41.50333786010742 51.34173583984375 256.8428649902344
v 39.9301872253418 52.104976654052734 257.804931640625
v 39.72048568725586 51.97514343261719 291.19268798828125
v 39.883365631103516 53.87319564819336 259.9869384765625
v 40.22349548339844 60.48899459838867 272.37530517578125
v 39.793853759765625 -27.456504821777344 128.41783142089844
v 39.957759857177734 -24.981464385986328 118.59129333496094
v 40.210323333740234 -25.143041610717773 141.1614227294922
v 40.53007888793945 -21.08076286315918 150.88792419433594
v 39.87459945678711 -20.321510314941406 120.83058166503906
v 40.04152297973633 -18.912839889526367 156.01377868652344
v 39.77663803100586 -18.94919776916504 160.56561279296875
v 41.11686325073242 -17.476057052612305 64.1637954711914
v 39.85054397583008 -19.16548728942871 133.43771362304688
v 39.80771255493164 -17.3619441986084 163.28765869140625
v 39.946380615234375 -15.407695770263672 165.02125549316406
v 40.26473617553711 -17.176942825317383 45.47373580932617
v 40.24394989013672 -17.234359741210938 140.4753875732422
v 39.954750061035156 -16.246599197387695 143.20416259765625
v 40.25999069213867 -15.803404808044434 64.51428985595703
v 40.226600646972656 -15.570751190185547 150.92596435546875
v 40.05278015136719 -12.815025329589844 157.73109436035156
v 40.36009979248047 2.575957775115967 561.2344970703125
v 40.10678482055664 2.721888542175293 565.6885375976562
v 39.695106506347656 3.955122232437134 567.8319702148438
v 40.32951736450195 3.0242843627929688 567.7119140625
v 39.97118377685547 5.197803974151611 216.85203552246094
v 40.08027648925781 5.155674457550049 558.899169921875
v 40.04322052001953 5.449460983276367 567.7943725585938
v 40.675682067871094 5.899395942687988 573.4928588867188
v 40.15148162841797 6.880174160003662 215.97174072265625
v 40.08210754394531 8.768935203552246 215.15525817871094
v 40.3339958190918 8.688018798828125 531.5105590820312
v 41.04466247558594 12.915266036987305 249.94862365722656
v 39.86649703979492 15.798442840576172 218.47341918945312
v 40.50659942626953 17.388744354248047 259.3424072265625
v 39.772705078125 15.378232955932617 545.7949829101562
v 39.47659683227539 16.99848747253418 542.9664916992188
v 40.87260055541992 21.3664493560791 557.0447387695312
v 40.6109733581543 20.385469436645508 413.9820861816406
v 40.84456253051758 20.09739875793457 419.32366943359375
v 40.67192459106445 21.286649703979492 413.4219055175781
v 39.87194061279297 20.622852325439453 534.6076049804688
v 39.58574295043945 21.463560104370117 535.7431030273438
v 40.312015533447266 23.13832664489746 413.83868408203125
v 41.3127555847168 24.179643630981445 421.17327880859375
v 40.36595153808594 23.871788024902344 535.7085571289062
v 40.2325553894043 24.569133758544922 532.4949951171875
v 41.062923431396484 25.24432373046875 402.68536376953125
v 40.48421859741211 30.42472267150879 234.00868225097656
v 41.43578338623047 30.14913558959961 281.9292907714844
v 41.341270446777344 32.94805908203125 403.6019287109375
v 41.92582702636719 32.599273681640625 284.0030822753906
v 40.94529342651367 34.1505012512207 284.7366943359375
v 40.93502426147461 33.573429107666016 379.0104064941406
v 40.92122268676758 33.93441390991211 552.153076171875
v 42.89352798461914 34.185142517089844 552.351806640625
v 40.22628402709961 35.83473205566406 462.15576171875
v 39.75758743286133 35.34063720703125 464.3272399902344
v 40.411842346191406 35.32854461669922 454.389404296875
v 40.49538803100586 35.26999282836914 241.9244842529297
v 39.96962356567383 36.29340362548828 464.3036193847656
v 41.722225189208984 35.52167510986328 286.2041320800781
v 41.1573371887207 38.71149826049805 246.9226837158203
v 40.01654052734375 37.402793884277344 463.8181457519531
v 41.088714599609375 41.65727233886719 400.3583679199219
v 40.42686080932617 39.982765197753906 455.8206787109375
v 40.63153839111328 42.58953857421875 382.02593994140625
v 41.345157623291016 43.08955001831055 290.6750183105469
v 40.6032600402832 49.38961410522461 255.2466583251953
v 40.689334869384766 59.45191192626953 290.33782958984375
v 39.976444244384766 61.39443588256836 282.3682556152344
v 40.187896728515625 -26.92083168029785 121.91358947753906
v 40.314735412597656 -23.829723358154297 144.0507354736328
v 39.99860763549805 -23.033924102783203 118.90546417236328
v 40.31840896606445 -21.934064865112305 120.93345642089844
v 40.72996520996094 -21.911373138427734 53.55283737182617
v 41.46090316772461 -20.916221618652344 50.68376541137695
v 40.230247497558594 -20.570293426513672 125.84330749511719
v 39.926063537597656 -18.49179458618164 154.48681640625
v 40.257938385009766 -17.594079971313477 157.12806701660156
v 39.95946502685547 -15.956270217895508 153.8224639892578
v 40.16699981689453 -15.629778861999512 154.914306640625
v 40.251068115234375 -14.705772399902344 156.4695281982422
v 40.05241394042969 -12.980727195739746 164.3035125732422
v 40.331687927246094 -7.975156784057617 48.310733795166016
v 41.2724494934082 -6.738303184509277 53.730892181396484
v 41.19409942626953 2.0914480686187744 574.1214599609375
v 40.58230972290039 5.327089786529541 222.02906799316406
v 39.9091911315918 3.8356268405914307 569.998779296875
v 40.344017028808594 3.2384068965911865 570.2628173828125
v 39.81190872192383 4.7892045974731445 569.7376708984375
v 40.4047737121582 5.958601951599121 570.2660522460938
v 40.25795364379883 6.416048526763916 563.9509887695312
v 40.863502502441406 8.132469177246094 237.46524047851562
v 41.33795928955078 10.637089729309082 530.4259033203125
v 41.470619201660156 12.093424797058105 247.73428344726562
v 40.55464553833008 12.299392700195312 524.7201538085938
v 40.12274169921875 13.284673690795898 526.489501953125
v 41.11368942260742 13.648714065551758 527.8660278320312
v 40.25179672241211 15.815773010253906 551.1060791015625
v 40.66484069824219 15.570313453674316 547.85107421875
v 40.300048828125 15.897456169128418 542.336181640625
v 40.720245361328125 16.881954193115234 554.2626953125
v 40.22507095336914 17.199344635009766 540.3654174804688
v 40.09897994995117 17.478418350219727 554.7129516601562
v 40.07924270629883 18.27864646911621 541.490966796875
v 40.38563537597656 18.60291862487793 543.3328857421875
v 40.589141845703125 18.921489715576172 544.91845703125
v 40.31074523925781 18.713361740112305 548.453857421875
v 40.93027877807617 19.950544357299805 224.0889434814453
v 40.94377517700195 21.81940269470215 556.1814575195312
v 40.61198806762695 20.79512596130371 533.5405883789062
v 40.48766326904297 21.989723205566406 422.593994140625
v 40.659847259521484 22.148834228515625 413.5037841796875
v 40.63860321044922 23.01521873474121 422.4170227050781
v 43.37703323364258 25.79999351501465 378.04351806640625
v 42.96538543701172 31.546201705932617 378.278076171875
v 41.347259521484375 32.89563751220703 239.8149871826172
v 40.585716247558594 34.04249572753906 550.9950561523438
v 39.87528991699219 35.78388214111328 460.77783203125
v 40.92961120605469 37.442989349365234 448.5811767578125
v 40.37324142456055 37.478702545166016 462.17291259765625
v 40.25358581542969 37.2875862121582 460.98382568359375
v 41.72128677368164 38.419212341308594 449.1150817871094
v 40.6690673828125 47.09204864501953 385.2204284667969
v 40.573246002197266 48.16910934448242 291.903076171875
v 41.439125061035156 59.2337646484375 292.32757568359375
v 42.094566345214844 60.83942794799805 270.28997802734375
v 41.58428955078125 61.90657043457031 289.5262451171875
v 42.02264404296875 63.095943450927734 288.0071105957031
v 41.51429748535156 62.70264434814453 280.0806579589844
v 40.676597595214844 -25.37493324279785 125.84325408935547
v 40.26850891113281 -26.039714813232422 127.76066589355469
v 40.486331939697266 -25.296037673950195 132.853515625
v 40.48910140991211 -24.06190299987793 120.9420166015625
v 40.432945251464844 -24.999547958374023 136.41928100585938
v 40.54888153076172 -23.379451751708984 127.23379516601562
v 40.86711120605469 -21.62050437927246 146.7283935546875
v 41.61668395996094 -22.128284454345703 56.212486267089844
v 41.49784851074219 -21.930374145507812 60.195709228515625
v 40.438419342041016 -21.2470760345459 131.94265747070312
v 40.690277099609375 -23.2216739654541 132.38909912109375
v 40.77290725708008 -23.226394653320312 125.4705581665039
v 41.431640625 -20.389137268066406 62.78134536743164
v 40.51454544067383 -20.062673568725586 135.61399841308594
v 40.86453628540039 -19.04776954650879 150.42921447753906
v 41.476654052734375 -19.98455238342285 46.98560333251953
v 40.313541412353516 -16.385107040405273 160.3767852783203
v 40.752925872802734 -18.760644912719727 143.0377655029297
v 40.428428649902344 -14.870951652526855 159.1532440185547
v 40.46243667602539 -15.693109512329102 148.64109802246094
v 40.94542694091797 -17.753780364990234 149.02169799804688
v 40.977134704589844 -14.221428871154785 63.24460220336914
v 42.06377410888672 -11.388561248779297 42.87154769897461
v 41.43631362915039 -10.297694206237793 43.94000244140625
v 42.82450485229492 -8.7115478515625 58.91469192504883
v 41.31283187866211 -8.57541275024414 45.43989944458008
v 41.27519989013672 -6.921236038208008 50.30082321166992
v 40.96027374267578 2.3387467861175537 572.71875
v 41.041839599609375 2.6952593326568604 566.1093139648438
v 40.75468444824219 3.7591545581817627 558.748046875
v 40.86070251464844 6.950467586517334 219.93569946289062
v 41.04409408569336 6.831302165985107 226.69174194335938
v 40.72936248779297 6.589199542999268 230.3873748779297
v 41.16385269165039 6.2245192527771 563.408203125
v 41.16493606567383 5.892481327056885 567.6311645507812
v 40.89340591430664 8.808599472045898 218.51846313476562
v 41.4508171081543 9.795071601867676 528.265869140625
v 40.71925354003906 10.931941032409668 217.72027587890625
v 41.678531646728516 11.233922958374023 244.2858428955078
v 41.241172790527344 11.052957534790039 524.6181640625
v 47.95309829711914 17.42238426208496 387.15093994140625
v 47.43830490112305 16.58189582824707 390.1816711425781
v 40.81789779663086 14.826743125915527 220.2242431640625
v 45.010498046875 17.531902313232422 396.82061767578125
v 40.73112106323242 15.236063957214355 545.8161010742188
v 40.61354446411133 19.0347843170166 536.5416870117188
v 40.27385330200195 19.036746978759766 538.5851440429688
v 40.85309982299805 19.052215576171875 541.6912231445312
v 41.33252716064453 20.651880264282227 557.6802978515625
v 40.46235275268555 19.794382095336914 538.67333984375
v 40.85972213745117 19.45738410949707 551.603759765625
v 40.8253288269043 21.257801055908203 554.4476318359375
v 42.15346908569336 23.34568977355957 401.994384765625
v 40.911869049072266 20.746028900146484 422.10333251953125
v 42.41897201538086 24.305828094482422 420.74481201171875
v 41.12542724609375 24.148265838623047 533.7612915039062
v 40.82984161376953 25.544160842895508 229.29254150390625
v 41.91045379638672 32.07624435424805 239.09815979003906
v 41.40126037597656 34.35779571533203 451.0575256347656
v 41.1244010925293 35.6174201965332 457.3993225097656
v 41.850311279296875 35.343231201171875 553.0895385742188
v 40.83092498779297 38.40766906738281 459.21929931640625
v 42.04541015625 38.26560974121094 288.2601318359375
v 41.7321891784668 38.85845947265625 455.989990234375
v 41.401206970214844 40.30678939819336 401.5984191894531
v 40.88627243041992 39.56415557861328 452.5188903808594
v 41.413883209228516 42.834495544433594 249.9779052734375
v 40.768775939941406 47.74504089355469 387.216064453125
v 41.96778869628906 48.82913589477539 292.8717041015625
v 40.692623138427734 50.771358489990234 292.1549987792969
v 41.72779083251953 56.5494384765625 293.753173828125
v 41.82857131958008 56.25183868408203 262.1993713378906
v 41.84461975097656 59.259422302246094 266.87982177734375
v 40.99051284790039 61.29489517211914 274.9714050292969
v 40.81319808959961 -22.719064712524414 136.04730224609375
v 40.932613372802734 -22.502094268798828 141.53086853027344
v 40.87846755981445 -21.524221420288086 143.65780639648438
v 40.98618698120117 -20.3375244140625 140.64266967773438
v 41.13302230834961 -21.041418075561523 49.53750991821289
v 42.31962966918945 -18.350399017333984 44.66106033325195
v 42.634517669677734 -12.869255065917969 42.17763137817383
v 41.4199333190918 2.7218005657196045 571.1018676757812
v 41.96440124511719 3.0110421180725098 574.4334716796875
v 41.27016067504883 3.08717679977417 562.0061645507812
v 41.65092468261719 4.9132256507873535 574.7130126953125
v 41.62328338623047 8.218414306640625 228.93202209472656
v 41.789306640625 9.472600936889648 224.6549072265625
v 41.7762565612793 8.6215238571167 233.84378051757812
v 46.37818145751953 16.362714767456055 393.17327880859375
v 41.35054397583008 14.067991256713867 525.4964599609375
v 42.12949752807617 14.976578712463379 250.7274627685547
v 41.740867614746094 16.330581665039062 255.34312438964844
v 41.549842834472656 15.475300788879395 542.8389892578125
v 41.238372802734375 16.25143814086914 552.0281982421875
v 41.21037292480469 17.158313751220703 538.6190185546875
v 41.2744255065918 18.424230575561523 548.5918579101562
v 41.23997497558594 20.29793357849121 539.354248046875
v 42.41172790527344 20.86587905883789 417.8827819824219
v 41.25327682495117 21.40838050842285 424.7884826660156
v 41.67223358154297 20.235013961791992 423.4662170410156
v 42.72459411621094 23.512596130371094 272.5140686035156
v 41.99661636352539 23.536516189575195 229.5028076171875
v 42.18571853637695 21.989604949951172 533.802001953125
v 41.28986740112305 22.85419464111328 536.110595703125
v 41.63800811767578 23.65492820739746 422.95556640625
v 41.96527099609375 24.059064865112305 418.37152099609375
v 42.1830940246582 22.751474380493164 535.2858276367188
v 41.52383804321289 35.344783782958984 404.4744567871094
v 42.308589935302734 34.54011917114258 451.76556396484375
v 42.09378433227539 33.8178596496582 242.3060302734375
v 42.50577926635742 36.75492477416992 550.1094970703125
v 42.49752426147461 37.05210494995117 551.3291015625
v 42.5980224609375 46.75822830200195 253.57464599609375
v 40.886417388916016 46.414188385009766 383.42498779296875
v 42.396881103515625 54.78077697753906 294.7315979003906
v 42.02432632446289 62.59389114379883 277.2633972167969
v 42.47833251953125 -15.283424377441406 62.80319595336914
v 43.526981353759766 -9.993802070617676 60.02915573120117
v 43.13996505737305 -6.578301906585693 45.63761901855469
v 41.728214263916016 -6.511980056762695 49.55204391479492
v 41.96179962158203 2.7707414627075195 569.8197021484375
v 41.872833251953125 3.879864454269409 562.1484375
v 42.55598449707031 4.041357517242432 574.0777587890625
v 41.90337371826172 5.61146879196167 563.2990112304688
v 41.85710144042969 5.935083866119385 572.9185791015625
v 41.9452018737793 6.393539905548096 570.72412109375
v 41.7513313293457 11.25130844116211 222.84817504882812
v 41.95112609863281 10.398167610168457 529.0701904296875
v 41.32929611206055 12.039782524108887 220.8249053955078
v 41.721275329589844 13.822166442871094 523.23388671875
v 41.83769989013672 16.152774810791016 224.02328491210938
v 41.9112548828125 15.710382461547852 545.6488037109375
v 41.69625473022461 16.283300399780273 548.1577758789062
v 42.13533020019531 18.017812728881836 536.9927368164062
v 41.61048889160156 19.1149959564209 542.0869140625
v 41.838199615478516 18.547046661376953 544.1908569335938
v 42.99461364746094 20.845359802246094 264.43609619140625
v 41.89704895019531 20.27041244506836 418.4974365234375
v 41.8388671875 20.202468872070312 421.4806823730469
v 41.516197204589844 19.65430450439453 552.239013671875
v 42.068851470947266 22.31601905822754 555.3594360351562
v 42.65727615356445 21.446868896484375 266.7151794433594
v 41.735008239746094 21.312328338623047 533.4371948242188
v 41.76443099975586 22.591001510620117 424.9560852050781
v 42.13689422607422 28.783458709716797 234.78738403320312
v 42.021453857421875 33.54251480102539 551.2587890625
v 42.717376708984375 34.091148376464844 446.9071350097656
v 41.950050354003906 36.67269515991211 454.529296875
v 42.57754135131836 35.083778381347656 244.83929443359375
v 41.54030227661133 37.15127944946289 458.2401123046875
v 42.032142639160156 36.20004653930664 549.6336669921875
v 42.62326431274414 35.78484344482422 286.2477722167969
v 42.00870895385742 37.838348388671875 404.546875
v 42.18773651123047 41.072879791259766 379.6723937988281
v 42.930198669433594 38.4720344543457 449.3018798828125
v 41.73386764526367 39.012847900390625 453.91253662109375
v 41.98530960083008 44.28617858886719 380.199951171875
v 41.83600997924805 47.10662841796875 380.7314453125
v 42.443260192871094 46.028076171875 292.5707092285156
v 42.39073944091797 48.83678436279297 391.9823913574219
v 41.2358512878418 48.44782638549805 389.25616455078125
v 41.61812210083008 50.51496124267578 382.92364501953125
v 41.52798080444336 51.101497650146484 384.9356994628906
v 43.09420394897461 49.00675582885742 255.009033203125
v 42.44639587402344 53.392459869384766 258.9765625
v 42.633636474609375 60.80866622924805 270.6963806152344
v 42.85197830200195 61.56356430053711 273.0738220214844
v 42.571319580078125 -21.79226303100586 57.30364227294922
v 44.22126388549805 -21.66912269592285 53.59520721435547
v 42.800682067871094 -21.497203826904297 51.883975982666016
v 42.71153259277344 -22.0443115234375 51.1075439453125
v 43.370277404785156 -14.460494041442871 41.8616828918457
v 43.85562515258789 -11.840133666992188 61.049434661865234
v 44.25284957885742 -13.148652076721191 61.391822814941406
v 43.021270751953125 -6.829805850982666 55.756595611572266
v 43.338294982910156 -6.054548740386963 52.484893798828125
v 42.02029037475586 3.2804274559020996 565.9522705078125
v 42.35435485839844 3.094478130340576 567.8955688476562
v 41.849369049072266 5.714077949523926 567.228515625
v 42.34043884277344 10.334228515625 228.3388671875
v 42.29754638671875 10.008606910705566 235.83810424804688
v 42.57780838012695 12.694803237915039 521.814697265625
v 42.470890045166016 13.255498886108398 527.9614868164062
v 42.38926315307617 14.241546630859375 225.35345458984375
v 42.24922561645508 14.686980247497559 523.6731567382812
v 42.51103591918945 17.053720474243164 538.829833984375
v 42.11078643798828 17.23106575012207 553.8509521484375
v 42.5972785949707 17.97511100769043 256.8749084472656
v 42.35652160644531 18.546123504638672 226.46453857421875
v 41.8743782043457 17.332571029663086 548.2516479492188
v 42.30726623535156 17.86958122253418 545.4031372070312
v 41.947914123535156 18.378097534179688 551.1105346679688
v 42.6087646484375 19.445653915405273 557.3339233398438
v 42.55244827270508 18.957643508911133 259.8505554199219
v 42.829524993896484 21.642791748046875 229.90354919433594
v 42.88950729370117 20.1524600982666 422.3368225097656
v 41.5622673034668 20.329450607299805 425.55712890625
v 42.845760345458984 23.801105499267578 557.35791015625
v 43.073387145996094 23.129770278930664 418.55810546875
v 42.408775329589844 22.365463256835938 534.5608520507812
v 42.606510162353516 26.57478904724121 277.28289794921875
v 42.54953384399414 26.92658233642578 403.3548278808594
v 42.345481872558594 28.262727737426758 279.8358154296875
v 42.21852493286133 34.344940185546875 405.4070129394531
v 43.04632568359375 33.41143798828125 447.8428649902344
v 42.79154968261719 33.497314453125 549.6386108398438
v 42.86092758178711 34.65427780151367 379.29248046875
v 43.02707290649414 35.04335021972656 446.08575439453125
v 43.37224197387695 36.015838623046875 445.8718566894531
v 42.01606369018555 36.985694885253906 455.7990417480469
v 43.66067123413086 36.87704849243164 287.68267822265625
v 43.1327018737793 37.3475456237793 447.3026123046875
v 44.000396728515625 39.878318786621094 377.9977111816406
v 41.98178482055664 38.362060546875 454.2820129394531
v 43.08695983886719 38.63347244262695 450.8207092285156
v 43.385902404785156 46.965003967285156 395.1797790527344
v 42.08631896972656 49.82353210449219 380.7481689453125
v 41.78884506225586 51.568477630615234 387.0528869628906
v 41.724700927734375 54.30482864379883 382.917236328125
v 43.581687927246094 53.218544006347656 295.8460693359375
v 44.1068115234375 59.0692253112793 265.8036804199219
v 42.811607360839844 61.24869155883789 271.6781005859375
v 42.83357238769531 64.29618835449219 286.4811706542969
v 43.51820373535156 -20.664390563964844 59.120235443115234
v 43.434112548828125 -21.601282119750977 48.380619049072266
v 43.76191711425781 -19.957067489624023 45.38710403442383
v 43.569149017333984 -16.895265579223633 61.99177169799805
v 44.13572311401367 -16.181093215942383 42.020511627197266
v 43.29242706298828 -8.042585372924805 43.545448303222656
v 43.730918884277344 -7.561875820159912 57.342689514160156
v 42.614532470703125 3.1778926849365234 572.5111083984375
v 42.47367858886719 4.406675815582275 565.7252197265625
v 42.663082122802734 5.116118907928467 573.19140625
v 42.70915603637695 5.414660453796387 568.3849487304688
v 43.134857177734375 11.715898513793945 233.4261932373047
v 42.80034637451172 12.277936935424805 242.7147216796875
v 42.73939895629883 10.438447952270508 525.260009765625
v 42.444305419921875 11.724329948425293 226.7694091796875
v 43.35103225708008 11.641586303710938 522.2960205078125
v 43.03462600708008 12.199947357177734 528.0817260742188
v 42.64142990112305 14.15359115600586 492.5594787597656
v 42.371337890625 14.80356502532959 494.1107482910156
v 42.07593536376953 13.245798110961914 497.3122863769531
v 42.092891693115234 14.596423149108887 498.1319885253906
v 42.88340759277344 14.186735153198242 526.189697265625
v 42.689945220947266 16.453174591064453 541.339599609375
v 42.738712310791016 16.982288360595703 543.8189086914062
v 42.23231887817383 17.73258399963379 552.0943603515625
v 42.3706169128418 18.133337020874023 543.3894653320312
v 42.413185119628906 18.88792610168457 552.568359375
v 42.453392028808594 19.141340255737305 424.9150695800781
v 42.69062805175781 19.242223739624023 426.97943115234375
v 42.74203872680664 19.862592697143555 539.9427490234375
v 42.711055755615234 20.43532371520996 553.7008666992188
v 42.54838943481445 20.243738174438477 428.6778869628906
v 42.9095344543457 19.339731216430664 536.04638671875
v 42.95615768432617 21.14713478088379 558.2234497070312
v 42.75066375732422 21.0931339263916 428.6792297363281
v 42.554222106933594 21.511938095092773 537.758544921875
v 42.81102752685547 21.734832763671875 554.7758178710938
v 43.47819519042969 21.852569580078125 418.9918212890625
v 43.27266311645508 22.446535110473633 427.8660583496094
v 42.99410629272461 23.1018123626709 425.345703125
v 43.5499382019043 23.7979736328125 558.4147338867188
v 43.16404342651367 23.78067398071289 422.3695373535156
v 43.15321350097656 23.719497680664062 423.8380126953125
v 45.70659637451172 26.15298080444336 275.7703552246094
v 43.25362014770508 27.533588409423828 235.63780212402344
v 44.572715759277344 28.941619873046875 378.1497497558594
v 42.99720764160156 30.921802520751953 403.9759521484375
v 43.311058044433594 33.27805709838867 406.28570556640625
v 43.21791076660156 33.10624313354492 284.30548095703125
v 43.416507720947266 33.59815216064453 449.61419677734375
v 43.5506591796875 35.57058334350586 451.96551513671875
v 43.1215705871582 37.09857940673828 247.214111328125
v 42.84914779663086 39.98015594482422 403.40460205078125
v 43.66413879394531 40.84062957763672 290.48956298828125
v 43.470550537109375 41.68071746826172 250.107666015625
v 42.903907775878906 42.06757736206055 400.8677673339844
v 43.83245849609375 43.355247497558594 377.97296142578125
v 42.480831146240234 44.3864631652832 379.58087158203125
v 43.00312042236328 49.190608978271484 378.6688232421875
v 43.13202667236328 52.40009689331055 390.5164794921875
v 42.378273010253906 51.94422912597656 389.0132751464844
v 42.35911178588867 52.62763595581055 379.1607360839844
v 42.33938217163086 56.21670913696289 385.8519592285156
v 42.70059585571289 58.704105377197266 381.61785888671875
v 43.015037536621094 61.23711013793945 295.11956787109375
v 44.28376007080078 60.84061050415039 269.0760192871094
v 43.11369705200195 63.65767288208008 293.0740051269531
v 44.44999694824219 64.22016143798828 278.4980773925781
v 43.770286560058594 65.20106506347656 285.28814697265625
v 43.384517669677734 -9.314806938171387 42.52524948120117
v 43.87297058105469 -5.41049337387085 47.94232177734375
v 43.60609817504883 -5.561554431915283 51.27728271484375
v 43.06717300415039 3.5195155143737793 570.2439575195312
v 42.90917205810547 3.968987226486206 567.7960205078125
v 43.18001174926758 5.537290096282959 570.6898193359375
v 43.580806732177734 14.105192184448242 245.7110137939453
v 43.05632781982422 11.970558166503906 498.26513671875
v 42.8269157409668 12.191152572631836 495.8946228027344
v 42.849876403808594 13.084562301635742 499.2869567871094
v 44.15518569946289 13.949187278747559 517.9842529296875
v 43.31708908081055 15.158700942993164 248.6090545654297
v 43.11155700683594 14.797236442565918 499.842529296875
v 43.486663818359375 14.86158561706543 519.8270263671875
v 42.6221923828125 15.666029930114746 488.4877014160156
v 43.39147186279297 14.97824478149414 524.70556640625
v 42.88519287109375 15.882169723510742 495.33001708984375
v 42.54578399658203 16.109506607055664 491.8551330566406
v 43.173095703125 16.202058792114258 497.7539978027344
v 42.749507904052734 16.21640396118164 482.1634826660156
v 42.455772399902344 16.881919860839844 483.9189147949219
v 43.73520278930664 18.56780242919922 231.03326416015625
v 43.818668365478516 18.598501205444336 255.23133850097656
v 42.73380661010742 18.2276668548584 477.9159851074219
v 42.814453125 18.372207641601562 483.65875244140625
v 43.0524787902832 17.67226791381836 489.1409606933594
v 43.69940185546875 19.92801284790039 555.354248046875
v 42.75708770751953 18.86213493347168 428.779541015625
v 44.83632278442383 21.271936416625977 400.5016784667969
v 45.33479690551758 23.6917724609375 271.15179443359375
v 43.25436019897461 21.031702041625977 537.20654296875
v 44.4935302734375 24.50910186767578 402.5240783691406
v 43.230533599853516 30.753122329711914 240.60751342773438
v 43.95716857910156 31.531078338623047 243.09768676757812
v 44.462867736816406 34.59587097167969 552.1240844726562
v 44.83661651611328 35.07597351074219 551.9027099609375
v 43.39910125732422 37.242637634277344 407.4677734375
v 43.87126541137695 37.1107063293457 451.7615661621094
v 43.7004508972168 42.02040100097656 401.7026672363281
v 44.054847717285156 46.635833740234375 293.47991943359375
v 42.80625534057617 54.76851272583008 378.3733825683594
v 42.52882385253906 56.632564544677734 379.9736328125
v 43.241371154785156 57.349910736083984 387.6851806640625
v 42.97649002075195 60.049861907958984 377.63226318359375
v 43.24100875854492 60.15983963012695 383.2587890625
v 43.653377532958984 58.341548919677734 296.9289245605469
v 43.112464904785156 64.42497253417969 291.3495178222656
v 43.988983154296875 -19.273757934570312 60.46078872680664
v 45.596153259277344 -18.563753128051758 43.08670425415039
v 43.461177825927734 4.504175662994385 570.078857421875
v 43.990108489990234 11.18400764465332 525.7901000976562
v 43.97743225097656 13.971393585205078 240.95269775390625
v 43.42628479003906 13.907933235168457 230.4366455078125
v 43.94651412963867 13.512137413024902 526.2445068359375
v 43.357784271240234 13.118464469909668 492.5653381347656
v 43.13835525512695 14.6307954788208 488.66937255859375
v 44.02653121948242 17.248519897460938 232.1832275390625
v 43.95463562011719 15.58996868133545 521.0067749023438
v 43.37492752075195 15.201529502868652 482.7947082519531
v 43.75803756713867 16.201644897460938 499.2370910644531
v 43.34677505493164 17.856983184814453 540.6653442382812
v 43.41695022583008 18.066747665405273 538.4343872070312
v 43.326202392578125 17.059110641479492 474.3877258300781
v 47.02848815917969 20.261152267456055 381.87017822265625
v 43.08034896850586 18.48534393310547 473.17449951171875
v 43.18385314941406 18.82505226135254 540.7081298828125
v 43.90929412841797 19.75398826599121 258.6351013183594
v 43.84110641479492 19.958873748779297 556.8807373046875
v 43.5056266784668 19.001964569091797 424.3486022949219
v 43.91876983642578 18.568387985229492 426.2950744628906
v 43.308719635009766 19.414409637451172 431.54327392578125
v 43.26548767089844 18.525390625 431.0547790527344
v 43.57413864135742 19.57167625427246 471.65960693359375
v 43.3902702331543 19.63898277282715 477.8074035644531
v 43.67311096191406 20.64740753173828 431.3827209472656
v 44.46765899658203 21.593130111694336 558.1142578125
v 44.10262680053711 20.937725067138672 422.1982421875
v 43.57602310180664 20.106718063354492 537.2949829101562
v 43.119964599609375 24.056623458862305 232.32115173339844
v 44.49339294433594 24.049304962158203 555.6820678710938
v 43.429805755615234 23.708271026611328 420.49224853515625
v 44.01212692260742 27.325942993164062 278.3834533691406
v 45.57190704345703 28.858110427856445 280.35394287109375
v 44.50574493408203 28.67353630065918 240.74087524414062
v 44.58112716674805 32.05050277709961 406.6780090332031
v 44.156166076660156 32.46725082397461 549.752197265625
v 43.863983154296875 32.55854797363281 550.9740600585938
v 43.91253662109375 34.49302291870117 285.71136474609375
v 43.9766845703125 33.684322357177734 548.836181640625
v 44.81720733642578 34.413787841796875 548.6627807617188
v 43.911964416503906 35.801082611083984 408.0262756347656
v 43.59309387207031 36.13762283325195 424.9421081542969
v 42.9620361328125 35.419307708740234 428.28759765625
v 43.314697265625 34.148048400878906 427.5417175292969
v 43.21343231201172 37.543556213378906 426.44476318359375
v 43.12800979614258 36.70569610595703 429.31390380859375
v 43.22115707397461 38.86719512939453 406.4341125488281
v 44.20060348510742 38.47988510131836 248.8931427001953
v 43.40315628051758 39.954429626464844 405.7933044433594
v 44.71656036376953 45.733375549316406 253.4068603515625
v 44.83137512207031 50.52195358276367 256.3594055175781
v 44.874019622802734 51.81876754760742 296.634521484375
v 44.054779052734375 51.24313735961914 392.9571533203125
v 43.290557861328125 57.610965728759766 376.2597961425781
v 43.17757034301758 61.25166320800781 373.6696472167969
v 43.379737854003906 62.419044494628906 379.5923767089844
v 43.05984115600586 62.85932922363281 376.92803955078125
v 46.08339309692383 64.30372619628906 276.7528381347656
v 43.27754211425781 63.95586013793945 375.6383972167969
v 43.019344329833984 63.4702262878418 370.9173889160156
v 43.13086700439453 65.14976501464844 368.56707763671875
v 43.17805099487305 66.84748840332031 369.3594665527344
v 43.156761169433594 66.71190643310547 371.2901306152344
v 44.157142639160156 -22.31480598449707 52.589847564697266
v 44.27281951904297 -20.709409713745117 58.449283599853516
v 43.95955276489258 -18.178632736206055 61.26070022583008
v 45.01509475708008 -10.927123069763184 40.82046127319336
v 44.935340881347656 11.784648895263672 521.9592895507812
v 44.647796630859375 12.467369079589844 525.7366943359375
v 44.55601119995117 11.274819374084473 497.9364318847656
v 44.09038543701172 11.58861255645752 495.56329345703125
v 44.128318786621094 12.56033992767334 499.96099853515625
v 44.57211685180664 13.167539596557617 518.0352172851562
v 44.05309295654297 14.749317169189453 234.46238708496094
v 43.85751724243164 13.994155883789062 488.73004150390625
v 43.64794921875 14.004973411560059 453.2149658203125
v 43.53048324584961 14.737649917602539 456.2652282714844
v 43.93053436279297 13.114654541015625 455.98980712890625
v 44.31584167480469 14.384321212768555 501.27001953125
v 43.78529739379883 15.447430610656738 453.12860107421875
v 44.157012939453125 15.420963287353516 500.716796875
v 43.70956039428711 15.901728630065918 456.31304931640625
v 43.4732551574707 15.401620864868164 461.4049072265625
v 44.37331771850586 17.536697387695312 248.5237274169922
v 43.3367805480957 16.321950912475586 460.7361755371094
v 44.145416259765625 15.402788162231445 479.51531982421875
v 43.583187103271484 16.286766052246094 466.18212890625
v 43.763301849365234 16.430585861206055 495.70941162109375
v 43.783546447753906 17.288362503051758 459.70831298828125
v 43.33073043823242 18.047224044799805 466.36029052734375
v 43.332481384277344 17.14194679260254 468.2253723144531
v 43.96384048461914 18.12691879272461 491.15234375
v 43.604984283447266 18.224037170410156 433.6131591796875
v 43.80082702636719 17.22370719909668 432.53558349609375
v 43.69261169433594 19.122692108154297 466.5230712890625
v 43.73854446411133 17.872228622436523 428.3714599609375
v 43.626129150390625 19.006681442260742 484.6889953613281
v 44.044578552246094 20.144086837768555 472.509765625
v 45.110107421875 21.802364349365234 262.9405517578125
v 43.9796028137207 21.053709030151367 555.341064453125
v 44.374114990234375 21.85664939880371 265.7200622558594
v 43.7442741394043 21.929384231567383 428.9884948730469
v 43.969383239746094 22.41387939453125 555.30859375
v 44.20880889892578 21.98743438720703 233.78367614746094
v 43.99850082397461 22.51677894592285 420.3128662109375
v 44.31607437133789 23.14220428466797 423.4685363769531
v 44.355403900146484 24.97216796875 556.2653198242188
v 44.65121078491211 25.626712799072266 557.1149291992188
v 45.3052864074707 31.79302215576172 283.27972412109375
v 44.23115921020508 33.218074798583984 551.9625244140625
v 44.77884292602539 32.53367233276367 246.03802490234375
v 44.84522247314453 32.926456451416016 447.9900207519531
v 43.71317672729492 32.74283218383789 430.3228454589844
v 43.60070037841797 33.555885314941406 431.3505554199219
v 45.83566665649414 33.482208251953125 448.7666015625
v 44.457332611083984 34.7099609375 285.66949462890625
v 44.197998046875 35.1939697265625 424.5050964355469
v 43.91663360595703 35.066341400146484 432.33087158203125
v 45.533935546875 36.91483688354492 444.9934997558594
v 45.831581115722656 35.37238311767578 549.8690795898438
v 46.42367172241211 35.00254440307617 550.7403564453125
v 43.721195220947266 38.48075866699219 424.5164489746094
v 43.78743362426758 39.516632080078125 426.1333312988281
v 43.92813491821289 38.141597747802734 429.8760681152344
v 44.45286560058594 40.3268928527832 409.71380615234375
v 44.18668746948242 37.721519470214844 450.4580383300781
v 44.801963806152344 42.32453536987305 377.2178039550781
v 44.358123779296875 41.538909912109375 402.6354064941406
v 44.517765045166016 44.224178314208984 292.75146484375
v 45.29583740234375 46.87116241455078 396.9059143066406
v 44.65711975097656 48.60284423828125 376.3663635253906
v 44.52553176879883 49.1626091003418 394.6954040527344
v 44.50324249267578 51.07880401611328 375.6520690917969
v 44.58982849121094 52.39971160888672 375.35162353515625
v 43.819366455078125 56.3215446472168 375.0709228515625
v 44.7251091003418 55.04808807373047 260.5384521484375
v 44.32495880126953 57.80794143676758 389.4820251464844
v 43.64006805419922 59.789764404296875 372.0181884765625
v 43.49419403076172 63.2624397277832 367.4479675292969
v 44.32859420776367 63.74098587036133 295.9753112792969
v 44.96295166015625 65.97712707519531 283.8143310546875
v 44.07228088378906 65.26515197753906 365.45233154296875
v 44.368560791015625 66.43981170654297 290.93536376953125
v 43.662139892578125 68.25801086425781 372.7246398925781
v 43.87847137451172 67.36283874511719 366.59686279296875
v 43.7856330871582 69.2098388671875 370.098388671875
v 44.928245544433594 -22.193981170654297 49.59697341918945
v 45.79692459106445 -20.94672393798828 55.57684326171875
v 45.86766815185547 -16.218870162963867 60.596031188964844
v 45.66035079956055 -14.549880981445312 60.89415740966797
v 45.9127311706543 -6.115926265716553 43.54074478149414
v 45.49581527709961 -5.320589542388916 52.410404205322266
v 45.54015350341797 12.134899139404297 523.0869750976562
v 44.185546875 12.617427825927734 492.6380310058594
v 44.3581657409668 12.515864372253418 453.3668518066406
v 44.455020904541016 12.665709495544434 451.3102722167969
v 44.63970947265625 15.654891014099121 239.7740478515625
v 43.964683532714844 14.58874797821045 451.45794677734375
v 44.11048126220703 13.743844985961914 447.89630126953125
v 44.994327545166016 16.51824951171875 244.0248260498047
v 44.077144622802734 15.094608306884766 447.81671142578125
v 44.11983871459961 13.330989837646484 457.0020751953125
v 44.68647766113281 14.231307029724121 525.1116943359375
v 44.085693359375 14.374135971069336 445.8268127441406
v 44.3001823425293 14.22770881652832 461.3111572265625
v 44.654930114746094 14.59853744506836 482.8565368652344
v 44.56184387207031 16.110437393188477 448.4770202636719
v 45.004764556884766 17.65803337097168 246.77967834472656
v 43.71236801147461 16.855182647705078 436.7476501464844
v 44.128273010253906 16.043651580810547 438.3329162597656
v 44.07036209106445 15.70388412475586 436.4661560058594
v 44.28656005859375 15.916642189025879 469.203125
v 44.542903900146484 15.260116577148438 466.2361755371094
v 47.546478271484375 19.291698455810547 383.28204345703125
v 44.37946319580078 16.354576110839844 432.7619323730469
v 44.303436279296875 16.0870361328125 475.20941162109375
v 45.10279846191406 19.65958595275879 252.34906005859375
v 44.18059539794922 18.455408096313477 436.9015808105469
v 44.47168731689453 17.28340721130371 439.01129150390625
v 44.29594802856445 18.18616485595703 461.0881652832031
v 44.515689849853516 19.173168182373047 486.215087890625
v 45.097293853759766 18.75716209411621 425.9608459472656
v 44.27421951293945 19.458234786987305 434.4211120605469
v 45.22917175292969 20.906108856201172 257.2779235839844
v 44.4454460144043 19.39272117614746 424.07586669921875
v 44.35883331298828 20.36281394958496 470.1141662597656
v 44.195003509521484 20.226909637451172 477.7627868652344
v 45.493350982666016 22.36833953857422 556.4603881835938
v 44.756832122802734 21.665353775024414 430.8449401855469
v 44.975223541259766 22.928386688232422 427.0136413574219
v 44.60041046142578 23.913925170898438 558.6907348632812
v 44.25517654418945 22.54613494873047 422.0899353027344
v 45.50714111328125 22.326021194458008 425.1146240234375
v 44.573787689208984 24.92814826965332 236.69200134277344
v 46.76113510131836 28.638328552246094 403.6471862792969
v 44.7462043762207 28.34291648864746 241.88182067871094
v 44.723289489746094 29.60210609436035 403.9452209472656
v 44.86578369140625 32.94820022583008 378.8360900878906
v 44.351470947265625 32.398704528808594 428.2478942871094
v 44.195377349853516 33.24342727661133 426.6273193359375
v 45.48649215698242 33.14105987548828 445.39190673828125
v 44.57073211669922 33.040950775146484 432.7547607421875
v 45.42654037475586 34.66236114501953 449.9072570800781
v 46.193111419677734 37.7308235168457 377.0102233886719
v 44.36054611206055 36.77184295654297 431.89483642578125
v 44.71892547607422 39.505428314208984 410.5516662597656
v 44.247100830078125 37.7185173034668 447.60821533203125
v 44.891536712646484 39.87211990356445 421.63201904296875
v 44.77506637573242 37.50746154785156 449.0558166503906
v 44.76001739501953 40.53879165649414 427.36517333984375
v 44.53993225097656 41.672508239746094 404.589599609375
v 45.19356918334961 43.26919174194336 400.50897216796875
v 44.934234619140625 52.69073486328125 392.99395751953125
v 44.84082794189453 55.29595947265625 298.0006408691406
v 45.82145309448242 59.219451904296875 265.820556640625
v 44.56990051269531 57.86550521850586 371.0750427246094
v 44.20268249511719 60.80308151245117 367.175048828125
v 44.78084945678711 60.468936920166016 298.24871826171875
v 44.51298904418945 63.9421501159668 382.4317932128906
v 45.25804138183594 60.82206344604492 269.47772216796875
v 44.40309524536133 66.09624481201172 379.2525329589844
v 44.23763656616211 66.50189208984375 377.2103576660156
v 44.4757194519043 68.14918518066406 376.09869384765625
v 44.285343170166016 69.64702606201172 367.74151611328125
v 45.67392349243164 -22.027700424194336 54.266502380371094
v 45.593082427978516 -21.080781936645508 46.55147171020508
v 45.39973068237305 -13.19210147857666 40.5368766784668
v 45.60358428955078 -9.173620223999023 58.89401626586914
v 45.440067291259766 -7.679236888885498 42.111793518066406
v 45.92146682739258 -6.406637191772461 54.791259765625
v 45.44803237915039 11.713373184204102 495.0606384277344
v 45.43348693847656 12.607175827026367 518.3767700195312
v 44.51457595825195 13.095077514648438 446.6698303222656
v 45.17220687866211 13.735100746154785 488.3216247558594
v 44.69629669189453 13.432709693908691 501.0117492675781
v 44.479713439941406 13.343234062194824 445.0140075683594
v 48.00117874145508 17.1645450592041 388.4827575683594
v 44.35782241821289 14.943717956542969 442.5809631347656
v 44.62720489501953 13.660173416137695 514.8781127929688
v 44.624019622802734 14.647804260253906 514.3177490234375
v 44.863399505615234 13.804547309875488 442.1070251464844
v 44.36857604980469 15.506587982177734 440.4814453125
v 44.56503677368164 15.380510330200195 504.3233947753906
v 44.781105041503906 14.179518699645996 504.0882263183594
v 44.40523910522461 15.128279685974121 517.1748657226562
v 44.79719543457031 14.829669952392578 436.8939514160156
v 44.528358459472656 16.087446212768555 442.81732177734375
v 45.0003547668457 16.451147079467773 451.4002380371094
v 44.9908561706543 15.907498359680176 517.9478149414062
v 45.13848876953125 15.967958450317383 520.1441040039062
v 45.54528045654297 15.534661293029785 521.7114868164062
v 44.98223114013672 17.39209747314453 237.58961486816406
v 44.65837860107422 16.677501678466797 453.45794677734375
v 45.070430755615234 16.35154914855957 500.141845703125
v 45.08316421508789 16.607765197753906 503.0415954589844
v 45.25887680053711 17.3660888671875 455.83642578125
v 44.70522689819336 16.585351943969727 495.9764404296875
v 45.1269416809082 16.68689727783203 498.1632995605469
v 44.85856628417969 17.352632522583008 428.91680908203125
v 45.27450180053711 18.012754440307617 458.0507507324219
v 45.20269775390625 18.0273494720459 492.3942565917969
v 45.224613189697266 17.641876220703125 427.88446044921875
v 45.38076400756836 18.68440055847168 489.4715576171875
v 44.737266540527344 19.646150588989258 465.0589294433594
v 45.25291061401367 21.381746292114258 237.40711975097656
v 45.159671783447266 20.614038467407227 423.7080383300781
v 45.126502990722656 20.65700340270996 475.73406982421875
v 45.480804443359375 22.04755210876465 429.717529296875
v 45.19346237182617 23.242774963378906 555.6959228515625
v 45.401737213134766 23.696916580200195 558.6419067382812
v 46.91264343261719 23.823272705078125 269.3817138671875
v 45.69588088989258 21.222576141357422 424.4929504394531
v 45.16203308105469 26.239561080932617 555.258056640625
v 45.87749099731445 28.85664939880371 431.03509521484375
v 45.87317657470703 29.508813858032227 432.4855041503906
v 46.092010498046875 32.7621955871582 446.357666015625
v 45.414093017578125 33.945186614990234 444.3243713378906
v 46.05458450317383 33.64060974121094 284.91607666015625
v 44.827369689941406 34.55067825317383 408.4345703125
v 45.032440185546875 34.810794830322266 247.86056518554688
v 44.46242141723633 35.839698791503906 434.55609130859375
v 44.89056396484375 37.119422912597656 434.6479187011719
v 45.13044357299805 38.249351501464844 410.9932556152344
v 45.80229187011719 39.77605056762695 290.37091064453125
v 45.39753723144531 41.516536712646484 419.901611328125
v 44.759132385253906 41.320674896240234 423.9836730957031
v 44.8603630065918 41.592735290527344 410.2564392089844
v 45.417232513427734 42.13945388793945 402.0686340332031
v 45.785072326660156 47.5225715637207 254.63360595703125
v 45.64543914794922 52.047401428222656 258.0496826171875
v 45.424076080322266 54.18192672729492 373.2054748535156
v 45.484222412109375 64.40093231201172 384.17657470703125
v 45.460182189941406 61.46123123168945 271.1945495605469
v 44.67057418823242 62.867305755615234 364.6920166015625
v 44.83987045288086 66.24349975585938 293.413330078125
v 45.28761672973633 67.53644561767578 288.6272888183594
v 44.76924133300781 67.95173645019531 363.9837951660156
v 45.13493347167969 70.43377685546875 364.90557861328125
v 44.68964385986328 70.85746765136719 372.2599182128906
v 44.972068786621094 71.26560974121094 368.6380310058594
v 45.90640640258789 -15.294815063476562 40.814212799072266
v 46.019039154052734 -11.190452575683594 60.0439338684082
v 47.000640869140625 -4.83608341217041 45.129615783691406
v 47.22578811645508 -4.273918151855469 48.160099029541016
v 45.0969123840332 12.544743537902832 492.5400085449219
v 45.87761688232422 12.872214317321777 500.75482177734375
v 45.33574295043945 11.94843578338623 450.4446105957031
v 45.56613540649414 12.018810272216797 456.1331481933594
v 45.32811737060547 12.394675254821777 445.5892028808594
v 45.46832275390625 12.737293243408203 514.3936157226562
v 45.51799392700195 13.03720760345459 512.4898071289062
v 44.510650634765625 14.267786026000977 506.1601257324219
v 45.12411117553711 13.240692138671875 505.95880126953125
v 44.8428840637207 14.302050590515137 509.0906982421875
v 44.954288482666016 13.500768661499023 509.67767333984375
v 45.16830062866211 14.12073802947998 512.1553955078125
v 45.23280334472656 13.611861228942871 502.2237548828125
v 45.60723114013672 13.858552932739258 439.6560363769531
v 44.73421859741211 15.207270622253418 506.2956848144531
v 45.24814224243164 15.159634590148926 508.3905334472656
v 45.46100997924805 16.002384185791016 515.0161743164062
v 45.585479736328125 15.413307189941406 433.34356689453125
v 45.74324417114258 15.405691146850586 469.6563415527344
v 45.381256103515625 15.73049259185791 473.9088134765625
v 45.70859146118164 15.742323875427246 476.1612854003906
v 45.290260314941406 17.042484283447266 442.55474853515625
v 45.565860748291016 18.53260612487793 439.0629577636719
v 45.44261169433594 18.767118453979492 461.468017578125
v 45.092071533203125 19.63945960998535 435.74395751953125
v 45.62748718261719 21.15158462524414 253.39071655273438
v 45.922218322753906 19.75166130065918 425.4156188964844
v 45.75078582763672 20.691957473754883 468.8076477050781
v 45.67866134643555 20.741382598876953 471.9585876464844
v 46.583412170410156 23.290332794189453 557.4379272460938
v 45.53059005737305 26.452713012695312 557.3892211914062
v 45.31964874267578 27.075681686401367 556.1552734375
v 45.767452239990234 25.43735694885254 242.25131225585938
v 46.153724670410156 26.24739646911621 378.751220703125
v 45.28706359863281 28.925142288208008 244.18603515625
v 46.01531219482422 29.17510986328125 429.6392517089844
v 46.1552848815918 30.165428161621094 551.1981811523438
v 45.39460754394531 31.09781265258789 550.0626220703125
v 45.74551010131836 31.405004501342773 552.4470825195312
v 45.84635925292969 32.22023391723633 426.2658386230469
v 45.91043472290039 33.846893310546875 424.06988525390625
v 45.147029876708984 33.866615295410156 434.3703918457031
v 44.92713165283203 35.25508499145508 436.301025390625
v 45.410301208496094 36.539005279541016 449.7831726074219
v 45.82901382446289 37.14179229736328 249.595458984375
v 45.94783401489258 37.40774154663086 411.7076721191406
v 45.45160675048828 37.731903076171875 434.57769775390625
v 45.77678298950195 38.091949462890625 432.0199279785156
v 47.670433044433594 42.49816131591797 253.17945861816406
v 46.380706787109375 42.13596725463867 376.16925048828125
v 45.50406265258789 39.64944076538086 412.89422607421875
v 46.480594635009766 43.84980773925781 253.1595001220703
v 46.1048469543457 43.39402770996094 423.1542053222656
v 46.79030227661133 43.40117645263672 292.958984375
v 45.621028900146484 43.35660171508789 408.1788635253906
v 46.000267028808594 49.9523811340332 296.61016845703125
v 45.35032653808594 57.43090057373047 391.0982971191406
v 45.93429183959961 57.93220901489258 299.7760314941406
v 45.4162483215332 58.93737030029297 366.4863586425781
v 45.8360595703125 56.465667724609375 369.7510070800781
v 45.48765182495117 60.711875915527344 364.5096130371094
v 45.979827880859375 63.56272888183594 300.21783447265625
v 45.74802780151367 65.0762939453125 298.95404052734375
v 45.87831115722656 66.74396514892578 297.62188720703125
v 45.03765106201172 65.22225952148438 363.0652770996094
v 45.72990036010742 67.79905700683594 291.6854248046875
v 45.309814453125 68.4746322631836 361.3866882324219
v 46.20347213745117 68.9275131225586 379.05096435546875
v 45.58626937866211 70.72469329833984 362.0574035644531
v 46.41377639770508 -22.35405158996582 50.929134368896484
v 47.054443359375 -21.669889450073242 47.984031677246094
v 46.09840393066406 -19.543264389038086 58.13674545288086
v 46.49205017089844 -17.98200225830078 59.241188049316406
v 47.373512268066406 -7.4743146896362305 56.17498016357422
v 46.06088638305664 11.559410095214844 451.6536865234375
v 45.94235610961914 13.036293029785156 442.0101318359375
v 46.062374114990234 13.80374813079834 523.2310180664062
v 45.734474182128906 14.034211158752441 462.5432434082031
v 45.50946807861328 12.74458122253418 510.07366943359375
v 45.66791915893555 13.465378761291504 504.0008544921875
v 45.592655181884766 15.06948184967041 480.7138671875
v 45.556922912597656 14.68255615234375 435.83929443359375
v 45.670867919921875 14.964743614196777 466.4475402832031
v 45.57863235473633 14.984136581420898 511.16522216796875
v 45.5723991394043 15.116445541381836 512.38818359375
v 45.60023498535156 16.905838012695312 448.6307678222656
v 45.61552810668945 16.39247703552246 495.95111083984375
v 46.636085510253906 16.2369327545166 499.8403625488281
v 45.521942138671875 16.698251724243164 501.3162841796875
v 45.799713134765625 19.727373123168945 242.05313110351562
v 45.38245391845703 19.8279972076416 238.5194854736328
v 45.46586608886719 20.09905433654785 246.8026580810547
v 46.01884841918945 21.146127700805664 244.84271240234375
v 45.71131134033203 19.879383087158203 464.9052734375
v 46.147335052490234 19.799152374267578 398.79840087890625
v 47.28564453125 23.426742553710938 260.0257568359375
v 46.40179443359375 22.583932876586914 261.21368408203125
v 45.86405563354492 22.308881759643555 241.13011169433594
v 45.974300384521484 25.40529441833496 554.4752197265625
v 45.61940002441406 25.690826416015625 243.0995330810547
v 46.059749603271484 28.931543350219727 246.40658569335938
v 46.20387649536133 29.4702091217041 247.49765014648438
v 46.76866149902344 31.281999588012695 407.25970458984375
v 46.85791015625 31.410783767700195 378.9349060058594
v 46.33769989013672 31.58383560180664 549.3004760742188
v 46.682823181152344 31.528148651123047 427.0645751953125
v 46.729488372802734 33.30387878417969 408.9162902832031
v 45.30073547363281 34.33913040161133 436.07415771484375
v 47.019187927246094 34.46426773071289 442.67303466796875
v 46.62517166137695 37.484004974365234 420.3939514160156
v 45.75136947631836 35.858154296875 439.27972412109375
v 46.5062255859375 35.5958251953125 410.8406066894531
v 46.69496154785156 35.3977165222168 249.92367553710938
v 46.95764923095703 35.8017463684082 287.1090393066406
v 45.466529846191406 38.95393371582031 420.6531066894531
v 46.095951080322266 37.0927734375 438.8783874511719
v 46.236175537109375 41.546321868896484 427.62530517578125
v 46.490509033203125 42.855873107910156 403.5360412597656
v 45.52385711669922 42.70510482788086 421.0422668457031
v 46.19955062866211 44.3843879699707 412.59063720703125
v 46.396690368652344 44.085052490234375 375.5652160644531
v 47.4333381652832 46.357330322265625 398.2938232421875
v 46.13785171508789 48.272178649902344 374.97833251953125
v 46.06598663330078 51.07291793823242 395.08642578125
v 47.37921142578125 53.48509216308594 259.53125
v 46.59575271606445 60.5720100402832 390.0604553222656
v 46.674800872802734 65.35401153564453 385.1204528808594
v 45.76852035522461 63.15337371826172 362.4994201660156
v 46.16969299316406 66.44715118408203 282.5396728515625
v 46.98527145385742 68.72522735595703 286.88189697265625
v 45.76532745361328 65.85730743408203 360.155029296875
v 46.139713287353516 70.00188446044922 377.51971435546875
v 46.34904098510742 72.49201202392578 373.8851623535156
v 45.851165771484375 72.52737426757812 371.91253662109375
v 47.00669479370117 -19.68741798400879 57.3254508972168
v 47.865638732910156 -19.396724700927734 43.56291198730469
v 47.27378463745117 -17.577131271362305 41.65715026855469
v 47.30549240112305 -12.962860107421875 59.96942901611328
v 47.15119552612305 -12.909560203552246 39.25726318359375
v 46.69438552856445 -9.685897827148438 39.74098587036133
v 46.7002067565918 -7.067816734313965 41.38051986694336
v 46.31767272949219 11.86518383026123 497.67034912109375
v 46.42618179321289 11.7649564743042 447.6298522949219
v 46.067874908447266 12.641554832458496 493.44854736328125
v 45.958038330078125 12.429736137390137 520.417724609375
v 46.64102554321289 12.200060844421387 444.3312683105469
v 46.57793426513672 13.211713790893555 491.5205078125
v 46.16080093383789 12.806650161743164 506.5921936035156
v 47.14441680908203 15.268180847167969 519.3569946289062
v 46.33159637451172 15.928543090820312 506.2562255859375
v 46.39653778076172 16.04593276977539 518.7551879882812
v 46.12509536743164 17.37725257873535 428.9961242675781
v 46.12791442871094 16.807987213134766 503.7574768066406
v 46.10881042480469 17.274208068847656 444.7171630859375
v 46.68632888793945 16.998844146728516 451.5729064941406
v 46.48464584350586 16.82771110534668 501.81475830078125
v 46.53227996826172 19.071430206298828 426.8976135253906
v 46.61677551269531 17.482019424438477 442.7666015625
v 46.685272216796875 17.707317352294922 491.9437561035156
v 46.41101837158203 18.779129028320312 461.64337158203125
v 46.055782318115234 20.000171661376953 435.3506164550781
v 46.57187271118164 18.37970542907715 488.39678955078125
v 46.3198127746582 20.48287582397461 475.44427490234375
v 46.58426284790039 20.491296768188477 434.0021057128906
v 46.27019119262695 22.26250457763672 250.671875
v 47.138668060302734 22.58234405517578 400.76043701171875
v 45.93267822265625 23.127952575683594 244.64158630371094
v 46.26862716674805 22.265182495117188 255.73056030273438
v 46.50114059448242 24.02792739868164 248.69444274902344
v 46.88275146484375 23.28777313232422 266.3736877441406
v 46.89799499511719 21.270780563354492 428.2801208496094
v 46.205875396728516 21.867507934570312 429.24591064453125
v 46.647132873535156 24.019718170166016 557.969482421875
v 47.667354583740234 25.62084197998047 379.526123046875
v 46.7912712097168 27.172752380371094 557.408935546875
v 46.07710647583008 26.4123477935791 245.52415466308594
v 45.86951446533203 27.746963500976562 553.458251953125
v 47.6629753112793 29.05440902709961 379.0695495605469
v 46.07205581665039 29.300891876220703 554.3486938476562
v 46.11383056640625 29.778905868530273 552.0115966796875
v 46.79008865356445 31.505958557128906 249.19967651367188
v 46.95427703857422 29.62822914123535 433.7685241699219
v 46.745574951171875 32.96134948730469 434.28173828125
v 46.95201873779297 33.42154312133789 549.3641357421875
v 46.51358413696289 32.96905517578125 443.6881103515625
v 46.25693130493164 34.37310791015625 439.0696716308594
v 47.40242004394531 35.21649932861328 448.5710754394531
v 47.087806701660156 35.733150482177734 442.9959716796875
v 47.796363830566406 37.08909225463867 444.5460510253906
v 47.589210510253906 37.19467544555664 446.6814880371094
v 46.06050491333008 39.827392578125 418.7136535644531
v 45.808536529541016 41.947059631347656 415.26385498046875
v 46.186073303222656 40.08073806762695 415.5164489746094
v 46.452205657958984 39.87746810913086 417.01129150390625
v 45.89244079589844 41.93668746948242 417.2829284667969
v 46.98657989501953 44.34476089477539 406.9064636230469
v 46.19843292236328 44.11004638671875 415.4721374511719
v 45.97450256347656 43.4030876159668 417.6719665527344
v 46.75817108154297 45.24048614501953 294.0091552734375
v 47.16752624511719 47.529293060302734 295.8433532714844
v 47.294315338134766 49.27882385253906 396.75360107421875
v 47.049285888671875 50.67224884033203 373.3801574707031
v 47.809303283691406 55.39429473876953 300.8784484863281
v 46.69757080078125 57.553253173828125 392.3792419433594
v 46.79964065551758 60.842247009277344 301.7462463378906
v 47.13300323486328 60.25000762939453 267.77923583984375
v 47.383323669433594 60.25288772583008 268.32928466796875
v 47.321556091308594 61.121891021728516 270.2627868652344
v 46.84580612182617 61.28548812866211 362.090576171875
v 46.341487884521484 68.39532470703125 296.0504150390625
v 46.69358444213867 68.57807159423828 380.8271179199219
v 46.209346771240234 68.20499420166016 358.9078369140625
v 46.06575393676758 70.28516387939453 360.0534973144531
v 46.56342697143555 73.24954223632812 363.65814208984375
v 46.10188293457031 72.84691619873047 369.5098571777344
v 46.86054229736328 12.021281242370605 456.2510986328125
v 46.74428939819336 13.051026344299316 500.185791015625
v 46.48651885986328 12.602437019348145 516.8955078125
v 46.51805877685547 13.776683807373047 461.0804748535156
v 46.62285614013672 12.618885040283203 512.05419921875
v 46.72736358642578 13.128859519958496 520.37451171875
v 46.7763786315918 13.804817199707031 521.2215576171875
v 46.65010452270508 14.250442504882812 488.34326171875
v 46.60515213012695 13.618847846984863 502.61224365234375
v 46.62031555175781 14.264474868774414 436.6054992675781
v 47.086483001708984 15.00682258605957 435.0120849609375
v 46.675662994384766 14.963653564453125 465.74188232421875
v 46.69508361816406 15.823628425598145 479.72833251953125
v 46.54170608520508 15.943807601928711 473.8855895996094
v 46.87415313720703 15.084576606750488 510.5850524902344
v 46.59376907348633 16.1074275970459 515.15087890625
v 46.98257064819336 15.213190078735352 496.3151550292969
v 46.622215270996094 16.287071228027344 494.5332336425781
v 46.638912200927734 17.141599655151367 448.5364685058594
v 46.72957229614258 17.56006622314453 456.1298522949219
v 46.85821533203125 19.676599502563477 464.7355651855469
v 47.09562683105469 20.47756576538086 469.6813049316406
v 46.93083953857422 20.381113052368164 427.07415771484375
v 46.544715881347656 23.502281188964844 251.36703491210938
v 47.174110412597656 24.77418327331543 554.75634765625
v 47.73695755004883 26.936098098754883 557.3955078125
v 46.65415954589844 26.33196449279785 248.02212524414062
v 47.31955337524414 27.39669418334961 277.3912353515625
v 46.125606536865234 30.335710525512695 553.2368774414062
v 47.33087921142578 28.146005630493164 429.2132568359375
v 46.831687927246094 31.364797592163086 553.383544921875
v 46.90306091308594 32.205162048339844 445.6542053222656
v 47.116580963134766 32.48257827758789 552.5833740234375
v 47.284244537353516 33.56595993041992 435.5520935058594
v 46.57892990112305 33.7071647644043 437.24237060546875
v 47.02619934082031 33.91476821899414 551.5584716796875
v 47.45743179321289 36.46149444580078 443.4348449707031
v 46.49755859375 37.95360565185547 436.1995849609375
v 46.879573822021484 38.775634765625 415.4198913574219
v 48.540836334228516 40.95878219604492 253.1860809326172
v 48.166725158691406 41.55104446411133 291.9612121582031
v 46.68379592895508 43.424522399902344 400.6381530761719
v 46.77023696899414 42.54560470581055 401.4869689941406
v 46.98781967163086 45.32061767578125 411.3532409667969
v 46.47547149658203 44.725833892822266 419.75787353515625
v 46.97901153564453 45.49913024902344 416.4160461425781
v 47.65296936035156 48.414390563964844 255.7772979736328
v 47.776588439941406 45.99789047241211 254.5755157470703
v 47.29905319213867 52.358665466308594 372.18035888671875
v 47.589256286621094 52.94852828979492 395.11962890625
v 48.16211700439453 56.63108825683594 262.9890441894531
v 47.05986022949219 55.90381622314453 368.18975830078125
v 46.97368240356445 58.30466079711914 364.5435791015625
v 47.11863708496094 63.03227615356445 359.1976623535156
v 46.66997146606445 65.61659240722656 302.1495666503906
v 47.8760986328125 66.80775451660156 281.1437683105469
v 46.602535247802734 67.5025634765625 301.048583984375
v 46.70318603515625 66.27894592285156 358.170166015625
v 47.43638610839844 70.171142578125 293.9828796386719
v 46.327816009521484 69.28865814208984 356.3659362792969
v 46.031131744384766 69.22522735595703 354.9910888671875
v 46.334285736083984 71.63838958740234 356.83758544921875
v 46.13003158569336 73.00685119628906 356.441162109375
v 46.26885986328125 70.57689666748047 352.5011901855469
v 46.21665954589844 73.05333709716797 353.6833190917969
v 46.50004196166992 72.53502655029297 361.2776794433594
v 46.78985595703125 75.53434753417969 354.70880126953125
v 47.36140441894531 -20.985624313354492 55.90928649902344
v 49.29389572143555 -17.56351661682129 57.98374557495117
v 49.79447555541992 -15.341079711914062 58.468955993652344
v 48.612613677978516 -4.597898960113525 50.84514236450195
v 47.23395538330078 11.573845863342285 451.7275390625
v 46.827919006347656 13.230263710021973 493.7673034667969
v 47.126407623291016 12.906553268432617 497.6566162109375
v 47.090087890625 12.975335121154785 507.7745361328125
v 47.00819778442383 13.499835968017578 440.20208740234375
v 47.43527603149414 15.729460716247559 433.1659240722656
v 47.344852447509766 15.556601524353027 467.31097412109375
v 47.19013595581055 17.238197326660156 430.1935729980469
v 47.05937576293945 16.529550552368164 475.9125671386719
v 47.08460998535156 16.46647071838379 504.1474304199219
v 47.170310974121094 18.37396240234375 439.9815673828125
v 48.21146011352539 18.999631881713867 396.3196716308594
v 46.956138610839844 19.045989990234375 481.26177978515625
v 47.09756088256836 20.04886245727539 474.7292175292969
v 47.4771728515625 20.386272430419922 432.9936218261719
v 47.116004943847656 24.041128158569336 254.18780517578125
v 48.32830810546875 23.55592155456543 380.6461181640625
v 48.09407424926758 24.803159713745117 555.5610961914062
v 49.40557098388672 28.35504913330078 403.0340270996094
v 46.80466079711914 25.973037719726562 249.63485717773438
v 48.336387634277344 26.278764724731445 273.9300537109375
v 47.06966781616211 27.076045989990234 552.636962890625
v 47.51418685913086 27.41887664794922 430.46881103515625
v 48.36372375488281 31.22197914123535 281.95654296875
v 47.19380569458008 30.118261337280273 550.6920776367188
v 48.106849670410156 30.1072998046875 434.38873291015625
v 47.32512664794922 32.19004440307617 444.4125061035156
v 47.160335540771484 33.37803649902344 447.778564453125
v 47.78573226928711 33.5118522644043 250.91397094726562
v 47.097373962402344 33.92538833618164 284.7364196777344
v 47.18266296386719 34.9241828918457 440.8197326660156
v 47.139923095703125 35.776397705078125 440.85107421875
v 48.69955062866211 35.48066329956055 376.7976379394531
v 47.7895622253418 37.008819580078125 440.70916748046875
v 47.15876007080078 36.60751724243164 412.5132141113281
v 48.386932373046875 36.23007583618164 447.3255920410156
v 47.24757385253906 38.36648178100586 432.13421630859375
v 46.97892379760742 38.58943557739258 418.5555114746094
v 48.01673126220703 43.15705871582031 403.0162353515625
v 47.26152801513672 43.925533294677734 424.15277099609375
v 47.83418655395508 47.527549743652344 373.9739990234375
v 48.30340576171875 50.01694107055664 298.1372375488281
v 48.845157623291016 50.31846618652344 257.7431640625
v 48.0775260925293 58.74051284790039 265.4158935546875
v 48.673038482666016 60.68113327026367 269.5249938964844
v 47.3897705078125 63.12470626831055 303.7567138671875
v 47.17526626586914 65.8803482055664 353.9937438964844
v 47.02570343017578 66.36019897460938 355.9057922363281
v 46.881065368652344 69.56237030029297 299.6217346191406
v 47.09469985961914 67.54654693603516 351.62481689453125
v 47.3851318359375 69.34033203125 289.4896545410156
v 46.99314498901367 74.37379455566406 357.5431823730469
v 46.798423767089844 71.798828125 350.6072082519531
v 46.86753845214844 74.25250244140625 351.6447448730469
v 47.71406173706055 74.83329772949219 362.7091369628906
v 47.471641540527344 74.21587371826172 370.32000732421875
v 47.48860168457031 76.25053405761719 357.9264831542969
v 48.28165817260742 -21.75712776184082 52.99401092529297
v 48.438968658447266 -15.559261322021484 39.56714630126953
v 49.59893798828125 -8.54957389831543 56.3753662109375
v 48.642967224121094 -4.949052810668945 42.465911865234375
v 47.99764633178711 -4.318967342376709 46.38653564453125
v 47.849212646484375 12.384879112243652 444.6424560546875
v 47.20173645019531 13.609542846679688 495.71630859375
v 47.268585205078125 12.980892181396484 510.1256103515625
v 47.378257751464844 12.936498641967773 515.4723510742188
v 47.82729721069336 12.595874786376953 456.76531982421875
v 47.300785064697266 14.060009956359863 501.6495666503906
v 47.31452941894531 13.806546211242676 505.0856628417969
v 47.809505462646484 14.393745422363281 437.391845703125
v 47.43699645996094 14.461593627929688 461.53863525390625
v 47.443885803222656 14.319324493408203 491.2347717285156
v 47.28714370727539 14.701155662536621 494.2623596191406
v 47.76724624633789 15.210334777832031 491.6897277832031
v 47.46751403808594 15.505904197692871 487.6468505859375
v 47.56684112548828 16.749834060668945 491.5210876464844
v 47.436832427978516 16.16796112060547 502.3580627441406
v 47.20083999633789 15.487178802490234 505.95556640625
v 47.49617004394531 15.69641399383545 515.3580322265625
v 47.41783905029297 16.90806007385254 479.7901306152344
v 47.82744598388672 17.04303741455078 447.838134765625
v 47.53691101074219 16.85017204284668 450.2121887207031
v 47.863277435302734 16.737573623657227 453.1233825683594
v 47.788822174072266 17.209854125976562 442.6538391113281
v 47.710697174072266 17.29288673400879 457.1602478027344
v 47.568084716796875 16.895071029663086 488.39862060546875
v 47.30473327636719 18.362842559814453 482.0267333984375
v 47.48747253417969 18.191261291503906 461.91241455078125
v 47.441497802734375 20.670635223388672 430.90386962890625
v 48.3828239440918 25.038639068603516 257.9957275390625
v 48.80418014526367 24.435882568359375 264.6917724609375
v 48.912471771240234 24.701656341552734 267.87750244140625
v 47.61992645263672 26.500022888183594 252.26190185546875
v 48.62812042236328 27.03456687927246 275.4239807128906
v 48.437686920166016 26.526626586914062 432.0099792480469
v 48.2339973449707 27.342262268066406 433.2626953125
v 47.45795822143555 28.86278533935547 250.6675262451172
v 48.22425842285156 30.088281631469727 405.97308349609375
v 47.44801712036133 31.21285629272461 549.8464965820312
v 48.48955154418945 32.03670120239258 282.491455078125
v 48.108036041259766 33.16103744506836 284.0724792480469
v 48.09529113769531 33.58465576171875 423.9944152832031
v 47.84368896484375 33.2358283996582 442.9203186035156
v 47.52059555053711 33.921302795410156 440.0772705078125
v 48.32625961303711 32.224124908447266 550.7764282226562
v 48.270870208740234 34.42612075805664 410.6566467285156
v 48.15540313720703 37.57255554199219 415.6697082519531
v 47.78790283203125 37.81474304199219 438.6794738769531
v 47.49247741699219 37.9120979309082 436.5032958984375
v 48.19855880737305 38.713497161865234 289.7117614746094
v 47.91135025024414 39.72404861450195 430.2719421386719
v 48.99026870727539 41.32371139526367 375.1001281738281
v 48.32468795776367 41.798301696777344 427.96331787109375
v 50.15665817260742 45.440250396728516 399.3736572265625
v 47.60334777832031 45.6112174987793 420.6779479980469
v 47.6917839050293 53.5730094909668 370.5644226074219
v 48.4680290222168 58.35233688354492 303.1542053222656
v 48.63242721557617 59.455108642578125 361.51580810546875
v 49.84292984008789 64.84614562988281 276.0243835449219
v 48.647579193115234 66.49635314941406 386.11944580078125
v 48.16828918457031 63.692535400390625 357.1225280761719
v 47.0368766784668 69.23760223388672 304.2119140625
v 47.32879638671875 67.33415985107422 305.7356872558594
v 47.38138198852539 69.1651382446289 349.70440673828125
v 47.729976654052734 71.56875610351562 297.97650146484375
v 47.19099426269531 71.4291000366211 303.0120849609375
v 47.15593719482422 73.31407928466797 348.82275390625
v 48.45673370361328 74.74857330322266 372.2931823730469
v 47.511085510253906 76.25059509277344 350.10406494140625
v 47.094661712646484 73.48715209960938 347.1137390136719
v 47.364959716796875 76.46379852294922 348.3315124511719
v 47.46636199951172 76.56575775146484 352.73284912109375
v 48.1513671875 -21.893512725830078 50.114990234375
v 49.376686096191406 -20.134042739868164 44.92197036743164
v 49.0393180847168 -11.176222801208496 38.16566467285156
v 48.72953796386719 -8.687911987304688 38.89322280883789
v 48.750831604003906 -6.533581256866455 40.256465911865234
v 48.708900451660156 -6.882328510284424 55.08046340942383
v 48.181297302246094 11.969660758972168 451.906982421875
v 48.05631637573242 13.743355751037598 441.04486083984375
v 47.67245101928711 13.682023048400879 507.8878479003906
v 47.92469024658203 13.871658325195312 512.32080078125
v 47.91852569580078 13.668959617614746 516.1264038085938
v 47.641807556152344 14.896385192871094 501.4669494628906
v 47.5499267578125 14.088228225708008 510.07037353515625
v 47.86081314086914 14.73788833618164 503.8341064453125
v 47.59867858886719 14.75998592376709 506.8155212402344
v 47.98590087890625 14.62409782409668 516.6173095703125
v 47.80595016479492 14.845481872558594 513.2738647460938
v 48.02792739868164 15.725420951843262 463.63067626953125
v 47.821266174316406 15.605018615722656 503.8113708496094
v 48.150970458984375 16.61079978942871 469.51983642578125
v 47.605674743652344 17.646991729736328 476.79779052734375
v 49.24305725097656 18.363609313964844 393.35040283203125
v 48.1513557434082 18.4049129486084 438.3110656738281
v 48.1924934387207 16.888072967529297 458.1512145996094
v 47.6806640625 18.483610153198242 476.4729309082031
v 47.976165771484375 18.79378318786621 464.91009521484375
v 48.02587127685547 18.84397315979004 436.453369140625
v 48.08700942993164 19.63690948486328 469.4306335449219
v 47.89089584350586 19.738773345947266 430.21453857421875
v 48.1917839050293 18.614097595214844 430.9130859375
v 48.84407424926758 21.71464729309082 399.0793151855469
v 49.69253158569336 22.995820999145508 381.987060546875
v 48.49481964111328 25.445642471313477 556.4171142578125
v 51.32342529296875 28.830856323242188 402.5902404785156
v 48.18577575683594 26.587886810302734 557.119873046875
v 48.40340805053711 28.101926803588867 551.7416381835938
v 49.42626953125 28.675458908081055 278.2027587890625
v 48.920684814453125 27.965423583984375 428.64483642578125
v 48.49411392211914 31.794376373291016 251.97183227539062
v 48.742340087890625 30.03268814086914 379.53082275390625
v 48.11033630371094 30.71328353881836 550.7721557617188
v 48.335689544677734 31.04400634765625 553.9332885742188
v 48.02988052368164 33.087284088134766 434.31292724609375
v 48.40334701538086 32.11723327636719 445.0630187988281
v 48.782955169677734 32.400753021240234 446.17950439453125
v 48.33253860473633 33.86863327026367 437.2247009277344
v 48.64500045776367 33.42624282836914 439.92425537109375
v 48.057777404785156 33.59307098388672 441.7257995605469
v 48.517822265625 35.94487762451172 412.80401611328125
v 48.81792449951172 36.594154357910156 420.2535400390625
v 48.48517608642578 37.162925720214844 442.9219970703125
v 48.810821533203125 37.46174240112305 418.455810546875
v 47.95109939575195 37.998714447021484 434.0227355957031
v 48.316444396972656 37.94207763671875 417.08599853515625
v 48.483856201171875 44.072940826416016 424.68609619140625
v 48.49187088012695 42.683101654052734 401.2813720703125
v 48.73044204711914 45.1995735168457 407.09478759765625
v 48.35749816894531 46.298892974853516 411.18719482421875
v 48.26688003540039 46.718814849853516 416.9015197753906
v 48.667510986328125 57.779640197753906 393.60308837890625
v 48.54325485229492 61.56514358520508 390.9257507324219
v 47.96053695678711 65.5744857788086 307.03106689453125
v 48.365203857421875 69.34236145019531 381.99267578125
v 47.71137237548828 69.06857299804688 308.4525146484375
v 47.434932708740234 72.2735366821289 306.2765808105469
v 48.546531677246094 71.63107299804688 378.7337341308594
v 47.57573699951172 70.58676147460938 347.89453125
v 47.8603630065918 73.19715118408203 300.9903869628906
v 47.49327850341797 72.02922058105469 309.6133117675781
v 48.14698028564453 72.99920654296875 343.2769775390625
v 47.58698272705078 70.32137298583984 346.6444396972656
v 47.53391647338867 74.3532943725586 308.03314208984375
v 48.60015869140625 74.21733093261719 374.4512939453125
v 48.16437530517578 75.39994812011719 304.16558837890625
v 47.68045425415039 75.26848602294922 310.39984130859375
v 47.814945220947266 71.77487182617188 312.1947326660156
v 47.554481506347656 72.8576431274414 312.51934814453125
v 47.54682540893555 76.70809173583984 313.015869140625
v 47.577327728271484 73.900390625 314.35260009765625
v 49.49302291870117 76.54122161865234 363.9744567871094
v 47.52630615234375 73.45780944824219 315.5616455078125
v 47.51091766357422 76.7433090209961 317.4975891113281
v 47.825767517089844 74.05125427246094 318.8213806152344
v 47.44679641723633 77.24581146240234 313.5402526855469
v 47.49961853027344 76.33434295654297 319.4766845703125
v 48.57991027832031 76.99402618408203 358.7337951660156
v 48.29897689819336 76.43343353271484 343.0491027832031
v 48.17108154296875 78.93216705322266 349.7607421875
v 47.88340759277344 77.5767822265625 355.9339294433594
v 47.734771728515625 79.26473999023438 316.6923828125
v 47.48435592651367 78.51876068115234 318.83807373046875
v 47.65837860107422 78.39886474609375 326.0903015136719
v 47.7425537109375 80.32823944091797 328.87481689453125
v 47.76044845581055 76.82543182373047 328.9269104003906
v 47.70420837402344 80.66729736328125 323.734619140625
v 47.81270980834961 80.75601959228516 318.32275390625
v 48.7246208190918 -19.141042709350586 57.26637649536133
v 49.398460388183594 -17.729656219482422 41.03720474243164
v 49.73161697387695 -10.21566104888916 57.53569793701172
v 50.50995635986328 -5.4871110916137695 52.26451873779297
v 48.61528015136719 12.550277709960938 447.6466064453125
v 48.49995422363281 12.795374870300293 454.1105041503906
v 48.55181884765625 13.324984550476074 456.7771911621094
v 48.23656463623047 15.141234397888184 460.25299072265625
v 48.22023391723633 15.882612228393555 435.21038818359375
v 48.545562744140625 17.206119537353516 433.1650085449219
v 48.55910873413086 16.64040184020996 442.29339599609375
v 48.38084030151367 16.398380279541016 450.8470153808594
v 48.191261291503906 16.686084747314453 461.51922607421875
v 48.54107666015625 17.79200553894043 469.3525390625
v 48.48591232299805 18.682098388671875 469.5575256347656
v 48.45735549926758 19.03788185119629 433.2911376953125
v 49.740169525146484 20.746604919433594 383.93719482421875
v 48.83324432373047 26.570205688476562 256.1824035644531
v 48.83931350708008 27.36172103881836 552.7254638671875
v 49.037872314453125 28.365615844726562 254.4921875
v 49.65519714355469 27.25776481628418 434.4090270996094
v 48.963748931884766 29.887840270996094 253.3633270263672
v 51.13178634643555 34.139915466308594 377.1506042480469
v 48.685794830322266 31.976062774658203 426.7256164550781
v 48.4964714050293 31.702932357788086 552.0542602539062
v 49.026981353759766 32.799869537353516 443.36529541015625
v 49.04880905151367 32.956382751464844 446.75787353515625
v 49.17565155029297 32.12608337402344 408.2054138183594
v 49.53936004638672 34.24849319458008 447.05609130859375
v 49.837738037109375 37.133766174316406 376.1807556152344
v 48.73704528808594 36.996517181396484 445.1853942871094
v 49.34785461425781 37.24464797973633 438.13824462890625
v 48.651771545410156 37.333534240722656 436.4521789550781
v 48.680152893066406 38.70886993408203 252.5651397705078
v 48.877685546875 38.07415008544922 431.96356201171875
v 49.11420440673828 44.34004211425781 374.0801696777344
v 49.48458480834961 44.89033889770508 405.90350341796875
v 49.39665222167969 43.59833908081055 293.5146789550781
v 48.66153335571289 45.84418487548828 421.5931701660156
v 49.11476135253906 49.653968811035156 372.4924621582031
v 49.68227005004883 51.87919998168945 259.1527404785156
v 49.42897033691406 53.87455749511719 301.3091735839844
v 49.94696807861328 51.03968048095703 371.10382080078125
v 50.05014419555664 52.76128005981445 396.3795471191406
v 49.17996597290039 55.49692153930664 365.8744812011719
v 49.93196487426758 57.29880905151367 264.2669677734375
v 48.74819564819336 60.66891098022461 304.99249267578125
v 49.063236236572266 60.59123229980469 358.9638671875
v 49.09874725341797 65.74701690673828 310.1866455078125
v 48.685272216796875 63.63992691040039 353.601318359375
v 48.62288284301758 63.5338020324707 355.7455139160156
v 48.22773742675781 65.94788360595703 350.6651306152344
v 49.3657341003418 68.98533630371094 283.8054504394531
v 48.73371124267578 67.57893371582031 347.31103515625
v 49.65965270996094 70.0169677734375 285.8950500488281
v 48.789833068847656 67.71583557128906 345.83673095703125
v 48.911041259765625 70.7547836303711 380.1859436035156
v 49.12073516845703 71.50751495361328 291.77471923828125
v 48.40919876098633 69.69193267822266 313.95477294921875
v 48.183753967285156 71.28001403808594 315.6152038574219
v 48.52640914916992 72.71980285644531 296.9190368652344
v 48.57197952270508 70.23487091064453 316.5132751464844
v 48.59505081176758 71.39466857910156 319.0693664550781
v 48.34404373168945 73.09284210205078 321.8487548828125
v 48.41554260253906 77.22746276855469 306.04095458984375
v 48.266761779785156 74.23712921142578 328.3624572753906
v 48.080631256103516 75.15081787109375 325.65948486328125
v 48.04044723510742 77.03331756591797 309.3955383300781
v 48.069847106933594 74.84112548828125 341.7506408691406
v 48.17472457885742 76.61637878417969 338.99432373046875
v 48.11149597167969 77.29181671142578 342.5650329589844
v 48.86781311035156 76.6926040649414 361.68450927734375
v 48.59745788574219 78.50196838378906 343.8849792480469
v 48.71635818481445 77.89970397949219 358.51495361328125
v 48.51279830932617 79.51367950439453 348.0933837890625
v 48.63031005859375 78.79966735839844 352.0001525878906
v 48.519134521484375 80.68461608886719 311.76995849609375
v 48.10600280761719 79.30440521240234 332.0191955566406
v 48.169734954833984 77.13953399658203 332.2452697753906
v 48.23650360107422 81.10359191894531 315.779052734375
v 48.61344909667969 83.08609771728516 317.1629333496094
v 48.64472198486328 82.29023742675781 332.5214538574219
v 48.210166931152344 82.99088287353516 322.7848205566406
v 48.43619918823242 83.42284393310547 329.12554931640625
v 49.85670471191406 -21.272235870361328 50.85054397583008
v 50.37339782714844 -20.492942810058594 46.532928466796875
v 49.284706115722656 -20.4816837310791 55.08021545410156
v 49.86476135253906 -13.811141967773438 38.27602767944336
v 49.99466323852539 -4.101004600524902 48.4620361328125
v 49.11094284057617 12.910449028015137 451.7652282714844
v 48.92577362060547 13.409509658813477 444.40966796875
v 48.74300765991211 14.136735916137695 442.4278564453125
v 48.69358444213867 15.194684982299805 437.7950744628906
v 48.79991149902344 15.89700698852539 457.247802734375
v 48.74753189086914 17.14542579650879 435.76788330078125
v 49.168212890625 15.872241020202637 447.3899230957031
v 48.84141159057617 15.71166706085205 453.4532165527344
v 48.44215774536133 17.44246482849121 465.24749755859375
v 50.34960174560547 18.81522560119629 390.2349548339844
v 48.856605529785156 17.51116180419922 437.6739807128906
v 50.16657257080078 21.283702850341797 397.45635986328125
v 50.846275329589844 31.229774475097656 280.53204345703125
v 49.27341842651367 29.010377883911133 428.0785827636719
v 50.346439361572266 30.060678482055664 434.73553466796875
v 50.26773452758789 33.57337951660156 440.24993896484375
v 49.055152893066406 34.93101501464844 435.0553894042969
v 49.89064407348633 35.065269470214844 285.7373962402344
v 50.40050506591797 38.216819763183594 254.12710571289062
v 49.126651763916016 36.89096450805664 434.29443359375
v 49.81962966918945 44.188758850097656 424.55810546875
v 49.493282318115234 43.994319915771484 254.6717529296875
v 50.2608757019043 47.36687469482422 372.8566589355469
v 49.68101119995117 47.00721740722656 256.0316162109375
v 49.347686767578125 46.73491668701172 419.58233642578125
v 49.92156219482422 54.3346061706543 367.2291259765625
v 49.76713562011719 56.59636306762695 363.7073974609375
v 49.3519172668457 59.492271423339844 267.0765380859375
v 49.69194030761719 66.79766845703125 279.8298645019531
v 48.71246337890625 68.99987030029297 313.4599609375
v 49.68704605102539 70.28291320800781 287.04669189453125
v 49.0880126953125 70.08032989501953 342.4783935546875
v 48.82672119140625 74.92660522460938 299.6976623535156
v 48.941429138183594 71.0595474243164 340.4976501464844
v 48.4315299987793 73.98760986328125 338.674072265625
v 48.46177673339844 73.36002349853516 341.974365234375
v 49.09994888305664 72.29640197753906 325.7253112792969
v 48.36061096191406 74.74510192871094 336.6589660644531
v 49.013126373291016 71.82508850097656 336.8268737792969
v 48.70919418334961 74.0079345703125 331.7698974609375
v 48.50545883178711 76.05902862548828 332.4268493652344
v 49.03513717651367 75.47348022460938 332.65655517578125
v 48.38313293457031 77.68873596191406 335.67926025390625
v 48.82159423828125 77.55565643310547 333.2513732910156
v 48.8084716796875 78.98524475097656 308.17901611328125
v 48.546199798583984 79.5713882446289 340.0965881347656
v 48.30509567260742 79.23471069335938 338.78741455078125
v 49.76043701171875 79.63339233398438 357.234130859375
v 48.40842819213867 79.63340759277344 333.2348327636719
v 49.13571548461914 80.94750213623047 344.1316223144531
v 49.130859375 80.91987609863281 333.8710021972656
v 48.693355560302734 81.21179962158203 333.6172180175781
v 49.33929443359375 83.56312561035156 314.8350830078125
v 48.959800720214844 85.0612564086914 323.414794921875
v 50.90668487548828 -18.389095306396484 41.5361328125
v 50.797061920166016 -13.958788871765137 57.887020111083984
v 51.223426818847656 -3.707963705062866 43.841148376464844
v 49.158042907714844 13.40421199798584 449.7041320800781
v 49.10628890991211 14.234149932861328 453.9607238769531
v 49.0263671875 14.392072677612305 456.3744812011719
v 49.026302337646484 15.144776344299316 442.4498291015625
v 49.06752395629883 16.19521141052246 437.81182861328125
v 48.857749938964844 16.04264259338379 442.0544738769531
v 49.24237823486328 15.091225624084473 450.26055908203125
v 49.48480224609375 14.947733879089355 451.63800048828125
v 51.333587646484375 26.702659606933594 264.4563293457031
v 49.591182708740234 25.89918327331543 430.7445373535156
v 49.36209487915039 27.249755859375 554.0322875976562
v 49.531951904296875 28.437252044677734 554.3734130859375
v 49.39675521850586 30.143054962158203 553.8025512695312
v 49.539676666259766 29.549697875976562 552.2564697265625
v 50.34619903564453 33.473445892333984 283.18536376953125
v 49.736942291259766 34.25505065917969 433.8592834472656
v 49.2862434387207 34.88020324707031 437.0909423828125
v 49.807064056396484 34.04310607910156 410.44854736328125
v 49.9427375793457 35.440696716308594 412.5816650390625
v 50.40830993652344 38.14391326904297 288.9500732421875
v 49.422325134277344 37.39943313598633 441.48858642578125
v 50.09588623046875 42.973655700683594 402.6924743652344
v 50.64773941040039 48.689422607421875 298.2271728515625
v 50.374656677246094 46.974342346191406 411.3034973144531
v 49.93242645263672 48.7003173828125 397.9753723144531
v 49.92816162109375 47.424476623535156 416.566162109375
v 50.24222946166992 50.5067138671875 397.44927978515625
v 50.052207946777344 52.63268280029297 369.49554443359375
v 50.80913162231445 55.78584671020508 303.8407287597656
v 50.80458068847656 58.94417953491211 267.2922668457031
v 49.898860931396484 61.85417556762695 356.7223205566406
v 50.00999450683594 64.63157653808594 311.0437927246094
v 49.6858024597168 64.04840087890625 350.358154296875
v 50.212059020996094 65.94943237304688 387.8721008300781
v 49.88021469116211 66.9796142578125 315.1586608886719
v 50.00471115112305 67.95883178710938 317.9989318847656
v 49.4526252746582 70.88197326660156 322.8951721191406
v 49.70423126220703 69.72752380371094 340.938720703125
v 49.24568176269531 71.74425506591797 328.5085754394531
v 49.02389144897461 71.76498413085938 338.4533386230469
v 49.61697769165039 78.53296661376953 303.7504577636719
v 48.90412139892578 79.38426208496094 333.6641540527344
v 49.897281646728516 80.15576171875 354.559814453125
v 49.33909606933594 80.65176391601562 344.96246337890625
v 49.986080169677734 80.85509490966797 352.5121765136719
v 49.62934494018555 82.55284881591797 340.6560974121094
v 49.17945098876953 82.10901641845703 337.3836364746094
v 49.50407028198242 82.24885559082031 334.50933837890625
v 49.51752853393555 82.71511840820312 339.9353942871094
v 49.306358337402344 83.34151458740234 334.148681640625
v 49.39622116088867 85.28337097167969 330.74066162109375
v 50.48808670043945 -20.409866333007812 53.52718734741211
v 50.510406494140625 -12.008715629577637 57.79100799560547
v 49.67692947387695 -8.4358549118042 38.66940689086914
v 50.05912780761719 -11.523619651794434 37.90507888793945
v 49.769229888916016 -6.759638786315918 39.6237907409668
v 50.972835540771484 -3.591564178466797 45.84322738647461
v 49.45428466796875 14.168872833251953 447.1701965332031
v 50.449363708496094 19.635969161987305 386.8592224121094
v 52.555946350097656 27.9457950592041 401.4374084472656
v 50.769840240478516 26.064512252807617 266.40625
v 51.644126892089844 28.055368423461914 261.06292724609375
v 51.77132797241211 28.059249877929688 381.5126037597656
v 51.34047317504883 27.250205993652344 271.5292663574219
v 51.07465362548828 27.62470054626465 273.58905029296875
v 50.27259826660156 26.60112190246582 429.34771728515625
v 50.00410461425781 30.74017333984375 406.5378723144531
v 50.01760482788086 30.455089569091797 427.8184814453125
v 50.153751373291016 32.72784423828125 427.1846008300781
v 51.023746490478516 31.93723487854004 280.89117431640625
v 51.49198532104492 32.92060852050781 282.1230163574219
v 50.30647659301758 32.000640869140625 433.9073181152344
v 50.31529235839844 33.25708770751953 444.68475341796875
v 49.8099250793457 33.397579193115234 441.68792724609375
v 51.6336555480957 34.76679992675781 255.654296875
v 49.24085235595703 35.93012619018555 436.18438720703125
v 49.90629196166992 35.97746658325195 437.791748046875
v 51.29976272583008 36.455570220947266 255.0545196533203
v 50.41171646118164 37.1877326965332 417.0100402832031
v 49.710838317871094 36.68452453613281 445.2169189453125
v 49.90293884277344 38.0232048034668 431.004638671875
v 50.309513092041016 37.15848159790039 441.1402587890625
v 49.75912857055664 39.46209716796875 429.65142822265625
v 50.127655029296875 42.439083099365234 426.7632751464844
v 50.540096282958984 41.30658721923828 291.7352294921875
v 50.42721939086914 42.37771224975586 401.25836181640625
v 50.2254638671875 45.74464416503906 422.38641357421875
v 51.036075592041016 52.7357177734375 301.53533935546875
v 50.6358528137207 56.697547912597656 394.99542236328125
v 50.53799819946289 55.557281494140625 262.83392333984375
v 50.519222259521484 61.663612365722656 354.8930969238281
v 50.62668991088867 65.0380859375 346.7205810546875
v 50.17790985107422 65.74991607666016 345.53192138671875
v 50.348793029785156 66.32587432861328 314.6158447265625
v 50.00990295410156 68.18941497802734 342.34698486328125
v 50.6920280456543 70.66429901123047 382.2013244628906
v 50.507720947265625 68.7442398071289 337.89361572265625
v 50.464717864990234 69.91670989990234 325.72802734375
v 49.867313385009766 71.1885757446289 331.48394775390625
v 50.08462905883789 70.16886138916016 335.0910949707031
v 49.7623176574707 72.8675765991211 332.2171325683594
v 49.928531646728516 74.83245849609375 296.78759765625
v 50.507774353027344 74.84033966064453 375.29974365234375
v 49.914276123046875 78.30711364746094 359.2689208984375
v 50.099857330322266 79.11305236816406 359.22796630859375
v 50.15516662597656 81.06927490234375 307.0103759765625
v 49.96108627319336 82.9276351928711 310.4127197265625
v 50.53334426879883 82.61221313476562 346.22430419921875
v 49.88496780395508 81.52348327636719 350.2859191894531
v 50.26362991333008 82.90130615234375 345.0012512207031
v 50.10745620727539 86.17086029052734 317.7898254394531
v 50.41441345214844 87.466552734375 329.0157775878906
v 50.8719367980957 -18.988656997680664 55.45228576660156
v 51.198429107666016 -17.64383888244629 56.31614685058594
v 50.88212585449219 -16.16529655456543 39.210289001464844
v 50.24129867553711 -5.4619340896606445 40.68714904785156
v 53.86049270629883 27.791471481323242 400.44122314453125
v 51.34971618652344 25.005718231201172 433.6931457519531
v 51.08055114746094 27.568382263183594 435.3786926269531
v 50.71541213989258 28.792173385620117 380.6083068847656
v 52.32663345336914 27.63463020324707 428.8399658203125
v 52.10042190551758 32.919395446777344 256.96356201171875
v 51.61360549926758 32.57817840576172 407.6850891113281
v 50.73172378540039 34.981082916259766 423.7830505371094
v 51.143062591552734 34.57033157348633 440.208740234375
v 50.739444732666016 36.64198684692383 420.8249206542969
v 50.61396408081055 35.110225677490234 445.6459655761719
v 50.43901443481445 35.828556060791016 432.86639404296875
v 50.93783950805664 37.15546417236328 419.1151428222656
v 50.92637252807617 36.582035064697266 440.46160888671875
v 50.85092544555664 42.05031204223633 255.07728576660156
v 51.13492202758789 48.91643142700195 372.0040283203125
v 50.73554992675781 58.353763580322266 305.8781433105469
v 50.498207092285156 57.99146270751953 361.60504150390625
v 50.31559371948242 59.86598205566406 393.1116638183594
v 51.33213424682617 58.555641174316406 266.6054992675781
v 52.22865295410156 59.14790344238281 268.5664978027344
v 50.994041442871094 62.78831100463867 391.258056640625
v 51.776912689208984 61.215980529785156 271.0423278808594
v 51.13808822631836 63.42564392089844 311.79144287109375
v 50.81364440917969 61.98848342895508 352.3540954589844
v 52.54129409790039 64.1317138671875 274.9391784667969
v 51.61195373535156 66.4625015258789 278.59027099609375
v 51.38701248168945 66.2742691040039 342.1187744140625
v 50.6369743347168 66.99895477294922 317.4396667480469
v 50.8221549987793 67.68466186523438 339.9303283691406
v 50.99248504638672 68.76546478271484 323.58984375
v 50.74329376220703 72.08136749267578 289.9587707519531
v 51.26960754394531 71.65510559082031 380.7957458496094
v 50.77427291870117 72.57227325439453 379.2847595214844
v 50.80013656616211 74.78184509277344 294.8582458496094
v 49.911720275878906 76.42739868164062 298.9476318359375
v 51.18891143798828 76.95771789550781 368.0979309082031
v 51.27166748046875 78.51717376708984 362.5929260253906
v 50.55515670776367 84.70720672607422 335.2998046875
v 50.464019775390625 84.68924713134766 337.6276550292969
v 50.6530876159668 85.61436462402344 314.6172180175781
v 50.605342864990234 85.74735260009766 335.0226135253906
v 50.20363235473633 87.27410888671875 323.9895935058594
v 51.41796875 -19.123533248901367 42.82772445678711
v 51.291202545166016 -16.081220626831055 57.073001861572266
v 51.64122772216797 -14.957771301269531 38.3687744140625
v 51.43133544921875 -3.9752819538116455 42.3969841003418
v 51.26362228393555 21.057056427001953 395.5924987792969
v 51.594764709472656 24.731855392456055 431.921142578125
v 51.52085494995117 25.76841926574707 434.882568359375
v 51.89530944824219 26.55853843688965 429.1759033203125
v 51.96067428588867 29.3229923248291 276.6431884765625
v 51.994380950927734 30.729995727539062 258.208251953125
v 50.86123275756836 34.11796569824219 441.9698486328125
v 50.87081527709961 35.99742126464844 444.02105712890625
v 51.243927001953125 35.83427429199219 286.1119689941406
v 51.34773254394531 35.91181564331055 431.37109375
v 51.40990447998047 43.24501419067383 373.7510986328125
v 51.348243713378906 44.67119216918945 256.1644287109375
v 51.35997009277344 45.14179992675781 406.57269287109375
v 51.30450439453125 46.55767059326172 409.8525085449219
v 52.27052307128906 48.11907196044922 398.555419921875
v 51.09726333618164 46.95354080200195 419.4457702636719
v 51.90650177001953 53.89821243286133 366.5225830078125
v 51.71432113647461 59.2522087097168 358.08050537109375
v 51.852386474609375 63.18156814575195 348.2414245605469
v 51.81008529663086 64.04035949707031 345.5158386230469
v 51.26510238647461 67.90444946289062 386.2572326660156
v 51.23353958129883 67.19495391845703 320.01654052734375
v 51.05475616455078 68.914306640625 327.37896728515625
v 50.90474319458008 69.43633270263672 331.01324462890625
v 50.931365966796875 75.80230712890625 372.9928283691406
v 51.34270477294922 77.49345397949219 365.18927001953125
v 50.81590270996094 80.18933868408203 303.3573913574219
v 51.189422607421875 79.25411224365234 359.7084655761719
v 51.17469024658203 82.73217010498047 351.3661804199219
v 50.958229064941406 84.58502960205078 310.6131591796875
v 51.30277633666992 85.6222152709961 340.19378662109375
v 51.33256912231445 88.00444793701172 331.9664001464844
v 51.42173385620117 88.46244812011719 320.38946533203125
v 52.09400939941406 -19.83441925048828 45.009765625
v 52.17430877685547 -10.065266609191895 36.47271728515625
v 52.33235549926758 -9.595368385314941 55.18560028076172
v 52.29587173461914 -7.473585605621338 53.72142028808594
v 51.24713897705078 -4.574896812438965 49.778404235839844
v 52.150901794433594 21.097326278686523 393.5432434082031
v 51.68614959716797 21.96258544921875 385.4631652832031
v 51.784358978271484 23.49022102355957 384.03118896484375
v 51.0112419128418 30.97397232055664 428.3946228027344
v 53.399539947509766 32.211822509765625 378.5908508300781
v 51.808006286621094 30.8425235748291 434.320556640625
v 51.5352783203125 31.13793182373047 406.0669250488281
v 51.14768981933594 33.9035530090332 428.0066833496094
v 51.45689392089844 33.953407287597656 409.6951904296875
v 51.18129348754883 32.407859802246094 432.9284362792969
v 51.099327087402344 34.686885833740234 443.6474914550781
v 51.959564208984375 35.39630889892578 412.11865234375
v 51.897193908691406 37.192020416259766 417.11566162109375
v 51.198814392089844 37.10651397705078 429.5531311035156
v 51.21159362792969 38.47019577026367 428.77069091796875
v 51.67118453979492 41.25917053222656 426.6819763183594
v 51.79187774658203 42.42732620239258 402.8793640136719
v 52.014217376708984 41.63016891479492 401.2755432128906
v 51.815303802490234 44.94549560546875 422.9512634277344
v 51.68534851074219 45.22276306152344 295.34844970703125
v 51.51890182495117 47.43825149536133 257.5735168457031
v 52.72404098510742 48.311161041259766 298.41668701171875
v 52.21425247192383 46.286895751953125 420.7023620605469
v 51.316871643066406 47.49456024169922 416.6904602050781
v 52.00691604614258 50.015872955322266 259.2337341308594
v 53.08715057373047 51.441741943359375 301.3851013183594
v 52.61520004272461 57.07907485961914 361.4696350097656
v 51.720462799072266 60.73154067993164 356.2884826660156
v 52.486690521240234 68.83407592773438 281.74554443359375
v 51.75593948364258 67.66575622558594 335.1647644042969
v 53.044071197509766 70.66424560546875 284.921630859375
v 51.13505172729492 70.00846862792969 332.10302734375
v 51.33407974243164 77.65946960449219 297.927001953125
v 52.05559158325195 83.27843475341797 306.4085998535156
v 51.998313903808594 84.13079833984375 347.56878662109375
v 51.81049728393555 85.5813980102539 341.9958190917969
v 51.88905715942383 -20.144655227661133 48.2848014831543
v 52.8739128112793 -19.431838989257812 50.03428649902344
v 52.212093353271484 -4.54310417175293 39.98123550415039
v 53.06708908081055 27.27080535888672 382.961181640625
v 52.747657775878906 24.943363189697266 430.67138671875
v 52.3486328125 28.66990089416504 435.79180908203125
v 52.11604690551758 36.3011589050293 424.2055969238281
v 51.839752197265625 35.75947189331055 426.3110656738281
v 51.251548767089844 35.5869140625 440.4254455566406
v 52.618865966796875 36.25603485107422 376.4425354003906
v 52.35123825073242 37.440670013427734 421.8106994628906
v 52.307861328125 39.9377555847168 255.98226928710938
v 52.34537887573242 40.88309860229492 374.5899658203125
v 52.34083938598633 42.54071807861328 292.5367736816406
v 52.31153869628906 42.84716033935547 424.4385986328125
v 52.11191940307617 52.03200149536133 369.11712646484375
v 53.207847595214844 53.654747009277344 262.77642822265625
v 51.99766540527344 56.39813232421875 264.3649597167969
v 53.017356872558594 56.46448516845703 306.2730407714844
v 52.51460647583008 60.235633850097656 393.5244445800781
v 53.004486083984375 57.258575439453125 395.2627868652344
v 52.42118835449219 62.368900299072266 312.4046630859375
v 52.63701629638672 63.94581985473633 315.4643859863281
v 53.222896575927734 67.76966857910156 387.2158203125
v 52.061737060546875 64.59015655517578 316.1460266113281
v 51.860774993896484 65.80987548828125 318.373779296875
v 52.694339752197266 66.07148742675781 338.2159729003906
v 52.23429870605469 66.23114013671875 340.5292663574219
v 52.42095947265625 67.46566772460938 329.8533935546875
v 52.618621826171875 70.21134948730469 284.00958251953125
v 52.483253479003906 75.58673095703125 293.5608825683594
v 52.25212478637695 76.97099304199219 295.8160705566406
v 52.63435363769531 80.78024291992188 359.7298889160156
v 51.95051574707031 81.88589477539062 354.8481750488281
v 51.695674896240234 86.42120361328125 335.85516357421875
v 51.64009475708008 87.07353210449219 335.52947998046875
v 52.62151336669922 90.11759948730469 324.2039489746094
v 51.77503204345703 89.15645599365234 329.0121154785156
v 53.21004104614258 -19.746780395507812 47.22511291503906
v 56.188087463378906 -17.873729705810547 41.833526611328125
v 52.78020095825195 -12.766684532165527 36.60069274902344
v 53.469966888427734 -11.721504211425781 54.94697952270508
v 52.60095977783203 -8.118631362915039 36.55086898803711
v 52.47101593017578 21.446971893310547 388.32623291015625
v 52.44175720214844 28.37108039855957 262.54949951171875
v 53.38761901855469 28.548301696777344 268.00811767578125
v 52.84657287597656 28.487712860107422 271.52362060546875
v 54.14024353027344 27.548213958740234 429.2872009277344
v 51.797645568847656 31.948637008666992 429.7151184082031
v 52.45640563964844 33.58311080932617 281.86102294921875
v 51.53709030151367 35.83145523071289 428.9083557128906
v 51.83600616455078 32.478641510009766 431.50201416015625
v 52.9641227722168 36.4251708984375 414.48468017578125
v 52.77251434326172 37.796478271484375 420.1567687988281
v 53.048118591308594 43.15282440185547 257.1167297363281
v 53.13459014892578 43.83944320678711 405.6492004394531
v 52.65190887451172 44.27469253540039 399.7405700683594
v 52.95234298706055 48.16651153564453 372.0063781738281
v 52.67256164550781 46.875091552734375 411.8978576660156
v 52.46379089355469 47.239437103271484 414.3028564453125
v 53.126609802246094 46.97195053100586 417.6904602050781
v 53.344913482666016 50.16227722167969 370.6076965332031
v 52.677982330322266 55.93473815917969 362.9595642089844
v 52.278568267822266 60.52716064453125 354.4617919921875
v 52.90391540527344 63.08430862426758 346.41357421875
v 52.95896911621094 64.61013793945312 342.4152526855469
v 53.15589904785156 65.85292053222656 336.4605712890625
v 52.38445281982422 68.32872772216797 331.7949523925781
v 52.01072692871094 72.35555267333984 288.9521789550781
v 52.679466247558594 75.41276550292969 375.5866394042969
v 52.91092300415039 76.22879028320312 373.4925537109375
v 52.38877487182617 81.77635192871094 302.9309997558594
v 52.623291015625 79.94837188720703 360.26141357421875
v 52.5035400390625 81.37229919433594 357.8456115722656
v 53.152313232421875 87.39080810546875 340.9462890625
v 53.1337776184082 87.82793426513672 313.4204406738281
v 52.401248931884766 88.40974426269531 316.2920227050781
v 53.60415267944336 -18.323955535888672 51.421142578125
v 54.02568817138672 -17.073379516601562 52.60865020751953
v 53.70639419555664 -16.563405990600586 39.31718063354492
v 52.720340728759766 -6.0309553146362305 37.817630767822266
v 52.386356353759766 -4.972225189208984 50.30442810058594
v 54.61307907104492 -3.095118284225464 44.92466354370117
v 52.68006134033203 21.299137115478516 391.173095703125
v 53.849998474121094 24.212812423706055 432.6838684082031
v 53.42681121826172 26.781513214111328 436.0089416503906
v 53.894195556640625 29.705583572387695 264.75836181640625
v 52.862483978271484 29.59286117553711 402.1540222167969
v 53.95018005371094 29.657087326049805 435.443359375
v 53.15270233154297 31.548673629760742 404.6860046386719
v 52.90959548950195 31.32107925415039 432.8261413574219
v 53.6254997253418 35.43848419189453 284.0146484375
v 53.264434814453125 37.63682174682617 257.0477294921875
v 52.832489013671875 38.01516342163086 425.0738830566406
v 52.06877517700195 37.26914978027344 427.2097473144531
v 52.632755279541016 39.61363220214844 426.0247802734375
v 54.180931091308594 42.035770416259766 291.5507507324219
v 53.20536804199219 43.191627502441406 423.4250183105469
v 53.425376892089844 45.92283630371094 258.4122009277344
v 53.351585388183594 45.970069885253906 409.75738525390625
v 53.36125564575195 51.298583984375 397.5132141113281
v 53.62709426879883 53.650753021240234 303.769775390625
v 52.95521926879883 59.46040725708008 309.81951904296875
v 53.167510986328125 57.41828536987305 266.8325500488281
v 53.062255859375 60.82130813598633 351.9389953613281
v 53.29261779785156 66.6162109375 324.23431396484375
v 53.418155670166016 66.72622680664062 325.7618103027344
v 53.57997512817383 71.21495056152344 382.6445007324219
v 53.84400177001953 73.11575317382812 379.75469970703125
v 53.282684326171875 77.57441711425781 368.491455078125
v 52.98834228515625 78.6845703125 296.9754333496094
v 53.1954231262207 85.96106719970703 308.734619140625
v 52.91363525390625 86.86206817626953 311.2134704589844
v 52.8576545715332 87.79217529296875 336.4024963378906
v 53.313541412353516 88.89237213134766 336.0491638183594
v 54.30171203613281 -15.377824783325195 53.560302734375
v 53.075843811035156 -14.991549491882324 37.79836654663086
v 54.160850524902344 -13.148392677307129 54.37253952026367
v 54.22109603881836 -6.734792709350586 51.66716766357422
v 53.603878021240234 29.25151824951172 429.4291687011719
v 53.14734649658203 31.2624454498291 259.6951599121094
v 53.59507751464844 30.48736572265625 430.3087463378906
v 53.90324020385742 32.22051239013672 278.3778381347656
v 53.34206008911133 31.20362663269043 431.6789855957031
v 53.00888442993164 34.416202545166016 257.5184020996094
v 53.57616424560547 34.762916564941406 408.3190612792969
v 53.60446548461914 35.0628776550293 409.7558288574219
v 53.48310089111328 37.7803840637207 417.2934875488281
v 53.807701110839844 53.67446517944336 366.2595520019531
v 53.514835357666016 63.01443862915039 391.6943664550781
v 53.56723403930664 61.674156188964844 349.22442626953125
v 53.908775329589844 65.7681884765625 277.5777282714844
v 53.616825103759766 65.20612335205078 320.8601989746094
v 53.50254440307617 64.9780044555664 339.7281188964844
v 53.2784538269043 66.89485931396484 330.99688720703125
v 53.92792510986328 66.70989227294922 331.8432922363281
v 54.85215377807617 72.45604705810547 287.1884765625
v 53.47641372680664 77.99287414550781 366.4169921875
v 54.36909866333008 83.12017059326172 355.7391662597656
v 53.14139938354492 84.07686614990234 352.09039306640625
v 53.817413330078125 85.31480407714844 348.8825378417969
v 52.92137908935547 85.5961685180664 346.3515319824219
v 54.17951583862305 87.66079711914062 342.40185546875
v 53.3862419128418 90.2332534790039 320.0618591308594
v 53.32723617553711 90.63935089111328 328.4950866699219
v 54.800697326660156 -18.701868057250977 48.54998779296875
v 54.96874237060547 -17.443992614746094 40.50724411010742
v 53.96778106689453 -9.965583801269531 34.632896423339844
v 55.50025177001953 -8.808577537536621 52.284507751464844
v 54.4333610534668 -7.572453498840332 34.621803283691406
v 54.13044738769531 -4.2254815101623535 38.8858528137207
v 56.453651428222656 -3.4917330741882324 46.12919998168945
v 54.4244499206543 -2.9894189834594727 42.86054229736328
v 55.116207122802734 27.177196502685547 398.6407775878906
v 54.208717346191406 26.792295455932617 384.4208984375
v 54.08955764770508 29.750408172607422 273.1114807128906
v 54.05970764160156 30.726232528686523 262.9483947753906
v 53.75203323364258 33.4221076965332 405.78924560546875
v 54.223167419433594 33.41497802734375 279.9624328613281
v 54.16627883911133 33.55645751953125 378.01080322265625
v 54.190242767333984 36.225921630859375 411.1310119628906
v 53.25077819824219 38.7933464050293 422.5673522949219
v 53.38832473754883 40.118900299072266 423.6878662109375
v 53.29969787597656 41.299373626708984 403.2306823730469
v 53.69969177246094 39.90320587158203 401.2796936035156
v 54.076576232910156 42.807395935058594 373.7383117675781
v 53.90164566040039 44.888343811035156 420.9825134277344
v 54.3325309753418 46.29076385498047 296.5806884765625
v 54.74355697631836 48.448829650878906 398.3308410644531
v 53.969635009765625 46.65480422973633 415.2953186035156
v 54.35783386230469 51.163002014160156 369.3922119140625
v 53.8669319152832 55.177978515625 264.5115661621094
v 54.467124938964844 56.4260368347168 266.3205871582031
v 54.81257629394531 57.93056106567383 358.6996154785156
v 54.2226448059082 59.604488372802734 356.3958740234375
v 54.33959197998047 59.81499099731445 270.5796203613281
v 54.62369155883789 63.096675872802734 343.4037780761719
v 54.1351318359375 64.06230926513672 318.9031982421875
v 54.166526794433594 72.09640502929688 381.0852966308594
v 54.150211334228516 79.57921600341797 363.3195495605469
v 53.60009002685547 84.05279541015625 305.1317443847656
v 53.59247970581055 90.11384582519531 332.6424865722656
v 55.56070327758789 -5.456238269805908 34.95816421508789
v 55.36674499511719 26.148235321044922 386.8499450683594
v 54.61360168457031 24.394826889038086 434.1167297363281
v 55.72904586791992 25.791841506958008 430.2051696777344
v 54.31031799316406 29.683740615844727 269.21624755859375
v 55.21982955932617 30.46334457397461 434.4523010253906
v 55.12099075317383 32.1922492980957 276.6374206542969
v 54.18418502807617 31.000154495239258 401.853515625
v 54.04876708984375 35.560848236083984 258.6221008300781
v 54.313846588134766 37.74471664428711 286.7408447265625
v 54.616676330566406 37.19374465942383 413.75189208984375
v 54.8798828125 40.31302261352539 289.34649658203125
v 54.40958786010742 41.38551330566406 258.1954345703125
v 54.83478927612305 43.04960632324219 399.6441345214844
v 54.447322845458984 45.698368072509766 418.76531982421875
v 54.26832580566406 48.84422302246094 260.4651794433594
v 55.07023620605469 51.7183723449707 368.9323425292969
v 54.97364044189453 59.426292419433594 354.80291748046875
v 54.351715087890625 61.14916229248047 312.96148681640625
v 54.774898529052734 61.934326171875 347.07586669921875
v 54.945274353027344 63.470741271972656 274.74542236328125
v 54.767112731933594 62.25287628173828 345.3011169433594
v 54.877445220947266 62.60092544555664 316.72259521484375
v 55.309608459472656 63.89284896850586 340.35931396484375
v 54.22529983520508 66.96491241455078 388.1640625
v 54.77129364013672 65.57889556884766 330.0382080078125
v 54.37770462036133 76.15245819091797 292.53594970703125
v 54.55921936035156 78.11288452148438 294.8419494628906
v 54.55933380126953 80.57624053955078 298.0208435058594
v 54.984901428222656 90.25263214111328 315.74053955078125
v 54.98134231567383 -18.867341995239258 46.5311393737793
v 55.165496826171875 -17.815696716308594 50.15693664550781
v 54.52766799926758 -15.221166610717773 36.993629455566406
v 55.172828674316406 -13.340778350830078 34.54301071166992
v 55.096923828125 -10.720634460449219 53.411224365234375
v 55.13618850708008 -3.1006431579589844 41.05879592895508
v 56.65456771850586 26.4123592376709 394.143798828125
v 56.5667839050293 26.98586082458496 395.9855651855469
v 54.36338806152344 25.58022117614746 435.58575439453125
v 55.32822036743164 30.66354751586914 270.158203125
v 54.300811767578125 33.793121337890625 259.9779968261719
v 54.48039245605469 34.016990661621094 280.1198425292969
v 54.91689682006836 35.150909423828125 282.19146728515625
v 54.52742004394531 38.63645553588867 417.63543701171875
v 55.61461639404297 39.02666473388672 259.84234619140625
v 54.47411346435547 39.994110107421875 404.0939025878906
v 54.86840057373047 41.60536575317383 405.6013488769531
v 54.82935333251953 41.89246368408203 421.221435546875
v 54.783851623535156 44.83909225463867 409.719970703125
v 54.53855895996094 43.30247497558594 406.92730712890625
v 55.235660552978516 44.6248893737793 259.8042907714844
v 54.75813674926758 45.93724822998047 412.83203125
v 55.157222747802734 55.255889892578125 306.2945251464844
v 55.057151794433594 56.527626037597656 361.6806640625
v 55.43144607543945 56.86611557006836 268.274658203125
v 54.882869720458984 58.38059616088867 310.25640869140625
v 54.889739990234375 60.95977020263672 393.2230529785156
v 55.27885437011719 60.70058822631836 350.1060791015625
v 55.3890380859375 62.95943832397461 342.34661865234375
v 55.82081604003906 65.2174072265625 325.7718811035156
v 55.37864685058594 69.6837158203125 282.6470947265625
v 55.07093811035156 75.77102661132812 375.2998352050781
v 54.67261505126953 80.59403991699219 360.7011413574219
v 54.43547821044922 81.25596618652344 360.3210144042969
v 55.727901458740234 82.68509674072266 357.8017883300781
v 54.181053161621094 86.54956817626953 346.4572448730469
v 54.62799072265625 91.68275451660156 324.6419677734375
v 54.682823181152344 91.47058868408203 330.0352478027344
v 54.716365814208984 -11.585895538330078 34.10865783691406
v 57.20319747924805 -5.141696929931641 48.68408966064453
v 55.58754348754883 24.857725143432617 431.02447509765625
v 56.27339553833008 27.96323013305664 436.25653076171875
v 56.19200897216797 32.14616775512695 379.8297119140625
v 55.51444625854492 30.535066604614258 431.6868896484375
v 55.05702590942383 32.87544631958008 262.2090148925781
v 55.339393615722656 32.912559509277344 276.828369140625
v 54.71665954589844 34.44209289550781 404.1654357910156
v 54.7369499206543 36.214630126953125 406.8001708984375
v 55.13445281982422 36.543582916259766 408.2372741699219
v 54.33168411254883 38.85688400268555 401.5141906738281
v 55.241695404052734 40.1683464050293 419.15826416015625
v 55.244747161865234 43.549034118652344 419.923828125
v 55.23292922973633 48.05158233642578 372.0182189941406
v 55.28146743774414 45.32853698730469 416.8055114746094
v 55.433082580566406 47.5780143737793 297.7004089355469
v 55.733612060546875 50.00572204589844 370.65863037109375
v 55.52332305908203 51.32278060913086 263.2015075683594
v 55.54214859008789 52.4467887878418 303.1890869140625
v 55.83302688598633 53.294437408447266 264.72711181640625
v 56.59567642211914 58.17841720581055 270.5077819824219
v 56.38959503173828 61.69034194946289 316.0411071777344
v 55.63969039916992 64.8736572265625 276.91607666015625
v 55.35401153564453 64.1593017578125 338.10455322265625
v 55.05459976196289 64.38675689697266 336.7926025390625
v 55.73332595825195 77.78509521484375 368.8448791503906
v 55.024478912353516 78.33738708496094 366.4248962402344
v 55.36558532714844 85.46029663085938 305.35009765625
v 54.904598236083984 84.93675994873047 352.4600524902344
v 55.38344192504883 87.82725524902344 309.3099365234375
v 55.01258850097656 89.53047943115234 337.39764404296875
v 55.32027816772461 91.39957427978516 319.3611145019531
v 56.42989730834961 -16.96629524230957 38.53497314453125
v 56.6628303527832 -15.536006927490234 50.80254364013672
v 56.73749923706055 -13.77112102508545 51.70165252685547
v 56.83943557739258 -7.098236560821533 50.720603942871094
v 57.08712387084961 26.981477737426758 436.1354675292969
v 56.392601013183594 29.400360107421875 435.8537902832031
v 56.08192443847656 30.375171661376953 399.6956481933594
v 55.2725944519043 30.789548873901367 432.8410949707031
v 56.083290100097656 36.27906799316406 261.5543518066406
v 55.08798599243164 38.0108642578125 405.3789978027344
v 55.632015228271484 38.06592559814453 413.0513916015625
v 55.49959945678711 38.17713165283203 400.6490173339844
v 54.99406814575195 37.071319580078125 402.2604064941406
v 55.92280578613281 39.432376861572266 375.5689697265625
v 57.018619537353516 46.22712326049805 295.8725891113281
v 56.848018646240234 50.54585647583008 301.0655517578125
v 56.30575942993164 54.49861526489258 396.1962890625
v 56.41402053833008 54.62517547607422 266.89306640625
v 55.902137756347656 57.517539978027344 395.0260009765625
v 56.39815902709961 62.946197509765625 319.3591613769531
v 56.10187530517578 63.20351791381836 391.500732421875
v 56.23751449584961 63.29636764526367 339.8720397949219
v 55.619625091552734 64.00110626220703 321.2093200683594
v 56.150787353515625 64.85973358154297 326.31170654296875
v 56.6596565246582 64.62649536132812 332.3687744140625
v 56.473663330078125 64.69500732421875 324.417724609375
v 56.43490982055664 68.98713684082031 385.7974853515625
v 56.040924072265625 67.06287384033203 388.02734375
v 56.270442962646484 77.37810516357422 292.9443664550781
v 57.27561950683594 86.49563598632812 350.6631164550781
v 56.16799545288086 86.99015045166016 348.55242919921875
v 56.67819595336914 89.79499053955078 312.6314697265625
v 55.27438735961914 88.86170959472656 341.3065185546875
v 55.82443618774414 91.3099594116211 334.3348693847656
v 57.78895950317383 -17.719785690307617 43.88630676269531
v 57.903770446777344 -10.79391098022461 30.918060302734375
v 56.31986618041992 24.492198944091797 433.2542419433594
v 56.65769958496094 26.157236099243164 391.52252197265625
v 56.93361282348633 25.517818450927734 435.1352233886719
v 56.336971282958984 29.88193130493164 430.8965148925781
v 56.2253303527832 32.03353500366211 268.28680419921875
v 56.57909393310547 32.50114822387695 272.42095947265625
v 56.96898651123047 33.61545181274414 266.99267578125
v 56.256649017333984 32.77265167236328 274.8559875488281
v 55.269954681396484 32.155391693115234 401.17254638671875
v 55.643863677978516 33.942325592041016 278.4830627441406
v 55.9443244934082 34.58070373535156 278.5473937988281
v 55.44929504394531 35.10334014892578 402.15399169921875
v 57.230037689208984 36.00333023071289 279.75823974609375
v 55.05241775512695 36.18257522583008 402.96539306640625
v 57.45444107055664 38.935237884521484 285.14678955078125
v 55.75801086425781 38.54881286621094 407.12469482421875
v 56.010955810546875 38.88447570800781 409.8323974609375
v 56.73320007324219 41.71121597290039 399.1014404296875
v 55.543190002441406 40.31639099121094 406.3482971191406
v 57.081146240234375 42.547996520996094 290.59912109375
v 56.777530670166016 42.72801971435547 374.1456604003906
v 56.63648223876953 42.83240509033203 261.2230529785156
v 55.737022399902344 43.55617904663086 409.8492126464844
v 56.114044189453125 43.978050231933594 411.8447265625
v 55.897151947021484 43.7052001953125 417.83404541015625
v 56.42080307006836 48.014320373535156 398.0917053222656
v 56.16343307495117 46.4272575378418 261.4100036621094
v 56.86196517944336 48.921295166015625 299.2254943847656
v 56.38277053833008 54.49452209472656 266.3840026855469
v 55.447486877441406 54.43925476074219 364.954833984375
v 57.11735153198242 56.346961975097656 362.20648193359375
v 56.41533660888672 60.242652893066406 313.3934631347656
v 56.692935943603516 69.75743865966797 283.0293884277344
v 56.384521484375 71.28888702392578 382.48199462890625
v 56.915157318115234 71.97080993652344 381.0624084472656
v 57.15896224975586 77.90128326416016 367.536376953125
v 56.26058578491211 79.47418212890625 364.46038818359375
v 56.61772537231445 81.08177185058594 297.1419677734375
v 57.56821823120117 80.86434936523438 361.1573181152344
v 57.543949127197266 81.57245635986328 360.7511291503906
v 55.975257873535156 87.88597869873047 345.5841369628906
v 55.76088333129883 90.43528747558594 337.04571533203125
v 56.06025695800781 -17.674427032470703 48.68173599243164
v 56.46819305419922 -16.13074493408203 36.56829071044922
v 56.353721618652344 -11.47208309173584 52.35186767578125
v 57.13782501220703 -3.913120746612549 35.228416442871094
v 57.72575378417969 -4.121837139129639 46.87398910522461
v 56.205684661865234 26.05573081970215 389.26019287109375
v 57.40437316894531 26.054929733276367 435.5556640625
v 58.628570556640625 31.723247528076172 382.4341125488281
v 57.85083770751953 28.107704162597656 430.51910400390625
v 57.129127502441406 35.72718811035156 378.1185302734375
v 56.12692642211914 34.761051177978516 400.45550537109375
v 56.82942581176758 36.485748291015625 281.55267333984375
v 57.11079025268555 38.44715881347656 376.4858093261719
v 55.95669174194336 41.70772933959961 418.18267822265625
v 56.28542709350586 41.86791229248047 409.9696044921875
v 56.326419830322266 43.818355560302734 414.3757629394531
v 57.22502899169922 53.74681854248047 366.5397644042969
v 57.40984344482422 54.30731964111328 305.9919128417969
v 56.71160125732422 56.549381256103516 309.0251159667969
v 56.490936279296875 59.20972442626953 356.5813293457031
v 57.17377853393555 60.84309005737305 392.9625244140625
v 56.835968017578125 61.258487701416016 346.5547790527344
v 57.0839958190918 64.32048034667969 329.7296447753906
v 57.606964111328125 73.13299560546875 379.2495422363281
v 57.90554428100586 79.329833984375 294.2546691894531
v 57.25770950317383 84.15862274169922 355.63409423828125
v 56.17272186279297 92.37063598632812 329.8867492675781
v 57.2249755859375 92.82937622070312 322.2064514160156
v 56.744258880615234 92.82097625732422 326.49017333984375
v 57.4714241027832 -17.503063201904297 39.929847717285156
v 58.23251724243164 -12.888978958129883 31.379789352416992
v 57.61956787109375 -8.82343578338623 31.062273025512695
v 58.186912536621094 -9.316640853881836 50.870826721191406
v 56.9387321472168 -2.856029510498047 39.256561279296875
v 57.304176330566406 -2.9178073406219482 43.467498779296875
v 57.65162658691406 25.332014083862305 432.05255126953125
v 56.89510726928711 29.153562545776367 397.7561340332031
v 59.57343673706055 30.986064910888672 434.34515380859375
v 56.675907135009766 34.5467529296875 277.3458251953125
v 58.24750518798828 40.978450775146484 398.25811767578125
v 56.48969650268555 39.93574905395508 411.0896301269531
v 56.4198112487793 39.78886795043945 413.6412353515625
v 56.776493072509766 41.51137924194336 413.2767639160156
v 58.48682403564453 45.76571273803711 294.48095703125
v 58.14274978637695 47.59646987915039 397.57171630859375
v 56.94887161254883 49.53956604003906 263.7923889160156
v 57.87880325317383 51.49797439575195 369.452880859375
v 57.64759063720703 61.61521530151367 274.2623291015625
v 57.53247833251953 59.05501174926758 355.6266174316406
v 57.14475631713867 59.54399490356445 353.0594787597656
v 58.29792404174805 60.09907913208008 350.82501220703125
v 57.29716873168945 61.586299896240234 317.0960388183594
v 57.49164581298828 63.09244918823242 337.9573669433594
v 57.89844512939453 68.7255859375 281.8064880371094
v 56.78691864013672 75.58273315429688 375.3017883300781
v 57.22169876098633 86.2420654296875 305.0768127441406
v 57.0906867980957 85.36759948730469 353.4216613769531
v 57.28932189941406 89.16357421875 343.2076110839844
v 57.423553466796875 90.81101989746094 338.2514343261719
v 57.90402603149414 -6.748175144195557 31.532005310058594
v 58.73151779174805 -4.8806986808776855 32.14971923828125
v 57.346736907958984 -3.0337069034576416 36.86908721923828
v 57.566097259521484 33.887916564941406 270.1011962890625
v 57.27043533325195 35.06986999511719 265.429443359375
v 57.87601852416992 34.76396942138672 273.053955078125
v 58.158329010009766 38.37025833129883 264.683837890625
v 58.66267776489258 42.54121017456055 288.9878845214844
v 58.09402084350586 47.94215393066406 372.6529846191406
v 57.89677810668945 52.13848114013672 266.31329345703125
v 58.093318939208984 55.07533264160156 364.6949157714844
v 57.595638275146484 54.679019927978516 268.5819396972656
v 58.261619567871094 57.84481430053711 359.23370361328125
v 57.253482818603516 60.59328842163086 349.0858459472656
v 58.0245361328125 61.62256622314453 344.16961669921875
v 56.97868728637695 63.7739372253418 276.27410888671875
v 57.982635498046875 62.66673278808594 340.6960144042969
v 57.543067932128906 63.55221939086914 322.6207275390625
v 57.79458236694336 66.73384857177734 387.96270751953125
v 57.54645919799805 71.80264282226562 285.8872375488281
v 58.30707550048828 77.52206420898438 292.3376770019531
v 58.4477653503418 77.44580841064453 368.985107421875
v 58.72540283203125 87.15116119384766 350.3756103515625
v 57.47669219970703 88.60296630859375 308.87359619140625
v 57.9417724609375 91.31903839111328 314.79913330078125
v 58.68988800048828 91.68163299560547 337.8482360839844
v 57.75652313232422 92.08050537109375 317.4896240234375
v 57.55924606323242 92.19432830810547 334.3570556640625
v 58.843528747558594 -16.98151397705078 45.481689453125
v 58.72970199584961 -12.32111930847168 50.568607330322266
v 58.023868560791016 -2.554553508758545 40.59507751464844
v 58.09671401977539 25.349822998046875 434.0768737792969
v 58.98094940185547 30.6280517578125 435.4173889160156
v 58.31743621826172 36.27736282348633 275.6069641113281
v 57.67528533935547 35.80756759643555 276.52423095703125
v 57.63063430786133 41.42268371582031 262.7055358886719
v 57.68274688720703 44.89765548706055 263.20098876953125
v 58.26604080200195 47.2551383972168 296.5107421875
v 58.03929901123047 50.2381706237793 370.944091796875
v 58.41603469848633 52.10846710205078 369.24114990234375
v 58.649452209472656 57.13353729248047 394.44903564453125
v 58.51190948486328 59.68635559082031 313.662353515625
v 58.87332534790039 61.501678466796875 343.4075012207031
v 58.38197326660156 62.4954833984375 320.08013916015625
v 58.179718017578125 88.53807830810547 346.3138427734375
v 58.744625091552734 -16.184860229492188 47.7862548828125
v 58.80565643310547 -14.569881439208984 49.45380783081055
v 59.33664321899414 -14.898014068603516 32.19567108154297
v 60.84466552734375 32.525325775146484 385.67535400390625
v 59.35269546508789 28.091196060180664 436.9438781738281
v 59.74236297607422 30.651105880737305 433.1179504394531
v 58.06972122192383 33.20259475708008 380.4464416503906
v 58.4439811706543 35.957916259765625 272.1190490722656
v 58.626670837402344 46.93153762817383 265.1898498535156
v 58.44642639160156 53.90126419067383 395.7666320800781
v 58.162322998046875 52.44921112060547 267.39996337890625
v 59.18210983276367 57.132904052734375 310.65948486328125
v 58.60726547241211 59.18010711669922 357.014892578125
v 58.33857345581055 62.79020309448242 391.2054443359375
v 59.050140380859375 61.961448669433594 275.76824951171875
v 58.686004638671875 63.672325134277344 328.7855224609375
v 58.73805618286133 63.60708999633789 331.62469482421875
v 58.89164733886719 79.2068099975586 364.7397155761719
v 58.281005859375 93.23171997070312 330.11260986328125
v 59.15806198120117 -17.545000076293945 41.65998077392578
v 59.1309700012207 -2.204866409301758 38.18465042114258
v 60.455169677734375 27.50227928161621 432.03955078125
v 61.463199615478516 33.010986328125 387.3671875
v 61.196617126464844 32.662113189697266 389.5452575683594
v 60.18118667602539 29.849231719970703 432.28631591796875
v 58.3394775390625 36.07959747314453 267.747314453125
v 60.200164794921875 37.44272232055664 379.1871337890625
v 58.87149429321289 37.82691192626953 279.1903991699219
v 58.900821685791016 38.064762115478516 377.6809997558594
v 60.58696746826172 40.743919372558594 396.3355712890625
v 58.40488815307617 40.64360809326172 286.2220458984375
v 59.0454216003418 42.85047912597656 375.0028076171875
v 58.61679458618164 43.049110412597656 264.76214599609375
v 58.88157272338867 44.752235412597656 397.6268310546875
v 59.22394943237305 50.125545501708984 300.0651550292969
v 58.616336822509766 49.512062072753906 265.9806213378906
v 59.025306701660156 55.67466735839844 270.91058349609375
v 60.16654968261719 59.43446731567383 274.52593994140625
v 60.4210319519043 60.70655059814453 316.9120178222656
v 59.93283462524414 60.62716293334961 315.9875793457031
v 59.23648452758789 60.88801193237305 346.4212646484375
v 60.07512664794922 62.048519134521484 340.2312927246094
v 59.981727600097656 65.32909393310547 279.4327697753906
v 59.148258209228516 63.500152587890625 332.8874206542969
v 59.25258255004883 63.8293571472168 325.7083740234375
v 59.64727783203125 63.672611236572266 324.5987243652344
v 59.0030517578125 68.58878326416016 385.32867431640625
v 58.950889587402344 71.39862823486328 381.0084533691406
v 59.24137496948242 74.88089752197266 375.19110107421875
v 58.94084930419922 77.41191101074219 367.8506774902344
v 59.29258346557617 82.37803649902344 297.845947265625
v 59.092124938964844 82.56973266601562 358.828125
v 58.94394302368164 86.73189544677734 304.9183044433594
v 59.86007308959961 90.58009338378906 341.9002990722656
v 59.719757080078125 93.8170166015625 325.0670471191406
v 60.091773986816406 -17.327381134033203 37.00639343261719
v 60.18842697143555 -6.578731536865234 29.77171516418457
v 59.62750244140625 -6.428350448608398 48.32389450073242
v 59.652217864990234 -3.374699592590332 33.34438705444336
v 59.82004928588867 -2.714189052581787 42.07604217529297
v 59.66899871826172 28.98781394958496 437.02740478515625
v 60.66722869873047 28.46500587463379 431.9657287597656
v 62.00696563720703 34.79164123535156 391.37176513671875
v 61.466758728027344 35.87150573730469 393.79754638671875
v 59.49061584472656 30.102033615112305 436.4378356933594
v 58.75111389160156 36.39537048339844 270.1251220703125
v 59.34546661376953 37.610198974609375 272.6873474121094
v 59.466827392578125 38.03156280517578 276.8786315917969
v 58.90690612792969 40.62186050415039 265.62762451171875
v 59.18054962158203 50.40126037597656 267.4443359375
v 59.56366729736328 52.36888885498047 269.5914611816406
v 59.630088806152344 59.32734298706055 354.71746826171875
v 59.99327850341797 61.69990921020508 391.26654052734375
v 59.53080368041992 60.558101654052734 348.7210693359375
v 59.694698333740234 62.4087028503418 338.4093933105469
v 59.64165115356445 68.00956726074219 281.793701171875
v 60.04316711425781 80.6894302368164 295.4154968261719
v 60.67879867553711 84.88921356201172 355.0691833496094
v 59.41682052612305 85.44625091552734 354.1706848144531
v 59.77040481567383 88.9170150756836 308.18402099609375
v 60.317840576171875 91.69265747070312 338.87713623046875
v 60.09825897216797 93.3473892211914 320.4386901855469
v 60.831298828125 -17.555334091186523 38.61527633666992
v 59.99276351928711 -17.26785659790039 42.6695442199707
v 59.426517486572266 -16.02724838256836 46.77113342285156
v 60.01778030395508 -11.130793571472168 29.331193923950195
v 59.66884994506836 -9.363739013671875 29.42005729675293
v 59.71497344970703 -8.177268981933594 29.556583404541016
v 60.786888122558594 -2.3763766288757324 34.76564025878906
v 60.11167907714844 -2.093777894973755 40.0391960144043
v 60.25077819824219 25.925920486450195 433.6432800292969
v 59.84587478637695 31.861074447631836 384.4029235839844
v 60.795135498046875 37.23186492919922 395.4974365234375
v 59.23418045043945 38.57319259643555 268.4911193847656
v 60.182823181152344 40.654293060302734 282.5576477050781
v 59.25566482543945 40.31808090209961 267.18975830078125
v 59.517059326171875 44.78125762939453 266.6539306640625
v 60.48646545410156 50.62859344482422 371.8221435546875
v 60.61984634399414 53.61203384399414 305.1563415527344
v 59.652252197265625 54.50812530517578 366.85186767578125
v 59.81254577636719 54.95383071899414 307.5055847167969
v 59.93050765991211 56.832218170166016 362.99884033203125
v 59.691612243652344 60.1136589050293 351.480224609375
v 60.90329360961914 62.00666809082031 341.044677734375
v 59.70576095581055 66.0093002319336 387.7700500488281
v 60.509376525878906 70.415771484375 284.88897705078125
v 59.870384216308594 89.84523010253906 343.46990966796875
v 60.335723876953125 90.70657348632812 312.19024658203125
v 60.228458404541016 93.12360382080078 334.3072204589844
v 61.47260284423828 -16.535585403442383 43.30460739135742
v 61.055904388427734 -16.877288818359375 34.32643127441406
v 60.49946975708008 -11.406064987182617 49.06052017211914
v 60.73978805541992 -12.649569511413574 29.37689971923828
v 61.343875885009766 -4.185725212097168 44.45785140991211
v 61.00202941894531 -3.3694934844970703 43.287837982177734
v 60.40599822998047 26.602672576904297 432.5620422363281
v 60.4088020324707 35.532554626464844 381.1719055175781
v 59.776634216308594 38.93881607055664 272.2713317871094
v 59.7713623046875 41.072391510009766 284.3134460449219
v 60.85749053955078 43.071807861328125 376.0194396972656
v 59.87636947631836 42.5048942565918 267.8932189941406
v 60.728694915771484 46.03343963623047 292.86041259765625
v 59.92061233520508 47.270790100097656 295.44427490234375
v 60.265907287597656 47.71342086791992 268.4013671875
v 60.155616760253906 53.823150634765625 394.98406982421875
v 61.41071701049805 59.29313278198242 313.6644287109375
v 61.346492767333984 59.54979705810547 358.3176574707031
v 59.84328079223633 59.32541275024414 356.8204650878906
v 61.51166534423828 64.46700286865234 279.77069091796875
v 60.596046447753906 69.47886657714844 382.8564453125
v 60.79191970825195 73.9123306274414 288.23876953125
v 61.06751251220703 80.1474838256836 361.36932373046875
v 60.40194320678711 81.11559295654297 360.87237548828125
v 61.202308654785156 86.40543365478516 352.2178039550781
v 60.159210205078125 89.00399780273438 346.323486328125
v 60.57307052612305 91.9354248046875 314.7293701171875
v 60.55802917480469 92.81016540527344 317.623779296875
v 60.65168762207031 93.83123779296875 330.3570861816406
v 61.27669143676758 -16.106748580932617 32.473148345947266
v 61.97365951538086 -15.75432014465332 44.308258056640625
v 60.357826232910156 -13.868849754333496 48.1996955871582
v 61.15208053588867 26.35982894897461 435.9130554199219
v 62.83994674682617 30.448514938354492 437.86529541015625
v 60.021183013916016 40.50428009033203 270.025146484375
v 60.46912384033203 39.86344909667969 276.6792907714844
v 60.67339324951172 43.63955307006836 287.85302734375
v 61.06391143798828 43.67617416381836 396.09912109375
v 61.02834701538086 48.21508026123047 374.0641784667969
v 60.70541763305664 48.7124137878418 395.87811279296875
v 60.933387756347656 52.518795013427734 370.0943298339844
v 61.21709442138672 56.255821228027344 365.437255859375
v 61.27482604980469 58.55624771118164 360.3350524902344
v 61.13542175292969 56.614471435546875 393.28582763671875
v 60.9573860168457 61.839481353759766 319.73236083984375
v 61.578983306884766 61.121131896972656 345.5185241699219
v 60.96207046508789 62.948909759521484 333.5656433105469
v 61.75349426269531 62.80840301513672 332.0274353027344
v 61.92530822753906 62.991764068603516 329.12506103515625
v 60.77991485595703 72.06095886230469 378.5147705078125
v 60.366607666015625 77.70923614501953 292.2738952636719
v 61.02566146850586 76.51667022705078 367.9393615722656
v 61.1476936340332 86.9437255859375 304.6831970214844
v 61.59275817871094 88.82398223876953 347.1601867675781
v 62.34449768066406 -14.880341529846191 45.1445198059082
v 60.33366394042969 -10.002606391906738 25.794031143188477
v 60.82243347167969 -8.19084644317627 22.58867073059082
v 60.91974639892578 -8.563201904296875 48.492103576660156
v 60.93388366699219 -6.743925094604492 23.208864212036133
v 61.09642791748047 -4.905517578125 30.344722747802734
v 62.56399917602539 -5.16873836517334 44.87739181518555
v 61.28968811035156 34.905975341796875 383.27972412109375
v 60.61050796508789 40.11193084716797 274.7064208984375
v 62.1201057434082 42.13528823852539 377.7735900878906
v 61.30450439453125 42.25873565673828 281.9767150878906
v 60.69432067871094 44.96543884277344 269.35601806640625
v 61.00473403930664 50.098812103271484 299.1693420410156
v 61.021236419677734 49.511871337890625 270.9349365234375
v 61.54671096801758 53.40934371948242 369.9748840332031
v 60.890235900878906 52.324039459228516 271.5134582519531
v 60.27803421020508 54.23063659667969 271.7247314453125
v 61.881370544433594 56.94367980957031 310.50250244140625
v 60.869747161865234 60.43257522583008 276.21783447265625
v 60.62919998168945 63.55631637573242 325.35870361328125
v 61.60127639770508 66.32301330566406 386.1305236816406
v 61.67447280883789 76.04322814941406 368.8459777832031
v 61.2255973815918 78.33128356933594 364.906494140625
v 61.41917037963867 78.87511444091797 293.3374328613281
v 62.9746208190918 -17.089855194091797 40.4042854309082
v 61.9041862487793 -14.027634620666504 29.3894100189209
v 61.093544006347656 -11.970946311950684 26.254501342773438
v 61.00408172607422 -5.737578868865967 27.203472137451172
v 62.26021194458008 -3.767220973968506 30.765844345092773
v 61.91263198852539 -2.744990825653076 41.9999885559082
v 62.36958312988281 -1.8828016519546509 35.508358001708984
v 62.85093307495117 27.293140411376953 437.3215637207031
v 62.669612884521484 30.053926467895508 433.0130615234375
v 63.36595916748047 31.42142105102539 437.0331115722656
v 63.29067611694336 31.717666625976562 435.9465637207031
v 61.4963264465332 42.069679260253906 280.21392822265625
v 61.26948928833008 42.830299377441406 272.4693908691406
v 61.54436111450195 52.81243896484375 394.3471374511719
v 61.91275405883789 55.71122360229492 367.338134765625
v 62.215030670166016 56.29506301879883 275.06622314453125
v 61.82735061645508 59.91143035888672 357.265625
v 61.4998664855957 61.16960144042969 390.5949401855469
v 61.577091217041016 60.3631477355957 351.34503173828125
v 61.9460563659668 61.18247604370117 344.5475158691406
v 62.012229919433594 66.46863555908203 281.79864501953125
v 62.009422302246094 70.29928588867188 379.6939697265625
v 61.39407730102539 73.83563995361328 374.7102966308594
v 62.46708297729492 76.91554260253906 291.6412353515625
v 62.11153030395508 85.17102813720703 301.8566589355469
v 61.859310150146484 92.27019500732422 338.2579040527344
v 62.037879943847656 94.10807037353516 324.3815002441406
v 61.95319366455078 -11.036086082458496 22.113821029663086
v 61.32051467895508 -9.681957244873047 21.824796676635742
v 61.61448669433594 -8.352630615234375 20.916427612304688
v 61.52581787109375 -6.6819868087768555 21.474573135375977
v 61.2542839050293 -5.557796955108643 24.62354850769043
v 62.6597785949707 -2.5485010147094727 32.76316452026367
v 62.33393096923828 -2.0430400371551514 39.131492614746094
v 63.809898376464844 26.711069107055664 435.5406799316406
v 63.57042694091797 31.37913703918457 434.3816833496094
v 62.27933883666992 38.01607894897461 381.28704833984375
v 62.44192886352539 49.34782791137695 394.3636779785156
v 61.380489349365234 47.54405212402344 294.3987121582031
v 62.66016387939453 54.6285400390625 306.5500183105469
v 62.21335220336914 57.72765350341797 364.1754150390625
v 62.91830062866211 60.373992919921875 315.6650390625
v 62.683868408203125 60.70807647705078 352.88677978515625
v 62.92335510253906 61.67415237426758 319.36376953125
v 62.25491714477539 62.1024169921875 338.38104248046875
v 62.7390022277832 63.28700637817383 324.4537048339844
v 62.678958892822266 82.5018081665039 297.8562927246094
v 62.666282653808594 86.68370819091797 351.905517578125
v 61.97239685058594 89.8999252319336 309.84228515625
v 63.982139587402344 -17.36441993713379 37.98625946044922
v 63.37913131713867 -14.956721305847168 29.305309295654297
v 64.28337097167969 -10.048773765563965 45.825374603271484
v 62.00360870361328 -5.17616605758667 22.307170867919922
v 63.86651611328125 -7.289487361907959 45.5463752746582
v 62.544979095458984 28.068912506103516 437.8674011230469
v 62.755470275878906 29.28371238708496 438.18450927734375
v 63.665992736816406 42.00973892211914 392.4765319824219
v 62.7007942199707 42.75386047363281 394.1817626953125
v 62.64793014526367 45.34996795654297 276.4432373046875
v 62.229373931884766 43.51922607421875 278.41668701171875
v 61.78484344482422 44.17729568481445 274.1357727050781
v 62.11251449584961 44.881568908691406 287.1387634277344
v 61.75566101074219 46.44233322143555 272.6719665527344
v 62.86811828613281 47.25638961791992 291.67938232421875
v 62.96804428100586 50.579830169677734 298.2639465332031
v 61.95888900756836 51.17372131347656 273.2696533203125
v 62.33127212524414 58.594608306884766 276.6651916503906
v 62.70602035522461 60.29124069213867 355.4941101074219
v 62.49461364746094 69.13701629638672 284.6644287109375
v 63.827877044677734 72.8273696899414 288.2156677246094
v 63.12154006958008 80.6282958984375 295.46087646484375
v 62.90961837768555 80.11486053466797 360.93994140625
v 63.198177337646484 82.1279525756836 358.2369384765625
v 63.19098663330078 88.85979461669922 307.7223205566406
v 62.99118423461914 90.020751953125 343.7060241699219
v 63.28578186035156 90.93485260009766 342.0572204589844
v 63.63357162475586 93.53178405761719 334.2811279296875
v 63.04475021362305 93.30549621582031 318.90484619140625
v 62.81325912475586 -12.503031730651855 23.890567779541016
v 62.9589958190918 -10.346199989318848 20.119979858398438
v 62.37594223022461 -7.053654193878174 20.249555587768555
v 62.714725494384766 -4.079888820648193 24.988922119140625
v 62.59691619873047 -4.32487678527832 27.043563842773438
v 63.38800811767578 -4.161136150360107 43.5474739074707
v 63.189979553222656 -1.758048415184021 36.52157211303711
v 64.34877014160156 27.104366302490234 434.701904296875
v 64.72869110107422 28.36021614074707 433.6889953613281
v 62.44841003417969 35.008766174316406 388.3786315917969
v 63.315101623535156 37.9703369140625 383.9874572753906
v 64.25000762939453 41.20693588256836 390.70709228515625
v 62.52622604370117 44.491920471191406 279.0631408691406
v 63.291080474853516 44.74581527709961 377.5997619628906
v 63.415130615234375 47.49694061279297 393.46044921875
v 62.67765426635742 48.74287796020508 375.2425842285156
v 62.71572494506836 48.00700378417969 293.3466796875
v 62.4373893737793 48.258323669433594 273.9875793457031
v 63.467586517333984 51.97593688964844 373.44940185546875
v 62.88801193237305 53.64381408691406 370.8810119628906
v 63.72526168823242 53.66896438598633 303.8756103515625
v 62.8609504699707 58.4050178527832 390.90472412109375
v 63.45842361450195 62.835357666015625 280.39959716796875
v 63.47156524658203 61.93999481201172 341.68341064453125
v 64.39888000488281 62.21269607543945 339.09765625
v 64.5638427734375 62.82776641845703 330.9102783203125
v 63.52117156982422 62.64706039428711 334.9426574707031
v 64.4861068725586 63.269432067871094 325.81512451171875
v 63.041473388671875 67.57814025878906 382.74298095703125
v 62.782901763916016 73.7750473022461 372.1848449707031
v 63.257652282714844 74.82731628417969 367.960205078125
v 63.46135330200195 76.51502227783203 365.4573669433594
v 63.1227912902832 83.92756652832031 355.7490539550781
v 63.905723571777344 90.67991638183594 311.8745422363281
v 63.44206619262695 91.71654510498047 313.8997802734375
v 62.82786178588867 94.02168273925781 330.5148010253906
v 63.749488830566406 -17.293010711669922 33.95053482055664
v 62.947479248046875 -13.482794761657715 45.82359313964844
v 62.97660827636719 -11.923158645629883 46.59318923950195
v 63.09939193725586 -8.603531837463379 19.545928955078125
v 63.36548614501953 -5.652013301849365 20.171682357788086
v 63.105960845947266 -4.1370134353637695 22.471399307250977
v 63.11160659790039 37.601531982421875 390.6304016113281
v 63.577125549316406 42.537593841552734 379.4819641113281
v 62.68098449707031 48.92292404174805 274.8699035644531
v 63.34914779663086 54.20663833618164 392.25823974609375
v 64.19811248779297 56.738059997558594 309.5255432128906
v 63.14406967163086 57.064510345458984 367.2768249511719
v 63.80120086669922 58.83951950073242 365.07489013671875
v 63.26399612426758 61.10498046875 388.8814392089844
v 63.918907165527344 63.52226638793945 325.3895263671875
v 64.08203887939453 64.35617065429688 282.02587890625
v 63.42158508300781 65.63179016113281 384.755615234375
v 63.88735580444336 78.7371826171875 361.1844482421875
v 63.721248626708984 87.08390808105469 304.9870910644531
v 64.66476440429688 -16.14876937866211 30.387802124023438
v 64.05901336669922 -12.601725578308105 21.89654541015625
v 63.50239944458008 -11.70441722869873 20.96556282043457
v 63.61605453491211 -3.065263509750366 30.576440811157227
v 66.46934509277344 -2.823160171508789 39.1319580078125
v 62.94641876220703 47.08429718017578 276.5653991699219
v 63.55155563354492 46.39142608642578 285.3406677246094
v 64.02047729492188 47.552345275878906 280.6433410644531
v 64.06228637695312 47.744903564453125 289.4104919433594
v 64.34860229492188 51.935237884521484 299.7841491699219
v 64.26498413085938 54.805381774902344 278.1300354003906
v 63.48966979980469 54.80449676513672 370.8516845703125
v 63.813499450683594 56.35407257080078 277.7896423339844
v 63.74573516845703 60.83948516845703 359.6194152832031
v 64.29817962646484 60.78083038330078 316.724365234375
v 64.00190734863281 61.10728073120117 352.673583984375
v 64.51498413085938 61.346824645996094 357.3768615722656
v 64.5022201538086 61.57111358642578 346.99627685546875
v 63.275917053222656 60.97649002075195 350.30340576171875
v 64.11930084228516 61.372406005859375 345.6493835449219
v 65.56304931640625 62.616634368896484 334.04949951171875
v 64.21894073486328 67.90841674804688 284.83074951171875
v 63.23490524291992 71.18705749511719 376.2822570800781
v 63.94942855834961 68.55258178710938 379.04180908203125
v 64.4251937866211 76.14958190917969 291.4877624511719
v 64.07652282714844 74.04993438720703 368.61376953125
v 64.87117004394531 79.00598907470703 294.1714172363281
v 64.72248840332031 83.92003631591797 300.5807800292969
v 63.60791778564453 84.3521499633789 355.2624206542969
v 64.577880859375 85.15457916259766 353.445556640625
v 64.14213562011719 88.83326721191406 346.6764221191406
v 64.12950897216797 92.37813568115234 338.304931640625
v 64.24195861816406 -7.353643417358398 19.107784271240234
v 64.44542694091797 -5.893700122833252 44.43402862548828
v 64.4786605834961 -4.333524703979492 20.92426872253418
v 64.79705047607422 27.618305206298828 434.18902587890625
v 64.1217269897461 38.84315872192383 386.00433349609375
v 63.86958694458008 40.505001068115234 382.14361572265625
v 64.22159576416016 47.466285705566406 284.0868225097656
v 63.9842643737793 49.141845703125 376.56646728515625
v 64.05694580078125 51.569210052490234 277.5352478027344
v 64.42765045166016 49.99016571044922 391.9127502441406
v 65.24026489257812 60.404903411865234 281.3508605957031
v 65.22506713867188 62.28848648071289 358.77484130859375
v 64.2347640991211 72.2120590209961 371.9988098144531
v 64.88294982910156 84.9993896484375 302.0946960449219
v 63.95002365112305 93.92505645751953 322.8532409667969
v 64.67770385742188 94.10887145996094 326.4977111816406
v 65.77518463134766 -16.29924774169922 39.945343017578125
v 64.91431427001953 -15.2200288772583 28.609485626220703
v 64.73870086669922 -13.170400619506836 23.890167236328125
v 64.37581634521484 -9.114410400390625 19.073801040649414
v 64.5511703491211 -3.327944278717041 23.797819137573242
v 64.57775115966797 -3.592425584793091 27.13552474975586
v 65.05863189697266 -3.1157922744750977 28.355098724365234
v 65.0488510131836 -2.18676495552063 31.800308227539062
v 65.40281677246094 -2.014986753463745 37.62018585205078
v 64.71178436279297 26.906282424926758 436.5758361816406
v 65.41504669189453 30.090383529663086 433.82904052734375
v 64.36450958251953 39.8017463684082 388.6925354003906
v 64.96736145019531 43.17115020751953 381.7966613769531
v 64.5150146484375 46.848350524902344 391.8218078613281
v 65.28034210205078 49.751983642578125 290.3406982421875
v 64.7696304321289 54.25155258178711 304.375244140625
v 64.91075134277344 55.27183532714844 372.3256530761719
v 64.36280822753906 58.30577850341797 367.98651123046875
v 65.39909362792969 59.61872863769531 313.0896301269531
v 64.66436004638672 59.31804656982422 388.2244567871094
v 64.69377899169922 60.68439483642578 362.9805603027344
v 66.100341796875 62.33012390136719 319.8102722167969
v 66.0279769897461 72.3749771118164 289.13726806640625
v 65.93130493164062 82.11975860595703 356.4006042480469
v 65.1596450805664 92.33338928222656 316.06243896484375
v 65.70331573486328 93.85562133789062 331.15582275390625
v 65.4419937133789 -17.469167709350586 35.834999084472656
v 66.74900817871094 -16.703126907348633 31.09847640991211
v 66.69401550292969 -15.015593528747559 41.217987060546875
v 65.17242431640625 -11.883509635925293 44.847679138183594
v 65.0000991821289 -11.310306549072266 19.941518783569336
v 65.44034576416016 -3.6117148399353027 21.882627487182617
v 65.8505630493164 30.284513473510742 438.39788818359375
v 65.85277557373047 29.005876541137695 438.6302490234375
v 64.5152587890625 40.853633880615234 383.7991638183594
v 64.87212371826172 45.827911376953125 379.490234375
v 65.63561248779297 49.90203094482422 288.335205078125
v 64.87100219726562 49.613277435302734 281.93670654296875
v 64.58563232421875 49.64548873901367 293.2159118652344
v 65.08122253417969 51.377498626708984 296.5881042480469
v 65.07744598388672 51.57664108276367 280.7100524902344
v 65.00508880615234 52.91194152832031 390.3401184082031
v 65.05543518066406 55.94062805175781 389.0686950683594
v 65.0556640625 56.41490936279297 371.972412109375
v 65.65766906738281 60.61692428588867 314.9471435546875
v 65.39949035644531 62.29142379760742 354.4788818359375
v 64.62753295898438 64.29324340820312 384.1999816894531
v 65.46493530273438 62.26272201538086 342.1405029296875
v 65.70885467529297 63.54119873046875 324.1756896972656
v 64.91049194335938 65.93061828613281 381.4737854003906
v 64.96500396728516 78.92005157470703 360.6258850097656
v 65.38858032226562 88.17415618896484 347.6000671386719
v 65.79612731933594 -13.004162788391113 22.3647403717041
v 65.21592712402344 -8.087639808654785 44.966636657714844
v 65.65364837646484 -6.44722843170166 19.15459632873535
v 66.06449127197266 -4.683382987976074 20.269309997558594
v 66.26517486572266 -3.3312928676605225 22.88178825378418
v 66.64729309082031 -2.2423603534698486 31.05634117126465
v 65.9737319946289 27.759048461914062 438.2461242675781
v 65.64227294921875 31.197988510131836 437.4513244628906
v 65.75743865966797 44.07207489013672 384.3689880371094
v 66.1908950805664 45.526363372802734 385.4819641113281
v 65.04751586914062 49.73497772216797 378.0045166015625
v 65.27010345458984 53.35133743286133 375.2368469238281
v 66.1650390625 56.99515914916992 308.6721496582031
v 65.07999420166016 60.28169631958008 366.0814208984375
v 66.83758544921875 62.64872360229492 348.7142333984375
v 66.25374603271484 62.585567474365234 354.1234130859375
v 65.49800109863281 62.515037536621094 361.0404052734375
v 65.65508270263672 62.07008743286133 282.6058654785156
v 66.04020690917969 62.90470504760742 335.92230224609375
v 65.50592803955078 63.4403190612793 383.24688720703125
v 65.88014221191406 66.263916015625 285.219970703125
v 65.73309326171875 65.86973571777344 378.2699890136719
v 65.06343841552734 70.7427978515625 372.26898193359375
v 65.16419219970703 72.68727111816406 367.27410888671875
v 65.85059356689453 74.00980377197266 364.65185546875
v 65.75653076171875 81.83763885498047 298.00341796875
v 66.19507598876953 82.88524627685547 355.6349182128906
v 66.40850830078125 84.86516571044922 353.0276184082031
v 65.85102081298828 86.4702377319336 304.7945861816406
v 66.3380126953125 87.95095825195312 307.1914978027344
v 66.00975036621094 89.4077377319336 309.7841491699219
v 65.83108520507812 89.57453155517578 343.77587890625
v 66.58221435546875 90.32344818115234 342.5213928222656
v 65.63626861572266 93.30728912353516 320.4030456542969
v 67.48876953125 -17.018367767333984 32.849700927734375
v 66.68749237060547 -17.015039443969727 37.45685958862305
v 67.39859771728516 -13.413212776184082 42.1099853515625
v 66.54906463623047 -10.400320053100586 19.372652053833008
v 66.76399993896484 -8.097704887390137 18.884414672851562
v 68.11195373535156 -4.095150470733643 39.96736526489258
v 68.04012298583984 26.799291610717773 436.05059814453125
v 66.47294616699219 31.329326629638672 435.1018371582031
v 65.48272705078125 46.03445053100586 389.6206359863281
v 65.60179138183594 49.060420989990234 389.72064208984375
v 65.83882141113281 50.512210845947266 285.64935302734375
v 66.80730438232422 53.0683708190918 297.9190979003906
v 66.32040405273438 55.728912353515625 282.5240173339844
v 66.29837036132812 58.34181213378906 282.56646728515625
v 65.50727844238281 59.988006591796875 368.92327880859375
v 67.52165222167969 64.1058578491211 324.8382263183594
v 65.56549835205078 68.74613952636719 373.80462646484375
v 66.14742279052734 71.03118896484375 367.7503967285156
v 65.98120880126953 69.4421615600586 370.86529541015625
v 66.07598876953125 76.75784301757812 360.73822021484375
v 66.9054946899414 77.55045318603516 293.86029052734375
v 66.476806640625 86.1445083618164 350.9341125488281
v 66.84424591064453 91.08619689941406 313.8622131347656
v 66.39250946044922 91.98301696777344 338.7112121582031
v 66.61661529541016 93.72976684570312 324.67425537109375
v 66.94326782226562 93.21839141845703 334.1241760253906
v 66.6803207397461 -16.08030891418457 29.727537155151367
v 66.72598266601562 -13.146773338317871 24.370119094848633
v 66.85258483886719 -12.241691589355469 21.040796279907227
v 66.2186279296875 -3.600914716720581 27.03154945373535
v 67.08421325683594 -2.7104222774505615 29.974050521850586
v 67.09833526611328 -1.8658626079559326 32.8802490234375
v 67.73297119140625 31.685693740844727 436.6814270019531
v 65.96551513671875 45.61206817626953 387.5638427734375
v 66.17740631103516 47.07294464111328 382.4281005859375
v 66.06751251220703 50.64060592651367 379.99908447265625
v 66.10846710205078 54.09934616088867 376.6278381347656
v 66.33473205566406 52.01117706298828 387.3504638671875
v 67.39851379394531 54.7172737121582 301.4938049316406
v 66.05655670166016 57.882259368896484 386.2489929199219
v 66.22084045410156 54.09606170654297 386.8948974609375
v 66.32456970214844 57.32846450805664 373.8758239746094
v 66.35106658935547 58.70038986206055 373.677490234375
v 65.94114685058594 61.75043869018555 367.0042724609375
v 66.450927734375 61.20017623901367 316.2930603027344
v 65.9868392944336 62.76348114013672 363.6355285644531
v 66.22329711914062 62.04621505737305 346.8487854003906
v 67.63398742675781 63.10176467895508 341.1610412597656
v 67.65599822998047 63.487117767333984 328.3816223144531
v 66.30060577392578 64.08233642578125 379.8057556152344
v 66.75945281982422 77.15210723876953 360.34356689453125
v 67.59323120117188 89.9520034790039 312.28704833984375
v 66.90498352050781 92.2535400390625 317.2279052734375
v 66.86595916748047 -15.153429985046387 28.358671188354492
v 67.53922271728516 -7.5035400390625 42.82722091674805
v 67.594970703125 -5.823773384094238 19.849565505981445
v 68.25585174560547 -2.113219976425171 34.77336883544922
v 68.43240356445312 28.191553115844727 434.4864501953125
v 68.03843688964844 29.42055892944336 434.22210693359375
v 68.47393798828125 30.356689453125 434.59912109375
v 66.34367370605469 48.33774185180664 387.2193603515625
v 66.41947937011719 51.524444580078125 288.216064453125
v 66.88996887207031 52.94740295410156 286.7543029785156
v 67.39761352539062 53.145545959472656 294.5690612792969
v 67.75300598144531 53.669918060302734 293.7462158203125
v 66.7165298461914 53.97229766845703 284.33526611328125
v 66.68988037109375 55.33717727661133 304.62066650390625
v 66.22420501708984 60.92451477050781 370.756591796875
v 67.02021026611328 59.83325958251953 284.0860900878906
v 66.37740325927734 62.284515380859375 381.88482666015625
v 66.5335693359375 62.87127685546875 370.7268371582031
v 66.5437240600586 63.306941986083984 368.09332275390625
v 67.40986633300781 62.88924789428711 339.52728271484375
v 67.14038848876953 64.17193603515625 355.54443359375
v 66.96294403076172 64.09658813476562 358.1734313964844
v 66.9385757446289 64.81893157958984 359.8468017578125
v 67.03546142578125 64.54439544677734 285.726318359375
v 66.20811462402344 67.44474029541016 372.473388671875
v 66.06976318359375 70.8709945678711 366.8605041503906
v 68.00367736816406 75.31609344482422 292.7999572753906
v 67.10083770751953 75.44029235839844 360.3295593261719
v 67.86460876464844 80.44428253173828 356.3460388183594
v 67.74663543701172 83.0946044921875 354.009765625
v 67.30677032470703 87.95359802246094 346.6290588378906
v 67.77987670898438 -16.143369674682617 38.69249725341797
v 67.49510192871094 -12.835688591003418 23.10566520690918
v 67.87870025634766 -11.235549926757812 42.745933532714844
v 69.3340835571289 -10.342185974121094 41.824588775634766
v 67.72078704833984 -3.67865252494812 24.019807815551758
v 68.2318344116211 26.726613998413086 437.6448059082031
v 68.26458740234375 27.247373580932617 435.2165832519531
v 67.42731475830078 30.01291847229004 439.1732482910156
v 66.76109313964844 51.45769119262695 383.5089111328125
v 66.78199768066406 54.718109130859375 378.86737060546875
v 66.73065185546875 52.754093170166016 384.37054443359375
v 66.75389862060547 57.342464447021484 384.061279296875
v 68.49896240234375 63.27224349975586 345.4470520019531
v 67.76907348632812 63.02714538574219 334.8334045410156
v 66.7971420288086 64.61115264892578 365.3858337402344
v 68.02945709228516 64.13056945800781 323.83392333984375
v 66.86070251464844 65.2786865234375 362.7984619140625
v 66.61875915527344 65.03804779052734 371.7718505859375
v 66.86567687988281 65.6128921508789 364.82574462890625
v 66.5428695678711 63.77508544921875 376.8843078613281
v 66.60134887695312 67.35671997070312 369.9716796875
v 66.69283294677734 69.0771713256836 365.9820556640625
v 68.18565368652344 71.38471221923828 290.18511962890625
v 68.20928955078125 80.27937316894531 297.683837890625
v 68.37187957763672 82.43827056884766 300.869140625
v 67.97801971435547 83.75941467285156 302.1588439941406
v 68.5383529663086 91.21875762939453 339.2154235839844
v 68.05239868164062 92.94383239746094 321.8167724609375
v 67.81442260742188 -12.724809646606445 24.501785278320312
v 68.00544738769531 -4.115541934967041 22.156335830688477
v 67.40811157226562 28.037057876586914 438.9798583984375
v 67.95455932617188 31.313764572143555 438.24395751953125
v 67.04432678222656 54.77032470703125 381.24688720703125
v 67.04859924316406 55.54490661621094 284.6865234375
v 67.03549194335938 56.1168327331543 382.93359375
v 67.04349517822266 57.62086868286133 377.0528564453125
v 67.18565368652344 58.49333190917969 379.3211669921875
v 67.53025817871094 57.87330627441406 285.109375
v 67.02484893798828 60.72612762451172 380.21826171875
v 67.09481048583984 60.228919982910156 376.00823974609375
v 68.74761962890625 60.855690002441406 312.2469177246094
v 66.83829498291016 61.738800048828125 375.6277770996094
v 68.41924285888672 61.387847900390625 313.9376525878906
v 67.03382110595703 62.01847839355469 377.8839416503906
v 67.95352172851562 62.95802688598633 286.4529113769531
v 66.77375793457031 65.75929260253906 369.1646423339844
v 67.01424407958984 67.45597076416016 366.55657958984375
v 67.10003662109375 67.66217041015625 364.37884521484375
v 68.38566589355469 72.58699035644531 359.4944152832031
v 68.01729583740234 73.70582580566406 359.85418701171875
v 68.50812530517578 86.06166076660156 305.7431640625
v 69.02555847167969 88.3422622680664 343.7987365722656
v 68.75022888183594 88.59526824951172 310.2607421875
v 68.63943481445312 -14.763477325439453 40.01897430419922
v 67.8603515625 -9.479734420776367 19.50859260559082
v 68.20674133300781 -4.394409656524658 26.898998260498047
v 68.41224670410156 -3.7698447704315186 27.902132034301758
v 69.03654479980469 -2.910388708114624 36.679473876953125
v 68.67410278320312 55.42329025268555 291.8501892089844
v 67.79776000976562 55.56230926513672 286.95941162109375
v 68.0693588256836 57.77406692504883 308.0738525390625
v 69.2825698852539 62.42298889160156 316.2123107910156
v 69.4286117553711 63.491878509521484 319.2730407714844
v 68.81116485595703 63.69873046875 348.73876953125
v 68.34007263183594 63.60472106933594 336.62353515625
v 67.81476593017578 64.41936492919922 355.28668212890625
v 67.85447692871094 65.40894317626953 356.3761291503906
v 68.00390625 66.24617004394531 287.4096374511719
v 67.80376434326172 66.33499908447266 359.6065979003906
v 67.83624267578125 67.82250213623047 361.00518798828125
v 67.88903045654297 69.7180404663086 361.5265808105469
v 67.90348052978516 75.40695190429688 359.9862365722656
v 68.61490631103516 77.38380432128906 357.9726867675781
v 68.13326263427734 85.34769439697266 304.6867370605469
v 69.56082153320312 88.77079010009766 343.2726135253906
v 69.19366455078125 92.96681213378906 330.87884521484375
v 68.64054107666016 -16.71843719482422 34.70999526977539
v 72.39805603027344 -15.424630165100098 30.48228645324707
v 68.7269515991211 -14.71931266784668 28.41624641418457
v 69.30203247070312 -12.850937843322754 41.083370208740234
v 68.4197998046875 -11.88127326965332 21.874256134033203
v 69.0545654296875 -10.476497650146484 20.847841262817383
v 69.50971984863281 58.251338958740234 306.8282165527344
v 68.82554626464844 64.38752746582031 287.8755187988281
v 69.50730895996094 65.11547088623047 350.6592712402344
v 68.90016174316406 80.43461608886719 355.6129455566406
v 68.90975952148438 79.3340835571289 355.99169921875
v 68.96077728271484 82.92977905273438 353.2587585449219
v 68.44371032714844 85.40264129638672 350.28668212890625
v 68.96673583984375 90.35506439208984 314.20379638671875
v 69.38961029052734 -16.064533233642578 36.49663162231445
v 69.2883071899414 -11.593635559082031 24.96430206298828
v 69.01248168945312 -8.15869426727295 20.09895896911621
v 69.27456665039062 -6.339075565338135 41.00486755371094
v 69.15702819824219 -5.5552287101745605 21.39925765991211
v 68.62492370605469 -3.280632257461548 29.53457260131836
v 71.68036651611328 28.105133056640625 439.5748291015625
v 70.74120330810547 29.58837127685547 439.341552734375
v 69.01908111572266 55.292381286621094 294.8854064941406
v 69.07839965820312 57.2269401550293 290.2003479003906
v 69.00357818603516 59.97748565673828 288.1907958984375
v 69.17179870605469 63.87348937988281 341.416259765625
v 69.06489562988281 66.43929290771484 355.9638977050781
v 68.95709228515625 66.81593322753906 356.6602478027344
v 68.47216796875 66.96403503417969 357.0936584472656
v 68.82869720458984 68.5573501586914 357.9062194824219
v 69.38387298583984 69.66223907470703 290.44921875
v 68.79399871826172 70.95822143554688 358.9023132324219
v 68.68004608154297 74.07818603515625 359.45330810546875
v 69.29276275634766 77.07489776611328 295.3016357421875
v 69.52967071533203 91.30902862548828 317.5989685058594
v 69.35037231445312 92.48845672607422 333.95013427734375
v 68.99918365478516 92.95892333984375 325.570068359375
v 71.26142120361328 -14.335039138793945 28.520116806030273
v 70.02781677246094 -14.975574493408203 37.953617095947266
v 69.48043060302734 -11.39898681640625 23.27899932861328
v 69.7078628540039 -8.509284019470215 41.46812438964844
v 69.25564575195312 -4.7743682861328125 23.753753662109375
v 69.14934539794922 -5.209174633026123 26.5484676361084
v 69.5433578491211 -3.8766016960144043 38.011531829833984
v 73.3133773803711 -3.4227688312530518 31.160898208618164
v 70.100341796875 31.055686950683594 435.8702392578125
v 69.34515380859375 31.49066162109375 437.14459228515625
v 69.53416442871094 56.668601989746094 292.42041015625
v 69.69441223144531 56.720436096191406 301.3254089355469
v 69.59934997558594 63.65317153930664 335.54248046875
v 69.89808654785156 64.12641143798828 340.21087646484375
v 69.30607604980469 71.62252044677734 358.7475891113281
v 70.6380844116211 75.14630889892578 295.1193542480469
v 69.843017578125 75.15009307861328 357.3280334472656
v 70.02819061279297 84.6989974975586 305.4561767578125
v 70.25410461425781 88.87891387939453 312.8952941894531
v 70.38687896728516 89.67778015136719 340.76739501953125
v 73.34112548828125 -15.860634803771973 32.20421600341797
v 70.43538665771484 -12.098640441894531 26.797346115112305
v 69.73710632324219 -7.893103122711182 20.970861434936523
v 70.15508270263672 -5.282161712646484 39.20950698852539
v 70.41722869873047 -5.225283145904541 27.77537727355957
v 70.19445037841797 26.145870208740234 437.07373046875
v 70.55655670166016 26.93912124633789 435.3434143066406
v 71.24739837646484 27.916324615478516 434.8164978027344
v 71.71322631835938 28.70306968688965 434.80389404296875
v 69.87271118164062 62.23155975341797 289.33880615234375
v 70.46918487548828 64.79100799560547 321.9464111328125
v 70.35346984863281 64.72990417480469 346.7194519042969
v 70.20073699951172 64.48213958740234 328.1270751953125
v 70.45951843261719 65.384765625 324.5537109375
v 70.47607421875 66.66903686523438 351.5712585449219
v 70.3648681640625 66.60836791992188 290.5771789550781
v 69.44812774658203 69.29610443115234 357.7745056152344
v 70.67142486572266 80.26156616210938 353.64794921875
v 70.49332427978516 82.3410415649414 302.8282775878906
v 70.39111328125 84.02926635742188 349.90985107421875
v 70.60535430908203 86.29010009765625 346.00201416015625
v 70.2751235961914 92.24762725830078 323.8205871582031
v 70.39387512207031 -9.378366470336914 22.57675552368164
v 70.20685577392578 -6.54955530166626 22.5488224029541
v 70.20663452148438 -6.151164531707764 23.83138084411621
v 70.43899536132812 26.91175651550293 438.8701477050781
v 70.82489776611328 59.23036193847656 306.06121826171875
v 70.01060485839844 58.77130889892578 291.20635986328125
v 71.1679458618164 64.55628204345703 333.8225402832031
v 71.8552474975586 65.06047821044922 337.1640930175781
v 70.84835052490234 64.95526123046875 337.619873046875
v 70.71531677246094 70.33736419677734 355.69927978515625
v 71.31745910644531 74.05255889892578 354.9182434082031
v 70.52386474609375 76.60215759277344 355.4936828613281
v 70.79344940185547 78.72969818115234 298.6883544921875
v 71.1668701171875 86.66143035888672 309.676513671875
v 70.43755340576172 -13.665152549743652 39.11103820800781
v 70.83843994140625 -11.313414573669434 40.1788215637207
v 70.44934844970703 -9.546564102172852 24.417526245117188
v 70.33079528808594 -9.351821899414062 25.559295654296875
v 70.67801666259766 -7.517294406890869 40.163089752197266
v 70.23341369628906 -7.182450771331787 26.142980575561523
v 71.43470764160156 -7.555075645446777 27.166244506835938
v 72.62592315673828 -3.8610756397247314 30.024446487426758
v 73.79783630371094 -3.148099899291992 32.645355224609375
v 73.99300384521484 -3.2415554523468018 34.25767135620117
v 72.2201919555664 30.316423416137695 438.3131103515625
v 72.44255828857422 63.61206817626953 294.7630310058594
v 70.79788970947266 62.51007080078125 312.14044189453125
v 70.91515350341797 65.09149169921875 341.7910461425781
v 71.79019927978516 66.10031127929688 322.9435119628906
v 71.1639633178711 66.86286926269531 351.07843017578125
v 71.19732666015625 72.73139953613281 294.31890869140625
v 71.16552734375 76.73957061767578 355.0618591308594
v 71.3935317993164 80.38835906982422 301.8725280761719
v 70.83837127685547 87.0654067993164 343.8021545410156
v 70.783447265625 90.21163940429688 316.4869079589844
v 71.39259338378906 89.99951934814453 338.7190246582031
v 71.0435791015625 91.59888458251953 334.27459716796875
v 71.42262268066406 -10.468273162841797 26.954540252685547
v 70.8487777709961 -9.15658950805664 40.379913330078125
v 70.64996337890625 -8.008158683776855 23.780107498168945
v 71.8121337890625 30.75514030456543 436.903076171875
v 71.5038070678711 58.821250915527344 299.7120666503906
v 71.99995422363281 60.33554458618164 305.1410827636719
v 72.02330017089844 66.73101043701172 347.90618896484375
v 71.39983367919922 69.2668228149414 352.769775390625
v 71.07283782958984 68.67959594726562 292.2288513183594
v 71.11477661132812 82.20914459228516 351.3096008300781
v 72.26165771484375 86.9574203491211 343.19140625
v 71.4307861328125 91.12635803222656 321.5954284667969
v 71.85905456542969 91.63554382324219 330.58819580078125
v 74.1360855102539 -15.69200325012207 34.422672271728516
v 71.49103546142578 -8.647007942199707 26.920915603637695
v 72.1511459350586 -5.1084089279174805 28.470901489257812
v 72.85636138916016 24.41413116455078 436.0362548828125
v 72.87696838378906 26.45958709716797 439.23895263671875
v 71.89183807373047 25.680419921875 438.4815368652344
v 72.15109252929688 29.71784210205078 435.3680419921875
v 71.99095916748047 65.0611572265625 318.3021240234375
v 72.28258514404297 66.32406616210938 293.8385009765625
v 72.20964813232422 65.90841674804688 341.04608154296875
v 71.59051513671875 71.82514953613281 353.9748840332031
v 72.1667251586914 80.59606170654297 351.27862548828125
v 72.81307983398438 82.18450927734375 306.0207214355469
v 72.2391586303711 83.41677856445312 306.4183044433594
v 72.35856628417969 84.72636413574219 345.75140380859375
v 71.87368774414062 87.69542694091797 313.1318359375
v 71.6983871459961 -13.445853233337402 28.114620208740234
v 74.55833435058594 -12.663763046264648 38.618106842041016
v 72.99063873291016 24.723302841186523 435.029052734375
v 72.56128692626953 26.112619400024414 434.39990234375
v 72.60499572753906 60.75114822387695 302.2337341308594
v 72.72209167480469 62.514129638671875 296.47259521484375
v 72.41535186767578 63.89493179321289 311.23760986328125
v 72.08255004882812 65.55387878417969 328.0162353515625
v 72.79045104980469 66.96007537841797 342.800537109375
v 72.29212951660156 72.39256286621094 295.6380310058594
v 72.0425796508789 73.57415008544922 354.1458740234375
v 72.29231262207031 77.43882751464844 353.0747375488281
v 72.828857421875 79.96075439453125 303.4323425292969
v 72.62165832519531 88.364990234375 315.4864807128906
v 72.89532470703125 90.44490814208984 323.6988830566406
v 72.66826629638672 -12.307930946350098 27.295690536499023
v 72.68700408935547 -8.568883895874023 26.670318603515625
v 73.440185546875 24.200441360473633 436.9706115722656
v 72.65814208984375 29.150741577148438 439.2097473144531
v 73.34587097167969 29.74291229248047 435.9067077636719
v 73.17010498046875 62.026100158691406 299.7615051269531
v 72.861083984375 64.44439697265625 312.1786193847656
v 73.12152862548828 65.84378051757812 334.4361572265625
v 72.78653717041016 66.35629272460938 320.8988037109375
v 72.81019592285156 66.60391998291016 338.4581298828125
v 73.11476135253906 67.32925415039062 324.25946044921875
v 73.29393768310547 69.46984100341797 349.2135009765625
v 72.1556396484375 70.37572479248047 352.8062744140625
v 72.7474365234375 75.15834045410156 298.2753601074219
v 73.00871276855469 83.01033020019531 346.8482666015625
v 73.08370208740234 84.87979888916016 343.790771484375
v 73.10857391357422 88.609619140625 338.9569091796875
v 73.41435241699219 88.55305480957031 317.9723205566406
v 73.20669555664062 -14.372550010681152 28.855253219604492
v 72.51207733154297 -10.420891761779785 26.741514205932617
v 73.77256774902344 -5.529423236846924 27.81782341003418
v 73.07526397705078 62.086753845214844 305.0320739746094
v 73.76939392089844 66.78191375732422 338.1694030761719
v 73.09233856201172 70.1980209350586 296.1480712890625
v 73.08228302001953 70.52281951904297 350.82574462890625
v 73.06946563720703 74.79882049560547 352.3257751464844
v 73.0666732788086 77.02200317382812 300.7476806640625
v 73.57478332519531 77.92194366455078 303.06732177734375
v 73.41781616210938 78.00109100341797 350.86004638671875
v 73.1642837524414 85.44515991210938 311.0260009765625
v 72.94767761230469 90.39924621582031 334.0539855957031
v 73.32757568359375 90.38964080810547 327.7068786621094
v 74.47237396240234 -15.5624361038208 31.0206356048584
v 74.04499053955078 -15.086759567260742 36.28497314453125
v 74.16743469238281 -13.905814170837402 37.783912658691406
v 74.889892578125 -9.129034996032715 39.37128829956055
v 74.42257690429688 -5.429375648498535 38.058692932128906
v 74.29647827148438 -3.909276247024536 36.19337844848633
v 74.88986206054688 29.21307945251465 437.1502380371094
v 73.7729721069336 66.7157211303711 317.48797607421875
v 74.32207489013672 67.38958740234375 298.9134826660156
v 73.6994400024414 66.66091918945312 328.6271057128906
v 74.44127655029297 68.48902893066406 321.9175720214844
v 73.20535278320312 72.41753387451172 351.6389465332031
v 73.70240020751953 72.84141540527344 298.58819580078125
v 74.26091003417969 81.91647338867188 345.5682678222656
v 73.79059600830078 81.92477416992188 307.26104736328125
v 74.27001953125 85.5412826538086 313.9684753417969
v 73.97949981689453 90.0309829711914 330.8292541503906
v 74.5125732421875 -10.76782512664795 39.40495300292969
v 74.77442169189453 -7.309087753295898 39.02753448486328
v 75.30396270751953 -3.98779296875 29.850305557250977
v 75.18280792236328 24.28404426574707 433.9073791503906
v 75.48004913330078 24.97687530517578 433.5068359375
v 73.95525360107422 26.78960418701172 433.7368469238281
v 74.44327545166016 28.167600631713867 434.2633972167969
v 73.91496276855469 63.52630615234375 303.5400390625
v 74.13933563232422 64.97084045410156 299.9477233886719
v 74.21297454833984 66.29969787597656 309.85198974609375
v 73.99678039550781 68.01883697509766 339.32470703125
v 73.98480224609375 68.1517562866211 341.90234375
v 74.21377563476562 69.25789642333984 343.6706237792969
v 74.4817886352539 77.64531707763672 304.6665344238281
v 74.6124496459961 83.85466766357422 343.31658935546875
v 74.71964263916016 84.96727752685547 342.0160217285156
v 74.21226501464844 86.44560241699219 315.2684020996094
v 74.78398895263672 89.01016235351562 333.1540222167969
v 75.03465270996094 -14.275025367736816 27.30088233947754
v 74.83737182617188 -12.088342666625977 25.620851516723633
v 74.53547668457031 -6.781714916229248 26.324831008911133
v 76.11796569824219 23.094974517822266 436.9110107421875
v 74.57424926757812 26.818103790283203 439.0386962890625
v 74.40486145019531 28.08645248413086 438.927978515625
v 74.99386596679688 68.3399658203125 338.8291015625
v 74.12670135498047 70.20021057128906 298.5047302246094
v 75.20347595214844 71.89633178710938 344.5733642578125
v 74.29882049560547 72.6102523803711 348.91015625
v 74.07615661621094 74.54826354980469 350.1665954589844
v 74.6372299194336 73.76844024658203 301.74993896484375
v 75.22306823730469 -15.695657730102539 32.504493713378906
v 77.93767547607422 -3.8928606510162354 30.96699333190918
v 75.23528289794922 23.15897560119629 435.3936767578125
v 75.06769561767578 28.581703186035156 438.06787109375
v 74.84494018554688 29.27958869934082 436.3459167480469
v 74.57090759277344 65.43898010253906 304.1543273925781
v 74.78116607666016 67.18748474121094 310.3177490234375
v 74.88206481933594 68.02951049804688 316.4156494140625
v 75.74442291259766 68.5881118774414 335.56475830078125
v 74.85499572753906 68.14986419677734 326.94427490234375
v 75.24136352539062 69.70230865478516 323.6472473144531
v 74.7979965209961 76.73587799072266 347.70001220703125
v 74.81710815429688 80.21031188964844 307.8044738769531
v 75.08538055419922 79.60668182373047 345.5941162109375
v 74.53923797607422 82.85061645507812 343.3555908203125
v 75.23684692382812 82.89615631103516 311.9590759277344
v 75.1080551147461 86.74137115478516 338.450439453125
v 74.80791473388672 88.52306365966797 323.9190673828125
v 75.1639404296875 88.7069091796875 328.3372497558594
v 75.34181213378906 -9.259072303771973 24.895605087280273
v 75.77686309814453 -5.159051418304443 27.28489112854004
v 76.06025695800781 -4.356186866760254 35.47175979614258
v 75.98048400878906 26.131778717041016 433.44940185546875
v 77.26063537597656 27.494958877563477 434.77093505859375
v 75.07125854492188 67.66566467285156 303.763427734375
v 75.07323455810547 68.25099182128906 308.53704833984375
v 75.65972137451172 69.31173706054688 315.7431640625
v 75.81533813476562 68.68900299072266 329.9621276855469
v 75.20091247558594 69.25711822509766 303.0797424316406
v 75.13909912109375 70.76619720458984 302.4573059082031
v 76.1363525390625 70.3905029296875 325.4185791015625
v 75.43733215332031 70.51824951171875 340.3229064941406
v 75.1712646484375 70.41416931152344 342.5718994140625
v 75.31619262695312 75.10005950927734 346.15338134765625
v 75.08708190917969 74.71150207519531 304.73895263671875
v 75.67489624023438 80.49412536621094 343.0229797363281
v 75.1373519897461 86.41919708251953 318.1749572753906
v 77.56360626220703 -15.490337371826172 32.68955993652344
v 75.92420959472656 -15.525962829589844 29.353090286254883
v 76.26524353027344 -6.954044818878174 25.43755340576172
v 78.40287017822266 -4.122151851654053 32.34715270996094
v 76.00531005859375 24.143796920776367 437.9798278808594
v 76.9142837524414 27.116514205932617 434.10791015625
v 76.03333282470703 70.7052993774414 320.7906799316406
v 75.95747375488281 70.01158905029297 339.5008239746094
v 75.44557189941406 75.5040512084961 305.851318359375
v 76.13671112060547 87.11924743652344 333.947021484375
v 76.24652099609375 -11.57658863067627 38.18626022338867
v 77.1153564453125 -5.8467698097229 26.07355308532715
v 76.73622131347656 -4.12605094909668 28.886144638061523
v 75.61145782470703 71.4645767211914 306.69561767578125
v 75.79441833496094 70.18501281738281 308.81787109375
v 76.09725189208984 70.29045104980469 313.2178649902344
v 76.35509490966797 69.98497009277344 327.2901306152344
v 76.2942123413086 71.19481658935547 340.1358947753906
v 75.97972106933594 73.76395416259766 343.7198181152344
v 75.84027099609375 72.87014770507812 306.8653869628906
v 76.25497436523438 76.89415740966797 309.4358825683594
v 75.9657974243164 77.57028198242188 344.2680969238281
v 75.77384185791016 78.63458251953125 308.7899169921875
v 76.18360900878906 80.5920639038086 342.81610107421875
v 76.70879364013672 82.85885620117188 317.2607727050781
v 76.45027160644531 82.02172088623047 341.48895263671875
v 75.99798583984375 84.41635131835938 316.9977722167969
v 76.43143463134766 84.47932434082031 338.8948974609375
v 76.43714904785156 86.15543365478516 324.0365905761719
v 76.65914154052734 86.8658676147461 331.4560241699219
v 77.74906158447266 -14.500795364379883 34.90542984008789
v 77.445556640625 -12.8464994430542 23.412092208862305
v 76.21900177001953 -11.030972480773926 23.8929500579834
v 77.62708282470703 -8.52142333984375 23.15220832824707
v 77.51284790039062 21.857683181762695 432.2756042480469
v 77.73021697998047 21.13349151611328 433.3171691894531
v 77.8421630859375 23.41925621032715 431.389404296875
v 77.10407257080078 24.70331382751465 438.1318054199219
v 77.80009460449219 25.899015426635742 437.8962097167969
v 76.60134887695312 72.41954803466797 311.9383544921875
v 76.07941436767578 72.48046875 340.91436767578125
v 76.43386840820312 74.45579528808594 341.5838928222656
v 76.76415252685547 74.52243041992188 311.1679382324219
v 76.25813293457031 78.07434844970703 342.6076965332031
v 76.34740447998047 80.35760498046875 312.4211120605469
v 76.3718490600586 86.7115478515625 326.7655944824219
v 77.12444305419922 86.1017837524414 329.2056579589844
v 76.8673324584961 -15.834606170654297 30.69310188293457
v 78.05044555664062 -15.319467544555664 25.508283615112305
v 77.67993927001953 -14.282898902893066 24.382678985595703
v 79.0884780883789 -10.160040855407715 36.87439727783203
v 77.9880599975586 21.257335662841797 435.2084655761719
v 77.78227996826172 26.977632522583008 437.1253356933594
v 77.4626235961914 71.70562744140625 336.222900390625
v 76.65777587890625 71.79907989501953 315.3876037597656
v 76.8677749633789 72.63201141357422 323.1667785644531
v 76.98492431640625 73.01709747314453 340.4798889160156
v 76.4407730102539 76.40361022949219 342.19598388671875
v 76.92818450927734 78.66120910644531 342.1755065917969
v 77.90767669677734 -16.109243392944336 28.227357864379883
v 77.6966552734375 -10.5984468460083 22.714387893676758
v 79.04519653320312 -8.16760540008545 36.71376419067383
v 77.96189880371094 -6.050647258758545 36.25023651123047
v 78.09422302246094 -5.024982452392578 27.00366973876953
v 79.17048645019531 22.88541030883789 436.94830322265625
v 78.44918060302734 27.121177673339844 435.9544677734375
v 77.58940124511719 71.46826171875 330.17633056640625
v 77.29544830322266 73.95581817626953 319.36566162109375
v 77.1453628540039 74.31907653808594 314.56402587890625
v 77.15235137939453 74.63102722167969 341.1658630371094
v 77.15812683105469 76.20580291748047 313.6360778808594
v 76.89676666259766 78.71876525878906 313.119384765625
v 76.95905303955078 76.5220718383789 342.0012512207031
v 77.53511810302734 82.41643524169922 338.1282653808594
v 77.2110595703125 84.38269805908203 323.84954833984375
v 77.70330047607422 84.65535736083984 333.09649658203125
v 77.22359466552734 85.2367935180664 326.8297119140625
v 80.07829284667969 -12.090682029724121 35.56749725341797
v 79.27342987060547 -5.979132652282715 24.318931579589844
v 77.45588684082031 72.3338851928711 326.6717529296875
v 77.61036682128906 74.85200500488281 322.7635803222656
v 77.66343688964844 76.26439666748047 318.7611389160156
v 77.78250885009766 77.22442626953125 340.0535888671875
v 77.71209716796875 78.25318908691406 318.396728515625
v 77.41595458984375 80.39546203613281 317.772705078125
v 77.96915435791016 79.84574127197266 338.837890625
v 77.7100830078125 82.1746597290039 322.6156921386719
v 78.98731994628906 -14.847698211669922 33.50783157348633
v 79.85550689697266 -13.527129173278809 34.67567443847656
v 78.74605560302734 -7.263570308685303 23.254743576049805
v 78.68633270263672 21.928285598754883 436.3503723144531
v 79.89598083496094 23.95258903503418 430.4168395996094
v 78.76679229736328 26.050806045532227 432.522216796875
v 78.21709442138672 74.56287384033203 337.17633056640625
v 78.0902099609375 75.24639892578125 325.3005065917969
v 77.98304748535156 77.2633285522461 322.315673828125
v 78.00897216796875 79.6966781616211 322.12701416015625
v 78.20919799804688 82.12370300292969 326.0787048339844
v 78.25550842285156 83.70966339111328 329.5255126953125
v 79.81022644042969 -4.548776626586914 28.497318267822266
v 80.3050308227539 24.68132781982422 430.8053283691406
v 78.83129119873047 74.85031127929688 331.101318359375
v 78.4403305053711 74.52167510986328 327.5188903808594
v 78.55052947998047 78.63085174560547 325.62335205078125
v 78.59486389160156 76.80361938476562 336.5331726074219
v 78.22538757324219 81.8643798828125 335.72296142578125
v 78.53314971923828 79.24356842041016 336.6520690917969
v 79.32025146484375 -16.278215408325195 29.74196434020996
v 79.99849700927734 -13.872922897338867 22.469202041625977
v 80.14017486572266 -12.211496353149414 21.669321060180664
v 79.90464782714844 -10.553727149963379 21.571178436279297
v 79.71000671386719 21.301420211791992 430.6215515136719
v 79.87611389160156 20.718191146850586 434.9887390136719
v 79.80227661132812 23.585880279541016 436.88397216796875
v 78.87171173095703 76.9932861328125 327.4879150390625
v 79.18489074707031 77.45032501220703 331.017822265625
v 79.0521469116211 79.99964141845703 332.4681091308594
v 79.03961181640625 79.73857879638672 328.4893493652344
v 78.78179168701172 81.96723175048828 331.1019287109375
v 81.22019958496094 -16.36893653869629 25.764659881591797
v 80.19514465332031 -15.802985191345215 31.47556495666504
v 80.16614532470703 -15.348531723022461 23.97471046447754
v 80.45516204833984 -8.80168628692627 21.69988441467285
v 81.3865737915039 -7.122199058532715 34.1844482421875
v 79.97080993652344 -5.090358734130859 33.19990539550781
v 80.3663330078125 20.005640029907227 432.9627685546875
v 79.66383361816406 20.426748275756836 431.9172058105469
v 79.68783569335938 22.307790756225586 430.2326965332031
v 79.92619323730469 24.899763107299805 436.79705810546875
v 80.09766387939453 26.269020080566406 433.59490966796875
v 80.89727020263672 -14.988595008850098 32.6340217590332
v 80.88851928710938 -5.074952125549316 25.460725784301758
v 81.91605377197266 -5.139904499053955 30.082035064697266
v 81.13606262207031 25.21326446533203 435.23004150390625
v 81.26048278808594 -6.519835472106934 23.02488136291504
v 81.42915344238281 19.93874740600586 430.0094299316406
v 82.48580932617188 22.107887268066406 428.0950012207031
v 81.54606628417969 25.044490814208984 430.99609375
v 81.05768585205078 25.674976348876953 434.4092712402344
v 81.30963134765625 -16.053653717041016 29.820960998535156
v 82.16667175292969 -13.91004753112793 33.024986267089844
v 82.65459442138672 -9.105487823486328 33.958030700683594
v 81.48847198486328 -4.75108528137207 26.968778610229492
v 82.33723449707031 19.18551254272461 430.6091003417969
v 81.82132720947266 -16.543752670288086 27.192363739013672
v 82.52500915527344 -15.575261116027832 23.790904998779297
v 81.89624786376953 -12.120174407958984 34.389923095703125
v 82.63878631591797 -10.43835163116455 34.14442825317383
v 82.03548431396484 23.535755157470703 435.467041015625
v 82.53994750976562 25.27928924560547 432.2877197265625
v 84.23482513427734 -11.427663803100586 20.793622970581055
v 83.0128402709961 -8.413078308105469 21.6195068359375
v 83.67423248291016 -5.132416248321533 27.1885929107666
v 82.54674530029297 19.326919555664062 432.41314697265625
v 83.14834594726562 20.064363479614258 433.5815734863281
v 82.29683685302734 21.043399810791016 428.25836181640625
v 82.64159393310547 21.25554656982422 434.71295166015625
v 82.96930694580078 22.15755271911621 434.9153137207031
v 83.00685119628906 -14.704048156738281 31.364105224609375
v 84.82847595214844 -13.94841480255127 21.64961051940918
v 83.397216796875 -6.612685203552246 31.288118362426758
v 82.69047546386719 -5.340356349945068 24.879549026489258
v 83.9929428100586 22.910425186157227 427.69268798828125
v 83.53655242919922 23.967575073242188 434.005615234375
v 83.12117767333984 -15.935264587402344 29.33180046081543
v 83.69386291503906 -6.726046562194824 23.065353393554688
v 84.57514953613281 -5.931824684143066 29.17106056213379
v 82.61896514892578 19.75434112548828 428.6719665527344
v 83.80399322509766 23.872547149658203 428.6878356933594
v 84.39848327636719 24.405261993408203 429.64337158203125
v 84.03309631347656 -16.20690155029297 26.96086311340332
v 84.22959899902344 -12.695207595825195 32.07717514038086
v 83.51679992675781 24.714696884155273 432.7335510253906
v 84.29745483398438 -10.398149490356445 32.566749572753906
v 84.06462097167969 -8.026993751525879 31.908517837524414
v 84.3515625 18.49390411376953 429.8012390136719
v 84.61410522460938 -15.42525577545166 28.981523513793945
v 85.14307403564453 -15.369952201843262 23.257898330688477
v 84.23114776611328 -14.560970306396484 30.57162094116211
v 84.75408172607422 -9.36473274230957 21.108144760131836
v 86.74285125732422 -6.9292192459106445 24.268911361694336
v 86.91055297851562 18.351877212524414 426.6463623046875
v 86.1398696899414 19.373933792114258 426.0263671875
v 84.93904113769531 20.29775619506836 433.0246887207031
v 84.77654266357422 24.502601623535156 430.90283203125
v 85.36274719238281 -8.01393985748291 30.786548614501953
v 85.586669921875 18.761455535888672 430.9420166015625
v 85.2976303100586 21.567211151123047 433.2463073730469
v 86.05033111572266 -15.864729881286621 25.364316940307617
v 85.33211517333984 -10.566920280456543 31.771800994873047
v 85.47853088378906 -7.328536033630371 22.64235496520996
v 86.06256103515625 -6.394802570343018 25.849811553955078
v 85.86016082763672 20.932268142700195 425.8853454589844
v 85.38030242919922 22.8170166015625 432.9506530761719
v 85.3958969116211 23.945018768310547 431.9536437988281
v 86.03619384765625 23.725923538208008 428.88653564453125
v 85.1715087890625 -13.298860549926758 30.840158462524414
v 85.45149230957031 -6.241576671600342 27.59157371520996
v 86.18809509277344 -12.619377136230469 21.317272186279297
v 85.68383026123047 -11.669493675231934 31.131961822509766
v 86.65787506103516 -10.748994827270508 21.197368621826172
v 85.718505859375 -6.920462131500244 28.885379791259766
v 86.33758544921875 22.572601318359375 426.50543212890625
v 86.71615600585938 -14.783564567565918 23.163700103759766
v 85.91027069091797 -9.628453254699707 30.879627227783203
v 86.6228256225586 -9.127114295959473 21.69405174255371
v 88.06129455566406 17.97442626953125 427.61016845703125
v 87.06431579589844 22.78778648376465 430.79412841796875
v 87.10198211669922 -15.330066680908203 26.59107780456543
v 87.6266098022461 -14.174077987670898 28.315061569213867
v 87.53604888916016 -13.58413314819336 22.598134994506836
v 88.12640380859375 -12.499988555908203 28.995594024658203
v 87.2951431274414 -8.033495903015137 22.919057846069336
v 88.17436218261719 -8.508881568908691 28.067947387695312
v 87.81116485595703 20.373083114624023 430.92523193359375
v 87.54135131835938 23.038808822631836 427.38427734375
v 87.8266830444336 22.823862075805664 429.6488037109375
v 87.93730163574219 -14.681434631347656 24.682321548461914
v 87.82559967041016 -7.470344543457031 26.81658935546875
v 89.15745544433594 19.064598083496094 429.18035888671875
v 88.2242660522461 -11.88780403137207 22.4295654296875
v 88.35294342041016 -10.580872535705566 29.046533584594727
v 87.99220275878906 -7.488709449768066 25.2456111907959
v 88.59751892089844 19.41651725769043 424.7814636230469
v 88.7735824584961 20.687746047973633 424.6607360839844
v 88.80261993408203 22.628564834594727 428.2098083496094
v 88.22103118896484 -14.454059600830078 26.446598052978516
v 88.67964935302734 -9.564641952514648 23.31412124633789
v 88.65375518798828 18.207550048828125 428.2971496582031
v 89.26363372802734 18.448463439941406 425.2037658691406
v 89.53826141357422 21.148998260498047 429.2547912597656
v 89.27725982666016 21.68138313293457 425.118896484375
v 88.9644775390625 -12.91938304901123 24.217321395874023
v 89.11726379394531 -13.013749122619629 26.718006134033203
v 88.9671401977539 -11.182517051696777 28.144603729248047
v 89.16710662841797 -9.18929672241211 25.14051628112793
v 89.14004516601562 -9.307428359985352 26.913379669189453
v 89.88433074951172 22.427196502685547 426.3727111816406
v 89.36892700195312 -11.342243194580078 24.357097625732422
v 90.90193176269531 17.30012321472168 426.7541198730469
v 89.57556915283203 17.69416618347168 426.3046875
v 89.5361099243164 -11.582780838012695 26.424774169921875
v 90.92768096923828 17.788297653198242 428.0183410644531
v 90.0754623413086 17.764991760253906 425.3939514160156
v 91.32665252685547 18.701528549194336 428.7852783203125
v 90.02315521240234 19.288660049438477 424.5439758300781
v 90.96461486816406 19.80805778503418 429.148193359375
v 90.30535888671875 20.41600799560547 424.73004150390625
v 91.21072387695312 21.73984146118164 427.6517028808594
v 90.47942352294922 17.99567222595215 424.0986328125
v 91.07760620117188 21.028244018554688 428.699462890625
v 91.0491714477539 21.3967342376709 425.5719299316406
v 91.79679870605469 16.560394287109375 423.8340759277344
v 91.65888214111328 17.71775245666504 422.77581787109375
v 92.45243835449219 21.0855770111084 425.7337646484375
v 91.99313354492188 16.337371826171875 424.8888244628906
v 91.95751953125 19.164228439331055 422.6975402832031
v 92.87000274658203 16.268157958984375 425.50189208984375
v 92.60647583007812 20.1837100982666 423.1920471191406
v 92.53363800048828 20.2559871673584 427.9490661621094
v 92.53372192382812 17.682781219482422 427.2462158203125
v 93.56463623046875 20.483551025390625 425.77276611328125
v 93.77043914794922 16.338632583618164 422.5609436035156
v 93.80235290527344 18.39171028137207 426.75408935546875
v 93.84955596923828 18.638957977294922 421.7720642089844
v 95.81071472167969 15.646164894104004 422.9842224121094
v 95.21723937988281 16.41053009033203 425.1839904785156
v 93.60317993164062 17.372724533081055 421.9253845214844
v 94.29060363769531 19.29384994506836 426.1679992675781
v 94.85771942138672 19.73576545715332 422.3955993652344
v 94.7937240600586 20.173093795776367 423.612060546875
v 95.2428970336914 19.995756149291992 424.4195556640625
v 95.86106872558594 16.78523826599121 420.22625732421875
v 95.59136962890625 15.710939407348633 421.75537109375
v 95.08012390136719 18.12786865234375 420.7919616699219
v 95.93706512451172 17.24031639099121 425.3939514160156
v 96.15000915527344 18.394210815429688 425.357421875
v 95.94676971435547 18.9869384765625 420.912353515625
v 96.66212463378906 16.328283309936523 423.96697998046875
v 97.80302429199219 17.97504234313965 419.7025451660156
v 96.7559585571289 19.52202606201172 421.7303771972656
v 96.43953704833984 19.153669357299805 424.4221496582031
v 96.45912170410156 19.542011260986328 423.42584228515625
v 97.38551330566406 14.673632621765137 421.7149353027344
v 96.72521209716797 15.193798065185547 420.5646667480469
v 97.50607299804688 15.860358238220215 419.2785949707031
v 97.12864685058594 17.413131713867188 424.32366943359375
v 98.53472137451172 16.80489730834961 418.662109375
v 97.88460540771484 19.01620101928711 422.71697998046875
v 98.1394271850586 15.455513954162598 422.9629821777344
v 98.67040252685547 17.624649047851562 423.1564025878906
v 99.17424011230469 14.595114707946777 421.15380859375
v 98.32117462158203 18.57929801940918 420.76263427734375
v 99.591796875 14.614121437072754 418.7742004394531
v 99.5472183227539 17.88294219970703 419.39013671875
v 98.93733215332031 18.396408081054688 421.6148681640625
v 101.06808471679688 13.565092086791992 418.74542236328125
v 99.7257080078125 15.661587715148926 418.0837097167969
v 100.02192687988281 15.471338272094727 421.8269348144531
v 100.45001983642578 17.093364715576172 418.23150634765625
v 100.42619323730469 16.538097381591797 421.7916564941406
v 100.52345275878906 17.68934440612793 420.8970031738281
v 101.72924041748047 13.51346492767334 419.9210205078125
v 100.93252563476562 14.686245918273926 417.3011474609375
v 101.50955200195312 15.269429206848145 416.86700439453125
v 101.75662231445312 17.640457153320312 418.65057373046875
v 101.88309478759766 14.629430770874023 421.1764221191406
v 102.6248550415039 16.474077224731445 416.5182189941406
v 101.87943267822266 16.13459014892578 421.5203857421875
v 102.71902465820312 17.644521713256836 419.4967956542969
v 102.21634674072266 13.758495330810547 417.23358154296875
v 103.36518859863281 13.710343360900879 420.1863708496094
v 103.24501037597656 13.074243545532227 418.2457580566406
v 103.38037109375 15.15673542022705 415.7251892089844
v 102.6778564453125 16.5450382232666 420.92987060546875
v 103.81307220458984 17.193395614624023 416.9180908203125
v 105.35552978515625 12.430636405944824 416.5746154785156
v 104.58557891845703 13.075852394104004 418.7129821777344
v 104.46900177001953 13.934821128845215 415.2488098144531
v 103.79469299316406 14.606019020080566 420.7010498046875
v 103.98829650878906 15.88745403289795 420.7903137207031
v 103.88270568847656 17.082176208496094 420.06817626953125
v 104.78995513916016 17.257287979125977 417.62103271484375
v 105.31844329833984 12.760323524475098 415.6655578613281
v 106.10897064208984 12.396860122680664 417.4660949707031
v 105.35362243652344 16.00700569152832 415.28155517578125
v 105.53365325927734 16.79618263244629 418.6390686035156
v 105.41422271728516 14.152827262878418 419.46673583984375
v 106.04203033447266 15.26911449432373 419.25079345703125
v 106.26378631591797 16.679012298583984 416.0592346191406
v 107.3019790649414 15.167448043823242 413.867919921875
v 107.6305160522461 12.642128944396973 417.6873779296875
v 108.31253051757812 13.468785285949707 413.4428405761719
v 107.00846099853516 16.565032958984375 417.4226989746094
v 108.46227264404297 12.237895011901855 414.2664489746094
v 107.82243347167969 15.607646942138672 418.08642578125
v 108.23736572265625 16.103647232055664 414.4897766113281
v 109.6719741821289 11.64194107055664 415.32611083984375
v 110.69586181640625 12.121834754943848 416.4576721191406
v 108.93262481689453 14.793551445007324 413.30096435546875
v 109.54108428955078 16.287593841552734 414.88751220703125
v 110.34152221679688 14.260598182678223 417.4786376953125
v 110.5560073852539 13.14588737487793 417.2442321777344
v 109.99295806884766 16.074077606201172 416.4462890625
v 110.73432159423828 11.480484008789062 413.2986755371094
v 110.9002685546875 12.478387832641602 412.2142333984375
v 111.4033203125 13.5687837600708 411.8695983886719
v 110.47115325927734 15.197053909301758 417.1183776855469
v 111.74275970458984 14.427480697631836 412.1372375488281
v 111.53458404541016 11.13708782196045 414.6163330078125
v 112.18289184570312 15.483945846557617 414.41082763671875
v 112.42417907714844 11.983427047729492 415.78302001953125
v 112.36641693115234 14.627826690673828 415.93316650390625
v 113.54057312011719 14.865693092346191 412.7027893066406
v 112.78526306152344 11.31354808807373 412.158935546875
v 114.0221176147461 12.87463092803955 415.3304748535156
v 113.28517150878906 10.812782287597656 413.3957214355469
v 113.42401123046875 13.052718162536621 411.24932861328125
v 113.9080581665039 11.100181579589844 414.22021484375
v 114.07952117919922 11.853076934814453 411.3062744140625
v 113.20441436767578 14.293212890625 411.94232177734375
v 114.00332641601562 14.521465301513672 414.44207763671875
v 114.84622955322266 11.198723793029785 411.85980224609375
v 116.71077728271484 11.900338172912598 413.3780517578125
v 115.50794982910156 14.771970748901367 411.3288879394531
v 115.31056213378906 14.911216735839844 412.82061767578125
v 115.80979919433594 11.149816513061523 412.465087890625
v 115.46511840820312 11.849477767944336 410.3328857421875
v 115.31394958496094 13.485583305358887 410.05694580078125
v 116.85968780517578 13.74299144744873 413.46356201171875
v 117.38267517089844 11.106212615966797 410.49127197265625
v 116.59851837158203 14.546250343322754 412.79443359375
v 116.99109649658203 12.809197425842285 413.5079345703125
v 117.2823715209961 12.095120429992676 409.56787109375
v 118.22608184814453 14.315950393676758 409.84075927734375
v 119.03498077392578 10.809508323669434 410.5234680175781
v 118.51089477539062 11.106794357299805 412.1019592285156
v 117.53363037109375 13.35648250579834 409.3573303222656
v 118.06278228759766 14.867979049682617 411.2738952636719
v 118.54265594482422 11.919833183288574 412.9667663574219
v 118.69576263427734 14.28001880645752 412.5664367675781
v 118.67157745361328 13.147444725036621 413.1319580078125
v 118.55305480957031 11.998669624328613 408.61029052734375
v 120.14549255371094 11.309332847595215 408.4369201660156
v 121.70640563964844 13.213794708251953 406.97174072265625
v 119.7049789428711 14.085070610046387 408.5665588378906
v 119.42594146728516 14.332880973815918 411.2489013671875
v 121.22931671142578 12.190483093261719 407.1430969238281
v 120.61331176757812 14.509194374084473 409.3222351074219
v 121.37489318847656 12.008111953735352 410.78045654296875
v 120.78546905517578 11.034220695495605 409.6817626953125
v 121.46902465820312 12.815187454223633 410.8311462402344
v 121.76224517822266 13.901670455932617 410.2015686035156
v 121.96442413330078 10.729783058166504 408.1941833496094
v 122.67666625976562 10.7925386428833 409.29168701171875
v 122.95868682861328 14.034720420837402 407.6375427246094
v 123.3915786743164 10.627257347106934 407.0076599121094
v 123.10868072509766 11.572465896606445 406.3240966796875
v 123.49913024902344 12.755897521972656 409.9732666015625
v 124.2003402709961 10.176464080810547 407.91424560546875
v 123.89277648925781 11.260347366333008 409.5227355957031
v 123.56716918945312 12.900409698486328 406.3093566894531
v 125.33586120605469 13.42527961730957 408.2747497558594
v 124.35846710205078 13.442411422729492 406.5848693847656
v 125.22594451904297 9.395393371582031 405.9840393066406
v 124.43573760986328 10.409502983093262 404.7995910644531
v 124.69873046875 12.218865394592285 404.5087890625
v 124.94332885742188 13.761916160583496 407.58453369140625
v 125.77538299560547 13.330824851989746 404.6664123535156
v 125.6839370727539 10.831703186035156 403.72906494140625
v 126.41513061523438 11.095059394836426 408.24969482421875
v 126.24967956542969 12.046277046203613 408.4911804199219
v 126.05635070800781 9.856678009033203 404.1346130371094
v 126.8427963256836 9.801624298095703 407.13250732421875
v 126.01753997802734 13.420841217041016 407.1367492675781
v 126.4023666381836 9.364653587341309 405.90435791015625
v 128.4157257080078 12.812755584716797 402.09368896484375
v 126.64126586914062 13.823683738708496 405.3092346191406
v 126.90196990966797 9.130596160888672 404.66009521484375
v 127.04778289794922 13.655499458312988 406.6541442871094
v 127.66797637939453 9.057000160217285 405.7191467285156
v 127.92366027832031 11.5457763671875 407.6145324707031
v 127.65997314453125 11.82080078125 402.240478515625
v 127.56503295898438 12.907416343688965 407.3476867675781
v 129.28623962402344 9.226164817810059 403.2016296386719
v 127.53325653076172 10.187026023864746 402.7531433105469
v 128.2227020263672 13.81887435913086 403.88995361328125
v 128.87232971191406 13.609492301940918 405.5354309082031
v 128.5596160888672 10.1278076171875 406.8985900878906
v 129.58062744140625 9.459794998168945 402.1226806640625
v 128.53848266601562 11.122819900512695 401.236572265625
v 128.88067626953125 13.543543815612793 402.9916687011719
v 130.4569549560547 9.468034744262695 404.2994079589844
v 129.708740234375 12.877384185791016 405.9942932128906
v 129.91049194335938 11.668363571166992 406.45361328125
v 130.1174774169922 13.520825386047363 403.91912841796875
v 130.97384643554688 10.180408477783203 404.83502197265625
v 130.3938751220703 12.864346504211426 401.036376953125
v 130.44886779785156 11.506385803222656 400.4430847167969
v 130.19065856933594 13.647148132324219 402.5611572265625
v 131.4851837158203 10.11229133605957 400.4803161621094
v 130.85244750976562 12.77894115447998 404.7671203613281
v 131.6706085205078 9.322595596313477 402.7696228027344
v 131.3636932373047 11.253525733947754 405.0497741699219
v 132.2533416748047 10.04956340789795 403.9399108886719
v 132.03627014160156 11.459009170532227 398.9954833984375
v 132.7342987060547 13.764740943908691 402.24127197265625
v 132.6033477783203 9.552059173583984 401.6143798828125
v 132.6538543701172 9.946789741516113 399.6277160644531
v 132.77377319335938 12.724783897399902 403.7594299316406
v 132.56997680664062 13.246699333190918 399.2855224609375
v 132.23733520507812 13.81108570098877 401.1237487792969
v 134.0098876953125 9.50328254699707 400.7799072265625
v 133.8939666748047 10.403411865234375 402.676513671875
v 134.52655029296875 11.9840726852417 402.7204895019531
v 134.20912170410156 13.146474838256836 397.87994384765625
v 133.9860076904297 11.449024200439453 397.7374267578125
v 133.90914916992188 13.423933029174805 402.1780700683594
v 134.9993896484375 14.196532249450684 398.61767578125
v 134.91970825195312 14.212647438049316 400.0677490234375
v 134.68536376953125 10.343133926391602 398.172607421875
v 135.44288635253906 9.920467376708984 399.01708984375
v 136.11557006835938 13.121415138244629 395.482177734375
v 136.64768981933594 13.874224662780762 400.3031005859375
v 136.32550048828125 10.14159870147705 399.9321594238281
v 135.86871337890625 11.360493659973145 396.0060119628906
v 137.55300903320312 14.380370140075684 394.55914306640625
v 136.92572021484375 9.870314598083496 397.24188232421875
v 136.32174682617188 14.78403091430664 397.9305419921875
v 137.15956115722656 11.055596351623535 400.4949645996094
v 137.3581085205078 12.454010009765625 400.72845458984375
v 137.2869415283203 14.770103454589844 398.9955139160156
v 137.63670349121094 9.938626289367676 399.0113220214844
v 137.81704711914062 11.65241527557373 394.8300476074219
v 137.41192626953125 14.906457901000977 397.09490966796875
v 138.83056640625 13.048614501953125 393.3990478515625
v 137.9995880126953 14.051197052001953 399.81304931640625
v 138.2386932373047 15.25961971282959 395.44671630859375
v 138.26016235351562 10.0966157913208 397.580810546875
v 138.43402099609375 11.063495635986328 395.6489562988281
v 138.71292114257812 12.063904762268066 400.133544921875
v 138.58816528320312 13.11348819732666 400.07415771484375
v 138.51998901367188 10.890151023864746 399.70953369140625
v 139.3856964111328 12.048346519470215 393.53240966796875
v 138.97396850585938 14.659050941467285 393.92889404296875
v 138.5270233154297 14.628776550292969 397.7740783691406
v 139.2463836669922 10.879899024963379 398.51513671875
v 139.51966857910156 11.35595703125 394.2082214355469
v 139.15794372558594 14.077924728393555 398.0216064453125
v 139.55909729003906 11.362457275390625 397.0682067871094
v 140.7042999267578 15.247262954711914 396.21539306640625
v 140.89234924316406 15.483794212341309 394.9184875488281
v 140.31863403320312 10.979145050048828 395.4981994628906
v 139.601318359375 12.72557258605957 398.8057861328125
v 139.7050018310547 12.857165336608887 398.01983642578125
v 140.9298553466797 13.083669662475586 393.16748046875
v 140.61871337890625 14.474903106689453 393.4162902832031
v 142.05215454101562 14.090587615966797 396.6871032714844
v 141.7067413330078 11.806730270385742 394.1806640625
v 140.8758544921875 11.785469055175781 396.82110595703125
v 142.112548828125 12.843277931213379 396.7042236328125
v 142.20724487304688 12.02394962310791 395.6447448730469
v 141.79608154296875 13.58065128326416 393.4144287109375
v 141.9636993408203 14.618030548095703 394.1446838378906
v 141.8864288330078 15.067380905151367 395.3005676269531
v 142.77244567871094 13.573445320129395 394.9460144042969
f 1 2 3
f 3 2 4
f 2 5 4
f 3 4 6
f 7 1 3
f 6 4 8
f 5 8 4
f 2 1 9
f 2 9 5
f 3 6 10
f 11 1 7
f 12 1 11
f 11 7 13
f 14 6 8
f 12 15 1
f 9 1 15
f 5 16 8
f 10 17 3
f 3 17 13
f 7 3 13
f 10 6 18
f 18 6 14
f 19 14 8
f 15 20 9
f 5 9 20
f 20 16 5
f 10 18 21
f 22 20 15
f 23 24 13
f 25 18 14
f 24 11 13
f 24 26 11
f 11 26 12
f 8 27 19
f 22 15 12
f 8 16 27
f 10 28 17
f 13 17 23
f 29 14 19
f 19 27 29
f 26 22 12
f 30 27 16
f 28 10 21
f 16 20 30
f 28 23 17
f 28 21 31
f 14 32 25
f 24 33 26
f 23 28 34
f 23 33 24
f 35 26 33
f 14 29 32
f 29 27 36
f 37 20 22
f 37 30 20
f 18 25 38
f 35 22 26
f 30 36 27
f 39 36 30
f 28 31 40
f 28 40 34
f 21 18 41
f 41 18 38
f 34 33 23
f 25 32 38
f 37 39 30
f 42 40 31
f 43 44 31
f 43 31 21
f 35 45 22
f 37 22 45
f 31 44 42
f 41 43 21
f 45 33 34
f 45 35 33
f 32 29 46
f 36 47 29
f 29 47 46
f 40 48 34
f 49 38 32
f 50 37 45
f 37 51 39
f 40 42 48
f 52 41 38
f 52 38 49
f 48 45 34
f 32 46 49
f 47 53 46
f 54 36 39
f 54 47 36
f 41 55 43
f 52 55 41
f 50 51 37
f 48 50 45
f 46 53 56
f 51 54 39
f 54 53 47
f 57 44 43
f 55 57 43
f 58 55 52
f 59 49 46
f 42 60 48
f 46 61 59
f 46 56 61
f 62 54 51
f 54 62 53
f 63 42 44
f 58 64 55
f 65 48 60
f 52 49 66
f 65 50 48
f 63 44 57
f 57 55 64
f 52 66 58
f 65 67 50
f 67 51 50
f 67 62 51
f 68 53 62
f 57 64 69
f 70 64 58
f 58 66 70
f 49 59 66
f 68 71 53
f 71 56 53
f 64 70 69
f 63 60 42
f 61 72 59
f 61 56 72
f 66 73 70
f 65 60 74
f 75 67 65
f 76 68 62
f 57 69 63
f 66 77 73
f 78 66 59
f 76 62 67
f 56 71 72
f 63 69 79
f 70 80 69
f 75 65 74
f 66 78 77
f 75 76 67
f 72 81 59
f 72 71 82
f 83 79 69
f 79 84 63
f 73 80 70
f 63 84 60
f 78 59 81
f 82 81 72
f 73 85 80
f 86 60 84
f 86 74 60
f 87 73 77
f 88 87 77
f 89 79 83
f 80 83 69
f 85 73 87
f 78 90 77
f 91 76 75
f 91 92 76
f 68 76 92
f 68 93 71
f 71 93 82
f 86 94 74
f 94 75 74
f 90 88 77
f 95 90 78
f 81 95 78
f 96 68 92
f 68 96 93
f 81 82 93
f 84 79 89
f 84 97 86
f 75 94 98
f 98 91 75
f 95 81 99
f 100 83 80
f 101 80 85
f 86 97 94
f 102 103 87
f 88 102 87
f 88 104 102
f 90 104 88
f 92 91 96
f 93 105 81
f 81 105 99
f 106 83 100
f 84 89 107
f 97 84 107
f 87 103 85
f 90 108 104
f 95 108 90
f 99 108 95
f 101 85 103
f 109 98 94
f 110 98 109
f 98 110 91
f 96 91 110
f 111 105 93
f 106 89 83
f 100 80 101
f 97 112 94
f 112 109 94
f 99 113 108
f 96 111 93
f 89 114 107
f 112 97 107
f 105 115 99
f 104 116 102
f 104 117 116
f 108 117 104
f 111 96 110
f 99 118 113
f 102 116 103
f 108 113 117
f 99 115 118
f 103 119 101
f 114 112 107
f 119 103 116
f 120 109 112
f 121 116 117
f 122 111 110
f 105 123 115
f 119 100 101
f 119 116 124
f 121 124 116
f 111 123 105
f 106 114 89
f 123 111 122
f 125 106 100
f 125 100 119
f 112 114 126
f 121 127 124
f 112 126 120
f 113 128 117
f 118 129 113
f 130 125 119
f 130 119 124
f 109 131 110
f 122 110 131
f 106 132 114
f 132 106 125
f 128 133 117
f 128 113 129
f 134 130 124
f 130 132 125
f 114 132 126
f 135 120 126
f 121 133 127
f 136 120 135
f 117 133 121
f 120 136 109
f 115 129 118
f 137 123 122
f 123 138 115
f 127 134 124
f 139 126 132
f 136 131 109
f 115 138 129
f 123 137 138
f 132 130 140
f 139 135 126
f 141 127 133
f 128 142 133
f 129 143 128
f 144 137 122
f 131 144 122
f 145 127 141
f 142 141 133
f 143 142 128
f 136 144 131
f 129 138 143
f 139 132 146
f 127 147 134
f 137 148 138
f 132 140 146
f 149 144 136
f 144 150 137
f 135 149 136
f 150 144 149
f 151 134 147
f 151 130 134
f 145 147 127
f 152 139 146
f 152 135 139
f 135 153 149
f 142 154 141
f 137 150 148
f 143 148 142
f 138 148 143
f 151 140 130
f 153 135 152
f 155 151 147
f 145 141 156
f 141 154 156
f 150 157 148
f 146 140 151
f 145 158 147
f 152 146 159
f 160 158 145
f 156 160 145
f 161 154 142
f 148 161 142
f 147 162 155
f 158 162 147
f 163 156 154
f 155 164 151
f 146 151 164
f 152 165 153
f 149 166 150
f 167 154 161
f 154 167 168
f 157 161 148
f 146 164 169
f 146 169 159
f 159 165 152
f 154 168 163
f 170 164 155
f 162 170 155
f 165 149 153
f 165 166 149
f 166 157 150
f 167 161 171
f 157 171 161
f 170 172 164
f 169 173 159
f 159 173 165
f 160 156 174
f 163 175 156
f 166 176 157
f 176 171 157
f 177 170 162
f 178 165 173
f 156 175 174
f 179 175 168
f 175 163 168
f 164 172 169
f 180 162 158
f 180 158 160
f 174 180 160
f 170 181 182
f 170 177 181
f 168 183 179
f 184 167 171
f 167 185 168
f 168 185 183
f 186 165 178
f 186 166 165
f 186 176 166
f 176 184 171
f 172 170 182
f 180 177 162
f 187 184 176
f 184 185 167
f 188 180 174
f 175 189 174
f 179 189 175
f 190 173 169
f 188 174 189
f 187 176 186
f 179 191 189
f 183 191 179
f 184 192 185
f 193 169 172
f 180 194 177
f 193 190 169
f 188 194 180
f 195 173 190
f 173 195 178
f 178 195 196
f 178 196 186
f 196 187 186
f 187 192 184
f 188 197 194
f 198 188 189
f 187 196 199
f 189 191 198
f 187 199 192
f 185 200 183
f 183 200 191
f 201 185 192
f 202 181 177
f 202 177 194
f 203 197 188
f 198 203 188
f 204 198 191
f 202 182 181
f 172 182 205
f 197 206 194
f 201 200 185
f 194 206 202
f 193 172 205
f 207 199 196
f 208 206 197
f 209 210 198
f 204 209 198
f 204 191 200
f 197 203 211
f 212 195 190
f 210 211 203
f 195 212 207
f 195 207 196
f 210 203 198
f 204 200 213
f 214 190 193
f 201 215 200
f 202 205 182
f 211 208 197
f 216 192 199
f 216 201 192
f 217 202 206
f 193 205 218
f 208 217 206
f 214 193 218
f 190 214 212
f 216 219 201
f 201 219 215
f 220 199 207
f 220 216 199
f 200 221 213
f 222 205 202
f 222 202 217
f 200 215 221
f 208 211 223
f 223 211 224
f 225 212 214
f 212 225 207
f 225 220 207
f 208 223 217
f 210 224 211
f 226 220 225
f 204 227 209
f 204 213 227
f 216 228 219
f 209 227 229
f 209 229 210
f 216 220 230
f 219 231 215
f 215 231 221
f 232 222 217
f 210 229 224
f 230 228 216
f 233 205 222
f 234 220 226
f 213 235 227
f 236 235 213
f 231 219 228
f 221 237 213
f 213 237 236
f 232 233 222
f 238 218 205
f 238 214 218
f 214 238 225
f 234 226 225
f 234 239 220
f 239 230 220
f 231 237 221
f 232 217 223
f 240 238 205
f 229 241 224
f 233 240 205
f 240 242 238
f 225 238 242
f 229 243 241
f 225 244 234
f 227 243 229
f 245 243 227
f 235 246 227
f 246 245 227
f 235 236 246
f 247 232 223
f 241 223 224
f 230 231 228
f 236 248 246
f 241 247 223
f 225 242 244
f 248 236 237
f 247 249 232
f 250 251 241
f 250 241 243
f 243 252 250
f 245 252 243
f 246 253 245
f 231 254 237
f 255 233 232
f 249 255 232
f 241 256 247
f 251 256 241
f 252 245 253
f 230 257 231
f 233 255 240
f 258 247 256
f 244 259 234
f 259 239 234
f 246 248 260
f 246 260 253
f 254 248 237
f 258 249 247
f 259 242 240
f 259 244 242
f 257 254 231
f 261 255 249
f 262 252 253
f 260 263 253
f 253 263 262
f 254 264 248
f 248 264 260
f 265 240 255
f 266 259 240
f 267 257 230
f 260 264 268
f 260 268 263
f 255 261 269
f 255 269 265
f 270 258 256
f 265 266 240
f 271 251 250
f 250 272 271
f 272 250 252
f 272 252 262
f 261 249 258
f 267 230 239
f 270 261 258
f 273 267 239
f 262 274 272
f 263 275 262
f 276 261 270
f 259 266 273
f 259 273 239
f 274 262 275
f 254 277 264
f 275 263 268
f 271 256 251
f 257 277 254
f 268 278 275
f 264 278 268
f 276 269 261
f 276 279 269
f 280 270 256
f 281 267 273
f 271 272 274
f 281 257 267
f 265 269 279
f 282 266 265
f 282 265 279
f 271 280 256
f 281 273 283
f 271 284 285
f 274 284 271
f 278 264 277
f 276 270 286
f 280 286 270
f 274 287 284
f 281 277 257
f 275 287 274
f 277 288 278
f 278 289 275
f 282 290 266
f 271 291 280
f 290 273 266
f 285 291 271
f 290 283 273
f 292 281 283
f 292 293 281
f 293 277 281
f 278 288 289
f 276 294 279
f 276 286 294
f 282 279 294
f 291 295 280
f 275 296 287
f 293 288 277
f 297 294 286
f 282 294 298
f 295 286 280
f 282 298 290
f 299 288 293
f 296 275 289
f 298 283 290
f 300 285 284
f 300 284 287
f 288 301 289
f 295 297 286
f 302 295 291
f 285 300 303
f 287 304 300
f 292 305 293
f 305 299 293
f 303 291 285
f 306 292 283
f 306 305 292
f 296 304 287
f 294 297 307
f 302 297 295
f 306 283 298
f 299 301 288
f 298 294 308
f 308 294 307
f 309 302 291
f 309 291 303
f 300 310 303
f 307 297 311
f 311 297 302
f 312 306 298
f 313 299 305
f 314 296 289
f 315 311 302
f 315 302 309
f 312 298 308
f 300 316 310
f 312 305 306
f 311 317 307
f 312 318 305
f 318 313 305
f 319 300 304
f 319 316 300
f 320 299 313
f 320 301 299
f 301 321 289
f 289 321 314
f 307 317 308
f 322 309 303
f 310 322 303
f 312 308 318
f 296 314 304
f 323 321 301
f 324 313 318
f 325 320 313
f 320 323 301
f 317 311 326
f 327 315 309
f 328 308 317
f 313 324 325
f 327 311 315
f 327 326 311
f 327 309 322
f 329 318 308
f 310 316 330
f 329 324 318
f 304 331 319
f 314 331 304
f 326 328 317
f 330 322 310
f 308 328 329
f 319 332 316
f 331 332 319
f 314 321 333
f 314 333 331
f 323 334 321
f 334 333 321
f 330 316 335
f 325 324 336
f 320 325 337
f 320 337 323
f 330 335 322
f 331 338 332
f 336 337 325
f 337 339 323
f 340 331 333
f 341 328 326
f 341 329 328
f 342 324 329
f 336 324 342
f 340 338 331
f 339 334 323
f 343 327 322
f 335 343 322
f 341 342 329
f 332 335 316
f 334 340 333
f 332 344 335
f 340 345 338
f 327 343 326
f 346 341 326
f 343 335 347
f 348 347 335
f 341 346 342
f 332 338 344
f 340 349 345
f 339 350 334
f 334 349 340
f 351 326 343
f 338 352 344
f 345 352 338
f 353 337 336
f 353 339 337
f 339 354 350
f 350 349 334
f 344 348 335
f 355 336 342
f 352 345 356
f 356 345 349
f 346 326 357
f 357 326 351
f 347 351 343
f 355 342 346
f 355 353 336
f 357 355 346
f 352 358 344
f 359 349 350
f 356 349 359
f 347 348 360
f 348 344 358
f 339 353 361
f 339 361 354
f 362 356 359
f 354 359 350
f 363 357 351
f 347 363 351
f 348 358 360
f 357 363 364
f 357 364 355
f 364 365 355
f 352 366 358
f 365 353 355
f 362 366 356
f 367 368 369
f 370 371 367
f 367 371 368
f 368 371 372
f 370 373 374
f 370 374 371
f 375 363 347
f 347 360 375
f 376 353 365
f 356 366 352
f 353 376 361
f 377 378 379
f 378 369 379
f 378 367 369
f 378 380 370
f 370 367 378
f 368 381 369
f 382 381 368
f 380 383 370
f 383 373 370
f 384 382 372
f 382 368 372
f 385 374 373
f 374 385 386
f 387 384 372
f 388 374 386
f 387 371 374
f 387 372 371
f 389 374 388
f 387 374 389
f 390 391 388
f 390 392 391
f 375 393 363
f 393 364 363
f 364 394 365
f 395 396 397
f 395 398 396
f 399 396 398
f 400 378 377
f 377 379 401
f 379 369 401
f 402 401 369
f 378 403 380
f 381 402 369
f 404 405 406
f 406 405 407
f 408 384 387
f 409 390 388
f 387 389 410
f 409 392 390
f 391 389 388
f 393 394 364
f 411 399 398
f 412 395 397
f 400 377 413
f 401 413 377
f 414 378 400
f 403 378 414
f 415 396 399
f 396 416 417
f 396 417 397
f 415 418 404
f 416 396 404
f 415 404 396
f 416 404 406
f 383 385 373
f 419 382 384
f 409 416 406
f 408 419 384
f 407 409 406
f 385 420 386
f 385 421 420
f 422 407 405
f 409 388 420
f 420 388 386
f 407 422 423
f 407 392 409
f 407 423 392
f 389 391 424
f 423 425 392
f 392 424 391
f 360 358 426
f 366 426 358
f 398 427 411
f 427 398 395
f 428 414 400
f 429 400 413
f 430 399 411
f 412 397 417
f 401 431 413
f 399 432 415
f 433 412 417
f 434 403 414
f 415 432 418
f 435 417 416
f 433 417 435
f 436 404 418
f 382 402 381
f 437 383 403
f 403 383 380
f 382 419 402
f 438 385 383
f 438 383 437
f 439 416 409
f 438 421 385
f 409 420 439
f 387 410 408
f 389 424 410
f 423 440 425
f 441 393 375
f 366 442 426
f 443 362 359
f 428 400 429
f 395 444 427
f 429 413 445
f 412 444 395
f 446 413 431
f 447 446 431
f 432 399 448
f 431 401 447
f 433 449 412
f 450 447 401
f 401 402 450
f 451 403 434
f 437 403 451
f 416 452 435
f 436 405 404
f 439 452 416
f 453 405 436
f 453 454 405
f 454 422 405
f 410 455 408
f 456 423 422
f 410 424 457
f 440 423 458
f 457 424 392
f 425 457 392
f 459 394 393
f 393 441 459
f 360 426 460
f 459 365 394
f 361 461 354
f 354 461 359
f 461 443 359
f 411 427 462
f 411 462 430
f 429 463 428
f 445 463 429
f 464 414 428
f 446 445 413
f 430 448 399
f 465 414 464
f 465 434 414
f 447 466 446
f 434 467 451
f 468 436 418
f 433 435 469
f 450 419 470
f 402 419 450
f 408 470 419
f 437 471 438
f 439 472 452
f 420 472 439
f 473 421 438
f 473 438 455
f 438 471 455
f 474 472 420
f 420 421 473
f 455 471 408
f 454 456 422
f 475 455 410
f 475 410 457
f 425 440 476
f 425 476 457
f 460 375 360
f 477 376 365
f 361 376 477
f 461 361 477
f 478 479 480
f 427 481 462
f 444 481 427
f 480 482 478
f 428 483 464
f 463 484 428
f 478 485 479
f 479 430 462
f 482 486 478
f 485 430 479
f 412 449 444
f 466 445 446
f 478 487 485
f 448 430 485
f 465 467 434
f 488 467 466
f 447 488 466
f 433 489 449
f 418 432 468
f 433 490 489
f 488 447 450
f 469 490 433
f 450 451 488
f 491 436 468
f 435 452 469
f 437 451 470
f 470 451 450
f 469 452 492
f 453 436 491
f 492 452 493
f 472 493 452
f 470 471 437
f 408 471 470
f 454 453 494
f 494 456 454
f 473 474 420
f 455 475 473
f 458 423 456
f 460 441 375
f 477 365 459
f 495 366 362
f 495 362 443
f 484 483 428
f 482 480 496
f 444 497 481
f 496 498 482
f 445 499 463
f 486 482 498
f 500 464 501
f 449 497 444
f 465 464 500
f 466 499 445
f 502 448 485
f 478 486 487
f 502 485 487
f 503 449 489
f 502 432 448
f 466 467 465
f 451 467 488
f 491 504 453
f 504 494 453
f 505 494 504
f 456 494 505
f 493 472 474
f 475 474 473
f 458 456 505
f 506 475 457
f 507 506 476
f 457 476 506
f 366 495 442
f 479 508 480
f 509 484 510
f 508 479 511
f 511 479 462
f 509 512 483
f 509 483 484
f 463 510 484
f 483 501 464
f 513 498 496
f 463 499 514
f 449 503 497
f 515 516 498
f 498 516 486
f 500 466 465
f 486 516 517
f 486 517 518
f 518 487 486
f 519 487 518
f 487 519 502
f 520 432 502
f 520 468 432
f 491 468 521
f 522 491 521
f 491 522 504
f 523 493 474
f 523 474 507
f 474 475 507
f 505 524 458
f 524 440 458
f 440 524 476
f 524 507 476
f 506 507 475
f 461 477 525
f 461 525 526
f 526 443 461
f 508 527 480
f 527 496 480
f 527 528 496
f 497 529 481
f 501 483 512
f 514 510 463
f 528 513 496
f 498 513 515
f 530 466 500
f 466 530 499
f 531 516 515
f 531 532 516
f 502 519 533
f 534 520 502
f 532 517 516
f 535 536 490
f 536 489 490
f 518 517 537
f 468 520 538
f 535 490 539
f 538 521 468
f 521 538 540
f 469 492 539
f 490 469 539
f 522 521 540
f 493 522 492
f 541 504 522
f 504 541 505
f 541 522 493
f 523 541 493
f 541 523 524
f 524 505 541
f 507 524 523
f 512 509 542
f 543 527 508
f 543 508 511
f 543 511 462
f 543 462 481
f 530 500 501
f 503 536 497
f 536 503 489
f 533 534 502
f 544 517 532
f 517 544 545
f 545 537 517
f 537 519 518
f 522 540 539
f 522 539 492
f 477 459 546
f 547 527 543
f 548 512 542
f 549 543 481
f 550 510 514
f 548 501 512
f 548 530 501
f 530 550 499
f 514 499 550
f 531 551 552
f 551 531 515
f 553 531 552
f 553 532 531
f 553 554 532
f 555 533 519
f 538 520 534
f 532 554 556
f 532 556 544
f 537 555 519
f 540 538 557
f 460 558 441
f 558 546 459
f 459 441 558
f 426 559 460
f 442 560 426
f 561 477 546
f 442 562 560
f 561 525 477
f 526 525 561
f 526 563 443
f 495 443 563
f 564 542 509
f 509 565 564
f 510 565 509
f 566 528 527
f 567 566 527
f 547 567 527
f 550 568 510
f 569 513 528
f 529 549 481
f 530 548 570
f 550 530 570
f 571 551 515
f 571 515 513
f 513 569 571
f 549 529 572
f 573 552 551
f 529 497 572
f 572 497 536
f 572 536 535
f 574 575 545
f 545 575 537
f 576 538 534
f 557 538 576
f 556 577 544
f 544 574 545
f 539 557 535
f 540 557 539
f 558 460 578
f 559 578 460
f 442 579 562
f 579 442 495
f 565 580 564
f 581 542 564
f 568 565 510
f 582 567 547
f 581 548 542
f 549 547 543
f 568 550 570
f 566 569 528
f 581 583 548
f 548 583 570
f 584 573 551
f 584 551 571
f 569 585 571
f 572 586 549
f 587 585 575
f 586 572 588
f 589 554 553
f 590 537 575
f 533 555 591
f 591 534 533
f 535 588 572
f 590 555 537
f 535 557 588
f 577 592 544
f 592 574 544
f 559 426 560
f 593 526 561
f 565 568 594
f 566 567 595
f 596 547 549
f 595 569 566
f 597 583 581
f 569 595 585
f 586 596 549
f 584 598 573
f 571 587 584
f 587 571 585
f 589 552 573
f 599 575 585
f 589 553 552
f 590 575 599
f 574 587 575
f 555 590 591
f 576 534 591
f 554 589 600
f 592 587 574
f 557 576 588
f 600 601 554
f 556 554 601
f 556 601 577
f 602 603 558
f 603 546 558
f 546 603 604
f 604 561 546
f 561 604 593
f 526 593 563
f 495 563 605
f 579 495 605
f 564 580 606
f 594 580 565
f 607 564 606
f 607 581 564
f 547 596 582
f 570 594 568
f 608 598 584
f 585 595 599
f 609 608 584
f 609 584 587
f 589 573 610
f 587 611 609
f 590 612 591
f 586 588 613
f 613 588 576
f 589 614 600
f 577 615 592
f 558 578 602
f 616 603 602
f 617 603 616
f 617 604 603
f 617 618 604
f 604 618 593
f 619 593 618
f 620 605 563
f 567 621 595
f 621 567 582
f 622 595 621
f 623 581 607
f 599 595 622
f 590 599 622
f 613 596 586
f 573 598 610
f 590 622 612
f 591 612 624
f 624 576 591
f 613 576 624
f 601 625 577
f 625 615 577
f 626 616 602
f 562 627 560
f 628 627 562
f 579 628 562
f 618 629 619
f 563 619 620
f 593 619 563
f 580 594 606
f 630 607 606
f 623 607 630
f 570 631 594
f 583 631 570
f 597 581 623
f 597 623 632
f 621 624 622
f 596 621 582
f 624 621 596
f 596 613 624
f 622 624 612
f 633 608 634
f 634 608 609
f 635 589 610
f 611 634 609
f 614 589 635
f 587 592 611
f 615 611 592
f 614 636 600
f 600 636 601
f 636 625 601
f 616 637 617
f 560 627 559
f 637 618 617
f 618 637 629
f 638 630 606
f 606 594 638
f 597 631 583
f 639 598 608
f 633 639 608
f 610 598 639
f 640 614 635
f 641 634 615
f 615 634 611
f 602 642 626
f 642 602 578
f 559 643 578
f 644 637 616
f 638 594 631
f 632 631 597
f 645 646 635
f 610 645 635
f 639 645 610
f 633 647 639
f 647 633 634
f 614 640 636
f 625 648 641
f 615 625 641
f 649 625 636
f 626 642 650
f 651 643 559
f 651 559 627
f 652 653 637
f 653 629 637
f 629 620 619
f 620 654 605
f 655 630 638
f 656 623 630
f 631 655 638
f 631 657 655
f 632 623 658
f 645 639 659
f 647 659 639
f 635 660 640
f 641 647 634
f 649 636 640
f 661 662 663
f 663 662 664
f 661 665 662
f 662 665 666
f 665 667 666
f 666 668 662
f 667 669 666
f 666 669 668
f 670 616 626
f 644 616 670
f 644 652 637
f 671 627 628
f 672 629 653
f 672 673 629
f 654 674 605
f 675 655 657
f 656 658 623
f 676 631 632
f 631 676 657
f 646 660 635
f 677 640 660
f 647 641 648
f 649 640 677
f 677 678 649
f 679 663 680
f 663 681 680
f 679 661 663
f 663 664 681
f 682 665 661
f 682 667 665
f 683 684 685
f 685 684 686
f 664 662 687
f 664 687 688
f 689 684 683
f 689 690 684
f 687 662 668
f 667 691 669
f 690 692 684
f 684 692 686
f 690 693 692
f 694 668 669
f 668 694 687
f 692 693 695
f 669 696 694
f 626 650 670
f 642 697 650
f 578 643 642
f 651 627 698
f 698 627 671
f 699 579 605
f 620 629 673
f 700 656 630
f 675 657 701
f 676 701 657
f 632 702 676
f 647 648 659
f 703 648 625
f 678 677 704
f 703 649 678
f 649 703 625
f 705 706 707
f 708 709 706
f 708 710 711
f 708 711 709
f 706 709 712
f 706 712 707
f 713 661 714
f 661 679 714
f 710 715 716
f 710 716 711
f 711 716 717
f 709 711 717
f 709 717 718
f 664 688 681
f 661 719 682
f 683 685 720
f 720 689 683
f 667 682 719
f 685 721 722
f 685 686 721
f 722 721 723
f 721 691 667
f 724 686 692
f 686 724 725
f 686 725 721
f 724 692 695
f 669 691 726
f 696 669 726
f 727 728 729
f 729 728 730
f 643 697 642
f 670 731 644
f 732 653 652
f 653 732 672
f 579 699 628
f 605 674 699
f 620 673 733
f 630 655 700
f 702 734 676
f 735 646 645
f 735 645 659
f 660 736 677
f 737 659 648
f 736 704 677
f 708 738 739
f 708 706 738
f 738 706 705
f 739 710 708
f 739 740 710
f 707 712 741
f 741 712 742
f 740 715 710
f 718 712 709
f 743 712 718
f 712 743 742
f 661 713 744
f 681 688 745
f 716 746 717
f 719 661 744
f 720 685 722
f 720 747 748
f 748 689 720
f 749 689 748
f 750 667 719
f 723 721 750
f 750 721 667
f 688 687 751
f 749 690 689
f 752 753 727
f 691 721 725
f 725 724 691
f 754 755 693
f 754 693 690
f 691 724 726
f 756 727 729
f 757 695 693
f 757 693 758
f 727 753 728
f 728 753 759
f 759 730 728
f 759 760 730
f 730 761 729
f 762 730 760
f 730 762 761
f 650 763 764
f 764 670 650
f 697 763 650
f 765 670 766
f 765 731 670
f 652 644 731
f 767 673 672
f 768 655 675
f 700 769 656
f 658 656 769
f 675 701 768
f 770 632 658
f 734 701 676
f 770 702 632
f 771 660 646
f 737 735 659
f 736 660 771
f 703 772 648
f 773 772 703
f 774 678 704
f 678 773 703
f 775 776 777
f 778 779 780
f 779 778 781
f 781 776 775
f 776 782 777
f 777 782 783
f 781 778 776
f 780 784 778
f 784 776 778
f 705 785 738
f 786 785 705
f 680 787 679
f 679 787 714
f 739 738 788
f 789 705 707
f 789 707 741
f 741 790 789
f 740 791 715
f 792 743 718
f 793 743 792
f 743 793 742
f 688 794 745
f 791 795 715
f 795 746 715
f 746 716 715
f 717 796 718
f 722 797 720
f 717 746 796
f 722 798 797
f 719 744 799
f 722 723 798
f 750 798 723
f 719 798 750
f 688 751 794
f 800 752 801
f 801 752 727
f 801 727 756
f 802 754 749
f 749 754 690
f 803 751 687
f 804 724 695
f 687 694 803
f 724 805 726
f 694 806 803
f 807 693 755
f 757 804 695
f 694 696 806
f 807 758 693
f 729 808 756
f 808 729 761
f 759 809 760
f 761 762 810
f 811 697 812
f 697 643 812
f 651 812 643
f 813 652 731
f 671 814 698
f 699 671 628
f 732 767 672
f 654 620 733
f 768 700 655
f 815 768 701
f 734 815 701
f 734 702 770
f 816 771 646
f 736 771 817
f 704 736 817
f 648 772 737
f 818 704 817
f 819 780 779
f 777 783 820
f 821 784 780
f 822 783 782
f 823 776 784
f 823 782 776
f 823 822 782
f 821 824 784
f 784 825 823
f 825 784 824
f 826 738 785
f 827 786 705
f 738 828 788
f 828 738 826
f 705 789 827
f 829 714 787
f 680 681 830
f 831 714 829
f 830 681 745
f 739 788 832
f 831 713 714
f 831 833 713
f 790 741 834
f 741 742 834
f 833 835 713
f 835 744 713
f 793 836 742
f 747 720 797
f 748 747 837
f 795 838 746
f 838 796 746
f 719 799 798
f 800 839 752
f 840 839 800
f 752 839 753
f 803 841 751
f 839 842 753
f 843 754 802
f 754 843 755
f 805 724 804
f 755 843 807
f 805 806 726
f 726 806 696
f 844 756 808
f 757 758 845
f 842 846 753
f 759 753 846
f 846 809 759
f 761 847 808
f 848 760 809
f 670 764 766
f 760 848 762
f 849 731 765
f 850 651 698
f 731 851 813
f 652 813 852
f 652 852 732
f 699 814 671
f 853 769 700
f 769 770 658
f 734 854 815
f 816 817 771
f 855 737 772
f 704 818 774
f 856 777 820
f 820 857 858
f 859 860 781
f 859 781 775
f 859 775 777
f 820 783 857
f 860 819 779
f 860 779 781
f 783 822 857
f 780 861 821
f 862 822 823
f 821 863 824
f 825 824 864
f 865 823 825
f 825 864 865
f 680 866 787
f 680 830 866
f 827 867 786
f 868 828 826
f 828 869 788
f 789 870 827
f 788 869 832
f 831 829 871
f 872 830 745
f 789 790 870
f 870 790 873
f 874 740 832
f 832 740 739
f 791 740 874
f 792 718 875
f 875 876 792
f 876 793 792
f 877 793 876
f 836 793 877
f 878 747 797
f 875 718 796
f 879 742 836
f 742 879 834
f 880 837 747
f 744 835 881
f 800 882 840
f 800 801 882
f 883 795 791
f 884 875 796
f 797 798 878
f 881 799 744
f 748 837 885
f 799 886 798
f 887 839 840
f 801 756 888
f 885 749 748
f 888 756 844
f 889 802 749
f 842 839 890
f 891 841 803
f 892 804 893
f 891 806 894
f 806 891 803
f 757 893 804
f 804 892 805
f 845 893 757
f 895 809 846
f 895 848 809
f 896 847 761
f 811 763 697
f 810 896 761
f 848 897 762
f 762 897 810
f 698 898 850
f 814 898 698
f 852 899 732
f 900 733 673
f 853 700 768
f 853 768 901
f 815 901 768
f 901 815 854
f 769 854 770
f 854 734 770
f 646 902 816
f 735 902 646
f 735 903 902
f 735 737 903
f 817 904 818
f 905 772 773
f 905 906 772
f 774 773 678
f 856 820 858
f 859 777 856
f 819 860 907
f 857 908 858
f 907 861 780
f 819 907 780
f 908 857 909
f 822 909 857
f 861 910 821
f 822 862 911
f 863 912 824
f 865 862 823
f 785 868 826
f 913 785 786
f 867 913 786
f 827 870 914
f 832 869 915
f 832 915 916
f 745 917 872
f 918 917 745
f 794 918 745
f 790 919 873
f 791 874 920
f 835 833 881
f 834 921 790
f 790 921 919
f 878 880 747
f 794 751 918
f 922 834 879
f 834 922 921
f 886 878 798
f 881 923 799
f 840 924 887
f 836 925 879
f 923 886 799
f 751 926 918
f 927 796 838
f 749 885 889
f 839 887 928
f 928 890 839
f 929 930 889
f 889 930 802
f 841 926 751
f 930 843 802
f 842 890 931
f 808 932 844
f 805 894 806
f 931 846 842
f 932 808 933
f 934 893 845
f 807 935 758
f 935 845 758
f 847 933 808
f 847 936 933
f 847 896 936
f 763 937 764
f 848 895 938
f 849 765 939
f 939 765 766
f 651 850 812
f 849 851 731
f 940 898 814
f 699 941 814
f 941 940 814
f 732 899 767
f 673 767 942
f 942 900 673
f 654 733 900
f 769 853 901
f 769 901 854
f 943 816 902
f 944 903 737
f 945 817 816
f 855 944 737
f 904 817 945
f 772 906 855
f 946 856 858
f 947 859 856
f 947 860 859
f 948 858 908
f 948 908 949
f 907 950 861
f 861 950 910
f 910 951 821
f 822 911 952
f 821 951 863
f 864 953 865
f 953 862 865
f 912 864 824
f 787 866 829
f 954 871 829
f 868 785 913
f 955 867 827
f 956 830 872
f 870 957 914
f 873 957 870
f 958 833 831
f 833 958 881
f 959 960 961
f 875 962 876
f 959 963 960
f 964 840 965
f 965 840 882
f 966 965 882
f 966 882 801
f 962 967 876
f 967 877 876
f 877 968 836
f 969 837 880
f 970 881 958
f 971 918 926
f 964 924 840
f 966 801 888
f 884 962 875
f 836 968 925
f 972 878 886
f 960 963 973
f 884 796 974
f 923 881 970
f 927 974 796
f 975 885 837
f 879 925 922
f 922 976 921
f 921 976 977
f 889 978 929
f 889 979 978
f 979 889 885
f 977 930 929
f 980 926 841
f 980 841 981
f 930 977 976
f 841 982 981
f 888 844 983
f 891 982 841
f 984 892 893
f 891 894 982
f 932 983 844
f 985 807 843
f 892 986 805
f 805 986 894
f 987 846 931
f 984 893 934
f 985 935 807
f 846 987 988
f 988 895 846
f 988 989 895
f 990 936 896
f 991 766 992
f 992 766 764
f 766 991 939
f 811 993 763
f 989 938 895
f 811 812 994
f 812 850 994
f 810 995 896
f 996 995 810
f 996 810 897
f 997 813 851
f 997 852 813
f 998 899 852
f 699 999 941
f 674 999 699
f 900 1000 654
f 943 1001 816
f 945 816 1001
f 855 1002 944
f 1003 904 945
f 906 1002 855
f 904 774 818
f 858 948 946
f 856 946 1004
f 949 1005 948
f 947 856 1004
f 860 1006 907
f 860 1007 1006
f 1007 860 947
f 908 1008 949
f 1008 908 909
f 822 952 909
f 1009 911 862
f 951 912 863
f 1010 913 867
f 955 1010 867
f 1011 955 827
f 1011 827 914
f 1012 869 828
f 1013 1012 828
f 1013 828 868
f 1013 868 913
f 871 1014 831
f 915 869 1012
f 831 1015 958
f 831 1014 1015
f 1016 959 961
f 961 960 1017
f 1018 969 880
f 1018 880 878
f 972 1018 878
f 1019 964 965
f 967 968 877
f 1020 837 969
f 971 926 1021
f 1022 960 973
f 920 883 791
f 974 962 884
f 1023 925 968
f 921 929 919
f 1020 975 837
f 886 1024 972
f 1025 970 958
f 1026 963 959
f 887 924 1027
f 883 1028 795
f 838 795 1028
f 921 977 929
f 1024 886 923
f 1029 1024 923
f 1029 923 970
f 1029 970 1025
f 1030 980 1025
f 926 980 1021
f 1027 928 887
f 1028 927 838
f 981 1025 980
f 922 925 1031
f 1031 976 922
f 981 1029 1025
f 983 1032 888
f 976 1031 930
f 890 1032 931
f 931 1032 983
f 930 1031 1033
f 1033 843 930
f 843 1033 985
f 984 1034 892
f 982 894 986
f 931 983 987
f 932 987 983
f 1035 987 932
f 1036 1037 935
f 935 1037 845
f 1037 934 845
f 988 987 1035
f 1035 932 933
f 936 1035 933
f 937 992 764
f 993 937 763
f 1038 989 988
f 1039 897 848
f 996 897 1040
f 674 1041 999
f 942 1042 900
f 674 654 1041
f 903 943 902
f 945 1001 1003
f 944 1002 903
f 1043 904 1003
f 1044 774 904
f 948 1005 946
f 1045 1005 949
f 947 1004 1046
f 1047 1048 907
f 947 1046 1007
f 1049 950 907
f 1047 907 1006
f 1049 910 950
f 1050 910 1049
f 952 1051 909
f 910 1050 951
f 1009 862 953
f 911 1009 952
f 1052 953 864
f 912 1052 864
f 1053 866 830
f 913 1010 1054
f 1054 1013 913
f 957 1011 914
f 1055 957 873
f 1016 1056 959
f 1057 1016 961
f 919 1055 873
f 958 1015 1030
f 961 1017 1057
f 959 1056 1058
f 965 966 1059
f 1060 962 1061
f 1060 1062 962
f 962 1062 967
f 1063 1017 960
f 1064 964 1019
f 1064 1065 964
f 1066 1018 972
f 1025 958 1030
f 960 1022 1063
f 1065 924 964
f 1059 966 888
f 974 1061 962
f 919 929 1067
f 1066 972 1024
f 980 1030 1021
f 1058 1026 959
f 1059 888 1068
f 1067 929 978
f 978 1069 1067
f 1022 973 1070
f 1028 883 1071
f 1069 978 979
f 1072 979 885
f 975 1072 885
f 1027 1073 928
f 1023 1031 925
f 1029 1074 1024
f 1074 1029 1075
f 1026 1076 963
f 1070 973 963
f 1070 963 1076
f 1073 1077 928
f 888 1032 1068
f 928 1077 890
f 1077 1032 890
f 1075 1029 981
f 1078 1075 982
f 982 1075 981
f 1079 1033 1031
f 1078 982 1080
f 1034 986 892
f 986 1080 982
f 985 1036 935
f 988 1081 1038
f 1081 988 1035
f 990 1035 936
f 1081 1035 1082
f 1035 990 1082
f 1083 993 811
f 1084 939 991
f 994 1083 811
f 989 1038 1085
f 850 1086 994
f 995 990 896
f 1087 851 849
f 989 1088 938
f 938 1089 848
f 938 1088 1089
f 848 1089 1039
f 897 1039 1040
f 1090 998 852
f 940 1091 898
f 899 942 767
f 1000 1092 654
f 1092 1041 654
f 1042 1000 900
f 1093 1001 943
f 1043 1044 904
f 1094 906 905
f 1005 1095 946
f 1004 946 1096
f 1097 1045 949
f 1097 949 1008
f 1007 1046 1098
f 1099 1007 1098
f 1007 1099 1006
f 909 1051 1008
f 1100 1006 1099
f 1101 953 1102
f 1009 953 1101
f 1009 1103 952
f 1102 1052 1104
f 1102 953 1052
f 1105 912 951
f 912 1104 1052
f 954 829 866
f 871 954 1106
f 1107 1010 955
f 917 1108 872
f 1012 1109 915
f 1110 1011 957
f 1111 916 915
f 1109 1111 915
f 917 918 1108
f 1112 1113 1016
f 1112 1016 1057
f 1114 874 832
f 1030 1015 1115
f 1113 1056 1016
f 1116 1057 1017
f 1116 1064 1117
f 1118 1116 1017
f 1064 1019 1119
f 1120 1119 1019
f 1120 1019 965
f 1059 1120 965
f 1067 1055 919
f 1063 1118 1017
f 1118 1065 1116
f 1116 1065 1064
f 1018 1121 969
f 1121 1018 1066
f 1122 883 920
f 969 1121 1020
f 1123 1026 1058
f 924 1065 1027
f 1068 1124 1059
f 883 1122 1071
f 968 1125 1023
f 1020 1121 1126
f 1127 1069 979
f 1127 979 1072
f 1020 1128 975
f 1020 1126 1128
f 1066 1024 1129
f 1028 1130 927
f 1130 974 927
f 1072 975 1131
f 1131 975 1128
f 1024 1074 1129
f 1076 1026 1132
f 1077 1124 1032
f 1032 1124 1068
f 1070 1076 1133
f 1078 1074 1075
f 1134 984 1135
f 1034 984 1134
f 1080 1034 1134
f 1033 1079 1136
f 984 1137 1135
f 986 1034 1080
f 1136 985 1033
f 1137 934 1138
f 934 1137 984
f 1037 1138 934
f 1139 991 992
f 849 939 1087
f 996 1140 995
f 1090 852 997
f 998 1141 899
f 1091 1142 1143
f 1091 940 1142
f 940 941 1142
f 999 1144 941
f 1144 1142 941
f 1145 1042 942
f 1144 999 1041
f 1092 1000 1146
f 1002 1147 903
f 1043 1003 1148
f 906 1147 1002
f 1044 1149 774
f 774 1149 773
f 905 773 1149
f 1005 1045 1095
f 1096 1098 1004
f 1046 1004 1098
f 1049 1150 1151
f 1152 1150 1049
f 1152 1049 907
f 1048 1152 907
f 1153 1048 1047
f 1153 1047 1006
f 1050 1049 1151
f 1153 1006 1100
f 1104 1153 1100
f 1102 1100 1099
f 1102 1099 1101
f 1154 1009 1101
f 1154 1103 1009
f 952 1103 1051
f 1155 951 1050
f 951 1155 1105
f 1104 1100 1102
f 1156 912 1105
f 1104 912 1156
f 1157 954 866
f 1157 866 1053
f 872 1158 956
f 955 1159 1107
f 1011 1159 955
f 1010 1160 1054
f 1160 1010 1107
f 872 1108 1158
f 1161 1054 1160
f 1013 1162 1012
f 1054 1162 1013
f 1054 1161 1162
f 1015 1014 1115
f 971 1108 918
f 1163 1112 1057
f 1060 1161 1164
f 1030 1115 1165
f 1166 971 1021
f 874 1114 1167
f 1168 1162 1161
f 1168 1161 1060
f 1021 1030 1165
f 1021 1165 1166
f 1116 1163 1057
f 1163 1116 1117
f 1064 1169 1117
f 1169 1064 1119
f 1167 920 874
f 1061 1168 1060
f 1060 1164 1062
f 1062 1164 1170
f 1058 1056 1171
f 1171 1056 1113
f 1062 1170 967
f 1172 967 1170
f 1173 1058 1171
f 1168 1061 1174
f 967 1172 968
f 1058 1173 1175
f 1176 1177 1022
f 1022 1177 1063
f 1177 1178 1063
f 1118 1063 1179
f 1065 1118 1179
f 1124 1120 1059
f 1172 1125 968
f 1180 1067 1069
f 1066 1129 1121
f 1123 1058 1175
f 1181 1176 1022
f 1065 1179 1027
f 1061 974 1130
f 1127 1180 1069
f 1022 1070 1181
f 1179 1182 1027
f 1027 1182 1073
f 1124 1077 1182
f 1073 1182 1077
f 1131 1127 1072
f 1183 1126 1121
f 1026 1123 1132
f 1023 1184 1031
f 1079 1031 1184
f 1132 1185 1076
f 1186 1126 1135
f 1078 1187 1074
f 1076 1185 1133
f 1080 1187 1078
f 1137 1186 1135
f 1136 1188 985
f 985 1188 1036
f 1188 1189 1036
f 1036 1189 1037
f 1189 1138 1037
f 991 1139 1190
f 939 1084 1191
f 1087 939 1191
f 1192 1083 994
f 994 1086 1192
f 1085 1193 989
f 1082 990 995
f 997 851 1087
f 1088 989 1193
f 850 1194 1086
f 850 1195 1194
f 850 898 1195
f 1039 1196 1040
f 1040 1196 1197
f 899 1145 942
f 1041 1198 1144
f 1148 1001 1093
f 903 1147 943
f 1148 1003 1001
f 1148 1199 1043
f 1200 1147 906
f 1201 1043 1199
f 1094 1200 906
f 1044 1043 1201
f 1149 1094 905
f 1045 1202 1095
f 1096 946 1203
f 1204 1098 1096
f 1153 1205 1048
f 1008 1206 1097
f 1098 1207 1099
f 1008 1051 1206
f 1208 1050 1151
f 1101 1099 1207
f 1104 1156 1153
f 1154 1101 1207
f 1208 1155 1050
f 956 1053 830
f 956 1158 1209
f 871 1210 1014
f 1160 1107 1211
f 1212 1011 1110
f 1212 1159 1011
f 1109 1012 1213
f 1161 1160 1214
f 1214 1160 1211
f 1108 971 1215
f 832 916 1216
f 1111 1216 916
f 1213 1012 1162
f 1114 832 1216
f 1164 1161 1214
f 971 1166 1215
f 1113 1112 1217
f 1180 1110 957
f 1218 1162 1168
f 1164 1214 1170
f 1180 957 1055
f 1113 1176 1219
f 1113 1217 1176
f 1113 1219 1171
f 1169 1119 1220
f 1220 1119 1120
f 920 1167 1221
f 1180 1055 1067
f 1222 1220 1120
f 1124 1222 1120
f 920 1221 1122
f 1063 1178 1179
f 1182 1222 1124
f 1130 1174 1061
f 1223 1180 1127
f 1121 1129 1183
f 1122 1224 1071
f 1023 1125 1225
f 1225 1184 1023
f 1187 1183 1129
f 1074 1187 1129
f 1070 1226 1181
f 1131 1128 1227
f 1135 1126 1183
f 1135 1183 1134
f 1134 1183 1187
f 1186 1128 1126
f 1134 1187 1080
f 1184 1228 1079
f 1228 1136 1079
f 991 1190 1084
f 1229 1139 992
f 1229 992 937
f 993 1229 937
f 1230 1087 1191
f 1038 1231 1085
f 1231 1038 1081
f 1082 1231 1081
f 1232 1089 1088
f 898 1091 1195
f 1141 998 1090
f 1091 1143 1195
f 1089 1196 1039
f 1233 1234 1143
f 1142 1233 1143
f 1141 1235 899
f 1235 1145 899
f 1144 1233 1142
f 1144 1236 1233
f 1000 1042 1146
f 1237 1093 943
f 943 1147 1237
f 1238 1239 1094
f 1149 1044 1201
f 1238 1094 1149
f 1202 1240 1095
f 1241 1202 1045
f 1242 1203 946
f 946 1095 1242
f 1241 1045 1097
f 1152 1048 1243
f 1204 1207 1098
f 1206 1244 1097
f 1205 1243 1048
f 1245 1205 1153
f 1156 1245 1153
f 1103 1206 1051
f 1245 1105 1246
f 1156 1105 1245
f 1053 1247 1157
f 1248 1106 954
f 954 1157 1248
f 1106 1210 871
f 1115 1014 1210
f 1108 1249 1158
f 1250 1107 1159
f 1211 1107 1250
f 1111 1251 1216
f 1213 1252 1109
f 1211 1250 1253
f 1253 1214 1211
f 1212 1110 1180
f 1112 1254 1217
f 1112 1163 1254
f 1117 1254 1163
f 1117 1169 1254
f 1170 1214 1253
f 1170 1253 1172
f 1177 1176 1217
f 1177 1217 1254
f 1218 1168 1174
f 1181 1219 1176
f 1255 1179 1178
f 1225 1125 1172
f 1179 1255 1182
f 1255 1256 1182
f 1182 1256 1222
f 1226 1257 1181
f 1224 1258 1071
f 1225 1259 1184
f 1223 1127 1131
f 1260 1226 1070
f 1260 1070 1133
f 1186 1227 1128
f 1185 1261 1133
f 1133 1261 1260
f 1262 1186 1137
f 1188 1263 1189
f 1263 1138 1189
f 1230 1191 1084
f 1087 1230 1264
f 1265 997 1087
f 1266 1192 1086
f 1267 1231 995
f 1231 1082 995
f 1267 995 1140
f 1194 1195 1268
f 1140 996 1269
f 1232 1196 1089
f 1197 996 1040
f 1197 1269 996
f 1234 1233 1270
f 1233 1271 1270
f 1145 1272 1042
f 1233 1236 1271
f 1093 1273 1148
f 1199 1148 1274
f 1094 1239 1200
f 1275 1240 1202
f 1242 1095 1240
f 1202 1241 1275
f 1096 1203 1204
f 1204 1276 1207
f 1276 1154 1207
f 1154 1276 1277
f 1277 1206 1103
f 1278 1208 1151
f 1154 1277 1103
f 1208 1279 1155
f 1105 1155 1246
f 1280 1165 1115
f 1165 1280 1166
f 1108 1215 1249
f 1251 1111 1252
f 1109 1252 1111
f 1216 1281 1114
f 1282 1167 1114
f 1218 1213 1162
f 1172 1253 1283
f 1254 1169 1284
f 1177 1254 1284
f 1256 1284 1169
f 1169 1220 1256
f 1285 1212 1180
f 1178 1177 1284
f 1178 1284 1255
f 1255 1284 1256
f 1222 1256 1220
f 1225 1172 1283
f 1283 1286 1225
f 1285 1180 1223
f 1173 1287 1175
f 1219 1257 1171
f 1181 1257 1219
f 1174 1130 1288
f 1289 1130 1028
f 1258 1028 1071
f 1290 1226 1260
f 1259 1291 1184
f 1291 1228 1184
f 1291 1292 1228
f 1228 1292 1136
f 1136 1292 1188
f 1263 1188 1292
f 1263 1262 1137
f 1138 1263 1137
f 1293 1230 1084
f 1084 1190 1294
f 1295 1229 993
f 1265 1087 1264
f 1266 1086 1296
f 1297 1193 1085
f 1231 1297 1085
f 1086 1194 1296
f 1268 1296 1194
f 1298 1268 1195
f 1143 1298 1195
f 1234 1299 1298
f 1298 1143 1234
f 1300 1235 1141
f 1301 1270 1271
f 1272 1302 1042
f 1302 1146 1042
f 1146 1303 1092
f 1092 1198 1041
f 1198 1236 1144
f 1093 1237 1273
f 1304 1237 1147
f 1305 1148 1273
f 1306 1304 1147
f 1147 1200 1306
f 1274 1201 1199
f 1307 1238 1149
f 1275 1308 1240
f 1242 1240 1309
f 1241 1310 1275
f 1150 1311 1312
f 1311 1150 1152
f 1243 1311 1152
f 1244 1241 1097
f 1312 1151 1150
f 1278 1151 1312
f 1313 1206 1277
f 1279 1314 1155
f 1155 1314 1246
f 1053 1315 1247
f 1316 1157 1247
f 1315 1053 956
f 1315 956 1209
f 1210 1106 1248
f 1158 1317 1209
f 1115 1210 1280
f 1114 1281 1282
f 1318 1252 1213
f 1319 1250 1159
f 1212 1320 1159
f 1159 1320 1319
f 1283 1253 1250
f 1283 1250 1319
f 1213 1218 1318
f 1286 1283 1319
f 1174 1288 1218
f 1225 1286 1321
f 1322 1285 1223
f 1259 1225 1321
f 1223 1131 1322
f 1258 1323 1028
f 1323 1289 1028
f 1227 1322 1131
f 1324 1132 1123
f 1325 1227 1186
f 1262 1325 1186
f 1326 1185 1132
f 1327 1264 1230
f 1328 1190 1139
f 1329 1295 993
f 1329 993 1083
f 1330 1265 1264
f 1331 1083 1192
f 1266 1332 1192
f 997 1265 1333
f 1297 1231 1267
f 997 1333 1090
f 1090 1300 1141
f 1232 1334 1196
f 1334 1335 1196
f 1196 1335 1197
f 1335 1336 1197
f 1270 1337 1234
f 1337 1270 1338
f 1338 1270 1339
f 1339 1270 1301
f 1146 1340 1303
f 1341 1340 1146
f 1236 1342 1271
f 1342 1301 1271
f 1343 1273 1237
f 1344 1343 1237
f 1344 1237 1345
f 1237 1304 1345
f 1305 1346 1274
f 1148 1305 1274
f 1201 1307 1149
f 1310 1308 1275
f 1309 1203 1242
f 1241 1347 1310
f 1244 1347 1241
f 1277 1276 1204
f 1206 1313 1244
f 1208 1278 1348
f 1348 1279 1208
f 1349 1210 1248
f 1317 1158 1249
f 1280 1350 1166
f 1166 1350 1215
f 1288 1318 1218
f 1212 1285 1320
f 1286 1351 1321
f 1352 1320 1285
f 1285 1322 1352
f 1353 1287 1173
f 1353 1171 1257
f 1353 1173 1171
f 1221 1224 1122
f 1227 1325 1322
f 1291 1259 1321
f 1292 1291 1354
f 1354 1355 1262
f 1262 1355 1325
f 1292 1354 1263
f 1263 1354 1262
f 1326 1261 1185
f 1327 1230 1293
f 1356 1293 1084
f 1294 1356 1084
f 1190 1328 1294
f 1357 1264 1327
f 1229 1328 1139
f 1329 1083 1331
f 1265 1330 1333
f 1332 1331 1192
f 1266 1296 1358
f 1359 1193 1297
f 1088 1193 1360
f 1267 1140 1361
f 1360 1232 1088
f 1299 1234 1362
f 1269 1197 1336
f 1235 1363 1145
f 1364 1302 1272
f 1341 1146 1302
f 1303 1365 1092
f 1092 1365 1198
f 1198 1365 1236
f 1236 1365 1342
f 1343 1305 1273
f 1200 1366 1306
f 1367 1366 1200
f 1239 1367 1200
f 1308 1368 1240
f 1240 1369 1309
f 1312 1370 1371
f 1370 1312 1311
f 1371 1278 1312
f 1371 1372 1278
f 1373 1277 1204
f 1373 1313 1277
f 1245 1374 1205
f 1278 1372 1375
f 1246 1374 1245
f 1246 1314 1374
f 1315 1376 1247
f 1316 1248 1157
f 1377 1315 1209
f 1378 1349 1248
f 1209 1317 1377
f 1379 1210 1349
f 1350 1210 1379
f 1350 1280 1210
f 1380 1249 1215
f 1380 1215 1350
f 1381 1216 1251
f 1320 1382 1319
f 1318 1288 1383
f 1351 1286 1319
f 1351 1319 1382
f 1352 1382 1320
f 1384 1288 1130
f 1175 1287 1385
f 1226 1353 1257
f 1325 1352 1322
f 1355 1352 1325
f 1386 1387 1388
f 1291 1321 1389
f 1291 1389 1354
f 1354 1389 1355
f 1324 1390 1132
f 1386 1391 1387
f 1390 1326 1132
f 1392 1293 1386
f 1392 1327 1293
f 1386 1293 1391
f 1387 1391 1356
f 1393 1387 1356
f 1391 1293 1356
f 1294 1394 1356
f 1330 1264 1357
f 1333 1330 1395
f 1090 1333 1396
f 1359 1297 1397
f 1267 1397 1297
f 1398 1267 1361
f 1268 1358 1296
f 1399 1358 1268
f 1396 1300 1090
f 1400 1298 1299
f 1269 1361 1140
f 1234 1401 1362
f 1234 1337 1401
f 1300 1402 1235
f 1402 1363 1235
f 1363 1403 1145
f 1145 1403 1272
f 1272 1403 1364
f 1365 1404 1342
f 1343 1344 1405
f 1366 1304 1306
f 1406 1274 1346
f 1201 1274 1406
f 1369 1240 1368
f 1309 1369 1407
f 1408 1308 1310
f 1409 1203 1309
f 1373 1203 1409
f 1373 1204 1203
f 1410 1411 1412
f 1412 1411 1413
f 1414 1415 1244
f 1411 1416 1413
f 1244 1313 1414
f 1375 1348 1278
f 1376 1316 1247
f 1376 1315 1417
f 1248 1316 1378
f 1377 1417 1315
f 1281 1216 1418
f 1252 1381 1251
f 1167 1388 1221
f 1388 1224 1221
f 1419 1386 1388
f 1289 1384 1130
f 1321 1351 1389
f 1389 1351 1382
f 1389 1382 1352
f 1388 1420 1224
f 1355 1389 1352
f 1175 1385 1123
f 1226 1421 1353
f 1388 1387 1420
f 1422 1258 1224
f 1422 1224 1420
f 1423 1289 1323
f 1385 1324 1123
f 1290 1421 1226
f 1387 1393 1420
f 1229 1295 1328
f 1424 1332 1266
f 1425 1424 1266
f 1358 1425 1266
f 1426 1400 1299
f 1427 1268 1298
f 1427 1399 1268
f 1340 1428 1303
f 1428 1429 1303
f 1365 1303 1429
f 1301 1430 1339
f 1342 1431 1301
f 1301 1431 1430
f 1343 1346 1305
f 1432 1368 1408
f 1307 1433 1238
f 1238 1433 1239
f 1368 1308 1408
f 1407 1409 1309
f 1310 1434 1408
f 1435 1408 1434
f 1436 1412 1413
f 1347 1434 1310
f 1347 1437 1434
f 1373 1409 1438
f 1439 1410 1412
f 1347 1244 1415
f 1371 1370 1440
f 1243 1441 1311
f 1373 1414 1313
f 1413 1442 1443
f 1440 1372 1371
f 1444 1243 1445
f 1205 1445 1243
f 1442 1413 1416
f 1374 1445 1205
f 1410 1446 1411
f 1348 1447 1279
f 1447 1314 1279
f 1411 1446 1448
f 1411 1448 1416
f 1449 1316 1376
f 1448 1450 1416
f 1317 1249 1451
f 1451 1249 1380
f 1216 1381 1452
f 1453 1282 1281
f 1454 1318 1383
f 1388 1167 1419
f 1384 1383 1288
f 1455 1386 1419
f 1455 1392 1386
f 1258 1422 1323
f 1456 1327 1392
f 1356 1457 1393
f 1327 1456 1357
f 1457 1356 1394
f 1357 1458 1330
f 1395 1330 1458
f 1459 1329 1331
f 1459 1331 1332
f 1460 1333 1395
f 1461 1332 1424
f 1397 1267 1398
f 1193 1359 1360
f 1425 1358 1462
f 1399 1462 1358
f 1463 1462 1399
f 1362 1426 1299
f 1464 1232 1360
f 1427 1298 1400
f 1465 1337 1338
f 1466 1302 1364
f 1340 1466 1467
f 1428 1467 1468
f 1340 1467 1428
f 1465 1338 1339
f 1302 1466 1341
f 1341 1466 1340
f 1339 1430 1469
f 1470 1365 1429
f 1365 1470 1404
f 1404 1471 1342
f 1472 1405 1344
f 1405 1346 1343
f 1432 1473 1368
f 1432 1474 1475
f 1474 1432 1408
f 1476 1369 1368
f 1474 1408 1477
f 1408 1435 1477
f 1478 1479 1412
f 1478 1412 1436
f 1480 1436 1413
f 1439 1412 1479
f 1443 1480 1413
f 1441 1370 1311
f 1481 1410 1439
f 1482 1410 1481
f 1372 1483 1375
f 1484 1445 1374
f 1482 1446 1410
f 1484 1314 1447
f 1314 1484 1374
f 1316 1449 1485
f 1375 1483 1486
f 1486 1447 1375
f 1375 1447 1348
f 1378 1316 1485
f 1416 1450 1442
f 1317 1487 1377
f 1317 1451 1487
f 1350 1379 1488
f 1489 1380 1350
f 1282 1453 1455
f 1454 1381 1252
f 1455 1167 1282
f 1454 1252 1318
f 1419 1167 1455
f 1287 1490 1385
f 1490 1287 1353
f 1423 1384 1289
f 1491 1323 1422
f 1290 1492 1421
f 1422 1420 1393
f 1422 1393 1457
f 1326 1493 1261
f 1494 1457 1394
f 1294 1495 1394
f 1294 1496 1495
f 1496 1294 1328
f 1496 1328 1295
f 1497 1295 1329
f 1396 1333 1498
f 1461 1424 1499
f 1499 1424 1425
f 1462 1499 1425
f 1300 1396 1500
f 1269 1501 1361
f 1467 1462 1463
f 1464 1502 1232
f 1427 1400 1503
f 1401 1337 1504
f 1502 1334 1232
f 1399 1505 1463
f 1505 1399 1427
f 1465 1504 1337
f 1501 1336 1506
f 1468 1467 1463
f 1336 1335 1506
f 1463 1505 1468
f 1466 1364 1507
f 1403 1508 1364
f 1428 1468 1429
f 1339 1469 1465
f 1509 1469 1430
f 1471 1431 1342
f 1472 1344 1345
f 1405 1510 1346
f 1511 1366 1367
f 1475 1473 1432
f 1239 1511 1367
f 1368 1473 1476
f 1307 1201 1512
f 1239 1433 1511
f 1512 1433 1307
f 1513 1436 1480
f 1407 1514 1409
f 1480 1443 1515
f 1347 1415 1437
f 1443 1516 1515
f 1438 1414 1373
f 1438 1517 1414
f 1441 1243 1444
f 1414 1517 1415
f 1443 1518 1516
f 1442 1518 1443
f 1372 1440 1519
f 1520 1482 1481
f 1519 1483 1372
f 1376 1521 1519
f 1519 1521 1483
f 1376 1417 1521
f 1483 1521 1486
f 1521 1522 1486
f 1377 1521 1417
f 1521 1377 1522
f 1523 1442 1450
f 1524 1349 1378
f 1525 1446 1482
f 1448 1446 1525
f 1450 1526 1523
f 1524 1379 1349
f 1448 1525 1450
f 1350 1488 1489
f 1489 1451 1380
f 1281 1418 1453
f 1452 1418 1216
f 1383 1527 1454
f 1527 1383 1384
f 1323 1491 1423
f 1260 1261 1493
f 1495 1494 1394
f 1460 1395 1458
f 1459 1497 1329
f 1498 1333 1460
f 1332 1461 1459
f 1461 1499 1528
f 1500 1396 1498
f 1529 1359 1397
f 1530 1499 1462
f 1398 1361 1531
f 1532 1400 1426
f 1467 1530 1462
f 1336 1501 1269
f 1466 1530 1467
f 1503 1505 1427
f 1402 1533 1363
f 1363 1534 1403
f 1468 1505 1429
f 1404 1470 1535
f 1535 1536 1404
f 1537 1345 1304
f 1537 1472 1345
f 1510 1406 1346
f 1304 1366 1537
f 1474 1538 1475
f 1474 1539 1538
f 1473 1475 1540
f 1473 1540 1476
f 1539 1474 1477
f 1478 1541 1542
f 1436 1541 1478
f 1436 1513 1541
f 1476 1407 1369
f 1542 1479 1478
f 1543 1439 1479
f 1480 1515 1544
f 1438 1409 1514
f 1545 1439 1543
f 1545 1481 1439
f 1545 1546 1481
f 1370 1441 1547
f 1548 1440 1370
f 1547 1441 1549
f 1444 1549 1441
f 1481 1546 1520
f 1519 1548 1449
f 1519 1440 1548
f 1445 1484 1444
f 1376 1519 1449
f 1550 1482 1520
f 1518 1442 1551
f 1551 1442 1523
f 1552 1522 1377
f 1377 1487 1552
f 1550 1525 1482
f 1524 1488 1379
f 1453 1418 1553
f 1554 1452 1381
f 1555 1455 1453
f 1392 1555 1456
f 1555 1392 1455
f 1556 1384 1423
f 1557 1490 1353
f 1421 1557 1353
f 1558 1390 1324
f 1260 1559 1290
f 1457 1491 1422
f 1559 1260 1493
f 1457 1494 1491
f 1456 1560 1357
f 1560 1561 1357
f 1458 1357 1561
f 1562 1496 1295
f 1562 1295 1497
f 1530 1528 1499
f 1530 1563 1528
f 1359 1529 1360
f 1300 1500 1402
f 1400 1532 1503
f 1563 1530 1466
f 1466 1507 1563
f 1335 1334 1502
f 1564 1505 1503
f 1534 1363 1533
f 1508 1403 1534
f 1364 1508 1507
f 1564 1429 1505
f 1470 1429 1564
f 1404 1536 1471
f 1430 1431 1509
f 1472 1565 1405
f 1565 1510 1405
f 1475 1538 1540
f 1566 1512 1201
f 1513 1480 1567
f 1514 1407 1476
f 1543 1479 1542
f 1567 1480 1544
f 1435 1434 1437
f 1568 1517 1438
f 1437 1415 1569
f 1568 1415 1517
f 1569 1415 1568
f 1547 1548 1370
f 1516 1518 1570
f 1571 1485 1449
f 1572 1484 1447
f 1550 1520 1573
f 1552 1486 1522
f 1488 1524 1574
f 1575 1525 1550
f 1576 1451 1489
f 1450 1525 1577
f 1384 1578 1527
f 1385 1579 1324
f 1491 1556 1423
f 1579 1558 1324
f 1492 1580 1421
f 1559 1492 1290
f 1495 1581 1494
f 1562 1495 1496
f 1497 1459 1582
f 1583 1498 1460
f 1461 1582 1459
f 1498 1584 1500
f 1398 1529 1397
f 1401 1585 1362
f 1585 1426 1362
f 1361 1586 1531
f 1501 1586 1361
f 1587 1503 1532
f 1401 1504 1588
f 1508 1589 1507
f 1507 1589 1563
f 1504 1465 1590
f 1591 1506 1335
f 1510 1592 1406
f 1366 1593 1537
f 1539 1594 1538
f 1595 1477 1596
f 1539 1477 1595
f 1476 1540 1597
f 1476 1597 1514
f 1598 1477 1435
f 1599 1545 1543
f 1437 1598 1435
f 1547 1600 1548
f 1573 1520 1546
f 1571 1449 1548
f 1571 1548 1600
f 1484 1601 1444
f 1570 1518 1551
f 1524 1378 1485
f 1550 1573 1602
f 1552 1572 1486
f 1447 1486 1572
f 1574 1603 1488
f 1488 1603 1489
f 1487 1451 1576
f 1603 1576 1489
f 1526 1604 1523
f 1526 1450 1577
f 1452 1553 1418
f 1456 1555 1605
f 1556 1578 1384
f 1605 1560 1456
f 1606 1458 1561
f 1606 1460 1458
f 1583 1460 1606
f 1584 1498 1583
f 1607 1582 1461
f 1528 1607 1461
f 1608 1529 1398
f 1531 1608 1398
f 1500 1584 1609
f 1609 1402 1500
f 1588 1504 1590
f 1610 1533 1402
f 1508 1611 1589
f 1612 1590 1465
f 1533 1611 1534
f 1610 1611 1533
f 1534 1611 1508
f 1613 1564 1503
f 1564 1613 1470
f 1470 1613 1535
f 1469 1509 1614
f 1615 1536 1535
f 1616 1565 1472
f 1537 1616 1472
f 1594 1617 1538
f 1595 1594 1539
f 1366 1618 1593
f 1540 1617 1619
f 1617 1540 1538
f 1620 1618 1511
f 1366 1511 1618
f 1566 1201 1406
f 1619 1597 1540
f 1541 1513 1621
f 1621 1513 1567
f 1566 1622 1512
f 1622 1433 1512
f 1511 1433 1620
f 1623 1514 1597
f 1438 1514 1623
f 1438 1623 1568
f 1437 1569 1598
f 1624 1568 1623
f 1568 1624 1569
f 1545 1625 1546
f 1549 1444 1601
f 1484 1572 1601
f 1524 1485 1571
f 1576 1626 1487
f 1487 1626 1552
f 1602 1627 1550
f 1551 1523 1628
f 1627 1575 1550
f 1577 1525 1575
f 1526 1577 1604
f 1555 1453 1629
f 1453 1553 1630
f 1381 1454 1631
f 1605 1632 1560
f 1385 1490 1633
f 1385 1633 1579
f 1557 1421 1580
f 1326 1390 1634
f 1493 1635 1559
f 1636 1561 1560
f 1326 1634 1493
f 1634 1635 1493
f 1494 1637 1491
f 1637 1494 1581
f 1606 1561 1636
f 1495 1638 1581
f 1638 1495 1562
f 1582 1639 1497
f 1640 1607 1528
f 1563 1640 1528
f 1585 1401 1588
f 1641 1502 1464
f 1610 1402 1609
f 1642 1503 1587
f 1335 1502 1591
f 1613 1642 1643
f 1503 1642 1613
f 1465 1469 1644
f 1613 1615 1535
f 1536 1645 1471
f 1645 1431 1471
f 1565 1592 1510
f 1594 1595 1646
f 1647 1619 1617
f 1648 1595 1649
f 1542 1541 1650
f 1621 1651 1541
f 1647 1597 1619
f 1596 1649 1595
f 1652 1599 1543
f 1652 1543 1542
f 1653 1567 1544
f 1654 1596 1477
f 1598 1654 1477
f 1545 1599 1625
f 1655 1600 1547
f 1547 1549 1655
f 1656 1573 1546
f 1551 1657 1570
f 1552 1626 1572
f 1523 1604 1628
f 1658 1577 1575
f 1453 1630 1629
f 1554 1381 1631
f 1527 1631 1454
f 1556 1637 1578
f 1633 1490 1557
f 1556 1491 1637
f 1562 1659 1638
f 1639 1659 1562
f 1562 1497 1639
f 1660 1584 1583
f 1529 1608 1360
f 1608 1661 1360
f 1360 1661 1464
f 1585 1588 1662
f 1587 1532 1426
f 1641 1591 1502
f 1506 1663 1501
f 1614 1644 1469
f 1643 1615 1613
f 1431 1664 1509
f 1665 1666 1565
f 1665 1565 1616
f 1666 1592 1565
f 1595 1648 1646
f 1667 1406 1592
f 1668 1618 1620
f 1669 1542 1650
f 1566 1406 1667
f 1542 1669 1652
f 1567 1653 1621
f 1647 1670 1597
f 1671 1622 1566
f 1620 1433 1672
f 1597 1673 1623
f 1674 1544 1515
f 1516 1674 1515
f 1549 1601 1655
f 1571 1600 1675
f 1675 1600 1655
f 1571 1675 1524
f 1676 1601 1572
f 1626 1676 1572
f 1675 1574 1524
f 1574 1677 1603
f 1603 1677 1576
f 1678 1627 1602
f 1627 1679 1575
f 1577 1680 1604
f 1630 1553 1681
f 1452 1681 1553
f 1682 1555 1629
f 1605 1555 1682
f 1580 1633 1557
f 1390 1558 1683
f 1390 1683 1634
f 1606 1636 1684
f 1685 1583 1606
f 1660 1583 1685
f 1582 1607 1639
f 1686 1584 1660
f 1686 1609 1584
f 1661 1641 1464
f 1612 1588 1590
f 1588 1612 1687
f 1501 1663 1586
f 1610 1688 1611
f 1612 1465 1644
f 1645 1664 1431
f 1665 1616 1689
f 1666 1690 1592
f 1616 1537 1593
f 1691 1617 1594
f 1691 1692 1617
f 1667 1592 1690
f 1541 1651 1650
f 1647 1617 1692
f 1649 1693 1648
f 1566 1667 1694
f 1694 1671 1566
f 1622 1672 1433
f 1544 1695 1653
f 1673 1597 1670
f 1674 1695 1544
f 1696 1654 1598
f 1696 1598 1569
f 1696 1624 1623
f 1624 1696 1569
f 1516 1697 1674
f 1546 1625 1698
f 1546 1698 1656
f 1570 1699 1697
f 1570 1697 1516
f 1655 1700 1675
f 1700 1655 1601
f 1701 1573 1656
f 1701 1602 1573
f 1574 1675 1677
f 1676 1576 1677
f 1626 1576 1676
f 1628 1657 1551
f 1679 1658 1575
f 1680 1577 1658
f 1527 1702 1631
f 1527 1578 1702
f 1703 1560 1632
f 1636 1560 1703
f 1704 1581 1705
f 1638 1705 1581
f 1638 1659 1705
f 1706 1609 1686
f 1707 1585 1662
f 1586 1708 1531
f 1586 1709 1708
f 1706 1610 1609
f 1611 1710 1589
f 1614 1711 1712
f 1536 1615 1713
f 1509 1711 1614
f 1711 1509 1664
f 1714 1691 1594
f 1714 1594 1646
f 1650 1651 1715
f 1690 1716 1667
f 1650 1717 1669
f 1718 1651 1621
f 1653 1718 1621
f 1692 1719 1647
f 1669 1720 1652
f 1596 1693 1649
f 1671 1721 1622
f 1672 1622 1721
f 1693 1596 1654
f 1625 1599 1722
f 1696 1723 1654
f 1623 1673 1696
f 1674 1697 1724
f 1677 1675 1700
f 1677 1700 1676
f 1676 1700 1601
f 1657 1699 1570
f 1602 1701 1678
f 1725 1627 1678
f 1604 1726 1628
f 1604 1680 1726
f 1727 1605 1682
f 1631 1728 1554
f 1727 1632 1605
f 1637 1702 1578
f 1729 1558 1579
f 1683 1558 1729
f 1581 1730 1637
f 1639 1731 1659
f 1732 1660 1685
f 1731 1639 1607
f 1563 1733 1640
f 1734 1608 1531
f 1710 1733 1589
f 1563 1589 1733
f 1735 1707 1662
f 1662 1588 1736
f 1687 1736 1588
f 1707 1426 1585
f 1707 1587 1426
f 1610 1706 1688
f 1611 1688 1710
f 1687 1612 1737
f 1663 1709 1586
f 1644 1737 1612
f 1614 1712 1644
f 1643 1713 1615
f 1536 1738 1645
f 1739 1740 1741
f 1741 1742 1739
f 1666 1743 1744
f 1743 1666 1665
f 1689 1743 1665
f 1690 1666 1744
f 1650 1715 1717
f 1668 1593 1618
f 1667 1716 1694
f 1647 1719 1670
f 1672 1745 1620
f 1668 1620 1745
f 1721 1671 1694
f 1722 1599 1652
f 1693 1654 1723
f 1746 1695 1724
f 1695 1674 1724
f 1673 1747 1696
f 1696 1747 1723
f 1724 1697 1748
f 1749 1697 1699
f 1657 1750 1699
f 1725 1679 1627
f 1679 1751 1658
f 1554 1681 1452
f 1728 1681 1554
f 1752 1579 1633
f 1703 1684 1636
f 1492 1753 1580
f 1559 1753 1492
f 1754 1730 1581
f 1634 1683 1755
f 1581 1704 1754
f 1756 1685 1606
f 1732 1685 1756
f 1705 1659 1731
f 1757 1660 1732
f 1660 1757 1686
f 1686 1757 1706
f 1708 1734 1531
f 1661 1758 1641
f 1642 1587 1759
f 1737 1644 1760
f 1712 1760 1644
f 1738 1536 1713
f 1761 1711 1664
f 1762 1763 1740
f 1740 1739 1762
f 1762 1739 1764
f 1740 1765 1741
f 1739 1766 1764
f 1766 1739 1767
f 1742 1768 1739
f 1739 1768 1767
f 1769 1742 1741
f 1742 1770 1768
f 1616 1771 1689
f 1772 1692 1691
f 1771 1616 1593
f 1718 1715 1651
f 1648 1773 1646
f 1690 1774 1716
f 1775 1774 1690
f 1669 1717 1720
f 1668 1776 1593
f 1653 1777 1718
f 1668 1745 1776
f 1695 1777 1653
f 1693 1778 1648
f 1716 1779 1694
f 1694 1780 1721
f 1780 1672 1721
f 1673 1670 1747
f 1722 1781 1625
f 1625 1782 1698
f 1749 1748 1697
f 1749 1699 1783
f 1628 1750 1657
f 1681 1784 1630
f 1658 1785 1680
f 1785 1786 1680
f 1680 1786 1726
f 1631 1787 1728
f 1631 1702 1787
f 1752 1788 1579
f 1789 1752 1633
f 1788 1729 1579
f 1633 1580 1789
f 1789 1580 1790
f 1791 1792 1793
f 1791 1794 1792
f 1756 1606 1684
f 1635 1634 1755
f 1640 1731 1607
f 1795 1688 1706
f 1710 1688 1795
f 1710 1795 1733
f 1796 1661 1608
f 1797 1707 1735
f 1736 1735 1662
f 1758 1661 1798
f 1799 1687 1737
f 1800 1709 1663
f 1758 1591 1641
f 1801 1643 1642
f 1643 1801 1713
f 1802 1712 1711
f 1803 1645 1738
f 1763 1762 1804
f 1805 1740 1763
f 1805 1806 1740
f 1762 1764 1804
f 1806 1765 1740
f 1765 1769 1741
f 1765 1807 1769
f 1742 1769 1770
f 1807 1808 1769
f 1770 1809 1768
f 1768 1809 1767
f 1769 1810 1770
f 1773 1714 1646
f 1744 1775 1690
f 1692 1772 1811
f 1811 1719 1692
f 1812 1777 1695
f 1812 1695 1746
f 1720 1813 1652
f 1779 1780 1694
f 1780 1814 1672
f 1814 1745 1672
f 1722 1652 1813
f 1723 1778 1693
f 1670 1815 1747
f 1816 1746 1724
f 1625 1781 1782
f 1816 1724 1748
f 1817 1656 1698
f 1656 1817 1701
f 1749 1818 1748
f 1818 1749 1783
f 1750 1783 1699
f 1678 1701 1819
f 1628 1820 1750
f 1819 1725 1678
f 1821 1629 1630
f 1784 1821 1630
f 1681 1728 1784
f 1725 1822 1679
f 1822 1751 1679
f 1628 1726 1820
f 1751 1785 1658
f 1823 1824 1793
f 1637 1825 1702
f 1791 1793 1824
f 1730 1825 1637
f 1793 1826 1823
f 1580 1753 1790
f 1827 1793 1792
f 1793 1827 1826
f 1828 1792 1794
f 1792 1828 1827
f 1559 1635 1753
f 1829 1830 1794
f 1828 1794 1830
f 1831 1754 1704
f 1705 1831 1704
f 1832 1833 1705
f 1832 1705 1731
f 1834 1731 1640
f 1733 1834 1640
f 1757 1835 1706
f 1706 1835 1795
f 1795 1834 1733
f 1836 1587 1707
f 1736 1687 1799
f 1759 1587 1836
f 1799 1737 1837
f 1838 1800 1663
f 1759 1839 1642
f 1840 1591 1758
f 1840 1506 1591
f 1760 1712 1841
f 1712 1802 1841
f 1738 1713 1842
f 1761 1802 1711
f 1842 1803 1738
f 1645 1803 1664
f 1843 1806 1805
f 1764 1766 1844
f 1845 1765 1806
f 1844 1766 1767
f 1807 1845 1846
f 1845 1807 1765
f 1847 1808 1807
f 1809 1770 1848
f 1808 1810 1769
f 1770 1810 1848
f 1714 1849 1691
f 1850 1772 1691
f 1773 1849 1714
f 1851 1849 1773
f 1593 1776 1771
f 1720 1717 1852
f 1719 1811 1853
f 1746 1854 1812
f 1815 1719 1853
f 1774 1779 1716
f 1670 1719 1815
f 1855 1745 1814
f 1856 1747 1815
f 1747 1856 1723
f 1722 1857 1781
f 1858 1816 1748
f 1817 1698 1782
f 1858 1748 1859
f 1859 1748 1818
f 1750 1860 1783
f 1861 1862 1791
f 1861 1791 1824
f 1729 1788 1863
f 1791 1862 1864
f 1826 1827 1865
f 1864 1794 1791
f 1864 1866 1867
f 1864 1867 1794
f 1755 1753 1635
f 1868 1756 1684
f 1867 1829 1794
f 1869 1828 1830
f 1829 1867 1870
f 1829 1871 1830
f 1872 1829 1870
f 1705 1873 1831
f 1872 1874 1829
f 1829 1874 1871
f 1756 1757 1732
f 1834 1832 1731
f 1795 1835 1834
f 1796 1608 1734
f 1708 1875 1734
f 1708 1876 1875
f 1877 1661 1796
f 1709 1876 1708
f 1878 1707 1797
f 1736 1879 1735
f 1879 1736 1799
f 1838 1880 1800
f 1838 1506 1840
f 1506 1838 1663
f 1760 1837 1737
f 1803 1761 1664
f 1763 1881 1882
f 1882 1805 1763
f 1883 1763 1804
f 1804 1764 1884
f 1885 1844 1767
f 1807 1846 1847
f 1767 1886 1885
f 1767 1809 1886
f 1887 1847 1846
f 1848 1810 1888
f 1849 1889 1691
f 1890 1775 1744
f 1777 1891 1718
f 1771 1776 1892
f 1717 1893 1852
f 1894 1777 1812
f 1772 1895 1811
f 1855 1776 1745
f 1896 1773 1648
f 1775 1897 1774
f 1648 1778 1896
f 1779 1774 1897
f 1897 1898 1779
f 1898 1780 1779
f 1814 1780 1898
f 1778 1723 1899
f 1722 1813 1857
f 1856 1899 1723
f 1816 1900 1746
f 1858 1859 1901
f 1902 1701 1817
f 1859 1818 1903
f 1819 1701 1902
f 1818 1783 1860
f 1820 1860 1750
f 1819 1904 1725
f 1784 1728 1905
f 1820 1726 1906
f 1751 1907 1785
f 1702 1825 1787
f 1824 1908 1861
f 1824 1909 1908
f 1908 1909 1788
f 1908 1788 1752
f 1752 1789 1908
f 1861 1910 1862
f 1824 1823 1909
f 1909 1863 1788
f 1909 1823 1911
f 1863 1909 1911
f 1912 1684 1703
f 1826 1913 1823
f 1823 1913 1911
f 1914 1730 1754
f 1826 1865 1913
f 1684 1912 1868
f 1729 1863 1683
f 1828 1869 1827
f 1867 1866 1870
f 1869 1830 1915
f 1872 1916 1917
f 1871 1915 1830
f 1918 1919 1920
f 1918 1920 1917
f 1917 1920 1921
f 1917 1921 1872
f 1872 1921 1874
f 1919 1922 1920
f 1920 1923 1921
f 1874 1924 1871
f 1922 1923 1920
f 1921 1925 1874
f 1756 1926 1757
f 1921 1923 1925
f 1833 1832 1927
f 1928 1835 1926
f 1757 1926 1835
f 1834 1835 1928
f 1834 1928 1832
f 1734 1875 1796
f 1879 1797 1735
f 1836 1707 1878
f 1836 1839 1759
f 1929 1758 1798
f 1840 1758 1929
f 1642 1839 1930
f 1801 1642 1930
f 1760 1841 1837
f 1801 1930 1713
f 1842 1713 1930
f 1931 1805 1882
f 1883 1881 1763
f 1883 1804 1932
f 1931 1843 1805
f 1932 1804 1884
f 1884 1764 1933
f 1934 1806 1843
f 1933 1764 1844
f 1846 1845 1935
f 1936 1846 1935
f 1846 1936 1887
f 1848 1937 1809
f 1887 1938 1847
f 1847 1939 1808
f 1810 1808 1939
f 1847 1938 1939
f 1810 1939 1888
f 1744 1940 1941
f 1940 1744 1743
f 1942 1743 1689
f 1941 1890 1744
f 1689 1771 1942
f 1889 1850 1691
f 1892 1942 1771
f 1943 1715 1718
f 1891 1943 1718
f 1893 1717 1715
f 1891 1777 1894
f 1772 1850 1895
f 1775 1890 1944
f 1812 1854 1945
f 1773 1896 1851
f 1852 1813 1720
f 1895 1853 1811
f 1900 1946 1746
f 1815 1853 1856
f 1857 1947 1781
f 1816 1858 1900
f 1948 1818 1949
f 1629 1821 1950
f 1784 1951 1821
f 1860 1952 1818
f 1822 1725 1904
f 1861 1908 1953
f 1954 1910 1861
f 1789 1953 1908
f 1730 1914 1825
f 1910 1955 1862
f 1911 1956 1863
f 1955 1864 1862
f 1683 1863 1956
f 1865 1827 1957
f 1958 1755 1959
f 1755 1958 1753
f 1827 1869 1957
f 1870 1960 1961
f 1960 1870 1866
f 1872 1961 1916
f 1961 1872 1870
f 1869 1915 1962
f 1963 1919 1918
f 1962 1915 1964
f 1833 1873 1705
f 1965 1919 1963
f 1966 1967 1968
f 1966 1968 1965
f 1965 1922 1919
f 1924 1915 1871
f 1969 1924 1874
f 1968 1967 1970
f 1968 1971 1965
f 1965 1971 1922
f 1972 1874 1925
f 1874 1972 1969
f 1928 1927 1832
f 1971 1973 1922
f 1925 1922 1973
f 1925 1923 1922
f 1798 1661 1877
f 1709 1974 1876
f 1799 1975 1879
f 1709 1800 1974
f 1803 1842 1976
f 1803 1976 1761
f 1881 1977 1882
f 1881 1883 1978
f 1979 1932 1884
f 1934 1843 1980
f 1981 1806 1934
f 1845 1806 1981
f 1933 1844 1982
f 1982 1844 1885
f 1983 1936 1935
f 1936 1984 1887
f 1809 1985 1886
f 1809 1937 1985
f 1986 1887 1984
f 1887 1986 1938
f 1938 1987 1939
f 1988 1989 1849
f 1942 1940 1743
f 1989 1889 1849
f 1715 1943 1893
f 1988 1849 1990
f 1991 1988 1990
f 1990 1849 1851
f 1812 1945 1894
f 1992 1944 1890
f 1776 1993 1892
f 1993 1776 1855
f 1944 1897 1775
f 1746 1946 1854
f 1994 1900 1858
f 1781 1995 1782
f 1994 1858 1996
f 1858 1997 1996
f 1901 1997 1858
f 1998 1901 1999
f 1903 1901 1859
f 1998 1999 2000
f 1819 1902 2001
f 1818 1948 1903
f 1904 1819 2001
f 1682 1629 2002
f 1952 1949 1818
f 2003 1784 1905
f 1820 1952 1860
f 1726 2004 1906
f 2005 1727 2006
f 1632 1727 2005
f 1728 1787 1905
f 1786 1785 2007
f 2008 1954 1861
f 2009 2008 1861
f 2009 1861 1953
f 1912 1703 2010
f 2011 1910 1954
f 1955 1910 2011
f 1790 2012 1789
f 2012 1790 1958
f 2013 1865 2014
f 2013 1913 1865
f 1958 1790 1753
f 1914 1754 2015
f 2014 1865 1957
f 1864 2016 1866
f 1959 1755 1683
f 1957 1869 1962
f 1961 2017 1916
f 1756 1868 2018
f 2019 1918 1917
f 1917 1916 2019
f 1756 2018 1926
f 1966 1963 2020
f 1966 1965 1963
f 1926 2018 1928
f 1928 2021 1927
f 2022 1967 1966
f 2023 1915 1924
f 2022 2024 1967
f 1967 2024 2025
f 1967 2025 1970
f 1969 2023 1924
f 2026 2027 2028
f 2028 2027 2024
f 1971 1968 1970
f 2029 1972 1925
f 1875 2030 2031
f 2030 1875 1876
f 1796 1875 1877
f 1974 2032 1876
f 1879 2033 1797
f 2034 1879 1975
f 1878 1797 2033
f 2035 1975 1799
f 1880 1974 1800
f 1799 2036 2035
f 1837 2036 1799
f 1840 1929 1838
f 1839 2037 1930
f 2038 2036 1837
f 1842 1930 2039
f 1761 2040 1802
f 1881 1978 1977
f 1882 2041 1931
f 1980 1843 1931
f 1884 1933 1979
f 2042 1845 1981
f 2042 1935 1845
f 2042 1983 1935
f 1983 2043 1984
f 1984 1936 1983
f 2044 1984 2043
f 1937 1848 1888
f 2044 2045 1984
f 2045 1986 1984
f 1888 1939 1987
f 2046 2047 2044
f 2047 2045 2044
f 2045 2048 1986
f 1938 2049 1987
f 2050 2047 2046
f 2049 1938 1986
f 2050 2051 2047
f 2047 2051 2045
f 2052 2053 2054
f 2055 2056 2057
f 2055 2058 2054
f 2057 2058 2055
f 2058 2059 2054
f 2054 2059 2060
f 2057 2061 2058
f 1943 1891 2062
f 2062 1891 1894
f 1991 1990 2063
f 1992 1890 1941
f 2064 1942 1892
f 2065 1895 1850
f 1896 1990 1851
f 1992 2066 2067
f 1992 2067 1944
f 2064 1892 1993
f 2067 2068 1944
f 1895 2069 1853
f 2070 1896 1778
f 1853 2069 1856
f 1899 1856 2069
f 1899 2070 1778
f 2071 1946 1900
f 1994 2072 1900
f 1781 1947 1995
f 2073 1782 1995
f 2074 1996 2075
f 1817 1782 2073
f 1997 1998 2075
f 1997 2075 1996
f 1997 1901 1998
f 2076 1901 1903
f 2076 1999 1901
f 2076 2000 1999
f 1903 1948 2076
f 1948 2077 2076
f 2077 2000 2076
f 2077 1948 1949
f 1951 1784 2003
f 1952 2078 1949
f 1682 2006 1727
f 2079 1820 1906
f 2079 1952 1820
f 1822 1907 1751
f 1786 2004 1726
f 1785 1907 2007
f 1825 2080 1787
f 2012 1953 1789
f 2011 2081 1955
f 2011 2082 2081
f 2082 2011 2013
f 2083 1913 2013
f 1913 2083 1911
f 1958 2084 2012
f 2085 1955 2081
f 2086 2082 2014
f 2014 2082 2013
f 1911 2083 1956
f 1959 1956 2083
f 1957 2086 2014
f 1959 1683 1956
f 1912 2087 1868
f 2085 1864 1955
f 1959 2084 1958
f 2016 1864 2085
f 1868 2087 2018
f 2016 1960 1866
f 1918 2019 2088
f 1916 2089 2019
f 2017 2089 1916
f 1963 2088 2090
f 2088 1963 1918
f 1963 2090 2020
f 2091 1833 1927
f 1873 1833 2091
f 1966 2020 2022
f 2018 2021 1928
f 2091 1927 2021
f 1964 1915 2092
f 2023 2092 1915
f 2022 2028 2024
f 2093 2026 2028
f 2094 2029 1925
f 2095 1970 2025
f 1970 2095 1971
f 2095 2096 1971
f 1971 2096 1973
f 1973 2096 1925
f 1925 2096 2094
f 2097 2024 2027
f 2024 2097 2025
f 2025 2097 2095
f 2026 2098 2099
f 2026 2099 2027
f 2097 2027 2099
f 2031 1877 1875
f 1798 1877 2100
f 2100 1929 1798
f 1878 2101 1836
f 2101 1878 2033
f 1836 2101 1839
f 1838 1929 2102
f 1930 2037 2039
f 1837 1841 2038
f 1842 2039 1976
f 2040 1761 1976
f 1841 1802 2040
f 1978 2103 1977
f 2041 1882 1977
f 1931 2041 2104
f 1931 2104 1980
f 2105 1933 1982
f 1983 2042 2106
f 1982 1885 1886
f 1886 2107 2108
f 2107 1886 1985
f 2109 2046 2043
f 2043 2046 2044
f 2110 2046 2109
f 2110 2050 2046
f 2111 2050 2110
f 1986 2048 2112
f 1986 2112 2049
f 2111 2051 2050
f 2048 2045 2051
f 2111 2052 2051
f 2111 2053 2052
f 2056 2055 2113
f 2113 2055 2054
f 2113 2054 2053
f 2052 2114 2051
f 2115 2051 2114
f 2052 2054 2116
f 2052 2116 2114
f 2117 2057 2056
f 2054 2060 2116
f 2057 2118 2061
f 2061 2118 2119
f 2059 2120 2060
f 2119 2121 2061
f 2122 2059 2058
f 2059 2122 2120
f 2061 2122 2058
f 2061 2121 2122
f 2123 1989 1988
f 1991 2124 1988
f 2121 2125 2122
f 1850 1889 1989
f 2066 1992 1941
f 2126 1942 2064
f 2066 2063 1990
f 1896 2127 1990
f 1990 2067 2066
f 1990 2127 2067
f 2128 1895 2065
f 2128 2069 1895
f 1855 2129 1993
f 2070 2127 1896
f 1855 1814 2130
f 2069 2131 1899
f 2131 2070 1899
f 1898 2130 1814
f 2072 2071 1900
f 1994 1996 2074
f 2073 1902 1817
f 2132 2001 1902
f 2133 1998 2000
f 2134 2077 1949
f 1949 2078 2135
f 2135 2134 1949
f 2136 2078 1952
f 1787 2137 1905
f 2138 1907 1822
f 2004 2079 1906
f 2136 1952 2079
f 2139 2007 1907
f 2005 1703 1632
f 2140 1954 2008
f 2009 1953 2012
f 2140 2011 1954
f 2140 2141 2011
f 2013 2011 2141
f 2013 2141 2083
f 2082 2086 2081
f 1959 2083 2084
f 1831 2015 1754
f 2081 2142 2085
f 2142 2081 2086
f 2143 2085 2142
f 1957 2142 2086
f 2016 2144 1960
f 1962 2142 1957
f 2144 1961 1960
f 2142 1962 2145
f 2089 2088 2019
f 1962 1964 2145
f 2090 2146 2020
f 2020 2147 2022
f 2145 1964 2092
f 2028 2022 2148
f 2028 2148 2093
f 2023 2149 2092
f 2150 1969 1972
f 1969 2150 2023
f 2150 2149 2023
f 2098 2026 2093
f 2093 2151 2098
f 2152 2151 2153
f 2151 2152 2098
f 2031 2030 2154
f 2155 2099 2098
f 2099 2156 2097
f 2152 2157 2158
f 2152 2158 2098
f 2098 2158 2155
f 2157 2159 2158
f 1876 2154 2030
f 2032 2154 1876
f 2160 1879 2034
f 2100 2102 1929
f 2101 2161 1839
f 2035 2036 2162
f 2037 1839 2161
f 2039 2037 2161
f 2163 2036 2038
f 1841 2164 2038
f 1976 2165 2040
f 2166 1883 1932
f 1932 1979 2166
f 1934 1980 2167
f 2167 2168 1934
f 1933 2169 1979
f 2170 1979 2169
f 2168 1981 1934
f 2168 2171 1981
f 2171 2042 1981
f 2169 1933 2105
f 2106 2042 2171
f 2108 1982 1886
f 2172 2043 1983
f 2043 2172 2109
f 2173 1937 1888
f 1937 2173 2174
f 2173 1888 2175
f 2176 2111 2110
f 1888 1987 2175
f 2176 2053 2111
f 2113 2053 2176
f 2048 2177 2112
f 2178 2056 2113
f 2179 2048 2051
f 2048 2179 2180
f 2051 2115 2179
f 2178 2117 2056
f 2117 2181 2057
f 2118 2057 2181
f 2182 2119 2118
f 2060 2120 2183
f 1991 2184 2124
f 1942 2185 1940
f 2123 1988 2124
f 2063 2184 1991
f 1940 2186 1941
f 2186 1940 2185
f 2126 2185 1942
f 2120 2122 2187
f 1894 2188 2062
f 1850 1989 2065
f 2065 1989 2123
f 2063 2066 2184
f 2184 2066 1941
f 2119 2125 2121
f 2122 2125 2187
f 1894 1945 2189
f 2190 1852 1893
f 1852 2191 1813
f 2127 2068 2067
f 2129 2064 1993
f 1946 1945 1854
f 2127 2070 2068
f 2068 2192 1944
f 2193 2131 2069
f 2128 2193 2069
f 2192 1897 1944
f 1898 1897 2194
f 2130 2129 1855
f 2194 2130 1898
f 2195 1994 2074
f 2075 1998 2196
f 1950 1821 2197
f 2134 2198 2077
f 2198 2000 2077
f 2137 2003 1905
f 1822 1904 2138
f 2135 2199 2134
f 2135 2078 2200
f 2004 1786 2201
f 2079 2202 2136
f 2010 1703 2005
f 2008 2203 2140
f 2203 2008 2009
f 2012 2203 2009
f 2141 2140 2203
f 2084 2203 2012
f 2141 2203 2083
f 2083 2203 2084
f 2085 2143 2016
f 2144 2204 1961
f 2205 2144 2016
f 2205 2016 2143
f 2145 2143 2142
f 2204 2017 1961
f 2021 2018 2206
f 2207 2090 2088
f 2207 2088 2089
f 2145 2205 2143
f 2208 2205 2145
f 2091 2021 2206
f 2020 2146 2147
f 2092 2209 2208
f 2092 2208 2145
f 2092 2149 2209
f 2029 2150 1972
f 2210 2031 2154
f 2210 2154 2211
f 2029 2094 2212
f 2213 2094 2096
f 2095 2213 2096
f 2097 2214 2095
f 2214 2097 2156
f 2031 2215 1877
f 2216 2152 2153
f 2156 2099 2155
f 2216 2217 2152
f 2217 2157 2152
f 2157 2217 2218
f 2157 2218 2159
f 1974 1880 2032
f 2160 2033 1879
f 1975 2035 2219
f 2035 2162 2219
f 2220 1838 2102
f 1880 1838 2220
f 2221 2162 2036
f 2222 2039 2161
f 2222 1976 2039
f 2222 2165 1976
f 1977 2223 2041
f 2166 1979 2224
f 1979 2170 2224
f 2225 1983 2106
f 2225 2172 1983
f 2226 2109 2172
f 2227 2110 2226
f 2110 2109 2226
f 2176 2110 2227
f 1937 2174 1985
f 2049 2228 1987
f 1987 2228 2175
f 2228 2049 2112
f 2180 2177 2048
f 2229 2117 2178
f 2115 2114 2230
f 2229 2181 2117
f 2116 2183 2114
f 2230 2114 2183
f 2060 2183 2116
f 2182 2231 2119
f 2232 2183 2120
f 2233 2124 2184
f 1943 2062 2234
f 2186 2184 1941
f 2234 2190 1943
f 1893 1943 2190
f 2064 2235 2126
f 2236 2125 2119
f 2064 2129 2235
f 2237 1945 1946
f 2237 1946 2071
f 2070 2238 2068
f 2192 2194 1897
f 2239 1857 1813
f 2195 2072 1994
f 1995 2240 2073
f 2073 2132 1902
f 1998 2241 2196
f 2241 1998 2133
f 1951 2197 1821
f 1629 1950 2002
f 2198 2134 2199
f 2136 2242 2078
f 2242 2200 2078
f 2201 2202 2004
f 2202 2079 2004
f 2200 2243 2135
f 2080 2244 1787
f 1825 1914 2080
f 2245 1912 2010
f 2087 2245 2246
f 2087 1912 2245
f 2015 1831 2247
f 2206 2018 2087
f 2144 2205 2204
f 2248 2210 2249
f 2249 2210 2250
f 2251 2090 2207
f 2252 2207 2089
f 2204 2252 2089
f 2204 2089 2017
f 2205 2208 2253
f 2146 2090 2251
f 2254 2148 2022
f 2255 2254 2022
f 2022 2147 2255
f 2210 2211 2250
f 2254 2093 2148
f 2209 2149 2150
f 2215 2210 2248
f 2211 2256 2250
f 2029 2212 2150
f 2031 2210 2215
f 2257 2151 2093
f 2151 2257 2258
f 2153 2258 2259
f 2258 2153 2151
f 2095 2260 2213
f 2154 2256 2211
f 2214 2260 2095
f 2256 2154 2261
f 2262 1877 2215
f 2153 2259 2216
f 2032 2261 2154
f 2155 2263 2156
f 2155 2158 2159
f 2155 2159 2263
f 2262 2100 1877
f 2264 2261 2032
f 2265 2266 2216
f 2216 2266 2217
f 2265 2267 2266
f 2268 2159 2218
f 2269 2264 2032
f 2269 2032 1880
f 1880 2220 2269
f 2033 2160 2270
f 2162 2271 2219
f 2101 2033 2270
f 2221 2271 2162
f 2221 2036 2163
f 2038 2164 2163
f 2272 2164 1841
f 2040 2272 1841
f 2273 2272 2040
f 2103 2274 1977
f 2166 2275 1883
f 2275 1978 1883
f 1980 2104 2276
f 2276 2167 1980
f 2277 1982 2108
f 2225 2278 2172
f 2278 2226 2172
f 2279 2176 2227
f 2280 1985 2174
f 2281 2176 2279
f 2281 2113 2176
f 2178 2113 2281
f 2179 2282 2180
f 2115 2283 2179
f 2179 2283 2282
f 2283 2115 2230
f 2284 2123 2124
f 2284 2124 2233
f 2186 2233 2184
f 2185 2285 2186
f 2286 2185 2126
f 2120 2187 2232
f 2065 2123 2287
f 2236 2119 2231
f 2287 2128 2065
f 2128 2287 2288
f 2289 2125 2236
f 2290 2187 2125
f 2291 2235 2129
f 2128 2288 2193
f 2292 2237 2071
f 2129 2130 2291
f 1813 2191 2239
f 2293 2131 2193
f 2293 2070 2131
f 2293 2238 2070
f 2294 1857 2239
f 2072 2292 2071
f 2292 2072 2295
f 2072 2195 2295
f 1947 1857 2294
f 2296 2074 2075
f 2296 2075 2196
f 2001 2297 1904
f 2297 2138 1904
f 2298 2005 2006
f 1787 2244 2137
f 2136 2299 2242
f 2007 2201 1786
f 2299 2200 2242
f 2247 1831 1873
f 2249 2250 2300
f 2300 2250 2301
f 2205 2253 2204
f 2146 2302 2147
f 2303 2252 2204
f 2303 2204 2253
f 2302 2255 2147
f 2209 2253 2208
f 2256 2301 2250
f 2303 2253 2209
f 2304 2303 2150
f 2150 2303 2209
f 2248 2305 2215
f 2093 2254 2257
f 2304 2212 2306
f 2212 2304 2150
f 2306 2212 2307
f 2307 2094 2308
f 2094 2307 2212
f 2308 2213 2309
f 2213 2308 2094
f 2260 2309 2213
f 2310 2260 2214
f 2262 2215 2305
f 2156 2310 2214
f 2216 2259 2311
f 2311 2265 2216
f 2263 2159 2268
f 2312 2100 2262
f 2313 2261 2264
f 2314 2267 2265
f 2218 2217 2266
f 2218 2315 2268
f 2100 2312 2102
f 2034 2316 2160
f 2267 2317 2266
f 2220 2102 2312
f 2220 2312 2269
f 2316 2034 1975
f 2219 2316 1975
f 2318 2319 2320
f 2321 2219 2271
f 2271 2320 2321
f 2319 2322 2323
f 2319 2318 2322
f 2320 2271 2324
f 2320 2324 2318
f 2271 2221 2324
f 2318 2324 2325
f 2318 2325 2322
f 2324 2221 2326
f 2327 2221 2163
f 2328 2165 2222
f 2273 2040 2165
f 1977 2274 2223
f 2103 1978 2329
f 2329 1978 2275
f 2330 2329 2275
f 2170 2169 2331
f 2332 2106 2171
f 1982 2277 2105
f 2225 2106 2332
f 2333 2226 2278
f 2227 2226 2333
f 2227 2333 2334
f 2108 2107 2335
f 2227 2334 2279
f 1985 2280 2107
f 2178 2281 2336
f 2228 2337 2175
f 2336 2229 2178
f 2112 2338 2228
f 2339 2112 2177
f 2112 2339 2338
f 2180 2282 2177
f 2177 2282 2339
f 2229 2340 2181
f 2340 2341 2181
f 2341 2118 2181
f 2182 2341 2342
f 2182 2118 2341
f 2183 2343 2230
f 2183 2344 2343
f 2232 2344 2183
f 2062 2345 2234
f 2285 2233 2186
f 2062 2188 2345
f 1894 2189 2188
f 2234 2346 2190
f 2286 2126 2235
f 1945 2237 2189
f 2235 2291 2286
f 2290 2125 2289
f 2347 2237 2292
f 2194 2348 2130
f 2292 2295 2349
f 2074 2350 2195
f 1947 2294 2351
f 2351 1995 1947
f 2296 2352 2074
f 2133 2000 2198
f 2002 2006 1682
f 2353 2297 2001
f 2354 2005 2298
f 2354 2010 2005
f 2138 2139 1907
f 2243 2199 2135
f 2007 2355 2356
f 2007 2356 2201
f 2201 2356 2357
f 2357 2202 2201
f 2202 2358 2359
f 2202 2359 2136
f 2200 2299 2243
f 2202 2357 2360
f 2202 2360 2358
f 2361 2362 2363
f 2361 2300 2362
f 2361 2249 2300
f 2364 2362 2300
f 2365 2087 2246
f 2365 2206 2087
f 2361 2248 2249
f 2365 2366 2206
f 2361 2367 2248
f 2091 2206 2366
f 2301 2368 2300
f 2251 2302 2146
f 2207 2369 2251
f 2207 2252 2369
f 2252 2370 2369
f 2252 2303 2370
f 2255 2371 2254
f 2248 2367 2305
f 2306 2370 2304
f 2304 2370 2303
f 2372 2301 2256
f 2261 2372 2256
f 2261 2313 2372
f 2263 2310 2156
f 2265 2373 2314
f 2373 2265 2311
f 2374 2263 2268
f 2269 2312 2375
f 2264 2269 2375
f 2314 2376 2267
f 2377 2319 2323
f 2323 2378 2376
f 2323 2322 2378
f 2376 2378 2379
f 2376 2379 2267
f 2267 2379 2317
f 2380 2266 2317
f 2380 2218 2266
f 2315 2218 2380
f 2320 2381 2321
f 2382 2101 2270
f 2382 2161 2101
f 2383 2322 2325
f 2322 2383 2384
f 2383 2325 2324
f 2383 2324 2326
f 2161 2382 2328
f 2222 2161 2328
f 2221 2327 2326
f 2328 2273 2165
f 2385 2163 2164
f 2163 2385 2327
f 2103 2329 2274
f 2386 2041 2223
f 2104 2041 2386
f 2387 2171 2168
f 2171 2387 2332
f 2331 2169 2105
f 2388 2277 2108
f 2108 2335 2388
f 2107 2389 2335
f 2173 2390 2174
f 2175 2391 2173
f 2228 2338 2337
f 2231 2182 2342
f 2345 2392 2234
f 2284 2233 2393
f 2231 2342 2394
f 2123 2284 2395
f 2286 2396 2285
f 2286 2285 2185
f 2287 2123 2395
f 2394 2236 2231
f 2189 2237 2397
f 2187 2398 2232
f 2190 2399 1852
f 2236 2394 2400
f 2193 2288 2293
f 2289 2236 2400
f 2238 2401 2068
f 2130 2402 2291
f 2068 2403 2192
f 2194 2192 2403
f 2350 2295 2195
f 2352 2350 2074
f 2404 2197 1951
f 2353 2001 2132
f 2405 2003 2137
f 2406 2355 2007
f 2359 2299 2136
f 2359 2407 2299
f 1914 2408 2080
f 2015 2408 1914
f 2363 2362 2409
f 2409 2410 2411
f 2409 2362 2410
f 2362 2364 2410
f 2364 2300 2368
f 2412 2255 2302
f 2413 2412 2302
f 2302 2251 2414
f 2251 2369 2414
f 2415 2368 2301
f 2412 2371 2255
f 2416 2369 2370
f 2367 2417 2305
f 2370 2306 2416
f 2307 2416 2306
f 2415 2301 2372
f 2371 2257 2254
f 2307 2418 2416
f 2417 2262 2305
f 2309 2418 2308
f 2309 2419 2418
f 2308 2418 2307
f 2420 2309 2260
f 2260 2310 2420
f 2311 2421 2373
f 2421 2311 2259
f 2312 2262 2375
f 2313 2264 2422
f 2376 2373 2423
f 2373 2376 2314
f 2264 2375 2422
f 2377 2323 2423
f 2423 2323 2376
f 2319 2424 2320
f 2424 2319 2377
f 2268 2315 2425
f 2425 2374 2268
f 2424 2381 2320
f 2316 2270 2160
f 2316 2219 2321
f 2384 2378 2322
f 2317 2379 2426
f 2317 2426 2427
f 2317 2427 2380
f 2428 2326 2327
f 2385 2429 2327
f 2164 2272 2385
f 2430 2276 2104
f 2224 2431 2166
f 2224 2170 2432
f 2432 2170 2433
f 2168 2167 2387
f 2170 2331 2434
f 2279 2334 2435
f 2280 2389 2107
f 2174 2390 2280
f 2436 2281 2279
f 2173 2391 2390
f 2436 2336 2281
f 2337 2391 2175
f 2437 2229 2336
f 2283 2438 2282
f 2283 2230 2439
f 2230 2343 2439
f 2396 2233 2285
f 2440 2396 2286
f 2232 2398 2344
f 2190 2346 2399
f 2395 2288 2287
f 2291 2402 2286
f 2399 2191 1852
f 2288 2441 2293
f 2290 2442 2187
f 2187 2442 2398
f 2347 2292 2443
f 2443 2292 2349
f 2348 2444 2402
f 2293 2441 2238
f 2441 2401 2238
f 2130 2348 2402
f 2400 2445 2289
f 2445 2446 2289
f 2289 2446 2290
f 2290 2446 2442
f 2401 2403 2068
f 2240 1995 2351
f 2447 2073 2240
f 2447 2132 2073
f 2448 2353 2132
f 2241 2133 2449
f 2450 2404 1951
f 2003 2450 1951
f 2006 2002 2451
f 2449 2133 2452
f 2198 2452 2133
f 2453 2452 2198
f 2138 2454 2139
f 2139 2406 2007
f 2356 2355 2357
f 2455 2360 2357
f 2358 2456 2359
f 2359 2456 2407
f 2457 2363 2409
f 2363 2457 2361
f 2364 2458 2410
f 2457 2459 2361
f 2459 2367 2361
f 2460 1873 2091
f 1873 2460 2247
f 2415 2364 2368
f 2458 2364 2415
f 2414 2413 2302
f 2416 2414 2369
f 2461 2414 2416
f 2372 2462 2415
f 2463 2257 2371
f 2419 2461 2416
f 2419 2416 2418
f 2464 2262 2417
f 2463 2258 2257
f 2463 2465 2258
f 2420 2419 2309
f 2465 2466 2258
f 2313 2422 2462
f 2313 2462 2372
f 2466 2259 2258
f 2466 2421 2259
f 2420 2310 2467
f 2375 2262 2464
f 2375 2464 2422
f 2263 2468 2467
f 2263 2467 2310
f 2423 2469 2470
f 2469 2423 2373
f 2377 2470 2424
f 2470 2377 2423
f 2263 2374 2468
f 2471 2315 2380
f 2472 2379 2378
f 2426 2379 2472
f 2380 2427 2471
f 2473 2382 2270
f 2378 2384 2472
f 2384 2474 2472
f 2474 2384 2383
f 2326 2428 2383
f 2429 2428 2327
f 2475 2272 2273
f 2476 2274 2329
f 2430 2104 2386
f 2477 2275 2166
f 2477 2166 2431
f 2276 2430 2478
f 2432 2431 2224
f 2167 2276 2478
f 2387 2167 2478
f 2433 2170 2434
f 2332 2387 2479
f 2479 2225 2332
f 2105 2480 2331
f 2480 2105 2277
f 2278 2481 2333
f 2277 2482 2480
f 2277 2388 2482
f 2280 2483 2389
f 2435 2436 2279
f 2390 2483 2280
f 2437 2336 2436
f 2437 2484 2229
f 2339 2282 2438
f 2484 2340 2229
f 2485 2438 2283
f 2283 2439 2485
f 2189 2486 2188
f 2397 2486 2189
f 2393 2487 2284
f 2396 2393 2233
f 2487 2395 2284
f 2397 2237 2347
f 2288 2395 2488
f 2402 2444 2286
f 2400 2394 2489
f 2441 2288 2488
f 2489 2445 2400
f 2194 2403 2348
f 2295 2490 2349
f 2296 2196 2241
f 2491 2448 2132
f 2197 2492 1950
f 2451 1950 2492
f 2002 1950 2451
f 2244 2405 2137
f 2355 2406 2493
f 2493 2357 2355
f 2010 2354 2494
f 2357 2493 2455
f 2494 2245 2010
f 2456 2360 2455
f 2360 2456 2358
f 2299 2407 2495
f 2299 2495 2243
f 2457 2409 2496
f 2497 2245 2494
f 2459 2498 2367
f 2366 2499 2091
f 2367 2498 2417
f 2371 2500 2501
f 2500 2371 2412
f 2500 2412 2413
f 2500 2413 2502
f 2502 2413 2414
f 2461 2502 2414
f 2415 2462 2503
f 2504 2371 2501
f 2463 2371 2504
f 2419 2502 2461
f 2502 2419 2505
f 2420 2467 2505
f 2420 2505 2419
f 2422 2464 2506
f 2422 2506 2462
f 2421 2507 2373
f 2373 2507 2469
f 2470 2508 2424
f 2424 2509 2381
f 2374 2425 2510
f 2381 2509 2321
f 2511 2316 2321
f 2509 2511 2321
f 2471 2425 2315
f 2427 2512 2471
f 2426 2513 2427
f 2513 2512 2427
f 2514 2474 2383
f 2428 2514 2383
f 2429 2515 2428
f 2272 2475 2385
f 2475 2429 2385
f 2274 2516 2223
f 2517 2329 2330
f 2386 2223 2518
f 2275 2477 2330
f 2481 2278 2519
f 2481 2520 2333
f 2334 2333 2520
f 2521 2435 2334
f 2341 2340 2522
f 2485 2523 2438
f 2524 2439 2343
f 2522 2342 2341
f 2524 2343 2344
f 2525 2524 2344
f 2188 2486 2345
f 2487 2393 2396
f 2487 2488 2395
f 2526 2396 2440
f 2526 2440 2444
f 2444 2440 2286
f 2527 2528 2399
f 2399 2528 2191
f 2401 2441 2488
f 2529 2530 2348
f 2348 2530 2444
f 2401 2529 2403
f 2403 2529 2348
f 2446 2531 2442
f 2350 2532 2295
f 2533 2352 2296
f 2296 2241 2534
f 2491 2132 2447
f 2138 2297 2535
f 2535 2454 2138
f 2198 2199 2453
f 2536 2139 2454
f 2536 2406 2139
f 2243 2495 2199
f 2537 2410 2538
f 2537 2411 2410
f 2539 2540 2455
f 2455 2540 2456
f 2540 2407 2456
f 2457 2541 2459
f 2538 2410 2458
f 2245 2497 2246
f 2458 2415 2542
f 2460 2091 2499
f 2503 2542 2415
f 2498 2543 2417
f 2543 2464 2417
f 2543 2506 2464
f 2505 2500 2502
f 2500 2505 2544
f 2545 2465 2463
f 2545 2463 2504
f 2467 2544 2505
f 2544 2467 2546
f 2547 2466 2465
f 2547 2421 2466
f 2548 2546 2468
f 2468 2546 2467
f 2548 2468 2549
f 2469 2550 2470
f 2550 2508 2470
f 2549 2374 2510
f 2468 2374 2549
f 2508 2509 2424
f 2471 2510 2425
f 2316 2551 2270
f 2551 2316 2511
f 2270 2551 2473
f 2472 2513 2426
f 2472 2474 2552
f 2472 2552 2513
f 2382 2473 2328
f 2514 2553 2474
f 2515 2514 2428
f 2274 2476 2516
f 2554 2476 2329
f 2329 2517 2554
f 2516 2518 2223
f 2555 2430 2556
f 2478 2430 2555
f 2387 2478 2557
f 2479 2387 2557
f 2519 2278 2225
f 2480 2558 2331
f 2335 2559 2388
f 2388 2559 2482
f 2559 2335 2560
f 2335 2389 2560
f 2436 2435 2521
f 2437 2436 2561
f 2391 2337 2562
f 2338 2562 2337
f 2338 2563 2562
f 2338 2564 2563
f 2339 2564 2338
f 2340 2484 2565
f 2522 2566 2342
f 2392 2567 2234
f 2567 2346 2234
f 2526 2487 2396
f 2342 2568 2394
f 2398 2525 2344
f 2527 2399 2346
f 2347 2569 2397
f 2488 2487 2526
f 2489 2394 2570
f 2529 2488 2526
f 2401 2488 2529
f 2490 2443 2349
f 2191 2528 2239
f 2571 2294 2239
f 2352 2572 2350
f 2534 2533 2296
f 2241 2573 2534
f 2241 2449 2573
f 2404 2574 2197
f 2003 2405 2450
f 2536 2575 2406
f 2576 2411 2537
f 2406 2575 2577
f 2577 2493 2406
f 2496 2541 2457
f 2578 2455 2493
f 2495 2407 2579
f 2541 2580 2459
f 2458 2542 2538
f 2246 2497 2581
f 2365 2246 2581
f 2459 2580 2582
f 2582 2498 2459
f 2543 2498 2582
f 2543 2582 2583
f 2462 2583 2503
f 2462 2543 2583
f 2506 2543 2462
f 2504 2584 2585
f 2584 2504 2501
f 2584 2501 2546
f 2544 2501 2500
f 2546 2501 2544
f 2504 2585 2545
f 2546 2586 2584
f 2547 2587 2421
f 2548 2586 2546
f 2587 2507 2421
f 2588 2550 2469
f 2550 2589 2508
f 2510 2590 2549
f 2591 2509 2508
f 2509 2591 2511
f 2592 2471 2512
f 2511 2593 2551
f 2593 2511 2591
f 2553 2552 2474
f 2328 2473 2551
f 2273 2328 2475
f 2594 2429 2475
f 2594 2515 2429
f 2518 2595 2386
f 2386 2595 2430
f 2596 2431 2432
f 2557 2478 2555
f 2597 2434 2331
f 2519 2225 2479
f 2331 2558 2597
f 2558 2480 2598
f 2520 2599 2334
f 2521 2334 2599
f 2436 2521 2561
f 2390 2391 2600
f 2564 2339 2601
f 2438 2601 2339
f 2566 2522 2602
f 2568 2342 2566
f 2603 2486 2397
f 2397 2569 2603
f 2569 2347 2443
f 2398 2604 2525
f 2529 2526 2530
f 2444 2530 2526
f 2398 2442 2604
f 2445 2605 2446
f 2605 2531 2446
f 2295 2532 2490
f 2571 2239 2528
f 2572 2532 2350
f 2351 2606 2240
f 2353 2448 2607
f 2608 2609 2006
f 2006 2451 2608
f 2297 2353 2607
f 2607 2535 2297
f 2496 2409 2610
f 2610 2409 2411
f 2080 2408 2244
f 2610 2611 2496
f 2612 2453 2199
f 2537 2613 2576
f 2199 2614 2612
f 2611 2541 2496
f 2537 2538 2613
f 2577 2578 2493
f 2578 2539 2455
f 2540 2579 2407
f 2615 2538 2542
f 2015 2247 2616
f 2503 2583 2617
f 2503 2617 2542
f 2585 2584 2586
f 2465 2618 2547
f 2618 2465 2545
f 2619 2545 2585
f 2619 2585 2586
f 2549 2586 2548
f 2588 2469 2507
f 2549 2619 2586
f 2620 2619 2549
f 2550 2588 2621
f 2590 2620 2549
f 2589 2550 2621
f 2622 2508 2589
f 2590 2510 2623
f 2591 2508 2622
f 2623 2471 2592
f 2471 2623 2510
f 2593 2591 2624
f 2625 2626 2513
f 2626 2512 2513
f 2553 2627 2552
f 2627 2625 2552
f 2513 2552 2625
f 2328 2551 2628
f 2628 2551 2593
f 2628 2593 2594
f 2514 2629 2553
f 2475 2328 2628
f 2475 2628 2594
f 2476 2554 2630
f 2517 2330 2631
f 2477 2631 2330
f 2595 2556 2430
f 2432 2433 2632
f 2632 2433 2434
f 2481 2519 2633
f 2481 2633 2520
f 2480 2482 2598
f 2634 2599 2520
f 2483 2635 2389
f 2636 2483 2390
f 2561 2637 2437
f 2638 2600 2391
f 2637 2639 2437
f 2437 2639 2484
f 2565 2484 2639
f 2565 2522 2340
f 2640 2522 2565
f 2640 2602 2522
f 2485 2641 2523
f 2485 2439 2641
f 2439 2524 2642
f 2603 2643 2486
f 2443 2644 2569
f 2394 2568 2570
f 2490 2645 2443
f 2604 2442 2531
f 2489 2646 2445
f 2571 2351 2294
f 2647 2240 2606
f 2647 2447 2240
f 2609 2298 2006
f 2648 2450 2405
f 2649 2354 2298
f 2648 2405 2244
f 2535 2650 2454
f 2610 2411 2576
f 2650 2536 2454
f 2575 2536 2577
f 2651 2541 2611
f 2199 2495 2614
f 2541 2652 2580
f 2651 2652 2541
f 2578 2653 2539
f 2653 2654 2539
f 2654 2540 2539
f 2580 2652 2655
f 2656 2657 2542
f 2615 2542 2657
f 2542 2617 2656
f 2581 2366 2365
f 2582 2580 2655
f 2617 2655 2656
f 2366 2658 2499
f 2583 2582 2655
f 2583 2655 2617
f 2659 2587 2547
f 2545 2620 2618
f 2620 2545 2619
f 2660 2588 2507
f 2660 2507 2587
f 2659 2547 2661
f 2661 2547 2618
f 2623 2620 2590
f 2624 2591 2622
f 2592 2512 2662
f 2662 2512 2626
f 2553 2629 2627
f 2624 2594 2593
f 2594 2624 2663
f 2629 2514 2663
f 2515 2594 2663
f 2515 2663 2514
f 2664 2630 2554
f 2665 2554 2517
f 2630 2516 2476
f 2431 2666 2477
f 2667 2596 2432
f 2667 2432 2632
f 2668 2632 2434
f 2669 2519 2479
f 2598 2670 2558
f 2633 2634 2520
f 2482 2559 2671
f 2672 2521 2599
f 2672 2673 2521
f 2635 2674 2389
f 2673 2561 2521
f 2483 2636 2635
f 2636 2390 2600
f 2391 2562 2638
f 2523 2675 2676
f 2523 2676 2438
f 2523 2641 2675
f 2439 2642 2641
f 2677 2392 2345
f 2677 2345 2486
f 2567 2678 2346
f 2646 2489 2570
f 2646 2605 2445
f 2608 2451 2492
f 2354 2649 2679
f 2244 2680 2648
f 2610 2576 2681
f 2682 2681 2576
f 2682 2576 2613
f 2683 2494 2354
f 2538 2615 2613
f 2684 2685 2577
f 2577 2685 2578
f 2578 2685 2653
f 2616 2408 2015
f 2656 2655 2686
f 2654 2687 2540
f 2540 2687 2579
f 2587 2659 2660
f 2659 2661 2688
f 2660 2689 2588
f 2661 2618 2623
f 2623 2618 2620
f 2588 2689 2621
f 2621 2690 2589
f 2621 2689 2690
f 2661 2592 2688
f 2592 2661 2623
f 2691 2589 2690
f 2589 2691 2622
f 2662 2626 2692
f 2693 2624 2622
f 2693 2622 2691
f 2627 2694 2695
f 2692 2625 2695
f 2626 2625 2692
f 2627 2629 2694
f 2627 2695 2625
f 2693 2663 2624
f 2663 2693 2696
f 2663 2696 2629
f 2697 2698 2556
f 2666 2431 2596
f 2698 2555 2556
f 2555 2699 2557
f 2700 2632 2668
f 2557 2669 2479
f 2597 2668 2434
f 2558 2670 2701
f 2558 2701 2597
f 2671 2598 2482
f 2674 2560 2389
f 2639 2702 2565
f 2565 2702 2640
f 2676 2601 2438
f 2703 2642 2524
f 2677 2704 2392
f 2643 2677 2486
f 2392 2678 2567
f 2524 2525 2705
f 2603 2569 2706
f 2706 2569 2644
f 2443 2645 2644
f 2707 2570 2568
f 2705 2525 2604
f 2346 2708 2527
f 2708 2346 2678
f 2709 2710 2604
f 2527 2711 2528
f 2646 2570 2707
f 2604 2531 2709
f 2709 2531 2712
f 2605 2712 2531
f 2711 2571 2528
f 2533 2572 2352
f 2574 2404 2450
f 2648 2713 2450
f 2649 2298 2609
f 2452 2714 2449
f 2715 2610 2681
f 2650 2716 2536
f 2680 2244 2408
f 2612 2717 2453
f 2577 2536 2684
f 2718 2652 2651
f 2719 2653 2685
f 2655 2652 2686
f 2497 2720 2581
f 2688 2660 2659
f 2689 2660 2688
f 2662 2688 2592
f 2690 2689 2695
f 2695 2689 2692
f 2692 2689 2688
f 2692 2688 2662
f 2690 2694 2691
f 2694 2690 2695
f 2691 2696 2693
f 2696 2691 2694
f 2629 2696 2694
f 2516 2721 2518
f 2722 2631 2477
f 2518 2723 2595
f 2595 2697 2556
f 2596 2667 2724
f 2632 2700 2667
f 2725 2519 2669
f 2597 2726 2668
f 2634 2672 2599
f 2727 2671 2559
f 2559 2560 2727
f 2728 2636 2600
f 2564 2729 2563
f 2601 2729 2564
f 2676 2729 2601
f 2730 2677 2643
f 2524 2705 2703
f 2603 2706 2643
f 2707 2568 2566
f 2710 2705 2604
f 2527 2708 2711
f 2712 2605 2731
f 2732 2606 2351
f 2647 2491 2447
f 2491 2647 2733
f 2534 2573 2734
f 2733 2448 2491
f 2574 2492 2197
f 2449 2735 2573
f 2715 2681 2736
f 2736 2681 2737
f 2682 2738 2681
f 2739 2535 2607
f 2739 2650 2535
f 2740 2611 2610
f 2741 2452 2453
f 2683 2354 2679
f 2611 2740 2651
f 2741 2453 2717
f 2742 2684 2716
f 2684 2536 2716
f 2408 2743 2680
f 2683 2497 2494
f 2718 2686 2652
f 2743 2408 2616
f 2656 2686 2657
f 2247 2744 2616
f 2581 2745 2366
f 2247 2460 2744
f 2746 2460 2499
f 2631 2665 2517
f 2630 2747 2516
f 2664 2554 2665
f 2516 2747 2721
f 2723 2697 2595
f 2698 2699 2555
f 2667 2700 2748
f 2557 2699 2669
f 2700 2668 2749
f 2725 2633 2519
f 2597 2701 2726
f 2750 2598 2671
f 2751 2672 2634
f 2671 2752 2750
f 2674 2727 2560
f 2561 2673 2753
f 2754 2635 2636
f 2561 2753 2637
f 2637 2753 2755
f 2756 2562 2563
f 2729 2756 2563
f 2675 2757 2676
f 2758 2759 2641
f 2675 2641 2759
f 2640 2760 2602
f 2758 2641 2642
f 2760 2566 2602
f 2760 2761 2566
f 2730 2704 2677
f 2392 2762 2678
f 2566 2761 2707
f 2645 2763 2644
f 2764 2646 2707
f 2605 2646 2731
f 2532 2765 2490
f 2711 2766 2571
f 2732 2351 2571
f 2572 2767 2532
f 2768 2572 2533
f 2534 2768 2533
f 2734 2768 2534
f 2769 2608 2492
f 2574 2450 2713
f 2738 2737 2681
f 2770 2738 2682
f 2680 2771 2648
f 2772 2650 2739
f 2613 2770 2682
f 2740 2718 2651
f 2742 2716 2650
f 2742 2773 2684
f 2497 2683 2774
f 2718 2775 2686
f 2657 2776 2615
f 2776 2613 2615
f 2684 2777 2685
f 2497 2774 2720
f 2685 2777 2719
f 2579 2778 2495
f 2581 2720 2745
f 2460 2746 2744
f 2745 2658 2366
f 2779 2664 2665
f 2780 2630 2664
f 2781 2631 2722
f 2723 2518 2721
f 2666 2722 2477
f 2596 2782 2666
f 2724 2667 2783
f 2667 2748 2783
f 2784 2749 2668
f 2784 2668 2726
f 2634 2633 2785
f 2670 2598 2750
f 2634 2786 2751
f 2787 2752 2671
f 2727 2787 2671
f 2672 2788 2673
f 2788 2753 2673
f 2754 2636 2728
f 2728 2600 2789
f 2637 2755 2639
f 2639 2755 2702
f 2756 2638 2562
f 2790 2640 2702
f 2759 2757 2675
f 2757 2791 2676
f 2790 2760 2640
f 2704 2762 2392
f 2764 2707 2761
f 2764 2731 2646
f 2792 2712 2731
f 2532 2767 2765
f 2734 2573 2793
f 2492 2794 2769
f 2609 2608 2769
f 2448 2733 2607
f 2795 2713 2648
f 2771 2795 2648
f 2796 2610 2715
f 2796 2740 2610
f 2452 2741 2714
f 2613 2776 2770
f 2680 2743 2797
f 2742 2650 2798
f 2799 2657 2686
f 2684 2773 2777
f 2777 2800 2719
f 2801 2612 2614
f 2616 2744 2743
f 2800 2802 2719
f 2614 2803 2801
f 2654 2653 2804
f 2804 2687 2654
f 2805 2747 2630
f 2666 2782 2722
f 2596 2806 2782
f 2807 2698 2697
f 2697 2723 2807
f 2806 2596 2724
f 2699 2808 2669
f 2749 2809 2700
f 2725 2810 2633
f 2726 2701 2811
f 2750 2812 2670
f 2786 2634 2785
f 2788 2672 2751
f 2813 2674 2635
f 2813 2635 2754
f 2638 2789 2600
f 2756 2789 2638
f 2814 2642 2703
f 2815 2761 2760
f 2816 2730 2643
f 2706 2816 2643
f 2817 2816 2706
f 2817 2706 2644
f 2818 2710 2709
f 2819 2712 2792
f 2712 2819 2709
f 2731 2764 2792
f 2765 2645 2490
f 2820 2821 2711
f 2821 2766 2711
f 2766 2732 2571
f 2768 2767 2572
f 2822 2606 2732
f 2822 2647 2606
f 2823 2794 2492
f 2574 2823 2492
f 2739 2607 2733
f 2824 2739 2733
f 2737 2738 2825
f 2680 2797 2771
f 2826 2718 2740
f 2798 2650 2772
f 2775 2718 2826
f 2657 2827 2776
f 2686 2775 2799
f 2799 2827 2657
f 2800 2777 2773
f 2719 2802 2653
f 2746 2499 2658
f 2828 2665 2631
f 2781 2828 2631
f 2780 2805 2630
f 2829 2723 2721
f 2782 2806 2830
f 2808 2725 2669
f 2633 2810 2785
f 2812 2701 2670
f 2813 2831 2674
f 2832 2702 2755
f 2832 2790 2702
f 2833 2642 2814
f 2833 2758 2642
f 2815 2760 2790
f 2761 2815 2834
f 2705 2710 2835
f 2762 2836 2678
f 2763 2817 2644
f 2834 2764 2761
f 2818 2835 2710
f 2834 2837 2764
f 2818 2709 2819
f 2764 2837 2792
f 2708 2820 2711
f 2822 2838 2647
f 2838 2733 2647
f 2734 2793 2839
f 2735 2793 2573
f 2737 2840 2736
f 2715 2736 2796
f 2738 2770 2825
f 2796 2841 2740
f 2739 2824 2772
f 2842 2740 2841
f 2735 2449 2714
f 2826 2740 2842
f 2843 2776 2827
f 2799 2775 2844
f 2844 2775 2826
f 2799 2844 2827
f 2798 2773 2742
f 2800 2773 2845
f 2803 2614 2495
f 2780 2664 2779
f 2846 2721 2747
f 2807 2723 2847
f 2724 2783 2806
f 2748 2700 2848
f 2700 2809 2848
f 2849 2749 2784
f 2850 2784 2726
f 2784 2850 2849
f 2812 2851 2701
f 2852 2751 2786
f 2788 2751 2852
f 2853 2787 2727
f 2831 2853 2727
f 2727 2674 2831
f 2788 2854 2753
f 2789 2855 2728
f 2856 2756 2729
f 2676 2857 2729
f 2832 2858 2790
f 2791 2857 2676
f 2757 2859 2791
f 2790 2860 2815
f 2861 2814 2703
f 2862 2704 2730
f 2705 2863 2703
f 2703 2863 2861
f 2864 2815 2865
f 2834 2815 2864
f 2835 2863 2705
f 2836 2708 2678
f 2819 2866 2818
f 2867 2763 2645
f 2792 2837 2819
f 2868 2867 2645
f 2765 2868 2645
f 2732 2766 2869
f 2869 2822 2732
f 2870 2768 2734
f 2871 2838 2822
f 2870 2734 2839
f 2733 2838 2872
f 2873 2737 2825
f 2609 2769 2874
f 2736 2840 2796
f 2872 2824 2733
f 2875 2649 2609
f 2876 2679 2649
f 2770 2843 2877
f 2776 2843 2770
f 2878 2772 2824
f 2844 2826 2842
f 2878 2879 2798
f 2772 2878 2798
f 2843 2827 2844
f 2880 2797 2743
f 2798 2879 2845
f 2798 2845 2773
f 2744 2881 2743
f 2612 2801 2717
f 2745 2720 2882
f 2746 2883 2744
f 2884 2804 2653
f 2687 2778 2579
f 2779 2665 2828
f 2805 2846 2747
f 2885 2781 2722
f 2885 2722 2782
f 2723 2829 2847
f 2886 2806 2783
f 2698 2807 2887
f 2698 2887 2699
f 2783 2888 2889
f 2783 2748 2888
f 2699 2887 2808
f 2748 2890 2888
f 2748 2848 2890
f 2808 2891 2725
f 2891 2810 2725
f 2848 2892 2890
f 2890 2892 2893
f 2848 2809 2892
f 2851 2811 2701
f 2894 2753 2854
f 2728 2855 2754
f 2753 2894 2755
f 2755 2895 2832
f 2857 2856 2729
f 2832 2895 2858
f 2758 2896 2759
f 2896 2897 2759
f 2897 2757 2759
f 2757 2898 2859
f 2859 2899 2791
f 2860 2790 2858
f 2860 2865 2815
f 2762 2704 2862
f 2900 2816 2817
f 2818 2866 2863
f 2818 2863 2835
f 2834 2864 2837
f 2837 2864 2819
f 2901 2902 2903
f 2903 2902 2904
f 2903 2904 2905
f 2906 2907 2908
f 2904 2909 2905
f 2906 2910 2907
f 2905 2909 2908
f 2768 2911 2767
f 2909 2906 2908
f 2906 2912 2910
f 2902 2913 2914
f 2902 2914 2904
f 2904 2914 2909
f 2909 2915 2906
f 2906 2915 2912
f 2915 2916 2912
f 2912 2916 2917
f 2918 2919 2920
f 2920 2919 2921
f 2839 2922 2923
f 2918 2924 2919
f 2919 2925 2921
f 2926 2737 2873
f 2839 2793 2922
f 2794 2927 2928
f 2737 2926 2840
f 2924 2929 2919
f 2793 2930 2922
f 2928 2769 2794
f 2926 2796 2840
f 2929 2925 2919
f 2922 2930 2923
f 2923 2931 2932
f 2928 2874 2769
f 2873 2825 2933
f 2930 2931 2923
f 2874 2875 2609
f 2931 2930 2934
f 2735 2930 2793
f 2796 2935 2841
f 2930 2735 2934
f 2770 2877 2825
f 2825 2877 2933
f 2795 2771 2936
f 2876 2683 2679
f 2844 2937 2843
f 2938 2845 2879
f 2800 2845 2938
f 2800 2939 2802
f 2802 2884 2653
f 2940 2805 2780
f 2885 2941 2781
f 2942 2721 2846
f 2942 2829 2721
f 2847 2829 2943
f 2806 2944 2830
f 2945 2807 2847
f 2886 2783 2889
f 2886 2889 2946
f 2889 2947 2946
f 2889 2888 2947
f 2947 2888 2948
f 2888 2949 2948
f 2948 2950 2951
f 2948 2949 2950
f 2888 2890 2949
f 2949 2952 2950
f 2890 2893 2949
f 2949 2893 2952
f 2849 2809 2749
f 2953 2812 2750
f 2726 2811 2850
f 2750 2752 2953
f 2954 2953 2787
f 2787 2953 2752
f 2954 2787 2853
f 2852 2955 2788
f 2955 2854 2788
f 2789 2756 2956
f 2755 2894 2895
f 2957 2956 2756
f 2896 2758 2958
f 2958 2758 2833
f 2897 2898 2757
f 2791 2899 2857
f 2860 2858 2959
f 2959 2865 2860
f 2862 2730 2816
f 2959 2864 2865
f 2900 2960 2816
f 2959 2866 2864
f 2866 2819 2864
f 2708 2836 2961
f 2962 2963 2964
f 2965 2964 2966
f 2967 2868 2765
f 2968 2903 2969
f 2966 2901 2968
f 2963 2970 2971
f 2963 2971 2964
f 2968 2901 2903
f 2964 2971 2966
f 2903 2905 2969
f 2972 2908 2907
f 2971 2973 2966
f 2969 2905 2908
f 2974 2765 2767
f 2966 2973 2901
f 2910 2975 2907
f 2767 2911 2974
f 2821 2869 2766
f 2973 2976 2901
f 2901 2976 2902
f 2976 2913 2902
f 2975 2910 2977
f 2977 2978 2975
f 2977 2918 2978
f 2917 2910 2912
f 2979 2909 2914
f 2910 2917 2977
f 2978 2918 2920
f 2913 2980 2981
f 2913 2981 2914
f 2920 2921 2982
f 2979 2915 2909
f 2977 2924 2918
f 2914 2981 2979
f 2977 2917 2924
f 2839 2983 2870
f 2979 2984 2915
f 2983 2839 2923
f 2923 2932 2983
f 2915 2984 2916
f 2985 2926 2873
f 2916 2986 2917
f 2872 2838 2987
f 2927 2794 2823
f 2924 2917 2986
f 2823 2574 2988
f 2713 2988 2574
f 2924 2986 2989
f 2921 2925 2990
f 2931 2934 2991
f 2925 2992 2990
f 2929 2924 2989
f 2824 2872 2878
f 2929 2993 2994
f 2929 2994 2925
f 2876 2649 2875
f 2995 2934 2735
f 2996 2842 2841
f 2877 2843 2937
f 2842 2996 2997
f 2735 2714 2995
f 2936 2771 2797
f 2844 2842 2997
f 2879 2878 2998
f 2878 2999 2998
f 3000 2774 2683
f 2998 2938 2879
f 2881 2880 2743
f 2744 2883 2881
f 3001 2658 2745
f 2495 3002 2803
f 3003 2780 2779
f 3004 2828 2781
f 2830 2885 2782
f 2806 2886 2944
f 3005 2946 2947
f 2947 2948 3005
f 3005 2948 3006
f 3006 2948 2951
f 2887 2807 2945
f 2950 3007 2951
f 2808 2887 3008
f 2950 2952 3007
f 2808 3008 2891
f 3007 2952 3009
f 2893 3010 2952
f 2809 2849 2892
f 2892 3011 2893
f 2953 3012 2812
f 3013 2786 2785
f 2811 3014 2850
f 2786 3015 2852
f 2831 2813 3016
f 3017 2813 2754
f 2813 3017 3016
f 2754 3018 3017
f 2754 2855 3018
f 2854 2955 3019
f 2855 2789 3020
f 2854 3019 2894
f 2856 2957 2756
f 2895 3021 2858
f 2833 3022 2958
f 2814 3022 2833
f 3023 2897 3024
f 3023 2898 2897
f 2814 3025 3026
f 2861 3025 2814
f 2959 2858 3021
f 3027 2959 3021
f 2863 3028 3025
f 2863 3025 2861
f 2960 3029 2816
f 2866 3027 3028
f 2866 3028 2863
f 3029 2862 2816
f 2866 2959 3027
f 3030 2836 2762
f 3031 3032 3033
f 3032 3034 3035
f 3033 3032 2962
f 3036 2962 2965
f 3037 3035 3034
f 3032 2963 2962
f 2962 2964 2965
f 2965 2966 3038
f 3038 2968 3039
f 3039 2968 2969
f 2961 2820 2708
f 3035 2963 3032
f 3038 2966 2968
f 3035 2970 2963
f 2969 2908 2972
f 2907 3040 2972
f 2765 2974 2967
f 2971 3041 3042
f 2971 3042 2973
f 3042 2976 2973
f 2768 2870 2911
f 3042 3043 2976
f 2978 2920 2982
f 2869 2871 2822
f 2976 2980 2913
f 2981 2980 3044
f 2987 2838 2871
f 2983 2932 3045
f 2926 2985 3046
f 2921 2990 3047
f 2979 3048 2984
f 3049 2932 3050
f 3046 2935 2926
f 2988 2927 2823
f 2796 2926 2935
f 2872 2987 3051
f 2932 2931 3050
f 2931 2991 3050
f 3052 3050 2991
f 2935 3053 2841
f 3054 2795 2936
f 2841 3053 2996
f 2933 2877 3055
f 3051 2878 2872
f 2989 2993 2929
f 2934 3056 2991
f 3056 2934 2995
f 2844 2997 2937
f 2925 3057 2992
f 2925 2994 3057
f 2999 2878 3058
f 3000 2683 2876
f 2998 2999 3059
f 3060 2800 2938
f 2939 2800 3060
f 2882 3001 2745
f 2939 2884 2802
f 2778 3002 2495
f 3004 2781 2941
f 2780 3003 2940
f 2805 2942 2846
f 2943 2829 2942
f 2847 3061 2945
f 3062 3005 3006
f 3063 2887 2945
f 3063 3008 2887
f 2951 3007 3064
f 3009 3064 3007
f 2952 3010 3009
f 3065 2812 3012
f 2812 3065 2851
f 2892 2849 3066
f 3011 2892 3066
f 3013 3067 2786
f 2850 3014 3068
f 3067 3015 2786
f 2853 3069 2954
f 3069 2853 2831
f 2852 3015 2955
f 2855 3020 3018
f 2955 3070 3019
f 2956 3020 2789
f 3019 3071 2894
f 2894 3071 2895
f 3072 2896 2958
f 3073 2896 3072
f 3071 3021 2895
f 2896 3073 2897
f 2814 3026 3022
f 3073 3024 2897
f 3021 3071 3074
f 3075 3024 3073
f 2898 3076 2859
f 3027 3021 3074
f 3023 3076 2898
f 3027 3074 3028
f 3031 3077 3034
f 3077 3078 3034
f 3031 3034 3032
f 3031 3033 3079
f 3079 3033 3036
f 3033 2962 3036
f 3036 2965 3080
f 2965 3038 3080
f 2836 3030 3081
f 2961 2836 3081
f 3078 3037 3034
f 3082 3038 3039
f 3039 2969 3083
f 2820 2961 3084
f 2969 2972 3083
f 2967 3085 2868
f 3086 3037 3087
f 3037 3086 3035
f 3083 2972 3040
f 3084 2821 2820
f 3088 3089 3090
f 3086 2970 3035
f 3089 3088 3091
f 3040 2907 2975
f 3040 2975 3092
f 3086 3093 2970
f 3091 3088 3094
f 2975 3095 3096
f 3093 3097 2970
f 3097 2971 2970
f 2975 2978 3095
f 3097 3041 2971
f 3095 2978 2982
f 3095 2982 3098
f 2976 3043 2980
f 2870 2983 3099
f 2982 3047 3100
f 3099 2983 3045
f 2980 3101 3044
f 3047 2982 2921
f 2985 3102 3046
f 3045 2932 3049
f 3103 2985 2873
f 2981 3044 2979
f 3050 3104 3049
f 3103 2873 2933
f 3104 3050 3105
f 2927 3106 2928
f 3105 2874 3106
f 3106 2874 2928
f 3107 3053 2935
f 2984 3048 2916
f 3050 3052 3105
f 3048 2986 2916
f 3105 2875 2874
f 2713 2795 3054
f 3105 3052 2875
f 2937 3108 2877
f 3055 2877 3108
f 3109 2990 2992
f 2878 3051 3058
f 3052 3110 2875
f 2876 2875 3110
f 3111 2991 3056
f 3059 2999 3058
f 2936 2797 3112
f 3112 2797 2880
f 3112 2880 3113
f 2992 3057 3114
f 2998 3059 3115
f 2881 3113 2880
f 3115 2938 2998
f 2774 3116 2720
f 2882 2720 3117
f 2687 3118 2778
f 3119 3004 2941
f 3120 2885 2830
f 2944 2886 2946
f 2944 2946 3121
f 3121 2946 3005
f 3062 3121 3005
f 3006 3122 3123
f 3122 3006 2951
f 3063 2945 3124
f 2951 3064 3122
f 2810 2891 3125
f 2810 3013 2785
f 2810 3125 3013
f 3010 3126 3009
f 3012 2953 3127
f 2811 2851 3128
f 3014 2811 3128
f 3011 3010 2893
f 3129 3010 3011
f 2850 3068 2849
f 2849 3068 3130
f 2849 3130 3066
f 3070 2955 3015
f 3131 3019 3070
f 3071 3019 3131
f 3074 3071 3131
f 3072 2958 3132
f 3022 3132 2958
f 3025 3074 3131
f 3025 3131 3026
f 3133 3073 3072
f 3134 2856 2857
f 3073 3133 3135
f 3028 3074 3025
f 2857 2899 3134
f 3136 3031 3137
f 3136 3077 3031
f 3024 3075 3023
f 3036 3080 3138
f 3080 3038 3082
f 2868 3139 2867
f 3078 3140 3037
f 3141 3089 3142
f 3087 3037 3140
f 3142 3091 3143
f 3089 3091 3142
f 3144 3088 3090
f 3092 2975 3096
f 2821 3084 3145
f 3146 3091 3094
f 3086 3147 3093
f 2821 3145 2869
f 3148 3149 3144
f 3144 3150 3088
f 3094 3088 3150
f 3149 3150 3144
f 3094 3151 3146
f 3094 3150 3151
f 3152 2869 3145
f 3149 3153 3150
f 3154 3148 3155
f 3148 3154 3149
f 3041 3156 3042
f 3149 3154 3153
f 3152 2871 2869
f 3153 3154 3157
f 3101 2980 3043
f 3158 3099 3045
f 3159 2987 2871
f 3049 3104 3160
f 3160 3104 3161
f 3046 3107 2935
f 3100 3047 3162
f 2933 3163 3103
f 2987 3159 3051
f 3161 3104 3105
f 3161 3105 3106
f 3055 3163 2933
f 2988 2713 3054
f 3164 3048 2979
f 3058 3051 3165
f 3166 3162 3047
f 3048 3167 2986
f 3047 2990 3166
f 3054 2936 3168
f 2986 3167 2989
f 3169 2989 3167
f 2990 3109 3166
f 3170 3052 2991
f 3052 3170 3110
f 2993 2989 3169
f 3170 2991 3111
f 3169 3171 2993
f 2876 3110 3000
f 3168 2936 3112
f 3172 3109 2992
f 2714 3173 2995
f 2995 3173 3056
f 3057 2994 2993
f 2993 3174 3057
f 2992 3114 3172
f 3175 2938 3115
f 3116 3117 2720
f 2746 3176 2883
f 2746 2658 3177
f 2804 3178 2687
f 2779 3179 3003
f 2779 2828 3179
f 2940 3003 3180
f 2805 3181 2942
f 2805 2940 3181
f 3182 2943 2942
f 2944 3183 2830
f 2847 2943 3061
f 3062 3006 3184
f 2945 3061 3185
f 3124 2945 3185
f 3186 3063 3124
f 3008 3187 2891
f 3064 3009 3188
f 3125 2891 3187
f 3127 3189 3012
f 3126 3010 3190
f 3191 3127 2953
f 2954 3191 2953
f 3128 3192 3014
f 3014 3192 3068
f 3193 3015 3067
f 3015 3193 3194
f 3070 3015 3195
f 3195 3015 3194
f 3070 3195 3196
f 2956 3197 3020
f 3196 3131 3070
f 3131 3196 3198
f 3022 3198 3132
f 3026 3131 3198
f 3133 3072 3199
f 3026 3198 3022
f 3031 3079 3137
f 3200 3077 3136
f 3135 3201 3073
f 3201 3075 3073
f 3202 3079 3036
f 3200 3203 3078
f 3200 3078 3077
f 3036 3138 3204
f 3076 3023 3205
f 3201 3135 3206
f 3075 3207 3023
f 3029 2762 2862
f 3029 3030 2762
f 3201 3208 3075
f 3075 3208 3207
f 3138 3080 3082
f 2817 3209 2900
f 3082 3039 3210
f 3210 3039 3083
f 3143 3206 3211
f 3141 3142 3211
f 3211 3142 3143
f 3206 3143 3212
f 3139 2763 2867
f 3083 3040 3213
f 3214 3089 3141
f 3090 3089 3214
f 3143 3091 3212
f 3040 3215 3213
f 3040 3092 3215
f 3212 3091 3216
f 3087 3140 3217
f 3087 3217 3086
f 3218 3144 3090
f 3091 3146 3216
f 3219 3148 3218
f 3218 3148 3144
f 2974 2911 3220
f 3155 3148 3219
f 3221 3151 3150
f 3156 3041 3097
f 3098 2982 3100
f 3159 2871 3152
f 3155 3222 3157
f 3157 3154 3155
f 3150 3153 3223
f 3223 3153 3157
f 3043 3042 3224
f 3049 3158 3045
f 2985 3225 3102
f 3103 3225 2985
f 3161 3106 3226
f 3227 3106 2927
f 3101 3228 3044
f 3165 3051 3159
f 3229 3053 3107
f 3044 3230 2979
f 3230 3164 2979
f 3231 2937 2997
f 3231 3108 2937
f 3058 3232 3059
f 3111 3233 3170
f 3110 3170 3234
f 3235 3115 3059
f 3236 3111 3056
f 3237 3109 3172
f 3109 3237 3166
f 3110 3234 3000
f 3000 3116 2774
f 3171 3238 2993
f 3174 2993 3238
f 2883 3176 2881
f 3057 3239 3114
f 3175 3060 2938
f 2746 3177 3176
f 3001 3177 2658
f 2687 3178 3118
f 3179 2828 3240
f 3004 3240 2828
f 3241 3181 2940
f 3120 2941 2885
f 2943 3182 3061
f 3121 3062 3242
f 3184 3242 3062
f 3184 3006 3123
f 3122 3064 3243
f 3243 3064 3188
f 3188 3009 3126
f 3012 3189 3065
f 2851 3065 3244
f 3245 3067 3013
f 2954 3246 3191
f 3010 3247 3190
f 3069 3246 2954
f 3248 3011 3066
f 3247 3010 3129
f 3067 3245 3193
f 2831 3249 3069
f 3249 2831 3016
f 3250 3017 3018
f 3016 3017 3250
f 3018 3020 3251
f 3252 3195 3194
f 2956 3253 3197
f 3198 3196 3195
f 3195 3252 3254
f 3253 2956 2957
f 3132 3198 3195
f 3132 3195 3254
f 3132 3254 3072
f 3199 3255 3133
f 3200 3136 3256
f 3255 3135 3133
f 3137 3079 3257
f 3257 3079 3202
f 2859 3205 2899
f 3202 3036 3204
f 3258 3135 3259
f 3205 2859 3076
f 3258 3206 3135
f 3205 3023 3207
f 3260 3082 3210
f 3258 3211 3206
f 3201 3261 3208
f 3262 3263 3203
f 3203 3263 3078
f 3141 3211 3264
f 3206 3261 3201
f 3263 3140 3078
f 2961 3081 3265
f 3212 3261 3206
f 3264 3214 3141
f 3265 3266 2961
f 3085 3139 2868
f 3266 3084 2961
f 3267 3090 3214
f 2967 3268 3085
f 3215 3092 3096
f 3098 3269 3095
f 3217 3147 3086
f 3155 3219 3270
f 3147 3271 3093
f 3271 3097 3093
f 3272 3098 3100
f 2870 3220 2911
f 2870 3099 3220
f 3155 3270 3222
f 3273 3159 3152
f 3221 3150 3223
f 3224 3042 3156
f 3157 3222 3274
f 3158 3049 3275
f 3160 3275 3049
f 3157 3274 3276
f 3277 3223 3157
f 3046 3102 3107
f 3157 3276 3277
f 3224 3101 3043
f 3101 3224 3278
f 3106 3227 3226
f 3278 3228 3101
f 3044 3228 3279
f 3108 3163 3055
f 3230 3044 3279
f 3232 3058 3165
f 3231 3053 3229
f 2996 3053 3231
f 3280 3108 3231
f 2997 2996 3231
f 3281 3162 3166
f 3282 3048 3164
f 3235 3059 3232
f 3282 3167 3048
f 3166 3237 3281
f 3233 3111 3236
f 3283 3056 3173
f 3056 3283 3236
f 3171 3169 3284
f 2881 3176 3113
f 2714 3285 3173
f 3171 3284 3238
f 3239 3057 3174
f 3174 3286 3239
f 2801 3287 2717
f 3287 2801 2803
f 2884 3178 2804
f 3118 3288 2778
f 3289 2778 3290
f 3289 3002 2778
f 3291 3004 3119
f 3241 2940 3180
f 3292 2941 3120
f 3182 2942 3181
f 2944 3121 3293
f 3294 3061 3182
f 3061 3294 3185
f 3295 3122 3243
f 3243 3188 3296
f 3008 3063 3186
f 3188 3126 3297
f 3125 3245 3013
f 3127 3191 3189
f 3244 3298 2851
f 2851 3298 3128
f 3248 3129 3011
f 3016 3250 3249
f 3068 3299 3130
f 3193 3300 3194
f 3020 3197 3251
f 3300 3252 3194
f 3252 3300 3254
f 3301 3072 3254
f 3199 3072 3301
f 3302 3253 2957
f 3256 3136 3303
f 3304 3137 3305
f 3257 3305 3137
f 3306 3200 3256
f 3304 3136 3137
f 3307 3308 3306
f 3306 3203 3200
f 3308 3307 3309
f 3306 3308 3203
f 3255 3259 3135
f 3258 3259 3310
f 3205 3134 2899
f 3203 3308 3311
f 3258 3310 3211
f 3203 3311 3262
f 3138 3082 3260
f 3312 3029 2960
f 2900 3312 2960
f 3313 3205 3207
f 3314 3210 3083
f 3208 3313 3207
f 3261 3315 3208
f 3083 3316 3314
f 3139 2817 2763
f 3213 3316 3083
f 3214 3264 3317
f 3315 3261 3212
f 3214 3317 3267
f 3318 3140 3263
f 3267 3218 3090
f 3319 3140 3318
f 3315 3212 3216
f 3319 3217 3140
f 3320 3096 3095
f 3320 3095 3269
f 3146 3321 3216
f 3098 3272 3269
f 3322 3152 3145
f 3321 3146 3151
f 3323 3321 3151
f 3323 3151 3221
f 3324 3220 3099
f 3325 3097 3271
f 3325 3156 3097
f 3324 3099 3158
f 3272 3100 3326
f 3160 3327 3275
f 3160 3161 3327
f 3223 3277 3221
f 3162 3326 3100
f 3328 2927 2988
f 3328 2988 3054
f 3232 3165 3329
f 3280 3163 3108
f 3281 3330 3162
f 3235 3331 3115
f 3234 3170 3332
f 3233 3332 3170
f 3234 3332 3333
f 3333 3334 3234
f 3000 3234 3334
f 3283 3173 3335
f 3116 3000 3334
f 3173 3285 3335
f 2741 3285 2714
f 3238 3336 3174
f 2882 3117 3337
f 3237 3172 3338
f 3237 3338 3339
f 3174 3336 3340
f 3174 3340 3286
f 2717 3341 2741
f 3114 3342 3172
f 3172 3342 3338
f 3343 3344 2939
f 3114 3239 3342
f 3292 3119 2941
f 2830 3345 3120
f 3183 2944 3293
f 3293 3121 3242
f 3123 3346 3184
f 3346 3123 3347
f 3123 3122 3347
f 3347 3122 3295
f 3347 3295 3348
f 3349 3185 3294
f 3350 3295 3243
f 3351 3008 3186
f 3008 3351 3187
f 3296 3188 3297
f 3187 3352 3125
f 3126 3190 3297
f 3353 3191 3246
f 3249 3354 3069
f 3355 3129 3248
f 3355 3247 3129
f 3356 3299 3068
f 3357 3066 3130
f 3066 3357 3248
f 3250 3018 3251
f 3130 3299 3357
f 3300 3301 3254
f 3358 3359 3360
f 3358 3361 3359
f 3362 3307 3363
f 3303 3136 3304
f 3359 3307 3360
f 3363 3306 3256
f 3307 3306 3363
f 3364 3305 3257
f 3359 3309 3307
f 2856 3365 2957
f 3364 3257 3202
f 3364 3202 3204
f 3366 3309 3359
f 3204 3138 3367
f 3309 3368 3311
f 3309 3311 3308
f 3369 3211 3310
f 3370 3030 3029
f 3264 3211 3369
f 3312 2900 3209
f 3371 3264 3369
f 3372 2817 3139
f 3371 3317 3264
f 3318 3263 3262
f 3213 3215 3373
f 3085 3374 3139
f 3375 3096 3320
f 3376 3145 3084
f 3377 3315 3216
f 3268 2967 2974
f 3378 3219 3218
f 3378 3379 3219
f 3321 3377 3216
f 3379 3270 3219
f 3380 3271 3147
f 3322 3273 3152
f 3158 3381 3324
f 3382 3222 3270
f 3329 3159 3273
f 3161 3383 3327
f 3222 3382 3384
f 3384 3274 3222
f 3224 3156 3325
f 3226 3383 3161
f 3227 3383 3226
f 3329 3165 3159
f 3225 3103 3385
f 3277 3276 3386
f 3326 3162 3387
f 3328 3227 2927
f 3388 3229 3107
f 3163 3389 3103
f 3390 3232 3329
f 3387 3162 3391
f 3231 3229 3392
f 3231 3392 3280
f 3391 3162 3330
f 3115 3331 3175
f 3167 3393 3169
f 3236 3394 3233
f 3233 3394 3332
f 3281 3395 3330
f 3393 3284 3169
f 3117 3116 3334
f 3281 3396 3395
f 3237 3396 3281
f 3337 3001 2882
f 3336 3238 3397
f 3237 3339 3396
f 3343 2939 3060
f 3287 3341 2717
f 3338 3342 3339
f 3398 3240 3004
f 3398 3004 3291
f 3180 3003 3179
f 3399 3241 3180
f 2830 3183 3345
f 3400 3183 3293
f 3401 3182 3181
f 3242 3184 3402
f 3184 3346 3402
f 3182 3401 3294
f 3294 3401 3403
f 3348 3295 3350
f 3185 3349 3124
f 3350 3243 3404
f 3124 3349 3405
f 3124 3406 3186
f 3243 3296 3407
f 3406 3351 3186
f 3189 3408 3065
f 3065 3408 3244
f 3352 3245 3125
f 3409 3297 3190
f 3069 3354 3246
f 3410 3193 3245
f 3192 3356 3068
f 3410 3300 3193
f 3410 3411 3300
f 3412 3300 3411
f 3413 3360 3414
f 3253 3415 3197
f 3301 3300 3412
f 3416 3358 3417
f 3417 3358 3413
f 3413 3358 3360
f 3414 3360 3362
f 3360 3307 3362
f 3416 3361 3358
f 3363 3256 3303
f 3199 3301 3255
f 3361 3366 3359
f 3204 3418 3364
f 3418 3204 3367
f 3134 3365 2856
f 3419 3367 3138
f 3366 3368 3309
f 3138 3260 3419
f 3366 3420 3368
f 3205 3421 3134
f 3368 3422 3311
f 3210 3314 3423
f 3208 3424 3313
f 3311 3422 3425
f 3311 3425 3262
f 3373 3316 3213
f 3426 3208 3315
f 3208 3426 3424
f 3425 3318 3262
f 3215 3096 3375
f 3218 3267 3427
f 3084 3266 3376
f 3315 3377 3428
f 3427 3378 3218
f 3429 3217 3319
f 3147 3217 3429
f 3379 3382 3270
f 3380 3147 3429
f 3323 3430 3321
f 3324 3431 3220
f 3323 3432 3430
f 3275 3433 3158
f 3433 3381 3158
f 3221 3434 3323
f 3327 3433 3275
f 3277 3435 3221
f 3435 3434 3221
f 3436 3102 3225
f 3225 3385 3436
f 3437 3224 3325
f 3277 3386 3435
f 3274 3386 3276
f 3278 3224 3437
f 3392 3229 3388
f 3235 3232 3390
f 3280 3438 3163
f 3389 3163 3438
f 3054 3168 3439
f 3440 3230 3279
f 3230 3440 3164
f 3391 3330 3441
f 3282 3164 3442
f 3441 3330 3395
f 3442 3167 3282
f 3442 3393 3167
f 3117 3334 3443
f 3177 3001 3337
f 3397 3238 3284
f 3175 3444 3060
f 3341 3285 2741
f 3339 3445 3396
f 3396 3445 3446
f 3344 2884 2939
f 3239 3447 3342
f 3342 3448 3339
f 2884 3449 3178
f 3288 3290 2778
f 3180 3179 3450
f 3292 3451 3119
f 3183 3400 3345
f 3242 3452 3293
f 3181 3453 3401
f 3403 3401 3454
f 3294 3403 3349
f 3455 3349 3403
f 3349 3455 3405
f 3124 3405 3406
f 3404 3243 3407
f 3296 3297 3407
f 3407 3297 3456
f 3351 3457 3187
f 3352 3187 3457
f 3458 3191 3459
f 3191 3458 3189
f 3297 3409 3456
f 3459 3191 3353
f 3460 3245 3352
f 3246 3354 3461
f 3246 3461 3353
f 3249 3462 3354
f 3247 3409 3190
f 3250 3462 3249
f 3197 3463 3251
f 3251 3463 3250
f 3464 3248 3357
f 3464 3355 3248
f 3197 3415 3463
f 3299 3465 3357
f 3413 3466 3417
f 3466 3413 3414
f 3467 3414 3362
f 3363 3468 3467
f 3362 3363 3467
f 3468 3363 3303
f 3468 3303 3469
f 3469 3303 3304
f 3416 3470 3361
f 3471 3305 3364
f 3472 3255 3301
f 3365 3302 2957
f 3473 3366 3361
f 3474 3259 3255
f 3474 3475 3259
f 3259 3475 3310
f 3260 3210 3476
f 3476 3210 3423
f 3368 3420 3477
f 3478 3370 3029
f 3313 3421 3205
f 3371 3369 3479
f 3314 3316 3480
f 3371 3479 3317
f 3374 3372 3139
f 3215 3375 3373
f 3428 3426 3315
f 3318 3425 3481
f 3482 3319 3318
f 3482 3429 3319
f 3322 3145 3376
f 3321 3483 3377
f 2974 3220 3431
f 3484 3273 3322
f 3485 3272 3326
f 3486 3271 3380
f 3323 3434 3432
f 3271 3486 3325
f 3383 3487 3327
f 3488 3384 3382
f 3328 3383 3227
f 3489 3102 3436
f 3102 3490 3107
f 3490 3102 3489
f 3325 3491 3437
f 3107 3490 3388
f 3492 3386 3274
f 3389 3385 3103
f 3328 3054 3493
f 3494 3387 3391
f 3228 3278 3495
f 3279 3228 3495
f 3279 3495 3496
f 3391 3441 3494
f 3496 3440 3279
f 3235 3497 3331
f 3498 3168 3112
f 3112 3113 3498
f 3283 3499 3236
f 3499 3394 3236
f 3335 3500 3283
f 3443 3337 3117
f 3501 3284 3393
f 3397 3284 3501
f 3396 3502 3395
f 3396 3446 3502
f 3503 3341 3287
f 3445 3339 3448
f 3286 3504 3239
f 3239 3504 3447
f 3448 3505 3445
f 3447 3506 3342
f 3342 3506 3448
f 3179 3240 3450
f 3451 3291 3119
f 3399 3180 3450
f 3507 3241 3399
f 3346 3508 3402
f 3347 3509 3346
f 3453 3181 3241
f 3453 3241 3507
f 3510 3347 3348
f 3401 3453 3454
f 3511 3403 3454
f 3350 3512 3348
f 3513 3350 3514
f 3350 3404 3514
f 3515 3514 3516
f 3404 3516 3514
f 3404 3407 3516
f 3351 3406 3457
f 3459 3517 3458
f 3458 3408 3189
f 3457 3460 3352
f 3354 3518 3461
f 3408 3519 3244
f 3462 3518 3354
f 3463 3520 3250
f 3250 3520 3462
f 3247 3521 3409
f 3522 3247 3355
f 3415 3523 3463
f 3465 3464 3357
f 3355 3464 3524
f 3525 3526 3417
f 3527 3417 3466
f 3466 3414 3528
f 3528 3414 3467
f 3529 3416 3526
f 3526 3416 3417
f 3412 3411 3530
f 3469 3304 3305
f 3531 3470 3529
f 3529 3470 3416
f 3470 3473 3361
f 3474 3255 3472
f 3473 3532 3366
f 3532 3420 3366
f 3419 3260 3476
f 3134 3533 3365
f 3310 3475 3534
f 3533 3134 3421
f 3369 3310 3534
f 3420 3532 3477
f 3479 3369 3535
f 3421 3313 3536
f 3422 3368 3477
f 3480 3316 3373
f 3372 3209 2817
f 3479 3537 3317
f 3313 3424 3536
f 3538 3425 3422
f 3537 3539 3267
f 3537 3267 3317
f 3538 3481 3425
f 3267 3539 3427
f 3085 3268 3540
f 3375 3320 3541
f 3481 3482 3318
f 3483 3428 3377
f 3541 3320 3269
f 3484 3322 3376
f 3269 3272 3542
f 3543 3382 3379
f 3321 3430 3544
f 3542 3272 3485
f 3433 3545 3381
f 3487 3433 3327
f 3390 3329 3273
f 3325 3486 3491
f 3274 3384 3492
f 3054 3439 3493
f 3546 3235 3390
f 3547 3548 3392
f 3392 3548 3280
f 3548 3438 3280
f 3168 3549 3439
f 3497 3235 3546
f 3168 3498 3549
f 3164 3440 3550
f 3442 3164 3550
f 3498 3113 3551
f 3499 3552 3394
f 3394 3553 3332
f 3552 3553 3394
f 3553 3554 3332
f 3332 3554 3333
f 3333 3554 3334
f 3395 3555 3441
f 3283 3500 3499
f 3502 3555 3395
f 3335 3285 3556
f 3340 3336 3557
f 3286 3340 3504
f 3558 3448 3506
f 3448 3558 3505
f 3240 3559 3450
f 3560 3240 3398
f 3293 3561 3400
f 3400 3561 3562
f 3452 3561 3293
f 3563 3242 3402
f 3563 3452 3242
f 3508 3346 3509
f 3509 3347 3564
f 3564 3347 3510
f 3565 3348 3512
f 3512 3513 3566
f 3512 3350 3513
f 3513 3515 3567
f 3515 3568 3567
f 3514 3515 3513
f 3403 3511 3455
f 3515 3569 3568
f 3516 3569 3515
f 3570 3405 3455
f 3571 3405 3570
f 3572 3406 3405
f 3407 3573 3516
f 3407 3456 3573
f 3516 3573 3569
f 3569 3573 3574
f 3569 3574 3575
f 3353 3461 3576
f 3353 3576 3459
f 3408 3458 3577
f 3457 3578 3460
f 3518 3462 3520
f 3579 3456 3409
f 3409 3580 3579
f 3463 3581 3520
f 3410 3245 3460
f 3463 3582 3581
f 3523 3582 3463
f 3298 3583 3128
f 3584 3525 3527
f 3525 3417 3527
f 3356 3192 3585
f 3355 3524 3522
f 3586 3528 3467
f 3587 3465 3299
f 3588 3589 3529
f 3415 3590 3523
f 3468 3469 3591
f 3592 3593 3594
f 3469 3305 3591
f 3591 3305 3471
f 3595 3415 3253
f 3589 3531 3529
f 3596 3301 3412
f 3596 3472 3301
f 3595 3253 3302
f 3597 3473 3470
f 3367 3598 3418
f 3367 3419 3598
f 3532 3473 3597
f 3369 3534 3535
f 3599 3423 3314
f 3600 3480 3373
f 3478 3029 3312
f 3373 3601 3600
f 3081 3030 3602
f 3602 3030 3370
f 3477 3538 3422
f 3375 3603 3373
f 3424 3426 3604
f 3540 3374 3085
f 3426 3605 3604
f 3375 3541 3603
f 3539 3606 3427
f 3426 3428 3605
f 3607 3378 3427
f 3541 3269 3608
f 3378 3607 3379
f 3269 3542 3608
f 3321 3609 3483
f 3321 3544 3609
f 3543 3488 3382
f 3610 3431 3324
f 3380 3429 3611
f 3432 3612 3430
f 3383 3613 3487
f 3488 3614 3384
f 3485 3326 3387
f 3492 3384 3614
f 3485 3387 3615
f 3615 3387 3494
f 3389 3616 3385
f 3617 3388 3490
f 3493 3439 3618
f 3617 3392 3388
f 3175 3331 3619
f 3113 3176 3551
f 3554 3443 3334
f 3620 3393 3442
f 3620 3501 3393
f 3500 3335 3556
f 3621 3555 3502
f 3502 3622 3621
f 3444 3343 3060
f 3336 3397 3623
f 3502 3446 3622
f 3344 3449 2884
f 3624 3446 3445
f 3002 3625 2803
f 3505 3626 3445
f 3624 3445 3626
f 3447 3627 3506
f 3628 3120 3345
f 3559 3240 3560
f 3562 3345 3400
f 3563 3402 3508
f 3399 3450 3629
f 3399 3630 3507
f 3630 3399 3629
f 3510 3348 3565
f 3630 3631 3507
f 3565 3512 3632
f 3632 3512 3566
f 3507 3633 3453
f 3507 3631 3633
f 3453 3633 3454
f 3566 3513 3634
f 3634 3513 3567
f 3454 3635 3511
f 3454 3633 3635
f 3567 3568 3636
f 3637 3511 3635
f 3455 3637 3570
f 3511 3637 3455
f 3637 3638 3639
f 3569 3575 3568
f 3570 3637 3639
f 3571 3572 3405
f 3518 3640 3461
f 3459 3576 3517
f 3458 3517 3577
f 3406 3572 3457
f 3571 3570 3639
f 3520 3640 3518
f 3456 3641 3573
f 3582 3571 3639
f 3581 3639 3520
f 3520 3639 3640
f 3456 3642 3641
f 3642 3456 3579
f 3457 3572 3578
f 3582 3643 3571
f 3581 3582 3639
f 3578 3644 3460
f 3645 3579 3580
f 3644 3410 3460
f 3580 3409 3521
f 3588 3646 3647
f 3646 3526 3525
f 3648 3583 3298
f 3646 3588 3526
f 3128 3583 3192
f 3247 3522 3521
f 3647 3649 3588
f 3588 3529 3526
f 3650 3411 3410
f 3411 3650 3530
f 3585 3587 3356
f 3299 3356 3587
f 3588 3649 3589
f 3651 3586 3467
f 3468 3652 3651
f 3467 3468 3651
f 3591 3652 3468
f 3653 3593 3592
f 3649 3654 3655
f 3656 3592 3594
f 3657 3656 3594
f 3649 3655 3589
f 3657 3594 3658
f 3659 3412 3530
f 3655 3531 3589
f 3594 3593 3660
f 3594 3661 3658
f 3659 3596 3412
f 3593 3662 3660
f 3594 3660 3661
f 3471 3364 3663
f 3418 3663 3364
f 3302 3664 3595
f 3531 3665 3597
f 3597 3470 3531
f 3666 3474 3472
f 3598 3419 3667
f 3668 3532 3597
f 3533 3421 3669
f 3479 3535 3537
f 3670 3532 3671
f 3670 3477 3532
f 3602 3370 3478
f 3536 3669 3421
f 3670 3538 3477
f 3373 3603 3601
f 3672 3265 3081
f 3266 3265 3672
f 3538 3673 3481
f 3428 3483 3605
f 3427 3606 3607
f 3482 3481 3674
f 3675 3429 3482
f 3429 3675 3611
f 3676 3488 3543
f 3677 3542 3485
f 3610 3324 3381
f 3678 3610 3381
f 3678 3381 3545
f 3484 3679 3273
f 3680 3433 3487
f 3680 3545 3433
f 3613 3383 3328
f 3434 3681 3432
f 3682 3614 3488
f 3434 3435 3683
f 3328 3493 3684
f 3489 3436 3685
f 3492 3686 3386
f 3686 3683 3386
f 3435 3386 3683
f 3436 3385 3616
f 3491 3687 3437
f 3438 3616 3389
f 3437 3688 3278
f 3688 3495 3278
f 3550 3689 3442
f 3689 3620 3442
f 3176 3177 3690
f 3337 3691 3177
f 3692 3555 3621
f 3341 3693 3285
f 3694 3336 3623
f 3557 3336 3694
f 3344 3695 3449
f 3446 3624 3622
f 3449 3696 3178
f 3178 3697 3118
f 3118 3697 3288
f 3447 3504 3698
f 3447 3698 3627
f 3505 3558 3626
f 3558 3506 3699
f 3451 3398 3291
f 3628 3292 3120
f 3560 3700 3559
f 3629 3450 3559
f 3510 3565 3564
f 3566 3634 3701
f 3702 3701 3634
f 3631 3630 3703
f 3702 3634 3567
f 3702 3567 3704
f 3567 3636 3704
f 3705 3636 3568
f 3638 3637 3635
f 3568 3575 3705
f 3706 3638 3635
f 3576 3638 3706
f 3705 3575 3707
f 3576 3708 3517
f 3577 3517 3708
f 3640 3639 3638
f 3461 3640 3638
f 3461 3638 3576
f 3575 3574 3707
f 3577 3519 3408
f 3709 3573 3641
f 3573 3709 3574
f 3643 3572 3571
f 3519 3298 3244
f 3647 3646 3710
f 3711 3578 3572
f 3711 3572 3643
f 3584 3527 3712
f 3713 3644 3578
f 3713 3578 3711
f 3712 3527 3466
f 3714 3466 3528
f 3711 3643 3715
f 3523 3643 3582
f 3716 3649 3647
f 3650 3410 3644
f 3715 3643 3523
f 3716 3654 3649
f 3644 3717 3650
f 3654 3716 3718
f 3719 3711 3715
f 3590 3715 3523
f 3583 3585 3192
f 3720 3653 3592
f 3720 3592 3656
f 3590 3719 3715
f 3465 3721 3464
f 3718 3655 3654
f 3656 3657 3722
f 3415 3723 3590
f 3415 3595 3723
f 3663 3724 3471
f 3655 3725 3531
f 3663 3418 3598
f 3665 3531 3725
f 3668 3597 3665
f 3476 3667 3419
f 3423 3726 3476
f 3599 3726 3423
f 3480 3599 3314
f 3424 3727 3536
f 3374 3728 3372
f 3729 3539 3537
f 3483 3609 3605
f 3542 3730 3608
f 2974 3731 3268
f 3482 3674 3675
f 3542 3677 3730
f 3430 3732 3544
f 3733 3732 3430
f 3682 3488 3676
f 3430 3612 3733
f 3484 3734 3679
f 3380 3611 3735
f 3380 3735 3486
f 3613 3680 3487
f 3681 3612 3432
f 3390 3273 3679
f 3684 3613 3328
f 3736 3491 3486
f 3490 3737 3617
f 3738 3615 3494
f 3439 3549 3618
f 3617 3547 3392
f 3688 3437 3687
f 3738 3494 3441
f 3547 3739 3548
f 3441 3555 3740
f 3741 3619 3331
f 3742 3552 3499
f 3552 3743 3553
f 3551 3176 3690
f 3443 3691 3337
f 3691 3690 3177
f 3556 3744 3500
f 3501 3745 3397
f 3693 3746 3285
f 3745 3623 3397
f 3696 3697 3178
f 3557 3504 3340
f 3504 3557 3698
f 3622 3624 3747
f 3747 3624 3626
f 3627 3699 3506
f 3626 3748 3747
f 3562 3628 3345
f 3563 3749 3452
f 3509 3750 3508
f 3751 3629 3559
f 3752 3632 3566
f 3701 3752 3566
f 3753 3633 3631
f 3753 3635 3633
f 3754 3753 3631
f 3706 3635 3753
f 3706 3753 3754
f 3708 3706 3754
f 3576 3706 3708
f 3577 3708 3755
f 3577 3756 3519
f 3574 3757 3707
f 3574 3758 3757
f 3716 3647 3710
f 3758 3574 3709
f 3710 3646 3759
f 3759 3646 3525
f 3759 3525 3760
f 3760 3525 3584
f 3584 3761 3760
f 3642 3762 3641
f 3641 3762 3709
f 3584 3712 3761
f 3712 3466 3714
f 3528 3763 3714
f 3764 3718 3716
f 3763 3528 3586
f 3717 3644 3713
f 3580 3521 3765
f 3719 3713 3711
f 3656 3766 3720
f 3722 3766 3656
f 3767 3522 3524
f 3464 3767 3524
f 3653 3768 3593
f 3718 3769 3655
f 3768 3662 3593
f 3719 3590 3723
f 3658 3770 3657
f 3769 3725 3655
f 3771 3472 3596
f 3772 3661 3660
f 3661 3772 3658
f 3476 3726 3773
f 3774 3302 3365
f 3475 3775 3534
f 3365 3533 3774
f 3776 3532 3668
f 3726 3599 3777
f 3535 3534 3775
f 3532 3776 3671
f 3599 3480 3778
f 3779 3537 3535
f 3669 3536 3727
f 3779 3729 3537
f 3670 3671 3780
f 3781 3727 3424
f 3081 3602 3672
f 3728 3209 3372
f 3604 3781 3424
f 3673 3538 3670
f 3782 3783 3541
f 3672 3784 3266
f 3541 3608 3782
f 3481 3673 3785
f 3785 3674 3481
f 3786 3376 3266
f 3543 3379 3607
f 3786 3484 3376
f 3609 3544 3787
f 3786 3734 3484
f 2974 3431 3731
f 3675 3735 3611
f 3680 3788 3545
f 3789 3485 3790
f 3434 3683 3791
f 3790 3485 3615
f 3614 3792 3492
f 3686 3492 3792
f 3686 3793 3683
f 3489 3685 3490
f 3794 3546 3390
f 3490 3685 3737
f 3616 3685 3436
f 3795 3616 3438
f 3547 3617 3796
f 3797 3497 3546
f 3547 3796 3798
f 3798 3739 3547
f 3799 3438 3548
f 3799 3795 3438
f 3799 3548 3739
f 3495 3800 3496
f 3738 3441 3740
f 3498 3551 3801
f 3497 3741 3331
f 3553 3743 3554
f 3743 3802 3554
f 3554 3802 3443
f 3691 3443 3802
f 3746 3556 3285
f 3620 3803 3501
f 3745 3501 3803
f 3804 3621 3622
f 3622 3805 3804
f 3747 3806 3622
f 3558 3699 3626
f 3626 3699 3748
f 3807 3451 3292
f 3807 3292 3628
f 3750 3509 3808
f 3808 3509 3564
f 3809 3560 3398
f 3809 3398 3451
f 3752 3701 3810
f 3702 3810 3701
f 3703 3630 3629
f 3705 3811 3636
f 3754 3631 3703
f 3705 3812 3811
f 3708 3754 3755
f 3705 3707 3812
f 3812 3707 3813
f 3707 3757 3813
f 3814 3710 3759
f 3815 3716 3710
f 3709 3816 3758
f 3519 3817 3298
f 3817 3648 3298
f 3762 3579 3645
f 3642 3579 3762
f 3580 3818 3645
f 3819 3820 3764
f 3820 3718 3764
f 3586 3651 3763
f 3713 3821 3717
f 3822 3653 3720
f 3650 3717 3821
f 3823 3522 3767
f 3824 3768 3653
f 3721 3465 3587
f 3721 3825 3464
f 3471 3826 3591
f 3471 3724 3826
f 3827 3530 3650
f 3718 3828 3769
f 3829 3662 3768
f 3662 3829 3830
f 3831 3725 3769
f 3598 3667 3832
f 3830 3660 3662
f 3771 3666 3472
f 3665 3725 3831
f 3666 3833 3474
f 3660 3834 3772
f 3831 3835 3665
f 3475 3474 3775
f 3668 3665 3835
f 3836 3837 3838
f 3776 3668 3839
f 3837 3840 3841
f 3837 3836 3840
f 3842 3774 3533
f 3779 3535 3775
f 3669 3842 3533
f 3600 3778 3480
f 3600 3601 3843
f 3844 3602 3478
f 3845 3478 3312
f 3846 3781 3604
f 3783 3603 3541
f 3374 3540 3847
f 3848 3539 3729
f 3848 3606 3539
f 3605 3846 3604
f 3849 3540 3268
f 3544 3732 3787
f 3677 3850 3730
f 3485 3789 3677
f 3851 3852 3610
f 3851 3610 3678
f 3788 3678 3545
f 3612 3681 3853
f 3791 3681 3434
f 3792 3614 3682
f 3683 3793 3791
f 3679 3794 3390
f 3792 3793 3686
f 3618 3684 3493
f 3854 3685 3616
f 3855 3618 3549
f 3856 3688 3687
f 3498 3801 3549
f 3800 3857 3496
f 3496 3857 3440
f 3857 3550 3440
f 3857 3858 3550
f 3740 3555 3692
f 3550 3858 3689
f 3858 3859 3689
f 3695 3344 3343
f 3623 3860 3694
f 3622 3806 3805
f 3557 3861 3698
f 3862 3627 3698
f 3863 3699 3627
f 3747 3748 3806
f 3864 3561 3452
f 3864 3452 3749
f 3565 3865 3564
f 3632 3752 3866
f 3866 3565 3632
f 3702 3867 3810
f 3868 3751 3559
f 3700 3868 3559
f 3702 3704 3867
f 3751 3869 3629
f 3703 3629 3869
f 3636 3870 3704
f 3703 3869 3871
f 3636 3811 3870
f 3754 3703 3871
f 3754 3871 3755
f 3872 3577 3755
f 3710 3873 3815
f 3759 3760 3874
f 3760 3761 3874
f 3875 3813 3757
f 3815 3876 3764
f 3815 3764 3716
f 3714 3877 3712
f 3878 3819 3764
f 3816 3709 3762
f 3879 3762 3645
f 3763 3651 3880
f 3580 3765 3818
f 3880 3651 3652
f 3766 3881 3720
f 3823 3521 3522
f 3652 3591 3826
f 3822 3824 3653
f 3882 3585 3583
f 3883 3820 3819
f 3464 3825 3767
f 3824 3884 3768
f 3827 3650 3821
f 3883 3718 3820
f 3884 3829 3768
f 3770 3722 3657
f 3885 3530 3827
f 3828 3718 3883
f 3886 3724 3663
f 3887 3663 3598
f 3596 3659 3771
f 3664 3888 3595
f 3832 3887 3598
f 3658 3889 3770
f 3769 3890 3831
f 3891 3837 3892
f 3837 3841 3892
f 3666 3771 3893
f 3891 3894 3837
f 3666 3893 3833
f 3476 3773 3667
f 3660 3830 3834
f 3894 3838 3837
f 3772 3834 3895
f 3833 3775 3474
f 3664 3302 3774
f 3668 3835 3839
f 3896 3841 3840
f 3599 3778 3777
f 3897 3836 3838
f 3836 3898 3840
f 3897 3898 3836
f 3727 3842 3669
f 3845 3312 3209
f 3603 3783 3601
f 3728 3374 3847
f 3899 3846 3605
f 3606 3900 3607
f 3605 3609 3899
f 3784 3786 3266
f 3607 3900 3543
f 3609 3787 3899
f 3785 3901 3674
f 3900 3676 3543
f 3731 3431 3610
f 3732 3733 3902
f 3676 3903 3682
f 3612 3902 3733
f 3788 3851 3678
f 3904 3788 3680
f 3905 3853 3681
f 3906 3680 3613
f 3907 3792 3682
f 3791 3905 3681
f 3486 3735 3736
f 3908 3793 3792
f 3615 3909 3790
f 3736 3910 3491
f 3909 3615 3738
f 3738 3911 3909
f 3491 3910 3687
f 3797 3546 3794
f 3856 3912 3688
f 3738 3740 3913
f 3688 3912 3495
f 3797 3741 3497
f 3798 3796 3914
f 3915 3552 3742
f 3552 3915 3743
f 3743 3916 3802
f 3742 3499 3917
f 3744 3917 3500
f 3499 3500 3917
f 3746 3744 3556
f 3918 3620 3689
f 3692 3621 3919
f 3745 3920 3623
f 3623 3920 3860
f 3695 3696 3449
f 3804 3805 3921
f 3694 3861 3557
f 3805 3806 3922
f 3923 3699 3863
f 3748 3924 3806
f 3806 3924 3925
f 3628 3562 3926
f 3563 3508 3750
f 3808 3564 3865
f 3865 3565 3866
f 3807 3927 3451
f 3809 3451 3927
f 3867 3928 3810
f 3811 3929 3930
f 3811 3812 3929
f 3812 3931 3929
f 3932 3931 3812
f 3815 3933 3876
f 3815 3873 3933
f 3873 3710 3814
f 3813 3932 3812
f 3872 3756 3577
f 3878 3876 3934
f 3813 3875 3932
f 3878 3764 3876
f 3935 3757 3758
f 3877 3714 3763
f 3878 3936 3819
f 3937 3758 3816
f 3762 3879 3816
f 3816 3879 3937
f 3936 3883 3819
f 3652 3826 3938
f 3939 3822 3720
f 3881 3939 3720
f 3648 3882 3583
f 3940 3521 3823
f 3765 3521 3940
f 3722 3941 3766
f 3767 3942 3823
f 3943 3721 3587
f 3944 3713 3719
f 3945 3722 3770
f 3941 3722 3945
f 3723 3944 3719
f 3884 3946 3829
f 3947 3828 3883
f 3885 3659 3530
f 3663 3887 3886
f 3948 3830 3829
f 3595 3888 3723
f 3828 3890 3769
f 3894 3891 3949
f 3773 3950 3667
f 3658 3951 3889
f 3831 3890 3952
f 3772 3951 3658
f 3953 3831 3952
f 3835 3831 3953
f 3772 3895 3951
f 3954 3775 3833
f 3955 3838 3894
f 3842 3664 3774
f 3779 3775 3954
f 3671 3776 3956
f 3957 3840 3898
f 3845 3958 3478
f 3843 3601 3783
f 3958 3844 3478
f 3728 3845 3209
f 3602 3959 3672
f 3960 3783 3782
f 3961 3729 3962
f 3780 3963 3670
f 3729 3961 3848
f 3673 3670 3963
f 3608 3964 3782
f 3849 3847 3540
f 3674 3901 3675
f 3965 3734 3786
f 3787 3732 3966
f 3903 3676 3967
f 3732 3902 3966
f 3853 3902 3612
f 3965 3679 3734
f 3907 3682 3903
f 3968 3679 3965
f 3675 3969 3735
f 3970 3904 3680
f 3905 3791 3971
f 3906 3613 3684
f 3908 3792 3907
f 3793 3971 3791
f 3968 3794 3679
f 3972 3906 3684
f 3793 3908 3971
f 3972 3684 3618
f 3973 3910 3736
f 3974 3972 3618
f 3974 3618 3855
f 3685 3854 3737
f 3975 3617 3737
f 3738 3913 3911
f 3854 3616 3795
f 3617 3975 3796
f 3912 3976 3495
f 3976 3800 3495
f 3551 3977 3801
f 3690 3978 3551
f 3979 3740 3692
f 3915 3916 3743
f 3802 3980 3691
f 3691 3980 3690
f 3859 3981 3689
f 3918 3689 3981
f 3175 3982 3444
f 3620 3918 3803
f 3343 3444 3695
f 3804 3919 3621
f 3983 3804 3921
f 3698 3861 3862
f 3627 3862 3984
f 3627 3984 3863
f 3863 3984 3985
f 3806 3925 3922
f 3699 3923 3986
f 3699 3986 3748
f 3987 3563 3750
f 3987 3750 3808
f 3988 3926 3562
f 3989 3562 3561
f 3989 3561 3864
f 3866 3752 3990
f 3926 3807 3628
f 3991 3752 3810
f 3928 3867 3704
f 3928 3704 3870
f 3869 3751 3868
f 3992 3869 3868
f 3870 3811 3930
f 3931 3993 3929
f 3994 3755 3871
f 3759 3995 3814
f 3934 3876 3996
f 3874 3997 3759
f 3931 3932 3998
f 3712 3999 3761
f 4000 3519 3756
f 3763 4001 3877
f 4000 3817 3519
f 4002 3757 3935
f 4002 3875 3757
f 3936 3878 4003
f 3652 3938 3880
f 3648 3817 3882
f 3818 3879 3645
f 3881 3766 3941
f 4004 3938 3826
f 3826 3724 4004
f 4005 3825 3721
f 3825 4006 3767
f 3821 4007 3827
f 3821 3713 4008
f 4007 3885 3827
f 3946 3948 3829
f 3770 4009 3945
f 4010 3891 3892
f 3892 4011 4010
f 3947 4012 3828
f 3659 3885 3771
f 4012 3890 3828
f 3667 3950 3832
f 4013 3830 3948
f 3949 4014 3894
f 3841 4015 3892
f 3896 4015 3841
f 4013 3834 3830
f 3777 3778 4016
f 3840 4017 3896
f 3955 4018 3838
f 3838 4018 4019
f 3839 3956 3776
f 3843 4020 3600
f 4019 3897 3838
f 3840 3957 4017
f 3727 4021 3842
f 3898 4022 3957
f 3779 3962 3729
f 3727 3781 4021
f 3671 3956 3780
f 3963 3780 4023
f 4024 3784 3672
f 4025 3606 3848
f 3900 3606 4025
f 3608 3730 3964
f 3784 4026 3786
f 3731 4027 3268
f 3967 3676 3900
f 3731 3610 3852
f 3907 3903 4028
f 3970 3680 3906
f 3908 3907 4028
f 3736 3735 3973
f 4029 3790 3909
f 3910 3856 3687
f 3974 3855 3549
f 3974 3549 3977
f 3977 3549 3801
f 3796 3975 4030
f 3551 3978 3977
f 3796 4030 3914
f 3740 4031 3913
f 3800 4032 3857
f 3740 3979 4031
f 4033 4034 3914
f 4034 3798 3914
f 3739 3798 4034
f 3980 3802 3916
f 3619 3982 3175
f 3803 3920 3745
f 3804 4035 3919
f 3804 3983 4035
f 3805 3922 3921
f 3924 3748 3986
f 3987 3749 3563
f 3989 3988 3562
f 3990 3752 3991
f 4036 3927 3807
f 3560 4037 3700
f 3560 3809 4037
f 4038 3928 3870
f 3869 3992 4039
f 3930 3929 4040
f 4040 3929 4041
f 4039 3871 3869
f 3993 4041 3929
f 3994 3871 4039
f 3994 4042 3755
f 4043 3993 3931
f 3996 3876 3933
f 4042 3872 3755
f 3995 3759 3997
f 3931 3998 4043
f 4044 3874 3761
f 3761 3999 4044
f 4045 3756 3872
f 4046 3878 3934
f 3712 4047 3999
f 3756 4045 4000
f 3877 4047 3712
f 3875 4048 3932
f 4046 4003 3878
f 4000 4049 3817
f 3875 4002 4048
f 4003 4050 3936
f 3763 3880 4001
f 3758 3937 3935
f 3822 3939 4051
f 3882 3817 4052
f 3818 3765 3940
f 4053 3936 4054
f 3585 3943 3587
f 4053 3883 3936
f 3943 4055 3721
f 4055 4005 3721
f 3884 4056 3946
f 3947 3883 4053
f 3886 4057 3724
f 3945 4058 4059
f 3821 4008 4007
f 3713 3944 4008
f 4060 4061 3946
f 4058 3945 4009
f 3946 4061 4062
f 4062 3948 3946
f 4063 3887 3832
f 3949 4064 4014
f 4011 3892 4015
f 3771 3885 4065
f 3889 4009 3770
f 3771 4066 3893
f 4065 4066 3771
f 3890 4012 4067
f 3896 4068 4015
f 3889 3951 4069
f 4070 3894 4014
f 4017 4068 3896
f 4071 3834 4013
f 3894 4070 3955
f 3895 4072 3951
f 4071 4073 3834
f 3834 4073 3895
f 3895 4073 4072
f 3953 3839 3835
f 4070 4018 3955
f 3842 4074 3664
f 3600 4075 3778
f 4020 4075 3600
f 4076 3779 3954
f 4019 4077 3897
f 3962 3779 4076
f 3897 4077 4078
f 4078 4022 3897
f 3897 4022 3898
f 4079 4021 3781
f 3780 3956 4080
f 3780 4080 4023
f 3959 3602 3844
f 3781 3846 4079
f 3847 4081 3728
f 4082 4079 3846
f 4024 3672 3959
f 3846 3899 4082
f 3899 4083 4082
f 3673 3963 4084
f 3787 4085 4083
f 3787 4083 3899
f 3787 3966 4085
f 4026 3965 3786
f 3901 4086 3675
f 3789 3850 3677
f 4086 3969 3675
f 4029 3850 3789
f 4028 3903 3967
f 3853 4087 3902
f 3790 4029 3789
f 3851 3788 4088
f 3908 4028 3971
f 3971 4089 3905
f 3904 4088 3788
f 3735 3969 4090
f 4091 3906 3972
f 3968 4092 3794
f 4093 3797 3794
f 4094 3737 3854
f 3795 4095 3854
f 4096 3741 3797
f 3976 4032 3800
f 4097 4031 3979
f 4098 3742 4099
f 4098 3915 3742
f 4030 4033 3914
f 4100 3799 3739
f 3857 4101 3858
f 3917 4099 3742
f 4100 3739 4034
f 3979 3692 4102
f 3692 3919 4102
f 4103 3695 3444
f 4104 3860 3920
f 3860 4105 3694
f 3862 3861 4106
f 3923 3863 3985
f 3986 3923 4107
f 3924 3986 4108
f 4109 3808 3865
f 3990 4110 3866
f 4111 3807 3926
f 3991 3810 4112
f 3928 4112 3810
f 3809 3927 4037
f 3700 4037 3868
f 4038 3870 4113
f 4113 3870 3930
f 3868 4037 3992
f 4041 4114 4040
f 4041 4115 4114
f 4041 3993 4115
f 4116 4117 4115
f 4118 4116 4115
f 3873 4119 3933
f 3814 4119 3873
f 3814 4120 4119
f 3995 4120 3814
f 3993 4121 4115
f 3993 4043 4121
f 4115 4121 4118
f 4122 3934 3996
f 4046 4122 4123
f 4122 4046 3934
f 3997 3874 4044
f 4124 4003 4123
f 4003 4046 4123
f 4001 4125 3877
f 4054 3936 4050
f 4051 4126 3822
f 3822 4126 3824
f 3882 4127 3585
f 4052 4127 3882
f 3942 3940 3823
f 3824 4056 3884
f 4128 3941 3945
f 4127 3943 3585
f 3767 4129 3942
f 4056 4060 3946
f 4059 4060 3945
f 4061 4060 4059
f 3949 3891 4010
f 4130 4012 3947
f 3950 4063 3832
f 3944 3723 3888
f 4062 4013 3948
f 3889 4069 4009
f 4066 3833 3893
f 3664 4074 3888
f 3726 4131 3773
f 3952 3890 4067
f 3777 4131 3726
f 3951 4132 4069
f 4066 3954 3833
f 3952 4067 4133
f 4072 4132 3951
f 4066 4076 3954
f 4075 4016 3778
f 3842 4134 4074
f 4017 4135 4136
f 3956 3839 4137
f 4138 4134 4021
f 4021 4134 3842
f 3957 4135 4017
f 4139 4077 4019
f 3960 3843 3783
f 4139 4140 4077
f 4135 3957 4022
f 4141 3845 3728
f 4078 4077 4140
f 4142 3844 3958
f 3964 3960 3782
f 4143 3847 3849
f 3961 4144 3848
f 4144 4025 3848
f 3963 4145 4084
f 4084 3785 3673
f 3730 4146 3964
f 4147 3900 4025
f 4085 4148 4083
f 4149 4146 3730
f 3850 4149 3730
f 3966 4150 4085
f 4151 3967 3900
f 3900 4147 4151
f 3902 4150 3966
f 3902 4152 4150
f 4153 4027 3731
f 4152 3902 4087
f 3852 4153 3731
f 4154 4028 3967
f 3853 4155 4087
f 3852 3851 4156
f 4154 3971 4028
f 4154 4089 3971
f 4155 3905 4089
f 3905 4155 3853
f 3970 3906 4091
f 4090 3973 3735
f 4093 3794 4092
f 4157 3910 3973
f 3974 4158 3972
f 4095 4094 3854
f 3975 4159 4030
f 3978 4160 3977
f 3799 4095 3795
f 4161 3690 3980
f 3690 4161 3978
f 4033 4030 4162
f 4033 4163 4034
f 4033 4164 4163
f 3744 3746 4165
f 4103 3444 3982
f 4166 3696 3695
f 3694 4105 4106
f 3694 4106 3861
f 3921 3922 4167
f 3922 3925 4168
f 3924 4108 3925
f 3808 4169 3987
f 4109 4169 3808
f 3865 4170 4109
f 3866 4170 3865
f 4110 4170 3866
f 4171 3749 3987
f 3988 4111 3926
f 3749 4172 3864
f 3928 4173 4112
f 4174 4037 3927
f 4175 4113 3930
f 4040 4175 3930
f 4037 4176 3992
f 4114 4115 4117
f 4039 4177 3994
f 4042 3994 4177
f 3996 4178 4122
f 4178 3996 3933
f 4116 4179 4117
f 4116 4118 4179
f 4124 4123 4180
f 4180 4123 4122
f 4181 4121 4043
f 4121 4181 4118
f 4179 4118 4124
f 3998 4182 4043
f 4043 4182 4181
f 4118 4183 4124
f 3998 4184 4182
f 4124 4183 4003
f 4045 4185 4000
f 4000 4185 4049
f 4048 4184 3932
f 4184 3998 3932
f 4183 4050 4003
f 4049 4186 3817
f 4002 3935 4187
f 3935 3937 4187
f 3881 3941 4128
f 3817 4186 4052
f 4188 3879 4189
f 4188 3937 3879
f 3818 4189 3879
f 4190 4004 3724
f 3818 4191 4189
f 4057 4190 3724
f 4126 4192 3824
f 4192 4056 3824
f 4127 4193 3943
f 4194 4055 3943
f 3825 4195 4006
f 4129 3767 4006
f 4010 4011 4192
f 4192 4196 4056
f 4197 3949 4010
f 3949 4197 4064
f 4062 4061 4059
f 4062 4059 4198
f 4198 4059 4058
f 4007 4199 3885
f 4199 4007 4008
f 4200 4130 3947
f 3888 4201 3944
f 4202 4013 4062
f 3773 4203 3950
f 4204 4070 4014
f 4069 4205 4009
f 4012 4130 4067
f 4071 4013 4202
f 4206 3888 4074
f 4017 4136 4068
f 3952 4133 3953
f 4018 4070 4207
f 4134 4206 4074
f 3839 3953 4137
f 4019 4208 4139
f 4018 4208 4019
f 4209 4210 4139
f 4210 4211 4140
f 4210 4140 4139
f 4212 3962 4076
f 4076 4213 4212
f 4214 3958 3845
f 4135 4022 4215
f 4021 4079 4138
f 4216 4080 3956
f 4217 3962 4212
f 3962 4218 3961
f 3961 4218 4144
f 4083 4148 4082
f 4024 4219 3784
f 4084 4220 3785
f 4221 4026 3784
f 4220 3901 3785
f 4147 4222 4151
f 4220 4086 3901
f 4026 4223 3965
f 4154 3967 4151
f 4029 4224 3850
f 3852 4156 4153
f 4225 4156 3851
f 3851 4088 4225
f 4226 4225 4088
f 3904 4227 4088
f 3970 4227 3904
f 4226 4088 4227
f 3909 4228 4029
f 3911 4229 3909
f 3913 4229 3911
f 4158 3974 4230
f 3910 4231 3856
f 4230 3974 3977
f 4232 4096 3797
f 3977 4160 4230
f 3737 4233 3975
f 3737 4094 4233
f 4231 3912 3856
f 4233 4159 3975
f 4233 4094 4234
f 4094 4095 4234
f 4099 4235 4098
f 3915 4098 4236
f 3915 4236 3916
f 3916 4237 3980
f 4238 4095 3799
f 3741 4096 3619
f 4238 3799 4100
f 3858 4101 3859
f 4097 3979 4102
f 4239 4034 4163
f 4239 4100 4034
f 4101 4240 3859
f 3619 4241 3982
f 4240 3981 3859
f 3918 4242 3803
f 3803 4242 3920
f 4103 4243 3695
f 4242 4104 3920
f 4104 4244 3860
f 2803 3625 3287
f 3921 4245 3983
f 4245 3921 4167
f 3862 4106 4246
f 4167 3922 4168
f 4247 3986 4107
f 3925 4248 4168
f 4248 3925 4108
f 4108 3986 4247
f 4169 4249 3987
f 4250 4110 3990
f 4251 3989 3864
f 4172 4251 3864
f 4252 4172 3749
f 4111 3988 4253
f 3807 4111 4036
f 4040 4254 4175
f 4040 4114 4254
f 3992 4176 4039
f 4177 4039 4176
f 4114 4117 4255
f 4178 3933 4256
f 4256 3933 4119
f 4180 4122 4257
f 4257 4122 4258
f 4258 4122 4178
f 4117 4179 4124
f 4117 4124 4180
f 4259 3995 3997
f 4259 3997 4044
f 3872 4042 4260
f 4118 4181 4261
f 4047 3877 4125
f 4183 4118 4261
f 4262 4125 4001
f 4261 4263 4183
f 3880 4262 4001
f 4262 3880 4264
f 4264 3880 3938
f 4183 4263 4050
f 4265 3939 3881
f 4266 4002 4187
f 4002 4266 4048
f 4267 4050 4263
f 4050 4267 4054
f 4128 4265 3881
f 3937 4188 4187
f 4267 4053 4054
f 4197 4010 4126
f 4126 4010 4192
f 3945 4268 4128
f 3942 4269 3940
f 4268 4060 4270
f 4060 4268 3945
f 4271 4195 3825
f 4196 4270 4056
f 4060 4056 4270
f 4192 4272 4196
f 4192 4011 4272
f 3947 4053 4273
f 4200 3947 4273
f 4274 3886 3887
f 4015 4275 4011
f 4068 4275 4015
f 4201 4199 4008
f 3944 4201 4008
f 3950 4203 4063
f 4276 4058 4009
f 4065 3885 4199
f 4205 4276 4009
f 4277 3773 4131
f 4201 3888 4206
f 4278 4068 4279
f 4280 4066 4065
f 4281 4066 4280
f 4282 4131 3777
f 4136 4279 4068
f 4072 4283 4132
f 4281 4076 4066
f 4134 4284 4206
f 4281 4213 4076
f 4138 4284 4134
f 4209 4285 4210
f 4286 4213 4281
f 3960 4020 3843
f 4137 4287 3956
f 3845 4288 4214
f 4213 4289 4212
f 4079 4290 4138
f 3956 4287 4216
f 4214 4142 3958
f 4140 4211 4291
f 4078 4292 4022
f 4292 4215 4022
f 3964 4293 3960
f 4081 4141 3728
f 4140 4291 4078
f 4291 4292 4078
f 4082 4290 4079
f 4082 4294 4290
f 4148 4294 4082
f 3962 4217 4218
f 4212 4289 4217
f 4023 4145 3963
f 4295 4218 4217
f 4085 4296 4148
f 4297 4144 4218
f 4297 4218 4295
f 4025 4144 4222
f 4085 4217 4296
f 4221 3784 4219
f 4222 4147 4025
f 4295 4217 4150
f 4150 4217 4085
f 3268 4027 3849
f 4298 4295 4152
f 4152 4295 4150
f 4152 4087 4298
f 4087 4299 4298
f 4155 4299 4087
f 3965 4223 3968
f 4086 4300 3969
f 4089 4154 4299
f 4089 4299 4155
f 4300 4090 3969
f 4228 4224 4029
f 3970 4091 4227
f 4157 3973 4090
f 4091 3972 4301
f 3972 4158 4301
f 4093 4232 3797
f 4031 4302 3913
f 4161 4160 3978
f 4237 3916 4303
f 4098 4235 4304
f 4098 4304 4236
f 4236 4303 3916
f 3980 4237 4161
f 4030 4159 4305
f 4306 4032 3976
f 4305 4162 4030
f 4234 4095 4238
f 4307 4308 4162
f 4308 4033 4162
f 4308 4164 4033
f 4309 4239 4163
f 4164 4310 4163
f 3919 4311 4102
f 4243 4166 3695
f 4244 4105 3860
f 4035 3983 4245
f 4246 3984 3862
f 3984 4312 3985
f 3923 3985 4107
f 4249 4171 3987
f 4313 3990 3991
f 4313 4250 3990
f 4171 4252 3749
f 4314 3991 4112
f 4251 3988 3989
f 4038 4173 3928
f 4037 4174 4315
f 4315 4176 4037
f 4254 4114 4255
f 4255 4117 4257
f 4257 4117 4180
f 3995 4316 4120
f 4259 4316 3995
f 3999 4047 4317
f 4181 4182 4318
f 4181 4318 4261
f 4184 4319 4182
f 4320 4049 4185
f 4048 4319 4184
f 4320 4186 4049
f 4186 4321 4052
f 4127 4052 4321
f 3940 4322 3818
f 4005 4271 3825
f 4272 4270 4196
f 4273 4053 4267
f 4011 4275 4272
f 4063 4274 3887
f 4204 4014 4323
f 4068 4278 4275
f 4058 4276 4198
f 4277 4203 3773
f 4198 4202 4062
f 4198 4276 4202
f 4324 4065 4199
f 4324 4199 4201
f 4325 4324 4201
f 4324 4325 4065
f 4071 4202 4326
f 4205 4132 4283
f 4069 4132 4205
f 4280 4065 4325
f 4201 4206 4325
f 4327 4207 4070
f 4016 4282 3777
f 4073 4071 4326
f 4283 4073 4326
f 4328 4016 4075
f 4136 4329 4279
f 4072 4073 4283
f 4284 4325 4206
f 4018 4207 4330
f 4208 4018 4330
f 4285 4209 4331
f 4331 4209 4139
f 4139 4208 4331
f 4136 4135 4332
f 4138 4333 4284
f 4285 4334 4210
f 4334 4211 4210
f 4335 4213 4286
f 4135 4215 4332
f 4213 4335 4289
f 4141 4288 3845
f 4294 4336 4290
f 4294 4335 4336
f 4296 4289 4335
f 4296 4335 4294
f 4148 4296 4294
f 4080 4337 4023
f 4296 4217 4289
f 4337 4145 4023
f 4219 4024 3959
f 4143 4081 3847
f 4146 4293 3964
f 4144 4338 4222
f 4338 4144 4297
f 4298 4297 4295
f 3850 4339 4149
f 4151 4222 4340
f 4299 4340 4298
f 4224 4339 3850
f 4340 4154 4151
f 4340 4299 4154
f 4341 4300 4086
f 4225 4342 4156
f 3909 4229 4228
f 4227 4091 4301
f 4157 4343 3910
f 3913 4302 4229
f 4097 4302 4031
f 4231 4344 3912
f 3976 3912 4344
f 4161 4345 4160
f 4346 4305 4159
f 4099 4347 4235
f 4306 4348 4032
f 4348 3857 4032
f 4348 4101 3857
f 4307 4162 4305
f 4349 4097 4102
f 4350 4238 4100
f 4350 4100 4239
f 4165 4351 3744
f 4352 4164 4308
f 4352 4310 4164
f 4163 4310 4309
f 4035 4353 3919
f 4354 3697 3696
f 4167 4355 4245
f 4167 4168 4356
f 4248 4357 4168
f 4358 4248 4108
f 4251 4253 3988
f 4359 3927 4036
f 4175 4360 4113
f 4361 4315 4174
f 4254 4255 4362
f 4363 4255 4257
f 4364 4177 4176
f 4258 4365 4257
f 4366 4044 3999
f 3999 4317 4366
f 4185 4045 4367
f 4368 4318 4182
f 4318 4369 4261
f 4263 4261 4369
f 4370 4182 4319
f 4369 4371 4263
f 4004 4372 3938
f 4373 4051 3939
f 4265 4373 3939
f 4190 4372 4004
f 4051 4373 4126
f 4374 4197 4126
f 4375 4187 4188
f 4187 4375 4376
f 4187 4376 4266
f 4377 4190 4057
f 4188 4378 4375
f 4322 3940 4269
f 3818 4322 4191
f 4379 4377 4057
f 3943 4193 4194
f 4194 4380 4055
f 4381 4380 4194
f 4380 4382 4055
f 4055 4382 4005
f 4382 4271 4005
f 3886 4379 4057
f 4383 4379 3886
f 4384 4270 4272
f 4323 4014 4064
f 4383 3886 4274
f 4275 4384 4272
f 4385 4204 4323
f 4386 4275 4278
f 4200 4387 4130
f 4388 4204 4389
f 4202 4276 4390
f 4388 4070 4204
f 4326 4202 4390
f 4276 4205 4390
f 4283 4390 4205
f 4130 4391 4067
f 4388 4327 4070
f 4326 4390 4283
f 4067 4391 4392
f 4284 4280 4325
f 4284 4333 4280
f 4336 4281 4280
f 4336 4280 4333
f 4330 4207 4327
f 3953 4133 4393
f 4330 4331 4208
f 4329 4136 4332
f 4286 4281 4336
f 4137 3953 4393
f 4394 4334 4395
f 4395 4334 4285
f 4290 4336 4333
f 4290 4333 4138
f 4394 4396 4334
f 4335 4286 4336
f 4396 4211 4334
f 4137 4397 4287
f 4398 4332 4215
f 4211 4399 4291
f 4292 4398 4215
f 4400 3960 4293
f 4399 4401 4291
f 4291 4401 4292
f 4146 4402 4293
f 4146 4149 4403
f 4404 4405 4084
f 4220 4084 4405
f 4340 4338 4297
f 4222 4338 4340
f 4298 4340 4297
f 4220 4341 4086
f 4153 4156 4406
f 4407 4406 4156
f 4342 4407 4156
f 3968 4408 4092
f 4342 4225 4226
f 4342 4226 4409
f 4410 4226 4227
f 4227 4301 4410
f 4409 4226 4410
f 4230 4301 4158
f 4345 4411 4230
f 4097 4412 4302
f 4160 4345 4230
f 4304 4413 4236
f 4236 4413 4303
f 4237 4303 4345
f 4237 4345 4161
f 4346 4159 4233
f 4096 4241 3619
f 4414 4234 4238
f 4307 4305 4415
f 4350 4414 4238
f 4416 4349 4102
f 4416 4102 4311
f 3982 4241 4103
f 3744 4351 3917
f 4308 4307 4352
f 4240 4417 3981
f 3918 3981 4417
f 4352 4418 4310
f 4353 4311 3919
f 3287 4419 3503
f 3287 3625 4419
f 3288 4420 3290
f 3290 4420 3289
f 3289 4421 3002
f 4422 4246 4106
f 4246 4423 3984
f 4423 4312 3984
f 4168 4357 4356
f 4424 4247 4107
f 4425 4249 4169
f 4314 4313 3991
f 4173 4038 4426
f 4036 4111 4427
f 4427 4111 4253
f 4427 4428 4036
f 4428 4359 4036
f 4174 3927 4359
f 4361 4174 4359
f 4364 4176 4315
f 4429 4362 4255
f 4429 4255 4363
f 4363 4257 4430
f 4430 4257 4365
f 4258 4431 4365
f 4178 4431 4258
f 4432 4433 4119
f 4120 4432 4119
f 4120 4316 4432
f 4366 4259 4044
f 3872 4434 4045
f 4372 4264 3938
f 4318 4368 4369
f 4371 4369 4435
f 4436 4320 4185
f 4373 4374 4126
f 4437 4373 4265
f 4437 4265 4128
f 4438 4263 4371
f 4377 4439 4190
f 4374 4440 4197
f 4268 4441 4128
f 4267 4263 4438
f 4191 4442 4189
f 4188 4189 4443
f 4443 4378 4188
f 4440 4064 4197
f 4270 4441 4268
f 4271 4444 4195
f 4129 4269 3942
f 4440 4323 4064
f 4386 4384 4275
f 4445 4204 4385
f 4389 4204 4445
f 4386 4278 4446
f 4203 4277 4447
f 4388 4389 4448
f 4446 4448 4389
f 4448 4446 4278
f 4387 4391 4130
f 4279 4448 4278
f 4448 4279 4449
f 4329 4449 4279
f 4067 4392 4133
f 4450 4329 4332
f 4137 4393 4397
f 4400 4020 3960
f 4450 4332 4398
f 4396 4399 4211
f 4398 4292 4451
f 4214 4452 4142
f 3844 4453 3959
f 3844 4142 4453
f 4403 4402 4146
f 4454 4221 4219
f 4405 4455 4220
f 4455 4341 4220
f 3968 4223 4408
f 4456 4342 4409
f 4409 4457 4456
f 4457 4409 4458
f 4458 4409 4411
f 4411 4409 4410
f 4411 4410 4301
f 4230 4411 4301
f 4343 4231 3910
f 4413 4457 4458
f 4345 4458 4411
f 4413 4458 4303
f 4303 4458 4345
f 4097 4459 4412
f 4344 4460 3976
f 4235 4347 4304
f 4461 4346 4233
f 4234 4461 4233
f 4462 4305 4346
f 4463 4461 4234
f 4464 4241 4096
f 4414 4463 4234
f 4307 4415 4352
f 4465 4414 4350
f 4239 4465 4350
f 3918 4417 4466
f 4418 4352 4467
f 3918 4468 4242
f 4310 4469 4309
f 4469 4239 4309
f 4470 4243 4103
f 4418 4469 4310
f 4354 4471 3697
f 3697 4471 4472
f 4244 4473 4105
f 4421 3289 4420
f 3002 4474 3625
f 4422 4106 4105
f 3985 4312 4475
f 4355 4167 4356
f 4356 4357 4476
f 4358 4108 4247
f 4109 4425 4169
f 4477 4109 4170
f 4170 4478 4477
f 4478 4170 4110
f 4250 4478 4110
f 4249 4252 4171
f 4479 4314 4112
f 4173 4479 4112
f 4480 4481 4251
f 4480 4251 4172
f 4426 4038 4360
f 4113 4360 4038
f 4175 4482 4360
f 4483 4175 4254
f 4254 4362 4483
f 4364 4315 4484
f 4178 4485 4431
f 4256 4485 4178
f 4433 4256 4119
f 4177 4260 4042
f 4486 4317 4047
f 4486 4047 4125
f 4487 4486 4125
f 4434 3872 4260
f 4487 4125 4262
f 4434 4367 4045
f 4370 4368 4182
f 4368 4435 4369
f 4488 4371 4435
f 4439 4372 4190
f 4186 4320 4489
f 4376 4490 4266
f 4442 4491 4189
f 4491 4443 4189
f 4127 4321 4492
f 4492 4193 4127
f 4194 4493 4381
f 4006 4494 4129
f 4006 4195 4494
f 4270 4384 4441
f 4267 4438 4495
f 4495 4273 4267
f 4389 4445 4446
f 4131 4496 4277
f 4131 4282 4496
f 4328 4282 4016
f 4497 4327 4388
f 4497 4388 4448
f 4497 4448 4449
f 4498 4075 4020
f 4499 4395 4285
f 4500 4285 4331
f 4500 4499 4285
f 4500 4331 4330
f 4501 4330 4327
f 4501 4327 4497
f 4329 4450 4449
f 4400 4498 4020
f 4502 4396 4394
f 4399 4396 4503
f 4504 4400 4293
f 4399 4503 4401
f 4505 4451 4292
f 4292 4401 4505
f 4402 4504 4293
f 4337 4506 4145
f 4084 4506 4404
f 4145 4506 4084
f 4403 4149 4507
f 4454 4508 4221
f 4508 4026 4221
f 3849 4027 4509
f 4406 4027 4153
f 4342 4510 4407
f 4090 4511 4157
f 4512 4228 4229
f 4513 4512 4229
f 4514 4093 4092
f 4510 4342 4456
f 4511 4343 4157
f 4229 4302 4513
f 4510 4456 4457
f 4510 4457 4515
f 4413 4515 4457
f 4413 4304 4515
f 4460 4306 3976
f 4349 4459 4097
f 4462 4346 4461
f 4516 4305 4462
f 4348 4517 4101
f 4415 4305 4516
f 4099 4518 4347
f 4519 4518 4099
f 3917 4519 4099
f 4351 4519 3917
f 4415 4520 4521
f 4521 4352 4415
f 4467 4352 4521
f 4466 4468 3918
f 4522 4418 4467
f 4523 4239 4469
f 4239 4523 4465
f 4418 4524 4469
f 4242 4525 4104
f 4104 4525 4244
f 4166 4354 3696
f 4246 4422 4423
f 4312 4526 4475
f 3985 4475 4107
f 4527 4107 4475
f 4355 4356 4528
f 4107 4527 4424
f 4356 4476 4528
f 4247 4424 4529
f 4247 4529 4358
f 4248 4530 4357
f 4531 4425 4109
f 4481 4253 4251
f 4175 4483 4482
f 4532 4315 4361
f 4533 4430 4365
f 4431 4533 4365
f 4485 4256 4433
f 4259 4534 4316
f 4534 4259 4366
f 4367 4436 4185
f 4374 4373 4535
f 4319 4536 4370
f 4266 4490 4048
f 4048 4490 4319
f 4535 4440 4374
f 4438 4371 4488
f 4441 4437 4128
f 4321 4186 4489
f 4382 4537 4271
f 4537 4444 4271
f 4375 4538 4376
f 4193 4493 4194
f 4494 4539 4129
f 4540 4323 4440
f 4385 4323 4540
f 4384 4541 4441
f 4274 4542 4383
f 4274 4063 4542
f 4386 4541 4384
f 4273 4495 4200
f 4542 4063 4203
f 4495 4543 4200
f 4203 4447 4542
f 4447 4277 4496
f 4544 4394 4395
f 4450 4497 4449
f 4545 4500 4330
f 4545 4330 4501
f 4394 4544 4502
f 4546 4497 4450
f 4398 4546 4450
f 4502 4547 4396
f 4548 4503 4396
f 4451 4546 4398
f 4549 4214 4288
f 4503 4550 4401
f 4550 4505 4401
f 4551 4080 4216
f 4142 4452 4453
f 4551 4337 4080
f 4552 3959 4453
f 4339 4507 4149
f 4553 4339 4224
f 4228 4553 4224
f 4300 4511 4090
f 4093 4514 4232
f 4412 4513 4302
f 4343 4554 4231
f 4231 4554 4344
f 4347 4555 4304
f 4103 4241 4556
f 4465 4463 4414
f 4557 4522 4467
f 4522 4524 4418
f 4469 4558 4523
f 4468 4525 4242
f 4165 3746 3693
f 4559 4473 4244
f 4473 4422 4105
f 4035 4245 4560
f 4245 4355 4560
f 4561 4423 4422
f 4355 4562 4560
f 4423 4526 4312
f 4355 4528 4562
f 4357 4530 4476
f 4248 4358 4530
f 4563 4564 4313
f 4313 4314 4563
f 4565 4563 4314
f 4479 4565 4314
f 4480 4172 4252
f 4566 4253 4481
f 4566 4567 4427
f 4566 4427 4253
f 4428 4427 4567
f 4483 4362 4568
f 4362 4429 4568
f 4315 4532 4484
f 4260 4177 4569
f 4486 4570 4317
f 4434 4260 4571
f 4370 4572 4368
f 4572 4370 4573
f 4435 4368 4572
f 4373 4574 4535
f 4373 4437 4574
f 4370 4536 4573
f 4536 4319 4490
f 4489 4575 4321
f 4380 4576 4382
f 4576 4537 4382
f 4375 4378 4538
f 4488 4577 4438
f 4575 4492 4321
f 4444 4494 4195
f 4191 4322 4578
f 4579 4491 4442
f 4580 4379 4383
f 4580 4581 4379
f 4577 4495 4438
f 4582 4445 4385
f 4582 4446 4445
f 4446 4582 4386
f 4200 4543 4387
f 4583 4496 4282
f 4498 4328 4075
f 4499 4584 4395
f 4392 4585 4133
f 4586 4499 4587
f 4587 4499 4500
f 4587 4500 4545
f 4393 4133 4585
f 4546 4501 4497
f 4588 4501 4546
f 4547 4548 4396
f 4589 4550 4503
f 4546 4451 4505
f 4216 4287 4551
f 4288 4141 4590
f 4337 4551 4591
f 3959 4552 4219
f 4592 4219 4552
f 4592 4454 4219
f 4509 4027 4593
f 4508 4223 4026
f 4341 4594 4300
f 4223 4595 4408
f 4514 4092 4408
f 4407 4510 4596
f 4597 4510 4515
f 4598 4554 4343
f 4515 4599 4597
f 4515 4304 4599
f 4232 4600 4096
f 4600 4464 4096
f 4516 4462 4601
f 4601 4415 4516
f 4602 4461 4463
f 4520 4415 4601
f 4101 4603 4240
f 4603 4417 4240
f 4470 4103 4556
f 4521 4557 4467
f 4469 4524 4558
f 3341 4604 3693
f 4605 4559 4244
f 4606 4560 4562
f 4527 4607 4424
f 4358 4529 4608
f 4109 4477 4531
f 4609 4477 4478
f 4564 4250 4313
f 4173 4426 4479
f 4610 4426 4360
f 4482 4610 4360
f 4611 4481 4480
f 4483 4612 4482
f 4613 4363 4430
f 4364 4484 4614
f 4615 4433 4432
f 4316 4615 4432
f 4316 4534 4616
f 4569 4177 4364
f 4317 4570 4366
f 4617 4264 4372
f 4618 4617 4372
f 4372 4439 4618
f 4540 4535 4574
f 4437 4619 4574
f 4620 4488 4435
f 4540 4440 4535
f 4621 4622 4381
f 4622 4380 4381
f 4623 4377 4379
f 4441 4624 4437
f 4493 4621 4381
f 4537 4625 4444
f 4581 4623 4379
f 4191 4578 4442
f 4541 4624 4441
f 4386 4582 4541
f 4626 4583 4282
f 4626 4282 4328
f 4498 4400 4627
f 4585 4628 4393
f 4629 4587 4545
f 4629 4545 4588
f 4588 4545 4501
f 4393 4628 4397
f 4550 4589 4629
f 4550 4629 4588
f 4550 4588 4505
f 4505 4588 4546
f 4630 4551 4287
f 4631 4504 4402
f 4403 4631 4402
f 4337 4591 4506
f 4509 4143 3849
f 4455 4632 4341
f 4339 4553 4633
f 4406 4593 4027
f 4632 4594 4341
f 4508 4595 4223
f 4406 4407 4634
f 4597 4596 4510
f 4306 4517 4348
f 4416 4459 4349
f 4461 4602 4462
f 4602 4601 4462
f 4465 4602 4463
f 4602 4465 4635
f 4465 4523 4635
f 4557 4636 4522
f 4243 4637 4166
f 4525 4605 4244
f 4353 4035 4560
f 3697 4472 3288
f 4638 4562 4528
f 4639 4562 4638
f 4528 4476 4640
f 4478 4641 4609
f 4641 4478 4250
f 4642 4641 4250
f 4564 4642 4250
f 4643 4249 4425
f 4249 4644 4252
f 4644 4480 4252
f 4611 4645 4481
f 4645 4566 4481
f 4359 4428 4646
f 4568 4429 4647
f 4647 4429 4363
f 4363 4613 4647
f 4569 4364 4648
f 4569 4649 4260
f 4650 4486 4487
f 4260 4649 4571
f 4262 4650 4487
f 4651 4650 4262
f 4262 4264 4651
f 4617 4651 4264
f 4623 4439 4377
f 4652 4489 4320
f 4490 4653 4536
f 4435 4572 4620
f 4489 4652 4575
f 4576 4654 4537
f 4655 4653 4490
f 4437 4624 4619
f 4490 4376 4656
f 4490 4656 4655
f 4657 4493 4193
f 4129 4539 4269
f 4539 4322 4269
f 4579 4658 4491
f 4491 4658 4443
f 4658 4378 4443
f 4658 4538 4378
f 4538 4656 4376
f 4193 4492 4657
f 4659 4385 4540
f 4541 4660 4624
f 4659 4582 4385
f 4495 4577 4661
f 4580 4383 4542
f 4582 4660 4541
f 4542 4447 4662
f 4543 4391 4387
f 4391 4663 4392
f 4584 4664 4395
f 4664 4544 4395
f 4627 4665 4498
f 4587 4666 4586
f 4629 4666 4587
f 4502 4667 4547
f 4589 4666 4629
f 4287 4397 4630
f 4452 4214 4549
f 4452 4668 4453
f 4141 4081 4669
f 4670 4552 4453
f 4339 4671 4507
f 4633 4671 4339
f 4406 4634 4593
f 4228 4672 4553
f 4512 4672 4228
f 4407 4596 4634
f 4594 4511 4300
f 4343 4511 4673
f 4343 4673 4598
f 4674 4513 4412
f 4675 4412 4459
f 4304 4555 4599
f 4676 4241 4464
f 4518 4555 4347
f 4601 4602 4677
f 4677 4520 4601
f 4602 4678 4677
f 4466 4417 4679
f 4520 4680 4521
f 4678 4602 4635
f 4557 4521 4680
f 4311 4681 4416
f 4636 4682 4522
f 4682 4524 4522
f 4558 4524 4683
f 4682 4684 4524
f 4524 4684 4683
f 4560 4685 4353
f 4473 4686 4422
f 4686 4561 4422
f 4561 4687 4423
f 4423 4687 4526
f 4606 4562 4688
f 4475 4689 4527
f 4528 4640 4638
f 4690 4358 4608
f 4476 4530 4691
f 4476 4691 4640
f 4358 4690 4530
f 4643 4644 4249
f 4610 4482 4692
f 4693 4612 4483
f 4566 4694 4567
f 4694 4566 4645
f 4568 4693 4483
f 4567 4646 4428
f 4695 4613 4430
f 4695 4430 4533
f 4533 4696 4695
f 4696 4533 4431
f 4532 4697 4484
f 4485 4698 4431
f 4485 4433 4698
f 4616 4615 4316
f 4648 4364 4614
f 4699 4534 4366
f 4570 4699 4366
f 4367 4434 4700
f 4701 4618 4439
f 4439 4623 4701
f 4573 4702 4572
f 4622 4703 4380
f 4380 4703 4576
f 4572 4702 4620
f 4537 4654 4625
f 4574 4619 4540
f 4704 4575 4652
f 4619 4659 4540
f 4705 4492 4575
f 4660 4619 4624
f 4706 4442 4578
f 4488 4620 4577
f 4660 4659 4619
f 4620 4707 4577
f 4582 4659 4660
f 4661 4708 4495
f 4495 4708 4543
f 4543 4708 4709
f 4496 4662 4447
f 4709 4391 4543
f 4583 4710 4496
f 4498 4711 4328
f 4712 4584 4499
f 4713 4544 4664
f 4714 4712 4586
f 4712 4499 4586
f 4713 4502 4544
f 4667 4502 4713
f 4397 4628 4715
f 4589 4548 4716
f 4503 4548 4589
f 4400 4504 4717
f 4715 4630 4397
f 4718 4549 4288
f 4081 4143 4669
f 4404 4719 4405
f 4719 4455 4405
f 4454 4720 4508
f 4721 4509 4593
f 4508 4720 4595
f 4672 4633 4553
f 4594 4722 4511
f 4722 4673 4511
f 4723 4514 4408
f 4514 4723 4600
f 4674 4724 4513
f 4600 4232 4514
f 4598 4725 4554
f 4599 4726 4597
f 4517 4603 4101
f 4676 4556 4241
f 4468 4466 4727
f 4468 4728 4525
f 4729 4636 4557
f 4683 4523 4558
f 4682 4636 4730
f 4311 4353 4685
f 4606 4685 4560
f 4562 4639 4688
f 4475 4526 4689
f 4689 4607 4527
f 4638 4731 4639
f 4424 4732 4529
f 4531 4643 4425
f 4733 4479 4426
f 4610 4692 4734
f 4692 4482 4612
f 4568 4647 4693
f 4359 4735 4361
f 4532 4361 4735
f 4698 4696 4431
f 4484 4697 4614
f 4615 4736 4433
f 4434 4571 4737
f 4700 4434 4737
f 4367 4700 4436
f 4320 4436 4652
f 4536 4653 4573
f 4625 4738 4444
f 4738 4494 4444
f 4539 4739 4322
f 4581 4740 4623
f 4741 4657 4492
f 4706 4579 4442
f 4742 4581 4580
f 4707 4661 4577
f 4710 4662 4496
f 4391 4709 4663
f 4626 4328 4711
f 4665 4711 4498
f 4743 4585 4392
f 4586 4666 4714
f 4717 4627 4400
f 4716 4744 4589
f 4666 4589 4744
f 4667 4745 4547
f 4746 4717 4504
f 4747 4631 4403
f 4453 4668 4670
f 4552 4670 4592
f 4506 4748 4404
f 4749 4748 4506
f 4750 4454 4592
f 4455 4719 4632
f 4593 4634 4751
f 4513 4724 4512
f 4634 4596 4752
f 4675 4674 4412
f 4599 4753 4726
f 4555 4753 4599
f 4460 4754 4306
f 4754 4517 4306
f 4416 4755 4459
f 4756 4556 4676
f 4757 4520 4758
f 4758 4520 4677
f 4758 4677 4678
f 4757 4759 4680
f 4757 4680 4520
f 4679 4727 4466
f 4470 4556 4760
f 4761 4678 4635
f 4557 4680 4762
f 4680 4759 4762
f 4727 4728 4468
f 4523 4763 4635
f 4683 4763 4523
f 4636 4729 4730
f 4764 4682 4730
f 4684 4682 4764
f 4765 4311 4685
f 4637 4354 4166
f 3503 4766 3341
f 4419 4766 3503
f 4559 4686 4473
f 4606 4688 4685
f 4639 4767 4688
f 4424 4607 4732
f 4767 4639 4731
f 4608 4529 4768
f 4769 4640 4691
f 4530 4770 4691
f 4609 4771 4477
f 4771 4531 4477
f 4772 4564 4563
f 4733 4565 4479
f 4734 4426 4610
f 4773 4480 4644
f 4773 4611 4480
f 4612 4774 4692
f 4645 4775 4694
f 4567 4776 4646
f 4776 4567 4694
f 4613 4777 4647
f 4616 4778 4615
f 4779 4780 4616
f 4616 4534 4779
f 4779 4534 4699
f 4781 4570 4486
f 4782 4571 4649
f 4781 4486 4650
f 4701 4617 4618
f 4703 4783 4576
f 4653 4784 4573
f 4702 4785 4620
f 4738 4786 4494
f 4494 4786 4539
f 4786 4787 4539
f 4705 4741 4492
f 4739 4578 4322
f 4788 4706 4578
f 4656 4538 4789
f 4620 4790 4707
f 4791 4580 4542
f 4792 4791 4542
f 4663 4743 4392
f 4793 4713 4664
f 4584 4793 4664
f 4631 4746 4504
f 4718 4288 4590
f 4506 4591 4749
f 4721 4794 4143
f 4143 4509 4721
f 4750 4720 4454
f 4632 4795 4594
f 4795 4722 4594
f 4596 4597 4796
f 4673 4797 4598
f 4797 4725 4598
f 4725 4344 4554
f 4460 4344 4798
f 4799 4754 4460
f 4800 4753 4555
f 4518 4800 4555
f 4243 4470 4760
f 4243 4760 4801
f 4729 4557 4762
f 4762 4802 4729
f 4765 4681 4311
f 4802 4730 4729
f 4803 4763 4683
f 4803 4683 4684
f 4730 4804 4764
f 4805 4684 4764
f 3341 4766 4604
f 4804 4805 4764
f 4806 4765 4685
f 4807 4685 4688
f 4731 4638 4769
f 4769 4638 4640
f 4808 4690 4608
f 4530 4690 4770
f 4642 4809 4641
f 4564 4809 4642
f 4810 4643 4531
f 4563 4565 4772
f 4734 4733 4426
f 4811 4773 4644
f 4645 4611 4775
f 4694 4812 4776
f 4775 4812 4694
f 4813 4646 4776
f 4695 4777 4613
f 4735 4359 4646
f 4698 4814 4696
f 4815 4532 4735
f 4697 4532 4815
f 4736 4698 4433
f 4697 4816 4614
f 4569 4648 4817
f 4818 4781 4650
f 4571 4782 4737
f 4651 4819 4650
f 4703 4622 4820
f 4820 4783 4703
f 4436 4821 4652
f 4576 4783 4654
f 4740 4701 4623
f 4621 4493 4657
f 4704 4822 4575
f 4822 4705 4575
f 4787 4739 4539
f 4620 4785 4790
f 4823 4578 4739
f 4824 4538 4658
f 4742 4580 4791
f 4707 4708 4661
f 4662 4792 4542
f 4825 4583 4626
f 4711 4825 4626
f 4826 4743 4663
f 4712 4793 4584
f 4713 4827 4667
f 4666 4744 4714
f 4585 4828 4628
f 4667 4827 4745
f 4828 4715 4628
f 4745 4829 4547
f 4547 4829 4548
f 4829 4716 4548
f 4830 4452 4549
f 4507 4747 4403
f 4748 4719 4404
f 4831 4672 4512
f 4512 4724 4831
f 4752 4596 4796
f 4597 4832 4796
f 4833 4674 4675
f 4834 4832 4597
f 4834 4597 4726
f 4725 4798 4344
f 4799 4460 4798
f 4600 4835 4464
f 4459 4836 4675
f 4459 4755 4836
f 4676 4464 4835
f 4754 4837 4517
f 4517 4837 4603
f 4837 4838 4603
f 4839 4518 4519
f 4603 4840 4417
f 4681 4755 4416
f 4841 4755 4681
f 4842 4758 4678
f 4842 4678 4761
f 4759 4843 4762
f 4635 4844 4761
f 4763 4844 4635
f 4804 4730 4802
f 4805 4845 4684
f 4684 4845 4803
f 4559 4605 4846
f 4807 4806 4685
f 4421 4474 3002
f 4561 4847 4687
f 4687 4848 4526
f 4529 4732 4849
f 4850 4731 4769
f 4851 4769 4691
f 4691 4770 4851
f 4769 4851 4850
f 4852 4771 4609
f 4852 4609 4641
f 4771 4810 4531
f 4772 4853 4564
f 4733 4854 4565
f 4612 4693 4774
f 4855 4775 4611
f 4615 4778 4736
f 4780 4778 4616
f 4648 4614 4816
f 4816 4817 4648
f 4856 4649 4569
f 4856 4782 4649
f 4857 4570 4781
f 4818 4650 4819
f 4700 4821 4436
f 4820 4622 4858
f 4859 4654 4783
f 4860 4654 4859
f 4860 4625 4654
f 4784 4702 4573
f 4822 4861 4705
f 4705 4861 4741
f 4656 4862 4655
f 4653 4655 4862
f 4579 4824 4658
f 4863 4789 4538
f 4656 4789 4862
f 4864 4792 4662
f 4865 4709 4708
f 4710 4864 4662
f 4709 4826 4663
f 4665 4866 4711
f 4867 4665 4627
f 4868 4717 4746
f 4630 4869 4551
f 4869 4870 4551
f 4551 4870 4871
f 4591 4551 4871
f 4590 4141 4669
f 4748 4872 4719
f 4719 4873 4632
f 4874 4720 4750
f 4632 4873 4795
f 4875 4633 4876
f 4672 4876 4633
f 4722 4877 4673
f 4796 4878 4752
f 4879 4797 4673
f 4836 4833 4675
f 4756 4676 4835
f 4518 4839 4880
f 4838 4840 4603
f 4351 4839 4519
f 4758 4842 4757
f 4844 4842 4761
f 4763 4881 4844
f 4843 4882 4762
f 4802 4762 4882
f 4763 4803 4881
f 4525 4883 4605
f 4884 4804 4802
f 4885 4804 4886
f 4885 4805 4804
f 4885 4845 4805
f 4846 4686 4559
f 4688 4887 4807
f 4847 4848 4687
f 4887 4688 4767
f 4848 4689 4526
f 4888 4607 4689
f 4849 4768 4529
f 4731 4850 4889
f 4808 4608 4768
f 4690 4808 4890
f 4690 4890 4770
f 4770 4891 4851
f 4850 4851 4892
f 4853 4809 4564
f 4854 4772 4565
f 4643 4811 4644
f 4893 4774 4693
f 4855 4611 4773
f 4696 4814 4695
f 4735 4646 4813
f 4894 4814 4698
f 4894 4698 4736
f 4815 4895 4697
f 4895 4816 4697
f 4857 4699 4570
f 4782 4896 4737
f 4700 4737 4897
f 4898 4819 4651
f 4898 4651 4617
f 4701 4899 4617
f 4860 4738 4625
f 4823 4788 4578
f 4824 4863 4538
f 4708 4707 4900
f 4900 4865 4708
f 4865 4901 4709
f 4902 4710 4583
f 4902 4583 4825
f 4825 4711 4866
f 4713 4793 4903
f 4903 4827 4713
f 4743 4828 4585
f 4868 4627 4717
f 4715 4869 4630
f 4718 4830 4549
f 4591 4871 4749
f 4904 4747 4507
f 4143 4794 4669
f 4749 4905 4748
f 4906 4669 4794
f 4907 4671 4633
f 4875 4907 4633
f 4593 4751 4721
f 4752 4908 4634
f 4909 4726 4753
f 4799 4910 4754
f 4910 4837 4754
f 4911 4756 4835
f 4753 4800 4912
f 4518 4880 4800
f 4880 4839 4913
f 4840 4914 4417
f 4914 4679 4417
f 4841 4915 4755
f 4916 4843 4759
f 4916 4759 4757
f 4916 4757 4842
f 4842 4844 4917
f 4681 4765 4841
f 4881 4917 4844
f 4802 4882 4918
f 4728 4883 4525
f 4884 4802 4918
f 4883 4846 4605
f 4803 4845 4919
f 4804 4884 4920
f 4885 4921 4845
f 4921 4919 4845
f 4920 4886 4804
f 4807 4922 4806
f 4923 4561 4686
f 4887 4767 4924
f 4888 4732 4607
f 4925 4767 4731
f 4889 4850 4892
f 4770 4890 4891
f 4734 4926 4733
f 4927 4811 4643
f 4647 4893 4693
f 4928 4893 4647
f 4929 4776 4930
f 4776 4812 4930
f 4815 4735 4813
f 4780 4931 4778
f 4932 4780 4779
f 4932 4779 4699
f 4569 4933 4856
f 4933 4569 4817
f 4737 4896 4897
f 4783 4820 4934
f 4859 4783 4934
f 4935 4860 4859
f 4936 4652 4821
f 4622 4621 4858
f 4621 4657 4937
f 4653 4938 4784
f 4702 4784 4939
f 4785 4939 4940
f 4702 4939 4785
f 4652 4941 4704
f 4704 4941 4822
f 4741 4937 4657
f 4706 4942 4579
f 4942 4824 4579
f 4785 4940 4790
f 4943 4740 4581
f 4742 4943 4581
f 4790 4944 4707
f 4944 4900 4707
f 4945 4864 4710
f 4902 4945 4710
f 4709 4901 4826
f 4946 4866 4665
f 4712 4714 4947
f 4714 4744 4947
f 4868 4867 4627
f 4716 4948 4744
f 4716 4829 4949
f 4950 4868 4746
f 4951 4952 4953
f 4631 4950 4746
f 4952 4954 4953
f 4953 4954 4955
f 4952 4951 4956
f 4907 4904 4507
f 4907 4507 4671
f 4719 4872 4873
f 4831 4876 4672
f 4595 4720 4957
f 4908 4751 4634
f 4795 4877 4722
f 4831 4724 4958
f 4595 4957 4408
f 4878 4908 4752
f 4877 4879 4673
f 4408 4957 4723
f 4674 4958 4724
f 4959 4832 4834
f 4797 4960 4725
f 4909 4959 4834
f 4726 4909 4834
f 4961 4909 4753
f 4962 4840 4838
f 4963 4556 4756
f 4679 4964 4727
f 4727 4964 4728
f 4917 4916 4842
f 4806 4965 4765
f 4919 4881 4803
f 4922 4965 4806
f 4884 4966 4920
f 4846 4923 4686
f 3288 4472 4420
f 4967 4847 4561
f 4847 4968 4848
f 4969 4888 4689
f 4767 4925 4924
f 4731 4889 4925
f 4891 4890 4970
f 4892 4851 4971
f 4972 4851 4891
f 4971 4851 4972
f 4973 4852 4641
f 4974 4810 4771
f 4810 4927 4643
f 4926 4734 4692
f 4975 4692 4774
f 4893 4975 4774
f 4855 4773 4976
f 4777 4928 4647
f 4977 4777 4695
f 4978 4775 4855
f 4979 4775 4978
f 4775 4979 4812
f 4812 4979 4930
f 4980 4736 4778
f 4981 4932 4699
f 4699 4857 4981
f 4982 4782 4856
f 4983 4857 4781
f 4984 4818 4819
f 4819 4898 4984
f 4899 4898 4617
f 4985 4934 4820
f 4700 4986 4821
f 4820 4987 4985
f 4934 4988 4859
f 4935 4859 4988
f 4989 4899 4701
f 4858 4987 4820
f 4989 4701 4740
f 4990 4786 4738
f 4991 4989 4740
f 4936 4941 4652
f 4937 4741 4861
f 4862 4992 4653
f 4653 4992 4938
f 4993 4861 4822
f 4994 4706 4788
f 4940 4944 4790
f 4995 4943 4742
f 4791 4996 4742
f 4865 4900 4997
f 4826 4901 4998
f 4826 4999 4743
f 4946 4665 4867
f 4744 5000 4947
f 4828 5001 4715
f 4948 5000 4744
f 5002 4715 5001
f 4951 5003 5004
f 4951 4953 5003
f 5002 4869 4715
f 4949 4948 4716
f 4953 4955 5005
f 5004 4956 4951
f 5006 4955 4954
f 4950 4631 5007
f 5006 4954 5008
f 5007 4631 4747
f 4956 5009 4952
f 4952 5010 4954
f 5008 4954 5010
f 4952 5009 5010
f 4668 5011 4670
f 4720 4874 4957
f 5012 4878 4796
f 4832 5012 4796
f 5013 4600 4723
f 5014 4725 4960
f 4725 5014 4798
f 4753 5015 4961
f 4753 4912 5015
f 4800 5016 4912
f 4836 4755 5017
f 4880 5016 4800
f 5017 4755 4915
f 4965 4841 4765
f 4843 4916 4882
f 5018 4882 4916
f 4917 4881 5019
f 4918 4882 5018
f 5020 4918 5018
f 4919 5019 4881
f 5020 4966 4918
f 4918 4966 4884
f 4921 5021 4919
f 4920 5022 4886
f 4886 5023 4885
f 4807 5024 4922
f 5024 4807 4887
f 4923 4967 4561
f 4969 4689 4848
f 4969 5025 4888
f 4888 5025 4732
f 5026 4890 4808
f 4891 4970 4972
f 4892 4971 5027
f 4973 5028 4852
f 5028 4771 4852
f 4809 4973 4641
f 5029 4809 4853
f 5029 4853 5030
f 4853 4772 5030
f 5028 4974 4771
f 5031 4733 4926
f 4811 4976 4773
f 4977 5032 4777
f 4977 4695 4814
f 4978 4855 4976
f 4894 5033 4814
f 4980 4894 4736
f 5034 4929 4930
f 4895 5035 4816
f 5035 4817 4816
f 4782 4982 4896
f 4986 4700 4897
f 4987 5036 4985
f 4986 5037 4821
f 5037 4936 4821
f 4860 4990 4738
f 5038 4937 4861
f 4993 5038 4861
f 4706 4994 4942
f 4824 5039 4863
f 5040 4789 4863
f 4943 4991 4740
f 4997 4901 4865
f 4999 5041 4743
f 5041 4828 4743
f 5042 5001 4828
f 5043 4745 4827
f 5005 5003 4953
f 5044 4745 5043
f 4745 5044 4829
f 5044 5045 4829
f 4949 4829 5045
f 5046 4749 4871
f 5047 5009 4956
f 5009 5048 5010
f 4748 4905 4872
f 5049 4750 4592
f 5050 4875 4876
f 4873 5051 4795
f 4877 4795 5051
f 5052 4876 4831
f 5052 4831 4958
f 4751 4908 4878
f 4723 4957 5053
f 5054 4797 4879
f 4797 5054 4960
f 5055 5012 4832
f 4674 4833 4958
f 4835 4600 5013
f 4798 5014 5056
f 4798 5056 4799
f 5056 4910 4799
f 4837 4910 4838
f 4679 4914 4964
f 4728 4964 5057
f 4916 5058 5018
f 5058 4916 4917
f 5059 4917 5019
f 4243 4801 4637
f 4919 5059 5019
f 5021 5059 4919
f 4354 5060 4471
f 5022 5023 4886
f 3625 5061 4419
f 4474 5061 3625
f 4847 5062 4968
f 5063 4887 4924
f 4768 5064 4808
f 4890 5026 4970
f 4892 5065 4889
f 4892 5027 5065
f 5027 4971 5066
f 5067 4772 4854
f 5067 5030 4772
f 5068 4854 4733
f 5031 5068 4733
f 4810 4974 5069
f 5069 4927 4810
f 4975 4926 4692
f 4811 4927 5070
f 5070 4976 4811
f 5032 4928 4777
f 4978 5071 4979
f 5072 4813 4776
f 4929 5072 4776
f 4815 4813 5073
f 5074 4929 5034
f 4931 4980 4778
f 5075 5034 4930
f 5076 4981 4857
f 4983 5076 4857
f 4818 4984 5077
f 4986 4897 5078
f 5079 4934 4985
f 5079 5080 4934
f 4988 4934 5081
f 4988 5082 4935
f 4858 4621 5083
f 4990 4787 4786
f 5083 4621 4937
f 4936 5084 4941
f 5085 4823 4739
f 4938 5086 4784
f 5085 5087 4823
f 5087 4788 4823
f 5088 4992 4862
f 4941 4993 4822
f 4788 5087 4994
f 5039 5040 4863
f 4789 5088 4862
f 4996 4995 4742
f 4996 4791 4792
f 5089 4792 4864
f 4945 5089 4864
f 4998 4999 4826
f 5041 5042 4828
f 4903 5090 4827
f 5005 5091 5003
f 5090 5043 4827
f 5005 5092 5093
f 5094 4868 4950
f 5095 4956 5004
f 5005 4955 5092
f 5095 5096 4956
f 5006 5008 5097
f 5008 5098 5097
f 5096 5047 4956
f 5008 5010 5098
f 4904 5007 4747
f 5047 5048 5009
f 4590 4669 4906
f 5099 4872 4905
f 5049 4592 4670
f 5049 4670 5011
f 5052 5050 4876
f 4832 4959 5055
f 5100 4959 4909
f 4911 4835 5013
f 4833 4836 5101
f 4962 4838 4910
f 5102 4914 4840
f 4841 5103 4915
f 4965 5103 4841
f 4965 5104 5103
f 4883 4728 5057
f 4917 5059 5058
f 4922 5104 4965
f 4604 5105 3693
f 4883 5106 4846
f 4921 5107 5021
f 5106 4923 4846
f 5107 4921 4885
f 4887 5108 5024
f 5108 4887 5063
f 4968 4969 4848
f 5109 4924 4925
f 4768 4849 5110
f 5026 4808 5064
f 5111 4889 5065
f 5112 4972 4970
f 4972 5113 4971
f 5068 5067 4854
f 5114 4926 4975
f 4893 5114 4975
f 5115 4977 4814
f 5116 4978 4976
f 5033 5115 4814
f 5072 5073 4813
f 5117 4979 5071
f 5073 5118 4815
f 4979 5117 4930
f 5118 4895 4815
f 4931 4780 5119
f 5075 4930 5117
f 5120 4933 4817
f 5035 5120 4817
f 5119 4780 4932
f 4856 4933 5121
f 4982 4856 5121
f 5122 5123 5080
f 4896 4982 5078
f 5079 5122 5080
f 5124 4781 4818
f 5078 4897 4896
f 4934 5080 5081
f 4988 5081 5125
f 5082 4988 5125
f 5036 5079 4985
f 4935 5082 5126
f 5127 4899 4989
f 4990 4860 4935
f 4858 5083 4987
f 5128 4787 4990
f 4787 5129 4739
f 5128 5129 4787
f 5038 5130 4937
f 5130 5083 4937
f 5131 5084 4936
f 4939 5132 4940
f 5040 5088 4789
f 5133 4900 4944
f 4997 5134 4901
f 5089 4996 4792
f 5135 4903 4793
f 5135 4793 4712
f 4947 5135 4712
f 5091 5136 5003
f 5005 5137 5091
f 5138 4867 4868
f 5004 5003 5136
f 5093 5137 5005
f 5094 5138 4868
f 5136 5139 5004
f 5044 5043 5140
f 5095 5004 5139
f 4869 5141 4870
f 5142 5141 4869
f 4870 5141 5143
f 4870 5143 4871
f 4955 5006 5144
f 5145 5098 5010
f 5046 4905 4749
f 5146 5048 5047
f 5010 5048 5145
f 5147 4904 4907
f 4906 5148 4590
f 5048 5146 5149
f 5150 4872 5099
f 5150 4873 4872
f 5151 4794 4721
f 4874 5152 4957
f 5153 4877 5051
f 5153 4879 4877
f 4878 5154 4751
f 4878 5012 5155
f 4958 4833 5156
f 5053 5013 4723
f 5157 4909 4961
f 4961 5015 5157
f 4912 5158 5015
f 4912 5016 5158
f 4962 5102 4840
f 5016 4880 5159
f 5159 4880 5160
f 4913 5160 4880
f 4556 4963 4760
f 4351 4913 4839
f 4964 5161 5057
f 3693 5105 4165
f 5162 5058 5059
f 5020 5163 4966
f 5162 5059 5021
f 5164 4966 5163
f 5024 5165 4922
f 4637 5060 4354
f 4920 4966 5164
f 4967 5062 4847
f 5062 5166 4968
f 4924 5109 5063
f 5025 5167 4732
f 4732 5168 4849
f 4889 5169 4925
f 5169 4889 5111
f 4972 5112 5113
f 5170 4971 5113
f 4971 5170 5066
f 5171 4973 4809
f 5172 5114 4893
f 5116 4976 5070
f 4928 5172 4893
f 5071 4978 5116
f 5173 5033 4894
f 5173 4894 5174
f 5174 4894 4980
f 5174 4980 4931
f 4929 5074 5072
f 5175 5117 5071
f 5176 4931 5119
f 5075 5117 5177
f 5121 4933 5178
f 5122 5179 5075
f 5075 5123 5122
f 5123 5075 5177
f 5124 4983 4781
f 5077 5124 4818
f 5180 5077 4984
f 4898 5180 4984
f 5181 5180 4898
f 4898 5182 5181
f 4898 4899 5182
f 5182 4899 5127
f 5083 5183 4987
f 5037 5131 4936
f 5085 4739 5129
f 4784 5086 4939
f 5184 4989 4991
f 5084 5131 5185
f 4994 5186 4942
f 4942 5187 4824
f 4941 5188 4993
f 5132 4944 4940
f 4943 5184 4991
f 4995 5189 4943
f 5189 4995 5190
f 5134 4998 4901
f 5191 4825 4866
f 4867 5138 4946
f 5090 4903 5135
f 5192 5091 5137
f 5002 5142 4869
f 5144 5092 4955
f 5143 5046 4871
f 5096 5095 5193
f 5194 5097 5098
f 5097 5144 5006
f 5193 5195 5096
f 5196 4905 5046
f 5096 5195 5047
f 4718 4590 5197
f 5196 5099 4905
f 5198 5147 4907
f 4873 5150 5199
f 5198 4907 4875
f 5053 4957 5152
f 5153 5054 4879
f 5155 5154 4878
f 5055 5155 5012
f 5200 5013 5053
f 4909 5201 5100
f 5157 5201 4909
f 5056 5202 4910
f 4910 5202 4962
f 5101 4836 5017
f 5203 5157 5015
f 5102 5204 4914
f 4964 4914 5161
f 4351 5205 4913
f 5206 5207 5208
f 5209 5208 5210
f 4165 5105 4351
f 5165 5104 4922
f 5058 5162 5018
f 5211 4920 5164
f 4920 5211 5022
f 4419 5061 4766
f 4967 4923 5212
f 5024 5108 5213
f 5214 4969 4968
f 4732 5167 5168
f 5169 5109 4925
f 5110 5064 4768
f 5215 5169 5111
f 4970 5026 5112
f 5029 5171 4809
f 5029 5030 5216
f 5217 5030 5067
f 5068 5217 5067
f 5070 4927 5069
f 5173 5218 5033
f 5176 5174 4931
f 5073 5219 5118
f 5175 5177 5117
f 5178 4933 5120
f 5220 5123 5177
f 5080 5123 5220
f 5080 5220 5081
f 5221 5078 4982
f 5125 5081 5220
f 5122 5079 5222
f 5223 4986 5078
f 4987 5183 5036
f 4986 5223 5224
f 4935 5126 4990
f 4986 5224 5037
f 5225 5127 4989
f 5037 5226 5131
f 5086 5227 4939
f 5084 5228 4941
f 4993 5188 5038
f 5186 5187 4942
f 4824 5187 5039
f 5227 5132 4939
f 5228 5188 4941
f 5132 5133 4944
f 5189 5184 4943
f 5089 5229 4996
f 5230 4945 5231
f 5231 4945 4902
f 5232 5231 4902
f 5232 4902 4825
f 5041 5233 5042
f 5234 4866 4946
f 5235 5138 5094
f 5093 5092 5236
f 5237 5095 5139
f 5238 4949 5045
f 5239 5094 4950
f 5044 5240 5045
f 5193 5095 5237
f 5097 5241 5144
f 5242 4950 5007
f 5098 5145 5243
f 5244 5243 5145
f 5007 4904 5245
f 5147 5245 4904
f 4452 5246 4668
f 5246 5011 4668
f 5048 5149 5145
f 5146 5247 5149
f 5198 4875 5248
f 5051 4873 5199
f 5050 5248 4875
f 4721 4751 5249
f 4874 5250 5152
f 5251 5052 4958
f 5154 5249 4751
f 5252 4960 5054
f 5156 5253 4958
f 5254 5014 4960
f 5255 5013 5200
f 5055 4959 5256
f 5256 4959 5100
f 5014 5254 5056
f 5257 5156 4833
f 5257 4833 5101
f 5255 4911 5013
f 5015 5158 5203
f 5258 5102 4962
f 5016 5259 5158
f 5159 5259 5016
f 4756 4911 5260
f 4914 5204 5261
f 5262 5160 4913
f 5261 5161 4914
f 5103 5263 4915
f 5208 5264 5265
f 5206 5266 5267
f 5206 5268 5266
f 5268 5208 5265
f 5268 5206 5208
f 5264 5208 5209
f 5267 5207 5206
f 5207 5210 5208
f 5207 5269 5210
f 5270 5271 4883
f 5272 5163 5020
f 5272 5020 5018
f 5272 5018 5162
f 4883 5271 5106
f 5107 5273 5021
f 5213 5165 5024
f 5022 5211 5274
f 5023 5107 4885
f 5274 5275 5022
f 5023 5022 5275
f 4967 5212 5276
f 4472 5277 4420
f 4420 4474 4421
f 5278 5108 5063
f 4969 5279 5025
f 5109 5278 5063
f 4849 5168 5110
f 5110 5280 5064
f 5281 5169 5215
f 5113 5112 5282
f 5065 5283 5111
f 5284 5028 4973
f 5285 5029 5216
f 5216 5030 5217
f 5286 5068 5031
f 5114 5031 4926
f 5287 5069 4974
f 5288 5070 5069
f 5289 5172 4928
f 5290 5032 4977
f 5115 5290 4977
f 5219 5073 5291
f 5072 5291 5073
f 5074 5291 5072
f 5292 5035 4895
f 5118 5292 4895
f 5293 5177 5175
f 5294 5176 5119
f 5075 5074 5034
f 5294 5119 4932
f 5075 5179 5074
f 5177 5293 5295
f 4981 5294 4932
f 5177 5295 5220
f 5296 4982 5121
f 5296 5297 4982
f 5179 5122 5222
f 5220 5295 5125
f 5079 5036 5222
f 5221 5223 5078
f 5180 5298 5077
f 5299 4990 5126
f 5300 5037 5224
f 5130 5038 5301
f 5225 4989 5184
f 5188 5301 5038
f 5085 5302 5087
f 5040 5039 5303
f 5088 5304 4992
f 5305 5304 5088
f 5133 5306 4900
f 4900 5306 4997
f 5306 5307 4997
f 4997 5307 5134
f 5308 4995 4996
f 5308 4996 5229
f 5230 5089 4945
f 4998 5309 4999
f 5232 4825 5191
f 5309 5041 4999
f 5234 5191 4866
f 5138 5234 4946
f 5310 5042 5233
f 5310 5001 5042
f 5135 4947 5311
f 5192 5136 5091
f 5135 5312 5090
f 5000 5311 4947
f 5313 5137 5093
f 5239 5235 5094
f 5139 5314 5237
f 5139 5315 5314
f 5236 5313 5093
f 5238 4948 4949
f 5045 5240 5238
f 5143 5316 5046
f 5317 5194 5318
f 5098 5318 5194
f 5097 5194 5241
f 5319 5092 5144
f 5236 5092 5319
f 5243 5318 5098
f 5246 4452 4830
f 5047 5195 5320
f 5047 5320 5146
f 5244 5145 5321
f 5149 5321 5145
f 5250 4874 4750
f 4721 5249 5151
f 5253 5251 4958
f 5153 5252 5054
f 5053 5152 5200
f 5252 5254 4960
f 5157 5322 5323
f 5157 5203 5322
f 5262 5324 5160
f 5159 5160 5324
f 4963 4756 5260
f 5265 5264 5325
f 5325 5264 5326
f 5327 5264 5209
f 5327 5209 5328
f 5329 5207 5267
f 5270 4883 5057
f 5105 5330 4351
f 5207 5329 5331
f 5331 5332 5207
f 5207 5332 5269
f 5210 5328 5209
f 5165 5333 5104
f 5334 5335 5336
f 5337 5336 5335
f 5162 5338 5272
f 5021 5338 5162
f 5338 5021 5273
f 5212 4923 5106
f 5339 4766 5061
f 5107 5023 5340
f 5341 5061 4474
f 5061 5341 5339
f 5277 5342 4420
f 4420 5342 4474
f 4967 5276 5062
f 5278 5343 5108
f 5214 5279 4969
f 5169 5281 5109
f 5281 5215 5344
f 5215 5111 5283
f 5282 5170 5113
f 5065 5027 5345
f 5283 5065 5345
f 5171 5284 4973
f 5028 5346 4974
f 5346 5028 5284
f 5285 5171 5029
f 5347 5031 5114
f 5347 5114 5172
f 5032 5289 4928
f 5218 5115 5033
f 5348 5071 5116
f 5349 5296 5121
f 5350 4981 5076
f 5076 4983 5350
f 5297 5221 4982
f 5351 4983 5124
f 5124 5077 5298
f 5082 5299 5126
f 5352 5224 5223
f 5183 5083 5353
f 5354 5182 5127
f 5130 5353 5083
f 5225 5354 5127
f 5129 5355 5085
f 5226 5037 5300
f 5302 5356 5087
f 5087 5356 4994
f 4994 5356 5186
f 5086 4938 5357
f 5226 5185 5131
f 5187 5358 5039
f 5358 5303 5039
f 5040 5305 5088
f 5185 5359 5084
f 5084 5359 5228
f 5308 5190 4995
f 5230 5229 5089
f 5360 5001 5310
f 5360 5002 5001
f 5136 5361 5139
f 5362 5312 5135
f 5141 5142 5002
f 5363 5139 5361
f 5139 5363 5315
f 4948 5364 5000
f 4948 5365 5364
f 5238 5365 4948
f 5318 5315 5317
f 5366 5314 5315
f 5366 5315 5318
f 5243 5366 5318
f 5367 5236 5319
f 5368 5319 5144
f 5046 5316 5369
f 5369 5196 5046
f 5245 5242 5007
f 5195 5370 5320
f 5371 5150 5099
f 5321 5149 5372
f 5320 5373 5146
f 5247 5146 5373
f 5149 5247 5372
f 5374 4906 4794
f 5151 5374 4794
f 5051 5199 5375
f 5153 5051 5375
f 5376 5155 5055
f 5376 5055 5256
f 5100 5377 5256
f 5201 5377 5100
f 5378 5202 5056
f 5323 5201 5157
f 5323 5322 5379
f 5258 4962 5202
f 5203 5380 5322
f 5158 5381 5203
f 5259 5381 5158
f 5263 5017 4915
f 5265 5382 5383
f 5382 5265 5384
f 5384 5265 5325
f 5265 5383 5385
f 5386 5325 5326
f 5268 5265 5385
f 5326 5387 5386
f 5388 5267 5266
f 5388 5266 5385
f 5385 5266 5268
f 5389 5057 5161
f 5264 5327 5390
f 5264 5390 5326
f 5326 5390 5387
f 5270 5057 5389
f 5391 5331 5329
f 5334 5331 5391
f 5335 5392 5393
f 5335 5394 5392
f 5394 5335 5334
f 5328 5395 5396
f 5393 5397 5398
f 5334 5399 5331
f 5331 5399 5332
f 5269 5395 5210
f 5210 5395 5328
f 5393 5337 5335
f 5334 5336 5399
f 5332 5400 5269
f 5398 5337 5393
f 5336 5401 5399
f 5271 5212 5106
f 5398 5402 5337
f 5398 5403 5402
f 5337 5402 5336
f 5336 5402 5401
f 5213 5333 5165
f 4637 5404 5060
f 5405 4604 4766
f 5108 5406 5213
f 4471 5060 4472
f 4474 5342 5341
f 5166 5214 4968
f 5279 5167 5025
f 5281 5407 5109
f 5168 5408 5110
f 5344 5409 5281
f 5280 5026 5064
f 5112 5026 5410
f 5112 5410 5411
f 5411 5282 5112
f 5412 5066 5170
f 5027 5066 5345
f 5284 5171 5413
f 5414 5217 5068
f 5288 5069 5287
f 5116 5070 5288
f 5218 5290 5115
f 5415 5176 5294
f 5416 5120 5035
f 5292 5416 5035
f 5417 5219 5291
f 5178 5349 5121
f 5418 5074 5179
f 5350 5294 4981
f 5296 5419 5297
f 5350 4983 5351
f 5223 5221 5420
f 5036 5421 5222
f 5183 5421 5036
f 5422 5298 5180
f 5181 5422 5180
f 5128 4990 5299
f 5300 5224 5352
f 5302 5085 5355
f 5356 5423 5186
f 5424 5226 5300
f 5304 5357 4992
f 4992 5357 4938
f 5228 5425 5188
f 5303 5305 5040
f 5426 5132 5227
f 5426 5427 5132
f 5132 5427 5133
f 5427 5306 5133
f 5225 5184 5428
f 5184 5189 5428
f 5429 5134 5307
f 5430 4998 5134
f 5232 5191 5431
f 5002 5360 5141
f 5361 5136 5192
f 5311 5000 5432
f 5433 5192 5137
f 5143 5141 5434
f 5313 5435 5137
f 5140 5043 5090
f 5044 5140 5240
f 5436 5194 5317
f 5241 5194 5436
f 5314 5437 5237
f 5366 5437 5314
f 5241 5368 5144
f 5438 5195 5193
f 5438 5193 5237
f 5243 5437 5366
f 5439 5437 5243
f 5319 5368 5440
f 5244 5439 5243
f 5196 5371 5099
f 5198 5245 5147
f 4830 4718 5441
f 5150 5371 5442
f 5199 5150 5442
f 5197 4590 5148
f 5443 5248 5050
f 5444 5153 5375
f 5052 5251 5050
f 5253 5445 5251
f 5249 5154 5446
f 5447 5154 5155
f 5155 5376 5447
f 5376 5256 5448
f 5378 5056 5254
f 5449 5377 5201
f 5323 5449 5201
f 5450 5323 5379
f 5379 5322 5451
f 5380 5451 5322
f 5380 5452 5451
f 5453 4911 5454
f 5259 5159 5324
f 5260 4911 5453
f 5384 5325 5455
f 5456 5455 5325
f 5325 5386 5456
f 5385 5383 5457
f 5388 5458 5267
f 5459 5267 5458
f 5329 5267 5459
f 5460 5390 5327
f 5461 5390 5460
f 5461 5387 5390
f 5104 5462 5103
f 5330 5205 4351
f 5329 5459 5463
f 5463 5391 5329
f 5327 5328 5396
f 5327 5396 5464
f 5394 5334 5391
f 5397 5393 5392
f 5398 5397 5465
f 4637 4801 5466
f 5467 5269 5400
f 5269 5467 5395
f 5400 5332 5399
f 5468 5399 5401
f 5399 5468 5400
f 5405 5105 4604
f 5403 5465 5469
f 5403 5398 5465
f 5163 5470 5164
f 5403 5471 5402
f 5402 5471 5401
f 5213 5406 5333
f 5164 5470 5211
f 5339 5405 4766
f 5472 5107 5340
f 5023 5275 5340
f 5343 5473 5108
f 5214 5474 5279
f 5278 5109 5475
f 5407 5281 5476
f 5281 5409 5476
f 5408 5280 5110
f 5280 5477 5026
f 5477 5410 5026
f 5344 5215 5478
f 5478 5215 5283
f 5286 5479 5068
f 5287 4974 5346
f 5480 5289 5032
f 5480 5032 5290
f 5071 5348 5481
f 5173 5482 5218
f 5071 5481 5175
f 5483 5293 5175
f 5120 5416 5484
f 5484 5178 5120
f 5485 5292 5118
f 5485 5118 5219
f 5417 5291 5418
f 5418 5291 5074
f 5349 5419 5296
f 5125 5295 5486
f 5420 5221 5297
f 5125 5486 5082
f 5299 5082 5486
f 5487 5223 5420
f 5183 5353 5421
f 5488 5129 5128
f 5487 5352 5223
f 5489 5181 5182
f 5130 5490 5353
f 5491 5300 5352
f 5301 5490 5130
f 5186 5423 5187
f 5492 5227 5086
f 5188 5425 5301
f 5428 5189 5493
f 5189 5190 5493
f 5494 5430 5134
f 4998 5430 5309
f 5041 5309 5495
f 5041 5495 5233
f 5234 5431 5191
f 5496 5234 5138
f 5235 5496 5138
f 5433 5137 5497
f 5364 5432 5000
f 5435 5497 5137
f 5312 5140 5090
f 5239 5498 5235
f 5436 5317 5499
f 5500 5238 5240
f 5501 4950 5242
f 5369 5502 5196
f 5437 5438 5237
f 5437 5503 5438
f 5503 5437 5439
f 5371 5196 5502
f 5438 5370 5195
f 5370 5504 5320
f 5441 4718 5197
f 5441 5197 5505
f 5320 5504 5506
f 5507 5373 5320
f 5507 5320 5506
f 5375 5199 5442
f 5443 5050 5251
f 5444 5252 5153
f 5448 5256 5377
f 5202 5378 5508
f 5450 5449 5323
f 5508 5258 5202
f 5454 4911 5255
f 5509 5381 5259
f 5510 5451 5452
f 5203 5381 5380
f 5262 5511 5324
f 5512 5513 5382
f 5383 5513 5457
f 5513 5383 5382
f 5382 5384 5512
f 5512 5384 5455
f 5261 5389 5161
f 5386 5387 5514
f 5515 5388 5385
f 5515 5516 5388
f 5457 5515 5385
f 5387 5517 5514
f 5103 5462 5263
f 5387 5461 5517
f 5327 5464 5460
f 5392 5463 5518
f 5394 5463 5392
f 5463 5394 5391
f 5395 5519 5396
f 5465 5520 5521
f 5520 5465 5397
f 5522 5521 5523
f 5400 5524 5467
f 5521 5522 5465
f 5524 5400 5468
f 5405 5525 5105
f 5522 5469 5465
f 5401 5526 5468
f 5403 5469 5527
f 5471 5403 5527
f 5471 5526 5401
f 5273 5528 5338
f 5107 5528 5273
f 5529 5405 5339
f 5473 5406 5108
f 5274 5211 5530
f 4472 5531 5277
f 5276 5532 5062
f 5278 5475 5533
f 5278 5533 5343
f 5407 5475 5109
f 5167 5534 5168
f 5535 5409 5344
f 5282 5411 5536
f 5170 5282 5536
f 5537 5283 5345
f 5283 5537 5478
f 5170 5538 5412
f 5066 5412 5345
f 5171 5285 5413
f 5479 5414 5068
f 5286 5031 5347
f 5539 5540 5172
f 5289 5539 5172
f 5289 5480 5539
f 5541 5482 5173
f 5483 5175 5481
f 5173 5174 5541
f 5542 5416 5292
f 5485 5542 5292
f 5295 5293 5543
f 5417 5544 5219
f 5545 5294 5350
f 5417 5418 5546
f 5546 5418 5179
f 5295 5543 5486
f 5547 5546 5179
f 5222 5547 5179
f 5351 5548 5350
f 5486 5549 5299
f 5222 5421 5550
f 5124 5551 5351
f 5124 5298 5551
f 5549 5128 5299
f 5549 5488 5128
f 5353 5550 5421
f 5182 5354 5489
f 5352 5552 5491
f 5355 5553 5302
f 5553 5356 5302
f 5354 5225 5554
f 5423 5358 5187
f 5357 5555 5086
f 5491 5556 5300
f 5492 5426 5227
f 5424 5300 5556
f 5557 5424 5556
f 5424 5558 5226
f 5558 5185 5226
f 5427 5426 5559
f 5428 5554 5225
f 5190 5560 5493
f 5429 5307 5561
f 5190 5308 5560
f 5494 5134 5429
f 5308 5229 5562
f 5233 5563 5310
f 5431 5234 5564
f 5310 5565 5360
f 5564 5234 5496
f 5566 5361 5192
f 5433 5566 5192
f 5363 5567 5315
f 5568 5316 5143
f 5315 5567 5317
f 5567 5499 5317
f 5498 5239 5569
f 5570 5435 5313
f 5568 5369 5316
f 5236 5570 5313
f 5140 5571 5572
f 5572 5240 5140
f 4950 5501 5239
f 5572 5500 5240
f 5500 5573 5238
f 5440 5367 5319
f 5368 5574 5440
f 5575 5242 5245
f 5244 5576 5439
f 5321 5576 5244
f 5577 5247 5373
f 5247 5577 5372
f 5444 5375 5578
f 5251 5445 5579
f 5580 5252 5581
f 5582 5152 5250
f 5580 5254 5252
f 5447 5446 5154
f 5254 5580 5583
f 5156 5584 5253
f 5585 5447 5376
f 5448 5585 5376
f 5586 5377 5449
f 5102 5258 5587
f 5588 5257 5101
f 5588 5101 5017
f 5589 5324 5511
f 5324 5589 5259
f 5259 5589 5590
f 5590 5509 5259
f 5381 5452 5380
f 5262 5591 5511
f 5262 4913 5591
f 5456 5386 5592
f 5386 5514 5592
f 5458 5388 5516
f 5458 5593 5459
f 5517 5461 5594
f 5593 5595 5459
f 5460 5596 5461
f 5595 5463 5459
f 5464 5396 5519
f 5597 5518 5463
f 5518 5397 5392
f 5104 5333 5598
f 5105 5525 5330
f 5523 5521 5520
f 5467 5599 5395
f 5524 5599 5467
f 5523 5600 5522
f 5601 5212 5271
f 5602 5522 5600
f 5603 5163 5272
f 5603 5272 5604
f 5604 5272 5338
f 5466 5404 4637
f 5470 5163 5603
f 5522 5605 5469
f 5469 5605 5527
f 5527 5606 5471
f 5471 5606 5526
f 5472 5528 5107
f 5211 5607 5530
f 5608 5531 4472
f 5532 5166 5062
f 5473 5343 5533
f 5609 5476 5409
f 5409 5535 5609
f 5478 5610 5344
f 5410 5611 5411
f 5478 5612 5610
f 5613 5536 5411
f 5170 5536 5538
f 5284 5614 5346
f 5614 5284 5413
f 5615 5413 5285
f 5615 5285 5216
f 5616 5286 5347
f 5540 5616 5347
f 5540 5347 5172
f 5480 5290 5617
f 5618 5348 5116
f 5218 5617 5290
f 5619 5541 5174
f 5174 5176 5619
f 5415 5619 5176
f 5543 5293 5483
f 5545 5415 5294
f 5620 5349 5178
f 5620 5178 5484
f 5485 5219 5544
f 5546 5544 5417
f 5545 5350 5621
f 5548 5621 5350
f 5548 5351 5622
f 5622 5351 5551
f 5551 5298 5623
f 5298 5422 5623
f 5624 5355 5129
f 5625 5352 5487
f 5422 5181 5626
f 5181 5489 5626
f 5627 5553 5355
f 5628 5356 5553
f 5356 5628 5423
f 5305 5629 5304
f 5304 5630 5357
f 5555 5357 5630
f 5555 5492 5086
f 5492 5559 5426
f 5631 5556 5491
f 5185 5632 5359
f 5632 5228 5359
f 5561 5307 5306
f 5308 5562 5560
f 5633 5309 5430
f 5633 5495 5309
f 5230 5634 5229
f 5563 5233 5495
f 5635 5230 5231
f 5636 5231 5232
f 5635 5231 5636
f 5431 5636 5232
f 5360 5565 5141
f 5434 5141 5565
f 5135 5311 5362
f 5143 5434 5568
f 5361 5567 5363
f 5567 5361 5566
f 5498 5496 5235
f 5501 5569 5239
f 5242 5637 5501
f 5502 5638 5371
f 5370 5438 5639
f 5639 5504 5370
f 5375 5442 5578
f 4750 5049 5640
f 5640 5250 4750
f 5581 5252 5444
f 5583 5378 5254
f 5641 5584 5156
f 5642 5585 5448
f 5643 5642 5448
f 5643 5448 5377
f 5257 5641 5156
f 5587 5644 5102
f 5644 5204 5102
f 5261 5204 5644
f 5509 5645 5381
f 5452 5381 5645
f 5646 5588 5017
f 5513 5512 5647
f 5648 5512 5455
f 5649 5455 5456
f 5457 5513 5647
f 5389 5261 5650
f 5647 5515 5457
f 5650 5651 5389
f 5464 5652 5653
f 5464 5653 5460
f 5460 5653 5596
f 5651 5270 5389
f 5652 5464 5519
f 5462 5104 5598
f 5595 5597 5463
f 5651 5654 5270
f 5655 5520 5397
f 5518 5655 5397
f 5654 5271 5270
f 5656 5523 5520
f 5519 5395 5657
f 5599 5657 5395
f 5271 5654 5601
f 5524 5658 5599
f 5659 5660 5600
f 5468 5661 5524
f 5661 5658 5524
f 5660 5662 5600
f 5660 5663 5662
f 5600 5662 5602
f 5526 5661 5468
f 5664 5661 5526
f 5405 5665 5525
f 5660 5666 5663
f 5605 5522 5602
f 5667 5606 5527
f 5606 5664 5526
f 5211 5470 5668
f 5668 5607 5211
f 5665 5405 5529
f 5406 5473 5669
f 5060 5608 4472
f 5340 5275 5670
f 5341 5671 5339
f 5341 5342 5672
f 5214 5673 5474
f 5674 5533 5475
f 5474 5675 5279
f 5167 5279 5675
f 5407 5676 5475
f 5476 5676 5407
f 5675 5534 5167
f 5476 5609 5677
f 5344 5610 5535
f 5477 5678 5410
f 5678 5611 5410
f 5612 5478 5537
f 5217 5414 5679
f 5479 5679 5414
f 5680 5479 5286
f 5681 5615 5216
f 5680 5286 5616
f 5287 5682 5288
f 5618 5116 5288
f 5683 5617 5218
f 5482 5683 5218
f 5484 5416 5542
f 5684 5419 5349
f 5620 5684 5349
f 5543 5685 5486
f 5686 5420 5297
f 5550 5547 5222
f 5685 5549 5486
f 5488 5624 5129
f 5353 5490 5687
f 5422 5688 5623
f 5355 5624 5627
f 5422 5626 5688
f 5552 5352 5625
f 5628 5689 5423
f 5690 5301 5425
f 5490 5301 5690
f 5489 5354 5691
f 5354 5554 5691
f 5552 5631 5491
f 5559 5692 5427
f 5185 5558 5632
f 5557 5693 5424
f 5558 5424 5693
f 5427 5694 5306
f 5694 5695 5306
f 5554 5428 5691
f 5691 5428 5493
f 5229 5634 5562
f 5634 5230 5635
f 5563 5696 5310
f 5696 5565 5310
f 5697 5564 5496
f 5497 5566 5433
f 5698 5566 5497
f 5570 5497 5435
f 5312 5571 5140
f 5502 5369 5568
f 5238 5699 5365
f 5236 5367 5700
f 5241 5574 5368
f 5371 5638 5442
f 5701 5442 5638
f 5367 5440 5702
f 5575 5637 5242
f 5575 5245 5703
f 5703 5245 5198
f 5704 5321 5372
f 5704 5372 5577
f 5248 5703 5198
f 5705 5703 5248
f 5444 5578 5706
f 5373 5707 5577
f 5444 5706 5581
f 5584 5445 5253
f 5446 5447 5708
f 5709 5643 5377
f 5709 5377 5586
f 5587 5258 5508
f 5589 5710 5590
f 5711 5589 5511
f 5590 5710 5509
f 5451 5712 5379
f 5452 5645 5713
f 5452 5713 5510
f 5263 5646 5017
f 5649 5648 5455
f 5592 5649 5456
f 5714 5650 5261
f 5205 5591 4913
f 5715 5515 5647
f 5517 5716 5514
f 5458 5516 5717
f 5516 5715 5717
f 5515 5715 5516
f 5717 5593 5458
f 5718 5593 5717
f 5718 5595 5593
f 5719 5652 5720
f 5519 5720 5652
f 5720 5519 5721
f 5722 5518 5597
f 5722 5723 5518
f 5655 5656 5520
f 5723 5655 5518
f 5519 5657 5721
f 5523 5656 5724
f 5600 5724 5659
f 5659 5724 5725
f 5724 5600 5523
f 5659 5725 5726
f 5599 5658 5727
f 5726 5660 5659
f 5603 5668 5470
f 5660 5726 5666
f 5605 5602 5662
f 5605 5667 5527
f 5667 5728 5606
f 5606 5728 5664
f 5729 5212 5601
f 5212 5729 5276
f 5730 5530 5607
f 5731 5528 5472
f 5732 5532 5276
f 5532 5733 5166
f 5734 5529 5339
f 5733 5735 5166
f 5735 5214 5166
f 5673 5214 5735
f 5677 5676 5476
f 5408 5168 5534
f 5611 5613 5411
f 5537 5736 5612
f 5737 5537 5345
f 5538 5738 5412
f 5737 5345 5412
f 5217 5679 5739
f 5740 5346 5614
f 5739 5216 5217
f 5740 5287 5346
f 5681 5216 5739
f 5682 5287 5740
f 5741 5616 5540
f 5618 5288 5682
f 5618 5742 5348
f 5348 5742 5481
f 5619 5415 5743
f 5620 5744 5684
f 5419 5745 5297
f 5621 5746 5545
f 5745 5686 5297
f 5547 5747 5546
f 5549 5685 5488
f 5547 5550 5748
f 5749 5487 5420
f 5353 5687 5550
f 5625 5487 5749
f 5750 5423 5689
f 5423 5750 5358
f 5489 5751 5626
f 5490 5690 5752
f 5358 5753 5303
f 5629 5630 5304
f 5754 5425 5228
f 5228 5632 5754
f 5692 5694 5427
f 5693 5755 5558
f 5695 5561 5306
f 5756 5691 5493
f 5757 5429 5561
f 5494 5429 5757
f 5560 5758 5493
f 5560 5759 5758
f 5562 5759 5560
f 5634 5759 5562
f 5434 5565 5760
f 5434 5761 5762
f 5434 5762 5568
f 5364 5763 5432
f 5764 5567 5566
f 5765 5569 5501
f 5766 5241 5436
f 5765 5501 5637
f 5367 5767 5700
f 5572 5768 5500
f 5768 5769 5500
f 5500 5769 5573
f 5574 5770 5440
f 5767 5367 5702
f 5701 5771 5442
f 5440 5770 5702
f 5772 5639 5438
f 5576 5773 5439
f 5439 5773 5503
f 5771 5774 5442
f 5442 5774 5578
f 5775 5246 4830
f 5775 4830 5441
f 5774 5706 5578
f 5776 5507 5506
f 5373 5507 5776
f 5705 5248 5443
f 5443 5251 5579
f 5580 5581 5777
f 5778 5378 5583
f 5778 5508 5378
f 5585 5708 5447
f 5585 5779 5708
f 5779 5585 5642
f 5780 5642 5643
f 5781 5709 5586
f 5781 5586 5449
f 5781 5449 5782
f 5449 5450 5783
f 5784 5589 5785
f 5589 5711 5785
f 5379 5712 5450
f 5710 5786 5509
f 5644 5714 5261
f 5509 5786 5645
f 5787 5510 5713
f 5648 5649 5788
f 5592 5789 5649
f 5790 5648 5788
f 5791 5592 5514
f 5462 5792 5263
f 5793 5647 5512
f 5793 5512 5648
f 5793 5648 5790
f 5647 5719 5715
f 5719 5647 5793
f 5791 5514 5716
f 5715 5794 5717
f 5720 5715 5719
f 5652 5719 5653
f 5795 5653 5719
f 5596 5796 5461
f 5595 5718 5797
f 5595 5798 5597
f 5797 5798 5595
f 5799 5722 5597
f 5799 5597 5798
f 5721 5800 5720
f 5330 5525 5205
f 5721 5801 5800
f 5657 5801 5721
f 5802 5599 5727
f 5599 5802 5657
f 5657 5802 5801
f 5406 5598 5333
f 5803 5726 5725
f 5665 5804 5525
f 5805 5726 5803
f 5806 5726 5805
f 5661 5664 5807
f 5669 5808 5406
f 5728 5807 5664
f 5809 5806 5810
f 5809 5811 5806
f 5806 5811 5726
f 5726 5811 5666
f 5662 5663 5812
f 5812 5813 5662
f 5662 5814 5605
f 5813 5814 5662
f 5814 5815 5605
f 5605 5815 5667
f 5666 5812 5663
f 5729 5816 5276
f 5816 5732 5276
f 5340 5731 5472
f 5530 5817 5274
f 5274 5817 5275
f 5817 5670 5275
f 5533 5818 5473
f 5277 5531 5819
f 5475 5676 5674
f 5477 5280 5820
f 5821 5678 5477
f 5535 5610 5822
f 5538 5536 5823
f 5824 5614 5413
f 5741 5540 5825
f 5825 5540 5539
f 5826 5539 5480
f 5480 5617 5826
f 5482 5541 5827
f 5742 5483 5481
f 5742 5828 5483
f 5829 5541 5619
f 5543 5483 5828
f 5542 5485 5830
f 5415 5545 5746
f 5544 5830 5485
f 5831 5830 5544
f 5546 5747 5544
f 5832 5749 5420
f 5550 5687 5748
f 5488 5833 5624
f 5834 5551 5623
f 5553 5627 5835
f 5836 5553 5835
f 5689 5628 5836
f 5628 5553 5836
f 5750 5753 5358
f 5837 5555 5630
f 5492 5555 5837
f 5753 5305 5303
f 5753 5629 5305
f 5751 5489 5691
f 5631 5838 5556
f 5839 5695 5694
f 5756 5493 5840
f 5493 5758 5840
f 5634 5841 5759
f 5696 5563 5842
f 5696 5760 5565
f 5841 5634 5843
f 5635 5843 5634
f 5760 5761 5434
f 5636 5431 5844
f 5564 5845 5431
f 5431 5845 5844
f 5845 5564 5697
f 5311 5432 5362
f 5762 5502 5568
f 5846 5698 5497
f 5364 5365 5763
f 5567 5764 5499
f 5847 5571 5312
f 5638 5502 5848
f 5848 5701 5638
f 5700 5570 5236
f 5573 5699 5238
f 5241 5766 5574
f 5701 5849 5771
f 5438 5503 5772
f 5576 5321 5704
f 5776 5707 5373
f 5584 5850 5445
f 5779 5851 5708
f 5852 5779 5642
f 5643 5709 5853
f 5852 5642 5780
f 5785 5851 5779
f 5785 5779 5784
f 5784 5779 5852
f 5784 5852 5854
f 5783 5782 5449
f 5589 5784 5854
f 5854 5710 5589
f 5712 5783 5450
f 5855 5588 5646
f 5645 5786 5856
f 5510 5712 5451
f 5856 5713 5645
f 5857 5790 5788
f 5795 5793 5790
f 5790 5857 5795
f 5719 5793 5795
f 5594 5716 5517
f 5858 4963 5260
f 5859 5717 5794
f 5596 5653 5860
f 5860 5796 5596
f 5461 5861 5594
f 5796 5861 5461
f 5717 5859 5718
f 5715 5720 5794
f 5862 5718 5859
f 5800 5794 5720
f 5651 5863 5654
f 5797 5718 5862
f 4963 5864 4760
f 5525 5865 5205
f 5799 5723 5722
f 5862 5866 5797
f 4801 4760 5864
f 5655 5867 5656
f 5868 5867 5655
f 5655 5723 5868
f 5869 5723 5799
f 5802 5866 5862
f 5802 5862 5801
f 5727 5870 5802
f 5406 5808 5598
f 5870 5658 5661
f 5658 5870 5727
f 5805 5810 5806
f 5871 5667 5815
f 5667 5871 5728
f 5728 5871 5807
f 5604 5338 5872
f 5338 5528 5872
f 5873 5874 5875
f 5873 5876 5874
f 5809 5810 5876
f 5877 5666 5811
f 5666 5877 5812
f 5873 5878 5876
f 5876 5878 5809
f 5809 5879 5811
f 5811 5879 5877
f 5731 5872 5528
f 5875 5880 5873
f 5873 5880 5881
f 5873 5881 5878
f 5882 5875 5883
f 5875 5882 5880
f 5665 5529 5884
f 5277 5885 5342
f 5674 5886 5533
f 5887 5676 5677
f 5677 5609 5888
f 5534 5889 5408
f 5408 5889 5280
f 5888 5609 5535
f 5888 5535 5890
f 5890 5535 5822
f 5678 5821 5611
f 5610 5612 5891
f 5536 5613 5823
f 5537 5892 5736
f 5479 5893 5679
f 5739 5679 5894
f 5824 5413 5615
f 5825 5539 5826
f 5895 5618 5682
f 5617 5683 5896
f 5827 5683 5482
f 5829 5827 5541
f 5684 5897 5419
f 5898 5620 5484
f 5898 5484 5830
f 5830 5484 5542
f 5415 5746 5743
f 5897 5745 5419
f 5685 5543 5828
f 5747 5831 5544
f 5685 5899 5488
f 5621 5548 5900
f 5686 5832 5420
f 5488 5899 5833
f 5548 5622 5901
f 5622 5551 5901
f 5624 5902 5627
f 5551 5834 5901
f 5903 5490 5752
f 5490 5903 5687
f 5623 5688 5834
f 5904 5905 5492
f 5492 5905 5559
f 5905 5692 5559
f 5906 5688 5626
f 5906 5626 5751
f 5558 5907 5632
f 5558 5755 5907
f 5561 5695 5839
f 5556 5838 5557
f 5757 5561 5908
f 5909 5494 5757
f 5910 5430 5494
f 5633 5430 5910
f 5911 5840 5758
f 5912 5760 5696
f 5912 5761 5760
f 5761 5913 5762
f 5502 5762 5848
f 5764 5566 5698
f 5847 5312 5362
f 5498 5697 5496
f 5914 5697 5498
f 5570 5846 5497
f 5499 5915 5436
f 5701 5848 5849
f 5915 5766 5436
f 5847 5572 5571
f 5916 5572 5847
f 5916 5917 5572
f 5771 5849 5918
f 5767 5919 5700
f 5917 5768 5572
f 5766 5770 5574
f 5637 5575 5920
f 5770 5921 5702
f 5774 5771 5922
f 5923 5639 5772
f 5503 5773 5772
f 5923 5924 5639
f 5639 5924 5504
f 5505 5925 5441
f 5506 5504 5926
f 5927 5581 5706
f 5776 5506 5928
f 5929 5705 5443
f 5707 5930 5577
f 5580 5777 5931
f 5583 5580 5931
f 5931 5778 5583
f 5850 5932 5445
f 5508 5778 5933
f 5934 5850 5584
f 5584 5641 5934
f 5853 5780 5643
f 5587 5935 5644
f 5936 5851 5785
f 5711 5936 5785
f 5937 5854 5852
f 5938 5644 5935
f 5854 5937 5710
f 5938 5714 5644
f 5710 5937 5786
f 5712 5939 5783
f 5939 5712 5510
f 5940 5510 5787
f 5939 5510 5940
f 5789 5941 5649
f 5941 5788 5649
f 5942 5650 5714
f 5860 5795 5857
f 5651 5650 5942
f 5653 5795 5860
f 5800 5859 5794
f 5864 4963 5858
f 5798 5943 5799
f 5943 5798 5797
f 5797 5866 5943
f 5801 5862 5859
f 5801 5859 5800
f 5799 5944 5869
f 5944 5799 5943
f 5867 5945 5656
f 5723 5869 5868
f 5870 5943 5866
f 5870 5866 5802
f 5945 5946 5725
f 5945 5725 5724
f 5945 5724 5656
f 5868 5869 5947
f 5947 5869 5948
f 5948 5869 5944
f 5946 5803 5725
f 5949 5601 5654
f 5803 5946 5805
f 5661 5950 5870
f 5871 5950 5807
f 5807 5950 5661
f 5949 5729 5601
f 5810 5805 5951
f 5952 5668 5603
f 5813 5953 5814
f 5954 5875 5874
f 5951 5874 5876
f 5951 5876 5810
f 5955 5953 5812
f 5813 5812 5953
f 5812 5877 5955
f 5954 5883 5875
f 5956 5879 5809
f 5957 5954 5958
f 5957 5883 5954
f 5809 5878 5956
f 5340 5959 5731
f 5883 5957 5882
f 5960 5881 5880
f 5881 5960 5878
f 5959 5340 5670
f 5473 5818 5669
f 5886 5818 5533
f 5277 5819 5885
f 5672 5342 5885
f 5674 5676 5961
f 5676 5962 5961
f 5673 5963 5474
f 5474 5963 5675
f 5822 5610 5891
f 5964 5612 5736
f 5538 5823 5738
f 5737 5412 5738
f 5965 5537 5737
f 5893 5479 5680
f 5966 5893 5680
f 5966 5680 5967
f 5740 5614 5968
f 5681 5824 5615
f 5740 5969 5682
f 5682 5969 5895
f 5826 5617 5970
f 5970 5617 5896
f 5896 5683 5827
f 5742 5971 5828
f 5972 5829 5619
f 5973 5972 5619
f 5619 5743 5973
f 5898 5744 5620
f 5971 5685 5828
f 5743 5746 5974
f 5685 5971 5899
f 5975 5686 5745
f 5746 5621 5900
f 5748 5747 5547
f 5975 5832 5686
f 5900 5548 5901
f 5833 5902 5624
f 5687 5903 5748
f 5835 5627 5902
f 5689 5836 5976
f 5689 5976 5750
f 5977 5753 5750
f 5630 5629 5978
f 5688 5979 5834
f 5837 5904 5492
f 5752 5690 5980
f 5980 5690 5425
f 5425 5754 5980
f 5981 5694 5692
f 5982 5906 5751
f 5981 5839 5694
f 5983 5631 5552
f 5754 5632 5907
f 5982 5751 5984
f 5984 5751 5691
f 5756 5984 5691
f 5839 5908 5561
f 5557 5985 5693
f 5840 5984 5756
f 5909 5910 5494
f 5495 5842 5563
f 5761 5912 5986
f 5761 5986 5987
f 5841 5758 5759
f 5913 5761 5987
f 5843 5988 5841
f 5636 5989 5635
f 5636 5844 5989
f 5845 5990 5844
f 5762 5913 5848
f 5362 5991 5847
f 5499 5764 5992
f 5846 5570 5993
f 5498 5569 5914
f 5499 5992 5915
f 5763 5365 5699
f 5570 5700 5993
f 5573 5994 5699
f 5771 5918 5922
f 5765 5637 5995
f 5702 5996 5767
f 5996 5919 5767
f 5920 5995 5637
f 5997 5920 5575
f 5774 5922 5706
f 5997 5575 5703
f 5922 5927 5706
f 5926 5504 5924
f 5441 5925 5775
f 5998 5773 5576
f 5928 5506 5926
f 5998 5576 5704
f 5581 5927 5777
f 5930 5704 5577
f 5579 5929 5443
f 5999 5508 5933
f 5587 5508 5999
f 5935 5587 5999
f 5780 6000 5852
f 5853 6000 5780
f 6001 5853 5709
f 6001 5709 5781
f 5782 6002 5781
f 5937 5852 6000
f 5257 5588 6003
f 6004 5783 5939
f 5711 5511 5591
f 5713 6005 5787
f 5788 5941 6006
f 5791 5789 5592
f 5788 6006 5857
f 5716 5594 6007
f 5205 5865 5591
f 5598 6008 5462
f 5865 5525 5804
f 5943 5870 5944
f 5944 5870 6009
f 6010 5945 5867
f 6011 5867 5868
f 5868 5947 6012
f 6009 5948 5944
f 5950 6009 5870
f 5864 5466 4801
f 5950 5948 6009
f 6013 5805 5946
f 5950 5947 5948
f 6013 6014 5805
f 5871 6012 5947
f 5871 5947 5950
f 5669 6015 5808
f 5815 6012 5871
f 5951 5805 6014
f 5953 6016 5814
f 5814 6016 5815
f 5952 5603 5604
f 5951 6017 5874
f 5951 6014 6017
f 5954 5874 6018
f 5954 6018 5958
f 6019 5958 6020
f 5879 6021 5877
f 5404 6022 5060
f 6023 6019 6020
f 6019 5957 5958
f 5956 6024 5879
f 5879 6024 6021
f 5732 6025 5532
f 5956 5878 6026
f 5956 6026 6024
f 6027 6028 6029
f 6029 6028 6023
f 6023 6028 6019
f 5878 5960 6030
f 5878 6030 6026
f 6025 5733 5532
f 5957 6019 6031
f 5882 5957 6031
f 5882 6032 5880
f 5880 6032 6033
f 6033 5960 5880
f 6028 6027 6034
f 6028 6034 6019
f 5882 6031 6032
f 6019 6034 6031
f 6034 6027 6035
f 5733 6036 5735
f 5531 5608 6037
f 6037 5819 5531
f 5887 5962 5676
f 6038 5887 5677
f 5280 5889 5820
f 5820 5821 5477
f 5611 6039 5613
f 5964 5891 5612
f 5964 5736 5892
f 5537 5965 5892
f 5679 5893 5894
f 5739 6040 5681
f 5616 5967 5680
f 5614 5824 5968
f 6041 5967 5616
f 6041 5616 5741
f 6042 5824 5681
f 6042 5681 6040
f 5970 6043 5826
f 5618 5895 5742
f 6044 5830 5831
f 5746 5900 5974
f 5975 6045 5832
f 5902 5833 6046
f 6047 5748 5903
f 5749 5832 6048
f 6049 5836 5835
f 5836 6049 5976
f 5903 5752 6047
f 5834 6050 5901
f 6051 5837 5630
f 6052 5837 6051
f 5979 6050 5834
f 5753 5978 5629
f 5978 6051 5630
f 5749 6053 5625
f 6054 5981 5692
f 5906 5979 5688
f 6055 5552 5625
f 6055 5983 5552
f 5907 5755 6056
f 5755 5693 5985
f 5838 6057 5557
f 5557 6057 5985
f 5633 5910 6058
f 6059 5984 5840
f 5633 6058 5495
f 5495 6058 6060
f 5842 5495 6060
f 6059 5840 5911
f 5986 6061 5987
f 5987 6061 6062
f 6063 6059 5911
f 5696 6064 5912
f 5758 6065 5911
f 6063 5911 6065
f 6065 5758 6066
f 5987 6067 5913
f 6068 5758 5841
f 6066 5758 6068
f 5841 5988 6069
f 5913 6067 6070
f 6068 5841 6069
f 5913 6070 5848
f 5635 6071 5843
f 5635 5989 6071
f 5848 6070 5849
f 5849 6070 6072
f 5362 5432 5991
f 5849 6072 6073
f 5698 6074 5764
f 5764 6074 5992
f 5846 5993 6075
f 5918 5849 6073
f 5918 6073 5922
f 6076 5993 5700
f 5769 5994 5573
f 5766 6077 5770
f 6077 5921 5770
f 5702 5921 5996
f 5997 5703 6078
f 6079 5772 5773
f 5773 5998 6080
f 5927 6081 5777
f 5148 5505 5197
f 5704 5930 5998
f 6082 5707 5776
f 5374 6083 4906
f 6084 5579 5445
f 5932 6084 5445
f 5640 5582 5250
f 5446 5151 5249
f 6085 5255 5200
f 6086 6000 5853
f 6086 5853 6001
f 6002 6001 5781
f 6003 5641 5257
f 5855 6003 5588
f 5856 5786 6087
f 5789 5791 6088
f 5792 5646 5263
f 6089 5857 6006
f 6089 5860 5857
f 5792 5462 6008
f 6090 5796 5860
f 5804 6091 5865
f 5654 5863 5949
f 5867 6011 6010
f 6092 5946 5945
f 6092 5945 6010
f 6011 5868 6012
f 6092 6013 5946
f 6093 6014 6013
f 6016 6011 6012
f 5815 6016 6012
f 5953 6094 6016
f 6095 5804 5665
f 5874 6096 6018
f 6017 6096 5874
f 5955 6094 5953
f 5669 6097 6015
f 5958 6098 6020
f 6098 5958 6018
f 5877 6099 5955
f 5877 6021 6099
f 5607 6100 5730
f 6027 6029 6101
f 6033 6102 5960
f 6102 6030 5960
f 5060 6022 5608
f 6101 6103 6027
f 6104 5817 5530
f 6035 6027 6103
f 6105 6034 6035
f 6034 6105 6031
f 5734 6106 5529
f 5886 5674 5961
f 5671 5734 5339
f 5341 5672 5671
f 5963 6107 5675
f 5675 5889 5534
f 5821 5820 6108
f 6109 5822 5891
f 6110 5891 5964
f 6111 5737 5738
f 5892 6112 5964
f 5894 5893 6113
f 6040 5739 6114
f 6114 5739 5894
f 5968 5969 5740
f 6115 5968 5824
f 6115 5824 6042
f 6041 5741 5825
f 6043 5825 5826
f 5895 6116 5742
f 5971 5742 6116
f 5827 5829 6117
f 5744 5897 5684
f 5898 6118 5744
f 6118 5898 6044
f 5830 6044 5898
f 5899 6046 5833
f 5974 5900 6119
f 5900 5901 6119
f 6045 6048 5832
f 6049 5835 5902
f 5976 5977 5750
f 6120 5901 6050
f 5753 5977 5978
f 5837 6052 5904
f 5905 6054 5692
f 6055 5625 6053
f 6121 5979 5906
f 6122 5979 6121
f 6123 5906 5982
f 6124 5982 5984
f 5908 6125 5757
f 5757 6125 6126
f 5906 6123 6121
f 5757 6126 5909
f 6124 5984 6059
f 6062 6061 6127
f 6060 6128 5842
f 5912 6129 5986
f 5842 6128 5696
f 5696 6128 6064
f 5987 6062 6130
f 5987 6130 6067
f 6063 6131 6059
f 6132 6131 6063
f 6133 6065 6066
f 6063 6065 6134
f 6132 6063 6134
f 6065 6133 6134
f 6135 6068 6069
f 6070 6136 6072
f 6073 6072 6132
f 6069 5988 6137
f 6073 6132 6134
f 5988 5843 6071
f 6138 5989 5844
f 5990 6138 5844
f 5846 6074 5698
f 5763 5699 6139
f 5922 6073 6134
f 6134 6140 5922
f 5914 5569 6141
f 5915 6142 5766
f 6141 5569 5765
f 5919 6076 5700
f 5916 6143 5917
f 5922 6140 6144
f 5922 6144 5927
f 5772 6079 5923
f 6081 5927 6144
f 5773 6080 6079
f 5777 6081 5931
f 6078 5703 5929
f 5705 5929 5703
f 6145 5505 5148
f 6146 5776 5928
f 6146 6147 5776
f 6147 6082 5776
f 6083 5148 4906
f 6148 5707 6082
f 6148 5930 5707
f 5011 6149 5049
f 5933 5778 6150
f 6151 5850 5934
f 6085 5200 5152
f 6003 5934 5641
f 5783 6152 5782
f 6153 5454 5255
f 5711 6154 5936
f 5783 6004 6152
f 5937 6155 5786
f 5856 6156 5713
f 6157 5939 5940
f 5789 6158 5941
f 5789 6088 6158
f 5942 5714 6159
f 6156 6005 5713
f 6160 5651 5942
f 6089 6090 5860
f 5594 5861 6007
f 5792 6008 6161
f 5865 6162 5591
f 6160 5863 5651
f 6010 6163 6092
f 6010 6011 6163
f 6092 6163 6164
f 6093 6013 6164
f 6164 6013 6092
f 6165 6163 6011
f 6016 6165 6011
f 6166 5729 5949
f 6167 6014 6093
f 6094 6165 6016
f 6166 5816 5729
f 6168 5952 5604
f 6096 6169 6018
f 6170 6096 6017
f 6014 6170 6017
f 5955 6171 6094
f 5404 5466 6172
f 6172 6022 5404
f 6100 5607 5668
f 6020 6173 6023
f 6173 6029 6023
f 6173 6174 6029
f 6024 6026 6175
f 5884 6095 5665
f 6176 6101 6029
f 5730 6104 5530
f 6101 6177 6103
f 6033 6032 6178
f 6104 6179 5817
f 6179 5670 5817
f 6022 6037 5608
f 6031 6178 6032
f 6177 6180 6103
f 6035 6103 6181
f 6035 6182 6105
f 5886 5961 6183
f 6184 5673 5735
f 5819 6185 5885
f 5888 6038 5677
f 5822 6109 5890
f 6186 5890 6109
f 6039 6187 5613
f 5613 6187 5823
f 6111 5965 5737
f 5893 6188 6113
f 5966 6188 5893
f 6189 5966 5967
f 6189 5967 6041
f 6190 5969 5968
f 6041 5825 6191
f 6192 5896 6117
f 5827 6117 5896
f 6193 5971 6116
f 5829 6194 6117
f 5897 5744 6195
f 5743 6196 5973
f 6193 5899 5971
f 5899 6193 6046
f 5743 5974 6196
f 5831 6197 6044
f 5975 5745 6198
f 5831 5747 6197
f 6049 6199 5976
f 6200 5976 6199
f 5977 5976 6200
f 5901 6120 6119
f 6053 5749 6048
f 5905 5904 6201
f 6054 5905 6201
f 5980 6202 5752
f 6120 6050 6203
f 6203 6050 5979
f 5839 5981 6204
f 6122 6203 5979
f 6204 5908 5839
f 5983 6205 5631
f 6205 5838 5631
f 5982 6124 6123
f 6056 5755 6206
f 6207 6122 6127
f 6121 6127 6122
f 6205 6208 5838
f 5909 6126 6209
f 6209 5910 5909
f 6210 6123 6124
f 6061 6207 6127
f 6127 6121 6123
f 6061 6211 6207
f 6059 6210 6124
f 5986 6129 6211
f 5986 6211 6061
f 6130 6127 6123
f 6212 6210 6059
f 6062 6127 6130
f 6131 6212 6059
f 6067 6130 6213
f 6213 6210 6212
f 6070 6067 6213
f 6132 6212 6131
f 6070 6213 6136
f 6136 6213 6212
f 6136 6212 6132
f 6072 6136 6132
f 6133 6066 6214
f 6214 6066 6068
f 6214 6068 6135
f 6069 6137 6135
f 6137 5988 6071
f 5697 5990 5845
f 5991 6215 5847
f 5763 5991 5432
f 6134 6133 6214
f 6074 5846 6075
f 5990 5697 5914
f 6216 6075 5993
f 6217 5916 5847
f 6076 6216 5993
f 5994 6139 5699
f 6076 5919 6218
f 6140 6134 6144
f 6141 5765 5995
f 6142 6077 5766
f 6219 5919 5996
f 6218 5919 6219
f 6144 6220 6081
f 5926 6221 5928
f 5931 6081 6222
f 6221 6146 5928
f 6223 6080 5998
f 6222 6224 5931
f 5998 5930 6223
f 6084 5929 5579
f 5931 6150 5778
f 6150 6225 5933
f 5933 6225 5999
f 5708 6226 5446
f 5708 5851 6226
f 5935 6227 5938
f 5936 6226 5851
f 6001 6002 6086
f 6228 6002 5782
f 6085 6153 5255
f 6229 6000 6086
f 6229 5937 6000
f 5937 6229 6155
f 5938 6159 5714
f 5939 6230 6004
f 6087 6156 5856
f 6157 6230 5939
f 5787 6231 5940
f 5646 5792 6232
f 6090 5861 5796
f 5598 6233 6008
f 6166 5949 5863
f 6234 6093 6164
f 6164 6163 6165
f 6093 6235 6167
f 6093 6234 6235
f 6234 6164 6171
f 6171 6164 6094
f 6094 6164 6165
f 6169 6236 6018
f 6170 6014 6167
f 5955 6237 6171
f 5952 6238 5668
f 6239 6238 5952
f 6239 5952 6168
f 6168 5604 5872
f 6236 6098 6018
f 6099 6237 5955
f 6240 5732 5816
f 6020 6241 6173
f 6020 6098 6241
f 6238 6100 5668
f 6099 6021 6242
f 6097 5669 6243
f 6174 6176 6029
f 6242 6024 6175
f 6024 6242 6021
f 6244 6101 6245
f 6245 6101 6176
f 6030 6102 6246
f 6030 6246 6175
f 6030 6175 6026
f 6244 6177 6101
f 6102 6033 6178
f 6244 6247 6177
f 6248 6036 5733
f 6105 6249 6031
f 5818 5886 6250
f 5886 6183 6250
f 6247 6180 6177
f 6036 6184 5735
f 6103 6180 6181
f 6181 6182 6035
f 6105 6182 6249
f 6106 5884 5529
f 5961 6251 6183
f 5819 6037 6252
f 5673 6184 5963
f 5962 6251 5961
f 5963 6253 6107
f 5889 5675 6107
f 6186 5888 5890
f 5821 6254 5611
f 6254 6039 5611
f 6109 5891 6110
f 5738 5823 6255
f 6255 6111 5738
f 6111 6256 5965
f 5892 5965 6257
f 5966 6189 6188
f 6115 6190 5968
f 6190 6115 6258
f 6259 6115 6042
f 5825 6043 6191
f 5969 6190 6260
f 6258 6115 6259
f 5969 6260 5895
f 6260 6116 5895
f 6043 5970 6261
f 6192 6261 5970
f 5896 6192 5970
f 6116 6260 6262
f 6116 6262 6193
f 6263 5829 5972
f 6194 5829 6263
f 6046 6193 6264
f 6265 6046 6264
f 6266 6196 5974
f 6267 6045 5975
f 5747 6268 6197
f 5902 6046 6265
f 5902 6265 6049
f 6269 6049 6265
f 5974 6119 6266
f 5748 6268 5747
f 6049 6269 6199
f 6047 6268 5748
f 6200 6270 5977
f 5977 6270 5978
f 6271 6052 6272
f 6120 6273 6119
f 5752 6202 6047
f 5978 6274 6051
f 6051 6274 6272
f 6051 6272 6052
f 6052 6271 5904
f 6275 6055 6053
f 6276 5981 6054
f 6204 5981 6276
f 5983 6055 6277
f 5908 6204 6125
f 6278 6203 6122
f 6211 6278 6122
f 6211 6122 6207
f 6129 6278 6211
f 5755 5985 6206
f 5838 6279 6057
f 6064 6280 5912
f 5912 6280 6129
f 6213 6123 6210
f 6130 6123 6213
f 6135 6281 6214
f 6138 6282 5989
f 6281 6135 6283
f 6283 6135 6137
f 6284 6137 6071
f 6071 5989 6284
f 5847 6215 6217
f 6214 6144 6134
f 6217 6143 5916
f 6144 6214 6281
f 6220 6144 6281
f 6143 6285 5917
f 5917 6285 5768
f 6286 5995 5920
f 6077 6287 5921
f 5921 6287 5996
f 5997 6286 5920
f 6081 6220 6222
f 6220 6288 6222
f 5923 5926 5924
f 6146 6289 6147
f 5931 6224 6150
f 6147 6290 6082
f 6291 6084 5932
f 6292 6291 5932
f 6292 5932 5850
f 6293 5374 5151
f 6151 6292 5850
f 5999 6225 6294
f 6295 5152 5582
f 5999 6294 5935
f 5935 6294 6227
f 6296 6226 5936
f 6086 6002 6297
f 6297 6002 6228
f 6004 6298 6152
f 6299 6298 6004
f 6299 6004 6230
f 5591 6154 5711
f 5941 6300 6006
f 5791 6301 6088
f 6232 5855 5646
f 6231 6157 5940
f 5716 6301 5791
f 5787 6005 6231
f 6159 6160 5942
f 6302 6089 6006
f 6007 5861 6303
f 6160 6304 5863
f 6091 6305 5865
f 6233 5598 5808
f 6172 5466 5864
f 6235 6306 6167
f 6234 6237 6235
f 6096 6307 6169
f 6167 6306 6170
f 6237 6234 6171
f 6236 6241 6098
f 6236 6169 6307
f 6308 6096 6170
f 6306 6235 6237
f 6170 6309 6308
f 6309 6170 6306
f 6242 6306 6099
f 6099 6306 6237
f 5732 6240 6025
f 5872 5731 6310
f 6176 6174 6245
f 6246 6309 6242
f 6242 6175 6246
f 6311 6310 5959
f 6310 5731 5959
f 6248 5733 6025
f 6243 5669 5818
f 6243 5818 6250
f 6102 6178 6312
f 6313 6311 5670
f 5959 5670 6311
f 6312 6178 6314
f 6179 6313 5670
f 6031 6314 6178
f 6031 6249 6314
f 6315 6180 6247
f 6316 6182 6317
f 6316 6249 6182
f 6180 6315 6318
f 6180 6318 6181
f 6252 6185 5819
f 5734 5671 6319
f 5885 6320 5672
f 6321 5962 5887
f 5889 6107 6322
f 6322 5820 5889
f 5888 6323 6038
f 5888 6186 6323
f 6108 6254 5821
f 6324 6186 6109
f 6324 6109 6325
f 6109 6110 6325
f 6256 6257 5965
f 6112 5892 6257
f 6326 5964 6112
f 5964 6326 6110
f 6113 6114 5894
f 6327 6188 6189
f 6328 6040 6114
f 6327 6189 6041
f 6040 6328 6042
f 6191 6329 6041
f 6259 6042 6328
f 6330 6260 6190
f 6258 6330 6190
f 6258 6331 6330
f 6192 6117 6332
f 6117 6194 6332
f 6193 6262 6264
f 6195 5744 6118
f 5897 6198 5745
f 5973 6263 5972
f 6333 6118 6044
f 6197 6333 6044
f 6334 6263 5973
f 6334 5973 6196
f 5975 6198 6267
f 6335 6269 6265
f 6199 6269 6335
f 6200 6199 6336
f 6337 6045 6267
f 6337 6048 6045
f 6270 6200 6338
f 6273 6266 6119
f 6270 6274 5978
f 6275 6053 6048
f 5904 6271 6339
f 5904 6339 6201
f 6120 6278 6340
f 6055 6341 6277
f 5754 6342 5980
f 6278 6120 6203
f 5754 5907 6342
f 6343 5907 6056
f 6342 5907 6343
f 6209 6344 5910
f 6058 5910 6344
f 6206 6345 6056
f 6129 6346 6278
f 6060 6058 6347
f 6346 6129 6280
f 6279 5838 6208
f 6348 6206 5985
f 6060 6347 6128
f 6064 6128 6280
f 6282 6138 6349
f 5990 6349 6138
f 6350 5989 6282
f 6216 6074 6075
f 5763 6139 6351
f 6352 6284 5989
f 5989 6350 6352
f 6353 6216 6076
f 6284 6283 6137
f 6354 5990 5914
f 6288 6281 6283
f 6076 6218 6353
f 6218 6355 6353
f 5994 6356 6139
f 6141 6357 5914
f 6077 6142 6358
f 6355 6218 6219
f 6219 6359 6355
f 6357 6141 6360
f 5995 6360 6141
f 5769 5768 5994
f 5768 6361 5994
f 6220 6281 6288
f 6219 6362 6359
f 6077 6363 6287
f 6364 5996 6287
f 6364 6219 5996
f 6219 6364 6362
f 6222 6288 6224
f 6365 5926 5923
f 6366 5997 6078
f 6365 6221 5926
f 6221 6289 6146
f 5925 5505 6145
f 6367 5930 6148
f 6082 6367 6148
f 5151 5446 6293
f 6368 5782 6152
f 6368 6228 5782
f 6369 6229 6086
f 6297 6369 6086
f 6229 6369 6155
f 5938 6227 6159
f 6155 6087 5786
f 6158 6300 5941
f 6007 6301 5716
f 6370 6160 6159
f 6371 6007 6303
f 6232 5792 6161
f 6303 6090 6089
f 6303 5861 6090
f 6305 6162 5865
f 6233 6161 6008
f 6166 5863 6304
f 6372 5816 6166
f 5804 6373 6091
f 6372 6240 5816
f 6096 6308 6307
f 6310 6168 5872
f 6374 6173 6375
f 6374 6174 6173
f 6375 6173 6241
f 6242 6309 6306
f 6376 6309 6246
f 6377 6244 6245
f 6376 6102 6312
f 6102 6376 6246
f 6378 6036 6248
f 6037 6022 6379
f 6380 6181 6318
f 6181 6380 6182
f 6182 6380 6317
f 6381 6106 5734
f 5672 6320 5671
f 6038 6321 5887
f 6321 6038 6323
f 6382 6186 6324
f 6187 6255 5823
f 6110 6383 6325
f 6257 6384 6112
f 6113 6188 6385
f 6386 6114 6113
f 6386 6113 6385
f 6041 6329 6327
f 6387 6329 6191
f 6387 6191 6388
f 6043 6388 6191
f 6259 6328 6389
f 6259 6331 6258
f 6261 6388 6043
f 6390 6330 6331
f 6391 6331 6259
f 6261 6192 6392
f 6262 6260 6330
f 6392 6192 6332
f 6390 6262 6330
f 6393 6390 6331
f 6264 6262 6390
f 6393 6331 6391
f 6194 6394 6332
f 6195 6395 5897
f 6335 6390 6393
f 6393 6391 6336
f 6335 6264 6390
f 6396 6118 6333
f 6265 6264 6335
f 6199 6335 6393
f 6199 6393 6336
f 6397 6333 6197
f 6194 6263 6398
f 6338 6336 6399
f 6200 6336 6338
f 6397 6197 6268
f 6270 6338 6274
f 6400 6339 6271
f 6275 6048 6401
f 6054 6201 6402
f 6054 6402 6276
f 6403 6055 6275
f 5980 6404 6202
f 6341 6055 6403
f 6120 6340 6273
f 5980 6342 6404
f 6126 6405 6406
f 6209 6126 6406
f 6406 6407 6209
f 6344 6209 6407
f 6205 5983 6277
f 6345 6343 6056
f 6344 6347 6058
f 6408 6128 6347
f 6128 6408 6280
f 6057 6348 5985
f 5763 6409 5991
f 6217 6215 6410
f 6351 6409 5763
f 6074 6411 5992
f 6074 6216 6411
f 5992 6412 5915
f 6412 5992 6411
f 6410 6413 6217
f 6356 6351 6139
f 5915 6414 6142
f 6143 6217 6415
f 6416 6283 6284
f 6142 6414 6358
f 6355 6359 6417
f 6415 6285 6143
f 6284 6352 6416
f 6358 6363 6077
f 6416 6288 6283
f 6288 6416 6418
f 5995 6286 6360
f 6287 6363 6364
f 6362 6364 6419
f 6418 6224 6288
f 6221 6365 6420
f 6420 6289 6221
f 6421 6224 6418
f 6366 6078 5929
f 6145 6422 5925
f 6423 6223 5930
f 6150 6224 6421
f 5011 6424 6149
f 5011 5246 6424
f 6367 6423 5930
f 6225 6150 6421
f 6421 6425 6225
f 6290 6426 6082
f 6427 6428 6429
f 6429 6430 6431
f 6430 6432 6431
f 6432 6430 6433
f 6429 6434 6430
f 6428 6435 6436
f 6429 6428 6436
f 6429 6436 6434
f 6434 6436 6437
f 6430 6434 6438
f 6430 6438 6433
f 6434 6437 6439
f 6434 6439 6438
f 6440 5934 6003
f 6296 5936 6154
f 6227 6441 6159
f 6003 5855 6442
f 6443 6230 6157
f 6300 6444 6006
f 6232 6445 5855
f 6005 6446 6231
f 6444 6302 6006
f 6447 5260 5453
f 6448 6162 6305
f 6241 6449 6375
f 6449 6241 6236
f 6449 6236 6450
f 6307 6450 6236
f 6374 6451 6174
f 6373 5804 6095
f 6245 6174 6451
f 6452 5730 6100
f 6172 6453 6022
f 6454 6244 6377
f 6452 6455 5730
f 6455 6104 5730
f 6456 6104 6455
f 6244 6457 6247
f 6376 6312 6458
f 6314 6458 6312
f 6456 6179 6104
f 6378 6184 6036
f 6183 6459 6250
f 6314 6249 6458
f 6316 6460 6249
f 6251 6461 6183
f 6315 6462 6318
f 6184 6463 5963
f 6106 6381 5884
f 5734 6464 6381
f 5734 6319 6464
f 5671 6320 6319
f 5820 6465 6108
f 6466 6108 6465
f 6186 6467 6323
f 6467 6186 6382
f 6108 6468 6254
f 6111 6469 6256
f 6469 6257 6256
f 6112 6384 6326
f 6385 6188 6327
f 6470 6385 6327
f 6328 6114 6389
f 6389 6114 6386
f 6471 6259 6389
f 6387 6388 6472
f 6391 6471 6336
f 5897 6395 6198
f 6194 6398 6394
f 6398 6473 6394
f 6474 6338 6399
f 6475 6398 6263
f 6475 6263 6334
f 6196 6476 6334
f 6266 6476 6196
f 6274 6338 6474
f 6271 6272 6400
f 6268 6047 6477
f 6339 6478 6402
f 6479 6266 6480
f 6480 6266 6273
f 6202 6477 6047
f 6339 6402 6201
f 6403 6275 6481
f 6276 6402 6482
f 6276 6482 6204
f 6204 6482 6483
f 6404 6484 6202
f 6125 6483 6405
f 6204 6483 6125
f 6405 6126 6125
f 6405 6485 6406
f 6346 6340 6278
f 6486 6347 6344
f 6347 6486 6408
f 6280 6408 6346
f 6487 6411 6216
f 6487 6216 6353
f 5990 6354 6349
f 6488 6353 6355
f 6417 6488 6355
f 6414 5915 6412
f 6417 6489 6490
f 6415 6217 6413
f 6491 6352 6350
f 6417 6359 6489
f 5914 6357 6354
f 6361 6356 5994
f 6363 6358 6492
f 6362 6493 6359
f 6489 6359 6493
f 6285 6494 5768
f 5768 6494 6361
f 6495 6416 6352
f 6364 6363 6419
f 6416 6495 6496
f 6418 6416 6496
f 5923 6497 6365
f 6079 6497 5923
f 6080 6497 6079
f 6497 6080 6223
f 5929 6084 6498
f 6367 6082 6426
f 6294 6225 6425
f 6294 6499 6227
f 6500 6292 6151
f 6501 6427 6431
f 6429 6431 6427
f 6502 6428 6427
f 6502 6435 6428
f 6368 6297 6228
f 6433 6438 6503
f 6504 6369 6297
f 6505 6368 6152
f 6298 6505 6152
f 6442 6440 6003
f 6155 6369 6506
f 6158 6088 6507
f 6507 6088 6508
f 6506 6087 6155
f 6445 6442 5855
f 6443 6299 6230
f 6088 6301 6508
f 6087 6509 6156
f 6510 6157 6231
f 6157 6510 6443
f 6007 6511 6301
f 6005 6156 6446
f 6512 6302 6444
f 6089 6302 6512
f 6511 6007 6371
f 6512 6303 6089
f 6512 6371 6303
f 6162 6513 5591
f 6304 6160 6370
f 6166 6304 6514
f 6515 6233 5808
f 5808 6015 6515
f 6091 6516 6305
f 6015 6097 6517
f 6517 6097 6518
f 6519 6172 5864
f 6520 6238 6239
f 6168 6520 6239
f 6097 6243 6518
f 6168 6310 6521
f 6375 6449 6522
f 6522 6449 6523
f 6450 6523 6449
f 6308 6450 6307
f 6308 6309 6450
f 6524 6377 6245
f 6245 6451 6524
f 6376 6450 6309
f 6457 6244 6454
f 6525 6378 6248
f 6458 6526 6376
f 6250 6527 6243
f 6250 6459 6527
f 6453 6379 6022
f 6456 6313 6179
f 6528 6184 6378
f 6529 6249 6460
f 6458 6249 6529
f 5884 6530 6095
f 6531 6380 6318
f 6318 6462 6531
f 6381 6530 5884
f 6532 6252 6037
f 5962 6533 6251
f 6321 6533 5962
f 6320 5885 6185
f 5820 6322 6534
f 6468 6039 6254
f 6325 6535 6324
f 6469 6111 6255
f 6536 6383 6110
f 6110 6326 6536
f 6537 6386 6385
f 6327 6329 6470
f 6389 6386 6537
f 6471 6389 6537
f 6471 6391 6259
f 6538 6388 6261
f 6538 6261 6392
f 6336 6471 6539
f 6394 6392 6332
f 6399 6336 6539
f 6539 6540 6399
f 6267 6198 6541
f 6474 6399 6540
f 6267 6542 6337
f 6272 6543 6400
f 6544 6473 6398
f 6401 6048 6337
f 6272 6474 6543
f 6274 6474 6272
f 6400 6478 6339
f 6545 6475 6334
f 6544 6398 6475
f 6545 6334 6476
f 6481 6275 6401
f 6479 6476 6266
f 6202 6484 6477
f 6406 6485 6546
f 6406 6546 6547
f 6340 6480 6273
f 6407 6406 6547
f 6407 6547 6548
f 6549 6480 6340
f 6486 6407 6548
f 6407 6486 6344
f 6346 6549 6340
f 6486 6549 6408
f 6408 6549 6346
f 6550 6208 6205
f 6279 6551 6057
f 6551 6348 6057
f 6552 6410 6215
f 6552 6215 5991
f 6488 6417 6490
f 6282 6553 6350
f 6554 6490 6489
f 6554 6555 6490
f 6415 6413 6555
f 6553 6282 6349
f 6555 6554 6415
f 6489 6556 6554
f 6554 6556 6415
f 6414 6492 6358
f 6489 6493 6556
f 6557 6556 6493
f 6556 6557 6415
f 6415 6557 6285
f 6495 6352 6491
f 6362 6419 6493
f 6363 6558 6419
f 6360 6286 6559
f 6286 5997 6366
f 6497 6223 6560
f 6418 6496 6421
f 6561 6366 5929
f 6425 6421 6496
f 6562 6147 6289
f 6147 6562 6563
f 6563 6290 6147
f 6563 6564 6290
f 6564 6426 6290
f 6291 6498 6084
f 6425 6499 6294
f 6431 6565 6566
f 6567 6427 6501
f 6431 6432 6565
f 6432 6568 6565
f 6502 6567 6569
f 6567 6502 6427
f 6432 6570 6568
f 6432 6433 6570
f 6502 6569 6571
f 6571 6435 6502
f 6571 6572 6435
f 6435 6572 6573
f 6435 6573 6436
f 6436 6573 6574
f 6574 6437 6436
f 6574 6439 6437
f 6440 6151 5934
f 6227 6575 6441
f 6438 6576 6503
f 6438 6439 6576
f 6577 6158 6507
f 6298 6299 6578
f 6579 6087 6506
f 6577 6300 6158
f 6299 6443 6578
f 6159 6441 6370
f 6509 6087 6579
f 6578 6443 6580
f 6581 5454 6153
f 6581 5453 5454
f 6445 6232 6161
f 6513 6162 6448
f 6582 5864 5858
f 6372 6166 6514
f 6373 6516 6091
f 6025 6240 6583
f 6520 6584 6238
f 6584 6452 6238
f 6238 6452 6100
f 6525 6248 6025
f 6585 6451 6374
f 6374 6375 6585
f 6375 6522 6585
f 6526 6523 6450
f 6376 6526 6450
f 6529 6526 6458
f 6586 6315 6247
f 6587 6460 6316
f 6587 6316 6588
f 6529 6460 6587
f 6459 6183 6461
f 6589 6462 6315
f 6532 6037 6379
f 6252 6590 6185
f 6253 6322 6107
f 6591 6321 6323
f 6534 6465 5820
f 6324 6592 6382
f 6324 6535 6592
f 6593 6255 6187
f 6383 6594 6325
f 6257 6469 6384
f 6383 6595 6594
f 6383 6536 6595
f 6384 6596 6326
f 6597 6385 6470
f 6598 6597 6470
f 6537 6385 6597
f 6599 6470 6329
f 6537 6597 6600
f 6598 6470 6599
f 6599 6329 6601
f 6387 6601 6329
f 6472 6601 6387
f 6600 6471 6537
f 6597 6598 6602
f 6388 6538 6472
f 6539 6471 6600
f 6538 6392 6603
f 6395 6195 6604
f 6540 6539 6600
f 6603 6392 6473
f 6392 6394 6473
f 6396 6605 6118
f 6606 6602 6607
f 6395 6541 6198
f 6543 6608 6602
f 6400 6602 6606
f 6609 6396 6333
f 6543 6540 6608
f 6400 6543 6602
f 6397 6609 6333
f 6474 6540 6543
f 6478 6400 6606
f 6478 6606 6610
f 6611 6473 6544
f 6612 6481 6401
f 6402 6478 6610
f 6402 6610 6482
f 6546 6611 6544
f 6613 6545 6476
f 6483 6482 6614
f 6547 6546 6544
f 6547 6544 6475
f 6547 6475 6545
f 6479 6613 6476
f 6485 6611 6546
f 6615 6545 6613
f 6480 6613 6479
f 6485 6616 6617
f 6547 6545 6548
f 6548 6545 6615
f 6483 6616 6405
f 6404 6618 6484
f 6405 6616 6485
f 6549 6615 6613
f 6613 6480 6549
f 6486 6548 6615
f 6404 6342 6618
f 6486 6615 6549
f 6619 6277 6341
f 6619 6620 6277
f 6621 6343 6345
f 6622 6550 6205
f 6550 6623 6208
f 6279 6208 6623
f 6552 5991 6409
f 6411 6487 6412
f 6624 6413 6410
f 6353 6625 6487
f 6488 6625 6353
f 6412 6626 6414
f 6491 6350 6627
f 6627 6350 6553
f 6349 6628 6553
f 6349 6354 6628
f 6357 6629 6354
f 6492 6630 6363
f 6493 6419 6631
f 6494 6285 6557
f 6363 6630 6558
f 6558 6631 6419
f 6496 6495 6632
f 6420 6365 6633
f 6634 6496 6632
f 6635 6286 6366
f 6289 6420 6636
f 6637 5246 5775
f 6638 5925 6422
f 6425 6496 6634
f 5929 6498 6561
f 6636 6562 6289
f 6426 6423 6367
f 6639 6425 6634
f 6640 6083 5374
f 6499 6425 6639
f 6566 6501 6431
f 6566 6641 6501
f 6642 6643 6569
f 6643 6571 6569
f 6571 6644 6572
f 6645 6570 6433
f 6499 6575 6227
f 6571 6643 6646
f 6574 6647 6439
f 6642 6507 6643
f 6646 6507 6508
f 6643 6507 6646
f 6433 6503 6645
f 6439 6647 6648
f 6648 6576 6439
f 6369 6504 6506
f 6154 6649 6296
f 6578 6650 6298
f 6508 6301 6646
f 6443 6510 6580
f 5591 6513 6154
f 6231 6446 6651
f 6371 6512 6652
f 6653 6514 6304
f 5260 6447 5858
f 6015 6517 6515
f 6654 6240 6372
f 6654 6583 6240
f 6583 6525 6025
f 6519 6453 6172
f 6377 6655 6454
f 6524 6655 6377
f 6243 6527 6518
f 6585 6656 6451
f 6523 6526 6522
f 6311 6657 6310
f 6247 6457 6586
f 6588 6585 6522
f 6588 6522 6587
f 6529 6522 6526
f 6587 6522 6529
f 6316 6658 6588
f 6461 6659 6459
f 6658 6317 6660
f 6317 6658 6316
f 6380 6660 6317
f 6528 6463 6184
f 6530 6661 6095
f 6662 6531 6462
f 6533 6461 6251
f 6663 5963 6463
f 5963 6663 6253
f 6590 6664 6185
f 6185 6664 6320
f 6323 6665 6591
f 6467 6666 6323
f 6666 6665 6323
f 6466 6468 6108
f 6467 6382 6667
f 6039 6468 6668
f 6667 6382 6592
f 6668 6669 6039
f 6039 6669 6187
f 6469 6670 6384
f 6326 6596 6536
f 6608 6600 6597
f 6598 6607 6602
f 6607 6598 6599
f 6607 6599 6671
f 6671 6599 6601
f 6672 6601 6472
f 6608 6597 6602
f 6472 6538 6672
f 6671 6601 6672
f 6673 6672 6538
f 6540 6600 6608
f 6673 6538 6603
f 6195 6118 6605
f 6610 6607 6671
f 6606 6607 6610
f 6267 6541 6542
f 6610 6671 6674
f 6672 6673 6674
f 6401 6675 6612
f 6675 6401 6337
f 6542 6675 6337
f 6611 6603 6473
f 6614 6674 6673
f 6614 6673 6617
f 6482 6610 6674
f 6482 6674 6614
f 6676 6481 6612
f 6477 6397 6268
f 6614 6617 6616
f 6483 6614 6616
f 6485 6617 6611
f 6341 6403 6677
f 6622 6277 6620
f 6622 6205 6277
f 6279 6623 6551
f 6348 6551 6206
f 6552 6624 6410
f 6624 6678 6413
f 6351 6679 6409
f 6487 6680 6412
f 6625 6488 6490
f 6625 6490 6555
f 6678 6625 6555
f 6678 6555 6413
f 6356 6681 6351
f 6356 6361 6681
f 6630 6631 6558
f 6493 6631 6557
f 6627 6495 6491
f 6682 6628 6354
f 6682 6354 6629
f 6627 6632 6495
f 6683 6627 6553
f 6629 6357 6684
f 6360 6684 6357
f 6360 6559 6684
f 6560 6223 6423
f 6685 6145 5148
f 6686 6563 6562
f 6687 6498 6291
f 6686 6564 6563
f 6687 6291 6688
f 6291 6292 6688
f 6689 6567 6501
f 6641 6689 6501
f 6566 6565 6690
f 6690 6565 6568
f 6688 6292 6500
f 6569 6567 6691
f 6569 6691 6642
f 6499 6639 6575
f 6573 6692 6574
f 6692 6647 6574
f 6642 6577 6507
f 6644 6571 6646
f 6646 6693 6644
f 6504 6297 6694
f 6694 6297 6368
f 6650 6505 6298
f 6650 6695 6696
f 6650 6578 6695
f 6646 6301 6693
f 6441 6575 6370
f 6697 6442 6445
f 6370 6575 6698
f 6699 6444 6300
f 6511 6700 6301
f 6580 6510 6701
f 6699 6512 6444
f 6156 6702 6446
f 6510 6231 6651
f 6371 6703 6511
f 6371 6652 6703
f 6370 6653 6304
f 6519 5864 6582
f 6520 6168 6521
f 6516 6373 6704
f 6705 6655 6524
f 6521 6310 6657
f 6656 6524 6451
f 6378 6525 6706
f 6707 6708 6456
f 6708 6313 6456
f 6380 6531 6660
f 6253 6663 6709
f 6532 6710 6252
f 6710 6590 6252
f 6667 6711 6666
f 6667 6666 6467
f 6669 6593 6187
f 6535 6325 6594
f 6670 6712 6384
f 6384 6712 6596
f 6604 6541 6395
f 6671 6672 6674
f 6603 6617 6673
f 6611 6617 6603
f 6713 6484 6618
f 6619 6341 6677
f 6342 6343 6714
f 6343 6621 6714
f 6715 6550 6622
f 6550 6716 6623
f 6679 6552 6409
f 6680 6487 6625
f 6717 6625 6678
f 6680 6626 6412
f 6626 6680 6718
f 6719 6351 6681
f 6492 6414 6720
f 6630 6492 6720
f 6721 6681 6494
f 6361 6494 6681
f 6557 6631 6722
f 6557 6722 6494
f 6683 6553 6628
f 6632 6627 6723
f 6723 6627 6683
f 6365 6724 6633
f 6497 6724 6365
f 6634 6632 6723
f 6286 6635 6559
f 6497 6560 6724
f 6725 6634 6723
f 6635 6366 6561
f 6638 5775 5925
f 6725 6639 6634
f 6726 6686 6562
f 6727 6639 6725
f 5374 6293 6640
f 6728 6689 6641
f 6728 6641 6566
f 6728 6566 6729
f 6729 6566 6690
f 6567 6689 6691
f 6639 6727 6575
f 6730 6642 6691
f 6085 5152 6295
f 6731 6732 6572
f 6572 6732 6573
f 6573 6732 6692
f 6642 6730 6577
f 6644 6731 6572
f 6500 6151 6733
f 6731 6644 6693
f 6733 6151 6440
f 6368 6734 6694
f 6734 6368 6505
f 6505 6650 6735
f 6648 6647 6736
f 6648 6736 6737
f 6440 6442 6738
f 6577 6739 6300
f 6301 6700 6693
f 6578 6740 6695
f 6578 6580 6740
f 6300 6739 6699
f 6580 6701 6740
f 6509 6702 6156
f 6512 6699 6652
f 6511 6703 6700
f 6698 6653 6370
f 6513 6649 6154
f 6651 6446 6702
f 6741 6514 6653
f 6305 6516 6448
f 6742 6584 6520
f 6521 6742 6520
f 6583 6706 6525
f 6743 6457 6454
f 6656 6744 6524
f 6745 6528 6378
f 6656 6585 6746
f 6456 6455 6747
f 6527 6459 6748
f 6588 6746 6585
f 6095 6749 6373
f 6658 6746 6588
f 6589 6315 6586
f 6658 6660 6746
f 6750 6379 6453
f 6589 6751 6462
f 6751 6662 6462
f 6752 6531 6662
f 6660 6531 6752
f 6753 6710 6532
f 6753 6754 6710
f 6591 6755 6321
f 6319 6320 6756
f 6322 6253 6709
f 6591 6665 6755
f 6757 6320 6664
f 6709 6534 6322
f 6710 6758 6590
f 6590 6758 6759
f 6534 6760 6465
f 6590 6759 6664
f 6466 6761 6468
f 6593 6762 6255
f 6762 6469 6255
f 6469 6763 6670
f 6535 6594 6592
f 6195 6764 6604
f 6765 6766 6541
f 6765 6541 6604
f 6195 6605 6764
f 6675 6542 6767
f 6542 6541 6766
f 6477 6484 6713
f 6481 6768 6403
f 6403 6768 6677
f 6769 6770 6618
f 6342 6769 6618
f 6715 6716 6550
f 6551 6771 6206
f 6623 6772 6551
f 6678 6624 6552
f 6625 6773 6680
f 6774 6773 6625
f 6717 6774 6625
f 6718 6680 6773
f 6351 6719 6679
f 6718 6414 6626
f 6718 6720 6414
f 6630 6720 6631
f 6631 6720 6775
f 6775 6722 6631
f 6494 6722 6721
f 6683 6628 6682
f 6682 6629 6684
f 6683 6682 6776
f 6777 6684 6559
f 6636 6778 6562
f 6424 5246 6637
f 6083 6685 5148
f 6423 6426 6779
f 6725 6723 6780
f 6426 6564 6779
f 6727 6725 6780
f 6781 6686 6726
f 6689 6782 6691
f 6729 6690 6783
f 6500 6784 6688
f 6568 6783 6690
f 6730 6691 6782
f 6727 6785 6575
f 6786 6692 6787
f 6788 6692 6786
f 6789 6783 6568
f 6784 6500 6790
f 6732 6787 6692
f 6568 6570 6789
f 6647 6692 6788
f 6788 6736 6647
f 6575 6785 6791
f 6792 6505 6735
f 6792 6734 6505
f 6730 6739 6577
f 6570 6645 6789
f 6735 6650 6696
f 6696 6695 6793
f 6738 6733 6440
f 6504 6694 6506
f 6698 6575 6791
f 6648 6737 6576
f 6794 6503 6576
f 6509 6579 6795
f 6652 6699 6796
f 6703 6652 6796
f 6797 6697 6445
f 6581 6447 5453
f 6797 6445 6161
f 6448 6798 6513
f 6797 6161 6233
f 6582 5858 6447
f 6515 6799 6233
f 6372 6514 6741
f 6654 6372 6741
f 6516 6704 6800
f 6454 6655 6801
f 6584 6742 6802
f 6803 6453 6519
f 6802 6452 6584
f 6457 6743 6804
f 6745 6378 6706
f 6804 6805 6457
f 6749 6704 6373
f 6805 6586 6457
f 6744 6656 6806
f 6656 6746 6806
f 6748 6459 6807
f 6747 6707 6456
f 6311 6313 6708
f 6807 6459 6659
f 6805 6808 6586
f 6746 6660 6806
f 6808 6589 6586
f 6809 6750 6453
f 6749 6095 6661
f 6752 6810 6660
f 6811 6662 6751
f 6662 6811 6752
f 6750 6532 6379
f 6750 6753 6532
f 6464 6812 6381
f 6813 6710 6754
f 6757 6756 6320
f 6813 6758 6710
f 6814 6664 6759
f 6664 6814 6757
f 6758 6815 6759
f 6465 6761 6466
f 6816 6666 6711
f 6814 6759 6815
f 6761 6668 6468
f 6669 6668 6817
f 6762 6818 6469
f 6818 6763 6469
f 6819 6595 6536
f 6820 6605 6396
f 6612 6675 6821
f 6822 6676 6612
f 6477 6823 6397
f 6676 6824 6481
f 6713 6823 6477
f 6768 6481 6824
f 6618 6770 6713
f 6825 6622 6620
f 6826 6345 6206
f 6771 6826 6206
f 6772 6623 6716
f 6827 6717 6678
f 6827 6678 6552
f 6827 6552 6679
f 6828 6718 6773
f 6720 6718 6828
f 6719 6681 6829
f 6720 6828 6775
f 6681 6721 6829
f 6830 6722 6775
f 6831 6682 6684
f 6832 6777 6559
f 6633 6833 6420
f 6683 6776 6834
f 6635 6832 6559
f 6833 6636 6420
f 6636 6833 6835
f 6560 6423 6836
f 6683 6834 6723
f 6779 6836 6423
f 6726 6562 6778
f 6837 6838 6839
f 6839 6838 6840
f 6564 6686 6841
f 6842 6689 6728
f 6727 6780 6785
f 6782 6689 6842
f 6843 6728 6729
f 6786 6843 6729
f 6729 6844 6786
f 6783 6844 6729
f 6788 6786 6844
f 6787 6732 6845
f 5446 6226 6293
f 6732 6731 6845
f 6736 6788 6846
f 6847 6696 6793
f 6793 6848 6847
f 6731 6693 6849
f 6845 6731 6849
f 6850 6736 6846
f 6792 6735 6696
f 6848 6793 6851
f 6852 6739 6730
f 6645 6853 6789
f 6851 6793 6854
f 6850 6737 6736
f 6793 6695 6854
f 6693 6700 6849
f 6849 6700 6855
f 6850 6856 6737
f 6506 6694 6857
f 6579 6506 6857
f 6740 6858 6695
f 6854 6695 6858
f 6795 6579 6857
f 6859 6858 6740
f 6700 6703 6855
f 6794 6860 6503
f 6860 6645 6503
f 6701 6859 6740
f 6702 6509 6795
f 6651 6861 6510
f 6510 6861 6701
f 6701 6861 6862
f 6863 6697 6797
f 6653 6698 6864
f 6653 6864 6741
f 6865 6582 6447
f 6516 6866 6448
f 6516 6867 6866
f 6518 6868 6517
f 6800 6867 6516
f 6454 6801 6743
f 6868 6518 6527
f 6705 6869 6655
f 6452 6802 6455
f 6705 6524 6870
f 6744 6870 6524
f 6745 6871 6528
f 6810 6744 6806
f 6660 6810 6806
f 6463 6528 6871
f 6661 6872 6749
f 6659 6461 6873
f 6663 6463 6874
f 6530 6875 6661
f 6750 6876 6753
f 6877 6754 6753
f 6464 6319 6756
f 6709 6760 6534
f 6754 6878 6813
f 6757 6879 6756
f 6757 6880 6879
f 6814 6880 6757
f 6813 6881 6758
f 6881 6815 6758
f 6815 6882 6814
f 6880 6814 6882
f 6815 6883 6882
f 6884 6667 6592
f 6669 6885 6593
f 6886 6592 6594
f 6712 6887 6596
f 6888 6536 6596
f 6819 6536 6888
f 6675 6767 6821
f 6542 6766 6767
f 6605 6820 6764
f 6342 6714 6769
f 6889 6620 6619
f 6889 6825 6620
f 6825 6715 6622
f 6715 6890 6716
f 6716 6891 6772
f 6717 6892 6774
f 6717 6827 6892
f 6774 6893 6773
f 6679 6719 6827
f 6828 6773 6893
f 6830 6828 6893
f 6775 6828 6830
f 6894 6829 6721
f 6894 6722 6830
f 6721 6722 6894
f 6776 6682 6831
f 6777 6831 6684
f 6835 6778 6636
f 6635 6895 6832
f 6839 6896 6897
f 6723 6834 6780
f 6635 6561 6895
f 6896 6839 6898
f 6898 6839 6840
f 6726 6778 6899
f 6561 6498 6900
f 6897 6837 6839
f 6841 6779 6564
f 6687 6900 6498
f 6840 6901 6898
f 6726 6899 6902
f 6902 6781 6726
f 6903 6838 6837
f 6904 6686 6781
f 6686 6904 6841
f 6905 6840 6838
f 6903 6906 6838
f 6838 6906 6905
f 6907 6840 6905
f 6908 6909 6903
f 6903 6909 6906
f 6842 6728 6843
f 6780 6910 6785
f 6687 6688 6911
f 6784 6911 6688
f 6908 6912 6909
f 6909 6913 6914
f 6909 6914 6906
f 6787 6843 6786
f 6912 6913 6909
f 6845 6843 6787
f 6844 6783 6915
f 6844 6846 6788
f 6847 6792 6696
f 6848 6851 6916
f 6226 6296 6917
f 6852 6699 6739
f 6738 6442 6918
f 6919 6703 6796
f 6919 6855 6703
f 6918 6442 6697
f 6859 6701 6862
f 6513 6920 6649
f 6798 6920 6513
f 6448 6866 6798
f 6921 6583 6654
f 6706 6583 6921
f 6803 6519 6582
f 6745 6706 6922
f 6801 6655 6869
f 6521 6657 6923
f 6657 6924 6923
f 6704 6925 6800
f 6924 6657 6311
f 6810 6926 6744
f 6808 6751 6589
f 6810 6752 6926
f 6661 6927 6872
f 6750 6809 6876
f 6875 6927 6661
f 6321 6755 6533
f 6665 6928 6755
f 6754 6877 6878
f 6816 6665 6666
f 6929 6930 6881
f 6930 6815 6881
f 6931 6880 6882
f 6930 6883 6815
f 6932 6930 6929
f 6883 6933 6882
f 6884 6934 6667
f 6932 6883 6930
f 6884 6592 6886
f 6763 6712 6670
f 6935 6886 6594
f 6594 6595 6935
f 6821 6822 6612
f 6609 6820 6396
f 6936 6820 6609
f 6822 6937 6676
f 6826 6621 6345
f 6716 6890 6891
f 6938 6774 6892
f 6893 6774 6938
f 6892 6719 6938
f 6719 6892 6827
f 6830 6893 6938
f 6829 6894 6938
f 6829 6938 6719
f 6830 6938 6894
f 6939 6833 6633
f 6633 6724 6939
f 6831 6777 6940
f 6777 6832 6940
f 6776 6941 6834
f 6836 6779 6942
f 6834 6941 6780
f 6561 6900 6895
f 6837 6943 6944
f 6943 6837 6897
f 6779 6841 6942
f 6780 6941 6945
f 6944 6903 6837
f 6902 6946 6781
f 6910 6780 6945
f 6947 6908 6944
f 6944 6908 6903
f 6948 6840 6907
f 6948 6901 6840
f 6842 6949 6950
f 6842 6843 6949
f 6951 6912 6908
f 6906 6914 6905
f 6950 6782 6842
f 6952 5582 5640
f 6951 6953 6912
f 6730 6782 6950
f 6954 6843 6845
f 6954 6949 6843
f 6952 6295 5582
f 6950 6852 6730
f 6790 6955 6784
f 6849 6954 6845
f 6956 6783 6789
f 6956 6915 6783
f 6917 6293 6226
f 6792 6847 6957
f 6957 6847 6958
f 6958 6847 6848
f 6959 6960 6916
f 6912 6953 6961
f 6912 6961 6962
f 6912 6962 6913
f 6844 6915 6846
f 6851 6959 6916
f 6790 6500 6733
f 6959 6851 6963
f 6789 6853 6964
f 6694 6734 6965
f 6792 6965 6734
f 6851 6854 6963
f 6966 6699 6852
f 6919 6954 6855
f 6855 6954 6849
f 6966 6796 6699
f 6796 6966 6919
f 6698 6791 6967
f 6860 6853 6645
f 6737 6856 6968
f 6649 6920 6296
f 6969 6702 6795
f 6651 6702 6969
f 6969 6861 6651
f 6698 6967 6864
f 6970 6797 6233
f 6799 6970 6233
f 6515 6971 6799
f 6654 6741 6972
f 6867 6973 6866
f 6706 6921 6922
f 6742 6974 6802
f 6975 6974 6742
f 6976 6868 6527
f 6977 6455 6802
f 6978 6455 6977
f 6527 6748 6976
f 6978 6747 6455
f 6979 6800 6925
f 6980 6981 6982
f 6980 6983 6981
f 6981 6983 6984
f 6926 6870 6744
f 6809 6453 6803
f 6704 6749 6925
f 6749 6985 6925
f 6926 6752 6811
f 6463 6871 6986
f 6749 6872 6987
f 6749 6987 6985
f 6461 6533 6873
f 6876 6877 6753
f 6709 6663 6874
f 6988 6709 6874
f 6989 6465 6760
f 6990 6665 6816
f 6878 6881 6813
f 6756 6879 6991
f 6880 6931 6879
f 6667 6934 6711
f 6992 6932 6929
f 6882 6933 6931
f 6817 6885 6669
f 6992 6993 6932
f 6932 6994 6883
f 6993 6995 6932
f 6883 6994 6933
f 6932 6995 6994
f 6712 6763 6996
f 6993 6997 6995
f 6993 6998 6997
f 6999 7000 6998
f 6998 7000 7001
f 6998 7001 6997
f 6766 7002 6767
f 6764 6765 6604
f 6820 7003 6764
f 6609 7004 6936
f 6397 7004 6609
f 6823 7004 6397
f 6677 7005 6619
f 6889 6619 7005
f 7006 6835 6833
f 6560 6939 6724
f 7007 6939 6560
f 6560 6836 7007
f 7008 6897 6896
f 6897 7009 6943
f 7010 6896 6898
f 6778 6835 7011
f 7012 6776 6831
f 6941 6776 7012
f 6832 6895 6940
f 7013 6944 6943
f 7014 7015 7016
f 6901 7017 6898
f 7014 7018 7015
f 6944 7013 6947
f 7019 7017 6901
f 7020 7015 7018
f 6904 6781 6946
f 7015 7020 7021
f 6948 7019 6901
f 6687 7022 6900
f 7020 7023 7021
f 7024 6908 6947
f 7023 7025 7021
f 7024 6951 6908
f 6905 7026 6907
f 7022 6687 6911
f 7023 7027 7028
f 7023 7028 7025
f 7025 7028 7029
f 7030 6905 6914
f 6905 7030 7026
f 7031 7032 6960
f 7028 7027 7033
f 7029 7028 6953
f 7029 6953 6951
f 6848 7034 6958
f 6848 6916 7034
f 7034 6916 6960
f 7035 6914 6913
f 6914 7035 7030
f 7028 7033 6953
f 6966 6950 6949
f 7031 6960 6959
f 7033 6961 6953
f 6966 6852 6950
f 6954 6966 6949
f 6961 7036 6962
f 6913 6962 7035
f 6850 6846 6915
f 6964 6956 6789
f 6910 6791 6785
f 6733 7037 6790
f 6919 6966 6954
f 6850 6915 7038
f 7038 6856 6850
f 7039 6733 6738
f 6694 6965 6857
f 6854 7040 6963
f 7041 6856 7038
f 6858 7040 6854
f 6791 7042 6967
f 6795 6857 7043
f 6968 6856 7041
f 6969 6795 7043
f 6861 7044 6862
f 6737 7045 6576
f 7045 7046 6576
f 6576 7046 6794
f 6794 7046 6860
f 6971 6970 6799
f 6864 6972 6741
f 6972 6921 6654
f 7047 6515 6517
f 7048 6975 6742
f 6922 7049 6745
f 7050 6801 6869
f 6521 7048 6742
f 7051 6982 6981
f 7051 6981 7052
f 6800 6979 6867
f 6705 7053 6869
f 6748 7054 6976
f 6980 6982 7055
f 7054 6748 6807
f 6984 7052 6981
f 7052 6984 7056
f 7057 6808 6805
f 6708 6707 7058
f 6311 6708 7059
f 6980 7060 6983
f 7061 6984 6983
f 6984 7061 7062
f 6925 6985 7063
f 6811 7064 6926
f 6876 6809 7065
f 6927 7066 6872
f 6533 6755 7067
f 6381 7068 6530
f 6812 7068 6381
f 7069 6878 6877
f 6665 6990 6928
f 7070 6464 6756
f 7070 6756 6991
f 7071 6881 6878
f 6989 6761 6465
f 6881 7071 7072
f 6881 7072 6929
f 6929 7073 6992
f 6761 7074 6668
f 6879 6931 7075
f 7074 6817 6668
f 7073 6993 6992
f 7076 6993 7073
f 7076 6998 6993
f 7076 7077 6998
f 6996 6887 6712
f 6884 6886 7078
f 7077 6999 6998
f 6596 6887 7079
f 6596 7079 6888
f 7077 7080 6999
f 6595 6819 7081
f 6595 7081 6935
f 6997 7001 7082
f 6999 7083 7000
f 7000 7084 7001
f 7084 7082 7001
f 6767 7085 6821
f 6766 6765 7002
f 7003 7086 6764
f 6713 7087 6823
f 6770 7088 6713
f 6825 7089 6715
f 6771 6551 6772
f 7090 6772 6891
f 7091 7006 6833
f 6939 7091 6833
f 7008 7009 6897
f 6896 7010 7008
f 6943 7009 7092
f 6942 7007 6836
f 7014 7093 7094
f 7093 7014 7016
f 7013 6943 7092
f 6899 6778 7011
f 6831 6940 7095
f 7096 7094 7097
f 7094 7096 7014
f 7098 6940 6895
f 6685 6422 6145
f 7097 7099 7096
f 7100 7016 7015
f 7100 7015 7021
f 7101 6942 6841
f 7097 7102 7099
f 7096 7018 7014
f 7103 7100 7021
f 6947 7013 7104
f 6841 6904 7101
f 7099 7105 7096
f 7025 7103 7021
f 6947 7104 7024
f 7106 6895 6900
f 6945 6941 7012
f 7107 7108 7109
f 7025 7110 7111
f 7112 5640 5049
f 6149 7112 5049
f 7113 7032 7109
f 7025 7029 7110
f 7110 7029 6951
f 7110 6951 7114
f 7114 6951 7024
f 7109 7032 7107
f 7027 7023 7020
f 7115 7022 6911
f 7032 7031 7107
f 7034 6960 7032
f 7107 7116 7117
f 7033 7027 7118
f 7107 7031 7116
f 7030 7035 7119
f 6958 7120 6957
f 7116 7031 7121
f 6784 6955 7122
f 7123 6957 7120
f 7031 6959 7121
f 6957 7123 6792
f 7121 6959 6963
f 6961 7033 7124
f 6962 7125 7035
f 7035 7125 7119
f 6961 7124 7036
f 7036 7125 6962
f 6791 6910 7042
f 6792 7123 6965
f 7038 6915 7126
f 7127 6963 7040
f 6857 6965 7043
f 6858 6859 7128
f 6860 7129 6853
f 6969 7043 7130
f 6969 7130 6861
f 6861 7130 7044
f 7131 6862 7044
f 6862 7131 6859
f 6967 7042 7132
f 6737 6968 7045
f 6967 7132 6864
f 6798 7133 6920
f 6970 6863 6797
f 6972 6864 7132
f 6865 6447 6581
f 6921 6972 7134
f 6866 7135 6798
f 6922 6921 7134
f 7047 6971 6515
f 6868 7047 6517
f 7136 6803 6582
f 6982 7137 7138
f 6982 7051 7137
f 6974 6977 6802
f 6743 6801 7139
f 7140 7052 7056
f 7138 7055 6982
f 7141 7053 6705
f 6521 6923 7048
f 7136 7142 6803
f 7141 6705 6870
f 6747 6978 6707
f 6984 7143 7056
f 6925 7144 6979
f 7143 6984 7062
f 7057 7145 6808
f 7060 6980 7146
f 6808 7145 6751
f 7145 7147 6751
f 6751 7064 6811
f 7147 7064 6751
f 6925 7063 7144
f 7061 6983 7060
f 7148 7062 7061
f 6986 6874 6463
f 6987 7063 6985
f 7149 6987 6872
f 6872 7066 7149
f 6875 7150 6927
f 6533 7067 6873
f 7067 6755 6928
f 7069 6877 6876
f 6760 6709 6988
f 6812 6464 7070
f 7071 6878 7069
f 6879 7151 6991
f 7151 6879 7075
f 7073 6929 7072
f 6816 6711 7152
f 6934 7152 6711
f 7074 7153 6817
f 7154 7076 7073
f 7154 7155 7076
f 6884 7156 6934
f 7157 6931 6933
f 6762 7158 6818
f 7155 7077 7076
f 7157 6933 6994
f 6995 7159 6994
f 6994 7159 7157
f 7160 6995 6997
f 7160 7159 6995
f 6935 7081 6886
f 7080 7083 6999
f 6997 7082 7160
f 7082 7161 7160
f 7083 7162 7000
f 7162 7084 7000
f 7002 7085 6767
f 6765 7163 7002
f 7086 6765 6764
f 6821 7164 6822
f 6820 6936 7003
f 7004 6823 7087
f 6713 7088 7087
f 7165 6677 6768
f 7005 6677 7165
f 6714 6621 7166
f 6621 6826 7166
f 6889 7167 6825
f 7168 6771 6772
f 7169 7092 7009
f 7011 6835 7170
f 7171 7097 7094
f 7013 7092 7172
f 6898 7173 7010
f 7007 6942 7101
f 7174 7102 7171
f 7017 7173 6898
f 5775 6638 7175
f 7174 7176 7102
f 7171 7102 7097
f 7013 7172 7104
f 7177 7178 6899
f 7012 6831 7095
f 7176 7179 7180
f 7181 7182 7017
f 7183 6899 7178
f 6899 7183 6902
f 7108 7180 7184
f 7176 7099 7102
f 7111 7103 7025
f 7017 7019 7181
f 7095 6940 7098
f 7109 7184 7113
f 7176 7180 7185
f 7176 7185 7099
f 7105 7186 7096
f 7186 7018 7096
f 6902 7183 7187
f 6902 7187 6946
f 6946 7188 6904
f 7188 7189 6904
f 7012 7190 6945
f 7098 6895 7106
f 7099 7185 7105
f 7191 7018 7186
f 7020 7018 7191
f 7019 6948 7192
f 7019 7193 7181
f 7022 7106 6900
f 7108 7117 7180
f 7180 7117 7185
f 7194 7020 7191
f 7195 7196 7026
f 7026 7196 6907
f 7196 6948 6907
f 7034 7113 7197
f 7032 7113 7034
f 7107 7117 7108
f 7027 7020 7194
f 7027 7194 7198
f 7030 7199 7026
f 7195 7026 7199
f 6952 5640 7112
f 7034 7197 7200
f 7198 7118 7027
f 6958 7034 7200
f 7201 7030 7119
f 7202 7033 7118
f 6784 7122 6911
f 7124 7033 7202
f 7042 6910 6945
f 7042 6945 7203
f 6790 7037 6955
f 7204 6965 7123
f 7036 7205 7125
f 6915 6956 7126
f 7130 6965 7204
f 7130 7043 6965
f 7127 7040 7206
f 6858 7206 7040
f 7207 7041 7038
f 7208 6964 6853
f 6853 7129 7208
f 7209 7039 6738
f 7209 6738 6918
f 7130 7210 7044
f 7128 6859 7131
f 7206 6858 7128
f 7207 6968 7041
f 7045 6968 7211
f 6798 7135 7133
f 6973 7135 6866
f 7137 7051 7212
f 7212 7051 7213
f 7213 7051 7052
f 7052 7140 7213
f 6801 7214 7139
f 7050 7214 6801
f 6743 7139 7215
f 7053 7050 6869
f 6976 7216 6868
f 7217 6973 6867
f 6804 6743 7215
f 7049 7218 6745
f 6979 7217 6867
f 7140 7056 7219
f 6745 7218 6871
f 6311 7059 6924
f 7056 7143 7220
f 7056 7220 7219
f 7218 6986 6871
f 7142 6809 6803
f 6979 7144 7221
f 6873 7222 6659
f 7146 7223 7060
f 7224 7060 7223
f 7060 7224 7061
f 6987 7225 7063
f 7066 6927 7226
f 6760 7227 6989
f 6989 7228 6761
f 7228 7074 6761
f 7072 7229 7073
f 6817 7153 6885
f 7230 6931 7157
f 7075 6931 7230
f 7158 6593 6885
f 7158 6762 6593
f 7158 7231 6818
f 6818 7231 6763
f 7156 6884 7078
f 7232 7077 7155
f 7080 7077 7232
f 7233 6886 7081
f 6886 7233 7078
f 7234 6888 7079
f 6819 6888 7234
f 6819 7234 7081
f 7235 7083 7080
f 7236 7083 7235
f 7236 7162 7083
f 7082 7237 7161
f 7237 7082 7084
f 7162 7238 7084
f 7084 7238 7237
f 7085 7164 6821
f 6937 6824 6676
f 6824 7239 6768
f 6768 7239 7165
f 6714 7240 6769
f 7166 7240 6714
f 7005 7167 6889
f 7167 7089 6825
f 7168 6826 6771
f 7090 7168 6772
f 6715 7241 6890
f 7242 6891 6890
f 7008 7169 7009
f 7169 7243 7092
f 7244 7008 7010
f 7006 7170 6835
f 7007 7091 6939
f 7094 7245 7171
f 7016 7246 7093
f 7174 7247 7179
f 7171 7247 7174
f 7100 7246 7016
f 7244 7010 7173
f 7103 7246 7100
f 7243 7172 7092
f 7177 7248 7249
f 7248 7177 7011
f 7182 7250 7251
f 7251 7252 7253
f 7251 7250 7252
f 7253 7252 7254
f 7249 7254 7177
f 7177 6899 7011
f 7179 7176 7174
f 7173 7017 7255
f 7255 7017 7182
f 7254 7178 7177
f 6637 5775 7175
f 7180 7256 7184
f 7256 7180 7179
f 7182 7181 7250
f 7250 7181 7257
f 7250 7257 7258
f 7252 7250 7258
f 7184 7109 7108
f 7178 7259 7183
f 6904 7189 7101
f 7113 7184 7260
f 7261 7111 7110
f 7110 7262 7261
f 7024 7263 7114
f 7183 7259 7187
f 7110 7114 7262
f 7263 7262 7114
f 7193 7019 7192
f 7187 7188 6946
f 7190 7012 7095
f 7190 7095 7098
f 7185 7117 7264
f 7105 7185 7264
f 7196 7192 6948
f 7260 7197 7113
f 7265 7117 7116
f 7117 7265 7264
f 7203 6945 7190
f 7200 7120 6958
f 7198 7266 7118
f 7201 7199 7030
f 7266 7202 7118
f 7267 7116 7121
f 7116 7267 7265
f 7115 6911 7268
f 7204 7123 7269
f 7125 7205 7119
f 7121 6963 7127
f 7121 7127 7267
f 7124 7202 7270
f 7124 7271 7036
f 7271 7205 7036
f 7204 7210 7130
f 7126 6956 7272
f 7039 7037 6733
f 7132 7042 7203
f 7038 7126 7207
f 7273 6860 7046
f 7129 6860 7273
f 7211 7274 7045
f 7045 7274 7046
f 7132 7275 6972
f 7276 6865 6581
f 7134 7277 6922
f 7277 7049 6922
f 7278 7137 7212
f 6975 7279 7280
f 7280 6974 6975
f 7048 7281 6975
f 7282 7138 7137
f 7138 7282 7283
f 7054 7216 6976
f 7283 7055 7138
f 7219 7284 7140
f 7284 7219 7285
f 7286 7141 6870
f 6926 7286 6870
f 7218 7287 6986
f 6979 7288 7217
f 6979 7221 7288
f 7289 7143 7290
f 7143 7289 7220
f 7064 7147 7286
f 7064 7286 6926
f 7143 7062 7290
f 6807 6659 7222
f 7291 6874 6986
f 6809 7292 7065
f 7225 7144 7063
f 7144 7225 7293
f 7294 6874 7291
f 7224 7295 7061
f 7061 7295 7148
f 6873 7296 7222
f 7297 6987 7149
f 6987 7297 7225
f 7226 6927 7150
f 6760 6988 7227
f 7070 7068 6812
f 6928 6990 7298
f 7075 7299 7151
f 7152 6990 6816
f 7229 7154 7073
f 6934 7300 7152
f 7301 7155 7302
f 7302 7155 7154
f 7300 6934 7156
f 7232 7155 7303
f 7304 7156 7078
f 7231 6996 6763
f 7078 7305 7304
f 7305 7078 7306
f 7307 7080 7232
f 7157 7159 7230
f 7078 7233 7306
f 7308 7233 7081
f 7235 7080 7307
f 7307 7309 7235
f 7159 7160 7310
f 7310 7160 7161
f 7311 7235 7309
f 7235 7311 7236
f 7238 7162 7236
f 7312 7085 7002
f 7163 7312 7002
f 7085 7313 7164
f 7086 7163 6765
f 7314 7086 7003
f 7314 7003 6936
f 7314 6936 7315
f 7004 7315 6936
f 6770 6769 7240
f 7166 6826 7316
f 7089 7241 6715
f 7094 7317 7245
f 7317 7094 7093
f 7246 7317 7093
f 7247 7171 7245
f 7179 7247 7318
f 7170 7248 7011
f 7007 7319 7091
f 7320 7246 7103
f 7255 7244 7173
f 7251 7253 7321
f 7249 7321 7253
f 7101 7319 7007
f 7179 7318 7256
f 7322 7255 7182
f 7322 7182 7251
f 7254 7249 7253
f 7320 7103 7111
f 7323 7104 7172
f 7256 7324 7184
f 7325 7320 7111
f 7326 7252 7258
f 7326 7254 7252
f 7254 7326 7327
f 7327 7178 7254
f 7261 7325 7111
f 7323 7024 7104
f 7259 7178 7327
f 7260 7184 7324
f 7323 7263 7024
f 7181 7193 7257
f 7257 7193 7258
f 7259 7188 7187
f 7328 7186 7105
f 7329 7196 7195
f 7330 7192 7196
f 7192 7331 7193
f 7264 7328 7105
f 7186 7194 7191
f 7332 7190 7098
f 7199 7329 7195
f 7332 7333 7190
f 7022 7334 7106
f 7203 7190 7333
f 7334 7335 7106
f 7120 7269 7123
f 7266 7336 7202
f 7337 6293 6917
f 7119 7205 7201
f 6911 7122 7268
f 7336 7270 7202
f 7270 7271 7124
f 6955 7338 7122
f 6955 7037 7339
f 6964 7272 6956
f 7044 7210 7131
f 7275 7203 7340
f 6296 6920 6917
f 7275 7132 7203
f 7207 7341 6968
f 7273 7208 7129
f 7341 7211 6968
f 7342 7134 7275
f 7276 6581 6153
f 6972 7275 7134
f 7277 7134 7342
f 7049 7277 7343
f 7344 7049 7343
f 6973 7345 7135
f 7346 6582 6865
f 7279 6975 7281
f 7346 7136 6582
f 7347 6974 7280
f 7282 7137 7348
f 7347 6977 6974
f 7216 7047 6868
f 6978 6977 7347
f 6973 7217 7349
f 7284 7285 7350
f 7351 6804 7215
f 7352 7055 7283
f 7285 7353 7350
f 6978 7058 6707
f 7288 7354 7217
f 7285 7219 7353
f 7058 7059 6708
f 7287 7218 7355
f 6807 7356 7054
f 7352 7357 7055
f 7357 6980 7055
f 7358 7219 7220
f 7219 7358 7353
f 7357 7146 6980
f 7292 6809 7142
f 7221 7144 7293
f 7357 7223 7146
f 7148 7359 7062
f 7359 7290 7062
f 7226 7360 7066
f 7066 7360 7149
f 7223 7361 7224
f 7065 7292 6876
f 7225 7297 7362
f 6876 7292 7363
f 7296 7067 6928
f 7364 7150 6875
f 7363 7069 6876
f 7068 7364 6875
f 7068 6875 6530
f 7365 7069 7363
f 7365 7071 7069
f 6991 7366 7070
f 7366 6991 7151
f 7228 7367 7074
f 7302 7154 7229
f 7075 7368 7299
f 7303 7155 7301
f 7230 7369 7075
f 7232 7303 7370
f 7370 7307 7232
f 7079 6887 7371
f 7234 7079 7372
f 7373 7309 7307
f 7374 7310 7161
f 7374 7161 7237
f 7374 7237 7375
f 7237 7376 7375
f 7237 7238 7376
f 7377 7086 7314
f 6937 7164 7378
f 6937 6822 7164
f 7315 7004 7087
f 6937 7379 6824
f 6824 7379 7239
f 7088 6770 7380
f 7381 7005 7165
f 7005 7381 7382
f 7382 7167 7005
f 7167 7382 7383
f 6826 7168 7316
f 7242 7090 6891
f 7008 7384 7169
f 7385 7247 7245
f 7317 7385 7245
f 7244 7384 7008
f 7386 7243 7169
f 7387 7170 7006
f 7387 7006 7091
f 7318 7247 7388
f 7386 7389 7243
f 7321 7390 7251
f 7172 7243 7389
f 7390 7322 7251
f 7391 7319 7101
f 7101 7189 7391
f 7258 7392 7326
f 7193 7392 7258
f 7259 7393 7188
f 7393 7189 7188
f 7394 7197 7260
f 7329 7330 7196
f 7330 7331 7192
f 7193 7395 7392
f 7396 7328 7264
f 7194 7186 7397
f 7398 7395 7331
f 7331 7395 7193
f 7197 7394 7200
f 7200 7399 7120
f 7264 7265 7400
f 7201 7401 7199
f 7332 7098 7335
f 7335 7098 7106
f 7402 7266 7198
f 7337 6640 6293
f 7269 7120 7399
f 7403 7265 7267
f 7404 7201 7405
f 7403 7267 7127
f 7205 7405 7201
f 7334 7022 7115
f 7269 7210 7204
f 7403 7127 7406
f 7271 7405 7205
f 7333 7332 7340
f 7340 7332 7335
f 7334 7115 7407
f 7337 6917 7408
f 7206 7406 7127
f 7334 7409 7335
f 7407 7115 7268
f 7410 7268 7122
f 7203 7333 7340
f 7409 7334 7411
f 7338 6955 7339
f 7037 7039 7412
f 7413 7128 7131
f 7414 7206 7128
f 7412 7039 7209
f 6917 6920 7408
f 7415 6964 7208
f 7416 6153 6085
f 7409 7342 7275
f 7273 7417 7208
f 7418 7342 7409
f 6863 6918 6697
f 7211 7341 7419
f 7273 7046 7274
f 7418 7277 7342
f 7276 7420 6865
f 7419 7421 7211
f 7211 7421 7274
f 7343 7277 7418
f 7345 7133 7135
f 7346 6865 7420
f 7279 7281 7422
f 7049 7344 7423
f 7140 7424 7213
f 7425 7424 7140
f 7218 7049 7423
f 6973 7349 7345
f 6923 7281 7048
f 7284 7425 7140
f 7426 6978 7347
f 7427 7215 7139
f 7354 7349 7217
f 7350 7353 7428
f 6805 6804 7351
f 7426 7058 6978
f 7286 7429 7141
f 6805 7430 7057
f 7057 7431 7145
f 7220 7289 7358
f 7147 7145 7432
f 6807 7222 7356
f 7221 7293 7288
f 7357 7433 7223
f 7293 7434 7435
f 7436 7223 7433
f 7225 7434 7293
f 7436 7437 7223
f 7359 7148 7295
f 7149 7360 7438
f 7225 7439 7434
f 7434 7440 7437
f 7437 7440 7223
f 7223 7440 7361
f 7225 7362 7439
f 7361 7295 7224
f 7067 7296 6873
f 6988 6874 7294
f 6928 7441 7296
f 7227 6988 7294
f 6928 7442 7441
f 6928 7298 7442
f 7070 7443 7068
f 7071 7365 7444
f 6990 7152 7445
f 7299 7446 7151
f 7300 7156 7447
f 7153 7448 6885
f 7448 7449 6885
f 7449 7158 6885
f 7450 7231 7158
f 7451 7370 7303
f 7368 7075 7369
f 7370 7373 7307
f 7372 7079 7371
f 7452 7306 7233
f 7453 7230 7159
f 7308 7081 7234
f 7373 7454 7309
f 7159 7310 7453
f 7455 7309 7454
f 7311 7309 7455
f 7456 7236 7311
f 7236 7456 7238
f 7376 7238 7457
f 7312 7313 7085
f 7239 7381 7165
f 7380 6770 7240
f 7167 7383 7089
f 7241 7242 6890
f 7388 7247 7385
f 7458 7317 7246
f 7459 7384 7244
f 7248 7170 7460
f 7387 7460 7170
f 7461 7458 7246
f 7462 7390 7321
f 7462 7321 7249
f 7249 7248 7462
f 7462 7248 7460
f 7463 7387 7091
f 7463 7091 7464
f 7319 7464 7091
f 7461 7246 7320
f 7389 7465 7172
f 7466 7459 7244
f 7466 7244 7255
f 7466 7255 7322
f 7390 7466 7322
f 7467 7324 7256
f 7172 7465 7323
f 7324 7467 7468
f 7469 7320 7325
f 7468 7260 7324
f 7469 7325 7261
f 7465 7470 7323
f 7471 7261 7262
f 7323 7470 7263
f 7326 7392 7472
f 7326 7472 7473
f 7473 7327 7326
f 7259 7327 7473
f 7263 7471 7262
f 7330 7329 7474
f 7473 7393 7259
f 7474 7329 7475
f 7331 7330 7398
f 7328 7397 7186
f 7476 7397 7328
f 7475 7329 7401
f 7400 7396 7264
f 7328 7396 7476
f 7397 7477 7194
f 7199 7401 7329
f 7194 7477 7198
f 7399 7200 7394
f 7477 7402 7198
f 7401 7201 7404
f 7266 7478 7336
f 7402 7478 7266
f 7269 7399 7210
f 7478 7270 7336
f 7270 7479 7271
f 7131 7210 7480
f 7413 7131 7480
f 7413 7414 7128
f 7481 7407 7268
f 7334 7407 7411
f 7275 7340 7335
f 7415 7272 6964
f 7409 7275 7335
f 7482 7207 7126
f 7418 7409 7411
f 7482 7341 7207
f 7208 7483 7415
f 7416 7276 6153
f 7417 7483 7208
f 7343 7418 7484
f 6971 7485 6970
f 7421 7273 7274
f 7422 7486 7419
f 7419 7486 7421
f 7348 7137 7487
f 7487 7137 7278
f 7486 7422 7281
f 7281 7488 7486
f 7139 7489 7427
f 7214 7489 7139
f 7281 7490 7488
f 6923 7490 7281
f 6924 7490 6923
f 7491 7425 7284
f 7423 7355 7218
f 7350 7491 7284
f 7491 7350 7492
f 7427 7351 7215
f 7493 7490 6924
f 7428 7492 7350
f 7059 7493 6924
f 7494 7057 7430
f 7495 7358 7289
f 7290 7495 7289
f 7496 7288 7293
f 7496 7293 7435
f 7433 7357 7352
f 7287 7497 6986
f 7291 6986 7497
f 7296 7498 7222
f 7435 7434 7437
f 7435 7437 7436
f 7226 7499 7500
f 7226 7150 7499
f 7440 7434 7439
f 7297 7149 7438
f 7501 7362 7297
f 7440 7439 7502
f 7440 7502 7361
f 7361 7502 7295
f 7362 7503 7439
f 7504 7227 7505
f 7227 7504 6989
f 7366 7443 7070
f 7071 7444 7072
f 7072 7444 7506
f 7507 7366 7151
f 7506 7229 7072
f 7507 7151 7446
f 7508 7153 7074
f 7509 7301 7302
f 7510 7301 7509
f 7510 7303 7301
f 7368 7446 7299
f 7451 7303 7510
f 7447 7156 7304
f 7511 7373 7370
f 7304 7305 7512
f 6887 7513 7371
f 7512 7305 7514
f 7305 7306 7514
f 7369 7230 7453
f 7373 7515 7454
f 7516 7233 7308
f 7233 7516 7452
f 7454 7517 7455
f 7518 7519 7517
f 7517 7519 7455
f 7518 7520 7519
f 7521 7522 7518
f 7518 7522 7520
f 7455 7523 7311
f 7455 7519 7523
f 7456 7311 7523
f 7456 7457 7238
f 7522 7524 7520
f 7163 7086 7525
f 7086 7377 7525
f 7315 7377 7314
f 7526 7315 7087
f 7527 7087 7088
f 7528 7168 7090
f 7458 7529 7317
f 7169 7530 7386
f 7384 7530 7169
f 7530 7384 7531
f 7531 7384 7459
f 7532 7390 7462
f 7463 7460 7387
f 7533 7256 7318
f 7389 7386 7530
f 7466 7390 7532
f 7533 7467 7256
f 7469 7461 7320
f 7391 7464 7319
f 7260 7468 7534
f 7260 7534 7394
f 7535 7469 7261
f 7471 7535 7261
f 7391 7189 7393
f 7534 7536 7394
f 7263 7537 7471
f 7470 7537 7263
f 7392 7395 7538
f 6149 6424 6637
f 7398 7538 7395
f 7400 7476 7396
f 7265 7539 7400
f 7337 7540 6640
f 7403 7539 7265
f 7406 7539 7403
f 7541 7405 7542
f 7405 7541 7404
f 7399 7480 7210
f 7478 7479 7270
f 7271 7479 7405
f 7543 7406 7206
f 7543 7206 7414
f 7122 7338 7410
f 7544 7268 7410
f 7545 6085 6295
f 7544 7481 7268
f 7272 7546 7126
f 7411 7407 7481
f 6920 7547 7408
f 7548 7411 7481
f 7411 7484 7418
f 7484 7411 7548
f 6863 7549 6918
f 7482 7550 7341
f 7344 7484 7548
f 7485 6863 6970
f 7547 6920 7133
f 7550 7419 7341
f 7343 7484 7344
f 7278 7551 7487
f 7278 7212 7551
f 7422 7419 7550
f 7421 7417 7273
f 7550 7279 7422
f 7488 7421 7486
f 7417 7421 7488
f 6971 7047 7552
f 7280 7279 7553
f 7347 7280 7553
f 7554 7424 7425
f 7555 7427 7489
f 7556 7489 7214
f 7556 7214 7050
f 7050 7053 7556
f 7355 7423 7557
f 7216 7054 7558
f 7558 7054 7356
f 7059 7058 7426
f 7353 7559 7428
f 7560 7559 7353
f 6805 7351 7430
f 7561 7142 7136
f 7353 7562 7560
f 7358 7562 7353
f 7288 7563 7354
f 7147 7564 7286
f 7288 7496 7563
f 7431 7432 7145
f 7290 7565 7495
f 7566 7433 7352
f 7436 7433 7566
f 7435 7436 7496
f 7500 7567 7226
f 7226 7567 7360
f 7359 7295 7568
f 7150 7364 7499
f 7501 7297 7438
f 7439 7503 7502
f 7569 7365 7363
f 7298 7570 7442
f 7571 7228 6989
f 7445 7298 6990
f 7445 7152 7300
f 7572 7448 7153
f 7158 7449 7573
f 7573 7450 7158
f 7511 7370 7451
f 7447 7304 7574
f 7304 7512 7574
f 7515 7373 7511
f 6996 7513 6887
f 7575 7518 7576
f 7576 7454 7515
f 7577 7514 7306
f 7575 7578 7518
f 7576 7518 7517
f 7576 7517 7454
f 7234 7372 7579
f 7579 7308 7234
f 7452 7577 7306
f 7578 7521 7518
f 7519 7580 7523
f 7521 7581 7522
f 7581 7582 7522
f 7519 7520 7580
f 7456 7583 7457
f 7457 7583 7584
f 7457 7584 7376
f 7522 7582 7524
f 7520 7585 7580
f 7585 7520 7524
f 7586 7312 7163
f 7586 7163 7525
f 6937 7378 7379
f 7526 7087 7527
f 7239 7379 7587
f 7239 7587 7381
f 7166 7316 7588
f 7383 7589 7089
f 7589 7241 7089
f 7590 7242 7241
f 7385 7591 7388
f 7529 7385 7317
f 7388 7591 7318
f 7533 7318 7591
f 7530 7531 7592
f 7532 7462 7593
f 7594 7593 7462
f 7594 7462 7460
f 7594 7460 7463
f 7595 7458 7461
f 7459 7596 7531
f 7466 7532 7597
f 7598 7467 7533
f 7599 7595 7461
f 7600 7389 7530
f 7601 7530 7592
f 7596 7459 7466
f 7597 7596 7466
f 7461 7469 7599
f 7389 7600 7465
f 7530 7601 7602
f 7601 7592 7474
f 7535 7599 7469
f 7603 7465 7600
f 7465 7603 7470
f 7604 7601 7475
f 7475 7601 7474
f 7330 7474 7605
f 7392 7606 7472
f 7473 7472 7607
f 7391 7393 7607
f 7537 7535 7471
f 7608 7470 7603
f 7538 7606 7392
f 7473 7607 7393
f 6638 6422 6685
f 7537 7470 7608
f 7401 7604 7475
f 7398 7330 7605
f 7605 7538 7398
f 7609 7610 7476
f 7476 7610 7397
f 7400 7609 7476
f 7611 7477 7397
f 6640 7540 6083
f 7400 7539 7612
f 7613 7402 7477
f 7614 7404 7615
f 7404 7604 7401
f 7404 7614 7604
f 7536 7399 7394
f 7616 7402 7613
f 7541 7615 7404
f 7616 7478 7402
f 7542 7405 7479
f 7545 6295 6952
f 7414 7413 7617
f 7414 7617 7543
f 7410 7338 7618
f 7619 7339 7037
f 7619 7037 7412
f 7544 7410 7618
f 7620 7412 7209
f 7416 6085 7545
f 7546 7482 7126
f 7621 7481 7544
f 7549 7209 6918
f 6863 7485 7622
f 7212 7623 7551
f 7212 7624 7623
f 7212 7213 7624
f 7344 7548 7625
f 7424 7624 7213
f 7344 7625 7423
f 7345 7626 7133
f 7553 7279 7550
f 7347 7553 7627
f 7552 7047 7628
f 7047 7216 7628
f 7347 7627 7426
f 7628 7216 7629
f 7630 7282 7348
f 7283 7282 7630
f 7561 7136 7346
f 7216 7558 7629
f 7631 7351 7427
f 7428 7632 7492
f 7556 7053 7141
f 7059 7426 7633
f 7354 7634 7349
f 7632 7428 7559
f 7559 7430 7351
f 7559 7560 7430
f 7286 7564 7429
f 7057 7494 7431
f 7147 7432 7564
f 7563 7496 7635
f 7358 7495 7636
f 7562 7358 7636
f 7565 7637 7495
f 7637 7636 7495
f 7356 7222 7638
f 7290 7639 7565
f 7639 7290 7359
f 7292 7142 7640
f 7639 7359 7641
f 7642 7499 7364
f 7643 7295 7502
f 7295 7643 7568
f 7503 7362 7501
f 7227 7294 7505
f 7443 7364 7068
f 7569 7444 7365
f 6989 7504 7571
f 7367 7228 7571
f 7644 7229 7506
f 7644 7509 7302
f 7644 7302 7229
f 7074 7367 7508
f 7153 7508 7572
f 7447 7645 7300
f 7510 7646 7451
f 7647 6996 7231
f 7369 7648 7368
f 7649 7515 7511
f 7515 7649 7576
f 7512 7514 7650
f 7512 7650 7651
f 7650 7514 7577
f 7652 7521 7578
f 7579 7516 7308
f 7577 7452 7653
f 7577 7654 7650
f 7581 7521 7652
f 7655 7582 7581
f 7523 7583 7456
f 7656 7376 7584
f 7376 7656 7375
f 7655 7657 7582
f 7658 7659 7655
f 7657 7655 7659
f 7582 7657 7660
f 7582 7660 7524
f 7661 7312 7586
f 7661 7313 7312
f 7164 7313 7662
f 7377 7315 7526
f 7381 7663 7382
f 7664 7665 7382
f 7383 7382 7665
f 7666 7316 7168
f 7090 7242 7528
f 7529 7591 7385
f 7458 7667 7529
f 7591 7668 7533
f 7593 7669 7532
f 7670 7593 7671
f 7671 7593 7594
f 7463 7671 7594
f 7668 7598 7533
f 7592 7531 7672
f 7672 7531 7596
f 7597 7532 7669
f 7673 7669 7593
f 7673 7593 7670
f 7463 7464 7671
f 7602 7600 7530
f 7596 7674 7672
f 7674 7596 7597
f 7674 7597 7675
f 7675 7597 7669
f 7669 7673 7675
f 7676 7671 7464
f 7598 7468 7467
f 7474 7592 7605
f 7605 7592 7672
f 7472 7675 7673
f 7673 7670 7677
f 7472 7673 7677
f 7391 7676 7464
f 7599 7535 7678
f 7603 7600 7602
f 7674 7606 7679
f 7606 7674 7675
f 7606 7675 7472
f 7607 7472 7677
f 7605 7672 7679
f 7535 7537 7680
f 7614 7603 7602
f 7614 7602 7604
f 7604 7602 7601
f 7538 7605 7679
f 7538 7679 7606
f 7610 7611 7397
f 7681 7680 7537
f 7537 7608 7681
f 7614 7608 7603
f 7682 6685 6083
f 7400 7612 7609
f 7611 7613 7477
f 7681 7608 7614
f 7612 7539 7683
f 7616 7613 7684
f 7615 7681 7614
f 7615 7685 7681
f 7478 7616 7686
f 7685 7615 7541
f 7683 7539 7687
f 7688 7685 7541
f 7689 7399 7690
f 7480 7399 7689
f 7687 7406 7543
f 7406 7687 7539
f 7542 7688 7541
f 7337 7691 7540
f 7688 7478 7686
f 7688 7479 7478
f 7479 7688 7542
f 7408 7691 7337
f 7689 7413 7480
f 7413 7689 7617
f 7692 7545 6952
f 7338 7339 7619
f 7546 7272 7693
f 7408 7547 7694
f 7415 7693 7272
f 7481 7621 7548
f 7483 7695 7415
f 7696 7550 7482
f 7622 7549 6863
f 7420 7276 7416
f 7625 7548 7621
f 7485 6971 7697
f 7550 7696 7553
f 7487 7698 7348
f 7423 7625 7699
f 7700 7346 7420
f 7553 7701 7627
f 7702 7417 7488
f 7702 7488 7490
f 7703 7554 7425
f 7489 7704 7555
f 7557 7423 7699
f 7555 7631 7427
f 7556 7705 7489
f 7706 7491 7492
f 7632 7707 7492
f 7351 7631 7708
f 7059 7633 7493
f 7708 7632 7559
f 7708 7559 7351
f 7141 7429 7556
f 7354 7709 7634
f 7710 7283 7630
f 7563 7709 7354
f 7560 7494 7430
f 7560 7562 7494
f 7710 7352 7283
f 7494 7711 7431
f 7712 7566 7352
f 7565 7713 7637
f 7635 7496 7436
f 7635 7436 7714
f 7714 7436 7566
f 7638 7222 7498
f 7715 7359 7568
f 7359 7715 7641
f 7363 7292 7640
f 7500 7499 7716
f 7505 7294 7291
f 7360 7717 7438
f 7438 7718 7501
f 7719 7503 7501
f 7643 7502 7503
f 7503 7719 7643
f 7507 7443 7366
f 7446 7720 7507
f 7645 7445 7300
f 7368 7648 7721
f 7651 7574 7512
f 7574 7651 7722
f 7453 7723 7369
f 7651 7650 7724
f 7653 7452 7516
f 7650 7725 7724
f 7726 7310 7374
f 7725 7650 7654
f 7727 7581 7652
f 7577 7728 7654
f 7724 7725 7729
f 7730 7658 7731
f 7726 7374 7375
f 7577 7653 7728
f 7731 7655 7727
f 7731 7658 7655
f 7727 7655 7581
f 7725 7732 7729
f 7733 7726 7375
f 7654 7734 7725
f 7732 7735 7729
f 7729 7735 7736
f 7733 7375 7656
f 7732 7725 7734
f 7736 7735 7737
f 7737 7738 7739
f 7583 7740 7584
f 7737 7735 7738
f 7741 7742 7743
f 7583 7523 7580
f 7738 7744 7739
f 7739 7744 7741
f 7744 7742 7741
f 7743 7742 7745
f 7746 7580 7585
f 7580 7746 7583
f 7747 7659 7658
f 7659 7748 7657
f 7749 7585 7524
f 7524 7660 7749
f 7744 7750 7742
f 7742 7751 7745
f 7750 7751 7742
f 7745 7751 7752
f 7752 7753 7754
f 7751 7755 7752
f 7756 7751 7750
f 7751 7756 7755
f 7378 7164 7662
f 7757 7525 7377
f 7378 7758 7379
f 7757 7377 7526
f 7380 7527 7088
f 7664 7382 7663
f 7759 7240 7166
f 7588 7759 7166
f 7383 7665 7589
f 7760 7666 7168
f 7528 7760 7168
f 7529 7761 7591
f 7667 7761 7529
f 7667 7458 7762
f 7458 7595 7762
f 7763 7595 7764
f 7595 7599 7764
f 7676 7670 7671
f 7677 7670 7676
f 7598 7765 7468
f 7678 7764 7599
f 7607 7677 7676
f 7607 7676 7391
f 7765 7534 7468
f 7679 7672 7674
f 7765 7766 7534
f 7535 7680 7678
f 7534 7766 7536
f 7609 7612 7767
f 7610 7768 7611
f 7682 6638 6685
f 7616 7684 7769
f 7770 7680 7681
f 7690 7399 7536
f 7766 7690 7536
f 7770 7681 7685
f 7686 7616 7769
f 7771 7770 7685
f 7543 7772 7687
f 7688 7771 7685
f 6952 7112 7773
f 7617 7689 7772
f 7617 7772 7543
f 7618 7774 7544
f 7775 7482 7546
f 7695 7693 7415
f 7774 7621 7544
f 7696 7482 7775
f 7621 7776 7625
f 7424 7777 7624
f 7552 7697 6971
f 7626 7547 7133
f 7777 7424 7554
f 7701 7553 7696
f 7625 7778 7699
f 7483 7417 7702
f 7779 7346 7700
f 7780 7348 7698
f 7633 7627 7701
f 7779 7561 7346
f 7633 7426 7627
f 7702 7490 7781
f 7705 7704 7489
f 7633 7781 7493
f 7493 7781 7490
f 7780 7630 7348
f 7555 7782 7631
f 7783 7705 7556
f 7784 7349 7634
f 7703 7425 7491
f 7707 7706 7492
f 7429 7785 7556
f 7635 7709 7563
f 7561 7786 7142
f 7352 7710 7712
f 7562 7711 7494
f 7787 7432 7431
f 7788 7637 7789
f 7355 7790 7287
f 7640 7142 7786
f 7713 7789 7637
f 7636 7637 7788
f 7712 7714 7566
f 7791 7565 7639
f 7565 7791 7713
f 7790 7497 7287
f 7716 7567 7500
f 7640 7792 7363
f 7567 7793 7360
f 7296 7441 7794
f 7793 7717 7360
f 7643 7795 7568
f 7569 7363 7792
f 7719 7501 7718
f 7442 7570 7441
f 7444 7569 7796
f 7571 7797 7367
f 7298 7798 7570
f 7444 7799 7506
f 7507 7800 7443
f 7509 7801 7510
f 7572 7508 7802
f 7368 7721 7446
f 7446 7721 7720
f 7645 7447 7803
f 7451 7646 7804
f 7574 7803 7447
f 7804 7511 7451
f 7805 7574 7722
f 7806 7575 7807
f 7807 7575 7576
f 7807 7576 7649
f 7808 7578 7575
f 7513 7809 7371
f 7724 7722 7651
f 7808 7652 7578
f 7810 7652 7808
f 7371 7809 7372
f 7810 7727 7652
f 7372 7809 7811
f 7731 7810 7812
f 7810 7731 7727
f 7453 7813 7723
f 7453 7310 7813
f 7516 7579 7814
f 7726 7813 7310
f 7724 7729 7736
f 7736 7737 7815
f 7815 7737 7816
f 7516 7817 7653
f 7816 7741 7818
f 7741 7819 7818
f 7816 7739 7741
f 7728 7653 7817
f 7737 7739 7816
f 7741 7743 7819
f 7743 7820 7819
f 7654 7728 7734
f 7730 7747 7658
f 7734 7821 7732
f 7822 7823 7754
f 7735 7732 7824
f 7743 7745 7823
f 7825 7826 7827
f 7583 7746 7828
f 7732 7821 7824
f 7745 7752 7823
f 7824 7738 7735
f 7823 7752 7754
f 7829 7659 7747
f 7585 7749 7830
f 7659 7831 7748
f 7657 7748 7832
f 7657 7832 7660
f 7660 7832 7749
f 7824 7833 7738
f 7738 7833 7744
f 7754 7834 7835
f 7754 7753 7834
f 7744 7833 7836
f 7744 7836 7750
f 7752 7755 7753
f 7837 7750 7836
f 7750 7837 7756
f 7834 7753 7838
f 7756 7839 7755
f 7755 7839 7753
f 7753 7839 7840
f 7753 7840 7838
f 7586 7841 7661
f 7842 7313 7661
f 7586 7525 7843
f 7842 7662 7313
f 7587 7844 7381
f 7759 7380 7240
f 7666 7588 7316
f 7590 7845 7242
f 7761 7667 7846
f 7762 7846 7667
f 7847 7591 7761
f 7595 7763 7762
f 7591 7848 7668
f 7848 7591 7847
f 7668 7848 7598
f 7849 7598 7848
f 7849 7765 7598
f 7769 7850 7764
f 7678 7769 7764
f 7851 7766 7765
f 7852 7610 7609
f 7852 7768 7610
f 7768 7853 7611
f 7611 7853 7850
f 7850 7613 7611
f 7850 7684 7613
f 7684 7850 7769
f 7854 7769 7678
f 7609 7767 7852
f 7854 7678 7770
f 7770 7678 7680
f 7175 7855 6637
f 6638 7682 7855
f 7612 7683 7767
f 7686 7769 7854
f 7771 7854 7770
f 7540 7682 6083
f 7690 7766 7772
f 7772 7851 7687
f 7687 7851 7856
f 7687 7856 7683
f 7686 7854 7771
f 7773 7112 6149
f 7689 7690 7772
f 7688 7686 7771
f 7857 7540 7691
f 7412 7620 7619
f 7774 7776 7621
f 7778 7625 7776
f 7697 7552 7858
f 7626 7345 7784
f 7859 7780 7698
f 7703 7860 7554
f 7633 7701 7781
f 7345 7349 7784
f 7555 7704 7782
f 7631 7782 7708
f 7706 7707 7861
f 7707 7632 7708
f 7783 7556 7785
f 7862 7703 7491
f 7491 7706 7862
f 7558 7356 7863
f 7557 7864 7355
f 7711 7787 7431
f 7789 7713 7865
f 7866 7641 7715
f 7867 7505 7291
f 7499 7642 7716
f 7715 7568 7795
f 7868 7569 7792
f 7717 7718 7438
f 7869 7505 7867
f 7870 7795 7643
f 7643 7719 7870
f 7504 7505 7869
f 7796 7799 7444
f 7298 7445 7798
f 7871 7509 7644
f 7509 7871 7801
f 7801 7872 7510
f 7572 7873 7448
f 7803 7574 7805
f 7806 7808 7575
f 7647 7874 6996
f 7513 6996 7874
f 7722 7724 7805
f 7875 7805 7724
f 7369 7723 7648
f 7875 7724 7736
f 7372 7811 7876
f 7579 7372 7876
f 7815 7875 7736
f 7877 7730 7731
f 7878 7728 7817
f 7825 7879 7880
f 7879 7825 7881
f 7820 7823 7882
f 7823 7822 7882
f 7883 7880 7884
f 7820 7743 7823
f 7883 7826 7880
f 7881 7825 7747
f 7881 7747 7730
f 7734 7728 7878
f 7835 7822 7754
f 7885 7822 7835
f 7835 7886 7885
f 7880 7826 7825
f 7883 7887 7888
f 7883 7888 7826
f 7740 7583 7828
f 7887 7889 7888
f 7821 7890 7824
f 7826 7891 7827
f 7747 7825 7827
f 7830 7746 7585
f 7888 7892 7826
f 7826 7892 7891
f 7827 7829 7747
f 7749 7893 7830
f 7890 7833 7824
f 7835 7894 7889
f 7659 7829 7831
f 7827 7891 7895
f 7829 7827 7895
f 7838 7835 7834
f 7835 7838 7894
f 7896 7892 7888
f 7894 7838 7897
f 7898 7836 7833
f 7837 7839 7756
f 7899 7839 7837
f 7839 7899 7840
f 7757 7843 7525
f 7662 7900 7378
f 7758 7378 7900
f 7587 7379 7758
f 7380 7901 7527
f 7844 7663 7381
f 7589 7902 7241
f 7902 7590 7241
f 7845 7528 7242
f 7903 7761 7846
f 7846 7762 7904
f 7763 7905 7762
f 7762 7905 7904
f 7764 7905 7763
f 7848 7906 7849
f 7850 7905 7764
f 7907 7849 7906
f 7853 7904 7905
f 7850 7853 7905
f 7849 7907 7765
f 7907 7906 7908
f 7765 7907 7851
f 7768 7852 7909
f 7768 7909 7910
f 7768 7910 7853
f 7767 7908 7852
f 7851 7907 7856
f 7856 7907 7767
f 7767 7907 7908
f 7683 7856 7767
f 7855 7175 6638
f 7772 7766 7851
f 7692 6952 7773
f 7618 7338 7911
f 7623 7912 7551
f 7913 7546 7693
f 7487 7551 7912
f 7546 7913 7775
f 7914 7693 7695
f 7697 7622 7485
f 7695 7915 7914
f 7483 7915 7695
f 7696 7775 7916
f 7701 7696 7916
f 7702 7915 7483
f 7781 7701 7916
f 7702 7781 7915
f 7629 7558 7917
f 7863 7917 7558
f 7862 7918 7703
f 7919 7862 7706
f 7920 7634 7709
f 7921 7920 7709
f 7429 7564 7785
f 7432 7787 7564
f 7790 7355 7864
f 7356 7638 7922
f 7711 7562 7923
f 7865 7713 7791
f 7636 7923 7562
f 7790 7864 7497
f 7867 7291 7497
f 7794 7498 7296
f 7716 7924 7567
f 7794 7441 7925
f 7718 7717 7926
f 7364 7927 7642
f 7718 7928 7719
f 7796 7569 7868
f 7570 7925 7441
f 7443 7927 7364
f 7929 7927 7443
f 7930 7506 7799
f 7443 7800 7929
f 7930 7644 7506
f 7871 7644 7930
f 7931 7798 7445
f 7645 7931 7445
f 7646 7510 7872
f 7873 7932 7448
f 7449 7448 7932
f 7932 7573 7449
f 7933 7511 7804
f 7933 7649 7511
f 7805 7934 7803
f 7935 7808 7806
f 7648 7936 7721
f 7937 7815 7818
f 7815 7816 7818
f 7818 7819 7938
f 7877 7731 7812
f 7876 7814 7579
f 7819 7820 7939
f 7940 7730 7877
f 7817 7516 7814
f 7939 7820 7882
f 7881 7730 7940
f 7882 7822 7941
f 7881 7940 7879
f 7884 7880 7942
f 7942 7880 7879
f 7941 7822 7885
f 7887 7883 7884
f 7885 7886 7887
f 7740 7656 7584
f 7886 7889 7887
f 7878 7943 7734
f 7835 7889 7886
f 7821 7734 7943
f 7894 7944 7889
f 7889 7944 7888
f 7749 7832 7945
f 7749 7945 7893
f 7896 7888 7944
f 7829 7895 7946
f 7829 7946 7831
f 7947 7832 7748
f 7894 7896 7944
f 7897 7896 7894
f 7891 7948 7895
f 7896 7949 7892
f 7892 7948 7891
f 7896 7950 7949
f 7892 7949 7951
f 7948 7892 7951
f 7898 7837 7836
f 7897 7838 7952
f 7840 7953 7838
f 7840 7899 7953
f 7841 7842 7661
f 7954 7586 7843
f 7955 7901 7380
f 7759 7955 7380
f 7956 7663 7957
f 7956 7664 7663
f 7958 7664 7956
f 7664 7958 7665
f 7590 7959 7845
f 7761 7960 7847
f 7903 7960 7761
f 7910 7903 7846
f 7910 7846 7904
f 7847 7906 7848
f 7906 7847 7960
f 7909 7960 7903
f 7909 7903 7910
f 7852 7906 7960
f 7852 7960 7909
f 7853 7910 7904
f 7908 7906 7852
f 7961 6637 7855
f 6149 7961 7773
f 7961 6149 6637
f 7682 7540 7857
f 7962 7691 7408
f 7911 7338 7619
f 7963 7619 7620
f 7962 7408 7694
f 7911 7964 7618
f 7965 7416 7545
f 7620 7209 7966
f 7966 7209 7549
f 7618 7964 7774
f 7967 7549 7622
f 7968 7698 7487
f 7487 7912 7968
f 7913 7693 7914
f 7965 7420 7416
f 7913 7916 7775
f 7969 7547 7626
f 7781 7916 7915
f 7626 7784 7969
f 7970 7780 7859
f 7971 7780 7970
f 7552 7628 7972
f 7973 7628 7629
f 7918 7974 7703
f 7975 7782 7704
f 7705 7975 7704
f 7973 7629 7917
f 7708 7976 7707
f 7707 7976 7861
f 7708 7782 7976
f 7699 7977 7557
f 7920 7784 7634
f 7919 7706 7861
f 7865 7918 7862
f 7978 7862 7919
f 7978 7919 7979
f 7864 7557 7980
f 7981 7921 7709
f 7865 7862 7978
f 7788 7978 7979
f 7922 7863 7356
f 7789 7865 7978
f 7789 7978 7788
f 7564 7787 7982
f 7635 7981 7709
f 7923 7787 7711
f 7714 7981 7635
f 7712 7981 7714
f 7791 7983 7865
f 7984 7636 7788
f 7636 7984 7923
f 7791 7639 7983
f 7639 7985 7983
f 7986 7985 7639
f 7638 7498 7987
f 7639 7641 7986
f 7716 7988 7924
f 7641 7866 7986
f 7715 7795 7989
f 7718 7926 7928
f 7719 7928 7870
f 7571 7504 7869
f 7990 7570 7798
f 7507 7991 7800
f 7367 7992 7508
f 7720 7991 7507
f 7508 7992 7802
f 7450 7647 7231
f 7807 7993 7806
f 7807 7649 7933
f 7808 7935 7994
f 7810 7808 7994
f 7995 7812 7810
f 7513 7874 7809
f 7996 7805 7875
f 7875 7815 7937
f 7997 7877 7812
f 7998 7648 7723
f 7723 7813 7998
f 7938 7819 7939
f 7884 7942 7999
f 8000 7939 7882
f 8001 7941 7885
f 7884 8002 8003
f 8004 7817 7814
f 8003 7887 7884
f 7733 8005 7726
f 7878 7817 8004
f 7885 7887 8003
f 7830 8006 7746
f 7746 8006 7828
f 7893 8007 7830
f 7830 8007 8006
f 7943 8008 7821
f 7890 7821 8008
f 7890 8009 7833
f 8010 7831 7946
f 7831 8010 8011
f 7831 8011 7748
f 7748 8011 7947
f 7950 7896 7897
f 7946 7895 8012
f 7952 7950 7897
f 7837 8013 7899
f 8014 7953 7899
f 7841 7586 7954
f 8015 7843 7757
f 8016 8015 7757
f 7757 7526 8016
f 7844 7587 8017
f 7957 7663 7844
f 8018 7665 7958
f 7589 7665 8018
f 8019 7857 7691
f 7545 7692 7965
f 7624 8020 7623
f 7624 7777 8020
f 7554 8021 7777
f 7913 7914 7916
f 8022 7420 7965
f 8022 7700 7420
f 7859 8023 7970
f 7916 7914 7915
f 7858 7552 7972
f 7778 8024 7699
f 8025 7969 7784
f 7974 7860 7703
f 7973 7972 7628
f 8026 7780 7971
f 7975 7976 7782
f 7705 7783 7975
f 7980 7557 7977
f 7861 8027 7919
f 7630 7780 8028
f 7564 8029 7785
f 7630 8028 7710
f 7982 8029 7564
f 7865 7983 8030
f 7710 8031 7712
f 8032 7984 7788
f 7923 7984 7787
f 7984 7982 7787
f 7987 7922 7638
f 7864 8033 7497
f 8033 7867 7497
f 7567 7924 7793
f 7989 7866 7715
f 7717 7793 7926
f 7989 7795 7870
f 7868 8034 7796
f 8034 7799 7796
f 7570 7990 7925
f 7797 7992 7367
f 8035 7931 7645
f 7646 7872 8036
f 7720 8037 7991
f 8038 7572 7802
f 8038 7873 7572
f 7803 8035 7645
f 7646 8036 7804
f 7932 8039 7573
f 7721 8037 7720
f 8040 8037 7721
f 7450 7573 8041
f 8042 7803 7934
f 7806 7993 8043
f 7993 7807 7933
f 7450 8044 7647
f 7935 7806 8043
f 8040 7721 7936
f 8045 7874 7647
f 7934 7805 7996
f 7995 7810 7994
f 7812 7995 8046
f 7996 7875 7937
f 7997 7812 8046
f 8047 7937 7818
f 7818 7938 8047
f 7940 7877 7997
f 8048 7999 7879
f 8048 7879 7940
f 7939 8000 8049
f 7999 7942 7879
f 8000 7882 7941
f 7876 8050 7814
f 7726 8051 7813
f 7726 8052 8051
f 7885 8003 8001
f 7814 8053 8004
f 7726 8005 8052
f 8004 8054 7878
f 8055 7656 7740
f 8054 7943 7878
f 7828 8006 8056
f 7945 7832 7947
f 8008 8009 7890
f 7895 7948 8012
f 8009 7898 7833
f 7952 8057 7950
f 7950 8057 7949
f 8058 7949 8057
f 7949 8058 7951
f 8059 7837 7898
f 8060 7838 7953
f 7838 8060 7952
f 8013 7837 8059
f 8013 8061 7899
f 8014 7899 8061
f 8015 7954 7843
f 7662 8062 7900
f 8063 8016 7526
f 7587 7758 8017
f 8063 7526 7527
f 8064 7957 7844
f 8018 8065 7589
f 8065 7902 7589
f 7902 7959 7590
f 8066 7682 7857
f 7619 7963 7911
f 8067 7912 7623
f 7777 8068 8020
f 7966 7549 7967
f 7968 8069 7698
f 8070 7967 7622
f 8070 7622 7697
f 8069 7859 7698
f 8071 7776 7774
f 7778 7776 8071
f 7778 8071 8024
f 8072 7861 7976
f 8072 7976 7975
f 7785 8029 7975
f 7783 7785 7975
f 8028 7780 8026
f 7919 8027 7979
f 7918 7865 8030
f 8032 7788 7979
f 7982 8073 8029
f 7922 8074 7863
f 7983 8075 8030
f 8073 7982 7984
f 8031 7981 7712
f 7710 8028 8031
f 7498 7794 7987
f 7640 8076 7792
f 7988 7716 7642
f 8077 7869 7867
f 7793 7924 8078
f 8076 7868 7792
f 7793 8079 7926
f 7927 8080 7642
f 8081 7989 7870
f 7801 7871 8082
f 8038 7932 7873
f 8083 7804 8036
f 8035 7803 8042
f 8083 7933 7804
f 8041 8044 7450
f 7935 8084 7994
f 7995 7994 8085
f 7648 8086 7936
f 8087 7938 7939
f 7939 8049 8087
f 8002 7884 7999
f 8086 7648 7998
f 7941 8088 8000
f 7941 8089 8088
f 7941 8001 8089
f 7813 8051 7998
f 8050 8053 7814
f 7656 8090 7733
f 7733 8090 8005
f 8055 8090 7656
f 7740 8091 8055
f 7828 8056 7740
f 7740 8056 8091
f 8092 7943 8054
f 8093 8006 8007
f 8008 7943 8092
f 8094 7947 8011
f 8012 8010 7946
f 8095 7898 8009
f 7951 8096 7948
f 7951 8058 8096
f 8057 7952 8060
f 7953 8097 8060
f 7953 8014 8097
f 8013 8098 8061
f 8099 7662 7842
f 7662 8099 8062
f 7900 8017 7758
f 8017 8064 7844
f 8063 7527 7901
f 7957 8100 7956
f 7588 8101 7759
f 7666 8102 7588
f 7666 7760 8102
f 7845 8103 7528
f 8104 7855 7682
f 8105 7773 7961
f 8106 7773 8105
f 8106 7692 7773
f 8067 7623 8020
f 7777 8021 8068
f 7554 7860 8021
f 7969 7694 7547
f 8107 7970 8023
f 8022 8108 7700
f 7974 8109 7860
f 8107 7971 7970
f 8025 8110 7969
f 8107 8111 7971
f 7699 8024 7977
f 8112 8025 7784
f 7784 7920 8112
f 8030 8113 7974
f 7918 8030 7974
f 8072 8027 7861
f 8072 7975 8114
f 8114 7975 8029
f 8074 7917 7863
f 7920 7921 8115
f 8116 7921 7981
f 7984 8032 8073
f 7983 8117 8075
f 8118 8117 7983
f 7985 8119 8118
f 7985 8118 7983
f 7986 8119 7985
f 7988 8120 7924
f 8121 8120 7988
f 8077 7867 8033
f 7866 7989 8122
f 8123 7794 7925
f 8078 8079 7793
f 8124 7869 8077
f 8125 8123 7925
f 8081 8126 7989
f 7926 8127 7928
f 7928 8081 7870
f 7928 8127 8081
f 7571 7869 8124
f 7929 8080 7927
f 8124 8128 7571
f 8128 7797 7571
f 8129 7925 7990
f 7931 7990 7798
f 7872 7801 8082
f 8036 7872 8130
f 7573 8039 8041
f 8131 7933 8083
f 7933 8131 7993
f 7934 7996 8042
f 8045 8132 7874
f 7874 8132 7809
f 7940 7997 8046
f 8002 7999 8133
f 8134 7876 7811
f 8001 8003 8135
f 8135 8003 8002
f 8136 8054 8004
f 8092 8054 8136
f 8093 8056 8006
f 8137 8008 8092
f 8095 8009 8008
f 8138 8011 8010
f 8011 8138 8094
f 7948 8096 8139
f 7948 8139 8012
f 8059 7898 8095
f 8140 7842 7841
f 8141 8140 7841
f 8141 7841 7954
f 8101 7955 7759
f 7958 8142 8018
f 7760 7528 8103
f 8104 7682 8066
f 7691 7962 8019
f 8143 7965 7692
f 7968 7912 8144
f 7860 8145 8021
f 8070 7697 7858
f 8110 7694 7969
f 8108 7779 7700
f 7971 8146 8026
f 8146 7971 8147
f 8147 7971 8111
f 8115 8112 7920
f 8030 8075 8113
f 8148 8027 8114
f 8114 8027 8072
f 7979 8027 8148
f 8073 8114 8029
f 7779 8149 7561
f 8149 7786 7561
f 8116 8115 7921
f 8032 8148 8073
f 8073 8148 8114
f 8150 8028 8026
f 8148 8032 7979
f 7980 8151 7864
f 8151 8033 7864
f 7786 8152 7640
f 8153 7922 7987
f 7640 8152 8076
f 7987 7794 8153
f 7986 8154 8119
f 7986 7866 8154
f 8122 8154 7866
f 8122 7989 8126
f 7871 7930 8155
f 8156 7992 7797
f 8156 8157 7992
f 7802 7992 8157
f 8035 8158 7931
f 8157 8038 7802
f 7991 8159 8160
f 8037 8159 7991
f 8042 8161 8035
f 8040 8159 8037
f 7935 8043 8084
f 7996 8162 8042
f 7936 8163 8040
f 7937 8162 7996
f 7937 8164 8162
f 8164 7937 8047
f 8047 7938 8165
f 7938 8087 8165
f 8166 7999 8048
f 8167 8048 7940
f 8167 7940 8046
f 8168 8088 8089
f 8002 8133 8135
f 8132 8169 7809
f 7809 8169 7811
f 8169 8134 7811
f 8050 8170 8053
f 8004 8053 8171
f 8171 8136 8004
f 7893 8172 8007
f 7893 7945 8173
f 7947 8173 7945
f 8137 8095 8008
f 8174 8058 8057
f 8060 8174 8057
f 8175 8060 8097
f 8098 8176 8061
f 8061 8176 8177
f 8061 8177 8014
f 8178 8099 7842
f 8178 7842 8140
f 8062 8099 8179
f 8180 7957 8064
f 8181 7901 7955
f 8180 8100 7957
f 8100 8182 7956
f 8102 8101 7588
f 7956 8182 7958
f 8018 8142 8065
f 7961 7855 8183
f 7961 8183 8105
f 7692 8106 8143
f 7912 8067 8144
f 7968 8144 8069
f 7911 8184 7964
f 8185 7963 7620
f 8186 7966 7967
f 7774 7964 8071
f 8187 8107 8023
f 8109 8145 7860
f 7974 8113 8109
f 8188 8111 8107
f 7917 8189 7973
f 8190 8111 8188
f 8113 8075 8191
f 8190 8188 8191
f 8190 8191 8075
f 8147 8111 8190
f 8115 8116 8192
f 8146 8150 8026
f 8117 8190 8075
f 8031 8116 7981
f 8193 8031 8028
f 8193 8028 8150
f 8151 8194 8033
f 8194 8077 8033
f 8195 7924 8120
f 7794 8123 8153
f 7642 8196 7988
f 8078 7924 8195
f 8197 7868 8076
f 8198 7926 8079
f 7926 8199 8127
f 8081 8127 8200
f 8034 8201 7799
f 7930 7799 8155
f 8128 8156 7797
f 8155 8082 7871
f 8082 8202 7872
f 8202 8130 7872
f 8036 8130 8083
f 8203 7993 8131
f 8203 8043 7993
f 7994 8204 8085
f 8044 8045 7647
f 8205 7995 8085
f 8205 8046 7995
f 8164 8047 8165
f 7936 8086 8163
f 7999 8206 8133
f 8207 8135 8133
f 8001 8207 8089
f 8207 8001 8135
f 8208 8050 7876
f 8005 8209 8052
f 8050 8208 8170
f 8090 8209 8005
f 8170 8171 8053
f 8090 8210 8209
f 8090 8055 8210
f 8092 8136 8211
f 8212 8093 8007
f 8172 8212 8007
f 8213 8172 7893
f 7893 8173 8213
f 8092 8211 8137
f 7947 8094 8173
f 8138 8010 8012
f 8138 8012 8139
f 8139 8096 8214
f 8095 8215 8059
f 8174 8096 8058
f 8174 8060 8175
f 8216 8059 8215
f 8013 8059 8216
f 8013 8216 8098
f 8217 8141 7954
f 8015 8217 7954
f 8016 8218 8015
f 8017 7900 8219
f 8220 7958 8182
f 7958 8220 8142
f 8103 8221 7760
f 7902 8222 7959
f 7855 8104 8223
f 8224 8067 8020
f 8068 8021 8225
f 8184 7911 8226
f 8023 7859 8069
f 8021 8145 8225
f 8227 7962 7694
f 8109 8228 8145
f 8229 7694 8110
f 8113 8230 8109
f 8231 8189 7917
f 8231 7917 8074
f 8232 7980 7977
f 8233 8146 8147
f 8233 8147 8234
f 8190 8234 8147
f 8117 8234 8190
f 7980 8232 8151
f 8116 8031 8193
f 8152 7786 8149
f 8118 8234 8117
f 8235 8234 8118
f 8236 8074 7922
f 8118 8119 8235
f 8154 8122 8237
f 7642 8080 8196
f 8238 8124 8077
f 8239 8079 8078
f 8198 8199 7926
f 8200 8126 8081
f 8197 8034 7868
f 7929 8240 8080
f 7800 8240 7929
f 8241 8129 7990
f 7931 8241 7990
f 8240 7800 8160
f 7991 8160 7800
f 8035 8242 8158
f 7932 8038 8243
f 8161 8242 8035
f 8043 8203 8244
f 8042 8162 8161
f 8204 7994 8084
f 7999 8166 8206
f 8087 8049 8245
f 8088 8168 8246
f 8049 8000 8246
f 8000 8088 8246
f 8086 7998 8247
f 8134 8208 7876
f 8248 8051 8052
f 8248 8052 8209
f 8249 8210 8055
f 8250 8136 8171
f 8093 8212 8056
f 8137 8251 8095
f 8252 8095 8251
f 8215 8095 8252
f 8175 8253 8174
f 8096 8174 8253
f 8175 8254 8253
f 8097 8254 8175
f 8177 8097 8014
f 8140 8141 8178
f 8218 8016 8255
f 8219 8064 8017
f 8180 8064 8256
f 8257 7901 8181
f 7760 8258 8102
f 7760 8221 8258
f 8222 7845 7959
f 7855 8223 8183
f 8224 8144 8067
f 7963 8226 7911
f 7966 8185 7620
f 8185 7966 8186
f 8187 8259 8107
f 7964 8260 8071
f 8229 8227 7694
f 8188 8107 8259
f 8259 8261 8188
f 8071 8260 8024
f 7972 8262 7858
f 8110 8025 8229
f 8263 8191 8188
f 8230 8191 8263
f 8113 8191 8230
f 8264 7977 8024
f 8265 8025 8112
f 8266 8265 8112
f 7977 8264 8232
f 8115 8266 8112
f 8267 8192 8116
f 8235 8233 8234
f 7922 8153 8236
f 8119 8154 8235
f 8196 8121 7988
f 8238 8077 8194
f 8239 8078 8195
f 8079 8239 8198
f 8200 8127 8199
f 8129 8125 7925
f 8155 7799 8201
f 8268 8202 8082
f 8040 8269 8159
f 8043 8244 8270
f 8084 8043 8270
f 8269 8040 8163
f 8045 8044 8271
f 8272 8165 8087
f 8245 8272 8087
f 8048 8273 8166
f 8048 8167 8273
f 8049 8246 8245
f 8089 8274 8168
f 8274 8089 8275
f 8275 8089 8207
f 8086 8247 8163
f 8134 8276 8208
f 7998 8051 8247
f 8091 8249 8055
f 8091 8277 8249
f 8056 8277 8091
f 8136 8250 8211
f 8173 8278 8213
f 8173 8094 8279
f 8280 8094 8138
f 8281 8138 8139
f 8281 8139 8282
f 8098 8283 8176
f 8284 8177 8176
f 8285 8178 8141
f 7900 8062 8286
f 8063 8255 8016
f 8257 8255 8063
f 7901 8257 8063
f 8100 8180 8287
f 8101 8181 7955
f 8100 8287 8182
f 8101 8102 8288
f 8182 8289 8220
f 8142 8220 8290
f 8291 8103 7845
f 8065 8292 7902
f 8292 8222 7902
f 8293 7857 8019
f 8106 8294 8143
f 8186 7967 8295
f 8296 8184 8226
f 7967 8070 8295
f 8184 8296 8260
f 7964 8184 8260
f 8070 7858 8262
f 8261 8263 8188
f 7972 7973 8262
f 8229 8025 8297
f 8262 7973 8298
f 8108 8299 7779
f 8260 8264 8024
f 8189 8298 7973
f 8265 8297 8025
f 8300 8266 8115
f 8192 8300 8115
f 8301 8150 8146
f 8301 8146 8233
f 8235 8302 8233
f 8303 8121 8304
f 8154 8302 8235
f 8120 8121 8303
f 8303 8195 8120
f 8305 8076 8152
f 8305 8197 8076
f 8306 8237 8122
f 8122 8126 8306
f 8307 8153 8123
f 8080 8308 8196
f 8307 8123 8125
f 8199 8309 8200
f 8238 8128 8124
f 8080 8240 8308
f 8201 8034 8197
f 8201 8310 8155
f 8311 8157 8156
f 8158 8241 7931
f 8311 8312 8157
f 8312 8038 8157
f 8243 8038 8312
f 8243 8039 7932
f 8083 8130 8313
f 8131 8083 8314
f 8131 8314 8203
f 8315 8041 8039
f 8205 8085 8316
f 8046 8205 8167
f 8272 8317 8165
f 8133 8206 8275
f 8275 8207 8133
f 8318 8247 8051
f 8248 8318 8051
f 8056 8319 8277
f 8212 8319 8056
f 8211 8320 8137
f 8278 8173 8279
f 8251 8137 8320
f 8094 8280 8279
f 8138 8281 8280
f 8282 8139 8214
f 8214 8096 8253
f 8254 8097 8321
f 8216 8283 8098
f 8097 8177 8321
f 8218 8217 8015
f 8286 8219 7900
f 8219 8256 8064
f 8289 8322 8220
f 8322 8290 8220
f 8291 8221 8103
f 8183 8323 8105
f 8294 8106 8105
f 8323 8294 8105
f 8293 8066 7857
f 8324 8224 8020
f 8068 8324 8020
f 8023 8069 8325
f 8185 8186 8326
f 7965 8108 8022
f 8327 8228 8109
f 8328 8070 8262
f 8229 8329 8227
f 8299 8149 7779
f 8232 8264 8330
f 8231 8074 8331
f 8300 8192 8332
f 8267 8116 8193
f 8301 8193 8150
f 8302 8301 8233
f 8333 8331 8236
f 8331 8074 8236
f 8305 8152 8149
f 8151 8334 8194
f 8237 8302 8154
f 8196 8335 8121
f 8308 8335 8196
f 8306 8126 8336
f 8336 8126 8200
f 8199 8198 8309
f 8238 8337 8128
f 8156 8128 8337
f 8310 8338 8155
f 8082 8155 8338
f 8203 8339 8244
f 8314 8339 8203
f 8161 8340 8242
f 8084 8270 8341
f 8204 8084 8341
f 8041 8342 8044
f 8085 8343 8316
f 8343 8085 8204
f 8162 8164 8344
f 8164 8317 8344
f 8164 8165 8317
f 8345 8167 8205
f 8269 8163 8346
f 8246 8168 8347
f 8132 8045 8271
f 8276 8348 8208
f 8208 8348 8170
f 8348 8171 8170
f 8348 8349 8171
f 8349 8250 8171
f 8350 8211 8250
f 8350 8320 8211
f 8283 8216 8351
f 8321 8177 8284
f 8178 8352 8099
f 8353 8285 8141
f 8353 8141 8217
f 8354 8256 8219
f 8355 8256 8354
f 8355 8180 8256
f 8181 8101 8356
f 8182 8287 8289
f 8290 8357 8142
f 8142 8357 8065
f 8357 8292 8065
f 8104 8358 8223
f 8293 8359 8066
f 8068 8360 8324
f 8144 8325 8069
f 8360 8068 8225
f 8227 8019 7962
f 7963 8185 8226
f 8186 8361 8326
f 8019 8227 8329
f 8328 8295 8070
f 8260 8296 8362
f 8297 8329 8229
f 8330 8264 8260
f 8260 8362 8330
f 8189 8363 8298
f 8364 8363 8189
f 8364 8189 8231
f 8365 8193 8301
f 8365 8267 8193
f 8232 8366 8334
f 8232 8334 8151
f 8303 8304 8367
f 8367 8368 8303
f 8302 8237 8369
f 8368 8195 8303
f 8370 8195 8371
f 8372 8238 8194
f 8370 8239 8195
f 8239 8373 8198
f 8373 8309 8198
f 8338 8268 8082
f 8158 8374 8241
f 8268 8375 8202
f 8376 8039 8243
f 8242 8377 8158
f 8313 8314 8083
f 8159 8378 8160
f 8340 8377 8242
f 8269 8378 8159
f 8270 8244 8379
f 8161 8162 8340
f 8205 8316 8380
f 8342 8271 8044
f 8246 8381 8245
f 8168 8274 8347
f 8169 8132 8382
f 8210 8383 8209
f 8384 8212 8172
f 8212 8384 8319
f 8385 8384 8172
f 8172 8213 8386
f 8172 8386 8385
f 8280 8281 8387
f 8387 8281 8282
f 8216 8215 8351
f 8388 8176 8283
f 8284 8389 8321
f 8176 8388 8284
f 8353 8217 8218
f 8390 8180 8355
f 8287 8180 8390
f 8356 8101 8288
f 8258 8288 8102
f 8258 8221 8391
f 8359 8104 8066
f 8224 8392 8144
f 8145 8393 8225
f 8186 8295 8361
f 8143 8394 7965
f 8394 8108 7965
f 8395 8263 8261
f 8230 8327 8109
f 8296 8396 8362
f 8328 8262 8397
f 8262 8298 8397
f 8398 8329 8297
f 8265 8398 8297
f 8265 8399 8398
f 8266 8400 8265
f 8330 8366 8232
f 8332 8192 8267
f 8332 8267 8365
f 8304 8401 8367
f 8301 8302 8402
f 8369 8402 8302
f 8304 8121 8335
f 8372 8194 8334
f 8371 8195 8368
f 8237 8403 8369
f 8306 8403 8237
f 8370 8373 8239
f 8197 8305 8404
f 8405 8200 8309
f 8336 8200 8405
f 8307 8125 8406
f 8201 8197 8407
f 8408 8156 8337
f 8409 8129 8241
f 8410 8311 8156
f 8130 8202 8375
f 8411 8315 8039
f 8339 8379 8244
f 8041 8315 8342
f 8341 8343 8204
f 8162 8344 8412
f 8380 8345 8205
f 8342 8413 8271
f 8273 8414 8166
f 8167 8345 8273
f 8415 8206 8166
f 8271 8382 8132
f 8382 8134 8169
f 8383 8248 8209
f 8249 8277 8416
f 8210 8249 8416
f 8349 8350 8250
f 8319 8417 8277
f 8350 8418 8320
f 8213 8278 8386
f 8279 8419 8278
f 8279 8280 8419
f 8418 8251 8320
f 8251 8420 8252
f 8421 8214 8253
f 8254 8421 8253
f 8351 8422 8283
f 8422 8388 8283
f 8389 8284 8388
f 8179 8286 8062
f 8286 8423 8219
f 8424 8218 8255
f 8257 8425 8255
f 8257 8181 8356
f 8391 8426 8258
f 8222 8291 7845
f 8325 8144 8392
f 8225 8427 8360
f 8393 8145 8428
f 8228 8428 8145
f 8429 8019 8329
f 8395 8430 8263
f 8263 8430 8230
f 8430 8327 8230
f 8330 8362 8431
f 8265 8400 8399
f 8399 8432 8398
f 8300 8400 8266
f 8300 8332 8433
f 8401 8434 8435
f 8367 8435 8432
f 8436 8305 8149
f 8401 8304 8434
f 8401 8435 8367
f 8301 8402 8365
f 8153 8437 8236
f 8336 8403 8306
f 8309 8373 8405
f 8404 8407 8197
f 8438 8125 8129
f 8408 8410 8156
f 8439 8308 8240
f 8160 8439 8240
f 8440 8243 8312
f 8376 8243 8440
f 8158 8377 8374
f 8411 8039 8376
f 8313 8130 8375
f 8160 8378 8441
f 8162 8412 8340
f 8442 8344 8317
f 8378 8269 8443
f 8273 8444 8414
f 8345 8444 8273
f 8269 8346 8443
f 8317 8272 8445
f 8414 8415 8166
f 8245 8445 8272
f 8246 8347 8446
f 8275 8415 8447
f 8275 8206 8415
f 8245 8381 8448
f 8381 8246 8446
f 8275 8447 8274
f 8447 8347 8274
f 8449 8450 8346
f 8346 8163 8449
f 8247 8449 8163
f 8276 8451 8348
f 8280 8452 8419
f 8418 8420 8251
f 8387 8453 8280
f 8252 8420 8454
f 8252 8454 8215
f 8214 8455 8282
f 8214 8421 8455
f 8454 8351 8215
f 8456 8254 8321
f 8321 8389 8456
f 8352 8457 8099
f 8352 8178 8285
f 8423 8354 8219
f 8425 8424 8255
f 8390 8458 8287
f 8224 8324 8459
f 8460 8223 8358
f 8392 8224 8459
f 8104 8359 8358
f 8461 8324 8360
f 8187 8023 8325
f 8393 8427 8225
f 8019 8429 8293
f 8259 8462 8261
f 8261 8462 8395
f 8463 8226 8185
f 8463 8185 8326
f 8463 8326 8361
f 8361 8295 8464
f 8226 8465 8296
f 8226 8463 8465
f 8295 8328 8466
f 8429 8329 8467
f 8394 8299 8108
f 8398 8467 8329
f 8468 8397 8298
f 8431 8362 8396
f 8363 8468 8298
f 8469 8468 8363
f 8467 8398 8470
f 8469 8363 8471
f 8471 8363 8364
f 8472 8470 8398
f 8470 8472 8435
f 8432 8472 8398
f 8473 8231 8331
f 8330 8431 8366
f 8432 8399 8474
f 8399 8400 8474
f 8300 8475 8400
f 8299 8436 8149
f 8435 8472 8432
f 8365 8433 8332
f 8476 8434 8304
f 8402 8433 8365
f 8367 8432 8477
f 8477 8368 8367
f 8333 8236 8478
f 8436 8479 8305
f 8334 8480 8372
f 8371 8368 8481
f 8370 8371 8481
f 8479 8404 8305
f 8370 8481 8482
f 8483 8336 8405
f 8336 8483 8403
f 8373 8370 8482
f 8307 8437 8153
f 8308 8484 8335
f 8372 8485 8238
f 8485 8337 8238
f 8486 8406 8125
f 8310 8201 8407
f 8438 8129 8409
f 8409 8241 8374
f 8410 8487 8311
f 8487 8312 8311
f 8488 8375 8268
f 8488 8489 8375
f 8160 8441 8439
f 8490 8377 8340
f 8379 8341 8270
f 8346 8450 8443
f 8445 8245 8448
f 8382 8491 8134
f 8247 8492 8449
f 8134 8491 8276
f 8318 8492 8247
f 8318 8248 8493
f 8210 8416 8383
f 8348 8451 8349
f 8417 8494 8277
f 8494 8416 8277
f 8495 8417 8319
f 8349 8496 8350
f 8497 8319 8384
f 8498 8497 8384
f 8384 8385 8498
f 8453 8452 8280
f 8387 8499 8453
f 8499 8387 8282
f 8500 8421 8254
f 8456 8500 8254
f 8501 8352 8285
f 8501 8285 8353
f 8423 8502 8354
f 8355 8458 8390
f 8257 8356 8503
f 8356 8288 8503
f 8258 8426 8288
f 8290 8322 8504
f 8505 8221 8291
f 8460 8183 8223
f 8183 8506 8323
f 8461 8360 8507
f 8507 8360 8427
f 8323 8508 8294
f 8509 8259 8187
f 8462 8259 8509
f 8294 8394 8143
f 8428 8228 8327
f 8295 8466 8464
f 8396 8296 8465
f 8394 8510 8299
f 8470 8511 8467
f 8471 8364 8512
f 8231 8512 8364
f 8435 8511 8470
f 8473 8512 8231
f 8511 8435 8434
f 8513 8436 8299
f 8300 8433 8475
f 8474 8400 8475
f 8477 8432 8474
f 8366 8480 8334
f 8369 8514 8402
f 8476 8304 8335
f 8368 8477 8481
f 8481 8477 8515
f 8403 8514 8369
f 8373 8482 8516
f 8373 8516 8405
f 8438 8486 8125
f 8268 8338 8517
f 8517 8488 8268
f 8518 8409 8374
f 8312 8487 8440
f 8519 8374 8377
f 8313 8520 8314
f 8520 8339 8314
f 8521 8441 8378
f 8412 8490 8340
f 8522 8343 8341
f 8445 8442 8317
f 8523 8446 8347
f 8493 8492 8318
f 8383 8524 8248
f 8451 8525 8349
f 8525 8496 8349
f 8497 8495 8319
f 8386 8278 8526
f 8389 8527 8456
f 8528 8388 8422
f 8527 8389 8388
f 8527 8388 8529
f 8457 8179 8099
f 8179 8530 8286
f 8501 8353 8424
f 8218 8424 8353
f 8257 8503 8425
f 8531 8458 8355
f 8287 8458 8532
f 8503 8288 8533
f 8287 8532 8289
f 8391 8221 8505
f 8357 8290 8534
f 8291 8222 8535
f 8357 8535 8292
f 8292 8535 8222
f 8459 8536 8392
f 8461 8459 8324
f 8183 8460 8506
f 8537 8359 8293
f 8429 8537 8293
f 8508 8394 8294
f 8430 8538 8327
f 8468 8539 8397
f 8469 8539 8468
f 8299 8510 8513
f 8511 8434 8540
f 8433 8541 8475
f 8476 8540 8434
f 8541 8433 8542
f 8433 8402 8542
f 8515 8474 8475
f 8477 8474 8515
f 8515 8475 8541
f 8514 8542 8402
f 8514 8543 8542
f 8514 8483 8543
f 8483 8514 8403
f 8544 8478 8236
f 8236 8437 8544
f 8484 8476 8335
f 8484 8545 8476
f 8405 8516 8483
f 8307 8406 8437
f 8485 8546 8337
f 8546 8408 8337
f 8484 8308 8439
f 8310 8407 8547
f 8547 8338 8310
f 8489 8313 8375
f 8490 8519 8377
f 8411 8548 8315
f 8520 8549 8339
f 8339 8550 8379
f 8379 8550 8551
f 8522 8341 8379
f 8315 8548 8342
f 8344 8442 8552
f 8521 8378 8443
f 8414 8553 8415
f 8414 8444 8553
f 8382 8271 8554
f 8493 8248 8524
f 8416 8555 8383
f 8386 8498 8385
f 8496 8556 8350
f 8350 8556 8418
f 8419 8557 8278
f 8452 8557 8419
f 8455 8558 8282
f 8558 8499 8282
f 8421 8559 8455
f 8500 8559 8421
f 8528 8529 8388
f 8533 8288 8426
f 8532 8560 8289
f 8560 8322 8289
f 8561 8504 8322
f 8504 8562 8290
f 8534 8290 8562
f 8509 8187 8325
f 8463 8361 8563
f 8464 8563 8361
f 8465 8564 8396
f 8565 8466 8328
f 8397 8565 8328
f 8565 8397 8539
f 8431 8396 8564
f 8566 8431 8564
f 8567 8331 8333
f 8543 8541 8542
f 8567 8333 8478
f 8515 8541 8543
f 8482 8515 8543
f 8482 8543 8516
f 8516 8543 8483
f 8515 8482 8481
f 8372 8480 8485
f 8568 8407 8404
f 8569 8410 8408
f 8517 8570 8488
f 8571 8376 8440
f 8519 8518 8374
f 8489 8488 8570
f 8489 8572 8313
f 8313 8572 8520
f 8549 8550 8339
f 8551 8573 8379
f 8552 8412 8344
f 8343 8522 8574
f 8574 8380 8316
f 8316 8343 8574
f 8575 8342 8548
f 8576 8345 8380
f 8342 8575 8413
f 8415 8553 8447
f 8448 8577 8445
f 8443 8450 8578
f 8413 8554 8271
f 8491 8579 8276
f 8579 8580 8276
f 8555 8524 8383
f 8276 8580 8451
f 8555 8416 8581
f 8494 8581 8416
f 8417 8495 8494
f 8278 8557 8526
f 8453 8582 8452
f 8418 8556 8420
f 8556 8583 8420
f 8559 8558 8455
f 8454 8584 8351
f 8559 8500 8585
f 8584 8586 8351
f 8422 8351 8586
f 8587 8500 8456
f 8586 8528 8422
f 8588 8352 8501
f 8530 8423 8286
f 8589 8425 8503
f 8560 8561 8322
f 8534 8590 8357
f 8590 8535 8357
f 8591 8459 8461
f 8327 8538 8592
f 8565 8464 8466
f 8539 8593 8565
f 8594 8539 8469
f 8469 8471 8594
f 8480 8366 8595
f 8513 8479 8436
f 8596 8485 8480
f 8568 8404 8479
f 8597 8437 8406
f 8486 8597 8406
f 8568 8598 8407
f 8546 8569 8408
f 8598 8547 8407
f 8599 8338 8547
f 8409 8518 8438
f 8569 8487 8410
f 8517 8338 8599
f 8571 8411 8376
f 8441 8600 8439
f 8490 8601 8519
f 8573 8522 8379
f 8602 8576 8380
f 8602 8380 8574
f 8603 8442 8445
f 8444 8345 8576
f 8445 8577 8603
f 8554 8491 8382
f 8499 8604 8453
f 8420 8583 8454
f 8587 8585 8500
f 8456 8527 8587
f 8588 8457 8352
f 8605 8588 8501
f 8605 8501 8424
f 8606 8605 8424
f 8502 8607 8354
f 8355 8354 8607
f 8606 8424 8425
f 8531 8355 8607
f 8591 8536 8459
f 8536 8325 8392
f 8608 8506 8460
f 8428 8609 8393
f 8610 8395 8462
f 8327 8592 8428
f 8508 8611 8394
f 8463 8563 8465
f 8565 8563 8464
f 8612 8565 8593
f 8510 8394 8611
f 8593 8539 8594
f 8566 8366 8431
f 8595 8366 8566
f 8567 8473 8331
f 8596 8480 8595
f 8485 8596 8613
f 8613 8546 8485
f 8484 8614 8545
f 8439 8614 8484
f 8487 8569 8440
f 8569 8615 8440
f 8616 8518 8519
f 8572 8617 8520
f 8600 8441 8521
f 8617 8549 8520
f 8412 8601 8490
f 8521 8443 8618
f 8442 8603 8552
f 8619 8575 8548
f 8578 8618 8443
f 8620 8446 8523
f 8621 8523 8347
f 8621 8347 8447
f 8450 8449 8578
f 8451 8580 8525
f 8495 8622 8494
f 8497 8622 8495
f 8498 8386 8526
f 8558 8604 8499
f 8623 8587 8527
f 8529 8623 8527
f 8624 8530 8179
f 8624 8179 8457
f 8625 8534 8562
f 8625 8590 8534
f 8325 8626 8509
f 8460 8627 8608
f 8393 8609 8427
f 8628 8460 8358
f 8629 8462 8509
f 8395 8538 8430
f 8610 8538 8395
f 8465 8563 8630
f 8465 8630 8564
f 8631 8510 8611
f 8566 8564 8630
f 8632 8471 8512
f 8633 8513 8510
f 8540 8634 8511
f 8567 8635 8473
f 8636 8479 8513
f 8595 8637 8596
f 8545 8638 8476
f 8597 8486 8639
f 8486 8438 8639
f 8569 8546 8640
f 8615 8571 8440
f 8439 8600 8614
f 8641 8411 8571
f 8616 8519 8601
f 8641 8642 8411
f 8411 8642 8548
f 8643 8412 8552
f 8643 8644 8412
f 8645 8574 8522
f 8646 8553 8444
f 8576 8646 8444
f 8647 8575 8619
f 8648 8447 8553
f 8446 8649 8381
f 8620 8649 8446
f 8381 8650 8448
f 8575 8554 8413
f 8651 8492 8652
f 8449 8492 8651
f 8493 8652 8492
f 8653 8524 8555
f 8653 8555 8581
f 8654 8581 8494
f 8525 8655 8496
f 8526 8656 8498
f 8655 8657 8556
f 8496 8655 8556
f 8657 8583 8556
f 8582 8453 8604
f 8558 8559 8658
f 8528 8659 8529
f 8530 8660 8423
f 8503 8533 8589
f 8661 8561 8560
f 8391 8662 8426
f 8663 8504 8561
f 8664 8291 8535
f 8535 8590 8664
f 8627 8460 8628
f 8628 8358 8359
f 8428 8665 8609
f 8629 8509 8666
f 8667 8359 8537
f 8537 8668 8667
f 8669 8428 8592
f 8563 8565 8670
f 8630 8563 8670
f 8670 8565 8612
f 8671 8612 8593
f 8511 8634 8467
f 8471 8672 8594
f 8673 8595 8566
f 8637 8595 8673
f 8476 8638 8540
f 8596 8637 8613
f 8597 8544 8437
f 8613 8640 8546
f 8640 8674 8569
f 8615 8569 8674
f 8615 8675 8571
f 8676 8550 8549
f 8676 8551 8550
f 8677 8600 8521
f 8678 8573 8551
f 8678 8645 8522
f 8522 8573 8678
f 8553 8679 8648
f 8447 8648 8621
f 8649 8650 8381
f 8575 8680 8554
f 8578 8449 8651
f 8680 8491 8554
f 8524 8652 8493
f 8681 8655 8525
f 8526 8682 8656
f 8526 8557 8683
f 8682 8526 8683
f 8452 8683 8557
f 8657 8684 8583
f 8685 8658 8559
f 8559 8585 8685
f 8528 8586 8686
f 8529 8659 8623
f 8624 8687 8530
f 8687 8660 8530
f 8457 8688 8624
f 8588 8605 8689
f 8606 8425 8589
f 8531 8690 8458
f 8691 8532 8458
f 8691 8458 8690
f 8532 8692 8560
f 8693 8625 8562
f 8590 8625 8694
f 8695 8536 8591
f 8507 8591 8461
f 8665 8428 8669
f 8506 8696 8323
f 8696 8508 8323
f 8629 8610 8462
f 8697 8537 8429
f 8467 8697 8429
f 8698 8670 8612
f 8631 8633 8510
f 8698 8630 8670
f 8593 8594 8672
f 8471 8632 8672
f 8630 8698 8566
f 8673 8566 8698
f 8512 8699 8632
f 8512 8473 8699
f 8633 8636 8513
f 8673 8700 8637
f 8701 8613 8637
f 8636 8568 8479
f 8598 8702 8547
f 8674 8675 8615
f 8703 8438 8518
f 8675 8641 8571
f 8599 8704 8517
f 8570 8517 8704
f 8616 8705 8518
f 8489 8570 8706
f 8489 8706 8572
f 8412 8644 8601
f 8676 8707 8551
f 8642 8619 8548
f 8603 8643 8552
f 8618 8677 8521
f 8708 8576 8602
f 8708 8646 8576
f 8553 8646 8679
f 8650 8577 8448
f 8578 8709 8618
f 8680 8575 8647
f 8710 8491 8680
f 8491 8710 8579
f 8654 8494 8622
f 8558 8711 8604
f 8684 8712 8583
f 8711 8558 8658
f 8712 8454 8583
f 8712 8584 8454
f 8587 8713 8585
f 8623 8713 8587
f 8686 8659 8528
f 8714 8688 8457
f 8714 8457 8588
f 8660 8715 8423
f 8502 8423 8715
f 8716 8606 8589
f 8717 8690 8531
f 8589 8533 8716
f 8691 8692 8532
f 8560 8692 8661
f 8391 8505 8718
f 8719 8718 8291
f 8505 8291 8718
f 8664 8719 8291
f 8663 8693 8504
f 8504 8693 8562
f 8536 8720 8325
f 8536 8695 8720
f 8720 8626 8325
f 8506 8608 8696
f 8667 8628 8359
f 8721 8611 8508
f 8671 8698 8612
f 8671 8593 8722
f 8700 8673 8698
f 8699 8473 8723
f 8723 8473 8635
f 8724 8636 8633
f 8637 8700 8725
f 8478 8544 8726
f 8727 8726 8544
f 8597 8727 8544
f 8728 8640 8613
f 8702 8598 8568
f 8640 8728 8674
f 8545 8614 8729
f 8705 8703 8518
f 8729 8614 8600
f 8730 8616 8601
f 8731 8617 8572
f 8732 8676 8549
f 8732 8549 8617
f 8577 8650 8603
f 8618 8709 8677
f 8733 8647 8619
f 8578 8651 8709
f 8734 8651 8652
f 8710 8735 8579
f 8497 8736 8622
f 8656 8737 8498
f 8452 8738 8683
f 8711 8739 8604
f 8712 8740 8584
f 8584 8740 8586
f 8740 8741 8586
f 8741 8686 8586
f 8742 8713 8623
f 8715 8743 8502
f 8689 8744 8588
f 8607 8502 8743
f 8745 8689 8605
f 8745 8605 8606
f 8694 8664 8590
f 8591 8507 8746
f 8669 8747 8665
f 8721 8631 8611
f 8593 8672 8722
f 8748 8698 8671
f 8748 8671 8722
f 8632 8749 8672
f 8748 8700 8698
f 8700 8748 8725
f 8750 8723 8635
f 8634 8540 8751
f 8751 8540 8638
f 8725 8701 8637
f 8567 8478 8726
f 8752 8568 8636
f 8753 8638 8545
f 8752 8702 8568
f 8545 8729 8753
f 8547 8702 8754
f 8547 8754 8599
f 8703 8639 8438
f 8755 8570 8704
f 8572 8706 8756
f 8572 8756 8731
f 8677 8757 8600
f 8730 8601 8644
f 8758 8643 8603
f 8759 8602 8574
f 8574 8645 8759
f 8621 8760 8761
f 8760 8621 8648
f 8620 8523 8762
f 8762 8523 8621
f 8763 8652 8524
f 8653 8763 8524
f 8735 8764 8579
f 8580 8579 8764
f 8765 8581 8654
f 8525 8580 8764
f 8498 8736 8497
f 8737 8736 8498
f 8655 8766 8657
f 8452 8582 8738
f 8604 8739 8767
f 8582 8604 8767
f 8659 8742 8623
f 8687 8624 8688
f 8744 8714 8588
f 8768 8744 8689
f 8745 8768 8689
f 8607 8717 8531
f 8745 8606 8716
f 8769 8691 8690
f 8769 8770 8692
f 8769 8692 8691
f 8426 8771 8533
f 8661 8692 8772
f 8426 8662 8771
f 8773 8561 8661
f 8662 8391 8774
f 8391 8718 8774
f 8666 8509 8626
f 8696 8775 8508
f 8775 8721 8508
f 8697 8668 8537
f 8634 8697 8467
f 8672 8776 8722
f 8633 8631 8777
f 8776 8672 8749
f 8723 8778 8699
f 8750 8635 8567
f 8725 8779 8701
f 8753 8751 8638
f 8701 8779 8728
f 8613 8701 8728
f 8780 8727 8597
f 8674 8728 8781
f 8780 8597 8639
f 8675 8674 8781
f 8599 8754 8782
f 8675 8783 8641
f 8784 8641 8783
f 8599 8782 8704
f 8705 8616 8785
f 8706 8570 8755
f 8729 8600 8757
f 8784 8642 8641
f 8732 8617 8731
f 8786 8619 8642
f 8758 8603 8650
f 8760 8648 8679
f 8620 8762 8787
f 8761 8762 8621
f 8787 8650 8649
f 8787 8649 8620
f 8709 8651 8788
f 8651 8734 8788
f 8789 8581 8765
f 8653 8581 8789
f 8790 8765 8654
f 8622 8790 8654
f 8525 8764 8791
f 8681 8525 8791
f 8766 8684 8657
f 8688 8792 8687
f 8607 8793 8717
f 8717 8794 8690
f 8794 8769 8690
f 8716 8533 8771
f 8770 8772 8692
f 8772 8795 8661
f 8795 8773 8661
f 8773 8796 8561
f 8561 8796 8663
f 8797 8719 8664
f 8694 8797 8664
f 8798 8625 8693
f 8799 8507 8427
f 8609 8799 8427
f 8800 8629 8666
f 8592 8801 8669
f 8538 8802 8592
f 8592 8802 8801
f 8775 8696 8608
f 8803 8749 8632
f 8722 8776 8804
f 8803 8632 8699
f 8777 8724 8633
f 8748 8722 8804
f 8725 8748 8804
f 8726 8750 8567
f 8724 8752 8636
f 8781 8783 8675
f 8729 8805 8753
f 8703 8780 8639
f 8782 8806 8704
f 8755 8704 8806
f 8784 8807 8642
f 8808 8676 8732
f 8757 8677 8809
f 8810 8551 8707
f 8810 8645 8678
f 8810 8678 8551
f 8759 8811 8602
f 8709 8788 8677
f 8680 8647 8812
f 8652 8813 8734
f 8813 8652 8763
f 8653 8814 8763
f 8735 8815 8764
f 8790 8622 8736
f 8655 8816 8766
f 8585 8817 8685
f 8585 8713 8817
f 8686 8818 8659
f 8819 8769 8794
f 8819 8820 8769
f 8820 8770 8769
f 8770 8821 8822
f 8772 8770 8822
f 8795 8772 8823
f 8796 8824 8663
f 8625 8825 8694
f 8826 8695 8591
f 8746 8826 8591
f 8629 8800 8610
f 8610 8800 8827
f 8775 8828 8721
f 8828 8631 8721
f 8803 8699 8778
f 8725 8804 8779
f 8751 8753 8829
f 8830 8726 8727
f 8781 8728 8779
f 8831 8703 8705
f 8785 8831 8705
f 8706 8755 8832
f 8832 8756 8706
f 8730 8785 8616
f 8833 8730 8644
f 8834 8707 8676
f 8834 8810 8707
f 8810 8759 8645
f 8835 8643 8758
f 8786 8733 8619
f 8836 8760 8679
f 8758 8650 8837
f 8787 8837 8650
f 8677 8788 8809
f 8814 8653 8789
f 8681 8838 8655
f 8655 8838 8816
f 8682 8737 8656
f 8738 8682 8683
f 8839 8738 8582
f 8767 8839 8582
f 8712 8684 8840
f 8792 8841 8687
f 8743 8842 8607
f 8793 8607 8842
f 8717 8793 8794
f 8771 8843 8716
f 8821 8770 8820
f 8844 8772 8822
f 8823 8772 8844
f 8774 8845 8662
f 8797 8694 8825
f 8799 8746 8507
f 8799 8609 8846
f 8747 8847 8665
f 8610 8827 8538
f 8697 8848 8668
f 8631 8828 8777
f 8634 8849 8697
f 8850 8776 8749
f 8749 8803 8851
f 8852 8804 8776
f 8852 8776 8850
f 8750 8853 8723
f 8854 8804 8852
f 8779 8804 8854
f 8855 8750 8726
f 8779 8854 8781
f 8856 8830 8727
f 8856 8727 8780
f 8783 8781 8857
f 8783 8857 8784
f 8805 8729 8757
f 8858 8642 8807
f 8858 8786 8642
f 8676 8808 8859
f 8834 8676 8859
f 8808 8732 8731
f 8811 8708 8602
f 8733 8812 8647
f 8680 8812 8860
f 8680 8860 8710
f 8861 8735 8710
f 8764 8815 8791
f 8681 8791 8862
f 8736 8737 8863
f 8863 8737 8864
f 8681 8862 8838
f 8766 8865 8684
f 8711 8866 8739
f 8866 8767 8739
f 8658 8866 8711
f 8867 8866 8658
f 8868 8817 8713
f 8869 8818 8686
f 8818 8742 8659
f 8870 8819 8794
f 8871 8820 8819
f 8871 8821 8820
f 8872 8822 8821
f 8845 8771 8662
f 8823 8844 8873
f 8823 8873 8795
f 8795 8873 8874
f 8874 8796 8795
f 8795 8796 8773
f 8875 8718 8719
f 8875 8719 8797
f 8693 8663 8824
f 8798 8876 8625
f 8876 8825 8625
f 8877 8720 8695
f 8720 8878 8626
f 8665 8847 8846
f 8609 8665 8846
f 8669 8801 8747
f 8627 8628 8879
f 8879 8628 8667
f 8608 8880 8775
f 8848 8881 8668
f 8849 8848 8697
f 8849 8634 8751
f 8882 8851 8803
f 8882 8803 8778
f 8883 8724 8777
f 8749 8851 8850
f 8829 8884 8751
f 8885 8752 8724
f 8886 8855 8726
f 8886 8726 8830
f 8781 8854 8887
f 8857 8781 8887
f 8888 8702 8752
f 8829 8753 8805
f 8754 8702 8889
f 8889 8702 8888
f 8703 8890 8780
f 8807 8784 8857
f 8809 8891 8757
f 8858 8892 8786
f 8643 8833 8644
f 8893 8894 8646
f 8894 8836 8679
f 8679 8646 8894
f 8895 8762 8761
f 8896 8761 8760
f 8892 8733 8786
f 8762 8897 8787
f 8898 8788 8734
f 8813 8898 8734
f 8814 8813 8763
f 8814 8789 8899
f 8900 8765 8901
f 8790 8901 8765
f 8902 8737 8682
f 8840 8684 8865
f 8840 8903 8712
f 8658 8685 8867
f 8904 8740 8712
f 8740 8869 8741
f 8741 8869 8686
f 8713 8742 8868
f 8905 8868 8742
f 8818 8905 8742
f 8660 8906 8715
f 8714 8792 8688
f 8745 8907 8768
f 8793 8842 8870
f 8794 8793 8870
f 8907 8745 8908
f 8716 8908 8745
f 8771 8845 8843
f 8821 8871 8909
f 8821 8909 8872
f 8872 8910 8822
f 8822 8910 8844
f 8873 8844 8911
f 8875 8774 8718
f 8877 8695 8826
f 8878 8666 8626
f 8827 8802 8538
f 8627 8880 8608
f 8880 8627 8879
f 8668 8912 8667
f 8881 8912 8668
f 8828 8913 8777
f 8884 8849 8751
f 8853 8778 8723
f 8750 8855 8853
f 8854 8852 8850
f 8724 8883 8885
f 8854 8850 8887
f 8887 8914 8857
f 8885 8888 8752
f 8829 8805 8915
f 8889 8782 8754
f 8805 8757 8915
f 8916 8831 8785
f 8755 8806 8917
f 8918 8832 8755
f 8918 8755 8917
f 8809 8919 8891
f 8893 8646 8708
f 8836 8896 8760
f 8920 8837 8787
f 8897 8920 8787
f 8788 8919 8809
f 8921 8812 8733
f 8898 8922 8788
f 8860 8861 8710
f 8736 8923 8790
f 8863 8923 8736
f 8902 8864 8737
f 8816 8924 8766
f 8904 8712 8903
f 8817 8867 8685
f 8906 8925 8715
f 8743 8715 8925
f 8842 8743 8925
f 8819 8926 8927
f 8926 8819 8870
f 8927 8871 8819
f 8908 8716 8843
f 8910 8911 8844
f 8874 8928 8796
f 8796 8928 8824
f 8825 8929 8797
f 8824 8798 8693
f 8878 8720 8877
f 8912 8879 8667
f 8828 8775 8880
f 8851 8882 8850
f 8930 8850 8882
f 8778 8853 8931
f 8932 8930 8882
f 8855 8933 8853
f 8914 8850 8930
f 8914 8887 8850
f 8856 8886 8830
f 8934 8856 8780
f 8807 8857 8935
f 8831 8890 8703
f 8889 8936 8782
f 8936 8806 8782
f 8891 8915 8757
f 8807 8937 8858
f 8938 8756 8832
f 8731 8756 8938
f 8939 8833 8643
f 8940 8810 8834
f 8859 8808 8941
f 8808 8731 8938
f 8835 8939 8643
f 8942 8759 8810
f 8943 8942 8810
f 8944 8893 8811
f 8759 8944 8811
f 8893 8708 8811
f 8945 8761 8896
f 8892 8921 8733
f 8788 8922 8919
f 8946 8860 8812
f 8947 8948 8813
f 8813 8814 8947
f 8947 8814 8899
f 8735 8949 8815
f 8789 8950 8899
f 8765 8900 8789
f 8815 8951 8791
f 8901 8790 8923
f 8951 8862 8791
f 8838 8952 8816
f 8953 8902 8682
f 8738 8953 8682
f 8954 8953 8738
f 8924 8865 8766
f 8955 8839 8767
f 8904 8869 8740
f 8868 8956 8817
f 8687 8906 8660
f 8957 8872 8909
f 8957 8910 8872
f 8875 8958 8774
f 8910 8959 8911
f 8877 8960 8878
f 8961 8880 8879
f 8828 8880 8962
f 8962 8913 8828
f 8777 8913 8883
f 8778 8963 8882
f 8963 8778 8931
f 8932 8882 8963
f 8933 8931 8853
f 8964 8885 8883
f 8914 8930 8965
f 8829 8966 8884
f 8888 8885 8964
f 8966 8829 8915
f 8857 8914 8965
f 8807 8935 8937
f 8917 8806 8936
f 8937 8967 8858
f 8832 8918 8938
f 8808 8938 8968
f 8940 8943 8810
f 8942 8944 8759
f 8837 8835 8758
f 8898 8813 8948
f 8947 8899 8969
f 8969 8899 8950
f 8861 8949 8735
f 8789 8900 8950
f 8952 8970 8816
f 8970 8924 8816
f 8738 8839 8954
f 8865 8903 8840
f 8869 8971 8818
f 8818 8972 8905
f 8973 8792 8714
f 8973 8714 8744
f 8870 8842 8974
f 8870 8974 8975
f 8975 8926 8870
f 8976 8909 8871
f 8774 8958 8845
f 8911 8977 8873
f 8977 8978 8873
f 8873 8978 8874
f 8928 8874 8978
f 8978 8979 8928
f 8875 8797 8929
f 8928 8980 8824
f 8980 8798 8824
f 8981 8825 8876
f 8982 8826 8746
f 8982 8746 8799
f 8983 8800 8666
f 8961 8879 8984
f 8879 8912 8984
f 8913 8962 8985
f 8849 8986 8848
f 8884 8986 8849
f 8855 8987 8933
f 8855 8886 8987
f 8890 8934 8780
f 8935 8857 8965
f 8988 8890 8831
f 8989 8889 8888
f 8917 8990 8918
f 8991 8916 8785
f 8785 8730 8991
f 8919 8992 8891
f 8993 8938 8918
f 8833 8991 8730
f 8968 8941 8808
f 8994 8939 8835
f 8894 8896 8836
f 8945 8895 8761
f 8895 8897 8762
f 8946 8995 8860
f 8860 8995 8861
f 8947 8969 8948
f 8815 8949 8951
f 8902 8953 8996
f 8866 8955 8767
f 8817 8956 8867
f 8997 8869 8904
f 8998 8868 8905
f 8905 8972 8998
f 8999 8906 8687
f 8841 8999 8687
f 8906 9000 8925
f 8768 9001 8744
f 8908 9002 8907
f 9003 8871 8927
f 9002 8908 8843
f 8976 8957 8909
f 8959 9004 8911
f 8911 9004 8977
f 8981 8929 8825
f 8878 8983 8666
f 9005 9006 8847
f 8747 9005 8847
f 9007 8880 8961
f 8962 8880 9007
f 8881 8984 8912
f 8962 9007 8985
f 8913 8985 9008
f 9008 8883 8913
f 8883 9008 8964
f 8963 8931 9009
f 9009 8931 8933
f 9010 8932 8963
f 8986 8884 8966
f 9011 8987 8886
f 9012 9011 8886
f 8930 9013 8965
f 8886 8856 9012
f 9014 8966 8915
f 9014 8915 9015
f 9016 8936 8889
f 8989 9016 8889
f 8891 9015 8915
f 8936 9016 8917
f 9015 8891 8992
f 8990 8917 9016
f 9017 8991 8833
f 8967 8892 8858
f 9018 8834 8859
f 9018 8859 8941
f 8919 9019 8992
f 8894 8893 9020
f 9021 8835 8837
f 8920 9021 8837
f 8922 9019 8919
f 9022 9019 8922
f 8921 8946 8812
f 8898 9022 8922
f 8948 9022 8898
f 8863 9023 8923
f 8902 8996 8864
f 8955 9024 8839
f 8972 8818 8971
f 8744 9001 8973
f 8842 8925 8974
f 9025 8926 8975
f 8927 8926 9003
f 8871 9003 8976
f 8843 8845 9026
f 8958 9026 8845
f 8910 8957 9027
f 9027 9028 8910
f 8910 9028 8959
f 9004 9029 8977
f 8979 9030 8928
f 9030 8980 8928
f 9031 8846 8847
f 9031 8847 9006
f 8827 8800 8983
f 9032 9005 8747
f 9032 8747 8801
f 8802 9032 8801
f 8961 9033 9007
f 9034 8961 8984
f 9033 8961 9034
f 9035 8964 9008
f 9010 8930 8932
f 9010 9013 8930
f 9035 9036 8964
f 8934 9012 8856
f 9036 8888 8964
f 8935 8965 9013
f 8988 8934 8890
f 9037 8988 8831
f 9037 8831 8916
f 8918 8990 9038
f 9039 8942 8943
f 8940 9039 8943
f 9040 8940 8834
f 9040 8834 9018
f 8938 9041 8968
f 8993 9041 8938
f 8967 9042 8892
f 9020 8893 8944
f 8896 8894 9043
f 9042 8921 8892
f 9022 9044 9019
f 8921 9045 8946
f 9022 8948 9046
f 8948 9047 9046
f 8969 9047 8948
f 8900 9048 8950
f 8900 9049 9048
f 8901 9049 8900
f 9023 8863 8996
f 8862 9050 8838
f 8863 8864 8996
f 8952 8838 9050
f 8953 9051 8996
f 8954 8839 9052
f 8970 9053 8924
f 9054 8865 8924
f 8865 9054 9055
f 9056 8955 8866
f 9055 8903 8865
f 9057 9056 8866
f 8867 9057 8866
f 9058 8869 8997
f 9058 8971 8869
f 9059 9000 8906
f 8999 9059 8906
f 8973 8841 8792
f 8973 9060 8841
f 9061 9001 8768
f 8907 9061 8768
f 9003 9062 8976
f 9063 8957 8976
f 8875 8929 9064
f 8877 8826 9065
f 9031 8799 8846
f 9066 8827 8983
f 8827 9066 8802
f 9007 9033 8985
f 8848 9067 8881
f 8986 9067 8848
f 9068 9067 8986
f 8966 9068 8986
f 9069 9010 8963
f 8933 8987 9009
f 9070 9012 8934
f 9013 9071 8935
f 9036 8989 8888
f 8935 9072 8937
f 8990 9016 9073
f 8990 9073 9038
f 9017 8833 8939
f 8918 9038 8993
f 9019 9044 8992
f 9021 8994 8835
f 9074 9021 8920
f 8897 9074 8920
f 9047 9075 9046
f 8969 9076 9077
f 8969 9077 9047
f 8950 9076 8969
f 8950 9048 9076
f 9049 8901 9078
f 8923 9078 8901
f 9079 8951 8949
f 8951 9050 8862
f 9052 8839 9080
f 8839 9024 9080
f 8924 9053 9054
f 8955 9056 9024
f 9081 8904 8903
f 9082 8867 8956
f 8997 8904 9081
f 9058 9083 8971
f 8971 9083 8972
f 8868 8998 9084
f 9060 8999 8841
f 8974 8925 9085
f 9086 9025 8975
f 9061 8907 9002
f 8926 9087 9003
f 8926 9025 9087
f 9063 8976 9062
f 9027 8957 9063
f 8875 9064 8958
f 9028 9004 8959
f 9029 9088 8977
f 8977 9088 8978
f 9089 9030 8979
f 8798 9090 8876
f 9090 8981 8876
f 8982 9065 8826
f 8982 8799 9031
f 9091 9032 8802
f 9066 9091 8802
f 9092 9034 8984
f 8881 9092 8984
f 9093 8985 9033
f 9067 9092 8881
f 9093 9008 8985
f 9008 9093 9094
f 9094 9035 9008
f 9069 8963 9009
f 8966 9014 9068
f 9035 9094 9095
f 9014 9096 9068
f 9035 9095 9036
f 9070 8934 9097
f 9015 9096 9014
f 9015 9098 9099
f 9072 8935 9071
f 8989 9036 9100
f 9100 9016 8989
f 8992 9098 9015
f 8937 9072 8967
f 9016 9101 9073
f 9073 9102 9038
f 8992 9044 9098
f 9103 9017 8939
f 9103 8939 8994
f 9038 9104 8993
f 9105 8944 8942
f 9020 9106 8894
f 9041 8993 9104
f 9043 8945 8896
f 9107 8897 8895
f 9022 9108 9044
f 9022 9046 9108
f 9077 9075 9047
f 9023 9078 8923
f 9023 9109 9078
f 9051 8953 8954
f 9110 9081 8903
f 9082 9057 8867
f 8868 9084 8956
f 9084 9082 8956
f 9111 9058 8997
f 9000 9085 8925
f 9085 9112 8974
f 9112 8975 8974
f 8975 9112 9086
f 9087 9062 9003
f 8958 9113 9026
f 9028 9027 9114
f 9030 9090 8980
f 8980 9090 8798
f 9090 9115 8981
f 9116 8878 8960
f 9117 8983 8878
f 8878 9116 9117
f 9118 8983 9117
f 9118 9066 8983
f 9119 9092 9067
f 9068 9119 9067
f 9096 9119 9068
f 9120 9069 9009
f 9120 9009 8987
f 9069 9121 9010
f 9011 9122 8987
f 9122 9123 8987
f 9010 9124 9013
f 9124 9010 9121
f 9012 9122 9011
f 9099 9096 9015
f 8934 8988 9097
f 9125 9097 8988
f 9100 9036 9095
f 9016 9100 9101
f 8991 9037 8916
f 9126 9073 9101
f 8967 9127 9042
f 9044 9128 9098
f 9073 9126 9129
f 9130 9102 9073
f 9130 9073 9129
f 9038 9102 9104
f 9106 9020 8944
f 9106 8944 9105
f 9105 8942 9039
f 9040 9039 8940
f 9043 8894 9131
f 9106 9131 8894
f 9018 8941 9132
f 9132 8941 9133
f 8941 8968 9133
f 8968 9134 9133
f 9134 8968 9041
f 9108 9128 9044
f 9042 9135 8921
f 9135 9045 8921
f 9075 9136 9046
f 9077 9136 9075
f 9048 9137 9076
f 9049 9137 9048
f 8861 9138 8949
f 9078 9139 9049
f 9138 9079 8949
f 8996 9140 9023
f 9051 9140 8996
f 9052 9141 8954
f 9051 8954 9141
f 9142 9080 9024
f 9055 9110 8903
f 9143 8973 9001
f 9144 9025 9086
f 9061 9002 9145
f 9002 8843 9145
f 9026 9146 8843
f 9147 9088 9029
f 8978 9089 8979
f 9088 9089 8978
f 9148 9065 8982
f 9149 8960 8877
f 8877 9065 9149
f 9149 9116 8960
f 9150 9006 9005
f 9033 9034 9093
f 9119 9034 9092
f 9151 9034 9119
f 9151 9093 9034
f 9151 9094 9093
f 9119 9096 9151
f 9152 9094 9151
f 9121 9069 9120
f 9070 9122 9012
f 9152 9095 9094
f 9153 9096 9099
f 9071 9013 9124
f 9037 9125 8988
f 9098 9154 9099
f 8967 9072 9127
f 9128 9154 9098
f 9126 9101 9129
f 9155 9106 9105
f 9156 8945 9043
f 9102 9157 9104
f 9158 8994 9021
f 9156 9107 8895
f 9156 8895 8945
f 9132 9040 9018
f 9130 9157 9102
f 9104 9159 9041
f 9129 9160 9130
f 9134 9041 9159
f 9159 9104 9161
f 9161 9104 9157
f 9046 9162 9108
f 9136 9162 9046
f 9160 9162 9136
f 9163 9160 9136
f 9077 9163 9136
f 9076 9163 9077
f 9076 9137 9164
f 9165 8995 8946
f 9138 8861 8995
f 9023 9140 9109
f 9079 9166 8951
f 8951 9166 9050
f 9167 8952 9050
f 9167 9168 8952
f 8952 9168 8970
f 9024 9056 9142
f 9082 9169 9057
f 9081 9111 8997
f 9111 9170 9058
f 9083 8998 8972
f 9143 9060 8973
f 9086 9171 9144
f 9144 9087 9025
f 9026 9113 9146
f 9114 9027 9063
f 9028 9172 9004
f 9172 9029 9004
f 9148 8982 9031
f 9173 9148 9031
f 9006 9173 9031
f 9150 9173 9006
f 9174 9005 9032
f 9150 9005 9174
f 9174 9032 9091
f 9153 9151 9096
f 9123 9120 8987
f 9175 9151 9153
f 9175 9152 9151
f 9124 9121 9176
f 9099 9177 9153
f 9177 9175 9153
f 9154 9177 9099
f 9071 9124 9176
f 9152 9178 9095
f 9152 9175 9179
f 9176 9072 9071
f 9178 9100 9095
f 9178 9152 9179
f 9180 9072 9176
f 9181 9177 9154
f 9180 9127 9072
f 9182 9100 9178
f 9183 9037 8991
f 9101 9100 9182
f 9184 9101 9182
f 9017 9185 8991
f 9129 9101 9184
f 9128 9181 9154
f 9184 9182 9186
f 9042 9127 9187
f 9162 9184 9186
f 9186 9181 9108
f 9108 9181 9128
f 9187 9135 9042
f 9160 9129 9184
f 9162 9186 9108
f 9107 9074 8897
f 9160 9184 9162
f 9157 9130 9188
f 9188 9130 9160
f 9189 9157 9188
f 9163 9188 9160
f 9189 9161 9157
f 9190 9159 9161
f 9190 9161 9164
f 9164 9161 9189
f 9189 9188 9163
f 9164 9189 9076
f 9076 9189 9163
f 9165 8946 9045
f 9049 9191 9137
f 9049 9139 9192
f 9050 9166 9167
f 9168 9053 8970
f 9053 9193 9054
f 9194 9142 9056
f 9195 9110 9055
f 9058 9170 9083
f 9196 9143 9001
f 8843 9146 9145
f 9197 9063 9062
f 9147 9198 9088
f 9199 9088 9198
f 9200 8981 9115
f 8981 9200 8929
f 9201 9121 9120
f 9121 9202 9176
f 9179 9175 9177
f 9203 9125 9037
f 9181 9179 9177
f 9182 9178 9179
f 9183 8991 9185
f 9186 9182 9179
f 9186 9179 9181
f 9017 9103 9185
f 9185 9103 9204
f 9158 9205 8994
f 9206 9105 9039
f 9207 9156 9043
f 9207 9043 9131
f 9132 9208 9040
f 9209 9208 9132
f 9209 9132 9133
f 9135 9210 9045
f 9134 9211 9133
f 9212 9134 9159
f 9190 9212 9159
f 9164 9213 9190
f 9191 9164 9137
f 9192 9191 9049
f 9165 9138 8995
f 9078 9214 9139
f 9214 9078 9109
f 9214 9109 9215
f 9053 9168 9216
f 9053 9216 9193
f 9195 9055 9054
f 9056 9217 9194
f 9056 9057 9217
f 9218 8998 9083
f 9218 9084 8998
f 9219 8999 9060
f 9085 9000 9220
f 9085 9221 9112
f 9112 9221 9086
f 9222 9001 9061
f 9223 9087 9144
f 9087 9224 9062
f 9224 9087 9223
f 9224 9197 9062
f 9114 9172 9028
f 9172 9147 9029
f 9199 9089 9088
f 9123 9201 9120
f 9097 9125 9225
f 9225 9125 9203
f 9203 9037 9183
f 9204 8994 9205
f 9204 9103 8994
f 9155 9105 9206
f 9187 9226 9135
f 9227 9039 9040
f 9074 9158 9021
f 9040 9208 9227
f 9226 9210 9135
f 9212 9211 9134
f 9213 9212 9190
f 9191 9213 9164
f 9109 9140 9215
f 9228 9229 9140
f 9051 9228 9140
f 9052 9230 9141
f 9231 9230 9052
f 9052 9080 9231
f 9080 9142 9231
f 9110 9232 9081
f 9084 9169 9082
f 9219 9059 8999
f 9219 9060 9233
f 9143 9233 9060
f 9001 9222 9196
f 9234 9144 9171
f 9222 9061 9145
f 9235 9063 9197
f 9235 9114 9063
f 8958 9236 9113
f 8958 9064 9236
f 9237 9172 9114
f 9199 9238 9089
f 9064 8929 9200
f 9150 9239 9173
f 9150 9240 9239
f 9241 9123 9122
f 9121 9242 9202
f 9127 9243 9187
f 9244 9131 9106
f 9245 9208 9209
f 9246 9245 9209
f 9133 9247 9209
f 9133 9211 9247
f 9246 9209 9247
f 9248 9247 9211
f 9210 9249 9045
f 9248 9211 9212
f 9249 9165 9045
f 9250 9212 9213
f 9191 9250 9213
f 9139 9251 9192
f 9251 9139 9214
f 9252 9079 9138
f 9140 9229 9215
f 9252 9166 9079
f 9228 9051 9141
f 9231 9142 9194
f 9193 9195 9054
f 9217 9057 9169
f 9253 9081 9232
f 9253 9111 9081
f 9084 9254 9169
f 9254 9084 9218
f 9083 9255 9218
f 9256 9221 9085
f 9256 9085 9220
f 9257 9143 9196
f 9221 9171 9086
f 9234 9258 9144
f 9258 9223 9144
f 9222 9145 9146
f 9235 9197 9224
f 9259 9113 9236
f 9235 9237 9114
f 9260 9172 9237
f 9172 9260 9147
f 9147 9260 9198
f 9261 9199 9198
f 9064 9200 9262
f 9089 9263 9030
f 9263 9090 9030
f 9091 9066 9264
f 9091 9264 9265
f 9174 9091 9265
f 9266 9201 9123
f 9266 9123 9241
f 9267 9122 9070
f 9097 9267 9070
f 9201 9242 9121
f 9097 9225 9267
f 9243 9176 9202
f 9180 9176 9243
f 9127 9180 9243
f 9207 9268 9156
f 9106 9155 9244
f 9268 9107 9156
f 9269 9131 9244
f 9206 9039 9227
f 9247 9248 9246
f 9250 9248 9212
f 9192 9270 9191
f 9192 9251 9270
f 9271 9138 9165
f 9214 9272 9251
f 9215 9272 9214
f 9168 9273 9216
f 9193 9216 9273
f 9274 9232 9110
f 9217 9169 9275
f 9253 9170 9111
f 9170 9255 9083
f 9276 9000 9059
f 9257 9233 9143
f 9277 9171 9221
f 9258 9224 9223
f 9113 9259 9146
f 9278 9237 9235
f 9261 9198 9260
f 9064 9279 9236
f 9280 9238 9199
f 9238 9263 9089
f 9065 9148 9281
f 9281 9149 9065
f 9281 9282 9149
f 9283 9117 9116
f 9284 9118 9117
f 9174 9240 9150
f 9066 9118 9264
f 9201 9266 9242
f 9243 9202 9242
f 9183 9225 9203
f 9285 9187 9243
f 9285 9226 9187
f 9205 9158 9286
f 9207 9131 9269
f 9206 9287 9155
f 9107 9288 9074
f 9289 9158 9074
f 9208 9290 9227
f 9208 9245 9290
f 9226 9291 9210
f 9291 9249 9210
f 9246 9248 9292
f 9248 9250 9292
f 9250 9270 9292
f 9249 9271 9165
f 9191 9270 9250
f 9230 9293 9141
f 9141 9293 9228
f 9294 9168 9167
f 9231 9295 9230
f 9231 9194 9296
f 9195 9274 9110
f 9297 9170 9253
f 9171 9277 9234
f 9224 9258 9298
f 9224 9278 9235
f 9237 9299 9260
f 9299 9300 9260
f 9260 9300 9261
f 9280 9199 9261
f 9262 9279 9064
f 9148 9301 9281
f 9301 9148 9173
f 9282 9116 9149
f 9283 9116 9282
f 9239 9301 9173
f 9284 9117 9283
f 9267 9241 9122
f 9225 9302 9267
f 9242 9266 9303
f 9243 9242 9303
f 9304 9288 9107
f 9268 9304 9107
f 9305 9268 9207
f 9306 9305 9207
f 9306 9207 9269
f 9288 9289 9074
f 9246 9307 9245
f 9292 9307 9246
f 9307 9270 9308
f 9308 9270 9251
f 9251 9272 9308
f 9271 9252 9138
f 9215 9309 9272
f 9229 9309 9215
f 9310 9166 9252
f 9310 9167 9166
f 9294 9273 9168
f 9273 9311 9193
f 9311 9195 9193
f 9297 9255 9170
f 9000 9276 9220
f 9312 9257 9196
f 9221 9256 9277
f 9222 9312 9196
f 9146 9313 9222
f 9298 9258 9314
f 9314 9258 9234
f 9314 9234 9315
f 9298 9278 9224
f 9278 9298 9299
f 9259 9236 9316
f 9237 9278 9299
f 9236 9279 9316
f 9261 9300 9317
f 9261 9317 9318
f 9238 9319 9263
f 9090 9320 9115
f 9320 9321 9115
f 9174 9265 9322
f 9323 9243 9303
f 9243 9323 9285
f 9324 9225 9183
f 9324 9183 9185
f 9204 9324 9185
f 9325 9244 9155
f 9325 9155 9287
f 9326 9286 9158
f 9289 9326 9158
f 9327 9206 9227
f 9270 9307 9292
f 9328 9271 9249
f 9329 9229 9228
f 9329 9309 9229
f 9330 9167 9310
f 9295 9231 9296
f 9296 9194 9331
f 9232 9274 9332
f 9332 9253 9232
f 9333 9275 9169
f 9333 9169 9334
f 9254 9334 9169
f 9297 9218 9255
f 9254 9218 9334
f 9313 9312 9222
f 9234 9277 9335
f 9234 9335 9315
f 9313 9146 9336
f 9336 9146 9259
f 9337 9298 9314
f 9317 9314 9315
f 9337 9314 9317
f 9259 9316 9336
f 9299 9298 9337
f 9299 9337 9300
f 9300 9337 9317
f 9280 9261 9318
f 9338 9265 9264
f 9241 9267 9339
f 9302 9340 9267
f 9226 9285 9291
f 9325 9269 9244
f 9341 9287 9206
f 9206 9327 9341
f 9290 9327 9227
f 9290 9245 9342
f 9307 9342 9245
f 9343 9249 9291
f 9249 9343 9328
f 9272 9309 9308
f 9271 9310 9252
f 9293 9329 9228
f 9330 9294 9167
f 9344 9293 9230
f 9230 9295 9344
f 9345 9331 9194
f 9311 9274 9195
f 9345 9194 9217
f 9332 9346 9253
f 9297 9253 9346
f 9218 9297 9347
f 9348 9219 9233
f 9349 9315 9335
f 9349 9317 9315
f 9350 9280 9318
f 9238 9280 9350
f 9238 9350 9319
f 9263 9320 9090
f 9281 9351 9282
f 9301 9352 9353
f 9239 9352 9301
f 9354 9118 9284
f 9240 9174 9322
f 9338 9322 9265
f 9241 9339 9266
f 9267 9340 9339
f 9324 9302 9225
f 9324 9204 9355
f 9204 9205 9355
f 9291 9285 9356
f 9205 9286 9355
f 9306 9269 9357
f 9357 9269 9325
f 9307 9308 9358
f 9344 9359 9293
f 9360 9273 9294
f 9361 9273 9360
f 9361 9311 9273
f 9296 9362 9295
f 9311 9363 9274
f 9218 9347 9334
f 9348 9059 9219
f 9364 9277 9256
f 9313 9365 9312
f 9277 9364 9335
f 9349 9318 9317
f 9282 9351 9366
f 9301 9353 9281
f 9282 9367 9283
f 9118 9354 9264
f 9340 9368 9339
f 9303 9266 9369
f 9370 9302 9324
f 9305 9304 9268
f 9371 9288 9304
f 9371 9289 9288
f 9372 9357 9325
f 9287 9372 9325
f 9291 9356 9343
f 9327 9290 9342
f 9343 9373 9328
f 9358 9342 9307
f 9309 9374 9308
f 9329 9374 9309
f 9329 9293 9375
f 9330 9376 9294
f 9360 9294 9376
f 9275 9345 9217
f 9332 9274 9377
f 9346 9378 9297
f 9256 9220 9364
f 9379 9335 9364
f 9380 9349 9335
f 9380 9318 9349
f 9281 9353 9381
f 9367 9282 9366
f 9240 9382 9239
f 9383 9264 9354
f 9383 9338 9264
f 9266 9339 9384
f 9369 9266 9384
f 9323 9303 9369
f 9370 9340 9302
f 9324 9355 9385
f 9356 9285 9323
f 9304 9386 9371
f 9386 9304 9305
f 9387 9355 9286
f 9388 9305 9306
f 9357 9388 9306
f 9387 9286 9326
f 9287 9341 9372
f 9326 9289 9389
f 9341 9327 9390
f 9342 9391 9327
f 9391 9342 9358
f 9391 9358 9374
f 9308 9374 9358
f 9328 9373 9271
f 9271 9373 9392
f 9271 9392 9310
f 9293 9359 9375
f 9295 9393 9344
f 9295 9362 9393
f 9362 9296 9394
f 9331 9394 9296
f 9345 9394 9331
f 9275 9395 9345
f 9333 9395 9275
f 9396 9332 9377
f 9396 9346 9332
f 9297 9378 9347
f 9364 9220 9397
f 9379 9364 9397
f 9379 9398 9335
f 9398 9380 9335
f 9350 9318 9399
f 9281 9381 9351
f 9240 9322 9382
f 9340 9400 9368
f 9324 9385 9370
f 9305 9388 9401
f 9389 9289 9371
f 9356 9402 9343
f 9327 9403 9390
f 9391 9403 9327
f 9402 9373 9343
f 9329 9404 9374
f 9375 9404 9329
f 9310 9392 9405
f 9405 9330 9310
f 9330 9405 9406
f 9359 9407 9375
f 9406 9376 9330
f 9359 9344 9393
f 9311 9361 9408
f 9363 9311 9408
f 9377 9274 9363
f 9396 9378 9346
f 9334 9409 9333
f 9378 9410 9347
f 9334 9347 9409
f 9348 9276 9059
f 9276 9411 9220
f 9412 9348 9233
f 9233 9257 9412
f 9413 9412 9257
f 9316 9414 9336
f 9399 9318 9380
f 9319 9350 9399
f 9279 9262 9415
f 9262 9200 9416
f 9416 9115 9321
f 9115 9416 9200
f 9322 9338 9417
f 9384 9339 9368
f 9355 9418 9385
f 9356 9323 9419
f 9420 9371 9386
f 9389 9371 9420
f 9387 9326 9421
f 9391 9422 9403
f 9402 9423 9373
f 9374 9422 9391
f 9392 9373 9423
f 9374 9404 9422
f 9393 9424 9359
f 9425 9361 9360
f 9363 9408 9426
f 9377 9363 9426
f 9395 9333 9409
f 9347 9427 9409
f 9411 9397 9220
f 9365 9413 9312
f 9365 9313 9428
f 9336 9428 9313
f 9316 9429 9414
f 9415 9429 9279
f 9316 9279 9429
f 9319 9399 9430
f 9416 9415 9262
f 9431 9432 9367
f 9366 9431 9367
f 9433 9283 9367
f 9283 9433 9284
f 9284 9434 9354
f 9434 9383 9354
f 9383 9417 9338
f 9435 9368 9400
f 9436 9369 9384
f 9400 9340 9437
f 9370 9437 9340
f 9323 9369 9419
f 9369 9436 9419
f 9305 9401 9386
f 9418 9355 9387
f 9438 9401 9388
f 9357 9438 9388
f 9439 9357 9372
f 9440 9341 9390
f 9404 9375 9407
f 9406 9441 9376
f 9359 9424 9407
f 9408 9361 9425
f 9442 9345 9443
f 9442 9394 9345
f 9426 9444 9377
f 9377 9444 9396
f 9409 9445 9395
f 9410 9427 9347
f 9257 9312 9413
f 9446 9447 9379
f 9446 9379 9397
f 9336 9414 9428
f 9380 9448 9399
f 9381 9353 9449
f 9432 9433 9367
f 9239 9450 9352
f 9434 9284 9433
f 9450 9382 9451
f 9450 9239 9382
f 9322 9451 9382
f 9368 9435 9384
f 9437 9370 9385
f 9401 9438 9452
f 9418 9387 9421
f 9389 9421 9326
f 9438 9357 9439
f 9439 9372 9440
f 9453 9356 9419
f 9341 9440 9372
f 9402 9356 9453
f 9390 9454 9440
f 9453 9423 9402
f 9422 9455 9403
f 9456 9455 9422
f 9456 9422 9404
f 9392 9423 9457
f 9405 9392 9457
f 9407 9456 9404
f 9362 9394 9424
f 9362 9424 9393
f 9411 9276 9458
f 9458 9276 9348
f 9379 9447 9398
f 9459 9320 9263
f 9366 9351 9460
f 9461 9451 9322
f 9417 9383 9462
f 9417 9461 9322
f 9437 9435 9400
f 9436 9384 9463
f 9463 9384 9435
f 9464 9437 9385
f 9464 9385 9465
f 9385 9418 9465
f 9466 9386 9401
f 9467 9389 9420
f 9389 9468 9421
f 9403 9455 9390
f 9469 9456 9407
f 9457 9406 9405
f 9376 9441 9470
f 9424 9471 9407
f 9360 9376 9470
f 9360 9470 9425
f 9424 9394 9472
f 9425 9473 9408
f 9473 9426 9408
f 9395 9474 9345
f 9474 9395 9445
f 9396 9475 9378
f 9475 9410 9378
f 9427 9410 9476
f 9409 9427 9445
f 9447 9477 9398
f 9477 9380 9398
f 9448 9380 9477
f 9448 9478 9399
f 9319 9459 9263
f 9430 9459 9319
f 9479 9416 9321
f 9366 9460 9431
f 9434 9433 9480
f 9462 9383 9481
f 9463 9435 9437
f 9419 9436 9482
f 9482 9436 9463
f 9463 9437 9483
f 9464 9465 9484
f 9420 9485 9467
f 9485 9420 9386
f 9485 9386 9466
f 9465 9418 9421
f 9419 9486 9487
f 9468 9389 9488
f 9488 9389 9467
f 9453 9419 9487
f 9489 9438 9439
f 9489 9439 9490
f 9440 9490 9439
f 9423 9453 9457
f 9455 9454 9390
f 9491 9455 9456
f 9469 9491 9456
f 9406 9457 9492
f 9406 9492 9441
f 9471 9469 9407
f 9424 9493 9471
f 9442 9472 9394
f 9345 9474 9443
f 9494 9396 9444
f 9396 9494 9475
f 9475 9476 9410
f 9348 9495 9458
f 9496 9446 9397
f 9397 9411 9496
f 9497 9448 9477
f 9415 9416 9479
f 9498 9479 9321
f 9351 9449 9460
f 9351 9381 9449
f 9353 9499 9449
f 9352 9499 9353
f 9450 9499 9352
f 9434 9480 9500
f 9434 9481 9383
f 9437 9464 9483
f 9486 9419 9482
f 9482 9463 9483
f 9466 9401 9452
f 9421 9468 9501
f 9502 9452 9438
f 9438 9489 9502
f 9454 9490 9440
f 9487 9457 9453
f 9492 9503 9441
f 9470 9473 9425
f 9472 9493 9424
f 9474 9445 9504
f 9476 9445 9427
f 9428 9505 9365
f 9448 9497 9506
f 9506 9478 9448
f 9478 9507 9399
f 9430 9399 9507
f 9498 9321 9320
f 9480 9433 9432
f 9451 9461 9450
f 9481 9434 9500
f 9508 9482 9483
f 9464 9509 9483
f 9509 9464 9510
f 9510 9464 9484
f 9467 9511 9488
f 9484 9465 9501
f 9501 9465 9421
f 9486 9482 9508
f 9512 9502 9489
f 9487 9486 9508
f 9513 9490 9454
f 9457 9487 9492
f 9492 9487 9508
f 9492 9508 9514
f 9513 9454 9491
f 9491 9454 9455
f 9503 9492 9514
f 9491 9469 9513
f 9441 9503 9515
f 9441 9515 9470
f 9471 9516 9469
f 9517 9470 9515
f 9471 9493 9516
f 9472 9518 9493
f 9518 9472 9442
f 9426 9473 9519
f 9442 9443 9520
f 9521 9426 9519
f 9444 9426 9521
f 9444 9521 9494
f 9474 9522 9443
f 9494 9523 9475
f 9524 9445 9476
f 9458 9496 9411
f 9525 9495 9348
f 9348 9412 9525
f 9526 9447 9446
f 9447 9526 9527
f 9527 9477 9447
f 9428 9414 9505
f 9528 9477 9527
f 9320 9459 9498
f 9529 9431 9460
f 9529 9460 9530
f 9431 9531 9432
f 9499 9450 9532
f 9450 9461 9533
f 9511 9467 9485
f 9509 9508 9483
f 9509 9510 9534
f 9512 9489 9535
f 9514 9508 9509
f 9535 9489 9490
f 9490 9513 9535
f 9514 9509 9534
f 9536 9535 9513
f 9503 9514 9537
f 9516 9513 9469
f 9493 9538 9516
f 9517 9473 9470
f 9473 9517 9539
f 9473 9539 9519
f 9442 9520 9518
f 9522 9520 9443
f 9494 9521 9523
f 9475 9523 9540
f 9540 9476 9475
f 9504 9445 9524
f 9476 9541 9524
f 9496 9458 9542
f 9446 9496 9543
f 9544 9446 9543
f 9413 9525 9412
f 9544 9526 9446
f 9414 9545 9505
f 9528 9497 9477
f 9507 9459 9430
f 9460 9449 9546
f 9432 9531 9480
f 9450 9533 9532
f 9547 9417 9462
f 9417 9547 9461
f 9452 9502 9466
f 9502 9548 9466
f 9549 9510 9484
f 9549 9484 9501
f 9534 9510 9549
f 9550 9501 9468
f 9512 9535 9551
f 9537 9514 9534
f 9535 9536 9551
f 9503 9537 9515
f 9552 9536 9513
f 9552 9513 9516
f 9538 9552 9516
f 9517 9515 9539
f 9493 9553 9538
f 9493 9518 9553
f 9474 9504 9522
f 9476 9540 9541
f 9496 9554 9543
f 9528 9527 9555
f 9429 9556 9414
f 9557 9429 9415
f 9558 9507 9478
f 9532 9559 9499
f 9462 9481 9560
f 9462 9560 9547
f 9485 9561 9511
f 9561 9485 9466
f 9561 9466 9548
f 9562 9549 9501
f 9550 9468 9488
f 9551 9502 9512
f 9563 9534 9549
f 9562 9501 9550
f 9537 9534 9563
f 9536 9564 9551
f 9565 9537 9563
f 9537 9565 9566
f 9552 9564 9536
f 9552 9567 9564
f 9515 9537 9566
f 9538 9567 9552
f 9515 9566 9539
f 9538 9553 9567
f 9520 9553 9518
f 9539 9566 9519
f 9522 9568 9520
f 9523 9519 9569
f 9521 9519 9523
f 9504 9570 9522
f 9571 9541 9540
f 9504 9524 9570
f 9542 9554 9496
f 9495 9542 9458
f 9572 9365 9505
f 9526 9555 9527
f 9572 9505 9545
f 9497 9573 9506
f 9558 9478 9506
f 9479 9557 9415
f 9460 9546 9530
f 9511 9574 9488
f 9511 9561 9574
f 9551 9548 9502
f 9574 9550 9488
f 9575 9550 9574
f 9563 9549 9562
f 9562 9550 9575
f 9576 9563 9562
f 9565 9563 9576
f 9567 9577 9564
f 9566 9565 9578
f 9577 9567 9553
f 9579 9566 9578
f 9579 9519 9566
f 9520 9580 9553
f 9568 9580 9520
f 9569 9519 9581
f 9568 9522 9570
f 9523 9569 9540
f 9540 9569 9571
f 9525 9582 9495
f 9583 9413 9365
f 9583 9365 9572
f 9545 9414 9556
f 9528 9584 9497
f 9556 9429 9557
f 9584 9573 9497
f 9531 9431 9529
f 9585 9449 9499
f 9531 9586 9480
f 9587 9480 9586
f 9480 9587 9500
f 9461 9547 9533
f 9588 9548 9551
f 9564 9588 9551
f 9589 9575 9574
f 9576 9562 9575
f 9590 9576 9575
f 9578 9565 9576
f 9580 9577 9553
f 9591 9579 9578
f 9581 9579 9591
f 9519 9579 9581
f 9569 9581 9592
f 9569 9592 9571
f 9593 9571 9592
f 9541 9571 9593
f 9541 9593 9524
f 9524 9593 9570
f 9525 9413 9583
f 9506 9573 9558
f 9507 9558 9594
f 9459 9507 9594
f 9585 9546 9449
f 9499 9559 9585
f 9595 9587 9586
f 9587 9481 9500
f 9596 9561 9548
f 9597 9574 9561
f 9597 9561 9596
f 9588 9596 9548
f 9589 9574 9597
f 9590 9575 9589
f 9590 9589 9598
f 9577 9599 9588
f 9577 9588 9564
f 9576 9590 9578
f 9591 9578 9590
f 9581 9591 9592
f 9600 9601 9580
f 9600 9580 9568
f 9570 9600 9568
f 9542 9602 9554
f 9542 9495 9602
f 9544 9603 9526
f 9604 9555 9526
f 9605 9555 9604
f 9555 9605 9528
f 9606 9529 9530
f 9546 9585 9607
f 9532 9608 9559
f 9532 9533 9608
f 9609 9597 9596
f 9599 9596 9588
f 9610 9596 9599
f 9609 9589 9597
f 9589 9609 9598
f 9601 9599 9577
f 9591 9590 9598
f 9599 9601 9611
f 9580 9601 9577
f 9598 9592 9591
f 9592 9598 9612
f 9600 9611 9601
f 9593 9592 9612
f 9613 9593 9612
f 9600 9613 9611
f 9593 9613 9570
f 9570 9613 9600
f 9554 9614 9543
f 9495 9582 9615
f 9616 9603 9544
f 9544 9543 9616
f 9526 9603 9604
f 9528 9605 9617
f 9617 9584 9528
f 9618 9556 9557
f 9557 9619 9618
f 9557 9479 9619
f 9619 9479 9498
f 9530 9620 9621
f 9620 9530 9546
f 9607 9620 9546
f 9530 9621 9606
f 9606 9622 9529
f 9529 9622 9531
f 9608 9533 9623
f 9624 9560 9481
f 9609 9596 9610
f 9612 9609 9610
f 9611 9610 9599
f 9598 9609 9612
f 9612 9610 9611
f 9613 9612 9611
f 9615 9602 9495
f 9615 9582 9625
f 9582 9525 9583
f 9626 9594 9558
f 9627 9498 9459
f 9607 9585 9559
f 9586 9531 9622
f 9481 9587 9624
f 9628 9623 9547
f 9623 9533 9547
f 9547 9560 9628
f 9614 9616 9543
f 9625 9582 9583
f 9573 9584 9629
f 9626 9558 9573
f 9459 9594 9627
f 9630 9606 9621
f 9622 9631 9586
f 9632 9587 9595
f 9560 9633 9628
f 9615 9634 9602
f 9625 9583 9635
f 9556 9636 9545
f 9617 9629 9584
f 9626 9637 9594
f 9627 9619 9498
f 9621 9638 9630
f 9621 9620 9638
f 9560 9624 9633
f 9639 9614 9554
f 9602 9639 9554
f 9614 9640 9616
f 9640 9603 9616
f 9635 9583 9641
f 9641 9583 9572
f 9642 9572 9545
f 9642 9545 9636
f 9643 9608 9623
f 9632 9624 9587
f 9644 9633 9624
f 9645 9605 9604
f 9641 9572 9642
f 9645 9617 9605
f 9556 9618 9636
f 9617 9646 9629
f 9629 9626 9573
f 9637 9647 9594
f 9647 9627 9594
f 9648 9638 9620
f 9648 9620 9607
f 9648 9607 9649
f 9650 9606 9630
f 9651 9649 9607
f 9606 9650 9622
f 9650 9631 9622
f 9607 9559 9651
f 9559 9652 9651
f 9652 9559 9608
f 9623 9628 9643
f 9634 9639 9602
f 9653 9634 9615
f 9653 9615 9625
f 9654 9604 9603
f 9646 9617 9645
f 9619 9655 9618
f 9629 9656 9626
f 9586 9631 9657
f 9658 9643 9628
f 9632 9644 9624
f 9659 9639 9634
f 9635 9653 9625
f 9629 9646 9660
f 9660 9656 9629
f 9655 9619 9627
f 9626 9656 9637
f 9661 9627 9647
f 9650 9630 9662
f 9657 9663 9586
f 9586 9663 9595
f 9663 9632 9595
f 9663 9664 9632
f 9628 9633 9658
f 9665 9614 9639
f 9653 9659 9634
f 9603 9640 9654
f 9635 9641 9666
f 9656 9647 9637
f 9630 9638 9662
f 9608 9643 9652
f 9667 9633 9644
f 9658 9633 9667
f 9639 9659 9665
f 9666 9641 9642
f 9668 9642 9636
f 9636 9618 9669
f 9655 9669 9618
f 9638 9648 9670
f 9664 9644 9632
f 9671 9665 9659
f 9672 9654 9640
f 9673 9659 9653
f 9635 9666 9653
f 9645 9604 9654
f 9646 9645 9674
f 9627 9661 9655
f 9647 9656 9675
f 9662 9638 9676
f 9662 9677 9650
f 9678 9649 9651
f 9643 9658 9652
f 9679 9667 9644
f 9640 9614 9672
f 9673 9671 9659
f 9666 9673 9653
f 9668 9666 9642
f 9636 9669 9668
f 9680 9669 9655
f 9661 9680 9655
f 9638 9670 9676
f 9649 9681 9648
f 9651 9682 9678
f 9682 9651 9652
f 9664 9679 9644
f 9665 9683 9614
f 9666 9668 9684
f 9646 9674 9685
f 9660 9646 9685
f 9675 9686 9647
f 9681 9670 9648
f 9650 9677 9687
f 9650 9687 9631
f 9652 9658 9688
f 9689 9688 9658
f 9663 9690 9664
f 9658 9667 9689
f 9679 9689 9667
f 9683 9672 9614
f 9666 9691 9673
f 9680 9684 9668
f 9680 9668 9669
f 9660 9675 9656
f 9647 9686 9692
f 9647 9692 9661
f 9662 9676 9677
f 9678 9681 9649
f 9652 9688 9682
f 9657 9690 9663
f 9654 9693 9645
f 9666 9694 9691
f 9684 9694 9666
f 9695 9645 9693
f 9695 9674 9645
f 9680 9661 9696
f 9685 9675 9660
f 9696 9661 9692
f 9631 9687 9697
f 9631 9697 9657
f 9690 9679 9664
f 9654 9672 9698
f 9684 9699 9694
f 9700 9674 9695
f 9680 9699 9684
f 9685 9674 9700
f 9681 9701 9670
f 9697 9690 9657
f 9689 9702 9688
f 9702 9689 9679
f 9672 9683 9698
f 9703 9683 9665
f 9703 9665 9671
f 9704 9671 9673
f 9705 9654 9698
f 9705 9693 9654
f 9691 9704 9673
f 9706 9691 9694
f 9685 9700 9707
f 9696 9708 9680
f 9670 9701 9676
f 9709 9678 9682
f 9697 9710 9690
f 9690 9711 9679
f 9711 9702 9679
f 9712 9698 9683
f 9704 9703 9671
f 9680 9708 9699
f 9675 9685 9707
f 9713 9696 9692
f 9692 9686 9713
f 9678 9714 9681
f 9683 9703 9712
f 9715 9693 9705
f 9704 9691 9706
f 9693 9715 9695
f 9716 9706 9694
f 9716 9694 9699
f 9708 9696 9713
f 9675 9717 9686
f 9717 9713 9686
f 9677 9718 9687
f 9687 9719 9697
f 9720 9690 9710
f 9703 9704 9721
f 9705 9698 9712
f 9695 9722 9700
f 9722 9707 9700
f 9699 9708 9716
f 9717 9675 9707
f 9701 9681 9723
f 9714 9723 9681
f 9682 9688 9709
f 9720 9711 9690
f 9721 9712 9703
f 9715 9722 9695
f 9717 9707 9722
f 9724 9677 9676
f 9718 9677 9724
f 9719 9687 9718
f 9688 9725 9709
f 9702 9725 9688
f 9726 9710 9697
f 9727 9705 9712
f 9704 9728 9721
f 9706 9728 9704
f 9705 9727 9715
f 9716 9729 9706
f 9717 9722 9730
f 9731 9717 9730
f 9731 9713 9717
f 9713 9731 9708
f 9714 9678 9709
f 9719 9726 9697
f 9726 9732 9710
f 9711 9725 9702
f 9721 9728 9712
f 9727 9712 9728
f 9706 9729 9728
f 9733 9715 9727
f 9722 9715 9733
f 9731 9729 9716
f 9716 9708 9731
f 9734 9676 9701
f 9734 9735 9676
f 9709 9725 9714
f 9711 9720 9725
f 9720 9710 9732
f 9728 9736 9727
f 9733 9727 9736
f 9729 9736 9728
f 9722 9733 9730
f 9730 9733 9736
f 9731 9736 9729
f 9731 9730 9736
f 9737 9701 9723
f 9737 9734 9701
f 9724 9676 9735
f 9719 9718 9724
f 9738 9724 9735
f 9723 9714 9737
f 9737 9714 9739
f 9738 9740 9724
f 9714 9741 9739
f 9740 9719 9724
f 9742 9719 9740
f 9741 9714 9725
f 9742 9726 9719
f 9732 9743 9720
f 9735 9734 9738
f 9744 9740 9738
f 9725 9745 9741
f 9746 9726 9742
f 9726 9746 9732
f 9745 9720 9743
f 9725 9720 9745
f 9747 9744 9738
f 9744 9748 9740
f 9749 9732 9746
f 9738 9750 9747
f 9734 9750 9738
f 9748 9744 9747
f 9740 9748 9751
f 9749 9743 9732
f 9750 9734 9752
f 9737 9752 9734
f 9751 9753 9742
f 9740 9751 9742
f 9754 9741 9745
f 9753 9746 9742
f 9755 9752 9737
f 9739 9755 9737
f 9741 9754 9739
f 9754 9743 9756
f 9743 9754 9745
f 9743 9749 9756
f 9757 9748 9747
f 9758 9755 9739
f 9759 9751 9748
f 9753 9749 9746
f 9760 9747 9750
f 9761 9752 9755
f 9739 9754 9758
f 9753 9751 9759
f 9760 9757 9747
f 9752 9760 9750
f 9762 9748 9757
f 9762 9759 9748
f 9754 9763 9758
f 9753 9759 9764
f 9753 9764 9765
f 9763 9754 9756
f 9765 9749 9753
f 9756 9766 9763
f 9765 9756 9749
f 9762 9757 9767
f 9760 9768 9757
f 9761 9760 9752
f 9757 9768 9767
f 9767 9769 9762
f 9770 9761 9755
f 9769 9759 9762
f 9770 9755 9758
f 9765 9766 9756
f 9758 9771 9770
f 9759 9769 9772
f 9771 9758 9763
f 9759 9772 9764
f 9760 9761 9773
f 9774 9772 9769
f 9764 9772 9775
f 9776 9771 9763
f 9763 9766 9776
f 9777 9766 9765
f 9768 9778 9779
f 9760 9778 9768
f 9780 9767 9779
f 9779 9767 9768
f 9770 9773 9761
f 9764 9777 9765
f 9775 9777 9764
f 9766 9777 9776
f 9778 9760 9773
f 9781 9773 9770
f 9770 9771 9781
f 9782 9769 9767
f 9774 9769 9782
f 9771 9776 9781
f 9774 9775 9772
f 9776 9777 9783
f 9777 9775 9783
f 9778 9773 9784
f 9767 9780 9782
f 9781 9776 9785
f 9783 9785 9776
f 9786 9779 9778
f 9773 9781 9784
f 9787 9775 9774
f 9788 9780 9779
f 9786 9778 9784
f 9789 9787 9774
f 9787 9790 9775
f 9775 9790 9783
f 9779 9791 9788
f 9788 9792 9780
f 9774 9782 9789
f 9783 9790 9785
f 9786 9784 9793
f 9792 9782 9780
f 9793 9784 9781
f 9794 9782 9792
f 9795 9781 9785
f 9790 9796 9785
f 9787 9796 9790
f 9786 9791 9779
f 9793 9781 9795
f 9789 9782 9794
f 9787 9789 9796
f 9786 9797 9791
f 9788 9798 9792
f 9798 9799 9792
f 9789 9794 9800
f 9785 9796 9795
f 9791 9798 9788
f 9797 9786 9801
f 9801 9786 9793
f 9792 9799 9802
f 9794 9792 9802
f 9801 9793 9803
f 9793 9795 9803
f 9800 9804 9789
f 9804 9796 9789
f 9798 9791 9805
f 9799 9798 9805
f 9795 9796 9803
f 9801 9806 9797
f 9807 9805 9791
f 9797 9807 9791
f 9802 9799 9808
f 9803 9809 9801
f 9803 9796 9809
f 9810 9800 9794
f 9804 9809 9796
f 9807 9811 9805
f 9812 9807 9797
f 9805 9813 9799
f 9814 9806 9801
f 9799 9813 9808
f 9801 9815 9814
f 9809 9815 9801
f 9802 9810 9794
f 9809 9804 9816
f 9812 9797 9806
f 9816 9815 9809
f 9817 9804 9800
f 9818 9813 9805
f 9818 9805 9811
f 9810 9817 9800
f 9812 9819 9807
f 9802 9808 9820
f 9820 9810 9802
f 9817 9821 9804
f 9821 9816 9804
f 9819 9811 9807
f 9806 9814 9822
f 9822 9814 9823
f 9823 9814 9815
f 9810 9820 9824
f 9821 9815 9816
f 9806 9822 9812
f 9820 9808 9825
f 9823 9815 9821
f 9824 9817 9810
f 9825 9808 9813
f 9826 9819 9812
f 9818 9827 9813
f 9826 9812 9822
f 9821 9817 9828
f 9818 9829 9827
f 9825 9813 9827
f 9821 9830 9823
f 9824 9828 9817
f 9811 9829 9818
f 9825 9831 9820
f 9821 9828 9830
f 9831 9824 9820
f 9832 9811 9819
f 9832 9829 9811
f 9832 9819 9833
f 9826 9833 9819
f 9825 9827 9834
f 9835 9828 9824
f 9823 9836 9822
f 9836 9823 9830
f 9831 9835 9824
f 9837 9833 9826
f 9822 9837 9826
f 9837 9822 9836
f 9825 9834 9831
f 9835 9838 9828
f 9839 9840 9829
f 9840 9827 9829
f 9827 9841 9834
f 9842 9836 9830
f 9838 9842 9830
f 9830 9828 9838
f 9829 9832 9839
f 9827 9840 9841
f 9834 9841 9843
f 9834 9843 9831
f 9832 9844 9839
f 9845 9838 9835
f 9832 9833 9844
f 9844 9833 9846
f 9836 9847 9837
f 9836 9842 9847
f 9831 9848 9835
f 9848 9845 9835
f 9847 9838 9845
f 9842 9838 9847
f 9840 9839 9849
f 9833 9850 9846
f 9833 9837 9850
f 9839 9851 9849
f 9844 9851 9839
f 9852 9841 9840
f 9837 9847 9850
f 9831 9843 9848
f 9846 9853 9844
f 9849 9854 9840
f 9852 9855 9841
f 9855 9843 9841
f 9848 9843 9855
f 9853 9851 9844
f 9840 9854 9852
f 9847 9845 9856
f 9851 9857 9849
f 9849 9857 9854
f 9850 9847 9856
f 9856 9845 9848
f 9853 9846 9858
f 9855 9859 9848
f 9860 9856 9848
f 9861 9857 9851
f 9853 9861 9851
f 9857 9862 9854
f 9854 9862 9852
f 9862 9863 9852
f 9863 9855 9852
f 9859 9860 9848
f 9850 9858 9846
f 9864 9850 9856
f 9855 9863 9859
f 9862 9857 9865
f 9866 9864 9856
f 9860 9866 9856
f 9858 9861 9853
f 9858 9850 9867
f 9864 9867 9850
f 9866 9860 9859
f 9862 9868 9863
f 9859 9863 9869
f 9870 9865 9857
f 9861 9870 9857
f 9865 9868 9862
f 9871 9861 9858
f 9872 9863 9868
f 9873 9866 9859
f 9871 9858 9874
f 9872 9869 9863
f 9866 9875 9864
f 9869 9873 9859
f 9871 9870 9861
f 9867 9874 9858
f 9864 9876 9867
f 9873 9875 9866
f 9868 9865 9877
f 9874 9867 9876
f 9868 9877 9872
f 9864 9875 9876
f 9865 9870 9878
f 9877 9865 9878
f 9872 9877 9879
f 9880 9869 9872
f 9869 9881 9873
f 9881 9875 9873
f 9882 9879 9877
f 9879 9880 9872
f 9883 9869 9880
f 9883 9881 9869
f 9884 9871 9874
f 9877 9878 9882
f 9875 9881 9876
f 9885 9878 9870
f 9886 9874 9876
f 9881 9887 9876
f 9885 9870 9871
f 9884 9885 9871
f 9884 9874 9886
f 9885 9888 9878
f 9887 9886 9876
f 9883 9887 9881
f 9884 9889 9885
f 9885 9889 9888
f 9879 9890 9880
f 9890 9883 9880
f 9891 9892 9878
f 9878 9888 9891
f 9878 9892 9882
f 9886 9893 9884
f 9886 9887 9893
f 9888 9894 9891
f 9889 9884 9895
f 9892 9879 9882
f 9896 9890 9879
f 9890 9897 9883
f 9887 9883 9897
f 9894 9888 9889
f 9895 9884 9893
f 9896 9879 9892
f 9895 9894 9889
f 9896 9898 9890
f 9891 9899 9900
f 9894 9899 9891
f 9900 9892 9891
f 9900 9901 9892
f 9901 9896 9892
f 9898 9902 9890
f 9902 9897 9890
f 9896 9901 9903
f 9896 9903 9898
f 9893 9887 9897
f 9904 9901 9900
f 9905 9895 9906
f 9893 9906 9895
f 9897 9906 9893
f 9899 9907 9900
f 9907 9904 9900
f 9908 9894 9895
f 9898 9909 9902
f 9910 9907 9899
f 9908 9899 9894
f 9905 9908 9895
f 9911 9903 9901
f 9897 9902 9909
f 9903 9912 9898
f 9912 9909 9898
f 9908 9910 9899
f 9913 9907 9910
f 9897 9909 9906
f 9912 9914 9909
f 9915 9913 9910
f 9908 9905 9916
f 9917 9901 9904
f 9906 9916 9905
f 9901 9917 9911
f 9916 9906 9918
f 9909 9918 9906
f 9903 9911 9912
f 9914 9918 9909
f 9919 9920 9907
f 9907 9913 9919
f 9908 9915 9910
f 9907 9920 9904
f 9904 9920 9917
f 9911 9921 9912
f 9922 9914 9912
f 9923 9915 9908
f 9908 9916 9923
f 9915 9919 9913
f 9920 9919 9924
f 9925 9917 9920
f 9911 9926 9921
f 9922 9918 9914
f 9921 9922 9912
f 9923 9927 9915
f 9924 9925 9920
f 9925 9911 9917
f 9928 9929 9916
f 9918 9928 9916
f 9928 9918 9922
f 9923 9916 9929
f 9930 9921 9926
f 9923 9931 9927
f 9925 9932 9911
f 9925 9933 9932
f 9934 9930 9926
f 9922 9921 9930
f 9924 9935 9925
f 9925 9935 9933
f 9929 9931 9923
f 9932 9934 9926
f 9911 9932 9926
f 9936 9922 9930
f 9928 9922 9936
f 9927 9937 9919
f 9927 9919 9915
f 9937 9924 9919
f 9929 9938 9931
f 9938 9929 9936
f 9928 9936 9929
f 9927 9939 9937
f 9931 9939 9927
f 9933 9940 9932
f 9941 9930 9934
f 9942 9935 9924
f 9924 9937 9942
f 9940 9933 9943
f 9943 9933 9935
f 9931 9938 9939
f 9936 9944 9938
f 9945 9932 9940
f 9932 9945 9934
f 9941 9936 9930
f 9945 9946 9934
f 9946 9941 9934
f 9935 9942 9943
f 9942 9947 9943
f 9941 9944 9936
f 9948 9942 9937
f 9948 9937 9939
f 9948 9939 9938
f 9949 9938 9944
f 9940 9950 9945
f 9947 9942 9948
f 9940 9951 9950
f 9952 9949 9944
f 9952 9944 9941
f 9950 9953 9945
f 9953 9946 9945
f 9946 9954 9941
f 9955 9940 9943
f 9955 9951 9940
f 9949 9948 9938
f 9954 9952 9941
f 9953 9954 9946
f 9943 9947 9956
f 9955 9943 9956
f 9957 9950 9951
f 9954 9958 9952
f 9959 9947 9948
f 9951 9955 9960
f 9958 9949 9952
f 9961 9953 9950
f 9957 9961 9950
f 9955 9956 9962
f 9959 9956 9947
f 9960 9955 9962
f 9951 9960 9957
f 9961 9963 9953
f 9964 9959 9948
f 9948 9949 9964
f 9958 9965 9949
f 9958 9953 9966
f 9954 9953 9958
f 9953 9963 9966
f 9967 9962 9956
f 9956 9959 9967
f 9962 9968 9960
f 9964 9949 9965
f 9961 9969 9963
f 9964 9967 9959
f 9957 9960 9970
f 9966 9971 9958
f 9972 9969 9961
f 9963 9969 9966
f 9962 9967 9973
f 9962 9974 9968
f 9964 9965 9975
f 9965 9976 9975
f 9961 9957 9970
f 9971 9976 9958
f 9958 9976 9965
f 9973 9974 9962
f 9977 9967 9964
f 9977 9964 9975
f 9968 9978 9960
f 9960 9978 9970
f 9961 9970 9979
f 9980 9966 9969
f 9981 9973 9967
f 9981 9967 9977
f 9974 9982 9968
f 9968 9982 9978
f 9961 9979 9972
f 9966 9980 9983
f 9966 9983 9971
f 9984 9974 9973
f 9984 9973 9981
f 9981 9977 9975
f 9976 9971 9983
f 9985 9969 9972
f 9980 9969 9985
f 9985 9972 9986
f 9974 9987 9982
f 9984 9987 9974
f 9975 9988 9981
f 9976 9988 9975
f 9983 9989 9988
f 9983 9988 9976
f 9988 9984 9981
f 9989 9984 9988
f 9978 9990 9970
f 9979 9970 9991
f 9992 9983 9980
f 9985 9992 9980
f 9972 9979 9986
f 9993 9978 9982
f 9982 9987 9993
f 9994 9984 9989
f 9983 9995 9989
f 9983 9992 9995
f 9970 9990 9991
f 9991 9986 9979
f 9994 9987 9984
f 9990 9978 9993
f 9994 9989 9995
f 9996 9987 9994
f 9991 9990 9997
f 9991 9997 9998
f 9991 9998 9986
f 9996 9993 9987
f 9995 9996 9994
f 9997 9990 9993
f 9999 9992 9985
f 9999 9986 9998
f 9986 9999 9985
f 9996 10000 9993
f 10000 9997 9993
f 10000 9996 9995
f 10000 9998 9997
f 9992 10000 9995
f 9999 9998 10000
f 9999 10000 9992
