# Created by meshio v5.3.5, 2026-09-03T16:49:30.805916
v -88.87850189208984 37.64689254760742 368.5322570800781
v -89.47158813476562 37.656333923339844 369.7441101074219
v -89.10452270507812 36.02124786376953 369.7918701171875
v -89.29903411865234 36.854522705078125 371.3655700683594
v -88.77362060546875 38.551692962646484 371.40203857421875
v -88.52887725830078 36.00537872314453 372.8271789550781
v -88.77622985839844 36.001983642578125 369.1194763183594
v -88.20440673828125 37.85599136352539 372.98504638671875
v -88.33367919921875 38.888282775878906 369.8685302734375
v -87.88211822509766 34.84602737426758 372.59649658203125
v -87.43270111083984 36.65390396118164 368.2350769042969
v -87.32843780517578 37.707176208496094 368.19122314453125
v -87.30223083496094 35.317848205566406 369.6429443359375
v -87.59737396240234 35.7635498046875 368.886474609375
v -86.90164947509766 36.079185485839844 375.0008850097656
v -87.42938232421875 38.5753288269043 368.8143615722656
v -87.08442687988281 38.92055130004883 372.519287109375
v -86.57373809814453 33.83274841308594 372.61376953125
v -86.4334945678711 34.69868087768555 375.2369384765625
v -86.97171783447266 36.83208465576172 374.69451904296875
v -86.34590911865234 39.16611099243164 371.0570373535156
v -85.68567657470703 33.72392654418945 375.2284851074219
v -85.51905822753906 38.489952087402344 370.354248046875
v -85.5008544921875 33.81977844238281 371.6908874511719
v -85.91484832763672 35.25632858276367 376.14239501953125
v -85.66078186035156 36.18976593017578 369.59820556640625
v -85.17488861083984 37.359405517578125 369.8125305175781
v -86.39315795898438 37.89455795288086 374.2078857421875
v -84.47064208984375 34.57738494873047 371.0995788574219
v -84.81329345703125 37.15271759033203 376.39117431640625
v -85.21468353271484 38.40671920776367 373.4171447753906
v -84.85954284667969 33.27395248413086 373.6037292480469
v -84.37108612060547 32.72837448120117 374.7783508300781
v -83.51158142089844 35.85309600830078 379.1760559082031
v -83.32550811767578 34.31479263305664 372.3112487792969
v -83.70266723632812 36.11759567260742 371.0872802734375
v -84.05799102783203 37.72932052612305 375.9060974121094
v -83.25733184814453 37.66685485839844 373.37762451171875
v -83.33636474609375 34.406620025634766 379.66448974609375
v -83.39405822753906 37.9703483581543 375.01458740234375
v -82.98355865478516 33.262474060058594 373.4034729003906
v -83.09298706054688 33.24563217163086 379.4815368652344
v -80.856201171875 32.13031768798828 376.2114562988281
v -82.13658142089844 31.961206436157227 378.57354736328125
v -81.1622085571289 31.674346923828125 377.701416015625
v -82.86309814453125 36.57278060913086 372.4107971191406
v -81.41249084472656 36.31078338623047 380.7623596191406
v -82.34811401367188 37.572689056396484 378.0815124511719
v -81.3543930053711 34.27098846435547 373.5352783203125
v -81.00491333007812 34.719703674316406 382.03717041015625
v -80.31082153320312 35.80768966674805 374.4156494140625
v -80.87969207763672 37.24969482421875 375.1554870605469
v -81.0676498413086 33.42827224731445 381.8468322753906
v -80.66592407226562 37.53319549560547 378.7183532714844
v -81.10736846923828 37.76780700683594 377.1535949707031
v -80.61396789550781 31.889537811279297 380.737060546875
v -78.52941131591797 37.24748229980469 381.8952331542969
v -79.22294616699219 31.169137954711914 380.0677795410156
v -79.60086059570312 32.19306182861328 383.35406494140625
v -78.17414093017578 35.19209671020508 385.432861328125
v -77.83267211914062 32.47639083862305 377.3780822753906
v -79.81159210205078 33.35506820678711 375.4270324707031
v -79.376220703125 36.65437316894531 382.4115295410156
v -79.49443054199219 37.13655471801758 377.1961975097656
v -78.30335998535156 31.444677352905273 378.552490234375
v -79.13314056396484 31.276630401611328 382.5927429199219
v -79.00859069824219 34.66677474975586 375.6725158691406
v -78.73759460449219 33.13965606689453 385.4258117675781
v -78.88043975830078 36.06627655029297 376.3188171386719
v -76.75018310546875 37.349918365478516 380.53948974609375
v -77.84459686279297 30.39929962158203 382.3333740234375
v -78.1123046875 31.132038116455078 384.4806213378906
v -76.29621887207031 33.04764938354492 378.0252685546875
v -77.53536224365234 37.47553634643555 381.3941650390625
v -77.35073852539062 36.329105377197266 384.7913513183594
v -76.85372161865234 31.56012535095215 386.0707092285156
v -75.5977554321289 34.841529846191406 378.36407470703125
v -76.3526611328125 36.63518524169922 379.0572814941406
v -76.91143035888672 33.09492111206055 386.7387390136719
v -76.29672241210938 34.68783950805664 386.7731628417969
v -76.4046859741211 30.44695281982422 381.2489318847656
v -76.09980773925781 30.546062469482422 385.29132080078125
v -74.93399810791016 35.94993209838867 386.1450500488281
v -76.22965240478516 36.85134506225586 384.2464904785156
v -74.4384536743164 30.077438354492188 384.828125
v -75.66769409179688 30.910959243774414 380.62701416015625
v -74.86919403076172 31.00477409362793 388.020263671875
v -74.6800765991211 31.55537986755371 380.4402160644531
v -74.83776092529297 32.023189544677734 389.03582763671875
v -75.00676727294922 33.19832229614258 389.2092590332031
v -73.25296783447266 30.185962677001953 384.7903137207031
v -74.83485412597656 34.368919372558594 389.091064453125
v -74.54341888427734 35.45734786987305 380.0666809082031
v -75.2283935546875 36.53184509277344 380.47027587890625
v -73.57132720947266 36.18245315551758 385.1615295410156
v -74.59962463378906 30.155506134033203 386.3743591308594
v -74.0202865600586 33.06972122192383 380.2542419433594
v -74.45257568359375 35.533077239990234 388.41448974609375
v -72.59313201904297 35.6778678894043 384.4494323730469
v -73.87252807617188 31.81096839904785 381.33416748046875
v -73.66475677490234 34.22679901123047 380.7815856933594
v -73.45150756835938 36.329017639160156 387.44012451171875
v -70.95050048828125 30.111024856567383 389.53778076171875
v -71.60160827636719 30.400720596313477 390.183837890625
v -72.58202362060547 32.23856735229492 391.3915100097656
v -72.19682312011719 31.191326141357422 390.9957580566406
v -72.71451568603516 33.47805404663086 391.484130859375
v -72.66618347167969 36.44973373413086 386.56561279296875
v -69.9260025024414 30.129152297973633 389.0419616699219
v -72.7790298461914 30.685136795043945 383.8387451171875
v -72.86074829101562 34.62108612060547 390.87921142578125
v -70.6333999633789 35.97587203979492 391.3148193359375
v -71.25056457519531 33.05181121826172 383.8055114746094
v -71.47482299804688 34.11418151855469 383.79559326171875
v -71.85808563232422 36.029563903808594 385.4777526855469
v -71.237548828125 32.053932189941406 384.1393127441406
v -70.60153198242188 35.12179946899414 392.59149169921875
v -69.57996368408203 30.691965103149414 387.5489807128906
v -69.37625885009766 36.282833099365234 391.1231994628906
v -71.03923034667969 32.183292388916016 392.7022399902344
v -70.14680480957031 33.720008850097656 393.7991943359375
v -71.03504180908203 34.981781005859375 384.7943420410156
v -70.13136291503906 30.652563095092773 391.68438720703125
v -70.23162841796875 32.44657516479492 393.82086181640625
v -68.0479736328125 35.60673522949219 388.8724670410156
v -68.91602325439453 36.31418991088867 389.94610595703125
v -69.60169982910156 30.653457641601562 393.0166931152344
v -68.90464782714844 30.31060218811035 390.5730895996094
v -68.51763153076172 31.45160675048828 387.53631591796875
v -67.73546600341797 31.560367584228516 395.4949035644531
v -68.13541412353516 34.45296096801758 394.91937255859375
v -67.7324447631836 35.314815521240234 394.19024658203125
v -68.13188934326172 30.018966674804688 391.6796569824219
v -67.21363067626953 34.66941452026367 388.6875
v -67.90508270263672 30.65229606628418 389.7324523925781
v -67.913818359375 33.41322708129883 395.7361145019531
v -66.65673065185547 30.262989044189453 394.66864013671875
v -65.90499877929688 32.64859390258789 389.865966796875
v -66.14100646972656 33.86162185668945 389.61199951171875
v -66.42532348632812 35.67333221435547 392.0459899902344
v -66.99446868896484 35.78227996826172 393.1783447265625
v -67.03641510009766 31.33201789855957 389.4866638183594
v -65.213134765625 30.1148681640625 393.0950012207031
v -65.1495361328125 33.22475051879883 398.9166259765625
v -64.7879867553711 35.15977478027344 398.1871643066406
v -65.84681701660156 35.55482864379883 396.1029968261719
v -65.85323333740234 34.985755920410156 391.08587646484375
v -64.49813842773438 31.557270050048828 399.04693603515625
v -62.15220260620117 30.64365577697754 394.4473571777344
v -63.639183044433594 30.296030044555664 398.3388671875
v -63.6072998046875 36.181087493896484 396.6341857910156
v -64.48985290527344 34.70098114013672 391.6789245605469
v -64.26567840576172 35.50347137451172 392.88525390625
v -63.420860290527344 29.907978057861328 395.8523254394531
v -63.19926452636719 31.828046798706055 392.2933044433594
v -63.46707534790039 33.57286071777344 391.8157043457031
v -63.28752517700195 34.61492156982422 399.63031005859375
v -62.88435363769531 36.00493240356445 395.3110046386719
v -62.591861724853516 29.603330612182617 397.3694763183594
v -61.72446060180664 32.817726135253906 401.5376281738281
v -61.641849517822266 36.01581573486328 397.21783447265625
v -61.591617584228516 30.71531867980957 400.538818359375
v -61.61402130126953 31.423316955566406 394.16705322265625
v -61.75422286987305 31.707990646362305 401.209716796875
v -62.28864288330078 35.86734390258789 398.265869140625
v -61.425960540771484 30.100759506225586 399.638916015625
v -61.207496643066406 33.919525146484375 401.8028869628906
v -61.441158294677734 29.973798751831055 395.8780212402344
v -61.051727294921875 33.476524353027344 394.0554504394531
v -60.636810302734375 35.2692756652832 395.6437683105469
v -60.1435546875 35.649696350097656 400.8261413574219
v -60.71974563598633 34.97004318237305 401.42376708984375
v -60.41642761230469 30.860408782958984 395.2379455566406
v -60.34627914428711 29.66142463684082 398.2876892089844
v -60.621883392333984 36.152061462402344 398.7158203125
v -57.16054153442383 30.028526306152344 399.167236328125
v -59.146114349365234 32.00895690917969 395.4984436035156
v -59.23102569580078 32.47359848022461 404.789794921875
v -59.457000732421875 33.77490234375 404.4989318847656
v -59.53934097290039 35.709075927734375 396.9841003417969
v -57.68174362182617 29.72418975830078 403.4606628417969
v -58.47584915161133 33.09621810913086 395.9046936035156
v -59.105648040771484 34.93145751953125 404.1508483886719
v -58.76300811767578 31.02794075012207 404.5282897949219
v -57.11417007446289 29.419130325317383 401.98883056640625
v -56.837406158447266 29.51863670349121 400.9068603515625
v -58.56684494018555 35.82466506958008 403.497802734375
v -58.588096618652344 35.913700103759766 399.47509765625
v -58.006202697753906 36.44044876098633 401.9265441894531
v -58.41848373413086 34.323673248291016 396.333740234375
v -57.415889739990234 35.17118453979492 398.41693115234375
v -57.30633544921875 32.061283111572266 406.2406311035156
v -57.30746078491211 34.011478424072266 406.33319091796875
v -55.37395095825195 31.634958267211914 399.06060791015625
v -56.82334899902344 35.56662368774414 405.676025390625
v -56.101131439208984 36.24476623535156 400.753662109375
v -55.46219253540039 30.719757080078125 399.6813049316406
v -56.241943359375 30.269372940063477 405.421142578125
v -56.1757698059082 32.45831298828125 398.0733642578125
v -56.664466857910156 33.817832946777344 397.8447265625
v -55.412986755371094 30.895090103149414 407.07635498046875
v -55.83510208129883 34.03291702270508 407.87396240234375
v -54.30558395385742 35.51533126831055 400.78692626953125
v -54.870784759521484 36.73875045776367 405.5497741699219
v -53.565330505371094 36.8695068359375 404.2263488769531
v -54.113277435302734 29.581323623657227 404.1070251464844
v -55.49391555786133 32.18185043334961 407.9678039550781
v -54.0006217956543 35.77909851074219 408.6058044433594
v -51.50017166137695 30.234657287597656 404.3922424316406
v -54.497249603271484 29.785139083862305 405.8265075683594
v -53.301029205322266 34.08893585205078 400.5821228027344
v -52.0605583190918 30.869430541992188 409.0904846191406
v -52.638153076171875 34.92549514770508 410.305908203125
v -51.60663986206055 33.49790573120117 411.30950927734375
v -52.23699188232422 31.86833381652832 410.06134033203125
v -51.281314849853516 32.94334030151367 402.1777038574219
v -51.70730209350586 36.8939323425293 409.24334716796875
v -51.192420959472656 31.157516479492188 403.13970947265625
v -52.248146057128906 37.32945251464844 406.0401611328125
v -52.17436218261719 36.08865737915039 403.05743408203125
v -50.87677001953125 30.22804832458496 408.0891418457031
v -51.68446350097656 37.07999038696289 404.9548034667969
v -51.37601089477539 35.06745529174805 402.60528564453125
v -51.57689666748047 37.35838317871094 407.93060302734375
v -50.114418029785156 30.2720890045166 406.79742431640625
v -48.961917877197266 31.347068786621094 411.891357421875
v -49.301612854003906 32.474212646484375 412.7052001953125
v -50.24799728393555 32.10982894897461 403.36419677734375
v -50.316490173339844 34.3659782409668 403.0350646972656
v -49.1452751159668 35.48952865600586 413.1673583984375
v -48.86406326293945 37.07344436645508 406.5917663574219
v -49.30572509765625 33.90159606933594 413.27130126953125
v -46.887630462646484 36.55046463012695 407.06378173828125
v -47.82856369018555 37.61983871459961 408.5669860839844
v -48.67097091674805 31.11053466796875 406.0467834472656
v -47.70034408569336 30.450550079345703 410.1849060058594
v -47.284156799316406 30.72064208984375 408.1809387207031
v -46.6872673034668 34.63467025756836 406.04681396484375
v -48.975975036621094 36.74049758911133 412.31451416015625
v -48.507686614990234 37.483009338378906 411.3183288574219
v -47.69818115234375 37.84409713745117 410.35595703125
v -46.57793426513672 33.57084655761719 406.09600830078125
v -46.33175277709961 35.59640884399414 406.70465087890625
v -47.31951141357422 32.32994079589844 413.75848388671875
v -46.649993896484375 32.42268753051758 406.4376220703125
v -47.89628982543945 34.36322021484375 414.1344299316406
v -47.790340423583984 35.74436950683594 413.8572692871094
v -47.20677947998047 37.0102424621582 413.2500305175781
v -46.46710205078125 31.066179275512695 412.161376953125
v -45.860660552978516 37.86954879760742 412.1662292480469
v -46.14219284057617 31.79568099975586 407.5276794433594
v -45.36952209472656 30.93043327331543 411.5482177734375
v -45.80652618408203 34.15918731689453 415.82073974609375
v -45.61705780029297 32.78516387939453 415.2928771972656
v -45.497798919677734 35.680755615234375 415.9559326171875
v -45.372406005859375 36.89604949951172 415.3272399902344
v -43.54224395751953 37.91250228881836 411.8529968261719
v -45.365509033203125 31.284744262695312 409.41656494140625
v -45.13159942626953 32.1440315246582 415.0038757324219
v -43.1180534362793 37.55134963989258 411.1854248046875
v -44.548545837402344 31.32756996154785 413.8222961425781
v -44.70414733886719 34.522926330566406 407.6939392089844
v -44.905521392822266 37.814849853515625 414.1342468261719
v -44.75956726074219 33.340667724609375 407.85101318359375
v -43.23099136352539 31.27632713317871 412.5909118652344
v -43.56423568725586 37.30659866333008 417.0552673339844
v -43.22032165527344 38.217342376708984 416.386474609375
v -43.91584014892578 38.25267028808594 412.8363037109375
v -42.2612190246582 32.29250717163086 411.01776123046875
v -42.25166702270508 33.3629035949707 410.06451416015625
v -42.38848114013672 36.667903900146484 410.6123962402344
v -42.71174240112305 38.84075927734375 415.3368225097656
v -42.21632766723633 31.803884506225586 412.0223693847656
v -40.952354431152344 32.63884353637695 416.7384338378906
v -40.707645416259766 35.398311614990234 419.6420593261719
v -42.67023468017578 35.93114471435547 418.3758544921875
v -41.402732849121094 35.220680236816406 410.57269287109375
v -41.35478210449219 37.453678131103516 419.3095397949219
v -41.75655746459961 38.70820999145508 417.9186096191406
v -40.016624450683594 32.49314498901367 415.45263671875
v -39.72630310058594 39.4195556640625 414.7574462890625
v -40.74170684814453 39.685977935791016 416.7122802734375
v -39.35090255737305 32.821434020996094 414.4786071777344
v -39.268104553222656 33.901649475097656 418.95660400390625
v -39.841922760009766 37.65613555908203 412.50738525390625
v -38.61341857910156 34.09141540527344 413.3404541015625
v -38.54505920410156 35.888275146484375 412.7083435058594
v -38.54186248779297 36.9664421081543 421.8375244140625
v -38.13920974731445 35.9298210144043 421.82281494140625
v -38.463314056396484 33.45463943481445 417.7729187011719
v -38.272090911865234 38.4937744140625 421.8172607421875
v -37.90050506591797 40.162635803222656 417.7174377441406
v -36.55925750732422 40.29673385620117 421.2988586425781
v -37.38190841674805 34.95065689086914 421.5058288574219
v -37.15216064453125 38.044551849365234 414.5638427734375
v -37.95222091674805 39.37369155883789 415.35369873046875
v -37.01246643066406 33.98247528076172 416.48089599609375
v -37.470890045166016 33.9918098449707 419.9740905761719
v -35.78348922729492 40.00315475463867 423.10028076171875
v -36.739009857177734 33.809486389160156 418.2533264160156
v -35.98179244995117 35.642120361328125 415.68994140625
v -35.962215423583984 40.124942779541016 418.2569274902344
v -35.856754302978516 37.292320251464844 415.4920349121094
v -36.011966705322266 37.94993209838867 423.8866271972656
v -35.4586296081543 40.74800491333008 420.6700439453125
v -35.92816162109375 34.2613410949707 420.4046630859375
v -35.76176834106445 35.93296432495117 423.1493225097656
v -33.928035736083984 40.065757751464844 424.94708251953125
v -35.61395263671875 39.06051254272461 416.7091979980469
v -35.5079231262207 34.51704788208008 417.60260009765625
v -33.873199462890625 35.90956497192383 418.1471862792969
v -35.01029968261719 35.13356018066406 422.3680725097656
v -34.04881286621094 37.20398712158203 424.95257568359375
v -33.93079376220703 34.92771530151367 420.59637451171875
v -34.28457260131836 37.278690338134766 417.00604248046875
v -34.64677810668945 39.56602478027344 418.11322021484375
v -33.34300231933594 41.21244812011719 424.0963134765625
v -34.01877212524414 34.993350982666016 421.81414794921875
v -32.66946792602539 38.259586334228516 426.03900146484375
v -33.416072845458984 35.58279037475586 419.386474609375
v -33.6478385925293 38.050533294677734 417.9774169921875
v -33.1494140625 39.30500793457031 425.7598876953125
v -33.20843505859375 40.771114349365234 420.4585876464844
v -32.76533508300781 41.67842483520508 423.25860595703125
v -31.577848434448242 36.43510437011719 424.96075439453125
v -32.244205474853516 41.6552619934082 422.12908935546875
v -31.894006729125977 38.930694580078125 419.5841064453125
v -32.65447998046875 40.00603485107422 419.783935546875
v -30.5550479888916 36.25441360473633 422.2750549316406
v -31.29079818725586 35.859230041503906 423.423583984375
v -31.249942779541016 37.248260498046875 420.2512512207031
v -31.829259872436523 37.16117477416992 425.69976806640625
v -31.957090377807617 40.83351135253906 426.19219970703125
v -31.277414321899414 39.19845962524414 426.9448547363281
v -30.962284088134766 42.13862609863281 425.25213623046875
v -29.900175094604492 42.43812561035156 424.3279113769531
v -29.727663040161133 37.647701263427734 426.75994873046875
v -29.900304794311523 39.98125076293945 420.9084777832031
v -30.04690933227539 41.38370132446289 421.8857421875
v -29.144615173339844 39.8842658996582 428.1382751464844
v -28.839481353759766 42.12255859375 423.4804992675781
v -29.76505470275879 41.69465255737305 426.85418701171875
v -29.377859115600586 37.44036865234375 421.654296875
v -29.420473098754883 38.7180061340332 421.1323547363281
v -28.999488830566406 36.85922622680664 425.31353759765625
v -27.418882369995117 39.13182067871094 428.77423095703125
v -28.68457794189453 41.4951057434082 428.033935546875
v -28.53023910522461 36.99666213989258 423.95159912109375
v -28.13620376586914 37.73746871948242 422.94769287109375
v -25.503835678100586 37.95134735107422 427.79278564453125
v -26.3664493560791 38.4412956237793 428.5404968261719
v -27.8448429107666 42.49269104003906 427.4105224609375
v -27.154582977294922 42.856571197509766 426.2448425292969
v -26.398361206054688 37.59132385253906 426.10675048828125
v -27.138111114501953 40.66069412231445 429.0839538574219
v -25.989294052124023 41.53285598754883 424.2682189941406
v -24.75724983215332 42.9467887878418 426.6825256347656
v -25.40233039855957 39.89594650268555 424.11798095703125
v -26.503870010375977 41.87272644042969 428.77490234375
v -25.748321533203125 38.33446502685547 424.8458557128906
v -24.408763885498047 39.75790786743164 429.7650451660156
v -25.043907165527344 42.96835708618164 427.87921142578125
v -24.349836349487305 38.634361267089844 428.9593811035156
v -23.90195083618164 42.56083297729492 426.09368896484375
v -24.578279495239258 42.40823745727539 429.05792236328125
v -24.842266082763672 37.852054595947266 426.4417724609375
v -24.26858901977539 38.94999313354492 425.0889892578125
v -22.71044158935547 40.742008209228516 425.4873046875
v -24.039690017700195 41.296958923339844 429.9877624511719
v -23.938556671142578 38.220767974853516 427.7729187011719
v -22.98288345336914 41.82085418701172 425.7413330078125
v -23.38343048095703 38.52379608154297 426.6007080078125
v -22.94795036315918 39.592323303222656 425.6734924316406
v -19.871131896972656 39.98636245727539 430.3604431152344
v -20.241451263427734 38.74964141845703 427.8425598144531
v -19.59403419494629 41.37880325317383 430.41888427734375
v -20.86086082458496 42.76819610595703 428.8494873046875
v -20.309690475463867 39.68307113647461 426.48846435546875
v -20.071487426757812 38.92473602294922 429.3892822265625
v -20.862016677856445 42.664981842041016 427.4448547363281
v -20.636682510375977 41.48548126220703 426.2979736328125
v -18.940025329589844 42.50418472290039 429.7291259765625
v -19.867069244384766 42.337860107421875 426.6949462890625
v -18.668378829956055 42.945716857910156 427.85565185546875
v -18.178142547607422 39.79772186279297 426.0463562011719
v -18.490787506103516 38.25569152832031 427.7057189941406
v -16.953651428222656 38.302574157714844 430.2382507324219
v -17.64328956604004 39.86692810058594 431.0789794921875
v -18.31095314025879 41.882511138916016 426.3103942871094
v -17.710872650146484 41.18894958496094 431.0652160644531
v -18.452760696411133 42.97093200683594 428.5522155761719
v -16.179189682006836 37.27360153198242 428.56439208984375
v -16.674266815185547 42.698387145996094 430.52886962890625
v -17.581859588623047 42.695133209228516 426.5621032714844
v -17.220611572265625 37.83952331542969 427.0982360839844
v -17.52068328857422 38.932884216308594 425.8834228515625
v -17.564374923706055 40.867069244384766 425.3183898925781
v -16.653987884521484 43.60078048706055 429.1123352050781
v -16.434892654418945 37.84463119506836 424.4575500488281
v -17.472768783569336 40.08407211303711 424.62554931640625
v -17.12677574157715 41.8560676574707 424.6536560058594
v -16.97711181640625 43.2590217590332 426.00457763671875
v -14.835208892822266 44.438453674316406 425.7488098144531
v -15.790265083312988 36.64613342285156 425.1314392089844
v -15.68532943725586 39.24779510498047 431.0329895019531
v -15.581258773803711 40.582244873046875 431.3103942871094
v -15.834029197692871 42.06570053100586 430.9570007324219
v -15.581761360168457 43.0091552734375 423.7088928222656
v -16.39000129699707 40.6442756652832 423.2584533691406
v -15.31424331665039 36.36642074584961 427.31072998046875
v -14.47872257232666 37.49932098388672 429.73114013671875
v -14.93259048461914 37.951759338378906 420.6944580078125
v -15.512624740600586 8.400593757629395 488.0633239746094
v -15.219867706298828 9.30929946899414 488.4303894042969
v -15.711647033691406 10.066117286682129 489.6831359863281
v -15.734702110290527 8.210908889770508 489.2368469238281
v -15.386012077331543 9.80333137512207 490.68182373046875
v -15.189026832580566 8.231014251708984 490.1045227050781
v -14.936039924621582 11.330340385437012 490.56878662109375
v -14.756468772888184 35.431800842285156 426.01531982421875
v -14.26957893371582 40.38523483276367 419.7818298339844
v -15.53658390045166 41.79969787597656 422.34814453125
v -12.759915351867676 45.09992599487305 426.4242858886719
v -14.683883666992188 7.460273742675781 489.04931640625
v -14.640443801879883 7.316822052001953 487.4118957519531
v -14.204875946044922 8.51296615600586 486.1886901855469
v -14.731069564819336 10.739799499511719 489.09722900390625
v -14.329381942749023 10.949275970458984 491.0340576171875
v -14.434924125671387 36.19487762451172 421.2606506347656
v -14.066075325012207 40.982872009277344 431.0123291015625
v -14.569330215454102 43.169456481933594 422.2536926269531
v -13.690176010131836 44.49327087402344 422.9222717285156
v -12.583569526672363 44.744144439697266 427.7461853027344
v -14.18117618560791 9.214615821838379 490.6419677734375
v -14.211675643920898 9.101445198059082 487.0249328613281
v -14.034143447875977 9.193903923034668 488.3168640136719
v -14.261542320251465 10.043974876403809 488.9886779785156
v -13.697011947631836 12.835687637329102 489.05169677734375
v -12.754815101623535 14.420442581176758 489.61370849609375
v -14.471419334411621 15.55399227142334 540.23486328125
v -14.338284492492676 17.047998428344727 543.6376953125
v -14.590615272521973 15.30087661743164 543.1036987304688
v -13.642195701599121 16.543968200683594 547.7338256835938
v -13.86069107055664 35.09337615966797 421.9626770019531
v -13.157176971435547 35.054908752441406 427.97894287109375
v -13.871447563171387 39.361934661865234 430.82708740234375
v -12.52601146697998 43.597721099853516 429.59490966796875
v -13.577054977416992 7.352460861206055 488.08990478515625
v -12.961953163146973 8.617462158203125 484.9910583496094
v -13.59044361114502 10.289694786071777 489.4231262207031
v -13.151890754699707 12.05319595336914 488.764404296875
v -14.134079933166504 14.271706581115723 542.6705932617188
v -14.003713607788086 14.039146423339844 538.7367553710938
v -13.915376663208008 15.045114517211914 538.14404296875
v -13.940467834472656 16.745149612426758 540.1446533203125
v -14.205109596252441 20.215938568115234 435.01904296875
v -13.640353202819824 18.92481231689453 435.19207763671875
v -14.128466606140137 20.433670043945312 432.9441833496094
v -14.371907234191895 21.303342819213867 431.188720703125
v -13.722949981689453 19.558059692382812 432.2463684082031
v -14.038207054138184 21.098005294799805 428.0981750488281
v -13.854707717895508 19.773977279663086 438.18878173828125
v -13.954647064208984 21.407917022705078 437.6807556152344
v -13.976675033569336 22.11158561706543 427.47369384765625
v -13.790190696716309 22.09203338623047 433.4771423339844
v -14.077409744262695 22.829790115356445 430.0965881347656
v -13.329916000366211 37.76381301879883 418.7330322265625
v -13.209765434265137 42.587162017822266 420.1113586425781
v -13.153870582580566 45.1948127746582 424.3208923339844
v -12.931482315063477 7.6567301750183105 485.9790344238281
v -13.82064151763916 9.308419227600098 489.69384765625
v -13.388923645019531 8.315638542175293 488.4659423828125
v -12.959512710571289 9.631573677062988 486.60028076171875
v -13.017667770385742 11.222406387329102 490.65045166015625
v -13.125748634338379 12.761582374572754 538.0362548828125
v -13.001546859741211 13.217899322509766 536.8423461914062
v -12.291583061218262 14.67577838897705 548.8273315429688
v -12.82245922088623 14.091997146606445 545.0855102539062
v -13.033602714538574 15.423670768737793 536.7849731445312
v -12.903579711914062 17.439178466796875 550.4552001953125
v -12.895233154296875 18.233478546142578 543.234619140625
v -13.13834285736084 18.129871368408203 545.8585815429688
v -13.517742156982422 20.16710090637207 427.9329833984375
v -13.550633430480957 20.47634506225586 441.99908447265625
v -13.003036499023438 21.484148025512695 446.0649108886719
v -13.246625900268555 22.429840087890625 436.10467529296875
v -13.339938163757324 23.40308380126953 426.3616943359375
v -13.246538162231445 23.620866775512695 430.98681640625
v -12.558281898498535 34.07535171508789 425.71514892578125
v -12.453821182250977 33.875274658203125 422.962158203125
v -13.257431983947754 36.05217742919922 419.7156066894531
v -12.650425910949707 34.74806213378906 420.544677734375
v -12.235119819641113 37.21516036987305 430.1980895996094
v -12.059648513793945 43.6976318359375 420.5663146972656
v -11.890637397766113 10.897302627563477 484.14398193359375
v -11.678295135498047 12.800580978393555 490.045166015625
v -12.258667945861816 14.240249633789062 488.4852294921875
v -12.086125373840332 13.533611297607422 490.4761047363281
v -12.705886840820312 12.617486000061035 539.2691650390625
v -12.913467407226562 14.04701042175293 536.3214721679688
v -13.077491760253906 15.465057373046875 548.6947631835938
v -12.792192459106445 17.127296447753906 539.0816650390625
v -12.867691040039062 18.35194969177246 435.1144714355469
v -13.26603889465332 19.731666564941406 442.7313232421875
v -12.751893997192383 18.88681983947754 432.14471435546875
v -12.501493453979492 19.368663787841797 427.9579772949219
v -12.797691345214844 21.92098045349121 423.80487060546875
v -12.508833885192871 22.74711799621582 443.991455078125
v -12.819607734680176 22.271167755126953 445.7218322753906
v -12.778962135314941 23.147384643554688 423.8907775878906
v -12.593311309814453 22.77525520324707 434.6767272949219
v -12.087422370910645 24.666332244873047 425.44268798828125
v -13.160676956176758 26.22136688232422 474.10906982421875
v -13.498348236083984 27.031967163085938 474.8213806152344
v -13.227743148803711 25.294025421142578 479.75872802734375
v -13.420366287231445 26.623106002807617 479.86724853515625
v -13.486872673034668 28.114660263061523 475.9739990234375
v -13.128711700439453 27.642091751098633 480.46490478515625
v -12.775548934936523 27.055431365966797 466.02569580078125
v -13.362104415893555 28.584556579589844 473.2044677734375
v -12.736479759216309 28.357223510742188 480.63909912109375
v -12.635032653808594 29.949277877807617 474.603271484375
v -12.355366706848145 35.897090911865234 429.4408874511719
v -12.912662506103516 39.788272857666016 418.3376770019531
v -12.291966438293457 41.62796401977539 430.8600769042969
v -12.1474609375 8.775627136230469 487.00238037109375
v -11.470071792602539 12.807371139526367 489.40521240234375
v -12.469340324401855 14.792494773864746 489.0211181640625
v -12.024673461914062 16.047618865966797 554.6282958984375
v -12.023289680480957 17.553543090820312 540.1216430664062
v -12.494983673095703 18.755624771118164 442.2306823730469
v -12.37837028503418 19.76138687133789 446.39984130859375
v -11.594895362854004 20.318214416503906 423.8578186035156
v -12.34642219543457 21.017061233520508 450.1429443359375
v -12.624442100524902 22.431493759155273 450.1243591308594
v -12.382543563842773 23.459299087524414 450.2955322265625
v -12.32156753540039 24.153812408447266 424.2071533203125
v -11.678596496582031 24.685890197753906 427.35992431640625
v -12.638959884643555 24.070207595825195 484.16162109375
v -12.410734176635742 23.617292404174805 481.3937072753906
v -12.491353034973145 25.276782989501953 474.45703125
v -12.27913761138916 25.87865447998047 484.8157958984375
v -12.413631439208984 25.760398864746094 470.1186828613281
v -12.289618492126465 25.731590270996094 466.0481262207031
v -12.619000434875488 28.65386199951172 466.9762268066406
v -11.388731002807617 36.412132263183594 416.1080322265625
v -11.812291145324707 39.04379653930664 430.9869079589844
v -11.498372077941895 38.00809097290039 415.91363525390625
v -12.33837604522705 41.00190734863281 418.2874755859375
v -11.838802337646484 8.223560333251953 485.8299865722656
v -12.001265525817871 8.610224723815918 484.7728271484375
v -11.303876876831055 10.422493934631348 483.59075927734375
v -11.436545372009277 12.006754875183105 537.5422973632812
v -11.723152160644531 13.8756103515625 488.343017578125
v -11.568822860717773 13.055326461791992 540.9810180664062
v -12.096564292907715 16.928251266479492 489.25946044921875
v -11.792359352111816 14.812986373901367 552.3648071289062
v -11.673795700073242 17.916004180908203 486.9395446777344
v -11.43851375579834 16.050642013549805 536.2813110351562
v -11.682731628417969 16.966171264648438 555.1083374023438
v -11.84848690032959 18.379959106445312 551.8071899414062
v -11.408554077148438 18.033794403076172 435.5040588378906
v -11.397734642028809 18.229219436645508 437.7859802246094
v -11.355379104614258 18.265905380249023 442.0026550292969
v -11.474540710449219 18.84848976135254 550.11474609375
v -11.647862434387207 18.9929141998291 430.3155517578125
v -11.763522148132324 21.474468231201172 422.6019287109375
v -12.083223342895508 21.303504943847656 485.3115234375
v -12.226705551147461 21.20688819885254 487.3476867675781
v -11.657800674438477 23.835979461669922 455.44024658203125
v -11.696982383728027 23.178071975708008 442.024169921875
v -11.987648010253906 22.435956954956055 483.79345703125
v -11.293144226074219 25.356185913085938 453.8428955078125
v -12.44699764251709 24.17640495300293 486.7784729003906
v -11.7000150680542 23.291513442993164 488.6585693359375
v -11.63350772857666 22.866451263427734 434.7796630859375
v -11.956356048583984 24.030656814575195 430.8291320800781
v -11.940835952758789 23.53384017944336 479.3941345214844
v -11.819731712341309 25.574861526489258 487.2923583984375
v -11.713408470153809 24.757465362548828 461.7671203613281
v -11.857208251953125 26.11891746520996 460.6543273925781
v -11.844642639160156 29.094385147094727 465.3036193847656
v -11.613527297973633 29.436357498168945 480.575439453125
v -11.940729141235352 29.871427536010742 469.0340270996094
v -11.748123168945312 30.567039489746094 474.744384765625
v -11.471270561218262 34.64085006713867 427.9956359863281
v -10.376384735107422 42.87941360473633 418.5812072753906
v -11.714940071105957 45.58557891845703 423.98907470703125
v -11.07514476776123 9.207324028015137 485.7876281738281
v -11.032927513122559 10.167220115661621 485.8941955566406
v -11.216350555419922 11.418310165405273 485.1464538574219
v -10.049053192138672 11.743321418762207 535.0028076171875
v -11.198295593261719 12.231958389282227 538.7967529296875
v -10.925238609313965 13.410316467285156 488.74090576171875
v -11.502988815307617 13.93800163269043 544.0667114257812
v -10.531289100646973 13.773058891296387 534.0217895507812
v -10.952181816101074 14.306365966796875 547.8789672851562
v -11.554813385009766 15.938192367553711 490.56561279296875
v -11.567206382751465 14.734517097473145 554.8604736328125
v -10.350408554077148 15.596570014953613 559.11865234375
v -11.504609107971191 19.03704833984375 487.45550537109375
v -11.282852172851562 18.070709228515625 543.3897094726562
v -10.923937797546387 18.522621154785156 433.8202209472656
v -10.513542175292969 18.892541885375977 549.1796875
v -11.500338554382324 19.040517807006836 446.00823974609375
v -11.011147499084473 19.15964698791504 428.5625915527344
v -10.590787887573242 19.846439361572266 424.5199279785156
v -11.068835258483887 19.719404220581055 449.5918884277344
v -11.604798316955566 19.980693817138672 487.02581787109375
v -10.305228233337402 23.12774085998535 420.4969787597656
v -11.056356430053711 23.331098556518555 456.95489501953125
v -11.490660667419434 23.74359703063965 446.26165771484375
v -11.739006042480469 24.523361206054688 453.8452453613281
v -11.178227424621582 24.61307716369629 474.11529541015625
v -11.264225006103516 24.707658767700195 489.2464904785156
v -11.261205673217773 24.26874542236328 464.30767822265625
v -11.352913856506348 24.805973052978516 466.46038818359375
v -11.511234283447266 25.1091365814209 470.131591796875
v -11.097497940063477 27.22941780090332 484.9330139160156
v -11.399059295654297 27.443090438842773 460.87109375
v -10.777565956115723 33.378726959228516 423.9988098144531
v -11.114579200744629 35.18606185913086 416.6300964355469
v -10.996782302856445 42.03089141845703 431.575439453125
v -11.100839614868164 43.28514862060547 431.1883850097656
v -10.776779174804688 44.47063064575195 421.2874755859375
v -10.99223804473877 9.056743621826172 484.9560241699219
v -10.817679405212402 11.260886192321777 484.1464538574219
v -10.256698608398438 12.641477584838867 534.0360107421875
v -10.481011390686035 15.512678146362305 490.95208740234375
v -10.762574195861816 14.631503105163574 557.6862182617188
v -8.304035186767578 14.650182723999023 532.8778076171875
v -10.966363906860352 17.349842071533203 490.20703125
v -11.032975196838379 19.1939697265625 485.7134094238281
v -10.857943534851074 19.307090759277344 488.4629211425781
v -10.878117561340332 18.005828857421875 554.7896728515625
v -10.293556213378906 18.779205322265625 552.5604248046875
v -11.041885375976562 20.419343948364258 484.75396728515625
v -11.149660110473633 21.43399429321289 488.92333984375
v -10.729944229125977 20.823986053466797 453.0400390625
v -10.630407333374023 20.831584930419922 422.01251220703125
v -10.829651832580566 21.96383285522461 482.5519714355469
v -11.07387638092041 21.60191535949707 491.1092224121094
v -10.698116302490234 23.17782211303711 441.57916259765625
v -10.233707427978516 24.247594833374023 421.0723876953125
v -10.6953706741333 24.14545440673828 429.5432434082031
v -11.62561321258545 24.86921501159668 456.8623962402344
v -10.782958984375 29.989959716796875 466.02484130859375
v -10.45685863494873 30.79309844970703 475.76898193359375
v -10.592122077941895 33.80511474609375 418.4859313964844
v -10.413871765136719 33.215328216552734 420.7233581542969
v -9.770865440368652 33.515132904052734 425.2264709472656
v -10.554048538208008 35.311180114746094 429.1273193359375
v -9.596668243408203 36.992061614990234 430.4194030761719
v -9.418378829956055 38.30649185180664 413.184326171875
v -10.183677673339844 40.93070983886719 431.8305358886719
v -10.565451622009277 41.48207092285156 416.7601318359375
v -10.862672805786133 44.27058410644531 430.56610107421875
v -10.598664283752441 45.799739837646484 425.6302795410156
v -10.33599853515625 10.036945343017578 484.18353271484375
v -9.518159866333008 14.16763687133789 488.49920654296875
v -9.761921882629395 14.094679832458496 489.9669189453125
v -10.529781341552734 14.2642822265625 487.8396301269531
v -9.645172119140625 14.861438751220703 490.5545349121094
v -10.550742149353027 14.52232837677002 543.6467895507812
v -10.346358299255371 13.847860336303711 540.7957763671875
v -9.941631317138672 13.642378807067871 555.4082641601562
v -10.69383716583252 14.356444358825684 551.9076538085938
v -10.447728157043457 17.24896812438965 485.93939208984375
v -10.605694770812988 16.512399673461914 537.939453125
v -10.58747673034668 17.316383361816406 542.6510620117188
v -10.2354097366333 17.06417465209961 557.3964233398438
v -10.161216735839844 18.88466453552246 446.2786560058594
v -10.079278945922852 19.68699073791504 430.49322509765625
v -11.119558334350586 20.263776779174805 494.9412536621094
v -10.84032154083252 19.389610290527344 494.8236999511719
v -11.146780014038086 21.235490798950195 495.110107421875
v -10.354150772094727 19.357587814331055 498.4746398925781
v -10.926937103271484 23.057069778442383 492.6878662109375
v -10.573442459106445 22.234792709350586 495.93402099609375
v -10.693194389343262 22.629125595092773 434.4444885253906
v -9.994470596313477 22.819398880004883 440.6595764160156
v -10.739252090454102 23.703468322753906 444.9033508300781
v -10.532266616821289 23.783533096313477 492.98388671875
v -10.60757827758789 24.98232078552246 426.1121826171875
v -10.654339790344238 23.361156463623047 459.4338684082031
v -9.486696243286133 25.11194610595703 423.7648010253906
v -10.6456880569458 25.60381317138672 452.3285827636719
v -10.45717716217041 24.838685989379883 469.8233337402344
v -10.012298583984375 26.077848434448242 489.3380126953125
v -10.745357513427734 27.872997283935547 459.70770263671875
v -10.342023849487305 26.899263381958008 487.1178283691406
v -10.075174331665039 28.903881072998047 462.4683532714844
v -10.439074516296387 29.07868194580078 482.2880554199219
v -9.890621185302734 29.80929946899414 480.96417236328125
v -10.099860191345215 30.835594177246094 473.4263000488281
v -9.514520645141602 45.29417419433594 429.4862976074219
v -9.620393753051758 45.2515983581543 423.2632751464844
v -10.140340805053711 10.494892120361328 484.8959655761719
v -8.9814453125 12.726322174072266 537.9493408203125
v -9.92984676361084 14.304777145385742 552.1337280273438
v -9.921399116516113 13.511652946472168 558.6839599609375
v -9.987495422363281 14.812193870544434 547.1375122070312
v -9.163946151733398 14.311101913452148 561.2255249023438
v -8.918371200561523 15.404082298278809 534.2723999023438
v -10.196714401245117 16.532743453979492 542.5547485351562
v -9.942497253417969 16.079599380493164 538.4431762695312
v -9.882580757141113 18.584596633911133 441.70159912109375
v -9.729991912841797 19.938941955566406 484.4602966308594
v -9.81594181060791 19.131864547729492 488.8638916015625
v -9.734508514404297 19.17514991760254 435.246826171875
v -9.731912612915039 19.122968673706055 437.7996826171875
v -9.786667823791504 19.885574340820312 425.5252990722656
v -10.221022605895996 20.337875366210938 490.4073791503906
v -10.042558670043945 18.48150062561035 494.2996826171875
v -10.084495544433594 20.608169555664062 498.7533874511719
v -9.851943969726562 20.133914947509766 489.2087097167969
v -9.751936912536621 22.57931137084961 457.70880126953125
v -10.040112495422363 23.730714797973633 464.2973937988281
v -9.118963241577148 25.101743698120117 420.7711181640625
v -9.690815925598145 24.579620361328125 448.5038757324219
v -9.454815864562988 24.50444221496582 466.88995361328125
v -9.779587745666504 24.531200408935547 474.2210998535156
v -9.976104736328125 25.353267669677734 491.5077209472656
v -9.648606300354004 27.77031898498535 484.8252868652344
v -9.889899253845215 30.03828239440918 465.8007507324219
v -8.921117782592773 33.908775329589844 426.18341064453125
v -8.698747634887695 33.14518356323242 415.18829345703125
v -9.480982780456543 35.81273651123047 413.2222595214844
v -8.164335250854492 39.74987030029297 412.7812194824219
v -8.803019523620605 45.262840270996094 427.6237487792969
v -8.885632514953613 11.394157409667969 535.6944580078125
v -8.454030990600586 12.32818603515625 533.1177368164062
v -9.274991989135742 13.844267845153809 538.8964233398438
v -9.779823303222656 15.145730018615723 540.2909545898438
v -10.104479789733887 15.499917030334473 543.5606079101562
v -8.74233341217041 15.735016822814941 535.4777221679688
v -9.255082130432129 17.85867691040039 485.67919921875
v -9.216105461120605 16.84522819519043 490.2158508300781
v -9.658323287963867 17.099794387817383 545.6156005859375
v -10.42050838470459 18.408649444580078 501.16693115234375
v -10.075958251953125 17.606897354125977 503.7555236816406
v -9.78547191619873 17.080739974975586 500.6813659667969
v -9.805462837219238 18.05962371826172 497.86859130859375
v -9.386724472045898 18.25806427001953 548.8890991210938
v -10.123523712158203 19.42371940612793 502.1063232421875
v -9.669076919555664 19.815689086914062 433.62847900390625
v -9.589366912841797 19.901826858520508 428.0872802734375
v -8.14805793762207 20.649194717407227 420.7197265625
v -9.152580261230469 20.803293228149414 453.7041015625
v -8.89831829071045 21.32238006591797 419.9563903808594
v -9.473047256469727 21.79562759399414 482.1612243652344
v -9.166723251342773 21.442834854125977 499.3760986328125
v -9.44337272644043 21.94792366027832 438.3666687011719
v -9.704268455505371 21.60597801208496 434.59466552734375
v -9.675975799560547 23.346752166748047 495.70318603515625
v -9.718878746032715 22.866661071777344 430.7968444824219
v -9.396808624267578 23.23919677734375 444.1917724609375
v -8.952917098999023 23.583606719970703 463.87408447265625
v -9.145548820495605 24.616655349731445 493.65814208984375
v -8.44147777557373 24.6575870513916 424.4871826171875
v -9.450072288513184 25.569528579711914 451.39556884765625
v -9.478151321411133 27.668376922607422 456.4241943359375
v -9.729345321655273 27.45423698425293 550.9671630859375
v -9.325335502624512 28.826683044433594 550.6907958984375
v -10.335234642028809 29.863143920898438 552.527587890625
v -9.498479843139648 31.71426773071289 551.3827514648438
v -10.009946823120117 32.97566604614258 552.6234130859375
v -9.972391128540039 30.305015563964844 553.4763793945312
v -8.858720779418945 32.836181640625 419.4322814941406
v -9.244996070861816 42.48218536376953 416.9830322265625
v -9.819645881652832 42.92060089111328 434.1372985839844
v -8.762715339660645 41.33739471435547 434.6138000488281
v -9.506011009216309 44.39487838745117 433.7610778808594
v -8.18935489654541 43.819515228271484 419.8325500488281
v -8.886212348937988 45.161319732666016 433.2575988769531
v -8.71086597442627 45.43208312988281 425.1756591796875
v -8.658306121826172 11.95357894897461 536.9843139648438
v -6.155263900756836 14.092259407043457 531.2324829101562
v -8.99649715423584 12.890783309936523 558.5752563476562
v -8.857834815979004 14.790722846984863 552.1864013671875
v -9.380427360534668 15.118834495544434 538.7720947265625
v -8.579048156738281 15.85798168182373 561.6311645507812
v -9.322074890136719 16.366628646850586 503.8964538574219
v -9.540268898010254 17.292858123779297 506.5659484863281
v -9.582071304321289 18.26995086669922 506.41131591796875
v -8.229913711547852 17.209150314331055 558.4581909179688
v -9.026182174682617 18.93546485900879 488.7060241699219
v -9.189040184020996 19.224727630615234 445.85443115234375
v -9.086922645568848 19.40401840209961 505.67437744140625
v -9.212367057800293 18.470701217651367 552.225830078125
v -9.083161354064941 19.532365798950195 440.4083251953125
v -8.876054763793945 17.969270706176758 493.96600341796875
v -8.603104591369629 19.717681884765625 489.4945983886719
v -9.386665344238281 21.560388565063477 431.17437744140625
v -6.910277843475342 22.31792640686035 416.8471984863281
v -9.280234336853027 25.044605255126953 469.8529357910156
v -8.755361557006836 26.054019927978516 491.4105224609375
v -9.306729316711426 25.984127044677734 550.7717895507812
v -9.206753730773926 27.948585510253906 553.1343383789062
v -9.06633186340332 26.468881607055664 549.377197265625
v -8.869366645812988 29.04756736755371 462.9773864746094
v -9.043880462646484 29.847129821777344 465.7207946777344
v -8.777097702026367 30.469053268432617 474.7679443359375
v -9.686100006103516 33.581321716308594 553.3831787109375
v -9.182025909423828 31.12030792236328 554.10205078125
v -9.620281219482422 33.404945373535156 551.7088623046875
v -8.379121780395508 32.620994567871094 416.99102783203125
v -9.198474884033203 34.04402542114258 414.49462890625
v -9.048493385314941 35.86858367919922 551.4227294921875
v -8.706682205200195 35.30710220336914 428.47052001953125
v -9.028107643127441 39.76041793823242 431.4137268066406
v -8.007735252380371 45.5817985534668 432.246826171875
v -8.167882919311523 12.838835716247559 560.86669921875
v -8.72718620300293 15.588311195373535 488.1781921386719
v -8.669084548950195 15.530009269714355 489.276123046875
v -8.14181900024414 15.590890884399414 552.5640258789062
v -8.0786771774292 15.029366493225098 537.0504150390625
v -8.456890106201172 17.635196685791016 486.5316467285156
v -8.689454078674316 17.0804386138916 549.012939453125
v -8.367781639099121 16.25291633605957 500.9078674316406
v -7.689074993133545 16.99345588684082 560.7582397460938
v -8.534067153930664 17.292766571044922 497.5072937011719
v -8.872215270996094 16.629138946533203 511.467041015625
v -9.245983123779297 17.672109603881836 511.7441711425781
v -8.642597198486328 19.50348472595215 515.3819580078125
v -8.470015525817871 19.86733627319336 445.7784729003906
v -8.671087265014648 19.573986053466797 511.6736755371094
v -8.568805694580078 20.413389205932617 451.2476501464844
v -9.142327308654785 20.445104598999023 438.2965393066406
v -8.500624656677246 21.05836296081543 426.223388671875
v -8.836992263793945 21.592971801757812 441.1884460449219
v -8.216144561767578 22.378337860107422 426.41265869140625
v -8.742976188659668 22.48496437072754 457.9084777832031
v -8.185653686523438 22.0699405670166 482.04937744140625
v -7.119831085205078 23.901817321777344 417.0027770996094
v -8.508975982666016 24.732051849365234 475.07568359375
v -7.6911940574646 25.11821746826172 451.97113037109375
v -8.428417205810547 25.33392333984375 472.7477722167969
v -6.695533752441406 25.878522872924805 419.70458984375
v -8.344857215881348 26.668167114257812 488.9532165527344
v -8.19328498840332 27.973405838012695 457.78826904296875
v -8.619678497314453 29.63186264038086 480.6988525390625
v -8.799185752868652 34.058990478515625 551.0948486328125
v -7.809240818023682 32.740657806396484 420.892333984375
v -8.472183227539062 34.18454360961914 554.01806640625
v -8.09213924407959 32.35354995727539 411.6389465332031
v -8.018885612487793 33.26460647583008 410.9429626464844
v -8.548359870910645 37.49869155883789 551.9398803710938
v -8.095200538635254 39.109588623046875 430.7921142578125
v -8.414599418640137 40.21650695800781 431.93292236328125
v -9.337323188781738 43.08650588989258 434.84552001953125
v -8.598515510559082 41.226932525634766 436.0024108886719
v -7.9100422859191895 43.052001953125 417.44189453125
v -8.302000999450684 44.983280181884766 434.3936767578125
v -7.6142964363098145 12.586774826049805 559.1409301757812
v -8.449125289916992 13.303564071655273 556.453857421875
v -7.778216361999512 15.651726722717285 534.0677490234375
v -8.057110786437988 15.796725273132324 511.22613525390625
v -8.137208938598633 15.669534683227539 504.4225769042969
v -7.718785762786865 16.317731857299805 553.7705078125
v -8.565329551696777 18.19859504699707 516.0560913085938
v -8.407310485839844 18.368379592895508 488.27581787109375
v -8.06175708770752 17.37336540222168 553.8424682617188
v -7.895318984985352 17.268545150756836 556.7887573242188
v -7.57165002822876 20.504806518554688 421.8470458984375
v -7.855349063873291 20.272567749023438 484.4468994140625
v -8.034998893737793 20.80412483215332 502.1898193359375
v -8.188431739807129 20.0379581451416 504.9207763671875
v -7.924747467041016 21.397735595703125 446.0487060546875
v -8.085258483886719 22.229751586914062 445.8820495605469
v -8.101741790771484 23.760507583618164 448.92425537109375
v -8.338272094726562 24.4948673248291 494.3947448730469
v -8.439115524291992 23.668659210205078 426.0926208496094
v -7.201183319091797 25.18012237548828 418.27130126953125
v -8.187356948852539 25.801334381103516 469.64764404296875
v -7.977363109588623 24.486371994018555 549.6880493164062
v -8.104803085327148 24.588083267211914 547.5792846679688
v -8.342994689941406 25.62407875061035 551.2736206054688
v -8.201990127563477 25.58963394165039 547.5360717773438
v -8.077181816101074 26.47743034362793 548.408447265625
v -8.016386032104492 27.076391220092773 455.0994567871094
v -8.295038223266602 27.903120040893555 553.2113647460938
v -8.323357582092285 27.635099411010742 484.8306884765625
v -8.309041976928711 29.319313049316406 550.7437133789062
v -8.367790222167969 31.078760147094727 554.1575317382812
v -8.324122428894043 29.67940902709961 470.2616271972656
v -7.971594333648682 30.373214721679688 551.209228515625
v -8.152276039123535 31.88166618347168 412.8089904785156
v -8.109606742858887 35.425785064697266 410.89654541015625
v -7.5384979248046875 39.1805419921875 552.3783569335938
v -7.947610855102539 36.7054328918457 429.4479675292969
v -7.946779727935791 38.88188171386719 550.6809692382812
v -6.2546772956848145 41.10231018066406 413.1684265136719
v -8.825176239013672 43.18293762207031 437.18023681640625
v -8.641402244567871 44.74409866333008 435.423583984375
v -8.09747314453125 44.69010543823242 422.6494445800781
v -6.987020492553711 11.647941589355469 533.6033325195312
v -6.545498371124268 11.845739364624023 535.4932861328125
v -7.228292465209961 13.806885719299316 536.9371337890625
v -7.340856552124023 14.205972671508789 562.8912963867188
v -7.424126148223877 14.255392074584961 555.9722290039062
v -8.189845085144043 18.0698299407959 487.5956115722656
v -7.5731658935546875 16.813600540161133 516.0432739257812
v -7.442115306854248 17.872953414916992 494.1898498535156
v -6.898873805999756 20.176706314086914 487.8197937011719
v -7.522348403930664 20.29659652709961 518.5321655273438
v -7.402777194976807 19.510189056396484 518.798095703125
v -7.821376323699951 20.119644165039062 510.8228454589844
v -7.63622522354126 20.924955368041992 517.1616821289062
v -6.522672653198242 21.23467445373535 422.7647399902344
v -8.021602630615234 20.794097900390625 449.7595520019531
v -5.853954315185547 20.38594627380371 417.72576904296875
v -7.551100730895996 21.571596145629883 453.7824401855469
v -7.316514015197754 22.261154174804688 498.3424072265625
v -7.785645484924316 22.77365493774414 458.1341247558594
v -7.82905387878418 23.584213256835938 462.3095703125
v -7.20411491394043 22.748245239257812 481.89520263671875
v -7.712153434753418 25.600906372070312 466.954345703125
v -7.538399696350098 26.06072998046875 491.67333984375
v -7.540955543518066 28.300525665283203 462.0765075683594
v -7.8778977394104 27.709636688232422 549.5531005859375
v -8.007669448852539 29.208545684814453 465.6236877441406
v -7.821039199829102 29.684755325317383 474.69744873046875
v -7.618788242340088 29.117931365966797 480.40509033203125
v -7.347538471221924 30.493867874145508 413.3359680175781
v -7.852137565612793 33.488277435302734 551.0936279296875
v -7.067698001861572 32.30229568481445 416.7799377441406
v -6.361475944519043 33.071632385253906 421.5388488769531
v -7.862186431884766 37.51508331298828 550.2772216796875
v -7.53312349319458 40.058448791503906 550.96484375
v -7.363610744476318 40.52511215209961 433.86395263671875
v -7.634276866912842 40.40119934082031 435.05120849609375
v -7.8381195068359375 45.1730842590332 436.8263854980469
v -6.817786693572998 43.9506721496582 423.9203186035156
v -7.585270404815674 44.69057846069336 427.0808410644531
v -6.513732433319092 12.837128639221191 562.1937255859375
v -6.778229713439941 13.307185173034668 557.9896240234375
v -6.0682477951049805 14.973479270935059 531.043212890625
v -6.904355525970459 15.350552558898926 531.96240234375
v -6.708866596221924 15.036174774169922 556.7978515625
v -7.221475124359131 16.21084213256836 562.538818359375
v -6.987339973449707 15.439786911010742 509.87835693359375
v -7.213604927062988 15.191882133483887 536.0833740234375
v -7.104939937591553 17.38252830505371 497.2006530761719
v -6.656662940979004 16.067848205566406 557.4270629882812
v -7.0790839195251465 17.769317626953125 518.0232543945312
v -7.008552074432373 19.81656837463379 486.47674560546875
v -6.834765911102295 19.487844467163086 490.3751220703125
v -7.161882400512695 20.065147399902344 504.5804443359375
v -7.57337760925293 22.037710189819336 449.087158203125
v -7.219727039337158 23.979877471923828 424.1216125488281
v -6.8798394203186035 22.558385848999023 424.20538330078125
v -7.121726036071777 24.594263076782227 493.9715576171875
v -7.241121768951416 23.846420288085938 547.146728515625
v -7.235671520233154 24.427602767944336 545.5265502929688
v -7.208946704864502 25.108306884765625 550.6665649414062
v -7.231668472290039 25.973936080932617 475.8124084472656
v -7.650036334991455 26.351715087890625 472.7568359375
v -7.638035297393799 26.777151107788086 469.579345703125
v -7.373232364654541 26.61362648010254 551.7406616210938
v -7.332818984985352 26.527589797973633 547.8629760742188
v -7.467772483825684 28.49049186706543 552.9121704101562
v -6.967661380767822 26.976789474487305 484.51953125
v -7.221202850341797 28.071632385253906 465.22296142578125
v -7.319970607757568 28.998750686645508 551.250244140625
v -7.6876044273376465 28.644075393676758 469.2681579589844
v -7.491706848144531 28.856483459472656 473.1340026855469
v -7.098870277404785 28.565141677856445 477.3730773925781
v -7.403413772583008 30.184261322021484 553.0732421875
v -7.35620641708374 31.82142448425293 553.7568969726562
v -6.227360725402832 32.147377014160156 418.105224609375
v -7.3073554039001465 33.60657501220703 553.7610473632812
v -6.345030784606934 33.867469787597656 423.768798828125
v -7.073024272918701 33.896793365478516 409.7458190917969
v -6.715121746063232 34.81821823120117 425.8996276855469
v -7.003459453582764 38.33650588989258 549.7630615234375
v -7.321776866912842 36.63990783691406 553.291259765625
v -6.700873851776123 35.91946029663086 427.3908386230469
v -6.8732380867004395 36.757286071777344 410.1549987792969
v -6.418067932128906 38.80076599121094 411.0035400390625
v -6.845038890838623 41.56716537475586 440.052490234375
v -6.995343208312988 42.617252349853516 440.4662170410156
v -6.659994602203369 44.016483306884766 440.8111877441406
v -6.689952850341797 43.929962158203125 426.71209716796875
v -6.929073810577393 44.290061950683594 425.567138671875
v -7.355107307434082 45.64234161376953 435.03131103515625
v -5.8682684898376465 12.457590103149414 532.1729736328125
v -6.959412097930908 15.619161605834961 505.06231689453125
v -5.574726104736328 15.826517105102539 534.9175415039062
v -7.034541130065918 16.369375228881836 501.7198791503906
v -6.864678859710693 16.705434799194336 558.2383422851562
v -5.223336219787598 17.08000946044922 561.0919189453125
v -6.661117076873779 20.940902709960938 485.02484130859375
v -6.917240619659424 20.227231979370117 509.8466796875
v -7.026051044464111 21.424549102783203 516.725341796875
v -6.6269731521606445 22.9153995513916 454.80792236328125
v -6.957306385040283 24.222814559936523 461.8374328613281
v -7.3036346435546875 23.18290901184082 535.7246704101562
v -7.519110679626465 24.858089447021484 533.1072998046875
v -7.458436012268066 24.120450973510742 536.308837890625
v -6.530056953430176 23.791156768798828 547.4619140625
v -6.913840293884277 24.510473251342773 479.09027099609375
v -7.072790622711182 25.062990188598633 535.4297485351562
v -5.873400688171387 25.591249465942383 421.26788330078125
v -7.281233310699463 25.92186164855957 532.9337768554688
v -6.795905590057373 26.6981258392334 456.326171875
v -6.410437107086182 26.049774169921875 489.9278564453125
v -7.482976913452148 27.731172561645508 469.0525817871094
v -7.346141815185547 27.687498092651367 472.2357482910156
v -6.839831352233887 27.136728286743164 476.6219787597656
v -6.89701509475708 27.281757354736328 550.0122680664062
v -6.762965202331543 28.2398738861084 479.7106628417969
v -7.335581302642822 30.39347267150879 551.9974975585938
v -6.795541763305664 30.501188278198242 411.1407470703125
v -6.702833652496338 30.61830711364746 415.2933654785156
v -5.901758193969727 30.988157272338867 409.8041076660156
v -7.134228229522705 33.357486724853516 551.5681762695312
v -6.2871413230896 37.388893127441406 550.1298828125
v -6.196889400482178 37.85930252075195 428.48956298828125
v -6.615206241607666 39.003753662109375 429.4858093261719
v -6.1841721534729 41.29185104370117 549.4691772460938
v -7.078980922698975 40.401084899902344 431.3828125
v -6.066903114318848 40.25364303588867 438.3069763183594
v -6.071169376373291 43.327720642089844 418.76348876953125
v -6.033184051513672 43.6063346862793 423.5553283691406
v -6.298759937286377 45.2769660949707 433.3027038574219
v -5.03196907043457 12.524867057800293 561.476806640625
v -4.928415775299072 13.066507339477539 535.4401245117188
v -5.336268424987793 13.604569435119629 563.5480346679688
v -4.696376323699951 14.959571838378906 564.1885986328125
v -6.1133856773376465 16.511232376098633 531.661865234375
v -6.336545944213867 15.810357093811035 512.8226928710938
v -6.215541839599609 16.61517333984375 516.5847778320312
v -5.971124649047852 16.7169132232666 533.0899658203125
v -6.165186882019043 16.17803382873535 534.3638916015625
v -6.524677753448486 19.16375732421875 519.7150268554688
v -6.456419944763184 20.363574981689453 420.7923889160156
v -6.4907145500183105 20.32628059387207 501.71148681640625
v -6.492472171783447 21.06097412109375 514.5877685546875
v -5.671246528625488 21.326244354248047 415.84478759765625
v -6.21386194229126 24.2758731842041 455.5066223144531
v -5.971835136413574 23.18425178527832 423.24310302734375
v -6.273118019104004 25.376115798950195 455.5681457519531
v -6.405045032501221 24.219709396362305 532.4054565429688
v -6.200221538543701 23.095989227294922 534.3546752929688
v -6.708962917327881 24.16343116760254 537.83251953125
v -6.302972316741943 23.55575942993164 540.5079345703125
v -6.6226654052734375 23.856613159179688 545.476806640625
v -6.1383867263793945 24.278032302856445 548.4972534179688
v -5.2856221199035645 24.75387954711914 422.12744140625
v -6.3031697273254395 24.4947452545166 542.5178833007812
v -6.478762149810791 25.14190101623535 461.84234619140625
v -6.146811485290527 25.391706466674805 492.043212890625
v -6.42606258392334 26.140819549560547 531.3263549804688
v -6.389654636383057 25.490509033203125 543.9872436523438
v -6.33596134185791 25.873022079467773 479.2142639160156
v -6.952672958374023 26.363035202026367 413.5525817871094
v -7.05069637298584 27.25880241394043 415.2862548828125
v -6.495542526245117 24.667497634887695 415.9875183105469
v -6.390002250671387 26.01865005493164 462.11749267578125
v -6.246689796447754 27.02727699279785 533.0597534179688
v -5.910984516143799 25.042879104614258 549.1829223632812
v -7.151037693023682 29.1155948638916 414.1539001464844
v -6.5529255867004395 27.002073287963867 460.919677734375
v -6.818319320678711 26.970653533935547 550.9140014648438
v -6.332221508026123 26.007854461669922 411.9853515625
v -6.490704536437988 28.33141326904297 416.7181701660156
v -6.910706996917725 32.34525680541992 552.7040405273438
v -5.805698394775391 31.40387535095215 416.66552734375
v -6.599918365478516 34.30080795288086 552.8290405273438
v -6.376669883728027 37.0211296081543 552.9673461914062
v -6.126705169677734 34.61941909790039 409.1791687011719
v -6.671218395233154 38.3162727355957 552.993896484375
v -5.141132354736328 42.030399322509766 551.8496704101562
v -6.3537211418151855 40.85472869873047 430.7900085449219
v -6.499571800231934 40.24477767944336 434.6828918457031
v -4.521805286407471 40.367881774902344 442.1806335449219
v -6.225099563598633 41.855812072753906 550.7054443359375
v -4.659832954406738 41.56337356567383 413.964599609375
v -5.965544700622559 43.41592025756836 421.2423095703125
v -6.363819599151611 45.71267318725586 434.6487121582031
v -6.15854024887085 10.328596115112305 364.6583557128906
v -6.49265718460083 11.24325180053711 366.6831359863281
v -6.224350929260254 7.715175628662109 366.5367431640625
v -6.367650508880615 8.848349571228027 369.20782470703125
v -6.335170269012451 12.007195472717285 368.8142395019531
v -5.359306335449219 11.920766830444336 534.0315551757812
v -3.891808271408081 14.765959739685059 529.9284057617188
v -4.7813873291015625 13.058631896972656 560.103515625
v -5.123220920562744 14.179710388183594 558.97705078125
v -5.441939353942871 15.125065803527832 535.5194702148438
v -4.68963623046875 15.97382926940918 563.849609375
v -5.624392032623291 16.443012237548828 505.1457824707031
v -6.251481533050537 16.868276596069336 502.171142578125
v -5.337187767028809 16.89082908630371 562.5247192382812
v -6.036933422088623 18.726816177368164 494.0611267089844
v -6.046116352081299 19.442852020263672 504.0043640136719
v -5.921347141265869 19.980697631835938 509.7978210449219
v -5.933192729949951 21.171485900878906 520.6980590820312
v -3.6735870838165283 19.37931251525879 417.4229431152344
v -5.534815788269043 21.008878707885742 421.93743896484375
v -5.848919868469238 22.371538162231445 485.09661865234375
v -5.489749908447266 20.880443572998047 514.6132202148438
v -5.175204277038574 22.466604232788086 517.4762573242188
v -5.969863414764404 22.12079429626465 519.90478515625
v -6.080905914306641 22.823442459106445 495.83331298828125
v -5.188221454620361 23.044143676757812 519.6685791015625
v -5.905128479003906 22.57783317565918 539.5986328125
v -6.002073287963867 22.360734939575195 537.1526489257812
v -5.9657063484191895 22.901988983154297 414.9702453613281
v -6.133549690246582 24.65985107421875 482.3038024902344
v -6.276026725769043 24.000356674194336 540.5565795898438
v -5.963260173797607 23.567562103271484 542.6826171875
v -4.93353796005249 23.617265701293945 422.5841064453125
v -5.386444091796875 24.581090927124023 538.31103515625
v -6.072470188140869 25.23855209350586 535.529296875
v -6.170240879058838 26.31964111328125 417.62640380859375
v -5.166530132293701 27.070579528808594 418.8525695800781
v -6.233098983764648 26.195018768310547 546.06640625
v -6.179489612579346 25.94472312927246 486.2408142089844
v -6.23271369934082 26.044639587402344 482.8851318359375
v -6.408209800720215 27.201749801635742 479.2585144042969
v -6.101198673248291 27.506731033325195 531.6082153320312
v -5.840476036071777 36.3815803527832 551.8689575195312
v -5.562428951263428 37.12897872924805 550.9371337890625
v -5.972200870513916 37.13386917114258 427.2398681640625
v -4.986963272094727 39.70050048828125 548.973388671875
v -3.5001397132873535 39.9005012512207 440.1468811035156
v -5.768416404724121 41.1002082824707 433.1442565917969
v -6.165278911590576 43.987464904785156 429.5634460449219
v -5.28641939163208 44.3599967956543 432.9318542480469
v -5.775231838226318 45.311153411865234 440.456787109375
v -4.597175121307373 45.96947479248047 439.8505859375
v -5.39910364151001 5.516972064971924 368.3927001953125
v -5.574437618255615 7.938002109527588 363.7331237792969
v -5.90423583984375 10.610527038574219 371.2271728515625
v -5.555655479431152 7.543612957000732 371.1860046386719
v -5.8749470710754395 13.178028106689453 365.25830078125
v -5.599681377410889 12.903396606445312 371.0042724609375
v -5.013838768005371 12.255308151245117 532.8033447265625
v -5.813796520233154 14.109875679016113 367.33013916015625
v -4.591456413269043 14.401618957519531 535.396484375
v -5.1581830978393555 15.460492134094238 368.390380859375
v -5.4202117919921875 15.30905532836914 558.5303344726562
v -5.380616188049316 16.018001556396484 510.5809631347656
v -4.8544793128967285 16.557048797607422 560.0753173828125
v -5.661333084106445 18.19635009765625 499.9852294921875
v -5.764664173126221 17.728775024414062 502.7972717285156
v -5.076905250549316 18.523386001586914 520.05859375
v -5.051079750061035 19.761484146118164 521.0204467773438
v -5.710359573364258 18.985960006713867 501.55792236328125
v -5.705236434936523 18.817829132080078 503.8328857421875
v -5.539491653442383 21.48712730407715 496.83428955078125
v -5.183346748352051 21.247278213500977 488.7972717285156
v -5.13844108581543 21.989402770996094 422.4827880859375
v -5.169554233551025 22.93228530883789 541.2178344726562
v -5.441361427307129 23.76840591430664 485.513916015625
v -5.215306282043457 21.590097427368164 414.2411804199219
v -5.17066764831543 23.66609764099121 544.1624145507812
v -5.782536029815674 24.71158790588379 540.7373657226562
v -5.136813163757324 24.92693519592285 489.739013671875
v -4.968238353729248 25.948060989379883 530.2810668945312
v -5.526569843292236 25.6435546875 543.823486328125
v -5.01336669921875 27.011619567871094 529.9617309570312
v -5.941311359405518 26.700870513916016 533.6123046875
v -5.794194221496582 25.916950225830078 547.824951171875
v -4.997063636779785 25.853811264038086 410.4639892578125
v -5.446188926696777 29.985536575317383 417.31085205078125
v -4.932797908782959 32.78268051147461 408.77935791015625
v -4.6634602546691895 35.07086181640625 423.7142333984375
v -4.946444988250732 35.14661407470703 408.87347412109375
v -5.288432598114014 37.235450744628906 426.6823425292969
v -5.292724609375 40.358001708984375 552.4249267578125
v -5.5805487632751465 40.25578689575195 428.0934753417969
v -4.93627405166626 40.75522232055664 548.6963500976562
v -5.750555038452148 42.03583908081055 430.377685546875
v -5.436544895172119 40.50904846191406 434.2447814941406
v -5.091519355773926 42.727027893066406 443.70965576171875
v -5.2871222496032715 41.968284606933594 424.946044921875
v -5.508130073547363 41.76231002807617 427.2519226074219
v -5.768521308898926 43.121246337890625 430.03985595703125
v -4.731328010559082 44.257450103759766 443.4623107910156
v -4.893424034118652 45.034385681152344 433.9736022949219
v -4.127630233764648 45.94664001464844 438.4245300292969
v -5.285695552825928 5.322598934173584 366.7183837890625
v -5.421685218811035 6.21463680267334 364.9176330566406
v -5.316513538360596 9.91732120513916 362.6063537597656
v -5.355220317840576 13.145041465759277 363.64349365234375
v -4.870813846588135 16.99777603149414 516.4480590820312
v -4.791038990020752 17.933223724365234 529.1467895507812
v -4.064669609069824 18.15691566467285 532.663818359375
v -5.163477897644043 18.103240966796875 505.33258056640625
v -4.537275314331055 19.560834884643555 530.2227172851562
v -5.026449203491211 18.205947875976562 531.714599609375
v -5.194416046142578 19.992816925048828 493.8848876953125
v -5.304041385650635 19.990922927856445 497.8220520019531
v -4.880946636199951 19.221073150634766 510.58502197265625
v -4.961597919464111 24.178293228149414 491.64288330078125
v -5.211056232452393 22.498167037963867 537.4682006835938
v -5.350228309631348 23.375144958496094 535.1846313476562
v -5.232436180114746 24.286048889160156 533.1694946289062
v -4.455380439758301 25.01938819885254 531.8232421875
v -5.339349269866943 24.818958282470703 546.5042724609375
v -5.408774375915527 24.842334747314453 535.5203247070312
v -5.182692050933838 25.030019760131836 540.9161987304688
v -5.361024379730225 25.90004539489746 534.1170043945312
v -5.037528991699219 25.38585090637207 544.7544555664062
v -4.609277725219727 28.402971267700195 530.4005737304688
v -4.523022651672363 30.777265548706055 417.5760498046875
v -4.453550815582275 32.43437194824219 418.27099609375
v -4.342743873596191 34.178932189941406 421.7815246582031
v -4.726468086242676 37.996337890625 410.10845947265625
v -4.789152145385742 38.815372467041016 552.079345703125
v -5.25285005569458 38.43431854248047 426.5936584472656
v -4.7234368324279785 38.96213912963867 549.6976318359375
v -4.6389007568359375 40.085853576660156 411.82763671875
v -4.766355991363525 40.27378845214844 436.4022521972656
v -4.557769775390625 41.39154815673828 433.86773681640625
v -4.721107006072998 41.147300720214844 443.413818359375
v -4.055349826812744 42.02695083618164 548.6520385742188
v -4.963754653930664 42.3659782409668 432.8331604003906
v -4.88497257232666 42.650840759277344 549.6455688476562
v -4.8686089515686035 42.7983512878418 550.9155883789062
v -5.080482006072998 42.38582992553711 424.4445495605469
v -4.447570323944092 42.238861083984375 422.0143127441406
v -3.1881263256073 45.079345703125 444.37335205078125
v -4.506305694580078 4.441597938537598 369.70623779296875
v -3.6632301807403564 8.969127655029297 375.29443359375
v -3.818269968032837 7.2501678466796875 374.5194091796875
v -4.471356391906738 11.57569408416748 373.8741455078125
v -4.613041877746582 11.644247055053711 361.6523132324219
v -4.02788782119751 12.772979736328125 533.783447265625
v -2.867649793624878 12.589305877685547 562.72216796875
v -4.343664169311523 15.16542911529541 371.7341613769531
v -4.661231994628906 15.926512718200684 365.5227355957031
v -4.3101372718811035 16.273378372192383 369.8381652832031
v -3.672762155532837 16.924936294555664 528.5188598632812
v -4.467229843139648 15.463892936706543 559.3779907226562
v -4.7364349365234375 17.06986427307129 509.6789245605469
v -4.168664455413818 18.416257858276367 513.6734008789062
v -2.942664623260498 19.363088607788086 418.8070068359375
v -4.309548854827881 20.0572509765625 514.7406005859375
v -4.762428283691406 21.377988815307617 490.80108642578125
v -4.196888446807861 20.511423110961914 413.5867919921875
v -4.3693528175354 19.86997413635254 416.0233154296875
v -4.827358245849609 21.7611083984375 493.22039794921875
v -4.114098072052002 21.788503646850586 522.1141357421875
v -4.551725387573242 23.305498123168945 489.2993469238281
v -3.270153284072876 24.215970993041992 519.7131958007812
v -4.689504146575928 23.22659683227539 537.4154052734375
v -4.528310298919678 23.007326126098633 539.5729370117188
v -5.081845283508301 24.20454216003418 535.7229614257812
v -4.9372663497924805 24.946231842041016 533.9219970703125
v -4.337759971618652 25.545766830444336 530.6425170898438
v -4.549041271209717 25.074342727661133 542.3001708984375
v -3.8590900897979736 27.487598419189453 419.8360595703125
v -4.148595333099365 27.919944763183594 532.6640625
v -3.223789930343628 32.513671875 417.6578063964844
v -4.435611724853516 39.209068298339844 425.77593994140625
v -4.930461406707764 40.20882797241211 425.66455078125
v -3.4910411834716797 40.69748306274414 552.0689086914062
v -4.473077774047852 42.371498107910156 416.9839782714844
v -4.211416244506836 42.490509033203125 419.56610107421875
v -4.370129108428955 45.03388214111328 435.172607421875
v -3.0469062328338623 45.484954833984375 437.9223937988281
v -3.821782112121582 3.175968885421753 367.6002197265625
v -3.735138416290283 3.5833661556243896 364.8187255859375
v -3.8046281337738037 4.932448863983154 372.67303466796875
v -3.923785924911499 5.2223219871521 362.7261047363281
v -4.007081508636475 7.310027122497559 361.3377685546875
v -3.5136420726776123 9.104405403137207 360.2109375
v -4.186429977416992 14.417893409729004 362.396484375
v -3.3910951614379883 14.453302383422852 374.21759033203125
v -2.4673399925231934 12.614829063415527 561.7506713867188
v -4.24470853805542 17.571170806884766 514.8972778320312
v -3.0368738174438477 17.139591217041016 561.267578125
v -4.0101318359375 18.232397079467773 519.3095092773438
v -2.2369418144226074 19.866252899169922 420.15863037109375
v -3.488875389099121 21.516803741455078 516.8485107421875
v -3.7350826263427734 22.144790649414062 517.1299438476562
v -4.500396728515625 23.124553680419922 491.01678466796875
v -2.3821656703948975 24.425344467163086 522.8305053710938
v -4.357101917266846 23.607765197753906 542.1249389648438
v -4.22366189956665 24.39876365661621 540.665771484375
v -4.414209842681885 24.47712516784668 543.4693603515625
v -3.9228906631469727 25.59853172302246 532.5230102539062
v -3.849125862121582 25.620222091674805 421.82080078125
v -3.4898505210876465 27.226346969604492 532.7283325195312
v -3.797231912612915 28.913021087646484 531.5094604492188
v -3.3804996013641357 26.074947357177734 409.56549072265625
v -3.996870517730713 31.494691848754883 408.91705322265625
v -2.9869883060455322 33.06208801269531 418.3355712890625
v -3.7800395488739014 39.24238586425781 550.5
v -3.7539255619049072 39.55174255371094 551.4813232421875
v -4.3673319816589355 40.61174392700195 425.1101379394531
v -3.889010190963745 41.51424026489258 435.0313415527344
v -4.100004196166992 42.29252243041992 446.06964111328125
v -4.123415470123291 42.96704864501953 433.539794921875
v -3.035109758377075 11.765238761901855 375.93365478515625
v -3.370800495147705 11.885126113891602 360.1807556152344
v -2.7341723442077637 13.193037033081055 563.769775390625
v -3.190168857574463 14.112478256225586 530.7954711914062
v -2.9878294467926025 14.208078384399414 559.8153686523438
v -2.6347758769989014 14.42529296875 564.4413452148438
v -3.295531749725342 17.113767623901367 364.31707763671875
v -3.2360992431640625 17.021825790405273 533.58056640625
v -2.8108510971069336 16.364408493041992 560.172607421875
v -2.729086399078369 17.27030372619629 562.947998046875
v -3.346196413040161 17.792556762695312 367.9082336425781
v -3.4381234645843506 18.35264015197754 518.0794677734375
v -3.2845964431762695 19.349506378173828 520.8582763671875
v -3.4334399700164795 19.518877029418945 531.8473510742188
v -3.6719775199890137 19.40650177001953 527.3450317382812
v -4.032870769500732 20.038925170898438 528.1516723632812
v -3.553927421569824 20.929183959960938 528.9688110351562
v -1.4081894159317017 25.552734375 521.5463256835938
v -3.082301139831543 23.54741668701172 422.4617919921875
v -2.2647833824157715 28.562768936157227 529.1524047851562
v -2.831148862838745 31.629274368286133 417.5371398925781
v -3.3445794582366943 36.044559478759766 422.6372985839844
v -3.3644840717315674 35.69672393798828 409.0208435058594
v -3.2945046424865723 38.60386276245117 410.7672424316406
v -2.890014171600342 39.72439193725586 442.1967468261719
v -1.8961268663406372 40.472808837890625 439.6217041015625
v -3.3340227603912354 40.07148742675781 446.1881408691406
v -3.325737237930298 41.446041107177734 420.8309631347656
v -3.658301591873169 41.01018524169922 446.8384094238281
v -2.7082817554473877 42.48380661010742 552.0032348632812
v -2.8665363788604736 43.49101638793945 550.1235961914062
v -2.469937324523926 43.37664794921875 551.06298828125
v -2.7416908740997314 43.23533248901367 448.32916259765625
v -2.5655994415283203 4.955201625823975 361.2446594238281
v -3.056939125061035 5.205126762390137 374.2371520996094
v -2.77170991897583 14.421740531921387 360.68511962890625
v -2.721290349960327 13.948334693908691 531.7406005859375
v -2.4652953147888184 15.181824684143066 533.5289916992188
v -2.6399049758911133 15.32966423034668 559.7567749023438
v -2.676659107208252 17.59978675842285 371.2148742675781
v -3.0832314491271973 18.633878707885742 526.9859619140625
v -3.3901567459106445 18.94690704345703 516.3712768554688
v -2.0593364238739014 19.54412078857422 520.0925903320312
v -2.855773448944092 20.984739303588867 530.0711669921875
v -2.48857045173645 22.656139373779297 527.3331298828125
v -2.7801969051361084 20.668624877929688 517.1599731445312
v -2.9151864051818848 21.51561737060547 411.6644287109375
v -2.932779550552368 26.601640701293945 532.3935546875
v -3.2090911865234375 33.34107208251953 408.7045593261719
v -1.4523751735687256 36.20143127441406 419.4425964355469
v -2.7298059463500977 40.164833068847656 412.7649841308594
v -2.6237688064575195 40.307281494140625 420.8971862792969
v -2.3217058181762695 41.46954345703125 548.6448974609375
v -2.6985878944396973 41.226646423339844 415.1438903808594
v -2.029578447341919 40.80219268798828 451.0041198730469
v -2.5407533645629883 41.11796569824219 418.2311706542969
v -3.6281445026397705 43.397212982177734 434.7504577636719
v -3.029109477996826 43.046661376953125 549.21435546875
v -2.539273977279663 44.756385803222656 437.2971496582031
v -2.61647891998291 2.589021682739258 371.29339599609375
v -1.8356962203979492 7.093800067901611 359.358642578125
v -0.7669861912727356 13.781617164611816 560.302978515625
v -0.757095992565155 13.19369125366211 561.034423828125
v -2.37982439994812 14.4890718460083 532.9119873046875
v -2.5081803798675537 16.405487060546875 362.0509948730469
v -1.65471351146698 17.037755966186523 374.06439208984375
v -0.09421369433403015 17.185680389404297 563.9434204101562
v -2.392672300338745 19.819290161132812 517.8458251953125
v -0.7918080687522888 17.370464324951172 414.47076416015625
v -1.3975063562393188 17.409000396728516 416.7293395996094
v -1.3654382228851318 21.590627670288086 421.6339111328125
v -1.4845205545425415 25.35887908935547 523.1138916015625
v -1.494537591934204 22.643470764160156 410.6540832519531
v -1.6046937704086304 26.297224044799805 530.9022827148438
v -2.2028517723083496 26.650358200073242 421.1749572753906
v -2.059650182723999 27.25285530090332 529.0933227539062
v -2.1608216762542725 26.559696197509766 409.26947021484375
v -1.7715651988983154 29.52937126159668 530.1458740234375
v -2.7361347675323486 30.155630111694336 418.732421875
v -2.279421091079712 34.70465850830078 419.74884033203125
v -0.7173233032226562 37.03025436401367 418.12646484375
v -2.4740068912506104 39.00491714477539 421.6258544921875
v -0.9457263350486755 41.92546081542969 439.0773010253906
v -1.5844740867614746 43.20090103149414 437.81195068359375
v -1.8012022972106934 45.611541748046875 441.3382263183594
v -2.2296135425567627 1.8895223140716553 366.3946228027344
v -1.681325912475586 1.290266513824463 369.33538818359375
v -1.6474571228027344 3.3222787380218506 361.9876708984375
v -1.8009549379348755 3.079108953475952 373.7408752441406
v -1.580367922782898 11.23958969116211 358.6974182128906
v -1.8390264511108398 14.777472496032715 375.8473205566406
v -2.2315258979797363 16.364749908447266 528.896728515625
v -2.573908567428589 16.397075653076172 533.474853515625
v -0.4953567087650299 16.138072967529297 564.3225708007812
v -2.209240198135376 17.792722702026367 527.2254638671875
v -1.7784621715545654 18.87613868713379 365.91314697265625
v -2.2460336685180664 19.15384864807129 532.05615234375
v -0.85760897397995 21.860889434814453 523.5123291015625
v -1.5205280780792236 22.450475692749023 525.1475219726562
v -1.5838204622268677 23.64288902282715 525.9138793945312
v -1.9075490236282349 22.9212589263916 528.6273193359375
v -1.8692357540130615 23.621070861816406 523.7377319335938
v -0.3954108655452728 25.393112182617188 520.572509765625
v -1.4740676879882812 26.133316040039062 421.66058349609375
v -0.9546737670898438 26.51397132873535 529.9119873046875
v -0.9775357246398926 29.430063247680664 531.437255859375
v -1.8323417901992798 36.13179016113281 409.78338623046875
v -2.3755602836608887 39.256591796875 446.1128234863281
v -1.773563027381897 40.11707305908203 550.5955810546875
v -1.0291121006011963 45.373512268066406 444.7925109863281
v -1.7143316268920898 2.091686964035034 364.1937561035156
v -1.5072555541992188 6.329190731048584 376.7318420410156
v -1.4901365041732788 15.798226356506348 360.5404052734375
v -1.3979763984680176 18.080705642700195 363.1285705566406
v -1.3829619884490967 19.16728401184082 369.35858154296875
v -1.0640089511871338 17.86260414123535 419.0002136230469
v -0.5910395383834839 18.34317398071289 412.81512451171875
v -1.4118492603302002 20.261137008666992 525.76025390625
v -1.5839269161224365 22.731000900268555 523.8011474609375
v -0.6158440709114075 26.968280792236328 409.3756103515625
v -2.057093381881714 33.80064010620117 409.0142822265625
v -1.7956687211990356 38.486698150634766 411.6825866699219
v -1.3270450830459595 39.73569869995117 451.4707946777344
v -0.9844425916671753 40.97183609008789 549.1083374023438
v -1.3191031217575073 40.03705596923828 415.90362548828125
v -1.9288724660873413 42.252498626708984 451.08575439453125
v -0.939189076423645 3.747309684753418 375.4869689941406
v -1.6845073699951172 8.959783554077148 377.2587585449219
v -0.8090858459472656 9.519464492797852 358.248046875
v -1.328803300857544 11.951462745666504 377.49237060546875
v -0.7441413998603821 13.655714988708496 358.8033447265625
v -1.140013575553894 16.574724197387695 529.9197998046875
v -1.103534460067749 17.736129760742188 527.60205078125
v -1.4314559698104858 18.18378448486328 532.010986328125
v -1.3048263788223267 20.486997604370117 530.613525390625
v 0.23399610817432404 21.424362182617188 522.8615112304688
v -0.27809959650039673 22.753372192382812 529.3711547851562
v -0.8797751069068909 22.63443374633789 518.682373046875
v -1.0183460712432861 23.836305618286133 422.03521728515625
v -0.34168168902397156 22.96059799194336 410.4648742675781
v -0.7549269795417786 29.125566482543945 529.3108520507812
v -1.3039084672927856 30.511611938476562 418.52960205078125
v -0.46518009901046753 31.47406005859375 417.22943115234375
v -0.9292237162590027 32.29203796386719 416.7960205078125
v -1.6197595596313477 33.43259811401367 417.1458740234375
v -1.246946930885315 39.15107727050781 413.2505187988281
v -0.7856613993644714 38.92970275878906 445.091552734375
v -0.998031497001648 39.26203536987305 417.2284851074219
v -0.3974260687828064 42.4074592590332 548.762451171875
v 2.0710012912750244 43.35688781738281 549.2305908203125
v -1.246225118637085 44.29929733276367 448.4395446777344
v -0.9665391445159912 43.61275100708008 450.84930419921875
v -0.566271960735321 44.1032829284668 440.02972412109375
v 0.22451350092887878 0.050583936274051666 367.75030517578125
v -0.026601336896419525 0.812897801399231 364.9991455078125
v -0.3229701519012451 0.7260162234306335 371.359619140625
v -0.3594079613685608 2.1521475315093994 362.4700622558594
v -0.522868812084198 4.720650672912598 359.8511657714844
v -0.37067124247550964 7.001442909240723 378.9536437988281
v -0.3765123784542084 14.419363975524902 564.041748046875
v -0.18298429250717163 17.35638427734375 361.0792236328125
v 3.142176628112793 19.233219146728516 563.1739501953125
v -0.0045755477622151375 19.319171905517578 372.2476806640625
v -0.8350386619567871 20.60470962524414 519.6798706054688
v 0.15799205005168915 19.488765716552734 411.50823974609375
v -0.1781262904405594 19.33382225036621 421.2713928222656
v -0.5471628904342651 21.57323455810547 524.4876098632812
v -1.0670589208602905 24.24045181274414 526.8543701171875
v -0.3935004472732544 27.17984962463379 531.85302734375
v -0.3844439387321472 34.29568862915039 416.1218566894531
v -0.8349164128303528 34.20051574707031 409.78619384765625
v -0.42056524753570557 37.856258392333984 417.0359802246094
v 0.25148501992225647 38.50589370727539 450.7513427734375
v -0.6700869202613831 38.957298278808594 451.0895080566406
v -1.0974202156066895 41.30107879638672 452.51153564453125
v 0.08348468691110611 40.59699249267578 550.9161987304688
v 0.7572131156921387 41.46391677856445 551.6888427734375
v -0.906110942363739 44.97067642211914 440.647705078125
v -0.9234499931335449 -21.597171783447266 53.12319564819336
v -0.755890965461731 -23.933942794799805 50.68045425415039
v -0.8969298005104065 -22.14107322692871 50.08566665649414
v -0.8887984752655029 -20.733049392700195 50.484737396240234
v -0.6649373173713684 4.836881637573242 377.3445739746094
v -0.39639702439308167 9.6476411819458 379.37646484375
v -0.30087679624557495 11.32703685760498 379.3464050292969
v -0.1273401379585266 13.263162612915039 562.048828125
v 0.3749215602874756 13.817998886108398 563.1206665039062
v -0.40460431575775146 15.195305824279785 376.7824401855469
v -0.23480519652366638 18.50255584716797 529.9227294921875
v 0.35892975330352783 19.162607192993164 527.3947143554688
v 0.8839080929756165 18.09119987487793 559.780029296875
v 0.1309463232755661 18.748661041259766 562.130859375
v -0.14530427753925323 19.51849937438965 530.0114135742188
v 0.19971580803394318 19.265398025512695 363.79315185546875
v -0.05431487038731575 19.802946090698242 526.13427734375
v 0.32766473293304443 24.835472106933594 527.1954956054688
v 0.13537199795246124 26.11539649963379 522.6239013671875
v 0.3303631544113159 27.397947311401367 421.04681396484375
v 1.0493098497390747 28.543581008911133 531.8768310546875
v -0.3506266176700592 29.37118148803711 409.6200866699219
v -0.19080418348312378 35.08854675292969 410.84478759765625
v -0.5816150903701782 38.48431396484375 414.0196533203125
v -0.057905543595552444 40.659996032714844 549.572265625
v -0.18113495409488678 40.70139694213867 441.49359130859375
v -0.3314802646636963 42.78823471069336 452.5251159667969
v 0.5029270648956299 44.46762466430664 447.93572998046875
v -0.5274233222007751 -24.867366790771484 54.989925384521484
v -0.31147417426109314 -22.245174407958984 56.989044189453125
v -0.16941043734550476 -20.74636459350586 44.09977722167969
v -0.08460764586925507 -19.02882957458496 54.864776611328125
v -0.5818421244621277 -18.869430541992188 51.24087142944336
v -0.3446105718612671 -18.24484634399414 45.41652297973633
v -0.24936126172542572 -18.05278778076172 48.937259674072266
v 0.31928786635398865 0.9674742221832275 372.9797058105469
v -0.5253633856773376 3.3835673332214355 376.36846923828125
v 0.5338270664215088 6.463494300842285 358.39105224609375
v 0.6958559155464172 8.822481155395508 357.689208984375
v 0.09141620248556137 14.749903678894043 377.9951477050781
v 0.5951883792877197 16.911441802978516 419.1606140136719
v 0.6428519487380981 18.81382179260254 560.9100341796875
v 0.3327981233596802 20.156713485717773 367.21575927734375
v 1.3754478693008423 20.57408332824707 370.014892578125
v 1.6448994874954224 20.50921058654785 422.3262023925781
v 1.4156947135925293 23.033288955688477 520.5184936523438
v 0.8066518306732178 24.58573341369629 520.2352905273438
v -0.06628064066171646 25.681270599365234 525.412109375
v 1.26511549949646 24.352331161499023 410.4747314453125
v 1.8066412210464478 27.128799438476562 529.3695068359375
v 1.7452303171157837 28.206750869750977 528.8490600585938
v 0.23697377741336823 29.522390365600586 531.1383666992188
v 0.18084685504436493 29.66539764404297 530.2553100585938
v -0.2533319890499115 37.94369125366211 415.06158447265625
v 0.84772789478302 38.455108642578125 450.012451171875
v 0.4278281629085541 39.75385284423828 453.58099365234375
v -0.13463915884494781 43.05518341064453 440.1859130859375
v 0.8018969297409058 42.48035430908203 551.8318481445312
v 2.1550891399383545 43.76879119873047 550.3717041015625
v 0.42992615699768066 44.23845291137695 450.2684326171875
v 0.39051175117492676 44.760032653808594 443.9978332519531
v 0.13165093958377838 -26.96951675415039 55.27945327758789
v 0.24669548869132996 -25.73307228088379 58.79608154296875
v 0.11901973932981491 -26.027158737182617 49.97782516479492
v 0.5329515933990479 -22.89154815673828 43.49351119995117
v 0.11730492860078812 -18.918210983276367 42.79877471923828
v 0.39172831177711487 -16.416343688964844 43.64729690551758
v 0.5816227197647095 -16.518177032470703 52.18485641479492
v 0.358979731798172 -15.914700508117676 46.07686996459961
v 0.40792474150657654 1.1052861213684082 374.50982666015625
v 1.2504587173461914 3.0594725608825684 360.409423828125
v 1.1132807731628418 11.195530891418457 357.5148620605469
v 0.37100666761398315 15.019211769104004 378.8169860839844
v 0.532529354095459 15.296438217163086 359.03900146484375
v 1.2612391710281372 17.875879287719727 375.8435363769531
v 0.7611818909645081 16.14982795715332 416.4731750488281
v 0.6176912188529968 19.40342140197754 528.5538330078125
v 1.2561718225479126 18.579341888427734 361.85107421875
v 0.5773314833641052 21.892892837524414 529.4089965820312
v 1.922868013381958 22.920604705810547 422.50225830078125
v 1.2692731618881226 28.02490234375 420.2340393066406
v 0.6121282577514648 30.123188018798828 410.44775390625
v 0.3587985336780548 31.735538482666016 416.188232421875
v 0.49204394221305847 32.6075553894043 415.2396240234375
v 0.2350122630596161 35.41883850097656 414.4425048828125
v 0.511630654335022 34.73476028442383 412.4788818359375
v 0.6642026901245117 39.66498565673828 444.5403137207031
v 0.5884487628936768 41.729156494140625 453.9989013671875
v 1.1938481330871582 40.73428726196289 443.6294250488281
v 2.048713445663452 43.216304779052734 453.5621643066406
v 1.0446795225143433 43.996253967285156 443.5908203125
v 0.8115038275718689 -26.174938201904297 47.8759765625
v 0.983561635017395 -25.24193572998047 61.74348068237305
v 0.6594661474227905 -21.93268585205078 59.948463439941406
v 0.777523398399353 -21.229883193969727 41.570274353027344
v 0.9808200001716614 -18.67603302001953 40.46186447143555
v 0.7970730662345886 -16.515369415283203 41.79285430908203
v 0.8982358574867249 -15.859460830688477 50.0367546081543
v 2.7052502632141113 0.4888075292110443 363.1871643066406
v 2.7492895126342773 1.9171644449234009 378.47271728515625
v 1.7528220415115356 4.525855541229248 359.0617370605469
v 0.812139630317688 9.239843368530273 380.64794921875
v 0.8966626524925232 12.674455642700195 380.4356994628906
v 1.7168806791305542 16.016876220703125 559.445068359375
v 1.1168029308319092 17.309368133544922 376.6789245605469
v 1.9549014568328857 17.1776180267334 559.3799438476562
v 0.8106847405433655 21.458789825439453 524.0457763671875
v 1.2602323293685913 26.026567459106445 523.774658203125
v 1.2261600494384766 27.899381637573242 410.2757568359375
v 2.7980690002441406 28.00943946838379 419.3104248046875
v 1.3897119760513306 38.995887756347656 448.1759948730469
v 1.5079691410064697 38.41427230834961 451.9770202636719
v 1.6034475564956665 40.34608459472656 550.8035278320312
v 1.421412467956543 41.62459182739258 548.6241455078125
v 2.03985595703125 42.63533401489258 548.65771484375
v 1.1976264715194702 -28.788585662841797 55.706329345703125
v 1.454775094985962 -28.958473205566406 53.52786636352539
v 1.7165639400482178 -28.81317901611328 60.706932067871094
v 1.6681548357009888 -20.095481872558594 60.60456466674805
v 1.5908770561218262 -16.792251586914062 55.868072509765625
v 1.1506413221359253 -14.637472152709961 38.79792785644531
v 1.5662468671798706 -14.045705795288086 47.09635543823242
v 1.3434183597564697 -0.2270347774028778 370.77178955078125
v 2.110764980316162 -0.3393062353134155 365.5863037109375
v 1.6508709192276 -0.5301216244697571 372.43487548828125
v 3.4339394569396973 0.413813978433609 377.15899658203125
v 2.09527325630188 3.340444326400757 379.25775146484375
v 1.1942130327224731 5.206777572631836 379.6596374511719
v 1.8455501794815063 12.177051544189453 381.69586181640625
v 2.113420009613037 12.848784446716309 357.5767822265625
v 1.852607250213623 14.559535026550293 380.8048095703125
v 2.0290093421936035 17.258275985717773 360.024658203125
v 1.653814673423767 18.340023040771484 421.28045654296875
v 2.0791003704071045 18.86102294921875 375.1929626464844
v 2.372610330581665 20.272462844848633 364.58245849609375
v 1.4533483982086182 20.727285385131836 525.7872314453125
v 1.669301152229309 22.052549362182617 522.8587646484375
v 1.54840886592865 23.178363800048828 528.1785888671875
v 1.4849096536636353 25.49063491821289 521.9534301757812
v 1.421839714050293 25.550182342529297 525.6224975585938
v 3.5848002433776855 23.910676956176758 422.18499755859375
v 2.443021297454834 26.98996925354004 530.7589721679688
v 1.8033525943756104 29.185806274414062 531.593505859375
v 1.147823691368103 31.393930435180664 411.95526123046875
v 1.1590008735656738 31.631269454956055 414.9227600097656
v 1.1754789352416992 31.929258346557617 413.5044250488281
v 1.4512269496917725 42.65510559082031 443.2105407714844
v 1.6245990991592407 -27.9751033782959 49.491825103759766
v 1.549715280532837 -27.42894744873047 62.12032699584961
v 1.9725511074066162 -24.762386322021484 42.59719467163086
v 1.5917059183120728 -23.265380859375 63.10009765625
v 1.458635687828064 -20.000638961791992 39.766456604003906
v 1.2410179376602173 -16.59958267211914 37.93177795410156
v 2.374022960662842 -14.283451080322266 50.488136291503906
v 1.4459537267684937 -13.273618698120117 40.924766540527344
v 1.4546403884887695 -14.317599296569824 43.254886627197266
v 2.5085806846618652 -0.8881584405899048 368.64697265625
v 2.623594284057617 5.797565460205078 358.17218017578125
v 4.888016223907471 16.33087921142578 560.4024658203125
v 2.5367932319641113 16.227384567260742 563.7861938476562
v 2.2527692317962646 15.807879447937012 380.4891662597656
v 2.5493297576904297 17.3046932220459 379.65667724609375
v 4.391512393951416 15.005245208740234 414.5633239746094
v 3.780550241470337 15.296303749084473 418.2236328125
v 1.6564055681228638 18.413856506347656 377.1044006347656
v 3.0629115104675293 19.67647361755371 562.0758056640625
v 2.5498862266540527 21.832780838012695 526.1385498046875
v 2.028233766555786 22.105892181396484 527.831787109375
v 2.1415979862213135 22.70407485961914 522.2130126953125
v 1.6510885953903198 24.751737594604492 526.9133911132812
v 2.395756959915161 26.891067504882812 529.9750366210938
v 2.3818283081054688 29.517778396606445 529.3533935546875
v 3.6447112560272217 38.542762756347656 456.5320129394531
v 2.3950798511505127 40.50496292114258 549.3878784179688
v 2.450869560241699 43.17921829223633 551.6256713867188
v 1.9283462762832642 43.502044677734375 447.0710144042969
v 2.7429327964782715 -30.491783142089844 55.08932113647461
v 2.457726240158081 -30.161203384399414 59.94673538208008
v 2.772043228149414 -26.587669372558594 65.77387237548828
v 2.817108392715454 -27.085723876953125 45.05322265625
v 2.159334659576416 -23.122379302978516 40.5650749206543
v 2.704148530960083 -20.43272590637207 63.01625061035156
v 2.409583806991577 -18.15705680847168 35.84178924560547
v 1.797482967376709 -15.32722282409668 36.676971435546875
v 2.7893266677856445 -14.360372543334961 52.977867126464844
v 2.005863666534424 -12.453173637390137 38.90060806274414
v 2.572754144668579 -12.746337890625 44.45548629760742
v 2.635348081588745 7.223031520843506 382.27618408203125
v 3.35813045501709 7.600051403045654 357.4511413574219
v 2.2502334117889404 9.10202407836914 382.3245849609375
v 2.0884623527526855 11.162121772766113 382.1435546875
v 1.6568909883499146 11.663314819335938 382.97943115234375
v 1.6973435878753662 13.022950172424316 382.11932373046875
v 1.6832181215286255 15.40164566040039 381.9100036621094
v 2.9726662635803223 15.88149356842041 358.7699890136719
v 4.226537704467773 15.540060043334961 561.1736450195312
v 2.7278318405151367 14.870386123657227 562.2442016601562
v 2.647773504257202 15.398247718811035 563.226318359375
v 4.4386773109436035 15.634251594543457 413.0826721191406
v 2.996307611465454 17.659282684326172 563.9784545898438
v 4.6743998527526855 16.25444793701172 420.21441650390625
v 3.11769962310791 20.077157974243164 373.6485290527344
v 3.19004225730896 19.640235900878906 410.7537536621094
v 5.529516696929932 16.735000610351562 411.4334716796875
v 3.052891254425049 21.143211364746094 368.0959167480469
v 3.9025702476501465 21.92584991455078 410.5049743652344
v 2.1302037239074707 24.08115577697754 521.5897827148438
v 3.049339532852173 26.1706485748291 411.60009765625
v 5.077787399291992 24.672199249267578 421.4647521972656
v 2.9957079887390137 27.876506805419922 531.5576782226562
v 2.196791648864746 29.330076217651367 411.8599853515625
v 2.5577619075775146 29.744327545166016 530.7045288085938
v 2.5282158851623535 30.128421783447266 414.2572021484375
v 2.8650052547454834 38.81162643432617 450.7456970214844
v 2.7885220050811768 38.21027374267578 453.5525817871094
v 2.111182689666748 39.44563674926758 455.6603088378906
v 2.4586634635925293 41.149200439453125 456.6875
v 2.144254684448242 41.062156677246094 445.929931640625
v 2.5430381298065186 42.288909912109375 455.7756652832031
v 2.8910350799560547 41.987552642822266 552.2454223632812
v 2.3467931747436523 42.30864715576172 446.49853515625
v 2.5729150772094727 43.56137466430664 451.2093505859375
v 3.3887646198272705 -30.479825973510742 52.354671478271484
v 2.3112235069274902 -21.393381118774414 39.05156707763672
v 2.4947855472564697 -16.00492286682129 35.49720001220703
v 2.114176034927368 -14.478548049926758 35.877838134765625
v 2.1916821002960205 -12.340632438659668 36.6938362121582
v 2.047572374343872 -13.58129596710205 31.232261657714844
v 1.8825818300247192 -11.789301872253418 31.8352108001709
v 2.7578330039978027 -10.458629608154297 36.89796829223633
v 2.5967748165130615 -11.178135871887207 41.48733901977539
v 2.1749374866485596 -12.34521770477295 29.76374626159668
v 2.2358081340789795 -10.022745132446289 31.82948875427246
v 2.336205005645752 -9.595544815063477 26.997119903564453
v 2.38197922706604 -10.393607139587402 24.4713191986084
v 2.2595672607421875 -7.999396324157715 24.34653091430664
v 1.957998514175415 -7.0591888427734375 20.410572052001953
v 2.5035626888275146 -8.598234176635742 19.996112823486328
v 2.1273179054260254 -5.393040180206299 17.0374813079834
v 1.814829707145691 -4.355644226074219 18.918872833251953
v 1.9845528602600098 -3.651313066482544 19.928537368774414
v 2.5578203201293945 -5.12816047668457 23.506616592407227
v 2.2026004791259766 -3.9176034927368164 17.275100708007812
v 2.9625988006591797 -1.4237253665924072 370.2405700683594
v 3.0406436920166016 2.9293088912963867 380.1662292480469
v 3.118220090866089 4.95589017868042 381.6767272949219
v 3.3580517768859863 9.993559837341309 357.0887756347656
v 2.4759104251861572 6.779774188995361 383.01495361328125
v 1.8700891733169556 9.619431495666504 383.1364440917969
v 2.0150437355041504 15.23878288269043 381.38470458984375
v 1.8580838441848755 16.632591247558594 381.25634765625
v 2.9913737773895264 18.652307510375977 378.70318603515625
v 2.7826902866363525 20.360231399536133 374.9381408691406
v 4.070847034454346 21.585613250732422 422.5489807128906
v 2.7580649852752686 23.751691818237305 526.375732421875
v 2.545961856842041 24.798606872558594 523.2676391601562
v 2.515023946762085 24.848499298095703 525.0595092773438
v 4.172693729400635 28.393112182617188 528.4361572265625
v 3.4576473236083984 28.483963012695312 417.41845703125
v 3.1016247272491455 39.782405853271484 449.5884094238281
v 3.6571218967437744 40.652347564697266 552.2776489257812
v 3.548794746398926 -31.337669372558594 59.44305419921875
v 3.198091745376587 -29.22001838684082 49.14106750488281
v 4.596027851104736 -21.97675132751465 67.43822479248047
v 3.460839033126831 -20.529354095458984 36.01520919799805
v 3.5763437747955322 -15.269316673278809 56.49788284301758
v 3.5010440349578857 -16.86126708984375 58.891597747802734
v 2.7962663173675537 -15.22691822052002 30.71782875061035
v 2.8157641887664795 -14.13097858428955 28.87917709350586
v 2.414893627166748 -11.026798248291016 26.246070861816406
v 3.1513705253601074 -10.579354286193848 40.688262939453125
v 2.8841848373413086 -10.31355094909668 22.483142852783203
v 2.858034133911133 -8.379008293151855 28.807952880859375
v 3.2702105045318604 -7.941961765289307 29.854045867919922
v 2.642446517944336 -6.702066421508789 25.570104598999023
v 2.789578914642334 -7.155693054199219 16.936742782592773
v 3.1895337104797363 -5.237042427062988 15.442522048950195
v 2.946857213973999 -1.7799415588378906 15.078384399414062
v 2.831049919128418 -2.497567653656006 21.24445343017578
v 2.424759864807129 -2.0965566635131836 16.62137794494629
v 2.5709877014160156 -1.47955322265625 18.28905487060547
v 3.3045878410339355 0.2905915677547455 16.541532516479492
v 3.9917304515838623 13.509889602661133 357.60675048828125
v 4.499436855316162 15.171195030212402 385.85235595703125
v 2.23660945892334 18.010347366333008 380.6322021484375
v 4.677772045135498 18.42572784423828 559.893798828125
v 2.6660683155059814 19.313817977905273 379.72918701171875
v 4.002082347869873 20.771821975708008 376.6004333496094
v 3.9024267196655273 18.434648513793945 421.7450866699219
v 5.37052583694458 20.147241592407227 561.0128784179688
v 4.611244201660156 19.66839599609375 362.5936584472656
v 4.480286598205566 21.0152530670166 365.7436218261719
v 2.904733657836914 23.60367202758789 523.947265625
v 3.2324118614196777 27.26948356628418 528.7105102539062
v 3.471705675125122 38.243896484375 452.6822204589844
v 3.656852960586548 39.29428482055664 550.7532958984375
v 3.4518673419952393 40.77041244506836 449.45880126953125
v 2.6915781497955322 39.83619689941406 457.3468933105469
v 3.0819318294525146 41.42561340332031 548.8244018554688
v 3.3238465785980225 42.256324768066406 457.31805419921875
v 4.613403797149658 42.839263916015625 456.3451232910156
v 3.190916061401367 42.95370101928711 450.32012939453125
v 4.27276086807251 -29.781373977661133 66.78209686279297
v 4.25431489944458 -26.405900955200195 41.91653060913086
v 3.9341189861297607 -24.63764762878418 39.94402313232422
v 3.5460212230682373 -23.849742889404297 67.05351257324219
v 3.782166004180908 -26.005983352661133 67.77088928222656
v 3.731015205383301 -23.030139923095703 38.6024169921875
v 3.502000570297241 -18.311975479125977 61.3562126159668
v 3.5538766384124756 -17.813941955566406 34.47623825073242
v 3.966487169265747 -12.347502708435059 48.560176849365234
v 3.9529967308044434 -13.259686470031738 50.97073745727539
v 4.225154876708984 -11.515286445617676 45.51615524291992
v 3.325810194015503 -12.71618938446045 25.109689712524414
v 3.3468267917633057 -12.078174591064453 23.52019500732422
v 3.5790886878967285 -9.267857551574707 38.77079772949219
v 3.452082633972168 -9.705962181091309 19.07605743408203
v 3.23665189743042 -8.341374397277832 32.91820526123047
v 3.66530442237854 -9.01991081237793 37.17658996582031
v 3.4656524658203125 -6.155828475952148 15.184059143066406
v 3.677797555923462 -3.5162549018859863 14.204989433288574
v 3.6455416679382324 -3.878032684326172 24.38424301147461
v 3.8109681606292725 0.23605330288410187 19.27984619140625
v 5.505786418914795 -1.886313557624817 373.574951171875
v 4.633332252502441 -1.0485124588012695 375.3426513671875
v 4.338627338409424 -0.7624639272689819 365.4811096191406
v 4.7949538230896 1.1854363679885864 361.60528564453125
v 3.342578649520874 4.454930782318115 382.5091552734375
v 4.596529006958008 11.255694389343262 386.5771484375
v 4.96322774887085 14.61169719696045 415.84588623046875
v 4.77973747253418 17.787187576293945 384.7357482910156
v 5.68787145614624 19.44350814819336 560.3494873046875
v 6.088467597961426 21.154098510742188 382.8448486328125
v 3.3166489601135254 20.709867477416992 378.5844421386719
v 3.960808038711548 20.738174438476562 372.48309326171875
v 3.5831196308135986 21.252220153808594 373.7757873535156
v 4.545938014984131 24.026681900024414 411.1270751953125
v 3.8253934383392334 27.47861671447754 413.41357421875
v 3.867511749267578 28.263286590576172 415.1070556640625
v 3.498903274536133 39.888038635253906 551.7173461914062
v 3.5719776153564453 40.91246795654297 461.22808837890625
v 3.4480626583099365 41.941261291503906 449.5621643066406
v 5.017658710479736 -31.840171813964844 54.367679595947266
v 4.33709192276001 -28.467191696166992 67.9643783569336
v 4.879993438720703 -20.2578182220459 34.2929573059082
v 3.6314706802368164 -16.258705139160156 30.316347122192383
v 3.663069248199463 -14.772491455078125 27.500473022460938
v 3.883201837539673 -10.148885726928711 42.68333435058594
v 4.415034770965576 -7.805284023284912 15.32725715637207
v 4.262916088104248 -5.681256294250488 27.93798065185547
v 4.0164055824279785 -1.4188750982284546 13.585083961486816
v 4.137246608734131 -1.5733280181884766 22.15003776550293
v 4.148342132568359 -1.751058578491211 368.4434509277344
v 5.047830104827881 -1.677488923072815 366.9700622558594
v 4.128416061401367 0.21216796338558197 14.005067825317383
v 4.078254699707031 0.34852170944213867 378.2987976074219
v 5.261804580688477 2.616727590560913 360.0468444824219
v 5.542178153991699 9.289576530456543 357.23516845703125
v 4.76764440536499 12.848508834838867 386.7994384765625
v 5.319157600402832 19.313152313232422 384.077880859375
v 4.620743751525879 19.176315307617188 564.04443359375
v 3.521704912185669 19.6983585357666 377.8365783691406
v 5.598206043243408 20.716365814208984 562.2183837890625
v 5.368405342102051 21.7910213470459 380.3447265625
v 6.561061859130859 19.621746063232422 422.0962219238281
v 5.327555179595947 25.63633918762207 412.4774169921875
v 5.813310623168945 25.827289581298828 420.13018798828125
v 3.991726875305176 26.242483139038086 528.9710083007812
v 4.035465240478516 26.718233108520508 530.9978637695312
v 3.213571786880493 28.20244789123535 517.6622314453125
v 3.4723501205444336 26.953838348388672 520.7925415039062
v 3.572606086730957 27.660152435302734 516.858642578125
v 3.834920883178711 28.56462287902832 519.77685546875
v 3.3461501598358154 29.029460906982422 518.048583984375
v 3.5400021076202393 28.982402801513672 516.4509887695312
v 4.801334381103516 28.18914031982422 531.197021484375
v 4.341091156005859 29.212284088134766 529.3128051757812
v 4.0657830238342285 38.84996795654297 451.6858215332031
v 3.6871349811553955 39.259124755859375 460.8384094238281
v 3.838371992111206 39.8870849609375 464.1683044433594
v 5.884324073791504 38.61399841308594 549.928955078125
v 4.2742133140563965 41.849727630615234 552.1183471679688
v 5.658928394317627 42.0775146484375 551.2455444335938
v 5.013378143310547 42.84733963012695 454.2987060546875
v 5.055704116821289 -32.39815139770508 58.144927978515625
v 5.1798200607299805 -31.29423713684082 66.3808364868164
v 4.691814422607422 -28.23370361328125 44.91391372680664
v 4.626084804534912 -29.960512161254883 48.94805145263672
v 4.997888088226318 -19.761751174926758 65.57837677001953
v 4.996465682983398 -19.061418533325195 33.696502685546875
v 5.0954179763793945 -17.404600143432617 61.81058883666992
v 4.683526992797852 -13.180583953857422 23.01795768737793
v 4.714749813079834 -13.381619453430176 53.38483810424805
v 5.111006259918213 -12.020111083984375 20.921873092651367
v 4.826236724853516 -7.629527568817139 36.52387619018555
v 4.6804423332214355 -6.529832363128662 30.393985748291016
v 4.521561622619629 1.5224334001541138 15.211064338684082
v 4.467020034790039 1.4798591136932373 17.439409255981445
v 4.493969440460205 2.6142518520355225 381.0577697753906
v 5.659546852111816 4.278656959533691 358.8788757324219
v 4.046795845031738 3.324084520339966 382.34027099609375
v 5.626819133758545 9.757469177246094 387.556884765625
v 6.765762805938721 16.623929977416992 562.7300415039062
v 5.873556613922119 18.373716354370117 360.88568115234375
v 6.007138729095459 17.9777889251709 410.51025390625
v 6.818165302276611 21.08747100830078 563.713134765625
v 4.093587875366211 21.8254337310791 377.38482666015625
v 4.232625961303711 25.519145965576172 521.6698608398438
v 3.8116140365600586 26.85616683959961 522.2303466796875
v 4.0919189453125 25.639802932739258 522.6829223632812
v 4.376288890838623 27.175888061523438 516.4893798828125
v 4.6192426681518555 27.085420608520508 527.4140014648438
v 3.936786413192749 30.02602767944336 514.3856201171875
v 4.8091864585876465 29.329587936401367 513.387939453125
v 4.204906940460205 29.78255844116211 518.1221313476562
v 4.632251262664795 29.16798210144043 530.4763793945312
v 3.9645023345947266 30.65489959716797 514.9739990234375
v 4.0996317863464355 31.387296676635742 511.85479736328125
v 4.711390972137451 38.27090835571289 456.2333679199219
v 4.510390758514404 38.49806213378906 460.46441650390625
v 4.155198097229004 38.68225860595703 463.1240234375
v 3.7747325897216797 39.318485260009766 465.5072937011719
v 3.9322519302368164 41.232086181640625 462.76055908203125
v 4.1624627113342285 40.70841598510742 465.84576416015625
v 4.876282215118408 41.980377197265625 461.5544128417969
v 5.052480697631836 41.87437438964844 549.424560546875
v 5.0451788902282715 41.76420211791992 451.830078125
v 4.548782825469971 42.67161560058594 550.12255859375
v 6.612033843994141 40.79364776611328 552.3948974609375
v 5.689919948577881 42.2912483215332 453.8996276855469
v 5.286201477050781 -32.18012619018555 62.24427795410156
v 6.124411106109619 -32.406585693359375 65.75574493408203
v 5.16400146484375 -22.575475692749023 68.25030517578125
v 4.951416015625 -21.623023986816406 35.4743537902832
v 5.030231475830078 -16.67323875427246 28.76865577697754
v 5.519227504730225 -15.857847213745117 26.2293758392334
v 5.589477062225342 -15.89510726928711 59.345558166503906
v 4.772777080535889 -10.653885841369629 18.69627571105957
v 5.483826637268066 -9.43341064453125 43.769126892089844
v 5.286258220672607 -9.070152282714844 42.26319122314453
v 5.475489139556885 -7.58317232131958 39.77231216430664
v 5.631289958953857 -6.826854705810547 14.000009536743164
v 5.151768684387207 -5.882721424102783 14.096000671386719
v 5.594071388244629 -2.158888101577759 12.413495063781738
v 5.011335849761963 -3.284834146499634 25.535493850708008
v 5.451234817504883 -2.3876688480377197 24.405118942260742
v 7.051855564117432 -2.5616910457611084 371.4031066894531
v 6.468259811401367 -1.2078917026519775 364.97314453125
v 5.645453453063965 0.6720120906829834 379.9599609375
v 4.652148723602295 1.9277782440185547 381.5582580566406
v 6.388298034667969 5.281533241271973 386.1972961425781
v 6.82034969329834 6.029052257537842 358.0789794921875
v 5.747816562652588 7.348052978515625 386.7897644042969
v 5.837790489196777 16.805139541625977 563.630615234375
v 6.229732036590576 16.511201858520508 359.31298828125
v 5.988208293914795 18.08583641052246 560.1502685546875
v 6.4857988357543945 18.15629005432129 565.0272827148438
v 6.583393096923828 17.57593536376953 564.609375
v 4.367065906524658 18.601360321044922 577.275146484375
v 4.1481428146362305 19.44487762451172 579.656005859375
v 4.754871368408203 17.915477752685547 579.763427734375
v 4.757735252380371 19.27724266052246 581.216064453125
v 6.366045951843262 20.053728103637695 410.0474548339844
v 4.882046222686768 19.75812339782715 576.7767944335938
v 4.315280914306641 20.366775512695312 579.3104858398438
v 5.359699726104736 21.340505599975586 370.1778259277344
v 4.638643264770508 21.196290969848633 371.2601013183594
v 4.864557266235352 22.02989959716797 371.5673522949219
v 5.284320831298828 22.254274368286133 373.974853515625
v 4.791866779327393 21.76470375061035 375.0366516113281
v 5.516088485717773 22.51324462890625 373.2138366699219
v 4.371642112731934 26.376358032226562 524.0028686523438
v 4.735141754150391 25.268909454345703 526.7396240234375
v 4.59260892868042 26.22895050048828 526.1436157226562
v 5.798444747924805 26.500106811523438 414.0091857910156
v 5.135128498077393 27.126264572143555 524.2127075195312
v 6.238487243652344 26.732595443725586 415.2649841308594
v 5.124083995819092 27.83924674987793 521.90869140625
v 4.872768402099609 29.51832389831543 518.969482421875
v 4.344268798828125 30.290311813354492 511.38629150390625
v 4.67087984085083 30.297779083251953 516.8042602539062
v 4.985315799713135 30.244956970214844 509.7734680175781
v 4.463366508483887 31.31500244140625 509.4317321777344
v 4.582505226135254 31.75221061706543 514.7365112304688
v 4.403164386749268 32.10625076293945 501.0910339355469
v 4.340367317199707 32.013023376464844 504.2909240722656
v 4.599020004272461 31.120080947875977 503.9095153808594
v 4.4795637130737305 32.16140365600586 508.78057861328125
v 4.6766252517700195 32.469825744628906 511.84649658203125
v 4.447327136993408 32.95671463012695 504.4366455078125
v 4.6209282875061035 33.552791595458984 500.5850830078125
v 5.32699728012085 38.68344497680664 453.8808288574219
v 4.6474456787109375 37.71670913696289 466.0123291015625
v 4.474347114562988 37.824466705322266 468.6833801269531
v 4.514524936676025 38.54303741455078 470.2193603515625
v 5.653355121612549 37.949859619140625 550.6137084960938
v 5.310736656188965 40.29168701171875 451.9018249511719
v 4.748695373535156 41.46404266357422 464.14410400390625
v 4.977004528045654 42.84029006958008 457.85821533203125
v 5.813998222351074 -31.49595069885254 51.77693176269531
v 5.732009410858154 -25.011844635009766 39.10041427612305
v 6.48980188369751 -14.143692016601562 56.78759002685547
v 6.229569435119629 -12.447759628295898 51.506839752197266
v 6.304391384124756 -10.710676193237305 46.41939163208008
v 8.14269733428955 -2.546074867248535 369.1827392578125
v 5.838951587677002 -0.6140764355659485 12.285463333129883
v 5.213108539581299 -1.2514216899871826 376.505615234375
v 6.037509441375732 0.01969842240214348 21.548418045043945
v 5.5686774253845215 -0.31076905131340027 364.0538330078125
v 5.041258811950684 1.1543030738830566 13.798701286315918
v 6.2114105224609375 14.530210494995117 417.248291015625
v 6.393839359283447 17.640804290771484 421.37921142578125
v 5.159259796142578 17.05181121826172 577.396240234375
v 5.594460487365723 20.07956314086914 564.188232421875
v 5.087077617645264 20.810232162475586 581.4448852539062
v 4.962183475494385 21.126962661743164 579.0711669921875
v 6.331798553466797 21.42657470703125 368.7131652832031
v 5.19541072845459 23.065908432006836 375.6312255859375
v 7.748210430145264 22.053308486938477 421.67254638671875
v 5.314441204071045 24.553958892822266 525.0316772460938
v 5.198541641235352 24.84317970275879 522.713134765625
v 5.197009563446045 25.793703079223633 520.4896850585938
v 4.943613052368164 25.293262481689453 528.5144653320312
v 5.366684913635254 26.11233901977539 529.9628295898438
v 5.561250686645508 27.280696868896484 516.2739868164062
v 5.422189712524414 27.17794418334961 526.053955078125
v 5.739060878753662 27.5902042388916 527.4592895507812
v 5.195017337799072 29.49906349182129 511.38140869140625
v 5.019778728485107 30.779251098632812 506.5068359375
v 5.1219658851623535 30.661108016967773 502.33251953125
v 4.982214450836182 31.740949630737305 498.6202087402344
v 4.7588791847229 31.819355010986328 497.1593933105469
v 4.688381671905518 33.07169723510742 498.4810485839844
v 4.9721245765686035 32.341407775878906 491.83746337890625
v 5.3265204429626465 31.98504638671875 490.17315673828125
v 4.608432769775391 33.18712615966797 489.7430114746094
v 4.831974983215332 32.26349639892578 495.2895202636719
v 4.696840763092041 33.21592712402344 496.4617004394531
v 5.167212009429932 33.19758224487305 509.1400451660156
v 4.683617115020752 33.78314208984375 491.8719787597656
v 4.7210493087768555 33.82121276855469 494.4678955078125
v 5.0523762702941895 33.7485466003418 504.9912414550781
v 4.4277215003967285 34.18917465209961 490.8053283691406
v 5.112602710723877 34.199851989746094 496.0154113769531
v 4.837090015411377 34.57194519042969 488.2745361328125
v 5.625163555145264 34.56014633178711 499.5277099609375
v 4.962162017822266 34.37981033325195 485.8255615234375
v 4.721817970275879 35.08241271972656 485.41790771484375
v 5.301064968109131 35.1015625 492.74713134765625
v 4.497156620025635 35.621456146240234 482.88165283203125
v 5.393023490905762 33.92593765258789 483.088623046875
v 5.231435298919678 35.796348571777344 479.40087890625
v 5.309304714202881 35.88768005371094 488.7441101074219
v 5.310252666473389 35.82736587524414 490.9934387207031
v 4.961887836456299 36.14550018310547 486.1764831542969
v 4.770990371704102 36.93168640136719 479.7370910644531
v 4.551259517669678 36.33689498901367 484.46392822265625
v 5.067348003387451 36.242252349853516 477.4072265625
v 4.781609535217285 37.220726013183594 477.8043518066406
v 4.9667534828186035 37.135135650634766 484.76788330078125
v 5.076684951782227 37.92404556274414 479.6513671875
v 4.9886860847473145 38.032752990722656 481.0062561035156
v 5.089981555938721 37.09130096435547 469.7355651855469
v 5.252760410308838 38.11310577392578 462.14605712890625
v 4.997114181518555 39.65994644165039 470.5185546875
v 5.064077377319336 38.74337387084961 472.3052978515625
v 5.1979899406433105 37.937782287597656 551.7037963867188
v 4.940737724304199 41.33344268798828 466.35784912109375
v 6.235395431518555 40.03749465942383 549.5256958007812
v 5.707364559173584 42.10354995727539 460.7240295410156
v 6.02608585357666 -30.361238479614258 48.622528076171875
v 6.157207489013672 -29.5433406829834 69.88068389892578
v 6.449326992034912 -27.427927017211914 71.38468170166016
v 6.227928161621094 -25.566940307617188 71.25843811035156
v 6.719307899475098 -22.821483612060547 70.87753295898438
v 5.756783485412598 -13.629959106445312 22.6735782623291
v 6.313812732696533 -10.826325416564941 17.817184448242188
v 6.25341272354126 -6.757599353790283 36.479915618896484
v 6.347216606140137 -4.508983135223389 28.24660301208496
v 6.258118629455566 -2.304499626159668 374.5994873046875
v 6.234892845153809 1.9432207345962524 18.52458381652832
v 5.591220855712891 0.48595577478408813 380.6563415527344
v 6.4220290184021 2.364168167114258 14.600776672363281
v 6.343777179718018 2.6041383743286133 16.741710662841797
v 7.470307350158691 11.100296974182129 357.50457763671875
v 7.914626121520996 15.114641189575195 358.73956298828125
v 7.3833327293396 15.86984634399414 390.0298767089844
v 7.120477199554443 15.461926460266113 419.41851806640625
v 6.050937652587891 15.191560745239258 412.900634765625
v 5.878081798553467 17.158763885498047 575.2109985351562
v 7.209997653961182 18.327390670776367 572.875244140625
v 6.287230968475342 18.4514102935791 582.3158569335938
v 6.4700608253479 20.434890747070312 364.2346496582031
v 5.850609302520752 21.081329345703125 577.5949096679688
v 6.372438430786133 22.90481948852539 371.8199157714844
v 5.420942783355713 23.024173736572266 374.3899841308594
v 5.916906356811523 25.110321044921875 528.606201171875
v 8.025762557983398 25.589738845825195 418.5400390625
v 5.9632039070129395 26.965665817260742 530.2308959960938
v 5.969511032104492 28.284738540649414 514.7459106445312
v 5.573792457580566 29.08439064025879 519.2955322265625
v 6.122715950012207 28.268535614013672 529.32421875
v 5.593658447265625 30.231372833251953 516.9197998046875
v 5.7158050537109375 30.099153518676758 508.12945556640625
v 5.7782392501831055 30.838468551635742 497.31195068359375
v 5.767432689666748 30.915328979492188 498.81854248046875
v 5.51548957824707 31.89020347595215 515.0429077148438
v 5.28250789642334 31.644634246826172 494.1068115234375
v 5.562697410583496 32.95857620239258 487.8050537109375
v 6.155934810638428 33.14448928833008 511.3629150390625
v 5.698617935180664 33.63085174560547 484.8918151855469
v 5.9295549392700195 35.361915588378906 476.718017578125
v 5.585447788238525 36.987892150878906 486.38238525390625
v 5.223489284515381 36.56744384765625 474.4569396972656
v 5.550304412841797 37.124080657958984 466.46923828125
v 5.209498882293701 37.698822021484375 473.14703369140625
v 6.056674003601074 36.42571258544922 472.8587646484375
v 5.27853536605835 38.455081939697266 473.4970397949219
v 5.281646728515625 38.823936462402344 477.85137939453125
v 6.020071983337402 38.1931266784668 483.3680725097656
v 6.118717193603516 38.53411102294922 459.9446716308594
v 5.95572566986084 38.3260612487793 553.0554809570312
v 6.130287170410156 39.969482421875 453.584228515625
v 6.115536212921143 39.51612091064453 474.1921081542969
v 5.582211494445801 40.46518325805664 469.8610534667969
v 5.564321041107178 40.36489486694336 552.9012451171875
v 6.155850410461426 41.64476013183594 466.4937438964844
v 6.55981969833374 42.06517791748047 457.1903991699219
v 6.761910915374756 -33.13698196411133 59.53071212768555
v 6.874967575073242 -31.572507858276367 68.68931579589844
v 6.350864410400391 -27.673307418823242 42.529273986816406
v 6.708395957946777 -21.94362449645996 34.566741943359375
v 6.6142473220825195 -19.702617645263672 67.17867279052734
v 6.758543968200684 -19.535152435302734 32.40577697753906
v 6.838811874389648 -17.71793556213379 64.12754821777344
v 6.496325492858887 -12.80804443359375 53.41868209838867
v 6.350306987762451 -8.084550857543945 14.678255081176758
v 6.450179576873779 -5.753392696380615 30.851125717163086
v 6.6315999031066895 1.25229811668396 12.988687515258789
v 7.719387054443359 1.7502596378326416 384.0486145019531
v 7.5123291015625 12.978128433227539 357.83135986328125
v 8.108386039733887 14.164773941040039 413.9976501464844
v 7.262757301330566 18.087438583374023 388.7621765136719
v 8.347003936767578 17.60880470275879 562.0359497070312
v 6.512765884399414 16.276676177978516 575.4271850585938
v 6.514736175537109 16.4644775390625 577.9111938476562
v 6.4035186767578125 17.70696449279785 580.6154174804688
v 6.232295989990234 19.69705581665039 583.0810546875
v 6.339084148406982 21.208967208862305 582.75341796875
v 6.1294403076171875 21.847225189208984 580.8036499023438
v 5.973263263702393 22.39089012145996 369.9845886230469
v 6.918482303619385 21.91688346862793 410.28363037109375
v 7.86168098449707 23.51966667175293 380.7431945800781
v 7.224395751953125 23.469465255737305 411.0828857421875
v 6.246607303619385 24.738433837890625 523.3713989257812
v 6.171274662017822 24.598094940185547 526.257568359375
v 5.893390655517578 26.180294036865234 520.8987426757812
v 7.0527167320251465 26.492345809936523 417.1815490722656
v 6.191868782043457 27.08808135986328 524.5029907226562
v 6.062614440917969 27.529136657714844 520.8519897460938
v 6.17899227142334 28.345552444458008 519.0618286132812
v 6.1268415451049805 29.22324562072754 513.6854248046875
v 6.341111660003662 29.396120071411133 511.3966064453125
v 6.3923773765563965 29.897916793823242 509.4248352050781
v 6.071353435516357 30.30721664428711 505.8164367675781
v 6.007612228393555 30.347375869750977 501.92425537109375
v 6.065686225891113 31.41345977783203 491.84173583984375
v 6.309656620025635 33.68046951293945 508.636474609375
v 6.087052345275879 34.15483093261719 504.9411315917969
v 6.086325645446777 34.942588806152344 495.84246826171875
v 6.471622943878174 34.76496505737305 500.5874328613281
v 6.095439910888672 35.013755798339844 479.59710693359375
v 6.39486026763916 35.9533576965332 492.28436279296875
v 5.976415157318115 35.670387268066406 474.3262634277344
v 6.4123334884643555 36.399383544921875 470.20880126953125
v 6.089568138122559 36.56715774536133 552.29736328125
v 6.293172359466553 38.08271026611328 462.2769775390625
v 6.4422149658203125 38.06281661987305 484.9378356933594
v 6.381478786468506 39.13553237915039 479.6344909667969
v 6.396311283111572 39.02488327026367 481.2565002441406
v 6.512532711029053 39.820125579833984 476.4718933105469
v 6.401052474975586 40.38086700439453 470.6555480957031
v 6.370171546936035 41.89077377319336 462.9384765625
v 7.063272953033447 40.846160888671875 550.7031860351562
v 6.346371650695801 42.382572174072266 457.6683044433594
v 7.705080986022949 -33.09440231323242 56.556190490722656
v 7.4666876792907715 -33.43785095214844 64.9372329711914
v 7.117058277130127 -32.36936569213867 53.8542594909668
v 7.511453628540039 -20.908296585083008 33.55526351928711
v 6.734368324279785 -17.201923370361328 28.35962677001953
v 7.0557122230529785 -13.831045150756836 22.290517807006836
v 6.383343696594238 -5.4784626960754395 13.6318941116333
v 6.893014430999756 -6.079160213470459 33.314083099365234
v 7.310860633850098 -2.6421220302581787 25.882474899291992
v 7.355643272399902 -1.8145842552185059 24.304792404174805
v 7.76190710067749 -3.116826057434082 371.8681335449219
v 7.614647388458252 -0.347697377204895 363.3702392578125
v 7.179141998291016 1.1794953346252441 361.76556396484375
v 6.607931613922119 -0.8244683742523193 379.48577880859375
v 7.4388532638549805 3.4804954528808594 385.6962890625
v 8.190926551818848 9.492570877075195 390.6653747558594
v 7.559734344482422 11.43970775604248 390.52801513671875
v 8.113187789916992 18.400583267211914 561.2966918945312
v 6.945682525634766 19.46500587463379 565.8114624023438
v 7.267930030822754 19.391216278076172 362.4654846191406
v 7.152009010314941 20.23046875 575.7310180664062
v 7.584746360778809 20.327608108520508 387.32501220703125
v 7.696155548095703 20.76150131225586 565.6873779296875
v 7.9713006019592285 20.936843872070312 366.1607971191406
v 6.807855606079102 23.61979103088379 371.0991516113281
v 6.517851829528809 23.943004608154297 372.76519775390625
v 6.262557506561279 27.437761306762695 519.0260620117188
v 6.416669845581055 26.87650489807129 522.5391235351562
v 6.573314189910889 28.19068717956543 516.7200927734375
v 6.601113319396973 27.15505599975586 527.582763671875
v 6.528645992279053 29.519716262817383 516.6964111328125
v 6.625245094299316 31.16757583618164 515.24609375
v 7.054912090301514 30.661882400512695 495.32147216796875
v 6.965890407562256 31.429019927978516 490.2091064453125
v 6.515219211578369 32.585811614990234 487.213134765625
v 6.475504398345947 32.251190185546875 513.49169921875
v 6.679310321807861 33.67478561401367 482.6022033691406
v 6.667148113250732 34.90531539916992 477.5304870605469
v 6.59237003326416 36.58814239501953 489.107666015625
v 6.410495758056641 37.05358123779297 466.24249267578125
v 6.693060398101807 35.328773498535156 553.4180908203125
v 6.7166290283203125 36.315338134765625 551.2191162109375
v 6.785271167755127 39.335025787353516 457.0379638671875
v 7.124490261077881 38.653297424316406 553.3162231445312
v 6.843643665313721 40.10121154785156 472.70086669921875
v 6.2640814781188965 41.16523361206055 453.9554443359375
v 7.412483215332031 -33.24037551879883 61.27072525024414
v 7.732690334320068 -27.787242889404297 42.22108459472656
v 7.4202399253845215 -30.48638153076172 48.20320510864258
v 7.816225051879883 -24.400602340698242 37.226436614990234
v 7.156536102294922 -20.212995529174805 67.7182388305664
v 7.843754291534424 -16.393102645874023 61.804718017578125
v 7.757846832275391 -15.169119834899902 58.901676177978516
v 7.865472316741943 -12.473095893859863 20.415380477905273
v 8.132548332214355 -8.852582931518555 44.593753814697266
v 7.893566131591797 -8.485271453857422 43.53453063964844
v 7.592019557952881 -6.975067138671875 41.110286712646484
v 7.57688045501709 -6.956555366516113 13.802093505859375
v 7.536591053009033 -2.9634907245635986 12.38618278503418
v 7.6896562576293945 -1.9137423038482666 366.9385986328125
v 7.699552536010742 -1.435074806213379 12.027661323547363
v 7.479375839233398 -1.4683846235275269 377.8222961425781
v 7.397639274597168 0.12455718964338303 12.321440696716309
v 8.603901863098145 3.5936686992645264 359.8592834472656
v 9.172627449035645 7.434161186218262 390.7395324707031
v 7.769726753234863 13.762649536132812 390.8724365234375
v 9.921751022338867 14.121748924255371 416.0952453613281
v 8.689870834350586 16.599029541015625 569.874755859375
v 7.295339584350586 21.323060989379883 367.3219299316406
v 7.455870151519775 22.34105110168457 367.72198486328125
v 7.675062656402588 22.184585571289062 581.4586181640625
v 7.429037570953369 23.008169174194336 369.6429138183594
v 9.249094009399414 24.696170806884766 378.9686584472656
v 7.816127300262451 24.887065887451172 412.5173645019531
v 6.897828578948975 25.598371505737305 523.2423095703125
v 7.215032577514648 25.506858825683594 526.03466796875
v 6.770838260650635 26.70981216430664 528.7749633789062
v 6.868517875671387 29.28736114501953 515.4453125
v 6.8890581130981445 30.015697479248047 513.7642822265625
v 7.248721122741699 30.360673904418945 508.0780029296875
v 7.057672500610352 30.668411254882812 499.21331787109375
v 6.89216423034668 30.2996883392334 503.76177978515625
v 7.182495594024658 31.054487228393555 492.67083740234375
v 6.938788890838623 31.12833595275879 514.2100830078125
v 7.080560684204102 34.02837371826172 504.7459411621094
v 7.286611557006836 34.73789978027344 479.75982666015625
v 7.271613597869873 34.42761993408203 502.3775329589844
v 7.321237087249756 34.79267883300781 497.360107421875
v 7.499152660369873 35.326942443847656 474.2774963378906
v 7.254493713378906 35.87474060058594 492.8800354003906
v 6.980735778808594 33.808502197265625 553.2991943359375
v 7.49043083190918 36.12956619262695 472.5976257324219
v 7.263828277587891 35.76048278808594 554.1091918945312
v 7.079897880554199 38.783668518066406 462.03082275390625
v 6.946389198303223 39.32755661010742 460.1015319824219
v 7.151522636413574 40.29909133911133 457.0411071777344
v 7.633505344390869 39.79115676879883 474.6566162109375
v 7.522514343261719 40.23965072631836 470.562744140625
v 7.200440883636475 40.647029876708984 551.71142578125
v 7.022837162017822 41.03211975097656 460.099365234375
v 7.979426860809326 -32.220558166503906 52.624393463134766
v 9.091127395629883 -29.000810623168945 73.6468505859375
v 8.172041893005371 -20.377464294433594 69.7550277709961
v 8.433661460876465 -18.476659774780273 66.5293197631836
v 7.674054145812988 -16.34088706970215 25.960514068603516
v 8.322935104370117 -11.090179443359375 48.469730377197266
v 8.192852020263672 -6.38496732711792 39.845916748046875
v 8.239890098571777 -5.403761386871338 13.6934175491333
v 8.367445945739746 -2.177870750427246 376.711669921875
v 7.921054840087891 -0.059026725590229034 21.763944625854492
v 9.377514839172363 0.14409850537776947 383.149658203125
v 8.153875350952148 2.5769548416137695 15.457178115844727
v 10.340688705444336 5.566132545471191 390.58843994140625
v 8.489690780639648 7.955934524536133 357.9013671875
v 8.257481575012207 17.32271385192871 360.3429260253906
v 8.044443130493164 15.001253128051758 411.5118103027344
v 9.879655838012695 15.52772045135498 409.5675964355469
v 9.198460578918457 15.437600135803223 574.4757080078125
v 7.994078636169434 16.28094482421875 577.2984619140625
v 9.78937816619873 17.48617172241211 564.4868774414062
v 8.493363380432129 17.189912796020508 564.789306640625
v 7.441391468048096 17.800277709960938 579.7261962890625
v 7.343822479248047 18.316272735595703 566.1917724609375
v 8.291327476501465 18.74068260192871 583.5289306640625
v 8.337851524353027 19.90479850769043 561.5884399414062
v 7.812603950500488 20.01235580444336 583.8614501953125
v 8.007140159606934 21.212705612182617 563.0777587890625
v 8.042509078979492 21.513111114501953 583.2462158203125
v 8.05174732208252 21.744375228881836 386.1717224121094
v 7.5991644859313965 21.171545028686523 579.1380004882812
v 8.41792106628418 23.10146141052246 384.14422607421875
v 8.523887634277344 23.8547420501709 420.3918151855469
v 7.717006683349609 30.886329650878906 509.1666259765625
v 7.62554407119751 30.61246109008789 512.08642578125
v 7.626603126525879 32.128108978271484 511.4322509765625
v 7.476458549499512 30.889554977416992 554.75244140625
v 7.021513938903809 33.03343963623047 554.6813354492188
v 7.313746452331543 30.25049591064453 556.6687622070312
v 7.504185199737549 31.428428649902344 557.2784423828125
v 7.671738624572754 32.10792922973633 488.4340515136719
v 7.499544620513916 32.67625427246094 509.6557922363281
v 7.60824728012085 33.30173110961914 507.8630065917969
v 7.960916996002197 34.09077835083008 501.4995422363281
v 7.817886829376221 34.552799224853516 500.36370849609375
v 7.584152698516846 33.303565979003906 555.7634887695312
v 7.638352870941162 36.726097106933594 488.7862854003906
v 7.795660018920898 36.665313720703125 470.64666748046875
v 7.883538246154785 37.521339416503906 466.60333251953125
v 7.636045932769775 37.66377258300781 550.6649780273438
v 7.60438346862793 38.21931076049805 464.574462890625
v 7.681028842926025 38.02655029296875 484.2763977050781
v 7.810064315795898 38.83528518676758 481.2790832519531
v 8.201650619506836 38.175689697265625 551.0924682617188
v 7.7141032218933105 39.78355026245117 477.3974609375
v 7.195688724517822 40.010589599609375 460.6702575683594
v 7.114708423614502 41.23086929321289 457.43951416015625
v 7.416326999664307 41.20724105834961 466.559814453125
v 7.865662097930908 40.653621673583984 464.1810302734375
v 9.002120018005371 -33.60865783691406 59.23899459838867
v 9.180266380310059 -33.53684997558594 67.33733367919922
v 9.062024116516113 -30.743894577026367 48.8389892578125
v 7.98014497756958 -25.30255699157715 73.42228698730469
v 9.024898529052734 -19.832401275634766 31.8228759765625
v 8.54930305480957 -17.459165573120117 28.484533309936523
v 8.8121976852417 -12.733048439025879 53.69723892211914
v 8.62561321258545 -12.229382514953613 51.54850769042969
v 8.5826416015625 -10.866362571716309 17.872520446777344
v 8.957169532775879 -10.513911247253418 47.083229064941406
v 8.520313262939453 -8.5436429977417 15.17855453491211
v 8.928938865661621 -6.246476173400879 13.79909896850586
v 8.312911987304688 -5.518702983856201 30.993728637695312
v 8.903159141540527 -4.300840377807617 28.202159881591797
v 9.828990936279297 -2.9175047874450684 375.35748291015625
v 7.966614723205566 -2.0211291313171387 378.183349609375
v 8.364063262939453 2.399534225463867 17.32827377319336
v 8.61182689666748 1.512002944946289 13.532905578613281
v 9.070256233215332 10.472928047180176 357.8753662109375
v 8.361968994140625 15.436954498291016 573.192626953125
v 8.603680610656738 17.286510467529297 420.7273864746094
v 7.957495212554932 17.97797393798828 570.7825317382812
v 8.349793434143066 17.333106994628906 566.2030639648438
v 7.872742176055908 17.965211868286133 581.3072509765625
v 10.110417366027832 17.018054962158203 408.7125549316406
v 8.460928916931152 19.220935821533203 569.3026123046875
v 8.481961250305176 19.454084396362305 572.9580078125
v 9.105795860290527 20.03972625732422 364.3572082519531
v 7.904877662658691 20.317466735839844 576.5684204101562
v 8.35860538482666 22.755874633789062 367.78094482421875
v 8.326050758361816 24.14556121826172 369.1397705078125
v 7.634653091430664 24.220117568969727 370.91192626953125
v 11.182966232299805 24.660497665405273 415.3046875
v 8.532821655273438 27.71031951904297 557.946044921875
v 7.862509250640869 30.787221908569336 502.4986877441406
v 7.8130784034729 29.26296615600586 558.2091064453125
v 7.904670238494873 30.976369857788086 499.4341125488281
v 7.8428754806518555 30.99756622314453 504.4864501953125
v 8.144331932067871 33.70203399658203 484.19036865234375
v 8.372464179992676 34.208290100097656 482.5085144042969
v 7.855632781982422 33.52167892456055 504.06182861328125
v 8.30075740814209 35.091102600097656 478.1473388671875
v 8.022368431091309 35.21836853027344 494.6457214355469
v 8.160304069519043 35.46183395385742 551.32421875
v 8.15842342376709 39.13718795776367 479.173095703125
v 8.023170471191406 39.13347244262695 552.1363525390625
v 7.882721900939941 39.76002502441406 471.2068786621094
v 7.925392150878906 40.0101318359375 473.06915283203125
v 8.127968788146973 40.498661041259766 466.67071533203125
v 9.4288911819458 -33.54399108886719 60.53616714477539
v 9.542075157165527 -34.198665618896484 63.76738357543945
v 9.290828704833984 -30.358699798583984 72.64392852783203
v 8.149370193481445 -26.721799850463867 73.63715362548828
v 8.470049858093262 -22.12833023071289 72.44464111328125
v 9.482114791870117 -22.38405418395996 34.357276916503906
v 9.213478088378906 -18.852497100830078 66.82978057861328
v 9.07133960723877 -16.03656005859375 25.449718475341797
v 8.72657585144043 -13.8010892868042 22.226675033569336
v 9.457530975341797 -14.037775993347168 56.84193420410156
v 8.511160850524902 -5.918895721435547 33.283512115478516
v 9.907927513122559 -6.051998615264893 39.63889694213867
v 9.071799278259277 -1.931039571762085 12.416629791259766
v 9.499796867370605 -1.7096141576766968 366.0968933105469
v 8.955199241638184 1.060235619544983 361.7085876464844
v 11.169961929321289 3.812629222869873 389.6766357421875
v 9.954924583435059 16.263423919677734 575.5643310546875
v 8.303168296813965 18.3555850982666 578.9852294921875
v 8.255727767944336 18.242517471313477 568.6345825195312
v 8.55240249633789 18.96797752380371 579.9467163085938
v 9.138701438903809 17.8450870513916 582.0949096679688
v 10.207568168640137 18.415386199951172 408.52752685546875
v 9.104565620422363 19.692039489746094 421.3028259277344
v 8.538444519042969 20.040752410888672 568.3699340820312
v 10.370609283447266 19.917743682861328 408.6809387207031
v 8.43493938446045 19.822237014770508 577.8612670898438
v 8.947239875793457 21.904197692871094 365.7640686035156
v 11.320033073425293 25.6241455078125 376.7461853027344
v 8.641398429870605 30.063121795654297 554.7517700195312
v 8.478852272033691 31.175596237182617 495.2542419433594
v 8.565372467041016 31.66461944580078 497.3751220703125
v 8.175045013427734 31.306812286376953 493.1151428222656
v 8.123395919799805 32.25992965698242 507.5345153808594
v 8.37822437286377 32.065547943115234 489.7611389160156
v 8.492920875549316 32.113922119140625 553.2818603515625
v 8.310129165649414 32.33512496948242 504.10565185546875
v 8.377836227416992 34.109161376953125 497.47119140625
v 8.8189697265625 35.38750457763672 480.6067810058594
v 8.272133827209473 36.195167541503906 554.0702514648438
v 8.7113676071167 33.65642547607422 555.9095458984375
v 8.42273998260498 35.4732666015625 492.6971435546875
v 8.320256233215332 36.070125579833984 490.0808410644531
v 8.730313301086426 36.62228775024414 487.4258728027344
v 8.260531425476074 38.2271614074707 553.1573486328125
v 8.608685493469238 37.55702590942383 483.0684814453125
v 8.084561347961426 39.173377990722656 464.8612365722656
v 8.419639587402344 39.607139587402344 469.6884460449219
v 10.112020492553711 -32.4637565612793 54.081787109375
v 9.710287094116211 -27.999492645263672 42.7452507019043
v 10.249715805053711 -24.59429359436035 37.33877182006836
v 9.019265174865723 -22.962215423583984 75.7225341796875
v 9.973322868347168 -18.990928649902344 68.67058563232422
v 9.627796173095703 -7.684275150299072 14.868754386901855
v 9.890524864196777 -3.0453739166259766 25.83464241027832
v 8.990584373474121 -3.153974771499634 369.7879943847656
v 9.604557991027832 -2.0793731212615967 24.015352249145508
v 8.88495922088623 -2.7339301109313965 376.91229248046875
v 9.606916427612305 -0.25305861234664917 12.903809547424316
v 10.695959091186523 -0.3986431658267975 363.8430480957031
v 9.199224472045898 0.5574626922607422 19.970251083374023
v 9.505817413330078 -0.11420965939760208 21.110374450683594
v 10.014660835266113 2.757307767868042 360.46148681640625
v 9.780884742736816 6.0185546875 358.9240417480469
v 10.973214149475098 14.911547660827637 417.3970031738281
v 8.660618782043457 17.198434829711914 568.410888671875
v 12.513309478759766 19.331567764282227 394.1881103515625
v 9.008360862731934 19.584535598754883 570.8492431640625
v 8.313102722167969 19.937299728393555 579.2365112304688
v 8.815519332885742 20.59036636352539 365.223876953125
v 9.188485145568848 20.743671417236328 563.1314697265625
v 9.526378631591797 20.797760009765625 568.2085571289062
v 8.93962574005127 20.663188934326172 579.9618530273438
v 13.490164756774902 23.87805938720703 392.2043762207031
v 9.356727600097656 19.996105194091797 584.0438232421875
v 10.237274169921875 21.057960510253906 567.3107299804688
v 9.942270278930664 21.671215057373047 581.5926513671875
v 8.99833869934082 23.942699432373047 367.8836669921875
v 11.213240623474121 23.125097274780273 410.977783203125
v 8.154394149780273 27.832538604736328 559.1985473632812
v 8.392056465148926 26.025001525878906 559.4388427734375
v 8.52747917175293 27.379770278930664 560.7700805664062
v 8.605642318725586 25.314891815185547 561.0099487304688
v 8.49991226196289 29.184917449951172 559.4229736328125
v 8.472819328308105 31.671186447143555 501.374267578125
v 8.709702491760254 31.88680648803711 557.697265625
v 8.933721542358398 32.89321517944336 488.22967529296875
v 8.625946998596191 32.83639907836914 501.6778259277344
v 8.62631607055664 33.557376861572266 500.0160827636719
v 8.907135009765625 34.27775955200195 495.2190856933594
v 8.754379272460938 35.86864471435547 474.5284118652344
v 9.128894805908203 37.0905647277832 473.20074462890625
v 8.531997680664062 37.638187408447266 470.87384033203125
v 9.038926124572754 35.08359909057617 551.9617919921875
v 8.92670726776123 38.441307067871094 479.6133117675781
v 8.525553703308105 39.081825256347656 466.83819580078125
v 8.6174898147583 38.6897087097168 471.0076599121094
v 8.718364715576172 38.21345138549805 552.2213745117188
v 8.867088317871094 39.284515380859375 472.8266906738281
v 9.240663528442383 38.95692443847656 476.5074157714844
v 8.883630752563477 39.031673431396484 474.7965087890625
v 10.094523429870605 -31.927061080932617 71.22455596923828
v 10.05560302734375 -31.129955291748047 50.107078552246094
v 9.933934211730957 -27.333372116088867 77.0325927734375
v 9.345812797546387 -23.87696075439453 76.93602752685547
v 10.318963050842285 -21.50391387939453 33.7572135925293
v 9.72385311126709 -20.184160232543945 71.14802551269531
v 9.309774398803711 -16.129322052001953 61.32350540161133
v 10.096871376037598 -11.650812149047852 49.76721954345703
v 10.036781311035156 -6.944542407989502 41.916534423828125
v 10.930109977722168 -3.310753107070923 373.723388671875
v 9.658528327941895 1.8504009246826172 15.35802936553955
v 10.468545913696289 14.06023120880127 359.24041748046875
v 9.615628242492676 11.538370132446289 392.4646911621094
v 11.416691780090332 16.924901962280273 393.7830810546875
v 9.769176483154297 19.1632137298584 562.6398315429688
v 9.783909797668457 17.967771530151367 361.7259216308594
v 10.814576148986816 18.01055908203125 574.758056640625
v 13.552213668823242 22.358678817749023 393.6724853515625
v 9.431307792663574 21.127548217773438 364.5342102050781
v 10.309231758117676 21.552705764770508 420.5167236328125
v 10.041269302368164 21.375885009765625 583.2105102539062
v 10.527103424072266 23.673620223999023 418.98846435546875
v 10.946024894714355 24.41320037841797 413.26611328125
v 11.55370044708252 24.15373992919922 416.81195068359375
v 9.170144081115723 25.277462005615234 562.2219848632812
v 9.383943557739258 26.101245880126953 558.3606567382812
v 9.178088188171387 27.489303588867188 557.728515625
v 9.23336410522461 29.094507217407227 560.0460205078125
v 9.645951271057129 30.248554229736328 558.9984741210938
v 9.288650512695312 31.014896392822266 554.1045532226562
v 9.261465072631836 32.52540969848633 491.7066955566406
v 9.101727485656738 32.36408996582031 494.0799560546875
v 9.301158905029297 32.5928840637207 495.4073181152344
v 8.82399845123291 32.545928955078125 499.50140380859375
v 9.266565322875977 33.37811279296875 489.6265869140625
v 8.849252700805664 33.07707214355469 497.31121826171875
v 9.162511825561523 34.00993728637695 486.2130126953125
v 9.093968391418457 34.97818374633789 483.9599914550781
v 9.207357406616211 34.70390701293945 492.33001708984375
v 9.179317474365234 34.9351806640625 490.31182861328125
v 9.111690521240234 35.72520065307617 553.9345703125
v 9.240391731262207 36.299530029296875 479.1394958496094
v 9.161791801452637 36.41096115112305 484.9361267089844
v 9.244112014770508 36.67075729370117 480.9983825683594
v 9.312225341796875 36.009849548339844 552.3794555664062
v 9.25241470336914 38.031105041503906 473.11590576171875
v 10.268739700317383 -33.09330368041992 56.308353424072266
v 11.234776496887207 -23.466203689575195 81.143798828125
v 10.191985130310059 -20.7591609954834 76.87615203857422
v 10.776386260986328 -17.803438186645508 65.6324691772461
v 10.362980842590332 -16.39806365966797 27.003820419311523
v 10.630009651184082 -16.802448272705078 63.159523010253906
v 10.221776962280273 -15.143186569213867 58.52742385864258
v 10.435641288757324 -11.56566047668457 20.250896453857422
v 10.822237014770508 -12.566452980041504 51.59569549560547
v 10.598566055297852 -10.223550796508789 18.353717803955078
v 10.901329040527344 -8.831282615661621 44.367313385009766
v 10.788206100463867 -5.970180034637451 35.6369743347168
v 10.54871940612793 -5.9084062576293945 30.842567443847656
v 10.463006973266602 -6.22672700881958 33.073211669921875
v 9.81859302520752 -4.580750942230225 14.242376327514648
v 10.011625289916992 -2.179837942123413 13.186948776245117
v 10.333715438842773 -2.7035250663757324 367.3592224121094
v 11.952048301696777 -1.1452200412750244 382.36669921875
v 9.68034553527832 1.6879633665084839 17.20264434814453
v 10.952706336975098 2.5330393314361572 387.9040832519531
v 10.502969741821289 8.629338264465332 392.4384765625
v 10.472888946533203 13.918587684631348 411.205322265625
v 9.673600196838379 15.426361083984375 571.7117919921875
v 10.162288665771484 16.480682373046875 568.0499877929688
v 10.537178039550781 17.054912567138672 575.3707275390625
v 9.725728988647461 18.431049346923828 580.4100952148438
v 11.173758506774902 18.37134552001953 419.9975280761719
v 10.354901313781738 18.57270050048828 362.3849182128906
v 9.81268310546875 19.33993148803711 575.26513671875
v 9.717668533325195 19.719322204589844 571.9288330078125
v 10.14354133605957 21.521085739135742 364.74456787109375
v 11.201041221618652 21.594635009765625 409.4281921386719
v 11.306254386901855 20.522558212280273 580.65771484375
v 9.630118370056152 22.71455955505371 366.0132751464844
v 9.817740440368652 24.038297653198242 560.2103271484375
v 10.239285469055176 22.42953109741211 563.0498046875
v 11.727717399597168 26.003795623779297 380.9776611328125
v 10.235755920410156 25.86918830871582 562.7570190429688
v 9.523236274719238 32.57857131958008 556.7211303710938
v 9.23234748840332 33.40432357788086 494.52984619140625
v 9.501702308654785 33.98129653930664 488.26141357421875
v 9.517915725708008 33.886959075927734 491.5424499511719
v 9.440244674682617 35.094364166259766 485.6990661621094
v 9.459196090698242 35.32756805419922 487.7061767578125
v 9.690752983093262 33.71709060668945 553.2960815429688
v 9.552016258239746 36.48886489868164 477.13934326171875
v 9.403499603271484 37.469757080078125 479.0822448730469
v 9.699651718139648 37.52127456665039 476.4601745605469
v 11.80380916595459 -34.19889450073242 62.78694534301758
v 11.208104133605957 -33.46049880981445 60.112674713134766
v 11.445306777954102 -33.32880401611328 68.8389663696289
v 10.75587272644043 -31.202123641967773 72.94467163085938
v 11.512463569641113 -25.294431686401367 81.27964782714844
v 10.265036582946777 -19.923503875732422 74.91988372802734
v 11.200169563293457 -18.895368576049805 30.831653594970703
v 10.974745750427246 -17.230287551879883 29.075225830078125
v 11.05695915222168 -16.190584182739258 60.90403747558594
v 10.85478401184082 -14.93581485748291 24.813989639282227
v 11.365668296813965 -11.194127082824707 47.61790084838867
v 10.459903717041016 -5.751241683959961 14.3891019821167
v 10.562521934509277 -5.943645477294922 38.73042297363281
v 10.29617977142334 0.5711610317230225 14.224238395690918
v 10.521227836608887 1.0968971252441406 16.259620666503906
v 11.192477226257324 14.090543746948242 393.8719177246094
v 10.74440860748291 13.407477378845215 412.8361511230469
v 11.684198379516602 16.029430389404297 418.2734375
v 11.922683715820312 18.216571807861328 566.437744140625
v 10.13762092590332 17.369007110595703 581.3482055664062
v 10.421698570251465 19.79367446899414 580.0857543945312
v 11.112326622009277 18.521930694580078 583.5879516601562
v 10.37965202331543 20.2963809967041 363.27935791015625
v 11.33597183227539 20.706707000732422 567.2536010742188
v 10.678426742553711 23.04460334777832 365.1492614746094
v 13.485422134399414 25.082908630371094 390.616943359375
v 10.300247192382812 24.1456356048584 368.1098937988281
v 14.862895011901855 27.180940628051758 388.8569641113281
v 10.107866287231445 23.712074279785156 563.74951171875
v 13.399478912353516 25.82136344909668 374.3957214355469
v 10.38029956817627 28.14034652709961 557.5331420898438
v 10.06130599975586 29.628952026367188 555.812255859375
v 9.914122581481934 33.70709991455078 554.4453735351562
v 12.114765167236328 -33.26094436645508 58.86518478393555
v 11.145984649658203 -28.89212417602539 77.48294830322266
v 11.10729694366455 -27.82817268371582 43.1439323425293
v 11.320900917053223 -22.529659271240234 34.833133697509766
v 11.55246353149414 -20.13867950439453 80.29210662841797
v 12.071452140808105 -20.159976959228516 32.37895202636719
v 11.39587116241455 -18.986495971679688 69.83023834228516
v 11.187667846679688 -18.3512020111084 65.81075286865234
v 11.253279685974121 -13.157602310180664 53.448482513427734
v 11.624646186828613 -5.34394645690918 27.39244270324707
v 10.80281925201416 -3.838841199874878 14.987305641174316
v 12.219727516174316 -3.4450650215148926 372.4107666015625
v 12.74898624420166 -3.328080654144287 370.6744079589844
v 10.723809242248535 -3.568493366241455 374.7102355957031
v 12.97093677520752 -1.9990968704223633 380.6039733886719
v 10.800928115844727 -0.4566505253314972 20.049739837646484
v 10.991963386535645 -0.6231096386909485 18.837060928344727
v 11.849626541137695 1.6729106903076172 361.77020263671875
v 10.70877456665039 9.75694465637207 358.60211181640625
v 11.45503044128418 13.399991989135742 414.4876403808594
v 11.399085998535156 16.018447875976562 571.9400634765625
v 10.89608097076416 15.764790534973145 570.765380859375
v 11.475454330444336 16.376144409179688 360.77716064453125
v 10.75603199005127 18.567703247070312 579.464599609375
v 11.491938591003418 17.21967315673828 582.3893432617188
v 10.441014289855957 19.124868392944336 573.6615600585938
v 11.692142486572266 19.983320236206055 566.3724975585938
v 10.904772758483887 20.37246322631836 569.9432983398438
v 11.822671890258789 19.990022659301758 583.1692504882812
v 11.906465530395508 20.77940559387207 563.4638061523438
v 10.641046524047852 25.155986785888672 559.1975708007812
v 10.587895393371582 29.367769241333008 559.1537475585938
v 10.433797836303711 31.174415588378906 557.1314697265625
v 10.64090347290039 30.3609619140625 556.6460571289062
v 12.482260704040527 -34.15439987182617 65.75663757324219
v 11.6107816696167 -31.66485595703125 52.56366729736328
v 12.605462074279785 -30.761943817138672 76.26388549804688
v 11.5902681350708 -14.37398910522461 56.280189514160156
v 11.111536979675293 -6.831939220428467 15.622339248657227
v 11.574968338012695 -5.624815464019775 28.636661529541016
v 10.989886283874512 -1.248338222503662 14.449071884155273
v 11.244732856750488 -2.0237298011779785 21.851709365844727
v 11.31931209564209 -1.9508981704711914 365.5771789550781
v 11.041855812072754 0.10545635968446732 15.738639831542969
v 11.063091278076172 4.700489521026611 359.5719299316406
v 10.982568740844727 12.69113826751709 359.0791015625
v 11.684270858764648 11.841970443725586 394.0722961425781
v 11.282464027404785 17.115406036376953 566.7393798828125
v 10.932718276977539 16.977664947509766 579.7034301757812
v 11.595938682556152 19.498374938964844 579.4881591796875
v 12.06714153289795 20.555023193359375 581.7725219726562
v 10.986679077148438 21.670330047607422 363.7520446777344
v 11.758657455444336 21.50727653503418 565.087890625
v 11.995409965515137 22.304826736450195 565.3094482421875
v 11.583910942077637 22.0794620513916 561.9591064453125
v 11.166547775268555 24.33551025390625 564.264404296875
v 11.235010147094727 26.284883499145508 562.017822265625
v 10.908047676086426 28.911333084106445 558.3487548828125
v 11.985294342041016 -32.573455810546875 55.9455680847168
v 12.152212142944336 -29.815044403076172 48.72492980957031
v 11.279600143432617 -21.5897274017334 80.8681869506836
v 12.597408294677734 -17.7070369720459 78.69792938232422
v 12.507657051086426 -17.604707717895508 76.30500793457031
v 12.9641752243042 -18.56449317932129 68.84648132324219
v 11.909729957580566 -15.666019439697266 27.498273849487305
v 12.152155876159668 -15.623834609985352 58.15306854248047
v 11.769219398498535 -12.860445022583008 23.31151008605957
v 11.89863109588623 -12.035587310791016 49.06476974487305
v 12.085638046264648 -10.263038635253906 20.74547004699707
v 12.627336502075195 -7.7291412353515625 42.44895935058594
v 11.651113510131836 -6.551277160644531 40.87730407714844
v 11.883419036865234 -5.506205081939697 15.86246395111084
v 12.744483947753906 -5.464868545532227 38.22954559326172
v 11.526427268981934 -4.048631191253662 15.361312866210938
v 11.754573822021484 -4.208783149719238 25.381093978881836
v 12.006393432617188 -3.5548133850097656 22.736156463623047
v 11.638858795166016 -2.455291271209717 16.831520080566406
v 11.41900634765625 -3.412147283554077 15.973933219909668
v 11.899155616760254 -1.4081757068634033 18.556549072265625
v 12.64506721496582 0.6835497617721558 386.53619384765625
v 12.956696510314941 7.580704212188721 359.075927734375
v 12.652652740478516 10.058024406433105 394.2507019042969
v 12.733634948730469 10.157362937927246 358.9117431640625
v 11.784034729003906 14.798012733459473 359.9396667480469
v 11.533173561096191 13.966140747070312 578.5197143554688
v 11.138443946838379 13.277448654174805 577.2003784179688
v 11.005757331848145 15.793686866760254 578.10400390625
v 12.51020336151123 14.61573314666748 409.4643859863281
v 11.02928638458252 15.49891471862793 576.5233154296875
v 12.694969177246094 15.91357421875 408.515625
v 11.90104866027832 16.338272094726562 580.305908203125
v 11.132495880126953 17.623016357421875 577.5045166015625
v 12.9077730178833 17.600709915161133 408.1500244140625
v 11.826834678649902 18.326419830322266 361.2498474121094
v 12.236884117126465 18.962556838989258 566.838623046875
v 12.074551582336426 19.12460708618164 571.0554809570312
v 11.330289840698242 20.016733169555664 362.65850830078125
v 12.132587432861328 20.308385848999023 419.4588623046875
v 11.590234756469727 21.00444793701172 564.2861328125
v 12.409546852111816 21.836078643798828 418.6082458496094
v 12.527222633361816 23.293472290039062 411.96832275390625
v 12.415709495544434 22.968299865722656 417.54156494140625
v 11.747671127319336 24.995962142944336 563.666259765625
v 11.733587265014648 24.543493270874023 560.423095703125
v 11.488566398620605 27.05556297302246 559.975830078125
v 12.510650634765625 -32.33083724975586 72.06724548339844
v 12.47152042388916 -27.658178329467773 81.31817626953125
v 12.261900901794434 -24.10134506225586 37.473541259765625
v 11.629192352294922 -25.286041259765625 84.5632095336914
v 11.33598804473877 -22.533817291259766 84.84838104248047
v 11.694520950317383 -24.123851776123047 87.38983154296875
v 11.724021911621094 -22.92188835144043 89.1002426147461
v 12.791202545166016 -21.477649688720703 34.59814453125
v 12.22640323638916 -20.060937881469727 89.51800537109375
v 11.99319839477539 -19.272512435913086 84.18647766113281
v 12.255703926086426 -8.529695510864258 19.03316879272461
v 12.344294548034668 -7.206374168395996 32.490020751953125
v 12.342427253723145 -6.5945587158203125 34.060401916503906
v 12.25046157836914 -5.7642083168029785 36.93260955810547
v 13.680710792541504 -5.406020641326904 39.31328582763672
v 13.906575202941895 -2.7061967849731445 378.181396484375
v 11.690999031066895 4.475897312164307 208.293212890625
v 11.557631492614746 6.581096172332764 210.86163330078125
v 11.602581024169922 4.366514682769775 211.90419006347656
v 11.378226280212402 7.084980487823486 213.55734252929688
v 11.566694259643555 4.844964504241943 214.3336181640625
v 11.408146858215332 7.46722936630249 217.40415954589844
v 12.039188385009766 4.063356399536133 219.08706665039062
v 11.826139450073242 5.251992702484131 217.0785369873047
v 11.622899055480957 8.200299263000488 216.07528686523438
v 11.756736755371094 6.797060489654541 220.6569366455078
v 12.536290168762207 6.133482456207275 392.4331970214844
v 11.459763526916504 8.86359977722168 219.07969665527344
v 11.866133689880371 8.625672340393066 210.0452423095703
v 11.617086410522461 9.242217063903809 212.74734497070312
v 11.64391803741455 10.569021224975586 216.5410919189453
v 11.80143928527832 11.145301818847656 222.203857421875
v 11.582605361938477 10.688505172729492 225.30520629882812
v 11.385282516479492 12.673824310302734 227.10226440429688
v 11.785651206970215 9.830598831176758 228.5434112548828
v 11.742530822753906 11.822583198547363 229.98838806152344
v 11.261008262634277 13.377853393554688 395.3413391113281
v 11.483721733093262 12.98832893371582 397.61962890625
v 11.65365219116211 13.307295799255371 223.6184539794922
v 11.635181427001953 15.262125015258789 228.16798400878906
v 11.69143009185791 13.412463188171387 575.71337890625
v 12.055702209472656 11.953544616699219 576.2708740234375
v 12.025233268737793 11.484800338745117 577.7362670898438
v 13.251852035522461 13.05142593383789 413.2051696777344
v 12.466672897338867 13.549711227416992 411.0046691894531
v 11.643595695495605 15.379719734191895 225.37979125976562
v 11.164582252502441 15.511215209960938 394.9969787597656
v 11.602319717407227 14.896096229553223 399.2617492675781
v 12.010087013244629 13.01445484161377 400.38812255859375
v 11.888753890991211 16.130142211914062 575.6383056640625
v 11.783446311950684 16.343381881713867 399.0694580078125
v 11.894220352172852 15.301443099975586 579.0570068359375
v 12.261856079101562 17.121009826660156 569.4995727539062
v 12.563446044921875 17.1390380859375 418.47052001953125
v 12.171000480651855 17.4257869720459 571.835205078125
v 11.847399711608887 18.516765594482422 577.3875732421875
v 12.345479011535645 18.350704193115234 582.9324340820312
v 12.078913688659668 21.778560638427734 363.2369079589844
v 12.679635047912598 23.94625473022461 367.5700378417969
v 12.07310962677002 25.491146087646484 561.1741943359375
v 13.707966804504395 -32.482994079589844 59.39272689819336
v 13.601245880126953 -32.74042892456055 71.3922348022461
v 13.225105285644531 -31.657861709594727 54.92198944091797
v 13.051409721374512 -30.91498565673828 52.411888122558594
v 13.937987327575684 -29.611961364746094 80.77993774414062
v 12.87035083770752 -27.181425094604492 43.577667236328125
v 12.552534103393555 -27.599063873291016 84.7382583618164
v 12.09183406829834 -25.95220947265625 87.30490112304688
v 12.051021575927734 -25.22006607055664 90.84700012207031
v 12.013359069824219 -23.603729248046875 93.41144561767578
v 12.368962287902832 -24.825607299804688 94.56625366210938
v 12.129849433898926 -21.027633666992188 92.83529663085938
v 12.703649520874023 -17.84616470336914 64.73353576660156
v 13.490350723266602 -17.265504837036133 62.0942268371582
v 12.951108932495117 -16.726119995117188 60.44002151489258
v 12.714003562927246 -13.326957702636719 25.08822250366211
v 13.14964771270752 -10.14411735534668 45.172115325927734
v 13.427112579345703 -9.128266334533691 43.39726257324219
v 12.757173538208008 -7.497500896453857 30.314849853515625
v 12.232527732849121 -3.3798515796661377 16.6160945892334
v 12.359716415405273 -3.522542953491211 374.6856994628906
v 12.58697509765625 -0.12069086730480194 363.0222473144531
v 12.31849193572998 -0.1450243443250656 202.35397338867188
v 12.062726020812988 1.85141921043396 202.37953186035156
v 11.867607116699219 2.140080690383911 205.14337158203125
v 12.327258110046387 -0.3215476870536804 206.3638458251953
v 11.909025192260742 3.1733102798461914 207.39114379882812
v 13.340965270996094 2.64827036857605 389.9786071777344
v 11.995820999145508 1.8416365385055542 209.45188903808594
v 12.206239700317383 2.207890033721924 214.69297790527344
v 12.687217712402344 4.299930572509766 360.1526184082031
v 12.389365196228027 3.614650249481201 200.8651123046875
v 12.118589401245117 5.245762348175049 203.70509338378906
v 12.539214134216309 2.831413507461548 217.68359375
v 12.139533996582031 6.034235000610352 206.18637084960938
v 13.895331382751465 4.1230926513671875 391.7165222167969
v 12.44672679901123 5.913887023925781 223.6843719482422
v 12.118457794189453 7.749758243560791 207.25888061523438
v 11.903937339782715 8.586695671081543 223.53016662597656
v 12.260673522949219 7.515024662017822 226.3667755126953
v 12.457025527954102 12.288644790649414 214.6663055419922
v 12.482667922973633 10.206665992736816 209.01715087890625
v 12.199798583984375 11.292426109313965 211.95382690429688
v 12.65018081665039 8.183733940124512 230.80905151367188
v 12.308432579040527 10.812946319580078 396.99395751953125
v 12.15066909790039 12.441360473632812 215.81275939941406
v 12.69880485534668 14.592757225036621 218.92384338378906
v 12.569350242614746 15.005516052246094 221.05963134765625
v 12.619513511657715 12.450394630432129 579.2349243164062
v 12.484493255615234 12.39567756652832 359.16455078125
v 13.737689971923828 13.586821556091309 414.9282531738281
v 12.842989921569824 13.66353988647461 575.0289306640625
v 12.568278312683105 16.470319747924805 221.89569091796875
v 12.246845245361328 14.378399848937988 232.6558837890625
v 12.508729934692383 15.531559944152832 402.3387145996094
v 12.24976634979248 17.23230743408203 231.05859375
v 12.675337791442871 18.56290626525879 224.3140106201172
v 12.223538398742676 17.763572692871094 226.3783416748047
v 12.727828025817871 19.042293548583984 577.7400512695312
v 12.478514671325684 20.528573989868164 362.1122131347656
v 12.378847122192383 18.928125381469727 361.66900634765625
v 12.245414733886719 19.558591842651367 568.3093872070312
v 12.482413291931152 19.98796272277832 580.6853637695312
v 13.646093368530273 19.400136947631836 408.40814208984375
v 11.895570755004883 19.866905212402344 564.7534790039062
v 12.609745025634766 20.420316696166992 566.164306640625
v 13.008708953857422 20.479602813720703 563.0050659179688
v 12.424710273742676 22.77824592590332 561.647216796875
v 13.523852348327637 23.104419708251953 412.9000549316406
v 12.890825271606445 24.042316436767578 562.1142578125
v 15.557385444641113 28.16637420654297 386.6891174316406
v 13.030410766601562 24.236188888549805 563.1069946289062
v 13.84524917602539 -33.562255859375 61.98876190185547
v 13.780067443847656 -33.47613525390625 67.5506362915039
v 12.70165729522705 -27.43459701538086 87.25691986083984
v 12.846534729003906 -27.226531982421875 92.95101165771484
v 12.431241989135742 -22.516706466674805 95.42707061767578
v 13.813477516174316 -22.031898498535156 35.724124908447266
v 12.962175369262695 -20.1453800201416 95.96246337890625
v 13.205076217651367 -18.314559936523438 93.67097473144531
v 13.427742958068848 -17.665006637573242 89.82986450195312
v 13.043756484985352 -18.456510543823242 65.04950714111328
v 13.907118797302246 -18.20903968811035 31.631324768066406
v 12.637835502624512 -17.858129501342773 72.78048706054688
v 13.303916931152344 -15.11724853515625 29.411239624023438
v 13.369702339172363 -15.148890495300293 55.84363555908203
v 13.427679061889648 -14.181068420410156 53.18086242675781
v 13.30072021484375 -13.607184410095215 51.11182403564453
v 13.538990020751953 -13.21320915222168 49.939491271972656
v 12.870467185974121 -11.109233856201172 23.534591674804688
v 13.518693923950195 -12.817760467529297 48.412872314453125
v 12.64368724822998 -5.528075695037842 17.98396873474121
v 13.106958389282227 -7.180270195007324 28.284141540527344
v 13.196718215942383 -4.247485637664795 35.153438568115234
v 12.972626686096191 -4.9890666007995605 34.253421783447266
v 12.835551261901855 -5.5258588790893555 24.762619018554688
v 13.10038948059082 -7.0400166511535645 26.14171600341797
v 12.575884819030762 -3.267561197280884 18.153194427490234
v 12.84506893157959 -4.941633701324463 21.845949172973633
v 13.753686904907227 -3.608823299407959 371.8347473144531
v 15.142428398132324 -2.7221977710723877 368.57958984375
v 12.960210800170898 -3.9109113216400146 196.955810546875
v 12.432707786560059 -1.3015588521957397 197.636474609375
v 12.613419532775879 -2.073390007019043 199.8869171142578
v 12.673931121826172 -1.4341840744018555 194.78546142578125
v 12.440805435180664 1.2851309776306152 197.49618530273438
v 13.087894439697266 -2.8646163940429688 203.799560546875
v 12.877076148986816 0.6541160941123962 193.97329711914062
v 12.645025253295898 -0.19408319890499115 208.65756225585938
v 12.97713565826416 -0.390089213848114 212.19105529785156
v 13.013031959533691 1.886051058769226 219.95594787597656
v 12.962908744812012 7.519489765167236 202.56004333496094
v 13.100893020629883 9.004840850830078 205.08311462402344
v 13.89274787902832 8.721673965454102 394.4692077636719
v 13.335307121276855 10.238825798034668 205.68692016601562
v 13.231748580932617 13.235114097595215 210.70127868652344
v 12.981234550476074 10.638694763183594 576.9652709960938
v 13.33834457397461 11.82125473022461 575.424560546875
v 12.88343334197998 11.264094352722168 400.570068359375
v 13.241562843322754 10.836265563964844 579.9244995117188
v 12.80373764038086 12.790946006774902 234.30838012695312
v 12.988788604736328 14.17525577545166 214.89590454101562
v 13.4796724319458 11.907354354858398 403.20989990234375
v 12.630748748779297 13.957754135131836 403.05352783203125
v 13.141698837280273 14.966184616088867 359.4610595703125
v 13.257858276367188 15.336559295654297 575.0919189453125
v 12.65633773803711 16.699007034301758 401.5117492675781
v 13.885683059692383 14.779982566833496 416.4578857421875
v 13.314167022705078 17.10892105102539 575.8527221679688
v 12.963298797607422 16.59025001525879 580.8742065429688
v 13.036351203918457 15.226877212524414 579.2949829101562
v 12.905659675598145 18.322311401367188 399.5197448730469
v 12.520624160766602 18.15045166015625 570.137939453125
v 12.810688972473145 19.66629981994629 229.26434326171875
v 12.7610445022583 17.437559127807617 360.61004638671875
v 12.800562858581543 19.189775466918945 361.189697265625
v 13.699789047241211 17.61151885986328 566.2492065429688
v 13.623828887939453 17.97261619567871 564.5260620117188
v 13.245292663574219 20.295665740966797 394.55377197265625
v 13.984524726867676 22.57215690612793 365.0163879394531
v 13.381058692932129 23.63031005859375 564.2139892578125
v 13.180264472961426 22.8538875579834 565.2994995117188
v 15.204490661621094 25.747745513916016 373.4505310058594
v 13.656431198120117 -28.743553161621094 48.400726318359375
v 13.549142837524414 -28.731184005737305 90.58287811279297
v 13.713623046875 -23.569007873535156 37.86232376098633
v 13.621438026428223 -22.715303421020508 99.177001953125
v 14.186142921447754 -18.619733810424805 67.62940216064453
v 14.273537635803223 -18.191572189331055 63.745731353759766
v 13.810384750366211 -16.492904663085938 85.47039031982422
v 13.185615539550781 -16.536605834960938 29.862390518188477
v 14.03844165802002 -16.370769500732422 76.1221694946289
v 14.0038480758667 -16.467668533325195 57.4534797668457
v 13.579085350036621 -12.245209693908691 25.876354217529297
v 13.156183242797852 -8.76948356628418 22.06429672241211
v 13.485098838806152 -8.480324745178223 31.710853576660156
v 12.96342658996582 -6.628086090087891 33.279945373535156
v 13.191301345825195 -4.167839527130127 33.44536590576172
v 13.083648681640625 -5.967681884765625 21.329248428344727
v 13.408973693847656 -4.257110118865967 37.14925003051758
v 13.146422386169434 -4.199326515197754 192.0729217529297
v 13.092374801635742 -1.560085415840149 191.31080627441406
v 13.284546852111816 -4.524179458618164 199.3333740234375
v 13.199440002441406 -2.478297233581543 207.07838439941406
v 16.143327713012695 -1.4032158851623535 366.05487060546875
v 13.651784896850586 -2.293550968170166 209.38497924804688
v 13.790515899658203 0.2928922176361084 218.3328857421875
v 13.563610076904297 2.1915159225463867 361.0726013183594
v 14.999165534973145 0.9454048275947571 388.5848388671875
v 13.113882064819336 3.774104118347168 196.01748657226562
v 13.385315895080566 2.386115789413452 193.24258422851562
v 12.72237491607666 4.776305198669434 18.858617782592773
v 13.184819221496582 2.2657077312469482 21.539670944213867
v 13.250288009643555 3.1782188415527344 17.791297912597656
v 13.333786964416504 2.998293161392212 24.39350128173828
v 13.32420539855957 3.2887465953826904 223.43601989746094
v 13.243515968322754 6.0479254722595215 199.55064392089844
v 12.936118125915527 6.032529830932617 19.617555618286133
v 13.686326026916504 4.7626519203186035 228.20782470703125
v 14.270818710327148 2.8484973907470703 226.03680419921875
v 13.7247314453125 6.124114990234375 231.47434997558594
v 13.633185386657715 9.95232105255127 578.7359619140625
v 13.734580993652344 10.257713317871094 235.4201202392578
v 13.303351402282715 9.790968894958496 397.7124328613281
v 13.31663990020752 11.81226634979248 208.20065307617188
v 13.185598373413086 12.819820404052734 407.3353271484375
v 12.837228775024414 14.121986389160156 408.1101989746094
v 13.39066219329834 12.936551094055176 410.89044189453125
v 12.732741355895996 15.176798820495605 405.8387451171875
v 13.927763938903809 13.529780387878418 579.4694213867188
v 13.08283519744873 16.70478057861328 405.2867736816406
v 13.930754661560059 15.546149253845215 579.0523071289062
v 13.451947212219238 18.504152297973633 237.10768127441406
v 13.255032539367676 17.519500732421875 407.6337585449219
v 13.326131820678711 18.04071617126465 401.1008605957031
v 14.313986778259277 18.705101013183594 417.57470703125
v 14.721942901611328 19.946685791015625 417.01953125
v 13.34829330444336 18.865514755249023 581.6863403320312
v 14.180283546447754 22.506149291992188 236.4229736328125
v 13.529037475585938 19.648509979248047 361.24774169921875
v 13.735607147216797 18.98031234741211 578.1171875
v 14.284516334533691 18.659114837646484 578.9523315429688
v 14.604809761047363 20.6878662109375 409.2812194824219
v 14.222064018249512 20.09825897216797 566.7645263671875
v 15.109268188476562 21.399208068847656 410.3569641113281
v 13.966413497924805 26.76803207397461 378.5605773925781
v 14.790414810180664 -32.90144348144531 70.59186553955078
v 14.549372673034668 -31.75290298461914 75.48002624511719
v 14.155913352966309 -29.57848358154297 86.48922729492188
v 13.925211906433105 -25.97885513305664 98.84783172607422
v 14.733325958251953 -28.048236846923828 98.42822265625
v 14.731294631958008 -24.835607528686523 42.18320846557617
v 14.44752311706543 -19.488962173461914 33.05266189575195
v 13.994521141052246 -19.016883850097656 97.67223358154297
v 14.369288444519043 -17.46059799194336 71.51347351074219
v 14.069045066833496 -16.84346580505371 92.39257049560547
v 14.08200454711914 -15.893315315246582 79.3872299194336
v 13.557369232177734 -9.155797004699707 24.656375885009766
v 13.44659423828125 -7.168718338012695 23.42437744140625
v 13.822632789611816 -9.192039489746094 29.739194869995117
v 13.52457046508789 -7.6289591789245605 32.32228088378906
v 15.282170295715332 -5.608958721160889 40.46908187866211
v 13.953577995300293 -5.101860523223877 30.631006240844727
v 13.991015434265137 -7.371750831604004 190.8772735595703
v 13.968615531921387 -7.1475348472595215 194.3363800048828
v 14.383938789367676 -4.616867542266846 207.15093994140625
v 13.929472923278809 1.487878441810608 190.3284149169922
v 13.65176010131836 0.1625351458787918 23.220884323120117
v 13.281769752502441 1.3817200660705566 24.25626564025879
v 13.718328475952148 0.544945478439331 26.841524124145508
v 13.27003288269043 5.351337432861328 16.671112060546875
v 14.320481300354004 4.556032657623291 359.8218688964844
v 13.73585319519043 6.020617485046387 22.596843719482422
v 14.388860702514648 6.397770404815674 195.57461547851562
v 13.251251220703125 6.457134246826172 14.939045906066895
v 13.057840347290039 7.127578258514404 16.145753860473633
v 13.405898094177246 7.452995300292969 18.320005416870117
v 13.817086219787598 7.396979331970215 20.717405319213867
v 14.233165740966797 7.988579273223877 358.8631591796875
v 13.31235408782959 9.40160083770752 16.012434005737305
v 13.239917755126953 9.486700057983398 14.44592571258545
v 13.698546409606934 8.719637870788574 13.104532241821289
v 14.104019165039062 9.391264915466309 201.5953826904297
v 13.81560230255127 11.258065223693848 14.73969841003418
v 14.2814359664917 9.783659934997559 400.5374450683594
v 13.953895568847656 11.56567096710205 358.79461669921875
v 13.934635162353516 12.301560401916504 580.8113403320312
v 13.872237205505371 11.399930000305176 405.2237548828125
v 14.008227348327637 11.69158935546875 408.34521484375
v 14.194401741027832 14.095459938049316 239.16619873046875
v 14.52503490447998 16.351795196533203 213.8875732421875
v 13.745841979980469 17.200788497924805 238.7387237548828
v 14.444252967834473 17.734268188476562 218.1189422607422
v 13.9824857711792 14.398980140686035 359.2992858886719
v 14.092062950134277 17.0355167388916 417.592529296875
v 14.382115364074707 18.299455642700195 219.38153076171875
v 13.754934310913086 17.65774917602539 360.1730651855469
v 13.85237979888916 17.247453689575195 580.63330078125
v 14.061174392700195 18.889568328857422 220.3250274658203
v 13.816726684570312 18.060556411743164 405.33856201171875
v 13.528215408325195 19.895462036132812 223.26806640625
v 13.87912654876709 21.03388023376465 237.47296142578125
v 14.807021141052246 17.52311897277832 564.421630859375
v 14.49504280090332 17.678842544555664 567.4007568359375
v 13.861281394958496 20.036354064941406 396.5029602050781
v 13.859602928161621 21.8013973236084 227.81405639648438
v 15.329050064086914 20.86298179626465 363.1067199707031
v 13.83065128326416 21.885934829711914 562.6458740234375
v 15.158293724060059 21.260990142822266 415.661376953125
v 15.313718795776367 21.90938949584961 413.9803771972656
v 14.281776428222656 22.6160888671875 563.5013427734375
v 15.401116371154785 26.83925437927246 377.0278015136719
v 15.077613830566406 -33.35237121582031 64.3277587890625
v 15.041646957397461 -31.64615249633789 58.38065719604492
v 14.762474060058594 -30.228052139282227 54.14265060424805
v 15.191304206848145 -30.665803909301758 80.45269012451172
v 14.291482925415039 -29.154375076293945 93.81451416015625
v 14.61983585357666 -26.101667404174805 44.21739959716797
v 14.889629364013672 -23.37076759338379 39.140174865722656
v 14.825345039367676 -20.784221649169922 35.60886001586914
v 14.138772964477539 -21.400827407836914 100.18589782714844
v 14.905705451965332 -19.151105880737305 63.97392272949219
v 14.406764030456543 -17.53899574279785 96.50324249267578
v 15.501076698303223 -15.90575122833252 74.64987182617188
v 14.239428520202637 -15.311396598815918 30.09856605529785
v 14.18885326385498 -13.48310375213623 29.945480346679688
v 14.175451278686523 -11.79767894744873 28.67340850830078
v 14.028340339660645 -10.644134521484375 26.438398361206055
v 14.80837345123291 -13.846906661987305 48.16469192504883
v 13.973445892333984 -9.101672172546387 27.430992126464844
v 14.41845989227295 -9.007392883300781 31.787179946899414
v 13.970553398132324 -6.292110919952393 187.60049438476562
v 13.753755569458008 -3.5318288803100586 31.76066780090332
v 14.279955863952637 -5.8978471755981445 201.42030334472656
v 14.33524227142334 -4.647439002990723 184.83206176757812
v 14.808534622192383 -5.693606376647949 204.61326599121094
v 14.614293098449707 -3.1623992919921875 36.916500091552734
v 14.180047035217285 -2.511327028274536 29.5363712310791
v 14.016416549682617 -2.6207563877105713 34.51396560668945
v 14.6885347366333 -1.5661617517471313 33.032344818115234
v 17.702159881591797 -1.8102995157241821 382.3053894042969
v 14.625012397766113 -3.334782123565674 211.55186462402344
v 14.202603340148926 -1.9040141105651855 26.32074737548828
v 14.05622673034668 1.1297969818115234 27.982221603393555
v 14.52611255645752 -0.38115787506103516 385.63275146484375
v 14.388056755065918 0.0006393391522578895 220.947021484375
v 14.053739547729492 0.7805497050285339 20.779394149780273
v 13.888684272766113 2.2717175483703613 17.403518676757812
v 14.73161792755127 1.1840487718582153 224.1286163330078
v 14.304976463317871 3.6859662532806396 26.26809310913086
v 14.613654136657715 4.805706977844238 192.32708740234375
v 14.561324119567871 3.547715187072754 15.128312110900879
v 14.214607238769531 5.613221168518066 13.519769668579102
v 15.6511812210083 7.530964374542236 394.74127197265625
v 14.693278312683105 9.31632137298584 18.722734451293945
v 14.459614753723145 8.020760536193848 198.6951446533203
v 14.454405784606934 10.284200668334961 12.256111145019531
v 13.796573638916016 10.766303062438965 13.495301246643066
v 14.048249244689941 10.865894317626953 16.481351852416992
v 14.56776237487793 10.057082176208496 577.2782592773438
v 14.761244773864746 11.564678192138672 204.0478973388672
v 14.095396041870117 11.54288387298584 571.2516479492188
v 13.675649642944336 12.754096984863281 571.1288452148438
v 13.67393970489502 11.75940990447998 572.2042846679688
v 14.689620018005371 11.386913299560547 582.2088623046875
v 13.600905418395996 13.270267486572266 572.1484985351562
v 13.994577407836914 13.312335968017578 573.0929565429688
v 14.379920959472656 11.715320587158203 573.2818603515625
v 14.502920150756836 11.950736999511719 410.3716735839844
v 15.022622108459473 12.194096565246582 412.2279968261719
v 14.478633880615234 13.2824068069458 580.25537109375
v 14.870733261108398 14.102638244628906 207.5188751220703
v 14.674050331115723 12.823626518249512 575.376953125
v 14.600881576538086 15.750411033630371 213.24905395507812
v 14.266223907470703 15.44937515258789 359.2766418457031
v 14.639442443847656 16.382099151611328 566.374267578125
v 14.442182540893555 17.958017349243164 579.6342163085938
v 14.360980987548828 19.079870223999023 402.46795654296875
v 14.199325561523438 18.86642837524414 407.55120849609375
v 14.520956993103027 17.904722213745117 360.18304443359375
v 14.762499809265137 19.36847496032715 400.8377380371094
v 14.53872013092041 21.841989517211914 242.23265075683594
v 15.255524635314941 18.013256072998047 564.1486206054688
v 14.509163856506348 20.534334182739258 563.493896484375
v 14.539605140686035 21.833463668823242 224.21795654296875
v 14.726287841796875 24.037384033203125 234.80789184570312
v 14.194580078125 21.68773651123047 565.6439819335938
v 15.900199890136719 -32.7875862121582 66.32612609863281
v 15.532508850097656 -31.146434783935547 59.22056198120117
v 15.38852310180664 -30.62662696838379 92.28085327148438
v 14.948981285095215 -24.17460060119629 104.16719818115234
v 16.19660758972168 -19.364551544189453 66.51594543457031
v 15.784283638000488 -18.447551727294922 68.53079986572266
v 15.164571762084961 -18.02781105041504 59.466285705566406
v 15.216879844665527 -16.143869400024414 95.7082748413086
v 15.461600303649902 -15.420632362365723 89.93511962890625
v 15.107771873474121 -16.44271469116211 55.24038314819336
v 15.45093059539795 -15.470687866210938 50.892242431640625
v 15.338382720947266 -14.591866493225098 48.93877029418945
v 14.4911470413208 -11.962762832641602 30.38454246520996
v 15.126150131225586 -10.692063331604004 43.63521957397461
v 14.380508422851562 -10.506220817565918 30.891401290893555
v 16.205808639526367 -10.768399238586426 43.07599639892578
v 15.170980453491211 -7.638397216796875 30.58579444885254
v 15.26394271850586 -10.14915657043457 184.9864501953125
v 14.565153121948242 -7.309375762939453 197.9693145751953
v 14.566055297851562 -3.6965410709381104 28.62699317932129
v 15.056400299072266 -5.603496551513672 28.72493553161621
v 15.517476081848145 -3.852839469909668 38.992977142333984
v 15.178980827331543 -4.230734348297119 210.2275848388672
v 14.460814476013184 -0.976539671421051 30.34247398376465
v 14.865388870239258 -1.8677563667297363 184.26829528808594
v 14.48625373840332 -1.0512477159500122 186.53111267089844
v 14.533196449279785 -0.8016577363014221 22.460351943969727
v 16.659814834594727 0.36198413372039795 363.6476745605469
v 15.331183433532715 1.082779049873352 17.172443389892578
v 16.121549606323242 2.1856188774108887 390.6509094238281
v 15.354808807373047 4.159095764160156 232.46360778808594
v 14.77121353149414 8.464374542236328 11.994108200073242
v 15.516088485717773 7.8150634765625 236.85205078125
v 15.26645565032959 8.244257926940918 397.2261657714844
v 16.537296295166016 10.044853210449219 358.8046875
v 14.563211441040039 9.964948654174805 580.4223022460938
v 15.139701843261719 12.22445297241211 13.05202579498291
v 14.920559883117676 10.482542037963867 403.2926330566406
v 14.706695556640625 12.287349700927734 14.162027359008789
v 14.791197776794434 11.960916519165039 16.24171257019043
v 14.703096389770508 11.035463333129883 572.4387817382812
v 14.885783195495605 12.109947204589844 570.4689331054688
v 14.718086242675781 12.74205207824707 582.3667602539062
v 15.699925422668457 14.342340469360352 206.5868682861328
v 14.539984703063965 13.387693405151367 570.7149658203125
v 14.524590492248535 12.616162300109863 573.5623168945312
v 14.455819129943848 14.063278198242188 571.902587890625
v 14.907394409179688 15.495840072631836 210.1507110595703
v 14.661269187927246 14.640192985534668 575.6244506835938
v 14.887651443481445 13.740157127380371 578.8956909179688
v 14.709117889404297 16.579614639282227 576.9194946289062
v 14.638688087463379 16.052528381347656 578.3659057617188
v 14.57975959777832 16.770448684692383 567.5323486328125
v 14.938217163085938 20.048025131225586 399.27154541015625
v 15.08288288116455 21.819637298583984 222.21937561035156
v 15.936381340026855 22.18410301208496 395.7826232910156
v 14.864893913269043 21.476900100708008 564.6950073242188
v 15.788954734802246 25.921159744262695 234.10565185546875
v 15.224654197692871 26.417770385742188 390.96435546875
v 17.893177032470703 29.240392684936523 382.37451171875
v 16.16634750366211 28.64814567565918 385.1351318359375
v 16.607715606689453 28.84299659729004 383.71051025390625
v 16.29900550842285 -31.831356048583984 61.38264846801758
v 16.187772750854492 -32.69053649902344 69.95953369140625
v 16.338830947875977 -32.086666107177734 74.77247619628906
v 15.511148452758789 -30.803630828857422 86.53766632080078
v 15.181645393371582 -27.56602668762207 49.17192459106445
v 14.769621849060059 -26.330739974975586 102.34703826904297
v 14.925056457519531 -22.482208251953125 103.84833526611328
v 15.201889991760254 -20.34503746032715 102.91767883300781
v 16.370361328125 -17.616695404052734 33.448307037353516
v 16.43195152282715 -17.73073959350586 70.21871948242188
v 15.953855514526367 -14.473360061645508 78.46418762207031
v 15.18598747253418 -12.86251163482666 30.73646354675293
v 15.513870239257812 -10.515708923339844 31.935625076293945
v 16.537282943725586 -8.666810035705566 42.4654655456543
v 14.989179611206055 -9.613330841064453 190.39700317382812
v 15.695277214050293 -10.388187408447266 193.30645751953125
v 14.733793258666992 -7.6406168937683105 183.96759033203125
v 14.963006019592285 -8.26802921295166 181.32666015625
v 14.819607734680176 -5.260368347167969 183.07601928710938
v 15.106767654418945 -5.89293098449707 180.4962615966797
v 15.500073432922363 -4.641719341278076 27.780195236206055
v 15.309678077697754 -3.3392274379730225 182.23782348632812
v 15.402623176574707 -4.100299835205078 26.742965698242188
v 16.58674430847168 -2.6428442001342773 376.7657165527344
v 15.386536598205566 -1.7702832221984863 35.686607360839844
v 15.696100234985352 -2.784820318222046 216.4718780517578
v 15.229578971862793 0.23779314756393433 30.961727142333984
v 15.269791603088379 -1.3163906335830688 219.9742431640625
v 15.460128784179688 0.09113603830337524 19.632753372192383
v 15.563478469848633 1.3473353385925293 186.172607421875
v 15.246378898620605 3.6572425365448 189.3916473388672
v 15.472332000732422 2.6740622520446777 229.43460083007812
v 15.47219181060791 6.684828758239746 24.202783584594727
v 15.663285255432129 6.337704658508301 359.41680908203125
v 15.287153244018555 9.513800621032715 19.377832412719727
v 15.482876777648926 10.14561653137207 199.39651489257812
v 15.852161407470703 9.689366340637207 579.8697509765625
v 15.704832077026367 10.935988426208496 240.29208374023438
v 15.431211471557617 10.104813575744629 405.3163757324219
v 15.083587646484375 11.065245628356934 571.4349365234375
v 15.353992462158203 10.892597198486328 576.720458984375
v 15.369050025939941 11.913846969604492 358.686767578125
v 16.155561447143555 12.223133087158203 413.1686706542969
v 16.302696228027344 13.569913864135742 573.5709228515625
v 15.369744300842285 13.853364944458008 581.245849609375
v 15.664815902709961 13.51944351196289 578.0394287109375
v 15.999619483947754 13.870712280273438 358.9222106933594
v 15.097710609436035 17.926488876342773 244.10238647460938
v 15.28773021697998 14.575872421264648 577.007568359375
v 14.855901718139648 20.69198226928711 244.2090301513672
v 15.501338005065918 19.51021957397461 405.0647277832031
v 15.384931564331055 17.914779663085938 568.1055908203125
v 15.460988998413086 19.663129806518555 406.7352294921875
v 15.648914337158203 20.439943313598633 408.52069091796875
v 15.482523918151855 19.709388732910156 564.0179443359375
v 15.209108352661133 20.68324089050293 397.2479553222656
v 16.056230545043945 19.481800079345703 566.5150146484375
v 15.8108549118042 24.224510192871094 226.21632385253906
v 15.912561416625977 21.704038619995117 411.7558898925781
v 14.755584716796875 23.72028350830078 242.1470947265625
v 15.461508750915527 25.079029083251953 244.77532958984375
v 16.660871505737305 27.015460968017578 233.21115112304688
v 15.855198860168457 24.627349853515625 393.8317565917969
v 15.282150268554688 26.081785202026367 240.69692993164062
v 18.10988998413086 24.582395553588867 371.01068115234375
v 16.717830657958984 25.25569725036621 372.1261291503906
v 17.011381149291992 -31.705842971801758 79.62000274658203
v 15.809453964233398 -29.819990158081055 97.69148254394531
v 15.684524536132812 -29.089828491210938 101.25151824951172
v 16.239505767822266 -28.58544158935547 104.97244262695312
v 15.74759578704834 -24.898786544799805 44.72366714477539
v 16.4610538482666 -26.239063262939453 108.4644775390625
v 15.95067310333252 -20.756874084472656 37.04411315917969
v 16.49209213256836 -18.766860961914062 34.92198944091797
v 15.357274055480957 -18.825796127319336 63.247100830078125
v 16.14590072631836 -19.05472183227539 60.85117721557617
v 15.95547866821289 -18.303752899169922 56.61465835571289
v 15.819738388061523 -15.162226676940918 93.39633178710938
v 16.58523178100586 -14.492724418640137 76.98566436767578
v 15.650554656982422 -14.970383644104004 86.57868194580078
v 15.332983016967773 -10.877167701721191 175.33905029296875
v 15.11755084991455 -8.639653205871582 176.92979431152344
v 15.188014030456543 -11.141609191894531 178.23049926757812
v 15.636730194091797 -9.139132499694824 173.75083923339844
v 15.707425117492676 -11.278650283813477 182.49330139160156
v 15.280571937561035 -10.473034858703613 183.1689910888672
v 16.072555541992188 -11.35744857788086 189.99935913085938
v 15.771078109741211 -8.48669147491455 199.49322509765625
v 17.006572723388672 -6.529941558837891 41.20623016357422
v 15.661848068237305 -7.055432319641113 174.8249969482422
v 15.97704029083252 -6.752095699310303 205.60365295410156
v 15.695318222045898 -3.615356922149658 179.78330993652344
v 15.764902114868164 -3.2160427570343018 25.114591598510742
v 16.84691047668457 -2.5049490928649902 370.1524963378906
v 18.124191284179688 -2.3463518619537354 378.6361083984375
v 15.485904693603516 -1.2891744375228882 21.855199813842773
v 16.705371856689453 -1.2657105922698975 384.2568054199219
v 16.279935836791992 -0.8812891840934753 223.7675323486328
v 17.271320343017578 -0.37101849913597107 386.9713439941406
v 15.97211742401123 0.8496975898742676 226.67279052734375
v 17.296913146972656 4.811018943786621 360.432861328125
v 15.5853271484375 3.986781597137451 27.500890731811523
v 15.983789443969727 3.920872449874878 13.436751365661621
v 16.59231185913086 5.129147529602051 12.252115249633789
v 16.175838470458984 8.679944038391113 195.31443786621094
v 16.42987060546875 10.016342163085938 197.72926330566406
v 16.1213321685791 8.486830711364746 398.9687194824219
v 15.829389572143555 9.573577880859375 11.269234657287598
v 16.13512420654297 10.135501861572266 581.5860595703125
v 15.659040451049805 10.888256072998047 582.6165771484375
v 15.96438217163086 10.294564247131348 408.5754089355469
v 15.902548789978027 11.518645286560059 11.96074390411377
v 16.631603240966797 12.361026763916016 573.5676879882812
v 16.165552139282227 12.992513656616211 15.149846076965332
v 15.90381145477295 12.500808715820312 242.2467498779297
v 16.121917724609375 13.386110305786133 579.418701171875
v 15.481894493103027 15.5715970993042 243.6883087158203
v 15.717005729675293 14.308692932128906 571.7257690429688
v 16.02156639099121 12.415678977966309 577.0648193359375
v 15.773904800415039 13.733625411987305 569.4966430664062
v 15.785012245178223 14.982815742492676 570.3243408203125
v 16.292560577392578 18.139673233032227 568.1030883789062
v 15.915565490722656 20.695568084716797 219.0208282470703
v 15.766267776489258 19.947649002075195 402.2442321777344
v 15.437224388122559 22.74488067626953 246.2086639404297
v 17.342966079711914 -32.30128860473633 69.57405090332031
v 16.44383430480957 -31.363670349121094 86.26932525634766
v 15.715107917785645 -29.25668716430664 54.39313507080078
v 16.111557006835938 -30.618398666381836 94.91278076171875
v 16.199859619140625 -26.43115234375 49.93565368652344
v 16.33938217163086 -24.098543167114258 108.69174194335938
v 16.518571853637695 -22.837223052978516 43.96012878417969
v 16.499568939208984 -21.951519012451172 40.252498626708984
v 16.5483341217041 -22.10981559753418 108.77043151855469
v 15.928464889526367 -18.478769302368164 102.37381744384766
v 17.06904411315918 -16.15640640258789 33.59351348876953
v 16.020151138305664 -13.551700592041016 31.84410285949707
v 16.31361198425293 -11.765315055847168 32.38665008544922
v 15.621821403503418 -12.847674369812012 176.289306640625
v 15.797684669494629 -13.122364044189453 179.18324279785156
v 16.333662033081055 -13.469931602478027 45.097652435302734
v 16.051939010620117 -11.488895416259766 171.70130920410156
v 16.321569442749023 -13.792498588562012 172.6295623779297
v 16.64822769165039 -8.330936431884766 202.988037109375
v 16.470638275146484 -6.625938892364502 208.12367248535156
v 16.171161651611328 -4.448809623718262 176.50439453125
v 16.1065673828125 -1.595659852027893 181.65542602539062
v 16.512645721435547 -4.697510242462158 213.59059143066406
v 17.01947784423828 -0.5062474012374878 34.28936767578125
v 15.846668243408203 -0.30063703656196594 183.20367431640625
v 16.1564998626709 0.45871850848197937 32.129207611083984
v 16.3254337310791 1.908873438835144 15.37428092956543
v 17.406957626342773 2.107661724090576 362.32977294921875
v 16.213382720947266 1.4730709791183472 30.78407859802246
v 16.298049926757812 7.073217391967773 192.07713317871094
v 16.565176010131836 8.578154563903809 21.902063369750977
v 17.58146095275879 6.945269584655762 395.17755126953125
v 16.669593811035156 10.131892204284668 19.753883361816406
v 16.374160766601562 9.78929328918457 403.2785339355469
v 16.659330368041992 10.172684669494629 579.4075317382812
v 16.951324462890625 10.554593086242676 18.7158145904541
v 16.266759872436523 12.429954528808594 16.655948638916016
v 17.084903717041016 11.564881324768066 572.6973266601562
v 16.814990997314453 11.669249534606934 571.2034912109375
v 16.57280731201172 13.439001083374023 203.52191162109375
v 16.2287654876709 11.24864387512207 577.4912719726562
v 16.265274047851562 12.385860443115234 582.9590454101562
v 16.4798583984375 13.00281810760498 570.4842529296875
v 16.442344665527344 13.571111679077148 570.3720092773438
v 16.461837768554688 13.482566833496094 582.2216186523438
v 16.906932830810547 14.679170608520508 572.5020751953125
v 16.95738983154297 13.214570045471191 568.255859375
v 16.198877334594727 13.325873374938965 568.784912109375
v 16.39803695678711 14.6268310546875 415.80987548828125
v 16.932640075683594 17.916379928588867 212.1815948486328
v 16.937137603759766 18.052316665649414 249.3284454345703
v 16.603681564331055 20.161043167114258 217.78720092773438
v 15.91621208190918 20.60727882385254 247.84674072265625
v 17.425952911376953 20.91314125061035 409.5846862792969
v 19.237812042236328 23.677753448486328 369.9022521972656
v 16.000503540039062 26.611604690551758 247.73129272460938
v 16.17902374267578 25.11041831970215 249.75221252441406
v 16.33194351196289 28.300317764282227 239.236328125
v 15.897695541381836 26.9842472076416 243.5336151123047
v 17.04966163635254 26.641155242919922 375.53118896484375
v 17.087038040161133 -31.812484741210938 63.78467559814453
v 18.052091598510742 -31.939023971557617 73.76165771484375
v 17.520265579223633 -32.03986358642578 91.5868148803711
v 16.859561920166016 -29.602628707885742 58.327152252197266
v 16.865543365478516 -27.589115142822266 54.9428825378418
v 16.593730926513672 -23.622116088867188 45.37641525268555
v 17.014118194580078 -20.354358673095703 108.6717300415039
v 16.8922061920166 -19.385387420654297 37.54484939575195
v 16.30820083618164 -20.167646408081055 63.24921417236328
v 16.705223083496094 -19.985788345336914 62.337867736816406
v 16.45608901977539 -19.42160987854004 58.54152297973633
v 16.607311248779297 -18.116424560546875 53.704200744628906
v 16.410770416259766 -15.922566413879395 47.42869186401367
v 17.440349578857422 -14.860908508300781 33.75524139404297
v 17.293781280517578 -14.012604713439941 86.06543731689453
v 16.818572998046875 -15.710211753845215 176.24559020996094
v 16.4405460357666 -12.78429126739502 183.16395568847656
v 16.54083824157715 -13.053977966308594 184.07276916503906
v 17.0325984954834 -13.201935768127441 186.44935607910156
v 16.482574462890625 -9.480829238891602 169.74502563476562
v 17.235267639160156 -11.888861656188965 194.169677734375
v 17.0996036529541 -8.671879768371582 30.422616958618164
v 16.284360885620117 -7.219339370727539 172.5946502685547
v 17.290987014770508 -6.775974273681641 27.992095947265625
v 17.323537826538086 -5.4580159187316895 27.129650115966797
v 17.190937042236328 -6.116289138793945 210.70570373535156
v 16.916156768798828 -1.790593147277832 178.3818817138672
v 18.41875648498535 -2.2446913719177246 374.9724426269531
v 16.689599990844727 -1.6783009767532349 21.625385284423828
v 17.344322204589844 -3.111771583557129 220.60345458984375
v 17.176254272460938 1.7754201889038086 182.99441528320312
v 16.949644088745117 3.549295663833618 186.22950744628906
v 16.847116470336914 3.112124443054199 29.429012298583984
v 17.13629150390625 7.78225040435791 359.34320068359375
v 17.28946876525879 9.247386932373047 241.39749145507812
v 16.9383602142334 9.5717134475708 406.0568542480469
v 16.93788719177246 9.846414566040039 11.155280113220215
v 17.390796661376953 12.921667098999023 201.0711669921875
v 17.063156127929688 12.674575805664062 13.036513328552246
v 17.47820281982422 12.588142395019531 413.7538146972656
v 16.62282371520996 15.128447532653809 246.08033752441406
v 16.735340118408203 13.848150253295898 580.9512939453125
v 16.74637794494629 14.649092674255371 571.1325073242188
v 17.53470802307129 16.106897354125977 206.262451171875
v 17.211139678955078 17.321666717529297 209.1189422607422
v 16.889209747314453 14.725854873657227 566.8473510742188
v 16.848526000976562 16.809322357177734 565.439453125
v 17.059843063354492 17.033302307128906 360.79803466796875
v 17.314044952392578 17.601472854614258 416.2317810058594
v 17.4632511138916 19.187395095825195 362.6681823730469
v 17.37031364440918 20.277822494506836 400.4252624511719
v 17.24696922302246 21.050203323364258 398.0964050292969
v 16.824045181274414 23.16156005859375 221.0553741455078
v 16.345561981201172 23.052974700927734 250.42117309570312
v 18.652057647705078 27.404863357543945 392.7710266113281
v 17.02706527709961 28.911258697509766 237.225341796875
v 16.46392822265625 28.641443252563477 246.86825561523438
v 16.693233489990234 28.912477493286133 242.2659454345703
v 16.85249900817871 -29.64249610900879 59.37261962890625
v 17.563392639160156 -31.515888214111328 96.41715240478516
v 17.471561431884766 -31.4858455657959 99.81041717529297
v 17.130023956298828 -30.18125343322754 104.65177917480469
v 17.031856536865234 -25.28400993347168 51.413658142089844
v 16.9200496673584 -28.14619255065918 107.99784088134766
v 16.867399215698242 -27.275632858276367 111.29339599609375
v 16.56305503845215 -25.08868980407715 112.84284210205078
v 16.804529190063477 -24.966800689697266 115.78192901611328
v 16.61185073852539 -22.94578742980957 113.24078369140625
v 17.142765045166016 -21.110944747924805 62.74060821533203
v 17.055156707763672 -20.076297760009766 55.6090087890625
v 18.523311614990234 -18.845073699951172 69.24549865722656
v 17.063329696655273 -18.298498153686523 49.46326446533203
v 18.130674362182617 -15.831400871276855 101.79598236083984
v 17.303316116333008 -14.708802223205566 96.52592468261719
v 17.4856014251709 -14.076581001281738 93.52751922607422
v 17.23857307434082 -17.009153366088867 168.4285125732422
v 16.73786163330078 -15.329913139343262 167.5450897216797
v 17.1098690032959 -15.790772438049316 173.706298828125
v 17.05019760131836 -15.688072204589844 178.9667510986328
v 16.504945755004883 -13.267375946044922 166.63015747070312
v 18.14898109436035 -12.86007022857666 33.74815368652344
v 17.152694702148438 -13.092480659484863 42.31803894042969
v 16.939002990722656 -10.361804008483887 165.5871124267578
v 17.290382385253906 -5.090490818023682 172.14674377441406
v 17.553674697875977 -4.336541175842285 39.757965087890625
v 17.28676414489746 -4.696101188659668 25.945920944213867
v 17.63375473022461 -3.72843337059021 24.719173431396484
v 17.183399200439453 -1.349645733833313 36.14216232299805
v 17.352624893188477 -0.20152612030506134 19.12200355529785
v 17.26055145263672 -0.0021755676716566086 181.0326385498047
v 17.483335494995117 0.609844446182251 17.005115509033203
v 18.37603187561035 0.5967543125152588 388.9100036621094
v 17.20852279663086 1.9240633249282837 231.81480407714844
v 17.18590545654297 6.1509881019592285 237.60870361328125
v 17.933706283569336 5.557836055755615 12.04004955291748
v 17.272804260253906 6.746082305908203 24.862173080444336
v 17.490732192993164 9.52371597290039 403.2527160644531
v 18.08415985107422 11.590129852294922 197.66500854492188
v 17.41277313232422 10.951260566711426 581.9961547851562
v 16.907466888427734 12.35008430480957 578.9642333984375
v 17.781206130981445 11.538765907287598 580.3645629882812
v 17.519502639770508 12.87597370147705 570.6253051757812
v 17.30926513671875 14.131053924560547 573.117919921875
v 17.252904891967773 15.190963745117188 571.81591796875
v 18.647218704223633 15.635151863098145 415.3575439453125
v 17.61519432067871 14.702914237976074 360.0030517578125
v 16.847429275512695 15.971962928771973 570.4680786132812
v 17.460670471191406 18.861602783203125 212.76568603515625
v 18.65305519104004 19.269376754760742 414.6203918457031
v 17.11911392211914 18.37259292602539 566.2440185546875
v 17.69569206237793 20.40435218811035 402.3914794921875
v 17.159523010253906 20.056833267211914 405.0144348144531
v 17.238235473632812 20.303773880004883 406.8994445800781
v 17.21075439453125 20.590986251831055 251.8601837158203
v 17.413291931152344 21.639434814453125 397.2248840332031
v 17.931541442871094 28.444244384765625 232.9302978515625
v 17.118112564086914 30.371715545654297 245.81573486328125
v 17.911367416381836 -30.93637466430664 65.06017303466797
v 18.93722152709961 -31.364160537719727 69.44160461425781
v 18.263355255126953 -32.32168960571289 87.37269592285156
v 18.701337814331055 -32.31393051147461 85.8906021118164
v 18.201047897338867 -31.90060043334961 95.20207214355469
v 18.39920425415039 -31.80175018310547 104.21385192871094
v 18.15146255493164 -30.568645477294922 107.59453582763672
v 17.551273345947266 -29.28577423095703 109.68819427490234
v 16.960338592529297 -26.813053131103516 114.41670989990234
v 17.339250564575195 -26.678752899169922 118.2385025024414
v 17.17597007751465 -24.37051773071289 119.2470932006836
v 16.830219268798828 -23.00396728515625 116.14456176757812
v 17.20229148864746 -21.957988739013672 45.78883743286133
v 17.27113151550293 -20.628734588623047 45.381324768066406
v 17.53685188293457 -19.982112884521484 41.23159408569336
v 17.11225128173828 -20.828866958618164 113.66488647460938
v 17.318817138671875 -20.4320125579834 116.25162506103516
v 17.311046600341797 -22.27280044555664 119.40193176269531
v 17.240985870361328 -20.841859817504883 57.984161376953125
v 17.87240219116211 -21.691591262817383 60.57724380493164
v 18.01242446899414 -21.06623649597168 65.38033294677734
v 17.60480308532715 -18.084762573242188 38.57007598876953
v 17.832677841186523 -18.521883010864258 108.5639419555664
v 17.653783798217773 -16.51959991455078 103.34478759765625
v 17.251739501953125 -18.002832412719727 47.72370529174805
v 17.16102409362793 -18.21430015563965 46.72329330444336
v 17.390270233154297 -14.834280014038086 43.7822151184082
v 18.40977668762207 -15.29256820678711 73.86080932617188
v 17.700960159301758 -17.607940673828125 170.95350646972656
v 18.63942527770996 -14.087942123413086 75.98768615722656
v 17.88821792602539 -14.04016399383545 89.79902648925781
v 17.693889617919922 -15.4029541015625 181.99449157714844
v 18.536893844604492 -13.462117195129395 78.25785827636719
v 17.180160522460938 -15.328811645507812 163.7623291015625
v 17.13677406311035 -13.040536880493164 163.1657257080078
v 17.035385131835938 -13.611068725585938 593.4426879882812
v 17.093364715576172 -11.168452262878418 593.5565795898438
v 16.95367431640625 -12.10114860534668 594.4635620117188
v 17.920211791992188 -13.510417938232422 189.408447265625
v 17.999618530273438 -10.359450340270996 31.637393951416016
v 17.170766830444336 -7.81468391418457 168.84214782714844
v 18.264968872070312 -8.647675514221191 205.6842041015625
v 17.92159080505371 -4.218859672546387 217.5931854248047
v 18.53152847290039 -3.2249019145965576 222.7292938232422
v 17.970905303955078 -1.736577033996582 225.09725952148438
v 18.175832748413086 -1.5426266193389893 368.74896240234375
v 18.104915618896484 -0.5187979340553284 228.10568237304688
v 17.72686004638672 0.6018057465553284 33.133094787597656
v 18.10897445678711 1.5818425416946411 31.419429779052734
v 18.557308197021484 1.4448697566986084 15.616903305053711
v 18.00563621520996 3.5298006534576416 13.279831886291504
v 18.157407760620117 2.7020061016082764 234.56732177734375
v 18.057205200195312 3.9474356174468994 28.64385223388672
v 18.194286346435547 7.561788558959961 397.4351806640625
v 17.815065383911133 8.35538101196289 191.79473876953125
v 18.506868362426758 9.283758163452148 21.187358856201172
v 18.086210250854492 11.063092231750488 196.8767547607422
v 18.217939376831055 9.959473609924316 408.81396484375
v 17.78960418701172 11.49032211303711 11.931392669677734
v 17.98480224609375 13.350991249084473 246.94923400878906
v 17.72531509399414 12.452500343322754 581.9285278320312
v 17.750812530517578 12.880887985229492 580.6116943359375
v 18.578109741210938 13.424539566040039 414.21978759765625
v 17.761959075927734 16.564102172851562 569.56005859375
v 20.624267578125 21.159780502319336 367.2718200683594
v 17.900634765625 22.09859848022461 218.03912353515625
v 18.340883255004883 24.866025924682617 255.9138946533203
v 17.817726135253906 27.297786712646484 254.5489959716797
v 18.013446807861328 25.79990577697754 224.6490478515625
v 17.474367141723633 28.872961044311523 252.60372924804688
v 22.476842880249023 30.940725326538086 390.2875061035156
v 17.532508850097656 30.91240692138672 249.1782684326172
v 18.116844177246094 31.105344772338867 240.99002075195312
v 18.811689376831055 -32.25050735473633 78.39665985107422
v 18.450008392333984 -29.768272399902344 63.2476806640625
v 17.9169979095459 -29.30682373046875 60.977962493896484
v 17.883729934692383 -27.590604782104492 59.566680908203125
v 18.209197998046875 -30.965789794921875 107.99002838134766
v 17.929357528686523 -27.629596710205078 58.816856384277344
v 17.521663665771484 -28.54200553894043 114.26044464111328
v 17.520524978637695 -25.845365524291992 55.50987243652344
v 18.189199447631836 -26.78837776184082 121.70330810546875
v 17.472732543945312 -23.97880744934082 52.553043365478516
v 17.72146224975586 -22.846263885498047 56.29939270019531
v 17.449935913085938 -20.18297576904297 47.04830551147461
v 17.57577896118164 -21.72246742248535 54.68455505371094
v 17.76180076599121 -19.932308197021484 118.6560287475586
v 17.61075210571289 -19.372339248657227 112.1943588256836
v 17.969470977783203 -17.578102111816406 42.35882568359375
v 17.839141845703125 -16.87932777404785 35.97927474975586
v 18.24734878540039 -17.084062576293945 106.57087707519531
v 17.729833602905273 -17.560749053955078 164.45516967773438
v 17.76938247680664 -17.61809539794922 160.90896606445312
v 19.037940979003906 -16.42784309387207 71.97884368896484
v 17.259952545166016 -14.325711250305176 161.62257385253906
v 17.8652400970459 -14.662155151367188 40.79057693481445
v 18.281064987182617 -14.945829391479492 184.1678924560547
v 18.471790313720703 -15.275424003601074 184.80921936035156
v 18.021528244018555 -14.556916236877441 591.9700317382812
v 17.524860382080078 -13.150049209594727 592.2379150390625
v 17.99407196044922 -14.602768898010254 157.0291748046875
v 17.455080032348633 -11.24894905090332 162.2913360595703
v 17.48768424987793 -14.259201049804688 594.4034423828125
v 17.638532638549805 -11.523143768310547 595.6085205078125
v 19.064422607421875 -10.518153190612793 32.16006851196289
v 17.93836212158203 -10.47089958190918 592.6879272460938
v 17.635540008544922 -9.533186912536621 595.009033203125
v 18.30661964416504 -10.867328643798828 199.13665771484375
v 19.709409713745117 -6.982570171356201 40.28195571899414
v 17.97950553894043 -7.677361965179443 165.4513702392578
v 18.223554611206055 -8.164844512939453 29.527711868286133
v 18.405439376831055 -7.932731628417969 208.47251892089844
v 18.19706916809082 -6.082029819488525 168.18821716308594
v 18.257585525512695 -2.788112163543701 38.07147979736328
v 17.66289710998535 -0.46280553936958313 178.8063201904297
v 19.033681869506836 -0.10974656045436859 366.5716247558594
v 18.955015182495117 1.6405768394470215 180.4217529296875
v 18.469058990478516 4.587013244628906 185.5617218017578
v 18.29471206665039 6.494528770446777 188.3900604248047
v 18.901565551757812 6.165705680847168 12.13343620300293
v 18.784090042114258 7.412326335906982 241.3577117919922
v 18.47993278503418 8.404535293579102 399.3052978515625
v 18.587488174438477 9.971602439880371 359.8675842285156
v 18.535480499267578 9.453033447265625 406.13427734375
v 18.63058853149414 10.497040748596191 19.222929000854492
v 18.407516479492188 10.159330368041992 11.554766654968262
v 17.85768699645996 12.027809143066406 359.52679443359375
v 17.854595184326172 12.566354751586914 16.232248306274414
v 18.86626434326172 11.157918930053711 411.135498046875
v 18.625734329223633 13.062395095825195 571.6405639648438
v 19.36819076538086 13.965203285217285 572.005126953125
v 18.100704193115234 12.77868938446045 14.128501892089844
v 19.16757583618164 12.468552589416504 570.5278930664062
v 18.545146942138672 14.54577350616455 202.74310302734375
v 18.089305877685547 15.873932838439941 205.61790466308594
v 18.029375076293945 14.606362342834473 567.5149536132812
v 18.17948341369629 15.862414360046387 570.8582153320312
v 17.89360237121582 16.48082160949707 566.826416015625
v 18.316972732543945 21.316743850708008 217.06173706054688
v 19.2496280670166 20.265758514404297 412.2971496582031
v 18.328964233398438 20.900175094604492 411.2813415527344
v 19.102506637573242 22.216461181640625 256.4661865234375
v 23.11440658569336 26.719406127929688 396.6067199707031
v 19.149450302124023 29.1141414642334 231.38519287109375
v 19.347900390625 25.95454216003418 373.76416015625
v 20.38716697692871 28.443817138671875 377.8241271972656
v 19.116838455200195 29.156810760498047 380.2546081542969
v 18.158647537231445 30.634258270263672 237.58628845214844
v 18.386690139770508 32.68040084838867 245.85348510742188
v 19.975547790527344 -30.272380828857422 68.83116912841797
v 18.24625015258789 -30.029512405395508 113.88380432128906
v 18.261743545532227 -29.08424186706543 118.17839813232422
v 18.93907356262207 -27.02886199951172 62.078529357910156
v 18.770193099975586 -28.588937759399414 121.47632598876953
v 18.15571403503418 -24.453706741333008 122.83057403564453
v 17.87095069885254 -24.13447380065918 56.6464958190918
v 18.491703033447266 -24.805004119873047 59.52970886230469
v 18.22530174255371 -21.48786735534668 122.0322265625
v 18.072750091552734 -22.86793327331543 61.877262115478516
v 18.300077438354492 -18.302417755126953 115.76680755615234
v 18.762046813964844 -20.187623977661133 159.2461700439453
v 17.990564346313477 -16.43963050842285 39.96327209472656
v 18.79282569885254 -18.15528678894043 174.93569946289062
v 18.400136947631836 -15.359601020812988 38.494598388671875
v 18.797590255737305 -18.13652229309082 177.00323486328125
v 18.095190048217773 -17.671228408813477 157.54843139648438
v 18.239110946655273 -15.23060131072998 35.7374267578125
v 18.32440948486328 -15.555932998657227 592.8899536132812
v 19.154111862182617 -13.416472434997559 86.16732025146484
v 18.684513092041016 -14.050466537475586 595.4761352539062
v 18.593721389770508 -10.37656307220459 41.57996368408203
v 19.51285743713379 -13.342643737792969 194.9228057861328
v 18.272127151489258 -8.954357147216797 162.34390258789062
v 18.673282623291016 -7.558187961578369 594.6470947265625
v 19.236852645874023 -6.20198392868042 214.6235809326172
v 18.81198501586914 -3.100926399230957 172.02694702148438
v 19.151103973388672 -1.648820400238037 36.332054138183594
v 19.883289337158203 -1.1511985063552856 384.8938903808594
v 18.897502899169922 0.1464281529188156 18.993059158325195
v 19.315553665161133 4.52738618850708 238.24012756347656
v 20.36903190612793 7.022858142852783 396.2216796875
v 18.715099334716797 7.399549961090088 360.3466491699219
v 18.704761505126953 7.025954246520996 24.253738403320312
v 18.438812255859375 8.344977378845215 22.118078231811523
v 19.353450775146484 10.442322731018066 193.81851196289062
v 18.706356048583984 14.224600791931152 572.9415893554688
v 19.28443717956543 13.102082252502441 569.1925659179688
v 18.601879119873047 15.23343276977539 250.18858337402344
v 19.612062454223633 18.757747650146484 571.768310546875
v 18.530344009399414 16.078306198120117 568.737060546875
v 18.656169891357422 18.16074562072754 252.9736785888672
v 18.85081672668457 17.710054397583008 362.4849548339844
v 19.385435104370117 20.04018211364746 400.189453125
v 18.83959197998047 20.058958053588867 404.9221496582031
v 19.742351531982422 21.325756072998047 397.9342956542969
v 18.607847213745117 22.524932861328125 396.9259948730469
v 18.660924911499023 24.771665573120117 221.39170837402344
v 18.131629943847656 30.88398551940918 252.708740234375
v 19.0126895904541 33.40855026245117 251.0140380859375
v 19.813499450683594 -32.583763122558594 93.93801879882812
v 19.782880783081055 -33.06664276123047 99.10829162597656
v 18.86974334716797 -29.110370635986328 64.4150619506836
v 19.174373626708984 -31.644256591796875 110.63412475585938
v 18.35318946838379 -24.58045196533203 60.650630950927734
v 18.97553253173828 -22.831117630004883 64.77487182617188
v 19.835857391357422 -19.89548110961914 68.92064666748047
v 19.110706329345703 -18.936086654663086 121.71135711669922
v 19.15947723388672 -17.48171043395996 119.04988861083984
v 18.6947021484375 -19.565834045410156 164.91162109375
v 19.30127716064453 -20.289472579956055 168.54347229003906
v 19.24131202697754 -19.62101936340332 171.68045043945312
v 19.119117736816406 -16.863773345947266 109.72109985351562
v 19.273574829101562 -17.325117111206055 181.49984741210938
v 18.457223892211914 -17.467308044433594 155.99838256835938
v 19.40398597717285 -14.95534610748291 102.62857818603516
v 18.8620662689209 -15.420577049255371 594.2838134765625
v 19.138826370239258 -13.576998710632324 95.23841094970703
v 19.758056640625 -13.212323188781738 93.54512023925781
v 18.606201171875 -13.551015853881836 591.4547119140625
v 19.694562911987305 -11.128385543823242 40.314876556396484
v 18.941423416137695 -12.926910400390625 154.96632385253906
v 18.47603988647461 -10.617218971252441 158.81741333007812
v 19.709932327270508 -8.650989532470703 30.87590789794922
v 18.57611846923828 -8.974220275878906 596.2169189453125
v 19.021400451660156 -7.3453826904296875 595.849609375
v 20.24362564086914 -7.75059175491333 211.27769470214844
v 19.038471221923828 -5.245528697967529 39.882408142089844
v 19.021034240722656 -5.515532970428467 27.060409545898438
v 18.826148986816406 -3.709441661834717 170.5865936279297
v 19.936147689819336 -5.286581993103027 217.74111938476562
v 19.539915084838867 -4.400823593139648 220.82916259765625
v 19.6593074798584 -3.336982250213623 24.697975158691406
v 21.26801872253418 -1.5488163232803345 378.1064453125
v 19.435155868530273 -0.8051701188087463 34.697662353515625
v 19.14920997619629 -1.0917128324508667 174.8124237060547
v 19.71977424621582 1.3412646055221558 178.1451416015625
v 19.0764217376709 0.9261796474456787 232.77786254882812
v 20.277830123901367 -0.9508057832717896 230.13690185546875
v 20.286174774169922 2.2376344203948975 364.75701904296875
v 19.874652862548828 3.6514601707458496 181.87408447265625
v 19.17470359802246 4.575325965881348 361.8863220214844
v 19.571640014648438 5.406036853790283 25.894012451171875
v 19.42945671081543 8.815414428710938 190.75177001953125
v 19.53432846069336 9.802271842956543 403.1932373046875
v 19.342092514038086 8.677248001098633 243.76168823242188
v 19.386276245117188 11.64531135559082 247.26284790039062
v 19.11237144470215 10.657455444335938 17.71788215637207
v 19.122331619262695 11.756141662597656 13.148136138916016
v 18.954797744750977 12.284440040588379 15.406498908996582
v 19.415475845336914 13.08558177947998 360.6993103027344
v 18.851240158081055 15.474261283874512 568.4821166992188
v 19.64388084411621 16.428537368774414 572.8802490234375
v 20.05743408203125 15.815595626831055 362.230224609375
v 18.93082046508789 15.924835205078125 570.3251342773438
v 19.80343246459961 18.009220123291016 572.4286499023438
v 20.304826736450195 18.881336212158203 208.49391174316406
v 19.110044479370117 17.560161590576172 415.0230712890625
v 19.20858383178711 20.34300994873047 407.9858093261719
v 19.878894805908203 24.701406478881836 219.66746520996094
v 18.937328338623047 27.328670501708984 257.78668212890625
v 19.01310157775879 30.285079956054688 257.2925720214844
v 18.694499969482422 31.775516510009766 254.69456481933594
v 20.609081268310547 -32.114410400390625 76.31703186035156
v 20.146963119506836 -33.27178955078125 102.79920196533203
v 20.101587295532227 -30.954486846923828 72.357421875
v 19.323415756225586 -31.417438507080078 114.53541564941406
v 19.357507705688477 -26.57786750793457 125.50627899169922
v 19.012502670288086 -23.495752334594727 125.75044250488281
v 19.01075553894043 -20.39211654663086 124.0197525024414
v 19.728275299072266 -21.867185592651367 159.72625732421875
v 19.131467819213867 -20.234121322631836 157.68170166015625
v 19.162206649780273 -17.043251037597656 115.45874786376953
v 20.144407272338867 -16.685461044311523 71.64691925048828
v 19.08709716796875 -16.01911735534668 106.0333251953125
v 18.92241668701172 -15.993361473083496 153.62025451660156
v 18.73601722717285 -14.541238784790039 154.8318634033203
v 19.969079971313477 -12.668270111083984 36.6745491027832
v 20.06662940979004 -15.857666015625 591.47705078125
v 20.2128849029541 -14.378885269165039 101.1300277709961
v 20.545061111450195 -14.856303215026855 590.6823120117188
v 19.29664421081543 -12.867278099060059 35.09926223754883
v 19.848966598510742 -12.150033950805664 39.33713912963867
v 20.62580680847168 -13.337456703186035 89.76850891113281
v 20.058135986328125 -14.84875202178955 190.56211853027344
v 19.541807174682617 -10.671679496765137 155.4091033935547
v 19.145463943481445 -11.427166938781738 592.0265502929688
v 19.49996566772461 -8.347980499267578 593.1983032226562
v 19.793737411499023 -9.37630844116211 596.7656860351562
v 19.06418228149414 -7.854817867279053 161.4456787109375
v 20.748332977294922 -9.54355525970459 206.8567352294922
v 19.961910247802734 -6.723012924194336 28.284976959228516
v 19.371776580810547 -5.7298583984375 165.1522216796875
v 18.78571128845215 -4.472153663635254 589.2503051757812
v 19.004053115844727 -6.682058811187744 589.2979125976562
v 19.029695510864258 -5.058111667633057 588.1036987304688
v 20.048315048217773 -4.184987545013428 167.39990234375
v 19.134822845458984 -4.274826526641846 590.6593017578125
v 19.266847610473633 -6.935092449188232 590.283203125
v 20.184907913208008 -3.83699369430542 38.24625015258789
v 20.132841110229492 -2.8750836849212646 225.6214141845703
v 20.624980926513672 -1.3302198648452759 374.04571533203125
v 20.976699829101562 -0.5434030890464783 371.6946105957031
v 19.64727210998535 0.47382286190986633 33.05414581298828
v 20.55445098876953 -0.038545023649930954 387.5362548828125
v 19.96160125732422 1.341199278831482 16.761701583862305
v 23.532869338989258 4.457052230834961 394.1427307128906
v 20.119028091430664 6.160007953643799 241.34141540527344
v 20.20527458190918 8.878846168518066 399.4297790527344
v 19.7806339263916 8.20786190032959 398.4012756347656
v 20.066862106323242 9.648293495178223 19.886768341064453
v 19.637990951538086 14.571377754211426 572.3610229492188
v 19.79350471496582 14.10452651977539 413.9253845214844
v 20.027202606201172 13.96751594543457 569.4291381835938
v 20.349639892578125 16.803375244140625 204.89247131347656
v 19.006078720092773 17.935565948486328 570.9339599609375
v 20.963573455810547 19.873672485351562 210.87228393554688
v 19.495038986206055 20.070463180541992 212.45358276367188
v 20.091793060302734 21.67280387878418 215.43722534179688
v 20.28032112121582 28.78931427001953 228.18226623535156
v 19.830120086669922 31.352331161499023 235.00897216796875
v 20.240644454956055 33.02537536621094 238.65682983398438
v 19.303146362304688 33.533138275146484 243.99720764160156
v 20.451255798339844 -32.88117599487305 91.281005859375
v 20.311100006103516 -32.989349365234375 106.4466323852539
v 20.043052673339844 -33.030616760253906 107.20101928710938
v 19.589181900024414 -30.154251098632812 121.30977630615234
v 19.910873413085938 -29.452306747436523 67.09549713134766
v 19.444570541381836 -27.384017944335938 64.46776580810547
v 19.998294830322266 -28.625288009643555 125.07814025878906
v 19.50678253173828 -25.255836486816406 64.35254669189453
v 21.259605407714844 -21.335580825805664 68.95085144042969
v 20.1215877532959 -22.0356388092041 158.44981384277344
v 20.103471755981445 -21.384258270263672 165.73495483398438
v 19.8880558013916 -18.58987808227539 124.3037338256836
v 19.30449867248535 -20.373260498046875 155.2002410888672
v 20.422298431396484 -19.383255004882812 177.4556427001953
v 19.742454528808594 -18.80384635925293 150.594482421875
v 20.58640480041504 -15.466326713562012 109.50521850585938
v 20.70732307434082 -16.698535919189453 184.7825469970703
v 20.420366287231445 -16.038433074951172 593.5401611328125
v 20.28739356994629 -14.780257225036621 73.42578125
v 19.46876335144043 -13.819270133972168 152.90199279785156
v 20.14842987060547 -13.595590591430664 591.2169189453125
v 20.850250244140625 -9.978304862976074 33.14902114868164
v 21.093154907226562 -11.836682319641113 200.2960968017578
v 20.572994232177734 -10.351555824279785 204.33609008789062
v 20.756103515625 -8.536195755004883 39.506446838378906
v 20.128087997436523 -8.201852798461914 157.94442749023438
v 19.376842498779297 -9.39378547668457 588.75244140625
v 19.580209732055664 -9.431388854980469 590.05712890625
v 20.197553634643555 -7.97102165222168 29.996049880981445
v 19.568078994750977 -7.289089202880859 587.9141235351562
v 19.601133346557617 -6.680727481842041 593.8724975585938
v 19.869272232055664 -5.813482761383057 594.9351196289062
v 19.821392059326172 -5.54619836807251 591.3280639648438
v 19.630708694458008 -2.4513113498687744 587.8653564453125
v 19.47484016418457 -2.4164175987243652 589.2093505859375
v 21.920869827270508 -1.266395926475525 382.6965026855469
v 19.975095748901367 1.7830709218978882 30.48366928100586
v 20.2240047454834 4.399604320526123 13.422414779663086
v 19.769733428955078 3.1210811138153076 29.034271240234375
v 20.095415115356445 7.552750110626221 22.10733985900879
v 20.122848510742188 8.071036338806152 12.93164348602295
v 20.245569229125977 9.898573875427246 405.14520263671875
v 20.107431411743164 10.38795280456543 18.35661506652832
v 20.103811264038086 10.41611099243164 408.7679443359375
v 19.70984649658203 10.57876968383789 12.966334342956543
v 19.741355895996094 11.482828140258789 14.517306327819824
v 20.627437591552734 12.98928451538086 250.86325073242188
v 20.09596824645996 13.294612884521484 570.8533935546875
v 20.88957977294922 14.26905632019043 199.802001953125
v 20.257369995117188 14.378939628601074 251.70823669433594
v 20.047021865844727 15.139328002929688 570.7955322265625
v 20.47095489501953 16.202573776245117 254.04299926757812
v 19.9078426361084 16.883543014526367 569.9459838867188
v 19.769697189331055 18.635517120361328 569.70068359375
v 20.397138595581055 19.834808349609375 402.2743835449219
v 20.61518096923828 19.489456176757812 404.623779296875
v 20.29981231689453 20.633655548095703 398.3670654296875
v 21.238384246826172 23.477754592895508 216.85586547851562
v 20.07512855529785 25.358537673950195 259.7333068847656
v 20.013635635375977 26.526578903198242 223.15042114257812
v 20.16332244873047 30.97928237915039 260.0923767089844
v 20.029775619506836 33.25756072998047 258.1022644042969
v 20.689409255981445 35.616859436035156 246.7689971923828
v 20.1774959564209 35.29813766479492 254.06838989257812
v 20.341596603393555 34.918601989746094 256.664794921875
v 20.376060485839844 -32.44963073730469 78.69868469238281
v 20.856916427612305 -33.0201416015625 95.4988784790039
v 20.955245971679688 -31.21042823791504 73.22174072265625
v 20.684913635253906 -31.569616317749023 121.31684112548828
v 19.777225494384766 -25.56208610534668 127.0492172241211
v 20.594181060791016 -28.42892837524414 126.91699981689453
v 20.016727447509766 -22.63367462158203 127.3604736328125
v 19.973947525024414 -19.928937911987305 126.1802749633789
v 20.55308723449707 -22.840391159057617 156.6635284423828
v 20.280479431152344 -21.033496856689453 150.7039337158203
v 20.413043975830078 -16.836021423339844 121.3669662475586
v 20.02796745300293 -15.910143852233887 149.71702575683594
v 20.494197845458984 -15.633145332336426 117.65679168701172
v 21.54126739501953 -17.192947387695312 185.710205078125
v 21.432939529418945 -16.610881805419922 591.7847290039062
v 21.269203186035156 -13.903592109680176 102.1382064819336
v 21.424781799316406 -14.24626636505127 104.86367797851562
v 20.163148880004883 -14.688551902770996 594.8578491210938
v 21.854745864868164 -13.752591133117676 100.91014099121094
v 20.781282424926758 -13.217925071716309 78.34075927734375
v 19.979097366333008 -12.4784574508667 595.6674194335938
v 20.111709594726562 -12.24048137664795 592.14208984375
v 20.474580764770508 -10.082494735717773 154.20359802246094
v 20.786958694458008 -9.262594223022461 593.1527709960938
v 19.771568298339844 -9.423550605773926 587.8355712890625
v 20.54307746887207 -8.831113815307617 208.87255859375
v 20.286226272583008 -6.671536445617676 596.9719848632812
v 20.301414489746094 -6.378501892089844 160.75338745117188
v 20.48763656616211 -5.761064529418945 162.2615203857422
v 20.32400131225586 -5.8436102867126465 596.3268432617188
v 20.275501251220703 -5.110365867614746 27.206195831298828
v 19.766998291015625 -5.746237277984619 587.3148803710938
v 20.54728889465332 -1.8923615217208862 171.19635009765625
v 20.097394943237305 -2.431864023208618 590.4888305664062
v 21.99959945678711 0.6981506943702698 370.1974792480469
v 20.556549072265625 1.190941572189331 19.156192779541016
v 20.812978744506836 -0.11589014530181885 21.45480728149414
v 20.677827835083008 0.5703226327896118 233.90328979492188
v 21.1823787689209 5.97048807144165 185.05982971191406
v 20.437685012817383 7.698690414428711 361.6180419921875
v 20.2247371673584 6.137051105499268 24.253652572631836
v 20.620595932006836 7.371013641357422 12.954566955566406
v 21.53420639038086 9.886443138122559 362.2422790527344
v 20.711484909057617 9.929093360900879 191.5322723388672
v 20.937238693237305 10.387750625610352 406.97747802734375
v 20.41315460205078 10.104729652404785 16.215106964111328
v 20.835309982299805 11.8925142288208 410.7522277832031
v 20.43193244934082 12.251691818237305 196.60696411132812
v 21.57652473449707 17.9189395904541 205.66526794433594
v 20.588045120239258 17.17209243774414 413.6733703613281
v 20.548093795776367 18.757736206054688 412.6065979003906
v 20.28801918029785 20.240751266479492 257.14508056640625
v 20.737606048583984 19.662790298461914 409.2391357421875
v 21.40753746032715 22.940418243408203 216.44931030273438
v 20.56612777709961 22.570682525634766 369.0368347167969
v 20.597293853759766 28.68869972229004 261.2715759277344
v 20.621322631835938 33.372520446777344 239.2860870361328
v 21.801870346069336 36.00896453857422 243.8764190673828
v 20.155075073242188 35.152103424072266 249.692626953125
v 21.91963005065918 -34.0976676940918 101.52139282226562
v 21.362512588500977 -32.575435638427734 85.33956146240234
v 21.197288513183594 -32.84606170654297 87.3972396850586
v 21.17020034790039 -33.38811111450195 110.83732604980469
v 21.188812255859375 -33.27749252319336 113.8438949584961
v 20.930683135986328 -28.206008911132812 67.67658996582031
v 20.077756881713867 -24.004980087280273 127.63204193115234
v 20.686412811279297 -23.955244064331055 66.4975814819336
v 21.092247009277344 -23.083826065063477 162.78749084472656
v 20.82600975036621 -22.69704246520996 152.0850067138672
v 20.914121627807617 -19.52434730529785 127.16364288330078
v 21.400753021240234 -21.118648529052734 173.0139617919922
v 20.50484275817871 -18.540891647338867 69.94461059570312
v 20.872051239013672 -18.204988479614258 182.041259765625
v 20.94518280029297 -18.041805267333984 146.9464569091797
v 21.43064308166504 -14.189929962158203 105.9271469116211
v 20.490177154541016 -11.977107048034668 152.1304168701172
v 21.404735565185547 -13.137798309326172 86.2706298828125
v 21.47809410095215 -12.945054054260254 93.0219955444336
v 20.73039436340332 -13.83394718170166 594.7101440429688
v 20.87407875061035 -11.066706657409668 35.29100799560547
v 21.255605697631836 -10.608362197875977 36.629146575927734
v 20.804285049438477 -9.663491249084473 596.4736328125
v 21.366899490356445 -12.88402271270752 589.0062866210938
v 21.21183967590332 -11.476129531860352 590.3544311523438
v 20.678857803344727 -7.815577507019043 593.063232421875
v 20.897741317749023 -9.171034812927246 587.0364990234375
v 20.50577735900879 -9.165809631347656 590.9263305664062
v 21.33193016052246 -6.8747639656066895 157.83700561523438
v 21.784725189208984 -5.792164325714111 218.7838134765625
v 20.822559356689453 -4.459813117980957 591.8530883789062
v 20.8145751953125 -4.4417877197265625 586.6559448242188
v 20.684757232666016 -3.257206678390503 586.2980346679688
v 22.13430404663086 -3.777451276779175 225.3675994873047
v 20.80011749267578 -1.4735350608825684 34.47426986694336
v 20.83101463317871 -1.3185521364212036 589.151123046875
v 21.027076721191406 0.4133002758026123 174.81822204589844
v 21.06555938720703 1.386751651763916 367.1306457519531
v 21.053443908691406 2.710221290588379 15.943592071533203
v 21.588655471801758 5.395695209503174 363.6855163574219
v 22.593917846679688 6.060352325439453 395.7967529296875
v 20.679677963256836 9.287518501281738 14.52808952331543
v 21.35292625427246 10.479531288146973 248.2737274169922
v 22.115459442138672 15.910428047180176 202.27073669433594
v 20.360015869140625 15.464997291564941 571.016357421875
v 20.644371032714844 15.24834156036377 413.54522705078125
v 20.773178100585938 18.436246871948242 568.9716186523438
v 20.9041748046875 17.395875930786133 255.57638549804688
v 20.815773010253906 20.70521354675293 568.5227661132812
v 20.541677474975586 20.761587142944336 569.875244140625
v 20.667165756225586 23.83417320251465 260.0469055175781
v 22.202924728393555 -31.78647232055664 76.07723999023438
v 21.107908248901367 -29.81817054748535 71.25680541992188
v 21.2567195892334 -30.530757904052734 124.9356689453125
v 21.271133422851562 -26.2346134185791 67.2320785522461
v 21.28710174560547 -28.62415313720703 127.77046203613281
v 20.565824508666992 -26.75316619873047 127.92466735839844
v 21.796323776245117 -22.697307586669922 68.83665466308594
v 20.824573516845703 -20.956506729125977 128.64590454101562
v 21.68262481689453 -22.282630920410156 169.0039825439453
v 21.038368225097656 -19.86758041381836 69.20087432861328
v 20.702238082885742 -20.414772033691406 148.576416015625
v 21.90349769592285 -20.32550811767578 175.92044067382812
v 21.80527114868164 -16.7183895111084 125.84505462646484
v 21.491195678710938 -16.887723922729492 69.86273193359375
v 21.002456665039062 -16.773902893066406 123.83293914794922
v 21.314693450927734 -16.59857177734375 146.40281677246094
v 21.845518112182617 -16.459827423095703 590.597412109375
v 21.170034408569336 -14.795644760131836 73.23426055908203
v 21.294214248657227 -13.067973136901855 148.9343719482422
v 21.21337890625 -15.205936431884766 147.3901824951172
v 21.62360954284668 -13.2748384475708 83.5859146118164
v 21.131103515625 -13.285971641540527 591.5650024414062
v 21.696849822998047 -13.602025985717773 196.73719787597656
v 20.99405288696289 -12.375456809997559 594.4214477539062
v 21.270954132080078 -10.264056205749512 595.6202392578125
v 21.238849639892578 -12.984665870666504 593.1624145507812
v 20.831859588623047 -11.957897186279297 593.1167602539062
v 21.409839630126953 -9.479923248291016 38.02053451538086
v 22.166566848754883 -11.90647029876709 587.1333618164062
v 21.55266761779785 -7.781020164489746 32.07786560058594
v 21.42652130126953 -7.38643217086792 30.675853729248047
v 21.218570709228516 -8.445332527160645 591.2263793945312
v 21.2976131439209 -7.369673728942871 597.2977294921875
v 21.442646026611328 -7.1002583503723145 587.039794921875
v 21.429378509521484 -6.183106422424316 593.6489868164062
v 21.34783172607422 -5.338913917541504 595.0392456054688
v 21.191282272338867 -5.335618495941162 38.28802490234375
v 22.098787307739258 -5.053268909454346 222.15069580078125
v 20.946813583374023 -2.33465838432312 24.86534309387207
v 21.422836303710938 -5.6006646156311035 28.67204475402832
v 20.565900802612305 -2.050302505493164 586.7767333984375
v 21.17538833618164 -1.0957767963409424 587.1734619140625
v 21.249914169311523 -0.25265568494796753 32.640689849853516
v 22.3883113861084 0.159572571516037 173.38150024414062
v 22.27710723876953 -0.6637510061264038 385.13720703125
v 21.166606903076172 1.1785805225372314 29.895191192626953
v 20.902925491333008 2.6834771633148193 28.297515869140625
v 22.044675827026367 3.476276397705078 180.15611267089844
v 21.218351364135742 4.305480003356934 25.03857421875
v 21.47285270690918 7.01848030090332 243.8890380859375
v 21.354761123657227 7.5336151123046875 20.885299682617188
v 20.927419662475586 10.52815055847168 403.130615234375
v 21.145179748535156 9.871748924255371 17.000783920288086
v 22.293659210205078 11.498448371887207 193.6265106201172
v 21.488080978393555 11.39498519897461 408.9038391113281
v 21.893146514892578 11.558159828186035 362.68804931640625
v 21.640731811523438 13.437368392944336 362.7952880859375
v 21.00912094116211 16.034282684326172 571.7619018554688
v 21.629505157470703 18.05385398864746 572.14111328125
v 22.885746002197266 18.536500930786133 366.70330810546875
v 21.573627471923828 18.074983596801758 257.17327880859375
v 21.60808753967285 20.030412673950195 571.7078247070312
v 21.26371955871582 19.040790557861328 400.23077392578125
v 21.602210998535156 19.603574752807617 399.00103759765625
v 21.411718368530273 21.097108840942383 570.760498046875
v 22.684301376342773 21.02240562438965 211.75794982910156
v 22.27333641052246 23.934078216552734 371.5810546875
v 21.98587989807129 27.441198348999023 222.97021484375
v 22.402122497558594 31.049007415771484 230.61940002441406
v 21.876110076904297 32.9946403503418 234.98472595214844
v 21.447959899902344 37.22743606567383 254.36656188964844
v 22.914098739624023 -34.60333251953125 105.08290100097656
v 22.528823852539062 -34.60106658935547 108.37921142578125
v 22.142475128173828 -32.33616256713867 78.19599914550781
v 22.083354949951172 -33.18223190307617 118.95587158203125
v 22.127647399902344 -27.976890563964844 70.27560424804688
v 22.239091873168945 -31.142436981201172 126.47193145751953
v 21.65143394470215 -26.9881534576416 131.68460083007812
v 21.136659622192383 -24.11823844909668 132.0397186279297
v 21.05474853515625 -22.31439971923828 131.3282470703125
v 21.64788055419922 -20.993362426757812 136.31105041503906
v 22.01557731628418 -24.100610733032227 159.53009033203125
v 22.05360984802246 -24.20656967163086 160.61697387695312
v 21.54210090637207 -22.81795883178711 148.8546905517578
v 21.04792594909668 -20.611997604370117 146.91415405273438
v 21.376840591430664 -20.72248077392578 143.72164916992188
v 22.45877456665039 -20.200239181518555 178.65968322753906
v 22.1994571685791 -15.358073234558105 589.37548828125
v 22.32611846923828 -13.759596824645996 74.6878433227539
v 22.49247932434082 -15.292756080627441 593.2371826171875
v 23.687490463256836 -13.324222564697266 100.14534759521484
v 22.108501434326172 -9.442930221557617 152.2900848388672
v 21.949026107788086 -8.073782920837402 154.3430633544922
v 22.238082885742188 -7.0889058113098145 215.20057678222656
v 21.732879638671875 -6.429129600524902 596.9120483398438
v 22.763256072998047 -4.439531326293945 160.30935668945312
v 22.245309829711914 -5.855123043060303 596.0372314453125
v 21.472976684570312 -3.8407857418060303 36.580284118652344
v 21.54806137084961 -2.426877975463867 591.0745239257812
v 21.84792137145996 -4.558913707733154 591.83154296875
v 22.45076560974121 -2.6681180000305176 166.93801879882812
v 21.842117309570312 -2.5762779712677 34.30868148803711
v 21.352706909179688 -3.035562038421631 584.7930297851562
v 22.95049476623535 -2.4758968353271484 229.26873779296875
v 21.33367156982422 -1.2526779174804688 585.1722412109375
v 25.51880645751953 3.7518959045410156 392.9250183105469
v 21.787649154663086 2.6959378719329834 17.679533004760742
v 22.414321899414062 2.667121171951294 177.68431091308594
v 21.877948760986328 2.752452850341797 237.92808532714844
v 21.31025505065918 4.496678352355957 14.508660316467285
v 21.72838020324707 1.9475866556167603 27.49483871459961
v 22.222557067871094 5.044559955596924 241.70413208007812
v 21.59591293334961 5.209855079650879 22.701969146728516
v 21.70832061767578 6.740967273712158 14.184768676757812
v 21.48253059387207 5.976991176605225 21.456106185913086
v 22.18062400817871 8.001687049865723 397.1758117675781
v 21.570209503173828 8.895842552185059 15.137029647827148
v 21.6040096282959 8.8204984664917 18.80156707763672
v 21.454483032226562 8.864025115966797 398.45440673828125
v 21.968881607055664 13.670709609985352 410.939697265625
v 22.561906814575195 12.773234367370605 196.2808380126953
v 21.971904754638672 16.907032012939453 411.3763732910156
v 21.8549861907959 18.202486038208008 410.2410583496094
v 21.607929229736328 20.136375427246094 567.6182861328125
v 21.599462509155273 22.86992073059082 568.222412109375
v 21.429359436035156 22.37713623046875 567.24169921875
v 25.823871612548828 26.092309951782227 398.3318176269531
v 21.591249465942383 27.192232131958008 375.6258544921875
v 21.70764923095703 34.284114837646484 262.56927490234375
v 21.831087112426758 36.31292724609375 260.8250427246094
v 22.310806274414062 -34.5590934753418 106.00878143310547
v 22.51914405822754 -33.91054153442383 98.05852508544922
v 24.122600555419922 -33.67354965209961 96.14207458496094
v 22.979881286621094 -32.87220001220703 92.93807983398438
v 23.02463722229004 -33.540306091308594 121.10037231445312
v 22.264450073242188 -29.87628173828125 71.97681427001953
v 22.631311416625977 -30.75967025756836 127.4254150390625
v 21.85579490661621 -24.528703689575195 137.87229919433594
v 22.337915420532227 -24.12139129638672 69.15785217285156
v 22.482643127441406 -24.894906997680664 152.3644561767578
v 21.531049728393555 -22.543851852416992 137.72853088378906
v 21.90204620361328 -23.549299240112305 143.33909606933594
v 22.147377014160156 -19.04636001586914 135.815185546875
v 21.91441535949707 -19.427730560302734 131.4055938720703
v 22.3236141204834 -18.236696243286133 129.4149627685547
v 21.64534568786621 -18.258581161499023 143.35882568359375
v 21.997074127197266 -17.542858123779297 126.67658996582031
v 22.48137664794922 -17.555360794067383 68.51148223876953
v 22.59357452392578 -14.783020973205566 71.05464172363281
v 21.919727325439453 -15.283451080322266 120.87444305419922
v 22.171106338500977 -14.330512046813965 117.25513458251953
v 22.522014617919922 -14.276891708374023 110.57234954833984
v 22.287242889404297 -15.27367115020752 192.34661865234375
v 21.597150802612305 -13.682910919189453 590.1383666992188
v 23.64997100830078 -13.27186393737793 76.31256866455078
v 22.01546287536621 -13.260605812072754 78.36260223388672
v 22.781827926635742 -12.986391067504883 92.5591049194336
v 21.912445068359375 -13.29272747039795 591.4959716796875
v 22.43520736694336 -14.05009651184082 587.985595703125
v 21.551990509033203 -10.071389198303223 594.4606323242188
v 21.96295738220215 -9.12685489654541 34.46511459350586
v 22.38407325744629 -7.844852924346924 36.071746826171875
v 22.396921157836914 -7.90725564956665 593.7310791015625
v 22.76142692565918 -9.392679214477539 209.04417419433594
v 22.137130737304688 -8.59471607208252 587.1317138671875
v 22.498624801635742 -7.9276227951049805 596.6502075195312
v 22.153846740722656 -6.21126651763916 37.1393928527832
v 22.176000595092773 -4.249120235443115 162.57415771484375
v 22.005529403686523 -5.013675689697266 586.8270263671875
v 22.31804847717285 -4.040269374847412 585.1947021484375
v 21.823705673217773 -2.461916446685791 26.63642692565918
v 21.641653060913086 -3.47318434715271 583.4684448242188
v 21.504850387573242 -2.632547616958618 582.736572265625
v 22.275962829589844 -1.8368704319000244 580.114013671875
v 21.769927978515625 -0.2761807143688202 24.151905059814453
v 23.986900329589844 -0.7447162866592407 381.9678039550781
v 22.141010284423828 -1.4347342252731323 589.6832885742188
v 22.78666114807129 -0.4582541882991791 171.90408325195312
v 22.042253494262695 2.2431061267852783 23.18288803100586
v 21.586021423339844 2.578049659729004 19.719497680664062
v 23.41067123413086 2.8702378273010254 368.8156433105469
v 22.259275436401367 5.063066005706787 182.2281036376953
v 22.035686492919922 4.077103137969971 365.3154602050781
v 22.20138168334961 5.25923490524292 15.553585052490234
v 22.702028274536133 7.91855001449585 363.96392822265625
v 23.1437931060791 9.448164939880371 248.57691955566406
v 22.21733283996582 10.329756736755371 399.3834228515625
v 22.22718048095703 11.748309135437012 403.0399475097656
v 22.27364730834961 11.4696626663208 406.0096435546875
v 23.25990104675293 10.935794830322266 251.15182495117188
v 22.45987319946289 12.985013008117676 252.67559814453125
v 22.331512451171875 15.306472778320312 411.0141296386719
v 24.02202796936035 15.580581665039062 366.07745361328125
v 22.480073928833008 17.931066513061523 570.6427001953125
v 21.713476181030273 17.479652404785156 569.8418579101562
v 22.758729934692383 18.904808044433594 571.3382568359375
v 22.288354873657227 18.366697311401367 399.7435302734375
v 22.156251907348633 18.376670837402344 402.2673645019531
v 22.27657127380371 18.283506393432617 406.4821472167969
v 22.334089279174805 21.466657638549805 260.8835754394531
v 22.25055694580078 22.717599868774414 569.576416015625
v 22.92706871032715 22.442527770996094 214.72103881835938
v 24.375032424926758 21.728485107421875 370.4664306640625
v 22.29495620727539 25.415451049804688 219.00970458984375
v 23.021039962768555 26.291391372680664 374.4449768066406
v 22.640626907348633 29.811155319213867 227.60630798339844
v 22.383703231811523 31.84040069580078 264.8069763183594
v 23.070627212524414 34.67896270751953 237.80014038085938
v 22.54376220703125 37.379920959472656 247.8083953857422
v 22.2418270111084 38.043312072753906 251.8659210205078
v 22.436172485351562 38.31277084350586 258.5106201171875
v 22.9736328125 -34.40472412109375 111.10657501220703
v 23.28261947631836 -32.3171501159668 84.71566772460938
v 22.715322494506836 -32.108924865722656 124.52278137207031
v 23.54914665222168 -27.88349723815918 70.95600891113281
v 22.732139587402344 -29.073776245117188 131.6990509033203
v 22.341602325439453 -26.549711227416992 69.61292266845703
v 22.47938346862793 -26.125497817993164 138.30599975585938
v 22.598960876464844 -24.973243713378906 156.62596130371094
v 22.488059997558594 -24.993181228637695 143.72250366210938
v 22.352231979370117 -24.330671310424805 149.80783081054688
v 22.842914581298828 -23.41552734375 166.45399475097656
v 24.639934539794922 -21.421905517578125 65.80865478515625
v 22.27393913269043 -16.207244873046875 143.48863220214844
v 23.649024963378906 -18.893203735351562 183.17764282226562
v 23.813091278076172 -17.98858642578125 184.93531799316406
v 22.42853546142578 -16.44774055480957 592.3737182617188
v 22.826351165771484 -15.154647827148438 124.13905334472656
v 22.618919372558594 -13.6703462600708 145.94125366210938
v 22.416122436523438 -14.091084480285645 592.998291015625
v 23.664846420288086 -13.189846992492676 101.36712646484375
v 22.483503341674805 -13.524923324584961 592.2162475585938
v 22.94733428955078 -13.404528617858887 89.71143341064453
v 22.218360900878906 -12.273958206176758 591.081298828125
v 22.924819946289062 -11.09344482421875 148.51853942871094
v 22.996055603027344 -9.39186954498291 151.32461547851562
v 23.110380172729492 -10.290583610534668 206.46966552734375
v 22.436798095703125 -10.443942070007324 590.9483032226562
v 22.918052673339844 -8.205489158630371 595.6261596679688
v 22.94171142578125 -8.518030166625977 211.30682373046875
v 22.68914222717285 -8.588428497314453 590.7306518554688
v 22.658037185668945 -6.792661666870117 591.0192260742188
v 22.603782653808594 -6.0459136962890625 32.00040817260742
v 22.431177139282227 -5.126158714294434 29.894182205200195
v 23.81879234313965 -6.359405040740967 217.7940216064453
v 22.980567932128906 -5.7471418380737305 157.5105743408203
v 22.23587989807129 -4.2067790031433105 34.8249626159668
v 22.6954345703125 -4.014065265655518 581.337158203125
v 22.61646270751953 -3.0753121376037598 29.2730770111084
v 22.58095359802246 -0.9907205700874329 170.48214721679688
v 22.107572555541992 0.030632494017481804 25.40904426574707
v 22.355365753173828 -1.3231614828109741 31.693204879760742
v 22.211294174194336 -0.45354562997817993 584.6575927734375
v 22.47566032409668 -0.530116856098175 587.2120361328125
v 22.597000122070312 -0.09581054002046585 234.08924865722656
v 22.029956817626953 0.14942070841789246 28.910341262817383
v 21.983125686645508 3.8855509757995605 20.33441925048828
v 22.112510681152344 1.482909083366394 25.855815887451172
v 22.39553451538086 4.028222560882568 19.21625328063965
v 22.286161422729492 5.909333229064941 20.14143180847168
v 22.3070125579834 8.001065254211426 17.856304168701172
v 23.286134719848633 9.799875259399414 190.07748413085938
v 22.824996948242188 13.387097358703613 408.8156433105469
v 23.052072525024414 15.379758834838867 255.92813110351562
v 22.55711555480957 17.514741897583008 404.39251708984375
v 22.694395065307617 17.546030044555664 400.1163330078125
v 22.72783088684082 19.429840087890625 567.8021850585938
v 23.05611801147461 19.354106903076172 207.7873992919922
v 22.443389892578125 21.042407989501953 566.337646484375
v 21.994644165039062 22.053373336791992 566.2363891601562
v 22.636648178100586 23.941692352294922 567.5668334960938
v 24.675189971923828 26.805831909179688 266.8469543457031
v 22.3886775970459 23.798192977905273 566.474853515625
v 23.239139556884766 30.297990798950195 266.193603515625
v 23.548473358154297 35.76373291015625 239.7621307373047
v 24.114425659179688 -34.35110092163086 99.55004119873047
v 23.44879722595215 -34.58736038208008 113.24954223632812
v 23.430837631225586 -34.012481689453125 117.6685791015625
v 24.033016204833984 -32.554378509521484 87.87362670898438
v 23.88120460510254 -24.816862106323242 163.85865783691406
v 23.77595329284668 -22.03568458557129 173.78988647460938
v 22.879053115844727 -17.721071243286133 134.63882446289062
v 23.07880401611328 -16.04749298095703 126.05652618408203
v 23.286155700683594 -15.45700740814209 69.6180419921875
v 23.921995162963867 -13.654654502868652 72.08905792236328
v 24.65970802307129 -13.104907989501953 103.40355682373047
v 23.532516479492188 -12.061741828918457 586.9835205078125
v 22.41118049621582 -7.288118839263916 33.860469818115234
v 22.54978370666504 -5.605458736419678 33.941627502441406
v 22.62608528137207 -6.584899425506592 594.2041015625
v 23.261890411376953 -4.91752815246582 587.5331420898438
v 24.28755760192871 -5.703195095062256 221.38111877441406
v 22.982614517211914 -4.851107120513916 591.2556762695312
v 23.26552963256836 -4.1912102699279785 585.7857666015625
v 22.703697204589844 -4.3088297843933105 583.7862548828125
v 23.248193740844727 -3.0072968006134033 590.58984375
v 22.698030471801758 -4.104391098022461 33.29018783569336
v 22.371967315673828 -3.222991943359375 579.2806396484375
v 22.300996780395508 -0.9107053279876709 27.75212287902832
v 24.23794174194336 -1.5400676727294922 231.7825469970703
v 25.11955451965332 -0.2205168753862381 379.98345947265625
v 22.839048385620117 -2.6624317169189453 30.734243392944336
v 23.80460548400879 0.4668174088001251 373.6818542480469
v 23.448301315307617 1.5450985431671143 174.88490295410156
v 26.379783630371094 3.021637439727783 391.3673095703125
v 22.51384735107422 4.429195880889893 17.831979751586914
v 23.954164505004883 6.0652899742126465 244.4676055908203
v 22.65117835998535 6.713449478149414 17.16211700439453
v 23.77386474609375 6.773367881774902 185.17324829101562
v 23.035680770874023 11.361335754394531 399.1922607421875
v 23.79534912109375 14.656085968017578 199.3072052001953
v 24.90557861328125 17.674972534179688 204.5636749267578
v 23.18889808654785 16.529184341430664 407.14276123046875
v 23.092025756835938 18.677377700805664 569.0281982421875
v 23.753145217895508 19.648523330688477 400.3281555175781
v 22.785411834716797 20.519140243530273 571.0515747070312
v 22.776721954345703 22.184738159179688 570.1687622070312
v 27.464502334594727 24.9895076751709 399.447021484375
v 22.882190704345703 23.152751922607422 565.0035400390625
v 24.088624954223633 28.32032585144043 266.81597900390625
v 23.93934440612793 29.522499084472656 225.96505737304688
v 26.067241668701172 30.697145462036133 379.14990234375
v 23.65388298034668 35.62533187866211 267.1672668457031
v 23.315027236938477 37.932498931884766 264.89794921875
v 22.84475326538086 38.65690994262695 261.3683776855469
v 23.42979621887207 39.82673645019531 256.627685546875
v 24.424861907958984 -30.479076385498047 74.9307632446289
v 24.015466690063477 -32.63372802734375 126.42574310302734
v 23.892656326293945 -29.373146057128906 72.79731750488281
v 23.561491012573242 -28.966686248779297 135.74822998046875
v 23.654226303100586 -27.627546310424805 140.95870971679688
v 23.465255737304688 -25.693817138671875 69.78400421142578
v 22.948909759521484 -25.352922439575195 148.42755126953125
v 24.24541473388672 -23.396455764770508 169.7177734375
v 24.764278411865234 -17.20009994506836 65.9332046508789
v 23.51662254333496 -17.029356002807617 132.79345703125
v 23.852825164794922 -16.391319274902344 128.62673950195312
v 23.22268295288086 -15.650484085083008 139.86953735351562
v 23.31145477294922 -16.56982421875 591.0526123046875
v 23.806110382080078 -16.7121639251709 189.48776245117188
v 23.46416664123535 -15.535019874572754 588.8450927734375
v 23.63540267944336 -14.140347480773926 120.43989562988281
v 24.084604263305664 -13.976703643798828 122.21885681152344
v 24.029151916503906 -14.787510871887207 195.07325744628906
v 23.996923446655273 -13.520758628845215 118.1808853149414
v 23.637069702148438 -13.210321426391602 104.66299438476562
v 23.669193267822266 -13.187639236450195 198.60263061523438
v 24.25946044921875 -13.811018943786621 83.43120574951172
v 23.577123641967773 -13.592286109924316 80.31656646728516
v 23.592090606689453 -13.446503639221191 85.6496353149414
v 24.1346378326416 -11.935571670532227 201.75914001464844
v 23.486793518066406 -11.078021049499512 591.1447143554688
v 24.614139556884766 -11.797340393066406 587.3408813476562
v 23.623294830322266 -9.755171775817871 590.2732543945312
v 23.91620445251465 -7.610990047454834 152.7173614501953
v 23.099014282226562 -6.947015762329102 588.0748291015625
v 23.34141731262207 -8.241663932800293 588.3402709960938
v 23.147422790527344 -7.15592622756958 595.166259765625
v 24.44114112854004 -6.446602821350098 153.9738311767578
v 23.799854278564453 -3.278477191925049 162.85101318359375
v 22.929956436157227 -3.6937575340270996 578.2031860351562
v 23.680173873901367 -4.631133556365967 578.8410034179688
v 23.31264877319336 -1.974477767944336 578.0988159179688
v 23.572731018066406 -1.5944989919662476 588.74560546875
v 23.130334854125977 -1.030172348022461 580.3525390625
v 23.234922409057617 -0.15382489562034607 584.7412109375
v 23.913175582885742 1.9035452604293823 237.79136657714844
v 25.065303802490234 3.4028193950653076 240.98423767089844
v 25.16524887084961 4.207597255706787 179.9829864501953
v 24.32246208190918 4.872923374176025 181.0365753173828
v 23.626697540283203 9.057278633117676 397.8302001953125
v 24.665679931640625 10.82934856414795 398.5338439941406
v 24.79985237121582 10.854225158691406 366.05596923828125
v 23.085205078125 13.581378936767578 402.9726257324219
v 23.263755798339844 13.384967803955078 406.4479675292969
v 23.42755889892578 15.252452850341797 406.99652099609375
v 24.430511474609375 15.838970184326172 257.7730712890625
v 23.09027862548828 16.69044303894043 400.5462341308594
v 24.03660774230957 19.45296859741211 261.07720947265625
v 23.725616455078125 21.48204803466797 565.7271118164062
v 25.926136016845703 25.43316650390625 267.4026794433594
v 24.546680450439453 23.469491958618164 215.79977416992188
v 23.4412784576416 24.705516815185547 564.068115234375
v 29.156200408935547 33.21177673339844 393.9430847167969
v 31.213085174560547 35.559818267822266 387.8424072265625
v 30.633089065551758 35.29531478881836 389.6693420410156
v 24.243453979492188 34.03407669067383 234.39553833007812
v 24.387081146240234 39.94902801513672 251.3534393310547
v 24.764022827148438 -34.83620071411133 101.53213500976562
v 24.75721549987793 -33.65406036376953 123.55076599121094
v 23.87049102783203 -31.921897888183594 78.12774658203125
v 24.714569091796875 -31.114084243774414 76.31922149658203
v 24.142534255981445 -28.439769744873047 139.22732543945312
v 24.29118537902832 -27.421417236328125 144.4136962890625
v 24.63088035583496 -26.55158233642578 151.2579803466797
v 24.142536163330078 -25.41645622253418 160.6033172607422
v 24.34449005126953 -26.05533790588379 157.26998901367188
v 26.16392707824707 -24.351869583129883 66.67620849609375
v 24.337936401367188 -18.98196792602539 65.78145599365234
v 24.117279052734375 -17.9121150970459 185.94752502441406
v 24.293922424316406 -15.592720031738281 135.57101440429688
v 25.865610122680664 -15.670448303222656 65.78591918945312
v 24.623994827270508 -15.234810829162598 592.0217895507812
v 24.01609230041504 -13.561005592346191 143.40013122558594
v 24.714834213256836 -15.918251037597656 191.88084411621094
v 24.128158569335938 -14.113720893859863 587.480712890625
v 23.883955001831055 -13.759281158447266 592.5340576171875
v 24.901269912719727 -13.016901016235352 107.20137023925781
v 24.483688354492188 -13.249157905578613 115.99372100830078
v 24.494522094726562 -13.278145790100098 92.14722442626953
v 23.94349479675293 -9.774270057678223 587.9528198242188
v 23.499120712280273 -8.857633590698242 589.6354370117188
v 24.633487701416016 -8.744858741760254 211.1959991455078
v 23.44089126586914 -6.894932270050049 589.611572265625
v 23.7288875579834 -5.130978107452393 590.17822265625
v 24.087324142456055 -0.738303005695343 586.531005859375
v 26.83765983581543 0.9934653043746948 378.44879150390625
v 24.791994094848633 4.958144187927246 368.4547119140625
v 24.665395736694336 5.868600368499756 182.68104553222656
v 23.641902923583984 13.23050594329834 399.716064453125
v 23.43251609802246 15.148811340332031 400.6951904296875
v 23.212968826293945 15.553718566894531 404.1678771972656
v 25.351722717285156 18.224531173706055 205.23085021972656
v 24.007118225097656 19.9536075592041 569.622314453125
v 24.509031295776367 20.564735412597656 568.0892944335938
v 23.867395401000977 20.746009826660156 570.1693115234375
v 26.077974319458008 19.46802520751953 369.8881530761719
v 24.06744956970215 22.060998916625977 569.6514892578125
v 24.193143844604492 23.80870819091797 568.0552368164062
v 24.851642608642578 24.20448875427246 216.3355255126953
v 23.759702682495117 23.740896224975586 563.7291870117188
v 24.553091049194336 25.696317672729492 218.4600067138672
v 23.69142723083496 25.42043685913086 565.115478515625
v 24.38137435913086 24.851303100585938 373.1646728515625
v 26.049318313598633 31.802734375 381.1550598144531
v 28.797983169555664 33.90302276611328 384.181396484375
v 24.859249114990234 31.617557525634766 229.68673706054688
v 31.706172943115234 35.45205307006836 391.89971923828125
v 24.472597122192383 37.875709533691406 244.17532348632812
v 24.73485565185547 41.5733642578125 265.70916748046875
v 25.199705123901367 -35.40354919433594 104.57503509521484
v 24.382923126220703 -35.36849594116211 107.63725280761719
v 25.47101593017578 -35.242305755615234 111.22991943359375
v 25.260494232177734 -34.707000732421875 120.04959869384766
v 24.685089111328125 -32.50064468383789 92.4160385131836
v 24.86207389831543 -32.653968811035156 127.35513305664062
v 24.50339126586914 -31.003456115722656 131.74407958984375
v 25.261333465576172 -26.879846572875977 152.16758728027344
v 24.991525650024414 -21.16417121887207 176.7305145263672
v 24.511159896850586 -20.6959228515625 178.97195434570312
v 24.667646408081055 -14.216194152832031 138.83584594726562
v 24.25921630859375 -14.446691513061523 70.39710235595703
v 24.67171859741211 -14.339627265930176 125.2583236694336
v 24.429916381835938 -13.52031135559082 111.45800018310547
v 25.555908203125 -12.936582565307617 73.46246337890625
v 25.4104061126709 -13.410451889038086 78.19772338867188
v 25.13698387145996 -13.175142288208008 96.61439514160156
v 24.60955047607422 -10.193973541259766 147.669189453125
v 24.857925415039062 -7.545278549194336 214.87579345703125
v 23.974979400634766 -4.075909614562988 588.7466430664062
v 24.586759567260742 -4.4266510009765625 225.11900329589844
v 23.916461944580078 -4.2425055503845215 580.9592895507812
v 24.073543548583984 -4.214406967163086 583.8253784179688
v 24.239595413208008 -3.7460103034973145 587.12158203125
v 25.128877639770508 -3.026418924331665 575.8809204101562
v 24.80547332763672 -1.8495947122573853 166.78121948242188
v 24.511558532714844 -1.314945101737976 578.871826171875
v 24.9029598236084 -0.21386046707630157 170.69456481933594
v 24.97120475769043 -0.6014371514320374 234.20977783203125
v 24.572994232177734 -0.5360869765281677 584.9487915039062
v 25.06801986694336 3.4099977016448975 177.76974487304688
v 26.125476837158203 4.049560546875 242.264404296875
v 25.042034149169922 5.300634384155273 394.87066650390625
v 24.481088638305664 11.682827949523926 193.41690063476562
v 25.306575775146484 11.591614723205566 253.24742126464844
v 25.02349281311035 13.756372451782227 255.722412109375
v 24.851295471191406 12.900141716003418 366.19805908203125
v 24.498878479003906 12.985633850097656 196.19956970214844
v 23.844764709472656 15.657973289489746 400.7021484375
v 24.85848045349121 19.419721603393555 207.49131774902344
v 25.438459396362305 20.409019470214844 210.11378479003906
v 24.193073272705078 20.605268478393555 567.049072265625
v 26.259737014770508 21.031736373901367 401.2708435058594
v 25.71441078186035 22.576025009155273 399.5479431152344
v 25.284936904907227 22.856563568115234 564.0682373046875
v 24.46185302734375 23.258142471313477 563.5571899414062
v 24.50849723815918 26.08687400817871 560.8125
v 25.263153076171875 26.161603927612305 565.0452880859375
v 26.279380798339844 26.84833526611328 374.8097839355469
v 24.48081398010254 26.7311954498291 562.0014038085938
v 25.686765670776367 28.082481384277344 222.24061584472656
v 25.52263069152832 35.32277297973633 236.37818908691406
v 24.427059173583984 38.39678955078125 246.47647094726562
v 24.61688232421875 40.08633041381836 267.90289306640625
v 25.55244255065918 41.59469223022461 254.2112274169922
v 25.55596923828125 43.578426361083984 264.380859375
v 26.16355323791504 -35.13974380493164 103.25473022460938
v 25.695388793945312 -31.86025619506836 87.02993774414062
v 26.087337493896484 -28.15142059326172 71.94924926757812
v 24.761463165283203 -27.567232131958008 146.87791442871094
v 25.42571258544922 -24.417049407958984 166.9442596435547
v 24.60134506225586 -15.54162311553955 589.18603515625
v 25.073396682739258 -14.687830924987793 125.97160339355469
v 24.81208038330078 -13.840312004089355 89.71315002441406
v 26.24305534362793 -13.077489852905273 119.84233093261719
v 25.688093185424805 -13.338377952575684 99.43687438964844
v 25.217758178710938 -13.729461669921875 587.7329711914062
v 25.05941390991211 -11.698882102966309 591.0008544921875
v 25.744556427001953 -11.361199378967285 203.74609375
v 25.640682220458984 -9.820693969726562 208.17108154296875
v 25.191734313964844 -8.066364288330078 151.08055114746094
v 25.280284881591797 -4.67138147354126 157.3418731689453
v 25.176071166992188 -3.8906421661376953 576.10888671875
v 24.915348052978516 -3.397962808609009 584.4382934570312
v 24.80330467224121 -1.7640142440795898 586.6232299804688
v 24.940122604370117 -1.8718620538711548 576.752685546875
v 25.91985321044922 -1.3768662214279175 577.076416015625
v 24.621360778808594 -0.9920676946640015 583.2882690429688
v 25.851783752441406 0.3967891037464142 172.46432495117188
v 25.279048919677734 2.3329594135284424 372.186767578125
v 25.08406639099121 8.688015937805176 248.91998291015625
v 24.742359161376953 13.843281745910645 400.5235290527344
v 25.292564392089844 16.206403732299805 202.11541748046875
v 25.433063507080078 18.134172439575195 401.9066467285156
v 26.17079734802246 23.08051300048828 372.2574157714844
v 25.22162628173828 25.50714111328125 559.6975708007812
v 24.938461303710938 26.572105407714844 564.0695190429688
v 25.993282318115234 31.45285987854004 228.70620727539062
v 24.735774993896484 33.232933044433594 269.4126281738281
v 24.72014808654785 37.3375129699707 269.6969909667969
v 25.53135871887207 -34.780235290527344 117.05235290527344
v 26.145483016967773 -35.35140609741211 113.43074798583984
v 26.506399154663086 -35.104583740234375 119.23534393310547
v 25.203998565673828 -31.592639923095703 84.25067138671875
v 25.633893966674805 -31.141376495361328 78.33426666259766
v 25.338497161865234 -30.68062973022461 135.72824096679688
v 25.727046966552734 -29.435314178466797 141.53843688964844
v 25.186052322387695 -27.064224243164062 70.91287231445312
v 25.879024505615234 -26.719608306884766 157.50318908691406
v 26.525362014770508 -22.262176513671875 64.91931915283203
v 26.23491096496582 -22.449159622192383 174.2401885986328
v 25.650127410888672 -19.963899612426758 64.63023376464844
v 25.17551040649414 -15.50222396850586 132.3411407470703
v 25.71893310546875 -14.981922149658203 128.1244354248047
v 25.43592643737793 -15.137045860290527 589.9082641601562
v 25.310035705566406 -13.659890174865723 71.49571228027344
v 25.718433380126953 -14.225446701049805 85.70318603515625
v 25.468338012695312 -12.461761474609375 142.93841552734375
v 25.897653579711914 -12.806648254394531 103.57984924316406
v 26.734006881713867 -13.060285568237305 111.26863861083984
v 26.392465591430664 -12.864221572875977 199.3461456298828
v 25.17693328857422 -11.131805419921875 588.28759765625
v 25.328033447265625 -10.929713249206543 589.427490234375
v 26.49306869506836 -6.46418571472168 217.53089904785156
v 25.640470504760742 -4.876438617706299 578.2022094726562
v 26.40650749206543 -3.005185842514038 160.27198791503906
v 25.25475311279297 -3.9464972019195557 580.1820068359375
v 24.984119415283203 -3.445582628250122 581.8549194335938
v 25.227062225341797 -2.1451425552368164 585.40966796875
v 25.21830177307129 -1.6700462102890015 579.5070190429688
v 29.52366828918457 2.770416021347046 387.6142272949219
v 26.436073303222656 1.9548887014389038 174.8044891357422
v 26.734298706054688 4.228374004364014 371.7347106933594
v 26.062490463256836 7.031043529510498 396.19989013671875
v 25.11087417602539 8.465335845947266 366.8382263183594
v 25.59562873840332 10.374491691589355 190.89170837402344
v 25.628463745117188 12.51793098449707 400.0571594238281
v 26.086376190185547 15.126663208007812 401.8080749511719
v 25.672805786132812 14.685159683227539 199.2541046142578
v 27.90043830871582 16.542993545532227 369.9491271972656
v 24.943174362182617 21.84333610534668 566.390869140625
v 25.100685119628906 22.616500854492188 567.6732177734375
v 25.960498809814453 22.109222412109375 213.15953063964844
v 32.1023063659668 32.20347595214844 397.5774230957031
v 26.320234298706055 29.750917434692383 225.35226440429688
v 25.397869110107422 34.95751190185547 271.15240478515625
v 26.543386459350586 40.798709869384766 249.49684143066406
v 26.17413902282715 43.59388732910156 258.19561767578125
v 26.274269104003906 -35.74101638793945 106.24412536621094
v 25.917560577392578 -33.808937072753906 125.81885528564453
v 26.629175186157227 -31.70352554321289 91.74688720703125
v 26.327526092529297 -32.201602935791016 131.71339416503906
v 26.327329635620117 -26.014846801757812 68.71833801269531
v 26.409849166870117 -26.177827835083008 160.77053833007812
v 27.014318466186523 -26.284875869750977 161.7847900390625
v 27.11335563659668 -25.50180435180664 165.1016845703125
v 27.056875228881836 -18.077219009399414 186.24671936035156
v 25.72987937927246 -17.073808670043945 189.1951141357422
v 25.907913208007812 -14.358529090881348 590.2244873046875
v 26.241701126098633 -13.670085906982422 136.72634887695312
v 28.622262954711914 -14.034333229064941 78.03359985351562
v 26.3095760345459 -14.85461139678955 81.49493408203125
v 25.989667892456055 -14.491617202758789 195.95428466796875
v 25.553264617919922 -13.528728485107422 591.3157958984375
v 26.199615478515625 -13.961592674255371 91.66250610351562
v 26.320199966430664 -6.442170143127441 218.3059844970703
v 26.335590362548828 -2.8404431343078613 229.47650146484375
v 26.193056106567383 -2.4281868934631348 163.3182373046875
v 25.31417465209961 -2.085329532623291 581.4398193359375
v 26.96390724182129 1.1636121273040771 237.4222412109375
v 28.128231048583984 2.924539566040039 389.9909973144531
v 26.631084442138672 7.005384922027588 185.54440307617188
v 26.80327033996582 7.850912570953369 248.47415161132812
v 26.537193298339844 9.689146041870117 397.7056884765625
v 26.189205169677734 25.312776565551758 565.4656982421875
v 25.817201614379883 27.365846633911133 558.352783203125
v 28.360462188720703 30.106813430786133 377.7406921386719
v 25.74025535583496 41.87625503540039 270.7727355957031
v 25.937585830688477 39.948753356933594 272.39776611328125
v 25.815204620361328 43.36381530761719 269.1154479980469
v 27.298831939697266 -35.82143783569336 108.62620544433594
v 27.207778930664062 -34.49116134643555 99.80268096923828
v 26.679973602294922 -34.01335144042969 98.31394958496094
v 26.618486404418945 -29.888822555541992 76.09561920166016
v 27.007068634033203 -30.536643981933594 139.59593200683594
v 26.51740837097168 -20.80277442932129 179.22572326660156
v 26.55706214904785 -18.339494705200195 184.89620971679688
v 27.613189697265625 -13.686893463134766 66.76599884033203
v 27.024667739868164 -13.740453720092773 125.40514373779297
v 26.810630798339844 -14.756525039672852 89.66407012939453
v 26.533889770507812 -13.555811882019043 125.02928924560547
v 26.28296661376953 -13.221407890319824 123.13977813720703
v 27.182456970214844 -13.15167236328125 76.45651245117188
v 26.455101013183594 -12.751435279846191 116.70219421386719
v 26.03437614440918 -12.78812313079834 588.7401733398438
v 25.854660034179688 -12.247228622436523 590.3040771484375
v 25.935205459594727 -10.388643264770508 146.04673767089844
v 26.659225463867188 -8.72700309753418 211.00372314453125
v 26.66975975036621 -5.6861395835876465 153.8542022705078
v 25.87592315673828 -4.704243183135986 576.4006958007812
v 26.921329498291016 -4.621495723724365 224.8118438720703
v 25.7207088470459 -2.8314738273620605 580.1344604492188
v 26.448942184448242 -2.410855531692505 574.8707885742188
v 27.474918365478516 2.112481117248535 376.35528564453125
v 27.884754180908203 3.4525694847106934 374.5473937988281
v 27.17901039123535 4.980639457702637 244.20269775390625
v 26.8961181640625 9.939592361450195 252.0760498046875
v 27.034305572509766 11.58749008178711 193.56800842285156
v 26.629106521606445 12.863946914672852 196.13824462890625
v 27.345378875732422 14.26062297821045 257.8173828125
v 26.315553665161133 17.917591094970703 261.4234313964844
v 26.88088035583496 20.948009490966797 371.0837707519531
v 25.94864273071289 22.987014770507812 565.2588500976562
v 27.02366065979004 22.881006240844727 266.4644470214844
v 26.567495346069336 24.00800323486328 565.0294799804688
v 27.586650848388672 23.92302703857422 215.8684844970703
v 25.92737579345703 24.49190902709961 560.4937133789062
v 25.83554458618164 28.027530670166016 558.918701171875
v 26.470659255981445 28.230859756469727 560.7326049804688
v 26.470901489257812 28.79886245727539 559.2822265625
v 25.98250961303711 30.93609619140625 270.527587890625
v 27.183162689208984 34.205448150634766 232.91326904296875
v 26.29553985595703 35.775638580322266 237.15097045898438
v 26.508787155151367 37.231910705566406 273.9158630371094
v 27.51445770263672 38.67454147338867 242.83139038085938
v 27.247350692749023 39.33455276489258 245.24769592285156
v 27.313838958740234 46.2548828125 263.59814453125
v 26.31648826599121 44.9996337890625 267.7988586425781
v 27.571046829223633 -33.9300651550293 127.02702331542969
v 27.037870407104492 -31.914691925048828 134.99501037597656
v 26.480669021606445 -30.816423416137695 83.7680435180664
v 27.529094696044922 -29.50634002685547 144.77337646484375
v 26.9288387298584 -28.78408432006836 147.84158325195312
v 26.497068405151367 -27.47516632080078 71.56371307373047
v 27.001264572143555 -27.577590942382812 152.5057830810547
v 27.570981979370117 -24.13760757446289 169.48622131347656
v 27.71363639831543 -15.819232940673828 191.9695587158203
v 27.25607681274414 -14.285377502441406 132.12620544433594
v 26.479900360107422 -15.008502006530762 83.20368957519531
v 27.627975463867188 -13.249979972839355 68.51993560791016
v 26.954845428466797 -13.252640724182129 72.17535400390625
v 27.686771392822266 -12.727340698242188 107.46221160888672
v 27.111074447631836 -11.465017318725586 142.82794189453125
v 26.871366500854492 -8.812849044799805 148.08851623535156
v 27.194379806518555 -7.368868827819824 151.0081024169922
v 27.48552894592285 -7.089171409606934 215.5804443359375
v 26.809846878051758 -5.7165303230285645 221.4842987060547
v 26.559467315673828 -4.302765846252441 579.0029296875
v 26.8602294921875 -4.2667155265808105 575.1851806640625
v 27.615596771240234 -1.47621488571167 166.86610412597656
v 27.146223068237305 -1.4101608991622925 577.763427734375
v 27.582443237304688 -0.8829848766326904 233.87118530273438
v 27.575593948364258 -0.027000559493899345 170.93597412109375
v 31.307395935058594 3.5077991485595703 385.9041748046875
v 27.39877700805664 5.7423601150512695 182.50413513183594
v 27.238916397094727 5.856861114501953 394.8133544921875
v 26.50892448425293 7.397130489349365 368.8775329589844
v 28.939903259277344 13.577010154724121 370.36920166015625
v 27.457239151000977 12.897231101989746 255.943603515625
v 27.500469207763672 16.026090621948242 202.18678283691406
v 27.2080135345459 17.533164978027344 402.58624267578125
v 27.7564697265625 23.423290252685547 215.4921112060547
v 27.30666732788086 25.70148468017578 218.19798278808594
v 26.5528564453125 27.386207580566406 557.3099975585938
v 26.53863525390625 28.740341186523438 557.1172485351562
v 26.573163986206055 32.224151611328125 272.2500305175781
v 27.168325424194336 42.55241775512695 274.3746032714844
v 27.41938591003418 42.3488883972168 252.51669311523438
v 28.026639938354492 -34.71364974975586 122.57516479492188
v 27.82364273071289 -34.42140197753906 125.58972930908203
v 27.78342056274414 -28.274677276611328 73.10423278808594
v 27.89995002746582 -27.18085289001465 157.7287139892578
v 27.784345626831055 -23.84103775024414 65.61603546142578
v 27.521106719970703 -19.034605026245117 62.36381912231445
v 28.358413696289062 -17.17394256591797 61.87398147583008
v 27.44610023498535 -14.442606925964355 65.49945831298828
v 27.873958587646484 -14.080771446228027 95.47994995117188
v 28.913806915283203 -13.502174377441406 101.40001678466797
v 27.96450424194336 -13.901357650756836 196.65647888183594
v 27.756118774414062 -12.96384048461914 74.53288269042969
v 28.144248962402344 -11.550097465515137 201.68092346191406
v 28.19837188720703 -10.284788131713867 205.7703857421875
v 28.108182907104492 -4.092140197753906 157.36741638183594
v 28.942855834960938 -3.206220865249634 228.24835205078125
v 27.947097778320312 -2.6908016204833984 578.3645629882812
v 28.0518798828125 -1.0396652221679688 575.1156005859375
v 28.24801254272461 2.7405455112457275 240.4818115234375
v 27.67899513244629 4.248639106750488 180.22708129882812
v 28.58835220336914 3.2034361362457275 177.63792419433594
v 32.92595291137695 8.273919105529785 376.54656982421875
v 29.6550350189209 9.790106773376465 397.0184631347656
v 27.481748580932617 11.849032402038574 399.9345397949219
v 27.56081199645996 19.130626678466797 402.7865905761719
v 27.05561065673828 19.453929901123047 207.87913513183594
v 27.478471755981445 20.903301239013672 371.5957336425781
v 27.272401809692383 24.579792022705078 561.3189086914062
v 27.161136627197266 24.333009719848633 562.6707763671875
v 27.179250717163086 24.932151794433594 559.8532104492188
v 29.889999389648438 26.31840705871582 374.5923156738281
v 26.877723693847656 25.151281356811523 564.5588989257812
v 27.179073333740234 26.488994598388672 557.5745849609375
v 27.17823028564453 27.62334632873535 561.578369140625
v 26.564008712768555 29.356168746948242 557.5833740234375
v 27.54755210876465 28.4168701171875 270.9932861328125
v 31.734777450561523 33.16755294799805 396.347900390625
v 28.000211715698242 35.65721130371094 235.6862030029297
v 28.845430374145508 46.447303771972656 258.7656555175781
v 27.068620681762695 45.248199462890625 271.5178527832031
v 27.10251235961914 46.55097961425781 265.83807373046875
v 28.027359008789062 -35.3785400390625 103.3502197265625
v 28.354835510253906 -35.11497497558594 116.60590362548828
v 28.187896728515625 -32.713890075683594 95.45903015136719
v 28.05340003967285 -32.88111114501953 131.68731689453125
v 28.101974487304688 -30.294031143188477 87.50992584228516
v 27.840608596801758 -29.35004425048828 77.9323959350586
v 28.17416000366211 -30.6129207611084 141.7953643798828
v 27.617788314819336 -24.713720321655273 167.28512573242188
v 28.71600341796875 -20.991714477539062 177.3473358154297
v 28.119993209838867 -21.158832550048828 62.30329132080078
v 27.788101196289062 -15.656241416931152 85.64483642578125
v 28.810352325439453 -13.900352478027344 127.45158386230469
v 27.587345123291016 -13.511228561401367 134.828369140625
v 28.291362762451172 -14.061217308044434 98.51329803466797
v 28.78645896911621 -13.854630470275879 99.26558685302734
v 28.411590576171875 -12.744922637939453 104.97979736328125
v 28.813865661621094 -12.73069953918457 122.42208099365234
v 27.807132720947266 -12.512411117553711 137.8731231689453
v 28.58461570739746 -9.409113883972168 207.95367431640625
v 28.047164916992188 -4.629185676574707 575.8584594726562
v 27.660429000854492 -4.517090320587158 577.598388671875
v 28.14221954345703 4.515859603881836 392.8463134765625
v 28.230575561523438 9.785547256469727 190.75421142578125
v 27.650964736938477 13.39764404296875 401.3358154296875
v 27.88033676147461 14.31065845489502 199.21498107910156
v 28.71099853515625 17.142154693603516 204.61732482910156
v 28.087162017822266 18.17238426208496 205.71820068359375
v 28.217138290405273 20.871549606323242 402.5514221191406
v 32.41750717163086 29.652677536010742 377.0144348144531
v 27.4082088470459 28.426424026489258 556.1106567382812
v 27.69306755065918 28.960763931274414 559.69677734375
v 27.524457931518555 29.72211265563965 272.0326232910156
v 27.18303871154785 30.389949798583984 555.3522338867188
v 27.03536605834961 30.398778915405273 557.0907592773438
v 27.795400619506836 34.19039535522461 275.0941467285156
v 27.323434829711914 40.59746551513672 275.1487121582031
v 28.865859985351562 47.74595642089844 262.1141662597656
v 29.181730270385742 -35.37970733642578 111.22368621826172
v 28.768051147460938 -34.7420768737793 101.85645294189453
v 28.5250301361084 -33.345523834228516 97.65167236328125
v 27.940465927124023 -29.529386520385742 83.03563690185547
v 29.44462776184082 -27.904346466064453 74.5260009765625
v 28.9332218170166 -29.357114791870117 148.39614868164062
v 29.000640869140625 -27.4517822265625 73.15157318115234
v 28.532320022583008 -25.40258026123047 67.34002685546875
v 29.02776527404785 -20.46784782409668 179.35072326660156
v 28.17618751525879 -19.30364227294922 182.35987854003906
v 28.035009384155273 -16.45970344543457 82.21199035644531
v 28.63417625427246 -15.89469051361084 62.483123779296875
v 29.086917877197266 -12.841565132141113 68.97422790527344
v 28.92050552368164 -13.11189079284668 102.499755859375
v 29.070720672607422 -12.650308609008789 116.77557373046875
v 29.441802978515625 -6.101686000823975 217.67457580566406
v 28.557966232299805 -5.357063293457031 153.9338836669922
v 28.403732299804688 -2.842747926712036 574.3678588867188
v 28.651453018188477 -2.749436616897583 160.50035095214844
v 28.16333770751953 -1.7538145780563354 574.5586547851562
v 28.596887588500977 -0.4665320813655853 576.2759399414062
v 32.09413146972656 4.036447048187256 383.7770690917969
v 28.7924747467041 10.672562599182129 253.43809509277344
v 27.944568634033203 15.194184303283691 402.1219177246094
v 29.13576316833496 16.273075103759766 261.0814208984375
v 29.168922424316406 18.932403564453125 371.57818603515625
v 28.241615295410156 20.10789680480957 210.01075744628906
v 28.07082748413086 21.193559646606445 211.70828247070312
v 27.866107940673828 22.93120002746582 400.084228515625
v 28.59564208984375 22.293746948242188 213.8440704345703
v 29.377805709838867 26.319955825805664 271.1317443847656
v 28.169267654418945 25.94502067565918 560.9412231445312
v 28.375686645507812 26.724821090698242 557.5052490234375
v 27.790958404541016 26.806203842163086 561.745849609375
v 28.81624984741211 28.411914825439453 222.7613067626953
v 27.732189178466797 30.728506088256836 557.6170654296875
v 28.781082153320312 31.590410232543945 228.3992462158203
v 28.64824867248535 35.943687438964844 236.44004821777344
v 27.276439666748047 45.61430740356445 272.3801574707031
v 27.80214500427246 47.65272521972656 269.6748962402344
v 28.591371536254883 -35.70993423461914 105.70941925048828
v 28.571880340576172 -35.41845703125 113.34740447998047
v 29.178579330444336 -35.29009246826172 118.95927429199219
v 28.360881805419922 -30.408082962036133 91.07156372070312
v 28.69232749938965 -26.461441040039062 161.14047241210938
v 28.9325008392334 -22.91374397277832 62.948020935058594
v 28.470365524291992 -22.266159057617188 174.622314453125
v 29.341251373291016 -15.146885871887207 79.38939666748047
v 28.358753204345703 -15.984938621520996 89.47079467773438
v 29.214445114135742 -15.23084831237793 93.99241638183594
v 28.3964786529541 -13.295145988464355 73.21927642822266
v 28.835594177246094 -13.032916069030762 124.52281188964844
v 28.550832748413086 -12.800979614257812 119.07552337646484
v 28.734922409057617 -8.368372917175293 210.812744140625
v 28.6054744720459 -8.795549392700195 147.24266052246094
v 29.395009994506836 -5.423775672912598 221.0243682861328
v 29.731000900268555 -4.080932140350342 225.26925659179688
v 29.141504287719727 0.19447247684001923 172.9744873046875
v 29.211416244506836 1.0578796863555908 174.0753631591797
v 29.17496681213379 5.5147857666015625 182.89907836914062
v 29.706708908081055 6.717997074127197 186.61361694335938
v 29.497499465942383 7.986928462982178 372.3172302246094
v 29.415082931518555 7.520651340484619 248.59706115722656
v 28.915071487426758 8.868119239807129 251.09075927734375
v 29.164011001586914 11.468645095825195 194.54110717773438
v 29.621583938598633 12.259561538696289 400.4082336425781
v 29.073638916015625 12.235250473022461 196.15757751464844
v 28.668363571166992 18.58926010131836 263.4004821777344
v 29.240942001342773 22.213603973388672 401.9706115722656
v 28.55682945251465 28.456480026245117 559.6261596679688
v 28.48790168762207 28.13555335998535 556.077880859375
v 28.19894027709961 30.45557975769043 553.8944091796875
v 28.47258758544922 32.34214782714844 555.489013671875
v 28.445640563964844 32.546810150146484 554.1632690429688
v 28.923179626464844 37.237281799316406 277.4684753417969
v 28.641942977905273 41.16344451904297 248.12855529785156
v 29.585485458374023 47.85832214355469 277.75067138671875
v 28.21401023864746 47.75387954711914 263.87872314453125
v 28.49595069885254 48.73814392089844 267.2310485839844
v 28.424907684326172 47.75526809692383 273.7120056152344
v 29.487401962280273 -32.69308853149414 134.87623596191406
v 29.551753997802734 -27.83951187133789 153.7858428955078
v 29.820209503173828 -26.433624267578125 69.8211441040039
v 29.676591873168945 -20.725317001342773 60.80726623535156
v 28.914085388183594 -19.333765029907227 61.07220458984375
v 29.610191345214844 -18.041200637817383 184.3032989501953
v 29.43674087524414 -17.210865020751953 187.55007934570312
v 28.938941955566406 -10.932595252990723 142.6015167236328
v 29.52004623413086 -7.083890914916992 151.09085083007812
v 29.030235290527344 -6.058284759521484 217.215087890625
v 28.853195190429688 -3.5671708583831787 574.7205200195312
v 30.39972496032715 -0.9889917969703674 232.56341552734375
v 29.94423484802246 3.5979578495025635 241.689453125
v 29.6719970703125 3.8882908821105957 180.46775817871094
v 29.32403564453125 4.439113140106201 391.8108825683594
v 29.580842971801758 5.096047878265381 244.54473876953125
v 28.547082901000977 10.327369689941406 398.14862060546875
v 29.306896209716797 17.221988677978516 405.35601806640625
v 29.59841537475586 19.64345932006836 209.71865844726562
v 29.04118537902832 20.481435775756836 403.4727783203125
v 31.051898956298828 24.982358932495117 271.14862060546875
v 30.02713966369629 23.140186309814453 400.5820617675781
v 29.111452102661133 27.250167846679688 558.11376953125
v 29.021902084350586 27.498655319213867 559.288330078125
v 28.639413833618164 29.473159790039062 554.5313110351562
v 28.838443756103516 30.73973274230957 557.7276611328125
v 28.9320125579834 32.26017761230469 552.9656982421875
v 28.87555503845215 32.06730651855469 556.1211547851562
v 29.182132720947266 31.453481674194336 275.4310302734375
v 29.9906005859375 34.454139709472656 232.8113555908203
v 28.790916442871094 40.597652435302734 278.057373046875
v 28.807825088500977 42.67989730834961 251.51654052734375
v 29.652429580688477 45.414581298828125 279.10394287109375
v 29.896156311035156 -34.64918899536133 125.28474426269531
v 29.72581672668457 -33.60449981689453 99.0724868774414
v 30.44747543334961 -31.426197052001953 139.80328369140625
v 28.76825714111328 -28.353382110595703 79.5123519897461
v 29.674396514892578 -27.115047454833984 83.1043701171875
v 29.938674926757812 -26.318998336791992 162.0282440185547
v 30.34417152404785 -25.224109649658203 165.9795684814453
v 30.19010353088379 -24.65606689453125 167.3132781982422
v 29.55531883239746 -24.80947494506836 66.66522216796875
v 29.938142776489258 -24.3388671875 64.35616302490234
v 29.456554412841797 -17.595077514648438 85.5012435913086
v 30.018198013305664 -16.227540969848633 93.04684448242188
v 29.328489303588867 -14.338543891906738 63.937477111816406
v 29.49842643737793 -13.615303039550781 75.4937973022461
v 30.441730499267578 -13.481907844543457 126.48241424560547
v 29.847835540771484 -13.669384002685547 131.74810791015625
v 29.63387107849121 -12.857771873474121 134.97256469726562
v 30.210975646972656 -13.003904342651367 66.36859893798828
v 29.707050323486328 -13.196758270263672 111.12136840820312
v 29.718687057495117 -12.015380859375 199.06625366210938
v 29.760900497436523 -12.03274917602539 137.70489501953125
v 30.31096839904785 -6.613239765167236 214.53378295898438
v 30.971284866333008 -3.495143175125122 577.00390625
v 29.619831085205078 -3.530637741088867 577.6187744140625
v 30.994354248046875 -1.3366115093231201 577.8056030273438
v 31.912485122680664 -0.30141517519950867 577.2970581054688
v 28.657930374145508 -0.695849597454071 540.9968872070312
v 28.623878479003906 1.4990909099578857 539.2529907226562
v 28.64201545715332 -0.8377795815467834 543.0079956054688
v 29.54548454284668 -0.26298561692237854 171.4058074951172
v 30.283849716186523 0.8385433554649353 236.27667236328125
v 28.627655029296875 0.9065548181533813 541.1334838867188
v 29.325172424316406 -0.0773022323846817 544.9916381835938
v 29.182781219482422 0.4574998617172241 538.411376953125
v 29.466960906982422 10.70650863647461 371.19140625
v 29.884159088134766 12.439751625061035 256.0281982421875
v 28.784719467163086 14.492964744567871 401.9336242675781
v 29.597740173339844 15.393980026245117 404.3053894042969
v 30.355497360229492 14.017278671264648 200.1525421142578
v 29.680225372314453 18.607452392578125 405.895751953125
v 30.07176399230957 20.68854522705078 211.6608428955078
v 31.98492431640625 25.317102432250977 374.3651428222656
v 29.593952178955078 25.1738338470459 217.8686981201172
v 29.076061248779297 28.13714599609375 272.6136474609375
v 29.35717010498047 31.05773162841797 552.737060546875
v 30.359241485595703 35.950992584228516 236.1692657470703
v 30.26161003112793 38.98189163208008 242.4935302734375
v 29.858442306518555 39.68785095214844 244.4906768798828
v 30.77317237854004 47.136173248291016 257.1104736328125
v 29.95363426208496 50.145660400390625 264.86572265625
v 29.290061950683594 50.22950744628906 270.2236022949219
v 28.989843368530273 49.7151985168457 267.3166809082031
v 29.993959426879883 -35.57345199584961 108.58092498779297
v 31.157915115356445 -34.16473388671875 101.53053283691406
v 29.69957733154297 -33.23211669921875 131.47235107421875
v 30.657367706298828 -31.26219940185547 95.58763122558594
v 30.5314998626709 -30.124773025512695 145.11402893066406
v 29.683752059936523 -28.874126434326172 90.67642211914062
v 29.86981201171875 -27.995433807373047 86.97429656982422
v 29.876893997192383 -27.287395477294922 157.69200134277344
v 30.83496856689453 -23.780784606933594 169.6444549560547
v 30.7726993560791 -21.88727569580078 60.6864128112793
v 30.791858673095703 -21.798444747924805 174.60691833496094
v 29.92276954650879 -19.0548095703125 181.77078247070312
v 29.219955444335938 -18.03987693786621 82.45700073242188
v 30.79780387878418 -17.169553756713867 58.771018981933594
v 30.502107620239258 -16.377079010009766 79.79063415527344
v 30.146175384521484 -18.161865234375 89.50701141357422
v 30.289331436157227 -15.18152904510498 191.68093872070312
v 31.131807327270508 -15.928977012634277 97.32548522949219
v 29.893163681030273 -13.38984203338623 196.25079345703125
v 30.75412368774414 -13.28376579284668 124.54766082763672
v 30.36428451538086 -12.803669929504395 69.78205108642578
v 30.847942352294922 -13.198881149291992 108.12808990478516
v 31.005069732666016 -10.44083309173584 201.3780517578125
v 30.605051040649414 -9.853546142578125 204.15643310546875
v 30.70501136779785 -9.60919189453125 144.8743896484375
v 31.348148345947266 -5.875741004943848 153.2801055908203
v 30.340532302856445 -4.921106338500977 155.13156127929688
v 31.105615615844727 -2.365419387817383 577.7977294921875
v 30.630399703979492 -2.2676398754119873 164.43215942382812
v 31.074649810791016 -1.9973312616348267 167.30517578125
v 29.49310302734375 -2.262514352798462 543.0198974609375
v 29.21868896484375 -1.2514665126800537 540.554443359375
v 29.46243667602539 -1.1774688959121704 545.6432495117188
v 29.5402774810791 0.5652350783348083 544.1846313476562
v 30.661380767822266 2.577939987182617 239.7857666015625
v 29.30657386779785 1.692295789718628 541.3961791992188
v 29.15581512451172 2.6428675651550293 538.1775512695312
v 29.497655868530273 2.9819977283477783 539.7601928710938
v 33.355003356933594 6.7337260246276855 379.0969543457031
v 30.31700897216797 13.711626052856445 401.28582763671875
v 30.303617477416992 15.200441360473633 371.4543762207031
v 30.436283111572266 15.941906929016113 203.81109619140625
v 30.430044174194336 19.77335548400879 406.41943359375
v 30.12529945373535 21.447265625 402.87255859375
v 32.84156799316406 23.760799407958984 270.9090881347656
v 29.745595932006836 29.3475341796875 555.2538452148438
v 29.434221267700195 29.667888641357422 558.1626586914062
v 29.902658462524414 29.876344680786133 553.7915649414062
v 30.504676818847656 31.78394889831543 555.968017578125
v 30.654399871826172 34.403812408447266 552.6002807617188
v 30.268321990966797 34.2156982421875 554.1826782226562
v 30.438966751098633 35.187496185302734 278.5975646972656
v 30.59225082397461 42.5681037902832 249.8406982421875
v 30.70706558227539 49.35646438598633 261.0052490234375
v 30.083932876586914 51.43821334838867 273.9954528808594
v 30.818723678588867 -35.24028778076172 105.0846176147461
v 30.6322078704834 -35.10917663574219 112.99593353271484
v 30.472763061523438 -34.86880111694336 116.17359924316406
v 31.405872344970703 -34.68791198730469 124.53447723388672
v 31.224340438842773 -31.081703186035156 141.91563415527344
v 30.495662689208984 -29.026071548461914 150.368896484375
v 29.862829208374023 -26.37490463256836 80.86257934570312
v 30.90790367126465 -25.09720230102539 67.52137756347656
v 31.708332061767578 -18.12986183166504 79.75762176513672
v 31.416366577148438 -15.018613815307617 59.331180572509766
v 29.894113540649414 -13.709625244140625 73.8349838256836
v 30.989276885986328 -13.061803817749023 118.31455993652344
v 31.046466827392578 -12.842264175415039 121.11869812011719
v 31.353458404541016 -10.634515762329102 142.6916961669922
v 31.311744689941406 -5.3439812660217285 216.69566345214844
v 31.34898567199707 -4.255883693695068 157.62713623046875
v 31.232391357421875 -3.0322113037109375 575.0193481445312
v 30.616241455078125 -2.8828482627868652 160.64578247070312
v 30.34973907470703 -1.6616781949996948 574.4510498046875
v 30.089366912841797 -2.455690860748291 545.2896728515625
v 29.93239402770996 -0.8157558441162109 575.0103149414062
v 30.252452850341797 -0.20188239216804504 575.986328125
v 30.839139938354492 2.304593324661255 177.3217010498047
v 30.599533081054688 3.566653251647949 536.1815795898438
v 30.23554229736328 3.7022054195404053 389.3601989746094
v 29.949148178100586 4.019314289093018 537.8820190429688
v 33.240360260009766 7.809345245361328 377.480224609375
v 31.236684799194336 8.926243782043457 251.312255859375
v 30.890600204467773 10.129680633544922 193.57464599609375
v 31.075775146484375 10.144450187683105 252.9700164794922
v 30.631025314331055 12.996506690979004 198.79824829101562
v 31.083505630493164 14.248703956604004 403.4681091308594
v 30.786157608032227 17.4824161529541 206.14996337890625
v 29.908552169799805 17.126327514648438 371.66131591796875
v 31.010059356689453 22.765291213989258 215.50942993164062
v 30.83344268798828 27.87433433532715 222.35829162597656
v 30.018775939941406 29.817264556884766 556.0736083984375
v 29.918048858642578 30.458791732788086 556.61865234375
v 30.528850555419922 30.10736656188965 225.97767639160156
v 34.428768157958984 35.18405532836914 382.975830078125
v 31.46893882751465 34.808074951171875 393.38372802734375
v 31.152664184570312 36.90504455566406 238.060791015625
v 30.05950927734375 39.60614013671875 279.8431701660156
v 30.798336029052734 48.884521484375 260.3921203613281
v 30.2034969329834 50.9006462097168 275.74542236328125
v 30.679759979248047 52.62070083618164 272.357666015625
v 30.658935546875 -35.11095428466797 118.62960815429688
v 31.382184982299805 -34.661319732666016 121.53474426269531
v 31.084203720092773 -33.63763427734375 100.64175415039062
v 31.453916549682617 -32.156246185302734 97.92737579345703
v 30.535308837890625 -27.4016056060791 90.24725341796875
v 31.0789794921875 -26.756484985351562 75.97277069091797
v 30.873804092407227 -26.540956497192383 74.64923858642578
v 32.11140060424805 -25.09404182434082 77.72499084472656
v 30.314311981201172 -24.5197696685791 81.77843475341797
v 31.02596664428711 -22.491762161254883 172.4894561767578
v 31.236421585083008 -19.489269256591797 179.6898651123047
v 30.852855682373047 -19.61176872253418 58.89065933227539
v 29.977855682373047 -19.67650604248047 82.50029754638672
v 30.674667358398438 -20.457317352294922 84.98585510253906
v 31.360246658325195 -18.722089767456055 91.7631607055664
v 30.872478485107422 -14.653695106506348 76.47100067138672
v 30.67884635925293 -13.370734214782715 65.2362060546875
v 31.134252548217773 -13.896501541137695 101.81289672851562
v 32.03877258300781 -13.893245697021484 127.16545104980469
v 31.080883026123047 -13.325894355773926 105.27013397216797
v 31.116228103637695 -13.023192405700684 124.01472473144531
v 30.887365341186523 -7.809238910675049 209.8793182373047
v 30.824878692626953 -2.481757879257202 574.5265502929688
v 30.57493019104004 -1.4625937938690186 540.1976928710938
v 30.9626522064209 -1.7493730783462524 547.8893432617188
v 30.824003219604492 -0.11861321330070496 548.47265625
v 30.543148040771484 0.013204067014157772 538.2571411132812
v 30.61789894104004 2.223388910293579 536.4502563476562
v 30.468608856201172 1.0532649755477905 543.9815063476562
v 30.855453491210938 1.7081584930419922 541.924072265625
v 31.29653549194336 4.791575908660889 183.3459930419922
v 31.10677719116211 16.45965003967285 406.56402587890625
v 30.986711502075195 17.530427932739258 263.0060729980469
v 32.26432800292969 21.029462814331055 213.7288818359375
v 30.878000259399414 26.717937469482422 273.0697937011719
v 31.631778717041016 28.871091842651367 275.9295959472656
v 32.802711486816406 30.581029891967773 399.1427917480469
v 30.7863826751709 31.26939582824707 228.0831756591797
v 30.99540901184082 33.43810272216797 555.255126953125
v 31.231599807739258 36.614784240722656 280.4029541015625
v 31.36373519897461 44.23358154296875 281.9611511230469
v 30.930524826049805 50.8292350769043 278.0949401855469
v 30.975971221923828 51.24689483642578 264.3895263671875
v 30.521080017089844 51.67985916137695 268.0059814453125
v 31.281856536865234 -33.27736282348633 131.44007873535156
v 31.58161735534668 -29.72112274169922 147.84593200683594
v 31.363615036010742 -29.53087615966797 94.03526306152344
v 30.713729858398438 -26.0863037109375 86.8594970703125
v 31.34909439086914 -26.134113311767578 71.53380584716797
v 31.90041732788086 -24.996274948120117 65.5999526977539
v 31.858579635620117 -23.366239547729492 61.85880661010742
v 30.48497772216797 -21.814149856567383 82.34453582763672
v 31.14215850830078 -23.0515079498291 86.46316528320312
v 31.997892379760742 -19.782272338867188 177.28521728515625
v 31.520780563354492 -19.892601013183594 91.05713653564453
v 31.016429901123047 -17.300209045410156 93.10599517822266
v 31.333938598632812 -16.359460830688477 187.77964782714844
v 32.11216735839844 -16.26285743713379 97.75607299804688
v 31.728544235229492 -15.20428466796875 99.80166625976562
v 31.811967849731445 -14.937973022460938 74.40052795410156
v 31.294815063476562 -13.602041244506836 62.04488754272461
v 31.71074104309082 -12.594107627868652 135.55421447753906
v 31.5633544921875 -11.528255462646484 139.01962280273438
v 31.6152400970459 -7.243777751922607 151.2672882080078
v 31.742279052734375 -3.252098560333252 575.744873046875
v 31.43215560913086 -2.7873334884643555 544.3368530273438
v 31.29799461364746 -2.19035267829895 542.0940551757812
v 31.643705368041992 -2.5152697563171387 228.0423126220703
v 32.74254608154297 0.14299938082695007 574.7243041992188
v 32.32701110839844 -0.9291192889213562 173.78591918945312
v 31.227678298950195 -0.7942821383476257 171.7900390625
v 32.413665771484375 -0.4086291790008545 174.40582275390625
v 31.364620208740234 1.1811619997024536 547.4970092773438
v 31.844898223876953 1.137136459350586 236.0038299560547
v 30.75525665283203 3.707716226577759 539.4432373046875
v 31.0756893157959 4.912845611572266 535.8987426757812
v 31.506746292114258 4.6899237632751465 243.4592742919922
v 35.931182861328125 8.46728801727295 391.4148864746094
v 31.33631134033203 5.51031494140625 537.0451049804688
v 31.720176696777344 5.813630104064941 187.12242126464844
v 33.81095886230469 10.639274597167969 396.0559387207031
v 31.7322998046875 11.922779083251953 373.09991455078125
v 32.0695915222168 10.884867668151855 196.75108337402344
v 32.35002517700195 12.57244873046875 399.4320983886719
v 31.66874885559082 13.537785530090332 400.72833251953125
v 32.30084991455078 15.192197799682617 260.2741394042969
v 31.491146087646484 18.528268814086914 408.24835205078125
v 31.358003616333008 20.875001907348633 406.0014953613281
v 31.406633377075195 21.82345199584961 402.4167785644531
v 31.150131225585938 22.51062774658203 401.8466491699219
v 31.439558029174805 24.8020076751709 218.14295959472656
v 31.095916748046875 30.89724349975586 555.3367309570312
v 31.502567291259766 31.775650024414062 552.181884765625
v 31.288284301757812 32.66622543334961 551.7634887695312
v 31.85188865661621 32.773834228515625 278.7034912109375
v 32.63222885131836 38.75686264038086 241.92361450195312
v 32.128231048583984 44.27997589111328 251.525146484375
v 32.11076354980469 45.89787292480469 253.72483825683594
v 30.814504623413086 47.7093391418457 280.2857666015625
v 31.456424713134766 53.63165283203125 271.136962890625
v 32.737586975097656 -34.69637680053711 107.80669403076172
v 32.02901077270508 -34.5857048034668 111.12612915039062
v 32.33892059326172 -32.73347854614258 134.7478790283203
v 32.14204788208008 -30.273860931396484 96.20529174804688
v 32.018314361572266 -27.427597045898438 154.71868896484375
v 32.45011901855469 -26.95341682434082 157.46319580078125
v 31.098148345947266 -26.014768600463867 90.12309265136719
v 32.312015533447266 -25.835693359375 162.11341857910156
v 31.49753761291504 -24.22211456298828 90.16600036621094
v 32.65298080444336 -24.373920440673828 63.398712158203125
v 32.60594940185547 -22.06861686706543 79.19707489013672
v 31.25058937072754 -20.915063858032227 89.91364288330078
v 31.634639739990234 -18.313196182250977 181.53468322753906
v 32.736534118652344 -16.728063583374023 183.4671630859375
v 31.831268310546875 -17.116477966308594 184.53172302246094
v 32.17304611206055 -16.303770065307617 77.10860443115234
v 31.643722534179688 -12.462727546691895 196.10638427734375
v 33.592803955078125 -12.791414260864258 61.29926300048828
v 31.865232467651367 -13.822513580322266 111.03392791748047
v 32.269981384277344 -13.481740951538086 115.79340362548828
v 31.852041244506836 -12.93553638458252 69.27562713623047
v 31.88860321044922 -10.999882698059082 198.47012329101562
v 32.47127151489258 -9.556402206420898 200.81002807617188
v 31.899070739746094 -4.651027202606201 220.37887573242188
v 32.47957229614258 -2.475057363510132 547.5122680664062
v 31.57255744934082 1.8684813976287842 536.426025390625
v 31.53767967224121 0.9759482741355896 543.751953125
v 31.791854858398438 3.0852694511413574 535.6080322265625
v 32.035858154296875 3.026671886444092 181.0565643310547
v 31.752342224121094 4.321914196014404 388.1940612792969
v 32.85847854614258 7.4214277267456055 247.9187774658203
v 31.529647827148438 13.544757843017578 372.77545166015625
v 32.00668716430664 17.29572868347168 408.3503112792969
v 31.957189559936523 18.69776725769043 209.93252563476562
v 32.020591735839844 20.34871482849121 407.6243591308594
v 34.8223762512207 27.127134323120117 401.1695251464844
v 30.88797950744629 27.00287437438965 516.114990234375
v 31.348773956298828 28.727947235107422 511.49432373046875
v 30.773210525512695 27.946495056152344 516.7987060546875
v 31.233963012695312 28.95511245727539 517.4798583984375
v 31.477298736572266 29.63524055480957 512.8952026367188
v 31.929000854492188 34.088134765625 551.461181640625
v 32.8358039855957 35.89842987060547 385.9499206542969
v 32.9078483581543 36.19316864013672 552.8649291992188
v 32.72758865356445 34.46109390258789 233.2881622314453
v 31.73983383178711 34.53810501098633 279.66357421875
v 32.63887023925781 39.77751159667969 244.28843688964844
v 31.675859451293945 50.777584075927734 280.2259826660156
v 33.16687774658203 -33.95692825317383 115.76924133300781
v 33.12492370605469 -34.39258575439453 118.18351745605469
v 33.131385803222656 -29.32921028137207 148.77001953125
v 32.69332504272461 -25.114625930786133 72.15618133544922
v 31.477535247802734 -22.587512969970703 89.79685974121094
v 32.189361572265625 -19.738595962524414 56.98129653930664
v 32.27547073364258 -19.8587646484375 79.69380187988281
v 32.159339904785156 -17.671466827392578 56.43692398071289
v 31.869583129882812 -15.810709953308105 57.454673767089844
v 32.48918533325195 -14.173418998718262 191.1488494873047
v 32.47747802734375 -13.580339431762695 60.36086654663086
v 32.27654266357422 -13.711296081542969 131.7123260498047
v 32.63263702392578 -13.127817153930664 66.8499984741211
v 33.05467224121094 -6.836756706237793 208.3740997314453
v 32.986385345458984 -5.7396559715271 212.5556182861328
v 32.817142486572266 -4.726664066314697 216.88775634765625
v 32.739471435546875 -3.457105875015259 160.7678680419922
v 32.64087677001953 -3.504352331161499 223.4363250732422
v 33.24249267578125 -1.1858303546905518 229.47679138183594
v 31.971317291259766 1.1978570222854614 537.7484130859375
v 32.083187103271484 0.30598101019859314 551.2145385742188
v 32.60024642944336 0.550402045249939 576.767822265625
v 32.63638687133789 0.0803617462515831 233.34426879882812
v 32.82301330566406 2.913083076477051 239.33203125
v 31.856128692626953 2.3833675384521484 540.0328369140625
v 32.10282897949219 3.9247589111328125 539.07470703125
v 32.98017501831055 3.9580724239349365 241.20286560058594
v 33.15250015258789 5.537618637084961 381.14044189453125
v 32.516727447509766 6.872191905975342 535.5151977539062
v 32.98835754394531 8.084243774414062 249.39747619628906
v 32.135292053222656 11.16494369506836 397.1986083984375
v 32.73511505126953 9.850042343139648 375.17669677734375
v 33.21234893798828 10.463699340820312 253.06060791015625
v 32.62211608886719 12.340235710144043 199.998291015625
v 32.25277328491211 12.178483963012695 255.6953887939453
v 32.47562789916992 15.24605655670166 204.6958465576172
v 34.13390350341797 17.564340591430664 373.67999267578125
v 32.16704177856445 15.825955390930176 406.389404296875
v 33.096866607666016 17.371854782104492 263.1220703125
v 32.49045181274414 19.729036331176758 211.91647338867188
v 32.68294143676758 21.42725372314453 405.0790710449219
v 35.40178298950195 25.278396606445312 375.1485595703125
v 32.6110725402832 22.748369216918945 401.06231689453125
v 33.166526794433594 22.785465240478516 216.5960693359375
v 33.30732727050781 24.25886344909668 272.0482482910156
v 31.89596939086914 25.851421356201172 522.595947265625
v 31.652023315429688 25.460966110229492 521.036376953125
v 31.705110549926758 25.958324432373047 515.727783203125
v 31.676193237304688 26.8636417388916 512.62109375
v 31.494197845458984 26.10306167602539 517.7202758789062
v 32.13837814331055 31.23377227783203 553.5350341796875
v 32.75058364868164 30.72136116027832 227.8204345703125
v 31.85418701171875 32.780765533447266 555.2578735351562
v 32.928707122802734 35.860713958740234 551.837890625
v 33.156166076660156 35.58702087402344 235.97784423828125
v 32.19257354736328 41.43195724487305 282.7490539550781
v 32.84955978393555 42.44392013549805 248.81192016601562
v 33.73339080810547 49.49242401123047 257.9525451660156
v 31.956436157226562 47.52815246582031 282.4935607910156
v 31.81199073791504 52.76597595214844 266.5633239746094
v 32.490257263183594 53.55583572387695 278.7618408203125
v 32.38454055786133 54.46623992919922 269.5543518066406
v 32.72441101074219 -34.439903259277344 104.9025650024414
v 32.9289436340332 -34.2229118347168 112.80410766601562
v 33.40073013305664 -34.2021484375 124.43965148925781
v 33.20517349243164 -32.93449020385742 101.15353393554688
v 33.96940231323242 -31.31184959411621 99.73310852050781
v 32.819637298583984 -31.33238410949707 139.53994750976562
v 32.91632080078125 -29.964523315429688 145.12387084960938
v 32.282806396484375 -25.016464233398438 75.83624267578125
v 32.52042007446289 -24.78903579711914 68.60301971435547
v 32.01033020019531 -24.85016441345215 91.19198608398438
v 32.85034942626953 -24.575469970703125 165.74957275390625
v 31.98801040649414 -22.58928108215332 60.43607711791992
v 33.028175354003906 -21.79899787902832 57.832786560058594
v 32.475337982177734 -21.639392852783203 92.0628890991211
v 32.91715621948242 -18.478557586669922 179.53460693359375
v 33.03402328491211 -18.626893997192383 96.32183074951172
v 32.83211135864258 -14.035224914550781 57.396751403808594
v 33.128875732421875 -13.714688301086426 70.59507751464844
v 32.678951263427734 -14.273415565490723 103.38030242919922
v 33.805755615234375 -13.708370208740234 120.35247802734375
v 32.915008544921875 -13.653210639953613 124.01285552978516
v 34.03234100341797 -13.738485336303711 123.21334075927734
v 32.778038024902344 -9.57308292388916 145.519775390625
v 32.62106704711914 -9.312458038330078 201.6918182373047
v 32.825748443603516 -5.336048126220703 155.64376831054688
v 32.532711029052734 -2.0866003036499023 543.9638671875
v 34.88950729370117 -0.3006596863269806 574.5029296875
v 34.22273635864258 -1.8256731033325195 576.3214721679688
v 32.108009338378906 -0.874891459941864 541.8072509765625
v 32.1081428527832 1.021458625793457 538.6663208007812
v 32.56245803833008 -1.0618219375610352 550.7949829101562
v 32.60061264038086 0.7607323527336121 575.7100830078125
v 32.67952346801758 0.8308150768280029 176.6662139892578
v 32.36756896972656 0.13849954307079315 543.2026977539062
v 31.979177474975586 0.797501266002655 541.4898071289062
v 33.236080169677734 1.4458539485931396 547.3043212890625
v 32.158203125 1.7548737525939941 550.3798828125
v 32.13395309448242 5.132775783538818 534.3341064453125
v 32.82276916503906 5.529693603515625 537.8297119140625
v 32.08251953125 11.832507133483887 373.676025390625
v 31.855356216430664 19.848676681518555 409.31011962890625
v 32.021121978759766 18.305627822875977 409.6452331542969
v 32.87529754638672 21.6141300201416 401.9897155761719
v 31.860044479370117 25.013280868530273 520.6434326171875
v 32.01448059082031 24.571256637573242 527.4945678710938
v 31.7910099029541 25.7249813079834 527.700439453125
v 32.45061111450195 26.734092712402344 522.70654296875
v 31.86488151550293 29.361783981323242 518.0404052734375
v 32.033172607421875 27.467195510864258 510.7856750488281
v 33.73493957519531 28.950620651245117 225.58753967285156
v 33.72127151489258 28.969924926757812 400.2856750488281
v 32.08197784423828 29.643335342407227 506.560546875
v 31.883821487426758 29.987565994262695 508.1461181640625
v 32.19510269165039 30.427593231201172 513.1083374023438
v 33.626365661621094 31.566055297851562 279.3373107910156
v 32.2494010925293 30.01622772216797 503.95166015625
v 31.853261947631836 30.492095947265625 500.2476501464844
v 31.873559951782227 31.538129806518555 501.4170227050781
v 31.86160659790039 31.62982940673828 496.8602600097656
v 32.41346740722656 32.24361801147461 554.8388671875
v 32.504207611083984 35.564918518066406 394.5364685058594
v 33.37836456298828 35.94480895996094 554.0761108398438
v 32.050376892089844 36.034603118896484 390.244384765625
v 32.62570571899414 38.244415283203125 282.3232727050781
v 32.783233642578125 50.972618103027344 281.8990478515625
v 33.56250762939453 55.86412811279297 276.9615478515625
v 33.19566345214844 -32.98548889160156 131.3212127685547
v 33.08721923828125 -28.612091064453125 95.79663848876953
v 33.12560272216797 -23.667692184448242 62.039363861083984
v 32.79433822631836 -22.238046646118164 171.41485595703125
v 33.25570297241211 -20.303544998168945 175.0045928955078
v 32.757598876953125 -16.23272705078125 55.65619659423828
v 33.395416259765625 -16.649295806884766 74.55724334716797
v 33.798892974853516 -17.544723510742188 98.67659759521484
v 33.4159049987793 -15.180688858032227 187.29946899414062
v 33.50950622558594 -15.692366600036621 100.75283813476562
v 33.1800537109375 -14.139349937438965 107.6314468383789
v 33.28759002685547 -13.915228843688965 126.23560333251953
v 33.90740966796875 -14.174466133117676 117.7160415649414
v 33.182716369628906 -12.731550216674805 64.10639190673828
v 33.38277053833008 -3.2348432540893555 164.15965270996094
v 32.903175354003906 -2.8497939109802246 167.3368377685547
v 35.245933532714844 -0.9843104481697083 575.328369140625
v 33.710079193115234 -1.1906265020370483 577.3998413085938
v 34.289337158203125 -0.11804765462875366 577.533447265625
v 32.22662353515625 1.6832084655761719 539.49951171875
v 33.511627197265625 2.266153573989868 552.9581909179688
v 33.16409683227539 2.24428653717041 549.0347290039062
v 33.203765869140625 1.6237066984176636 179.3430633544922
v 33.04667282104492 3.922184467315674 534.4212646484375
v 33.449501037597656 3.6859819889068604 184.4596405029297
v 33.220314025878906 6.877605438232422 536.4309692382812
v 33.14664840698242 7.1743645668029785 534.2576904296875
v 36.28563690185547 11.02670669555664 395.05462646484375
v 33.43143844604492 9.03483772277832 195.30064392089844
v 32.75664138793945 14.361051559448242 403.2626037597656
v 33.28638458251953 16.254487991333008 407.9303894042969
v 33.246726989746094 16.302448272705078 206.8436279296875
v 33.46608352661133 19.996768951416016 412.4837646484375
v 36.287227630615234 21.56429100036621 374.70208740234375
v 32.49399948120117 20.9491024017334 408.82537841796875
v 33.07881164550781 21.00592613220215 407.0082092285156
v 32.582462310791016 23.982040405273438 522.926513671875
v 32.49593734741211 24.501394271850586 520.32421875
v 32.54636764526367 24.130197525024414 525.1868286132812
v 32.533390045166016 25.543161392211914 517.4356079101562
v 32.504573822021484 24.634355545043945 530.5352172851562
v 32.403297424316406 25.991424560546875 530.5234375
v 32.79204559326172 25.594148635864258 514.885009765625
v 33.231266021728516 26.646039962768555 221.83958435058594
v 32.30449295043945 26.706756591796875 527.6061401367188
v 32.6397819519043 29.070219039916992 505.16156005859375
v 32.80352020263672 29.652284622192383 497.4916076660156
v 32.11640930175781 30.44631576538086 497.3049011230469
v 32.49525833129883 29.353713989257812 502.121337890625
v 32.757808685302734 29.68193244934082 518.1132202148438
v 32.96465301513672 29.665491104125977 494.50787353515625
v 32.05729293823242 31.249486923217773 494.4659118652344
v 32.34917068481445 31.01729393005371 504.00335693359375
v 32.410465240478516 31.042734146118164 506.7565002441406
v 32.77943801879883 30.860980987548828 509.9598693847656
v 32.39143371582031 32.50431442260742 501.6083984375
v 32.402557373046875 32.743221282958984 494.80401611328125
v 35.57187271118164 34.2706413269043 381.3021240234375
v 33.25254821777344 33.66404724121094 397.6995849609375
v 33.432708740234375 33.26340866088867 280.5931701660156
v 33.189205169677734 44.551025390625 284.412353515625
v 33.67301559448242 47.744873046875 255.56729125976562
v 32.54169845581055 48.23994827270508 282.79742431640625
v 33.0070915222168 51.888328552246094 262.0873107910156
v 33.24998474121094 53.2305793762207 264.5654602050781
v 34.635990142822266 57.24217224121094 274.48358154296875
v 34.17612838745117 -33.412532806396484 111.0125503540039
v 33.749515533447266 -33.91145324707031 120.85205841064453
v 34.145469665527344 -25.017866134643555 162.4705047607422
v 33.41026306152344 -24.833934783935547 66.61483764648438
v 33.664825439453125 -23.77788543701172 73.59515380859375
v 33.24962615966797 -22.8195743560791 76.5081558227539
v 34.47178649902344 -23.219274520874023 58.8905143737793
v 33.48093032836914 -20.05899429321289 77.05413055419922
v 33.15775680541992 -18.40682601928711 77.13360595703125
v 33.813411712646484 -19.617334365844727 55.0184326171875
v 33.53641891479492 -17.074277877807617 181.0079345703125
v 33.83464813232422 -14.826570510864258 110.99861907958984
v 33.49680709838867 -12.99357795715332 58.28789520263672
v 33.898441314697266 -13.577102661132812 67.7340316772461
v 33.228302001953125 -13.035367965698242 134.75743103027344
v 33.76865005493164 -12.245036125183105 137.80592346191406
v 34.24386978149414 -11.124399185180664 142.85220336914062
v 33.55832290649414 -10.518756866455078 196.62838745117188
v 33.882789611816406 -8.222134590148926 150.77978515625
v 34.39509201049805 -6.843856334686279 153.65220642089844
v 33.968284606933594 -3.868762254714966 215.8641815185547
v 34.19977951049805 -3.4843878746032715 219.4427947998047
v 33.87282943725586 -1.7622878551483154 546.7872314453125
v 34.96216583251953 -0.9336399435997009 576.8547973632812
v 33.70501708984375 -1.5787861347198486 550.2339477539062
v 34.2070198059082 -2.3325839042663574 174.45545959472656
v 34.45844268798828 0.5285261273384094 574.3613891601562
v 34.01962661743164 0.8810001015663147 547.1738891601562
v 32.77695846557617 2.019257068634033 538.1329956054688
v 33.74829864501953 2.8981878757476807 551.6434936523438
v 33.384422302246094 2.9655416011810303 536.1708374023438
v 33.280887603759766 3.3485636711120605 538.1934814453125
v 34.320106506347656 5.8779096603393555 385.432861328125
v 33.65486526489258 4.448885440826416 187.770263671875
v 33.47346496582031 5.658045768737793 189.627197265625
v 34.428707122802734 9.222249031066895 250.87916564941406
v 33.6356315612793 9.579855918884277 196.9097137451172
v 34.90107727050781 12.137161254882812 254.7504119873047
v 33.93852233886719 13.061671257019043 397.94219970703125
v 33.8643684387207 14.23928451538086 399.673095703125
v 33.36015319824219 15.610519409179688 405.7451477050781
v 33.75608444213867 18.062517166137695 411.7950134277344
v 33.4215202331543 18.966291427612305 412.14239501953125
v 33.834800720214844 21.07805633544922 412.6201171875
v 33.56969451904297 21.49371337890625 410.5406494140625
v 37.5924186706543 24.66826057434082 375.6419372558594
v 34.34220886230469 21.333017349243164 216.12265014648438
v 33.12770462036133 23.704378128051758 527.4290771484375
v 33.22017288208008 23.753843307495117 530.201904296875
v 33.44786834716797 24.54020881652832 519.8233032226562
v 33.71100616455078 26.025020599365234 512.9605712890625
v 32.95832061767578 26.892961502075195 510.8766784667969
v 33.22898864746094 27.212779998779297 526.974853515625
v 33.50927734375 27.242591857910156 529.912353515625
v 34.70201873779297 26.582847595214844 275.8150634765625
v 33.38851547241211 28.518163681030273 504.934326171875
v 33.76690673828125 27.107629776000977 522.6312866210938
v 32.777809143066406 31.338104248046875 492.6509704589844
v 33.06028366088867 30.704851150512695 513.4030151367188
v 36.930240631103516 33.154598236083984 379.888671875
v 33.45521545410156 31.814067840576172 506.8488464355469
v 33.23838424682617 32.10929489135742 504.0732116699219
v 33.176231384277344 32.68340301513672 492.7879638671875
v 33.3576545715332 32.927650451660156 551.4323120117188
v 33.03030776977539 33.37615203857422 497.1151123046875
v 33.377071380615234 35.26344299316406 554.7229614257812
v 33.99708557128906 37.09886932373047 386.3130187988281
v 33.01884078979492 36.855411529541016 388.4297790527344
v 33.89715576171875 36.56209945678711 282.783935546875
v 34.600093841552734 42.07985305786133 248.1448211669922
v 34.1641731262207 42.62259292602539 285.0538330078125
v 33.635005950927734 45.09754180908203 284.5451354980469
v 33.694828033447266 49.97157669067383 258.4542541503906
v 33.27228546142578 53.6004638671875 280.25701904296875
v 34.56689453125 -33.7296142578125 123.18701171875
v 34.015472412109375 -30.571781158447266 142.22756958007812
v 33.819847106933594 -26.966333389282227 95.7519302368164
v 34.45177459716797 -27.84140968322754 151.9176788330078
v 34.16651153564453 -25.49798583984375 95.70018768310547
v 34.64980697631836 -24.417844772338867 65.09281158447266
v 34.073760986328125 -23.901695251464844 69.58910369873047
v 33.963382720947266 -21.046491622924805 95.92430877685547
v 33.86682891845703 -17.52641487121582 53.90033721923828
v 34.247623443603516 -15.58633041381836 183.61947631835938
v 34.56924057006836 -15.161565780639648 71.30614471435547
v 33.58222198486328 -14.132123947143555 54.951751708984375
v 34.71812057495117 -14.355175971984863 131.73606872558594
v 34.44774627685547 -8.816400527954102 197.7143096923828
v 34.93034744262695 -7.910222053527832 152.67593383789062
v 34.328121185302734 -5.212932586669922 158.41319274902344
v 34.25702667236328 -1.4961737394332886 227.2272186279297
v 34.703067779541016 0.17516709864139557 230.7165069580078
v 34.45796585083008 0.1816825419664383 547.2384643554688
v 33.98809051513672 2.014223575592041 575.72998046875
v 33.854026794433594 1.6208635568618774 235.22262573242188
v 34.77257537841797 1.1661347150802612 182.23348999023438
v 34.1645393371582 3.7125046253204346 536.671630859375
v 34.8067741394043 5.992037296295166 532.79541015625
v 35.63850021362305 7.135265827178955 387.8582458496094
v 34.81087112426758 7.119523525238037 532.44482421875
v 33.71125030517578 6.988591194152832 533.3438110351562
v 34.6607780456543 16.77322769165039 209.9707794189453
v 34.08064651489258 20.9627628326416 406.6170349121094
v 34.66477966308594 22.158287048339844 412.7179260253906
v 33.91609191894531 21.500930786132812 401.15380859375
v 33.97050476074219 23.793474197387695 525.0465698242188
v 33.51306915283203 23.707229614257812 522.7550659179688
v 33.70456314086914 24.6330623626709 532.5497436523438
v 33.860595703125 25.5828857421875 517.6334838867188
v 33.92948913574219 25.6307430267334 515.481689453125
v 33.62971115112305 26.10396957397461 532.26953125
v 33.90294647216797 29.282745361328125 497.46331787109375
v 33.887935638427734 29.536529541015625 517.9901123046875
v 33.66228485107422 29.7851619720459 492.98876953125
v 33.01265335083008 30.97092056274414 491.32763671875
v 33.263572692871094 32.43517303466797 490.78057861328125
v 33.739044189453125 30.767297744750977 489.5885314941406
v 34.78497314453125 31.170394897460938 400.38433837890625
v 33.498321533203125 33.10010528564453 501.6626892089844
v 33.64872360229492 33.490020751953125 494.1183166503906
v 34.07626724243164 34.16176223754883 554.91650390625
v 33.64391326904297 35.25309753417969 397.20361328125
v 34.9600715637207 36.02619552612305 550.8027954101562
v 34.74454116821289 36.791717529296875 239.04847717285156
v 34.507415771484375 39.89180374145508 284.5095520019531
v 34.814056396484375 46.62888717651367 253.48048400878906
v 34.36131286621094 50.06247329711914 285.11541748046875
v 34.05336380004883 55.4411735534668 267.52191162109375
v 34.38950729370117 56.215763092041016 278.1081237792969
v 34.48585510253906 56.726497650146484 271.461669921875
v 34.287315368652344 -33.414642333984375 104.6648178100586
v 34.77381134033203 -30.82176971435547 139.44808959960938
v 34.46554183959961 -32.244781494140625 134.3035125732422
v 34.49260711669922 -26.37080192565918 155.28253173828125
v 34.68083190917969 -24.206546783447266 67.72482299804688
v 34.270599365234375 -23.570158004760742 95.64700317382812
v 34.858642578125 -22.739028930664062 70.62091827392578
v 34.531620025634766 -23.69917869567871 165.77183532714844
v 34.489566802978516 -21.958740234375 73.32714080810547
v 34.65242004394531 -20.88221549987793 73.57466888427734
v 34.92321014404297 -20.117387771606445 172.4150390625
v 34.51962661743164 -19.572019577026367 97.61551666259766
v 34.46528625488281 -19.08335304260254 74.13569641113281
v 34.61455535888672 -17.684406280517578 177.17691040039062
v 35.32592010498047 -13.553504943847656 51.782554626464844
v 34.48284912109375 -15.18733024597168 104.87803649902344
v 34.226844787597656 -13.20325756072998 189.88235473632812
v 34.509159088134766 -14.667742729187012 126.93704986572266
v 34.26898956298828 -12.436502456665039 55.422386169433594
v 34.57130813598633 -11.755165100097656 56.52735137939453
v 34.8948860168457 -11.931486129760742 59.781673431396484
v 34.74348068237305 -13.378705024719238 135.1260528564453
v 34.18541717529297 -8.038495063781738 200.27432250976562
v 35.12820816040039 -10.263740539550781 145.7036590576172
v 34.19999694824219 -7.938141345977783 201.2362823486328
v 34.41987991333008 -2.570619821548462 222.958251953125
v 34.299278259277344 -3.7081291675567627 167.76467895507812
v 35.096954345703125 -0.9499718546867371 550.1842041015625
v 34.21287155151367 -0.6333537697792053 546.5919799804688
v 34.43060302734375 -0.10390520095825195 177.8028564453125
v 35.60724639892578 1.3678333759307861 232.4658966064453
v 35.27077102661133 1.0831987857818604 554.9915771484375
v 34.424198150634766 1.7888126373291016 574.7245483398438
v 34.89312744140625 2.208852767944336 576.8751220703125
v 34.81033706665039 3.3028135299682617 551.6810302734375
v 34.884613037109375 4.357288837432861 240.4381866455078
v 35.437713623046875 6.858938217163086 535.939697265625
v 34.46500015258789 8.15051555633545 534.7821044921875
v 35.81386947631836 10.719870567321777 252.26437377929688
v 34.67164611816406 12.266643524169922 203.0692596435547
v 35.05258560180664 10.014368057250977 200.52391052246094
v 38.42314910888672 14.948012351989746 377.3062744140625
v 34.89145278930664 13.816433906555176 205.9721221923828
v 34.804832458496094 14.421910285949707 258.7307434082031
v 34.405548095703125 15.278590202331543 402.7331237792969
v 34.41313171386719 17.33079719543457 410.8085632324219
v 34.83914566040039 18.154146194458008 212.17337036132812
v 35.07163619995117 21.369178771972656 268.6822204589844
v 34.30877685546875 20.678695678710938 401.9373474121094
v 33.8625373840332 21.101306915283203 403.92620849609375
v 37.270103454589844 24.139055252075195 401.7721862792969
v 34.17293167114258 23.716575622558594 532.0856323242188
v 33.945648193359375 26.804412841796875 511.13885498046875
v 34.43119430541992 26.707626342773438 532.1074829101562
v 34.373661041259766 27.917505264282227 506.8179016113281
v 34.44065475463867 27.328645706176758 528.9395751953125
v 34.089115142822266 28.40317153930664 504.1290283203125
v 35.99130630493164 30.24687957763672 279.7706604003906
v 33.8128776550293 30.017818450927734 491.0948791503906
v 34.36616897583008 30.545705795288086 513.6021728515625
v 34.37428665161133 30.787879943847656 510.3749694824219
v 33.928524017333984 31.72909164428711 486.853759765625
v 34.67660903930664 32.774383544921875 231.6096649169922
v 33.76482391357422 32.673980712890625 490.09991455078125
v 34.54878234863281 32.39008331298828 552.2979736328125
v 34.6608772277832 32.506893157958984 553.4779663085938
v 34.25569152832031 33.369022369384766 491.89288330078125
v 33.919158935546875 33.52983093261719 498.0195007324219
v 34.32811737060547 33.690879821777344 399.14208984375
v 34.26254653930664 34.37567901611328 550.5841674804688
v 35.384010314941406 37.084922790527344 384.2662353515625
v 34.610652923583984 47.95756530761719 285.8948059082031
v 34.3503303527832 52.83744812011719 283.649658203125
v 35.509761810302734 53.85771942138672 262.6095275878906
v 34.6881103515625 55.07868194580078 281.78668212890625
v 35.41558837890625 55.762245178222656 265.8168640136719
v 35.50010681152344 -32.857147216796875 107.99201965332031
v 35.12823486328125 -32.75019836425781 112.4547119140625
v 35.37320327758789 -32.19381332397461 130.95347595214844
v 35.14420700073242 -29.3073673248291 145.0068359375
v 35.72938919067383 -28.85101890563965 99.44317626953125
v 35.11965560913086 -25.683143615722656 157.67727661132812
v 34.874603271484375 -23.91585922241211 63.5593147277832
v 35.075687408447266 -21.557531356811523 169.79193115234375
v 34.894996643066406 -19.098812103271484 174.59188842773438
v 34.98080825805664 -16.578371047973633 179.07229614257812
v 35.01677703857422 -17.318275451660156 100.40579986572266
v 35.60333251953125 -15.171889305114746 51.06388473510742
v 35.0040397644043 -14.940168380737305 182.19927978515625
v 35.268951416015625 -16.34457015991211 103.08588409423828
v 34.691165924072266 -15.146197319030762 108.1917953491211
v 35.27341842651367 -14.668025970458984 123.58808135986328
v 35.464210510253906 -14.787867546081543 125.98036193847656
v 35.9626350402832 -11.775367736816406 51.775726318359375
v 35.14888000488281 -12.525313377380371 62.56528854370117
v 35.34063720703125 -6.439614772796631 156.19964599609375
v 34.49845886230469 -5.577906131744385 208.08119201660156
v 34.8836784362793 -4.43613862991333 161.38650512695312
v 35.05702209472656 -3.190147638320923 215.96730041503906
v 35.6544303894043 2.3506875038146973 556.3153076171875
v 35.175357818603516 3.4689958095550537 238.30784606933594
v 34.81321716308594 2.4126930236816406 184.88197326660156
v 34.5450439453125 4.6146240234375 534.0548706054688
v 34.77336883544922 6.068944931030273 193.15846252441406
v 39.72744369506836 14.3346529006958 378.9359130859375
v 34.99091339111328 16.68401336669922 261.92626953125
v 34.787410736083984 16.258737564086914 405.1238708496094
v 34.98347854614258 16.482004165649414 407.66845703125
v 35.06460952758789 19.41518783569336 214.28225708007812
v 34.53339385986328 21.759613037109375 409.59234619140625
v 35.69781494140625 22.61015510559082 270.5838623046875
v 34.60008239746094 24.034385681152344 522.6773071289062
v 34.625770568847656 23.908571243286133 527.8948974609375
v 34.97885513305664 23.334678649902344 531.0117797851562
v 34.94004440307617 25.931642532348633 222.1874542236328
v 35.68930435180664 27.267526626586914 224.72763061523438
v 34.561241149902344 26.917192459106445 526.5463256835938
v 34.77688217163086 29.404909133911133 493.77978515625
v 34.78629684448242 29.814105987548828 489.9626770019531
v 34.707191467285156 31.97943878173828 506.1866760253906
v 34.07378387451172 31.477783203125 483.9833679199219
v 33.807857513427734 32.371498107910156 484.59405517578125
v 34.97062683105469 32.310054779052734 503.7969665527344
v 34.40514373779297 33.1927490234375 487.4854736328125
v 34.227020263671875 33.451271057128906 485.10772705078125
v 34.4940185546875 33.128173828125 501.5693359375
v 34.99434280395508 33.923667907714844 480.77862548828125
v 34.608917236328125 33.56312561035156 494.86993408203125
v 34.68170166015625 33.36393356323242 550.8916625976562
v 35.407447814941406 34.19414138793945 282.67767333984375
v 36.56623458862305 37.04780197143555 553.19921875
v 36.99662780761719 41.79619216918945 394.1108093261719
v 36.50834655761719 41.49129867553711 247.60659790039062
v 35.085777282714844 41.63783264160156 285.7395324707031
v 35.380226135253906 44.624176025390625 250.94583129882812
v 34.942352294921875 42.80571365356445 285.562744140625
v 35.234100341796875 45.55241012573242 286.6056213378906
v 34.848880767822266 52.013675689697266 260.2786865234375
v 35.39198684692383 -32.95474624633789 120.45292663574219
v 35.4665412902832 -33.14345169067383 125.206787109375
v 35.75659942626953 -32.11589050292969 115.34176635742188
v 35.34930419921875 -31.190654754638672 101.57304382324219
v 35.439002990722656 -28.596057891845703 148.34161376953125
v 35.74884033203125 -23.786243438720703 60.16994094848633
v 35.228302001953125 -21.85500717163086 97.3927993774414
v 35.32011413574219 -20.77924919128418 54.57453536987305
v 35.411338806152344 -17.280763626098633 71.93172454833984
v 35.72770690917969 -14.844547271728516 179.97604370117188
v 35.355735778808594 -16.028648376464844 110.96224975585938
v 34.86759567260742 -14.366142272949219 68.55386352539062
v 35.49592971801758 -13.043128967285156 187.1140594482422
v 36.04007339477539 -13.53825569152832 136.7100067138672
v 35.22712707519531 -11.055251121520996 57.547454833984375
v 35.376285552978516 -12.490952491760254 139.02569580078125
v 35.48234939575195 -2.589148759841919 215.1947021484375
v 36.002132415771484 -4.915946960449219 164.45211791992188
v 36.08468246459961 -0.3807104825973511 226.58457946777344
v 35.63672637939453 -0.5044209361076355 551.8585815429688
v 35.40729522705078 -0.10212524235248566 553.3023071289062
v 36.18288040161133 1.5982658863067627 577.3875122070312
v 35.118099212646484 2.899036169052124 188.46266174316406
v 35.676231384277344 4.132088661193848 555.2960815429688
v 35.401458740234375 3.5549631118774414 190.7808837890625
v 35.93768310546875 7.8984527587890625 246.81459045410156
v 35.453758239746094 8.279114723205566 535.033447265625
v 35.79597854614258 8.494658470153809 248.50552368164062
v 35.344383239746094 7.678921699523926 197.4447784423828
v 35.985443115234375 9.485091209411621 532.8032836914062
v 35.17963790893555 15.729211807250977 399.26141357421875
v 34.948158264160156 17.091276168823242 409.6846008300781
v 35.114479064941406 20.396970748901367 406.2086181640625
v 35.11051940917969 20.346561431884766 400.9956970214844
v 35.23859405517578 20.910457611083984 414.46929931640625
v 35.385128021240234 22.719127655029297 411.4414367675781
v 35.7167854309082 22.01932716369629 217.99124145507812
v 34.849185943603516 26.411762237548828 518.2723388671875
v 35.617286682128906 25.61001968383789 533.7987060546875
v 35.01401901245117 26.456226348876953 513.5294799804688
v 34.95461654663086 27.347532272338867 511.3753967285156
v 34.86930465698242 26.414947509765625 522.3351440429688
v 34.589454650878906 28.91992950439453 518.0293579101562
v 34.97088623046875 28.651752471923828 503.2882080078125
v 35.019569396972656 29.54403305053711 497.8366394042969
v 35.79526901245117 29.545116424560547 228.07855224609375
v 35.028377532958984 30.413461685180664 486.7249450683594
v 34.984535217285156 30.652986526489258 483.66778564453125
v 34.8469352722168 32.472503662109375 480.562744140625
v 35.591796875 32.24909591674805 400.8425598144531
v 34.86072540283203 33.34314727783203 498.04931640625
v 35.93363571166992 34.217403411865234 234.78091430664062
v 37.28374481201172 35.68305587768555 550.2633056640625
v 36.7155876159668 35.30616760253906 554.4027099609375
v 36.12910461425781 35.565834045410156 237.51907348632812
v 36.35742950439453 37.65902328491211 241.5265350341797
v 37.82045364379883 41.80763626098633 396.4790344238281
v 35.72482681274414 39.078983306884766 243.90093994140625
v 35.28323745727539 56.79131317138672 279.9595031738281
v 35.54199981689453 58.065982818603516 275.5791320800781
v 35.996978759765625 58.16368865966797 271.7209777832031
v 35.97685241699219 -32.495784759521484 117.49676513671875
v 35.91596221923828 -31.919498443603516 104.47317504882812
v 36.06678009033203 -31.51142692565918 133.98825073242188
v 36.44199752807617 -26.697662353515625 99.20989990234375
v 36.58867263793945 -23.562572479248047 161.59161376953125
v 37.01105499267578 -23.837358474731445 61.320045471191406
v 36.798248291015625 -22.163888931274414 55.391685485839844
v 35.78632736206055 -22.871849060058594 165.6070098876953
v 36.170257568359375 -20.65050506591797 70.491943359375
v 36.52522277832031 -19.044450759887695 70.29539489746094
v 35.95110321044922 -16.62078857421875 50.90504837036133
v 36.18169021606445 -19.549448013305664 99.88583374023438
v 36.05341339111328 -15.864532470703125 116.8436050415039
v 35.76530838012695 -13.997554779052734 182.7316131591797
v 36.02317810058594 -15.808083534240723 69.27324676513672
v 36.47406768798828 -15.164066314697266 122.14936828613281
v 36.589088439941406 -12.913412094116211 63.73636245727539
v 36.11365509033203 -10.717780113220215 59.02123260498047
v 36.03380584716797 -10.757906913757324 189.7101287841797
v 35.803646087646484 -9.270484924316406 151.1731719970703
v 36.06499481201172 -5.613533020019531 199.14683532714844
v 35.308258056640625 -6.758321762084961 200.35121154785156
v 35.685455322265625 -4.882848262786865 168.41265869140625
v 35.334354400634766 -3.609652280807495 175.02587890625
v 35.65232467651367 -1.467915415763855 178.21116638183594
v 36.95393371582031 0.6837854981422424 576.9236450195312
v 36.654396057128906 0.6566222906112671 551.4342041015625
v 36.05705642700195 2.3911359310150146 233.9221649169922
v 36.46009063720703 3.1687395572662354 551.8596801757812
v 35.27978515625 3.069052219390869 555.94189453125
v 37.58837127685547 3.9968249797821045 575.3094482421875
v 36.63621520996094 3.3229892253875732 576.2064819335938
v 35.738346099853516 4.049747943878174 553.2050170898438
v 36.049278259277344 5.362534999847412 534.5346069335938
v 35.56770324707031 5.773482799530029 535.9299926757812
v 37.92227554321289 8.927818298339844 385.0903625488281
v 35.6721305847168 6.28003454208374 195.76971435546875
v 36.37581253051758 9.110879898071289 531.3172607421875
v 36.20193099975586 9.25857925415039 201.91038513183594
v 36.29007339477539 13.684252738952637 208.06082153320312
v 35.285282135009766 16.937419891357422 403.0308837890625
v 35.61715316772461 16.94818878173828 406.67010498046875
v 35.636390686035156 17.637187957763672 412.024658203125
v 36.113895416259766 18.582054138183594 413.5291442871094
v 35.62083053588867 19.84149742126465 414.6195983886719
v 35.352386474609375 18.761608123779297 402.5802001953125
v 35.50868225097656 18.84506607055664 401.0270690917969
v 35.94186019897461 21.13542938232422 408.87420654296875
v 36.55636978149414 23.27753257751465 414.06585693359375
v 35.80443572998047 24.00859832763672 530.085205078125
v 36.48415756225586 23.347957611083984 533.0447998046875
v 35.14986038208008 24.536083221435547 527.5565185546875
v 36.36622619628906 24.10848045349121 533.9984130859375
v 36.78438186645508 25.236526489257812 275.0967102050781
v 35.22951126098633 25.11086082458496 524.1790771484375
v 35.09555435180664 25.638063430786133 521.00146484375
v 35.352745056152344 27.149093627929688 515.8336181640625
v 34.95816421508789 27.295005798339844 519.291748046875
v 35.38841247558594 25.701175689697266 527.2770385742188
v 35.29128646850586 27.012622833251953 531.0209350585938
v 35.390018463134766 28.529390335083008 508.07513427734375
v 35.323890686035156 28.444337844848633 506.36029052734375
v 35.38566970825195 28.381816864013672 516.093505859375
v 35.55681610107422 29.04853630065918 503.7181701660156
v 35.378292083740234 29.68776512145996 513.5772094726562
v 35.48191452026367 30.004531860351562 496.79937744140625
v 35.20384979248047 30.064390182495117 510.17181396484375
v 35.36613082885742 31.805431365966797 480.4748840332031
v 35.369449615478516 32.17350387573242 479.1365966796875
v 34.82189178466797 32.96428680419922 478.8874816894531
v 35.47182846069336 32.649818420410156 501.4028625488281
v 36.13060760498047 31.599918365478516 281.2434997558594
v 35.44688415527344 34.34196090698242 476.65771484375
v 35.529911041259766 33.676002502441406 476.4239501953125
v 34.809120178222656 34.216941833496094 479.3017272949219
v 35.18393325805664 34.09612274169922 484.728759765625
v 35.34526443481445 33.566184997558594 488.2506408691406
v 35.436744689941406 33.421302795410156 491.590087890625
v 35.82597732543945 33.31779861450195 493.7398681640625
v 37.24131774902344 34.034629821777344 235.9138946533203
v 36.11062240600586 37.1179084777832 551.9871826171875
v 36.499019622802734 38.11104202270508 285.2607421875
v 37.000064849853516 40.947940826416016 387.5713195800781
v 37.50145721435547 49.840599060058594 256.20733642578125
v 36.326805114746094 52.39500045776367 259.6252746582031
v 36.042213439941406 53.55192565917969 285.8255920410156
v 37.002586364746094 58.1101188659668 269.2904968261719
v 36.359642028808594 -31.41902732849121 110.94037628173828
v 36.672882080078125 -30.18320083618164 137.571533203125
v 36.21997833251953 -29.752866744995117 141.35659790039062
v 36.640960693359375 -26.389846801757812 152.3507537841797
v 35.9660530090332 -24.449426651000977 98.08405303955078
v 36.761409759521484 -24.71331214904785 155.35040283203125
v 36.1274528503418 -23.34113121032715 67.29920959472656
v 37.037139892578125 -21.86680030822754 68.06645202636719
v 36.266075134277344 -18.342144012451172 51.535552978515625
v 35.9321174621582 -15.952237129211426 176.92654418945312
v 36.37208938598633 -16.955276489257812 105.22940826416016
v 36.13447952270508 -16.429298400878906 108.04074096679688
v 36.02897644042969 -15.49337387084961 126.93708038330078
v 36.618682861328125 -10.102644920349121 52.6498908996582
v 36.75456619262695 -12.344279289245605 143.216552734375
v 35.73843002319336 -7.153716087341309 196.71414184570312
v 36.89691925048828 -7.258118152618408 158.0696563720703
v 35.889190673828125 -4.034207820892334 207.2233123779297
v 36.370018005371094 -5.485398769378662 162.01112365722656
v 36.20726013183594 -2.5602731704711914 211.80413818359375
v 36.358638763427734 -1.6837700605392456 218.49005126953125
v 36.49643325805664 -0.8085505366325378 223.3760528564453
v 36.81414794921875 0.9952496290206909 574.3043823242188
v 36.04720687866211 0.9022047519683838 185.8055419921875
v 36.330413818359375 0.9936190247535706 189.3108673095703
v 36.969032287597656 14.53710651397705 257.85589599609375
v 35.686912536621094 17.065914154052734 399.8547058105469
v 35.69837951660156 18.045839309692383 404.8450927734375
v 36.325904846191406 18.031856536865234 409.1630554199219
v 35.5733528137207 19.44071388244629 405.2740783691406
v 37.72991180419922 21.9733829498291 269.88006591796875
v 36.22987747192383 22.328317642211914 410.3857116699219
v 36.202125549316406 25.115886688232422 529.8533325195312
v 40.24070739746094 29.62187385559082 377.93438720703125
v 35.75749969482422 27.77696990966797 513.3716430664062
v 35.977760314941406 26.299198150634766 530.1364135742188
v 37.3052978515625 26.448457717895508 533.4196166992188
v 35.54389953613281 28.669429779052734 511.316650390625
v 37.02120590209961 28.605228424072266 227.87860107421875
v 38.782230377197266 31.267610549926758 378.5242919921875
v 37.1375846862793 28.364076614379883 402.0507507324219
v 35.539817810058594 29.52212142944336 509.1571044921875
v 35.80504608154297 29.802589416503906 491.12615966796875
v 36.24909591674805 30.040067672729492 493.6418151855469
v 36.00132751464844 30.30518341064453 486.74468994140625
v 35.930198669433594 30.7903995513916 506.43255615234375
v 35.74858093261719 32.72977066040039 495.7533874511719
v 35.61901092529297 32.763587951660156 498.1259460449219
v 36.89624786376953 34.09889221191406 554.1640625
v 35.21004867553711 35.711631774902344 471.4066162109375
v 36.011531829833984 33.65127944946289 469.62225341796875
v 35.19956970214844 34.68839645385742 469.58135986328125
v 35.1463508605957 34.86794662475586 472.3612060546875
v 35.59708023071289 34.20899200439453 473.3867492675781
v 35.86085510253906 35.068939208984375 476.7969055175781
v 36.14009475708008 34.5956916809082 481.2314147949219
v 35.68722915649414 35.723758697509766 474.02056884765625
v 35.704288482666016 35.03447341918945 479.3503723144531
v 35.58839416503906 36.12150192260742 470.7720642089844
v 35.80940628051758 36.438594818115234 468.7289123535156
v 35.6604118347168 35.65309524536133 467.5320129394531
v 38.570457458496094 39.82203674316406 399.6896667480469
v 36.84505844116211 41.66545486450195 390.03375244140625
v 36.54599380493164 39.779701232910156 286.18572998046875
v 36.84122085571289 49.785072326660156 288.2888488769531
v 37.2742805480957 49.202091217041016 255.8491668701172
v 36.173282623291016 52.0003547668457 286.8477783203125
v 35.98281478881836 55.535240173339844 283.8600158691406
v 36.7235221862793 58.78657913208008 277.5120544433594
v 36.68962097167969 -32.3298225402832 122.87455749511719
v 37.203426361083984 -31.417448043823242 120.08433532714844
v 36.985740661621094 -28.58175277709961 101.43080139160156
v 36.99239730834961 -27.72459602355957 147.95790100097656
v 37.86474609375 -23.104827880859375 57.340999603271484
v 36.47235870361328 -23.245349884033203 64.8338394165039
v 36.495059967041016 -21.04950714111328 99.36753845214844
v 36.64067459106445 -20.29644203186035 169.22235107421875
v 36.5390510559082 -18.12819480895996 172.4262237548828
v 37.25021743774414 -18.6805477142334 103.69934844970703
v 36.45881652832031 -17.42316246032715 69.98567199707031
v 37.4119987487793 -16.084760665893555 131.65098571777344
v 36.68321990966797 -14.984183311462402 133.63455200195312
v 36.67903518676758 -12.49526309967041 180.54051208496094
v 36.66607666015625 -12.83268928527832 179.4952392578125
v 37.057579040527344 -11.794110298156738 61.69945526123047
v 37.16166687011719 -11.308073043823242 146.58558654785156
v 36.73566818237305 -9.509734153747559 152.65365600585938
v 37.44010925292969 -8.841044425964355 154.80433654785156
v 36.4027214050293 -5.827657222747803 196.1303253173828
v 36.75751495361328 -6.172683238983154 168.828857421875
v 36.462799072265625 -2.6860158443450928 178.61863708496094
v 37.683170318603516 2.256970167160034 229.76889038085938
v 37.214691162109375 2.136275291442871 552.0023803710938
v 36.67268371582031 2.2191874980926514 574.1148071289062
v 36.32239532470703 2.756377696990967 574.5950317382812
v 36.360347747802734 1.8554679155349731 191.66555786132812
v 36.839813232421875 3.399726629257202 558.2027587890625
v 36.87386703491211 5.007303237915039 239.23988342285156
v 37.27461242675781 4.777226448059082 555.8148803710938
v 36.47085189819336 3.6997063159942627 194.9178009033203
v 37.81945037841797 6.8378095626831055 532.8854370117188
v 37.37468338012695 7.089699745178223 531.7318115234375
v 38.64487838745117 9.417444229125977 387.3396911621094
v 36.86381149291992 7.862514495849609 531.0317993164062
v 36.62779235839844 7.792969226837158 201.53073120117188
v 37.71805191040039 9.615711212158203 249.00006103515625
v 37.52908706665039 9.977747917175293 533.17919921875
v 36.85416030883789 10.981281280517578 206.33920288085938
v 36.65557098388672 12.371183395385742 254.017333984375
v 36.68086624145508 14.61733341217041 210.494873046875
v 36.76534652709961 16.680274963378906 261.29986572265625
v 36.852108001708984 17.892370223999023 214.7263946533203
v 35.9560432434082 18.59456443786621 400.42315673828125
v 36.53250503540039 19.73947525024414 408.5495910644531
v 37.2795524597168 19.384910583496094 217.17282104492188
v 36.42967224121094 21.942472457885742 416.0588073730469
v 36.717498779296875 23.101131439208984 415.48712158203125
v 36.83219528198242 23.29876136779785 532.012451171875
v 36.971309661865234 24.815034866333008 222.7952117919922
v 35.960533142089844 29.40028190612793 506.3299560546875
v 36.014015197753906 29.856307983398438 502.86309814453125
v 36.23921203613281 30.575002670288086 483.6767883300781
v 36.170440673828125 31.10719871520996 495.8295593261719
v 36.10142135620117 30.862085342407227 499.4807434082031
v 37.321044921875 30.29908561706543 402.2448425292969
v 36.30314636230469 31.814271926879883 479.3544921875
v 37.74542236328125 32.20927047729492 233.08265686035156
v 36.02750778198242 31.812719345092773 500.939697265625
v 36.06260299682617 33.812889099121094 474.0273132324219
v 36.61899948120117 33.06481170654297 551.9136352539062
v 36.23653030395508 33.3374137878418 489.0029296875
v 35.83651351928711 34.60942077636719 467.72198486328125
v 36.310325622558594 34.025146484375 484.7366027832031
v 35.988258361816406 36.10531997680664 464.8784484863281
v 36.38054656982422 34.88722229003906 464.90667724609375
v 36.661109924316406 36.228511810302734 554.1361083984375
v 36.22282409667969 36.760643005371094 471.8572082519531
v 36.452919006347656 36.23938751220703 473.8882141113281
v 37.59440612792969 42.77091598510742 391.8634338378906
v 36.61371994018555 40.45588684082031 286.1456604003906
v 37.17393112182617 42.719268798828125 287.7416076660156
v 37.952396392822266 42.97716522216797 249.33837890625
v 36.7358283996582 58.02849197387695 281.0309143066406
v 36.5243034362793 58.5641975402832 275.4350280761719
v 37.43120574951172 -31.598962783813477 125.68653869628906
v 36.94313049316406 -31.174423217773438 130.35646057128906
v 37.2907829284668 -30.7523193359375 107.6654281616211
v 37.5145149230957 -29.52389144897461 104.08128356933594
v 37.130401611328125 -28.106916427612305 144.90623474121094
v 36.83412551879883 -23.975162506103516 99.08564758300781
v 37.214534759521484 -24.108871459960938 157.1326904296875
v 37.64199447631836 -23.195932388305664 158.65814208984375
v 37.23879623413086 -21.610347747802734 165.1835174560547
v 37.223812103271484 -20.47748565673828 52.873748779296875
v 36.90251541137695 -17.780550003051758 110.89210510253906
v 36.87227249145508 -16.850975036621094 116.08106994628906
v 37.79105758666992 -16.617830276489258 122.66764831542969
v 36.976524353027344 -14.058846473693848 176.3087921142578
v 38.10782241821289 -13.93236255645752 64.62501525878906
v 37.2655029296875 -13.620901107788086 139.2089080810547
v 37.011573791503906 -11.93283462524414 181.74098205566406
v 37.792842864990234 -11.32602310180664 48.93220138549805
v 37.015907287597656 -10.318394660949707 186.81654357910156
v 37.702110290527344 -9.002792358398438 56.15748977661133
v 36.910919189453125 -6.348826885223389 173.21775817871094
v 36.37641525268555 -5.220492362976074 175.94183349609375
v 36.62627410888672 -3.879290819168091 202.40664672851562
v 36.998199462890625 -1.4596977233886719 210.97216796875
v 37.514442443847656 -0.33911824226379395 214.39486694335938
v 38.0970458984375 1.0139381885528564 224.07289123535156
v 38.14920425415039 0.634941041469574 575.542236328125
v 37.330970764160156 1.1036852598190308 555.5177001953125
v 36.807743072509766 1.3950499296188354 556.3920288085938
v 37.6314811706543 3.0611634254455566 576.7919311523438
v 37.4881477355957 4.413466453552246 236.8712921142578
v 37.34230422973633 4.602077960968018 558.0916137695312
v 37.82345199584961 6.573974609375 241.68972778320312
v 36.715885162353516 4.997445583343506 197.78822326660156
v 36.927921295166016 8.692902565002441 534.5226440429688
v 37.16340255737305 15.861087799072266 212.8336181640625
v 37.04555130004883 18.040382385253906 411.1307373046875
v 37.14204406738281 18.366500854492188 412.46630859375
v 37.77786636352539 20.798099517822266 267.79632568359375
v 37.198360443115234 20.893659591674805 416.9066467285156
v 38.390350341796875 23.955373764038086 414.1901550292969
v 37.63028335571289 24.177078247070312 531.2149658203125
v 37.89044952392578 25.155181884765625 534.6292114257812
v 37.65302276611328 28.593101501464844 278.9505615234375
v 36.158443450927734 30.623638153076172 502.7507019042969
v 36.52317428588867 30.22681427001953 490.2303466796875
v 36.90910720825195 31.223833084106445 491.7105712890625
v 36.80929946899414 31.767868041992188 493.701416015625
v 37.11971664428711 31.52289390563965 480.7458190917969
v 36.88162612915039 33.257713317871094 474.4217529296875
v 38.18633270263672 32.05398178100586 282.66156005859375
v 36.55485916137695 32.6127815246582 491.7582092285156
v 36.6515007019043 33.669044494628906 472.3925476074219
v 36.61715316772461 33.81107711791992 467.8309326171875
v 35.743385314941406 36.28879928588867 463.95556640625
v 36.76840591430664 34.58035659790039 463.4335021972656
v 36.87811279296875 35.0467414855957 479.4501037597656
v 37.67844772338867 36.5594596862793 381.8643798828125
v 36.570980072021484 35.591156005859375 461.5138244628906
v 36.851444244384766 35.45737075805664 477.0215759277344
v 38.39535903930664 35.06475067138672 239.0234375
v 36.78651428222656 36.27804946899414 474.8510437011719
v 36.140769958496094 37.25689697265625 459.1473693847656
v 36.098793029785156 36.51844024658203 461.9419250488281
v 36.765342712402344 35.7210693359375 458.7784423828125
v 36.958099365234375 37.67727279663086 465.3041687011719
v 36.71887969970703 37.206695556640625 468.29754638671875
v 36.88733673095703 36.79411315917969 470.74139404296875
v 36.279483795166016 37.700313568115234 463.1069641113281
v 36.60908889770508 38.653053283691406 459.59820556640625
v 37.83905792236328 38.24678039550781 243.89508056640625
v 37.90324783325195 39.679622650146484 384.44183349609375
v 38.01504135131836 46.957523345947266 289.4824523925781
v 38.17022705078125 56.269046783447266 263.8296813964844
v 37.74711227416992 -30.338523864746094 116.77218627929688
v 37.919822692871094 -30.162900924682617 133.2041015625
v 37.672176361083984 -29.70309066772461 115.1180648803711
v 38.01511764526367 -28.185909271240234 142.1951904296875
v 37.28131866455078 -22.55105972290039 65.42467498779297
v 37.578548431396484 -19.392820358276367 51.08357620239258
v 37.5768928527832 -20.71855354309082 102.01178741455078
v 38.540122985839844 -17.55293083190918 66.89552307128906
v 38.63608932495117 -17.641956329345703 48.58407974243164
v 37.52367401123047 -18.219745635986328 107.81685638427734
v 37.31644058227539 -15.580239295959473 173.96534729003906
v 37.34511184692383 -16.172149658203125 125.78428649902344
v 37.4224853515625 -16.60161018371582 126.92952728271484
v 37.64787292480469 -14.865172386169434 48.37968826293945
v 37.85108184814453 -14.876701354980469 136.83950805664062
v 37.69136047363281 -12.764420509338379 48.33832550048828
v 37.755615234375 -10.658757209777832 60.439659118652344
v 38.12514877319336 -8.408190727233887 54.05146789550781
v 37.09832000732422 -6.585448265075684 191.50079345703125
v 37.74174499511719 -7.907137870788574 159.40382385253906
v 37.30070495605469 -7.554553985595703 174.44137573242188
v 36.98948287963867 -6.879258155822754 176.837646484375
v 37.12613296508789 -3.3665988445281982 194.71665954589844
v 37.532657623291016 -6.576696872711182 165.3206329345703
v 37.004337310791016 -3.2143328189849854 197.8706512451172
v 37.04325485229492 -3.3062334060668945 198.94276428222656
v 37.10294723510742 -4.0329484939575195 179.09674072265625
v 37.27306365966797 -1.509281039237976 205.9693603515625
v 37.08218765258789 -1.975389838218689 207.93603515625
v 37.008304595947266 -0.9983944296836853 186.7129669189453
v 37.48530197143555 0.020434193313121796 213.79660034179688
v 37.064735412597656 -1.0762641429901123 190.18736267089844
v 36.953826904296875 0.19150790572166443 192.66099548339844
v 37.96263885498047 1.5752782821655273 554.0142822265625
v 37.42429733276367 2.3820087909698486 558.4238891601562
v 38.11910629272461 4.519567489624023 555.364501953125
v 37.95939636230469 8.54983901977539 245.74429321289062
v 38.43968963623047 7.804005146026611 533.4346313476562
v 38.34430694580078 8.491325378417969 533.7406616210938
v 37.47467041015625 7.1024394035339355 203.1504669189453
v 37.40416717529297 10.611008644104004 530.8228149414062
v 44.99446105957031 16.386024475097656 395.1733703613281
v 38.34252166748047 11.721109390258789 251.65017700195312
v 45.35069274902344 22.833738327026367 379.3887023925781
v 37.97200012207031 19.15768814086914 411.02294921875
v 38.609474182128906 22.42279624938965 411.76654052734375
v 38.207088470458984 22.619335174560547 534.7426147460938
v 37.284976959228516 24.53870964050293 534.6051635742188
v 38.5302848815918 25.448040008544922 531.8348388671875
v 38.153202056884766 26.184282302856445 532.3416748046875
v 38.37207794189453 29.938121795654297 280.8393859863281
v 36.92426300048828 30.984304428100586 483.7866516113281
v 37.0562858581543 32.99282455444336 487.55877685546875
v 37.560916900634766 33.33686065673828 469.6138000488281
v 37.07355499267578 33.620994567871094 484.21661376953125
v 37.91202163696289 34.99313735961914 284.3477478027344
v 37.42573928833008 34.41267776489258 480.33221435546875
v 37.275657653808594 34.089599609375 465.44964599609375
v 38.20627212524414 35.00025939941406 550.2779541015625
v 40.5607795715332 38.501163482666016 402.1321105957031
v 37.07054901123047 36.63096237182617 456.9440612792969
v 37.049015045166016 37.821529388427734 456.70477294921875
v 38.242855072021484 36.829383850097656 550.7864990234375
v 37.022491455078125 38.43315124511719 463.58575439453125
v 38.037166595458984 40.942474365234375 397.99810791015625
v 37.94346618652344 45.10693359375 251.2759246826172
v 38.37311935424805 52.32264709472656 258.4979553222656
v 37.54847717285156 56.25627517700195 286.78509521484375
v 38.06687545776367 59.053890228271484 283.9133605957031
v 37.95515441894531 59.69803237915039 273.1426086425781
v 37.86168670654297 59.50253677368164 278.6709289550781
v 38.27363204956055 -30.735626220703125 122.72862243652344
v 38.27167510986328 -30.045696258544922 119.55957794189453
v 37.52217102050781 -29.679349899291992 110.93973541259766
v 37.70962905883789 -26.278104782104492 101.44398498535156
v 38.00719451904297 -25.278522491455078 151.97544860839844
v 38.4710578918457 -23.149147033691406 62.68805694580078
v 37.94828414916992 -18.602699279785156 168.86915588378906
v 38.01496505737305 -15.18752384185791 171.6983184814453
v 38.02180480957031 -16.747074127197266 121.85356903076172
v 37.234458923339844 -10.487903594970703 178.80230712890625
v 37.66169738769531 -10.955857276916504 175.50953674316406
v 37.83780288696289 -8.9066162109375 180.95005798339844
v 37.469032287597656 -9.500480651855469 185.1455535888672
v 38.61875915527344 -12.575536727905273 147.2549285888672
v 38.011478424072266 -11.26663589477539 152.1785430908203
v 37.299156188964844 -8.62442684173584 177.7067108154297
v 38.0914421081543 -7.3073039054870605 162.8558807373047
v 37.93075942993164 -8.46835708618164 169.6200408935547
v 37.64558029174805 -6.046830177307129 179.46096801757812
v 37.269371032714844 -4.525818824768066 192.08273315429688
v 37.19193649291992 -2.2239599227905273 192.5053253173828
v 37.44784927368164 -1.2868367433547974 198.0159149169922
v 37.35689163208008 0.4916600286960602 196.5586700439453
v 37.7988166809082 -0.30051466822624207 206.67626953125
v 37.4437255859375 -2.3021769523620605 187.86801147460938
v 37.93804168701172 0.5410871505737305 210.2640380859375
v 37.70211410522461 0.011520393192768097 218.89012145996094
v 38.8740348815918 2.5025665760040283 576.7505493164062
v 37.196922302246094 2.5229058265686035 196.89732360839844
v 37.933677673339844 3.6298775672912598 232.8718719482422
v 38.164283752441406 3.481161117553711 554.09814453125
v 38.32590866088867 3.726086378097534 573.4432373046875
v 37.766666412353516 4.921894073486328 202.80459594726562
v 39.435359954833984 10.641148567199707 390.7637634277344
v 37.66740036010742 9.402552604675293 529.4164428710938
v 38.8892822265625 11.376965522766113 528.1632690429688
v 37.715980529785156 10.718901634216309 531.83349609375
v 47.81425857543945 18.46706199645996 384.6737060546875
v 38.276920318603516 11.777848243713379 210.85630798339844
v 38.62456512451172 16.983230590820312 260.5936584472656
v 38.24060821533203 19.750247955322266 416.6750183105469
v 44.4182014465332 24.240488052368164 378.5777893066406
v 39.249664306640625 22.077327728271484 401.4320373535156
v 38.47441482543945 21.151981353759766 410.9768371582031
v 39.50404357910156 23.843036651611328 414.1289367675781
v 38.521175384521484 23.29226303100586 418.55255126953125
v 39.02069854736328 21.76307487487793 533.659423828125
v 38.468570709228516 22.585983276367188 222.2309112548828
v 38.502647399902344 26.274757385253906 226.5780792236328
v 39.419281005859375 28.388036727905273 279.2880859375
v 38.67432403564453 26.44173240661621 402.4170227050781
v 37.356040954589844 31.550649642944336 486.74603271484375
v 37.69163513183594 32.07941818237305 482.555908203125
v 37.36083984375 32.22245407104492 487.5511779785156
v 37.59861373901367 32.51589584350586 479.0262756347656
v 37.6677360534668 32.9608154296875 475.93304443359375
v 39.09090805053711 33.94807052612305 552.7811889648438
v 37.59132385253906 33.636009216308594 468.4884948730469
v 37.54581832885742 33.951866149902344 472.4632263183594
v 37.539920806884766 32.97820281982422 483.8530578613281
v 38.740150451660156 34.78070068359375 380.1277160644531
v 37.816688537597656 35.04473114013672 460.5957946777344
v 38.16920471191406 34.94294738769531 458.6890869140625
v 37.72777557373047 35.88216781616211 475.4948425292969
v 37.4150505065918 35.63588333129883 457.6627197265625
v 37.98961639404297 36.58292770385742 470.5467224121094
v 37.191375732421875 37.76751708984375 454.1752624511719
v 37.65656280517578 37.327205657958984 468.3460388183594
v 38.60042953491211 37.30231857299805 551.9287719726562
v 37.59600830078125 39.066612243652344 454.4258117675781
v 37.807796478271484 39.12606430053711 456.78851318359375
v 37.59028244018555 39.314002990722656 459.45281982421875
v 38.12665557861328 39.04436492919922 286.54180908203125
v 38.84014129638672 40.24449157714844 247.00938415527344
v 39.874061584472656 45.34468460083008 387.3147277832031
v 37.99649429321289 53.39283752441406 289.2100524902344
v 39.58440017700195 58.728965759277344 267.4408264160156
v 38.475685119628906 -30.526742935180664 125.3653793334961
v 38.01961898803711 -30.244504928588867 129.39450073242188
v 38.31339645385742 -28.860740661621094 107.4827880859375
v 38.39054489135742 -28.70444679260254 136.91485595703125
v 38.47031784057617 -26.3450870513916 147.87393188476562
v 38.07023620605469 -23.49952507019043 101.81706237792969
v 38.39775848388672 -22.620803833007812 155.3145751953125
v 40.03366470336914 -22.911148071289062 58.71311569213867
v 38.429534912109375 -21.27359390258789 161.8534698486328
v 38.12871551513672 -21.087263107299805 66.34768676757812
v 39.205650329589844 -21.72896957397461 53.92987060546875
v 37.96846008300781 -19.67876625061035 110.93526458740234
v 38.2481689453125 -19.305150985717773 115.37821197509766
v 38.71415710449219 -16.670896530151367 134.53607177734375
v 38.37279510498047 -16.1473388671875 66.57313537597656
v 38.088645935058594 -13.548707962036133 172.99490356445312
v 38.56915283203125 -13.992020606994629 143.3845672607422
v 39.374595642089844 -9.642355918884277 47.67184829711914
v 40.73997497558594 -7.69426965713501 56.85410690307617
v 37.6062126159668 -9.340862274169922 175.16880798339844
v 39.785072326660156 -8.457015037536621 48.9096565246582
v 38.6528434753418 -11.12551498413086 154.3567352294922
v 37.85830307006836 -7.515660285949707 184.8070831298828
v 38.61075210571289 -9.298011779785156 158.4491424560547
v 38.03451156616211 -9.309027671813965 172.24639892578125
v 37.677738189697266 -4.892067909240723 188.8461456298828
v 37.77107238769531 -4.906440258026123 183.20314025878906
v 38.00861358642578 1.6088606119155884 204.41319274902344
v 38.90391159057617 1.1128088235855103 574.4153442382812
v 38.55891418457031 1.7611020803451538 555.7597045898438
v 38.537044525146484 1.8439480066299438 558.0171508789062
v 38.51328659057617 2.1396148204803467 573.4212646484375
v 37.921512603759766 3.523700714111328 560.678955078125
v 38.29547882080078 4.599523067474365 561.95654296875
v 38.127532958984375 5.058588027954102 204.39459228515625
v 37.96699905395508 8.152353286743164 206.70181274414062
v 38.346824645996094 8.259588241577148 529.5942993164062
v 39.12620544433594 9.702202796936035 532.9104614257812
v 38.43648147583008 9.408370018005371 209.4763641357422
v 38.965789794921875 10.594340324401855 249.22361755371094
v 38.405487060546875 13.809328079223633 213.21925354003906
v 41.115169525146484 19.14388084411621 399.8910827636719
v 38.64720153808594 17.904403686523438 217.8170928955078
v 38.28622817993164 18.69828224182129 413.9612731933594
v 38.13549041748047 19.998058319091797 410.734619140625
v 38.19763946533203 22.30835723876953 418.7068786621094
v 39.05147171020508 24.129976272583008 417.5938720703125
v 38.80411148071289 24.514022827148438 274.5790100097656
v 38.903419494628906 30.6376953125 232.30091857910156
v 38.00675964355469 32.8060302734375 480.1219482421875
v 38.240203857421875 33.94792556762695 466.2673645019531
v 37.91460418701172 33.958404541015625 479.5718688964844
v 38.73160934448242 34.100242614746094 550.9053955078125
v 38.85832595825195 33.7410774230957 551.8362426757812
v 39.09538269042969 34.19887161254883 238.15345764160156
v 38.22200012207031 34.12986755371094 464.1138916015625
v 38.2918701171875 35.10248565673828 475.6436767578125
v 37.85554504394531 36.472496032714844 452.677978515625
v 38.29694366455078 35.561737060546875 454.62298583984375
v 37.913360595703125 35.87541580200195 472.71319580078125
v 37.83720397949219 38.00009536743164 452.29559326171875
v 38.87232208251953 36.4561767578125 241.7738037109375
v 38.60844421386719 38.71514892578125 463.595703125
v 39.150699615478516 37.143619537353516 286.2845153808594
v 38.347015380859375 41.07099151611328 287.9237060546875
v 40.001182556152344 43.70961380004883 384.0074768066406
v 39.63675308227539 44.699134826660156 251.0891571044922
v 37.912818908691406 53.99296569824219 261.0254211425781
v 39.02956771850586 59.76963424682617 270.5727233886719
v 38.348609924316406 59.68496322631836 273.6857604980469
v 38.635318756103516 60.16741943359375 275.1041564941406
v 38.30165100097656 -27.883329391479492 110.93608856201172
v 38.77104949951172 -27.25412940979004 114.8990707397461
v 38.53707504272461 -27.032432556152344 104.40249633789062
v 39.182952880859375 -25.9826717376709 144.5484161376953
v 38.80122756958008 -24.79998779296875 104.14945220947266
v 38.9655647277832 -21.794336318969727 156.44590759277344
v 38.702964782714844 -22.560453414916992 104.25131225585938
v 38.43355941772461 -20.638240814208984 105.23291778564453
v 38.96906661987305 -19.31072235107422 164.28579711914062
v 39.07587814331055 -20.922122955322266 51.94736099243164
v 38.60627365112305 -18.960086822509766 66.89617156982422
v 38.36967086791992 -19.9776611328125 108.2868423461914
v 38.23655700683594 -18.092409133911133 118.08377075195312
v 38.48675537109375 -17.77851104736328 126.9833755493164
v 39.15653610229492 -18.265565872192383 125.73041534423828
v 38.962425231933594 -16.900854110717773 168.01507568359375
v 38.799739837646484 -15.239607810974121 139.15927124023438
v 38.55641174316406 -11.499692916870117 170.63916015625
v 39.601375579833984 -7.669649600982666 51.62541580200195
v 38.81623077392578 -8.794634819030762 166.102294921875
v 38.31966018676758 2.7013065814971924 205.32899475097656
v 38.74580764770508 1.6535966396331787 218.43919372558594
v 38.46729278564453 2.5563125610351562 208.9541778564453
v 38.76066589355469 3.3043718338012695 212.53785705566406
v 39.672882080078125 5.388335704803467 573.4880981445312
v 39.42431640625 7.031240463256836 239.158447265625
v 38.25140380859375 5.2044806480407715 558.4093627929688
v 38.57686996459961 5.324714183807373 207.8159942626953
v 39.50155258178711 10.612800598144531 527.355712890625
v 39.016456604003906 12.068904876708984 528.6221313476562
v 39.148338317871094 13.143388748168945 252.7443389892578
v 39.611080169677734 15.082779884338379 256.3280029296875
v 43.32932662963867 18.1133975982666 398.39984130859375
v 38.77605438232422 15.244372367858887 215.33360290527344
v 46.12144088745117 21.459115982055664 380.4210205078125
v 41.631072998046875 20.801494598388672 400.77130126953125
v 39.08694076538086 19.08606719970703 413.0829772949219
v 39.916568756103516 20.809707641601562 420.1619567871094
v 39.52783203125 21.630586624145508 420.3893127441406
v 40.05223846435547 22.095773696899414 532.8048095703125
v 40.30046463012695 22.276317596435547 536.3397827148438
v 38.80915069580078 24.48064422607422 531.6407470703125
v 38.834171295166016 25.7624568939209 533.4039916992188
v 39.24200439453125 27.06593894958496 228.61920166015625
v 39.028594970703125 28.936349868774414 402.947265625
v 38.33189392089844 33.72231674194336 476.42608642578125
v 38.930538177490234 34.311767578125 467.43487548828125
v 39.820640563964844 33.49345779418945 284.1711730957031
v 38.46900939941406 34.24833297729492 470.6412658691406
v 38.43107604980469 34.677772521972656 475.1831359863281
v 38.18144607543945 34.89275360107422 472.4985046386719
v 39.26168441772461 35.21882247924805 553.6414794921875
v 42.512855529785156 36.375518798828125 552.6018676757812
v 39.68232727050781 37.04429244995117 552.5166625976562
v 38.744720458984375 37.70265197753906 465.26068115234375
v 38.54713439941406 39.084014892578125 452.2840270996094
v 39.12626647949219 38.935420989990234 461.1242370605469
v 39.29314422607422 39.554710388183594 459.2578430175781
v 38.56264877319336 39.991615295410156 455.02728271484375
v 39.85328674316406 44.60606002807617 385.53948974609375
v 41.56417465209961 46.86829376220703 392.4759521484375
v 40.46665954589844 46.31658935546875 390.2151184082031
v 39.617252349853516 45.381370544433594 290.4039306640625
v 39.89262390136719 48.48453903198242 254.71475219726562
v 39.312644958496094 50.0731201171875 291.08544921875
v 38.75489807128906 55.620758056640625 288.9327392578125
v 38.57523727416992 57.90092849731445 286.7604064941406
v 39.363948822021484 61.03376388549805 280.928466796875
v 39.04519271850586 -28.887454986572266 129.07223510742188
v 38.96783447265625 -28.463558197021484 117.76889038085938
v 39.278079986572266 -28.340557098388672 133.25128173828125
v 39.00198745727539 -26.694374084472656 107.43231201171875
v 38.88747787475586 -25.313730239868164 110.96507263183594
v 39.241634368896484 -23.997390747070312 151.30458068847656
v 39.38985824584961 -21.747777938842773 64.21540832519531
v 39.33723068237305 -20.61286163330078 158.2007293701172
v 39.03411102294922 -22.07646942138672 107.61430358886719
v 38.756412506103516 -22.130138397216797 110.94422912597656
v 38.86274337768555 -21.889867782592773 112.30827331542969
v 39.14013671875 -22.379981994628906 114.90115356445312
v 39.9813117980957 -19.713436126708984 49.576419830322266
v 39.09073257446289 -19.660001754760742 118.2069091796875
v 39.136898040771484 -18.412418365478516 121.52677154541016
v 38.47736358642578 -16.876859664916992 47.6025505065918
v 39.16577911376953 -17.967323303222656 132.96884155273438
v 39.229164123535156 -15.572113990783691 168.2111358642578
v 39.20076370239258 -12.93815803527832 45.77176284790039
v 39.5854606628418 -13.592781066894531 167.66162109375
v 39.32805252075195 -12.82665729522705 62.964900970458984
v 39.549747467041016 -11.008931159973145 61.300384521484375
v 39.35256576538086 -11.060012817382812 156.76866149902344
v 41.602874755859375 -8.263938903808594 58.199012756347656
v 39.397605895996094 -10.64714241027832 166.72512817382812
v 39.551231384277344 -7.807687282562256 55.90513610839844
v 39.53596496582031 3.021242380142212 222.77684020996094
v 39.52339172363281 3.4888598918914795 217.3842315673828
v 40.50881576538086 2.901257276535034 576.0997314453125
v 39.03303527832031 3.455566883087158 212.9080047607422
v 39.264503479003906 2.610225200653076 561.4373168945312
v 39.4366340637207 4.197601318359375 228.87989807128906
v 38.777225494384766 3.3121283054351807 562.6688842773438
v 39.80939483642578 3.844770908355713 576.2278442382812
v 39.5081672668457 5.004047393798828 231.5941619873047
v 39.2520866394043 4.51739501953125 556.8211059570312
v 38.91421890258789 4.273263454437256 566.3948974609375
v 39.8205680847168 6.266627311706543 235.66725158691406
v 40.18914794921875 5.3321919441223145 574.7195434570312
v 38.999961853027344 5.274572372436523 566.0755004882812
v 39.22661209106445 5.395943641662598 558.7618408203125
v 38.820526123046875 5.497443199157715 561.142333984375
v 39.74382019042969 7.995840072631836 530.2232055664062
v 39.77411651611328 9.77431583404541 245.53736877441406
v 39.366790771484375 11.668334007263184 530.7337646484375
v 40.002803802490234 19.533363342285156 416.3156433105469
v 39.24822998046875 20.191883087158203 411.84326171875
v 40.181480407714844 24.586761474609375 227.09170532226562
v 39.753326416015625 25.368562698364258 534.1661376953125
v 40.21308517456055 32.084815979003906 236.37318420410156
v 40.30194091796875 35.751991271972656 402.76361083984375
v 39.600311279296875 35.08103561401367 459.27581787109375
v 39.183143615722656 35.21045684814453 460.6271667480469
v 39.364356994628906 36.191551208496094 467.5025634765625
v 39.417327880859375 35.16130828857422 452.27532958984375
v 40.25246810913086 36.85295867919922 244.04249572753906
v 39.26789855957031 38.14543914794922 382.0730895996094
v 39.51862335205078 39.73129653930664 457.20550537109375
v 39.8380126953125 42.377952575683594 398.4986572265625
v 39.11811065673828 54.050045013427734 290.1048889160156
v 39.02838134765625 59.84149932861328 284.4166564941406
v 39.3923225402832 60.65298080444336 276.70123291015625
v 39.86046600341797 -28.273757934570312 125.01860046386719
v 39.41999053955078 -28.54783058166504 121.06490325927734
v 39.61056900024414 -27.01695442199707 136.35670471191406
v 39.568843841552734 -26.24504852294922 141.90606689453125
v 39.659584045410156 -26.868873596191406 119.05748748779297
v 39.268089294433594 -24.33149528503418 107.5196533203125
v 39.21920394897461 -24.660978317260742 114.87744140625
v 39.87628173828125 -24.35658836364746 147.5745391845703
v 39.81034469604492 -22.53814697265625 151.7965850830078
v 40.67140579223633 -22.098787307739258 55.020198822021484
v 40.52690505981445 -21.741943359375 62.42665481567383
v 40.28361892700195 -20.2412052154541 64.42522430419922
v 39.43077087402344 -20.432775497436523 155.0076446533203
v 39.65937805175781 -21.364259719848633 118.27472686767578
v 39.872432708740234 -20.33547592163086 126.91035461425781
v 39.780147552490234 -19.627134323120117 48.582271575927734
v 39.783504486083984 -19.898239135742188 121.2669448852539
v 39.80340576171875 -17.44215202331543 137.1141357421875
v 39.6327018737793 -15.023594856262207 45.30689239501953
v 39.33116912841797 -14.27810001373291 64.18824005126953
v 39.80293273925781 -14.148876190185547 148.4147491455078
v 39.35873031616211 -13.629934310913086 152.97850036621094
v 39.53444290161133 -12.703167915344238 155.0908966064453
v 39.40088653564453 -10.888178825378418 46.34148406982422
v 39.58428192138672 -10.270788192749023 163.76490783691406
v 40.75139617919922 2.2312512397766113 575.5205688476562
v 39.50639724731445 1.7933350801467896 573.4775390625
v 39.675941467285156 2.9687652587890625 556.7326049804688
v 40.012264251708984 2.940887451171875 572.1295166015625
v 40.420326232910156 4.2519211769104 558.2286376953125
v 39.335350036621094 4.300374507904053 572.2857055664062
v 39.06928634643555 5.6947245597839355 211.40292358398438
v 39.244197845458984 3.3221192359924316 566.2064819335938
v 38.922733306884766 7.745885848999023 210.41802978515625
v 39.50475311279297 6.128102779388428 564.7222900390625
v 40.44380569458008 9.831042289733887 527.57373046875
v 39.48789596557617 11.365991592407227 214.1965789794922
v 45.10640335083008 14.876150131225586 391.10260009765625
v 40.98817825317383 11.890984535217285 530.2185668945312
v 43.639793395996094 14.446094512939453 384.2117919921875
v 39.593048095703125 12.430131912231445 214.8671875
v 39.96181869506836 12.52163314819336 529.787109375
v 38.8951530456543 16.813392639160156 547.798828125
v 38.555721282958984 17.2551212310791 550.7598876953125
v 39.56245422363281 15.804505348205566 547.8677368164062
v 39.17538833618164 16.259183883666992 551.2367553710938
v 39.49557876586914 16.950458526611328 542.906005859375
v 38.77088928222656 17.397985458374023 545.5913696289062
v 38.879947662353516 16.269515991210938 545.7570190429688
v 39.28376007080078 18.153352737426758 554.20751953125
v 38.68834686279297 18.08148765563965 550.1190185546875
v 39.266693115234375 18.324764251708984 545.4867553710938
v 39.383243560791016 18.277620315551758 548.42578125
v 39.30215072631836 18.700353622436523 549.4248657226562
v 39.1433219909668 18.840579986572266 552.9627685546875
v 39.76402282714844 19.552026748657227 552.5281982421875
v 40.18489074707031 20.475082397460938 266.321044921875
v 40.016536712646484 21.005306243896484 223.22154235839844
v 40.64418029785156 21.45043182373047 268.2964172363281
v 39.67110824584961 23.01567268371582 420.35821533203125
v 39.7140007019043 23.397119522094727 532.0384521484375
v 40.67119598388672 24.0231990814209 273.92218017578125
v 39.86704635620117 24.29654884338379 416.8983154296875
v 41.03877639770508 27.609840393066406 278.65020751953125
v 41.96232604980469 27.5728759765625 377.7302551269531
v 40.389617919921875 27.756649017333984 403.2289733886719
v 39.16267013549805 34.539024353027344 464.9004821777344
v 39.54533767700195 35.21175003051758 466.35211181640625
v 39.820308685302734 34.88016891479492 456.9690856933594
v 40.27984619140625 35.00657653808594 550.281494140625
v 40.8363151550293 36.48042297363281 380.43255615234375
v 40.569793701171875 34.76896286010742 449.9156188964844
v 40.136016845703125 35.881195068359375 550.3397216796875
v 40.1009635925293 36.72688674926758 550.8980712890625
v 40.54204559326172 35.7608642578125 448.7419128417969
v 39.3978271484375 37.192100524902344 465.08709716796875
v 40.08823776245117 37.30010986328125 286.50927734375
v 39.56367492675781 38.591922760009766 462.3628234863281
v 40.271053314208984 39.99864959716797 288.55303955078125
v 39.55606460571289 39.949684143066406 453.2929992675781
v 41.41041564941406 40.78908157348633 248.6068115234375
v 42.45372009277344 46.979915618896484 393.97247314453125
v 41.50333786010742 51.34173583984375 256.8428649902344
v 39.9301872253418 52.104976654052734 257.804931640625
v 39.72048568725586 51.97514343261719 291.19268798828125
v 39.883365631103516 53.87319564819336 259.9869384765625
v 40.22349548339844 60.48899459838867 272.37530517578125
v 39.764381408691406 -27.69183349609375 127.82102966308594
v 39.957759857177734 -24.981464385986328 118.59129333496094
v 40.209442138671875 -25.141887664794922 141.1732177734375
v 40.53007888793945 -21.08076286315918 150.88792419433594
v 40.04152297973633 -18.912839889526367 156.01377868652344
v 39.77663803100586 -18.94919776916504 160.56561279296875
v 41.11686325073242 -17.476057052612305 64.1637954711914
v 39.85054397583008 -19.16548728942871 133.43771362304688
v 39.80771255493164 -17.3619441986084 163.28765869140625
v 39.946380615234375 -15.407695770263672 165.02125549316406
v 40.26473617553711 -17.176942825317383 45.47373580932617
v 40.15725326538086 -17.060224533081055 140.4651641845703
v 39.977439880371094 -16.33500862121582 143.05865478515625
v 40.25999069213867 -15.803404808044434 64.51428985595703
v 40.226600646972656 -15.570751190185547 150.92596435546875
v 40.05278015136719 -12.815025329589844 157.73109436035156
v 40.08781051635742 2.403329372406006 560.2694702148438
v 40.320465087890625 5.390841007232666 227.7408447265625
v 40.10678482055664 2.721888542175293 565.6885375976562
v 39.695106506347656 3.955122232437134 567.8319702148438
v 40.32951736450195 3.0242843627929688 567.7119140625
v 39.97118377685547 5.197803974151611 216.85203552246094
v 40.08027648925781 5.155674457550049 558.899169921875
v 40.04322052001953 5.449460983276367 567.7943725585938
v 40.15148162841797 6.880174160003662 215.97174072265625
v 40.08210754394531 8.768935203552246 215.15525817871094
v 40.1070671081543 8.39352798461914 531.4898681640625
v 40.47723388671875 9.315682411193848 531.5650634765625
v 41.04466247558594 12.915266036987305 249.94862365722656
v 39.86649703979492 15.798442840576172 218.47341918945312
v 40.50659942626953 17.388744354248047 259.3424072265625
v 39.772705078125 15.378232955932617 545.7949829101562
v 39.80904769897461 17.63442611694336 542.051025390625
v 40.87031555175781 21.365102767944336 557.039794921875
v 40.6109733581543 20.385469436645508 413.9820861816406
v 40.83005905151367 20.101701736450195 419.3265686035156
v 40.67192459106445 21.286649703979492 413.4219055175781
v 39.87194061279297 20.622852325439453 534.6076049804688
v 39.58574295043945 21.463560104370117 535.7431030273438
v 40.298587799072266 23.139577865600586 413.8207092285156
v 41.3127555847168 24.179643630981445 421.17327880859375
v 40.36595153808594 23.871788024902344 535.7085571289062
v 40.2325553894043 24.569133758544922 532.4949951171875
v 41.062923431396484 25.24432373046875 402.68536376953125
v 40.48421859741211 30.42472267150879 234.00868225097656
v 41.453094482421875 30.161357879638672 281.9494323730469
v 41.341270446777344 32.94805908203125 403.6019287109375
v 40.94523620605469 33.62568664550781 379.02801513671875
v 40.92122268676758 33.93441390991211 552.153076171875
v 40.94529342651367 34.1505012512207 284.7366943359375
v 42.89352798461914 34.185142517089844 552.351806640625
v 40.22628402709961 35.83473205566406 462.15576171875
v 39.75758743286133 35.34063720703125 464.3272399902344
v 40.411842346191406 35.32854461669922 454.389404296875
v 40.48968505859375 35.274723052978516 241.9258575439453
v 39.96962356567383 36.29340362548828 464.3036193847656
v 41.722225189208984 35.52167510986328 286.2041320800781
v 41.1573371887207 38.71149826049805 246.9226837158203
v 40.01654052734375 37.402793884277344 463.8181457519531
v 41.086395263671875 41.661277770996094 400.353271484375
v 40.42243576049805 39.99421691894531 455.8192443847656
v 40.63153839111328 42.58953857421875 382.02593994140625
v 41.371368408203125 43.09143829345703 290.69085693359375
v 40.6032600402832 49.38961410522461 255.2466583251953
v 40.689334869384766 59.45191192626953 290.33782958984375
v 40.28105163574219 60.5432243347168 271.61834716796875
v 39.976444244384766 61.39443588256836 282.3682556152344
v 40.187896728515625 -26.92083168029785 121.91358947753906
v 40.10234069824219 -26.62526512145996 132.31491088867188
v 40.26850891113281 -26.039714813232422 127.76066589355469
v 40.314735412597656 -23.829723358154297 144.0507354736328
v 39.99860763549805 -23.033924102783203 118.90546417236328
v 40.325714111328125 -21.88724136352539 121.06932067871094
v 40.72996520996094 -21.911373138427734 53.55283737182617
v 41.46090316772461 -20.916221618652344 50.68376541137695
v 40.238014221191406 -20.589807510375977 125.82984924316406
v 39.926063537597656 -18.49179458618164 154.48681640625
v 40.257938385009766 -17.594079971313477 157.12806701660156
v 39.95946502685547 -15.956270217895508 153.8224639892578
v 40.16699981689453 -15.629778861999512 154.914306640625
v 40.251068115234375 -14.705772399902344 156.4695281982422
v 40.05241394042969 -12.980727195739746 164.3035125732422
v 40.331687927246094 -7.975156784057617 48.310733795166016
v 41.2724494934082 -6.738303184509277 53.730892181396484
v 41.19409942626953 2.0914480686187744 574.1214599609375
v 40.83516311645508 3.052764654159546 559.6994018554688
v 40.58230972290039 5.327089786529541 222.02906799316406
v 39.9091911315918 3.8356268405914307 569.998779296875
v 40.344017028808594 3.2384068965911865 570.2628173828125
v 39.81190872192383 4.7892045974731445 569.7376708984375
v 41.25294494628906 5.1945343017578125 574.7098388671875
v 40.20881652832031 5.613814353942871 569.345458984375
v 40.25795364379883 6.416048526763916 563.9509887695312
v 40.863502502441406 8.132469177246094 237.46524047851562
v 41.33795928955078 10.637089729309082 530.4259033203125
v 41.470619201660156 12.093424797058105 247.73428344726562
v 40.55464553833008 12.299392700195312 524.7201538085938
v 40.11954116821289 13.301916122436523 526.5491943359375
v 41.16612243652344 13.673819541931152 527.8235473632812
v 40.2307014465332 15.805927276611328 551.084228515625
v 40.654327392578125 15.564484596252441 547.8504638671875
v 40.300048828125 15.897456169128418 542.336181640625
v 40.71958923339844 16.884166717529297 554.2655029296875
v 40.228389739990234 17.19045066833496 540.358154296875
v 40.02978515625 17.3575382232666 554.5225830078125
v 40.07924270629883 18.27864646911621 541.490966796875
v 40.38563537597656 18.60291862487793 543.3328857421875
v 40.589141845703125 18.921489715576172 544.91845703125
v 40.31074523925781 18.713361740112305 548.453857421875
v 40.93027877807617 19.950544357299805 224.0889434814453
v 40.94377517700195 21.81940269470215 556.1814575195312
v 40.6059684753418 20.80701446533203 533.5343017578125
v 40.48766326904297 21.989723205566406 422.593994140625
v 40.659847259521484 22.148834228515625 413.5037841796875
v 40.63860321044922 23.01521873474121 422.4170227050781
v 43.38093948364258 25.79865074157715 378.0449523925781
v 41.63994216918945 28.63142967224121 280.2768859863281
v 42.257450103759766 32.17855453491211 378.4573059082031
v 41.33720397949219 32.897300720214844 239.8133087158203
v 40.585716247558594 34.04249572753906 550.9950561523438
v 40.03273391723633 36.148399353027344 460.8594665527344
v 40.92961120605469 37.442989349365234 448.5811767578125
v 40.37324142456055 37.478702545166016 462.17291259765625
v 40.25358581542969 37.2875862121582 460.98382568359375
v 41.72981643676758 38.40158462524414 449.0867004394531
v 40.6690673828125 47.09204864501953 385.2204284667969
v 40.573246002197266 48.16910934448242 291.903076171875
v 41.439125061035156 59.2337646484375 292.32757568359375
v 42.14714813232422 60.84206008911133 270.2571105957031
v 41.58428955078125 61.90657043457031 289.5262451171875
v 42.02264404296875 63.095943450927734 288.0071105957031
v 41.51429748535156 62.70264434814453 280.0806579589844
v 40.676597595214844 -25.37493324279785 125.84325408935547
v 40.48910140991211 -24.06190299987793 120.9420166015625
v 40.486331939697266 -25.296037673950195 132.853515625
v 40.427486419677734 -25.02028465270996 136.5748748779297
v 40.54888153076172 -23.379451751708984 127.23379516601562
v 40.86711120605469 -21.62050437927246 146.7283935546875
v 41.60209274291992 -22.131649017333984 56.21388244628906
v 41.49784851074219 -21.930374145507812 60.195709228515625
v 40.438419342041016 -21.2470760345459 131.94265747070312
v 40.690277099609375 -23.2216739654541 132.38909912109375
v 40.77290725708008 -23.226394653320312 125.4705581665039
v 41.431640625 -20.389137268066406 62.78134536743164
v 40.511077880859375 -20.67186164855957 134.86932373046875
v 40.86453628540039 -19.04776954650879 150.42921447753906
v 40.55080032348633 -19.6627140045166 136.6148223876953
v 41.476654052734375 -19.98455238342285 46.98560333251953
v 40.313541412353516 -16.385107040405273 160.3767852783203
v 40.75252914428711 -18.722103118896484 143.11915588378906
v 40.428428649902344 -14.870951652526855 159.1532440185547
v 40.47118377685547 -15.720141410827637 148.6476287841797
v 40.94542694091797 -17.753780364990234 149.02169799804688
v 40.977134704589844 -14.221428871154785 63.24460220336914
v 41.575130462646484 -12.893205642700195 43.12617874145508
v 41.43631362915039 -10.297694206237793 43.94000244140625
v 42.82450485229492 -8.7115478515625 58.91469192504883
v 41.31283187866211 -8.57541275024414 45.43989944458008
v 41.27519989013672 -6.921236038208008 50.30082321166992
v 40.75835037231445 2.7219555377960205 563.3809814453125
v 40.96027374267578 2.3387467861175537 572.71875
v 40.76435470581055 3.763056755065918 558.776611328125
v 40.86070251464844 6.950467586517334 219.93569946289062
v 40.72936248779297 6.589199542999268 230.3873748779297
v 41.16385269165039 6.2245192527771 563.408203125
v 41.16493606567383 5.892481327056885 567.6311645507812
v 40.996788024902344 6.388360977172852 570.5394897460938
v 40.89340591430664 8.808599472045898 218.51846313476562
v 41.4508171081543 9.795071601867676 528.265869140625
v 40.71925354003906 10.931941032409668 217.72027587890625
v 41.678531646728516 11.233922958374023 244.2858428955078
v 41.241172790527344 11.052957534790039 524.6181640625
v 47.95309829711914 17.42238426208496 387.15093994140625
v 47.43830490112305 16.58189582824707 390.1816711425781
v 40.81789779663086 14.826743125915527 220.2242431640625
v 44.99563217163086 17.542734146118164 396.8429870605469
v 40.73112106323242 15.236063957214355 545.8161010742188
v 40.60698699951172 19.03196907043457 536.5669555664062
v 40.27385330200195 19.036746978759766 538.5851440429688
v 40.85309982299805 19.052215576171875 541.6912231445312
v 41.36801528930664 20.64921760559082 557.7163696289062
v 40.46235275268555 19.794382095336914 538.67333984375
v 40.85972213745117 19.45738410949707 551.603759765625
v 40.8253288269043 21.257801055908203 554.4476318359375
v 42.15346908569336 23.34568977355957 401.994384765625
v 40.911869049072266 20.746028900146484 422.10333251953125
v 42.41365432739258 24.305910110473633 420.736328125
v 41.12542724609375 24.148265838623047 533.7612915039062
v 40.82984161376953 25.544160842895508 229.29254150390625
v 41.916316986083984 32.0693244934082 239.09852600097656
v 41.40126037597656 34.35779571533203 451.0575256347656
v 41.133792877197266 35.626651763916016 457.3876037597656
v 41.850311279296875 35.343231201171875 553.0895385742188
v 40.83092498779297 38.40766906738281 459.21929931640625
v 41.97298049926758 38.30503463745117 288.25640869140625
v 41.720943450927734 38.85732650756836 456.0355224609375
v 41.63560485839844 40.558685302734375 401.552734375
v 40.91078186035156 39.556148529052734 452.47698974609375
v 41.439979553222656 42.855445861816406 250.00172424316406
v 40.768775939941406 47.74504089355469 387.216064453125
v 41.96778869628906 48.82913589477539 292.8717041015625
v 40.69361114501953 50.76723861694336 292.1553039550781
v 41.751380920410156 56.58648681640625 293.7889404296875
v 41.847312927246094 56.29490661621094 262.2478942871094
v 41.78060531616211 59.2203369140625 266.8438415527344
v 40.99051284790039 61.29489517211914 274.9714050292969
v 40.74827194213867 -23.2517147064209 136.0970001220703
v 40.918739318847656 -22.57292366027832 141.51882934570312
v 40.87651443481445 -21.537363052368164 143.646484375
v 40.84876251220703 -21.329593658447266 136.9326629638672
v 40.99314880371094 -20.2557315826416 140.6935577392578
v 41.13302230834961 -21.041418075561523 49.53750991821289
v 42.31962966918945 -18.350399017333984 44.66106033325195
v 41.6674690246582 2.7282745838165283 568.422607421875
v 41.4199333190918 2.7218005657196045 571.1018676757812
v 41.90070343017578 4.493134498596191 574.7617797851562
v 41.492794036865234 8.094985008239746 225.65460205078125
v 41.61780548095703 8.206928253173828 228.9351806640625
v 41.84050750732422 9.970643043518066 224.42971801757812
v 41.7762565612793 8.6215238571167 233.84378051757812
v 46.43574523925781 16.40646743774414 393.1812744140625
v 41.334903717041016 14.050067901611328 525.4816284179688
v 42.12949752807617 14.976578712463379 250.7274627685547
v 41.740867614746094 16.330581665039062 255.34312438964844
v 41.549842834472656 15.475300788879395 542.8389892578125
v 41.264835357666016 16.29035186767578 552.1275024414062
v 41.20793151855469 17.155258178710938 538.6279907226562
v 42.06853485107422 19.922658920288086 557.75048828125
v 41.2744255065918 18.424230575561523 548.5918579101562
v 41.23997497558594 20.29793357849121 539.354248046875
v 42.44150161743164 20.882081985473633 417.9275817871094
v 41.25327682495117 21.40838050842285 424.7884826660156
v 41.67223358154297 20.235013961791992 423.4662170410156
v 42.72459411621094 23.512596130371094 272.5140686035156
v 41.99661636352539 23.536516189575195 229.5028076171875
v 42.18571853637695 21.989604949951172 533.802001953125
v 41.54551315307617 22.800365447998047 535.9644775390625
v 41.63800811767578 23.65492820739746 422.95556640625
v 41.96527099609375 24.059064865112305 418.37152099609375
v 42.1830940246582 22.751474380493164 535.2858276367188
v 41.52383804321289 35.344783782958984 404.4744567871094
v 42.308589935302734 34.54011917114258 451.76556396484375
v 42.09255599975586 33.819271087646484 242.30738830566406
v 42.50577926635742 36.75492477416992 550.1094970703125
v 42.49752426147461 37.05210494995117 551.3291015625
v 41.840232849121094 45.44281768798828 252.28138732910156
v 40.886417388916016 46.414188385009766 383.42498779296875
v 43.217994689941406 46.78969955444336 253.67555236816406
v 42.46274185180664 54.953765869140625 294.8504333496094
v 42.02432632446289 62.59389114379883 277.2633972167969
v 42.47833251953125 -15.283424377441406 62.80319595336914
v 43.47179412841797 -10.001420974731445 60.04255676269531
v 43.13996505737305 -6.578301906585693 45.63761901855469
v 41.728214263916016 -6.511980056762695 49.55204391479492
v 41.872833251953125 3.879864454269409 562.1484375
v 41.90337371826172 5.61146879196167 563.2990112304688
v 41.83891677856445 5.966073036193848 572.8712158203125
v 41.7513313293457 11.25130844116211 222.84817504882812
v 41.95112609863281 10.398167610168457 529.0701904296875
v 41.32929611206055 12.039782524108887 220.8249053955078
v 41.721275329589844 13.822166442871094 523.23388671875
v 41.83769989013672 16.152774810791016 224.02328491210938
v 41.9112548828125 15.710382461547852 545.6488037109375
v 41.69625473022461 16.283300399780273 548.1577758789062
v 41.6231689453125 19.343332290649414 535.3382568359375
v 41.61048889160156 19.1149959564209 542.0869140625
v 41.838199615478516 18.547046661376953 544.1908569335938
v 42.99461364746094 20.845359802246094 264.43609619140625
v 41.883853912353516 20.268346786499023 418.4746398925781
v 41.8388671875 20.202468872070312 421.4806823730469
v 41.516197204589844 19.65430450439453 552.239013671875
v 41.728271484375 21.46826171875 554.3116455078125
v 42.65727615356445 21.446868896484375 266.7151794433594
v 41.7400016784668 21.317155838012695 533.438720703125
v 41.576194763183594 21.573406219482422 537.9824829101562
v 41.76443099975586 22.591001510620117 424.9560852050781
v 42.13689422607422 28.783458709716797 234.78738403320312
v 42.66461944580078 32.38908386230469 283.8840637207031
v 42.021453857421875 33.54251480102539 551.2587890625
v 42.717376708984375 34.091148376464844 446.9071350097656
v 41.7149658203125 35.20310974121094 549.5078125
v 41.950050354003906 36.67269515991211 454.529296875
v 42.032142639160156 36.20004653930664 549.6336669921875
v 42.49216842651367 34.99555206298828 244.57374572753906
v 41.54030227661133 37.15127944946289 458.2401123046875
v 42.62326431274414 35.78484344482422 286.2477722167969
v 41.81599426269531 38.52272415161133 403.7507019042969
v 42.18773651123047 41.072879791259766 379.6723937988281
v 42.91592788696289 38.48881149291992 449.3393859863281
v 41.73040008544922 39.01386260986328 453.918212890625
v 41.98530960083008 44.28617858886719 380.199951171875
v 41.83600997924805 47.10662841796875 380.7314453125
v 42.443260192871094 46.028076171875 292.5707092285156
v 42.39073944091797 48.83678436279297 391.9823913574219
v 41.2358512878418 48.44782638549805 389.25616455078125
v 41.61812210083008 50.51496124267578 382.92364501953125
v 41.52798080444336 51.101497650146484 384.9356994628906
v 43.09420394897461 49.00675582885742 255.009033203125
v 42.44639587402344 53.392459869384766 258.9765625
v 42.51899719238281 61.007503509521484 271.198486328125
v 42.85197830200195 61.56356430053711 273.0738220214844
v 42.57112121582031 -21.776817321777344 57.36894989013672
v 44.22126388549805 -21.66912269592285 53.59520721435547
v 42.800682067871094 -21.497203826904297 51.883975982666016
v 42.71153259277344 -22.0443115234375 51.1075439453125
v 43.353675842285156 -14.487056732177734 41.88076400756836
v 43.85562515258789 -11.840133666992188 61.049434661865234
v 44.25284957885742 -13.148652076721191 61.391822814941406
v 43.29258728027344 -11.672944068908691 41.76261520385742
v 43.021270751953125 -6.829805850982666 55.756595611572266
v 43.338294982910156 -6.054548740386963 52.484893798828125
v 42.02029037475586 3.2804274559020996 565.9522705078125
v 42.35435485839844 3.094478130340576 567.8955688476562
v 42.6494026184082 3.7182281017303467 573.7277221679688
v 41.84928512573242 5.714085102081299 567.2278442382812
v 42.45829772949219 6.221569538116455 570.7758178710938
v 42.244720458984375 10.077553749084473 228.06202697753906
v 42.29754638671875 10.008606910705566 235.83810424804688
v 42.62400817871094 12.684307098388672 521.7481689453125
v 42.45259475708008 13.27536392211914 527.9616088867188
v 42.38926315307617 14.241546630859375 225.35345458984375
v 42.24922561645508 14.686980247497559 523.6731567382812
v 42.51103591918945 17.053720474243164 538.829833984375
v 42.11078643798828 17.23106575012207 553.8509521484375
v 42.5972785949707 17.97511100769043 256.8749084472656
v 42.25529479980469 17.816831588745117 537.3294067382812
v 42.35652160644531 18.546123504638672 226.46453857421875
v 41.8743782043457 17.332571029663086 548.2516479492188
v 42.30726623535156 17.86958122253418 545.4031372070312
v 41.947914123535156 18.378097534179688 551.1105346679688
v 43.05942916870117 19.565635681152344 557.2632446289062
v 42.55244827270508 18.957643508911133 259.8505554199219
v 42.829524993896484 21.642791748046875 229.90354919433594
v 42.88950729370117 20.1524600982666 422.3368225097656
v 41.5622673034668 20.329450607299805 425.55712890625
v 42.45022964477539 22.838109970092773 555.7021484375
v 42.845760345458984 23.801105499267578 557.35791015625
v 43.073387145996094 23.129770278930664 418.55810546875
v 42.408775329589844 22.365463256835938 534.5608520507812
v 42.606510162353516 26.57478904724121 277.28289794921875
v 42.54953384399414 26.92658233642578 403.3548278808594
v 43.652435302734375 30.825345993041992 378.2112731933594
v 42.21852493286133 34.344940185546875 405.4070129394531
v 43.04632568359375 33.41143798828125 447.8428649902344
v 42.79154968261719 33.497314453125 549.6386108398438
v 42.871185302734375 34.64341354370117 379.2889404296875
v 43.02707290649414 35.04335021972656 446.08575439453125
v 43.37224197387695 36.015838623046875 445.8718566894531
v 43.020896911621094 36.96901321411133 247.04917907714844
v 42.211185455322266 37.827388763427734 404.99456787109375
v 42.01606369018555 36.985694885253906 455.7990417480469
v 43.68315124511719 36.87888717651367 287.6889343261719
v 43.1327018737793 37.3475456237793 447.3026123046875
v 44.000396728515625 39.878318786621094 377.9977111816406
v 41.98178482055664 38.362060546875 454.2820129394531
v 43.090553283691406 38.63492965698242 450.7964172363281
v 43.423301696777344 46.968299865722656 395.2214660644531
v 42.08631896972656 49.82353210449219 380.7481689453125
v 41.78884506225586 51.568477630615234 387.0528869628906
v 41.724700927734375 54.30482864379883 382.917236328125
v 43.630672454833984 53.40736770629883 295.9599914550781
v 44.8745002746582 58.356807708740234 264.6766052246094
v 42.83357238769531 64.29618835449219 286.4811706542969
v 43.51820373535156 -20.664390563964844 59.120235443115234
v 43.434112548828125 -21.601282119750977 48.380619049072266
v 43.76191711425781 -19.957067489624023 45.38710403442383
v 43.569149017333984 -16.895265579223633 61.99177169799805
v 44.13572311401367 -16.181093215942383 42.020511627197266
v 43.29242706298828 -8.042585372924805 43.545448303222656
v 43.730918884277344 -7.561875820159912 57.342689514160156
v 42.61739730834961 3.178384780883789 572.4532470703125
v 42.47367858886719 4.406675815582275 565.7252197265625
v 42.663082122802734 5.116118907928467 573.19140625
v 42.7216682434082 5.385138988494873 568.3728637695312
v 43.13854217529297 11.72500228881836 233.421875
v 42.80034637451172 12.277936935424805 242.7147216796875
v 42.73939895629883 10.438447952270508 525.260009765625
v 42.44853591918945 11.755755424499512 226.76747131347656
v 43.519554138183594 11.728707313537598 522.0411376953125
v 43.03462600708008 12.199947357177734 528.0817260742188
v 42.64142990112305 14.15359115600586 492.5594787597656
v 42.371337890625 14.80356502532959 494.1107482910156
v 42.07593536376953 13.245798110961914 497.3122863769531
v 42.092891693115234 14.596423149108887 498.1319885253906
v 42.892608642578125 14.184365272521973 526.190673828125
v 42.689945220947266 16.453174591064453 541.339599609375
v 42.738712310791016 16.982288360595703 543.8189086914062
v 42.23231887817383 17.73258399963379 552.0943603515625
v 42.3706169128418 18.133337020874023 543.3894653320312
v 42.9095344543457 19.339731216430664 536.04638671875
v 42.413185119628906 18.88792610168457 552.568359375
v 42.453392028808594 19.141340255737305 424.9150695800781
v 42.69062805175781 19.242223739624023 426.97943115234375
v 42.74203872680664 19.862592697143555 539.9427490234375
v 42.711055755615234 20.43532371520996 553.7008666992188
v 42.54838943481445 20.243738174438477 428.6778869628906
v 42.75066375732422 21.0931339263916 428.6792297363281
v 42.554222106933594 21.511938095092773 537.758544921875
v 42.81102752685547 21.734832763671875 554.7758178710938
v 43.47819519042969 21.852569580078125 418.9918212890625
v 43.27266311645508 22.446535110473633 427.8660583496094
v 42.99410629272461 23.1018123626709 425.345703125
v 43.550540924072266 23.795888900756836 558.4170532226562
v 43.192955017089844 23.77593231201172 422.40301513671875
v 43.14857482910156 23.716171264648438 423.8493347167969
v 45.70659637451172 26.15298080444336 275.7703552246094
v 43.25362014770508 27.533588409423828 235.63780212402344
v 44.572715759277344 28.941619873046875 378.1497497558594
v 42.974952697753906 30.947158813476562 403.97418212890625
v 43.311058044433594 33.27805709838867 406.28570556640625
v 43.21791076660156 33.10624313354492 284.30548095703125
v 43.416507720947266 33.59815216064453 449.61419677734375
v 43.5506591796875 35.57058334350586 451.96551513671875
v 43.848670959472656 41.04534149169922 290.67083740234375
v 42.86745834350586 40.010250091552734 403.38720703125
v 43.460243225097656 41.20244216918945 249.81919860839844
v 42.90936279296875 42.06642150878906 400.8715515136719
v 43.79286575317383 43.414485931396484 378.0138244628906
v 42.480831146240234 44.3864631652832 379.58087158203125
v 43.00312042236328 49.190608978271484 378.6688232421875
v 43.13202667236328 52.40009689331055 390.5164794921875
v 42.378273010253906 51.94422912597656 389.0132751464844
v 42.175411224365234 53.118988037109375 379.86053466796875
v 42.33938217163086 56.21670913696289 385.8519592285156
v 42.70059585571289 58.704105377197266 381.61785888671875
v 43.015037536621094 61.23711013793945 295.11956787109375
v 44.28376007080078 60.84061050415039 269.0760192871094
v 43.13312911987305 60.73091506958008 270.2718200683594
v 43.1187744140625 63.69704818725586 293.0362243652344
v 44.44999694824219 64.22016143798828 278.4980773925781
v 43.770286560058594 65.20106506347656 285.28814697265625
v 43.384517669677734 -9.314806938171387 42.52524948120117
v 43.87297058105469 -5.41049337387085 47.94232177734375
v 43.60609817504883 -5.561554431915283 51.27728271484375
v 43.06717300415039 3.5195155143737793 570.2439575195312
v 42.90917205810547 3.968987226486206 567.7960205078125
v 43.580806732177734 14.105192184448242 245.7110137939453
v 43.05632781982422 11.970558166503906 498.26513671875
v 42.8269157409668 12.191152572631836 495.8946228027344
v 42.849876403808594 13.084562301635742 499.2869567871094
v 44.16040802001953 13.93648624420166 517.9825439453125
v 43.31708908081055 15.158700942993164 248.6090545654297
v 43.11155700683594 14.797236442565918 499.842529296875
v 43.41584777832031 14.83185863494873 519.9883422851562
v 42.6221923828125 15.666029930114746 488.4877014160156
v 43.39147186279297 14.97824478149414 524.70556640625
v 42.88519287109375 15.882169723510742 495.33001708984375
v 42.54578399658203 16.109506607055664 491.8551330566406
v 43.173095703125 16.202058792114258 497.7539978027344
v 42.697872161865234 16.243947982788086 482.5259094238281
v 42.455772399902344 16.881919860839844 483.9189147949219
v 43.73520278930664 18.56780242919922 231.03326416015625
v 43.497154235839844 17.73790740966797 254.0966339111328
v 42.721553802490234 18.184152603149414 478.09539794921875
v 42.69334411621094 18.088214874267578 483.80419921875
v 43.0524787902832 17.67226791381836 489.1409606933594
v 43.69940185546875 19.92801284790039 555.354248046875
v 42.75708770751953 18.86213493347168 428.779541015625
v 44.83632278442383 21.271936416625977 400.5016784667969
v 43.32292556762695 21.78148078918457 558.3832397460938
v 45.33479690551758 23.6917724609375 271.15179443359375
v 43.25436019897461 21.031702041625977 537.20654296875
v 44.4935302734375 24.50910186767578 402.5240783691406
v 43.230533599853516 30.753122329711914 240.60751342773438
v 43.95716857910156 31.531078338623047 243.09768676757812
v 44.462867736816406 34.59587097167969 552.1240844726562
v 44.83661651611328 35.07597351074219 551.9027099609375
v 43.39910125732422 37.242637634277344 407.4677734375
v 43.87126541137695 37.1107063293457 451.7615661621094
v 43.747066497802734 42.03514099121094 401.7054748535156
v 43.37472152709961 47.250213623046875 293.301513671875
v 42.92223358154297 52.33136749267578 378.0289611816406
v 42.80625534057617 54.76851272583008 378.3733825683594
v 42.52882385253906 56.632564544677734 379.9736328125
v 43.241371154785156 57.349910736083984 387.6851806640625
v 42.97649002075195 60.049861907958984 377.63226318359375
v 43.24100875854492 60.15983963012695 383.2587890625
v 43.653377532958984 58.341548919677734 296.9289245605469
v 43.112464904785156 64.42497253417969 291.3495178222656
v 43.988983154296875 -19.273757934570312 60.46078872680664
v 45.596153259277344 -18.563753128051758 43.08670425415039
v 43.461177825927734 4.504175662994385 570.078857421875
v 43.29558181762695 5.215530872344971 570.7349243164062
v 43.990108489990234 11.18400764465332 525.7901000976562
v 43.97743225097656 13.971393585205078 240.95269775390625
v 43.42669677734375 13.903900146484375 230.44297790527344
v 43.94651412963867 13.512137413024902 526.2445068359375
v 43.35435485839844 13.123848915100098 492.5539245605469
v 43.13549041748047 14.648300170898438 488.6078186035156
v 44.02653121948242 17.248519897460938 232.1832275390625
v 43.95463562011719 15.58996868133545 521.0067749023438
v 43.360801696777344 15.226433753967285 482.7192077636719
v 43.75803756713867 16.201644897460938 499.2370910644531
v 43.32048797607422 16.01084327697754 479.6689453125
v 43.324798583984375 17.083499908447266 474.1943359375
v 43.34677505493164 17.856983184814453 540.6653442382812
v 43.41695022583008 18.066747665405273 538.4343872070312
v 47.02848815917969 20.261152267456055 381.87017822265625
v 43.12095260620117 18.49062728881836 472.5421142578125
v 43.18385314941406 18.82505226135254 540.7081298828125
v 43.247283935546875 18.940692901611328 483.4355163574219
v 43.90929412841797 19.75398826599121 258.6351013183594
v 43.615196228027344 19.60881996154785 556.3838500976562
v 43.5056266784668 19.001964569091797 424.3486022949219
v 43.91876983642578 18.568387985229492 426.2950744628906
v 43.308719635009766 19.414409637451172 431.54327392578125
v 43.26548767089844 18.525390625 431.0547790527344
v 43.575443267822266 19.571491241455078 471.60858154296875
v 43.4196662902832 19.67105484008789 477.73516845703125
v 43.67311096191406 20.64740753173828 431.3827209472656
v 44.46765899658203 21.593130111694336 558.1142578125
v 44.10262680053711 20.937725067138672 422.1982421875
v 43.57602310180664 20.106718063354492 537.2949829101562
v 43.119964599609375 24.056623458862305 232.32115173339844
v 44.49339294433594 24.049304962158203 555.6820678710938
v 43.45450973510742 23.67426109313965 420.4736633300781
v 44.01212692260742 27.325942993164062 278.3834533691406
v 45.032737731933594 29.312156677246094 280.9566955566406
v 44.50574493408203 28.67353630065918 240.74087524414062
v 44.58460998535156 32.06060791015625 406.68865966796875
v 44.156166076660156 32.46725082397461 549.752197265625
v 43.863983154296875 32.55854797363281 550.9740600585938
v 43.91253662109375 34.49302291870117 285.71136474609375
v 43.9766845703125 33.684322357177734 548.836181640625
v 44.81720733642578 34.413787841796875 548.6627807617188
v 44.03968048095703 33.4637565612793 245.52906799316406
v 43.911964416503906 35.801082611083984 408.0262756347656
v 43.40715789794922 36.23828125 425.4899597167969
v 42.9620361328125 35.419307708740234 428.28759765625
v 43.314697265625 34.148048400878906 427.5417175292969
v 43.21343231201172 37.543556213378906 426.44476318359375
v 43.12800979614258 36.70569610595703 429.31390380859375
v 43.22115707397461 38.86719512939453 406.4341125488281
v 44.2205924987793 38.487098693847656 248.90676879882812
v 43.40315628051758 39.954429626464844 405.7933044433594
v 44.840694427490234 44.2989387512207 252.56594848632812
v 44.83137512207031 50.52195358276367 256.3594055175781
v 44.856563568115234 51.80757141113281 296.6151428222656
v 44.054779052734375 51.24313735961914 392.9571533203125
v 43.290557861328125 57.610965728759766 376.2597961425781
v 44.677310943603516 59.449127197265625 266.24334716796875
v 43.17757034301758 61.25166320800781 373.6696472167969
v 43.379737854003906 62.419044494628906 379.5923767089844
v 43.05984115600586 62.85932922363281 376.92803955078125
v 46.08339309692383 64.30372619628906 276.7528381347656
v 43.27754211425781 63.95586013793945 375.6383972167969
v 43.019344329833984 63.4702262878418 370.9173889160156
v 43.13086700439453 65.14976501464844 368.56707763671875
v 43.17805099487305 66.84748840332031 369.3594665527344
v 43.156761169433594 66.71190643310547 371.2901306152344
v 44.157142639160156 -22.31480598449707 52.589847564697266
v 44.27281951904297 -20.709409713745117 58.449283599853516
v 43.95955276489258 -18.178632736206055 61.26070022583008
v 44.935340881347656 11.784648895263672 521.9592895507812
v 44.647796630859375 12.467369079589844 525.7366943359375
v 44.55601119995117 11.274819374084473 497.9364318847656
v 44.09038543701172 11.58861255645752 495.56329345703125
v 44.128318786621094 12.56033992767334 499.96099853515625
v 44.058349609375 14.76610279083252 234.4890594482422
v 43.871559143066406 13.999610900878906 488.6561584472656
v 43.64794921875 14.004973411560059 453.2149658203125
v 43.53048324584961 14.737649917602539 456.2652282714844
v 43.93053436279297 13.114654541015625 455.98980712890625
v 44.31584167480469 14.384321212768555 501.27001953125
v 43.78529739379883 15.447430610656738 453.12860107421875
v 44.157012939453125 15.420963287353516 500.716796875
v 43.70956039428711 15.901728630065918 456.31304931640625
v 43.4732551574707 15.401620864868164 461.4049072265625
v 44.37331771850586 17.536697387695312 248.5237274169922
v 43.3367805480957 16.321950912475586 460.7361755371094
v 43.583187103271484 16.286766052246094 466.18212890625
v 43.763301849365234 16.430585861206055 495.70941162109375
v 43.783546447753906 17.288362503051758 459.70831298828125
v 43.33118438720703 18.041757583618164 466.36865234375
v 43.332481384277344 17.14194679260254 468.2253723144531
v 43.96384048461914 18.12691879272461 491.15234375
v 43.604984283447266 18.224037170410156 433.6131591796875
v 43.80082702636719 17.22370719909668 432.53558349609375
v 43.706764221191406 19.123022079467773 466.4609680175781
v 44.41344451904297 19.539514541625977 255.12571716308594
v 43.73854446411133 17.872228622436523 428.3714599609375
v 44.044578552246094 20.144086837768555 472.509765625
v 45.110107421875 21.802364349365234 262.9405517578125
v 43.9796028137207 21.053709030151367 555.341064453125
v 44.374114990234375 21.85664939880371 265.7200622558594
v 43.7442741394043 21.929384231567383 428.9884948730469
v 43.969383239746094 22.41387939453125 555.30859375
v 44.20880889892578 21.98743438720703 233.78367614746094
v 43.99850082397461 22.51677894592285 420.3128662109375
v 44.79397964477539 22.774261474609375 424.65655517578125
v 44.355403900146484 24.97216796875 556.2653198242188
v 44.65121078491211 25.626712799072266 557.1149291992188
v 45.3052864074707 31.79302215576172 283.27972412109375
v 44.23115921020508 33.218074798583984 551.9625244140625
v 44.84522247314453 32.926456451416016 447.9900207519531
v 43.82673263549805 32.63458251953125 429.7260437011719
v 43.53327560424805 33.406585693359375 431.0309143066406
v 45.83566665649414 33.482208251953125 448.7666015625
v 44.457332611083984 34.7099609375 285.66949462890625
v 44.197998046875 35.1939697265625 424.5050964355469
v 43.90016555786133 35.10844039916992 432.2568054199219
v 45.533935546875 36.91483688354492 444.9934997558594
v 45.831581115722656 35.37238311767578 549.8690795898438
v 46.42367172241211 35.00254440307617 550.7403564453125
v 43.721195220947266 38.48075866699219 424.5164489746094
v 43.78743362426758 39.516632080078125 426.1333312988281
v 43.92813491821289 38.141597747802734 429.8760681152344
v 44.45286560058594 40.3268928527832 409.71380615234375
v 44.18668746948242 37.721519470214844 450.4580383300781
v 44.801963806152344 42.32453536987305 377.2178039550781
v 44.358123779296875 41.538909912109375 402.6354064941406
v 44.517765045166016 44.224178314208984 292.75146484375
v 45.283424377441406 46.87120056152344 396.89886474609375
v 44.412567138671875 48.689727783203125 376.6623229980469
v 44.53041076660156 49.16977310180664 394.69720458984375
v 44.50324249267578 51.07880401611328 375.6520690917969
v 44.58982849121094 52.39971160888672 375.35162353515625
v 43.819366455078125 56.3215446472168 375.0709228515625
v 44.7251091003418 55.04808807373047 260.5384521484375
v 44.32495880126953 57.80794143676758 389.4820251464844
v 43.64006805419922 59.789764404296875 372.0181884765625
v 43.49419403076172 63.2624397277832 367.4479675292969
v 44.34074401855469 63.18785858154297 296.3552551269531
v 44.96295166015625 65.97712707519531 283.8143310546875
v 44.07228088378906 65.26515197753906 365.45233154296875
v 44.41010665893555 66.53010559082031 290.4432067871094
v 43.662139892578125 68.25801086425781 372.7246398925781
v 43.87847137451172 67.36283874511719 366.59686279296875
v 43.7856330871582 69.2098388671875 370.098388671875
v 44.928245544433594 -22.193981170654297 49.59697341918945
v 45.79692459106445 -20.94672393798828 55.57684326171875
v 45.86766815185547 -16.218870162963867 60.596031188964844
v 45.66035079956055 -14.549880981445312 60.89415740966797
v 45.9127311706543 -6.115926265716553 43.54074478149414
v 45.49581527709961 -5.320589542388916 52.410404205322266
v 45.54015350341797 12.134899139404297 523.0869750976562
v 44.18345642089844 12.596125602722168 492.71221923828125
v 44.72100067138672 13.021924018859863 517.8712768554688
v 44.3581657409668 12.515864372253418 453.3668518066406
v 44.455020904541016 12.665709495544434 451.3102722167969
v 44.63970947265625 15.654891014099121 239.7740478515625
v 43.964683532714844 14.58874797821045 451.45794677734375
v 44.11048126220703 13.743844985961914 447.89630126953125
v 44.71581268310547 15.980088233947754 244.45516967773438
v 44.077144622802734 15.094608306884766 447.81671142578125
v 44.11983871459961 13.330989837646484 457.0020751953125
v 44.68647766113281 14.231307029724121 525.1116943359375
v 44.085693359375 14.374135971069336 445.8268127441406
v 44.3001823425293 14.22770881652832 461.3111572265625
v 44.626312255859375 14.825366020202637 481.7513732910156
v 44.45779800415039 15.966227531433105 448.8453674316406
v 44.993492126464844 17.64181900024414 246.80157470703125
v 43.71236801147461 16.855182647705078 436.7476501464844
v 44.128273010253906 16.043651580810547 438.3329162597656
v 44.07036209106445 15.70388412475586 436.4661560058594
v 44.28656005859375 15.916642189025879 469.203125
v 44.542903900146484 15.260116577148438 466.2361755371094
v 44.29956817626953 16.092483520507812 475.0870361328125
v 47.546478271484375 19.291698455810547 383.28204345703125
v 44.37946319580078 16.354576110839844 432.7619323730469
v 45.10279846191406 19.65958595275879 252.34906005859375
v 44.18059539794922 18.455408096313477 436.9015808105469
v 44.47168731689453 17.28340721130371 439.01129150390625
v 44.29594802856445 18.18616485595703 461.0881652832031
v 44.515689849853516 19.173168182373047 486.215087890625
v 45.097293853759766 18.75716209411621 425.9608459472656
v 44.27421951293945 19.458234786987305 434.4211120605469
v 45.22917175292969 20.906108856201172 257.2779235839844
v 44.4454460144043 19.39272117614746 424.07586669921875
v 44.35883331298828 20.36281394958496 470.1141662597656
v 44.195003509521484 20.226909637451172 477.7627868652344
v 45.440040588378906 22.48265266418457 556.3070068359375
v 44.756832122802734 21.665353775024414 430.8449401855469
v 44.975223541259766 22.928386688232422 427.0136413574219
v 44.60041046142578 23.913925170898438 558.6907348632812
v 44.25802993774414 22.517610549926758 422.0839538574219
v 44.573787689208984 24.92814826965332 236.69200134277344
v 45.32129669189453 29.189306259155273 403.8701477050781
v 44.7462043762207 28.34291648864746 241.88182067871094
v 44.86578369140625 32.94820022583008 378.8360900878906
v 45.87749099731445 28.85664939880371 431.03509521484375
v 44.351470947265625 32.398704528808594 428.2478942871094
v 44.195377349853516 33.24342727661133 426.6273193359375
v 45.48649215698242 33.14105987548828 445.39190673828125
v 44.593360900878906 32.99006271362305 432.7572937011719
v 45.42654037475586 34.66236114501953 449.9072570800781
v 46.193111419677734 37.7308235168457 377.0102233886719
v 44.56180953979492 38.0379638671875 422.5360412597656
v 44.36054611206055 36.77184295654297 431.89483642578125
v 44.71892547607422 39.505428314208984 410.5516662597656
v 44.62487030029297 37.538883209228516 446.84356689453125
v 44.39854049682617 37.72026443481445 448.02056884765625
v 44.77506637573242 37.50746154785156 449.0558166503906
v 44.76001739501953 40.53879165649414 427.36517333984375
v 44.53993225097656 41.672508239746094 404.589599609375
v 45.19356918334961 43.26919174194336 400.50897216796875
v 45.08176803588867 45.75743865966797 293.5774230957031
v 44.934234619140625 52.69073486328125 392.99395751953125
v 44.872920989990234 55.32320022583008 298.0434875488281
v 44.56990051269531 57.86550521850586 371.0750427246094
v 44.20268249511719 60.80308151245117 367.175048828125
v 44.78084945678711 60.468936920166016 298.24871826171875
v 44.51298904418945 63.9421501159668 382.4317932128906
v 45.25804138183594 60.82206344604492 269.47772216796875
v 44.872684478759766 66.2888412475586 293.7003479003906
v 44.40309524536133 66.09624481201172 379.2525329589844
v 44.23763656616211 66.50189208984375 377.2103576660156
v 44.4757194519043 68.14918518066406 376.09869384765625
v 44.285343170166016 69.64702606201172 367.74151611328125
v 45.67392349243164 -22.027700424194336 54.266502380371094
v 45.593082427978516 -21.080781936645508 46.55147171020508
v 45.39973068237305 -13.19210147857666 40.5368766784668
v 45.044490814208984 -11.045289039611816 40.7878303527832
v 45.53475570678711 -9.177813529968262 58.921958923339844
v 45.440067291259766 -7.679236888885498 42.111793518066406
v 45.92146682739258 -6.406637191772461 54.791259765625
v 45.44803237915039 11.713373184204102 495.0606384277344
v 44.51457595825195 13.095077514648438 446.6698303222656
v 44.76728439331055 13.768363952636719 488.38690185546875
v 44.69629669189453 13.432709693908691 501.0117492675781
v 44.479713439941406 13.343234062194824 445.0140075683594
v 48.00117874145508 17.1645450592041 388.4827575683594
v 44.35782241821289 14.943717956542969 442.5809631347656
v 44.62720489501953 13.660173416137695 514.8781127929688
v 44.624019622802734 14.647804260253906 514.3177490234375
v 44.863399505615234 13.804547309875488 442.1070251464844
v 44.36857604980469 15.506587982177734 440.4814453125
v 44.56503677368164 15.380510330200195 504.3233947753906
v 44.781105041503906 14.179518699645996 504.0882263183594
v 44.404788970947266 15.131083488464355 517.1849365234375
v 44.79719543457031 14.829669952392578 436.8939514160156
v 44.528358459472656 16.087446212768555 442.81732177734375
v 45.0003547668457 16.451147079467773 451.4002380371094
v 44.9908561706543 15.907498359680176 517.9478149414062
v 45.13848876953125 15.967958450317383 520.1441040039062
v 45.54528045654297 15.534661293029785 521.7114868164062
v 44.98223114013672 17.39209747314453 237.58961486816406
v 44.83561706542969 16.47031021118164 447.3087463378906
v 44.65837860107422 16.677501678466797 453.45794677734375
v 45.070430755615234 16.35154914855957 500.141845703125
v 45.08316421508789 16.607765197753906 503.0415954589844
v 45.25887680053711 17.3660888671875 455.83642578125
v 44.70522689819336 16.585351943969727 495.9764404296875
v 45.1269416809082 16.68689727783203 498.1632995605469
v 44.85856628417969 17.352632522583008 428.91680908203125
v 45.27450180053711 18.012754440307617 458.0507507324219
v 45.20269775390625 18.0273494720459 492.3942565917969
v 45.224613189697266 17.641876220703125 427.88446044921875
v 45.38076400756836 18.68440055847168 489.4715576171875
v 44.737266540527344 19.646150588989258 465.0589294433594
v 45.25291061401367 21.381746292114258 237.40711975097656
v 45.159671783447266 20.614038467407227 423.7080383300781
v 45.126502990722656 20.65700340270996 475.73406982421875
v 45.480804443359375 22.04755210876465 429.717529296875
v 45.19346237182617 23.242774963378906 555.6959228515625
v 45.401737213134766 23.696916580200195 558.6419067382812
v 46.91264343261719 23.823272705078125 269.3817138671875
v 45.69588088989258 21.222576141357422 424.4929504394531
v 45.16203308105469 26.239561080932617 555.258056640625
v 45.2055549621582 31.83306121826172 246.43492126464844
v 45.855892181396484 29.531837463378906 432.4793395996094
v 46.092010498046875 32.7621955871582 446.357666015625
v 45.414093017578125 33.945186614990234 444.3243713378906
v 46.05458450317383 33.64060974121094 284.91607666015625
v 44.827369689941406 34.55067825317383 408.4345703125
v 44.39530563354492 35.407047271728516 434.0992431640625
v 45.05501174926758 34.78812789916992 247.87925720214844
v 44.89056396484375 37.119422912597656 434.6479187011719
v 44.66749572753906 36.3573112487793 435.1521911621094
v 45.13044357299805 38.249351501464844 410.9932556152344
v 46.07505798339844 41.76982498168945 291.81365966796875
v 44.759132385253906 41.320674896240234 423.9836730957031
v 44.77679443359375 40.64356231689453 422.1100769042969
v 44.8603630065918 41.592735290527344 410.2564392089844
v 45.417232513427734 42.13945388793945 402.0686340332031
v 46.43709182739258 44.008148193359375 253.21356201171875
v 45.95756912231445 48.19833755493164 375.150390625
v 45.426090240478516 47.23935317993164 254.35348510742188
v 46.561309814453125 47.94081115722656 255.15174865722656
v 45.64543914794922 52.047401428222656 258.0496826171875
v 45.424076080322266 54.18192672729492 373.2054748535156
v 45.484222412109375 64.40093231201172 384.17657470703125
v 45.460182189941406 61.46123123168945 271.1945495605469
v 44.67057418823242 62.867305755615234 364.6920166015625
v 45.28761672973633 67.53644561767578 288.6272888183594
v 44.76924133300781 67.95173645019531 363.9837951660156
v 45.13493347167969 70.43377685546875 364.90557861328125
v 44.68964385986328 70.85746765136719 372.2599182128906
v 44.972068786621094 71.26560974121094 368.6380310058594
v 45.90640640258789 -15.294815063476562 40.814212799072266
v 46.00629425048828 -11.146454811096191 60.03178787231445
v 47.000640869140625 -4.83608341217041 45.129615783691406
v 47.22578811645508 -4.273918151855469 48.160099029541016
v 45.0969123840332 12.544743537902832 492.5400085449219
v 45.87761688232422 12.872214317321777 500.75482177734375
v 45.55583572387695 12.590940475463867 518.514404296875
v 45.33574295043945 11.94843578338623 450.4446105957031
v 45.56613540649414 12.018810272216797 456.1331481933594
v 45.32811737060547 12.394675254821777 445.5892028808594
v 45.46832275390625 12.737293243408203 514.3936157226562
v 45.51799392700195 13.03720760345459 512.4898071289062
v 44.510650634765625 14.267786026000977 506.1601257324219
v 45.12411117553711 13.240692138671875 505.95880126953125
v 44.8428840637207 14.302050590515137 509.0906982421875
v 44.954288482666016 13.500768661499023 509.67767333984375
v 45.16830062866211 14.12073802947998 512.1553955078125
v 45.23280334472656 13.611861228942871 502.2237548828125
v 45.60723114013672 13.858552932739258 439.6560363769531
v 44.73421859741211 15.207270622253418 506.2956848144531
v 45.24814224243164 15.159634590148926 508.3905334472656
v 45.46100997924805 16.002384185791016 515.0161743164062
v 45.585479736328125 15.413307189941406 433.34356689453125
v 45.74324417114258 15.405691146850586 469.6563415527344
v 45.38372039794922 15.732736587524414 473.9376525878906
v 45.34675598144531 15.206594467163086 479.8719482421875
v 45.76388931274414 15.761261940002441 476.1673889160156
v 45.52812576293945 18.160293579101562 242.8994598388672
v 45.290260314941406 17.042484283447266 442.55474853515625
v 45.565860748291016 18.53260612487793 439.0629577636719
v 45.44261169433594 18.767118453979492 461.468017578125
v 45.092071533203125 19.63945960998535 435.74395751953125
v 45.62748718261719 21.15158462524414 253.39071655273438
v 45.922218322753906 19.75166130065918 425.4156188964844
v 45.75078582763672 20.691957473754883 468.8076477050781
v 45.67866134643555 20.741382598876953 471.9585876464844
v 45.457523345947266 22.097604751586914 557.1224975585938
v 45.53059005737305 26.452713012695312 557.3892211914062
v 45.31964874267578 27.075681686401367 556.1552734375
v 45.748199462890625 25.486530303955078 242.19973754882812
v 46.42668151855469 25.703449249267578 378.9179992675781
v 46.24861526489258 28.514690399169922 279.66156005859375
v 45.28706359863281 28.925142288208008 244.18603515625
v 46.01531219482422 29.17510986328125 429.6392517089844
v 45.859130859375 30.39204978942871 551.610107421875
v 45.39460754394531 31.09781265258789 550.0626220703125
v 45.74551010131836 31.405004501342773 552.4470825195312
v 45.84635925292969 32.22023391723633 426.2658386230469
v 45.91043472290039 33.846893310546875 424.06988525390625
v 45.15089797973633 33.860286712646484 434.36822509765625
v 44.92713165283203 35.25508499145508 436.301025390625
v 45.410301208496094 36.539005279541016 449.7831726074219
v 45.80632019042969 37.19646453857422 249.59332275390625
v 45.94783401489258 37.40774154663086 411.7076721191406
v 45.45160675048828 37.731903076171875 434.57769775390625
v 45.77678298950195 38.091949462890625 432.0199279785156
v 47.670433044433594 42.49816131591797 253.17945861816406
v 46.385231018066406 42.14478302001953 376.1645202636719
v 45.50406265258789 39.64944076538086 412.89422607421875
v 45.722354888916016 42.6041374206543 424.417236328125
v 45.621028900146484 43.35660171508789 408.1788635253906
v 46.000267028808594 49.9523811340332 296.61016845703125
v 45.35032653808594 57.43090057373047 391.0982971191406
v 45.93429183959961 57.93220901489258 299.7760314941406
v 45.4162483215332 58.93737030029297 366.4863586425781
v 45.8360595703125 56.465667724609375 369.7510070800781
v 45.48765182495117 60.711875915527344 364.5096130371094
v 45.979827880859375 63.56272888183594 300.21783447265625
v 45.74802780151367 65.0762939453125 298.95404052734375
v 45.87797546386719 66.74417877197266 297.62078857421875
v 45.03036117553711 65.22329711914062 363.0796203613281
v 45.75015640258789 67.822509765625 291.6324768066406
v 45.322509765625 68.50469970703125 361.34600830078125
v 46.20347213745117 68.9275131225586 379.05096435546875
v 45.58626937866211 70.72469329833984 362.0574035644531
v 46.41377639770508 -22.35405158996582 50.929134368896484
v 46.37435531616211 -21.641136169433594 47.79534912109375
v 46.09840393066406 -19.543264389038086 58.13674545288086
v 46.49205017089844 -17.98200225830078 59.241188049316406
v 47.377471923828125 -7.469947338104248 56.16722869873047
v 45.84269714355469 11.658760070800781 452.7150573730469
v 45.94235610961914 13.036293029785156 442.0101318359375
v 46.062374114990234 13.80374813079834 523.2310180664062
v 45.58512878417969 13.835494995117188 461.6728515625
v 45.87042999267578 13.830866813659668 488.3536071777344
v 45.50946807861328 12.74458122253418 510.07366943359375
v 45.66791915893555 13.465378761291504 504.0008544921875
v 45.556922912597656 14.68255615234375 435.83929443359375
v 45.67637634277344 14.965129852294922 466.45751953125
v 45.57863235473633 14.984136581420898 511.16522216796875
v 45.5723991394043 15.116445541381836 512.38818359375
v 45.60023498535156 16.905838012695312 448.6307678222656
v 45.61552810668945 16.39247703552246 495.95111083984375
v 46.636085510253906 16.2369327545166 499.8403625488281
v 45.521942138671875 16.698251724243164 501.3162841796875
v 45.46329879760742 20.09090232849121 246.79576110839844
v 45.574981689453125 19.968841552734375 239.65858459472656
v 45.806365966796875 20.182973861694336 245.4865264892578
v 45.71131134033203 19.879383087158203 464.9052734375
v 46.147335052490234 19.799152374267578 398.79840087890625
v 47.28564453125 23.426742553710938 260.0257568359375
v 46.40179443359375 22.583932876586914 261.21368408203125
v 45.825382232666016 22.174762725830078 425.5328674316406
v 45.86181640625 22.302419662475586 241.1149444580078
v 45.805301666259766 25.933256149291992 554.3646850585938
v 45.61940002441406 25.690826416015625 243.0995330810547
v 46.059749603271484 28.931543350219727 246.40658569335938
v 46.20387649536133 29.4702091217041 247.49765014648438
v 46.85630416870117 31.4305362701416 407.4344787597656
v 46.85791015625 31.410783767700195 378.9349060058594
v 46.33769989013672 31.58383560180664 549.3004760742188
v 46.682823181152344 31.528148651123047 427.0645751953125
v 46.729488372802734 33.30387878417969 408.9162902832031
v 45.30073547363281 34.33913040161133 436.07415771484375
v 47.019187927246094 34.46426773071289 442.67303466796875
v 46.62517166137695 37.484004974365234 420.3939514160156
v 45.75136947631836 35.858154296875 439.27972412109375
v 46.5062255859375 35.5958251953125 410.8406066894531
v 46.69496154785156 35.3977165222168 249.92367553710938
v 46.896854400634766 35.763404846191406 287.0736999511719
v 45.4870491027832 38.92955780029297 420.64208984375
v 46.095951080322266 37.0927734375 438.8783874511719
v 45.498695373535156 41.485774993896484 419.446044921875
v 46.236175537109375 41.546321868896484 427.62530517578125
v 46.01188278198242 42.58036422729492 403.683349609375
v 45.52385711669922 42.70510482788086 421.0422668457031
v 46.19955062866211 44.3843879699707 412.59063720703125
v 46.34394073486328 44.15454864501953 375.5943298339844
v 47.372657775878906 44.31344985961914 293.5750732421875
v 47.4333381652832 46.357330322265625 398.2938232421875
v 46.06598663330078 51.07291793823242 395.08642578125
v 47.37921142578125 53.48509216308594 259.53125
v 46.59575271606445 60.5720100402832 390.0604553222656
v 46.674800872802734 65.35401153564453 385.1204528808594
v 45.76852035522461 63.15337371826172 362.4994201660156
v 46.16969299316406 66.44715118408203 282.5396728515625
v 46.98527145385742 68.72522735595703 286.88189697265625
v 45.7800178527832 65.80859375 360.15509033203125
v 46.139713287353516 70.00188446044922 377.51971435546875
v 46.34904098510742 72.49201202392578 373.8851623535156
v 45.851165771484375 72.52737426757812 371.91253662109375
v 47.00669479370117 -19.68741798400879 57.3254508972168
v 47.865638732910156 -19.396724700927734 43.56291198730469
v 47.27378463745117 -17.577131271362305 41.65715026855469
v 47.30549240112305 -12.962860107421875 59.96942901611328
v 47.26837921142578 -13.144576072692871 39.24636459350586
v 46.59867858886719 -10.666763305664062 39.60843276977539
v 46.57652282714844 -8.70944595336914 40.3195686340332
v 46.7002067565918 -7.067816734313965 41.38051986694336
v 46.31767272949219 11.86518383026123 497.67034912109375
v 46.327735900878906 11.692699432373047 448.84454345703125
v 46.06330490112305 12.639466285705566 493.4450988769531
v 45.958038330078125 12.429736137390137 520.417724609375
v 46.64102554321289 12.200060844421387 444.3312683105469
v 46.5595703125 13.1988525390625 491.5625915527344
v 46.16080093383789 12.806650161743164 506.5921936035156
v 47.14441680908203 15.268180847167969 519.3569946289062
v 46.147499084472656 15.91335391998291 506.26300048828125
v 46.39653778076172 16.04593276977539 518.7551879882812
v 46.12509536743164 17.37725257873535 428.9961242675781
v 46.12791442871094 16.807987213134766 503.7574768066406
v 46.10881042480469 17.274208068847656 444.7171630859375
v 46.68632888793945 16.998844146728516 451.5729064941406
v 46.48464584350586 16.82771110534668 501.81475830078125
v 46.53227996826172 19.071430206298828 426.8976135253906
v 46.61677551269531 17.482019424438477 442.7666015625
v 46.685272216796875 17.707317352294922 491.9437561035156
v 46.41101837158203 18.779129028320312 461.64337158203125
v 46.055782318115234 20.000171661376953 435.3506164550781
v 46.57187271118164 18.37970542907715 488.39678955078125
v 46.3198127746582 20.48287582397461 475.44427490234375
v 46.06733322143555 22.054550170898438 244.37315368652344
v 46.58426284790039 20.491296768188477 434.0021057128906
v 46.27019119262695 22.26250457763672 250.671875
v 47.138668060302734 22.58234405517578 400.76043701171875
v 45.92715835571289 23.163747787475586 244.59149169921875
v 46.26862716674805 22.265182495117188 255.73056030273438
v 46.50114059448242 24.02792739868164 248.69444274902344
v 46.88275146484375 23.28777313232422 266.3736877441406
v 46.89799499511719 21.270780563354492 428.2801208496094
v 46.205875396728516 21.867507934570312 429.24591064453125
v 46.647132873535156 24.019718170166016 557.969482421875
v 46.7912712097168 27.172752380371094 557.408935546875
v 46.07710647583008 26.4123477935791 245.52415466308594
v 46.08165740966797 29.160816192626953 552.58544921875
v 47.6629753112793 29.05440902709961 379.0695495605469
v 46.07205581665039 29.300891876220703 554.3486938476562
v 46.79008865356445 31.505958557128906 249.19967651367188
v 46.95427703857422 29.62822914123535 433.7685241699219
v 46.745574951171875 32.96134948730469 434.28173828125
v 46.95201873779297 33.42154312133789 549.3641357421875
v 46.51358413696289 32.96905517578125 443.6881103515625
v 46.25693130493164 34.37310791015625 439.0696716308594
v 47.40242004394531 35.21649932861328 448.5710754394531
v 47.087806701660156 35.733150482177734 442.9959716796875
v 47.796363830566406 37.08909225463867 444.5460510253906
v 47.589210510253906 37.19467544555664 446.6814880371094
v 47.88371276855469 38.87937545776367 289.8701171875
v 46.049339294433594 39.85518264770508 418.7037353515625
v 45.806732177734375 41.957881927490234 415.2569580078125
v 46.190711975097656 40.07646179199219 415.5267639160156
v 46.2021369934082 40.52440643310547 417.0810546875
v 45.90236282348633 41.85675048828125 417.1890869140625
v 46.45664978027344 43.75217819213867 406.1916198730469
v 46.19843292236328 44.11004638671875 415.4721374511719
v 45.98021697998047 43.41866683959961 417.65087890625
v 46.2738151550293 43.886131286621094 421.87213134765625
v 47.16752624511719 47.529293060302734 295.8433532714844
v 47.29474639892578 49.26732635498047 396.7592468261719
v 47.049285888671875 50.67224884033203 373.3801574707031
v 47.809303283691406 55.39429473876953 300.8784484863281
v 46.73583221435547 57.564945220947266 392.40789794921875
v 46.79964065551758 60.842247009277344 301.7462463378906
v 47.13300323486328 60.25000762939453 267.77923583984375
v 47.383323669433594 60.25288772583008 268.32928466796875
v 47.321556091308594 61.121891021728516 270.2627868652344
v 46.84580612182617 61.28548812866211 362.090576171875
v 46.341487884521484 68.39532470703125 296.0504150390625
v 46.69358444213867 68.57807159423828 380.8271179199219
v 46.20716094970703 68.2166976928711 358.9159851074219
v 46.06575393676758 70.28516387939453 360.0534973144531
v 46.56342697143555 73.24954223632812 363.65814208984375
v 46.10188293457031 72.84691619873047 369.5098571777344
v 47.19489288330078 11.564940452575684 451.7980041503906
v 46.86054229736328 12.021281242370605 456.2510986328125
v 46.74428939819336 13.051026344299316 500.185791015625
v 46.48651885986328 12.602437019348145 516.8955078125
v 46.5306510925293 13.790098190307617 461.1110534667969
v 46.62285614013672 12.618885040283203 512.05419921875
v 46.72736358642578 13.128859519958496 520.37451171875
v 46.7763786315918 13.804817199707031 521.2215576171875
v 46.639854431152344 14.247400283813477 488.31494140625
v 46.60515213012695 13.618847846984863 502.61224365234375
v 46.62031555175781 14.264474868774414 436.6054992675781
v 46.52446365356445 14.935349464416504 465.8594665527344
v 47.086483001708984 15.00682258605957 435.0120849609375
v 46.69508361816406 15.823628425598145 479.72833251953125
v 46.54170608520508 15.943807601928711 473.8855895996094
v 46.900596618652344 15.072806358337402 510.594970703125
v 46.59376907348633 16.1074275970459 515.15087890625
v 46.98257064819336 15.213190078735352 496.3151550292969
v 46.622215270996094 16.287071228027344 494.5332336425781
v 46.638912200927734 17.141599655151367 448.5364685058594
v 46.72957229614258 17.56006622314453 456.1298522949219
v 46.85821533203125 19.676599502563477 464.7355651855469
v 47.09562683105469 20.47756576538086 469.6813049316406
v 46.93083953857422 20.381113052368164 427.07415771484375
v 46.544715881347656 23.502281188964844 251.36703491210938
v 46.82237243652344 23.438180923461914 557.2988891601562
v 47.4202766418457 24.120914459228516 555.7315673828125
v 46.826416015625 24.863557815551758 554.581787109375
v 47.3225212097168 26.393659591674805 557.6490478515625
v 46.65415954589844 26.33196449279785 248.02212524414062
v 47.31955337524414 27.39669418334961 277.3912353515625
v 46.125606536865234 30.335710525512695 553.2368774414062
v 46.54765701293945 29.925735473632812 551.09765625
v 47.3396110534668 28.148025512695312 429.202392578125
v 46.831687927246094 31.364797592163086 553.383544921875
v 46.90306091308594 32.205162048339844 445.6542053222656
v 47.116580963134766 32.48257827758789 552.5833740234375
v 47.284244537353516 33.56595993041992 435.5520935058594
v 46.57892990112305 33.7071647644043 437.24237060546875
v 47.02619934082031 33.91476821899414 551.5584716796875
v 47.45743179321289 36.46149444580078 443.4348449707031
v 46.49755859375 37.95360565185547 436.1995849609375
v 47.14347457885742 39.0445442199707 416.5422058105469
v 48.540836334228516 40.95878219604492 253.1860809326172
v 46.68379592895508 43.424522399902344 400.6381530761719
v 46.77023696899414 42.54560470581055 401.4869689941406
v 46.98808288574219 45.326778411865234 411.42730712890625
v 46.477806091308594 44.72718048095703 419.8180236816406
v 46.97901153564453 45.49913024902344 416.4160461425781
v 47.65296936035156 48.414390563964844 255.7772979736328
v 47.29905319213867 52.358665466308594 372.18035888671875
v 47.62845230102539 52.96148681640625 395.1405029296875
v 48.16211700439453 56.63108825683594 262.9890441894531
v 47.05986022949219 55.90381622314453 368.18975830078125
v 46.97368240356445 58.30466079711914 364.5435791015625
v 47.11863708496094 63.03227615356445 359.1976623535156
v 46.66997146606445 65.61659240722656 302.1495666503906
v 47.8760986328125 66.80775451660156 281.1437683105469
v 46.602535247802734 67.5025634765625 301.048583984375
v 46.708221435546875 66.2633056640625 358.1705627441406
v 47.43638610839844 70.171142578125 293.9828796386719
v 46.327816009521484 69.28865814208984 356.3659362792969
v 46.02406692504883 69.29910278320312 355.02899169921875
v 46.334285736083984 71.63838958740234 356.83758544921875
v 46.13003158569336 73.00685119628906 356.441162109375
v 46.26885986328125 70.57689666748047 352.5011901855469
v 46.21665954589844 73.05333709716797 353.6833190917969
v 46.50004196166992 72.53502655029297 361.2776794433594
v 46.78985595703125 75.53434753417969 354.70880126953125
v 48.06896209716797 -21.680219650268555 48.66526794433594
v 47.36140441894531 -20.985624313354492 55.90928649902344
v 49.29389572143555 -17.56351661682129 57.98374557495117
v 49.79447555541992 -15.341079711914062 58.468955993652344
v 48.612613677978516 -4.597898960113525 50.84514236450195
v 46.80808639526367 13.158708572387695 493.9034729003906
v 47.126407623291016 12.906553268432617 497.6566162109375
v 47.090087890625 12.975335121154785 507.7745361328125
v 47.00819778442383 13.499835968017578 440.20208740234375
v 47.43527603149414 15.729460716247559 433.1659240722656
v 47.34408187866211 15.567672729492188 467.3982849121094
v 47.03063201904297 15.61117172241211 506.1396484375
v 47.19013595581055 17.238197326660156 430.1935729980469
v 47.05937576293945 16.529550552368164 475.9125671386719
v 47.08460998535156 16.46647071838379 504.1474304199219
v 48.17218780517578 18.870243072509766 396.1689758300781
v 47.170310974121094 18.37396240234375 439.9815673828125
v 46.956138610839844 19.045989990234375 481.26177978515625
v 47.09756088256836 20.04886245727539 474.7292175292969
v 47.4771728515625 20.386272430419922 432.9936218261719
v 47.116004943847656 24.041128158569336 254.18780517578125
v 48.29613494873047 23.526723861694336 380.6407775878906
v 49.40557098388672 28.35504913330078 403.0340270996094
v 46.80466079711914 25.973037719726562 249.63485717773438
v 48.336387634277344 26.278764724731445 273.9300537109375
v 47.172142028808594 28.50567626953125 403.5260925292969
v 47.54227066040039 27.400758743286133 430.4547424316406
v 48.36372375488281 31.22197914123535 281.95654296875
v 47.19380569458008 30.118261337280273 550.6920776367188
v 48.106849670410156 30.1072998046875 434.38873291015625
v 47.32512664794922 32.19004440307617 444.4125061035156
v 47.160335540771484 33.37803649902344 447.778564453125
v 47.78573226928711 33.5118522644043 250.91397094726562
v 47.097373962402344 33.92538833618164 284.7364196777344
v 47.18266296386719 34.9241828918457 440.8197326660156
v 47.139923095703125 35.776397705078125 440.85107421875
v 48.69955062866211 35.48066329956055 376.7976379394531
v 47.7895622253418 37.008819580078125 440.70916748046875
v 47.20451736450195 36.653995513916016 412.61199951171875
v 48.386932373046875 36.23007583618164 447.3255920410156
v 47.24757385253906 38.36648178100586 432.13421630859375
v 46.97892379760742 38.58943557739258 418.5555114746094
v 48.003170013427734 43.172386169433594 403.052734375
v 47.858253479003906 44.47185134887695 406.0126037597656
v 47.26995086669922 43.94995880126953 424.1219482421875
v 47.81510543823242 47.553382873535156 373.9764709472656
v 48.30340576171875 50.01694107055664 298.1372375488281
v 48.845157623291016 50.31846618652344 257.7431640625
v 48.0775260925293 58.74051284790039 265.4158935546875
v 48.673038482666016 60.68113327026367 269.5249938964844
v 47.3897705078125 63.12470626831055 303.7567138671875
v 47.01894760131836 66.19995880126953 354.1820983886719
v 47.02570343017578 66.36019897460938 355.9057922363281
v 46.881065368652344 69.56237030029297 299.6217346191406
v 47.0842399597168 67.57511138916016 351.6275329589844
v 47.3851318359375 69.34033203125 289.4896545410156
v 46.99314498901367 74.37379455566406 357.5431823730469
v 46.798423767089844 71.798828125 350.6072082519531
v 46.86753845214844 74.25250244140625 351.6447448730469
v 47.71406173706055 74.83329772949219 362.7091369628906
v 47.471641540527344 74.21587371826172 370.32000732421875
v 47.48860168457031 76.25053405761719 357.9264831542969
v 48.12948226928711 -21.924837112426758 52.51787567138672
v 48.438968658447266 -15.559261322021484 39.56714630126953
v 49.53163146972656 -8.64632797241211 56.487937927246094
v 48.642967224121094 -4.949052810668945 42.465911865234375
v 47.99764633178711 -4.318967342376709 46.38653564453125
v 47.72296142578125 12.021297454833984 447.14654541015625
v 48.014976501464844 12.621661186218262 444.14019775390625
v 47.20173645019531 13.609542846679688 495.71630859375
v 47.268585205078125 12.980892181396484 510.1256103515625
v 47.378257751464844 12.936498641967773 515.4723510742188
v 48.01368713378906 12.63735580444336 456.585693359375
v 47.300785064697266 14.060009956359863 501.6495666503906
v 47.30320739746094 13.793445587158203 505.0953063964844
v 47.809505462646484 14.393745422363281 437.391845703125
v 47.423282623291016 14.442781448364258 461.5318908691406
v 47.450435638427734 14.274300575256348 491.4549255371094
v 47.28714370727539 14.701155662536621 494.2623596191406
v 47.76948165893555 15.216432571411133 491.66973876953125
v 47.46751403808594 15.505904197692871 487.6468505859375
v 47.56684112548828 16.749834060668945 491.5210876464844
v 47.436832427978516 16.16796112060547 502.3580627441406
v 47.381675720214844 15.09670639038086 508.0289001464844
v 47.49617004394531 15.69641399383545 515.3580322265625
v 47.41783905029297 16.90806007385254 479.7901306152344
v 47.82744598388672 17.04303741455078 447.838134765625
v 47.53691101074219 16.85017204284668 450.2121887207031
v 47.863277435302734 16.737573623657227 453.1233825683594
v 47.788822174072266 17.209854125976562 442.6538391113281
v 47.710697174072266 17.29288673400879 457.1602478027344
v 47.568084716796875 16.895071029663086 488.39862060546875
v 47.30473327636719 18.362842559814453 482.0267333984375
v 47.48747253417969 18.191261291503906 461.91241455078125
v 47.441497802734375 20.670635223388672 430.90386962890625
v 48.3828239440918 25.038639068603516 257.9957275390625
v 48.80418014526367 24.435882568359375 264.6917724609375
v 48.912471771240234 24.701656341552734 267.87750244140625
v 47.61992645263672 26.500022888183594 252.26190185546875
v 48.62812042236328 27.03456687927246 275.4239807128906
v 47.68836212158203 27.64457130432129 552.0403442382812
v 48.437686920166016 26.526626586914062 432.0099792480469
v 48.2339973449707 27.342262268066406 433.2626953125
v 47.45795822143555 28.86278533935547 250.6675262451172
v 48.22425842285156 30.088281631469727 405.97308349609375
v 47.44801712036133 31.21285629272461 549.8464965820312
v 48.48955154418945 32.03670120239258 282.491455078125
v 48.108036041259766 33.16103744506836 284.0724792480469
v 48.09529113769531 33.58465576171875 423.9944152832031
v 47.84368896484375 33.2358283996582 442.9203186035156
v 47.52059555053711 33.921302795410156 440.0772705078125
v 48.32625961303711 32.224124908447266 550.7764282226562
v 48.270870208740234 34.42612075805664 410.6566467285156
v 47.78790283203125 37.81474304199219 438.6794738769531
v 47.49247741699219 37.9120979309082 436.5032958984375
v 47.91135025024414 39.72404861450195 430.2719421386719
v 48.99026870727539 41.32371139526367 375.1001281738281
v 48.32468795776367 41.798301696777344 427.96331787109375
v 50.15665817260742 45.440250396728516 399.3736572265625
v 48.23809814453125 46.220088958740234 411.0593566894531
v 48.34583282470703 45.85764694213867 421.34222412109375
v 47.87609100341797 45.53401184082031 254.4091339111328
v 47.6917839050293 53.5730094909668 370.5644226074219
v 48.4680290222168 58.35233688354492 303.1542053222656
v 48.63242721557617 59.455108642578125 361.51580810546875
v 49.84292984008789 64.84614562988281 276.0243835449219
v 48.647579193115234 66.49635314941406 386.11944580078125
v 48.16828918457031 63.692535400390625 357.1225280761719
v 47.0368766784668 69.23760223388672 304.2119140625
v 47.32879638671875 67.33415985107422 305.7356872558594
v 47.38138198852539 69.1651382446289 349.70440673828125
v 47.729976654052734 71.56875610351562 297.97650146484375
v 47.08613586425781 70.5672607421875 303.35931396484375
v 47.15593719482422 73.31407928466797 348.82275390625
v 48.45673370361328 74.74857330322266 372.2931823730469
v 47.511085510253906 76.25059509277344 350.10406494140625
v 47.083892822265625 73.5650634765625 347.2139892578125
v 47.364959716796875 76.46379852294922 348.3315124511719
v 47.46636199951172 76.56575775146484 352.73284912109375
v 49.51052474975586 -20.17173957824707 45.013587951660156
v 49.042293548583984 -11.179753303527832 38.16435241699219
v 48.72953796386719 -8.687911987304688 38.89322280883789
v 48.750831604003906 -6.533581256866455 40.256465911865234
v 48.64377975463867 -7.009840965270996 55.28215789794922
v 48.27415084838867 12.060989379882812 451.8970642089844
v 48.05631637573242 13.743355751037598 441.04486083984375
v 47.77069091796875 13.98965835571289 508.0085754394531
v 47.92469024658203 13.871658325195312 512.32080078125
v 47.91852569580078 13.668959617614746 516.1264038085938
v 47.641807556152344 14.896385192871094 501.4669494628906
v 47.551631927490234 14.08629035949707 510.0691833496094
v 47.86081314086914 14.73788833618164 503.8341064453125
v 47.55507278442383 14.640731811523438 506.0795593261719
v 47.98590087890625 14.62409782409668 516.6173095703125
v 47.80595016479492 14.845481872558594 513.2738647460938
v 48.02792739868164 15.725420951843262 463.63067626953125
v 47.821266174316406 15.605018615722656 503.8113708496094
v 48.150970458984375 16.61079978942871 469.51983642578125
v 47.605674743652344 17.646991729736328 476.79779052734375
v 49.27808380126953 18.38685417175293 393.33026123046875
v 48.1513557434082 18.4049129486084 438.3110656738281
v 48.1924934387207 16.888072967529297 458.1512145996094
v 47.6806640625 18.483610153198242 476.4729309082031
v 47.976165771484375 18.79378318786621 464.91009521484375
v 48.02587127685547 18.84397315979004 436.453369140625
v 48.08700942993164 19.63690948486328 469.4306335449219
v 47.89089584350586 19.738773345947266 430.21453857421875
v 48.1917839050293 18.614097595214844 430.9130859375
v 48.84407424926758 21.71464729309082 399.0793151855469
v 49.5345458984375 22.996652603149414 381.8608093261719
v 48.49481964111328 25.445642471313477 556.4171142578125
v 51.32342529296875 28.830856323242188 402.5902404785156
v 48.18577575683594 26.587886810302734 557.119873046875
v 48.33420181274414 26.715330123901367 553.0131225585938
v 49.67799758911133 26.478979110717773 380.518798828125
v 48.14101791381836 28.54671287536621 556.051025390625
v 49.42626953125 28.675458908081055 278.2027587890625
v 48.68036651611328 28.25887107849121 428.49505615234375
v 48.49411392211914 31.794376373291016 251.97183227539062
v 48.742340087890625 30.03268814086914 379.53082275390625
v 48.11033630371094 30.71328353881836 550.7721557617188
v 48.335689544677734 31.04400634765625 553.9332885742188
v 48.02988052368164 33.087284088134766 434.31292724609375
v 48.40334701538086 32.11723327636719 445.0630187988281
v 48.79706573486328 32.40534591674805 446.18255615234375
v 48.33253860473633 33.86863327026367 437.2247009277344
v 48.64500045776367 33.42624282836914 439.92425537109375
v 48.057777404785156 33.59307098388672 441.7257995605469
v 48.49897003173828 35.94451141357422 412.7922058105469
v 48.81792449951172 36.594154357910156 420.2535400390625
v 48.48517608642578 37.162925720214844 442.9219970703125
v 48.38004684448242 37.910430908203125 416.8757019042969
v 48.810821533203125 37.46174240112305 418.455810546875
v 47.95109939575195 37.998714447021484 434.0227355957031
v 48.166725158691406 41.55104446411133 291.9612121582031
v 48.483856201171875 44.072940826416016 424.68609619140625
v 48.49187088012695 42.683101654052734 401.2813720703125
v 50.50190353393555 49.01173400878906 298.4225769042969
v 48.25426483154297 46.7083854675293 416.8984069824219
v 48.6442985534668 57.72758483886719 393.6234130859375
v 48.54325485229492 61.56514358520508 390.9257507324219
v 47.96053695678711 65.5744857788086 307.03106689453125
v 48.36843490600586 64.20487976074219 353.14996337890625
v 48.365203857421875 69.34236145019531 381.99267578125
v 47.71137237548828 69.06857299804688 308.4525146484375
v 47.434932708740234 72.2735366821289 306.2765808105469
v 48.546531677246094 71.63107299804688 378.7337341308594
v 47.57573699951172 70.58676147460938 347.89453125
v 47.8603630065918 73.19715118408203 300.9903869628906
v 47.49327850341797 72.02922058105469 309.6133117675781
v 48.40380096435547 72.07831573486328 342.9869079589844
v 47.59136199951172 70.3067855834961 346.6468811035156
v 47.38513946533203 72.31134033203125 302.7720642089844
v 47.53391647338867 74.3532943725586 308.03314208984375
v 48.60015869140625 74.21733093261719 374.4512939453125
v 48.16437530517578 75.39994812011719 304.16558837890625
v 48.08744812011719 73.77408599853516 343.4460144042969
v 47.68045425415039 75.26848602294922 310.39984130859375
v 47.814945220947266 71.77487182617188 312.1947326660156
v 47.554481506347656 72.8576431274414 312.51934814453125
v 47.54682540893555 76.70809173583984 313.015869140625
v 47.577327728271484 73.900390625 314.35260009765625
v 49.49302291870117 76.54122161865234 363.9744567871094
v 47.52630615234375 73.45780944824219 315.5616455078125
v 47.51091766357422 76.7433090209961 317.4975891113281
v 47.825767517089844 74.05125427246094 318.8213806152344
v 47.44679641723633 77.24581146240234 313.5402526855469
v 47.49961853027344 76.33434295654297 319.4766845703125
v 48.57991027832031 76.99402618408203 358.7337951660156
v 47.99412536621094 76.01905059814453 344.3526611328125
v 48.17108154296875 78.93216705322266 349.7607421875
v 47.88340759277344 77.5767822265625 355.9339294433594
v 47.734771728515625 79.26473999023438 316.6923828125
v 47.48435592651367 78.51876068115234 318.83807373046875
v 47.65837860107422 78.39886474609375 326.0903015136719
v 47.7425537109375 80.32823944091797 328.87481689453125
v 47.76044845581055 76.82543182373047 328.9269104003906
v 47.70420837402344 80.66729736328125 323.734619140625
v 47.81270980834961 80.75601959228516 318.32275390625
v 48.7246208190918 -19.141042709350586 57.26637649536133
v 49.398460388183594 -17.729656219482422 41.03720474243164
v 49.74800109863281 -10.25511646270752 57.5455207824707
v 49.881996154785156 -5.1945013999938965 51.93423080444336
v 48.49995422363281 12.795374870300293 454.1105041503906
v 48.5770149230957 13.664034843444824 457.2962646484375
v 48.230587005615234 15.412569046020508 460.66424560546875
v 48.22023391723633 15.882612228393555 435.21038818359375
v 48.545562744140625 17.206119537353516 433.1650085449219
v 48.55910873413086 16.64040184020996 442.29339599609375
v 48.38084030151367 16.398380279541016 450.8470153808594
v 48.191261291503906 16.686084747314453 461.51922607421875
v 48.54107666015625 17.79200553894043 469.3525390625
v 48.48591232299805 18.682098388671875 469.5575256347656
v 48.45735549926758 19.03788185119629 433.2911376953125
v 49.740169525146484 20.746604919433594 383.93719482421875
v 49.15637969970703 26.662363052368164 554.3903198242188
v 48.83324432373047 26.570205688476562 256.1824035644531
v 49.037872314453125 28.365615844726562 254.4921875
v 49.65519714355469 27.25776481628418 434.4090270996094
v 48.81120681762695 28.548900604248047 551.7552490234375
v 48.963748931884766 29.887840270996094 253.3633270263672
v 51.13178634643555 34.139915466308594 377.1506042480469
v 48.685794830322266 31.976062774658203 426.7256164550781
v 48.4964714050293 31.702932357788086 552.0542602539062
v 49.026981353759766 32.799869537353516 443.36529541015625
v 49.020545959472656 32.94460678100586 446.7631530761719
v 49.17565155029297 32.12608337402344 408.2054138183594
v 49.5212516784668 34.26249694824219 447.0715026855469
v 49.837738037109375 37.133766174316406 376.1807556152344
v 48.73704528808594 36.996517181396484 445.1853942871094
v 48.85203552246094 37.51332473754883 438.2366638183594
v 48.651771545410156 37.333534240722656 436.4521789550781
v 48.680152893066406 38.70886993408203 252.5651397705078
v 48.877685546875 38.07415008544922 431.96356201171875
v 49.11420440673828 44.34004211425781 374.0801696777344
v 49.11476135253906 49.653968811035156 372.4924621582031
v 49.68227005004883 51.87919998168945 259.1527404785156
v 49.42897033691406 53.87455749511719 301.3091735839844
v 49.94696807861328 51.03968048095703 371.10382080078125
v 50.05014419555664 52.76128005981445 396.3795471191406
v 49.17996597290039 55.49692153930664 365.8744812011719
v 49.93196487426758 57.29880905151367 264.2669677734375
v 48.74819564819336 60.66891098022461 304.99249267578125
v 49.063236236572266 60.59123229980469 358.9638671875
v 49.09874725341797 65.74701690673828 310.1866455078125
v 48.86522674560547 63.19429397583008 355.48931884765625
v 48.22773742675781 65.94788360595703 350.6651306152344
v 49.3657341003418 68.98533630371094 283.8054504394531
v 48.73371124267578 67.57893371582031 347.31103515625
v 49.65965270996094 70.0169677734375 285.8950500488281
v 48.789833068847656 67.71583557128906 345.83673095703125
v 48.911041259765625 70.7547836303711 380.1859436035156
v 49.12073516845703 71.50751495361328 291.77471923828125
v 48.40919876098633 69.69193267822266 313.95477294921875
v 48.183753967285156 71.28001403808594 315.6152038574219
v 48.52640914916992 72.71980285644531 296.9190368652344
v 48.57197952270508 70.23487091064453 316.5132751464844
v 48.59505081176758 71.39466857910156 319.0693664550781
v 48.34404373168945 73.09284210205078 321.8487548828125
v 48.41554260253906 77.22746276855469 306.04095458984375
v 48.266761779785156 74.23712921142578 328.3624572753906
v 48.080631256103516 75.15081787109375 325.65948486328125
v 48.233299255371094 75.6843032836914 342.5871276855469
v 48.2359504699707 77.69774627685547 308.93841552734375
v 48.86781311035156 76.6926040649414 361.68450927734375
v 48.59745788574219 78.50196838378906 343.8849792480469
v 48.71635818481445 77.89970397949219 358.51495361328125
v 48.51279830932617 79.51367950439453 348.0933837890625
v 48.63031005859375 78.79966735839844 352.0001525878906
v 48.519134521484375 80.68461608886719 311.76995849609375
v 48.10600280761719 79.30440521240234 332.0191955566406
v 48.169734954833984 77.13953399658203 332.2452697753906
v 48.23650360107422 81.10359191894531 315.779052734375
v 48.61344909667969 83.08609771728516 317.1629333496094
v 48.64472198486328 82.29023742675781 332.5214538574219
v 48.210166931152344 82.99088287353516 322.7848205566406
v 48.43619918823242 83.42284393310547 329.12554931640625
v 49.284706115722656 -20.4816837310791 55.08021545410156
v 49.86476135253906 -13.811141967773438 38.27602767944336
v 49.99466323852539 -4.101004600524902 48.4620361328125
v 48.86658477783203 12.842467308044434 447.3955383300781
v 49.11094284057617 12.910449028015137 451.7652282714844
v 48.92577362060547 13.409509658813477 444.40966796875
v 48.74300765991211 14.136735916137695 442.4278564453125
v 48.69358444213867 15.194684982299805 437.7950744628906
v 48.93777084350586 15.034502983093262 457.1582336425781
v 48.74753189086914 17.14542579650879 435.76788330078125
v 49.168212890625 15.872241020202637 447.3899230957031
v 48.84141159057617 15.71166706085205 453.4532165527344
v 48.81810760498047 15.936784744262695 456.5274353027344
v 48.44215774536133 17.44246482849121 465.24749755859375
v 50.34960174560547 18.81522560119629 390.2349548339844
v 48.856605529785156 17.51116180419922 437.6739807128906
v 50.16657257080078 21.283702850341797 397.45635986328125
v 50.846275329589844 31.229774475097656 280.53204345703125
v 49.27341842651367 29.010377883911133 428.0785827636719
v 50.346439361572266 30.060678482055664 434.73553466796875
v 50.26773452758789 33.57337951660156 440.24993896484375
v 49.055152893066406 34.93101501464844 435.0553894042969
v 49.86196517944336 35.05255889892578 285.7311096191406
v 50.40050506591797 38.216819763183594 254.12710571289062
v 49.126651763916016 36.89096450805664 434.29443359375
v 49.81962966918945 44.188758850097656 424.55810546875
v 49.493282318115234 43.994319915771484 254.6717529296875
v 50.2608757019043 47.36687469482422 372.8566589355469
v 49.41065979003906 45.48972702026367 407.3334045410156
v 49.68101119995117 47.00721740722656 256.0316162109375
v 49.37901306152344 46.749900817871094 419.5498962402344
v 49.92156219482422 54.3346061706543 367.2291259765625
v 49.76713562011719 56.59636306762695 363.7073974609375
v 49.3519172668457 59.492271423339844 267.0765380859375
v 49.69194030761719 66.79766845703125 279.8298645019531
v 48.71246337890625 68.99987030029297 313.4599609375
v 49.68704605102539 70.28291320800781 287.04669189453125
v 49.089630126953125 70.09063720703125 342.4628601074219
v 48.65958786010742 72.44573211669922 341.6346435546875
v 48.82672119140625 74.92660522460938 299.6976623535156
v 48.00068664550781 75.46613311767578 341.8226623535156
v 48.941429138183594 71.0595474243164 340.4976501464844
v 48.4315299987793 73.98760986328125 338.674072265625
v 49.234535217285156 71.99332427978516 325.7653503417969
v 48.36061096191406 74.74510192871094 336.6589660644531
v 49.013126373291016 71.82508850097656 336.8268737792969
v 48.17472457885742 76.61637878417969 338.99432373046875
v 48.70919418334961 74.0079345703125 331.7698974609375
v 48.50545883178711 76.05902862548828 332.4268493652344
v 49.03513717651367 75.47348022460938 332.65655517578125
v 48.38313293457031 77.68873596191406 335.67926025390625
v 48.82159423828125 77.55565643310547 333.2513732910156
v 48.449745178222656 78.9525375366211 339.84234619140625
v 48.378360748291016 78.81319427490234 343.1932678222656
v 48.30509567260742 79.23471069335938 338.78741455078125
v 49.76043701171875 79.63339233398438 357.234130859375
v 48.40842819213867 79.63340759277344 333.2348327636719
v 49.13571548461914 80.94750213623047 344.1316223144531
v 49.130859375 80.91987609863281 333.8710021972656
v 48.693355560302734 81.21179962158203 333.6172180175781
v 49.33929443359375 83.56312561035156 314.8350830078125
v 48.959800720214844 85.0612564086914 323.414794921875
v 49.89414596557617 -21.2594051361084 50.752567291259766
v 50.859249114990234 -20.39760971069336 46.773433685302734
v 50.90668487548828 -18.389095306396484 41.5361328125
v 50.797061920166016 -13.958788871765137 57.887020111083984
v 51.223426818847656 -3.707963705062866 43.841148376464844
v 49.158042907714844 13.40421199798584 449.7041320800781
v 49.075199127197266 14.056257247924805 454.24127197265625
v 49.026302337646484 15.144776344299316 442.4498291015625
v 49.06752395629883 16.19521141052246 437.81182861328125
v 48.857749938964844 16.04264259338379 442.0544738769531
v 49.24237823486328 15.091225624084473 450.26055908203125
v 49.48480224609375 14.947733879089355 451.63800048828125
v 51.333587646484375 26.702659606933594 264.4563293457031
v 49.579227447509766 25.915813446044922 430.7254333496094
v 49.531951904296875 28.437252044677734 554.3734130859375
v 50.140743255615234 26.808666229248047 429.2272644042969
v 49.39675521850586 30.143054962158203 553.8025512695312
v 49.539676666259766 29.549697875976562 552.2564697265625
v 50.34619903564453 33.473445892333984 283.18536376953125
v 49.736942291259766 34.25505065917969 433.8592834472656
v 49.2862434387207 34.88020324707031 437.0909423828125
v 49.807064056396484 34.04310607910156 410.44854736328125
v 49.9427375793457 35.440696716308594 412.5816650390625
v 50.45832443237305 38.23811340332031 289.02960205078125
v 49.53209686279297 36.753578186035156 437.8447570800781
v 49.422325134277344 37.39943313598633 441.48858642578125
v 50.28156661987305 43.46495056152344 293.4827880859375
v 50.103023529052734 42.972904205322266 402.6949157714844
v 49.88218307495117 45.729732513427734 295.4864807128906
v 50.374656677246094 46.974342346191406 411.3034973144531
v 49.93242645263672 48.7003173828125 397.9753723144531
v 49.92816162109375 47.424476623535156 416.566162109375
v 50.24222946166992 50.5067138671875 397.44927978515625
v 50.052207946777344 52.63268280029297 369.49554443359375
v 50.80913162231445 55.78584671020508 303.8407287597656
v 50.80458068847656 58.94417953491211 267.2922668457031
v 49.898860931396484 61.85417556762695 356.7223205566406
v 50.00999450683594 64.63157653808594 311.0437927246094
v 49.6858024597168 64.04840087890625 350.358154296875
v 50.212059020996094 65.94943237304688 387.8721008300781
v 49.88021469116211 66.9796142578125 315.1586608886719
v 50.00471115112305 67.95883178710938 317.9989318847656
v 49.4526252746582 70.88197326660156 322.8951721191406
v 49.245948791503906 71.76925659179688 328.69976806640625
v 49.02389144897461 71.76498413085938 338.4533386230469
v 49.61697769165039 78.53296661376953 303.7504577636719
v 48.90412139892578 79.38426208496094 333.6641540527344
v 49.57096481323242 80.23394775390625 307.4027404785156
v 49.897281646728516 80.15576171875 354.559814453125
v 49.33909606933594 80.65176391601562 344.96246337890625
v 49.986080169677734 80.85509490966797 352.5121765136719
v 49.62934494018555 82.55284881591797 340.6560974121094
v 49.17945098876953 82.10901641845703 337.3836364746094
v 49.50407028198242 82.24885559082031 334.50933837890625
v 49.51752853393555 82.71511840820312 339.9353942871094
v 49.306358337402344 83.34151458740234 334.148681640625
v 49.39622116088867 85.28337097167969 330.74066162109375
v 50.48808670043945 -20.409866333007812 53.52718734741211
v 50.510406494140625 -12.008715629577637 57.79100799560547
v 49.67204284667969 -8.458587646484375 38.66413879394531
v 50.05912780761719 -11.523619651794434 37.90507888793945
v 49.77061080932617 -6.750167369842529 39.633663177490234
v 50.972835540771484 -3.591564178466797 45.84322738647461
v 49.45428466796875 14.168872833251953 447.1701965332031
v 50.449363708496094 19.635969161987305 386.8592224121094
v 52.555946350097656 27.9457950592041 401.4374084472656
v 50.769840240478516 26.064512252807617 266.40625
v 51.644126892089844 28.055368423461914 261.06292724609375
v 51.34047317504883 27.250205993652344 271.5292663574219
v 51.13178634643555 27.655635833740234 273.5921630859375
v 50.00410461425781 30.74017333984375 406.5378723144531
v 50.01760482788086 30.455089569091797 427.8184814453125
v 50.153751373291016 32.72784423828125 427.1846008300781
v 51.023746490478516 31.93723487854004 280.89117431640625
v 51.49198532104492 32.92060852050781 282.1230163574219
v 50.30647659301758 32.000640869140625 433.9073181152344
v 50.330692291259766 33.26215744018555 444.6970520019531
v 49.8099250793457 33.397579193115234 441.68792724609375
v 51.6336555480957 34.76679992675781 255.654296875
v 49.24085235595703 35.93012619018555 436.18438720703125
v 49.90629196166992 35.97746658325195 437.791748046875
v 51.29976272583008 36.455570220947266 255.0545196533203
v 50.41171646118164 37.1877326965332 417.0100402832031
v 49.710838317871094 36.68452453613281 445.2169189453125
v 49.90293884277344 38.0232048034668 431.004638671875
v 50.309513092041016 37.15848159790039 441.1402587890625
v 49.75912857055664 39.46209716796875 429.65142822265625
v 50.127655029296875 42.439083099365234 426.7632751464844
v 51.764102935791016 42.535526275634766 292.6315612792969
v 50.42721939086914 42.37771224975586 401.25836181640625
v 51.122379302978516 45.012813568115234 406.1964111328125
v 50.2254638671875 45.74464416503906 422.38641357421875
v 51.036075592041016 52.7357177734375 301.53533935546875
v 50.63200759887695 56.656227111816406 395.0119323730469
v 50.53799819946289 55.557281494140625 262.83392333984375
v 50.62668991088867 65.0380859375 346.7205810546875
v 50.17790985107422 65.74991607666016 345.53192138671875
v 50.348793029785156 66.32587432861328 314.6158447265625
v 50.00990295410156 68.18941497802734 342.34698486328125
v 50.6920280456543 70.66429901123047 382.2013244628906
v 50.04420852661133 69.19966888427734 340.8582763671875
v 50.507720947265625 68.7442398071289 337.89361572265625
v 49.867313385009766 71.1885757446289 331.48394775390625
v 50.08462905883789 70.16886138916016 335.0910949707031
v 49.7623176574707 72.8675765991211 332.2171325683594
v 49.928531646728516 74.83245849609375 296.78759765625
v 50.507774353027344 74.84033966064453 375.29974365234375
v 49.914276123046875 78.30711364746094 359.2689208984375
v 50.099857330322266 79.11305236816406 359.22796630859375
v 49.96108627319336 82.9276351928711 310.4127197265625
v 50.53334426879883 82.61221313476562 346.22430419921875
v 49.88496780395508 81.52348327636719 350.2859191894531
v 50.26362991333008 82.90130615234375 345.0012512207031
v 50.10745620727539 86.17086029052734 317.7898254394531
v 50.41441345214844 87.466552734375 329.0157775878906
v 50.8719367980957 -18.988656997680664 55.45228576660156
v 51.198429107666016 -17.64383888244629 56.31614685058594
v 50.88212585449219 -16.16529655456543 39.210289001464844
v 50.24129867553711 -5.4619340896606445 40.68714904785156
v 51.852779388427734 -6.256142616271973 52.67970275878906
v 53.86049270629883 27.791471481323242 400.44122314453125
v 51.34971618652344 25.005718231201172 433.6931457519531
v 51.08055114746094 27.568382263183594 435.3786926269531
v 50.71541213989258 28.792173385620117 380.6083068847656
v 52.32663345336914 27.63463020324707 428.8399658203125
v 52.10042190551758 32.919395446777344 256.96356201171875
v 51.61360549926758 32.57817840576172 407.6850891113281
v 50.73172378540039 34.981082916259766 423.7830505371094
v 51.143062591552734 34.57033157348633 440.208740234375
v 50.739444732666016 36.64198684692383 420.8249206542969
v 50.64045715332031 35.10686111450195 445.60205078125
v 50.43901443481445 35.828556060791016 432.86639404296875
v 50.93783950805664 37.15546417236328 419.1151428222656
v 50.92637252807617 36.582035064697266 440.46160888671875
v 50.85092544555664 42.05031204223633 255.07728576660156
v 51.13492202758789 48.91643142700195 372.0040283203125
v 50.73554992675781 58.353763580322266 305.8781433105469
v 50.498207092285156 57.99146270751953 361.60504150390625
v 50.31559371948242 59.86598205566406 393.1116638183594
v 51.33213424682617 58.555641174316406 266.6054992675781
v 52.22865295410156 59.14790344238281 268.5664978027344
v 50.994041442871094 62.78831100463867 391.258056640625
v 51.776912689208984 61.215980529785156 271.0423278808594
v 51.13808822631836 63.42564392089844 311.79144287109375
v 50.519222259521484 61.663612365722656 354.8930969238281
v 50.81364440917969 61.98848342895508 352.3540954589844
v 52.54129409790039 64.1317138671875 274.9391784667969
v 51.61195373535156 66.4625015258789 278.59027099609375
v 51.38701248168945 66.2742691040039 342.1187744140625
v 50.6369743347168 66.99895477294922 317.4396667480469
v 50.75629425048828 67.78150177001953 339.9556579589844
v 50.99248504638672 68.76546478271484 323.58984375
v 50.78549575805664 69.27239227294922 326.9096374511719
v 50.74329376220703 72.08136749267578 289.9587707519531
v 51.26960754394531 71.65510559082031 380.7957458496094
v 50.77427291870117 72.57227325439453 379.2847595214844
v 50.80013656616211 74.78184509277344 294.8582458496094
v 49.911720275878906 76.42739868164062 298.9476318359375
v 51.18891143798828 76.95771789550781 368.0979309082031
v 51.27166748046875 78.51717376708984 362.5929260253906
v 50.98460388183594 82.14751434326172 306.70318603515625
v 50.55515670776367 84.70720672607422 335.2998046875
v 50.464019775390625 84.68924713134766 337.6276550292969
v 50.6530876159668 85.61436462402344 314.6172180175781
v 50.605342864990234 85.74735260009766 335.0226135253906
v 50.20363235473633 87.27410888671875 323.9895935058594
v 51.41796875 -19.123533248901367 42.82772445678711
v 51.291202545166016 -16.081220626831055 57.073001861572266
v 51.64122772216797 -14.957771301269531 38.3687744140625
v 51.43133544921875 -3.9752819538116455 42.3969841003418
v 51.26362228393555 21.057056427001953 395.5924987792969
v 51.60025405883789 23.5046329498291 383.7578125
v 51.594783782958984 24.729902267456055 431.9345397949219
v 51.52085494995117 25.76841926574707 434.882568359375
v 51.95408248901367 29.331579208374023 276.665771484375
v 51.89530944824219 26.55853843688965 429.1759033203125
v 51.994380950927734 30.729995727539062 258.208251953125
v 50.86123275756836 34.11796569824219 441.9698486328125
v 50.87081527709961 35.99742126464844 444.02105712890625
v 51.8607292175293 37.39459228515625 287.6630554199219
v 51.34773254394531 35.91181564331055 431.37109375
v 51.40990447998047 43.24501419067383 373.7510986328125
v 51.348243713378906 44.67119216918945 256.1644287109375
v 51.37582778930664 46.54901123046875 409.8403015136719
v 52.27052307128906 48.11907196044922 398.555419921875
v 51.09726333618164 46.95354080200195 419.4457702636719
v 51.90650177001953 53.89821243286133 366.5225830078125
v 50.87715148925781 59.586265563964844 358.3630065917969
v 51.852386474609375 63.18156814575195 348.2414245605469
v 51.81008529663086 64.04035949707031 345.5158386230469
v 51.26510238647461 67.90444946289062 386.2572326660156
v 51.23353958129883 67.19495391845703 320.01654052734375
v 50.90474319458008 69.43633270263672 331.01324462890625
v 51.09676742553711 69.12796020507812 325.83587646484375
v 50.931365966796875 75.80230712890625 372.9928283691406
v 51.34270477294922 77.49345397949219 365.18927001953125
v 51.217498779296875 80.5943374633789 303.0971984863281
v 51.189422607421875 79.25411224365234 359.7084655761719
v 51.17469024658203 82.73217010498047 351.3661804199219
v 50.958229064941406 84.58502960205078 310.6131591796875
v 50.89413833618164 84.97252655029297 340.397705078125
v 51.33256912231445 88.00444793701172 331.9664001464844
v 51.42173385620117 88.46244812011719 320.38946533203125
v 52.09400939941406 -19.83441925048828 45.009765625
v 52.175262451171875 -10.759634971618652 36.53236389160156
v 52.4432373046875 -8.696826934814453 36.52730941772461
v 52.33235549926758 -9.595368385314941 55.18560028076172
v 52.502559661865234 -7.927061557769775 53.92569351196289
v 51.24713897705078 -4.574896812438965 49.778404235839844
v 52.150901794433594 21.097326278686523 393.5432434082031
v 51.68614959716797 21.96258544921875 385.4631652832031
v 52.635684967041016 27.646068572998047 382.3106994628906
v 51.0112419128418 30.97397232055664 428.3946228027344
v 53.399539947509766 32.211822509765625 378.5908508300781
v 51.81100082397461 30.837533950805664 434.3244323730469
v 51.5352783203125 31.13793182373047 406.0669250488281
v 51.14768981933594 33.9035530090332 428.0066833496094
v 51.45689392089844 33.953407287597656 409.6951904296875
v 51.18129348754883 32.407859802246094 432.9284362792969
v 51.0980224609375 34.68782424926758 443.6595153808594
v 52.39923095703125 35.10096740722656 284.5392150878906
v 51.959564208984375 35.39630889892578 412.11865234375
v 51.897193908691406 37.192020416259766 417.11566162109375
v 51.198814392089844 37.10651397705078 429.5531311035156
v 51.21159362792969 38.47019577026367 428.77069091796875
v 51.67118453979492 41.25917053222656 426.6819763183594
v 51.79187774658203 42.42732620239258 402.8793640136719
v 52.014217376708984 41.63016891479492 401.2755432128906
v 51.87320327758789 44.87631607055664 423.00592041015625
v 51.51890182495117 47.43825149536133 257.5735168457031
v 52.74747085571289 48.33553695678711 298.44366455078125
v 52.21425247192383 46.286895751953125 420.7023620605469
v 51.316871643066406 47.49456024169922 416.6904602050781
v 52.00691604614258 50.015872955322266 259.2337341308594
v 53.08715057373047 51.441741943359375 301.3851013183594
v 52.424381256103516 57.18049240112305 361.4210510253906
v 51.720462799072266 60.73154067993164 356.2884826660156
v 52.486690521240234 68.83407592773438 281.74554443359375
v 51.75593948364258 67.66575622558594 335.1647644042969
v 53.044071197509766 70.66424560546875 284.921630859375
v 51.13505172729492 70.00846862792969 332.10302734375
v 51.33407974243164 77.65946960449219 297.927001953125
v 51.998313903808594 84.13079833984375 347.56878662109375
v 51.81049728393555 85.5813980102539 341.9958190917969
v 51.90069580078125 -20.137195587158203 48.32453536987305
v 52.8739128112793 -19.431838989257812 50.03428649902344
v 52.212093353271484 -4.54310417175293 39.98123550415039
v 52.386356353759766 -4.972225189208984 50.30442810058594
v 52.78486251831055 24.94105339050293 430.674072265625
v 52.3486328125 28.66990089416504 435.79180908203125
v 52.11604690551758 36.3011589050293 424.2055969238281
v 51.839752197265625 35.75947189331055 426.3110656738281
v 51.251548767089844 35.5869140625 440.4254455566406
v 52.618865966796875 36.25603485107422 376.4425354003906
v 52.35123825073242 37.440670013427734 421.8106994628906
v 52.307861328125 39.9377555847168 255.98226928710938
v 52.34537887573242 40.88309860229492 374.5899658203125
v 52.305999755859375 42.841102600097656 424.45050048828125
v 52.11191940307617 52.03200149536133 369.11712646484375
v 53.157344818115234 53.580047607421875 262.6857604980469
v 52.00070571899414 56.4000244140625 264.3694152832031
v 53.017356872558594 56.46448516845703 306.2730407714844
v 52.51460647583008 60.235633850097656 393.5244445800781
v 53.004486083984375 57.258575439453125 395.2627868652344
v 52.42118835449219 62.368900299072266 312.4046630859375
v 52.63701629638672 63.94581985473633 315.4643859863281
v 53.222896575927734 67.76966857910156 387.2158203125
v 52.061737060546875 64.59015655517578 316.1460266113281
v 51.860774993896484 65.80987548828125 318.373779296875
v 52.70598220825195 66.05490112304688 338.202880859375
v 52.21581268310547 66.24482727050781 340.5526123046875
v 52.3828125 67.50480651855469 329.8528747558594
v 52.618621826171875 70.21134948730469 284.00958251953125
v 52.483253479003906 75.58673095703125 293.5608825683594
v 52.25212478637695 76.97099304199219 295.8160705566406
v 52.63435363769531 80.78024291992188 359.7298889160156
v 51.95051574707031 81.88589477539062 354.8481750488281
v 51.695674896240234 86.42120361328125 335.85516357421875
v 51.910457611083984 87.43800354003906 335.5749816894531
v 52.62151336669922 90.11759948730469 324.2039489746094
v 51.77503204345703 89.15645599365234 329.0121154785156
v 53.21004104614258 -19.746780395507812 47.22511291503906
v 56.188087463378906 -17.873729705810547 41.833526611328125
v 52.78020095825195 -12.766684532165527 36.60069274902344
v 53.469966888427734 -11.721504211425781 54.94697952270508
v 52.58281326293945 -7.449848651885986 36.91175842285156
v 52.47101593017578 21.446971893310547 388.32623291015625
v 52.44175720214844 28.37108039855957 262.54949951171875
v 53.38761901855469 28.548301696777344 268.00811767578125
v 52.84297561645508 28.484302520751953 271.5199279785156
v 54.14024353027344 27.548213958740234 429.2872009277344
v 51.797645568847656 31.948637008666992 429.7151184082031
v 52.45640563964844 33.58311080932617 281.86102294921875
v 51.53709030151367 35.83145523071289 428.9083557128906
v 51.83600616455078 32.478641510009766 431.50201416015625
v 52.9641227722168 36.4251708984375 414.48468017578125
v 52.77251434326172 37.796478271484375 420.1567687988281
v 53.048118591308594 43.15282440185547 257.1167297363281
v 53.13459014892578 43.83944320678711 405.6492004394531
v 52.65190887451172 44.27469253540039 399.7405700683594
v 52.95234298706055 48.16651153564453 372.0063781738281
v 52.67256164550781 46.875091552734375 411.8978576660156
v 52.46379089355469 47.239437103271484 414.3028564453125
v 53.126609802246094 46.97195053100586 417.6904602050781
v 53.344913482666016 50.16227722167969 370.6076965332031
v 52.677982330322266 55.93473815917969 362.9595642089844
v 53.134788513183594 58.361026763916016 358.58905029296875
v 52.278568267822266 60.52716064453125 354.4617919921875
v 52.90391540527344 63.08430862426758 346.41357421875
v 52.95896911621094 64.61013793945312 342.4152526855469
v 53.15589904785156 65.85292053222656 336.4605712890625
v 52.38445281982422 68.32872772216797 331.7949523925781
v 52.01072692871094 72.35555267333984 288.9521789550781
v 52.679466247558594 75.41276550292969 375.5866394042969
v 52.91092300415039 76.22879028320312 373.4925537109375
v 52.623291015625 79.94837188720703 360.26141357421875
v 52.510780334472656 81.37580871582031 357.85101318359375
v 52.62523651123047 87.59625244140625 336.3076477050781
v 53.145042419433594 87.38738250732422 340.9325256347656
v 53.1337776184082 87.82793426513672 313.4204406738281
v 52.401248931884766 88.40974426269531 316.2920227050781
v 53.60415267944336 -18.323955535888672 51.421142578125
v 54.02568817138672 -17.073379516601562 52.60865020751953
v 53.70639419555664 -16.563405990600586 39.31718063354492
v 52.754878997802734 -5.945655822753906 37.87818145751953
v 54.61307907104492 -3.095118284225464 44.92466354370117
v 52.68006134033203 21.299137115478516 391.173095703125
v 53.849998474121094 24.212812423706055 432.6838684082031
v 53.42681121826172 26.781513214111328 436.0089416503906
v 53.894195556640625 29.705583572387695 264.75836181640625
v 52.862483978271484 29.59286117553711 402.1540222167969
v 53.95018005371094 29.657087326049805 435.443359375
v 53.15270233154297 31.548673629760742 404.6860046386719
v 52.90446090698242 31.32464027404785 432.82574462890625
v 53.264434814453125 37.63682174682617 257.0477294921875
v 52.832489013671875 38.01516342163086 425.0738830566406
v 52.06877517700195 37.26914978027344 427.2097473144531
v 52.632755279541016 39.61363220214844 426.0247802734375
v 54.180931091308594 42.035770416259766 291.5507507324219
v 53.21244430541992 43.21017074584961 423.4011535644531
v 53.425376892089844 45.92283630371094 258.4122009277344
v 53.38762664794922 45.960540771484375 409.78460693359375
v 53.36125564575195 51.298583984375 397.5132141113281
v 53.62709426879883 53.650753021240234 303.769775390625
v 52.95521926879883 59.46040725708008 309.81951904296875
v 53.167510986328125 57.41828536987305 266.8325500488281
v 53.062255859375 60.82130813598633 351.9389953613281
v 53.29261779785156 66.6162109375 324.23431396484375
v 53.36812210083008 66.7646255493164 325.7493896484375
v 53.57997512817383 71.21495056152344 382.6445007324219
v 53.84400177001953 73.11575317382812 379.75469970703125
v 53.282684326171875 77.57441711425781 368.491455078125
v 52.965423583984375 78.653564453125 296.9618225097656
v 53.03174591064453 84.0361557006836 305.99041748046875
v 53.1954231262207 85.96106719970703 308.734619140625
v 52.91363525390625 86.86206817626953 311.2134704589844
v 54.30171203613281 -15.377824783325195 53.560302734375
v 53.075843811035156 -14.991549491882324 37.79836654663086
v 54.160850524902344 -13.148392677307129 54.37253952026367
v 54.22109603881836 -6.734792709350586 51.66716766357422
v 53.603878021240234 29.25151824951172 429.4291687011719
v 53.14734649658203 31.2624454498291 259.6951599121094
v 53.59507751464844 30.48736572265625 430.3087463378906
v 53.90324020385742 32.22051239013672 278.3778381347656
v 53.34206008911133 31.20362663269043 431.6789855957031
v 53.00888442993164 34.416202545166016 257.5184020996094
v 53.57616424560547 34.762916564941406 408.3190612792969
v 53.60257339477539 35.05801773071289 409.74896240234375
v 53.48310089111328 37.7803840637207 417.2934875488281
v 54.41447067260742 46.36172866821289 296.6272888183594
v 53.807701110839844 53.67446517944336 366.2595520019531
v 53.514835357666016 63.01443862915039 391.6943664550781
v 53.56723403930664 61.674156188964844 349.22442626953125
v 53.908775329589844 65.7681884765625 277.5777282714844
v 53.616825103759766 65.20612335205078 320.8601989746094
v 53.38447570800781 65.06379699707031 339.7209167480469
v 53.2784538269043 66.89485931396484 330.99688720703125
v 53.92792510986328 66.70989227294922 331.8432922363281
v 54.85215377807617 72.45604705810547 287.1884765625
v 53.47641372680664 77.99287414550781 366.4169921875
v 53.673179626464844 82.30705261230469 301.8701477050781
v 53.46636962890625 82.79633331298828 355.2566223144531
v 53.14139938354492 84.07686614990234 352.09039306640625
v 53.817413330078125 85.31480407714844 348.8825378417969
v 52.92137908935547 85.5961685180664 346.3515319824219
v 54.23139190673828 87.70803833007812 342.3943786621094
v 53.3862419128418 90.2332534790039 320.0618591308594
v 53.32723617553711 90.63935089111328 328.4950866699219
v 54.800697326660156 -18.701868057250977 48.54998779296875
v 54.96874237060547 -17.443992614746094 40.50724411010742
v 53.96778106689453 -9.965583801269531 34.632896423339844
v 55.50025177001953 -8.808577537536621 52.284507751464844
v 54.13044738769531 -4.2254815101623535 38.8858528137207
v 56.453651428222656 -3.4917330741882324 46.12919998168945
v 54.4244499206543 -2.9894189834594727 42.86054229736328
v 55.116207122802734 27.177196502685547 398.6407775878906
v 54.208717346191406 26.792295455932617 384.4208984375
v 54.07807540893555 29.734514236450195 273.0976257324219
v 54.05970764160156 30.726232528686523 262.9483947753906
v 53.75203323364258 33.4221076965332 405.78924560546875
v 54.223167419433594 33.41497802734375 279.9624328613281
v 54.16627883911133 33.55645751953125 378.01080322265625
v 54.1820068359375 36.22462844848633 411.12689208984375
v 54.313846588134766 37.74471664428711 286.7408447265625
v 53.25077819824219 38.7933464050293 422.5673522949219
v 53.38832473754883 40.118900299072266 423.6878662109375
v 53.29969787597656 41.299373626708984 403.2306823730469
v 53.69969177246094 39.90320587158203 401.2796936035156
v 54.076576232910156 42.807395935058594 373.7383117675781
v 53.89569854736328 44.87332534790039 421.01416015625
v 54.74355697631836 48.448829650878906 398.3308410644531
v 53.969635009765625 46.65480422973633 415.2953186035156
v 54.35783386230469 51.163002014160156 369.3922119140625
v 53.85163879394531 55.1758918762207 264.4965515136719
v 54.467124938964844 56.4260368347168 266.3205871582031
v 54.22084045410156 59.60512924194336 356.3966979980469
v 54.33959197998047 59.81499099731445 270.5796203613281
v 54.62369155883789 63.096675872802734 343.4037780761719
v 54.1351318359375 64.06230926513672 318.9031982421875
v 54.166526794433594 72.09640502929688 381.0852966308594
v 54.150211334228516 79.57921600341797 363.3195495605469
v 54.634681701660156 89.86202239990234 336.5970764160156
v 53.59247970581055 90.11384582519531 332.6424865722656
v 55.56070327758789 -5.456238269805908 34.95816421508789
v 55.36674499511719 26.148235321044922 386.8499450683594
v 54.61360168457031 24.394826889038086 434.1167297363281
v 55.72904586791992 25.791841506958008 430.2051696777344
v 54.31031799316406 29.683740615844727 269.21624755859375
v 55.15092086791992 30.475629806518555 434.4300842285156
v 54.84918975830078 31.944704055786133 276.7080383300781
v 54.18418502807617 31.000154495239258 401.853515625
v 54.04876708984375 35.560848236083984 258.6221008300781
v 54.581031799316406 35.1875114440918 282.66046142578125
v 54.64414596557617 37.21194839477539 413.74395751953125
v 54.8798828125 40.31302261352539 289.34649658203125
v 54.40958786010742 41.38551330566406 258.1954345703125
v 54.83478927612305 43.04960632324219 399.6441345214844
v 54.447322845458984 45.698368072509766 418.76531982421875
v 54.26832580566406 48.84422302246094 260.4651794433594
v 55.07023620605469 51.7183723449707 368.9323425292969
v 54.97364044189453 59.426292419433594 354.80291748046875
v 54.351715087890625 61.14916229248047 312.96148681640625
v 54.774898529052734 61.934326171875 347.07586669921875
v 54.945274353027344 63.470741271972656 274.74542236328125
v 54.767112731933594 62.25287628173828 345.3011169433594
v 54.877445220947266 62.60092544555664 316.72259521484375
v 55.22574996948242 63.977394104003906 340.28265380859375
v 54.22529983520508 66.96491241455078 388.1640625
v 54.71434783935547 65.62149810791016 330.0826110839844
v 54.37770462036133 76.15245819091797 292.53594970703125
v 54.55921936035156 78.11288452148438 294.8419494628906
v 54.38209915161133 89.14523315429688 337.075439453125
v 54.984901428222656 90.25263214111328 315.74053955078125
v 54.98134231567383 -18.867341995239258 46.5311393737793
v 55.165496826171875 -17.815696716308594 50.15693664550781
v 54.52766799926758 -15.221166610717773 36.993629455566406
v 55.172828674316406 -13.340778350830078 34.54301071166992
v 55.096923828125 -10.720634460449219 53.411224365234375
v 54.6424446105957 -7.740333080291748 34.31983947753906
v 55.13618850708008 -3.1006431579589844 41.05879592895508
v 56.65456771850586 26.4123592376709 394.143798828125
v 55.585418701171875 26.12238311767578 396.3955383300781
v 54.36338806152344 25.58022117614746 435.58575439453125
v 55.32822036743164 30.66354751586914 270.158203125
v 54.300811767578125 33.793121337890625 259.9779968261719
v 54.48289489746094 34.01729202270508 280.1175537109375
v 54.52742004394531 38.63645553588867 417.63543701171875
v 55.61461639404297 39.02666473388672 259.84234619140625
v 54.47411346435547 39.994110107421875 404.0939025878906
v 54.86840057373047 41.60536575317383 405.6013488769531
v 54.82935333251953 41.89246368408203 421.221435546875
v 54.783851623535156 44.83909225463867 409.719970703125
v 54.53855895996094 43.30247497558594 406.92730712890625
v 55.235660552978516 44.6248893737793 259.8042907714844
v 54.75813674926758 45.93724822998047 412.83203125
v 55.157222747802734 55.255889892578125 306.2945251464844
v 55.052520751953125 56.525394439697266 361.6841735839844
v 55.43144607543945 56.86611557006836 268.274658203125
v 54.882869720458984 58.38059616088867 310.25640869140625
v 54.889739990234375 60.95977020263672 393.2230529785156
v 55.38123321533203 60.936092376708984 349.3564453125
v 55.3890380859375 62.95943832397461 342.34661865234375
v 55.82081604003906 65.2174072265625 325.7718811035156
v 55.37864685058594 69.6837158203125 282.6470947265625
v 55.07093811035156 75.77102661132812 375.2998352050781
v 54.829498291015625 80.51129150390625 297.6810302734375
v 54.67261505126953 80.59403991699219 360.7011413574219
v 54.43547821044922 81.25596618652344 360.3210144042969
v 55.011661529541016 82.6634521484375 357.2549133300781
v 54.20631790161133 86.57098388671875 346.4439697265625
v 54.62799072265625 91.68275451660156 324.6419677734375
v 54.682823181152344 91.47058868408203 330.0352478027344
v 54.716365814208984 -11.585895538330078 34.10865783691406
v 57.20319747924805 -5.141696929931641 48.68408966064453
v 55.58754348754883 24.857725143432617 431.02447509765625
v 56.27339553833008 27.96323013305664 436.25653076171875
v 56.19200897216797 32.14616775512695 379.8297119140625
v 55.51444625854492 30.535066604614258 431.6868896484375
v 55.05702590942383 32.87544631958008 262.2090148925781
v 55.19275665283203 32.84922790527344 277.01593017578125
v 54.71665954589844 34.44209289550781 404.1654357910156
v 54.7369499206543 36.214630126953125 406.8001708984375
v 55.13445281982422 36.543582916259766 408.2372741699219
v 54.33168411254883 38.85688400268555 401.5141906738281
v 55.241695404052734 40.1683464050293 419.15826416015625
v 55.244747161865234 43.549034118652344 419.923828125
v 55.23292922973633 48.05158233642578 372.0182189941406
v 55.28146743774414 45.32853698730469 416.8055114746094
v 55.433082580566406 47.5780143737793 297.7004089355469
v 55.733612060546875 50.00572204589844 370.65863037109375
v 55.52332305908203 51.32278060913086 263.2015075683594
v 55.54214859008789 52.4467887878418 303.1890869140625
v 55.83302688598633 53.294437408447266 264.72711181640625
v 56.59567642211914 58.17841720581055 270.5077819824219
v 55.50821304321289 57.95929718017578 358.5970153808594
v 55.11821365356445 60.06732940673828 352.1933288574219
v 56.38959503173828 61.69034194946289 316.0411071777344
v 55.63969039916992 64.8736572265625 276.91607666015625
v 55.35401153564453 64.1593017578125 338.10455322265625
v 55.05459976196289 64.38675689697266 336.7926025390625
v 55.73332595825195 77.78509521484375 368.8448791503906
v 55.024478912353516 78.33738708496094 366.4248962402344
v 55.26316833496094 85.61489868164062 305.77850341796875
v 54.90296173095703 84.94029998779297 352.4465026855469
v 55.38344192504883 87.82725524902344 309.3099365234375
v 55.32027816772461 91.39957427978516 319.3611145019531
v 56.42989730834961 -16.96629524230957 38.53497314453125
v 56.6628303527832 -15.536006927490234 50.80254364013672
v 56.73749923706055 -13.77112102508545 51.70165252685547
v 56.81082534790039 -7.0993499755859375 50.736900329589844
v 57.08712387084961 26.981477737426758 436.1354675292969
v 56.392601013183594 29.400360107421875 435.8537902832031
v 56.08192443847656 30.375171661376953 399.6956481933594
v 55.26633834838867 30.790367126464844 432.84375
v 56.083290100097656 36.27906799316406 261.5543518066406
v 55.088165283203125 38.00374984741211 405.3634033203125
v 55.632015228271484 38.06592559814453 413.0513916015625
v 55.49959945678711 38.17713165283203 400.6490173339844
v 54.99406814575195 37.071319580078125 402.2604064941406
v 55.92280578613281 39.432376861572266 375.5689697265625
v 57.018619537353516 46.22712326049805 295.8725891113281
v 56.848018646240234 50.54585647583008 301.0655517578125
v 56.30575942993164 54.49861526489258 396.1962890625
v 56.41402053833008 54.62517547607422 266.89306640625
v 55.902137756347656 57.517539978027344 395.0260009765625
v 56.39815902709961 62.946197509765625 319.3591613769531
v 56.10187530517578 63.20351791381836 391.500732421875
v 56.443477630615234 63.203609466552734 339.8673400878906
v 55.619625091552734 64.00110626220703 321.2093200683594
v 56.150787353515625 64.85973358154297 326.31170654296875
v 56.65888977050781 64.62718963623047 332.3681640625
v 56.473663330078125 64.69500732421875 324.417724609375
v 56.43490982055664 68.98713684082031 385.7974853515625
v 56.040924072265625 67.06287384033203 388.02734375
v 56.270442962646484 77.37810516357422 292.9443664550781
v 57.27561950683594 86.49563598632812 350.6631164550781
v 56.16799545288086 86.99015045166016 348.55242919921875
v 56.67819595336914 89.79499053955078 312.6314697265625
v 55.29120635986328 88.89740753173828 341.2131652832031
v 55.82443618774414 91.3099594116211 334.3348693847656
v 57.78895950317383 -17.719785690307617 43.88630676269531
v 57.903770446777344 -10.79391098022461 30.918060302734375
v 56.053627014160156 24.462337493896484 432.7033386230469
v 56.65769958496094 26.157236099243164 391.52252197265625
v 56.953125 25.528236389160156 435.14459228515625
v 56.336971282958984 29.88193130493164 430.8965148925781
v 56.2253303527832 32.03353500366211 268.28680419921875
v 56.57909393310547 32.50114822387695 272.42095947265625
v 56.96898651123047 33.61545181274414 266.99267578125
v 56.25449752807617 32.88864517211914 275.1439208984375
v 55.26823425292969 32.14107131958008 401.16912841796875
v 55.64398956298828 33.9403076171875 278.48138427734375
v 55.94139099121094 34.58546829223633 278.549560546875
v 55.44929504394531 35.10334014892578 402.15399169921875
v 56.53244400024414 35.3846435546875 279.7385559082031
v 55.05241775512695 36.18257522583008 402.96539306640625
v 57.45444107055664 38.935237884521484 285.14678955078125
v 55.746524810791016 38.53102493286133 407.1202392578125
v 55.73838806152344 38.25227355957031 410.0483703613281
v 56.73320007324219 41.71121597290039 399.1014404296875
v 55.539188385009766 40.3349723815918 406.34698486328125
v 57.081146240234375 42.547996520996094 290.59912109375
v 56.777530670166016 42.72801971435547 374.1456604003906
v 56.63648223876953 42.83240509033203 261.2230529785156
v 55.737022399902344 43.55617904663086 409.8492126464844
v 56.114044189453125 43.978050231933594 411.8447265625
v 55.897151947021484 43.7052001953125 417.83404541015625
v 56.42080307006836 48.014320373535156 398.0917053222656
v 56.16343307495117 46.4272575378418 261.4100036621094
v 56.86196517944336 48.921295166015625 299.2254943847656
v 56.38277053833008 54.49452209472656 266.3840026855469
v 55.447486877441406 54.43925476074219 364.954833984375
v 56.555580139160156 56.3464241027832 362.0908203125
v 56.41533660888672 60.242652893066406 313.3934631347656
v 56.692935943603516 69.75743865966797 283.0293884277344
v 56.384521484375 71.28888702392578 382.48199462890625
v 56.915157318115234 71.97080993652344 381.0624084472656
v 57.15896224975586 77.90128326416016 367.536376953125
v 56.26058578491211 79.47418212890625 364.46038818359375
v 56.61772537231445 81.08177185058594 297.1419677734375
v 57.56821823120117 80.86434936523438 361.1573181152344
v 56.541507720947266 81.60340118408203 360.482666015625
v 56.56839370727539 84.33995819091797 302.3559875488281
v 56.821041107177734 85.29067993164062 353.3645935058594
v 55.97737121582031 87.87989807128906 345.60455322265625
v 56.06025695800781 -17.674427032470703 48.68173599243164
v 56.46819305419922 -16.13074493408203 36.56829071044922
v 56.353721618652344 -11.47208309173584 52.35186767578125
v 57.13782501220703 -3.913120746612549 35.228416442871094
v 57.72575378417969 -4.121837139129639 46.87398910522461
v 57.232933044433594 24.978370666503906 433.9038391113281
v 56.205684661865234 26.05573081970215 389.26019287109375
v 57.40437316894531 26.054929733276367 435.5556640625
v 57.832637786865234 31.417051315307617 381.99005126953125
v 57.85083770751953 28.107704162597656 430.51910400390625
v 57.129127502441406 35.72718811035156 378.1185302734375
v 56.126895904541016 34.7696647644043 400.45440673828125
v 56.599178314208984 36.31118392944336 281.62615966796875
v 57.11079025268555 38.44715881347656 376.4858093261719
v 55.95669174194336 41.70772933959961 418.18267822265625
v 56.286102294921875 41.84507751464844 409.95208740234375
v 55.973480224609375 44.461326599121094 413.8169860839844
v 57.246097564697266 53.95881652832031 366.2378234863281
v 57.40984344482422 54.30731964111328 305.9919128417969
v 56.71160125732422 56.549381256103516 309.0251159667969
v 56.490936279296875 59.20972442626953 356.5813293457031
v 57.17377853393555 60.84309005737305 392.9625244140625
v 56.835968017578125 61.258487701416016 346.5547790527344
v 57.0839958190918 64.32048034667969 329.7296447753906
v 57.606964111328125 73.13299560546875 379.2495422363281
v 57.90554428100586 79.329833984375 294.2546691894531
v 57.25770950317383 84.15862274169922 355.63409423828125
v 56.17272186279297 92.37063598632812 329.8867492675781
v 57.0980110168457 92.86865234375 323.26300048828125
v 56.744258880615234 92.82097625732422 326.49017333984375
v 57.4714241027832 -17.503063201904297 39.929847717285156
v 58.23251724243164 -12.888978958129883 31.379789352416992
v 57.61956787109375 -8.82343578338623 31.062273025512695
v 58.17366027832031 -9.334285736083984 50.882328033447266
v 56.9387321472168 -2.856029510498047 39.256561279296875
v 57.304176330566406 -2.9178073406219482 43.467498779296875
v 57.5850944519043 25.33302116394043 431.9928283691406
v 57.02015686035156 27.554649353027344 395.54998779296875
v 56.89510726928711 29.153562545776367 397.7561340332031
v 59.560699462890625 30.983619689941406 434.33526611328125
v 56.672142028808594 34.541839599609375 277.3485412597656
v 58.24750518798828 40.978450775146484 398.25811767578125
v 56.48100662231445 39.70157241821289 413.10040283203125
v 56.3095588684082 40.241817474365234 410.06536865234375
v 56.776493072509766 41.51137924194336 413.2767639160156
v 58.48682403564453 45.76571273803711 294.48095703125
v 58.14274978637695 47.59646987915039 397.57171630859375
v 56.38459777832031 43.43931579589844 414.8876953125
v 56.94887161254883 49.53956604003906 263.7923889160156
v 57.87880325317383 51.49797439575195 369.452880859375
v 57.64759063720703 61.61521530151367 274.2623291015625
v 57.53247833251953 59.05501174926758 355.6266174316406
v 57.14475631713867 59.54399490356445 353.0594787597656
v 58.29792404174805 60.09907913208008 350.82501220703125
v 57.29716873168945 61.586299896240234 317.0960388183594
v 57.46967315673828 63.0936393737793 337.9955139160156
v 57.89844512939453 68.7255859375 281.8064880371094
v 56.78691864013672 75.58273315429688 375.3017883300781
v 57.22450637817383 86.37496185302734 305.3316955566406
v 57.25901794433594 89.15023040771484 343.2131652832031
v 57.423553466796875 90.81101989746094 338.2514343261719
v 57.338706970214844 92.6276626586914 320.77874755859375
v 57.90402603149414 -6.748175144195557 31.532005310058594
v 58.73151779174805 -4.8806986808776855 32.14971923828125
v 57.346736907958984 -3.0337069034576416 36.86908721923828
v 57.566097259521484 33.887916564941406 270.1011962890625
v 57.27043533325195 35.06986999511719 265.429443359375
v 57.593223571777344 34.687313079833984 273.8383483886719
v 58.158329010009766 38.37025833129883 264.683837890625
v 58.66267776489258 42.54121017456055 288.9878845214844
v 58.09402084350586 47.94215393066406 372.6529846191406
v 57.89677810668945 52.13848114013672 266.31329345703125
v 57.595638275146484 54.679019927978516 268.5819396972656
v 58.28107452392578 57.83900833129883 359.2516174316406
v 57.253482818603516 60.59328842163086 349.0858459472656
v 58.0245361328125 61.62256622314453 344.16961669921875
v 56.97868728637695 63.7739372253418 276.27410888671875
v 58.9833869934082 62.301856994628906 340.679443359375
v 57.543067932128906 63.55221939086914 322.6207275390625
v 57.79458236694336 66.73384857177734 387.96270751953125
v 57.54645919799805 71.80264282226562 285.8872375488281
v 58.30707550048828 77.52206420898438 292.3376770019531
v 58.4477653503418 77.44580841064453 368.985107421875
v 57.936031341552734 81.49578094482422 360.85015869140625
v 58.72540283203125 87.15116119384766 350.3756103515625
v 57.47669219970703 88.60296630859375 308.87359619140625
v 57.9417724609375 91.31903839111328 314.79913330078125
v 58.68988800048828 91.68163299560547 337.8482360839844
v 57.75652313232422 92.08050537109375 317.4896240234375
v 57.55924606323242 92.19432830810547 334.3570556640625
v 58.843528747558594 -16.98151397705078 45.481689453125
v 58.72970199584961 -12.32111930847168 50.568607330322266
v 58.0042724609375 -2.5546271800994873 40.636470794677734
v 59.051612854003906 30.644939422607422 435.4328308105469
v 57.90874481201172 34.69782638549805 272.5420227050781
v 58.31743621826172 36.27736282348633 275.6069641113281
v 57.70005798339844 35.83771514892578 276.4994201660156
v 57.63063430786133 41.42268371582031 262.7055358886719
v 57.68274688720703 44.89765548706055 263.20098876953125
v 58.26604080200195 47.2551383972168 296.5107421875
v 58.03929901123047 50.2381706237793 370.944091796875
v 58.41603469848633 52.10846710205078 369.24114990234375
v 58.628902435302734 57.17552947998047 394.4358825683594
v 58.51190948486328 59.68635559082031 313.662353515625
v 58.87332534790039 61.501678466796875 343.4075012207031
v 58.38197326660156 62.4954833984375 320.08013916015625
v 58.179718017578125 88.53807830810547 346.3138427734375
v 58.744625091552734 -16.184860229492188 47.7862548828125
v 58.80565643310547 -14.569881439208984 49.45380783081055
v 59.33664321899414 -14.898014068603516 32.19567108154297
v 60.84466552734375 32.525325775146484 385.67535400390625
v 59.35269546508789 28.091196060180664 436.9438781738281
v 59.74236297607422 30.651105880737305 433.1179504394531
v 58.06972122192383 33.20259475708008 380.4464416503906
v 58.51280212402344 36.959800720214844 277.98150634765625
v 57.983524322509766 37.1815071105957 280.39984130859375
v 58.626670837402344 46.93153762817383 265.1898498535156
v 58.42372131347656 53.87818145751953 395.7817687988281
v 58.162322998046875 52.44921112060547 267.39996337890625
v 59.18210983276367 57.132904052734375 310.65948486328125
v 59.02569580078125 56.48293685913086 362.8106689453125
v 58.60726547241211 59.18010711669922 357.014892578125
v 58.33857345581055 62.79020309448242 391.2054443359375
v 59.050140380859375 61.961448669433594 275.76824951171875
v 58.686004638671875 63.672325134277344 328.7855224609375
v 58.747535705566406 63.597999572753906 331.6819763183594
v 58.89164733886719 79.2068099975586 364.7397155761719
v 58.94394302368164 86.73189544677734 304.9183044433594
v 58.281005859375 93.23171997070312 330.11260986328125
v 59.15806198120117 -17.545000076293945 41.65998077392578
v 59.12608337402344 -2.203366994857788 38.209842681884766
v 60.455169677734375 27.50227928161621 432.03955078125
v 61.463199615478516 33.010986328125 387.3671875
v 61.196617126464844 32.662113189697266 389.5452575683594
v 60.18118667602539 29.849231719970703 432.28631591796875
v 58.3394775390625 36.07959747314453 267.747314453125
v 60.200164794921875 37.44272232055664 379.1871337890625
v 58.900821685791016 38.064762115478516 377.6809997558594
v 60.63114547729492 40.800376892089844 396.2992248535156
v 58.40488815307617 40.64360809326172 286.2220458984375
v 59.0454216003418 42.85047912597656 375.0028076171875
v 58.61679458618164 43.049110412597656 264.76214599609375
v 58.88157272338867 44.752235412597656 397.6268310546875
v 59.22394943237305 50.125545501708984 300.0651550292969
v 58.616336822509766 49.512062072753906 265.9806213378906
v 59.025306701660156 55.67466735839844 270.91058349609375
v 60.16654968261719 59.43446731567383 274.52593994140625
v 60.4210319519043 60.70655059814453 316.9120178222656
v 59.93283462524414 60.62716293334961 315.9875793457031
v 59.23648452758789 60.88801193237305 346.4212646484375
v 59.981727600097656 65.32909393310547 279.4327697753906
v 59.17754364013672 63.503971099853516 332.82330322265625
v 59.25258255004883 63.8293571472168 325.7083740234375
v 59.64727783203125 63.672611236572266 324.5987243652344
v 59.0030517578125 68.58878326416016 385.32867431640625
v 58.950889587402344 71.39862823486328 381.0084533691406
v 59.24137496948242 74.88089752197266 375.19110107421875
v 58.94084930419922 77.41191101074219 367.8506774902344
v 59.29258346557617 82.37803649902344 297.845947265625
v 59.092124938964844 82.56973266601562 358.828125
v 59.86007308959961 90.58009338378906 341.9002990722656
v 59.63125991821289 93.79271697998047 325.02801513671875
v 60.091773986816406 -17.327381134033203 37.00639343261719
v 60.18842697143555 -6.578731536865234 29.77171516418457
v 59.68758010864258 -6.440243721008301 48.29166793823242
v 59.652217864990234 -3.374699592590332 33.34438705444336
v 59.82004928588867 -2.714189052581787 42.07604217529297
v 59.66899871826172 28.98781394958496 437.02740478515625
v 60.66722869873047 28.46500587463379 431.9657287597656
v 62.00696563720703 34.79164123535156 391.37176513671875
v 61.466758728027344 35.87150573730469 393.79754638671875
v 59.49061584472656 30.102033615112305 436.4378356933594
v 59.140010833740234 31.975065231323242 382.8657531738281
v 58.81434631347656 36.740509033203125 270.4794616699219
v 59.34546661376953 37.610198974609375 272.6873474121094
v 58.9660758972168 40.94258499145508 265.78857421875
v 59.18054962158203 50.40126037597656 267.4443359375
v 59.56366729736328 52.36888885498047 269.5914611816406
v 59.43741226196289 54.68373489379883 366.393798828125
v 59.630088806152344 59.32734298706055 354.71746826171875
v 60.001853942871094 61.68709945678711 391.2712707519531
v 59.53080368041992 60.558101654052734 348.7210693359375
v 59.62046813964844 62.428489685058594 338.3743896484375
v 59.68195343017578 67.99615478515625 281.7949523925781
v 60.04316711425781 80.6894302368164 295.4154968261719
v 60.67879867553711 84.88921356201172 355.0691833496094
v 59.41682052612305 85.44625091552734 354.1706848144531
v 59.77040481567383 88.9170150756836 308.18402099609375
v 60.317840576171875 91.69265747070312 338.87713623046875
v 60.09825897216797 93.3473892211914 320.4386901855469
v 60.831298828125 -17.555334091186523 38.61527633666992
v 59.99276351928711 -17.26785659790039 42.6695442199707
v 59.426517486572266 -16.02724838256836 46.77113342285156
v 60.01778030395508 -11.130793571472168 29.331193923950195
v 59.66884994506836 -9.363739013671875 29.42005729675293
v 59.719661712646484 -8.212252616882324 29.541994094848633
v 60.786888122558594 -2.3763766288757324 34.76564025878906
v 60.28760528564453 -2.0912137031555176 40.13249206542969
v 60.2646598815918 25.93439292907715 433.63861083984375
v 60.17625427246094 25.954498291015625 435.21807861328125
v 59.84587478637695 31.861074447631836 384.4029235839844
v 60.805660247802734 37.250858306884766 395.4889831542969
v 59.18178176879883 38.72398376464844 268.15692138671875
v 60.182823181152344 40.654293060302734 282.5576477050781
v 59.517059326171875 44.78125762939453 266.6539306640625
v 60.68009567260742 50.71864700317383 371.8575439453125
v 60.61984634399414 53.61203384399414 305.1563415527344
v 59.81254577636719 54.95383071899414 307.5055847167969
v 60.45845413208008 56.994163513183594 363.1744079589844
v 59.691612243652344 60.1136589050293 351.480224609375
v 60.90329360961914 62.00666809082031 341.044677734375
v 59.70576095581055 66.0093002319336 387.7700500488281
v 60.51828384399414 70.41939544677734 284.895263671875
v 59.870384216308594 89.84523010253906 343.46990966796875
v 60.335723876953125 90.70657348632812 312.19024658203125
v 60.228458404541016 93.12360382080078 334.3072204589844
v 61.47260284423828 -16.535585403442383 43.30460739135742
v 60.94697952270508 -16.882829666137695 34.43339157104492
v 60.49946975708008 -11.406064987182617 49.06052017211914
v 60.73978805541992 -12.649569511413574 29.37689971923828
v 61.41230773925781 -4.189089775085449 44.42490768432617
v 60.99708557128906 -3.367224931716919 43.285152435302734
v 60.40599822998047 26.602672576904297 432.5620422363281
v 60.4088020324707 35.532554626464844 381.1719055175781
v 60.122318267822266 39.0477180480957 276.28875732421875
v 59.776634216308594 38.93881607055664 272.2713317871094
v 59.7713623046875 41.072391510009766 284.3134460449219
v 60.85749053955078 43.071807861328125 376.0194396972656
v 59.87712860107422 42.51068115234375 267.8939514160156
v 60.728694915771484 46.03343963623047 292.86041259765625
v 59.92061233520508 47.270790100097656 295.44427490234375
v 60.265907287597656 47.71342086791992 268.4013671875
v 60.21394729614258 53.88355255126953 394.9320373535156
v 61.41071701049805 59.29313278198242 313.6644287109375
v 60.44146728515625 59.30707931518555 358.0171813964844
v 59.84328079223633 59.32541275024414 356.8204650878906
v 61.51166534423828 64.46700286865234 279.77069091796875
v 60.596046447753906 69.47886657714844 382.8564453125
v 60.79191970825195 73.9123306274414 288.23876953125
v 61.06751251220703 80.1474838256836 361.36932373046875
v 60.40194320678711 81.11559295654297 360.87237548828125
v 61.202308654785156 86.40543365478516 352.2178039550781
v 60.159210205078125 89.00399780273438 346.323486328125
v 60.57307052612305 91.9354248046875 314.7293701171875
v 60.55802917480469 92.81016540527344 317.623779296875
v 60.62493133544922 93.81896209716797 330.4136047363281
v 61.188106536865234 -16.077774047851562 32.49125289916992
v 61.97365951538086 -15.75432014465332 44.308258056640625
v 60.357826232910156 -13.868849754333496 48.1996955871582
v 62.83994674682617 30.448514938354492 437.86529541015625
v 60.020668029785156 40.518394470214844 269.99908447265625
v 60.46912384033203 39.86344909667969 276.6792907714844
v 60.67339324951172 43.63955307006836 287.85302734375
v 61.06391143798828 43.67617416381836 396.09912109375
v 60.95419692993164 48.22565460205078 374.0090637207031
v 60.70541763305664 48.7124137878418 395.87811279296875
v 60.933387756347656 52.518795013427734 370.0943298339844
v 60.624717712402344 58.3260612487793 360.12982177734375
v 61.13758850097656 56.607765197753906 393.2874450683594
v 60.9573860168457 61.839481353759766 319.73236083984375
v 61.578983306884766 61.121131896972656 345.5185241699219
v 60.96995544433594 62.94540786743164 333.5898742675781
v 61.75349426269531 62.80840301513672 332.0274353027344
v 61.92530822753906 62.991764068603516 329.12506103515625
v 60.77991485595703 72.06095886230469 378.5147705078125
v 60.366607666015625 77.70923614501953 292.2738952636719
v 61.02566146850586 76.51667022705078 367.9393615722656
v 61.1476936340332 86.9437255859375 304.6831970214844
v 61.59275817871094 88.82398223876953 347.1601867675781
v 62.34449768066406 -14.880341529846191 45.1445198059082
v 60.33366394042969 -10.002606391906738 25.794031143188477
v 60.821868896484375 -8.16238784790039 22.583946228027344
v 60.878082275390625 -8.572114944458008 48.531822204589844
v 60.95008850097656 -6.680159568786621 23.152748107910156
v 61.09642791748047 -4.905517578125 30.344722747802734
v 62.56673812866211 -5.187787055969238 44.89205551147461
v 61.28968811035156 34.905975341796875 383.27972412109375
v 62.1201057434082 42.13528823852539 377.7735900878906
v 60.89051818847656 41.01968002319336 273.7373046875
v 61.30450439453125 42.25873565673828 281.9767150878906
v 60.69432067871094 44.96543884277344 269.35601806640625
v 61.00473403930664 50.098812103271484 299.1693420410156
v 61.021236419677734 49.511871337890625 270.9349365234375
v 61.54505920410156 53.40100860595703 369.9739074707031
v 60.890235900878906 52.324039459228516 271.5134582519531
v 60.27803421020508 54.23063659667969 271.7247314453125
v 61.881370544433594 56.94367980957031 310.50250244140625
v 60.869747161865234 60.43257522583008 276.21783447265625
v 60.62919998168945 63.55631637573242 325.35870361328125
v 61.587135314941406 66.34607696533203 386.1168518066406
v 61.67447280883789 76.04322814941406 368.8459777832031
v 61.2255973815918 78.33128356933594 364.906494140625
v 61.41917037963867 78.87511444091797 293.3374328613281
v 62.9746208190918 -17.089855194091797 40.4042854309082
v 61.9041862487793 -14.027634620666504 29.3894100189209
v 61.093544006347656 -11.970946311950684 26.254501342773438
v 61.02228927612305 -5.715855598449707 27.202144622802734
v 62.26021194458008 -3.767220973968506 30.765844345092773
v 61.84259796142578 -2.6694436073303223 41.793365478515625
v 62.36958312988281 -1.8828016519546509 35.508358001708984
v 62.77481460571289 27.279865264892578 437.2983093261719
v 62.669612884521484 30.053926467895508 433.0130615234375
v 63.36595916748047 31.42142105102539 437.0331115722656
v 62.39482498168945 31.60422134399414 435.6351623535156
v 61.4963264465332 42.069679260253906 280.21392822265625
v 61.19242477416992 43.40509033203125 271.73114013671875
v 61.487274169921875 52.88507080078125 394.37567138671875
v 61.50654220581055 55.79973220825195 366.78350830078125
v 61.788414001464844 57.444122314453125 363.9530334472656
v 61.84412384033203 57.10294723510742 275.0102233886719
v 61.798282623291016 59.90239334106445 357.277587890625
v 61.56946563720703 61.131553649902344 390.569091796875
v 61.577091217041016 60.3631477355957 351.34503173828125
v 61.9460563659668 61.18247604370117 344.5475158691406
v 62.37110137939453 61.89619445800781 340.475830078125
v 61.98136520385742 66.49394989013672 281.79034423828125
v 62.009422302246094 70.29928588867188 379.6939697265625
v 61.39407730102539 73.83563995361328 374.7102966308594
v 62.46708297729492 76.91554260253906 291.6412353515625
v 62.11153030395508 85.17102813720703 301.8566589355469
v 61.859310150146484 92.27019500732422 338.2579040527344
v 61.987571716308594 94.11795043945312 324.5458068847656
v 61.95319366455078 -11.036086082458496 22.113821029663086
v 61.32051467895508 -9.681957244873047 21.824796676635742
v 61.61448669433594 -8.352630615234375 20.916427612304688
v 61.48672866821289 -6.640260696411133 21.558908462524414
v 61.26485824584961 -5.55247688293457 24.541915893554688
v 62.6597785949707 -2.5485010147094727 32.76316452026367
v 63.12417984008789 -1.7718112468719482 36.99357223510742
v 63.809898376464844 26.711069107055664 435.5406799316406
v 64.24088287353516 26.87578010559082 436.4441223144531
v 63.57042694091797 31.37913703918457 434.3816833496094
v 62.27933883666992 38.01607894897461 381.28704833984375
v 62.44192886352539 49.34782791137695 394.3636779785156
v 61.380489349365234 47.54405212402344 294.3987121582031
v 62.66016387939453 54.6285400390625 306.5500183105469
v 62.91830062866211 60.373992919921875 315.6650390625
v 62.683868408203125 60.70807647705078 352.88677978515625
v 62.92335510253906 61.67415237426758 319.36376953125
v 62.25491714477539 62.1024169921875 338.38104248046875
v 62.41658401489258 63.3132209777832 324.46136474609375
v 62.678958892822266 82.5018081665039 297.8562927246094
v 62.178123474121094 86.85337829589844 351.6156311035156
v 61.97239685058594 89.8999252319336 309.84228515625
v 63.98252868652344 -17.367666244506836 37.950439453125
v 63.37913131713867 -14.956721305847168 29.305309295654297
v 64.28337097167969 -10.048773765563965 45.825374603271484
v 62.006263732910156 -5.171755790710449 22.312801361083984
v 63.325439453125 -6.460976600646973 45.405574798583984
v 62.567161560058594 28.094402313232422 437.8822021484375
v 62.755470275878906 29.28371238708496 438.18450927734375
v 63.665992736816406 42.00973892211914 392.4765319824219
v 62.7007942199707 42.75386047363281 394.1817626953125
v 62.64793014526367 45.34996795654297 276.4432373046875
v 62.229373931884766 43.51922607421875 278.41668701171875
v 61.78484344482422 44.17729568481445 274.1357727050781
v 62.11251449584961 44.881568908691406 287.1387634277344
v 61.75566101074219 46.44233322143555 272.6719665527344
v 62.86811828613281 47.25638961791992 291.67938232421875
v 62.96804428100586 50.579830169677734 298.2639465332031
v 61.95888900756836 51.17372131347656 273.2696533203125
v 62.751747131347656 55.48728561401367 275.5907287597656
v 62.578311920166016 59.00054931640625 361.4794921875
v 62.33127212524414 58.594608306884766 276.6651916503906
v 63.25899124145508 60.4725341796875 359.3236389160156
v 62.70602035522461 60.29124069213867 355.4941101074219
v 62.48161697387695 69.19925689697266 284.707275390625
v 63.827877044677734 72.8273696899414 288.2156677246094
v 63.12154006958008 80.6282958984375 295.46087646484375
v 62.90961837768555 80.11486053466797 360.93994140625
v 63.198177337646484 82.1279525756836 358.2369384765625
v 63.19098663330078 88.85979461669922 307.7223205566406
v 62.99118423461914 90.020751953125 343.7060241699219
v 63.28578186035156 90.93485260009766 342.0572204589844
v 63.63357162475586 93.53178405761719 334.2811279296875
v 63.04475021362305 93.30549621582031 318.90484619140625
v 62.81325912475586 -12.503031730651855 23.890567779541016
v 62.9589958190918 -10.346199989318848 20.119979858398438
v 62.37594223022461 -7.053654193878174 20.249555587768555
v 62.714725494384766 -4.079888820648193 24.988922119140625
v 62.59691619873047 -4.32487678527832 27.043563842773438
v 63.39522933959961 -4.165977478027344 43.54880905151367
v 64.34877014160156 27.104366302490234 434.701904296875
v 64.72869110107422 28.36021614074707 433.6889953613281
v 62.44841003417969 35.008766174316406 388.3786315917969
v 63.315101623535156 37.9703369140625 383.9874572753906
v 64.25000762939453 41.20693588256836 390.70709228515625
v 62.52622604370117 44.491920471191406 279.0631408691406
v 63.291080474853516 44.74581527709961 377.5997619628906
v 63.415130615234375 47.49694061279297 393.46044921875
v 62.677703857421875 48.741943359375 375.2430725097656
v 62.71572494506836 48.00700378417969 293.3466796875
v 62.4373893737793 48.258323669433594 273.9875793457031
v 62.96354293823242 53.662540435791016 370.9532470703125
v 63.476219177246094 51.97553634643555 373.46258544921875
v 63.72526168823242 53.66896438598633 303.8756103515625
v 62.86378479003906 58.29094696044922 390.95465087890625
v 63.45842361450195 62.835357666015625 280.39959716796875
v 63.916988372802734 62.19898223876953 339.3915710449219
v 64.5638427734375 62.82776641845703 330.9102783203125
v 63.52117156982422 62.64706039428711 334.9426574707031
v 64.4861068725586 63.269432067871094 325.81512451171875
v 63.041473388671875 67.57814025878906 382.74298095703125
v 62.782901763916016 73.7750473022461 372.1848449707031
v 63.257652282714844 74.82731628417969 367.960205078125
v 63.46135330200195 76.51502227783203 365.4573669433594
v 63.1227912902832 83.92756652832031 355.7490539550781
v 63.905723571777344 90.67991638183594 311.8745422363281
v 63.44206619262695 91.71654510498047 313.8997802734375
v 62.84727478027344 94.03177642822266 330.4247741699219
v 63.850223541259766 -17.291608810424805 33.897789001464844
v 62.947479248046875 -13.482794761657715 45.82359313964844
v 62.97660827636719 -11.923158645629883 46.59318923950195
v 63.827186584472656 -8.02881145477295 45.7967643737793
v 63.09939193725586 -8.603531837463379 19.545928955078125
v 63.36548614501953 -5.652013301849365 20.171682357788086
v 63.105960845947266 -4.1370134353637695 22.471399307250977
v 63.11160659790039 37.601531982421875 390.6304016113281
v 63.577125549316406 42.537593841552734 379.4819641113281
v 62.68098449707031 48.92292404174805 274.8699035644531
v 63.34914779663086 54.20663833618164 392.25823974609375
v 63.14678955078125 57.02348327636719 367.3466796875
v 64.19811248779297 56.738059997558594 309.5255432128906
v 63.84385299682617 58.92695999145508 365.0213623046875
v 63.27920913696289 61.09908676147461 388.86688232421875
v 64.70384979248047 62.07390594482422 342.00848388671875
v 63.918907165527344 63.52226638793945 325.3895263671875
v 64.08203887939453 64.35617065429688 282.02587890625
v 63.42158508300781 65.63179016113281 384.755615234375
v 63.88735580444336 78.7371826171875 361.1844482421875
v 63.721248626708984 87.08390808105469 304.9870910644531
v 64.52234649658203 -16.07577133178711 30.334228515625
v 64.05901336669922 -12.601725578308105 21.89654541015625
v 63.50239944458008 -11.70441722869873 20.96556282043457
v 63.61605453491211 -3.065263509750366 30.576440811157227
v 62.94641876220703 47.08429718017578 276.5653991699219
v 63.55155563354492 46.39142608642578 285.3406677246094
v 64.02047729492188 47.552345275878906 280.6433410644531
v 64.06228637695312 47.744903564453125 289.4104919433594
v 64.34860229492188 51.935237884521484 299.7841491699219
v 64.2576675415039 54.73725509643555 278.10968017578125
v 63.57320785522461 54.87471389770508 370.9101867675781
v 63.7896842956543 56.303550720214844 277.73492431640625
v 64.29817962646484 60.78083038330078 316.724365234375
v 64.00190734863281 61.10728073120117 352.673583984375
v 64.51498413085938 61.346824645996094 357.3768615722656
v 64.5022201538086 61.57111358642578 346.99627685546875
v 63.275917053222656 60.97649002075195 350.30340576171875
v 64.11930084228516 61.372406005859375 345.6493835449219
v 65.56304931640625 62.616634368896484 334.04949951171875
v 64.21214294433594 67.90666961669922 284.8240966796875
v 63.23490524291992 71.18705749511719 376.2822570800781
v 63.94942855834961 68.55258178710938 379.04180908203125
v 64.4251937866211 76.14958190917969 291.4877624511719
v 64.07652282714844 74.04993438720703 368.61376953125
v 64.15486145019531 78.16143798828125 293.1418762207031
v 64.72248840332031 83.92003631591797 300.5807800292969
v 63.60791778564453 84.3521499633789 355.2624206542969
v 64.577880859375 85.15457916259766 353.445556640625
v 64.14213562011719 88.83326721191406 346.6764221191406
v 64.12950897216797 92.37813568115234 338.304931640625
v 64.24195861816406 -7.353643417358398 19.107784271240234
v 64.44542694091797 -5.893700122833252 44.43402862548828
v 64.4786605834961 -4.333524703979492 20.92426872253418
v 64.79705047607422 27.618305206298828 434.18902587890625
v 64.84525299072266 31.643823623657227 436.119140625
v 64.1217269897461 38.84315872192383 386.00433349609375
v 63.86958694458008 40.505001068115234 382.14361572265625
v 64.22159576416016 47.466285705566406 284.0868225097656
v 63.9842643737793 49.141845703125 376.56646728515625
v 64.05694580078125 51.569210052490234 277.5352478027344
v 64.42765045166016 49.99016571044922 391.9127502441406
v 65.11865997314453 60.5050163269043 281.2222900390625
v 65.19998168945312 62.2554931640625 358.7442932128906
v 64.71250915527344 62.875877380371094 322.81890869140625
v 64.2347640991211 72.2120590209961 371.9988098144531
v 64.88294982910156 84.9993896484375 302.0946960449219
v 63.98598861694336 86.28853607177734 352.10845947265625
v 63.95002365112305 93.92505645751953 322.8532409667969
v 64.63072967529297 94.11485290527344 326.4512023925781
v 65.77784729003906 -16.29820442199707 39.94598388671875
v 64.91431427001953 -15.2200288772583 28.609485626220703
v 64.73870086669922 -13.170400619506836 23.890167236328125
v 64.37581634521484 -9.114410400390625 19.073801040649414
v 64.5511703491211 -3.327944278717041 23.797819137573242
v 64.57775115966797 -3.592425584793091 27.13552474975586
v 65.05863189697266 -3.1157922744750977 28.355098724365234
v 66.7043228149414 -2.8773038387298584 39.06062698364258
v 65.0488510131836 -2.18676495552063 31.800308227539062
v 65.40281677246094 -2.014986753463745 37.62018585205078
v 65.41504669189453 30.090383529663086 433.82904052734375
v 64.36450958251953 39.8017463684082 388.6925354003906
v 64.96736145019531 43.17115020751953 381.7966613769531
v 64.5150146484375 46.848350524902344 391.8218078613281
v 65.28034210205078 49.751983642578125 290.3406982421875
v 64.7696304321289 54.25155258178711 304.375244140625
v 64.91075134277344 55.27183532714844 372.3256530761719
v 64.36280822753906 58.30577850341797 367.98651123046875
v 65.39909362792969 59.61872863769531 313.0896301269531
v 64.66436004638672 59.31804656982422 388.2244567871094
v 66.1153793334961 62.34339141845703 319.8389587402344
v 64.69114685058594 62.24626922607422 338.7564697265625
v 66.0279769897461 72.3749771118164 289.13726806640625
v 65.93130493164062 82.11975860595703 356.4006042480469
v 65.1596450805664 92.33338928222656 316.06243896484375
v 65.70331573486328 93.85562133789062 331.15582275390625
v 65.4419937133789 -17.469167709350586 35.834999084472656
v 66.59048461914062 -16.414472579956055 30.288549423217773
v 66.69401550292969 -15.015593528747559 41.217987060546875
v 65.17242431640625 -11.883509635925293 44.847679138183594
v 65.02350616455078 -11.322025299072266 19.944717407226562
v 65.44034576416016 -3.6117148399353027 21.882627487182617
v 65.8509292602539 30.282577514648438 438.3982849121094
v 65.82704162597656 28.553876876831055 438.5833740234375
v 64.5152587890625 40.853633880615234 383.7991638183594
v 64.87212371826172 45.827911376953125 379.490234375
v 65.22616577148438 49.17816925048828 287.74822998046875
v 64.87242126464844 49.61722183227539 281.937255859375
v 64.58563232421875 49.64548873901367 293.2159118652344
v 65.07395935058594 51.38434600830078 296.62176513671875
v 65.07744598388672 51.57664108276367 280.7100524902344
v 65.00508880615234 52.91194152832031 390.3401184082031
v 65.05543518066406 55.94062805175781 389.0686950683594
v 65.071533203125 56.43000411987305 371.9986877441406
v 65.65766906738281 60.61692428588867 314.9471435546875
v 65.39949035644531 62.29142379760742 354.4788818359375
v 64.62753295898438 64.29324340820312 384.1999816894531
v 65.86857604980469 63.62371826171875 324.2362365722656
v 64.91049194335938 65.93061828613281 381.4737854003906
v 64.96500396728516 78.92005157470703 360.6258850097656
v 65.43285369873047 79.7095718383789 295.2215881347656
v 65.38858032226562 88.17415618896484 347.6000671386719
v 65.79612731933594 -13.004162788391113 22.3647403717041
v 65.21592712402344 -8.087639808654785 44.966636657714844
v 65.65364837646484 -6.44722843170166 19.15459632873535
v 66.06449127197266 -4.683382987976074 20.269309997558594
v 66.26517486572266 -3.3312928676605225 22.88178825378418
v 66.64729309082031 -2.2423603534698486 31.05634117126465
v 65.99553680419922 27.148527145385742 437.56854248046875
v 65.64227294921875 31.197988510131836 437.4513244628906
v 65.75743865966797 44.07207489013672 384.3689880371094
v 66.1908950805664 45.526363372802734 385.4819641113281
v 65.04751586914062 49.73497772216797 378.0045166015625
v 65.27010345458984 53.35133743286133 375.2368469238281
v 66.1650390625 56.99515914916992 308.6721496582031
v 64.98765563964844 60.317440032958984 365.58642578125
v 66.83758544921875 62.64872360229492 348.7142333984375
v 66.25374603271484 62.585567474365234 354.1234130859375
v 65.54444885253906 62.5854606628418 361.0914001464844
v 65.65508270263672 62.07008743286133 282.6058654785156
v 66.04020690917969 62.90470504760742 335.92230224609375
v 65.50592803955078 63.4403190612793 383.24688720703125
v 65.88014221191406 66.263916015625 285.219970703125
v 65.73309326171875 65.86973571777344 378.2699890136719
v 65.06343841552734 70.7427978515625 372.26898193359375
v 65.16419219970703 72.68727111816406 367.27410888671875
v 65.85059356689453 74.00980377197266 364.65185546875
v 65.75653076171875 81.83763885498047 298.00341796875
v 66.19507598876953 82.88524627685547 355.6349182128906
v 66.40850830078125 84.86516571044922 353.0276184082031
v 65.85102081298828 86.4702377319336 304.7945861816406
v 66.3380126953125 87.95095825195312 307.1914978027344
v 66.00975036621094 89.4077377319336 309.7841491699219
v 65.83108520507812 89.57453155517578 343.77587890625
v 66.58221435546875 90.32344818115234 342.5213928222656
v 65.63626861572266 93.30728912353516 320.4030456542969
v 67.48876953125 -17.018367767333984 32.849700927734375
v 66.68987274169922 -17.009235382080078 37.477684020996094
v 67.39859771728516 -13.413212776184082 42.1099853515625
v 66.47361755371094 -10.471963882446289 19.391279220581055
v 66.19145965576172 -8.315173149108887 18.859378814697266
v 67.55355072021484 -3.677466869354248 39.78940963745117
v 68.0383071899414 26.79909896850586 436.0505065917969
v 66.47294616699219 31.329326629638672 435.1018371582031
v 65.48272705078125 46.03445053100586 389.6206359863281
v 65.60179138183594 49.060420989990234 389.72064208984375
v 66.37715911865234 51.470672607421875 286.7332763671875
v 66.70250701904297 52.94034957885742 297.7562255859375
v 66.32040405273438 55.728912353515625 282.5240173339844
v 66.2384262084961 58.5041389465332 282.4803466796875
v 65.50727844238281 59.988006591796875 368.92327880859375
v 67.52165222167969 64.1058578491211 324.8382263183594
v 65.56549835205078 68.74613952636719 373.80462646484375
v 66.14742279052734 71.03118896484375 367.7503967285156
v 65.98120880126953 69.4421615600586 370.86529541015625
v 66.07598876953125 76.75784301757812 360.73822021484375
v 66.9054946899414 77.55045318603516 293.86029052734375
v 66.476806640625 86.1445083618164 350.9341125488281
v 66.84424591064453 91.08619689941406 313.8622131347656
v 66.39250946044922 91.98301696777344 338.7112121582031
v 66.61661529541016 93.72976684570312 324.67425537109375
v 66.94326782226562 93.21839141845703 334.1241760253906
v 66.72598266601562 -13.146773338317871 24.370119094848633
v 66.84528350830078 -12.256490707397461 21.06003189086914
v 66.2186279296875 -3.600914716720581 27.03154945373535
v 67.08421325683594 -2.7104222774505615 29.974050521850586
v 67.09833526611328 -1.8658626079559326 32.8802490234375
v 67.73297119140625 31.685693740844727 436.6814270019531
v 65.96551513671875 45.61206817626953 387.5638427734375
v 66.17740631103516 47.07294464111328 382.4281005859375
v 66.06751251220703 50.64060592651367 379.99908447265625
v 66.2658462524414 51.2210578918457 288.5009765625
v 66.10933685302734 54.11684799194336 376.6145324707031
v 66.33473205566406 52.01117706298828 387.3504638671875
v 67.41436767578125 54.71964645385742 301.4714050292969
v 66.05655670166016 57.882259368896484 386.2489929199219
v 66.22084045410156 54.09606170654297 386.8948974609375
v 65.95580291748047 56.74733352661133 373.3919372558594
v 66.41006469726562 58.786136627197266 373.781005859375
v 65.94114685058594 61.75043869018555 367.0042724609375
v 66.450927734375 61.20017623901367 316.2930603027344
v 66.22329711914062 62.04621505737305 346.8487854003906
v 67.40986633300781 62.88924789428711 339.52728271484375
v 67.63398742675781 63.10176467895508 341.1610412597656
v 65.9868392944336 62.76348114013672 363.6355285644531
v 67.65599822998047 63.487117767333984 328.3816223144531
v 66.30060577392578 64.08233642578125 379.8057556152344
v 66.75945281982422 77.15210723876953 360.34356689453125
v 67.59323120117188 89.9520034790039 312.28704833984375
v 67.49244689941406 92.36583709716797 318.2027282714844
v 66.86595916748047 -15.153429985046387 28.358671188354492
v 67.53922271728516 -7.5035400390625 42.82722091674805
v 67.594970703125 -5.823773384094238 19.849565505981445
v 68.25585174560547 -2.113219976425171 34.77336883544922
v 68.43240356445312 28.191553115844727 434.4864501953125
v 68.03843688964844 29.42055892944336 434.22210693359375
v 68.47393798828125 30.356689453125 434.59912109375
v 66.34367370605469 48.33774185180664 387.2193603515625
v 66.88428497314453 52.949466705322266 286.7061767578125
v 67.41608428955078 53.164207458496094 294.52447509765625
v 67.75300598144531 53.669918060302734 293.7462158203125
v 66.74064636230469 53.97562026977539 284.4096984863281
v 66.68988037109375 55.33717727661133 304.62066650390625
v 66.22420501708984 60.92451477050781 370.756591796875
v 67.02021026611328 59.83325958251953 284.0860900878906
v 66.37740325927734 62.284515380859375 381.88482666015625
v 66.5335693359375 62.87127685546875 370.7268371582031
v 66.5437240600586 63.306941986083984 368.09332275390625
v 67.14038848876953 64.17193603515625 355.54443359375
v 66.96294403076172 64.09658813476562 358.1734313964844
v 66.9385757446289 64.81893157958984 359.8468017578125
v 67.03546142578125 64.54439544677734 285.726318359375
v 66.20811462402344 67.44474029541016 372.473388671875
v 66.06976318359375 70.8709945678711 366.8605041503906
v 68.00367736816406 75.31609344482422 292.7999572753906
v 67.10083770751953 75.44029235839844 360.3295593261719
v 67.86460876464844 80.44428253173828 356.3460388183594
v 67.74663543701172 83.0946044921875 354.009765625
v 67.30677032470703 87.95359802246094 346.6290588378906
v 67.80473327636719 -16.128965377807617 38.69309997558594
v 67.49510192871094 -12.835688591003418 23.10566520690918
v 67.87870025634766 -11.235549926757812 42.745933532714844
v 69.3340835571289 -10.342185974121094 41.824588775634766
v 67.3636245727539 -7.662197113037109 19.166532516479492
v 67.72078704833984 -3.67865252494812 24.019807815551758
v 68.20700073242188 26.72538185119629 437.6336975097656
v 68.26458740234375 27.247373580932617 435.2165832519531
v 67.41860961914062 30.022048950195312 439.1759338378906
v 66.76109313964844 51.45769119262695 383.5089111328125
v 66.78047180175781 54.7393684387207 378.819580078125
v 66.73065185546875 52.754093170166016 384.37054443359375
v 66.96661376953125 57.70033645629883 376.2727355957031
v 66.75389862060547 57.342464447021484 384.061279296875
v 68.49896240234375 63.27224349975586 345.4470520019531
v 67.76907348632812 63.02714538574219 334.8334045410156
v 66.7971420288086 64.61115264892578 365.3858337402344
v 67.98889923095703 64.0835189819336 323.73272705078125
v 66.86070251464844 65.2786865234375 362.7984619140625
v 66.61875915527344 65.03804779052734 371.7718505859375
v 66.86567687988281 65.6128921508789 364.82574462890625
v 66.5428695678711 63.77508544921875 376.8843078613281
v 66.60134887695312 67.35671997070312 369.9716796875
v 66.69283294677734 69.0771713256836 365.9820556640625
v 68.18565368652344 71.38471221923828 290.18511962890625
v 68.21199798583984 80.27267456054688 297.67730712890625
v 68.29346466064453 82.43637084960938 300.80364990234375
v 67.97801971435547 83.75941467285156 302.1588439941406
v 68.79954528808594 90.96825408935547 339.6357727050781
v 67.81442260742188 -12.724809646606445 24.501785278320312
v 68.50590515136719 -4.655911445617676 40.250545501708984
v 68.00544738769531 -4.115541934967041 22.156335830688477
v 67.40811157226562 28.037057876586914 438.9798583984375
v 67.96283721923828 31.293209075927734 438.27984619140625
v 67.04432678222656 54.77032470703125 381.24688720703125
v 67.04859924316406 55.54490661621094 284.6865234375
v 67.03549194335938 56.1168327331543 382.93359375
v 67.18565368652344 58.49333190917969 379.3211669921875
v 67.53025817871094 57.87330627441406 285.109375
v 67.02484893798828 60.72612762451172 380.21826171875
v 67.09574127197266 60.2399787902832 376.0213623046875
v 68.74761962890625 60.855690002441406 312.2469177246094
v 66.83829498291016 61.738800048828125 375.6277770996094
v 68.41924285888672 61.387847900390625 313.9376525878906
v 67.03382110595703 62.01847839355469 377.8839416503906
v 67.95352172851562 62.95802688598633 286.4529113769531
v 66.77375793457031 65.75929260253906 369.1646423339844
v 67.01424407958984 67.45597076416016 366.55657958984375
v 67.10003662109375 67.66217041015625 364.37884521484375
v 68.38566589355469 72.58699035644531 359.4944152832031
v 68.01729583740234 73.70582580566406 359.85418701171875
v 68.50812530517578 86.06166076660156 305.7431640625
v 69.02867889404297 88.33968353271484 343.80078125
v 68.75022888183594 88.59526824951172 310.2607421875
v 68.32991790771484 93.14794921875 323.9031066894531
v 68.63943481445312 -14.763477325439453 40.01897430419922
v 67.87308502197266 -9.451138496398926 19.509143829345703
v 68.20674133300781 -4.394409656524658 26.898998260498047
v 68.41224670410156 -3.7698447704315186 27.902132034301758
v 69.03654479980469 -2.910388708114624 36.679473876953125
v 68.61289978027344 55.20873260498047 291.9632263183594
v 67.79776000976562 55.56230926513672 286.95941162109375
v 68.0693588256836 57.77406692504883 308.0738525390625
v 69.2825698852539 62.42298889160156 316.2123107910156
v 69.39759826660156 63.48609161376953 319.3313293457031
v 68.81116485595703 63.69873046875 348.73876953125
v 68.37133026123047 63.617313385009766 336.6409912109375
v 67.81476593017578 64.41936492919922 355.28668212890625
v 67.85447692871094 65.40894317626953 356.3761291503906
v 68.00390625 66.24617004394531 287.4096374511719
v 67.80376434326172 66.33499908447266 359.6065979003906
v 67.83624267578125 67.82250213623047 361.00518798828125
v 67.88903045654297 69.7180404663086 361.5265808105469
v 67.90348052978516 75.40695190429688 359.9862365722656
v 68.61490631103516 77.38380432128906 357.9726867675781
v 68.13326263427734 85.34769439697266 304.6867370605469
v 69.9364242553711 88.64900970458984 343.199951171875
v 69.19366455078125 92.96681213378906 330.87884521484375
v 68.64054107666016 -16.71843719482422 34.70999526977539
v 68.7269515991211 -14.71931266784668 28.41624641418457
v 69.30203247070312 -12.850937843322754 41.083370208740234
v 68.72860717773438 -11.587998390197754 21.735000610351562
v 69.0902099609375 -10.359380722045898 20.815547943115234
v 69.50971984863281 58.251338958740234 306.8282165527344
v 68.82554626464844 64.38752746582031 287.8755187988281
v 69.50730895996094 65.11547088623047 350.6592712402344
v 68.90016174316406 80.43461608886719 355.6129455566406
v 68.90975952148438 79.3340835571289 355.99169921875
v 68.96077728271484 82.92977905273438 353.2587585449219
v 68.44371032714844 85.40264129638672 350.28668212890625
v 68.96673583984375 90.35506439208984 314.20379638671875
v 69.386962890625 -16.06543731689453 36.496273040771484
v 69.2883071899414 -11.593635559082031 24.96430206298828
v 68.99796295166016 -8.146829605102539 20.0892391204834
v 69.27456665039062 -6.339075565338135 41.00486755371094
v 69.15702819824219 -5.5552287101745605 21.39925765991211
v 68.62492370605469 -3.280632257461548 29.53457260131836
v 71.68036651611328 28.105133056640625 439.5748291015625
v 70.76071166992188 29.58347511291504 439.3415832519531
v 69.0372543334961 55.31768798828125 294.8783264160156
v 69.07839965820312 57.2269401550293 290.2003479003906
v 69.00357818603516 59.97748565673828 288.1907958984375
v 69.17179870605469 63.87348937988281 341.416259765625
v 69.06489562988281 66.43929290771484 355.9638977050781
v 68.95709228515625 66.81593322753906 356.6602478027344
v 68.47216796875 66.96403503417969 357.0936584472656
v 68.82869720458984 68.5573501586914 357.9062194824219
v 69.38387298583984 69.66223907470703 290.44921875
v 68.79399871826172 70.95822143554688 358.9023132324219
v 68.68004608154297 74.07818603515625 359.45330810546875
v 69.5235824584961 77.23983764648438 295.66986083984375
v 69.53668212890625 91.29564666748047 317.56756591796875
v 69.35037231445312 92.48845672607422 333.95013427734375
v 71.26142120361328 -14.335039138793945 28.520116806030273
v 72.39805603027344 -15.424630165100098 30.48228645324707
v 70.03015899658203 -14.966381072998047 37.9648551940918
v 69.48043060302734 -11.39898681640625 23.27899932861328
v 69.7078628540039 -8.509284019470215 41.46812438964844
v 69.25564575195312 -4.7743682861328125 23.753753662109375
v 69.14934539794922 -5.209174633026123 26.5484676361084
v 69.5433578491211 -3.8766016960144043 38.011531829833984
v 73.3133773803711 -3.4227688312530518 31.160898208618164
v 70.100341796875 31.055686950683594 435.8702392578125
v 69.34515380859375 31.49066162109375 437.14459228515625
v 69.69364166259766 56.716312408447266 301.3478698730469
v 70.34432220458984 64.101806640625 336.4202880859375
v 69.62124633789062 63.81157302856445 333.3994445800781
v 69.89302062988281 64.1228256225586 340.205322265625
v 69.30607604980469 71.62252044677734 358.7475891113281
v 70.6380844116211 75.14630889892578 295.1193542480469
v 69.843017578125 75.15009307861328 357.3280334472656
v 70.02819061279297 84.6989974975586 305.4561767578125
v 70.25410461425781 88.87891387939453 312.8952941894531
v 73.34112548828125 -15.860634803771973 32.20421600341797
v 70.43538665771484 -12.098640441894531 26.797346115112305
v 69.732421875 -7.81730842590332 20.986669540405273
v 70.15508270263672 -5.282161712646484 39.20950698852539
v 70.41722869873047 -5.225283145904541 27.77537727355957
v 70.28901672363281 26.278812408447266 436.5401611328125
v 70.55655670166016 26.93912124633789 435.3434143066406
v 71.24739837646484 27.916324615478516 434.8164978027344
v 71.71322631835938 28.70306968688965 434.80389404296875
v 69.86468505859375 57.52813720703125 292.2820129394531
v 69.87271118164062 62.23155975341797 289.33880615234375
v 70.55947875976562 64.87623596191406 322.0115966796875
v 70.36791229248047 64.74055480957031 346.70068359375
v 70.20073699951172 64.48213958740234 328.1270751953125
v 70.45951843261719 65.384765625 324.5537109375
v 70.47607421875 66.66903686523438 351.5712585449219
v 70.3648681640625 66.60836791992188 290.5771789550781
v 69.44812774658203 69.29610443115234 357.7745056152344
v 70.67142486572266 80.26156616210938 353.64794921875
v 70.49332427978516 82.3410415649414 302.8282775878906
v 70.39111328125 84.02926635742188 349.90985107421875
v 70.60535430908203 86.29010009765625 346.00201416015625
v 70.32671356201172 92.22257232666016 323.8731689453125
v 70.39289093017578 -9.389749526977539 22.581424713134766
v 70.20685577392578 -6.54955530166626 22.5488224029541
v 70.20663452148438 -6.151164531707764 23.83138084411621
v 70.10836791992188 26.268054962158203 437.4781188964844
v 70.43899536132812 26.91175651550293 438.8701477050781
v 70.83842468261719 59.24785232543945 306.0691223144531
v 70.06158447265625 58.76599884033203 291.36273193359375
v 71.1679458618164 64.55628204345703 333.8225402832031
v 70.5959243774414 64.779541015625 337.5523986816406
v 70.71531677246094 70.33736419677734 355.69927978515625
v 71.31745910644531 74.05255889892578 354.9182434082031
v 70.52386474609375 76.60215759277344 355.4936828613281
v 71.0122299194336 78.86830139160156 299.16607666015625
v 71.1668701171875 86.66143035888672 309.676513671875
v 70.43453216552734 -13.672124862670898 39.10858917236328
v 70.83843994140625 -11.313414573669434 40.1788215637207
v 70.44934844970703 -9.546564102172852 24.417526245117188
v 70.33079528808594 -9.351821899414062 25.559295654296875
v 70.67801666259766 -7.517294406890869 40.163089752197266
v 70.23341369628906 -7.182450771331787 26.142980575561523
v 71.42951202392578 -7.550409317016602 27.164579391479492
v 72.62740325927734 -3.8635647296905518 30.023542404174805
v 73.79783630371094 -3.148099899291992 32.645355224609375
v 73.99300384521484 -3.2415554523468018 34.25767135620117
v 72.2201919555664 30.316423416137695 438.3131103515625
v 72.26776885986328 60.50242233276367 298.1003723144531
v 72.44578552246094 63.622798919677734 294.767578125
v 70.8951187133789 62.50306701660156 311.9822082519531
v 70.91886901855469 65.09405517578125 341.8189697265625
v 71.79019927978516 66.10031127929688 322.9435119628906
v 71.1639633178711 66.86286926269531 351.07843017578125
v 71.19732666015625 72.73139953613281 294.31890869140625
v 71.16552734375 76.73957061767578 355.0618591308594
v 71.2314682006836 80.50426483154297 301.7995300292969
v 71.65782165527344 86.43280029296875 343.7860107421875
v 70.783447265625 90.21163940429688 316.4869079589844
v 71.39259338378906 89.99951934814453 338.7190246582031
v 71.0435791015625 91.59888458251953 334.27459716796875
v 71.42262268066406 -10.468273162841797 26.954540252685547
v 70.8487777709961 -9.15658950805664 40.379913330078125
v 70.64996337890625 -8.008158683776855 23.780107498168945
v 71.8121337890625 30.75514030456543 436.903076171875
v 71.52745056152344 58.8627815246582 299.83740234375
v 71.98246765136719 60.321842193603516 305.17694091796875
v 72.02519989013672 66.72879028320312 347.8913879394531
v 71.39983367919922 69.2668228149414 352.769775390625
v 71.07283782958984 68.67959594726562 292.2288513183594
v 71.11477661132812 82.20914459228516 351.3096008300781
v 72.2962417602539 86.90868377685547 343.2203063964844
v 71.4307861328125 91.12635803222656 321.5954284667969
v 71.45173645019531 91.86280822753906 330.9291076660156
v 74.1360855102539 -15.69200325012207 34.422672271728516
v 71.49182891845703 -8.64968490600586 26.92139434814453
v 72.1511459350586 -5.1084089279174805 28.470901489257812
v 72.7223129272461 24.483570098876953 436.0904541015625
v 72.87696838378906 26.45958709716797 439.23895263671875
v 71.89183807373047 25.680419921875 438.4815368652344
v 72.15109252929688 29.71784210205078 435.3680419921875
v 72.28258514404297 66.32406616210938 293.8385009765625
v 72.03502655029297 65.12049102783203 318.3679504394531
v 72.01872253417969 65.18159484863281 337.18353271484375
v 72.20964813232422 65.90841674804688 341.04608154296875
v 71.59051513671875 71.82514953613281 353.9748840332031
v 72.1667251586914 80.59606170654297 351.27862548828125
v 72.81307983398438 82.18450927734375 306.0207214355469
v 72.2391586303711 83.41677856445312 306.4183044433594
v 72.35856628417969 84.72636413574219 345.75140380859375
v 71.87368774414062 87.69542694091797 313.1318359375
v 71.6983871459961 -13.445853233337402 28.114620208740234
v 74.56766510009766 -12.675585746765137 38.60784912109375
v 72.99063873291016 24.723302841186523 435.029052734375
v 73.55159759521484 25.434757232666016 434.0155029296875
v 72.60499572753906 60.75114822387695 302.2337341308594
v 72.69071960449219 62.47166442871094 296.38812255859375
v 72.35071563720703 63.81047821044922 311.2008361816406
v 72.08255004882812 65.55387878417969 328.0162353515625
v 72.27409362792969 66.40048217773438 342.6404113769531
v 72.29212951660156 72.39256286621094 295.6380310058594
v 72.0425796508789 73.57415008544922 354.1458740234375
v 72.29231262207031 77.43882751464844 353.0747375488281
v 72.828857421875 79.96075439453125 303.4323425292969
v 72.62165832519531 88.364990234375 315.4864807128906
v 72.8818588256836 90.4442367553711 323.6330871582031
v 72.66144561767578 91.06169891357422 329.8506164550781
v 72.66826629638672 -12.307930946350098 27.295690536499023
v 72.6861572265625 -8.576992988586426 26.666046142578125
v 73.440185546875 24.200441360473633 436.9706115722656
v 72.65814208984375 29.150741577148438 439.2097473144531
v 74.71857452392578 29.334436416625977 436.31103515625
v 72.87701416015625 64.46369171142578 312.19049072265625
v 73.12152862548828 65.84378051757812 334.4361572265625
v 72.78653717041016 66.35629272460938 320.8988037109375
v 72.81019592285156 66.60391998291016 338.4581298828125
v 73.11476135253906 67.32925415039062 324.25946044921875
v 73.29393768310547 69.46984100341797 349.2135009765625
v 72.1556396484375 70.37572479248047 352.8062744140625
v 72.7474365234375 75.15834045410156 298.2753601074219
v 73.00871276855469 83.01033020019531 346.8482666015625
v 73.10857391357422 88.609619140625 338.9569091796875
v 73.41435241699219 88.55305480957031 317.9723205566406
v 73.20669555664062 -14.372550010681152 28.855253219604492
v 72.51207733154297 -10.420891761779785 26.741514205932617
v 73.60295104980469 -5.985819339752197 27.556190490722656
v 73.07526397705078 62.086753845214844 305.0320739746094
v 73.76939392089844 66.78191375732422 338.1694030761719
v 73.8038101196289 68.47608184814453 343.52520751953125
v 73.09233856201172 70.1980209350586 296.1480712890625
v 73.08228302001953 70.52281951904297 350.82574462890625
v 73.06946563720703 74.79882049560547 352.3257751464844
v 73.0666732788086 77.02200317382812 300.7476806640625
v 73.57478332519531 77.92194366455078 303.06732177734375
v 73.41781616210938 78.00109100341797 350.86004638671875
v 73.1642837524414 85.44515991210938 311.0260009765625
v 72.94767761230469 90.39924621582031 334.0539855957031
v 74.47237396240234 -15.5624361038208 31.0206356048584
v 74.09455871582031 -15.081504821777344 36.2653923034668
v 74.23053741455078 -13.84882926940918 37.81299591064453
v 74.889892578125 -9.129034996032715 39.37128829956055
v 74.5476303100586 -4.505171298980713 28.953582763671875
v 74.42257690429688 -5.429375648498535 38.058692932128906
v 74.29647827148438 -3.909276247024536 36.19337844848633
v 74.68997192382812 29.074806213378906 435.4443664550781
v 74.88986206054688 29.21307945251465 437.1502380371094
v 73.58594512939453 62.88863754272461 300.67816162109375
v 73.7729721069336 66.7157211303711 317.48797607421875
v 74.32207489013672 67.38958740234375 298.9134826660156
v 73.6994400024414 66.66091918945312 328.6271057128906
v 74.44127655029297 68.48902893066406 321.9175720214844
v 73.20535278320312 72.41753387451172 351.6389465332031
v 73.70240020751953 72.84141540527344 298.58819580078125
v 74.26091003417969 81.91647338867188 345.5682678222656
v 73.79059600830078 81.92477416992188 307.26104736328125
v 74.27001953125 85.5412826538086 313.9684753417969
v 73.84574890136719 90.18296813964844 330.3314514160156
v 74.5125732421875 -10.76782512664795 39.40495300292969
v 74.77442169189453 -7.309087753295898 39.02753448486328
v 73.95525360107422 26.78960418701172 433.7368469238281
v 74.8056869506836 27.90468406677246 434.0889892578125
v 73.91496276855469 63.52630615234375 303.5400390625
v 74.13933563232422 64.97084045410156 299.9477233886719
v 74.21297454833984 66.29969787597656 309.85198974609375
v 73.99678039550781 68.01883697509766 339.32470703125
v 73.98480224609375 68.1517562866211 341.90234375
v 74.4817886352539 77.64531707763672 304.6665344238281
v 74.66197967529297 83.77066040039062 343.3044738769531
v 74.73990631103516 84.96125030517578 341.983642578125
v 74.21226501464844 86.44560241699219 315.2684020996094
v 74.78398895263672 89.01016235351562 333.1540222167969
v 74.73207092285156 88.97053527832031 327.1329650878906
v 75.03849792480469 -14.401115417480469 27.45826530456543
v 74.83737182617188 -12.088342666625977 25.620851516723633
v 74.52413940429688 -6.780755043029785 26.33185386657715
v 76.11796569824219 23.094974517822266 436.9110107421875
v 74.57424926757812 26.818103790283203 439.0386962890625
v 74.40486145019531 28.08645248413086 438.927978515625
v 74.99386596679688 68.3399658203125 338.8291015625
v 74.12670135498047 70.20021057128906 298.5047302246094
v 75.20347595214844 71.89633178710938 344.5733642578125
v 74.29882049560547 72.6102523803711 348.91015625
v 74.15601348876953 75.20313262939453 350.022705078125
v 74.6372299194336 73.76844024658203 301.74993896484375
v 74.20513916015625 83.38829803466797 343.557373046875
v 75.22306823730469 -15.695657730102539 32.504493713378906
v 75.78630065917969 -3.7076499462127686 30.979494094848633
v 75.23528289794922 23.15897560119629 435.3936767578125
v 75.06769561767578 28.581703186035156 438.06787109375
v 74.57090759277344 65.43898010253906 304.1543273925781
v 74.78116607666016 67.18748474121094 310.3177490234375
v 74.88206481933594 68.02951049804688 316.4156494140625
v 75.74442291259766 68.5881118774414 335.56475830078125
v 74.85499572753906 68.14986419677734 326.94427490234375
v 75.24136352539062 69.70230865478516 323.6472473144531
v 74.81710815429688 80.21031188964844 307.8044738769531
v 75.42201232910156 79.23885345458984 344.9955139160156
v 74.57083892822266 83.78672790527344 311.5732727050781
v 75.1080551147461 86.74137115478516 338.450439453125
v 74.81417846679688 88.51203918457031 323.90594482421875
v 75.24286651611328 88.70008087158203 328.85888671875
v 75.34181213378906 -9.259072303771973 24.895605087280273
v 75.77686309814453 -5.159051418304443 27.28489112854004
v 76.06025695800781 -4.356186866760254 35.47175979614258
v 75.07125854492188 67.66566467285156 303.763427734375
v 75.07323455810547 68.25099182128906 308.53704833984375
v 75.65972137451172 69.31173706054688 315.7431640625
v 75.81533813476562 68.68900299072266 329.9621276855469
v 75.20091247558594 69.25711822509766 303.0797424316406
v 75.13909912109375 70.76619720458984 302.4573059082031
v 76.1363525390625 70.3905029296875 325.4185791015625
v 75.43733215332031 70.51824951171875 340.3229064941406
v 75.1712646484375 70.41416931152344 342.5718994140625
v 75.87786102294922 76.1376953125 344.6115417480469
v 75.08708190917969 74.71150207519531 304.73895263671875
v 75.67489624023438 80.49412536621094 343.0229797363281
v 75.1373519897461 86.41919708251953 318.1749572753906
v 77.56143188476562 -15.489692687988281 32.688392639160156
v 75.9485092163086 -15.534372329711914 29.3712215423584
v 76.26524353027344 -6.954044818878174 25.43755340576172
v 78.40287017822266 -4.122151851654053 32.34715270996094
v 75.18342590332031 24.435239791870117 433.8379821777344
v 76.00531005859375 24.143796920776367 437.9798278808594
v 75.82357025146484 25.783313751220703 433.4303894042969
v 76.03333282470703 70.7052993774414 320.7906799316406
v 75.95747375488281 70.01158905029297 339.5008239746094
v 75.44557189941406 75.5040512084961 305.851318359375
v 75.56828308105469 82.1579818725586 312.0185546875
v 76.13671112060547 87.11924743652344 333.947021484375
v 76.24652099609375 -11.57658863067627 38.18626022338867
v 77.1153564453125 -5.8467698097229 26.07355308532715
v 76.74151611328125 -4.125668048858643 28.88558578491211
v 75.61145782470703 71.4645767211914 306.69561767578125
v 75.79441833496094 70.18501281738281 308.81787109375
v 76.09725189208984 70.29045104980469 313.2178649902344
v 76.35509490966797 69.98497009277344 327.2901306152344
v 76.2942123413086 71.19481658935547 340.1358947753906
v 75.97856903076172 73.73316955566406 343.69512939453125
v 75.84027099609375 72.87014770507812 306.8653869628906
v 76.25497436523438 76.89415740966797 309.4358825683594
v 75.77384185791016 78.63458251953125 308.7899169921875
v 76.18360900878906 80.5920639038086 342.81610107421875
v 76.70879364013672 82.85885620117188 317.2607727050781
v 76.45027160644531 82.02172088623047 341.48895263671875
v 75.99798583984375 84.41635131835938 316.9977722167969
v 76.43143463134766 84.47932434082031 338.8948974609375
v 76.43714904785156 86.15543365478516 324.0365905761719
v 76.65914154052734 86.8658676147461 331.4560241699219
v 77.74906158447266 -14.500795364379883 34.90542984008789
v 76.34033966064453 -12.437878608703613 24.191129684448242
v 77.23120880126953 -10.563309669494629 23.02077293395996
v 77.62708282470703 -8.52142333984375 23.15220832824707
v 77.51284790039062 21.857683181762695 432.2756042480469
v 77.73021697998047 21.13349151611328 433.3171691894531
v 77.10407257080078 24.70331382751465 438.1318054199219
v 76.617431640625 26.95256233215332 433.87835693359375
v 77.80009460449219 25.899015426635742 437.8962097167969
v 77.1480484008789 27.5869083404541 434.9597473144531
v 76.60134887695312 72.41954803466797 311.9383544921875
v 76.07941436767578 72.48046875 340.91436767578125
v 76.43386840820312 74.45579528808594 341.5838928222656
v 76.76415252685547 74.52243041992188 311.1679382324219
v 76.25813293457031 78.07434844970703 342.6076965332031
v 76.34740447998047 80.35760498046875 312.4211120605469
v 76.3718490600586 86.7115478515625 326.7655944824219
v 77.12444305419922 86.1017837524414 329.2056579589844
v 76.8673324584961 -15.834606170654297 30.69310188293457
v 77.68057250976562 -14.3058443069458 24.40427589416504
v 79.0884780883789 -10.160040855407715 36.87439727783203
v 78.0261459350586 -3.889261484146118 30.66307830810547
v 77.9880599975586 21.257335662841797 435.2084655761719
v 77.8421630859375 23.41925621032715 431.389404296875
v 77.78227996826172 26.977632522583008 437.1253356933594
v 77.4626235961914 71.70562744140625 336.222900390625
v 76.63053894042969 71.72459411621094 315.3599853515625
v 76.8677749633789 72.63201141357422 323.1667785644531
v 76.98492431640625 73.01709747314453 340.4798889160156
v 76.4407730102539 76.40361022949219 342.19598388671875
v 76.92818450927734 78.66120910644531 342.1755065917969
v 77.68810272216797 -15.826066970825195 27.404630661010742
v 78.50910949707031 -15.339835166931152 25.144306182861328
v 79.04519653320312 -8.16760540008545 36.71376419067383
v 77.96189880371094 -6.050647258758545 36.25023651123047
v 78.09422302246094 -5.024982452392578 27.00366973876953
v 79.17048645019531 22.88541030883789 436.94830322265625
v 78.44918060302734 27.121177673339844 435.9544677734375
v 77.58940124511719 71.46826171875 330.17633056640625
v 77.29019927978516 73.9427490234375 319.37744140625
v 77.1421127319336 74.34074401855469 314.51611328125
v 77.15235137939453 74.63102722167969 341.1658630371094
v 77.15812683105469 76.20580291748047 313.6360778808594
v 76.89676666259766 78.71876525878906 313.119384765625
v 76.95905303955078 76.5220718383789 342.0012512207031
v 77.53511810302734 82.41643524169922 338.1282653808594
v 77.2110595703125 84.38269805908203 323.84954833984375
v 77.70330047607422 84.65535736083984 333.09649658203125
v 77.22359466552734 85.2367935180664 326.8297119140625
v 78.81993865966797 -16.30964469909668 29.23299217224121
v 77.8548583984375 -12.725735664367676 23.07611846923828
v 80.07829284667969 -12.090682029724121 35.56749725341797
v 79.27474975585938 -5.9747700691223145 24.32479476928711
v 77.45588684082031 72.3338851928711 326.6717529296875
v 77.61036682128906 74.85200500488281 322.7635803222656
v 77.63479614257812 76.13378143310547 318.52777099609375
v 77.78250885009766 77.22442626953125 340.0535888671875
v 77.71209716796875 78.25318908691406 318.396728515625
v 77.41595458984375 80.39546203613281 317.772705078125
v 77.96915435791016 79.84574127197266 338.837890625
v 77.7100830078125 82.1746597290039 322.6156921386719
v 78.98731994628906 -14.847698211669922 33.50783157348633
v 79.85550689697266 -13.527129173278809 34.67567443847656
v 78.76322174072266 -7.255838871002197 23.251384735107422
v 78.68633270263672 21.928285598754883 436.3503723144531
v 79.89598083496094 23.95258903503418 430.4168395996094
v 78.21709442138672 74.56287384033203 337.17633056640625
v 78.0902099609375 75.24639892578125 325.3005065917969
v 77.98304748535156 77.2633285522461 322.315673828125
v 78.00897216796875 79.6966781616211 322.12701416015625
v 78.20919799804688 82.12370300292969 326.0787048339844
v 78.25550842285156 83.70966339111328 329.5255126953125
v 79.81022644042969 -4.548776626586914 28.497318267822266
v 80.3050308227539 24.68132781982422 430.8053283691406
v 78.83129119873047 74.85031127929688 331.101318359375
v 78.4403305053711 74.52167510986328 327.5188903808594
v 78.55052947998047 78.63085174560547 325.62335205078125
v 78.59486389160156 76.80361938476562 336.5331726074219
v 78.22538757324219 81.8643798828125 335.72296142578125
v 78.53314971923828 79.24356842041016 336.6520690917969
v 79.6453857421875 -13.174568176269531 22.260587692260742
v 80.14436340332031 -12.211777687072754 21.66449546813965
v 79.87800598144531 -10.569890022277832 21.57908821105957
v 79.71000671386719 21.301420211791992 430.6215515136719
v 79.87611389160156 20.718191146850586 434.9887390136719
v 79.80227661132812 23.585880279541016 436.88397216796875
v 80.76277923583984 25.321989059448242 431.53558349609375
v 78.87171173095703 76.9932861328125 327.4879150390625
v 79.18489074707031 77.45032501220703 331.017822265625
v 79.0521469116211 79.99964141845703 332.4681091308594
v 79.03961181640625 79.73857879638672 328.4893493652344
v 78.78179168701172 81.96723175048828 331.1019287109375
v 80.77572631835938 -16.262271881103516 25.63787269592285
v 80.31764221191406 -15.810025215148926 31.419010162353516
v 80.16614532470703 -15.348531723022461 23.97471046447754
v 80.35729217529297 -14.159219741821289 22.604389190673828
v 80.44547271728516 -8.777596473693848 21.70882797241211
v 81.3865737915039 -7.122199058532715 34.1844482421875
v 79.97080993652344 -5.090358734130859 33.19990539550781
v 80.3663330078125 20.005640029907227 432.9627685546875
v 79.66383361816406 20.426748275756836 431.9172058105469
v 79.68783569335938 22.307790756225586 430.2326965332031
v 80.65170288085938 24.370264053344727 436.3422546386719
v 80.09766387939453 26.269020080566406 433.59490966796875
v 80.88617706298828 -14.931807518005371 32.71161651611328
v 80.88851928710938 -5.074952125549316 25.460725784301758
v 81.91605377197266 -5.139904499053955 30.082035064697266
v 81.13606262207031 25.21326446533203 435.23004150390625
v 81.27339172363281 -6.5581231117248535 22.98110008239746
v 81.42915344238281 19.93874740600586 430.0094299316406
v 82.48580932617188 22.107887268066406 428.0950012207031
v 81.05768585205078 25.674976348876953 434.4092712402344
v 81.33321380615234 -16.05814552307129 29.78824234008789
v 82.16667175292969 -13.91004753112793 33.024986267089844
v 82.65459442138672 -9.105487823486328 33.958030700683594
v 81.48847198486328 -4.75108528137207 26.968778610229492
v 82.33723449707031 19.18551254272461 430.6091003417969
v 81.82132720947266 -16.543752670288086 27.192363739013672
v 82.52500915527344 -15.575261116027832 23.790904998779297
v 81.89624786376953 -12.120174407958984 34.389923095703125
v 82.63878631591797 -10.43835163116455 34.14442825317383
v 82.53994750976562 25.27928924560547 432.2877197265625
v 84.23482513427734 -11.427663803100586 20.793622970581055
v 83.10214233398438 -8.469664573669434 21.59261131286621
v 83.67423248291016 -5.132416248321533 27.1885929107666
v 82.54674530029297 19.326919555664062 432.41314697265625
v 83.14834594726562 20.064363479614258 433.5815734863281
v 82.29683685302734 21.043399810791016 428.25836181640625
v 82.73106384277344 21.725908279418945 434.9582214355469
v 83.06243133544922 -16.145545959472656 25.22161102294922
v 83.0240478515625 -14.658398628234863 31.398344039916992
v 84.84273529052734 -13.947759628295898 21.648426055908203
v 83.397216796875 -6.612685203552246 31.288118362426758
v 82.69047546386719 -5.340356349945068 24.879549026489258
v 83.9929428100586 22.910425186157227 427.69268798828125
v 83.28142547607422 24.182743072509766 434.06756591796875
v 83.12117767333984 -15.935264587402344 29.33180046081543
v 83.74593353271484 -6.730409145355225 23.070539474487305
v 84.57514953613281 -5.931824684143066 29.17106056213379
v 82.61896514892578 19.75434112548828 428.6719665527344
v 83.4986343383789 22.92476463317871 434.4842224121094
v 83.80399322509766 23.872547149658203 428.6878356933594
v 84.39848327636719 24.405261993408203 429.64337158203125
v 84.03309631347656 -16.20690155029297 26.96086311340332
v 84.22959899902344 -12.695207595825195 32.07717514038086
v 83.51679992675781 24.714696884155273 432.7335510253906
v 84.29745483398438 -10.398149490356445 32.566749572753906
v 84.06462097167969 -8.026993751525879 31.908517837524414
v 84.3515625 18.49390411376953 429.8012390136719
v 84.61410522460938 -15.42525577545166 28.981523513793945
v 85.14307403564453 -15.369952201843262 23.257898330688477
v 84.23114776611328 -14.560970306396484 30.57162094116211
v 84.7849349975586 -9.330352783203125 21.118515014648438
v 86.74285125732422 -6.9292192459106445 24.268911361694336
v 86.91055297851562 18.351877212524414 426.6463623046875
v 86.1398696899414 19.373933792114258 426.0263671875
v 84.93904113769531 20.29775619506836 433.0246887207031
v 84.77654266357422 24.502601623535156 430.90283203125
v 85.36274719238281 -8.01393985748291 30.786548614501953
v 85.586669921875 18.761455535888672 430.9420166015625
v 85.30513000488281 21.537073135375977 433.23309326171875
v 86.05033111572266 -15.864729881286621 25.364316940307617
v 85.33211517333984 -10.566920280456543 31.771800994873047
v 85.62077331542969 -7.379750728607178 22.637739181518555
v 86.06256103515625 -6.394802570343018 25.849811553955078
v 85.86016082763672 20.932268142700195 425.8853454589844
v 85.38899993896484 23.960617065429688 431.92254638671875
v 85.31591796875 22.82126808166504 433.0234069824219
v 86.03619384765625 23.725923538208008 428.88653564453125
v 85.1715087890625 -13.298860549926758 30.840158462524414
v 85.45149230957031 -6.241576671600342 27.59157371520996
v 86.25738525390625 -12.654857635498047 21.345436096191406
v 85.68383026123047 -11.669493675231934 31.131961822509766
v 86.00110626220703 -10.671547889709473 21.022720336914062
v 85.718505859375 -6.920462131500244 28.885379791259766
v 86.33758544921875 22.572601318359375 426.50543212890625
v 86.71615600585938 -14.783564567565918 23.163700103759766
v 85.91027069091797 -9.628453254699707 30.879627227783203
v 86.62449645996094 -9.134113311767578 21.69278335571289
v 88.06129455566406 17.97442626953125 427.61016845703125
v 87.07330322265625 22.781421661376953 430.789794921875
v 87.10198211669922 -15.330066680908203 26.59107780456543
v 87.6266098022461 -14.174077987670898 28.315061569213867
v 87.54816436767578 -13.580887794494629 22.607669830322266
v 88.12640380859375 -12.499988555908203 28.995594024658203
v 87.21163177490234 -8.155591011047363 22.753990173339844
v 88.17436218261719 -8.508881568908691 28.067947387695312
v 87.81116485595703 20.373083114624023 430.92523193359375
v 87.54135131835938 23.038808822631836 427.38427734375
v 87.8266830444336 22.823862075805664 429.6488037109375
v 87.93730163574219 -14.681434631347656 24.682321548461914
v 87.32659912109375 -10.837870597839355 21.626216888427734
v 87.89598846435547 -7.433364391326904 26.51517677307129
v 89.15745544433594 19.064598083496094 429.18035888671875
v 88.2852783203125 -11.867696762084961 22.500524520874023
v 88.35294342041016 -10.580872535705566 29.046533584594727
v 87.81028747558594 -7.681877613067627 24.16032600402832
v 88.59751892089844 19.41651725769043 424.7814636230469
v 88.7735824584961 20.687746047973633 424.6607360839844
v 88.80261993408203 22.628564834594727 428.2098083496094
v 88.22103118896484 -14.454059600830078 26.446598052978516
v 88.67964935302734 -9.564641952514648 23.31412124633789
v 88.65375518798828 18.207550048828125 428.2971496582031
v 89.26363372802734 18.448463439941406 425.2037658691406
v 89.53826141357422 21.148998260498047 429.2547912597656
v 89.27725982666016 21.68138313293457 425.118896484375
v 88.9644775390625 -12.91938304901123 24.217321395874023
v 89.11726379394531 -13.013749122619629 26.718006134033203
v 88.9671401977539 -11.182517051696777 28.144603729248047
v 89.16710662841797 -9.18929672241211 25.14051628112793
v 89.14004516601562 -9.307428359985352 26.913379669189453
v 89.88433074951172 22.427196502685547 426.3727111816406
v 89.36892700195312 -11.342243194580078 24.357097625732422
v 90.90193176269531 17.30012321472168 426.7541198730469
v 89.57556915283203 17.69416618347168 426.3046875
v 89.5361099243164 -11.582780838012695 26.424774169921875
v 90.92768096923828 17.788297653198242 428.0183410644531
v 90.0754623413086 17.764991760253906 425.3939514160156
v 91.32665252685547 18.701528549194336 428.7852783203125
v 90.02315521240234 19.288660049438477 424.5439758300781
v 90.96461486816406 19.80805778503418 429.148193359375
v 90.30535888671875 20.41600799560547 424.73004150390625
v 91.21072387695312 21.73984146118164 427.6517028808594
v 90.47942352294922 17.99567222595215 424.0986328125
v 91.07760620117188 21.028244018554688 428.699462890625
v 91.0491714477539 21.3967342376709 425.5719299316406
v 91.79679870605469 16.560394287109375 423.8340759277344
v 91.65888214111328 17.71775245666504 422.77581787109375
v 92.45243835449219 21.0855770111084 425.7337646484375
v 92.0986099243164 16.357589721679688 425.4336242675781
v 91.95751953125 19.164228439331055 422.6975402832031
v 92.60647583007812 20.1837100982666 423.1920471191406
v 92.53363800048828 20.2559871673584 427.9490661621094
v 92.53372192382812 17.682781219482422 427.2462158203125
v 93.56463623046875 20.483551025390625 425.77276611328125
v 93.77043914794922 16.338632583618164 422.5609436035156
v 93.80235290527344 18.39171028137207 426.75408935546875
v 93.84955596923828 18.638957977294922 421.7720642089844
v 95.73612976074219 15.65770435333252 422.921142578125
v 95.22301483154297 16.474565505981445 425.23431396484375
v 94.5291976928711 15.986296653747559 424.7720642089844
v 93.60317993164062 17.372724533081055 421.9253845214844
v 94.29060363769531 19.29384994506836 426.1679992675781
v 94.85771942138672 19.73576545715332 422.3955993652344
v 94.7937240600586 20.173093795776367 423.612060546875
v 95.2428970336914 19.995756149291992 424.4195556640625
v 95.86106872558594 16.78523826599121 420.22625732421875
v 95.59136962890625 15.710939407348633 421.75537109375
v 95.08012390136719 18.12786865234375 420.7919616699219
v 95.93728637695312 17.270662307739258 425.4026184082031
v 96.15000915527344 18.394210815429688 425.357421875
v 95.94676971435547 18.9869384765625 420.912353515625
v 96.66494750976562 16.331012725830078 423.96844482421875
v 97.80302429199219 17.97504234313965 419.7025451660156
v 96.7559585571289 19.52202606201172 421.7303771972656
v 96.43953704833984 19.153669357299805 424.4221496582031
v 96.45912170410156 19.542011260986328 423.42584228515625
v 97.38551330566406 14.673632621765137 421.7149353027344
v 96.72521209716797 15.193798065185547 420.5646667480469
v 97.50607299804688 15.860358238220215 419.2785949707031
v 97.12864685058594 17.413131713867188 424.32366943359375
v 98.53472137451172 16.80489730834961 418.662109375
v 97.88460540771484 19.01620101928711 422.71697998046875
v 98.1394271850586 15.455513954162598 422.9629821777344
v 98.67040252685547 17.624649047851562 423.1564025878906
v 99.17424011230469 14.595114707946777 421.15380859375
v 98.32117462158203 18.57929801940918 420.76263427734375
v 99.591796875 14.614121437072754 418.7742004394531
v 99.5472183227539 17.88294219970703 419.39013671875
v 98.93733215332031 18.396408081054688 421.6148681640625
v 101.06808471679688 13.565092086791992 418.74542236328125
v 99.7257080078125 15.661587715148926 418.0837097167969
v 100.02192687988281 15.471338272094727 421.8269348144531
v 100.45001983642578 17.093364715576172 418.23150634765625
v 100.42619323730469 16.538097381591797 421.7916564941406
v 100.52345275878906 17.68934440612793 420.8970031738281
v 101.72924041748047 13.51346492767334 419.9210205078125
v 100.93252563476562 14.686245918273926 417.3011474609375
v 101.50955200195312 15.269429206848145 416.86700439453125
v 101.3834228515625 17.599885940551758 418.7483215332031
v 101.88309478759766 14.629430770874023 421.1764221191406
v 102.6248550415039 16.474077224731445 416.5182189941406
v 101.87943267822266 16.13459014892578 421.5203857421875
v 102.71902465820312 17.644521713256836 419.4967956542969
v 102.21634674072266 13.758495330810547 417.23358154296875
v 103.40228271484375 17.487478256225586 417.47015380859375
v 103.36518859863281 13.710343360900879 420.1863708496094
v 103.24501037597656 13.074243545532227 418.2457580566406
v 103.38037109375 15.15673542022705 415.7251892089844
v 102.6778564453125 16.5450382232666 420.92987060546875
v 105.35552978515625 12.430636405944824 416.5746154785156
v 104.58557891845703 13.075852394104004 418.7129821777344
v 104.46900177001953 13.934821128845215 415.2488098144531
v 103.79469299316406 14.606019020080566 420.7010498046875
v 103.98829650878906 15.88745403289795 420.7903137207031
v 103.88270568847656 17.082176208496094 420.06817626953125
v 104.69244384765625 17.3040828704834 417.6986999511719
v 105.31844329833984 12.760323524475098 415.6655578613281
v 105.70037841796875 16.729700088500977 416.2052917480469
v 106.10853576660156 12.399423599243164 417.4927062988281
v 105.35362243652344 16.00700569152832 415.28155517578125
v 105.53572845458984 16.7926082611084 418.64044189453125
v 105.41422271728516 14.152827262878418 419.46673583984375
v 106.04203033447266 15.26911449432373 419.25079345703125
v 107.3019790649414 15.167448043823242 413.867919921875
v 107.57176971435547 12.642341613769531 417.70635986328125
v 108.31253051757812 13.468785285949707 413.4428405761719
v 107.05868530273438 16.56316566467285 417.39300537109375
v 108.39361572265625 12.699219703674316 413.865966796875
v 107.82243347167969 15.607646942138672 418.08642578125
v 108.77289581298828 11.842643737792969 415.07904052734375
v 108.23736572265625 16.103647232055664 414.4897766113281
v 110.6016616821289 11.809591293334961 415.97637939453125
v 108.93262481689453 14.793551445007324 413.30096435546875
v 109.54108428955078 16.287593841552734 414.88751220703125
v 110.34152221679688 14.260598182678223 417.4786376953125
v 110.52252960205078 12.370511054992676 416.7272033691406
v 110.5560073852539 13.14588737487793 417.2442321777344
v 109.99295806884766 16.074077606201172 416.4462890625
v 110.73432159423828 11.480484008789062 413.2986755371094
v 110.9002685546875 12.478387832641602 412.2142333984375
v 111.4033203125 13.5687837600708 411.8695983886719
v 110.47115325927734 15.197053909301758 417.1183776855469
v 111.74275970458984 14.427480697631836 412.1372375488281
v 111.42321014404297 11.168795585632324 414.65386962890625
v 112.18289184570312 15.483945846557617 414.41082763671875
v 112.42417907714844 11.983427047729492 415.78302001953125
v 112.36641693115234 14.627826690673828 415.93316650390625
v 113.54057312011719 14.865693092346191 412.7027893066406
v 112.78526306152344 11.31354808807373 412.158935546875
v 114.0221176147461 12.87463092803955 415.3304748535156
v 113.28517150878906 10.812782287597656 413.3957214355469
v 113.42401123046875 13.052718162536621 411.24932861328125
v 113.9080581665039 11.100181579589844 414.22021484375
v 114.07952117919922 11.853076934814453 411.3062744140625
v 113.20441436767578 14.293212890625 411.94232177734375
v 113.96186828613281 14.528626441955566 414.4840393066406
v 114.84622955322266 11.198723793029785 411.85980224609375
v 116.71077728271484 11.900338172912598 413.3780517578125
v 115.50794982910156 14.771970748901367 411.3288879394531
v 115.29224395751953 14.807906150817871 413.42108154296875
v 115.80979919433594 11.149816513061523 412.465087890625
v 115.46511840820312 11.849477767944336 410.3328857421875
v 115.34053802490234 13.495498657226562 410.04443359375
v 116.87438201904297 13.718832015991211 413.4617004394531
v 117.38267517089844 11.106212615966797 410.49127197265625
v 116.99109649658203 12.809197425842285 413.5079345703125
v 116.4909439086914 14.60409927368164 412.6667785644531
v 117.2823715209961 12.095120429992676 409.56787109375
v 118.18680572509766 14.279075622558594 409.771484375
v 119.03498077392578 10.809508323669434 410.5234680175781
v 118.50000762939453 11.107847213745117 412.1051330566406
v 117.52733612060547 13.34755802154541 409.3604736328125
v 118.06278228759766 14.867979049682617 411.2738952636719
v 118.55926513671875 11.91218376159668 412.9588928222656
v 118.69576263427734 14.28001880645752 412.5664367675781
v 118.67157745361328 13.147444725036621 413.1319580078125
v 118.55305480957031 11.998669624328613 408.61029052734375
v 120.14549255371094 11.309332847595215 408.4369201660156
v 120.2629165649414 13.332980155944824 407.71234130859375
v 119.42594146728516 14.332880973815918 411.2489013671875
v 121.22931671142578 12.190483093261719 407.1430969238281
v 120.52080535888672 14.48593521118164 409.2213134765625
v 121.38533782958984 11.957903861999512 410.753662109375
v 121.3505859375 13.813105583190918 407.5620422363281
v 120.83793640136719 11.034527778625488 409.6919250488281
v 121.47505187988281 12.81650447845459 410.8260192871094
v 121.76224517822266 13.901670455932617 410.2015686035156
v 122.07701873779297 10.67480182647705 408.2937927246094
v 122.21337127685547 14.313594818115234 408.9304504394531
v 122.14124298095703 11.009542465209961 409.8080749511719
v 123.37966918945312 12.680154800415039 406.1940002441406
v 123.40121459960938 13.864286422729492 407.36895751953125
v 123.3915786743164 10.627257347106934 407.0076599121094
v 123.10868072509766 11.572465896606445 406.3240966796875
v 123.49647521972656 12.76875114440918 409.9678955078125
v 124.15895080566406 10.193288803100586 407.9484558105469
v 123.28128814697266 11.22258186340332 409.5809020996094
v 125.37364959716797 13.410600662231445 408.2615051269531
v 124.16841125488281 11.172452926635742 409.4244384765625
v 125.19200897216797 9.415863037109375 405.94219970703125
v 124.43573760986328 10.409502983093262 404.7995910644531
v 124.69215393066406 12.195683479309082 404.5085754394531
v 124.78339385986328 13.31091022491455 405.8134460449219
v 124.93699645996094 13.763604164123535 407.59344482421875
v 125.6839370727539 10.831703186035156 403.72906494140625
v 126.41513061523438 11.095059394836426 408.24969482421875
v 126.24967956542969 12.046277046203613 408.4911804199219
v 126.05635070800781 9.856678009033203 404.1346130371094
v 126.7742691040039 9.78940486907959 407.15264892578125
v 125.87159729003906 13.43766975402832 404.715087890625
v 126.01753997802734 13.420841217041016 407.1367492675781
v 126.3841781616211 9.370499610900879 405.90411376953125
v 128.431884765625 12.81655502319336 402.0893249511719
v 126.60467529296875 13.822916030883789 405.3341064453125
v 126.90196990966797 9.130596160888672 404.66009521484375
v 127.04778289794922 13.655499458312988 406.6541442871094
v 127.66797637939453 9.057000160217285 405.7191467285156
v 127.92366027832031 11.5457763671875 407.6145324707031
v 127.65997314453125 11.82080078125 402.240478515625
v 127.56503295898438 12.907416343688965 407.3476867675781
v 129.28623962402344 9.226164817810059 403.2016296386719
v 127.53325653076172 10.187026023864746 402.7531433105469
v 128.2227020263672 13.81887435913086 403.88995361328125
v 128.87232971191406 13.609492301940918 405.5354309082031
v 128.5596160888672 10.1278076171875 406.8985900878906
v 129.58062744140625 9.459794998168945 402.1226806640625
v 128.53848266601562 11.122819900512695 401.236572265625
v 128.88067626953125 13.543543815612793 402.9916687011719
v 130.4569549560547 9.468034744262695 404.2994079589844
v 129.708740234375 12.877384185791016 405.9942932128906
v 129.91049194335938 11.668363571166992 406.45361328125
v 130.1174774169922 13.520825386047363 403.91912841796875
v 130.97384643554688 10.180408477783203 404.83502197265625
v 130.3936309814453 12.86249828338623 401.03448486328125
v 130.44033813476562 11.501627922058105 400.4473876953125
v 130.19065856933594 13.647148132324219 402.5611572265625
v 131.4851837158203 10.11229133605957 400.4803161621094
v 130.85244750976562 12.77894115447998 404.7671203613281
v 131.6706085205078 9.322595596313477 402.7696228027344
v 131.3636932373047 11.253525733947754 405.0497741699219
v 132.2533416748047 10.04956340789795 403.9399108886719
v 132.08145141601562 11.478766441345215 398.9583435058594
v 132.7342987060547 13.764740943908691 402.24127197265625
v 132.6033477783203 9.552059173583984 401.6143798828125
v 132.6538543701172 9.946789741516113 399.6277160644531
v 132.77377319335938 12.724783897399902 403.7594299316406
v 134.13955688476562 13.107192993164062 397.88311767578125
v 134.4610595703125 13.759681701660156 398.3101501464844
v 132.23733520507812 13.81108570098877 401.1237487792969
v 134.0098876953125 9.50328254699707 400.7799072265625
v 133.64114379882812 10.127286911010742 402.53271484375
v 134.2783203125 11.281670570373535 402.8663024902344
v 134.32301330566406 12.647241592407227 402.6258850097656
v 133.97438049316406 11.433643341064453 397.7547302246094
v 134.19773864746094 13.522509574890137 401.8362731933594
v 134.91970825195312 14.212647438049316 400.0677490234375
v 134.68536376953125 10.343133926391602 398.172607421875
v 135.44288635253906 9.920467376708984 399.01708984375
v 136.92172241210938 13.483553886413574 394.7379150390625
v 135.43521118164062 14.33794116973877 398.7553405761719
v 136.62088012695312 13.970282554626465 400.1903991699219
v 136.32550048828125 10.14159870147705 399.9321594238281
v 135.86871337890625 11.360493659973145 396.0060119628906
v 137.301025390625 12.671586990356445 400.7542419433594
v 138.02247619628906 14.814146041870117 394.60992431640625
v 136.92572021484375 9.870314598083496 397.24188232421875
v 137.15956115722656 11.055596351623535 400.4949645996094
v 136.32174682617188 14.78403091430664 397.9305419921875
v 137.32679748535156 14.757822036743164 399.053466796875
v 137.63670349121094 9.938626289367676 399.0113220214844
v 137.81704711914062 11.65241527557373 394.8300476074219
v 137.41192626953125 14.906457901000977 397.09490966796875
v 138.83056640625 13.048614501953125 393.3990478515625
v 137.9759063720703 14.098145484924316 399.7903137207031
v 138.24136352539062 15.260294914245605 395.4455261230469
v 138.27597045898438 10.105708122253418 397.5696105957031
v 138.43836975097656 11.055875778198242 395.6609802246094
v 138.71292114257812 12.063904762268066 400.133544921875
v 138.59181213378906 13.104534149169922 400.0732116699219
v 138.51998901367188 10.890151023864746 399.70953369140625
v 139.3856964111328 12.048346519470215 393.53240966796875
v 140.13096618652344 14.3799409866333 393.358642578125
v 138.5270233154297 14.628776550292969 397.7740783691406
v 139.26719665527344 10.886454582214355 398.4693603515625
v 139.51966857910156 11.35595703125 394.2082214355469
v 139.1390838623047 14.099763870239258 398.02288818359375
v 139.55239868164062 11.379631042480469 397.0931396484375
v 140.7042999267578 15.247262954711914 396.21539306640625
v 140.93638610839844 15.48066520690918 394.894287109375
v 140.312744140625 10.976819038391113 395.50445556640625
v 139.601318359375 12.72557258605957 398.8057861328125
v 139.7050018310547 12.857165336608887 398.01983642578125
v 140.9298553466797 13.083669662475586 393.16748046875
v 142.05215454101562 14.090587615966797 396.6871032714844
v 141.7067413330078 11.806730270385742 394.1806640625
v 140.8758544921875 11.785469055175781 396.82110595703125
v 142.112548828125 12.843277931213379 396.7042236328125
v 142.20724487304688 12.02394962310791 395.6447448730469
v 141.79608154296875 13.58065128326416 393.4144287109375
v 141.94540405273438 14.636490821838379 394.1350402832031
v 141.8997039794922 15.052204132080078 395.3079528808594
v 142.77244567871094 13.573445320129395 394.9460144042969
f 1 2 3
f 3 2 4
f 2 5 4
f 3 4 6
f 7 1 3
f 6 4 8
f 5 8 4
f 2 1 9
f 2 9 5
f 3 6 10
f 11 1 7
f 12 1 11
f 7 13 14
f 11 7 14
f 15 6 8
f 12 16 1
f 9 1 16
f 5 17 8
f 10 18 3
f 3 18 13
f 7 3 13
f 10 6 19
f 19 6 15
f 20 15 8
f 16 21 9
f 5 9 21
f 21 17 5
f 18 10 22
f 10 19 22
f 23 21 16
f 24 13 18
f 25 19 15
f 13 26 14
f 26 11 14
f 26 27 11
f 11 27 12
f 8 28 20
f 23 16 12
f 8 17 28
f 29 26 13
f 30 15 20
f 20 28 30
f 27 23 12
f 31 28 17
f 32 24 18
f 32 18 22
f 13 24 29
f 17 21 31
f 32 22 33
f 15 34 25
f 24 32 35
f 29 24 35
f 36 27 26
f 15 30 34
f 30 28 37
f 38 21 23
f 38 31 21
f 19 25 39
f 36 26 29
f 36 23 27
f 31 37 28
f 40 37 31
f 32 33 41
f 32 41 35
f 22 19 42
f 42 19 39
f 35 36 29
f 25 34 39
f 38 40 31
f 43 41 33
f 44 45 33
f 44 33 22
f 36 46 23
f 38 23 46
f 33 45 43
f 42 44 22
f 46 36 35
f 34 30 47
f 37 48 30
f 30 48 47
f 41 49 35
f 50 39 34
f 51 38 46
f 38 52 40
f 41 43 49
f 53 42 39
f 53 39 50
f 49 46 35
f 34 47 50
f 48 54 47
f 55 37 40
f 55 48 37
f 42 56 44
f 53 56 42
f 51 52 38
f 49 51 46
f 47 54 57
f 52 55 40
f 55 54 48
f 58 45 44
f 56 58 44
f 59 56 53
f 60 50 47
f 43 61 62
f 43 62 49
f 47 63 60
f 47 57 63
f 64 55 52
f 55 64 54
f 65 43 45
f 59 66 56
f 67 49 62
f 53 50 68
f 67 51 49
f 65 45 58
f 58 56 66
f 53 68 59
f 67 69 51
f 69 52 51
f 69 64 52
f 70 54 64
f 58 66 71
f 72 66 59
f 59 68 72
f 73 62 61
f 50 60 68
f 70 74 54
f 74 57 54
f 66 72 71
f 65 61 43
f 63 75 60
f 63 57 75
f 68 76 72
f 67 62 73
f 77 69 67
f 78 70 64
f 58 71 65
f 68 79 76
f 80 68 60
f 78 64 69
f 57 74 75
f 65 71 81
f 72 82 71
f 77 67 73
f 68 80 79
f 77 78 69
f 75 83 60
f 75 74 84
f 85 81 71
f 81 86 65
f 76 82 72
f 65 86 61
f 80 60 83
f 84 83 75
f 76 87 82
f 88 61 86
f 88 73 61
f 89 76 79
f 90 89 79
f 91 81 85
f 82 85 71
f 87 76 89
f 80 92 79
f 93 78 77
f 93 94 78
f 70 78 94
f 70 95 74
f 74 95 84
f 96 85 82
f 82 87 96
f 88 97 73
f 97 77 73
f 92 90 79
f 98 92 80
f 83 98 80
f 99 70 94
f 70 99 95
f 83 84 95
f 86 81 91
f 86 100 88
f 77 97 101
f 101 93 77
f 98 83 102
f 103 85 96
f 104 96 87
f 88 100 97
f 105 106 89
f 90 105 89
f 90 107 105
f 92 107 90
f 94 93 99
f 95 108 83
f 83 108 102
f 109 85 103
f 86 91 110
f 100 86 110
f 89 106 87
f 92 111 107
f 98 111 92
f 112 111 98
f 98 102 112
f 104 87 106
f 113 101 97
f 114 101 113
f 101 114 93
f 99 93 114
f 115 108 95
f 109 91 85
f 103 96 104
f 100 116 97
f 116 113 97
f 112 117 111
f 99 115 95
f 91 118 110
f 116 100 110
f 108 119 102
f 119 112 102
f 107 120 105
f 107 121 120
f 111 121 107
f 122 99 114
f 115 99 122
f 105 120 106
f 111 117 121
f 106 123 104
f 118 116 110
f 123 106 120
f 124 120 121
f 125 115 122
f 108 126 119
f 123 103 104
f 123 120 127
f 124 127 120
f 115 126 108
f 109 118 91
f 126 115 125
f 128 109 103
f 128 103 123
f 116 118 129
f 124 130 127
f 116 129 113
f 117 131 121
f 112 132 117
f 133 128 123
f 133 123 127
f 114 134 122
f 125 122 134
f 109 135 118
f 135 109 128
f 131 136 121
f 131 117 132
f 137 133 127
f 133 135 128
f 118 135 129
f 138 113 129
f 124 136 130
f 139 113 138
f 121 136 124
f 113 139 114
f 119 132 112
f 140 126 125
f 126 141 119
f 130 137 127
f 142 129 135
f 139 134 114
f 119 141 132
f 126 140 141
f 135 133 143
f 142 138 129
f 144 130 136
f 131 145 136
f 132 146 131
f 147 140 125
f 134 147 125
f 148 130 144
f 145 144 136
f 146 145 131
f 139 147 134
f 132 141 146
f 142 135 149
f 130 150 137
f 140 151 141
f 135 143 149
f 152 147 139
f 147 153 140
f 138 152 139
f 153 147 152
f 154 137 150
f 154 133 137
f 148 150 130
f 155 142 149
f 155 138 142
f 138 156 152
f 145 157 144
f 140 158 151
f 146 151 145
f 141 151 146
f 154 143 133
f 156 138 155
f 158 140 153
f 159 154 150
f 148 144 160
f 144 157 160
f 158 161 151
f 149 143 154
f 148 162 150
f 155 149 163
f 164 162 148
f 160 164 148
f 165 157 145
f 151 165 145
f 150 166 159
f 162 166 150
f 167 160 157
f 159 168 154
f 149 154 168
f 155 169 156
f 152 170 153
f 171 157 165
f 157 171 172
f 170 158 153
f 161 165 151
f 149 168 173
f 149 173 163
f 163 169 155
f 157 172 167
f 174 168 159
f 166 174 159
f 169 152 156
f 169 170 152
f 170 161 158
f 171 165 175
f 161 175 165
f 174 176 168
f 173 177 163
f 163 177 169
f 164 160 178
f 167 179 160
f 170 180 161
f 180 175 161
f 181 174 166
f 182 169 177
f 160 179 178
f 183 179 172
f 179 167 172
f 168 176 173
f 184 166 162
f 184 162 164
f 178 184 164
f 174 185 186
f 174 181 185
f 172 187 183
f 188 171 175
f 171 189 172
f 172 189 187
f 190 169 182
f 190 170 169
f 190 180 170
f 180 188 175
f 176 174 186
f 184 181 166
f 191 188 180
f 188 189 171
f 192 184 178
f 179 193 178
f 183 193 179
f 194 177 173
f 192 178 193
f 191 180 190
f 183 195 193
f 187 195 183
f 188 196 189
f 197 173 176
f 184 198 181
f 197 194 173
f 192 198 184
f 199 177 194
f 177 199 182
f 182 199 200
f 182 200 190
f 200 191 190
f 191 196 188
f 192 201 198
f 202 192 193
f 191 200 203
f 193 195 202
f 191 203 196
f 189 204 187
f 187 204 195
f 205 189 196
f 206 185 181
f 206 181 198
f 207 201 192
f 202 207 192
f 208 202 195
f 206 186 185
f 176 186 209
f 201 210 198
f 205 204 189
f 198 210 206
f 197 176 209
f 211 203 200
f 212 210 201
f 213 214 202
f 208 213 202
f 208 195 204
f 201 207 215
f 216 199 194
f 214 215 207
f 199 216 211
f 199 211 200
f 214 207 202
f 208 204 217
f 218 194 197
f 205 219 204
f 206 209 186
f 215 212 201
f 220 196 203
f 220 205 196
f 221 206 210
f 197 209 218
f 212 221 210
f 194 218 216
f 220 222 205
f 205 222 219
f 223 203 211
f 223 220 203
f 204 224 217
f 225 209 206
f 225 206 221
f 204 219 224
f 212 215 226
f 226 215 227
f 218 228 216
f 216 223 211
f 212 226 221
f 214 227 215
f 229 223 216
f 208 230 213
f 208 217 230
f 220 231 222
f 213 230 232
f 213 232 214
f 220 223 233
f 222 234 219
f 219 234 224
f 209 225 235
f 236 225 221
f 214 232 227
f 233 231 220
f 237 235 225
f 218 209 235
f 238 223 229
f 217 239 230
f 240 239 217
f 234 222 231
f 224 241 217
f 217 241 240
f 236 237 225
f 235 228 218
f 242 216 228
f 242 229 216
f 238 229 242
f 238 243 223
f 243 233 223
f 234 241 224
f 236 221 226
f 232 244 227
f 245 228 235
f 232 246 244
f 230 246 232
f 247 246 230
f 239 248 230
f 248 247 230
f 239 240 248
f 249 236 226
f 244 226 227
f 233 234 231
f 240 250 248
f 251 235 237
f 244 249 226
f 228 245 242
f 250 240 241
f 249 252 236
f 251 245 235
f 253 254 244
f 253 244 246
f 246 255 253
f 247 255 246
f 248 256 247
f 234 257 241
f 258 237 236
f 252 258 236
f 244 259 249
f 254 259 244
f 255 247 256
f 233 260 234
f 237 258 251
f 261 249 259
f 242 262 238
f 262 243 238
f 248 250 263
f 248 263 256
f 257 250 241
f 242 264 262
f 261 252 249
f 264 245 251
f 264 242 245
f 260 257 234
f 265 258 252
f 266 255 256
f 263 267 256
f 256 267 266
f 257 268 250
f 250 268 263
f 269 251 258
f 270 264 251
f 271 260 233
f 263 268 272
f 263 272 267
f 258 265 273
f 258 273 269
f 274 261 259
f 269 270 251
f 275 254 253
f 253 276 275
f 276 253 255
f 276 255 266
f 265 252 261
f 262 264 270
f 271 233 243
f 274 265 261
f 277 271 243
f 266 278 276
f 267 279 266
f 280 265 274
f 262 270 277
f 277 243 262
f 278 266 279
f 257 281 268
f 279 267 272
f 275 259 254
f 260 281 257
f 272 282 279
f 268 282 272
f 280 273 265
f 280 283 273
f 284 274 259
f 285 271 277
f 275 276 278
f 285 260 271
f 269 273 283
f 286 270 269
f 286 269 283
f 277 270 286
f 275 284 259
f 285 277 287
f 275 288 289
f 278 288 275
f 282 268 281
f 280 274 290
f 284 290 274
f 278 291 288
f 285 281 260
f 279 291 278
f 281 292 282
f 282 293 279
f 275 294 284
f 287 277 286
f 289 294 275
f 295 285 287
f 295 296 285
f 296 281 285
f 282 292 293
f 280 297 283
f 280 290 297
f 286 283 297
f 294 298 284
f 279 299 291
f 296 292 281
f 300 297 290
f 286 297 301
f 298 290 284
f 302 292 296
f 299 279 293
f 301 287 286
f 301 303 287
f 304 289 288
f 303 295 287
f 304 288 291
f 292 305 293
f 298 300 290
f 306 298 294
f 289 304 307
f 291 308 304
f 295 309 296
f 309 302 296
f 307 294 289
f 303 309 295
f 299 308 291
f 297 300 310
f 306 300 298
f 302 305 292
f 301 297 311
f 311 297 310
f 312 306 294
f 312 294 307
f 304 313 307
f 310 300 314
f 314 300 306
f 315 303 301
f 316 302 309
f 317 299 293
f 318 314 306
f 318 306 312
f 315 301 311
f 304 319 313
f 315 309 303
f 314 320 310
f 315 321 309
f 321 316 309
f 322 304 308
f 322 319 304
f 323 302 316
f 323 305 302
f 305 324 293
f 293 324 317
f 310 320 311
f 325 312 307
f 313 325 307
f 315 311 321
f 299 317 308
f 326 324 305
f 327 316 321
f 328 323 316
f 323 326 305
f 320 314 329
f 330 318 312
f 331 311 320
f 316 327 328
f 330 314 318
f 330 329 314
f 330 312 325
f 331 321 311
f 313 319 332
f 331 327 321
f 308 333 322
f 317 333 308
f 331 320 329
f 332 325 313
f 322 334 319
f 333 334 322
f 317 324 335
f 317 335 333
f 326 336 324
f 336 335 324
f 332 319 337
f 328 327 338
f 323 328 339
f 323 339 326
f 332 337 325
f 333 340 334
f 338 339 328
f 339 341 326
f 342 333 335
f 331 329 343
f 344 327 331
f 338 327 344
f 342 340 333
f 341 336 326
f 345 330 325
f 337 345 325
f 343 344 331
f 334 337 319
f 336 342 335
f 334 346 337
f 342 347 340
f 330 348 329
f 330 345 348
f 349 343 329
f 349 329 348
f 345 337 350
f 351 350 337
f 343 349 344
f 334 340 346
f 342 352 347
f 341 353 336
f 336 352 342
f 354 348 345
f 340 355 346
f 347 355 340
f 356 339 338
f 356 341 339
f 341 357 353
f 353 352 336
f 346 351 337
f 358 338 344
f 355 347 359
f 359 347 352
f 349 348 360
f 360 348 354
f 350 354 345
f 358 344 349
f 358 356 338
f 360 358 349
f 355 361 346
f 362 352 353
f 359 352 362
f 350 351 363
f 351 346 361
f 341 356 364
f 341 364 357
f 365 359 362
f 357 362 353
f 366 360 354
f 350 366 354
f 351 361 363
f 360 366 367
f 360 367 358
f 367 368 358
f 355 369 361
f 368 356 358
f 365 369 359
f 370 366 350
f 350 363 370
f 371 356 368
f 359 369 355
f 356 371 364
f 370 372 366
f 372 367 366
f 367 373 368
f 372 373 367
f 363 361 374
f 369 374 361
f 375 372 370
f 369 376 374
f 377 365 362
f 378 373 372
f 372 375 378
f 363 374 379
f 378 368 373
f 364 380 357
f 357 380 362
f 380 377 362
f 379 370 363
f 381 371 368
f 364 371 381
f 380 364 381
f 379 375 370
f 381 368 378
f 382 369 365
f 382 365 377
f 369 382 376
f 380 381 383
f 380 383 384
f 384 377 380
f 381 378 385
f 379 386 375
f 386 385 378
f 378 375 386
f 374 387 379
f 376 388 374
f 389 381 385
f 376 390 388
f 389 383 381
f 384 383 389
f 384 391 377
f 382 377 391
f 386 379 392
f 387 392 379
f 376 393 390
f 393 376 382
f 387 374 388
f 394 384 389
f 395 396 386
f 396 385 386
f 385 396 397
f 397 389 385
f 389 397 394
f 384 394 391
f 382 391 398
f 393 382 398
f 386 392 395
f 399 396 395
f 400 396 399
f 400 397 396
f 400 401 397
f 397 401 394
f 402 394 401
f 403 398 391
f 404 399 395
f 405 388 406
f 390 406 388
f 407 406 390
f 393 407 390
f 401 408 402
f 391 402 403
f 394 402 391
f 399 409 400
f 388 405 387
f 409 401 400
f 401 409 408
f 395 410 404
f 410 395 392
f 387 411 392
f 412 409 399
f 413 414 415
f 413 415 416
f 417 418 416
f 417 416 415
f 415 419 417
f 404 410 420
f 411 387 405
f 421 422 409
f 422 408 409
f 408 403 402
f 403 423 398
f 416 424 425
f 425 426 413
f 425 413 416
f 416 418 424
f 414 427 415
f 419 428 417
f 429 399 404
f 412 399 429
f 412 421 409
f 430 406 407
f 431 408 422
f 431 432 408
f 423 433 398
f 434 424 418
f 426 435 413
f 435 414 413
f 435 436 414
f 417 434 418
f 436 437 414
f 437 427 414
f 417 428 434
f 427 438 415
f 439 419 415
f 440 441 442
f 442 441 443
f 404 420 444
f 444 429 404
f 410 445 420
f 392 411 410
f 411 405 446
f 430 405 406
f 446 405 430
f 447 393 398
f 403 408 432
f 448 425 424
f 425 449 426
f 448 424 434
f 436 450 437
f 451 427 437
f 439 415 438
f 452 453 442
f 440 453 454
f 453 440 442
f 454 455 440
f 441 440 455
f 456 457 458
f 459 460 461
f 460 459 458
f 462 456 463
f 458 463 456
f 461 464 459
f 459 465 458
f 458 465 463
f 465 459 466
f 464 466 459
f 411 445 410
f 429 467 412
f 468 422 421
f 422 468 431
f 393 447 407
f 398 433 447
f 403 432 469
f 448 470 425
f 470 449 425
f 471 472 448
f 434 471 448
f 436 472 471
f 473 436 435
f 436 471 450
f 471 434 474
f 450 451 437
f 474 434 428
f 451 438 427
f 453 475 476
f 475 453 452
f 454 453 476
f 477 478 452
f 479 455 454
f 443 441 480
f 455 481 441
f 441 481 482
f 460 458 457
f 457 456 462
f 483 461 460
f 462 463 484
f 484 463 485
f 486 463 465
f 466 464 487
f 465 466 488
f 420 489 490
f 490 444 420
f 445 489 420
f 491 429 492
f 492 429 444
f 491 467 429
f 446 493 411
f 421 412 467
f 494 432 431
f 426 495 435
f 495 473 435
f 450 471 496
f 471 474 496
f 497 438 451
f 498 428 419
f 439 498 419
f 499 475 452
f 499 452 478
f 476 500 454
f 479 454 500
f 452 501 477
f 501 452 442
f 442 443 501
f 455 479 502
f 455 502 481
f 482 480 441
f 457 503 460
f 462 504 457
f 483 505 506
f 505 483 460
f 504 462 484
f 483 507 461
f 484 485 504
f 507 464 461
f 508 485 463
f 485 508 509
f 463 486 508
f 464 507 510
f 464 510 487
f 511 465 488
f 465 511 486
f 487 512 466
f 488 466 512
f 513 514 515
f 515 514 516
f 514 517 516
f 516 517 518
f 519 520 514
f 520 517 514
f 518 517 521
f 520 522 517
f 517 522 521
f 445 411 523
f 493 523 411
f 524 421 467
f 430 525 446
f 447 430 407
f 468 494 431
f 423 403 469
f 472 526 448
f 436 526 472
f 473 526 436
f 449 495 426
f 527 450 496
f 428 498 474
f 528 438 497
f 528 439 438
f 501 443 529
f 443 480 529
f 530 481 502
f 505 460 503
f 531 503 457
f 531 457 504
f 504 532 531
f 483 506 533
f 504 485 532
f 485 534 532
f 485 535 534
f 485 509 535
f 509 508 536
f 509 536 535
f 537 487 510
f 487 537 512
f 512 538 488
f 515 539 540
f 513 540 541
f 540 513 515
f 515 516 539
f 539 516 542
f 513 541 543
f 544 519 543
f 543 519 513
f 542 516 518
f 519 514 513
f 519 545 520
f 520 545 522
f 444 490 492
f 546 467 491
f 547 493 446
f 467 548 524
f 421 524 549
f 421 549 468
f 447 525 430
f 550 448 526
f 550 470 448
f 449 470 550
f 551 449 550
f 551 552 449
f 449 552 495
f 496 474 498
f 553 475 499
f 554 497 451
f 478 555 499
f 528 556 439
f 501 557 477
f 501 529 557
f 556 528 558
f 559 502 479
f 560 529 480
f 480 561 560
f 503 562 505
f 563 562 503
f 564 563 503
f 561 480 482
f 561 482 565
f 503 531 564
f 482 481 565
f 566 506 505
f 567 507 533
f 533 507 483
f 568 539 569
f 534 535 570
f 511 508 486
f 571 508 511
f 572 539 568
f 573 536 508
f 540 539 572
f 539 574 569
f 569 574 575
f 488 576 511
f 577 576 488
f 538 577 488
f 541 540 578
f 539 542 574
f 579 574 542
f 580 581 519
f 580 519 544
f 542 518 521
f 519 581 545
f 582 545 581
f 583 521 522
f 545 582 584
f 584 522 545
f 522 585 583
f 586 489 445
f 525 547 446
f 549 587 468
f 588 469 432
f 526 589 550
f 590 526 473
f 591 590 473
f 473 495 591
f 475 592 476
f 592 475 553
f 499 593 553
f 593 499 555
f 450 594 451
f 594 450 527
f 594 554 451
f 595 555 478
f 500 596 479
f 597 478 477
f 597 595 478
f 557 597 477
f 554 528 497
f 439 598 498
f 599 557 529
f 529 600 599
f 558 528 554
f 439 556 598
f 502 559 530
f 558 601 556
f 602 481 530
f 562 603 505
f 481 602 604
f 603 566 505
f 605 564 531
f 481 604 565
f 606 506 566
f 605 531 532
f 533 506 607
f 608 605 532
f 532 534 608
f 569 609 568
f 507 567 610
f 534 570 611
f 507 610 510
f 540 572 578
f 576 571 511
f 571 612 508
f 508 612 573
f 613 535 536
f 535 613 570
f 578 614 541
f 575 574 615
f 536 573 613
f 615 574 579
f 616 544 617
f 616 580 544
f 541 614 618
f 617 544 543
f 617 543 618
f 618 543 541
f 521 619 542
f 581 620 582
f 619 521 583
f 522 584 585
f 489 621 490
f 546 491 622
f 622 491 492
f 546 548 467
f 623 547 525
f 447 624 525
f 624 623 525
f 468 587 494
f 432 494 625
f 625 588 432
f 423 469 588
f 589 551 550
f 626 551 589
f 590 589 526
f 495 552 627
f 627 591 495
f 500 476 628
f 598 629 498
f 599 600 630
f 479 631 559
f 529 560 600
f 556 632 598
f 633 558 554
f 634 556 601
f 634 632 556
f 561 635 560
f 565 636 561
f 606 607 506
f 633 609 558
f 558 609 601
f 633 637 568
f 568 609 633
f 638 601 609
f 639 608 534
f 640 567 533
f 638 609 569
f 534 611 639
f 641 572 637
f 637 572 568
f 575 638 569
f 638 575 642
f 578 572 641
f 576 643 571
f 644 537 510
f 645 576 577
f 645 577 538
f 570 646 611
f 614 578 641
f 646 570 613
f 611 646 580
f 613 573 646
f 646 581 580
f 646 573 581
f 542 619 579
f 573 620 581
f 584 582 647
f 647 585 584
f 585 648 583
f 649 492 650
f 650 492 490
f 492 649 622
f 586 651 489
f 586 445 652
f 445 523 652
f 523 493 652
f 547 653 493
f 654 524 548
f 654 549 524
f 623 655 547
f 656 587 549
f 447 657 624
f 433 657 447
f 588 658 423
f 659 552 551
f 659 551 626
f 628 476 592
f 660 594 527
f 661 527 496
f 500 628 596
f 554 594 662
f 663 661 498
f 661 496 498
f 664 665 555
f 555 595 664
f 498 629 663
f 664 595 597
f 557 666 667
f 599 666 557
f 667 597 557
f 662 668 554
f 632 629 598
f 669 530 559
f 668 633 554
f 669 602 530
f 669 670 602
f 560 635 671
f 672 564 605
f 608 672 605
f 561 636 635
f 673 606 566
f 673 566 603
f 638 634 601
f 674 675 642
f 674 676 677
f 674 642 676
f 642 678 676
f 679 676 678
f 680 681 576
f 643 576 681
f 642 575 678
f 610 644 510
f 576 645 680
f 571 682 612
f 643 682 571
f 575 683 678
f 575 615 683
f 684 645 538
f 685 611 580
f 685 580 616
f 644 512 537
f 686 684 512
f 512 684 538
f 612 687 573
f 688 617 618
f 614 688 618
f 689 615 579
f 690 573 687
f 691 579 619
f 579 691 689
f 690 620 573
f 620 690 582
f 690 692 582
f 619 583 693
f 692 647 582
f 648 694 583
f 647 695 585
f 695 648 585
f 621 650 490
f 651 621 489
f 652 493 653
f 433 696 657
f 625 697 588
f 433 423 696
f 626 698 659
f 590 626 589
f 590 698 626
f 627 552 659
f 698 627 659
f 591 698 590
f 591 627 698
f 593 555 699
f 527 661 660
f 631 479 596
f 700 597 667
f 666 599 630
f 666 630 701
f 702 664 597
f 630 600 703
f 631 704 559
f 560 671 600
f 705 670 669
f 705 669 706
f 564 707 563
f 668 708 633
f 709 632 634
f 710 603 562
f 562 563 711
f 711 563 707
f 672 707 564
f 604 636 565
f 606 712 607
f 713 675 714
f 675 674 677
f 633 708 637
f 713 642 675
f 677 676 715
f 716 638 642
f 716 642 713
f 679 715 676
f 611 717 639
f 717 611 685
f 679 678 683
f 717 685 616
f 616 718 717
f 512 644 719
f 682 720 612
f 617 718 616
f 721 718 617
f 721 617 688
f 722 688 614
f 720 687 612
f 723 683 615
f 615 689 723
f 619 693 724
f 694 693 583
f 725 695 647
f 726 651 586
f 727 622 649
f 652 726 586
f 728 548 546
f 729 656 549
f 587 625 494
f 658 730 423
f 730 696 423
f 697 658 588
f 553 731 592
f 593 731 553
f 732 628 592
f 733 699 555
f 733 555 665
f 662 594 660
f 700 667 666
f 701 630 703
f 734 665 664
f 734 664 735
f 664 702 735
f 559 736 669
f 706 669 736
f 706 734 705
f 705 734 735
f 668 662 737
f 738 629 632
f 670 705 739
f 740 741 742
f 742 743 740
f 602 670 739
f 744 602 739
f 709 738 632
f 562 711 710
f 714 675 743
f 743 675 677
f 743 677 740
f 740 745 741
f 604 602 744
f 603 746 673
f 710 746 603
f 745 740 677
f 747 712 606
f 747 606 673
f 607 748 533
f 749 608 639
f 749 672 608
f 638 709 634
f 638 716 709
f 745 677 715
f 748 750 640
f 640 533 748
f 751 641 708
f 641 637 708
f 750 567 640
f 752 715 679
f 753 680 754
f 753 681 680
f 679 755 752
f 680 756 754
f 751 614 641
f 681 757 643
f 755 679 683
f 645 756 680
f 757 682 643
f 751 722 614
f 757 720 682
f 758 718 721
f 683 759 755
f 645 684 760
f 683 723 759
f 719 686 512
f 686 760 684
f 720 761 687
f 687 761 762
f 687 762 690
f 619 724 691
f 762 692 690
f 763 764 765
f 647 692 725
f 765 764 766
f 766 767 765
f 768 765 767
f 769 649 650
f 546 622 728
f 729 549 654
f 656 770 587
f 655 771 772
f 655 623 771
f 623 624 771
f 657 773 624
f 773 771 624
f 774 697 625
f 775 657 696
f 730 658 776
f 699 777 593
f 778 596 628
f 779 666 701
f 665 734 733
f 780 597 700
f 780 702 597
f 734 781 733
f 660 737 662
f 704 736 559
f 706 781 734
f 663 629 738
f 739 705 735
f 600 671 782
f 783 742 741
f 741 784 783
f 741 785 784
f 635 786 671
f 635 636 786
f 737 708 668
f 709 787 738
f 741 745 785
f 672 788 707
f 745 789 785
f 744 790 604
f 604 790 636
f 791 711 707
f 714 792 793
f 713 714 793
f 793 716 713
f 752 745 715
f 745 752 789
f 794 673 746
f 794 746 754
f 717 749 639
f 567 750 795
f 795 610 567
f 756 794 754
f 756 645 760
f 721 688 796
f 722 796 688
f 723 689 797
f 798 765 799
f 798 763 765
f 763 800 764
f 694 724 693
f 799 765 768
f 801 725 692
f 802 695 725
f 695 803 648
f 804 805 768
f 767 804 768
f 806 767 766
f 649 769 807
f 806 804 767
f 622 727 808
f 806 809 804
f 728 622 808
f 810 726 652
f 653 810 652
f 654 548 728
f 547 811 653
f 547 655 811
f 729 770 656
f 587 774 625
f 657 775 773
f 696 812 775
f 777 731 593
f 813 779 701
f 813 701 703
f 778 631 596
f 814 660 815
f 661 815 660
f 663 815 661
f 702 816 735
f 816 702 780
f 782 703 600
f 706 817 781
f 818 660 814
f 819 735 816
f 818 737 660
f 783 820 742
f 739 735 819
f 821 782 671
f 742 820 822
f 783 784 823
f 823 784 824
f 822 743 742
f 822 792 714
f 822 714 743
f 824 784 785
f 744 739 819
f 785 825 824
f 707 826 791
f 826 707 788
f 789 827 785
f 828 788 672
f 716 787 709
f 710 829 746
f 829 710 711
f 829 711 791
f 828 672 749
f 830 712 747
f 830 747 673
f 673 794 830
f 754 746 829
f 754 829 753
f 753 829 831
f 832 830 794
f 833 749 717
f 756 832 794
f 753 831 681
f 757 681 831
f 751 834 722
f 610 795 835
f 758 833 717
f 718 758 717
f 834 836 722
f 835 644 610
f 837 761 720
f 838 796 722
f 838 722 836
f 723 797 759
f 719 839 686
f 840 797 689
f 800 763 798
f 691 840 689
f 724 840 691
f 841 801 762
f 762 801 692
f 801 802 725
f 768 805 799
f 648 842 694
f 802 803 695
f 803 842 648
f 843 806 766
f 649 807 727
f 844 769 650
f 844 650 621
f 651 844 621
f 845 805 804
f 728 846 847
f 846 728 808
f 843 809 806
f 804 809 848
f 653 811 849
f 811 655 850
f 655 772 850
f 851 852 772
f 771 851 772
f 770 853 587
f 853 774 587
f 773 851 771
f 773 854 851
f 658 697 776
f 779 855 856
f 628 732 778
f 856 666 779
f 700 666 856
f 780 700 856
f 733 781 817
f 857 736 704
f 817 706 736
f 663 738 815
f 858 859 783
f 816 860 819
f 820 783 859
f 783 823 858
f 821 671 786
f 824 861 823
f 862 738 787
f 862 815 738
f 744 819 863
f 636 864 786
f 790 744 863
f 790 863 864
f 790 864 636
f 824 825 861
f 827 825 785
f 788 828 826
f 716 793 787
f 865 607 712
f 737 866 708
f 748 607 865
f 867 789 752
f 789 867 868
f 831 829 869
f 751 708 866
f 751 866 834
f 831 869 870
f 831 870 757
f 871 757 870
f 755 872 752
f 756 873 832
f 760 873 756
f 871 720 757
f 872 755 759
f 874 719 644
f 835 874 644
f 871 837 720
f 875 721 796
f 875 796 838
f 876 877 798
f 878 876 798
f 879 800 877
f 877 800 798
f 880 800 879
f 761 881 762
f 878 798 799
f 878 799 882
f 883 840 724
f 881 841 762
f 800 880 764
f 694 883 724
f 842 883 694
f 880 884 764
f 799 885 882
f 805 885 799
f 802 886 803
f 884 766 764
f 887 766 884
f 805 845 885
f 887 843 766
f 888 808 727
f 846 808 888
f 889 728 847
f 890 804 848
f 845 804 890
f 889 654 728
f 891 810 653
f 848 809 892
f 893 770 729
f 852 851 894
f 851 895 894
f 774 896 697
f 851 854 895
f 773 775 854
f 897 732 592
f 731 897 592
f 898 731 777
f 733 899 699
f 900 813 703
f 901 780 856
f 816 780 901
f 900 703 782
f 814 902 818
f 815 902 814
f 823 903 858
f 863 819 860
f 862 902 815
f 903 823 861
f 792 822 904
f 862 787 905
f 861 825 906
f 907 861 906
f 793 905 787
f 789 868 908
f 789 908 827
f 827 908 909
f 827 909 825
f 825 909 906
f 865 712 910
f 830 910 712
f 791 869 829
f 869 791 826
f 911 826 828
f 748 912 750
f 913 828 749
f 867 752 914
f 915 913 749
f 749 833 915
f 872 914 752
f 916 915 833
f 916 833 758
f 917 836 834
f 916 758 918
f 918 758 721
f 721 875 918
f 919 872 759
f 874 839 719
f 759 797 919
f 837 881 761
f 920 801 841
f 921 884 880
f 920 922 801
f 802 801 922
f 802 922 886
f 923 803 886
f 924 803 923
f 803 924 842
f 925 888 727
f 926 843 887
f 727 807 927
f 928 844 651
f 809 843 929
f 809 929 892
f 653 849 891
f 848 892 930
f 848 930 890
f 849 811 850
f 772 931 850
f 852 932 931
f 931 772 852
f 893 853 770
f 933 894 895
f 896 934 697
f 934 776 697
f 776 935 730
f 730 812 696
f 812 854 775
f 813 855 779
f 900 936 813
f 901 856 937
f 938 631 778
f 733 817 899
f 631 939 704
f 901 940 816
f 782 941 900
f 942 859 858
f 939 857 704
f 817 736 943
f 782 821 941
f 820 944 822
f 945 863 860
f 904 822 944
f 861 946 903
f 818 902 947
f 861 907 946
f 902 862 905
f 904 793 792
f 904 948 793
f 818 866 737
f 948 905 793
f 867 949 868
f 869 826 950
f 950 826 911
f 828 913 911
f 830 832 910
f 870 869 950
f 871 870 950
f 873 951 952
f 832 873 952
f 953 914 872
f 760 951 873
f 954 877 876
f 955 879 877
f 956 876 878
f 836 957 838
f 838 958 875
f 838 957 958
f 959 875 958
f 840 919 797
f 878 960 956
f 878 882 960
f 921 880 961
f 962 960 882
f 963 883 924
f 964 922 920
f 842 924 883
f 921 965 884
f 922 964 966
f 922 966 886
f 886 966 967
f 887 884 965
f 886 967 923
f 968 924 923
f 962 882 885
f 962 885 969
f 969 885 970
f 845 970 885
f 971 807 769
f 845 972 970
f 973 928 651
f 973 651 726
f 974 889 847
f 975 726 810
f 976 843 926
f 845 977 972
f 891 978 810
f 976 929 843
f 654 889 979
f 977 845 890
f 979 980 729
f 654 979 729
f 894 981 852
f 981 894 982
f 982 894 983
f 983 894 933
f 776 984 935
f 985 984 776
f 854 986 895
f 986 933 895
f 897 987 732
f 898 777 699
f 817 943 899
f 942 988 859
f 736 857 989
f 989 943 736
f 988 990 859
f 990 820 859
f 990 944 820
f 945 864 863
f 945 991 864
f 786 864 991
f 786 992 821
f 902 905 947
f 993 866 818
f 993 818 947
f 868 994 908
f 949 994 868
f 908 995 909
f 832 952 910
f 996 950 911
f 911 913 996
f 866 917 834
f 997 913 915
f 997 915 916
f 998 999 1000
f 877 954 955
f 954 876 1001
f 916 918 997
f 917 1002 836
f 999 1003 1000
f 1004 760 686
f 919 953 872
f 839 1004 686
f 957 836 1002
f 999 1005 1003
f 879 961 880
f 837 1006 881
f 959 918 875
f 840 1007 919
f 1008 918 959
f 959 958 1009
f 1009 958 1010
f 958 957 1010
f 1007 883 963
f 840 883 1007
f 1006 841 881
f 1008 959 1009
f 961 1011 921
f 1006 920 841
f 964 1008 966
f 966 1008 1009
f 967 1009 1010
f 921 1011 965
f 967 966 1009
f 923 967 968
f 924 968 1012
f 887 965 1013
f 1013 965 969
f 1014 846 888
f 1014 888 925
f 1015 925 727
f 927 1015 727
f 807 971 927
f 1013 926 887
f 1016 847 846
f 844 971 769
f 1017 926 1013
f 973 726 975
f 1017 1018 926
f 1018 976 926
f 889 974 979
f 978 975 810
f 1019 978 891
f 1019 891 1020
f 849 1020 891
f 929 976 892
f 1021 892 976
f 1022 849 850
f 892 1021 930
f 931 1022 850
f 932 852 1023
f 853 1024 774
f 1025 934 896
f 985 776 934
f 935 1026 730
f 730 1026 812
f 812 1026 854
f 854 1026 986
f 1027 855 813
f 936 1027 813
f 1028 699 899
f 900 1029 936
f 631 938 939
f 1030 900 941
f 857 939 1031
f 816 940 945
f 1032 942 858
f 1033 858 903
f 1033 1032 858
f 1031 1034 857
f 1034 1035 857
f 989 857 1035
f 860 816 945
f 907 1036 946
f 1037 748 865
f 867 1038 949
f 994 1039 908
f 1038 867 914
f 908 1039 995
f 1040 795 750
f 993 917 866
f 1041 950 996
f 1042 952 951
f 1043 950 1041
f 913 997 996
f 1044 998 1045
f 998 1046 1047
f 998 1000 1046
f 871 950 1043
f 999 998 1044
f 1048 955 954
f 1001 876 1049
f 1050 951 760
f 1000 1003 1046
f 1051 879 955
f 1049 876 956
f 837 871 1043
f 997 918 1052
f 1053 953 919
f 999 1044 1054
f 1055 879 1051
f 1006 837 1043
f 957 1002 1056
f 999 1054 1005
f 1057 1058 1059
f 1060 1052 918
f 1007 1053 919
f 1003 1005 1061
f 1055 961 879
f 1062 956 960
f 1008 1060 918
f 1057 1063 1058
f 1064 920 1006
f 1060 964 1064
f 964 1060 1008
f 1012 963 924
f 962 1065 960
f 920 1064 964
f 1011 1065 965
f 967 1010 968
f 969 1065 962
f 965 1065 969
f 1066 925 1057
f 1066 1014 925
f 1057 925 1063
f 1058 1063 1015
f 1067 1058 1015
f 1063 925 1015
f 1013 969 1068
f 1016 846 1014
f 927 1069 1015
f 970 1068 969
f 972 1068 970
f 974 847 1016
f 1013 1068 1017
f 972 1070 1068
f 1070 972 977
f 1070 977 1071
f 979 974 1072
f 977 1073 1071
f 890 1073 977
f 890 1074 1073
f 1075 1020 849
f 1022 1075 849
f 980 893 729
f 1076 931 932
f 852 1077 1023
f 852 981 1077
f 890 930 1078
f 893 1079 853
f 1079 1024 853
f 1024 1080 774
f 774 1080 896
f 896 1080 1025
f 1026 1081 986
f 1082 1083 1084
f 1084 1083 1085
f 1083 1086 1085
f 1087 897 731
f 1087 731 898
f 898 699 1028
f 987 1088 732
f 937 856 1089
f 1089 856 855
f 732 1088 778
f 1090 901 937
f 1091 899 943
f 943 989 1091
f 941 1092 1030
f 988 1093 990
f 1094 990 1093
f 1033 903 946
f 991 992 786
f 821 1095 941
f 1094 944 990
f 1096 904 944
f 1096 944 1094
f 904 1096 948
f 949 1038 1097
f 1097 1098 949
f 949 1098 994
f 1036 907 1099
f 748 1100 912
f 1101 1037 865
f 905 1102 947
f 1098 1103 994
f 994 1103 1039
f 907 906 1099
f 750 912 1040
f 1101 865 910
f 1102 993 947
f 995 1039 1104
f 1105 906 909
f 1099 906 1105
f 914 1106 1038
f 1107 909 995
f 1105 909 1107
f 993 1102 917
f 998 1108 1109
f 1110 835 795
f 1109 1045 998
f 998 1047 1108
f 1110 1059 835
f 1111 917 1102
f 1002 917 1111
f 914 953 1106
f 1041 996 1052
f 1052 996 997
f 1047 1046 1112
f 1051 1048 1113
f 1048 1051 955
f 1048 954 1001
f 1059 874 835
f 1050 1114 951
f 1002 1111 1056
f 1046 1003 1115
f 956 1062 1049
f 1110 1057 1059
f 1050 760 1004
f 953 1053 1106
f 1116 1115 1003
f 1059 1117 874
f 1052 1060 1041
f 1003 1061 1116
f 1059 1058 1117
f 1118 839 874
f 1118 874 1117
f 961 1055 1119
f 960 1065 1062
f 1006 1043 1064
f 1120 963 1121
f 963 1120 1007
f 1119 1011 961
f 1010 957 1056
f 1010 1056 1122
f 1121 1012 1122
f 1121 1122 1056
f 1012 1121 963
f 1123 1005 1054
f 1005 1123 1061
f 1058 1067 1117
f 968 1010 1122
f 968 1122 1012
f 844 928 971
f 1068 1124 1017
f 1124 1068 1070
f 1018 1017 1125
f 1126 978 1019
f 1127 976 1018
f 1128 1076 932
f 1129 1022 931
f 1129 1075 1022
f 1021 1078 930
f 1074 890 1078
f 984 1130 935
f 1130 1131 935
f 1026 935 1131
f 933 1132 983
f 986 1133 933
f 933 1133 1132
f 1134 1084 1085
f 1135 1082 1084
f 1085 1136 1137
f 1136 1085 1086
f 1082 1138 1083
f 1086 1139 1136
f 1140 987 897
f 1087 1140 897
f 1083 1138 1141
f 1083 1141 1086
f 1089 855 1027
f 899 1142 1028
f 1141 1143 1086
f 1142 899 1091
f 1090 940 901
f 1090 1144 940
f 942 1145 988
f 1032 1145 942
f 940 1144 945
f 1093 988 1145
f 938 1031 939
f 1146 991 945
f 1146 992 991
f 992 1095 821
f 1147 1094 1148
f 1149 1033 946
f 1036 1149 946
f 1150 1149 1036
f 1038 1151 1152
f 1038 1152 1097
f 1037 1100 748
f 905 948 1096
f 1151 1038 1153
f 1099 1150 1036
f 1154 905 1096
f 905 1154 1102
f 1110 795 1040
f 1106 1153 1038
f 1155 952 1042
f 1108 1047 1156
f 1114 1042 951
f 1102 1157 1111
f 1047 1112 1113
f 1158 1057 1110
f 1112 1051 1113
f 1049 1159 1048
f 1049 1048 1001
f 1115 1160 1046
f 1046 1160 1112
f 1112 1160 1051
f 1158 1066 1057
f 1121 1111 1157
f 1160 1055 1051
f 1043 1041 1060
f 1161 1120 1121
f 1162 1054 1044
f 1055 1160 1163
f 1064 1043 1060
f 1121 1056 1111
f 1054 1162 1164
f 1165 1116 1061
f 1163 1119 1055
f 1065 1166 1062
f 1119 1166 1011
f 1011 1166 1065
f 1054 1164 1123
f 1167 1014 1066
f 1015 1168 1067
f 1014 1167 1016
f 1168 1015 1069
f 1016 1169 974
f 1072 974 1169
f 1170 973 975
f 1170 975 978
f 1171 979 1072
f 1125 1017 1124
f 1071 1124 1070
f 1172 978 1126
f 1073 1173 1071
f 1019 1020 1174
f 1074 1173 1073
f 1175 976 1127
f 1075 1174 1020
f 1176 1174 1075
f 1076 1177 931
f 1023 1128 932
f 1175 1021 976
f 1129 931 1177
f 1178 981 982
f 1179 934 1025
f 984 1179 1180
f 1130 1180 1181
f 984 1180 1130
f 1178 982 983
f 934 1179 985
f 985 1179 984
f 983 1132 1182
f 1183 1026 1131
f 1026 1183 1081
f 1081 1184 986
f 1185 1186 1084
f 1185 1084 1134
f 1137 1134 1085
f 1135 1084 1186
f 1187 1082 1135
f 1188 1082 1187
f 1188 1138 1082
f 1086 1143 1139
f 1030 1029 900
f 1146 945 1144
f 1189 1145 1032
f 1189 1032 1033
f 1092 941 1095
f 938 1190 1031
f 1034 1191 1035
f 1148 1094 1192
f 1094 1093 1192
f 1193 1031 1190
f 1031 1193 1194
f 1034 1031 1194
f 1151 1147 1148
f 1151 1148 1152
f 1094 1195 1096
f 1195 1094 1147
f 1196 1195 1147
f 1196 1147 1151
f 1154 1096 1195
f 1097 1197 1098
f 1153 1196 1151
f 1197 1103 1098
f 1103 1104 1039
f 1155 1101 910
f 910 952 1155
f 1158 1110 1040
f 1106 1198 1153
f 1108 1199 1109
f 1200 1045 1109
f 1200 1109 1199
f 1113 1156 1047
f 1159 1156 1113
f 1159 1113 1048
f 1201 1044 1045
f 1202 1044 1201
f 1201 1045 1200
f 1203 1159 1049
f 1121 1157 1161
f 1053 1198 1106
f 1204 1115 1116
f 1062 1203 1049
f 1198 1053 1161
f 1115 1205 1160
f 1205 1163 1160
f 1120 1161 1007
f 1007 1161 1053
f 1165 1206 1204
f 1116 1165 1204
f 1203 1166 1207
f 1166 1203 1062
f 1163 1207 1119
f 1119 1207 1166
f 1118 1117 1067
f 1208 1123 1164
f 1118 1067 1168
f 1209 1168 1069
f 927 1210 1069
f 1210 927 971
f 1210 971 928
f 1211 928 973
f 980 979 1212
f 1071 1213 1124
f 1172 1126 1214
f 1215 1018 1125
f 1214 1126 1019
f 1174 1214 1019
f 893 980 1216
f 1217 1177 1076
f 1180 1174 1176
f 1129 1177 1218
f 1077 981 1219
f 1175 1220 1021
f 1075 1221 1176
f 1221 1075 1129
f 1178 1219 981
f 1181 1180 1176
f 1078 1021 1222
f 1078 1223 1074
f 1176 1221 1181
f 1179 1025 1224
f 1080 1225 1025
f 1130 1181 1131
f 983 1182 1178
f 1226 1182 1132
f 1184 1133 986
f 1227 1134 1137
f 1137 1228 1229
f 1228 1137 1136
f 1136 1230 1228
f 1231 1188 1187
f 1136 1139 1230
f 1028 1232 898
f 1232 1087 898
f 1233 1027 936
f 1089 1090 937
f 1234 1139 1143
f 1235 1138 1188
f 1141 1138 1235
f 1143 1236 1234
f 1141 1235 1143
f 938 778 1237
f 1238 1146 1144
f 1145 1239 1093
f 1035 1191 989
f 1192 1093 1239
f 1192 1239 1240
f 1034 1194 1191
f 1192 1152 1148
f 1152 1192 1197
f 1097 1152 1197
f 1241 1100 1037
f 1242 1103 1197
f 1243 1154 1195
f 1040 1244 1158
f 1245 1040 912
f 1246 1195 1196
f 1246 1196 1153
f 1150 1099 1247
f 1157 1154 1248
f 1102 1154 1157
f 1153 1198 1246
f 1042 1114 1155
f 1104 1249 995
f 995 1249 1107
f 1250 1199 1251
f 1251 1199 1108
f 1156 1251 1108
f 1199 1250 1200
f 1252 1200 1250
f 1161 1157 1248
f 1200 1253 1201
f 1253 1200 1252
f 1253 1252 1204
f 1204 1252 1115
f 1254 1044 1202
f 1205 1255 1163
f 1044 1254 1162
f 1206 1253 1204
f 1255 1207 1163
f 839 1256 1004
f 839 1118 1256
f 1257 1206 1165
f 1258 1069 1210
f 1171 1072 1169
f 1170 1211 973
f 1212 979 1171
f 978 1172 1170
f 1172 1214 1259
f 1125 1124 1213
f 1216 980 1212
f 1260 1214 1174
f 1215 1127 1018
f 1173 1213 1071
f 1173 1261 1213
f 1217 1076 1128
f 1180 1260 1174
f 1179 1260 1180
f 1218 1221 1129
f 1220 1222 1021
f 1079 1262 1024
f 1078 1222 1223
f 1024 1263 1080
f 1181 1221 1131
f 1081 1183 1264
f 1264 1265 1081
f 1185 1266 1267
f 1134 1266 1185
f 1134 1227 1266
f 1267 1186 1185
f 1268 1227 1137
f 1269 1135 1186
f 1229 1268 1137
f 1270 1135 1269
f 1270 1187 1135
f 1270 1271 1187
f 1187 1271 1231
f 1272 1188 1231
f 1230 1139 1273
f 1089 1027 1274
f 1273 1139 1234
f 1272 1235 1188
f 1238 1144 1090
f 1088 1237 778
f 1239 1145 1275
f 1189 1275 1145
f 1190 938 1237
f 1146 1276 992
f 1095 992 1276
f 1277 1189 1033
f 1033 1149 1277
f 1197 1192 1240
f 912 1100 1245
f 1278 1241 1037
f 1244 1040 1245
f 1101 1278 1037
f 1195 1246 1243
f 1103 1242 1279
f 1066 1244 1167
f 1244 1066 1158
f 1248 1154 1243
f 1280 1103 1279
f 1280 1104 1103
f 1281 1248 1243
f 1281 1243 1246
f 1281 1246 1198
f 1282 1099 1105
f 1105 1107 1282
f 1251 1156 1283
f 1156 1159 1283
f 1198 1248 1281
f 1161 1248 1198
f 1252 1250 1115
f 1284 1115 1250
f 1159 1285 1283
f 1159 1203 1285
f 1284 1205 1115
f 1202 1201 1286
f 1253 1286 1201
f 1284 1255 1205
f 1285 1207 1255
f 1207 1285 1203
f 1050 1004 1287
f 1253 1206 1288
f 1288 1206 1257
f 1168 1256 1118
f 1257 1165 1061
f 1168 1209 1256
f 1123 1208 1289
f 1123 1289 1061
f 1167 1290 1016
f 1290 1291 1016
f 1169 1016 1291
f 1292 1210 928
f 1292 928 1211
f 1293 1215 1125
f 1293 1125 1294
f 1125 1213 1294
f 1260 1259 1214
f 1295 1259 1260
f 893 1216 1079
f 1177 1217 1296
f 1295 1260 1179
f 1218 1177 1296
f 1179 1224 1295
f 1219 1178 1297
f 1298 1221 1218
f 1263 1024 1262
f 1225 1080 1263
f 1025 1225 1224
f 1298 1131 1221
f 1183 1131 1298
f 1081 1265 1184
f 1132 1133 1226
f 1269 1186 1267
f 1228 1230 1299
f 1272 1231 1300
f 1232 1140 1087
f 1233 936 1301
f 1302 987 1140
f 1301 936 1029
f 1303 1090 1089
f 1301 1029 1304
f 1030 1304 1029
f 1090 1303 1238
f 1305 1235 1272
f 1306 1142 1091
f 1091 989 1306
f 1307 1146 1238
f 1308 1092 1095
f 1143 1235 1309
f 1189 1310 1275
f 1276 1308 1095
f 1240 1239 1275
f 1311 1277 1149
f 1312 1191 1194
f 1242 1197 1240
f 1313 1314 1190
f 1314 1193 1190
f 1312 1194 1193
f 1314 1315 1193
f 1249 1316 1107
f 1250 1251 1284
f 1284 1251 1283
f 1050 1317 1114
f 1284 1283 1285
f 1255 1284 1285
f 1253 1288 1286
f 1256 1287 1004
f 1208 1164 1318
f 1257 1061 1289
f 1069 1319 1209
f 1258 1319 1069
f 1292 1258 1210
f 1211 1170 1320
f 1321 1212 1171
f 1172 1320 1170
f 1212 1322 1216
f 1077 1323 1023
f 1323 1128 1023
f 1294 1213 1261
f 1324 1296 1217
f 1077 1219 1325
f 1225 1326 1224
f 1224 1326 1295
f 1219 1297 1327
f 1328 1173 1074
f 1218 1296 1298
f 1222 1329 1223
f 1074 1223 1330
f 1331 1178 1182
f 1332 1270 1269
f 1333 1268 1229
f 1300 1231 1271
f 1233 1274 1027
f 1299 1230 1273
f 1272 1300 1334
f 1302 1140 1335
f 1335 1140 1232
f 987 1302 1088
f 1142 1336 1028
f 1337 1238 1303
f 1307 1238 1337
f 1236 1338 1234
f 1236 1143 1309
f 1307 1276 1146
f 1237 1339 1190
f 1191 1306 989
f 1275 1340 1240
f 1340 1275 1310
f 1277 1310 1189
f 1341 1310 1277
f 1339 1313 1190
f 1340 1242 1240
f 1149 1150 1311
f 1193 1315 1342
f 1193 1342 1312
f 1314 1343 1315
f 1242 1344 1279
f 1167 1244 1345
f 1114 1317 1155
f 1247 1099 1282
f 1050 1287 1317
f 1345 1290 1167
f 1288 1346 1286
f 1347 1169 1291
f 1347 1171 1169
f 1321 1171 1347
f 1322 1212 1321
f 1348 1320 1172
f 1259 1348 1172
f 1216 1322 1349
f 1259 1295 1350
f 1349 1079 1216
f 1326 1350 1295
f 1325 1219 1327
f 1351 1175 1127
f 1352 1262 1079
f 1353 1327 1297
f 1262 1354 1263
f 1352 1354 1262
f 1326 1263 1354
f 1263 1326 1225
f 1355 1298 1296
f 1222 1220 1356
f 1222 1356 1329
f 1330 1223 1329
f 1298 1355 1183
f 1183 1355 1264
f 1226 1331 1182
f 1357 1265 1264
f 1266 1227 1358
f 1358 1227 1268
f 1270 1359 1271
f 1360 1089 1361
f 1362 1232 1028
f 1360 1303 1089
f 1336 1362 1028
f 1334 1363 1272
f 1273 1234 1364
f 1363 1305 1272
f 1365 1092 1308
f 1309 1235 1305
f 1236 1309 1338
f 1340 1310 1366
f 1341 1277 1311
f 1306 1191 1312
f 1244 1245 1367
f 1100 1368 1245
f 1366 1242 1340
f 1242 1366 1344
f 1101 1155 1369
f 1370 1282 1107
f 1370 1107 1316
f 1345 1371 1290
f 1372 1254 1202
f 1287 1256 1373
f 1162 1374 1164
f 1375 1291 1290
f 1209 1373 1256
f 1376 1289 1208
f 1373 1209 1377
f 1319 1377 1209
f 1347 1291 1375
f 1320 1378 1211
f 1379 1348 1259
f 1380 1379 1259
f 1323 1077 1325
f 1352 1079 1349
f 1381 1296 1324
f 1351 1220 1175
f 1328 1261 1173
f 1355 1381 1382
f 1296 1381 1355
f 1297 1178 1331
f 1074 1330 1328
f 1355 1357 1264
f 1265 1383 1184
f 1383 1133 1184
f 1267 1266 1384
f 1358 1385 1266
f 1386 1332 1269
f 1386 1269 1267
f 1387 1268 1333
f 1270 1332 1359
f 1388 1300 1271
f 1361 1089 1274
f 1273 1389 1299
f 1232 1362 1335
f 1302 1390 1088
f 1391 1336 1142
f 1392 1030 1092
f 1304 1030 1392
f 1088 1390 1237
f 1391 1142 1306
f 1092 1365 1392
f 1234 1338 1364
f 1390 1393 1237
f 1394 1309 1305
f 1237 1393 1339
f 1395 1391 1306
f 1245 1368 1367
f 1306 1312 1395
f 1311 1150 1396
f 1278 1101 1369
f 1314 1313 1397
f 1397 1398 1314
f 1343 1314 1398
f 1342 1315 1399
f 1317 1369 1155
f 1282 1400 1247
f 1280 1401 1104
f 1287 1402 1317
f 1287 1373 1402
f 1254 1403 1162
f 1372 1286 1346
f 1372 1202 1286
f 1374 1318 1164
f 1404 1257 1289
f 1318 1376 1208
f 1292 1211 1378
f 1405 1322 1321
f 1350 1380 1259
f 1323 1325 1406
f 1407 1215 1293
f 1407 1293 1294
f 1324 1217 1128
f 1261 1407 1294
f 1382 1357 1355
f 1133 1408 1226
f 1409 1267 1384
f 1267 1409 1386
f 1268 1387 1358
f 1410 1333 1229
f 1228 1410 1229
f 1411 1363 1334
f 1363 1412 1305
f 1309 1413 1338
f 1368 1100 1241
f 1368 1241 1414
f 1415 1244 1367
f 1339 1416 1313
f 1345 1244 1415
f 1313 1416 1397
f 1396 1150 1417
f 1247 1417 1150
f 1399 1315 1343
f 1247 1400 1417
f 1249 1104 1401
f 1403 1374 1162
f 1347 1375 1418
f 1419 1321 1347
f 1405 1321 1419
f 1320 1348 1378
f 1420 1322 1405
f 1420 1349 1322
f 1353 1325 1327
f 1325 1353 1421
f 1127 1215 1422
f 1422 1215 1407
f 1326 1354 1350
f 1422 1351 1127
f 1352 1423 1354
f 1353 1297 1424
f 1424 1297 1331
f 1383 1408 1133
f 1266 1385 1384
f 1333 1425 1387
f 1410 1425 1333
f 1228 1426 1410
f 1271 1359 1427
f 1271 1427 1388
f 1299 1428 1426
f 1299 1426 1228
f 1429 1300 1388
f 1429 1334 1300
f 1335 1430 1302
f 1430 1335 1362
f 1390 1302 1430
f 1364 1389 1273
f 1390 1431 1393
f 1336 1391 1432
f 1412 1394 1305
f 1413 1309 1394
f 1416 1339 1393
f 1395 1432 1391
f 1433 1395 1312
f 1311 1396 1434
f 1312 1342 1433
f 1435 1433 1342
f 1435 1342 1399
f 1279 1436 1280
f 1317 1437 1369
f 1370 1400 1282
f 1438 1290 1371
f 1401 1316 1249
f 1375 1290 1438
f 1376 1318 1439
f 1376 1404 1289
f 1377 1319 1440
f 1440 1319 1441
f 1258 1442 1319
f 1258 1443 1442
f 1443 1258 1292
f 1292 1378 1443
f 1444 1349 1420
f 1445 1323 1406
f 1444 1352 1349
f 1354 1446 1350
f 1447 1356 1220
f 1448 1329 1356
f 1226 1449 1331
f 1331 1449 1450
f 1265 1357 1451
f 1449 1226 1408
f 1384 1385 1452
f 1384 1453 1409
f 1454 1385 1358
f 1387 1454 1358
f 1409 1455 1386
f 1359 1332 1456
f 1410 1426 1457
f 1389 1428 1299
f 1301 1304 1458
f 1334 1429 1411
f 1459 1363 1411
f 1431 1390 1430
f 1365 1308 1460
f 1338 1461 1364
f 1338 1413 1461
f 1433 1432 1395
f 1462 1366 1310
f 1462 1310 1341
f 1463 1345 1415
f 1369 1464 1278
f 1463 1371 1345
f 1436 1279 1344
f 1417 1397 1465
f 1417 1398 1397
f 1417 1400 1398
f 1466 1343 1398
f 1343 1466 1399
f 1402 1437 1317
f 1400 1370 1398
f 1372 1346 1467
f 1288 1467 1346
f 1377 1402 1373
f 1441 1319 1442
f 1378 1468 1443
f 1469 1405 1419
f 1468 1378 1348
f 1380 1470 1379
f 1446 1470 1350
f 1380 1350 1470
f 1471 1445 1406
f 1406 1325 1472
f 1421 1472 1325
f 1445 1128 1323
f 1445 1324 1128
f 1352 1444 1423
f 1354 1423 1446
f 1421 1353 1473
f 1474 1407 1261
f 1424 1473 1353
f 1328 1475 1261
f 1447 1220 1351
f 1331 1450 1424
f 1448 1356 1447
f 1382 1451 1357
f 1265 1476 1383
f 1477 1478 1479
f 1479 1480 1477
f 1384 1452 1453
f 1456 1332 1386
f 1425 1410 1481
f 1410 1457 1481
f 1457 1426 1482
f 1483 1426 1428
f 1274 1484 1361
f 1484 1274 1233
f 1485 1484 1233
f 1301 1485 1233
f 1389 1486 1428
f 1487 1430 1362
f 1336 1487 1362
f 1430 1488 1431
f 1432 1487 1336
f 1489 1276 1307
f 1459 1412 1363
f 1308 1490 1460
f 1491 1487 1432
f 1276 1490 1308
f 1412 1492 1394
f 1278 1414 1241
f 1464 1414 1278
f 1493 1393 1431
f 1493 1416 1393
f 1433 1491 1432
f 1341 1311 1434
f 1416 1465 1397
f 1344 1366 1436
f 1465 1396 1417
f 1435 1399 1494
f 1466 1398 1370
f 1438 1418 1375
f 1316 1495 1370
f 1496 1402 1377
f 1257 1497 1288
f 1377 1440 1496
f 1404 1497 1257
f 1498 1419 1347
f 1469 1419 1498
f 1442 1443 1468
f 1499 1405 1469
f 1405 1499 1420
f 1420 1499 1444
f 1444 1500 1423
f 1422 1407 1501
f 1381 1324 1502
f 1475 1474 1261
f 1473 1424 1503
f 1450 1503 1424
f 1476 1265 1451
f 1504 1449 1408
f 1478 1477 1505
f 1505 1477 1506
f 1478 1507 1479
f 1506 1477 1508
f 1480 1509 1477
f 1477 1509 1508
f 1510 1480 1479
f 1480 1511 1509
f 1454 1452 1385
f 1409 1453 1455
f 1387 1512 1454
f 1425 1512 1387
f 1513 1425 1481
f 1456 1514 1359
f 1359 1515 1427
f 1483 1482 1426
f 1483 1428 1516
f 1485 1301 1458
f 1364 1486 1389
f 1307 1337 1489
f 1414 1517 1368
f 1276 1518 1490
f 1394 1519 1413
f 1519 1520 1413
f 1413 1520 1461
f 1465 1416 1493
f 1369 1521 1464
f 1522 1366 1462
f 1366 1522 1436
f 1369 1437 1521
f 1280 1436 1523
f 1466 1494 1399
f 1466 1524 1494
f 1524 1466 1370
f 1525 1418 1438
f 1495 1524 1370
f 1403 1254 1372
f 1403 1526 1374
f 1498 1347 1418
f 1527 1318 1374
f 1497 1467 1288
f 1527 1439 1318
f 1528 1497 1404
f 1529 1404 1376
f 1379 1468 1348
f 1444 1499 1500
f 1530 1423 1500
f 1446 1423 1530
f 1446 1530 1470
f 1531 1445 1471
f 1472 1471 1406
f 1532 1421 1473
f 1474 1501 1407
f 1422 1447 1351
f 1533 1382 1381
f 1330 1534 1328
f 1382 1533 1451
f 1535 1330 1329
f 1536 1450 1449
f 1537 1383 1476
f 1538 1505 1539
f 1540 1478 1538
f 1538 1478 1505
f 1540 1541 1478
f 1505 1506 1539
f 1541 1507 1478
f 1507 1510 1479
f 1507 1542 1510
f 1480 1510 1511
f 1542 1543 1510
f 1511 1544 1509
f 1509 1544 1508
f 1510 1545 1511
f 1546 1512 1425
f 1546 1425 1513
f 1455 1547 1386
f 1456 1386 1547
f 1359 1514 1515
f 1548 1388 1427
f 1388 1548 1429
f 1549 1483 1516
f 1486 1516 1428
f 1411 1429 1550
f 1458 1304 1392
f 1364 1551 1486
f 1550 1459 1411
f 1552 1367 1368
f 1517 1552 1368
f 1414 1464 1517
f 1430 1553 1488
f 1430 1487 1553
f 1459 1554 1412
f 1554 1492 1412
f 1489 1518 1276
f 1364 1461 1551
f 1488 1493 1431
f 1492 1519 1394
f 1491 1433 1555
f 1435 1555 1433
f 1401 1280 1523
f 1402 1556 1437
f 1401 1495 1316
f 1557 1496 1440
f 1439 1529 1376
f 1529 1528 1404
f 1441 1557 1440
f 1469 1498 1558
f 1441 1442 1559
f 1560 1559 1442
f 1560 1442 1468
f 1561 1468 1379
f 1499 1562 1500
f 1470 1561 1379
f 1530 1561 1470
f 1563 1324 1445
f 1472 1421 1532
f 1502 1324 1563
f 1532 1473 1564
f 1502 1565 1381
f 1328 1534 1475
f 1503 1450 1566
f 1450 1536 1566
f 1476 1451 1567
f 1504 1536 1449
f 1567 1537 1476
f 1383 1537 1408
f 1568 1541 1540
f 1539 1506 1569
f 1569 1506 1570
f 1571 1507 1541
f 1570 1506 1508
f 1542 1571 1572
f 1571 1542 1507
f 1573 1543 1542
f 1544 1511 1574
f 1543 1545 1510
f 1511 1545 1574
f 1455 1453 1575
f 1513 1576 1546
f 1456 1577 1514
f 1578 1457 1482
f 1548 1427 1515
f 1578 1482 1483
f 1578 1483 1579
f 1579 1483 1549
f 1360 1580 1303
f 1580 1337 1303
f 1486 1581 1516
f 1582 1337 1580
f 1582 1489 1337
f 1491 1553 1487
f 1583 1465 1493
f 1583 1434 1396
f 1583 1396 1465
f 1522 1523 1436
f 1495 1584 1524
f 1585 1498 1418
f 1441 1586 1557
f 1558 1499 1469
f 1561 1560 1468
f 1500 1562 1561
f 1530 1500 1561
f 1587 1445 1531
f 1472 1588 1471
f 1588 1472 1532
f 1589 1501 1474
f 1475 1589 1474
f 1590 1447 1422
f 1503 1564 1473
f 1591 1447 1590
f 1591 1448 1447
f 1537 1504 1408
f 1538 1592 1593
f 1593 1540 1538
f 1594 1538 1539
f 1595 1570 1508
f 1542 1572 1573
f 1508 1596 1595
f 1508 1544 1596
f 1597 1573 1572
f 1574 1545 1598
f 1512 1599 1454
f 1453 1600 1575
f 1601 1512 1546
f 1546 1576 1602
f 1456 1547 1577
f 1481 1603 1513
f 1457 1603 1481
f 1604 1603 1457
f 1578 1579 1605
f 1606 1429 1548
f 1579 1549 1607
f 1550 1429 1606
f 1549 1516 1581
f 1551 1581 1486
f 1550 1608 1459
f 1517 1464 1609
f 1551 1461 1610
f 1492 1611 1519
f 1612 1493 1488
f 1612 1583 1493
f 1434 1613 1341
f 1341 1613 1462
f 1437 1556 1521
f 1555 1435 1614
f 1523 1615 1401
f 1616 1494 1524
f 1617 1402 1496
f 1615 1495 1401
f 1584 1616 1524
f 1418 1525 1585
f 1618 1372 1467
f 1526 1527 1374
f 1558 1498 1585
f 1528 1619 1497
f 1558 1620 1499
f 1559 1560 1621
f 1622 1562 1620
f 1499 1620 1562
f 1561 1562 1622
f 1561 1622 1560
f 1588 1531 1471
f 1563 1445 1587
f 1563 1565 1502
f 1381 1565 1623
f 1533 1381 1623
f 1503 1566 1564
f 1533 1623 1451
f 1567 1451 1623
f 1624 1540 1593
f 1594 1592 1538
f 1594 1539 1625
f 1624 1568 1540
f 1625 1539 1569
f 1626 1541 1568
f 1627 1569 1570
f 1572 1571 1628
f 1629 1572 1628
f 1572 1629 1597
f 1574 1630 1544
f 1597 1631 1573
f 1573 1632 1543
f 1545 1543 1632
f 1573 1631 1632
f 1545 1632 1598
f 1633 1452 1454
f 1599 1633 1454
f 1600 1453 1452
f 1599 1512 1601
f 1575 1547 1455
f 1603 1576 1513
f 1577 1634 1514
f 1457 1578 1604
f 1360 1361 1635
f 1458 1392 1636
f 1637 1549 1638
f 1367 1552 1639
f 1517 1640 1552
f 1581 1641 1549
f 1554 1459 1608
f 1460 1490 1642
f 1553 1643 1488
f 1488 1643 1612
f 1491 1644 1553
f 1555 1644 1491
f 1462 1645 1522
f 1462 1613 1645
f 1613 1434 1583
f 1555 1614 1644
f 1646 1614 1435
f 1435 1494 1646
f 1402 1617 1556
f 1494 1616 1646
f 1615 1584 1495
f 1647 1526 1403
f 1618 1403 1372
f 1618 1647 1403
f 1529 1439 1648
f 1559 1586 1441
f 1622 1621 1560
f 1532 1649 1588
f 1501 1650 1422
f 1501 1589 1650
f 1650 1590 1422
f 1330 1651 1534
f 1535 1651 1330
f 1537 1567 1652
f 1537 1652 1504
f 1592 1653 1593
f 1592 1594 1654
f 1655 1625 1569
f 1626 1568 1656
f 1657 1541 1626
f 1571 1541 1657
f 1627 1570 1658
f 1658 1570 1595
f 1659 1629 1628
f 1629 1660 1597
f 1544 1661 1596
f 1544 1630 1661
f 1662 1597 1660
f 1597 1662 1631
f 1631 1663 1632
f 1452 1633 1600
f 1546 1602 1601
f 1664 1604 1578
f 1514 1665 1515
f 1664 1578 1666
f 1578 1667 1666
f 1605 1667 1578
f 1668 1605 1669
f 1607 1605 1579
f 1668 1669 1670
f 1550 1606 1671
f 1672 1361 1484
f 1673 1672 1484
f 1673 1484 1485
f 1485 1674 1673
f 1549 1637 1607
f 1635 1580 1360
f 1485 1458 1674
f 1674 1458 1636
f 1608 1550 1671
f 1415 1367 1675
f 1365 1676 1392
f 1641 1638 1549
f 1677 1517 1609
f 1551 1641 1581
f 1460 1676 1365
f 1461 1678 1610
f 1679 1463 1680
f 1371 1463 1679
f 1464 1521 1609
f 1520 1519 1681
f 1613 1583 1612
f 1682 1525 1438
f 1522 1645 1683
f 1522 1683 1523
f 1523 1683 1615
f 1525 1684 1585
f 1617 1496 1685
f 1686 1618 1467
f 1558 1585 1687
f 1558 1687 1620
f 1688 1619 1528
f 1529 1688 1528
f 1620 1687 1622
f 1622 1689 1621
f 1588 1690 1531
f 1691 1588 1649
f 1587 1531 1690
f 1692 1649 1532
f 1532 1693 1692
f 1564 1693 1532
f 1565 1694 1623
f 1695 1693 1564
f 1534 1696 1475
f 1534 1651 1696
f 1567 1623 1697
f 1329 1448 1535
f 1504 1698 1536
f 1592 1654 1653
f 1593 1699 1624
f 1656 1568 1624
f 1569 1627 1655
f 1700 1571 1657
f 1700 1628 1571
f 1700 1659 1628
f 1659 1701 1660
f 1660 1629 1659
f 1702 1660 1701
f 1630 1574 1598
f 1702 1703 1660
f 1703 1662 1660
f 1598 1632 1663
f 1704 1705 1702
f 1705 1703 1702
f 1703 1706 1662
f 1631 1707 1663
f 1708 1705 1704
f 1707 1631 1662
f 1708 1709 1705
f 1705 1709 1703
f 1710 1711 1712
f 1713 1714 1715
f 1713 1716 1712
f 1715 1716 1713
f 1716 1717 1712
f 1712 1717 1718
f 1715 1719 1716
f 1633 1599 1720
f 1720 1599 1601
f 1721 1603 1604
f 1664 1722 1604
f 1514 1634 1665
f 1723 1515 1665
f 1724 1666 1725
f 1548 1515 1723
f 1667 1668 1725
f 1667 1725 1666
f 1667 1605 1668
f 1726 1605 1607
f 1726 1669 1605
f 1726 1670 1669
f 1672 1635 1361
f 1607 1637 1726
f 1637 1727 1726
f 1727 1670 1726
f 1727 1637 1638
f 1640 1517 1677
f 1676 1636 1392
f 1641 1728 1638
f 1415 1680 1463
f 1729 1551 1610
f 1729 1641 1551
f 1554 1611 1492
f 1518 1642 1490
f 1520 1678 1461
f 1519 1611 1681
f 1644 1643 1553
f 1556 1730 1521
f 1643 1613 1612
f 1645 1613 1643
f 1731 1644 1614
f 1646 1731 1614
f 1683 1732 1615
f 1731 1616 1733
f 1616 1731 1646
f 1584 1615 1732
f 1733 1584 1732
f 1584 1733 1616
f 1585 1684 1687
f 1734 1439 1527
f 1734 1648 1439
f 1735 1559 1621
f 1586 1559 1735
f 1648 1688 1529
f 1687 1689 1622
f 1735 1621 1689
f 1587 1736 1563
f 1736 1587 1690
f 1563 1736 1565
f 1623 1694 1697
f 1475 1696 1737
f 1564 1566 1695
f 1567 1697 1652
f 1698 1504 1652
f 1566 1536 1698
f 1654 1738 1653
f 1699 1593 1653
f 1624 1699 1739
f 1624 1739 1656
f 1740 1627 1658
f 1659 1700 1741
f 1658 1595 1596
f 1596 1742 1743
f 1742 1596 1661
f 1744 1704 1701
f 1701 1704 1702
f 1745 1704 1744
f 1745 1708 1704
f 1746 1708 1745
f 1662 1706 1747
f 1662 1747 1707
f 1746 1709 1708
f 1706 1703 1709
f 1746 1710 1709
f 1746 1711 1710
f 1714 1713 1748
f 1748 1713 1712
f 1748 1712 1711
f 1710 1749 1709
f 1750 1709 1749
f 1710 1712 1751
f 1710 1751 1749
f 1752 1715 1714
f 1712 1718 1751
f 1715 1753 1719
f 1719 1753 1754
f 1717 1755 1718
f 1754 1756 1719
f 1757 1717 1716
f 1717 1757 1755
f 1719 1757 1716
f 1719 1756 1757
f 1756 1758 1757
f 1722 1721 1604
f 1664 1666 1724
f 1723 1606 1548
f 1759 1671 1606
f 1760 1668 1670
f 1761 1727 1638
f 1762 1489 1582
f 1638 1728 1763
f 1763 1761 1638
f 1764 1728 1641
f 1521 1765 1609
f 1489 1766 1518
f 1767 1611 1554
f 1678 1729 1610
f 1764 1641 1729
f 1766 1642 1518
f 1768 1681 1611
f 1679 1438 1371
f 1644 1731 1643
f 1645 1643 1769
f 1645 1769 1683
f 1683 1769 1732
f 1769 1733 1732
f 1557 1685 1496
f 1526 1647 1770
f 1526 1770 1527
f 1497 1686 1467
f 1619 1686 1497
f 1771 1588 1691
f 1772 1650 1589
f 1736 1773 1565
f 1692 1693 1774
f 1694 1565 1773
f 1650 1775 1590
f 1697 1694 1773
f 1776 1693 1695
f 1775 1591 1590
f 1566 1777 1695
f 1652 1778 1698
f 1779 1594 1625
f 1625 1655 1779
f 1626 1656 1780
f 1780 1781 1626
f 1627 1782 1655
f 1783 1655 1782
f 1781 1657 1626
f 1781 1784 1657
f 1784 1700 1657
f 1782 1627 1740
f 1741 1700 1784
f 1785 1658 1596
f 1785 1596 1743
f 1786 1701 1659
f 1701 1786 1744
f 1787 1630 1598
f 1630 1787 1788
f 1787 1598 1789
f 1790 1746 1745
f 1598 1663 1789
f 1791 1746 1790
f 1791 1711 1746
f 1748 1711 1791
f 1706 1792 1747
f 1793 1714 1748
f 1794 1706 1709
f 1706 1794 1795
f 1709 1750 1794
f 1793 1752 1714
f 1752 1796 1715
f 1753 1715 1796
f 1797 1754 1753
f 1718 1755 1798
f 1755 1757 1799
f 1601 1800 1720
f 1754 1758 1756
f 1757 1758 1799
f 1601 1602 1801
f 1802 1575 1600
f 1575 1803 1547
f 1576 1603 1721
f 1804 1664 1724
f 1725 1668 1805
f 1639 1552 1806
f 1761 1807 1727
f 1807 1670 1727
f 1765 1677 1609
f 1554 1608 1767
f 1489 1762 1808
f 1763 1809 1761
f 1808 1766 1489
f 1763 1728 1810
f 1678 1520 1811
f 1729 1812 1764
f 1682 1438 1679
f 1769 1643 1731
f 1733 1769 1731
f 1813 1684 1525
f 1734 1527 1770
f 1689 1687 1814
f 1735 1689 1815
f 1771 1690 1588
f 1692 1774 1649
f 1772 1589 1816
f 1816 1589 1475
f 1816 1475 1737
f 1817 1774 1693
f 1818 1697 1773
f 1818 1652 1697
f 1818 1778 1652
f 1448 1591 1775
f 1653 1819 1699
f 1779 1655 1820
f 1655 1783 1820
f 1821 1659 1741
f 1821 1786 1659
f 1822 1744 1786
f 1823 1745 1822
f 1745 1744 1822
f 1790 1745 1823
f 1630 1788 1661
f 1707 1824 1663
f 1663 1824 1789
f 1824 1707 1747
f 1795 1792 1706
f 1825 1752 1793
f 1750 1749 1826
f 1825 1796 1752
f 1751 1798 1749
f 1826 1749 1798
f 1718 1798 1751
f 1797 1827 1754
f 1828 1798 1755
f 1633 1720 1829
f 1830 1802 1633
f 1633 1829 1830
f 1600 1633 1802
f 1831 1758 1754
f 1576 1832 1602
f 1832 1576 1721
f 1833 1577 1547
f 1804 1722 1664
f 1665 1834 1723
f 1723 1759 1606
f 1668 1835 1805
f 1835 1668 1760
f 1640 1806 1552
f 1367 1639 1675
f 1761 1836 1807
f 1460 1837 1676
f 1836 1761 1809
f 1764 1838 1728
f 1642 1766 1839
f 1838 1810 1728
f 1811 1812 1678
f 1812 1729 1678
f 1810 1840 1763
f 1730 1841 1521
f 1556 1617 1730
f 1813 1525 1682
f 1684 1813 1842
f 1685 1557 1843
f 1844 1770 1647
f 1618 1845 1647
f 1846 1847 1848
f 1686 1845 1618
f 1814 1687 1684
f 1846 1849 1847
f 1846 1850 1849
f 1814 1815 1689
f 1848 1851 1846
f 1619 1852 1686
f 1850 1846 1851
f 1853 1688 1648
f 1690 1771 1854
f 1774 1855 1649
f 1736 1690 1854
f 1817 1855 1774
f 1817 1856 1855
f 1650 1772 1857
f 1817 1693 1776
f 1695 1777 1776
f 1858 1696 1651
f 1859 1651 1535
f 1698 1777 1566
f 1860 1777 1698
f 1738 1861 1653
f 1779 1862 1594
f 1862 1654 1594
f 1863 1739 1864
f 1656 1739 1863
f 1863 1780 1656
f 1865 1658 1785
f 1821 1866 1786
f 1866 1822 1786
f 1867 1785 1743
f 1868 1790 1823
f 1869 1661 1788
f 1791 1790 1868
f 1870 1791 1868
f 1870 1748 1791
f 1793 1748 1870
f 1794 1871 1795
f 1750 1872 1794
f 1794 1872 1871
f 1872 1750 1826
f 1755 1799 1828
f 1831 1754 1827
f 1873 1758 1831
f 1874 1799 1758
f 1875 1832 1721
f 1547 1803 1833
f 1876 1577 1833
f 1722 1875 1721
f 1875 1722 1877
f 1722 1804 1877
f 1634 1577 1876
f 1878 1724 1725
f 1878 1725 1805
f 1879 1673 1674
f 1671 1880 1608
f 1880 1767 1608
f 1881 1679 1680
f 1521 1841 1765
f 1839 1882 1642
f 1642 1882 1460
f 1764 1883 1838
f 1681 1811 1520
f 1883 1810 1838
f 1884 1885 1886
f 1884 1847 1885
f 1845 1844 1647
f 1684 1842 1814
f 1843 1557 1586
f 1848 1884 1887
f 1847 1884 1848
f 1888 1770 1844
f 1885 1847 1849
f 1845 1686 1852
f 1889 1848 1890
f 1889 1851 1848
f 1891 1849 1850
f 1619 1688 1892
f 1851 1889 1893
f 1851 1893 1891
f 1891 1850 1851
f 1894 1893 1889
f 1691 1895 1771
f 1895 1691 1649
f 1896 1649 1855
f 1855 1897 1896
f 1855 1856 1897
f 1897 1856 1898
f 1817 1899 1856
f 1900 1898 1856
f 1857 1775 1650
f 1901 1817 1776
f 1737 1696 1858
f 1902 1448 1775
f 1903 1778 1818
f 1448 1902 1904
f 1859 1905 1651
f 1858 1651 1905
f 1906 1698 1778
f 1698 1906 1860
f 1448 1904 1535
f 1653 1861 1819
f 1738 1654 1907
f 1907 1654 1862
f 1908 1907 1862
f 1699 1864 1739
f 1783 1782 1909
f 1910 1741 1784
f 1658 1865 1740
f 1821 1741 1910
f 1911 1822 1866
f 1823 1822 1911
f 1823 1911 1912
f 1743 1742 1913
f 1823 1912 1868
f 1661 1869 1742
f 1793 1870 1914
f 1824 1915 1789
f 1914 1825 1793
f 1747 1916 1824
f 1917 1747 1792
f 1747 1917 1916
f 1795 1871 1792
f 1792 1871 1917
f 1825 1918 1796
f 1918 1919 1796
f 1919 1753 1796
f 1797 1919 1920
f 1797 1753 1919
f 1798 1921 1826
f 1798 1922 1921
f 1828 1922 1798
f 1720 1923 1829
f 1720 1800 1923
f 1601 1801 1800
f 1830 1924 1802
f 1602 1832 1801
f 1874 1758 1873
f 1925 1832 1875
f 1875 1877 1926
f 1724 1927 1804
f 1634 1876 1928
f 1928 1665 1634
f 1878 1929 1724
f 1879 1672 1673
f 1930 1879 1674
f 1636 1930 1674
f 1760 1670 1807
f 1675 1680 1415
f 1636 1676 1930
f 1931 1880 1671
f 1932 1582 1580
f 1580 1635 1932
f 1932 1762 1582
f 1676 1933 1934
f 1837 1933 1676
f 1935 1936 1937
f 1937 1936 1938
f 1939 1679 1881
f 1935 1940 1941
f 1935 1941 1936
f 1939 1682 1679
f 1767 1768 1611
f 1840 1809 1763
f 1681 1942 1943
f 1681 1943 1811
f 1811 1943 1944
f 1944 1812 1811
f 1812 1945 1946
f 1812 1946 1764
f 1810 1883 1840
f 1812 1944 1947
f 1812 1947 1945
f 1886 1948 1949
f 1844 1949 1950
f 1885 1948 1886
f 1888 1844 1950
f 1951 1814 1842
f 1948 1885 1952
f 1951 1815 1814
f 1951 1953 1815
f 1849 1954 1885
f 1885 1954 1952
f 1734 1770 1888
f 1735 1815 1953
f 1887 1890 1848
f 1849 1955 1954
f 1852 1619 1892
f 1955 1849 1891
f 1734 1853 1648
f 1892 1688 1853
f 1956 1889 1890
f 1956 1894 1889
f 1957 1891 1893
f 1958 1959 1956
f 1956 1959 1894
f 1960 1957 1893
f 1960 1893 1894
f 1961 1962 1963
f 1964 1959 1962
f 1959 1964 1894
f 1894 1965 1960
f 1962 1966 1964
f 1894 1964 1965
f 1961 1966 1962
f 1961 1967 1966
f 1854 1771 1968
f 1896 1895 1649
f 1969 1897 1898
f 1969 1898 1970
f 1970 1898 1971
f 1972 1857 1772
f 1973 1736 1854
f 1971 1898 1900
f 1973 1773 1736
f 1974 1856 1899
f 1974 1900 1856
f 1773 1973 1903
f 1818 1773 1903
f 1817 1901 1899
f 1903 1906 1778
f 1975 1776 1777
f 1776 1975 1901
f 1535 1904 1859
f 1738 1907 1861
f 1976 1699 1819
f 1864 1699 1976
f 1977 1784 1781
f 1784 1977 1910
f 1909 1782 1740
f 1867 1865 1785
f 1743 1913 1867
f 1742 1978 1913
f 1787 1979 1788
f 1789 1980 1787
f 1824 1916 1915
f 1827 1797 1920
f 1923 1981 1829
f 1827 1920 1982
f 1982 1831 1827
f 1801 1832 1983
f 1799 1984 1828
f 1802 1985 1575
f 1831 1982 1986
f 1873 1831 1986
f 1927 1877 1804
f 1929 1927 1724
f 1987 1806 1640
f 1931 1671 1759
f 1988 1677 1765
f 1676 1934 1930
f 1989 1935 1937
f 1460 1990 1837
f 1460 1882 1990
f 1936 1991 1938
f 1936 1941 1991
f 1941 1940 1992
f 1941 1992 1991
f 1993 1942 1681
f 1946 1883 1764
f 1946 1994 1883
f 1617 1995 1730
f 1685 1995 1617
f 1884 1996 1997
f 1886 1996 1884
f 1886 1949 1996
f 1997 1998 1884
f 1844 1999 1949
f 1948 1950 1949
f 2000 1844 1845
f 2000 1999 1844
f 1998 2001 1887
f 1887 1884 1998
f 1948 1952 2002
f 1948 2002 1950
f 1888 1950 2002
f 2003 1853 1734
f 1956 2004 1958
f 2004 1956 1890
f 1957 1955 1891
f 2005 1959 1958
f 1961 2006 2007
f 2006 1961 1963
f 1962 2005 1963
f 2005 1962 1959
f 2008 2009 2007
f 2007 2009 1961
f 2010 2011 2012
f 2013 2014 2008
f 2008 2014 2009
f 2015 1964 1966
f 1964 2015 1965
f 2010 2016 2013
f 2013 2016 2017
f 2013 2017 2014
f 2009 1967 1961
f 1966 2018 2015
f 2012 2019 2010
f 2010 2019 2016
f 2017 2020 2014
f 2014 2020 2009
f 1967 2018 1966
f 2012 2021 2019
f 1967 2022 2018
f 2023 2024 2021
f 2019 2025 2016
f 2016 2025 2017
f 2026 2027 2028
f 2027 2024 2023
f 2027 2026 2024
f 2021 2029 2019
f 2019 2029 2030
f 2025 2019 2030
f 2021 2024 2031
f 2028 2032 2026
f 2026 2033 2024
f 2024 2033 2031
f 2032 2033 2026
f 2034 2035 2032
f 2031 2033 2036
f 2035 2037 2032
f 2032 2037 2038
f 2032 2038 2036
f 2032 2036 2033
f 1969 1970 2039
f 2039 1970 1971
f 1968 1771 1895
f 2040 1896 1897
f 2040 1897 1969
f 1971 2041 2042
f 1816 2043 1772
f 1968 1973 1854
f 2041 1971 1900
f 1900 2044 2041
f 2044 1900 1974
f 2045 1902 1775
f 1899 1901 1974
f 1975 2046 1901
f 2047 1863 1864
f 1820 2048 1779
f 1820 1783 2049
f 2049 1783 2050
f 1781 1780 1977
f 1783 1909 2051
f 1868 1912 2052
f 1869 1978 1742
f 1788 1979 1869
f 1787 1980 1979
f 1915 1980 1789
f 2053 1825 1914
f 1872 2054 1871
f 1872 1826 2055
f 1826 1921 2055
f 1983 2056 1801
f 1828 1984 1922
f 1802 1924 1985
f 1985 1803 1575
f 1874 2057 1799
f 1799 2057 1984
f 1925 1875 2058
f 2058 1875 1926
f 1986 2059 1873
f 2059 2060 1873
f 1873 2060 1874
f 1874 2060 2057
f 1834 1665 1928
f 2061 1723 1834
f 2061 1759 1723
f 2062 1931 1759
f 1835 1760 2063
f 2064 1987 1640
f 1677 2064 1640
f 1680 1675 2065
f 2063 1760 1807
f 2066 1935 1989
f 1935 2067 1940
f 1938 2068 1937
f 1767 2069 1768
f 1940 2070 1992
f 1768 1993 1681
f 1943 1942 1944
f 2071 1947 1944
f 1945 2072 1946
f 1946 2072 1994
f 2073 1949 1999
f 2073 1996 1949
f 2000 2073 1999
f 2074 1586 1735
f 1586 2074 1843
f 2000 1845 2075
f 2003 1888 2002
f 2075 1845 1852
f 2001 2076 1887
f 1734 1888 2003
f 1887 2076 1890
f 1954 1955 2077
f 2078 1853 2003
f 1853 2078 1892
f 1955 1957 2079
f 2005 1958 2080
f 2006 1963 2005
f 2007 2081 2008
f 2007 2082 2081
f 2082 2007 2006
f 2083 1957 1960
f 2079 1957 2083
f 2084 2013 2008
f 2010 2013 2084
f 2083 1960 1965
f 2085 2012 2011
f 1965 2086 2083
f 1965 2015 2086
f 2023 2085 2087
f 2085 2021 2012
f 2023 2087 2027
f 2021 2085 2023
f 2022 2009 2020
f 2022 1967 2009
f 2020 2017 2025
f 2021 2031 2029
f 2034 2028 2088
f 2028 2034 2032
f 2031 2089 2029
f 2034 2090 2035
f 2089 2031 2036
f 2039 2091 1969
f 2092 2093 2039
f 2090 2092 2035
f 1969 2091 2040
f 2092 2039 1971
f 1971 2094 2092
f 1971 2042 2094
f 2092 2094 2035
f 2095 2035 2094
f 2095 2037 2035
f 2096 2036 2038
f 2043 1972 1772
f 2097 1895 1896
f 1896 2040 2097
f 1816 2098 2043
f 1737 2098 1816
f 2099 1973 1968
f 2042 2041 2100
f 2045 1775 1857
f 2101 2041 2044
f 1737 1858 2102
f 1974 2103 2044
f 2104 1777 1860
f 2105 1861 1907
f 2047 1864 1976
f 2106 1862 1779
f 2106 1779 2048
f 1863 2047 2107
f 2049 2048 1820
f 1780 1863 2107
f 1977 1780 2107
f 2050 1783 2051
f 1910 1977 2108
f 2108 1821 1910
f 1740 2109 1909
f 2109 1740 1865
f 1866 2110 1911
f 1865 2111 2109
f 1865 1867 2111
f 1869 2112 1978
f 2052 1870 1868
f 1979 2112 1869
f 2053 1914 1870
f 2053 2113 1825
f 1917 1871 2054
f 2113 1918 1825
f 2114 2054 1872
f 1872 2055 2114
f 1801 2056 1800
f 1983 1832 1925
f 1986 1982 2115
f 2115 2059 1986
f 1877 2116 1926
f 1878 1805 1835
f 2117 2062 1759
f 1806 2118 1639
f 2065 1639 2118
f 1675 1639 2065
f 2063 1807 2119
f 2120 1635 1672
f 2066 1989 2121
f 1937 2122 1989
f 2066 2067 1935
f 1937 2123 2122
f 1841 1988 1765
f 1808 1762 1932
f 2124 2068 1938
f 2124 1938 1991
f 2124 1991 2125
f 2070 2126 1992
f 2126 1991 1992
f 1942 1993 2127
f 2127 1944 1942
f 1682 1939 2128
f 1944 2127 2071
f 2128 1813 1682
f 2072 1947 2071
f 1947 2072 1945
f 1883 1994 2129
f 1883 2129 1840
f 2130 1813 2128
f 2131 1997 1996
f 2132 2131 1996
f 1998 1997 2131
f 2073 2132 1996
f 2133 1998 2131
f 1998 2133 2001
f 1953 2134 1735
f 2135 1952 1954
f 2135 2002 1952
f 2075 1852 2078
f 2077 2136 1954
f 2136 2077 2137
f 1892 2078 1852
f 2138 1890 2076
f 2138 2004 1890
f 2138 2139 2004
f 2140 2080 1958
f 2139 1958 2004
f 2139 2140 1958
f 2079 2077 1955
f 2141 2142 2006
f 2141 2006 2005
f 2080 2141 2005
f 2142 2082 2006
f 2081 2143 2084
f 2081 2084 2008
f 2010 2143 2011
f 2143 2010 2084
f 2015 2018 2144
f 2018 2145 2144
f 2022 2020 2146
f 2022 2147 2018
f 2018 2147 2145
f 2028 2027 2148
f 2025 2146 2020
f 2025 2149 2146
f 2028 2148 2088
f 2149 2025 2030
f 2034 2088 2150
f 2090 2150 2093
f 2150 2090 2034
f 2039 2151 2091
f 2039 2093 2151
f 2093 2092 2090
f 2043 2152 1972
f 2091 2153 2040
f 2154 2036 2096
f 2036 2154 2089
f 2040 2153 2097
f 2152 2043 2098
f 2097 1968 1895
f 2155 2037 2095
f 2156 2038 2037
f 2156 2037 2155
f 2038 2156 2096
f 2100 2094 2042
f 2100 2095 2094
f 2157 2095 2100
f 2102 2098 1737
f 2101 2158 2041
f 2100 2041 2158
f 2103 2101 2044
f 2102 1858 1905
f 1974 1901 2159
f 2159 2103 1974
f 2046 2159 1901
f 1904 1902 2160
f 1859 1904 2160
f 1860 1906 2104
f 2104 2161 1777
f 1777 2161 1975
f 2161 2046 1975
f 1861 2162 1819
f 2163 1907 1908
f 1976 1819 2164
f 1862 2106 1908
f 2110 1866 2165
f 2110 2166 1911
f 1912 1911 2166
f 2167 2052 1912
f 1919 1918 2168
f 2114 2169 2054
f 2170 2055 1921
f 2168 1920 1919
f 2170 1921 1922
f 2171 2170 1922
f 1981 1830 1829
f 1800 2172 1923
f 2172 1800 2056
f 2173 2174 1985
f 1985 2174 1803
f 2175 1925 2058
f 1927 2176 1877
f 2177 1929 1878
f 1878 1835 2178
f 2117 1759 2061
f 1879 2120 1672
f 1989 2122 2121
f 2179 1932 1635
f 1837 2180 1933
f 1767 1880 2181
f 1990 2180 1837
f 2181 2069 1767
f 2070 1940 2182
f 1836 1809 2183
f 1882 2184 1990
f 2185 1768 2069
f 2185 1993 1768
f 2125 1991 2126
f 1840 2129 1809
f 2186 2187 2071
f 2071 2187 2072
f 2187 1994 2072
f 1813 2130 1842
f 2073 2000 2075
f 2074 1735 2134
f 2133 2188 2001
f 2188 2133 2136
f 2136 2133 2189
f 2001 2188 2190
f 2136 2189 1954
f 1954 2189 2135
f 2002 2191 2003
f 2135 2191 2002
f 2001 2190 2076
f 2137 2188 2136
f 2191 2078 2003
f 2077 2192 2137
f 2079 2192 2077
f 2079 2193 2192
f 2081 2194 2143
f 2083 2193 2079
f 2011 2195 2196
f 2011 2143 2195
f 2193 2083 2197
f 2085 2011 2196
f 2083 2086 2197
f 2196 2087 2085
f 2144 2086 2015
f 2027 2198 2148
f 2146 2147 2022
f 2199 2088 2148
f 2030 2029 2200
f 2200 2149 2030
f 2201 2091 2151
f 2029 2089 2200
f 2152 2098 2202
f 2200 2089 2154
f 2203 1972 2152
f 2201 2153 2091
f 2204 1968 2097
f 1968 2204 2099
f 2157 2155 2095
f 2102 2205 2098
f 2206 2100 2158
f 1973 2099 2207
f 2103 2158 2101
f 1973 2207 1903
f 2207 1906 1903
f 1861 2105 2162
f 2208 2105 1907
f 1907 2163 2208
f 2162 2164 1819
f 2209 2047 2210
f 2107 2047 2209
f 1977 2107 2211
f 2108 1977 2211
f 2165 1866 1821
f 2109 2212 1909
f 1913 2213 1867
f 1867 2213 2111
f 2213 1913 2214
f 1913 1978 2214
f 1870 2052 2167
f 2053 1870 2215
f 1980 1915 2216
f 1916 2216 1915
f 1916 2217 2216
f 1916 2218 2217
f 1917 2218 1916
f 1918 2113 2219
f 2168 2220 1920
f 1981 2221 1830
f 2221 1924 1830
f 1920 2222 1982
f 1984 2171 1922
f 2173 1985 1924
f 1925 2223 1983
f 2115 1982 2224
f 2116 2058 1926
f 1803 2174 1833
f 2225 1876 1833
f 1929 2226 1927
f 2178 2177 1878
f 1835 2227 2178
f 1835 2063 2227
f 1987 2228 1806
f 1677 1988 2064
f 2229 2066 2121
f 2120 2179 1635
f 1937 2068 2123
f 2183 1807 1836
f 2185 2230 1993
f 1993 2230 2231
f 2070 2232 2126
f 2231 2127 1993
f 2233 2071 2127
f 2129 1994 2234
f 1842 2130 2235
f 2236 2131 2237
f 2237 2131 2132
f 2132 2073 2237
f 2236 2133 2131
f 1951 1842 2235
f 2238 2237 2073
f 2075 2238 2073
f 2189 2133 2236
f 2189 2191 2135
f 2078 2191 2238
f 2078 2238 2075
f 2137 2190 2188
f 2239 2076 2190
f 2192 2190 2137
f 2076 2240 2138
f 2239 2240 2076
f 2239 2190 2192
f 2241 2080 2140
f 2193 2239 2192
f 2242 2082 2142
f 2243 2242 2142
f 2243 2142 2141
f 2241 2141 2080
f 2241 2243 2141
f 2194 2244 2143
f 2242 2081 2082
f 2242 2194 2081
f 2244 2195 2143
f 2197 2245 2193
f 2196 2198 2087
f 2198 2027 2087
f 2246 2144 2145
f 2148 2198 2247
f 2147 2246 2145
f 2248 2246 2147
f 2247 2199 2148
f 2146 2249 2147
f 2250 2150 2088
f 2249 2149 2251
f 2149 2249 2146
f 2152 2252 2203
f 2250 2253 2150
f 2252 2152 2202
f 2253 2151 2093
f 2093 2150 2253
f 2254 2202 2098
f 2203 1857 1972
f 2255 2097 2153
f 2097 2256 2204
f 2257 2099 2204
f 2206 2258 2100
f 2100 2258 2157
f 2102 1905 2205
f 2259 2206 2158
f 2207 2099 2257
f 1902 2045 2160
f 2260 1859 2160
f 1859 2260 1905
f 1906 2207 2104
f 2261 2046 2161
f 2159 2046 2261
f 2164 2262 1976
f 1976 2262 2047
f 2263 2048 2049
f 2211 2107 2209
f 2264 2051 1909
f 2165 1821 2108
f 1909 2212 2264
f 2212 2109 2265
f 2166 2266 1912
f 2167 1912 2266
f 1870 2167 2215
f 1979 1980 2267
f 2218 1917 2268
f 2054 2268 1917
f 2220 2168 2269
f 2222 1920 2220
f 2270 2056 1983
f 1983 2223 2270
f 2223 1925 2175
f 1984 2271 2171
f 2272 2175 2058
f 1984 2057 2271
f 2059 2273 2060
f 2174 2225 1833
f 1877 2176 2116
f 2226 2274 1927
f 1928 2275 1834
f 1931 2062 2276
f 2277 2278 1680
f 1680 2065 2277
f 2279 2121 2122
f 2280 2279 2122
f 2120 1879 2281
f 2282 2281 1879
f 2282 1879 1930
f 1880 1931 2276
f 2283 2280 2122
f 2283 2122 2123
f 2276 2181 1880
f 1933 2180 2284
f 2119 1807 2183
f 2285 2068 2124
f 1766 1808 2286
f 2184 2180 1990
f 2125 2287 2124
f 1730 1995 1841
f 1766 2288 1839
f 2287 2125 2289
f 2290 2183 1809
f 2291 2070 2182
f 1809 2292 2290
f 2126 2232 2125
f 2289 2125 2232
f 2231 2233 2127
f 2233 2186 2071
f 2187 2234 1994
f 1685 1843 2293
f 2189 2236 2237
f 2189 2237 2191
f 2191 2237 2238
f 2139 2294 2140
f 2294 2139 2295
f 2295 2139 2138
f 2240 2295 2138
f 2241 2140 2294
f 2240 2245 2295
f 2245 2240 2239
f 2245 2239 2193
f 2245 2296 2295
f 2297 2298 2299
f 2299 2298 2300
f 2197 2296 2245
f 2252 2298 2297
f 2195 2301 2196
f 2086 2296 2197
f 2301 2198 2196
f 2302 2144 2303
f 2144 2302 2086
f 2086 2302 2296
f 2303 2144 2246
f 2304 2147 2305
f 2304 2248 2147
f 2252 2202 2298
f 2199 2250 2088
f 2249 2305 2147
f 2306 2202 2254
f 2306 2298 2202
f 2307 2251 2149
f 2201 2151 2308
f 2149 2200 2307
f 2309 2201 2308
f 2203 2310 1857
f 2201 2311 2153
f 2311 2201 2309
f 2154 2307 2200
f 2098 2205 2254
f 2312 2154 2096
f 2255 2153 2311
f 2313 2312 2096
f 2097 2255 2256
f 2156 2313 2096
f 2310 2045 1857
f 2314 2045 2310
f 2315 2155 2157
f 2316 2204 2256
f 2257 2204 2316
f 2160 2045 2314
f 2207 2257 2317
f 2317 2257 2316
f 2317 2316 2261
f 2259 2103 2318
f 2103 2259 2158
f 2104 2207 2317
f 2104 2317 2161
f 2161 2317 2261
f 2159 2261 2319
f 2159 2319 2318
f 2159 2318 2103
f 2105 2208 2320
f 2163 1908 2321
f 2106 2321 1908
f 2262 2322 2047
f 2322 2210 2047
f 2049 2050 2323
f 2323 2050 2051
f 2110 2165 2324
f 2110 2324 2166
f 2109 2111 2265
f 2325 2266 2166
f 2112 2326 1978
f 2327 2112 1979
f 2215 2328 2053
f 2329 2267 1980
f 2328 2330 2053
f 2053 2330 2113
f 2219 2113 2330
f 2219 2168 1918
f 2331 2168 2219
f 2331 2269 2168
f 2114 2332 2169
f 2114 2055 2332
f 2055 2170 2333
f 2270 2334 2056
f 2175 2335 2223
f 1982 2222 2224
f 2116 2272 2058
f 2271 2057 2336
f 2115 2337 2059
f 2060 2336 2057
f 2273 2336 2060
f 1927 2274 2176
f 2225 1928 1876
f 2338 1834 2275
f 2338 2061 1834
f 2121 2339 2229
f 2279 2339 2121
f 2278 1881 1680
f 2340 2064 1988
f 2341 2066 2229
f 2282 1930 1934
f 2284 2342 1933
f 2342 1934 1933
f 2066 2341 2067
f 2123 2343 2283
f 2068 2343 2123
f 2344 1939 1881
f 2340 1988 1841
f 2286 1808 1932
f 2284 2180 2345
f 2346 1940 2067
f 2124 2287 2285
f 2346 2182 1940
f 2181 2347 2069
f 2347 2185 2069
f 2286 2288 1766
f 2291 2182 2348
f 2230 2185 2231
f 1839 2288 1882
f 2291 2232 2070
f 2349 2233 2231
f 1809 2129 2292
f 2233 2350 2186
f 2350 2351 2186
f 2351 2187 2186
f 2235 1953 1951
f 1953 2352 2134
f 2299 2353 2297
f 2243 2354 2242
f 2299 2300 2355
f 2356 2194 2242
f 2356 2242 2354
f 2357 2354 2243
f 2357 2243 2241
f 2357 2241 2294
f 2300 2298 2306
f 2301 2358 2198
f 2297 2203 2252
f 2358 2359 2198
f 2303 2246 2360
f 2198 2359 2247
f 2360 2246 2248
f 2361 2250 2199
f 2247 2361 2199
f 2362 2249 2251
f 2310 2203 2363
f 2308 2151 2253
f 2307 2154 2312
f 2255 2311 2316
f 2313 2156 2364
f 2255 2316 2256
f 2315 2364 2155
f 2155 2364 2156
f 2365 2205 1905
f 2366 2367 2206
f 2258 2206 2367
f 2258 2315 2157
f 2260 2365 1905
f 2261 2316 2319
f 2259 2366 2206
f 2260 2160 2365
f 2259 2318 2368
f 2369 2320 2208
f 2370 2208 2163
f 2320 2162 2105
f 2048 2371 2106
f 2372 2263 2049
f 2372 2049 2323
f 2373 2323 2051
f 2374 2165 2108
f 2265 2375 2212
f 2324 2325 2166
f 2376 2167 2266
f 2376 2377 2167
f 2326 2378 1978
f 2377 2215 2167
f 2112 2327 2326
f 2327 1979 2267
f 1980 2216 2329
f 2169 2379 2380
f 2169 2380 2054
f 2169 2332 2379
f 2055 2333 2332
f 2172 1981 1923
f 2381 2222 2220
f 2221 2382 1924
f 2337 2115 2224
f 2225 2174 2383
f 2337 2273 2059
f 2274 2384 2176
f 2277 2065 2118
f 2280 2283 2385
f 2385 2283 2386
f 2284 2387 2342
f 2386 2283 2388
f 2343 2388 2283
f 2389 2343 2068
f 1939 2344 2390
f 1841 2391 2340
f 1932 2179 2286
f 2387 2284 2345
f 2346 2067 2341
f 2345 2180 2392
f 2392 2180 2184
f 2346 2348 2182
f 2393 2128 1939
f 2348 2394 2291
f 2395 2349 2231
f 2233 2349 2350
f 2293 1995 1685
f 2351 2396 2187
f 2187 2396 2234
f 2353 2299 2355
f 2397 2297 2353
f 2194 2398 2244
f 2194 2399 2398
f 2194 2356 2399
f 2195 2244 2400
f 2400 2244 2398
f 2401 2294 2296
f 2296 2294 2295
f 2195 2402 2301
f 2402 2195 2400
f 2397 2403 2297
f 2302 2401 2296
f 2303 2401 2302
f 2404 2303 2360
f 2401 2303 2404
f 2248 2304 2360
f 2203 2297 2403
f 2405 2249 2362
f 2249 2405 2305
f 2363 2203 2403
f 2406 2361 2247
f 2406 2247 2359
f 2306 2407 2408
f 2254 2407 2306
f 2251 2409 2362
f 2307 2410 2251
f 2409 2251 2410
f 2205 2407 2254
f 2312 2411 2307
f 2205 2412 2407
f 2313 2413 2312
f 2311 2309 2414
f 2365 2412 2205
f 2311 2414 2316
f 2160 2314 2365
f 2319 2316 2414
f 2415 2259 2368
f 2259 2415 2366
f 2318 2319 2368
f 2416 2262 2164
f 2322 2417 2210
f 2371 2048 2263
f 2417 2209 2210
f 2209 2418 2211
f 2419 2323 2373
f 2211 2374 2108
f 2264 2373 2051
f 2212 2375 2420
f 2212 2420 2264
f 2213 2265 2111
f 2378 2214 1978
f 2330 2421 2219
f 2219 2421 2331
f 2380 2268 2054
f 2381 2220 2269
f 2422 2333 2170
f 2172 2423 1981
f 2334 2172 2056
f 1981 2382 2221
f 2170 2171 2424
f 2270 2223 2425
f 2425 2223 2335
f 2175 2272 2335
f 2426 2224 2222
f 2424 2171 2271
f 1924 2427 2173
f 2427 1924 2382
f 2428 2429 2271
f 2173 2383 2174
f 2337 2224 2426
f 2271 2336 2428
f 2430 2225 2383
f 2176 2384 2116
f 2431 1928 2225
f 2177 2226 1929
f 2228 1987 2064
f 2340 2432 2064
f 2344 1881 2278
f 2282 1934 2342
f 2433 2341 2229
f 2119 2434 2063
f 2342 2387 2433
f 2433 2387 2341
f 2387 2345 2341
f 2285 2389 2068
f 2341 2345 2435
f 2341 2435 2346
f 2436 2394 2386
f 2386 2388 2436
f 2394 2436 2291
f 2347 2437 2185
f 2391 1841 1995
f 2438 2288 2286
f 2439 2392 2184
f 2436 2440 2291
f 2290 2441 2183
f 2442 2287 2289
f 2288 2443 1882
f 2440 2444 2291
f 2231 2185 2395
f 2444 2232 2291
f 2445 2350 2349
f 2130 2446 2235
f 2447 2448 2353
f 2448 2449 2450
f 2448 2447 2449
f 2353 2355 2447
f 2449 2447 2451
f 2451 2447 2355
f 2300 2451 2355
f 2354 2452 2356
f 2354 2357 2452
f 2300 2453 2451
f 2399 2356 2452
f 2404 2452 2357
f 2404 2357 2294
f 2401 2404 2294
f 2301 2402 2454
f 2455 2452 2404
f 2306 2453 2300
f 2301 2454 2358
f 2360 2455 2404
f 2306 2408 2453
f 2304 2456 2455
f 2304 2455 2360
f 2405 2456 2305
f 2305 2456 2304
f 2362 2457 2405
f 2250 2361 2458
f 2362 2409 2457
f 2250 2458 2253
f 2459 2253 2458
f 2253 2459 2308
f 2307 2411 2410
f 2460 2308 2459
f 2314 2310 2461
f 2461 2310 2363
f 2308 2460 2309
f 2413 2411 2312
f 2413 2313 2462
f 2309 2463 2414
f 2460 2464 2463
f 2309 2460 2463
f 2314 2465 2365
f 2365 2465 2412
f 2364 2462 2313
f 2463 2415 2368
f 2366 2415 2464
f 2366 2464 2466
f 2467 2315 2258
f 2467 2364 2315
f 2414 2368 2319
f 2414 2463 2368
f 2367 2366 2466
f 2367 2466 2468
f 2367 2468 2258
f 2162 2416 2164
f 2469 2321 2106
f 2470 2322 2262
f 2263 2372 2471
f 2323 2472 2372
f 2323 2419 2472
f 2473 2165 2374
f 2264 2474 2373
f 2325 2376 2266
f 2213 2214 2475
f 2476 2327 2267
f 2218 2477 2217
f 2268 2477 2218
f 2380 2477 2268
f 2478 2172 2334
f 2170 2424 2422
f 2270 2425 2334
f 2426 2222 2381
f 2429 2424 2271
f 2173 2427 2383
f 2336 2273 2479
f 2431 2275 1928
f 2338 2117 2061
f 2117 2338 2480
f 2178 2227 2481
f 2480 2062 2117
f 2228 2118 1806
f 2063 2482 2227
f 2483 2179 2120
f 2389 2388 2343
f 2484 2181 2276
f 2484 2347 2181
f 2483 2286 2179
f 2394 2485 2386
f 2287 2442 2285
f 2486 2119 2183
f 2393 1939 2390
f 2435 2345 2392
f 2440 2436 2388
f 2486 2183 2441
f 2487 2395 2437
f 2395 2185 2437
f 1995 2488 2391
f 2184 1882 2443
f 2443 2439 2184
f 2442 2289 2489
f 2393 2130 2128
f 2444 2489 2232
f 2232 2489 2289
f 2488 1995 2293
f 1843 2490 2293
f 2235 2491 1953
f 1843 2074 2490
f 2492 2074 2134
f 2493 2450 2449
f 2353 2494 2495
f 2353 2448 2494
f 2495 2397 2353
f 2451 2496 2449
f 2497 2496 2451
f 2498 2403 2397
f 2451 2453 2497
f 2400 2499 2402
f 2400 2500 2499
f 2398 2500 2400
f 2398 2501 2500
f 2501 2398 2399
f 2502 2399 2452
f 2455 2502 2452
f 2402 2503 2454
f 2503 2402 2499
f 2504 2399 2502
f 2403 2498 2461
f 2456 2504 2502
f 2456 2502 2455
f 2505 2358 2454
f 2457 2504 2405
f 2405 2504 2456
f 2403 2461 2363
f 2358 2506 2359
f 2358 2505 2506
f 2409 2507 2457
f 2406 2359 2506
f 2507 2410 2508
f 2507 2409 2410
f 2509 2408 2407
f 2510 2361 2406
f 2410 2411 2508
f 2407 2412 2509
f 2511 2413 2512
f 2413 2511 2411
f 2513 2314 2461
f 2465 2314 2513
f 2412 2465 2509
f 2514 2460 2459
f 2464 2460 2514
f 2514 2466 2464
f 2463 2464 2415
f 2462 2364 2467
f 2258 2468 2467
f 2321 2370 2163
f 2320 2515 2162
f 2369 2208 2370
f 2162 2515 2416
f 2417 2418 2209
f 2372 2472 2516
f 2211 2418 2374
f 2419 2373 2517
f 2473 2324 2165
f 2264 2420 2474
f 2518 2265 2213
f 2519 2376 2325
f 2213 2520 2518
f 2475 2520 2213
f 2378 2521 2214
f 2475 2214 2521
f 2215 2377 2522
f 2523 2326 2327
f 2215 2522 2328
f 2328 2522 2524
f 2525 2216 2217
f 2477 2525 2217
f 2379 2526 2380
f 2527 2528 2332
f 2379 2332 2528
f 2331 2529 2269
f 2527 2332 2333
f 2529 2381 2269
f 2529 2530 2381
f 2478 2423 2172
f 1981 2531 2382
f 2272 2532 2335
f 2428 2336 2533
f 2273 2337 2479
f 2533 2336 2479
f 2384 2534 2116
f 2430 2431 2225
f 2535 2226 2177
f 2178 2535 2177
f 2481 2535 2178
f 2536 2277 2118
f 2228 2064 2432
f 2279 2537 2339
f 2229 2537 2538
f 2339 2537 2229
f 2385 2279 2280
f 2538 2282 2342
f 2538 2342 2433
f 2538 2433 2229
f 2386 2539 2385
f 2485 2539 2386
f 2388 2389 2540
f 2391 2541 2340
f 2542 2347 2484
f 2543 2485 2394
f 2440 2388 2540
f 2435 2544 2346
f 2544 2543 2346
f 2346 2543 2348
f 2394 2348 2543
f 2483 2438 2286
f 2392 2439 2435
f 2435 2439 2544
f 2487 2437 2347
f 2487 2545 2395
f 2130 2393 2546
f 2547 2444 2440
f 2395 2548 2349
f 2130 2546 2446
f 2349 2548 2445
f 2549 2448 2550
f 2448 2450 2550
f 2234 2551 2129
f 2235 2446 2491
f 2074 2492 2490
f 2494 2448 2549
f 2491 2352 1953
f 2449 2552 2493
f 2496 2552 2449
f 2553 2497 2453
f 2408 2553 2453
f 2504 2501 2399
f 2554 2499 2500
f 2554 2500 2501
f 2454 2555 2505
f 2555 2454 2503
f 2556 2503 2499
f 2556 2499 2554
f 2554 2501 2457
f 2457 2501 2504
f 2509 2553 2408
f 2507 2556 2554
f 2507 2554 2457
f 2505 2557 2506
f 2558 2505 2555
f 2503 2508 2555
f 2508 2503 2556
f 2508 2556 2507
f 2558 2557 2505
f 2513 2461 2559
f 2361 2560 2458
f 2361 2510 2560
f 2512 2406 2506
f 2512 2506 2511
f 2511 2506 2557
f 2511 2557 2558
f 2511 2558 2411
f 2411 2558 2508
f 2458 2560 2459
f 2512 2510 2406
f 2465 2513 2509
f 2561 2510 2512
f 2514 2459 2562
f 2462 2561 2512
f 2462 2512 2413
f 2467 2514 2562
f 2466 2514 2468
f 2468 2514 2467
f 2561 2462 2467
f 2563 2369 2370
f 2564 2320 2369
f 2565 2321 2469
f 2470 2262 2416
f 2371 2469 2106
f 2263 2566 2371
f 2471 2372 2567
f 2372 2516 2567
f 2568 2517 2373
f 2568 2373 2474
f 2325 2324 2569
f 2375 2265 2518
f 2325 2570 2519
f 2571 2520 2475
f 2571 2475 2521
f 2376 2572 2377
f 2572 2522 2377
f 2523 2327 2476
f 2476 2267 2573
f 2328 2524 2330
f 2330 2524 2421
f 2525 2329 2216
f 2574 2331 2421
f 2528 2526 2379
f 2526 2575 2380
f 2574 2529 2331
f 2423 2531 1981
f 2426 2381 2530
f 2576 2337 2426
f 2576 2479 2337
f 2577 2533 2479
f 2481 2227 2578
f 2118 2579 2536
f 2278 2277 2536
f 2062 2480 2276
f 2580 2432 2340
f 2281 2282 2538
f 2581 2120 2281
f 2389 2582 2540
f 2581 2483 2120
f 2119 2486 2434
f 2583 2440 2540
f 2442 2584 2285
f 2391 2488 2541
f 2487 2347 2585
f 2547 2440 2583
f 2438 2586 2288
f 2288 2586 2443
f 2395 2545 2548
f 2548 2587 2445
f 2588 2290 2292
f 2293 2490 2488
f 2587 2589 2445
f 2292 2590 2588
f 2550 2450 2591
f 2591 2450 2493
f 2351 2350 2592
f 2592 2396 2351
f 2493 2552 2591
f 2593 2495 2494
f 2495 2594 2397
f 2495 2593 2594
f 2496 2497 2552
f 2594 2498 2397
f 2594 2559 2498
f 2498 2559 2461
f 2509 2595 2553
f 2508 2558 2555
f 2513 2559 2595
f 2513 2595 2509
f 2560 2562 2459
f 2562 2560 2561
f 2510 2561 2560
f 2467 2562 2561
f 2596 2515 2320
f 2371 2566 2469
f 2263 2597 2566
f 2598 2417 2322
f 2322 2470 2598
f 2597 2263 2471
f 2418 2599 2374
f 2472 2419 2600
f 2517 2600 2419
f 2473 2601 2324
f 2474 2420 2602
f 2518 2603 2375
f 2570 2325 2569
f 2572 2376 2519
f 2604 2378 2326
f 2604 2326 2523
f 2329 2573 2267
f 2525 2573 2329
f 2605 2333 2422
f 2606 2530 2529
f 2607 2608 2423
f 2609 2478 2334
f 2425 2609 2334
f 2608 2531 2423
f 2610 2609 2425
f 2610 2425 2335
f 2611 2429 2428
f 2612 2533 2577
f 2533 2612 2428
f 2479 2576 2577
f 2613 2430 2383
f 2534 2272 2116
f 2535 2274 2226
f 2614 2275 2431
f 2614 2338 2275
f 2615 2579 2118
f 2228 2615 2118
f 2616 2537 2279
f 2617 2538 2537
f 2385 2616 2279
f 2484 2276 2480
f 2618 2484 2480
f 2580 2340 2541
f 2582 2619 2540
f 2389 2620 2582
f 2389 2285 2620
f 2620 2285 2584
f 2621 2543 2544
f 2583 2540 2619
f 2585 2347 2542
f 2438 2483 2622
f 2623 2621 2544
f 2438 2622 2586
f 2623 2439 2443
f 2439 2623 2544
f 2624 2442 2489
f 2587 2548 2545
f 2549 2550 2625
f 2445 2589 2350
f 2492 2134 2352
f 2494 2549 2626
f 2626 2593 2494
f 2627 2497 2628
f 2553 2628 2497
f 2559 2594 2629
f 2595 2559 2629
f 2595 2629 2628
f 2595 2628 2553
f 2630 2370 2321
f 2565 2630 2321
f 2564 2596 2320
f 2631 2470 2416
f 2566 2597 2632
f 2599 2473 2374
f 2324 2601 2569
f 2603 2420 2375
f 2604 2633 2378
f 2634 2421 2524
f 2634 2574 2421
f 2635 2333 2605
f 2635 2527 2333
f 2606 2529 2574
f 2530 2606 2636
f 2424 2429 2637
f 2531 2638 2382
f 2532 2610 2335
f 2636 2426 2530
f 2611 2637 2429
f 2636 2576 2426
f 2636 2639 2576
f 2611 2428 2612
f 2576 2639 2577
f 2427 2613 2383
f 2640 2431 2430
f 2614 2641 2338
f 2641 2480 2338
f 2481 2578 2642
f 2482 2578 2227
f 2616 2617 2537
f 2281 2538 2643
f 2484 2618 2542
f 2644 2619 2582
f 2482 2063 2434
f 2543 2621 2485
f 2583 2619 2645
f 2442 2624 2584
f 2585 2545 2487
f 2444 2646 2489
f 2587 2545 2647
f 2648 2550 2649
f 2550 2591 2649
f 2549 2625 2650
f 2650 2626 2549
f 2591 2651 2649
f 2590 2292 2129
f 2552 2651 2591
f 2552 2497 2652
f 2497 2627 2652
f 2593 2653 2594
f 2653 2629 2594
f 2628 2629 2653
f 2628 2653 2627
f 2564 2369 2563
f 2654 2416 2515
f 2598 2470 2655
f 2471 2567 2597
f 2516 2472 2656
f 2472 2600 2656
f 2657 2517 2568
f 2658 2568 2474
f 2568 2658 2657
f 2603 2659 2420
f 2660 2519 2570
f 2572 2519 2660
f 2661 2571 2521
f 2633 2661 2521
f 2521 2378 2633
f 2572 2662 2522
f 2573 2663 2476
f 2664 2524 2522
f 2665 2525 2477
f 2380 2666 2477
f 2634 2667 2574
f 2575 2666 2380
f 2526 2668 2575
f 2574 2669 2606
f 2670 2605 2422
f 2607 2423 2478
f 2424 2671 2422
f 2422 2671 2670
f 2672 2606 2673
f 2636 2606 2672
f 2637 2671 2424
f 2638 2427 2382
f 2612 2674 2611
f 2577 2639 2612
f 2272 2675 2532
f 2534 2675 2272
f 2431 2640 2676
f 2676 2614 2431
f 2677 2535 2481
f 2678 2641 2614
f 2677 2481 2642
f 2480 2641 2679
f 2680 2681 2682
f 2278 2536 2683
f 2681 2684 2682
f 2679 2618 2480
f 2685 2344 2278
f 2616 2385 2539
f 2684 2644 2682
f 2643 2538 2617
f 2686 2644 2582
f 2620 2686 2582
f 2684 2619 2644
f 2684 2687 2619
f 2688 2390 2344
f 2581 2281 2643
f 2689 2542 2618
f 2483 2581 2690
f 2485 2621 2691
f 2689 2692 2585
f 2542 2689 2585
f 2622 2483 2690
f 2693 2541 2488
f 2443 2586 2623
f 2585 2692 2647
f 2547 2646 2444
f 2585 2647 2545
f 2625 2550 2694
f 2694 2550 2648
f 2490 2695 2488
f 2290 2588 2441
f 2491 2446 2696
f 2492 2697 2490
f 2396 2551 2234
f 2552 2698 2651
f 2552 2652 2698
f 2699 2593 2626
f 2700 2593 2699
f 2700 2653 2593
f 2627 2653 2700
f 2627 2700 2652
f 2563 2370 2630
f 2596 2654 2515
f 2701 2565 2469
f 2701 2469 2566
f 2470 2631 2655
f 2702 2597 2567
f 2417 2598 2703
f 2417 2703 2418
f 2704 2705 2706
f 2567 2705 2704
f 2567 2516 2705
f 2418 2703 2599
f 2706 2705 2707
f 2516 2656 2705
f 2599 2708 2473
f 2707 2705 2709
f 2708 2601 2473
f 2656 2710 2705
f 2705 2710 2709
f 2656 2600 2710
f 2659 2602 2420
f 2664 2522 2662
f 2476 2663 2523
f 2664 2711 2524
f 2524 2711 2634
f 2666 2665 2477
f 2634 2711 2667
f 2527 2712 2528
f 2712 2713 2528
f 2713 2526 2528
f 2526 2714 2668
f 2668 2715 2575
f 2669 2574 2667
f 2669 2673 2606
f 2716 2609 2610
f 2611 2674 2671
f 2611 2671 2637
f 2636 2672 2639
f 2639 2672 2612
f 2717 2718 2719
f 2719 2718 2720
f 2719 2720 2721
f 2722 2723 2724
f 2720 2725 2721
f 2722 2726 2723
f 2721 2725 2724
f 2535 2727 2274
f 2725 2722 2724
f 2722 2728 2726
f 2718 2729 2730
f 2718 2730 2720
f 2720 2730 2725
f 2725 2731 2722
f 2722 2731 2728
f 2728 2731 2732
f 2733 2734 2735
f 2735 2734 2736
f 2642 2737 2738
f 2733 2739 2734
f 2734 2740 2736
f 2741 2681 2742
f 2742 2681 2743
f 2681 2680 2743
f 2642 2578 2737
f 2579 2744 2745
f 2739 2746 2734
f 2578 2747 2737
f 2745 2536 2579
f 2746 2740 2734
f 2737 2747 2738
f 2738 2748 2749
f 2745 2683 2536
f 2741 2684 2681
f 2747 2748 2738
f 2684 2741 2750
f 2683 2685 2278
f 2748 2747 2751
f 2682 2752 2680
f 2482 2747 2578
f 2752 2682 2686
f 2747 2482 2751
f 2753 2617 2616
f 2682 2644 2686
f 2580 2541 2754
f 2643 2617 2753
f 2755 2616 2539
f 2750 2687 2684
f 2485 2755 2539
f 2756 2687 2750
f 2619 2687 2756
f 2688 2393 2390
f 2619 2756 2645
f 2584 2624 2757
f 2621 2623 2691
f 2691 2623 2586
f 2645 2547 2583
f 2624 2489 2646
f 2758 2647 2692
f 2587 2647 2758
f 2587 2759 2589
f 2589 2592 2350
f 2700 2699 2760
f 2761 2596 2564
f 2701 2762 2565
f 2763 2416 2654
f 2763 2631 2416
f 2655 2631 2764
f 2597 2765 2632
f 2766 2598 2655
f 2702 2567 2704
f 2702 2704 2767
f 2704 2768 2767
f 2704 2706 2768
f 2768 2706 2769
f 2706 2707 2769
f 2769 2770 2771
f 2769 2707 2770
f 2707 2772 2770
f 2707 2709 2772
f 2657 2600 2517
f 2773 2603 2518
f 2474 2602 2658
f 2773 2520 2774
f 2518 2520 2773
f 2775 2774 2571
f 2571 2774 2520
f 2775 2571 2661
f 2660 2776 2572
f 2776 2662 2572
f 2573 2525 2777
f 2778 2777 2525
f 2712 2527 2779
f 2779 2527 2635
f 2713 2714 2526
f 2575 2715 2666
f 2669 2667 2780
f 2780 2673 2669
f 2607 2478 2609
f 2780 2672 2673
f 2716 2781 2609
f 2780 2674 2672
f 2674 2612 2672
f 2427 2638 2782
f 2783 2784 2785
f 2786 2785 2787
f 2788 2675 2534
f 2789 2719 2790
f 2534 2384 2788
f 2787 2717 2789
f 2613 2791 2430
f 2784 2792 2793
f 2784 2793 2785
f 2789 2717 2719
f 2791 2640 2430
f 2785 2793 2787
f 2719 2721 2790
f 2794 2724 2723
f 2793 2795 2787
f 2790 2721 2724
f 2796 2384 2274
f 2787 2795 2717
f 2726 2797 2723
f 2274 2727 2796
f 2791 2676 2640
f 2795 2798 2717
f 2717 2798 2718
f 2798 2729 2718
f 2797 2726 2799
f 2799 2800 2797
f 2799 2733 2800
f 2732 2726 2728
f 2801 2725 2730
f 2726 2732 2799
f 2800 2733 2735
f 2729 2802 2803
f 2729 2803 2730
f 2735 2736 2804
f 2801 2731 2725
f 2799 2739 2733
f 2730 2803 2801
f 2799 2732 2739
f 2642 2805 2677
f 2801 2806 2731
f 2805 2642 2738
f 2738 2749 2805
f 2806 2807 2731
f 2731 2808 2732
f 2809 2743 2680
f 2679 2641 2810
f 2744 2579 2615
f 2739 2732 2808
f 2615 2228 2811
f 2432 2811 2228
f 2741 2812 2750
f 2739 2808 2813
f 2736 2740 2814
f 2748 2751 2815
f 2740 2816 2814
f 2746 2739 2813
f 2618 2679 2689
f 2746 2817 2818
f 2746 2818 2740
f 2688 2344 2685
f 2616 2755 2753
f 2434 2751 2482
f 2643 2753 2581
f 2485 2691 2755
f 2756 2819 2645
f 2692 2689 2820
f 2689 2821 2820
f 2622 2690 2822
f 2622 2822 2586
f 2586 2822 2691
f 2645 2823 2547
f 2819 2823 2645
f 2824 2546 2393
f 2625 2694 2825
f 2823 2646 2547
f 2820 2758 2692
f 2825 2694 2648
f 2826 2825 2648
f 2695 2693 2488
f 2650 2625 2827
f 2490 2697 2695
f 2650 2828 2626
f 2828 2699 2626
f 2829 2352 2491
f 2699 2830 2760
f 2129 2831 2590
f 2700 2760 2652
f 2652 2760 2832
f 2833 2564 2563
f 2834 2630 2565
f 2632 2701 2566
f 2597 2702 2765
f 2835 2767 2768
f 2768 2769 2835
f 2835 2769 2836
f 2836 2769 2771
f 2703 2598 2766
f 2770 2837 2771
f 2599 2703 2838
f 2770 2772 2837
f 2599 2838 2708
f 2837 2772 2839
f 2709 2840 2772
f 2600 2657 2710
f 2710 2841 2709
f 2773 2842 2603
f 2843 2570 2569
f 2602 2844 2658
f 2570 2845 2660
f 2661 2633 2846
f 2846 2633 2847
f 2633 2604 2847
f 2848 2604 2523
f 2604 2848 2847
f 2523 2849 2848
f 2523 2663 2849
f 2662 2776 2850
f 2663 2573 2851
f 2662 2850 2664
f 2665 2778 2525
f 2711 2852 2667
f 2635 2853 2779
f 2605 2853 2635
f 2854 2713 2855
f 2854 2714 2713
f 2605 2856 2857
f 2670 2856 2605
f 2780 2667 2852
f 2858 2780 2852
f 2671 2859 2856
f 2671 2856 2670
f 2781 2860 2609
f 2674 2858 2859
f 2674 2859 2671
f 2860 2607 2609
f 2674 2780 2858
f 2861 2638 2531
f 2862 2863 2864
f 2863 2865 2866
f 2864 2863 2783
f 2867 2783 2786
f 2868 2866 2865
f 2783 2785 2786
f 2786 2787 2869
f 2869 2789 2870
f 2870 2789 2790
f 2782 2613 2427
f 2866 2792 2863
f 2863 2792 2783
f 2869 2787 2789
f 2783 2792 2784
f 2790 2724 2794
f 2723 2871 2794
f 2384 2796 2788
f 2793 2872 2873
f 2793 2873 2795
f 2873 2798 2795
f 2535 2874 2727
f 2873 2875 2798
f 2800 2735 2804
f 2676 2678 2614
f 2535 2677 2874
f 2798 2802 2729
f 2803 2802 2876
f 2810 2641 2678
f 2742 2877 2878
f 2877 2742 2743
f 2805 2749 2879
f 2809 2880 2743
f 2736 2814 2881
f 2801 2882 2806
f 2883 2749 2884
f 2878 2812 2741
f 2878 2741 2742
f 2811 2744 2615
f 2731 2807 2808
f 2679 2810 2885
f 2749 2748 2884
f 2752 2809 2680
f 2886 2750 2812
f 2748 2815 2884
f 2751 2887 2815
f 2888 2580 2754
f 2750 2886 2889
f 2890 2891 2752
f 2686 2890 2752
f 2885 2689 2679
f 2890 2686 2620
f 2813 2817 2746
f 2751 2892 2887
f 2893 2753 2755
f 2756 2750 2889
f 2757 2890 2620
f 2892 2751 2434
f 2757 2620 2584
f 2740 2894 2816
f 2740 2818 2894
f 2821 2689 2895
f 2690 2581 2753
f 2690 2753 2893
f 2893 2755 2691
f 2889 2819 2756
f 2824 2393 2688
f 2822 2690 2893
f 2822 2893 2691
f 2820 2821 2896
f 2826 2897 2825
f 2827 2625 2898
f 2898 2625 2825
f 2899 2434 2486
f 2827 2828 2650
f 2648 2649 2826
f 2900 2587 2758
f 2759 2587 2900
f 2696 2829 2491
f 2901 2902 2651
f 2901 2698 2652
f 2651 2698 2901
f 2759 2903 2589
f 2760 2830 2832
f 2551 2831 2129
f 2834 2565 2762
f 2564 2833 2761
f 2596 2763 2654
f 2764 2631 2763
f 2655 2904 2766
f 2905 2835 2836
f 2906 2703 2766
f 2906 2838 2703
f 2771 2837 2907
f 2839 2907 2837
f 2772 2840 2839
f 2908 2603 2842
f 2603 2908 2659
f 2773 2774 2909
f 2710 2657 2910
f 2841 2710 2910
f 2843 2911 2570
f 2658 2844 2912
f 2911 2845 2570
f 2661 2913 2775
f 2913 2661 2846
f 2660 2845 2776
f 2663 2851 2849
f 2776 2914 2850
f 2777 2851 2573
f 2850 2915 2664
f 2664 2915 2711
f 2916 2712 2779
f 2852 2711 2915
f 2917 2712 2916
f 2712 2917 2713
f 2605 2857 2853
f 2917 2855 2713
f 2918 2855 2917
f 2858 2852 2919
f 2854 2920 2714
f 2858 2919 2859
f 2862 2921 2865
f 2860 2608 2607
f 2921 2922 2865
f 2862 2865 2863
f 2862 2864 2923
f 2923 2864 2867
f 2864 2783 2867
f 2867 2786 2924
f 2786 2869 2924
f 2638 2861 2925
f 2782 2638 2925
f 2922 2868 2865
f 2926 2869 2870
f 2870 2790 2927
f 2613 2782 2928
f 2790 2794 2927
f 2788 2929 2675
f 2930 2868 2931
f 2868 2930 2866
f 2927 2794 2871
f 2928 2791 2613
f 2932 2933 2934
f 2930 2792 2866
f 2933 2932 2935
f 2871 2723 2797
f 2871 2797 2936
f 2930 2937 2792
f 2935 2932 2938
f 2797 2939 2940
f 2937 2793 2792
f 2797 2800 2939
f 2937 2872 2793
f 2939 2800 2804
f 2939 2804 2941
f 2798 2875 2802
f 2677 2805 2874
f 2743 2942 2877
f 2743 2880 2942
f 2804 2881 2943
f 2944 2805 2879
f 2802 2945 2876
f 2881 2804 2736
f 2879 2749 2883
f 2803 2876 2801
f 2884 2946 2883
f 2946 2884 2947
f 2744 2948 2745
f 2884 2949 2947
f 2947 2683 2948
f 2948 2683 2745
f 2752 2950 2809
f 2752 2891 2950
f 2806 2882 2807
f 2884 2815 2949
f 2947 2949 2685
f 2947 2685 2683
f 2432 2580 2888
f 2815 2951 2949
f 2952 2891 2890
f 2953 2814 2816
f 2689 2885 2895
f 2887 2951 2815
f 2951 2954 2949
f 2949 2954 2685
f 2688 2685 2954
f 2955 2887 2892
f 2896 2821 2895
f 2754 2541 2956
f 2956 2541 2693
f 2956 2693 2957
f 2757 2624 2958
f 2816 2894 2959
f 2820 2896 2960
f 2961 2823 2819
f 2958 2646 2823
f 2958 2823 2962
f 2646 2958 2624
f 2695 2957 2693
f 2960 2758 2820
f 2546 2963 2446
f 2902 2826 2649
f 2902 2964 2826
f 2696 2446 2965
f 2649 2651 2902
f 2830 2699 2828
f 2652 2832 2901
f 2903 2592 2589
f 2396 2966 2551
f 2967 2834 2762
f 2968 2701 2632
f 2765 2702 2767
f 2765 2767 2969
f 2969 2767 2835
f 2905 2969 2835
f 2836 2970 2971
f 2970 2836 2771
f 2906 2766 2972
f 2771 2907 2970
f 2601 2708 2973
f 2601 2843 2569
f 2601 2973 2843
f 2840 2974 2839
f 2842 2773 2909
f 2602 2659 2975
f 2844 2602 2975
f 2841 2840 2709
f 2976 2840 2841
f 2658 2912 2657
f 2657 2912 2977
f 2657 2977 2910
f 2914 2776 2845
f 2978 2850 2914
f 2915 2850 2978
f 2979 2915 2978
f 2916 2779 2980
f 2853 2980 2779
f 2979 2978 2857
f 2981 2917 2916
f 2979 2852 2915
f 2982 2665 2666
f 2979 2919 2852
f 2856 2979 2857
f 2917 2981 2983
f 2859 2919 2979
f 2859 2979 2856
f 2666 2715 2982
f 2984 2862 2985
f 2715 2668 2714
f 2714 2920 2715
f 2984 2921 2862
f 2855 2918 2854
f 2867 2924 2986
f 2924 2869 2926
f 2922 2987 2868
f 2988 2933 2989
f 2931 2868 2987
f 2989 2935 2990
f 2933 2935 2989
f 2991 2932 2934
f 2936 2797 2940
f 2791 2928 2992
f 2993 2935 2938
f 2930 2994 2937
f 2791 2992 2676
f 2995 2996 2991
f 2991 2997 2932
f 2938 2932 2997
f 2996 2997 2991
f 2938 2998 2993
f 2938 2997 2998
f 2999 2676 2992
f 2996 3000 2997
f 3001 2995 3002
f 2995 3001 2996
f 2872 3003 2873
f 2996 3001 3000
f 2999 2678 2676
f 2874 2805 2944
f 3000 3001 3004
f 2945 2802 2875
f 3005 2944 2879
f 3006 2810 2678
f 3007 2880 2809
f 2883 2946 3008
f 3008 2946 3009
f 2943 2881 3010
f 3007 2809 2950
f 2810 3006 2885
f 3009 2946 2947
f 3009 2947 2948
f 2811 2432 2888
f 3011 2882 2801
f 3012 3010 2881
f 2807 2882 3013
f 2807 3013 2808
f 2881 2814 3012
f 2895 2885 3014
f 2888 2754 3015
f 3013 3016 2808
f 2808 3016 2813
f 3017 2895 3014
f 3018 2952 2890
f 3019 2813 3016
f 2814 2953 3012
f 3020 2951 2887
f 2951 3020 2954
f 2757 3018 2890
f 2817 2813 3019
f 3020 2887 2955
f 2757 2958 3018
f 3019 3021 2817
f 2896 2895 3017
f 2688 2954 2824
f 3015 2754 2956
f 2819 2889 2961
f 3022 2953 2816
f 2896 3017 2960
f 3023 2827 2898
f 2826 3024 2897
f 2899 3025 2434
f 2434 3025 2892
f 2823 2961 2962
f 2894 2818 2817
f 2817 3026 2894
f 2816 2959 3022
f 3027 2758 2960
f 3028 2828 2827
f 2963 2965 2446
f 2492 3029 2697
f 2828 3028 2830
f 2492 2352 3030
f 2832 2830 3031
f 2592 3032 2396
f 2563 3033 2833
f 2563 2630 3033
f 2596 3034 2763
f 2596 2761 3034
f 3035 2764 2763
f 2765 3036 2632
f 2655 2764 2904
f 2905 2836 3037
f 2766 2904 3038
f 2972 2766 3038
f 3039 2906 2972
f 2838 3040 2708
f 2907 2839 3041
f 2973 2708 3040
f 2909 3042 2842
f 2974 2840 3043
f 2975 3044 2844
f 2844 3044 2912
f 3045 2845 2911
f 2845 3045 3046
f 2914 2845 3047
f 3047 2845 3046
f 2914 3047 3048
f 2777 3049 2851
f 3048 2978 2914
f 2978 3048 3050
f 2853 3050 2980
f 2857 2978 3050
f 2981 2916 3051
f 2857 3050 2853
f 2862 2923 2985
f 3052 2921 2984
f 2983 3053 2917
f 3053 2918 2917
f 3054 2923 2867
f 3052 3055 2922
f 3052 2922 2921
f 2867 2986 3056
f 2920 2854 3057
f 3053 2983 3058
f 2918 3059 2854
f 2860 2531 2608
f 2860 2861 2531
f 3053 3060 2918
f 2918 3060 3059
f 2986 2924 2926
f 2610 3061 2716
f 2926 2870 3062
f 3062 2870 2927
f 2990 3058 3063
f 2988 2989 3063
f 3063 2989 2990
f 3058 2990 3064
f 3065 2532 2675
f 2927 2871 3066
f 3067 2933 2988
f 3068 2933 3067
f 2990 2935 3064
f 2871 3069 3066
f 3068 2934 2933
f 2871 2936 3069
f 3064 2935 3070
f 2931 2987 3071
f 3068 3072 2934
f 2931 3071 2930
f 3072 2991 2934
f 2935 2993 3070
f 3073 2995 3072
f 3072 2995 2991
f 2796 2727 3074
f 3002 2995 3073
f 3075 2998 2997
f 3076 3003 2937
f 3003 2872 2937
f 2941 2804 2943
f 3006 2678 2999
f 3002 3077 3078
f 3078 3001 3002
f 2997 3000 3079
f 3080 2877 2942
f 3078 3004 3001
f 3079 3000 3004
f 2875 2873 3081
f 2883 3005 2879
f 3080 2878 2877
f 3082 3083 3084
f 2880 3007 3085
f 3083 3086 3084
f 3084 3087 3088
f 3084 3086 3087
f 3009 2948 3089
f 3090 2948 2744
f 2950 3091 3007
f 2945 3092 2876
f 3014 2885 3006
f 3093 2812 2878
f 3093 2886 2812
f 2950 2891 2952
f 2876 3094 2801
f 3094 3011 2801
f 2882 3011 3013
f 3014 3095 3017
f 2897 3096 2898
f 2898 2825 2897
f 3018 2958 3097
f 2955 3098 3020
f 2954 3020 3099
f 3100 2960 3017
f 3101 2955 2892
f 2962 3097 2958
f 3102 2953 3022
f 2953 3102 3012
f 2954 3099 2824
f 3023 3103 2827
f 2826 2964 3024
f 3104 2827 3103
f 2824 2963 2546
f 3028 2827 3104
f 3021 3105 2817
f 3026 2817 3105
f 2697 3029 2695
f 2894 3106 2959
f 3027 2900 2758
f 3107 2964 2902
f 2492 3030 3029
f 3028 3031 2830
f 2902 2901 3107
f 2829 3030 2352
f 3031 2901 2832
f 2396 3032 2966
f 3033 2630 3108
f 2834 3108 2630
f 3109 3034 2761
f 2968 2762 2701
f 2764 3035 2904
f 2969 2905 3110
f 3037 3110 2905
f 3037 2836 2971
f 2970 2907 3111
f 3111 2907 3041
f 3041 2839 2974
f 2842 3112 2908
f 3042 3112 2842
f 2659 2908 3113
f 3045 2911 2843
f 2775 3114 2774
f 2840 3115 3043
f 2913 3114 2775
f 3116 2841 2910
f 3115 2840 2976
f 2846 3117 2913
f 3117 2846 2847
f 3118 2848 2849
f 2847 2848 3118
f 2849 2851 3119
f 3120 3047 3046
f 2777 3121 3049
f 3050 3048 3047
f 3047 3120 3122
f 3121 2777 2778
f 2980 3050 3047
f 2980 3047 3122
f 2980 3122 2916
f 3121 2778 3123
f 3051 3124 2981
f 3052 2984 3125
f 3124 2983 2981
f 2985 2923 3126
f 3126 2923 3054
f 3054 2867 3056
f 3127 2983 3128
f 3129 2715 2920
f 2920 3057 3129
f 3127 3058 2983
f 3057 2854 3059
f 3130 2926 3062
f 3127 3063 3058
f 3053 3131 3060
f 3132 3133 3055
f 3055 3133 2922
f 2988 3063 3134
f 3058 3131 3053
f 3133 2987 2922
f 2782 2925 3135
f 3064 3131 3058
f 3134 3067 2988
f 2929 3065 2675
f 3135 2928 2782
f 3136 3068 3067
f 2788 3137 2929
f 3069 2936 2940
f 2941 3138 2939
f 3071 2994 2930
f 3002 3073 3139
f 2994 3076 2937
f 3140 2941 2943
f 2874 3074 2727
f 2944 3141 2874
f 3002 3139 3077
f 3142 3006 2999
f 2944 3005 3141
f 3075 2997 3079
f 3081 2873 3003
f 2880 3143 2942
f 2880 3085 3143
f 3078 3077 3144
f 3005 2883 3145
f 3008 3145 2883
f 3078 3144 3146
f 3004 3078 3146
f 3147 3079 3004
f 3084 3148 3082
f 3088 3148 3084
f 3004 3146 3147
f 3081 2945 2875
f 3082 3149 3083
f 3007 3150 3085
f 2945 3081 3151
f 2948 3090 3089
f 3152 3083 3149
f 3087 3153 3088
f 3151 3092 2945
f 3007 3091 3150
f 3152 3154 3083
f 3083 3154 3086
f 3086 3154 3087
f 2876 3092 3155
f 3156 2886 3093
f 3157 2950 2952
f 3094 2876 3155
f 3156 2889 2886
f 2889 3156 3158
f 3100 3017 3095
f 3018 3159 2952
f 3018 3097 3159
f 3160 2897 3024
f 2889 3158 2961
f 2961 3158 2962
f 3098 2955 3101
f 3161 2892 3025
f 2892 3161 3101
f 3021 3019 3162
f 2695 3029 2957
f 2899 3163 3025
f 3021 3162 3105
f 3031 3028 3104
f 3106 2894 3026
f 2901 3164 3107
f 3026 3165 3106
f 2901 3031 3164
f 2588 3166 2441
f 3166 2588 2590
f 2903 3032 2592
f 2966 3167 2551
f 3168 2551 3169
f 3168 2831 2551
f 3170 2761 2833
f 3171 2834 2967
f 3172 2762 2968
f 3035 2763 3034
f 2765 2969 3173
f 3174 2904 3035
f 2904 3174 3038
f 3175 2970 3111
f 3111 3041 3176
f 2838 2906 3039
f 3041 2974 3177
f 2973 3178 2843
f 3113 3179 2659
f 2659 3179 2975
f 2843 3178 3045
f 3116 2976 2841
f 2847 3118 3117
f 2912 3180 2977
f 3045 3181 3046
f 2851 3049 3119
f 3181 3120 3046
f 3120 3181 3122
f 3182 2916 3122
f 3051 2916 3182
f 3183 3123 2778
f 3184 2985 3185
f 3126 3185 2985
f 3186 3052 3125
f 3184 2984 2985
f 3187 3188 3186
f 3186 3055 3052
f 3188 3187 3189
f 3186 3188 3055
f 3124 3128 2983
f 3127 3128 3190
f 3129 2982 2715
f 3055 3188 3191
f 3127 3192 3063
f 3055 3191 3132
f 2986 2926 3130
f 3193 2860 2781
f 2716 3193 2781
f 3194 3057 3059
f 3195 3062 2927
f 3060 3194 3059
f 3131 3196 3060
f 2927 3197 3195
f 3065 2610 2532
f 3066 3197 2927
f 3067 3134 3198
f 3196 3131 3064
f 3067 3198 3136
f 3199 2987 3133
f 3136 3072 3068
f 3200 2987 3199
f 3196 3064 3070
f 3200 3071 2987
f 3201 2940 2939
f 3201 2939 3138
f 2993 3202 3070
f 2941 3140 3138
f 3203 2999 2992
f 3202 2993 2998
f 3204 3202 2998
f 3204 2998 3075
f 3141 3074 2874
f 3205 3003 3076
f 3206 3080 2942
f 3206 2942 3143
f 3140 2943 3207
f 3008 3208 3145
f 3008 3009 3208
f 3079 3147 3075
f 3010 3207 2943
f 3148 3209 3082
f 3210 2878 3080
f 3209 3149 3082
f 2878 3210 3093
f 3211 3014 3006
f 3212 2744 2811
f 3212 2811 2888
f 3213 3153 3087
f 3091 3214 3150
f 3095 3014 3211
f 3157 2952 3215
f 2952 3159 3215
f 3095 3216 3100
f 3012 3217 3010
f 3096 2897 3160
f 3158 3218 3159
f 3158 3159 3097
f 2962 3158 3097
f 3217 3012 3219
f 3099 3020 3220
f 2964 3221 3024
f 3098 3220 3020
f 3099 3220 3222
f 3222 3223 3099
f 2824 3099 3223
f 3224 3104 3103
f 3102 3219 3012
f 3161 3025 3225
f 2963 2824 3223
f 3107 3226 2964
f 3025 3163 3225
f 3031 3104 3164
f 2486 3163 2899
f 3105 3227 3026
f 2696 2965 3228
f 3102 3022 3229
f 3102 3229 3230
f 3026 3227 3231
f 3026 3231 3165
f 2441 3232 2486
f 2959 3233 3022
f 3022 3233 3229
f 3234 3235 2759
f 2959 3106 3233
f 3109 2761 3170
f 3172 2967 2762
f 2632 3236 2968
f 3036 2765 3173
f 3173 2969 3110
f 2971 3237 3037
f 3237 2971 3238
f 2971 2970 3238
f 3238 2970 3175
f 3238 3175 3239
f 3240 3038 3174
f 3241 3175 3111
f 3242 2838 3039
f 2838 3242 3040
f 3176 3041 3177
f 3040 3243 2973
f 3042 2909 3244
f 2974 3043 3177
f 3245 2774 3114
f 3244 2909 3245
f 2909 2774 3245
f 3117 3246 2913
f 3247 2976 3116
f 3247 3115 2976
f 3248 3180 2912
f 3249 2910 2977
f 2910 3249 3116
f 3118 2849 3119
f 2977 3180 3249
f 3181 3182 3122
f 3250 3251 3252
f 3250 3253 3251
f 3254 3187 3255
f 3125 2984 3184
f 3256 3184 3185
f 3251 3187 3252
f 3255 3186 3125
f 3187 3186 3255
f 3257 3185 3126
f 3251 3189 3187
f 2665 3258 2778
f 3257 3126 3054
f 3257 3054 3056
f 3259 3189 3251
f 3056 2986 3260
f 3189 3261 3191
f 3189 3191 3188
f 3190 3192 3127
f 3262 3063 3192
f 3129 3057 3194
f 3263 2861 2860
f 3134 3063 3262
f 3264 2716 3061
f 3265 3134 3262
f 3266 2610 3065
f 3265 3198 3134
f 3199 3133 3132
f 3066 3069 3267
f 2929 3268 3065
f 3269 2940 3201
f 3270 2992 2928
f 3271 3196 3070
f 3137 2788 2796
f 3272 3073 3072
f 3272 3273 3073
f 3202 3271 3070
f 3273 3139 3073
f 3274 3076 2994
f 3203 3142 2999
f 3275 3205 3076
f 3276 3141 3005
f 3277 3077 3139
f 3278 3206 3143
f 3211 3006 3142
f 3279 3278 3143
f 3009 3280 3208
f 3085 3279 3143
f 3077 3277 3281
f 3281 3144 3077
f 3081 3003 3205
f 3089 3280 3009
f 3090 3280 3089
f 3088 3153 3282
f 3085 3150 3279
f 3147 3146 3283
f 3207 3010 3284
f 3212 3090 2744
f 3216 3095 3211
f 3157 3285 2950
f 2950 3285 3091
f 3284 3010 3286
f 3152 3287 3154
f 3156 3288 3158
f 3158 3288 3218
f 3159 3218 3215
f 3286 3010 3217
f 3096 3160 3289
f 3290 3289 3160
f 2898 3096 3023
f 2960 3100 3027
f 2964 3291 3221
f 2964 3226 3291
f 3016 3292 3019
f 3101 3293 3098
f 3098 3293 3220
f 3292 3162 3019
f 2965 2963 3223
f 3224 3164 3104
f 3226 3107 3164
f 3102 3294 3219
f 3228 2829 2696
f 3227 3105 3162
f 3102 3230 3294
f 3234 2759 2900
f 3166 3232 2441
f 3229 3233 3230
f 3295 3108 2834
f 3295 2834 3171
f 3170 2833 3033
f 2632 3036 3236
f 3296 3036 3173
f 3297 3035 3034
f 3110 3037 3298
f 3037 3237 3298
f 3035 3297 3174
f 3174 3297 3299
f 3239 3175 3241
f 3038 3240 2972
f 3241 3111 3300
f 2972 3240 3301
f 2972 3302 3039
f 3111 3176 3303
f 3302 3242 3039
f 2908 3112 3113
f 3243 3178 2973
f 3304 3177 3043
f 2913 3246 3114
f 3045 3178 3305
f 3044 3248 2912
f 3305 3181 3045
f 3305 3306 3181
f 3307 3181 3306
f 3308 3252 3309
f 3121 3310 3049
f 3182 3181 3307
f 3311 3250 3312
f 3312 3250 3308
f 3308 3250 3252
f 3309 3252 3254
f 3252 3187 3254
f 3311 3253 3250
f 3051 3182 3124
f 3253 3259 3251
f 3056 3313 3257
f 3313 3056 3260
f 2982 3258 2665
f 3314 3260 2986
f 3259 3261 3189
f 2986 3130 3314
f 3259 3315 3261
f 3261 3316 3191
f 3062 3195 3317
f 3060 3318 3194
f 3191 3316 3319
f 3191 3319 3132
f 3267 3197 3066
f 3320 3060 3196
f 3060 3320 3318
f 3319 3199 3132
f 3069 2940 3269
f 3072 3136 3321
f 2928 3135 3322
f 3196 3271 3323
f 3321 3272 3072
f 3324 3071 3200
f 2994 3071 3324
f 3273 3277 3139
f 3274 2994 3324
f 3204 3325 3202
f 3141 3326 3074
f 3274 3275 3076
f 3204 3327 3325
f 3145 3328 3005
f 3328 3276 3005
f 3329 3080 3206
f 3075 3330 3204
f 3208 3328 3145
f 3329 3210 3080
f 3147 3331 3075
f 3331 3330 3075
f 3332 3209 3148
f 3209 3333 3149
f 3148 3088 3332
f 3334 3081 3205
f 3335 3093 3210
f 3150 3336 3279
f 3147 3283 3331
f 3288 3093 3335
f 3144 3283 3146
f 3337 3152 3149
f 3151 3081 3334
f 3152 3337 3338
f 3288 3156 3093
f 3339 3150 3214
f 3336 3150 3339
f 3285 3214 3091
f 3338 3287 3152
f 3287 3340 3154
f 3154 3340 3087
f 3213 3087 3340
f 3341 3096 3342
f 3342 3096 3289
f 2888 3015 3343
f 3023 3096 3341
f 3290 3024 3221
f 3290 3160 3024
f 3344 3094 3155
f 3094 3344 3011
f 3286 3217 3345
f 3013 3011 3346
f 3345 3217 3347
f 3346 3016 3013
f 3346 3292 3016
f 3347 3217 3219
f 2965 3223 3348
f 3219 3294 3347
f 3030 2829 3228
f 3027 3349 2900
f 3232 3163 2486
f 3230 3350 3294
f 3294 3350 3351
f 3235 2903 2759
f 3106 3352 3233
f 3233 3353 3230
f 2903 3354 3032
f 3167 3169 2551
f 3170 3033 3355
f 3172 3356 2967
f 3036 3296 3236
f 3110 3357 3173
f 3034 3358 3297
f 3299 3297 3359
f 3174 3299 3240
f 3360 3240 3299
f 3240 3360 3301
f 2972 3301 3302
f 3300 3111 3303
f 3176 3177 3303
f 3303 3177 3361
f 3242 3362 3040
f 3243 3040 3362
f 3363 3244 3364
f 3244 3363 3042
f 3177 3304 3361
f 3364 3244 3245
f 3114 3246 3365
f 3114 3365 3245
f 3117 3366 3246
f 3115 3304 3043
f 3118 3366 3117
f 3049 3367 3119
f 3119 3367 3118
f 3305 3368 3306
f 3049 3310 3367
f 3180 3369 3249
f 3308 3370 3312
f 3370 3308 3309
f 3371 3309 3254
f 3255 3372 3371
f 3254 3255 3371
f 3372 3255 3125
f 3372 3125 3373
f 3373 3125 3184
f 3373 3184 3256
f 3311 3374 3253
f 3375 3185 3257
f 3376 3124 3182
f 3258 3183 2778
f 3377 3259 3253
f 3378 3128 3124
f 3378 3379 3128
f 3128 3379 3190
f 3190 3379 3192
f 3130 3062 3380
f 3380 3062 3317
f 3261 3315 3381
f 3382 3263 2860
f 3264 3193 2716
f 3265 3262 3383
f 3195 3197 3384
f 3265 3383 3198
f 3268 3266 3065
f 3069 3269 3267
f 3323 3320 3196
f 3199 3319 3385
f 3386 3200 3199
f 3386 3324 3200
f 3203 2992 3270
f 3202 3387 3271
f 2796 3074 3326
f 3388 3142 3203
f 3389 3140 3207
f 3204 3330 3327
f 3280 3390 3208
f 3329 3335 3210
f 3391 3281 3277
f 3212 3280 3090
f 3333 3209 3332
f 3332 3088 3282
f 3205 3392 3334
f 3393 3283 3144
f 3213 3282 3153
f 3212 2888 3394
f 3218 3288 3215
f 3285 3157 3215
f 3395 3284 3286
f 3285 3396 3214
f 3396 3339 3214
f 3338 3289 3290
f 3397 3338 3290
f 3338 3397 3287
f 3092 3151 3398
f 3155 3092 3398
f 3155 3398 3399
f 3023 3341 3400
f 3023 3400 3401
f 3286 3345 3395
f 3100 3216 3402
f 3399 3344 3155
f 3401 3103 3023
f 3403 3015 2956
f 3401 3224 3103
f 2956 2957 3403
f 3100 3404 3027
f 3161 3405 3101
f 3405 3293 3101
f 3225 3406 3161
f 3348 3228 2965
f 3407 3162 3292
f 3294 3408 3347
f 3294 3351 3408
f 3227 3162 3407
f 3409 3232 3166
f 3350 3230 3353
f 3165 3410 3106
f 3106 3410 3352
f 3353 3411 3350
f 3352 3412 3233
f 3233 3412 3353
f 3033 3108 3355
f 3356 3171 2967
f 3413 3109 3170
f 3237 3414 3298
f 3238 3415 3237
f 3358 3034 3109
f 3358 3109 3413
f 3416 3238 3239
f 3297 3358 3359
f 3417 3299 3359
f 3241 3418 3239
f 3419 3241 3420
f 3241 3300 3420
f 3421 3420 3422
f 3300 3422 3420
f 3300 3303 3422
f 3242 3302 3362
f 3364 3423 3363
f 3363 3112 3042
f 3246 3424 3365
f 3112 3425 3113
f 3366 3424 3246
f 3367 3426 3118
f 3118 3426 3366
f 3115 3427 3304
f 3428 3115 3247
f 3369 3116 3249
f 3247 3116 3429
f 3430 3431 3312
f 3432 3312 3370
f 3370 3309 3433
f 3433 3309 3371
f 3434 3311 3431
f 3431 3311 3312
f 3307 3306 3435
f 3121 3436 3310
f 3437 3374 3434
f 3434 3374 3311
f 3374 3377 3253
f 3378 3124 3376
f 3377 3438 3259
f 3438 3315 3259
f 3314 3130 3380
f 2982 3439 3258
f 3192 3379 3440
f 3439 2982 3129
f 3262 3192 3440
f 3383 3262 3441
f 3129 3194 3442
f 3316 3261 3381
f 3384 3197 3267
f 3266 3061 2610
f 3383 3443 3198
f 3194 3318 3442
f 3444 3319 3316
f 3443 3445 3136
f 3443 3136 3198
f 3444 3385 3319
f 3136 3445 3321
f 2929 3137 3446
f 3269 3201 3447
f 3385 3386 3199
f 3387 3323 3271
f 3447 3201 3138
f 3138 3140 3448
f 3449 3277 3273
f 3388 3203 3270
f 3202 3325 3450
f 3448 3140 3389
f 3328 3451 3276
f 3390 3328 3208
f 3205 3275 3452
f 3278 3279 3453
f 3216 3211 3142
f 3205 3452 3392
f 3336 3453 3279
f 3144 3281 3393
f 3454 3335 3455
f 3288 3335 3454
f 3333 3337 3149
f 3215 3288 3285
f 3285 3288 3454
f 3456 3342 3289
f 3338 3456 3289
f 2888 3343 3394
f 3213 3340 3457
f 3397 3458 3287
f 3458 3340 3287
f 3015 3459 3343
f 3402 3216 3460
f 3221 3461 3290
f 3015 3403 3459
f 3291 3461 3221
f 3011 3344 3462
f 3346 3011 3462
f 3100 3402 3404
f 3403 2957 3463
f 3164 3224 3464
f 3164 3464 3226
f 3405 3465 3293
f 3293 3466 3220
f 3465 3466 3293
f 3466 3467 3220
f 3220 3467 3222
f 3222 3467 3223
f 3347 3468 3345
f 3161 3406 3405
f 3408 3468 3347
f 3225 3163 3469
f 3231 3227 3470
f 3165 3231 3410
f 3471 3353 3412
f 3353 3471 3411
f 3108 3472 3355
f 3473 3108 3295
f 3173 3474 3296
f 3296 3474 3475
f 3357 3474 3173
f 3476 3110 3298
f 3476 3357 3110
f 3414 3237 3415
f 3415 3238 3477
f 3477 3238 3416
f 3478 3239 3418
f 3418 3419 3479
f 3418 3241 3419
f 3419 3420 3480
f 3480 3421 3481
f 3421 3482 3481
f 3420 3421 3480
f 3299 3417 3360
f 3421 3483 3482
f 3422 3483 3421
f 3484 3301 3360
f 3485 3301 3484
f 3486 3302 3301
f 3303 3487 3422
f 3303 3361 3487
f 3422 3487 3483
f 3483 3487 3488
f 3483 3488 3489
f 3424 3490 3365
f 3245 3490 3491
f 3365 3490 3245
f 3245 3491 3364
f 3112 3363 3492
f 3362 3493 3243
f 3424 3366 3426
f 3494 3361 3304
f 3304 3495 3494
f 3367 3496 3426
f 3367 3497 3496
f 3498 3497 3367
f 3179 3499 2975
f 3500 3430 3432
f 3310 3498 3367
f 3430 3312 3432
f 3248 3044 3501
f 3502 3116 3369
f 3116 3502 3429
f 3247 3429 3428
f 3503 3433 3371
f 3504 3369 3180
f 3505 3506 3434
f 3436 3498 3310
f 3507 3508 3509
f 3256 3185 3510
f 3510 3185 3375
f 3123 3436 3121
f 3506 3437 3434
f 3511 3182 3307
f 3511 3376 3182
f 3512 3377 3374
f 3260 3513 3313
f 3260 3314 3513
f 3438 3377 3512
f 3315 3438 3381
f 3262 3440 3441
f 3514 3317 3195
f 3515 3384 3267
f 3382 2860 3193
f 3267 3516 3515
f 2925 2861 3517
f 3517 2861 3263
f 3381 3444 3316
f 3269 3518 3267
f 3318 3320 3519
f 3446 3268 2929
f 3320 3520 3519
f 3269 3447 3518
f 3445 3521 3321
f 3320 3323 3520
f 3522 3272 3321
f 3322 3270 2928
f 3447 3138 3523
f 3272 3522 3273
f 3138 3448 3523
f 3202 3524 3387
f 3202 3450 3524
f 3449 3391 3277
f 3525 3326 3141
f 3274 3324 3526
f 3327 3527 3325
f 3275 3274 3528
f 3280 3529 3390
f 3329 3206 3453
f 3453 3206 3278
f 3391 3530 3281
f 3389 3207 3284
f 3455 3335 3329
f 3393 3281 3530
f 3389 3284 3531
f 3453 3336 3532
f 3531 3284 3395
f 3456 3337 3333
f 3533 3285 3454
f 3532 3336 3339
f 3338 3337 3456
f 3533 3396 3285
f 3532 3339 3396
f 3394 3343 3534
f 3213 3457 3282
f 3461 3397 3290
f 3535 3461 3291
f 3401 3464 3224
f 3226 3464 3535
f 3291 3226 3535
f 3027 3404 3536
f 2957 3029 3463
f 3467 3348 3223
f 3537 3292 3346
f 3537 3407 3292
f 3406 3225 3469
f 3538 3468 3408
f 3408 3539 3538
f 3349 3234 2900
f 3227 3407 3540
f 3408 3351 3539
f 3235 3354 2903
f 3541 3351 3350
f 2831 3542 2590
f 3411 3543 3350
f 3541 3350 3543
f 3352 3544 3412
f 3545 2968 3236
f 3472 3108 3473
f 3475 3236 3296
f 3476 3298 3414
f 3170 3355 3546
f 3170 3547 3413
f 3547 3170 3546
f 3416 3239 3478
f 3547 3548 3413
f 3478 3418 3549
f 3549 3418 3479
f 3413 3550 3358
f 3413 3548 3550
f 3358 3550 3359
f 3479 3419 3551
f 3419 3480 3551
f 3551 3480 3481
f 3359 3552 3417
f 3359 3550 3552
f 3481 3482 3553
f 3554 3417 3552
f 3360 3554 3484
f 3417 3554 3360
f 3554 3555 3556
f 3483 3489 3482
f 3484 3554 3556
f 3485 3486 3301
f 3424 3557 3490
f 3364 3491 3423
f 3363 3423 3492
f 3488 3558 3489
f 3302 3486 3362
f 3485 3484 3556
f 3426 3557 3424
f 3361 3559 3487
f 3493 3362 3486
f 3497 3485 3556
f 3496 3556 3426
f 3426 3556 3557
f 3361 3494 3559
f 3497 3560 3485
f 3496 3497 3556
f 3493 3561 3243
f 3562 3494 3495
f 3243 3561 3178
f 3561 3305 3178
f 3495 3304 3427
f 3505 3563 3564
f 3563 3431 3430
f 3565 3499 3179
f 3563 3505 3431
f 2975 3499 3044
f 3115 3428 3427
f 3564 3566 3505
f 3505 3434 3431
f 3435 3306 3368
f 3436 3567 3498
f 3501 3504 3248
f 3180 3248 3504
f 3505 3566 3506
f 3568 3503 3371
f 3372 3569 3568
f 3371 3372 3568
f 3373 3569 3372
f 3570 3571 3507
f 3566 3572 3573
f 3574 3507 3509
f 3575 3574 3509
f 3566 3573 3506
f 3373 3256 3510
f 3571 3508 3507
f 3576 3307 3435
f 3571 3577 3508
f 3573 3437 3506
f 3509 3578 3575
f 3576 3511 3307
f 3509 3508 3578
f 3375 3257 3579
f 3313 3579 3257
f 3183 3580 3123
f 3437 3581 3512
f 3512 3374 3437
f 3582 3378 3376
f 3513 3314 3583
f 3584 3438 3512
f 3439 3129 3585
f 3383 3441 3443
f 3264 3382 3193
f 3442 3585 3129
f 3586 3444 3381
f 3267 3518 3516
f 3587 3135 2925
f 3444 3588 3385
f 3323 3387 3520
f 3321 3521 3522
f 3386 3385 3589
f 3590 3324 3386
f 3324 3590 3526
f 3591 3391 3449
f 3592 3448 3389
f 3525 3141 3276
f 3593 3525 3276
f 3593 3276 3451
f 3388 3594 3142
f 3595 3328 3390
f 3595 3451 3328
f 3529 3280 3212
f 3330 3596 3327
f 3597 3530 3391
f 3142 3598 3216
f 3455 3329 3453
f 3330 3331 3599
f 3212 3394 3600
f 3601 3333 3332
f 3601 3332 3602
f 3455 3533 3454
f 3456 3333 3601
f 3393 3603 3283
f 3603 3599 3283
f 3331 3283 3599
f 3604 3342 3456
f 3604 3341 3342
f 3392 3605 3334
f 3598 3460 3216
f 3396 3533 3532
f 3334 3606 3151
f 3606 3398 3151
f 3607 3401 3400
f 3461 3608 3397
f 3607 3609 3401
f 3535 3608 3461
f 3609 3464 3401
f 3462 3610 3346
f 3610 3537 3346
f 3029 3030 3611
f 3228 3612 3030
f 3613 3468 3538
f 3232 3614 3163
f 3615 3227 3540
f 3470 3227 3615
f 3235 3616 3354
f 3351 3541 3539
f 3354 3617 3032
f 3032 3618 2966
f 2966 3618 3167
f 3352 3410 3619
f 3352 3619 3544
f 3411 3471 3543
f 3471 3412 3620
f 3356 3295 3171
f 3545 3172 2968
f 3473 3621 3472
f 3546 3355 3472
f 3416 3478 3477
f 3479 3551 3622
f 3623 3622 3551
f 3548 3547 3624
f 3623 3551 3481
f 3623 3481 3625
f 3481 3553 3625
f 3626 3553 3482
f 3552 3627 3554
f 3552 3628 3627
f 3555 3554 3627
f 3482 3489 3626
f 3628 3555 3627
f 3491 3555 3628
f 3626 3489 3629
f 3491 3630 3423
f 3492 3423 3630
f 3557 3556 3555
f 3490 3557 3555
f 3490 3555 3491
f 3489 3558 3629
f 3492 3425 3112
f 3631 3487 3559
f 3487 3631 3488
f 3560 3486 3485
f 3493 3486 3560
f 3425 3179 3113
f 3564 3563 3632
f 3633 3493 3560
f 3500 3432 3634
f 3635 3561 3493
f 3635 3493 3633
f 3634 3432 3370
f 3636 3370 3433
f 3633 3560 3567
f 3498 3560 3497
f 3637 3566 3564
f 3638 3305 3561
f 3567 3560 3498
f 3637 3572 3566
f 3305 3638 3368
f 3499 3501 3044
f 3639 3570 3507
f 3639 3507 3574
f 3369 3640 3502
f 3574 3575 3641
f 3436 3123 3642
f 3579 3643 3375
f 3123 3580 3642
f 3573 3644 3437
f 3508 3577 3645
f 3579 3313 3513
f 3508 3645 3578
f 3581 3437 3644
f 3584 3512 3581
f 3380 3583 3314
f 3317 3646 3380
f 3514 3646 3317
f 3381 3438 3647
f 3384 3514 3195
f 3381 3647 3586
f 3318 3648 3442
f 3268 3649 3266
f 3650 3445 3443
f 3387 3524 3520
f 3448 3651 3523
f 2796 3652 3137
f 3386 3589 3590
f 3448 3592 3651
f 3270 3653 3388
f 3325 3654 3450
f 3655 3654 3325
f 3597 3391 3591
f 3325 3527 3655
f 3388 3653 3594
f 3274 3526 3656
f 3274 3656 3528
f 3529 3595 3390
f 3596 3527 3327
f 3598 3142 3594
f 3600 3529 3212
f 3528 3452 3275
f 3532 3455 3453
f 3533 3455 3532
f 3282 3657 3332
f 3341 3658 3400
f 3457 3657 3282
f 3658 3607 3400
f 3659 3531 3395
f 3343 3459 3534
f 3606 3334 3605
f 3659 3395 3345
f 3397 3608 3458
f 3608 3660 3458
f 3464 3609 3661
f 3464 3661 3535
f 3345 3468 3662
f 3663 3404 3402
f 3664 3465 3405
f 3465 3665 3466
f 3463 3029 3611
f 3348 3612 3228
f 3612 3611 3030
f 3469 3666 3406
f 3614 3667 3163
f 3668 3540 3407
f 3617 3618 3032
f 3470 3410 3231
f 3410 3470 3619
f 3539 3541 3669
f 3669 3541 3543
f 3544 3620 3412
f 3543 3670 3669
f 3475 3545 3236
f 3476 3671 3357
f 3415 3672 3414
f 3673 3546 3472
f 3674 3549 3479
f 3622 3674 3479
f 3628 3550 3548
f 3628 3552 3550
f 3675 3628 3548
f 3630 3628 3675
f 3491 3628 3630
f 3492 3630 3676
f 3492 3677 3425
f 3558 3678 3629
f 3558 3679 3678
f 3637 3564 3632
f 3488 3631 3558
f 3679 3558 3631
f 3632 3563 3680
f 3680 3563 3430
f 3680 3430 3681
f 3681 3430 3500
f 3500 3682 3681
f 3494 3683 3559
f 3559 3683 3631
f 3500 3634 3682
f 3634 3370 3636
f 3433 3684 3636
f 3685 3572 3637
f 3684 3433 3503
f 3638 3561 3635
f 3495 3427 3686
f 3567 3635 3633
f 3574 3687 3639
f 3373 3510 3569
f 3641 3687 3574
f 3368 3638 3435
f 3688 3428 3429
f 3502 3689 3429
f 3689 3688 3429
f 3570 3690 3571
f 3436 3691 3567
f 3692 3693 3572
f 3572 3693 3573
f 3690 3577 3571
f 3693 3644 3573
f 3694 3376 3511
f 3695 3575 3578
f 3696 3578 3645
f 3578 3696 3695
f 3380 3646 3697
f 3698 3183 3258
f 3379 3699 3440
f 3258 3439 3698
f 3700 3438 3584
f 3646 3514 3701
f 3441 3440 3699
f 3438 3700 3647
f 3514 3384 3702
f 3703 3443 3441
f 3704 3382 3264
f 3585 3442 3648
f 3703 3650 3443
f 3705 3648 3318
f 3706 3586 3647
f 2925 3517 3587
f 3649 3061 3266
f 3586 3706 3707
f 3519 3705 3318
f 3586 3707 3588
f 3588 3444 3586
f 3708 3709 3447
f 3587 3710 3135
f 3447 3523 3708
f 3135 3710 3322
f 3385 3588 3711
f 3711 3589 3385
f 3712 3270 3322
f 3449 3273 3522
f 3524 3450 3713
f 3712 3653 3270
f 2796 3326 3652
f 3714 3656 3526
f 3595 3715 3451
f 3716 3389 3717
f 3330 3599 3718
f 3717 3389 3531
f 3530 3719 3393
f 3603 3393 3719
f 3603 3720 3599
f 3604 3456 3601
f 3721 3460 3598
f 3657 3602 3332
f 3607 3722 3609
f 3340 3723 3457
f 3724 3402 3460
f 3661 3609 3722
f 3608 3535 3725
f 3726 3340 3458
f 3726 3723 3340
f 3726 3458 3660
f 3663 3402 3724
f 3398 3727 3399
f 3659 3345 3662
f 3403 3463 3728
f 3466 3665 3467
f 3665 3729 3467
f 3467 3729 3348
f 3612 3348 3729
f 3667 3469 3163
f 3537 3730 3407
f 3668 3407 3730
f 3731 3538 3539
f 3539 3732 3731
f 3669 3733 3539
f 3471 3620 3543
f 3543 3620 3670
f 3734 3356 3172
f 3734 3172 3545
f 3672 3415 3735
f 3735 3415 3477
f 3736 3473 3295
f 3736 3295 3356
f 3674 3622 3737
f 3623 3737 3622
f 3624 3547 3546
f 3626 3738 3553
f 3675 3548 3624
f 3626 3739 3738
f 3630 3675 3676
f 3626 3629 3739
f 3739 3629 3740
f 3629 3678 3740
f 3741 3632 3680
f 3742 3637 3632
f 3631 3743 3679
f 3425 3744 3179
f 3683 3494 3562
f 3744 3565 3179
f 3495 3745 3562
f 3746 3747 3685
f 3747 3572 3685
f 3503 3568 3684
f 3635 3748 3638
f 3749 3570 3639
f 3750 3428 3688
f 3747 3692 3572
f 3751 3690 3570
f 3638 3752 3435
f 3567 3753 3635
f 3691 3753 3567
f 3640 3369 3504
f 3640 3754 3502
f 3375 3755 3510
f 3375 3643 3755
f 3692 3756 3693
f 3757 3577 3690
f 3691 3436 3642
f 3577 3757 3758
f 3641 3575 3759
f 3759 3575 3695
f 3760 3644 3693
f 3513 3583 3761
f 3758 3645 3577
f 3694 3582 3376
f 3581 3644 3760
f 3582 3762 3378
f 3760 3763 3581
f 3379 3378 3699
f 3584 3581 3763
f 3764 3765 3766
f 3700 3584 3767
f 3765 3768 3769
f 3765 3764 3768
f 3770 3698 3439
f 3703 3441 3699
f 3585 3770 3439
f 3515 3702 3384
f 3515 3516 3771
f 3772 3263 3382
f 3773 3517 3263
f 3774 3705 3519
f 3709 3518 3447
f 3268 3446 3775
f 3776 3445 3650
f 3776 3521 3445
f 3520 3774 3519
f 3777 3446 3137
f 3450 3654 3713
f 3592 3778 3651
f 3389 3716 3592
f 3779 3780 3525
f 3779 3525 3593
f 3715 3593 3451
f 3527 3596 3781
f 3718 3596 3330
f 3719 3530 3597
f 3599 3720 3718
f 3594 3721 3598
f 3719 3720 3603
f 3534 3600 3394
f 3341 3604 3658
f 3782 3602 3657
f 3783 3534 3459
f 3607 3784 3722
f 3723 3657 3457
f 3785 3606 3605
f 3661 3725 3535
f 3403 3728 3459
f 3786 3608 3725
f 3786 3660 3608
f 3727 3787 3399
f 3399 3787 3344
f 3787 3462 3344
f 3787 3788 3462
f 3662 3468 3613
f 3462 3788 3610
f 3788 3789 3610
f 3616 3235 3234
f 3540 3790 3615
f 3539 3733 3732
f 3470 3791 3619
f 3792 3544 3619
f 3793 3620 3544
f 3669 3670 3733
f 3794 3474 3357
f 3794 3357 3671
f 3478 3795 3477
f 3549 3674 3796
f 3796 3478 3549
f 3623 3797 3737
f 3798 3673 3472
f 3621 3798 3472
f 3623 3625 3797
f 3673 3799 3546
f 3624 3546 3799
f 3553 3800 3625
f 3624 3799 3801
f 3553 3738 3800
f 3675 3624 3801
f 3675 3801 3676
f 3802 3492 3676
f 3632 3803 3742
f 3680 3804 3741
f 3804 3680 3681
f 3805 3740 3678
f 3742 3806 3685
f 3742 3685 3637
f 3636 3807 3634
f 3808 3746 3685
f 3743 3631 3683
f 3809 3562 3745
f 3684 3568 3810
f 3495 3686 3745
f 3810 3568 3569
f 3687 3811 3639
f 3750 3427 3428
f 3569 3510 3755
f 3749 3751 3570
f 3812 3501 3499
f 3813 3747 3746
f 3502 3754 3689
f 3751 3814 3690
f 3752 3638 3748
f 3692 3747 3813
f 3814 3757 3690
f 3815 3435 3752
f 3816 3643 3579
f 3817 3579 3513
f 3511 3576 3694
f 3580 3818 3642
f 3761 3817 3513
f 3693 3819 3760
f 3820 3765 3821
f 3765 3769 3821
f 3582 3694 3822
f 3820 3823 3765
f 3582 3822 3762
f 3380 3697 3583
f 3645 3758 3824
f 3823 3766 3765
f 3645 3824 3825
f 3645 3825 3696
f 3762 3699 3378
f 3580 3183 3698
f 3584 3763 3767
f 3826 3769 3768
f 3514 3702 3701
f 3827 3764 3766
f 3764 3828 3768
f 3827 3828 3764
f 3648 3770 3585
f 3772 3382 3704
f 3829 3264 3061
f 3518 3709 3516
f 3649 3268 3775
f 3830 3774 3520
f 3521 3831 3522
f 3832 3830 3520
f 3520 3524 3832
f 3710 3712 3322
f 3522 3831 3449
f 3524 3713 3832
f 3831 3591 3449
f 3652 3326 3525
f 3590 3714 3526
f 3654 3655 3833
f 3591 3834 3597
f 3527 3833 3655
f 3715 3779 3593
f 3835 3715 3595
f 3836 3781 3596
f 3837 3595 3529
f 3838 3719 3597
f 3718 3836 3596
f 3839 3720 3719
f 3531 3840 3717
f 3841 3604 3601
f 3841 3601 3602
f 3452 3842 3392
f 3840 3531 3659
f 3659 3843 3840
f 3392 3842 3605
f 3784 3607 3658
f 3724 3460 3721
f 3844 3725 3661
f 3844 3661 3722
f 3659 3662 3845
f 3606 3785 3398
f 3725 3846 3786
f 3786 3846 3847
f 3848 3465 3664
f 3465 3848 3665
f 3665 3849 3729
f 3664 3405 3850
f 3666 3850 3406
f 3405 3406 3850
f 3667 3666 3469
f 3851 3537 3610
f 3613 3538 3852
f 3668 3853 3540
f 3540 3853 3790
f 3616 3617 3354
f 3731 3732 3854
f 3615 3791 3470
f 3732 3733 3855
f 3856 3620 3793
f 3670 3857 3733
f 3733 3857 3858
f 3545 3475 3859
f 3860 3671 3476
f 3476 3414 3672
f 3735 3477 3795
f 3795 3478 3796
f 3734 3861 3356
f 3736 3356 3861
f 3797 3862 3737
f 3738 3863 3864
f 3738 3739 3863
f 3739 3865 3863
f 3866 3865 3739
f 3742 3867 3806
f 3742 3803 3867
f 3803 3632 3741
f 3740 3866 3739
f 3802 3677 3492
f 3808 3806 3868
f 3740 3805 3866
f 3808 3685 3806
f 3869 3678 3679
f 3807 3636 3684
f 3808 3870 3746
f 3871 3679 3743
f 3683 3809 3743
f 3743 3809 3871
f 3562 3809 3683
f 3870 3813 3746
f 3569 3755 3872
f 3873 3749 3639
f 3811 3873 3639
f 3565 3812 3499
f 3874 3427 3750
f 3686 3427 3874
f 3686 3875 3745
f 3641 3876 3687
f 3688 3877 3750
f 3878 3640 3504
f 3879 3641 3759
f 3876 3641 3879
f 3814 3880 3757
f 3881 3756 3692
f 3815 3576 3435
f 3579 3817 3816
f 3882 3758 3757
f 3642 3818 3691
f 3756 3819 3693
f 3823 3820 3883
f 3697 3884 3583
f 3695 3885 3759
f 3760 3819 3886
f 3696 3885 3695
f 3887 3760 3886
f 3763 3760 3887
f 3888 3696 3825
f 3696 3888 3885
f 3889 3699 3762
f 3890 3766 3823
f 3770 3580 3698
f 3703 3699 3889
f 3647 3700 3891
f 3892 3768 3828
f 3771 3516 3709
f 3263 3772 3773
f 3649 3829 3061
f 3517 3893 3587
f 3893 3517 3773
f 3894 3650 3895
f 3650 3894 3776
f 3523 3896 3708
f 3589 3897 3590
f 3897 3714 3590
f 3898 3653 3712
f 3713 3654 3899
f 3834 3591 3900
f 3654 3833 3899
f 3781 3833 3527
f 3898 3594 3653
f 3838 3597 3834
f 3901 3594 3898
f 3714 3902 3656
f 3903 3835 3595
f 3836 3718 3904
f 3837 3529 3600
f 3839 3719 3838
f 3720 3904 3718
f 3901 3721 3594
f 3905 3837 3600
f 3720 3839 3904
f 3528 3906 3452
f 3905 3600 3534
f 3906 3842 3452
f 3783 3905 3534
f 3659 3845 3843
f 3782 3657 3723
f 3785 3907 3398
f 3907 3727 3398
f 3463 3908 3728
f 3611 3909 3463
f 3910 3662 3613
f 3848 3849 3665
f 3729 3911 3612
f 3612 3911 3611
f 3789 3912 3610
f 3851 3610 3912
f 3027 3913 3349
f 3537 3851 3730
f 3234 3349 3616
f 3731 3852 3538
f 3914 3731 3854
f 3619 3791 3792
f 3544 3792 3915
f 3544 3915 3793
f 3793 3915 3916
f 3733 3858 3855
f 3620 3856 3917
f 3620 3917 3670
f 3918 3672 3735
f 3919 3859 3475
f 3920 3475 3474
f 3920 3474 3794
f 3796 3674 3921
f 3859 3734 3545
f 3922 3674 3737
f 3862 3797 3625
f 3862 3625 3800
f 3799 3673 3798
f 3923 3799 3798
f 3800 3738 3864
f 3865 3924 3863
f 3925 3676 3801
f 3804 3926 3741
f 3868 3806 3927
f 3865 3866 3928
f 3634 3929 3682
f 3930 3425 3677
f 3684 3931 3807
f 3930 3744 3425
f 3869 3805 3678
f 3870 3808 3932
f 3569 3872 3810
f 3565 3744 3812
f 3933 3809 3745
f 3811 3687 3876
f 3870 3934 3813
f 3935 3754 3640
f 3754 3936 3689
f 3876 3879 3937
f 3748 3938 3752
f 3748 3635 3939
f 3934 3692 3813
f 3938 3815 3752
f 3934 3881 3692
f 3880 3882 3757
f 3759 3940 3879
f 3941 3820 3821
f 3821 3942 3941
f 3576 3815 3694
f 3583 3884 3761
f 3943 3758 3882
f 3883 3944 3823
f 3769 3945 3821
f 3819 3946 3886
f 3826 3945 3769
f 3943 3824 3758
f 3701 3702 3947
f 3768 3948 3826
f 3890 3949 3766
f 3766 3949 3950
f 3767 3891 3700
f 3771 3951 3515
f 3950 3827 3766
f 3768 3892 3948
f 3648 3952 3770
f 3828 3953 3892
f 3703 3895 3650
f 3648 3705 3952
f 3647 3891 3706
f 3707 3706 3954
f 3955 3710 3587
f 3956 3521 3776
f 3831 3521 3956
f 3523 3651 3896
f 3710 3957 3712
f 3652 3958 3137
f 3900 3591 3831
f 3652 3525 3780
f 3838 3834 3959
f 3903 3595 3837
f 3839 3838 3959
f 3528 3656 3906
f 3960 3717 3840
f 3604 3784 3658
f 3604 3841 3784
f 3844 3784 3841
f 3722 3784 3844
f 3782 3844 3841
f 3782 3841 3602
f 3842 3961 3605
f 3844 3782 3962
f 3961 3785 3605
f 3963 3783 3459
f 3963 3459 3908
f 3846 3725 3844
f 3908 3459 3728
f 3463 3909 3908
f 3846 3964 3847
f 3662 3965 3845
f 3662 3910 3965
f 3966 3967 3847
f 3967 3786 3847
f 3660 3786 3967
f 3911 3729 3849
f 3536 3913 3027
f 3613 3852 3968
f 3730 3853 3668
f 3731 3914 3852
f 3732 3855 3854
f 3857 3670 3917
f 3672 3860 3476
f 3920 3919 3475
f 3921 3674 3922
f 3969 3861 3734
f 3473 3970 3621
f 3473 3736 3970
f 3971 3862 3800
f 3799 3923 3972
f 3864 3863 3973
f 3973 3863 3974
f 3972 3801 3799
f 3924 3974 3863
f 3925 3801 3972
f 3925 3975 3676
f 3976 3924 3865
f 3927 3806 3867
f 3975 3802 3676
f 3865 3928 3976
f 3977 3681 3682
f 3682 3929 3977
f 3978 3677 3802
f 3979 3808 3868
f 3634 3980 3929
f 3677 3978 3930
f 3807 3980 3634
f 3805 3981 3866
f 3979 3932 3808
f 3930 3982 3744
f 3983 3805 3869
f 3805 3983 3981
f 3932 3984 3870
f 3684 3810 3931
f 3679 3871 3869
f 3749 3873 3985
f 3812 3744 3986
f 3933 3745 3875
f 3875 3686 3874
f 3987 3870 3988
f 3501 3878 3504
f 3987 3934 3870
f 3878 3989 3640
f 3989 3935 3640
f 3689 3877 3688
f 3814 3990 3880
f 3816 3991 3643
f 3879 3992 3937
f 3879 3993 3992
f 3748 3939 3938
f 3635 3753 3939
f 3994 3995 3880
f 3993 3879 3940
f 3880 3995 3882
f 3691 3996 3753
f 3883 3997 3944
f 3942 3821 3945
f 3694 3815 3998
f 3819 3756 3881
f 3694 3999 3822
f 3998 3999 3694
f 3826 4000 3945
f 3759 3885 4001
f 4002 3823 3944
f 3948 4000 3826
f 4003 3824 3943
f 3823 4002 3890
f 3825 3824 4003
f 4003 4004 3825
f 3825 4004 3888
f 3887 3767 3763
f 4002 3949 3890
f 3770 4005 3580
f 3515 4006 3702
f 3951 4006 3515
f 4007 3703 3889
f 4007 3889 4008
f 3950 4009 3827
f 4007 3895 3703
f 3704 3264 3829
f 3827 4009 4010
f 4010 3953 3827
f 3827 3953 3828
f 4011 3952 3705
f 3706 3891 4012
f 3706 4012 3954
f 3705 3774 4011
f 3775 4013 3649
f 4014 4011 3774
f 3955 3587 3893
f 3774 3830 4014
f 3832 4015 4014
f 3832 4014 3830
f 3588 3707 4016
f 3713 4017 4015
f 3713 4015 3832
f 3711 3897 3589
f 3713 3899 4017
f 3957 3898 3712
f 3592 4018 3778
f 3716 4018 3592
f 3897 3902 3714
f 3960 4018 3716
f 3959 3834 3900
f 3781 4019 3833
f 3717 3960 3716
f 3779 3715 4020
f 3839 3959 3904
f 3904 4021 3836
f 3835 4020 3715
f 3656 3902 4022
f 4023 3837 3905
f 3901 4024 3721
f 4025 3724 3721
f 4026 3962 3782
f 3962 3846 3844
f 3723 4027 3782
f 4028 3663 3724
f 4029 3965 3910
f 3726 3660 4030
f 4031 3664 4032
f 4031 3848 3664
f 3964 3966 3847
f 4033 4030 3660
f 3787 4034 3788
f 3850 4032 3664
f 4033 3660 3967
f 3910 3613 3968
f 4035 3616 3349
f 4036 3790 3853
f 3790 4037 3615
f 3792 3791 4038
f 3856 3793 3916
f 3857 3917 4039
f 4040 3735 3795
f 3921 4041 3796
f 4042 3734 3859
f 3922 3737 4043
f 3862 4043 3737
f 3736 3861 3970
f 3621 4044 3798
f 3621 3970 4044
f 3971 3800 4045
f 4045 3800 3864
f 3798 4044 3923
f 3974 4046 3973
f 3974 4047 4046
f 3974 3924 4047
f 3924 4048 4047
f 4049 4047 4048
f 3803 4050 3867
f 3741 4050 3803
f 3741 4051 4050
f 3926 4051 3741
f 3924 3976 4048
f 4052 3868 3927
f 3979 4052 4053
f 4052 3979 3868
f 3804 3681 3977
f 4054 3932 4053
f 3932 3979 4053
f 3931 4055 3807
f 3988 3870 3984
f 3985 4056 3749
f 3749 4056 3751
f 3812 4057 3501
f 3986 4057 3812
f 3877 3874 3750
f 3751 3990 3814
f 4058 3876 3937
f 4057 3878 3501
f 3689 4059 3877
f 3990 3994 3880
f 3992 3994 3937
f 3995 3994 3992
f 3883 3820 3941
f 3881 3934 4060
f 3996 3691 3818
f 3819 3881 4061
f 3759 4001 3940
f 4008 3762 3822
f 3999 4008 3822
f 3580 4005 3818
f 3646 4062 3697
f 3701 4062 3646
f 3885 4063 4001
f 4008 3889 3762
f 3886 3946 4064
f 3888 4063 3885
f 4065 3888 4004
f 4006 3947 3702
f 3770 4066 4005
f 3948 4067 4068
f 3891 3767 4069
f 4070 4066 3952
f 3952 4066 3770
f 3892 4067 3948
f 4071 4009 3950
f 4072 3771 3709
f 4071 4073 4009
f 4067 3892 3953
f 4010 4009 4073
f 3896 3709 3708
f 4074 3446 3777
f 4074 3775 3446
f 3894 4075 3776
f 4075 3956 3776
f 3707 4076 4016
f 4016 3711 3588
f 3651 4077 3896
f 4078 3831 3956
f 4017 4079 4015
f 4080 4077 3651
f 3778 4080 3651
f 3899 4081 4017
f 4082 3900 3831
f 3831 4078 4082
f 3833 4081 3899
f 3833 4083 4081
f 4083 3833 4019
f 4084 3652 3780
f 4085 3959 3900
f 3781 4086 4019
f 3780 3779 4087
f 4085 3904 3959
f 4085 4021 3904
f 4086 3836 4021
f 3836 4086 3781
f 3903 3837 4023
f 4022 3906 3656
f 4025 3721 4024
f 4088 3905 3783
f 4089 3842 3906
f 4088 3783 3963
f 4027 4026 3782
f 3846 3962 3964
f 3909 4090 3908
f 3726 4027 3723
f 4091 3611 3911
f 3611 4091 3909
f 4030 4027 3726
f 3966 3964 4092
f 3966 4093 3967
f 3966 4094 4093
f 3666 3667 4095
f 4035 3349 3913
f 4096 3617 3616
f 3615 4037 4038
f 3615 4038 3791
f 3854 3855 4097
f 3855 3858 4098
f 3857 4039 3858
f 4040 3918 3735
f 3795 4099 4040
f 3796 4099 3795
f 4041 4099 3796
f 4100 3860 3672
f 3672 3918 4100
f 4101 3671 3860
f 3919 4042 3859
f 3671 4102 3794
f 3862 4103 4043
f 4104 3970 3861
f 4105 4045 3864
f 3973 4105 3864
f 4046 4047 4106
f 3972 4107 3925
f 3975 3925 4107
f 3927 4108 4052
f 4108 3927 3867
f 4047 4109 4106
f 4047 4049 4109
f 4054 4053 4110
f 4110 4053 4052
f 4049 4048 4111
f 4112 4048 3976
f 4109 4049 4054
f 4048 4112 4111
f 3928 4113 3976
f 3976 4113 4112
f 4049 4114 4054
f 3928 4115 4113
f 4054 4114 3932
f 3978 4116 3930
f 3930 4116 3982
f 3981 4115 3866
f 4115 3928 3866
f 4114 3984 3932
f 3982 4117 3744
f 3869 4118 3983
f 3869 3871 4118
f 3811 3876 4058
f 3744 4117 3986
f 4119 3809 4120
f 4119 3871 3809
f 3933 4120 3809
f 4121 3755 3643
f 3991 4121 3643
f 4056 4122 3751
f 4122 3990 3751
f 4057 4123 3878
f 4124 3989 3878
f 3754 4125 3936
f 4059 3689 3936
f 3941 3942 4122
f 4122 4126 3990
f 4127 3883 3941
f 3883 4127 3997
f 4128 3995 3992
f 4128 3992 3993
f 4128 3882 3995
f 3938 4129 3815
f 4129 3938 3939
f 3996 3939 3753
f 4060 4061 3881
f 3818 4130 3996
f 4131 3943 3882
f 3697 4132 3884
f 4133 4002 3944
f 4001 4134 3940
f 3819 4061 3946
f 4003 3943 4131
f 4135 3818 4005
f 3948 4068 4000
f 4065 4063 3888
f 3886 4064 3887
f 3887 4064 4136
f 3949 4002 4137
f 4066 4135 4005
f 3767 3887 4136
f 3950 4138 4071
f 3949 4138 3950
f 3767 4136 4069
f 4008 4139 4007
f 4140 4141 4071
f 4141 4142 4073
f 4141 4073 4071
f 4007 4139 4143
f 4144 3704 3829
f 4067 3953 4145
f 3952 4011 4070
f 4146 4012 3891
f 4007 4143 3895
f 4147 3895 4143
f 3895 4148 3894
f 3894 4148 4075
f 4015 4079 4014
f 3955 4149 3710
f 4016 4150 3711
f 4151 3957 3710
f 4150 3897 3711
f 4078 4152 4082
f 3957 4153 3898
f 4085 3900 4082
f 3960 4154 4018
f 3780 4087 4084
f 4155 4087 3779
f 3779 4020 4155
f 4156 4155 4020
f 3835 4157 4020
f 3903 4157 3835
f 4156 4020 4157
f 3840 4158 3960
f 3843 4159 3840
f 3845 4159 3843
f 4088 3963 4160
f 4160 3963 3908
f 4161 4028 3724
f 3908 4090 4160
f 3962 4026 4162
f 4162 4163 3962
f 4162 4026 4164
f 4026 4027 4164
f 4163 3964 3962
f 4028 3404 3663
f 4032 4165 4031
f 3848 4031 4166
f 3848 4166 3849
f 3849 4167 3911
f 3404 4028 3536
f 3788 4034 3789
f 4029 3910 4168
f 4169 3967 4093
f 4169 4033 3967
f 4034 4170 3789
f 3536 4171 3913
f 4170 3912 3789
f 3968 4168 3910
f 3851 4172 3730
f 3730 4172 3853
f 4035 4173 3616
f 4172 4036 3853
f 4036 4174 3790
f 2590 3542 3166
f 3854 4175 3914
f 4175 3854 4097
f 3792 4038 4176
f 4097 3855 4098
f 4177 3917 3856
f 4178 3917 4177
f 3858 4179 4098
f 4179 3858 4039
f 4039 3917 4178
f 4180 4041 3921
f 4102 3920 3794
f 4101 4102 3671
f 4042 3919 4181
f 3734 4042 3969
f 3862 3971 4182
f 4183 4044 3970
f 3973 4184 4105
f 3973 4046 4184
f 3923 4044 3972
f 4185 3972 4044
f 4107 3972 4185
f 4046 4106 4186
f 4108 3867 4187
f 4187 3867 4050
f 4110 4052 4188
f 4188 4052 4189
f 4189 4052 4108
f 4106 4109 4054
f 4106 4054 4110
f 4190 3926 3804
f 4190 3804 3977
f 3802 3975 4191
f 3980 3807 4055
f 4049 4111 4114
f 4114 4111 4192
f 4193 4055 3931
f 3810 4193 3931
f 4193 3810 4194
f 4194 3810 3872
f 4114 4192 3984
f 4195 3873 3811
f 4196 3983 4118
f 3983 4196 3981
f 4197 3984 4192
f 3984 4197 3988
f 4058 4195 3811
f 3755 4121 3872
f 3871 4119 4118
f 4197 3987 3988
f 4127 3941 4056
f 4056 3941 4122
f 3937 4198 4058
f 3877 4199 3874
f 4198 3994 4200
f 3994 4198 3937
f 4201 4125 3754
f 4126 4200 3990
f 3994 3990 4200
f 4122 4202 4126
f 4122 3942 4202
f 3934 3987 4203
f 4204 3934 4203
f 4205 3816 3817
f 4204 4060 3934
f 3945 4206 3942
f 4000 4206 3945
f 4130 4129 3939
f 3996 4130 3939
f 3884 4132 3761
f 4207 3993 3940
f 3998 3815 4129
f 4128 4131 3882
f 4134 4207 3940
f 4208 3697 4062
f 4130 3818 4135
f 4209 4000 4210
f 4211 3999 3998
f 4212 3999 4211
f 4213 4062 3701
f 4068 4210 4000
f 3999 4212 4008
f 4214 4064 3946
f 4066 4215 4135
f 4212 4139 4008
f 4070 4215 4066
f 4140 4216 4141
f 4217 4139 4212
f 4072 3951 3771
f 4069 4218 3891
f 4139 4219 4143
f 4011 4220 4070
f 3891 4218 4146
f 4073 4142 4221
f 4010 4222 3953
f 4222 4145 3953
f 3896 4223 3709
f 4013 3829 3649
f 4073 4221 4010
f 4221 4222 4010
f 4014 4220 4011
f 4014 4224 4220
f 4079 4224 4014
f 3895 4147 4148
f 4143 4219 4147
f 3954 4076 3707
f 4225 4148 4147
f 4017 4226 4079
f 4227 4075 4148
f 4227 4148 4225
f 3956 4075 4152
f 4017 4147 4226
f 4151 3710 4149
f 4152 4078 3956
f 4225 4147 4081
f 4081 4147 4017
f 3137 3958 3777
f 4228 4225 4083
f 4083 4225 4081
f 4018 4080 3778
f 4083 4019 4228
f 4019 4229 4228
f 4084 3958 3652
f 4086 4229 4019
f 3898 4153 3901
f 3897 4230 3902
f 4021 4085 4229
f 4021 4229 4086
f 4230 4022 3902
f 4158 4154 3960
f 3903 4023 4157
f 4089 3906 4022
f 4023 3905 4231
f 3905 4088 4231
f 4025 4161 3724
f 3965 4232 3845
f 4091 4090 3909
f 4167 3849 4233
f 4031 4165 4234
f 4031 4234 4166
f 4166 4233 3849
f 3911 4167 4091
f 3964 4163 4235
f 4236 3727 3907
f 4235 4092 3964
f 4164 4027 4030
f 4237 4238 4092
f 4238 3966 4092
f 4238 4094 3966
f 4239 4169 4093
f 4240 4168 3968
f 4094 4241 4093
f 4173 4096 3616
f 4174 4037 3790
f 4242 3914 4175
f 4176 3915 3792
f 3915 4243 3916
f 4244 4100 3918
f 4245 3921 3922
f 4245 4180 3921
f 4100 4101 3860
f 4246 3922 4043
f 4247 3919 3920
f 4182 4103 3862
f 4182 3971 4045
f 3970 4104 4183
f 4184 4046 4186
f 4186 4106 4188
f 4188 4106 4110
f 3926 4248 4051
f 4190 4248 3926
f 3929 3980 4249
f 4112 4250 4111
f 4115 4251 4113
f 4252 3982 4116
f 3981 4251 4115
f 4252 4117 3982
f 4117 4253 3986
f 4057 3986 4253
f 3874 4254 3875
f 3935 4201 3754
f 4202 4200 4126
f 4203 3987 4197
f 3942 4206 4202
f 3761 4205 3817
f 4133 3944 4255
f 4000 4209 4206
f 3993 4207 4128
f 4208 4132 3697
f 4128 4207 4131
f 4256 3998 4129
f 4256 4129 4130
f 4257 4256 4130
f 4256 4257 3998
f 4003 4131 4258
f 4134 4063 4065
f 4001 4063 4134
f 4211 3998 4257
f 4130 4135 4257
f 4259 4137 4002
f 3947 4213 3701
f 4004 4003 4258
f 4065 4004 4258
f 4260 3947 4006
f 4068 4261 4210
f 4215 4257 4135
f 3949 4137 4262
f 4138 3949 4262
f 4216 4140 4263
f 4263 4140 4071
f 4071 4138 4263
f 4068 4067 4264
f 4070 4265 4215
f 4216 4266 4141
f 4266 4142 4141
f 4267 4139 4217
f 4067 4145 4264
f 4268 4072 3709
f 4139 4267 4219
f 4269 3772 3704
f 4224 4270 4220
f 4224 4267 4270
f 3773 3772 4271
f 4226 4219 4267
f 4226 4267 4224
f 4079 4226 4224
f 4012 4272 3954
f 4226 4147 4219
f 4272 4076 3954
f 4149 3955 3893
f 4074 4273 3775
f 4077 4223 3896
f 4075 4274 4152
f 4274 4075 4227
f 4228 4227 4225
f 4018 4275 4080
f 4082 4152 4276
f 4229 4276 4228
f 4154 4275 4018
f 4276 4085 4082
f 4276 4229 4085
f 4277 4230 3897
f 4155 4278 4087
f 3840 4159 4158
f 4157 4023 4231
f 4089 4279 3842
f 3845 4232 4159
f 4029 4232 3965
f 3961 4280 3785
f 3907 3785 4280
f 4091 4281 4090
f 4282 4235 4163
f 4032 4283 4165
f 4030 4284 4164
f 4236 3787 3727
f 4237 4092 4235
f 4033 4284 4030
f 4285 4284 4033
f 4285 4033 4169
f 4095 4286 3666
f 4287 4094 4238
f 4287 4241 4094
f 4093 4241 4239
f 3852 4288 3968
f 4289 4174 4036
f 3914 4242 3852
f 4290 3618 3617
f 4097 4291 4175
f 4177 3856 3916
f 4097 4098 4292
f 4179 4293 4098
f 4294 4179 4039
f 4247 4181 3919
f 4102 4247 3920
f 4295 3861 3969
f 4105 4296 4045
f 4297 4183 4104
f 4184 4186 4298
f 4183 4185 4044
f 4299 4186 4188
f 4300 4107 4185
f 4189 4301 4188
f 4302 3977 3929
f 3929 4249 4302
f 4116 3978 4303
f 4304 4112 4113
f 4192 4111 4250
f 4305 4113 4251
f 4250 4306 4192
f 4307 3985 3873
f 4195 4307 3873
f 4121 4308 3872
f 3985 4307 4056
f 4309 4127 4056
f 4310 4118 4119
f 4118 4310 4311
f 4118 4311 4196
f 4312 4121 3991
f 4119 4313 4310
f 4254 3874 4199
f 3875 4254 4314
f 3875 4314 3933
f 4315 4312 3991
f 3878 4123 4124
f 4124 4316 3989
f 4317 4316 4124
f 4316 4318 3989
f 3989 4318 3935
f 4318 4201 3935
f 3816 4315 3991
f 4319 4315 3816
f 4320 4200 4202
f 4255 3944 3997
f 4319 3816 4205
f 4206 4320 4202
f 4321 4133 4255
f 4132 4205 3761
f 4322 4206 4209
f 4060 4323 4061
f 4324 4133 4325
f 4131 4207 4326
f 4324 4002 4133
f 4258 4131 4326
f 4207 4134 4326
f 4065 4326 4134
f 4061 4327 3946
f 4324 4259 4002
f 4258 4326 4065
f 3946 4327 4214
f 4215 4211 4257
f 4215 4265 4211
f 4270 4212 4211
f 4270 4211 4265
f 4262 4137 4259
f 4136 4064 4328
f 4262 4263 4138
f 4261 4068 4264
f 4217 4212 4270
f 4329 4266 4330
f 4330 4266 4216
f 4220 4270 4265
f 4220 4265 4070
f 4328 4069 4136
f 4329 4331 4266
f 4267 4217 4270
f 4331 4142 4266
f 4332 4264 4145
f 4269 3704 4144
f 4142 4333 4221
f 4222 4332 4145
f 4268 3709 4223
f 4333 4334 4221
f 4221 4334 4222
f 4273 4013 3775
f 4077 4335 4223
f 4077 4080 4336
f 4337 4338 4016
f 4150 4016 4338
f 4276 4274 4227
f 4152 4274 4276
f 4228 4276 4227
f 4150 4277 3897
f 4084 4087 4339
f 4340 4339 4087
f 4278 4340 4087
f 3901 4341 4024
f 4278 4155 4156
f 4278 4156 4342
f 4343 4156 4157
f 4157 4231 4343
f 4342 4156 4343
f 4160 4231 4088
f 4281 4344 4160
f 4029 4345 4232
f 4090 4281 4160
f 4234 4346 4166
f 4166 4346 4233
f 4167 4233 4281
f 4167 4281 4091
f 4282 4163 4162
f 4168 4347 4029
f 4028 4171 3536
f 4237 4235 4348
f 4349 4168 4240
f 3913 4171 4035
f 3666 4286 3850
f 4238 4237 4287
f 4170 4350 3912
f 3851 3912 4350
f 4287 4351 4241
f 4288 4240 3968
f 3852 4242 4288
f 3166 4352 3409
f 3166 3542 4352
f 3167 4353 3169
f 3169 4353 3168
f 3168 4354 2831
f 4355 4176 4038
f 4176 4243 3915
f 4098 4293 4292
f 4356 4178 4177
f 4357 4244 3918
f 4246 4245 3922
f 4103 4182 4358
f 3969 4042 4359
f 4359 4042 4181
f 4359 4360 3969
f 4360 4295 3969
f 4104 3861 4295
f 4297 4104 4295
f 4361 4298 4186
f 4361 4186 4299
f 4299 4188 4362
f 4362 4188 4301
f 4189 4363 4301
f 4108 4363 4189
f 4364 4365 4050
f 4051 4364 4050
f 4300 4366 4107
f 4051 4248 4364
f 4302 4190 3977
f 3802 4367 3978
f 4250 4112 4304
f 4368 4194 3872
f 4308 4368 3872
f 4306 4250 4369
f 4370 4252 4116
f 4307 4309 4056
f 4371 4307 4195
f 4371 4195 4058
f 4372 4192 4306
f 4312 4373 4121
f 4309 4374 4127
f 4198 4375 4058
f 4197 4192 4372
f 3933 4376 4120
f 4119 4120 4377
f 4377 4313 4119
f 4374 3997 4127
f 4200 4375 4198
f 4201 4378 4125
f 4059 4199 3877
f 4374 4255 3997
f 4322 4320 4206
f 4379 4133 4321
f 4325 4133 4379
f 4322 4209 4380
f 4132 4208 4381
f 4324 4325 4382
f 4380 4382 4325
f 4382 4380 4209
f 4323 4327 4061
f 4210 4382 4209
f 4382 4210 4383
f 4261 4383 4210
f 4331 4333 4142
f 4332 4222 4384
f 4269 4385 3772
f 4271 3772 4385
f 3773 4271 3893
f 4336 4335 4077
f 4386 4151 4149
f 4338 4387 4150
f 4387 4277 4150
f 3901 4153 4341
f 4388 4278 4342
f 4342 4389 4388
f 4389 4342 4390
f 4390 4342 4344
f 4344 4342 4343
f 4344 4343 4231
f 4160 4344 4231
f 4279 3961 3842
f 4346 4389 4390
f 4281 4390 4344
f 4346 4390 4233
f 4233 4390 4281
f 4029 4347 4345
f 4280 4391 3907
f 4165 4283 4234
f 4392 4282 4162
f 4164 4392 4162
f 4393 4235 4282
f 4394 4392 4164
f 4395 4171 4028
f 4284 4394 4164
f 4396 4284 4285
f 4237 4348 4287
f 4397 4396 4285
f 4169 4397 4285
f 3851 4350 4398
f 4351 4287 4399
f 3851 4400 4172
f 4241 4401 4239
f 4401 4169 4239
f 4402 4173 4035
f 4351 4401 4241
f 4290 4403 3618
f 3618 4403 4404
f 4174 4405 4037
f 4354 3168 4353
f 2831 4406 3542
f 4355 4038 4037
f 3916 4243 4407
f 4291 4097 4292
f 4292 4293 4408
f 4294 4039 4178
f 4040 4357 3918
f 4409 4040 4099
f 4099 4410 4409
f 4410 4099 4041
f 4411 4041 4180
f 4411 4410 4041
f 4244 4101 4100
f 4412 4246 4043
f 4103 4412 4043
f 4413 4247 4102
f 4358 4182 4296
f 4045 4296 4182
f 4105 4414 4296
f 4415 4105 4184
f 4184 4298 4415
f 4185 4183 4300
f 4108 4416 4363
f 4187 4416 4108
f 4365 4187 4050
f 4107 4191 3975
f 4417 4249 3980
f 4417 3980 4055
f 4418 4417 4055
f 4367 3802 4191
f 4418 4055 4193
f 4367 4303 3978
f 4305 4304 4113
f 4304 4369 4250
f 4419 4306 4369
f 4373 4308 4121
f 4117 4252 4420
f 4311 4421 4196
f 4314 4376 3933
f 4376 4422 4120
f 4422 4377 4120
f 4057 4253 4423
f 4423 4123 4057
f 4124 4424 4317
f 3936 4425 4059
f 3936 4125 4425
f 4200 4320 4375
f 4197 4372 4426
f 4426 4203 4197
f 4204 4323 4060
f 4325 4379 4380
f 4062 4427 4208
f 4062 4213 4427
f 4260 4213 3947
f 4428 4259 4324
f 4428 4324 4382
f 4428 4382 4383
f 4429 4006 3951
f 4430 4330 4216
f 4431 4216 4263
f 4431 4430 4216
f 4431 4263 4262
f 4432 4262 4259
f 4432 4259 4428
f 4261 4264 4383
f 4428 4383 4264
f 4072 4429 3951
f 4433 4331 4329
f 4069 4434 4218
f 4333 4331 4435
f 4434 4436 4218
f 4436 4146 4218
f 4437 4268 4223
f 4144 3829 4013
f 4333 4435 4334
f 4438 4384 4222
f 4222 4334 4438
f 4335 4437 4223
f 4272 4439 4076
f 4016 4439 4337
f 4076 4439 4016
f 4336 4080 4440
f 4386 3957 4151
f 3777 3958 4441
f 4339 3958 4084
f 4230 4442 4022
f 4278 4388 4340
f 4022 4442 4089
f 4443 4158 4159
f 4444 4443 4159
f 4445 4025 4024
f 4446 4279 4089
f 4159 4232 4444
f 4388 4389 4447
f 4346 4447 4389
f 4346 4234 4447
f 3907 4448 4236
f 4391 4448 3907
f 4393 4282 4392
f 4236 4449 3787
f 4450 4235 4393
f 3787 4449 4034
f 4348 4235 4450
f 4032 4451 4283
f 4349 4347 4168
f 4452 4451 4032
f 3850 4452 4032
f 4394 4284 4396
f 4286 4452 3850
f 4348 4453 4454
f 4454 4287 4348
f 4399 4287 4454
f 4398 4400 3851
f 4455 4351 4399
f 4456 4169 4401
f 4169 4456 4397
f 4173 4402 4457
f 4351 4458 4401
f 4172 4459 4036
f 4036 4459 4289
f 4096 4290 3617
f 4176 4355 4460
f 3916 4407 4177
f 4461 4177 4407
f 4291 4292 4462
f 4177 4461 4356
f 4292 4408 4462
f 4178 4356 4463
f 4178 4463 4294
f 4179 4464 4293
f 4465 4357 4040
f 4245 4411 4180
f 4466 4181 4247
f 4105 4415 4414
f 4467 4183 4297
f 4468 4362 4301
f 4363 4468 4301
f 4416 4187 4365
f 4190 4469 4248
f 4469 4190 4302
f 4303 4370 4116
f 4309 4307 4470
f 4251 4471 4305
f 4196 4421 3981
f 3981 4421 4251
f 4470 4374 4309
f 4372 4306 4419
f 4375 4371 4058
f 4253 4117 4420
f 4318 4472 4201
f 4472 4378 4201
f 4310 4473 4311
f 4123 4424 4124
f 4425 4474 4059
f 4475 4255 4374
f 4321 4255 4475
f 4320 4476 4375
f 4205 4477 4319
f 4322 4476 4320
f 4203 4426 4204
f 4478 4205 4132
f 4426 4479 4204
f 4132 4381 4478
f 4381 4208 4427
f 4327 4480 4214
f 4480 4064 4214
f 4481 4329 4330
f 4482 4431 4262
f 4482 4262 4432
f 4329 4481 4433
f 4483 4428 4264
f 4332 4483 4264
f 4069 4328 4434
f 4433 4484 4331
f 4485 4435 4331
f 4384 4483 4332
f 4435 4486 4334
f 4486 4438 4334
f 4487 4012 4146
f 4487 4272 4012
f 4488 3893 4271
f 4275 4440 4080
f 4489 4275 4154
f 4158 4489 4154
f 4089 4442 4446
f 4025 4445 4161
f 4447 4490 4388
f 4345 4444 4232
f 4279 4491 3961
f 3961 4491 4280
f 4283 4492 4234
f 4236 4448 4449
f 4035 4171 4493
f 4494 4455 4399
f 4455 4458 4351
f 4401 4495 4456
f 4400 4459 4172
f 4095 3667 3614
f 4289 4496 4174
f 4496 4405 4174
f 4405 4355 4037
f 4242 4175 4497
f 4175 4291 4497
f 4291 4498 4497
f 4291 4462 4498
f 4293 4464 4408
f 4179 4294 4464
f 4499 4500 4245
f 4245 4246 4499
f 4501 4499 4246
f 4412 4501 4246
f 4413 4102 4101
f 4502 4181 4466
f 4502 4503 4359
f 4502 4359 4181
f 4360 4359 4503
f 4415 4298 4504
f 4298 4361 4504
f 4361 4299 4505
f 4183 4467 4506
f 4506 4300 4183
f 4507 4365 4364
f 4191 4107 4508
f 4417 4509 4249
f 4367 4191 4510
f 4367 4510 4303
f 4305 4511 4304
f 4511 4305 4512
f 4369 4304 4511
f 4307 4513 4470
f 4307 4371 4513
f 4305 4471 4512
f 4471 4251 4421
f 4420 4514 4253
f 4316 4515 4318
f 4515 4472 4318
f 4310 4313 4473
f 4419 4516 4372
f 4514 4423 4253
f 4378 4425 4125
f 4314 4254 4517
f 4518 4422 4376
f 4319 4519 4315
f 4516 4426 4372
f 4520 4379 4321
f 4521 4380 4379
f 4380 4521 4322
f 4204 4479 4323
f 4522 4427 4213
f 4429 4260 4006
f 4430 4523 4330
f 4480 4524 4064
f 4525 4430 4526
f 4526 4430 4431
f 4526 4431 4482
f 4328 4064 4524
f 4483 4432 4428
f 4527 4432 4483
f 4484 4485 4331
f 4528 4486 4435
f 4483 4384 4438
f 4146 4436 4487
f 4144 4013 4529
f 4272 4487 4530
f 3893 4488 4149
f 4531 4149 4488
f 4531 4386 4149
f 4441 3958 4532
f 4386 4533 3957
f 4533 4153 3957
f 4277 4534 4230
f 4153 4533 4341
f 4445 4024 4341
f 4340 4388 4535
f 4388 4490 4535
f 4447 4536 4490
f 4537 4491 4279
f 4447 4492 4536
f 4447 4234 4492
f 4161 4538 4028
f 4538 4395 4028
f 4450 4393 4539
f 4539 4348 4450
f 4540 4392 4396
f 4394 4396 4392
f 4453 4348 4539
f 4034 4541 4170
f 4541 4350 4170
f 4402 4035 4493
f 4454 4494 4399
f 4401 4458 4495
f 3232 4542 3614
f 4543 4496 4289
f 4544 4497 4498
f 4461 4545 4356
f 4294 4463 4546
f 4040 4409 4465
f 4547 4409 4410
f 4500 4411 4245
f 4103 4358 4412
f 4548 4358 4296
f 4414 4548 4296
f 4549 4247 4413
f 4415 4550 4414
f 4505 4299 4362
f 4300 4506 4551
f 4366 4300 4551
f 4552 4507 4364
f 4248 4553 4364
f 4248 4469 4554
f 4508 4107 4366
f 4249 4509 4302
f 4555 4194 4368
f 4556 4555 4368
f 4368 4308 4556
f 4308 4373 4556
f 4475 4470 4513
f 4371 4557 4513
f 4558 4419 4369
f 4475 4374 4470
f 4559 4560 4317
f 4560 4316 4317
f 4561 4312 4315
f 4375 4562 4371
f 4424 4559 4317
f 4472 4563 4378
f 4519 4561 4315
f 4314 4517 4376
f 4476 4562 4375
f 4322 4521 4476
f 4478 4477 4205
f 4379 4520 4521
f 4564 4522 4213
f 4564 4213 4260
f 4429 4072 4565
f 4524 4566 4328
f 4567 4526 4482
f 4567 4482 4527
f 4527 4482 4432
f 4328 4566 4434
f 4268 4565 4072
f 4486 4528 4567
f 4486 4567 4527
f 4486 4527 4438
f 4438 4527 4483
f 4568 4437 4335
f 4273 4569 4013
f 4336 4568 4335
f 4272 4530 4439
f 4441 4074 3777
f 4387 4570 4277
f 4275 4489 4571
f 4339 4532 3958
f 4570 4534 4277
f 4339 4340 4572
f 4534 4442 4230
f 4283 4451 4492
f 4392 4540 4393
f 4540 4539 4393
f 4397 4540 4396
f 4540 4397 4573
f 4397 4456 4573
f 4494 4574 4455
f 4173 4575 4096
f 4459 4543 4289
f 4288 4242 4497
f 3618 4404 3167
f 4576 4498 4462
f 4577 4498 4576
f 4462 4408 4578
f 4410 4579 4547
f 4579 4410 4411
f 4580 4244 4357
f 4244 4581 4101
f 4581 4413 4101
f 4549 4466 4247
f 4295 4360 4582
f 4504 4361 4583
f 4583 4361 4505
f 4507 4416 4365
f 4553 4552 4364
f 4191 4508 4510
f 4584 4417 4418
f 4193 4584 4418
f 4585 4584 4193
f 4193 4194 4585
f 4555 4585 4194
f 4561 4373 4312
f 4586 4420 4252
f 4421 4587 4471
f 4369 4511 4558
f 4420 4586 4514
f 4515 4588 4472
f 4589 4587 4421
f 4371 4562 4557
f 4421 4311 4590
f 4421 4590 4589
f 4591 4424 4123
f 4059 4474 4199
f 4474 4254 4199
f 4518 4592 4422
f 4422 4592 4377
f 4592 4313 4377
f 4592 4473 4313
f 4473 4590 4311
f 4123 4423 4591
f 4593 4321 4475
f 4476 4594 4562
f 4593 4520 4321
f 4521 4520 4593
f 4426 4516 4595
f 4521 4594 4476
f 4478 4381 4596
f 4479 4327 4323
f 4327 4597 4480
f 4523 4598 4330
f 4598 4481 4330
f 4565 4599 4429
f 4526 4600 4525
f 4567 4600 4526
f 4433 4601 4484
f 4528 4600 4567
f 4385 4602 4271
f 4603 4488 4271
f 4275 4604 4440
f 4571 4604 4275
f 4339 4572 4532
f 4158 4605 4489
f 4443 4605 4158
f 4340 4535 4572
f 4606 4446 4442
f 4279 4446 4607
f 4279 4607 4537
f 4536 4535 4490
f 4608 4444 4345
f 4609 4345 4347
f 4610 4171 4395
f 4539 4540 4611
f 4349 4612 4347
f 4611 4453 4539
f 4540 4613 4611
f 4398 4350 4614
f 4453 4615 4454
f 4613 4540 4573
f 4494 4454 4615
f 4574 4616 4455
f 4616 4458 4455
f 4495 4458 4617
f 4616 4618 4458
f 4458 4618 4617
f 4497 4619 4288
f 4405 4620 4355
f 4620 4460 4355
f 4460 4621 4176
f 4176 4621 4243
f 4544 4498 4622
f 4243 4621 4623
f 4623 4407 4243
f 4407 4624 4461
f 4462 4578 4576
f 4625 4294 4546
f 4408 4464 4626
f 4408 4626 4578
f 4294 4625 4464
f 4580 4581 4244
f 4548 4414 4627
f 4628 4550 4415
f 4502 4629 4503
f 4629 4502 4466
f 4504 4628 4415
f 4503 4582 4360
f 4630 4505 4362
f 4630 4362 4468
f 4468 4631 4630
f 4631 4468 4363
f 4467 4632 4506
f 4416 4633 4363
f 4416 4507 4633
f 4554 4553 4248
f 4634 4469 4302
f 4509 4634 4302
f 4635 4556 4373
f 4373 4561 4635
f 4512 4636 4511
f 4560 4637 4316
f 4316 4637 4515
f 4511 4636 4558
f 4472 4588 4563
f 4513 4557 4475
f 4638 4514 4586
f 4557 4593 4475
f 4639 4423 4514
f 4594 4557 4562
f 4640 4376 4517
f 4419 4558 4516
f 4594 4593 4557
f 4558 4641 4516
f 4521 4593 4594
f 4595 4642 4426
f 4426 4642 4479
f 4479 4642 4643
f 4427 4596 4381
f 4643 4327 4479
f 4522 4644 4427
f 4429 4645 4260
f 4646 4523 4430
f 4647 4481 4598
f 4646 4430 4525
f 4647 4433 4481
f 4601 4433 4647
f 4434 4566 4648
f 4528 4485 4649
f 4435 4485 4528
f 4268 4437 4650
f 4648 4436 4434
f 4651 4487 4436
f 4652 4269 4144
f 4337 4653 4338
f 4653 4387 4338
f 4654 4441 4532
f 4655 4533 4386
f 4605 4571 4489
f 4534 4606 4442
f 4606 4607 4446
f 4656 4445 4341
f 4445 4656 4538
f 4608 4657 4444
f 4538 4161 4445
f 4537 4658 4491
f 4492 4659 4536
f 4449 4541 4034
f 4610 4493 4171
f 4350 4541 4660
f 4614 4350 4660
f 4400 4398 4661
f 4400 4661 4459
f 4662 4574 4494
f 4617 4456 4495
f 4616 4574 4663
f 4240 4288 4619
f 4544 4664 4497
f 4498 4577 4622
f 4407 4623 4624
f 4624 4545 4461
f 4576 4665 4577
f 4356 4666 4463
f 4465 4580 4357
f 4667 4412 4358
f 4548 4627 4668
f 4627 4414 4550
f 4504 4583 4628
f 4295 4669 4297
f 4467 4297 4669
f 4633 4631 4363
f 4506 4632 4551
f 4552 4670 4507
f 4366 4671 4508
f 4672 4303 4510
f 4673 4303 4672
f 4303 4673 4370
f 4252 4370 4674
f 4674 4586 4252
f 4471 4587 4512
f 4563 4675 4378
f 4675 4425 4378
f 4474 4676 4254
f 4519 4677 4561
f 4678 4591 4423
f 4640 4518 4376
f 4679 4519 4319
f 4319 4477 4679
f 4641 4595 4516
f 4477 4478 4680
f 4644 4596 4427
f 4327 4643 4597
f 4564 4260 4645
f 4599 4645 4429
f 4681 4524 4480
f 4682 4599 4565
f 4525 4600 4646
f 4565 4268 4650
f 4649 4683 4528
f 4600 4528 4683
f 4601 4684 4484
f 4648 4651 4436
f 4685 4568 4336
f 4271 4602 4603
f 4488 4603 4531
f 4439 4686 4337
f 4687 4686 4439
f 4688 4386 4531
f 4387 4653 4570
f 4532 4572 4689
f 4444 4657 4443
f 4572 4535 4690
f 4609 4608 4345
f 4492 4691 4659
f 4391 4692 4448
f 4692 4449 4448
f 4492 4451 4691
f 4347 4612 4609
f 4693 4493 4610
f 4694 4453 4695
f 4695 4453 4611
f 4695 4611 4613
f 4694 4696 4615
f 4694 4615 4453
f 4614 4661 4398
f 4402 4493 4697
f 4698 4613 4573
f 4494 4615 4699
f 4615 4696 4699
f 4456 4700 4573
f 4617 4700 4456
f 4574 4662 4663
f 4701 4616 4663
f 4618 4616 4701
f 4702 4240 4619
f 4575 4290 4096
f 3409 4703 3232
f 4352 4703 3409
f 4496 4620 4405
f 4664 4619 4497
f 4544 4622 4664
f 4704 4621 4460
f 4356 4545 4666
f 4546 4463 4705
f 4706 4578 4626
f 4464 4707 4626
f 4547 4708 4409
f 4708 4465 4409
f 4709 4500 4499
f 4667 4501 4412
f 4668 4358 4548
f 4710 4413 4581
f 4710 4549 4413
f 4550 4711 4627
f 4466 4712 4629
f 4503 4713 4582
f 4713 4503 4629
f 4505 4714 4583
f 4554 4469 4715
f 4715 4469 4634
f 4716 4509 4417
f 4717 4510 4508
f 4716 4417 4584
f 4635 4555 4556
f 4637 4718 4515
f 4587 4719 4512
f 4636 4720 4558
f 4675 4721 4425
f 4425 4721 4474
f 4721 4722 4474
f 4639 4678 4423
f 4676 4517 4254
f 4723 4640 4517
f 4590 4473 4724
f 4558 4725 4641
f 4726 4680 4478
f 4597 4681 4480
f 4727 4647 4598
f 4523 4727 4598
f 4728 4523 4646
f 4568 4650 4437
f 4439 4530 4687
f 4273 4074 4729
f 4654 4729 4074
f 4074 4441 4654
f 4688 4655 4386
f 4570 4730 4534
f 4730 4606 4534
f 4535 4536 4731
f 4607 4732 4537
f 4732 4658 4537
f 4658 4280 4491
f 4391 4280 4733
f 4734 4692 4391
f 4735 4691 4451
f 4457 4402 4697
f 4457 4697 4736
f 4662 4494 4699
f 4699 4737 4662
f 4702 4349 4240
f 4737 4663 4662
f 4738 4700 4617
f 4738 4617 4618
f 4739 4702 4619
f 4663 4740 4701
f 4741 4618 4701
f 3232 4703 4542
f 4740 4741 4701
f 4664 4739 4619
f 4742 4664 4622
f 4620 4704 4460
f 4577 4743 4622
f 4743 4577 4665
f 4665 4576 4706
f 4706 4576 4578
f 4744 4625 4546
f 4464 4625 4707
f 4411 4745 4579
f 4500 4745 4411
f 4746 4580 4465
f 4499 4501 4709
f 4668 4667 4358
f 4747 4710 4581
f 4466 4549 4712
f 4629 4748 4713
f 4712 4748 4629
f 4749 4582 4713
f 4630 4714 4505
f 4669 4295 4582
f 4633 4750 4631
f 4751 4467 4669
f 4632 4467 4751
f 4670 4633 4507
f 4632 4752 4551
f 4753 4716 4584
f 4510 4717 4672
f 4585 4754 4584
f 4637 4560 4755
f 4755 4718 4637
f 4370 4756 4674
f 4515 4718 4588
f 4677 4635 4561
f 4559 4424 4591
f 4638 4757 4514
f 4757 4639 4514
f 4722 4676 4474
f 4558 4720 4725
f 4758 4517 4676
f 4759 4473 4592
f 4679 4477 4680
f 4641 4642 4595
f 4596 4726 4478
f 4760 4522 4564
f 4645 4760 4564
f 4761 4681 4597
f 4728 4727 4523
f 4646 4683 4728
f 4647 4762 4601
f 4600 4683 4646
f 4524 4763 4566
f 4601 4762 4764
f 4763 4648 4566
f 4764 4684 4601
f 4684 4765 4484
f 4484 4765 4485
f 4765 4649 4485
f 4766 4385 4269
f 4440 4685 4336
f 4686 4653 4337
f 4767 4605 4443
f 4443 4657 4767
f 4690 4535 4731
f 4536 4768 4731
f 4769 4608 4609
f 4768 4536 4659
f 4658 4733 4280
f 4734 4391 4733
f 4538 4770 4395
f 4610 4395 4770
f 4692 4771 4449
f 4449 4771 4541
f 4771 4772 4541
f 4773 4451 4452
f 4541 4774 4660
f 4775 4612 4349
f 4776 4695 4613
f 4776 4613 4698
f 4696 4777 4699
f 4573 4778 4698
f 4700 4778 4573
f 4661 4779 4459
f 4575 4173 4457
f 4740 4663 4737
f 4741 4780 4618
f 4618 4780 4738
f 4496 4543 4781
f 4354 4406 2831
f 4704 4782 4621
f 4783 4665 4706
f 4784 4706 4626
f 4626 4707 4784
f 4706 4784 4783
f 4785 4708 4547
f 4785 4547 4579
f 4708 4746 4465
f 4709 4786 4500
f 4667 4787 4501
f 4550 4628 4711
f 4788 4712 4549
f 4552 4789 4670
f 4789 4552 4553
f 4366 4551 4752
f 4752 4671 4366
f 4790 4508 4671
f 4790 4717 4508
f 4791 4509 4716
f 4753 4584 4754
f 4673 4756 4370
f 4755 4560 4792
f 4793 4588 4718
f 4794 4588 4793
f 4794 4563 4588
f 4719 4636 4512
f 4757 4795 4639
f 4639 4795 4678
f 4590 4796 4589
f 4587 4589 4796
f 4518 4759 4592
f 4797 4724 4473
f 4590 4724 4796
f 4798 4726 4596
f 4799 4643 4642
f 4644 4798 4596
f 4643 4761 4597
f 4599 4800 4645
f 4801 4599 4682
f 4651 4802 4487
f 4487 4802 4803
f 4530 4487 4803
f 4529 4013 4569
f 4686 4804 4653
f 4653 4805 4570
f 4806 4655 4688
f 4570 4805 4730
f 4807 4571 4808
f 4605 4808 4571
f 4606 4809 4607
f 4731 4810 4690
f 4811 4732 4607
f 4812 4769 4609
f 4693 4610 4770
f 4451 4773 4813
f 4772 4774 4541
f 4286 4773 4452
f 4695 4776 4694
f 4778 4776 4698
f 4700 4814 4778
f 4777 4815 4699
f 4737 4699 4815
f 4700 4738 4814
f 4459 4779 4543
f 4816 4740 4737
f 4817 4740 4818
f 4817 4741 4740
f 4817 4780 4741
f 4781 4620 4496
f 4622 4819 4742
f 4782 4623 4621
f 4819 4622 4743
f 4820 4545 4624
f 4666 4705 4463
f 4665 4783 4821
f 4744 4546 4705
f 4625 4744 4822
f 4625 4822 4707
f 4707 4823 4784
f 4783 4784 4824
f 4786 4745 4500
f 4787 4709 4501
f 4580 4747 4581
f 4825 4711 4628
f 4788 4549 4710
f 4631 4750 4630
f 4669 4582 4749
f 4826 4750 4633
f 4826 4633 4670
f 4751 4827 4632
f 4827 4752 4632
f 4791 4634 4509
f 4717 4828 4672
f 4673 4672 4829
f 4830 4754 4585
f 4830 4585 4555
f 4635 4831 4555
f 4794 4675 4563
f 4758 4723 4517
f 4759 4797 4473
f 4642 4641 4832
f 4832 4799 4642
f 4799 4833 4643
f 4834 4644 4522
f 4834 4522 4760
f 4760 4645 4800
f 4647 4727 4835
f 4835 4762 4647
f 4681 4763 4524
f 4836 4682 4565
f 4652 4766 4269
f 4530 4803 4687
f 4837 4685 4440
f 4273 4729 4569
f 4687 4838 4686
f 4839 4569 4729
f 4840 4604 4571
f 4807 4840 4571
f 4532 4689 4654
f 4690 4841 4572
f 4842 4659 4691
f 4734 4843 4692
f 4843 4771 4692
f 4691 4735 4844
f 4451 4813 4735
f 4612 4845 4609
f 4813 4773 4846
f 4775 4845 4612
f 4847 4777 4696
f 4847 4696 4694
f 4847 4694 4776
f 4776 4778 4848
f 4349 4702 4775
f 4814 4848 4778
f 4737 4815 4849
f 4816 4737 4849
f 4779 4781 4543
f 4738 4780 4850
f 4740 4816 4851
f 4817 4852 4780
f 4852 4850 4780
f 4739 4664 4853
f 4851 4818 4740
f 4742 4853 4664
f 4854 4704 4620
f 4819 4743 4855
f 4820 4856 4545
f 4545 4856 4666
f 4857 4743 4665
f 4821 4783 4824
f 4707 4822 4823
f 4668 4858 4667
f 4859 4747 4580
f 4583 4825 4628
f 4860 4825 4583
f 4861 4713 4862
f 4713 4748 4862
f 4751 4669 4749
f 4863 4789 4553
f 4554 4863 4553
f 4864 4554 4715
f 4865 4864 4715
f 4866 4671 4752
f 4865 4715 4634
f 4671 4867 4790
f 4672 4828 4829
f 4718 4755 4868
f 4793 4718 4868
f 4869 4794 4793
f 4870 4674 4756
f 4560 4559 4792
f 4674 4870 4586
f 4559 4591 4871
f 4587 4872 4719
f 4636 4719 4873
f 4720 4873 4874
f 4636 4873 4720
f 4586 4875 4638
f 4638 4875 4757
f 4678 4871 4591
f 4640 4876 4518
f 4876 4759 4518
f 4720 4874 4725
f 4877 4677 4519
f 4679 4877 4519
f 4725 4878 4641
f 4878 4832 4641
f 4879 4798 4644
f 4834 4879 4644
f 4643 4833 4761
f 4801 4800 4599
f 4880 4727 4728
f 4728 4683 4881
f 4649 4882 4683
f 4649 4765 4883
f 4884 4885 4886
f 4887 4802 4651
f 4568 4888 4650
f 4885 4889 4886
f 4886 4889 4890
f 4885 4884 4891
f 4652 4144 4529
f 4840 4837 4440
f 4840 4440 4604
f 4653 4804 4805
f 4767 4808 4605
f 4533 4655 4892
f 4841 4689 4572
f 4730 4809 4606
f 4767 4657 4893
f 4533 4892 4341
f 4810 4841 4690
f 4809 4811 4607
f 4341 4892 4656
f 4608 4893 4657
f 4768 4894 4731
f 4895 4894 4768
f 4732 4896 4658
f 4842 4895 4768
f 4659 4842 4768
f 4897 4842 4691
f 4898 4774 4772
f 4899 4493 4693
f 4614 4900 4661
f 4848 4847 4776
f 4661 4900 4779
f 4739 4901 4702
f 4850 4814 4738
f 4853 4901 4739
f 4816 4902 4851
f 4781 4854 4620
f 3167 4404 4353
f 4903 4782 4704
f 4782 4904 4623
f 4905 4820 4624
f 4743 4857 4855
f 4666 4906 4705
f 4665 4821 4857
f 4823 4822 4907
f 4824 4784 4908
f 4909 4784 4823
f 4908 4784 4909
f 4910 4785 4579
f 4745 4910 4579
f 4911 4746 4708
f 4746 4859 4580
f 4858 4668 4627
f 4912 4627 4711
f 4825 4912 4711
f 4788 4710 4913
f 4714 4860 4583
f 4914 4714 4630
f 4915 4712 4788
f 4916 4712 4915
f 4712 4916 4748
f 4748 4916 4862
f 4917 4670 4789
f 4918 4865 4634
f 4634 4791 4918
f 4919 4717 4790
f 4920 4791 4716
f 4921 4753 4754
f 4754 4830 4921
f 4831 4830 4555
f 4922 4868 4755
f 4673 4923 4756
f 4755 4924 4922
f 4868 4925 4793
f 4869 4793 4925
f 4926 4831 4635
f 4792 4924 4755
f 4926 4635 4677
f 4927 4721 4675
f 4928 4926 4677
f 4870 4875 4586
f 4871 4678 4795
f 4796 4929 4587
f 4587 4929 4872
f 4930 4795 4757
f 4931 4640 4723
f 4874 4878 4725
f 4932 4877 4679
f 4680 4933 4679
f 4799 4832 4934
f 4761 4833 4935
f 4761 4936 4681
f 4880 4728 4881
f 4683 4937 4881
f 4763 4938 4648
f 4882 4937 4683
f 4939 4648 4938
f 4884 4940 4941
f 4884 4886 4940
f 4939 4887 4648
f 4836 4565 4650
f 4883 4882 4649
f 4887 4651 4648
f 4886 4890 4942
f 4941 4891 4884
f 4943 4890 4889
f 4888 4568 4944
f 4943 4889 4945
f 4944 4568 4685
f 4891 4946 4885
f 4885 4947 4889
f 4945 4889 4947
f 4885 4946 4947
f 4602 4948 4603
f 4655 4806 4892
f 4949 4810 4731
f 4894 4949 4731
f 4950 4538 4656
f 4951 4658 4896
f 4658 4951 4733
f 4770 4538 4950
f 4691 4952 4897
f 4691 4844 4952
f 4735 4953 4844
f 4812 4609 4954
f 4813 4953 4735
f 4954 4609 4845
f 4901 4775 4702
f 4777 4847 4815
f 4955 4815 4847
f 4848 4814 4956
f 4849 4815 4955
f 4957 4849 4955
f 4850 4956 4814
f 4957 4902 4849
f 4849 4902 4816
f 4852 4958 4850
f 4851 4959 4818
f 4818 4960 4817
f 4742 4961 4853
f 4961 4742 4819
f 4854 4903 4704
f 4905 4624 4623
f 4905 4962 4820
f 4820 4962 4856
f 4963 4822 4744
f 4823 4907 4909
f 4824 4908 4964
f 4910 4965 4785
f 4965 4708 4785
f 4966 4745 4786
f 4966 4786 4967
f 4786 4709 4967
f 4965 4911 4708
f 4968 4667 4858
f 4747 4913 4710
f 4914 4969 4714
f 4914 4630 4750
f 4915 4788 4913
f 4826 4970 4750
f 4917 4826 4670
f 4971 4861 4862
f 4827 4972 4752
f 4863 4554 4864
f 4972 4866 4752
f 4866 4867 4671
f 4717 4919 4828
f 4923 4673 4829
f 4924 4973 4922
f 4923 4974 4756
f 4974 4870 4756
f 4794 4927 4675
f 4975 4871 4795
f 4930 4975 4795
f 4640 4931 4876
f 4759 4976 4797
f 4977 4724 4797
f 4877 4928 4677
f 4878 4978 4832
f 4934 4833 4799
f 4879 4834 4979
f 4760 4979 4834
f 4936 4980 4681
f 4981 4835 4727
f 4980 4763 4681
f 4982 4938 4763
f 4983 4764 4762
f 4942 4940 4886
f 4984 4940 4942
f 4983 4684 4764
f 4985 4684 4983
f 4684 4986 4765
f 4985 4986 4684
f 4883 4765 4986
f 4987 4687 4803
f 4988 4946 4891
f 4569 4989 4529
f 4946 4990 4947
f 4686 4838 4804
f 4991 4688 4531
f 4992 4807 4808
f 4805 4993 4730
f 4809 4730 4993
f 4994 4808 4767
f 4994 4767 4893
f 4689 4841 4810
f 4656 4892 4950
f 4995 4732 4811
f 4732 4995 4896
f 4996 4949 4894
f 4608 4769 4893
f 4733 4951 4997
f 4733 4997 4734
f 4998 4770 4950
f 4997 4843 4734
f 4771 4843 4772
f 4614 4999 4900
f 4779 4900 5000
f 4847 5001 4955
f 5001 4847 4848
f 5002 4848 4956
f 4457 4736 4575
f 5003 4781 4779
f 4850 5002 4956
f 4958 5002 4850
f 4290 5004 4403
f 4959 4960 4818
f 3542 5005 4352
f 4406 5005 3542
f 4782 5006 4904
f 5007 4819 4855
f 4856 4906 4666
f 4705 5008 4744
f 4822 4963 4907
f 4824 5009 4821
f 4824 4964 5009
f 4964 4908 5010
f 5011 4709 4787
f 5011 4967 4709
f 5012 4787 4667
f 4968 5012 4667
f 4746 4911 5013
f 5013 4859 4746
f 4912 4858 4627
f 4747 4859 5014
f 5014 4913 4747
f 4969 4860 4714
f 4915 5015 4916
f 5016 4749 4713
f 4861 5016 4713
f 4751 4749 5017
f 5018 4861 4971
f 4863 4917 4789
f 5019 4971 4862
f 5020 4918 4791
f 4920 5020 4791
f 4753 4921 5021
f 4923 4829 5022
f 5023 4868 4922
f 5023 5024 4868
f 4925 5025 4869
f 4792 4559 5026
f 4927 4722 4721
f 5026 4559 4871
f 4870 5027 4875
f 5028 4758 4676
f 4872 5029 4719
f 5028 5030 4758
f 5030 4723 4758
f 5031 4929 4796
f 4875 4930 4757
f 4723 5030 4931
f 4976 4977 4797
f 4724 5031 4796
f 4933 4932 4679
f 4978 4934 4832
f 4933 4680 4726
f 5032 4726 4798
f 4879 5032 4798
f 4935 4936 4761
f 4980 4982 4763
f 4835 5033 4762
f 4835 4981 5033
f 4940 5034 4941
f 5033 4983 4762
f 4984 4942 5035
f 4891 4941 5034
f 4942 5036 5035
f 4836 4650 4888
f 5037 4891 5034
f 4942 4890 5036
f 5037 5038 4891
f 4943 4945 5039
f 4945 5040 5039
f 5038 4988 4891
f 4945 4947 5040
f 4837 4944 4685
f 4988 4990 4946
f 4989 4569 4839
f 5041 4804 4838
f 4991 4531 4603
f 4991 4603 4948
f 4994 4992 4808
f 4894 4895 4996
f 5042 4895 4842
f 4769 4812 5043
f 4898 4772 4843
f 5044 4999 4774
f 4999 4660 4774
f 4660 4999 4614
f 4775 5045 4845
f 4901 5045 4775
f 4901 5046 5045
f 4779 5000 5003
f 4848 5002 5001
f 4853 5046 4901
f 4542 5047 3614
f 5003 5048 4781
f 4852 5049 4958
f 5048 4854 4781
f 5049 4852 4817
f 4819 5050 4961
f 5050 4819 5007
f 4904 4905 4623
f 5051 4855 4857
f 4963 4744 5008
f 5052 4821 5009
f 5053 4909 4907
f 4909 5054 4908
f 5012 5011 4787
f 5055 4858 4912
f 4825 5055 4912
f 5056 4914 4750
f 5057 4915 4913
f 4970 5056 4750
f 5016 5017 4749
f 5058 4916 5015
f 5017 5059 4751
f 4916 5058 4862
f 5059 4827 4751
f 5019 4862 5058
f 5060 4867 4866
f 4972 5060 4866
f 4790 4867 5061
f 4919 4790 5061
f 5062 5063 5024
f 4828 4919 5022
f 5023 5062 5024
f 5064 4716 4753
f 5022 4829 4828
f 4868 5024 4925
f 5025 4925 5065
f 4973 5023 4922
f 4869 5025 5066
f 5067 4831 4926
f 4927 4794 4869
f 4792 5026 4924
f 5068 4722 4927
f 4722 5069 4676
f 5068 5069 4722
f 4975 5070 4871
f 5070 5026 4871
f 5071 5027 4870
f 4873 5072 4874
f 4977 5031 4724
f 5073 4978 4878
f 4934 5074 4833
f 5032 4933 4726
f 5075 4981 4727
f 4880 5075 4727
f 4937 4880 4881
f 5076 5077 4940
f 4984 5076 4940
f 5078 4682 4836
f 5034 4940 5077
f 4985 4983 5079
f 4887 5080 4802
f 5081 5080 4887
f 4802 5080 5082
f 4802 5082 4803
f 4890 4943 5083
f 5084 4888 4944
f 5085 5040 4947
f 4987 4838 4687
f 5086 4990 4988
f 4947 4990 5085
f 5087 4837 4840
f 4839 5088 4989
f 4990 5086 5089
f 5090 4804 5041
f 5090 4805 4804
f 5091 4729 4654
f 4806 5092 4892
f 5093 4809 4993
f 5093 4811 4809
f 4810 5094 4689
f 4810 4949 5095
f 4893 4769 5096
f 5097 4842 4897
f 4897 4952 5097
f 4844 5098 4952
f 4844 4953 5098
f 4898 5044 4774
f 4953 4813 5099
f 5099 4813 5100
f 4846 5100 4813
f 4493 4899 4697
f 4286 4846 4773
f 4900 5101 5000
f 3614 5047 4095
f 5102 5001 5002
f 4957 5103 4902
f 5102 5002 4958
f 5104 4902 5103
f 4961 5105 4853
f 4575 5004 4290
f 4851 4902 5104
f 4903 5006 4782
f 5006 5106 4904
f 4855 5051 5007
f 4962 5107 4856
f 4856 5108 4906
f 4821 5109 4857
f 5109 4821 5052
f 4909 5053 5054
f 5110 4908 5054
f 4908 5110 5010
f 4910 5111 4965
f 4745 5112 4910
f 5113 5055 4825
f 5114 4913 5014
f 4860 5113 4825
f 5015 4915 5057
f 5115 4970 4826
f 5115 4826 5116
f 5116 4826 4917
f 5116 4917 4863
f 4861 5018 5016
f 5117 5058 5015
f 5118 4863 4864
f 5019 5058 5119
f 5061 4867 5120
f 5062 5121 5019
f 5019 5063 5062
f 5063 5019 5119
f 5064 4920 4716
f 5024 5122 4925
f 5021 5064 4753
f 4925 5122 5065
f 5123 5021 4921
f 4830 5123 4921
f 5124 5123 4830
f 4830 5125 5124
f 4830 4831 5125
f 5125 4831 5067
f 5026 5126 4924
f 4974 5071 4870
f 5028 4676 5069
f 4719 5029 4873
f 5127 4926 4928
f 5027 5071 5128
f 4931 5129 4876
f 4876 5130 4759
f 4875 5131 4930
f 5072 4878 4874
f 4877 5127 4928
f 4932 5132 4877
f 5132 4932 5133
f 5074 4935 4833
f 5134 4760 4800
f 4682 5078 4801
f 5135 4984 5035
f 4939 5081 4887
f 5083 5036 4890
f 5082 4987 4803
f 5038 5037 5136
f 5137 5039 5040
f 4943 5039 5083
f 5136 5138 5038
f 5139 4838 4987
f 5038 5138 4988
f 4652 4529 5140
f 4529 4989 5140
f 5139 5041 4838
f 5141 5087 4840
f 5141 4840 4807
f 5093 4995 4811
f 5092 4950 4892
f 5095 5094 4810
f 4996 5095 4949
f 5142 4998 4950
f 4842 5143 5042
f 5097 5143 4842
f 4997 5144 4843
f 4843 5144 4898
f 5043 4812 4954
f 5145 5097 4952
f 4900 4999 5101
f 4286 5146 4846
f 5147 5148 5149
f 5150 5149 5151
f 4095 5047 4286
f 5105 5046 4853
f 5001 5102 4955
f 5152 4851 5104
f 4851 5152 4959
f 4352 5005 4703
f 4404 4403 5153
f 4960 4959 5154
f 4903 4854 5155
f 4961 5050 5156
f 5157 4905 4904
f 4856 5107 5108
f 5109 5051 4857
f 4906 5008 4705
f 5158 5109 5052
f 4907 4963 5053
f 4910 5112 5111
f 4966 5112 4745
f 4966 4967 5159
f 5160 4967 5011
f 5012 5160 5011
f 5014 4859 5013
f 5057 4913 5114
f 5115 5161 4970
f 5118 5116 4863
f 5017 5162 5059
f 5117 5119 5058
f 5120 4867 5060
f 5163 5063 5119
f 5024 5063 5163
f 5024 5163 5122
f 5164 5022 4919
f 5062 5023 5165
f 5166 4923 5022
f 4924 5126 4973
f 4923 5166 5167
f 4869 5066 4927
f 4923 5167 4974
f 5168 5067 4926
f 4974 5169 5071
f 5029 5170 4873
f 5027 5171 4875
f 4930 5131 4975
f 5129 5130 4876
f 4759 5130 4976
f 5170 5072 4873
f 5171 5131 4875
f 5072 5073 4878
f 5132 5127 4877
f 5032 5172 4933
f 5173 4879 4979
f 5174 4979 4760
f 4980 5175 4982
f 5176 4800 4801
f 5135 5076 4984
f 5177 5078 4836
f 5178 5034 5077
f 5035 5036 5179
f 5178 5037 5034
f 5180 4883 4986
f 5181 4836 4888
f 5181 4888 5084
f 5136 5037 5178
f 5182 5084 4944
f 5040 5085 5183
f 5184 5183 5085
f 4944 4837 5185
f 5087 5185 4837
f 4385 5186 4602
f 5186 4948 4602
f 4990 5089 5085
f 5086 5187 5089
f 5141 4807 5188
f 4993 4805 5090
f 4992 5188 4807
f 4654 4689 5189
f 4806 5190 5092
f 5191 4994 4893
f 5094 5189 4689
f 5192 4896 4995
f 5142 4950 5092
f 5096 5193 4893
f 5194 4951 4896
f 5195 4998 5142
f 4996 4895 5196
f 5196 4895 5042
f 4951 5194 4997
f 5197 5096 4769
f 5197 4769 5043
f 4952 5098 5145
f 5198 5044 4898
f 4953 5199 5098
f 5099 5199 4953
f 4693 4770 5200
f 5201 5100 4846
f 5202 5101 4999
f 5045 5203 4845
f 5149 5204 5205
f 5147 5206 5207
f 5147 5208 5206
f 5208 5149 5205
f 5208 5147 5149
f 5204 5149 5150
f 5207 5148 5147
f 5148 5151 5149
f 5209 5103 4957
f 5209 4957 4955
f 5209 4955 5102
f 5003 5210 5048
f 5049 5211 4958
f 5156 5105 4961
f 4959 5152 5212
f 4960 5049 4817
f 5212 5154 4959
f 4903 5155 5213
f 4404 5153 4353
f 4353 4406 4354
f 5214 5050 5007
f 4905 5215 4962
f 5051 5214 5007
f 4906 5216 5008
f 5217 5109 5158
f 5054 5053 5218
f 5009 5219 5052
f 5054 5220 5110
f 5221 4965 5111
f 5222 4966 5159
f 5159 4967 5160
f 5223 5012 4968
f 5055 4968 4858
f 5224 5013 4911
f 5225 5014 5013
f 5226 5113 4860
f 5227 4969 4914
f 5056 5227 4914
f 5162 5017 5228
f 5016 5228 5017
f 5018 5228 5016
f 5229 4972 4827
f 5059 5229 4827
f 5230 5119 5117
f 5231 5118 4864
f 5019 5018 4971
f 5231 4864 4865
f 5019 5121 5018
f 5119 5230 5163
f 4918 5231 4865
f 5232 4919 5061
f 5232 5233 4919
f 5234 5122 5163
f 5121 5062 5165
f 5122 5234 5065
f 5023 4973 5165
f 5164 5166 5022
f 5123 5235 5021
f 5236 4927 5066
f 5237 4974 5167
f 5070 4975 5238
f 5168 4926 5127
f 5131 5238 4975
f 5028 5239 5030
f 4976 5240 4977
f 5031 5241 4929
f 5242 5241 5031
f 4978 5243 4934
f 4934 5243 5074
f 5244 4932 4933
f 5244 4933 5172
f 5173 5032 4879
f 4935 5245 4936
f 5174 4760 5134
f 5245 4980 4936
f 5176 5134 4800
f 5078 5176 4801
f 5175 4938 4982
f 5076 5246 5077
f 4981 5247 5033
f 4937 5248 4880
f 5246 5249 5077
f 5181 5177 4836
f 5077 5250 5178
f 5077 5249 5250
f 5179 5251 5035
f 4985 5252 4986
f 4986 5252 5180
f 5082 5253 4987
f 5254 5137 5255
f 5040 5255 5137
f 5039 5137 5256
f 5256 5083 5039
f 5257 5036 5083
f 5179 5036 5257
f 5183 5255 5040
f 5186 4385 4766
f 4988 5138 5258
f 4988 5258 5086
f 5184 5085 5259
f 5089 5259 5085
f 5190 4806 4688
f 4654 5189 5091
f 5193 5191 4893
f 5093 5192 4995
f 5092 5260 5142
f 5192 5194 4896
f 5097 5261 5262
f 5097 5145 5261
f 5201 5263 5100
f 5099 5100 5263
f 4899 4693 5200
f 5208 5205 5264
f 5264 5204 5265
f 5264 5205 5204
f 5265 5204 5266
f 5267 5204 5150
f 5267 5150 5268
f 5269 5148 5207
f 5270 5003 5000
f 5047 5271 4286
f 5148 5269 5272
f 5270 5210 5003
f 5272 5151 5148
f 5272 5273 5151
f 5268 5151 5274
f 5151 5268 5150
f 5105 5275 5046
f 5276 5277 5278
f 5279 5278 5277
f 5102 5280 5209
f 4958 5280 5102
f 5280 4958 5211
f 5155 4854 5048
f 5281 4703 5005
f 5049 4960 5282
f 5005 4406 5281
f 5154 5282 4960
f 5153 5283 4353
f 4353 5283 4406
f 4903 5213 5006
f 5214 5284 5050
f 5157 5215 4905
f 5109 5217 5051
f 5217 5158 5285
f 5158 5052 5219
f 5218 5220 5054
f 5009 4964 5286
f 5219 5009 5286
f 4965 5221 4911
f 5222 5112 4966
f 5287 4968 5055
f 5287 5055 5113
f 4969 5226 4860
f 5114 5288 5057
f 5161 5056 4970
f 5288 5015 5057
f 5289 5232 5061
f 5290 4918 5020
f 5020 4920 5290
f 5233 5164 4919
f 5291 4920 5064
f 5064 5021 5235
f 5025 5236 5066
f 5292 5167 5166
f 5126 5026 5293
f 5069 5068 5294
f 5295 5125 5067
f 5070 5293 5026
f 5168 5295 5067
f 5069 5296 5028
f 5169 4974 5237
f 5239 5297 5030
f 5030 5297 4931
f 4931 5297 5129
f 5029 4872 5298
f 5169 5128 5071
f 5130 5299 4976
f 5299 5240 4976
f 4977 5242 5031
f 5128 5300 5027
f 5027 5300 5171
f 5244 5133 4932
f 5173 5172 5032
f 5175 5301 4938
f 5302 4938 5301
f 5248 5075 4880
f 5302 4939 4938
f 5303 5247 4981
f 5303 4981 5075
f 5080 5081 4939
f 5251 5135 5035
f 4882 5304 4937
f 4882 5305 5304
f 4883 5305 4882
f 5255 5249 5254
f 4985 5079 5252
f 5306 5250 5249
f 5306 5249 5255
f 5183 5306 5255
f 5307 5179 5257
f 5308 5257 5083
f 4987 5253 5309
f 5309 5139 4987
f 5185 5182 4944
f 5138 5310 5258
f 5311 5090 5041
f 5259 5089 5312
f 5258 5313 5086
f 5187 5086 5313
f 5089 5187 5312
f 5314 4839 4729
f 5091 5314 4729
f 4993 5090 5315
f 5093 4993 5315
f 5260 5092 5190
f 5316 5095 4996
f 5316 4996 5196
f 5042 5317 5196
f 5143 5317 5042
f 5318 5144 4997
f 5262 5143 5097
f 5262 5261 5319
f 5198 4898 5144
f 5320 4770 4998
f 5145 5321 5261
f 5098 5322 5145
f 5199 5322 5098
f 5203 4954 4845
f 5264 5323 5324
f 5323 5264 5325
f 5325 5264 5265
f 5264 5324 5326
f 5327 5265 5266
f 5208 5264 5326
f 5266 5328 5327
f 5329 5207 5206
f 5329 5206 5326
f 5326 5206 5208
f 5330 5000 5101
f 5204 5267 5331
f 5204 5331 5266
f 5266 5331 5328
f 5270 5000 5330
f 5332 5272 5269
f 5276 5272 5332
f 5277 5333 5334
f 5277 5335 5333
f 5335 5277 5276
f 5268 5274 5336
f 5334 5337 5338
f 5276 5339 5272
f 5272 5339 5340
f 5272 5340 5273
f 5341 5273 5340
f 5273 5341 5151
f 5341 5274 5151
f 5334 5279 5277
f 5276 5278 5339
f 5338 5279 5334
f 5278 5342 5339
f 5210 5155 5048
f 5338 5343 5279
f 5279 5343 5342
f 5279 5342 5278
f 5156 5275 5105
f 4575 5344 5004
f 5345 4542 4703
f 5050 5346 5156
f 4403 5004 5153
f 5106 5157 4904
f 5215 5107 4962
f 5217 5347 5051
f 5108 5348 4906
f 5285 5349 5217
f 5216 4963 5008
f 5053 4963 5350
f 5053 5350 5351
f 5351 5218 5053
f 5352 5010 5110
f 4964 5010 5286
f 5111 5112 5353
f 5354 5160 5012
f 5225 5013 5224
f 5114 5014 5225
f 5161 5227 5056
f 5355 5118 5231
f 5356 5060 4972
f 5229 5356 4972
f 5357 5162 5228
f 5120 5289 5061
f 5358 5018 5121
f 5290 5231 4918
f 5232 5359 5233
f 5290 4920 5291
f 5165 5360 5121
f 5361 5360 5165
f 5166 5164 5362
f 4973 5361 5165
f 5126 5361 4973
f 5363 5235 5123
f 5124 5363 5123
f 5068 4927 5236
f 5294 5296 5069
f 5237 5167 5292
f 5239 5028 5296
f 5297 5364 5129
f 5365 5169 5237
f 5241 5298 4929
f 4929 5298 4872
f 5171 5366 5131
f 5240 5242 4977
f 5367 5072 5170
f 5367 5368 5072
f 5072 5368 5073
f 5368 5369 5073
f 5168 5127 5370
f 5369 4978 5073
f 5127 5132 5370
f 4978 5369 5243
f 5371 5074 5243
f 5372 4935 5074
f 5373 5173 4979
f 4979 5174 5373
f 5174 5134 5374
f 4939 5302 5080
f 5246 5076 5375
f 5375 5076 5135
f 5248 4937 5376
f 5377 5135 5251
f 5375 5249 5246
f 5082 5080 5378
f 5379 4983 5033
f 5379 5079 4983
f 5380 5137 5254
f 5256 5137 5380
f 5250 5381 5178
f 5306 5381 5250
f 5256 5308 5083
f 5257 5308 5382
f 5383 5138 5136
f 5383 5136 5178
f 5183 5381 5306
f 5384 5381 5183
f 5184 5384 5183
f 5139 5311 5041
f 5141 5185 5087
f 4766 4652 5385
f 5090 5311 5386
f 5387 5090 5386
f 5140 4989 5088
f 5315 5090 5387
f 5388 5188 4992
f 5389 5093 5315
f 4994 5191 4992
f 5193 5390 5191
f 5189 5094 5391
f 5392 5094 5095
f 5095 5316 5392
f 5316 5196 5393
f 5318 4997 5194
f 5394 5317 5143
f 5262 5394 5143
f 5395 5262 5319
f 5319 5261 5396
f 5321 5396 5261
f 5321 5397 5396
f 5398 4770 5320
f 5199 5099 5263
f 5399 4999 5044
f 5200 4770 5398
f 5399 5202 4999
f 5325 5265 5400
f 5401 5400 5265
f 5265 5327 5401
f 5326 5324 5402
f 5329 5403 5207
f 5404 5207 5403
f 5269 5207 5404
f 5405 5331 5267
f 5406 5331 5405
f 5406 5328 5331
f 5046 5407 5045
f 5271 5146 4286
f 5269 5404 5408
f 5408 5332 5269
f 5267 5268 5336
f 5267 5336 5409
f 5335 5276 5332
f 5337 5334 5333
f 5338 5337 5410
f 5274 5411 5336
f 4575 4736 5412
f 5341 5411 5274
f 5340 5413 5341
f 5414 5339 5342
f 5339 5414 5340
f 5345 5047 4542
f 5343 5410 5415
f 5343 5338 5410
f 5103 5416 5104
f 5343 5417 5342
f 5156 5346 5275
f 5104 5416 5152
f 5281 5345 4703
f 5418 5049 5282
f 5153 5419 5420
f 5420 5283 5153
f 5284 5421 5050
f 5157 5422 5215
f 5214 5051 5423
f 5347 5217 5424
f 5217 5349 5424
f 5348 5216 4906
f 5216 5425 4963
f 5425 5350 4963
f 5285 5158 5426
f 5426 5158 5219
f 5223 5427 5012
f 5224 4911 5221
f 5428 5226 4969
f 5428 4969 5227
f 5015 5288 5429
f 5115 5430 5161
f 5015 5429 5117
f 5431 5230 5117
f 5060 5356 5432
f 5432 5120 5060
f 5433 5229 5059
f 5433 5059 5162
f 5357 5228 5358
f 5358 5228 5018
f 5289 5359 5232
f 5065 5234 5434
f 5362 5164 5233
f 5065 5434 5025
f 5236 5025 5434
f 5435 5166 5362
f 5126 5293 5361
f 5435 5292 5166
f 5436 5124 5125
f 5070 5437 5293
f 5438 5237 5292
f 5238 5437 5070
f 5129 5364 5130
f 5439 5170 5029
f 5131 5366 5238
f 5370 5132 5440
f 5132 5133 5440
f 5441 5372 5074
f 4935 5372 5245
f 4980 5245 5442
f 4980 5442 5175
f 5176 5374 5134
f 5443 5176 5078
f 5177 5443 5078
f 5304 5376 4937
f 5247 5379 5033
f 5181 5444 5177
f 5380 5254 5445
f 5446 5252 5079
f 5446 5180 5252
f 5447 5084 5182
f 5309 5448 5139
f 5381 5383 5178
f 5381 5449 5383
f 5449 5381 5384
f 5311 5139 5448
f 5383 5310 5138
f 5310 5450 5258
f 5385 4652 5140
f 5385 5140 5451
f 5258 5450 5452
f 5453 5313 5258
f 5453 5258 5452
f 5388 4992 5191
f 5389 5192 5093
f 5393 5196 5317
f 5144 5318 5454
f 5395 5394 5262
f 5454 5198 5144
f 5320 4998 5195
f 5455 5322 5199
f 5456 5396 5397
f 5145 5322 5321
f 5201 5457 5263
f 5458 5459 5323
f 5324 5459 5402
f 5459 5324 5323
f 5323 5325 5458
f 5458 5325 5400
f 5202 5330 5101
f 5327 5328 5460
f 5461 5329 5326
f 5461 5462 5329
f 5402 5461 5326
f 5328 5463 5460
f 5045 5407 5203
f 5328 5406 5463
f 5267 5409 5405
f 5333 5408 5464
f 5335 5408 5333
f 5408 5335 5332
f 5411 5465 5336
f 5410 5466 5467
f 5466 5410 5337
f 5468 5467 5469
f 5467 5468 5410
f 5413 5340 5414
f 5345 5470 5047
f 5468 5415 5410
f 5342 5471 5414
f 5343 5415 5472
f 5417 5343 5472
f 5417 5471 5342
f 5211 5473 5280
f 5049 5473 5211
f 5474 5345 5281
f 5421 5346 5050
f 5212 5152 5475
f 5213 5476 5006
f 5214 5423 5477
f 5214 5477 5284
f 5347 5423 5051
f 5107 5478 5108
f 5479 5349 5285
f 5218 5351 5480
f 5220 5218 5480
f 5481 5219 5286
f 5219 5481 5426
f 5110 5220 5482
f 5110 5482 5352
f 5010 5352 5286
f 5483 5221 5111
f 5112 5222 5353
f 5427 5354 5012
f 5224 5221 5483
f 5223 4968 5287
f 5484 5485 5113
f 5226 5484 5113
f 5226 5428 5484
f 5486 5430 5115
f 5431 5117 5429
f 5115 5116 5486
f 5487 5356 5229
f 5433 5487 5229
f 5163 5230 5488
f 5357 5489 5162
f 5488 5234 5163
f 5490 5231 5290
f 5357 5358 5491
f 5491 5358 5121
f 5234 5488 5434
f 5492 5491 5121
f 5360 5492 5121
f 5291 5493 5290
f 5434 5494 5236
f 5360 5361 5495
f 5064 5496 5291
f 5064 5235 5496
f 5494 5068 5236
f 5494 5294 5068
f 5293 5495 5361
f 5125 5295 5436
f 5292 5497 5438
f 5296 5498 5239
f 5498 5297 5239
f 5295 5168 5499
f 5364 5299 5130
f 5298 5500 5029
f 5438 5501 5237
f 5439 5367 5170
f 5365 5237 5501
f 5502 5365 5501
f 5365 5503 5169
f 5503 5128 5169
f 5368 5367 5504
f 5370 5499 5168
f 5133 5505 5440
f 5371 5243 5506
f 5133 5244 5505
f 5441 5074 5371
f 5244 5172 5507
f 5374 5176 5508
f 5301 5509 5302
f 5508 5176 5443
f 5510 5375 5135
f 5377 5510 5135
f 5375 5511 5249
f 5512 5253 5082
f 5249 5511 5254
f 5511 5445 5254
f 5444 5181 5513
f 5514 5251 5179
f 5512 5309 5253
f 5079 5379 5515
f 5084 5447 5181
f 5515 5446 5079
f 5516 4883 5180
f 5446 5516 5180
f 5382 5307 5257
f 5382 5308 5517
f 5518 5182 5185
f 5184 5519 5384
f 5259 5519 5184
f 5520 5187 5313
f 5187 5520 5312
f 5191 5390 5521
f 5522 5192 5523
f 5524 5260 5190
f 5522 5194 5192
f 5392 5391 5094
f 5194 5522 5525
f 5096 5526 5193
f 5527 5392 5316
f 5393 5527 5316
f 5528 5317 5394
f 5044 5198 5529
f 5530 5197 5043
f 5530 5043 4954
f 5531 5263 5457
f 5263 5531 5199
f 5199 5531 5532
f 5532 5455 5199
f 5322 5397 5321
f 5201 5533 5457
f 5201 4846 5533
f 5401 5327 5534
f 5327 5460 5534
f 5403 5329 5462
f 5403 5535 5404
f 5463 5406 5536
f 5535 5537 5404
f 5405 5538 5406
f 5537 5408 5404
f 5409 5336 5465
f 5539 5464 5408
f 5464 5337 5333
f 5046 5275 5540
f 5047 5470 5271
f 5469 5467 5541
f 5541 5467 5466
f 5542 5465 5411
f 5341 5543 5411
f 5543 5542 5411
f 5413 5543 5341
f 5469 5544 5468
f 5545 5155 5210
f 5546 5468 5544
f 5547 5103 5209
f 5547 5209 5548
f 5548 5209 5280
f 5412 5344 4575
f 5416 5103 5547
f 5468 5549 5415
f 5415 5549 5472
f 5472 5550 5417
f 5417 5550 5471
f 5474 5551 5345
f 5418 5473 5049
f 5152 5552 5475
f 5553 5419 5153
f 5476 5106 5006
f 5421 5284 5477
f 5554 5424 5349
f 5349 5479 5554
f 5426 5555 5285
f 5350 5556 5351
f 5426 5557 5555
f 5558 5480 5351
f 5220 5480 5482
f 5111 5559 5483
f 5559 5111 5353
f 5560 5353 5222
f 5560 5222 5159
f 5561 5223 5287
f 5485 5561 5287
f 5485 5287 5113
f 5428 5227 5562
f 5563 5288 5114
f 5161 5562 5227
f 5564 5486 5116
f 5116 5118 5564
f 5355 5564 5118
f 5488 5230 5431
f 5490 5355 5231
f 5565 5289 5120
f 5565 5120 5432
f 5433 5162 5489
f 5491 5489 5357
f 5490 5290 5566
f 5493 5566 5290
f 5493 5291 5567
f 5567 5291 5496
f 5496 5235 5568
f 5235 5363 5568
f 5569 5296 5294
f 5570 5292 5435
f 5363 5124 5571
f 5124 5436 5571
f 5572 5498 5296
f 5573 5297 5498
f 5297 5573 5364
f 5242 5574 5241
f 5241 5575 5298
f 5500 5298 5575
f 5500 5439 5029
f 5439 5504 5367
f 5576 5501 5438
f 5128 5577 5300
f 5577 5171 5300
f 5506 5243 5369
f 5244 5507 5505
f 5578 5245 5372
f 5578 5442 5245
f 5173 5579 5172
f 5580 5175 5442
f 5580 5301 5175
f 5581 5373 5174
f 5374 5581 5174
f 5302 5509 5080
f 5378 5080 5509
f 5075 5248 5303
f 5082 5378 5512
f 5444 5443 5177
f 5447 5513 5181
f 5514 5179 5582
f 5582 5179 5307
f 5182 5583 5447
f 5448 5584 5311
f 5310 5383 5585
f 5585 5450 5310
f 5315 5387 5586
f 4688 4991 5587
f 5587 5190 4688
f 5523 5192 5389
f 5525 5318 5194
f 5588 5526 5096
f 5589 5527 5393
f 5590 5589 5393
f 5590 5393 5317
f 5197 5588 5096
f 5529 5591 5044
f 5399 5044 5591
f 5455 5592 5322
f 5397 5322 5592
f 5593 5530 4954
f 5459 5458 5594
f 5595 5458 5400
f 5596 5400 5401
f 5402 5459 5594
f 5330 5202 5597
f 5594 5461 5402
f 5597 5598 5330
f 5409 5599 5405
f 5405 5599 5538
f 5598 5270 5330
f 5407 5046 5540
f 5537 5539 5408
f 5600 5466 5337
f 5464 5600 5337
f 5601 5469 5541
f 5413 5602 5543
f 5603 5604 5544
f 5414 5605 5413
f 5605 5602 5413
f 5604 5606 5544
f 5604 5607 5606
f 5544 5606 5546
f 5471 5605 5414
f 5608 5605 5471
f 5345 5551 5470
f 5604 5609 5607
f 5549 5468 5546
f 5610 5550 5472
f 5550 5608 5471
f 5152 5416 5611
f 5611 5552 5152
f 5346 5421 5612
f 5004 5553 5153
f 5282 5154 5613
f 4406 5614 5281
f 5157 5615 5422
f 5616 5477 5423
f 5422 5617 5215
f 5107 5215 5617
f 5347 5618 5423
f 5424 5618 5347
f 5617 5478 5107
f 5424 5554 5619
f 5285 5555 5479
f 5425 5620 5350
f 5620 5556 5350
f 5557 5426 5481
f 5160 5354 5621
f 5427 5621 5354
f 5622 5427 5223
f 5623 5560 5159
f 5622 5223 5561
f 5224 5624 5225
f 5563 5114 5225
f 5625 5562 5161
f 5430 5625 5161
f 5432 5356 5487
f 5626 5359 5289
f 5565 5626 5289
f 5488 5627 5434
f 5628 5362 5233
f 5495 5492 5360
f 5627 5494 5434
f 5293 5437 5629
f 5363 5630 5568
f 5296 5569 5572
f 5363 5571 5630
f 5497 5292 5570
f 5573 5631 5364
f 5632 5238 5366
f 5437 5238 5632
f 5436 5295 5633
f 5295 5499 5633
f 5497 5576 5438
f 5504 5634 5368
f 5128 5503 5577
f 5502 5635 5365
f 5503 5365 5635
f 5368 5636 5369
f 5499 5370 5633
f 5633 5370 5440
f 5172 5579 5507
f 5579 5173 5637
f 5173 5373 5637
f 5580 5638 5301
f 5638 5509 5301
f 5639 5508 5443
f 5640 5510 5377
f 5641 5640 5377
f 5377 5251 5641
f 5514 5641 5251
f 5448 5309 5512
f 4883 5642 5305
f 5256 5517 5308
f 5311 5584 5386
f 5643 5386 5584
f 5307 5382 5644
f 5518 5583 5182
f 5643 5387 5386
f 5387 5645 5586
f 5518 5185 5646
f 5646 5185 5141
f 5647 5259 5312
f 5647 5312 5520
f 5188 5646 5141
f 5648 5646 5188
f 5389 5315 5649
f 5313 5650 5520
f 5389 5649 5523
f 5526 5390 5193
f 5391 5392 5651
f 5652 5590 5317
f 5652 5317 5528
f 5529 5198 5454
f 5531 5653 5532
f 5654 5531 5457
f 5532 5653 5455
f 5396 5655 5319
f 5397 5592 5656
f 5397 5656 5456
f 5203 5593 4954
f 5596 5595 5400
f 5534 5596 5401
f 5657 5597 5202
f 5146 5533 4846
f 5658 5461 5594
f 5463 5659 5460
f 5403 5462 5660
f 5462 5658 5660
f 5461 5658 5462
f 5536 5659 5463
f 5660 5535 5403
f 5661 5535 5660
f 5662 5599 5409
f 5661 5537 5535
f 5465 5663 5409
f 5409 5663 5662
f 5664 5464 5539
f 5664 5665 5464
f 5600 5601 5466
f 5665 5600 5464
f 5666 5210 5270
f 5601 5541 5466
f 5465 5542 5663
f 5666 5545 5210
f 5469 5601 5667
f 5544 5667 5603
f 5603 5667 5668
f 5667 5544 5469
f 5603 5668 5669
f 5669 5604 5603
f 5551 5670 5470
f 5547 5611 5416
f 5604 5669 5609
f 5549 5546 5606
f 5549 5610 5472
f 5610 5671 5550
f 5550 5671 5608
f 5672 5155 5545
f 5155 5672 5213
f 5673 5475 5552
f 5674 5473 5418
f 5675 5476 5213
f 5476 5676 5106
f 5677 5474 5281
f 5676 5678 5106
f 5678 5157 5106
f 5615 5157 5678
f 5619 5618 5424
f 5348 5108 5478
f 5556 5558 5351
f 5481 5679 5557
f 5680 5481 5286
f 5482 5681 5352
f 5680 5286 5352
f 5160 5621 5682
f 5683 5483 5559
f 5682 5159 5160
f 5683 5224 5483
f 5623 5159 5682
f 5624 5224 5683
f 5684 5561 5485
f 5563 5225 5624
f 5563 5685 5288
f 5288 5685 5429
f 5564 5355 5686
f 5565 5687 5626
f 5359 5688 5233
f 5566 5689 5490
f 5688 5628 5233
f 5492 5690 5491
f 5492 5495 5691
f 5692 5435 5362
f 5494 5693 5294
f 5293 5629 5495
f 5570 5435 5692
f 5694 5364 5631
f 5364 5694 5299
f 5436 5695 5571
f 5437 5632 5696
f 5299 5697 5240
f 5574 5575 5241
f 5698 5366 5171
f 5171 5577 5698
f 5634 5636 5368
f 5635 5699 5503
f 5700 5633 5440
f 5701 5371 5506
f 5441 5371 5701
f 5505 5702 5440
f 5505 5703 5702
f 5507 5703 5505
f 5579 5703 5507
f 5378 5509 5704
f 5378 5705 5706
f 5378 5706 5512
f 5304 5707 5376
f 5708 5375 5510
f 5511 5375 5708
f 5709 5513 5447
f 5710 5256 5380
f 5709 5447 5583
f 5307 5711 5582
f 5515 5712 5446
f 5712 5713 5446
f 5446 5713 5516
f 5517 5714 5382
f 5711 5307 5644
f 5643 5645 5387
f 5382 5714 5644
f 5715 5585 5383
f 5519 5716 5384
f 5384 5716 5449
f 5717 5186 4766
f 5717 4766 5385
f 5315 5586 5718
f 5718 5649 5315
f 5719 5453 5452
f 5313 5453 5719
f 5648 5188 5388
f 5388 5191 5521
f 5522 5523 5720
f 5721 5318 5525
f 5721 5454 5318
f 5527 5651 5392
f 5527 5722 5651
f 5722 5527 5589
f 5723 5589 5590
f 5724 5652 5528
f 5724 5528 5394
f 5724 5394 5725
f 5394 5395 5726
f 5727 5531 5728
f 5531 5654 5728
f 5319 5655 5395
f 5653 5729 5455
f 5399 5657 5202
f 5455 5729 5592
f 5730 5456 5656
f 5595 5596 5731
f 5534 5732 5596
f 5733 5595 5731
f 5734 5534 5460
f 5407 5735 5203
f 5736 5594 5458
f 5736 5458 5595
f 5736 5595 5733
f 5594 5737 5658
f 5737 5594 5736
f 5734 5460 5659
f 5736 5662 5737
f 5658 5738 5660
f 5739 5658 5737
f 5739 5737 5662
f 5740 5599 5662
f 5663 5739 5662
f 5538 5741 5406
f 5537 5661 5742
f 5537 5743 5539
f 5742 5743 5537
f 5663 5744 5739
f 5745 5664 5539
f 5745 5539 5743
f 5271 5470 5146
f 5663 5746 5744
f 5665 5747 5600
f 5542 5746 5663
f 5543 5748 5542
f 5542 5748 5746
f 5346 5540 5275
f 5749 5669 5668
f 5750 5669 5749
f 5751 5669 5750
f 5605 5608 5752
f 5612 5753 5346
f 5671 5752 5608
f 5754 5751 5755
f 5754 5756 5751
f 5751 5756 5669
f 5669 5756 5609
f 5606 5607 5757
f 5757 5758 5606
f 5606 5759 5549
f 5758 5759 5606
f 5759 5760 5549
f 5549 5760 5610
f 5609 5757 5607
f 5672 5761 5213
f 5761 5675 5213
f 5282 5674 5418
f 5475 5762 5212
f 5212 5762 5154
f 5762 5613 5154
f 5477 5763 5421
f 5420 5419 5764
f 5423 5618 5616
f 5425 5216 5765
f 5766 5620 5425
f 5479 5555 5767
f 5482 5480 5768
f 5769 5559 5353
f 5684 5485 5770
f 5770 5485 5484
f 5771 5484 5428
f 5428 5562 5771
f 5430 5486 5772
f 5685 5431 5429
f 5685 5773 5431
f 5774 5486 5564
f 5488 5431 5773
f 5487 5433 5775
f 5355 5490 5689
f 5489 5775 5433
f 5776 5775 5489
f 5491 5690 5489
f 5777 5692 5362
f 5495 5629 5691
f 5294 5693 5569
f 5778 5496 5568
f 5498 5572 5779
f 5780 5498 5779
f 5631 5573 5780
f 5573 5498 5780
f 5694 5697 5299
f 5781 5500 5575
f 5439 5500 5781
f 5697 5242 5240
f 5697 5574 5242
f 5695 5436 5633
f 5576 5782 5501
f 5783 5369 5636
f 5700 5440 5784
f 5440 5702 5784
f 5578 5785 5442
f 5785 5580 5442
f 5579 5786 5703
f 5638 5580 5787
f 5638 5704 5509
f 5786 5579 5788
f 5637 5788 5579
f 5704 5705 5378
f 5373 5581 5637
f 5581 5374 5789
f 5508 5790 5374
f 5374 5790 5789
f 5790 5508 5639
f 5248 5376 5303
f 5706 5448 5512
f 5304 5305 5707
f 5511 5708 5445
f 5791 5379 5247
f 5584 5448 5792
f 5792 5643 5584
f 5516 5642 4883
f 5256 5710 5517
f 5643 5793 5645
f 5383 5449 5715
f 5519 5259 5647
f 5719 5650 5313
f 5526 5794 5390
f 5722 5795 5651
f 5796 5722 5589
f 5590 5652 5797
f 5796 5589 5723
f 5728 5795 5722
f 5728 5722 5727
f 5727 5722 5796
f 5727 5796 5798
f 5726 5725 5394
f 5531 5727 5798
f 5798 5653 5531
f 5655 5726 5395
f 5799 5530 5593
f 5592 5729 5800
f 5456 5655 5396
f 5800 5656 5592
f 5801 5733 5731
f 5740 5736 5733
f 5733 5801 5740
f 5662 5736 5740
f 5802 4899 5200
f 5803 5660 5738
f 5538 5599 5804
f 5804 5741 5538
f 5406 5805 5536
f 5741 5805 5406
f 5660 5803 5661
f 5658 5739 5738
f 5806 5661 5803
f 5744 5738 5739
f 5598 5807 5270
f 5742 5661 5806
f 4899 5808 4697
f 5470 5809 5146
f 5745 5665 5664
f 5806 5810 5742
f 5807 5666 5270
f 4736 4697 5808
f 5600 5811 5601
f 5812 5811 5600
f 5600 5747 5812
f 5747 5665 5745
f 5748 5810 5806
f 5748 5806 5746
f 5667 5601 5813
f 5811 5813 5601
f 5543 5814 5748
f 5346 5753 5540
f 5814 5602 5605
f 5602 5814 5543
f 5750 5755 5751
f 5815 5610 5760
f 5815 5816 5610
f 5610 5816 5671
f 5671 5816 5752
f 5548 5280 5817
f 5280 5473 5817
f 5818 5819 5820
f 5821 5819 5818
f 5821 5822 5819
f 5754 5755 5822
f 5756 5754 5823
f 5824 5609 5756
f 5609 5824 5757
f 5821 5825 5822
f 5754 5822 5825
f 5823 5826 5756
f 5756 5826 5824
f 5674 5817 5473
f 5820 5827 5818
f 5821 5818 5825
f 5828 5820 5829
f 5820 5828 5827
f 5551 5474 5830
f 5420 5831 5283
f 5616 5832 5477
f 5619 5554 5833
f 5478 5834 5348
f 5348 5834 5216
f 5833 5554 5479
f 5833 5479 5835
f 5835 5479 5767
f 5620 5766 5556
f 5555 5557 5836
f 5480 5558 5768
f 5481 5837 5679
f 5427 5838 5621
f 5682 5621 5839
f 5769 5353 5560
f 5770 5484 5771
f 5840 5563 5624
f 5562 5625 5841
f 5772 5625 5430
f 5774 5772 5486
f 5626 5842 5359
f 5843 5565 5432
f 5843 5432 5775
f 5775 5432 5487
f 5355 5689 5686
f 5842 5688 5359
f 5627 5488 5773
f 5690 5776 5489
f 5627 5844 5494
f 5566 5493 5845
f 5628 5777 5362
f 5494 5844 5693
f 5493 5567 5846
f 5567 5496 5846
f 5569 5847 5572
f 5496 5778 5846
f 5848 5437 5696
f 5437 5848 5629
f 5568 5630 5778
f 5849 5850 5439
f 5439 5850 5504
f 5850 5634 5504
f 5630 5851 5852
f 5851 5630 5571
f 5851 5571 5695
f 5503 5853 5577
f 5503 5699 5853
f 5506 5369 5783
f 5501 5782 5502
f 5701 5506 5854
f 5855 5441 5701
f 5856 5372 5441
f 5578 5372 5856
f 5857 5784 5702
f 5858 5704 5638
f 5858 5705 5704
f 5705 5859 5706
f 5448 5706 5792
f 5708 5510 5640
f 5791 5247 5303
f 5444 5639 5443
f 5860 5639 5444
f 5445 5861 5380
f 5643 5792 5793
f 5861 5710 5380
f 5791 5515 5379
f 5862 5515 5791
f 5862 5863 5515
f 5645 5793 5864
f 5711 5865 5582
f 5863 5712 5515
f 5710 5714 5517
f 5583 5518 5866
f 5714 5867 5644
f 5586 5645 5868
f 5586 5868 5718
f 5869 5585 5715
f 5449 5716 5715
f 5869 5870 5585
f 5585 5870 5450
f 5451 5871 5385
f 5452 5450 5872
f 5873 5523 5649
f 5719 5452 5872
f 5874 5648 5388
f 5650 5875 5520
f 5522 5720 5876
f 5525 5522 5876
f 5876 5721 5525
f 5794 5877 5390
f 5454 5721 5878
f 5879 5794 5526
f 5526 5588 5879
f 5797 5723 5590
f 5529 5880 5591
f 5881 5795 5728
f 5654 5881 5728
f 5882 5798 5796
f 5883 5591 5880
f 5798 5882 5653
f 5883 5399 5591
f 5883 5657 5399
f 5653 5882 5729
f 5655 5884 5726
f 5884 5655 5456
f 5885 5456 5730
f 5884 5456 5885
f 5732 5886 5596
f 5886 5731 5596
f 5887 5597 5657
f 5804 5740 5801
f 5598 5597 5887
f 5599 5740 5804
f 5805 5659 5536
f 5744 5803 5738
f 5808 4899 5802
f 5743 5888 5745
f 5888 5743 5742
f 5742 5810 5888
f 5746 5806 5803
f 5746 5803 5744
f 5745 5889 5747
f 5889 5745 5888
f 5814 5888 5810
f 5814 5810 5748
f 5813 5890 5668
f 5813 5668 5667
f 5812 5747 5891
f 5891 5747 5892
f 5892 5747 5889
f 5670 5893 5470
f 5890 5894 5749
f 5890 5749 5668
f 5666 5895 5545
f 5749 5894 5750
f 5605 5896 5814
f 5816 5896 5752
f 5752 5896 5605
f 5816 5815 5896
f 5895 5672 5545
f 5755 5750 5897
f 5898 5611 5547
f 5758 5899 5759
f 5900 5820 5819
f 5897 5819 5822
f 5897 5822 5755
f 5901 5899 5757
f 5758 5757 5899
f 5757 5824 5901
f 5900 5829 5820
f 5902 5900 5903
f 5902 5829 5900
f 5754 5825 5823
f 5282 5904 5674
f 5829 5902 5828
f 5905 5818 5827
f 5905 5825 5818
f 5825 5905 5906
f 5904 5282 5613
f 5421 5763 5612
f 5832 5763 5477
f 5420 5764 5831
f 5907 5283 5831
f 4406 5283 5614
f 5616 5618 5908
f 5618 5909 5908
f 5615 5910 5422
f 5422 5910 5617
f 5767 5555 5836
f 5911 5557 5679
f 5482 5768 5681
f 5680 5352 5681
f 5912 5481 5680
f 5838 5427 5622
f 5913 5838 5622
f 5913 5622 5914
f 5683 5559 5915
f 5623 5769 5560
f 5683 5916 5624
f 5624 5916 5840
f 5771 5562 5917
f 5917 5562 5841
f 5841 5625 5772
f 5685 5918 5773
f 5919 5774 5564
f 5920 5919 5564
f 5564 5686 5920
f 5843 5687 5565
f 5918 5627 5773
f 5686 5689 5921
f 5627 5918 5844
f 5922 5628 5688
f 5689 5566 5845
f 5691 5690 5492
f 5922 5777 5628
f 5845 5493 5846
f 5693 5847 5569
f 5629 5848 5691
f 5779 5572 5847
f 5631 5780 5923
f 5631 5923 5694
f 5924 5697 5694
f 5575 5574 5925
f 5630 5926 5778
f 5781 5849 5439
f 5696 5632 5927
f 5927 5632 5366
f 5366 5698 5927
f 5928 5636 5634
f 5929 5851 5695
f 5928 5783 5636
f 5930 5576 5497
f 5698 5577 5853
f 5929 5695 5931
f 5931 5695 5633
f 5700 5931 5633
f 5783 5854 5506
f 5502 5932 5635
f 5784 5931 5700
f 5855 5856 5441
f 5785 5787 5580
f 5705 5858 5933
f 5705 5933 5934
f 5702 5703 5935
f 5786 5935 5703
f 5859 5705 5934
f 5788 5936 5786
f 5581 5937 5637
f 5581 5789 5937
f 5790 5938 5789
f 5706 5859 5792
f 5303 5939 5791
f 5940 5641 5514
f 5940 5514 5941
f 5444 5513 5860
f 5445 5708 5861
f 5707 5305 5642
f 5514 5582 5941
f 5516 5942 5642
f 5645 5864 5868
f 5709 5583 5943
f 5644 5944 5711
f 5944 5865 5711
f 5866 5943 5583
f 5945 5866 5518
f 5718 5946 5649
f 5945 5518 5646
f 5946 5873 5649
f 5872 5450 5870
f 5385 5871 5717
f 5947 5716 5519
f 5947 5519 5647
f 5523 5873 5720
f 5875 5647 5520
f 5521 5874 5388
f 5948 5454 5878
f 5529 5454 5948
f 5880 5529 5948
f 5723 5797 5796
f 5949 5797 5652
f 5949 5652 5724
f 5725 5950 5724
f 5882 5796 5797
f 5197 5530 5951
f 5952 5726 5884
f 5654 5457 5533
f 5656 5953 5730
f 5731 5886 5954
f 5734 5732 5534
f 5731 5954 5801
f 5955 5659 5805
f 5146 5809 5533
f 5540 5956 5407
f 5809 5470 5893
f 5888 5814 5889
f 5889 5814 5957
f 5958 5813 5811
f 5959 5811 5812
f 5812 5891 5960
f 5957 5892 5889
f 5896 5957 5814
f 5808 5412 4736
f 5890 5961 5894
f 5896 5892 5957
f 5896 5891 5892
f 5894 5962 5750
f 5815 5960 5891
f 5815 5891 5896
f 5612 5963 5753
f 5760 5960 5815
f 5897 5750 5962
f 5899 5964 5759
f 5759 5964 5760
f 5898 5547 5548
f 5897 5965 5819
f 5897 5962 5965
f 5900 5819 5966
f 5900 5966 5903
f 5967 5903 5968
f 5826 5969 5824
f 5344 5970 5004
f 5971 5967 5968
f 5967 5902 5903
f 5823 5972 5826
f 5826 5972 5969
f 5675 5973 5476
f 5823 5825 5974
f 5823 5974 5972
f 5975 5976 5977
f 5977 5976 5971
f 5971 5976 5967
f 5906 5974 5825
f 5973 5676 5476
f 5902 5967 5978
f 5828 5902 5978
f 5828 5979 5827
f 5827 5979 5980
f 5980 5905 5827
f 5976 5975 5981
f 5976 5981 5967
f 5828 5978 5979
f 5967 5981 5978
f 5981 5975 5982
f 5676 5983 5678
f 5419 5553 5984
f 5984 5764 5419
f 5619 5909 5618
f 5985 5909 5619
f 5216 5834 5765
f 5765 5766 5425
f 5556 5986 5558
f 5911 5836 5557
f 5911 5679 5837
f 5481 5912 5837
f 5621 5838 5839
f 5682 5987 5623
f 5561 5914 5622
f 5559 5769 5915
f 5988 5914 5561
f 5988 5561 5684
f 5989 5769 5623
f 5989 5623 5987
f 5917 5990 5771
f 5563 5840 5685
f 5991 5775 5776
f 5689 5845 5921
f 5922 5992 5777
f 5847 5693 5993
f 5994 5691 5848
f 5692 5777 5995
f 5996 5780 5779
f 5780 5996 5923
f 5848 5696 5994
f 5778 5997 5846
f 5998 5781 5575
f 5999 5781 5998
f 5926 5997 5778
f 5697 5925 5574
f 5925 5998 5575
f 5692 6000 5570
f 6001 5928 5634
f 5852 5926 5630
f 6002 5497 5570
f 6002 5930 5497
f 5853 5699 6003
f 5699 5635 5932
f 5782 6004 5502
f 5502 6004 5932
f 5578 5856 5785
f 6005 5931 5784
f 5787 5785 6006
f 6005 5784 5857
f 5933 6007 5934
f 5934 6007 6008
f 6009 6005 5857
f 5638 6010 5858
f 5702 6011 5857
f 6009 5857 6011
f 6011 5702 6012
f 6012 5702 5935
f 5934 6013 5859
f 6014 5935 5786
f 5786 5936 6015
f 5859 6013 6016
f 6014 5786 6015
f 5859 6016 5792
f 5637 6017 5788
f 5637 5937 6017
f 5792 6016 5793
f 5793 6016 6018
f 5303 5376 5939
f 5793 6018 6019
f 5640 6020 5708
f 5640 5641 5940
f 5864 5793 6019
f 5864 6019 5868
f 6021 5941 5582
f 5713 5942 5516
f 5710 6022 5714
f 6022 5867 5714
f 5868 5946 5718
f 5644 5867 5944
f 5945 5646 6023
f 6024 5715 5716
f 5716 5947 6025
f 5873 6026 5720
f 5088 5451 5140
f 5647 5875 5947
f 6027 5650 5719
f 5314 6028 4839
f 6029 5521 5390
f 5877 6029 5390
f 5587 5524 5190
f 5391 5091 5189
f 6030 5195 5142
f 6031 5797 5949
f 5950 5949 5724
f 5797 6031 5882
f 5951 5588 5197
f 5799 5951 5530
f 5800 5729 6032
f 5732 5734 6033
f 5735 5593 5203
f 5659 6034 5734
f 6035 5801 5954
f 6034 5659 5955
f 6035 5804 5801
f 5735 5407 5956
f 6036 5741 5804
f 5811 5959 5958
f 6037 5540 5753
f 6038 5890 5813
f 6038 5813 5958
f 5959 5812 5960
f 6038 5961 5890
f 5964 5959 5960
f 5760 5964 5960
f 5899 6039 5964
f 5819 6040 5966
f 5965 6040 5819
f 5901 6039 5899
f 6041 6039 5901
f 5612 6042 5963
f 5901 6043 6041
f 5903 6044 5968
f 6044 5903 5966
f 5824 6043 5901
f 5824 5969 6043
f 5552 6045 5673
f 5551 6046 5670
f 5975 5977 6047
f 5004 5970 5553
f 6047 6048 5975
f 6049 5762 5475
f 5982 5975 6048
f 6050 5981 5982
f 5981 6050 5978
f 5677 6051 5474
f 5832 5616 5908
f 5614 5677 5281
f 5283 5907 5614
f 5910 6052 5617
f 5617 5834 5478
f 5766 5765 6053
f 6054 5767 5836
f 6055 5836 5911
f 6056 5680 5681
f 5837 6057 5911
f 5839 5838 6058
f 5987 5682 6059
f 6059 5682 5839
f 5915 5916 5683
f 6060 5915 5769
f 6060 5769 5989
f 5988 5684 5770
f 5990 5770 5771
f 5840 6061 5685
f 5918 5685 6061
f 5772 5774 6062
f 5687 5842 5626
f 5843 6063 5687
f 6063 5843 5991
f 5775 5991 5843
f 5844 5993 5693
f 5921 5845 6064
f 5845 5846 6064
f 5992 5995 5777
f 5996 5779 5847
f 5923 5924 5694
f 6065 5846 5997
f 5697 5924 6066
f 5697 6066 5925
f 5781 5999 5849
f 5850 6001 5634
f 6002 5570 6000
f 6067 5926 5852
f 6068 5926 6067
f 6067 5852 5851
f 6069 5851 5929
f 6070 5929 5931
f 5854 6071 5701
f 5701 6071 6072
f 5851 6069 6067
f 5701 6072 5855
f 6070 5931 6005
f 6008 6007 6073
f 6006 6074 5787
f 5858 6075 5933
f 5787 6074 5638
f 5638 6074 6010
f 5934 6008 6076
f 5934 6076 6013
f 6009 6077 6005
f 6078 6077 6009
f 6079 6011 6012
f 6009 6011 6080
f 6012 5935 6014
f 6078 6009 6080
f 6011 6079 6080
f 6081 6014 6015
f 6016 6082 6018
f 6019 6018 6078
f 6015 5936 6083
f 6019 6078 6080
f 5936 5788 6017
f 6084 5937 5789
f 5938 6084 5789
f 5940 6020 5640
f 5707 5642 6085
f 5868 6019 6080
f 6080 6086 5868
f 5860 5513 6087
f 5861 6088 5710
f 6087 5513 5709
f 5865 6021 5582
f 5862 6089 5863
f 5946 5868 6086
f 5946 6086 6090
f 5946 6090 5873
f 5715 6024 5869
f 6026 5873 6090
f 5716 6025 6024
f 5720 6026 5876
f 6023 5646 5874
f 5648 5874 5646
f 6091 5451 5088
f 6092 5719 5872
f 6092 6093 5719
f 6093 6027 5719
f 6028 5088 4839
f 6094 5650 6027
f 6094 5875 5650
f 4948 6095 4991
f 5878 5721 6096
f 6097 5794 5879
f 6030 5142 5260
f 5951 5879 5588
f 5726 6098 5725
f 6099 5320 5195
f 5654 6100 5881
f 5726 5952 6098
f 5882 6101 5729
f 5800 6102 5656
f 6103 5884 5885
f 5732 6104 5886
f 5732 6033 6104
f 5887 5657 6105
f 6102 5953 5656
f 6106 5598 5887
f 6035 6036 5804
f 5735 5956 6107
f 5809 6108 5533
f 6106 5807 5598
f 5958 6109 6038
f 5958 5959 6109
f 6038 6109 6110
f 6110 5961 6038
f 6111 6109 5959
f 6112 5894 5961
f 5964 6111 5959
f 6113 5962 5894
f 6113 5894 6112
f 6039 6111 5964
f 5895 5761 5672
f 6114 5898 5548
f 6040 6115 5966
f 6116 6040 5965
f 5962 6116 5965
f 6041 6117 6039
f 5344 5412 6118
f 6118 5970 5344
f 6045 5552 5611
f 5968 6119 5971
f 6119 5977 5971
f 6119 6120 5977
f 5972 5974 6121
f 5830 6046 5551
f 6122 6047 5977
f 5974 5906 6123
f 5673 6049 5475
f 5612 5763 6042
f 5980 6123 5905
f 5905 6123 5906
f 6047 6124 6048
f 5980 5979 6125
f 6049 6126 5762
f 6126 5613 5762
f 5970 5984 5553
f 5978 6125 5979
f 6124 6127 6048
f 5982 6048 6128
f 5982 6129 6050
f 5832 5908 6130
f 6131 5615 5678
f 5764 6132 5831
f 5833 5985 5619
f 5767 6054 5835
f 6133 5835 6054
f 5986 6134 5558
f 5558 6134 5768
f 6056 5912 5680
f 5838 6135 6058
f 5913 6135 5838
f 6136 5913 5914
f 6136 5914 5988
f 6137 5916 5915
f 5988 5770 6138
f 6139 5841 6062
f 5772 6062 5841
f 6140 5918 6061
f 5774 6141 6062
f 5842 5687 6142
f 5686 6143 5920
f 6140 5844 5918
f 5844 6140 5993
f 5686 5921 6143
f 5776 6144 5991
f 5922 5688 6145
f 5776 5690 6144
f 5996 6146 5923
f 6147 5923 6146
f 5924 5923 6147
f 5846 6065 6064
f 6000 5692 5995
f 5850 5849 6148
f 6001 5850 6148
f 5927 6149 5696
f 6065 5997 6150
f 6150 5997 5926
f 5783 5928 6151
f 6068 6150 5926
f 6151 5854 5783
f 5930 6152 5576
f 6152 5782 5576
f 5929 6070 6069
f 6003 5699 6153
f 6154 6068 6073
f 6067 6073 6068
f 6152 6155 5782
f 5855 6072 6156
f 6156 5856 5855
f 6157 6069 6070
f 6007 6154 6073
f 6073 6067 6069
f 5785 5856 6158
f 6006 5785 6158
f 6007 6159 6154
f 6005 6157 6070
f 5933 6075 6159
f 5933 6159 6007
f 6076 6073 6069
f 6160 6157 6005
f 6008 6073 6076
f 6077 6160 6005
f 6013 6076 6161
f 6161 6157 6160
f 6016 6013 6161
f 6078 6160 6077
f 6016 6161 6082
f 6082 6161 6160
f 6082 6160 6078
f 6018 6082 6078
f 6079 6012 6162
f 6162 6012 6014
f 6162 6014 6081
f 6015 6083 6081
f 6083 5936 6017
f 5639 5938 5790
f 5939 6163 5791
f 5707 5939 5376
f 6080 6079 6162
f 6164 6020 5940
f 5938 5639 5860
f 6165 5940 5941
f 6166 5862 5791
f 5708 6020 5861
f 6021 6165 5941
f 5942 6085 5642
f 6021 5865 6167
f 6086 6080 6090
f 6087 5709 5943
f 6088 6022 5710
f 6168 5865 5944
f 6167 5865 6168
f 6090 6169 6026
f 5876 6026 6170
f 6171 6092 5872
f 6172 6025 5947
f 6170 6173 5876
f 5947 5875 6172
f 6029 6174 5874
f 6029 5874 5521
f 5876 6096 5721
f 6096 6175 5878
f 5878 6175 5948
f 5651 6176 5391
f 5651 5795 6176
f 5880 6177 5883
f 5881 6176 5795
f 5949 5950 6031
f 6178 5950 5725
f 6030 6099 5195
f 6179 5882 6031
f 5882 6179 6101
f 5883 6105 5657
f 5884 6180 5952
f 6032 6102 5800
f 6103 6180 5884
f 5730 6181 5885
f 5593 5735 6182
f 6036 5805 5741
f 5540 6107 5956
f 6183 5666 5807
f 5666 6183 5895
f 6037 5753 5963
f 5961 6184 6112
f 6184 5961 6110
f 6110 6109 6111
f 6184 6110 6117
f 6117 6110 6039
f 6039 6110 6111
f 6115 6185 5966
f 6116 5962 6113
f 6041 6186 6117
f 5898 6187 5611
f 6188 6187 5898
f 6188 5898 6114
f 6114 5548 5817
f 6185 6044 5966
f 6043 6186 6041
f 6189 5675 5761
f 5968 6190 6119
f 5968 6044 6190
f 6187 6045 5611
f 6043 5969 6191
f 6120 6122 5977
f 6191 5972 6121
f 5972 6191 5969
f 6192 6047 6193
f 6193 6047 6122
f 5974 6123 6194
f 5974 6194 6121
f 6192 6124 6047
f 6123 5980 6125
f 6192 6195 6124
f 6196 5983 5676
f 6050 6197 5978
f 5763 5832 6198
f 5832 6130 6198
f 6195 6127 6124
f 5983 6131 5678
f 6048 6127 6128
f 6128 6129 5982
f 6050 6129 6197
f 6051 5830 5474
f 5908 6199 6130
f 5764 5984 6200
f 5615 6131 5910
f 5909 6199 5908
f 5910 6201 6052
f 5834 5617 6052
f 6133 5833 5835
f 5766 6202 5556
f 6202 5986 5556
f 6054 5836 6055
f 5681 5768 6203
f 6203 6056 5681
f 6056 6204 5912
f 5837 5912 6205
f 5913 6136 6135
f 6060 6137 5915
f 6137 6060 6206
f 6207 6060 5989
f 5770 5990 6138
f 5916 6137 6208
f 6206 6060 6207
f 5916 6208 5840
f 6208 6061 5840
f 5990 5917 6209
f 6139 6209 5917
f 5841 6139 5917
f 6061 6208 6210
f 6061 6210 6140
f 6211 5774 5919
f 6141 5774 6211
f 5993 6140 6212
f 6213 5993 6212
f 6214 6143 5921
f 6215 5992 5922
f 5690 6216 6144
f 5847 5993 6213
f 5847 6213 5996
f 6217 5996 6213
f 5921 6064 6214
f 5691 6216 5690
f 5996 6217 6146
f 5994 6216 5691
f 6147 6218 5924
f 5924 6218 6066
f 6219 5999 6220
f 6065 6221 6064
f 5696 6149 5994
f 5998 5925 6220
f 5998 6220 5999
f 5999 6219 5849
f 6222 5928 6001
f 6151 5928 6222
f 5854 6151 6071
f 6223 6150 6068
f 6159 6223 6068
f 6159 6068 6154
f 6075 6223 6159
f 5699 5932 6153
f 5782 6224 6004
f 6010 6225 5858
f 5858 6225 6075
f 6161 6069 6157
f 6076 6069 6161
f 6081 6226 6162
f 6084 6227 5937
f 6226 6081 6228
f 6228 6081 6083
f 6229 6083 6017
f 6017 5937 6229
f 5791 6163 6166
f 6162 6090 6080
f 6166 6089 5862
f 6090 6162 6226
f 6169 6090 6226
f 6089 6230 5863
f 5863 6230 5712
f 6231 5943 5866
f 6022 6232 5867
f 5867 6232 5944
f 5945 6231 5866
f 6026 6169 6170
f 6169 6233 6170
f 5870 6171 5872
f 6092 6234 6093
f 5876 6173 6096
f 6093 6235 6027
f 6236 6029 5877
f 6237 6236 5877
f 6237 5877 5794
f 6238 5314 5091
f 6097 6237 5794
f 5948 6175 6239
f 6240 5260 5524
f 5948 6239 5880
f 5880 6239 6177
f 6241 6176 5881
f 6031 5950 6242
f 6242 5950 6178
f 5952 6243 6098
f 6244 6243 5952
f 6244 5952 6180
f 5533 6100 5654
f 5886 6245 5954
f 5734 6246 6033
f 6182 5799 5593
f 6181 6103 5885
f 6034 6246 5734
f 5730 5953 6181
f 6105 6106 5887
f 6247 6035 5954
f 5955 5805 6248
f 6106 6249 5807
f 5893 6250 5809
f 6037 6107 5540
f 6118 5412 5808
f 6112 6251 6113
f 6112 6186 6251
f 6184 6186 6112
f 6040 6252 6115
f 6113 6251 6116
f 6186 6184 6117
f 5963 6042 6253
f 6185 6190 6044
f 6185 6115 6252
f 6254 6040 6116
f 6255 6251 6186
f 6116 6256 6254
f 6256 6116 6251
f 6191 6255 6043
f 6043 6255 6186
f 5675 6189 5973
f 5817 5674 6257
f 6122 6120 6193
f 6194 6256 6255
f 6255 6191 6194
f 6121 6194 6191
f 6258 6257 5904
f 6257 5674 5904
f 6196 5676 5973
f 6198 6042 5763
f 6259 6258 5613
f 5904 5613 6258
f 6123 6125 6260
f 6126 6259 5613
f 5978 6260 6125
f 5978 6197 6260
f 6261 6127 6195
f 6262 6129 6263
f 6262 6197 6129
f 6127 6261 6264
f 6127 6264 6128
f 6265 5764 6200
f 6265 6132 5764
f 5677 5614 6266
f 5831 6267 5907
f 6268 5909 5985
f 5834 6052 6269
f 6269 5765 5834
f 5833 6270 5985
f 5833 6133 6270
f 6053 6202 5766
f 6271 6133 6054
f 6271 6054 6272
f 6054 6055 6272
f 6204 6205 5912
f 6273 5911 6057
f 5911 6273 6055
f 6058 6059 5839
f 6274 6135 6136
f 6275 5987 6059
f 6274 6136 5988
f 5987 6275 5989
f 6138 6276 5988
f 6207 5989 6275
f 6277 6208 6137
f 6206 6277 6137
f 6206 6278 6277
f 6139 6062 6279
f 6062 6141 6279
f 6140 6210 6212
f 6142 5687 6063
f 5842 6145 5688
f 5920 6211 5919
f 6280 6063 5991
f 6144 6280 5991
f 6281 6211 5920
f 6281 5920 6143
f 5922 6145 6215
f 6282 6217 6213
f 6283 6217 6282
f 6146 6217 6283
f 6146 6283 6284
f 6146 6284 6147
f 6147 6284 6285
f 6286 5992 6215
f 6286 5995 5992
f 6218 6147 6287
f 6221 6214 6064
f 6218 6288 6066
f 6289 6000 5995
f 6066 6288 5925
f 5849 6219 6290
f 5849 6290 6148
f 6291 6221 6065
f 6002 6000 6292
f 6065 6223 6293
f 5698 6294 5927
f 6223 6065 6150
f 5698 5853 6294
f 6292 5930 6002
f 6295 5853 6003
f 6294 5853 6295
f 6156 6296 5856
f 6158 5856 6296
f 6153 6297 6003
f 6075 6298 6223
f 6298 6075 6225
f 6224 5782 6155
f 6299 6153 5932
f 6006 6158 6074
f 6010 6074 6225
f 6227 6084 6300
f 5938 6300 6084
f 6301 5937 6227
f 6165 6164 5940
f 5707 6085 6302
f 6303 6229 5937
f 5937 6301 6303
f 6304 6165 6021
f 6229 6228 6083
f 6305 5938 5860
f 6233 6226 6228
f 6021 6167 6304
f 6167 6306 6304
f 5942 6307 6085
f 6087 6308 5860
f 6022 6088 6309
f 6306 6167 6168
f 6168 6310 6306
f 6308 6087 6311
f 5943 6311 6087
f 5713 5712 5942
f 5712 6312 5942
f 6169 6226 6233
f 6168 6313 6310
f 6022 6314 6232
f 6315 5944 6232
f 6315 6168 5944
f 6168 6315 6313
f 6170 6233 6173
f 6316 5870 5869
f 6317 5945 6023
f 6316 6171 5870
f 6171 6234 6092
f 5871 5451 6091
f 6318 5875 6094
f 6027 6318 6094
f 5091 5391 6238
f 6319 5725 6098
f 6319 6178 5725
f 6320 6179 6031
f 6242 6320 6031
f 6179 6320 6101
f 5883 6177 6105
f 6101 6032 5729
f 6104 6245 5886
f 5955 6246 6034
f 6321 6106 6105
f 6322 5955 6248
f 6182 5735 6107
f 6248 6036 6035
f 6248 5805 6036
f 6250 6108 5809
f 6183 5807 6249
f 6323 5761 5895
f 5670 6324 5893
f 6323 6189 5761
f 6040 6254 6252
f 6251 6255 6256
f 6257 6114 5817
f 6325 6119 6326
f 6325 6120 6119
f 6326 6119 6190
f 6327 6256 6194
f 6328 6192 6193
f 6123 6327 6194
f 6329 5983 6196
f 5984 5970 6330
f 6331 6128 6264
f 6128 6331 6129
f 6129 6331 6263
f 6332 6051 5677
f 5907 6267 5614
f 6268 5985 6270
f 6333 6133 6271
f 6134 6203 5768
f 6055 6334 6272
f 6205 6335 5837
f 5837 6335 6057
f 6058 6135 6336
f 6337 6059 6058
f 6337 6058 6336
f 5988 6276 6274
f 6338 6276 6138
f 6338 6138 6339
f 5990 6339 6138
f 6207 6275 6340
f 6207 6278 6206
f 6209 6339 5990
f 6341 6277 6278
f 6342 6278 6207
f 6209 6139 6343
f 6210 6208 6277
f 6343 6139 6279
f 6341 6210 6277
f 6283 6341 6278
f 6212 6210 6341
f 6284 6278 6342
f 6283 6278 6284
f 6141 6344 6279
f 6142 6345 5842
f 6282 6341 6283
f 6284 6342 6285
f 6282 6212 6341
f 6346 6063 6280
f 6213 6212 6282
f 6347 6280 6144
f 6141 6211 6348
f 6287 6285 6349
f 6147 6285 6287
f 6347 6144 6216
f 6218 6287 6288
f 6350 6290 6219
f 6289 5995 6351
f 5925 6288 6352
f 5925 6352 6220
f 6001 6148 6353
f 6001 6353 6222
f 6354 6000 6289
f 5927 6355 6149
f 6292 6000 6354
f 6065 6293 6291
f 5927 6294 6355
f 6072 6356 6357
f 6156 6072 6357
f 6357 6358 6156
f 6296 6156 6358
f 6359 5930 6292
f 6152 5930 6359
f 6297 6295 6003
f 6360 6074 6158
f 6074 6360 6225
f 6004 6299 5932
f 5707 6361 5939
f 6166 6163 6362
f 6302 6361 5707
f 6020 6363 5861
f 6363 6020 6164
f 6362 6364 6166
f 5861 6365 6088
f 6089 6166 6366
f 6367 6228 6229
f 6088 6365 6309
f 6306 6310 6368
f 6366 6230 6089
f 6229 6303 6367
f 6309 6314 6022
f 6367 6233 6228
f 6233 6367 6369
f 5943 6231 6311
f 6232 6314 6315
f 6313 6315 6370
f 6369 6173 6233
f 6171 6316 6371
f 6371 6234 6171
f 6372 6173 6369
f 6317 6023 5874
f 5874 6174 6317
f 6091 6373 5871
f 6374 6172 5875
f 6096 6173 6372
f 4948 6375 6095
f 4948 5186 6375
f 6318 6374 5875
f 6175 6096 6372
f 6372 6376 6175
f 6235 6377 6027
f 6378 6379 6380
f 6379 6381 6380
f 6382 6383 6384
f 6384 6383 6378
f 6381 6379 6385
f 6378 6386 6379
f 6383 6387 6388
f 6378 6383 6388
f 6378 6388 6386
f 6386 6388 6389
f 6379 6386 6390
f 6379 6390 6385
f 6386 6389 6391
f 6386 6391 6390
f 6392 5879 5951
f 6241 5881 6100
f 6177 6393 6105
f 5951 5799 6394
f 6395 6180 6103
f 6245 6396 5954
f 6182 6397 5799
f 5953 6398 6181
f 6396 6247 5954
f 6399 6182 6107
f 6400 5200 5398
f 6401 6108 6250
f 6190 6402 6326
f 6402 6190 6185
f 6402 6185 6403
f 6252 6403 6185
f 6325 6404 6120
f 6324 5670 6046
f 6193 6120 6404
f 6405 5673 6045
f 6118 6406 5970
f 6407 6192 6328
f 6405 6408 5673
f 6408 6049 5673
f 6409 6049 6408
f 6192 6410 6195
f 6327 6123 6411
f 6260 6411 6123
f 6409 6126 6049
f 6329 6131 5983
f 6130 6412 6198
f 6260 6197 6411
f 6262 6413 6197
f 6199 6414 6130
f 6261 6415 6264
f 6131 6416 5910
f 6051 6332 5830
f 5677 6417 6332
f 5677 6266 6417
f 5614 6267 6266
f 5765 6418 6053
f 6419 6053 6418
f 6133 6420 6270
f 6420 6133 6333
f 6053 6421 6202
f 6056 6422 6204
f 6422 6205 6204
f 6057 6335 6273
f 6336 6135 6274
f 6423 6336 6274
f 6275 6059 6340
f 6340 6059 6337
f 6424 6207 6340
f 6338 6339 6425
f 6342 6424 6285
f 5842 6345 6145
f 6141 6348 6344
f 6348 6426 6344
f 6352 6287 6349
f 6427 6348 6211
f 6427 6211 6281
f 6143 6428 6281
f 6214 6428 6143
f 6288 6287 6352
f 6219 6220 6350
f 6216 5994 6429
f 6290 6430 6353
f 6431 6214 6432
f 6432 6214 6221
f 6149 6429 5994
f 6290 6353 6148
f 6354 6289 6433
f 6432 6221 6291
f 6222 6353 6434
f 6222 6434 6151
f 6151 6434 6435
f 6355 6436 6149
f 6071 6435 6356
f 6151 6435 6071
f 6356 6072 6071
f 6356 6437 6357
f 6298 6293 6223
f 6438 6158 6296
f 6158 6438 6360
f 6225 6360 6298
f 6165 6439 6164
f 6439 6165 6304
f 5938 6440 6300
f 6441 6304 6306
f 6368 6441 6306
f 6305 6440 5938
f 6365 5861 6363
f 6368 6442 6443
f 6366 6166 6364
f 6444 6303 6301
f 6368 6310 6442
f 5860 6308 6305
f 6312 6307 5942
f 6314 6309 6445
f 6313 6446 6310
f 6442 6310 6446
f 5712 6230 6312
f 6447 6367 6303
f 6315 6314 6370
f 6367 6447 6448
f 6369 6367 6448
f 5869 6449 6316
f 6024 6449 5869
f 6025 6449 6024
f 6449 6025 6450
f 6450 6025 6172
f 6174 6029 6451
f 6318 6027 6377
f 6239 6175 6376
f 6239 6452 6177
f 6453 6237 6097
f 6454 6384 6380
f 6378 6380 6384
f 6382 6387 6383
f 6382 6455 6387
f 6319 6242 6178
f 6385 6390 6456
f 6457 6320 6242
f 6458 6319 6098
f 6243 6458 6098
f 6394 6392 5951
f 6101 6320 6459
f 6104 6033 6460
f 6460 6033 6461
f 6459 6032 6101
f 6397 6394 5799
f 6395 6244 6180
f 6033 6246 6461
f 6032 6462 6102
f 6463 6103 6181
f 6103 6463 6395
f 5955 6464 6246
f 5953 6102 6398
f 6465 6247 6396
f 6035 6247 6465
f 6464 5955 6322
f 6465 6248 6035
f 6465 6322 6248
f 6108 6466 5533
f 6249 6106 6321
f 6183 6249 6467
f 6037 5963 6468
f 6467 5895 6183
f 5893 6469 6250
f 6470 6118 5808
f 6471 6187 6188
f 6114 6471 6188
f 6253 6042 6472
f 6114 6257 6473
f 6326 6402 6474
f 6474 6402 6475
f 6403 6475 6402
f 6254 6403 6252
f 6254 6256 6403
f 6476 6328 6193
f 6193 6404 6476
f 6327 6403 6256
f 6410 6192 6407
f 6477 6329 6196
f 6411 6478 6327
f 6198 6412 6479
f 6406 6330 5970
f 6409 6259 6126
f 6480 6131 6329
f 6481 6197 6413
f 6411 6197 6481
f 5830 6482 6046
f 6483 6331 6264
f 6264 6415 6483
f 6332 6482 5830
f 6484 6200 5984
f 5909 6485 6199
f 6268 6485 5909
f 6267 5831 6132
f 5765 6269 6486
f 6421 5986 6202
f 6272 6487 6271
f 6203 6488 6056
f 6422 6056 6488
f 6489 6334 6055
f 6055 6273 6489
f 6490 6337 6336
f 6274 6491 6423
f 6276 6491 6274
f 6340 6337 6490
f 6492 6423 6491
f 6491 6276 6338
f 6424 6340 6490
f 6424 6342 6207
f 6493 6339 6209
f 6493 6209 6343
f 6285 6424 6494
f 6344 6343 6279
f 6349 6285 6494
f 6494 6495 6349
f 6215 6145 6496
f 6352 6349 6495
f 6215 6497 6286
f 6220 6498 6350
f 6499 6426 6348
f 6351 5995 6286
f 6220 6352 6498
f 6350 6430 6290
f 6500 6427 6281
f 6499 6348 6427
f 6500 6281 6428
f 6433 6289 6351
f 6431 6428 6214
f 6149 6436 6429
f 6357 6437 6501
f 6357 6501 6502
f 6293 6432 6291
f 6358 6357 6502
f 6358 6502 6503
f 6504 6432 6293
f 6438 6358 6503
f 6358 6438 6296
f 6298 6504 6293
f 6438 6504 6360
f 6360 6504 6298
f 6505 6155 6152
f 6224 6506 6004
f 6506 6299 6004
f 6507 6362 6163
f 6507 6163 5939
f 6164 6508 6363
f 6439 6508 6164
f 6441 6368 6443
f 6227 6509 6301
f 6510 6443 6442
f 6510 6511 6443
f 6366 6364 6511
f 6509 6227 6300
f 6511 6510 6366
f 6442 6512 6510
f 6510 6512 6366
f 6513 6307 6312
f 6365 6445 6309
f 6442 6446 6512
f 6514 6512 6446
f 6512 6514 6366
f 6366 6514 6230
f 6447 6303 6444
f 6313 6370 6446
f 6314 6515 6370
f 6311 6231 6516
f 6231 5945 6317
f 6450 6172 6517
f 6369 6448 6372
f 6518 6317 6174
f 6376 6372 6448
f 6519 6093 6234
f 6093 6519 6520
f 6520 6235 6093
f 6520 6521 6235
f 6521 6377 6235
f 6236 6451 6029
f 6376 6452 6239
f 6380 6522 6523
f 6524 6384 6454
f 6380 6381 6522
f 6381 6525 6522
f 6382 6524 6526
f 6524 6382 6384
f 6381 6527 6525
f 6526 6455 6382
f 6381 6385 6527
f 6528 6529 6455
f 6387 6455 6529
f 6387 6529 6530
f 6387 6530 6388
f 6388 6530 6531
f 6531 6389 6388
f 6531 6391 6389
f 6392 6097 5879
f 6177 6532 6393
f 6390 6533 6456
f 6390 6391 6533
f 6534 6104 6460
f 6243 6244 6535
f 6536 6032 6459
f 6534 6245 6104
f 6244 6395 6535
f 6105 6393 6321
f 6462 6032 6536
f 6535 6395 6537
f 6538 5320 6099
f 6538 5398 5320
f 6397 6182 6399
f 6466 6108 6401
f 6539 6399 6107
f 6037 6539 6107
f 6540 5808 5802
f 6323 5895 6467
f 6324 6469 5893
f 5973 6189 6541
f 6471 6542 6187
f 6542 6405 6187
f 6187 6405 6045
f 6477 6196 5973
f 6042 6198 6472
f 6325 6326 6543
f 6326 6474 6543
f 6478 6475 6403
f 6327 6478 6403
f 6481 6478 6411
f 6544 6261 6195
f 6545 6413 6262
f 6545 6262 6546
f 6481 6413 6545
f 6412 6130 6414
f 6547 6415 6261
f 6484 5984 6330
f 6265 6548 6132
f 6201 6269 6052
f 6549 6268 6270
f 6486 6418 5765
f 6271 6550 6333
f 6271 6487 6550
f 6551 6203 6134
f 6334 6552 6272
f 6205 6422 6335
f 6334 6553 6552
f 6334 6489 6553
f 6335 6554 6273
f 6555 6336 6423
f 6492 6555 6423
f 6490 6336 6555
f 6490 6555 6556
f 6492 6491 6557
f 6557 6491 6338
f 6557 6338 6558
f 6425 6558 6338
f 6556 6424 6490
f 6555 6492 6559
f 6339 6493 6425
f 6494 6424 6556
f 6493 6343 6560
f 6345 6142 6561
f 6495 6494 6556
f 6560 6343 6426
f 6343 6344 6426
f 6346 6562 6063
f 6563 6559 6564
f 6345 6496 6145
f 6498 6565 6559
f 6350 6559 6563
f 6566 6346 6280
f 6498 6495 6565
f 6350 6498 6559
f 6347 6566 6280
f 6352 6495 6498
f 6430 6350 6563
f 6430 6563 6567
f 6568 6426 6499
f 6430 6567 6569
f 6570 6433 6351
f 6353 6430 6569
f 6353 6569 6434
f 6501 6568 6499
f 6571 6500 6428
f 6435 6434 6572
f 6502 6501 6499
f 6502 6499 6427
f 6502 6427 6500
f 6431 6571 6428
f 6437 6568 6501
f 6573 6500 6571
f 6432 6571 6431
f 6437 6574 6575
f 6502 6500 6503
f 6503 6500 6573
f 6435 6574 6356
f 6355 6576 6436
f 6356 6574 6437
f 6504 6573 6571
f 6571 6432 6504
f 6438 6503 6573
f 6355 6294 6576
f 6438 6573 6504
f 6577 6578 6292
f 6578 6359 6292
f 6579 6295 6297
f 6580 6505 6152
f 6505 6581 6155
f 6224 6155 6581
f 6507 5939 6361
f 6582 6439 6304
f 6583 6364 6362
f 6441 6582 6304
f 6363 6584 6365
f 6363 6508 6584
f 6302 6085 6307
f 6444 6301 6585
f 6585 6301 6509
f 6300 6440 6509
f 6586 6440 6305
f 6308 6586 6305
f 6445 6587 6314
f 6446 6370 6588
f 6230 6514 6589
f 6314 6587 6515
f 6515 6588 6370
f 6448 6447 6590
f 6371 6316 6591
f 6592 6448 6590
f 6593 6231 6317
f 6234 6371 6594
f 6595 5186 5717
f 6596 5871 6373
f 6376 6448 6592
f 6174 6451 6518
f 6594 6519 6234
f 6377 6374 6318
f 6597 6376 6592
f 6598 6028 5314
f 6452 6376 6597
f 6523 6454 6380
f 6523 6599 6454
f 6455 6526 6528
f 6600 6601 6526
f 6601 6528 6526
f 6528 6602 6529
f 6603 6527 6385
f 6452 6532 6177
f 6528 6601 6604
f 6531 6605 6391
f 6600 6460 6601
f 6604 6460 6461
f 6601 6460 6604
f 6385 6456 6603
f 6391 6605 6606
f 6606 6533 6391
f 6320 6457 6459
f 6100 6607 6241
f 6535 6608 6243
f 6461 6246 6604
f 6395 6463 6537
f 5533 6466 6100
f 6181 6398 6609
f 6322 6465 6610
f 6611 6467 6249
f 5200 6400 5802
f 6037 6468 6539
f 5963 6253 6468
f 6612 6189 6323
f 6612 6541 6189
f 6541 6477 5973
f 6470 6406 6118
f 6328 6613 6407
f 6476 6613 6328
f 6198 6479 6472
f 6325 6614 6404
f 6475 6478 6474
f 6258 6615 6257
f 6195 6410 6544
f 6546 6543 6474
f 6546 6474 6545
f 6481 6474 6478
f 6545 6474 6481
f 6262 6616 6546
f 6414 6617 6412
f 6616 6263 6618
f 6263 6616 6262
f 6331 6618 6263
f 6480 6416 6131
f 6482 6619 6046
f 6620 6483 6415
f 6485 6414 6199
f 6621 5910 6416
f 5910 6621 6201
f 6200 6548 6265
f 6548 6622 6132
f 6132 6622 6267
f 6270 6623 6549
f 6420 6624 6270
f 6624 6623 6270
f 6419 6421 6053
f 6420 6333 6625
f 5986 6421 6626
f 6625 6333 6550
f 6626 6627 5986
f 5986 6627 6134
f 6422 6628 6335
f 6273 6554 6489
f 6565 6556 6555
f 6492 6564 6559
f 6564 6492 6557
f 6564 6557 6629
f 6629 6557 6558
f 6630 6558 6425
f 6565 6555 6559
f 6425 6493 6630
f 6629 6558 6630
f 6631 6630 6493
f 6495 6556 6565
f 6631 6493 6560
f 6142 6063 6562
f 6567 6564 6629
f 6632 6629 6633
f 6563 6564 6567
f 6567 6629 6632
f 6629 6630 6633
f 6215 6496 6497
f 6569 6567 6632
f 6630 6631 6633
f 6351 6634 6570
f 6634 6351 6286
f 6497 6634 6286
f 6568 6560 6426
f 6572 6633 6631
f 6572 6631 6575
f 6569 6632 6633
f 6434 6569 6633
f 6434 6633 6572
f 6635 6433 6570
f 6429 6347 6216
f 6572 6575 6574
f 6435 6572 6574
f 6437 6575 6568
f 6292 6354 6577
f 6580 6359 6578
f 6580 6152 6359
f 6224 6581 6506
f 6299 6506 6153
f 6507 6583 6362
f 6636 6582 6441
f 6583 6637 6364
f 6508 6439 6582
f 6636 6441 6443
f 6636 6443 6511
f 6637 6636 6511
f 6637 6511 6364
f 6307 6638 6302
f 6307 6513 6638
f 6639 6509 6440
f 6587 6588 6515
f 6446 6588 6514
f 6588 6589 6514
f 6589 6312 6230
f 6585 6447 6444
f 6639 6440 6640
f 6640 6440 6586
f 6585 6590 6447
f 6641 6585 6509
f 6586 6308 6642
f 6311 6642 6308
f 6311 6516 6642
f 6517 6172 6374
f 6643 6091 5088
f 6644 6520 6519
f 6645 6451 6236
f 6644 6521 6520
f 6645 6236 6646
f 6236 6237 6646
f 6647 6524 6454
f 6599 6647 6454
f 6523 6522 6648
f 6648 6522 6525
f 6646 6237 6453
f 6526 6524 6649
f 6526 6649 6600
f 6525 6527 6650
f 6452 6597 6532
f 6530 6651 6531
f 6651 6605 6531
f 6603 6650 6527
f 6600 6534 6460
f 6602 6528 6604
f 6604 6652 6602
f 6457 6242 6653
f 6653 6242 6319
f 6608 6458 6243
f 6608 6654 6655
f 6608 6535 6654
f 6604 6246 6652
f 6393 6532 6321
f 6656 6394 6397
f 6321 6532 6657
f 6658 6396 6245
f 6464 6659 6246
f 6537 6463 6660
f 6658 6465 6396
f 6102 6661 6398
f 6463 6181 6609
f 6322 6662 6464
f 6322 6610 6662
f 6321 6611 6249
f 6470 5808 6540
f 6471 6114 6473
f 6469 6324 6663
f 6664 6613 6476
f 6473 6257 6615
f 6614 6476 6404
f 6329 6477 6665
f 6543 6614 6325
f 6666 6667 6409
f 6667 6259 6409
f 6331 6483 6618
f 6201 6621 6668
f 6484 6669 6200
f 6670 6201 6668
f 6669 6548 6200
f 6625 6671 6624
f 6625 6624 6420
f 6627 6551 6134
f 6551 6488 6203
f 6487 6272 6552
f 6628 6672 6335
f 6335 6672 6554
f 6561 6496 6345
f 6560 6575 6631
f 6568 6575 6560
f 6673 6436 6576
f 6294 6295 6674
f 6295 6579 6674
f 6675 6505 6580
f 6505 6676 6581
f 6636 6508 6582
f 6584 6508 6677
f 6445 6365 6678
f 6587 6445 6678
f 6679 6513 6312
f 6589 6679 6312
f 6509 6639 6641
f 6590 6585 6680
f 6680 6585 6641
f 6316 6681 6591
f 6449 6681 6316
f 6449 6450 6681
f 6592 6590 6680
f 6231 6593 6516
f 6450 6517 6681
f 6682 6592 6680
f 6593 6317 6518
f 6596 5717 5871
f 6682 6597 6592
f 6683 6644 6519
f 6684 6597 6682
f 5314 6238 6598
f 6685 6647 6599
f 6685 6599 6523
f 6685 6523 6686
f 6686 6523 6648
f 6524 6647 6649
f 6597 6684 6532
f 6687 6600 6649
f 6030 5260 6240
f 6688 6689 6529
f 6529 6689 6530
f 6530 6689 6651
f 6600 6687 6534
f 6602 6688 6529
f 6453 6097 6690
f 6688 6602 6652
f 6690 6097 6392
f 6319 6691 6653
f 6691 6319 6458
f 6458 6608 6692
f 6606 6605 6693
f 6606 6693 6694
f 6392 6394 6695
f 6534 6696 6245
f 6246 6697 6652
f 6535 6698 6654
f 6535 6537 6698
f 6245 6696 6658
f 6659 6697 6246
f 6537 6660 6698
f 6462 6661 6102
f 6465 6658 6610
f 6464 6662 6659
f 6657 6611 6321
f 6466 6607 6100
f 6609 6398 6661
f 6699 6467 6611
f 6250 6469 6401
f 6700 6468 6253
f 6253 6472 6700
f 6701 6542 6471
f 6473 6701 6471
f 6541 6665 6477
f 6702 6410 6407
f 6405 6703 6408
f 6614 6704 6476
f 6408 6703 6705
f 6706 6480 6329
f 6614 6543 6707
f 6409 6408 6705
f 6479 6412 6708
f 6546 6707 6543
f 6046 6709 6324
f 6616 6707 6546
f 6547 6261 6544
f 6616 6618 6707
f 6710 6330 6406
f 6619 6709 6046
f 6547 6711 6415
f 6711 6620 6415
f 6712 6483 6620
f 6618 6483 6712
f 6713 6669 6484
f 6713 6714 6669
f 6549 6715 6268
f 6266 6267 6716
f 6269 6201 6670
f 6549 6623 6715
f 6717 6267 6622
f 6670 6486 6269
f 6669 6718 6548
f 6548 6718 6719
f 6486 6720 6418
f 6548 6719 6622
f 6419 6721 6421
f 6551 6722 6488
f 6722 6422 6488
f 6422 6723 6628
f 6487 6552 6550
f 6142 6724 6561
f 6725 6726 6496
f 6725 6496 6561
f 6142 6562 6724
f 6634 6497 6727
f 6497 6496 6726
f 6429 6436 6673
f 6433 6728 6354
f 6354 6728 6577
f 6729 6730 6576
f 6294 6729 6576
f 6731 6578 6577
f 6675 6676 6505
f 6506 6732 6153
f 6581 6733 6506
f 6637 6583 6507
f 6636 6734 6508
f 6735 6734 6636
f 6736 6507 6361
f 6302 6736 6361
f 6677 6508 6734
f 6677 6365 6584
f 6677 6678 6365
f 6587 6678 6588
f 6588 6678 6737
f 6737 6589 6588
f 6589 6738 6679
f 6739 6639 6640
f 6640 6586 6642
f 6740 6642 6516
f 6639 6739 6641
f 6594 6741 6519
f 6375 5186 6595
f 6028 6643 5088
f 6374 6377 6742
f 6682 6680 6743
f 6377 6521 6742
f 6684 6682 6743
f 6744 6644 6683
f 6647 6745 6649
f 6686 6648 6746
f 6453 6747 6646
f 6525 6746 6648
f 6748 6649 6745
f 6684 6749 6532
f 6750 6651 6751
f 6752 6651 6750
f 6753 6746 6525
f 6747 6453 6754
f 6687 6649 6748
f 6689 6751 6651
f 6525 6650 6753
f 6605 6651 6752
f 6752 6693 6605
f 6532 6749 6755
f 6756 6458 6692
f 6756 6691 6458
f 6687 6696 6534
f 6692 6608 6655
f 6655 6654 6757
f 6695 6690 6392
f 6457 6653 6459
f 6657 6532 6755
f 6694 6758 6606
f 6606 6758 6533
f 6759 6456 6533
f 6462 6536 6760
f 6610 6658 6761
f 6662 6610 6761
f 6762 6656 6397
f 6538 6400 5398
f 6762 6397 6399
f 6401 6763 6466
f 6764 5802 6400
f 6323 6467 6699
f 6764 6540 5802
f 6612 6323 6699
f 6469 6663 6765
f 6407 6613 6766
f 6542 6701 6767
f 6768 6406 6470
f 6767 6405 6542
f 6410 6702 6769
f 6706 6329 6665
f 6769 6770 6410
f 6771 6480 6706
f 6772 6663 6324
f 6770 6544 6410
f 6704 6614 6773
f 6614 6707 6773
f 6708 6412 6774
f 6705 6666 6409
f 6258 6259 6667
f 6774 6412 6617
f 6324 6709 6772
f 6770 6775 6544
f 6707 6618 6773
f 6775 6547 6544
f 6776 6710 6406
f 6712 6777 6618
f 6778 6620 6711
f 6620 6778 6712
f 6710 6484 6330
f 6710 6713 6484
f 6417 6779 6332
f 6780 6669 6714
f 6717 6716 6267
f 6780 6718 6669
f 6781 6622 6719
f 6622 6781 6717
f 6718 6782 6719
f 6418 6721 6419
f 6783 6624 6671
f 6781 6719 6782
f 6721 6626 6421
f 6627 6626 6784
f 6722 6723 6422
f 6785 6553 6489
f 6786 6562 6346
f 6570 6634 6787
f 6788 6635 6570
f 6429 6789 6347
f 6635 6790 6433
f 6673 6789 6429
f 6728 6433 6790
f 6576 6730 6673
f 6791 6580 6578
f 6792 6297 6153
f 6732 6792 6153
f 6733 6581 6676
f 6793 6636 6637
f 6793 6637 6507
f 6793 6507 6736
f 6794 6677 6734
f 6302 6638 6736
f 6678 6677 6794
f 6638 6513 6795
f 6678 6794 6737
f 6513 6679 6795
f 6737 6738 6589
f 6796 6738 6737
f 6797 6640 6642
f 6798 6740 6516
f 6591 6799 6371
f 6641 6739 6800
f 6593 6798 6516
f 6799 6594 6371
f 6594 6799 6801
f 6517 6374 6802
f 6641 6800 6680
f 6742 6802 6374
f 6683 6519 6741
f 6803 6804 6805
f 6805 6804 6806
f 6521 6644 6807
f 6808 6647 6685
f 6684 6743 6749
f 6745 6647 6808
f 6809 6685 6686
f 6750 6809 6686
f 6686 6810 6750
f 6746 6810 6686
f 6752 6750 6810
f 6751 6689 6811
f 5391 6176 6238
f 6748 6812 6687
f 6689 6688 6811
f 6693 6752 6813
f 6814 6655 6757
f 6757 6815 6814
f 6688 6652 6816
f 6811 6688 6816
f 6817 6693 6813
f 6756 6692 6655
f 6815 6757 6818
f 6812 6696 6687
f 6818 6757 6819
f 6817 6694 6693
f 6757 6654 6819
f 6652 6697 6816
f 6816 6697 6820
f 6817 6821 6694
f 6459 6653 6822
f 6536 6459 6822
f 6698 6823 6654
f 6819 6654 6823
f 6659 6820 6697
f 6758 6694 6821
f 6760 6536 6822
f 6824 6823 6698
f 6659 6662 6820
f 6759 6825 6456
f 6825 6603 6456
f 6660 6824 6698
f 6661 6462 6760
f 6609 6826 6463
f 6463 6826 6660
f 6660 6826 6827
f 6828 6656 6762
f 6611 6657 6829
f 6611 6829 6699
f 6830 6764 6400
f 6469 6831 6401
f 6469 6832 6831
f 6472 6833 6700
f 6765 6832 6469
f 6407 6766 6702
f 6833 6472 6479
f 6664 6834 6613
f 6405 6767 6703
f 6664 6476 6835
f 6704 6835 6476
f 6777 6704 6773
f 6618 6777 6773
f 6416 6480 6771
f 6617 6414 6836
f 6619 6837 6709
f 6621 6416 6838
f 6482 6839 6619
f 6710 6840 6713
f 6841 6714 6713
f 6417 6266 6716
f 6670 6720 6486
f 6714 6842 6780
f 6717 6843 6716
f 6717 6844 6843
f 6781 6844 6717
f 6780 6845 6718
f 6845 6782 6718
f 6782 6846 6781
f 6844 6781 6846
f 6782 6847 6846
f 6848 6625 6550
f 6627 6849 6551
f 6850 6722 6551
f 6851 6550 6552
f 6672 6852 6554
f 6853 6489 6554
f 6785 6489 6853
f 6634 6727 6787
f 6497 6726 6727
f 6562 6786 6724
f 6294 6674 6729
f 6854 6578 6731
f 6854 6791 6578
f 6791 6675 6580
f 6675 6855 6676
f 6676 6856 6733
f 6636 6857 6735
f 6636 6793 6857
f 6735 6858 6734
f 6794 6734 6858
f 6796 6794 6858
f 6638 6795 6736
f 6737 6794 6796
f 6738 6795 6679
f 6739 6640 6797
f 6740 6797 6642
f 6801 6741 6594
f 6593 6859 6798
f 6805 6860 6861
f 6680 6800 6743
f 6593 6518 6859
f 6860 6805 6862
f 6862 6805 6806
f 6683 6741 6863
f 6518 6451 6864
f 6861 6803 6805
f 6807 6742 6521
f 6645 6864 6451
f 6806 6865 6862
f 6683 6863 6866
f 6866 6744 6683
f 6867 6804 6803
f 6868 6644 6744
f 6644 6868 6807
f 6869 6806 6804
f 6867 6870 6804
f 6804 6870 6869
f 6871 6806 6869
f 6872 6873 6867
f 6867 6873 6870
f 6808 6685 6809
f 6743 6874 6749
f 6645 6646 6875
f 6747 6875 6646
f 6872 6876 6873
f 6873 6877 6878
f 6873 6878 6870
f 6751 6809 6750
f 6876 6877 6873
f 6811 6809 6751
f 6810 6746 6879
f 6810 6813 6752
f 6814 6756 6655
f 6815 6818 6880
f 6176 6241 6881
f 6812 6658 6696
f 6603 6882 6650
f 6695 6394 6883
f 6884 6662 6761
f 6884 6820 6662
f 6883 6394 6656
f 6824 6660 6827
f 6466 6885 6607
f 6763 6885 6466
f 6401 6831 6763
f 6886 6541 6612
f 6665 6541 6886
f 6768 6470 6540
f 6706 6665 6887
f 6766 6613 6834
f 6473 6615 6888
f 6615 6889 6888
f 6663 6890 6765
f 6889 6615 6258
f 6777 6891 6704
f 6775 6711 6547
f 6777 6712 6891
f 6837 6772 6709
f 6619 6892 6837
f 6710 6776 6840
f 6839 6892 6619
f 6268 6715 6485
f 6623 6893 6715
f 6714 6841 6842
f 6783 6623 6624
f 6894 6845 6780
f 6895 6896 6845
f 6896 6782 6845
f 6897 6844 6846
f 6896 6847 6782
f 6898 6896 6895
f 6847 6899 6846
f 6848 6900 6625
f 6898 6847 6896
f 6848 6550 6851
f 6723 6672 6628
f 6901 6851 6552
f 6552 6553 6901
f 6787 6788 6570
f 6566 6786 6346
f 6902 6786 6566
f 6788 6903 6635
f 6577 6728 6731
f 6792 6579 6297
f 6676 6855 6856
f 6904 6735 6857
f 6858 6735 6904
f 6857 6736 6904
f 6736 6857 6793
f 6796 6858 6904
f 6795 6905 6904
f 6795 6904 6736
f 6796 6904 6905
f 6796 6905 6738
f 6738 6905 6795
f 6906 6799 6591
f 6591 6681 6906
f 6797 6740 6907
f 6740 6798 6907
f 6739 6908 6800
f 6802 6742 6909
f 6800 6908 6743
f 6518 6864 6859
f 6803 6910 6911
f 6910 6803 6861
f 6742 6807 6909
f 6743 6908 6912
f 6911 6867 6803
f 6866 6913 6744
f 6874 6743 6912
f 6914 6872 6911
f 6911 6872 6867
f 6915 6806 6871
f 6915 6865 6806
f 6916 6872 6914
f 6916 6917 6872
f 6808 6918 6919
f 6808 6809 6918
f 6917 6876 6872
f 6870 6878 6869
f 6919 6745 6808
f 6920 5524 5587
f 6917 6921 6876
f 6748 6745 6919
f 6922 6809 6811
f 6922 6918 6809
f 6920 6240 5524
f 6877 6923 6878
f 6919 6812 6748
f 6754 6924 6747
f 6876 6923 6877
f 6816 6922 6811
f 6925 6746 6753
f 6925 6879 6746
f 6881 6238 6176
f 6756 6814 6926
f 6926 6814 6927
f 6927 6814 6815
f 6928 6929 6880
f 6876 6921 6930
f 6876 6930 6931
f 6876 6931 6923
f 6810 6879 6813
f 6818 6928 6880
f 6754 6453 6690
f 6928 6818 6932
f 6753 6650 6933
f 6653 6691 6934
f 6756 6934 6691
f 6818 6819 6932
f 6935 6658 6812
f 6884 6922 6820
f 6820 6922 6816
f 6935 6761 6658
f 6761 6935 6884
f 6657 6755 6936
f 6825 6882 6603
f 6758 6821 6937
f 6607 6885 6241
f 6938 6661 6760
f 6609 6661 6938
f 6938 6826 6609
f 6657 6936 6829
f 6939 6762 6399
f 6539 6939 6399
f 6468 6940 6539
f 6612 6699 6941
f 6832 6942 6831
f 6665 6886 6887
f 6701 6943 6767
f 6944 6943 6701
f 6945 6833 6479
f 6946 6703 6767
f 6947 6703 6946
f 6479 6708 6945
f 6947 6705 6703
f 6706 6948 6771
f 6949 6765 6890
f 6950 6951 6952
f 6950 6953 6951
f 6951 6953 6954
f 6891 6835 6704
f 6776 6406 6768
f 6663 6772 6890
f 6772 6955 6890
f 6891 6712 6778
f 6416 6771 6956
f 6772 6837 6957
f 6772 6957 6955
f 6414 6485 6836
f 6838 6958 6621
f 6840 6841 6713
f 6668 6621 6958
f 6670 6668 6958
f 6959 6418 6720
f 6960 6623 6783
f 6842 6894 6780
f 6716 6843 6961
f 6844 6897 6843
f 6895 6845 6894
f 6625 6900 6671
f 6962 6898 6895
f 6627 6784 6963
f 6846 6899 6897
f 6963 6849 6627
f 6962 6964 6898
f 6898 6965 6847
f 6964 6966 6898
f 6847 6965 6899
f 6898 6966 6965
f 6672 6723 6967
f 6964 6968 6966
f 6964 6969 6968
f 6970 6971 6969
f 6969 6971 6972
f 6969 6972 6968
f 6726 6973 6727
f 6724 6725 6561
f 6786 6974 6724
f 6566 6975 6902
f 6347 6975 6566
f 6789 6975 6347
f 6976 6801 6799
f 6517 6906 6681
f 6977 6906 6517
f 6517 6802 6977
f 6978 6861 6860
f 6861 6979 6910
f 6980 6860 6862
f 6981 6739 6797
f 6908 6739 6981
f 6798 6859 6907
f 6982 6911 6910
f 6983 6984 6985
f 6865 6986 6862
f 6983 6987 6984
f 6911 6982 6914
f 6988 6986 6865
f 6989 6984 6987
f 6868 6744 6913
f 6984 6989 6990
f 6915 6988 6865
f 6645 6991 6864
f 6989 6992 6990
f 6992 6993 6990
f 6869 6994 6871
f 6991 6645 6875
f 6992 6995 6996
f 6992 6996 6993
f 6993 6996 6997
f 6998 6869 6878
f 6869 6998 6994
f 6999 7000 6929
f 6996 6995 7001
f 6997 6996 6921
f 6997 6921 6917
f 7002 6875 6747
f 6815 7003 6927
f 6815 6880 7003
f 7003 6880 6929
f 6878 6923 6998
f 6996 7001 6921
f 6935 6919 6918
f 6999 6929 6928
f 7001 6930 6921
f 6935 6812 6919
f 6922 6935 6918
f 6930 7004 6931
f 6817 6813 6879
f 6874 6755 6749
f 6690 7005 6754
f 6884 6935 6922
f 6817 6879 7006
f 7006 6821 6817
f 7007 6690 6695
f 6653 6934 6822
f 6819 7008 6932
f 7009 6821 7006
f 6882 6933 6650
f 6823 7008 6819
f 6755 7010 6936
f 6760 6822 7011
f 6937 6821 7009
f 6938 6760 7011
f 6826 7012 6827
f 6758 7013 6533
f 7013 7014 6533
f 6533 7014 6759
f 6759 7014 6825
f 6940 6939 6539
f 6829 6941 6699
f 6941 6886 6612
f 7015 6468 6700
f 7016 6944 6701
f 6887 6948 6706
f 7017 6766 6834
f 6473 7016 6701
f 7018 6951 7019
f 7018 6952 6951
f 6765 6949 6832
f 6664 7020 6834
f 6708 7021 6945
f 6950 6952 7022
f 7021 6708 6774
f 6954 7019 6951
f 7019 6954 7023
f 7024 6775 6770
f 6667 6666 7025
f 6258 6667 7026
f 6950 7027 6953
f 7028 6954 6953
f 6954 7028 7029
f 6890 6955 7030
f 6778 7031 6891
f 6840 6776 7032
f 6892 7033 6837
f 6485 6715 7034
f 6332 7035 6482
f 6779 7035 6332
f 7036 6842 6841
f 6623 6960 6893
f 7037 6417 6716
f 7037 6716 6961
f 7038 6894 6842
f 6959 6721 6418
f 6894 7038 7039
f 6894 7039 6895
f 6895 7040 6962
f 6721 7041 6626
f 6843 6897 7042
f 7041 6784 6626
f 7040 6964 6962
f 7043 6964 7040
f 7043 6969 6964
f 7043 7044 6969
f 6967 6852 6672
f 6848 6851 7045
f 7044 6970 6969
f 6554 6852 7046
f 6554 7046 6853
f 7044 7047 6970
f 6553 6785 7048
f 6553 7048 6901
f 6968 6972 7049
f 6970 7050 6971
f 6971 7051 6972
f 7051 7049 6972
f 6727 7052 6787
f 6726 6725 6973
f 6974 7053 6724
f 6673 7054 6789
f 6730 7055 6673
f 6791 7056 6675
f 6732 6506 6733
f 7057 6733 6856
f 7058 6976 6799
f 6906 7058 6799
f 6978 6979 6861
f 6860 6980 6978
f 6910 6979 7059
f 6741 6801 7060
f 6909 6977 6802
f 6983 7061 7062
f 7061 6983 6985
f 6982 6910 7059
f 6863 6741 7060
f 6797 6907 7063
f 7064 7062 7065
f 7062 7064 6983
f 7066 6907 6859
f 6643 6373 6091
f 7065 7067 7064
f 7068 6985 6984
f 7068 6984 6990
f 7069 6909 6807
f 7065 7070 7067
f 7064 6987 6983
f 7071 7068 6990
f 6914 6982 7072
f 6807 6868 7069
f 7067 7073 7064
f 6993 7071 6990
f 7074 6859 6864
f 7072 6916 6914
f 6912 6908 6981
f 7075 7076 7077
f 6993 7078 7079
f 7072 7080 6916
f 7081 5587 4991
f 6095 7081 4991
f 7082 7000 7077
f 6993 6997 7078
f 7078 6997 6917
f 7078 6917 7080
f 7080 6917 6916
f 7077 7000 7075
f 6995 6992 6989
f 7083 6991 6875
f 7000 6999 7075
f 7003 6929 7000
f 7075 7084 7085
f 7001 6995 7086
f 7075 6999 7084
f 6998 6923 7087
f 6927 7088 6926
f 7084 6999 7089
f 6747 6924 7090
f 7091 6926 7088
f 6999 6928 7089
f 6926 7091 6756
f 7089 6928 6932
f 6930 7001 7092
f 6931 7093 6923
f 6923 7093 7087
f 6930 7092 7004
f 7004 7093 6931
f 6755 6874 7010
f 6756 7091 6934
f 7006 6879 7094
f 7095 6932 7008
f 6822 6934 7011
f 6823 6824 7096
f 6825 7097 6882
f 6938 7011 7098
f 6938 7098 6826
f 6826 7098 7012
f 6827 7012 6824
f 6936 7010 7099
f 6758 6937 7013
f 6936 7099 6829
f 6763 7100 6885
f 6939 6828 6762
f 6941 6829 7099
f 6830 6400 6538
f 6886 6941 7101
f 6831 7100 6763
f 6887 6886 7101
f 7015 6940 6468
f 6833 7015 6700
f 7102 6540 6764
f 7019 7103 7018
f 7102 6768 6540
f 6952 7104 7105
f 6952 7018 7104
f 6943 6946 6767
f 6702 6766 7106
f 7107 7019 7023
f 7105 7022 6952
f 7108 7020 6664
f 6473 6888 7016
f 7102 7109 6768
f 7108 6664 6835
f 6705 6947 6666
f 7022 7110 6950
f 6954 7111 7023
f 6890 7112 6949
f 7110 7027 6950
f 7111 6954 7029
f 7024 7113 6775
f 7113 7114 6775
f 6775 7114 6711
f 7114 7115 6711
f 6711 7031 6778
f 7115 7031 6711
f 6890 7030 7112
f 7028 6953 7027
f 7116 7029 7028
f 6956 6838 6416
f 6957 7030 6955
f 7117 6957 6837
f 6837 7033 7117
f 6839 7118 6892
f 6485 7034 6836
f 7034 6715 7119
f 6893 7119 6715
f 7036 6841 6840
f 6779 6417 7037
f 7038 6842 7036
f 6843 7120 6961
f 7120 6843 7042
f 7040 6895 7039
f 6783 6671 7121
f 6900 7121 6671
f 7122 7043 7040
f 7122 7123 7043
f 6848 7124 6900
f 7125 6897 6899
f 6850 7126 6722
f 7123 7044 7043
f 7125 6899 6965
f 7045 6851 7127
f 6966 7128 6965
f 6965 7128 7125
f 7129 6966 6968
f 7129 7128 6966
f 7127 6901 7048
f 6901 7127 6851
f 7047 7050 6970
f 6968 7049 7129
f 7049 7130 7129
f 7050 7131 6971
f 7131 7051 6971
f 6973 7052 6727
f 6725 7132 6973
f 7053 6725 6724
f 6787 7133 6788
f 6786 6902 6974
f 6975 6789 7054
f 6673 7055 7054
f 7134 6731 6728
f 7135 6731 7134
f 6674 6579 7136
f 6579 6792 7136
f 6854 7137 6791
f 7138 6732 6733
f 7139 7059 6979
f 7140 7065 7062
f 6982 7059 7141
f 6862 7142 6980
f 6977 6909 7069
f 7143 7070 7140
f 6986 7142 6862
f 5717 6596 7144
f 7143 7145 7070
f 7140 7070 7065
f 6982 7141 7072
f 7146 7147 6863
f 6981 6797 7063
f 7145 7148 7149
f 7150 7151 6986
f 7152 6863 7147
f 6863 7152 6866
f 7076 7149 7153
f 7145 7067 7070
f 7079 7071 6993
f 6986 6988 7150
f 7063 6907 7066
f 7077 7153 7082
f 7145 7149 7154
f 7145 7154 7067
f 7073 7155 7064
f 7155 6987 7064
f 6866 7152 7156
f 6866 7156 6913
f 6913 7157 6868
f 7157 7158 6868
f 6981 7159 6912
f 7066 6859 7074
f 7067 7154 7160
f 7067 7160 7073
f 7161 6987 7155
f 6989 6987 7161
f 6988 6915 7162
f 6988 7163 7150
f 6991 7074 6864
f 7076 7085 7149
f 7149 7085 7154
f 7164 6989 7161
f 7165 7166 6994
f 6994 7166 6871
f 7166 6915 6871
f 7003 7082 7167
f 7000 7082 7003
f 7075 7085 7076
f 6995 6989 7164
f 6995 7164 7168
f 6998 7169 6994
f 7165 6994 7169
f 6920 5587 7081
f 7003 7167 7170
f 7168 7086 6995
f 6927 7003 7170
f 7171 6998 7087
f 7172 7001 7086
f 6875 7002 7083
f 6747 7090 7002
f 7092 7001 7172
f 7010 6874 6912
f 7010 6912 7173
f 6754 7005 6924
f 7174 6934 7091
f 7004 7175 7093
f 6879 6925 7094
f 7098 6934 7174
f 7098 7011 6934
f 7095 7008 7176
f 6823 7176 7008
f 7177 7009 7006
f 7178 6933 6882
f 6882 7097 7178
f 7179 7007 6695
f 7179 6695 6883
f 7098 7180 7012
f 7096 6824 7012
f 7176 6823 7096
f 7177 6937 7009
f 7013 6937 7181
f 6942 7100 6831
f 6948 6887 7182
f 7104 7018 7103
f 7103 7019 7183
f 7019 7107 7183
f 6766 7184 7106
f 7017 7184 6766
f 6702 7106 7185
f 7020 7017 6834
f 6945 7186 6833
f 7187 6942 6832
f 6769 6702 7185
f 6949 7187 6832
f 7107 7023 7188
f 6948 7189 6771
f 6258 7026 6889
f 7023 7111 7190
f 7023 7190 7188
f 7188 7190 7191
f 7189 6956 6771
f 7109 6776 6768
f 6949 7112 7192
f 6836 7193 6617
f 7194 7027 7195
f 7027 7194 7028
f 6957 7196 7030
f 7033 6892 7197
f 6958 6838 7198
f 6840 7199 7036
f 7200 6720 6670
f 6720 7201 6959
f 6959 7202 6721
f 7202 7041 6721
f 7039 7203 7040
f 7204 6897 7125
f 7042 6897 7204
f 7126 6551 6849
f 7126 6850 6551
f 7126 7205 6722
f 6722 7205 6723
f 7124 6848 7045
f 7206 7044 7123
f 7047 7044 7206
f 7207 6853 7046
f 6785 6853 7207
f 6785 7207 7048
f 7208 7050 7047
f 7209 7050 7208
f 7209 7131 7050
f 7049 7210 7130
f 7210 7049 7051
f 7131 7211 7051
f 7051 7211 7210
f 7052 7133 6787
f 6903 6790 6635
f 6790 7212 6728
f 6728 7212 7134
f 6674 7213 6729
f 7136 7213 6674
f 6731 7135 6854
f 7135 7137 6854
f 7137 7056 6791
f 7138 6792 6732
f 7057 7138 6733
f 6675 7214 6855
f 7215 6856 6855
f 6978 7139 6979
f 7139 7216 7059
f 7217 6978 6980
f 6976 7218 6801
f 6977 7058 6906
f 7062 7219 7140
f 6985 7220 7061
f 7218 7060 6801
f 7143 7221 7148
f 7140 7221 7143
f 7068 7220 6985
f 7217 6980 7142
f 7071 7220 7068
f 7216 7141 7059
f 7146 7222 7223
f 7222 7146 7060
f 7151 7224 7225
f 7225 7226 7227
f 7225 7224 7226
f 7227 7226 7228
f 7223 7228 7146
f 7146 6863 7060
f 7148 7145 7143
f 7142 6986 7229
f 7229 6986 7151
f 7228 7147 7146
f 6595 5717 7144
f 7149 7230 7153
f 7230 7149 7148
f 7151 7150 7224
f 7224 7150 7231
f 7224 7231 7232
f 7226 7224 7232
f 7153 7077 7076
f 7147 7233 7152
f 6868 7158 7069
f 7082 7153 7234
f 7235 7079 7078
f 7078 7236 7235
f 7237 7080 7072
f 7237 7238 7080
f 7152 7233 7156
f 7239 7063 7066
f 7078 7080 7236
f 7238 7236 7080
f 7163 6988 7162
f 7156 7157 6913
f 7159 6981 7063
f 7159 7063 7239
f 7154 7085 7240
f 7160 7154 7240
f 7166 7162 6915
f 7234 7167 7082
f 7241 7085 7084
f 7085 7241 7240
f 7173 6912 7159
f 7170 7088 6927
f 7168 7242 7086
f 7171 7169 6998
f 7242 7172 7086
f 7243 7084 7089
f 7084 7243 7241
f 7083 7002 7244
f 7174 7091 7245
f 7093 7175 7087
f 7089 6932 7095
f 7089 7095 7243
f 7092 7172 7246
f 7092 7247 7004
f 7247 7175 7004
f 6925 7248 7094
f 7174 7180 7098
f 7248 6925 6753
f 7007 7005 6690
f 7099 7010 7173
f 7006 7094 7177
f 7249 6825 7014
f 7097 6825 7249
f 7181 7250 7013
f 7013 7250 7014
f 7099 7251 6941
f 7252 6830 6538
f 7253 6939 6940
f 7101 7254 6887
f 7254 7182 6887
f 7255 7104 7103
f 6944 7256 7257
f 7257 6943 6944
f 7016 7258 6944
f 7259 7105 7104
f 7105 7259 7260
f 7021 7186 6945
f 7260 7022 7105
f 7188 7261 7107
f 7261 7188 7262
f 7188 7191 7262
f 7263 7108 6835
f 6891 7263 6835
f 7189 7264 6956
f 6949 7265 7187
f 6949 7192 7265
f 7266 7111 7267
f 7111 7266 7190
f 7031 7115 7263
f 7031 7263 6891
f 7111 7029 7267
f 6617 7193 6774
f 7110 7195 7027
f 7268 6838 6956
f 6776 7269 7032
f 7196 7112 7030
f 7112 7196 7270
f 7198 6838 7268
f 7194 7271 7028
f 7028 7271 7116
f 7272 6957 7117
f 6957 7272 7196
f 7197 6892 7118
f 6893 7273 7119
f 7037 7035 6779
f 6720 7200 7201
f 6893 6960 7273
f 7042 7274 7120
f 7121 6960 6783
f 7203 7122 7040
f 6900 7275 7121
f 7276 7123 7277
f 7277 7123 7122
f 7275 6900 7124
f 7206 7123 7278
f 7279 7124 7045
f 7205 6967 6723
f 7045 7280 7279
f 7280 7045 7281
f 7282 7047 7206
f 7127 7281 7045
f 7125 7128 7204
f 7208 7047 7282
f 7127 7048 7283
f 7282 7284 7208
f 7128 7129 7285
f 7285 7129 7130
f 7286 7208 7284
f 7208 7286 7209
f 7211 7131 7209
f 7287 7052 6973
f 7132 7287 6973
f 7052 7288 7133
f 7053 7132 6725
f 7289 7053 6974
f 7289 6974 6902
f 7289 6902 7290
f 6975 7290 6902
f 6730 6729 7213
f 7136 6792 7291
f 7056 7214 6675
f 7062 7292 7219
f 7292 7062 7061
f 7220 7292 7061
f 7221 7140 7219
f 7148 7221 7293
f 7218 7222 7060
f 6977 7294 7058
f 7295 7220 7071
f 7216 7296 7141
f 7229 7217 7142
f 7225 7227 7297
f 7223 7297 7227
f 7069 7294 6977
f 7148 7293 7230
f 7298 7229 7151
f 7298 7151 7225
f 7228 7223 7227
f 7295 7071 7079
f 7296 7072 7141
f 7230 7299 7153
f 7300 7295 7079
f 7296 7237 7072
f 7301 7226 7232
f 7301 7228 7226
f 7228 7301 7302
f 7302 7147 7228
f 7235 7300 7079
f 7233 7147 7302
f 7234 7153 7299
f 7150 7163 7231
f 7231 7163 7232
f 7233 7157 7156
f 7303 7073 7160
f 7303 7155 7073
f 7304 7166 7165
f 7305 7162 7166
f 7162 7306 7163
f 7240 7303 7160
f 7155 7164 7161
f 7169 7304 7165
f 7074 7239 7066
f 6991 7307 7074
f 7173 7159 7308
f 7307 7309 7074
f 7088 7245 7091
f 7242 7310 7172
f 7311 6238 6881
f 7087 7175 7171
f 7002 7090 7244
f 7310 7246 7172
f 7246 7247 7092
f 6924 7312 7090
f 6924 7005 7313
f 6933 7248 6753
f 7012 7180 7314
f 7314 7096 7012
f 7251 7173 7315
f 6241 6885 6881
f 7251 7099 7173
f 7177 7316 6937
f 7249 7178 7097
f 7316 7181 6937
f 7317 7101 7251
f 7252 6538 6099
f 6941 7251 7101
f 7254 7101 7317
f 7182 7254 7318
f 7319 7182 7318
f 6942 7320 7100
f 7321 6764 6830
f 7256 6944 7258
f 7321 7102 6764
f 7322 6943 7257
f 7259 7104 7323
f 7322 6946 6943
f 7186 7015 6833
f 6948 7182 7189
f 6947 6946 7322
f 6942 7187 7324
f 7261 7262 7325
f 7326 6769 7185
f 7327 7022 7260
f 7262 7328 7325
f 6947 7025 6666
f 7265 7329 7187
f 7262 7191 7328
f 7025 7026 6667
f 7264 7189 7330
f 6774 7331 7021
f 7327 7332 7022
f 7332 7110 7022
f 7333 7191 7190
f 7191 7333 7328
f 7269 6776 7109
f 7192 7112 7270
f 7332 7195 7110
f 7332 7334 7195
f 7116 7335 7029
f 7335 7267 7029
f 7197 7336 7033
f 7033 7336 7117
f 7337 7195 7334
f 7195 7337 7194
f 7032 7269 6840
f 7196 7272 7338
f 6840 7269 7339
f 7340 7034 7119
f 7341 7118 6839
f 7339 7199 6840
f 7035 7341 6839
f 7035 6839 6482
f 7200 6670 6958
f 7199 7038 7036
f 6961 7342 7037
f 7342 6961 7120
f 7202 7343 7041
f 7277 7122 7203
f 7042 7344 7274
f 7278 7123 7276
f 7204 7345 7042
f 7206 7278 7346
f 7346 7282 7206
f 7046 6852 7347
f 7207 7046 7348
f 7349 7284 7282
f 7350 7285 7130
f 7350 7130 7210
f 7350 7210 7351
f 7210 7352 7351
f 7210 7211 7352
f 7353 7053 7289
f 6903 7133 7354
f 6903 6788 7133
f 7290 6975 7054
f 6903 7355 6790
f 6790 7355 7212
f 7055 6730 7356
f 7357 7135 7134
f 7358 7135 7357
f 7358 7359 7135
f 7359 7137 7135
f 7137 7359 7360
f 6792 7138 7291
f 7215 7057 6856
f 6978 7361 7139
f 7362 7221 7219
f 7217 7361 6978
f 7363 7216 7139
f 7364 7218 6976
f 7364 6976 7058
f 7293 7221 7365
f 7363 7366 7216
f 7297 7367 7225
f 7296 7216 7366
f 7367 7298 7225
f 7368 7294 7069
f 7069 7158 7368
f 7232 7369 7301
f 7163 7369 7232
f 7233 7370 7157
f 7370 7158 7157
f 7371 7167 7234
f 7304 7305 7166
f 7305 7306 7162
f 7163 7372 7369
f 7373 7303 7240
f 7164 7155 7374
f 7375 7372 7306
f 7306 7372 7163
f 7167 7371 7170
f 7170 7376 7088
f 7240 7241 7377
f 7171 7378 7169
f 7308 7159 7239
f 7309 7239 7074
f 7379 7242 7168
f 7311 6598 6238
f 7245 7088 7376
f 7380 7241 7243
f 7381 7171 7382
f 7380 7243 7095
f 7175 7382 7171
f 7239 7383 7308
f 7383 7239 7309
f 7307 6991 7083
f 7245 7180 7174
f 7380 7095 7384
f 7247 7382 7175
f 7315 7308 7383
f 7307 7083 7385
f 7311 6881 7386
f 7176 7384 7095
f 7307 7387 7309
f 7385 7083 7244
f 7388 7244 7090
f 7173 7308 7315
f 7387 7307 7389
f 7312 6924 7313
f 7005 7007 7390
f 7391 7096 7314
f 7392 7176 7096
f 7390 7007 7179
f 6881 6885 7386
f 7393 6933 7178
f 7252 6099 6030
f 7387 7317 7251
f 7249 7394 7178
f 7395 7317 7387
f 6828 6883 6656
f 7249 7014 7250
f 7316 7396 7181
f 7395 7254 7317
f 7252 7397 6830
f 7396 7398 7181
f 7181 7398 7250
f 7318 7254 7395
f 7321 6830 7397
f 7182 7319 7399
f 7107 7400 7183
f 7401 7400 7107
f 7189 7182 7399
f 6942 7324 7320
f 6888 7258 7016
f 7261 7401 7107
f 7402 6947 7322
f 7403 7185 7106
f 7329 7324 7187
f 7325 7328 7404
f 6770 6769 7326
f 7402 7025 6947
f 7263 7405 7108
f 6770 7406 7024
f 7024 7407 7113
f 7190 7266 7333
f 7407 7114 7113
f 7115 7114 7408
f 7192 7270 7265
f 7193 7409 6774
f 7332 7410 7334
f 7270 7411 7412
f 7413 7334 7410
f 7196 7411 7270
f 7413 7414 7334
f 7335 7116 7271
f 7117 7336 7415
f 7196 7416 7411
f 7411 7417 7414
f 7414 7417 7334
f 7334 7417 7337
f 7196 7338 7416
f 7337 7418 7194
f 7194 7418 7271
f 7034 7193 6836
f 7034 7340 7193
f 7119 7273 7419
f 7037 7420 7035
f 7038 7199 7421
f 6960 7121 7422
f 7274 7423 7120
f 7275 7124 7424
f 6963 7425 6849
f 7425 7426 6849
f 7426 7126 6849
f 7427 7205 7126
f 7428 7346 7278
f 7344 7042 7345
f 7346 7349 7282
f 7348 7046 7347
f 7429 7281 7127
f 7430 7204 7128
f 7283 7048 7207
f 7349 7431 7284
f 7128 7285 7430
f 7432 7284 7431
f 7286 7284 7432
f 7433 7209 7286
f 7209 7433 7211
f 7352 7211 7434
f 7287 7288 7052
f 7212 7357 7134
f 7356 6730 7213
f 7137 7360 7056
f 7214 7215 6855
f 7292 7362 7219
f 7292 7435 7362
f 7365 7221 7362
f 7436 7292 7220
f 7437 7361 7217
f 7222 7218 7438
f 7364 7438 7218
f 7439 7436 7220
f 7440 7367 7297
f 7440 7297 7223
f 7223 7222 7440
f 7440 7222 7438
f 7441 7364 7058
f 7441 7058 7442
f 7294 7442 7058
f 7439 7220 7295
f 7366 7443 7296
f 7444 7437 7217
f 7444 7217 7229
f 7444 7229 7298
f 7367 7444 7298
f 7445 7299 7230
f 7446 7439 7295
f 7299 7445 7447
f 7446 7295 7300
f 7447 7234 7299
f 7446 7300 7235
f 7237 7296 7448
f 7443 7448 7296
f 7449 7235 7236
f 7237 7448 7238
f 7301 7369 7450
f 7301 7450 7451
f 7451 7302 7301
f 7233 7302 7451
f 7238 7449 7236
f 7305 7304 7452
f 7451 7370 7233
f 7452 7304 7453
f 7306 7305 7375
f 7303 7374 7155
f 7454 7374 7303
f 7453 7304 7378
f 7377 7373 7240
f 7303 7373 7454
f 7374 7455 7164
f 7169 7378 7304
f 7164 7455 7168
f 7376 7170 7371
f 7455 7379 7168
f 7378 7171 7381
f 7242 7456 7310
f 7379 7456 7242
f 7245 7376 7180
f 7456 7246 7310
f 7246 7457 7247
f 7387 7383 7309
f 7314 7180 7458
f 7391 7314 7458
f 7391 7392 7096
f 7459 7385 7244
f 7307 7385 7389
f 6933 7460 7248
f 7251 7315 7383
f 7461 7094 7248
f 7393 7460 6933
f 7387 7251 7383
f 7462 7094 7461
f 7462 7177 7094
f 7395 7387 7389
f 7177 7462 7316
f 7178 7463 7393
f 7394 7463 7178
f 7318 7395 7464
f 7253 7465 6939
f 7398 7249 7250
f 7396 7466 7398
f 7467 7256 7396
f 7396 7256 7466
f 7323 7104 7468
f 7468 7104 7255
f 7256 7467 7257
f 7466 7256 7258
f 7258 7469 7466
f 7106 7470 7403
f 7184 7470 7106
f 7258 7471 7469
f 6888 7471 7258
f 6889 7471 6888
f 7472 7401 7261
f 7399 7330 7189
f 7325 7472 7261
f 7472 7325 7473
f 7403 7326 7185
f 7474 7471 6889
f 7404 7473 7325
f 7026 7474 6889
f 7475 7024 7406
f 7476 7333 7266
f 7267 7476 7266
f 7477 7265 7270
f 7477 7270 7412
f 7410 7332 7327
f 7264 7478 6956
f 7268 6956 7478
f 7412 7411 7414
f 7412 7414 7413
f 7197 7479 7480
f 7197 7118 7479
f 7417 7411 7416
f 7272 7117 7415
f 7481 7338 7272
f 7417 7416 7482
f 7417 7482 7337
f 7337 7482 7418
f 7200 6958 7198
f 7338 7483 7416
f 7201 7484 6959
f 7342 7420 7037
f 7038 7421 7039
f 7039 7421 7485
f 7486 7342 7120
f 7485 7203 7039
f 7486 7120 7423
f 7487 6784 7041
f 7488 7276 7277
f 7489 7276 7488
f 7489 7278 7276
f 7344 7423 7274
f 7428 7278 7489
f 7424 7124 7279
f 7490 7349 7346
f 7279 7280 7491
f 6852 7492 7347
f 7491 7280 7493
f 7280 7281 7493
f 7345 7204 7430
f 7349 7494 7431
f 7495 7127 7283
f 7127 7495 7429
f 7431 7496 7432
f 7497 7498 7496
f 7496 7498 7432
f 7497 7499 7498
f 7500 7501 7497
f 7497 7501 7499
f 7432 7502 7286
f 7432 7498 7502
f 7433 7286 7502
f 7433 7434 7211
f 7501 7503 7499
f 7504 7288 7287
f 7132 7053 7505
f 7053 7353 7505
f 7290 7353 7289
f 7506 7290 7054
f 7507 7054 7055
f 7508 7138 7057
f 7436 7435 7292
f 7139 7509 7363
f 7361 7509 7139
f 7509 7361 7510
f 7510 7361 7437
f 7511 7367 7440
f 7441 7438 7364
f 7512 7230 7293
f 7366 7363 7509
f 7444 7367 7511
f 7512 7445 7230
f 7368 7442 7294
f 7234 7447 7513
f 7234 7513 7371
f 7514 7446 7235
f 7449 7514 7235
f 7515 7450 7369
f 7368 7158 7370
f 7513 7516 7371
f 7238 7517 7449
f 7448 7517 7238
f 7515 7369 7518
f 7369 7372 7518
f 6095 6375 6595
f 7375 7518 7372
f 6643 6028 7519
f 7377 7454 7373
f 7241 7520 7377
f 7311 7519 6598
f 7380 7520 7241
f 7384 7520 7380
f 7521 7382 7522
f 7382 7521 7381
f 7376 7458 7180
f 7456 7457 7246
f 7247 7457 7382
f 7523 7384 7176
f 7523 7176 7392
f 7090 7312 7388
f 7524 7244 7388
f 7525 6030 6240
f 7524 7459 7244
f 7460 7461 7248
f 7389 7385 7459
f 6885 7526 7386
f 7527 7389 7459
f 7389 7464 7395
f 7464 7389 7527
f 6828 7528 6883
f 7319 7464 7527
f 7465 6828 6939
f 7526 6885 7529
f 7462 7467 7316
f 7318 7464 7319
f 6885 7100 7529
f 7255 7530 7468
f 7255 7103 7530
f 7396 7316 7467
f 7398 7394 7249
f 7469 7398 7466
f 7394 7398 7469
f 6940 7015 7531
f 7257 7467 7532
f 7322 7257 7532
f 7533 7400 7401
f 7534 7403 7470
f 7535 7470 7184
f 7535 7184 7017
f 7017 7020 7535
f 7330 7399 7536
f 7186 7021 7537
f 7537 7021 7331
f 7026 7025 7402
f 7328 7538 7404
f 7539 7538 7328
f 6770 7326 7406
f 7540 7109 7102
f 7328 7541 7539
f 7333 7541 7328
f 7265 7542 7329
f 7115 7543 7263
f 7265 7477 7542
f 7407 7408 7114
f 7267 7544 7476
f 7331 6774 7409
f 7545 7410 7327
f 7477 7410 7545
f 7412 7413 7477
f 7477 7413 7410
f 7480 7546 7197
f 7197 7546 7336
f 7546 7547 7336
f 7336 7547 7415
f 7335 7271 7548
f 7271 7418 7548
f 7118 7341 7479
f 7481 7272 7415
f 7416 7483 7482
f 7549 7199 7339
f 7273 7550 7419
f 7551 7202 6959
f 7422 7273 6960
f 7422 7121 7275
f 7552 6963 6784
f 7552 7425 6963
f 7126 7426 7553
f 7553 7427 7126
f 7490 7346 7428
f 7424 7279 7554
f 7279 7491 7554
f 7494 7349 7490
f 6967 7492 6852
f 7555 7497 7556
f 7556 7431 7494
f 7557 7493 7281
f 7555 7558 7497
f 7556 7497 7496
f 7556 7496 7431
f 7207 7348 7559
f 7559 7283 7207
f 7429 7557 7281
f 7558 7500 7497
f 7498 7560 7502
f 7500 7561 7501
f 7561 7562 7501
f 7498 7499 7560
f 7433 7563 7434
f 7434 7563 7564
f 7434 7564 7352
f 7501 7562 7503
f 7499 7565 7560
f 7565 7499 7503
f 7566 7287 7132
f 7566 7132 7505
f 6903 7354 7355
f 7506 7054 7507
f 7212 7355 7567
f 7212 7567 7357
f 7136 7291 7568
f 7360 7569 7056
f 7569 7214 7056
f 7570 7215 7214
f 7362 7571 7365
f 7571 7362 7435
f 7365 7572 7293
f 7512 7293 7572
f 7509 7510 7573
f 7511 7440 7574
f 7575 7574 7440
f 7575 7440 7438
f 7575 7438 7441
f 7576 7436 7439
f 7437 7577 7510
f 7444 7511 7578
f 7579 7445 7512
f 7580 7576 7439
f 7581 7366 7509
f 7581 7509 7582
f 7582 7509 7573
f 7577 7437 7444
f 7578 7577 7444
f 7366 7581 7443
f 7581 7582 7583
f 7582 7573 7452
f 7580 7439 7446
f 7514 7580 7446
f 7584 7443 7581
f 7443 7584 7448
f 7585 7582 7453
f 7453 7582 7452
f 7305 7452 7586
f 7515 7587 7450
f 7451 7450 7588
f 7368 7370 7588
f 7517 7514 7449
f 7589 7448 7584
f 7451 7588 7370
f 6596 6373 6643
f 7517 7448 7589
f 7378 7585 7453
f 7375 7305 7586
f 7586 7518 7375
f 7590 7591 7454
f 7454 7591 7374
f 7377 7590 7454
f 7592 7455 7374
f 6598 7519 6028
f 7377 7520 7593
f 7594 7379 7455
f 7595 7381 7596
f 7381 7585 7378
f 7381 7595 7585
f 7516 7376 7371
f 7597 7379 7594
f 7521 7596 7381
f 7597 7456 7379
f 7522 7382 7457
f 7525 6240 6920
f 7392 7391 7598
f 7392 7598 7523
f 7388 7312 7599
f 7600 7313 7005
f 7600 7005 7390
f 7524 7388 7599
f 7601 7390 7179
f 7252 6030 7525
f 7602 7459 7524
f 7528 7179 6883
f 6828 7465 7603
f 7467 7462 7604
f 7103 7605 7530
f 7103 7606 7605
f 7103 7183 7606
f 7604 7532 7467
f 7319 7527 7607
f 7400 7606 7183
f 7319 7607 7399
f 7531 7253 6940
f 7100 7608 7529
f 7100 7320 7608
f 7322 7532 7609
f 7531 7015 7610
f 7015 7186 7610
f 7322 7609 7402
f 7610 7186 7611
f 7612 7259 7323
f 7260 7259 7612
f 7540 7102 7321
f 7186 7537 7611
f 7613 7326 7403
f 7404 7614 7473
f 7535 7020 7108
f 7026 7402 7615
f 7329 7616 7324
f 7614 7404 7538
f 7538 7406 7326
f 7538 7539 7406
f 7263 7543 7405
f 7024 7475 7407
f 7115 7408 7543
f 7333 7476 7617
f 7541 7333 7617
f 7544 7618 7476
f 7618 7617 7476
f 7267 7619 7544
f 7619 7267 7335
f 7269 7109 7620
f 7619 7335 7621
f 7622 7479 7341
f 7415 7623 7481
f 7624 7418 7482
f 7418 7624 7548
f 7483 7338 7481
f 7200 7198 7625
f 7200 7625 7201
f 7420 7341 7035
f 7549 7421 7199
f 6959 7484 7551
f 7343 7202 7551
f 7626 7203 7485
f 7626 7488 7277
f 7626 7277 7203
f 7041 7343 7487
f 6784 7487 7552
f 7424 7627 7275
f 7489 7628 7428
f 7629 6967 7205
f 7345 7630 7344
f 7631 7494 7490
f 7494 7631 7556
f 7491 7493 7632
f 7491 7632 7633
f 7632 7493 7557
f 7634 7500 7558
f 7559 7495 7283
f 7557 7429 7635
f 7557 7636 7632
f 7561 7500 7634
f 7637 7562 7561
f 7502 7563 7433
f 7638 7352 7564
f 7352 7638 7351
f 7637 7639 7562
f 7640 7641 7637
f 7639 7637 7641
f 7562 7639 7642
f 7562 7642 7503
f 7287 7566 7504
f 7133 7288 7643
f 7353 7290 7506
f 7358 7357 7644
f 7358 7645 7359
f 7645 7646 7359
f 7360 7359 7646
f 7647 7291 7138
f 7057 7215 7508
f 7436 7648 7435
f 7571 7572 7365
f 7572 7649 7512
f 7574 7650 7511
f 7651 7574 7652
f 7652 7574 7575
f 7441 7652 7575
f 7649 7579 7512
f 7573 7510 7653
f 7653 7510 7577
f 7578 7511 7650
f 7654 7650 7574
f 7654 7574 7651
f 7441 7442 7652
f 7577 7655 7653
f 7655 7577 7578
f 7655 7578 7656
f 7656 7578 7650
f 7657 7652 7442
f 7579 7447 7445
f 7452 7573 7586
f 7586 7573 7653
f 7656 7650 7587
f 7450 7650 7654
f 7587 7650 7450
f 7654 7651 7658
f 7450 7654 7658
f 7368 7657 7442
f 7580 7514 7659
f 7584 7581 7583
f 7655 7515 7660
f 7515 7655 7656
f 7515 7656 7587
f 7588 7450 7658
f 7586 7653 7660
f 7514 7517 7661
f 7595 7584 7583
f 7595 7583 7585
f 7585 7583 7582
f 7518 7586 7660
f 7518 7660 7515
f 7591 7592 7374
f 7662 7661 7517
f 7517 7589 7662
f 7595 7589 7584
f 7663 6643 7519
f 7377 7593 7590
f 7592 7594 7455
f 7662 7589 7595
f 7593 7520 7664
f 7597 7594 7665
f 7596 7662 7595
f 7596 7666 7662
f 7456 7597 7667
f 7666 7596 7521
f 7664 7520 7668
f 7669 7666 7521
f 7670 7376 7671
f 7458 7376 7670
f 7668 7384 7523
f 7384 7668 7520
f 7522 7669 7521
f 7311 7672 7519
f 7669 7456 7667
f 7669 7457 7456
f 7457 7669 7522
f 7386 7672 7311
f 7670 7391 7458
f 7391 7670 7598
f 7673 7525 6920
f 7312 7313 7600
f 7461 7460 7674
f 7386 7526 7675
f 7393 7674 7460
f 7459 7602 7527
f 7463 7676 7393
f 7677 7604 7462
f 7603 7528 6828
f 7397 7252 7678
f 7679 7463 7394
f 7607 7527 7602
f 7465 7253 7680
f 7468 7681 7323
f 7399 7607 7682
f 7683 7321 7397
f 7532 7684 7609
f 7685 7394 7469
f 7685 7469 7471
f 7686 7533 7401
f 7470 7687 7534
f 7536 7399 7682
f 7534 7613 7403
f 7535 7688 7470
f 7689 7472 7473
f 7614 7690 7473
f 7326 7613 7691
f 7026 7615 7474
f 7691 7614 7538
f 7691 7538 7326
f 7108 7405 7535
f 7329 7692 7616
f 7693 7260 7612
f 7542 7692 7329
f 7539 7475 7406
f 7539 7541 7475
f 7693 7327 7260
f 7475 7694 7407
f 7542 7477 7695
f 7696 7545 7327
f 7544 7697 7618
f 7695 7477 7545
f 7409 7193 7698
f 7699 7335 7548
f 7335 7699 7621
f 7339 7269 7620
f 7480 7479 7700
f 7625 7198 7268
f 7415 7547 7623
f 7340 7119 7701
f 7702 7483 7481
f 7702 7482 7483
f 7702 7624 7482
f 7419 7701 7119
f 7486 7420 7342
f 7423 7703 7486
f 7627 7422 7275
f 7344 7630 7704
f 7633 7554 7491
f 7554 7633 7705
f 7706 7558 7555
f 7430 7707 7345
f 7633 7632 7708
f 7635 7429 7495
f 7632 7709 7708
f 7710 7285 7350
f 7709 7632 7636
f 7711 7561 7634
f 7557 7712 7636
f 7708 7709 7713
f 7714 7640 7715
f 7710 7350 7351
f 7557 7635 7712
f 7636 7712 7716
f 7636 7716 7709
f 7715 7637 7711
f 7715 7640 7637
f 7711 7637 7561
f 7709 7717 7713
f 7718 7710 7351
f 7716 7719 7709
f 7714 7720 7640
f 7717 7721 7713
f 7713 7721 7722
f 7718 7351 7638
f 7717 7709 7719
f 7722 7721 7723
f 7723 7724 7725
f 7563 7726 7564
f 7723 7721 7724
f 7727 7728 7729
f 7563 7502 7560
f 7724 7730 7725
f 7725 7730 7727
f 7730 7728 7727
f 7729 7728 7731
f 7732 7560 7565
f 7560 7732 7563
f 7733 7641 7640
f 7641 7734 7639
f 7735 7565 7503
f 7503 7642 7735
f 7730 7736 7728
f 7728 7737 7731
f 7736 7737 7728
f 7731 7737 7738
f 7738 7739 7740
f 7737 7741 7738
f 7742 7737 7736
f 7737 7742 7741
f 7504 7643 7288
f 7354 7133 7643
f 7743 7505 7353
f 7354 7744 7355
f 7743 7353 7506
f 7356 7507 7055
f 7645 7358 7644
f 7745 7213 7136
f 7568 7745 7136
f 7360 7646 7569
f 7746 7647 7138
f 7508 7746 7138
f 7648 7571 7435
f 7648 7436 7747
f 7436 7576 7747
f 7576 7580 7748
f 7657 7651 7652
f 7580 7749 7748
f 7658 7651 7657
f 7579 7750 7447
f 7659 7749 7580
f 7588 7658 7657
f 7588 7657 7368
f 7750 7513 7447
f 7660 7653 7655
f 7750 7751 7513
f 7514 7661 7659
f 7513 7751 7516
f 7590 7593 7752
f 7591 7753 7592
f 7663 6596 6643
f 7597 7665 7754
f 7755 7661 7662
f 7671 7376 7516
f 7751 7671 7516
f 7755 7662 7666
f 7667 7597 7754
f 7756 7755 7666
f 7523 7757 7668
f 7669 7756 7666
f 6920 7081 7758
f 7598 7670 7757
f 7598 7757 7523
f 7461 7674 7759
f 7599 7760 7524
f 7252 7525 7678
f 7677 7462 7461
f 7676 7674 7393
f 7760 7602 7524
f 7679 7676 7463
f 7602 7761 7607
f 7400 7762 7606
f 7763 7532 7604
f 7531 7680 7253
f 7608 7526 7529
f 7762 7400 7533
f 7684 7532 7763
f 7607 7764 7682
f 7679 7394 7685
f 7765 7321 7683
f 7766 7323 7681
f 7615 7609 7684
f 7765 7540 7321
f 7615 7402 7609
f 7685 7471 7767
f 7688 7687 7470
f 7615 7767 7474
f 7474 7767 7471
f 7766 7612 7323
f 7534 7768 7613
f 7769 7688 7535
f 7770 7324 7616
f 7686 7401 7472
f 7690 7689 7473
f 7405 7771 7535
f 7540 7772 7109
f 7327 7693 7696
f 7541 7694 7475
f 7773 7408 7407
f 7774 7618 7775
f 7330 7776 7264
f 7620 7109 7772
f 7697 7775 7618
f 7617 7618 7774
f 7696 7695 7545
f 7777 7544 7619
f 7544 7777 7697
f 7776 7478 7264
f 7193 7340 7698
f 7700 7546 7480
f 7620 7778 7339
f 7549 7339 7778
f 7702 7481 7623
f 7419 7550 7701
f 7421 7549 7779
f 7551 7780 7343
f 7273 7781 7550
f 7421 7782 7485
f 7486 7783 7420
f 7488 7784 7489
f 7552 7487 7785
f 7344 7704 7423
f 7423 7704 7703
f 7627 7424 7786
f 7428 7628 7787
f 7554 7786 7424
f 7787 7490 7428
f 7788 7554 7705
f 7706 7555 7789
f 7789 7555 7556
f 7789 7556 7631
f 7790 7558 7706
f 7492 7791 7347
f 7708 7705 7633
f 7790 7634 7558
f 7792 7634 7790
f 7347 7791 7348
f 7792 7711 7634
f 7348 7791 7793
f 7715 7792 7794
f 7792 7715 7711
f 7430 7795 7707
f 7430 7285 7795
f 7495 7559 7796
f 7710 7795 7285
f 7708 7713 7722
f 7722 7723 7797
f 7797 7723 7798
f 7495 7799 7635
f 7798 7727 7800
f 7727 7801 7800
f 7798 7725 7727
f 7712 7635 7799
f 7723 7725 7798
f 7727 7729 7801
f 7729 7802 7801
f 7716 7712 7719
f 7720 7733 7640
f 7719 7803 7717
f 7804 7805 7740
f 7720 7806 7733
f 7721 7717 7807
f 7729 7731 7805
f 7563 7732 7808
f 7717 7803 7807
f 7731 7738 7805
f 7807 7724 7721
f 7805 7738 7740
f 7809 7641 7733
f 7565 7735 7810
f 7641 7811 7734
f 7639 7734 7812
f 7639 7812 7642
f 7642 7812 7735
f 7807 7813 7724
f 7724 7813 7730
f 7740 7814 7815
f 7740 7739 7814
f 7730 7813 7816
f 7730 7816 7736
f 7738 7741 7739
f 7817 7736 7816
f 7736 7817 7742
f 7814 7739 7818
f 7742 7819 7741
f 7741 7819 7739
f 7739 7819 7820
f 7739 7820 7818
f 7566 7505 7821
f 7567 7822 7357
f 7745 7356 7213
f 7647 7568 7291
f 7570 7823 7215
f 7571 7824 7572
f 7648 7824 7571
f 7747 7825 7648
f 7826 7572 7824
f 7572 7827 7649
f 7827 7572 7826
f 7649 7827 7579
f 7828 7579 7827
f 7828 7750 7579
f 7829 7748 7749
f 7754 7829 7749
f 7659 7754 7749
f 7830 7751 7750
f 7831 7591 7590
f 7831 7753 7591
f 7753 7832 7592
f 7592 7832 7833
f 7833 7594 7592
f 7833 7665 7594
f 7665 7829 7754
f 7834 7754 7659
f 7590 7752 7831
f 7834 7659 7755
f 7755 7659 7661
f 7144 7835 6595
f 6596 7663 7835
f 7593 7664 7752
f 7667 7754 7834
f 7756 7834 7755
f 7671 7751 7757
f 7757 7830 7668
f 7668 7830 7836
f 7668 7836 7664
f 7667 7834 7756
f 7758 7081 6095
f 7670 7671 7757
f 7669 7667 7756
f 7837 7519 7672
f 7390 7601 7600
f 7461 7759 7677
f 7760 7761 7602
f 7677 7763 7604
f 7764 7607 7761
f 7680 7531 7838
f 7608 7320 7770
f 7839 7766 7681
f 7686 7840 7533
f 7615 7684 7767
f 7320 7324 7770
f 7534 7687 7768
f 7613 7768 7691
f 7689 7690 7841
f 7690 7614 7691
f 7769 7535 7771
f 7842 7686 7472
f 7472 7689 7842
f 7537 7331 7843
f 7536 7844 7330
f 7695 7692 7542
f 7694 7773 7407
f 7775 7697 7845
f 7846 7621 7699
f 7847 7625 7268
f 7479 7622 7700
f 7699 7548 7624
f 7848 7549 7778
f 7849 7623 7547
f 7850 7625 7847
f 7624 7702 7851
f 7850 7201 7625
f 7484 7201 7850
f 7779 7782 7421
f 7273 7422 7781
f 7852 7488 7626
f 7488 7852 7784
f 7784 7853 7489
f 7552 7854 7425
f 7786 7554 7788
f 7629 7855 6967
f 7492 6967 7855
f 7705 7708 7788
f 7856 7788 7708
f 7345 7707 7630
f 7856 7708 7722
f 7348 7793 7857
f 7559 7348 7857
f 7797 7856 7722
f 7858 7714 7715
f 7859 7720 7714
f 7860 7712 7799
f 7861 7862 7863
f 7862 7861 7859
f 7859 7806 7720
f 7802 7805 7864
f 7805 7804 7864
f 7865 7863 7866
f 7802 7729 7805
f 7859 7861 7806
f 7865 7867 7863
f 7719 7712 7860
f 7815 7804 7740
f 7868 7804 7815
f 7815 7869 7868
f 7863 7867 7861
f 7865 7870 7871
f 7865 7871 7867
f 7726 7563 7808
f 7870 7872 7871
f 7809 7733 7806
f 7867 7873 7861
f 7806 7861 7874
f 7810 7732 7565
f 7871 7875 7867
f 7867 7875 7873
f 7874 7809 7806
f 7861 7873 7874
f 7735 7876 7810
f 7815 7877 7872
f 7641 7809 7811
f 7809 7874 7878
f 7818 7815 7814
f 7815 7818 7877
f 7879 7875 7871
f 7877 7818 7880
f 7881 7816 7813
f 7817 7819 7742
f 7882 7819 7817
f 7819 7882 7820
f 7566 7883 7504
f 7884 7643 7504
f 7743 7821 7505
f 7643 7885 7354
f 7744 7354 7885
f 7567 7355 7744
f 7356 7886 7507
f 7822 7644 7357
f 7569 7887 7214
f 7887 7570 7214
f 7823 7508 7215
f 7888 7824 7648
f 7888 7648 7825
f 7825 7747 7889
f 7576 7889 7747
f 7576 7748 7889
f 7829 7889 7748
f 7827 7890 7828
f 7891 7828 7890
f 7832 7889 7829
f 7833 7832 7829
f 7828 7891 7750
f 7891 7890 7892
f 7750 7891 7830
f 7753 7831 7893
f 7753 7893 7894
f 7753 7894 7832
f 7665 7833 7829
f 7752 7892 7831
f 7830 7891 7836
f 7836 7891 7752
f 7752 7891 7892
f 7664 7836 7752
f 7835 7144 6596
f 7757 7751 7830
f 7673 6920 7758
f 7599 7312 7895
f 7605 7896 7530
f 7468 7530 7896
f 7897 7674 7676
f 7677 7759 7763
f 7680 7603 7465
f 7681 7468 7898
f 7676 7899 7897
f 7679 7899 7676
f 7684 7763 7900
f 7685 7899 7679
f 7767 7684 7900
f 7685 7767 7899
f 7611 7537 7901
f 7843 7901 7537
f 7842 7902 7686
f 7903 7842 7689
f 7904 7616 7692
f 7905 7904 7692
f 7405 7543 7771
f 7408 7773 7543
f 7776 7330 7844
f 7331 7409 7906
f 7774 7775 7907
f 7694 7541 7908
f 7845 7697 7777
f 7617 7908 7541
f 7776 7844 7478
f 7847 7268 7478
f 7909 7698 7340
f 7700 7910 7546
f 7546 7849 7547
f 7911 7340 7701
f 7623 7849 7912
f 7341 7913 7622
f 7623 7914 7702
f 7779 7549 7848
f 7420 7913 7341
f 7915 7913 7420
f 7916 7485 7782
f 7420 7783 7915
f 7916 7626 7485
f 7852 7626 7916
f 7917 7781 7422
f 7627 7917 7422
f 7628 7489 7853
f 7854 7918 7425
f 7426 7425 7918
f 7918 7553 7426
f 7919 7490 7787
f 7919 7631 7490
f 7788 7920 7786
f 7921 7790 7706
f 7630 7922 7704
f 7923 7797 7800
f 7797 7798 7800
f 7800 7801 7924
f 7858 7715 7794
f 7857 7796 7559
f 7801 7802 7925
f 7859 7714 7858
f 7799 7495 7796
f 7925 7802 7864
f 7864 7804 7926
f 7866 7863 7927
f 7927 7863 7862
f 7926 7804 7868
f 7870 7865 7866
f 7868 7869 7870
f 7726 7638 7564
f 7869 7872 7870
f 7860 7928 7719
f 7815 7872 7869
f 7803 7719 7928
f 7877 7929 7872
f 7872 7929 7871
f 7930 7807 7803
f 7735 7812 7931
f 7735 7931 7876
f 7879 7871 7929
f 7809 7878 7932
f 7809 7932 7811
f 7933 7812 7734
f 7877 7879 7929
f 7807 7930 7813
f 7880 7879 7877
f 7873 7934 7874
f 7874 7934 7878
f 7879 7935 7875
f 7875 7934 7873
f 7879 7936 7935
f 7875 7935 7937
f 7934 7875 7937
f 7881 7817 7816
f 7880 7818 7938
f 7820 7939 7818
f 7820 7882 7939
f 7940 7566 7821
f 7941 7886 7356
f 7745 7941 7356
f 7942 7644 7943
f 7942 7645 7644
f 7944 7645 7942
f 7645 7944 7646
f 7570 7945 7823
f 7824 7946 7826
f 7888 7946 7824
f 7894 7888 7825
f 7894 7825 7889
f 7826 7890 7827
f 7890 7826 7946
f 7893 7946 7888
f 7893 7888 7894
f 7831 7890 7946
f 7831 7946 7893
f 7832 7894 7889
f 7892 7890 7831
f 7947 6595 7835
f 6095 7947 7758
f 7947 6095 6595
f 7663 7519 7837
f 7948 7672 7386
f 7895 7312 7600
f 7949 7600 7601
f 7948 7386 7675
f 7895 7950 7599
f 7601 7179 7951
f 7951 7179 7528
f 7599 7950 7760
f 7952 7528 7603
f 7468 7896 7898
f 7759 7674 7897
f 7759 7900 7763
f 7681 7898 7839
f 7953 7526 7608
f 7767 7900 7899
f 7608 7770 7953
f 7954 7766 7839
f 7955 7766 7954
f 7531 7610 7956
f 7957 7610 7611
f 7902 7958 7686
f 7959 7768 7687
f 7688 7959 7687
f 7957 7611 7901
f 7691 7960 7690
f 7690 7960 7841
f 7691 7768 7960
f 7682 7961 7536
f 7904 7770 7616
f 7903 7689 7841
f 7845 7902 7842
f 7962 7842 7903
f 7962 7903 7963
f 7844 7536 7964
f 7965 7905 7692
f 7845 7842 7962
f 7907 7962 7963
f 7906 7843 7331
f 7775 7845 7962
f 7775 7962 7907
f 7543 7773 7966
f 7695 7965 7692
f 7908 7773 7694
f 7696 7965 7695
f 7777 7967 7845
f 7968 7617 7774
f 7617 7968 7908
f 7777 7619 7967
f 7619 7969 7967
f 7970 7969 7619
f 7409 7698 7971
f 7619 7621 7970
f 7700 7972 7910
f 7621 7846 7970
f 7546 7973 7849
f 7699 7624 7974
f 7623 7912 7914
f 7702 7914 7851
f 7551 7484 7850
f 7975 7550 7781
f 7486 7976 7783
f 7343 7977 7487
f 7703 7976 7486
f 7487 7977 7785
f 7427 7629 7205
f 7789 7631 7919
f 7790 7921 7978
f 7792 7790 7978
f 7979 7794 7792
f 7492 7855 7791
f 7980 7788 7856
f 7856 7797 7923
f 7981 7858 7794
f 7982 7630 7707
f 7707 7795 7982
f 7924 7801 7925
f 7862 7859 7983
f 7983 7859 7858
f 7866 7927 7984
f 7985 7926 7868
f 7866 7986 7987
f 7988 7799 7796
f 7987 7870 7866
f 7718 7989 7710
f 7860 7799 7988
f 7868 7870 7987
f 7810 7990 7732
f 7732 7990 7808
f 7876 7991 7810
f 7810 7991 7990
f 7928 7930 7803
f 7930 7992 7813
f 7993 7811 7932
f 7811 7993 7994
f 7811 7994 7734
f 7734 7994 7933
f 7936 7879 7880
f 7932 7878 7995
f 7938 7936 7880
f 7817 7996 7882
f 7997 7939 7882
f 7884 7504 7883
f 7883 7566 7940
f 7998 7821 7743
f 7999 7998 7743
f 7743 7506 7999
f 7822 7567 8000
f 7943 7644 7822
f 8001 7646 7944
f 8002 7647 7746
f 7569 7646 8001
f 8003 7837 7672
f 7525 7673 7678
f 7606 8004 7605
f 7606 7762 8004
f 7533 8005 7762
f 7759 7897 7900
f 8006 7397 7678
f 8006 7683 7397
f 7839 8007 7954
f 7900 7897 7899
f 7838 7531 7956
f 7764 8008 7682
f 8009 7953 7770
f 7958 7840 7686
f 7957 7956 7610
f 8010 7766 7955
f 7959 7960 7768
f 7688 7769 7959
f 7964 7536 7961
f 7841 8011 7903
f 7612 7766 8012
f 7543 8013 7771
f 7612 8012 7693
f 7966 8013 7543
f 7845 7967 8014
f 7693 8015 7696
f 8016 7774 7907
f 8016 7968 7774
f 7908 7968 7773
f 7968 7966 7773
f 7971 7906 7409
f 7844 8017 7478
f 8017 7847 7478
f 7546 7910 7973
f 7911 7909 7340
f 7974 7846 7699
f 7974 7624 7851
f 7848 8018 7779
f 8018 7782 7779
f 7550 7975 7701
f 7780 7977 7343
f 8019 7917 7627
f 7628 7853 8020
f 7703 8021 7976
f 8022 7552 7785
f 8022 7854 7552
f 7786 8019 7627
f 7628 8020 7787
f 7918 8023 7553
f 7704 8021 7703
f 8024 8021 7704
f 7427 7553 8025
f 8026 7786 7920
f 7789 8027 8028
f 8027 7789 7919
f 7427 8029 7629
f 8028 7706 7789
f 7921 7706 8028
f 8024 7704 7922
f 8030 7855 7629
f 7920 7788 7980
f 7979 7792 7978
f 7794 7979 8031
f 7980 7856 7923
f 7981 7794 8031
f 8032 7923 7800
f 7800 7924 8032
f 7983 7858 7981
f 8033 7984 7862
f 8033 7862 7983
f 7925 7864 8034
f 7984 7927 7862
f 8035 7864 7926
f 7857 8036 7796
f 7710 8037 7795
f 7710 8038 8037
f 7868 7987 7985
f 7796 8039 7988
f 7710 7989 8038
f 7988 8040 7860
f 8041 7638 7726
f 8040 7928 7860
f 7808 7990 8042
f 7930 7928 8043
f 7931 7812 7933
f 7878 7934 7995
f 7992 7881 7813
f 7938 8044 7936
f 7936 8044 7935
f 8045 7935 8044
f 7935 8045 7937
f 8046 7817 7881
f 8047 7818 7939
f 7818 8047 7938
f 7996 7817 8046
f 7996 8048 7882
f 7997 7882 8048
f 7998 7940 7821
f 7643 8049 7885
f 8050 7999 7506
f 7567 7744 8000
f 8050 7506 7507
f 8051 7943 7822
f 8001 8052 7569
f 8052 7887 7569
f 7887 7945 7570
f 8053 7663 7837
f 7758 8054 7673
f 7600 7949 7895
f 8055 7896 7605
f 7762 8056 8004
f 7951 7528 7952
f 8057 7952 7603
f 8057 7603 7680
f 8058 7839 7898
f 8059 7761 7760
f 7764 7761 8059
f 7764 8059 8008
f 8060 7841 7960
f 8060 7960 7959
f 7771 8013 7959
f 7769 7771 7959
f 8012 7766 8010
f 7903 8011 7963
f 7902 7845 8014
f 8016 7907 7963
f 7966 8061 8013
f 7906 8062 7843
f 7967 8063 8014
f 8061 7966 7968
f 8015 7965 7696
f 7693 8012 8015
f 7698 7909 7971
f 7620 8064 7778
f 7972 7700 7622
f 8065 7850 7847
f 8064 7848 7778
f 7849 8066 7912
f 7913 8067 7622
f 8068 7974 7851
f 7784 7852 8069
f 8022 7918 7854
f 8070 7787 8020
f 8019 7786 8026
f 8070 7919 7787
f 8025 8029 7427
f 7921 8071 7978
f 7979 7978 8072
f 7630 8073 7922
f 8074 7924 7925
f 7925 8034 8074
f 7986 7866 7984
f 8073 7630 7982
f 7926 8075 8035
f 8034 7864 8076
f 8076 7864 8035
f 7926 7985 8075
f 7795 8037 7982
f 8036 8039 7796
f 7638 8077 7718
f 7718 8077 7989
f 8041 8077 7638
f 7726 8078 8041
f 7808 8042 7726
f 7726 8042 8078
f 8079 7928 8040
f 8080 7990 7991
f 8043 7928 8079
f 8081 7933 7994
f 7992 7930 8043
f 7995 7993 7932
f 8082 7881 7992
f 7937 8083 7934
f 7937 8045 8083
f 8044 7938 8047
f 7939 8084 8047
f 7939 7997 8084
f 7996 8085 8048
f 8086 7643 7884
f 7643 8086 8049
f 7885 8000 7744
f 8000 8051 7822
f 8050 7507 7886
f 7943 8087 8088
f 7943 8088 7942
f 7568 8089 7745
f 7647 8002 8090
f 7647 8090 7568
f 7823 8091 7508
f 8092 7835 7663
f 8093 7758 7947
f 8054 7758 8093
f 8055 7605 8004
f 7762 8005 8056
f 8094 8006 7678
f 7533 7840 8005
f 7953 7675 7526
f 8095 7954 8007
f 8006 8096 7683
f 7958 8097 7840
f 8095 7955 7954
f 8009 8098 7953
f 8095 8099 7955
f 7682 8008 7961
f 8100 8009 7770
f 7770 7904 8100
f 8014 8101 7958
f 7902 8014 7958
f 8060 8011 7841
f 8060 7959 8102
f 8102 7959 8013
f 8103 7901 7843
f 7904 7905 8104
f 8105 7905 7965
f 7968 8016 8061
f 7967 8106 8063
f 8107 8106 7967
f 7969 8108 8107
f 7969 8107 7967
f 7970 8108 7969
f 7972 8109 7910
f 8110 8109 7972
f 8065 7847 8017
f 7846 7974 8111
f 7973 8066 7849
f 8112 7850 8065
f 8113 7909 7911
f 8113 7911 7701
f 8068 8114 7974
f 7912 8115 7914
f 7914 8068 7851
f 7914 8115 8068
f 7551 7850 8112
f 7915 8067 7913
f 8112 8116 7551
f 8116 7780 7551
f 8117 7701 7975
f 7917 7975 7781
f 7853 7784 8069
f 8020 7853 8118
f 7553 8023 8025
f 8119 7919 8070
f 7919 8119 8027
f 7920 7980 8026
f 8030 8120 7855
f 7855 8120 7791
f 7983 7981 8031
f 7986 7984 8121
f 8122 7857 7793
f 7985 7987 8123
f 8123 7987 7986
f 8124 8040 7988
f 8079 8040 8124
f 8080 8042 7990
f 8082 7992 8043
f 8125 7994 7993
f 7994 8125 8081
f 7934 8083 8126
f 7934 8126 7995
f 8046 7881 8082
f 8127 7884 7883
f 8128 8127 7883
f 8128 7883 7940
f 8089 7941 7745
f 7944 8129 8001
f 8002 7746 8130
f 7746 7508 8091
f 8092 7663 8053
f 7672 7948 8003
f 7898 7896 8131
f 7840 8132 8005
f 8057 7680 7838
f 8098 7675 7953
f 8096 7765 7683
f 7955 8133 8010
f 8133 7955 8134
f 8134 7955 8099
f 8104 8100 7904
f 8014 8063 8101
f 8135 8011 8102
f 8102 8011 8060
f 7963 8011 8135
f 8061 8102 8013
f 7765 8136 7540
f 8136 7772 7540
f 8105 8104 7905
f 8016 8135 8061
f 8061 8135 8102
f 8137 8012 8010
f 8135 8016 7963
f 7964 8138 7844
f 8138 8017 7844
f 7772 8139 7620
f 7620 8139 8064
f 7970 8140 8108
f 7970 7846 8140
f 8111 8140 7846
f 8111 7974 8114
f 7852 7916 8141
f 8142 7977 7780
f 8142 8143 7977
f 7785 7977 8143
f 8019 8144 7917
f 8143 8022 7785
f 7976 8145 8146
f 8021 8145 7976
f 8026 8147 8019
f 8024 8145 8021
f 7921 8028 8071
f 7980 8148 8026
f 7922 8149 8024
f 7923 8148 7980
f 7923 8150 8148
f 8150 7923 8032
f 8032 7924 8151
f 7924 8074 8151
f 8152 7984 8033
f 8153 8033 7983
f 8153 7983 8031
f 8154 8035 8075
f 7986 8121 8123
f 8120 8155 7791
f 7791 8155 7793
f 8155 8122 7793
f 8036 8156 8039
f 7988 8039 8157
f 8157 8124 7988
f 7876 8158 7991
f 7876 7931 8159
f 7933 8159 7931
f 8160 8045 8044
f 8047 8160 8044
f 8161 8047 8084
f 8085 8162 8048
f 8048 8162 8163
f 8048 8163 7997
f 8164 8086 7884
f 8164 7884 8127
f 8049 8086 8165
f 8166 7943 8051
f 8167 7886 7941
f 8166 8087 7943
f 8088 8168 7942
f 8090 8089 7568
f 7942 8168 7944
f 8001 8129 8052
f 7947 7835 8169
f 7947 8169 8093
f 7896 8055 8131
f 7898 8131 8058
f 7895 8170 7950
f 8171 7949 7601
f 8172 7951 7952
f 7760 7950 8059
f 8173 8095 8007
f 8097 8132 7840
f 7958 8101 8097
f 8174 8099 8095
f 7901 8175 7957
f 8176 8099 8174
f 8101 8063 8177
f 8176 8174 8177
f 8176 8177 8063
f 8134 8099 8176
f 8104 8105 8178
f 8133 8137 8010
f 8106 8176 8063
f 8015 8105 7965
f 8179 8015 8012
f 8179 8012 8137
f 8138 8180 8017
f 8180 8065 8017
f 8181 7910 8109
f 7622 8182 7972
f 7973 7910 8181
f 8183 7848 8064
f 8184 7912 8066
f 7912 8185 8115
f 8068 8115 8186
f 8018 8187 7782
f 7916 7782 8141
f 8116 8142 7780
f 8141 8069 7852
f 8069 8188 7853
f 8188 8118 7853
f 8020 8118 8189
f 8070 8020 8189
f 8190 8027 8119
f 8190 8028 8027
f 7978 8191 8072
f 8029 8030 7629
f 8192 7979 8072
f 8192 8031 7979
f 8150 8032 8151
f 7922 8073 8149
f 7984 8193 8121
f 8194 8123 8121
f 7985 8194 8075
f 8194 7985 8123
f 8195 8036 7857
f 7989 8196 8038
f 8036 8195 8156
f 8077 8196 7989
f 8156 8157 8039
f 8077 8197 8196
f 8077 8041 8197
f 8198 8080 7991
f 8158 8198 7991
f 8199 8158 7876
f 7876 8159 8199
f 7933 8081 8159
f 8125 7993 7995
f 8125 7995 8126
f 8200 8083 8045
f 8126 8083 8201
f 8082 8202 8046
f 8160 8200 8045
f 8160 8047 8161
f 8203 8046 8202
f 7996 8046 8203
f 7996 8203 8085
f 8204 8128 7940
f 7998 8204 7940
f 7999 8205 7998
f 8000 7885 8206
f 8207 7944 8168
f 7944 8207 8129
f 8091 8130 7746
f 7887 8208 7945
f 7835 8092 8209
f 8210 8055 8004
f 8056 8005 8211
f 8170 7895 8212
f 8007 7839 8058
f 8005 8132 8211
f 8213 7948 7675
f 8097 8214 8132
f 8215 7675 8098
f 8101 8216 8097
f 8103 8175 7901
f 8217 7964 7961
f 8062 8103 7843
f 8218 8133 8134
f 8218 8134 8219
f 8176 8219 8134
f 8106 8219 8176
f 7964 8217 8138
f 8105 8015 8179
f 8139 7772 8136
f 8107 8219 8106
f 8220 8219 8107
f 8221 8062 7906
f 8107 8108 8220
f 8140 8111 8222
f 7622 8067 8182
f 8223 8112 8065
f 8224 8066 7973
f 8184 8185 7912
f 8186 8114 8068
f 8183 8018 7848
f 7915 8225 8067
f 7783 8225 7915
f 8226 8117 7975
f 7917 8226 7975
f 8225 7783 8146
f 7976 8146 7783
f 8019 8227 8144
f 7918 8022 8228
f 8147 8227 8019
f 8119 8070 8189
f 8028 8190 8229
f 8026 8148 8147
f 8191 7978 8071
f 7984 8152 8193
f 8074 8034 8230
f 8035 8154 8231
f 8034 8076 8231
f 8231 8076 8035
f 8073 7982 8232
f 8122 8195 7857
f 8233 8037 8038
f 8233 8038 8196
f 8234 8197 8041
f 8235 8124 8157
f 8080 8198 8042
f 8043 8079 8236
f 8236 8082 8043
f 8236 8237 8082
f 8238 8082 8237
f 8202 8082 8238
f 8201 8083 8200
f 8161 8200 8160
f 8163 8084 7997
f 8127 8128 8164
f 8205 7999 8239
f 8206 8051 8000
f 8166 8051 8240
f 8241 7886 8167
f 8002 8130 8242
f 8208 7823 7945
f 7835 8209 8169
f 8210 8131 8055
f 8094 7678 7673
f 7949 8212 7895
f 7951 8171 7601
f 8171 7951 8172
f 8173 8243 8095
f 7950 8244 8059
f 8215 8213 7675
f 8174 8095 8243
f 8243 8245 8174
f 8059 8244 8008
f 7956 8246 7838
f 8098 8009 8215
f 8247 8177 8174
f 8216 8177 8247
f 8101 8177 8216
f 8248 7961 8008
f 8249 8009 8100
f 8250 8249 8100
f 7961 8248 8217
f 8104 8250 8100
f 8251 8178 8105
f 8220 8218 8219
f 7906 7971 8221
f 8108 8140 8220
f 8182 8110 7972
f 8223 8065 8180
f 7971 7909 8252
f 8224 7973 8181
f 8066 8224 8184
f 8186 8115 8185
f 8117 8113 7701
f 8141 7782 8187
f 8253 8188 8069
f 8024 8254 8145
f 8028 8229 8255
f 8071 8028 8255
f 8254 8024 8149
f 8030 8029 8256
f 8257 8151 8074
f 8230 8257 8074
f 8033 8258 8152
f 8033 8153 8258
f 8034 8231 8230
f 8075 8259 8154
f 8259 8075 8260
f 8260 8075 8194
f 8073 8232 8149
f 8122 8261 8195
f 7982 8037 8232
f 8078 8234 8041
f 8078 8262 8234
f 8042 8262 8078
f 8124 8235 8079
f 8235 8263 8079
f 8159 8264 8199
f 8263 8236 8079
f 8159 8081 8265
f 8266 8081 8125
f 8267 8125 8126
f 8267 8126 8268
f 8085 8269 8162
f 8270 8163 8162
f 8271 8164 8128
f 7885 8049 8272
f 8050 8239 7999
f 8241 8239 8050
f 7886 8241 8050
f 8087 8166 8273
f 8089 8167 7941
f 8087 8273 8088
f 8089 8090 8274
f 8129 8207 8275
f 8276 8091 7823
f 8052 8277 7887
f 8277 8208 7887
f 8278 7837 8003
f 8279 8094 7673
f 8054 8279 7673
f 8172 7952 8280
f 8281 8170 8212
f 7952 8057 8280
f 8170 8281 8244
f 7950 8170 8244
f 8057 7838 8246
f 8245 8247 8174
f 7956 7957 8246
f 8215 8009 8282
f 8246 7957 8283
f 8096 8284 7765
f 8244 8248 8008
f 8175 8283 7957
f 8249 8282 8009
f 8285 8250 8104
f 8178 8285 8104
f 8103 8062 8286
f 8287 8137 8133
f 8287 8133 8218
f 8220 8288 8218
f 8289 8110 8290
f 8140 8288 8220
f 8109 8110 8289
f 8289 8181 8109
f 8291 8064 8139
f 8291 8183 8064
f 8292 8222 8111
f 8111 8114 8292
f 8067 8293 8182
f 8252 7909 8113
f 8185 8294 8186
f 8223 8116 8112
f 8067 8225 8293
f 8187 8018 8183
f 8187 8295 8141
f 8296 8143 8142
f 8144 8226 7917
f 8296 8297 8143
f 8297 8022 8143
f 8228 8022 8297
f 8228 8023 7918
f 8119 8189 8298
f 8119 8298 8190
f 8299 8025 8023
f 8192 8072 8300
f 8031 8192 8153
f 8257 8301 8151
f 8121 8193 8260
f 8260 8194 8121
f 8302 8232 8037
f 8233 8302 8037
f 8042 8303 8262
f 8198 8303 8042
f 8264 8159 8265
f 8081 8266 8265
f 8125 8267 8266
f 8268 8126 8201
f 8161 8304 8200
f 8304 8084 8305
f 8084 8304 8161
f 8203 8269 8085
f 8084 8163 8305
f 8205 8204 7998
f 8272 8206 7885
f 8206 8240 8051
f 8168 8306 8207
f 8306 8275 8207
f 8276 8130 8091
f 8169 8307 8093
f 8279 8054 8093
f 8307 8279 8093
f 8278 8053 7837
f 8308 8210 8004
f 8056 8308 8004
f 8007 8058 8309
f 8171 8172 8310
f 8094 8096 8006
f 8311 8214 8097
f 8312 8057 8246
f 8215 8313 8213
f 8284 8136 7765
f 8217 8248 8314
f 8315 8103 8286
f 8285 8178 8316
f 8251 8105 8179
f 8287 8179 8137
f 8288 8287 8218
f 8317 8286 8221
f 8286 8062 8221
f 8291 8139 8136
f 8138 8318 8180
f 8222 8288 8140
f 8182 8319 8110
f 8293 8319 8182
f 8292 8114 8320
f 8320 8114 8186
f 8185 8184 8294
f 8223 8321 8116
f 8142 8116 8321
f 8295 8322 8141
f 8069 8141 8322
f 8190 8323 8229
f 8298 8323 8190
f 8147 8324 8227
f 8071 8255 8325
f 8191 8071 8325
f 8025 8326 8029
f 8072 8327 8300
f 8327 8072 8191
f 8148 8150 8328
f 8150 8301 8328
f 8150 8151 8301
f 8329 8153 8192
f 8254 8149 8330
f 8258 8153 8329
f 8231 8154 8331
f 8120 8030 8256
f 8261 8332 8195
f 8195 8332 8156
f 8332 8157 8156
f 8332 8333 8157
f 8333 8235 8157
f 8201 8200 8334
f 8304 8334 8200
f 8269 8203 8335
f 8305 8163 8270
f 8164 8336 8086
f 8337 8271 8128
f 8337 8128 8204
f 8338 8240 8206
f 8339 8240 8338
f 8339 8166 8240
f 8167 8089 8340
f 8088 8273 8341
f 8002 8242 8090
f 8275 8342 8129
f 8129 8342 8052
f 8342 8277 8052
f 8092 8343 8209
f 8278 8344 8053
f 8056 8345 8308
f 8131 8309 8058
f 8345 8056 8211
f 8213 8003 7948
f 7949 8171 8212
f 8172 8346 8310
f 8003 8213 8313
f 8312 8280 8057
f 8244 8281 8347
f 8282 8313 8215
f 8314 8248 8244
f 8244 8347 8314
f 8175 8348 8283
f 8315 8348 8175
f 8315 8175 8103
f 8349 8179 8287
f 8349 8251 8179
f 8217 8350 8318
f 8217 8318 8138
f 8289 8290 8351
f 8351 8352 8289
f 8288 8222 8353
f 8352 8181 8289
f 8252 8221 7971
f 8354 8181 8355
f 8356 8223 8180
f 8354 8224 8181
f 8224 8357 8184
f 8357 8294 8184
f 8322 8253 8069
f 8144 8358 8226
f 8253 8359 8188
f 8360 8023 8228
f 8227 8361 8144
f 8145 8362 8146
f 8324 8361 8227
f 8254 8362 8145
f 8255 8229 8363
f 8147 8148 8324
f 8192 8300 8364
f 8326 8256 8029
f 8231 8365 8230
f 8154 8259 8331
f 8155 8120 8366
f 8197 8367 8196
f 8368 8263 8235
f 8369 8198 8158
f 8198 8369 8303
f 8370 8369 8158
f 8158 8199 8371
f 8158 8371 8370
f 8199 8264 8371
f 8266 8267 8372
f 8372 8267 8268
f 8203 8202 8335
f 8373 8162 8269
f 8270 8374 8305
f 8162 8373 8270
f 8337 8204 8205
f 8375 8166 8339
f 8273 8166 8375
f 8340 8089 8274
f 8242 8274 8090
f 8341 8168 8088
f 8341 8306 8168
f 8242 8130 8376
f 8344 8092 8053
f 8210 8377 8131
f 8132 8378 8211
f 8172 8280 8346
f 8379 8096 8094
f 8380 8247 8245
f 8216 8311 8097
f 8281 8381 8347
f 8312 8246 8382
f 8246 8283 8382
f 8383 8313 8282
f 8249 8383 8282
f 8249 8384 8383
f 8250 8385 8249
f 8314 8350 8217
f 8316 8178 8251
f 8316 8251 8349
f 8290 8386 8351
f 8287 8288 8387
f 8353 8387 8288
f 8290 8110 8319
f 8356 8180 8318
f 8355 8181 8352
f 8222 8388 8353
f 8292 8388 8222
f 8354 8357 8224
f 8183 8291 8389
f 8390 8186 8294
f 8320 8186 8390
f 8252 8113 8391
f 8187 8183 8392
f 8393 8142 8321
f 8394 8117 8226
f 8395 8296 8142
f 8118 8188 8359
f 8359 8189 8118
f 8396 8299 8023
f 8397 8298 8189
f 8323 8398 8229
f 8229 8398 8363
f 8025 8299 8326
f 8325 8327 8191
f 8148 8328 8399
f 8364 8329 8192
f 8326 8400 8256
f 8258 8401 8152
f 8402 8193 8152
f 8256 8366 8120
f 8366 8122 8155
f 8367 8233 8196
f 8234 8262 8403
f 8197 8234 8403
f 8333 8368 8235
f 8303 8404 8262
f 8236 8263 8405
f 8265 8406 8264
f 8265 8266 8406
f 8405 8237 8236
f 8237 8407 8238
f 8335 8408 8269
f 8408 8373 8269
f 8374 8270 8373
f 8165 8272 8049
f 8272 8409 8206
f 8410 8205 8239
f 8241 8411 8239
f 8241 8167 8340
f 8376 8412 8242
f 8208 8276 7823
f 8309 8131 8377
f 8211 8413 8345
f 8378 8132 8414
f 8214 8414 8132
f 8415 8003 8313
f 8380 8416 8247
f 8247 8416 8216
f 8416 8311 8216
f 8314 8347 8417
f 8249 8385 8384
f 8384 8418 8383
f 8285 8385 8250
f 8285 8316 8419
f 8386 8420 8421
f 8351 8421 8418
f 8422 8291 8136
f 8386 8290 8420
f 8386 8421 8351
f 8287 8387 8349
f 8252 8423 8221
f 8320 8388 8292
f 8294 8357 8390
f 8389 8392 8183
f 8424 8113 8117
f 8393 8395 8142
f 8425 8293 8225
f 8146 8425 8225
f 8426 8228 8297
f 8360 8228 8426
f 8144 8361 8358
f 8396 8023 8360
f 8397 8189 8359
f 8146 8362 8427
f 8148 8399 8324
f 8428 8328 8301
f 8362 8254 8429
f 8258 8430 8401
f 8329 8430 8258
f 8254 8330 8429
f 8301 8257 8431
f 8401 8402 8152
f 8230 8431 8257
f 8231 8331 8432
f 8260 8402 8433
f 8260 8193 8402
f 8230 8365 8434
f 8365 8231 8432
f 8260 8433 8259
f 8433 8331 8259
f 8435 8436 8330
f 8330 8149 8435
f 8232 8435 8149
f 8261 8437 8332
f 8264 8406 8371
f 8266 8438 8406
f 8405 8407 8237
f 8372 8439 8266
f 8238 8407 8440
f 8238 8440 8202
f 8201 8441 8268
f 8201 8334 8441
f 8440 8335 8202
f 8442 8304 8305
f 8305 8374 8442
f 8336 8443 8086
f 8336 8164 8271
f 8409 8338 8206
f 8411 8410 8239
f 8375 8444 8273
f 8210 8308 8445
f 8446 8209 8343
f 8377 8210 8445
f 8092 8344 8343
f 8447 8308 8345
f 8173 8007 8309
f 8378 8413 8211
f 8003 8415 8278
f 8243 8448 8245
f 8245 8448 8380
f 8449 8212 8171
f 8449 8171 8310
f 8449 8310 8346
f 8346 8280 8450
f 8212 8451 8281
f 8212 8449 8451
f 8280 8312 8452
f 8415 8313 8453
f 8382 8452 8312
f 8379 8284 8096
f 8383 8453 8313
f 8454 8382 8283
f 8417 8347 8381
f 8348 8454 8283
f 8455 8454 8348
f 8453 8383 8456
f 8455 8348 8457
f 8457 8348 8315
f 8458 8456 8383
f 8456 8458 8421
f 8418 8458 8383
f 8459 8315 8286
f 8314 8417 8350
f 8418 8384 8460
f 8384 8385 8460
f 8285 8461 8385
f 8284 8422 8136
f 8421 8458 8418
f 8349 8419 8316
f 8462 8420 8290
f 8387 8419 8349
f 8351 8418 8463
f 8463 8352 8351
f 8317 8221 8464
f 8422 8465 8291
f 8318 8466 8356
f 8355 8352 8467
f 8354 8355 8467
f 8465 8389 8291
f 8354 8467 8468
f 8469 8320 8390
f 8320 8469 8388
f 8357 8354 8468
f 8293 8470 8319
f 8356 8471 8223
f 8471 8321 8223
f 8472 8391 8113
f 8295 8187 8392
f 8424 8117 8394
f 8394 8226 8358
f 8395 8473 8296
f 8473 8297 8296
f 8474 8359 8253
f 8474 8475 8359
f 8146 8427 8425
f 8476 8361 8324
f 8363 8325 8255
f 8330 8436 8429
f 8431 8230 8434
f 8366 8477 8122
f 8232 8478 8435
f 8122 8477 8261
f 8302 8478 8232
f 8302 8233 8479
f 8197 8403 8367
f 8332 8437 8333
f 8404 8480 8262
f 8480 8403 8262
f 8481 8404 8303
f 8333 8482 8368
f 8483 8303 8369
f 8484 8483 8369
f 8369 8370 8484
f 8368 8485 8263
f 8371 8406 8486
f 8263 8485 8405
f 8439 8438 8266
f 8372 8487 8439
f 8487 8372 8268
f 8488 8336 8271
f 8488 8271 8337
f 8409 8489 8338
f 8339 8444 8375
f 8241 8340 8490
f 8340 8274 8490
f 8242 8412 8274
f 8275 8306 8491
f 8492 8130 8276
f 8493 8445 8308
f 8446 8169 8209
f 8169 8494 8307
f 8447 8345 8495
f 8495 8345 8413
f 8307 8496 8279
f 8497 8243 8173
f 8448 8243 8497
f 8279 8379 8094
f 8414 8214 8311
f 8280 8452 8450
f 8381 8281 8451
f 8379 8498 8284
f 8456 8499 8453
f 8457 8315 8500
f 8421 8499 8456
f 8459 8500 8315
f 8499 8421 8420
f 8501 8422 8284
f 8285 8419 8461
f 8460 8385 8461
f 8463 8418 8460
f 8350 8466 8318
f 8353 8502 8387
f 8462 8290 8319
f 8352 8463 8467
f 8467 8463 8503
f 8388 8502 8353
f 8357 8468 8504
f 8357 8504 8390
f 8424 8472 8113
f 8253 8322 8505
f 8505 8474 8253
f 8506 8394 8358
f 8297 8473 8426
f 8507 8358 8361
f 8397 8508 8298
f 8508 8323 8298
f 8509 8427 8362
f 8399 8476 8324
f 8510 8327 8325
f 8431 8428 8301
f 8511 8432 8331
f 8479 8478 8302
f 8367 8512 8233
f 8437 8513 8333
f 8513 8482 8333
f 8483 8481 8303
f 8371 8486 8514
f 8374 8515 8442
f 8516 8373 8408
f 8515 8374 8373
f 8515 8373 8517
f 8443 8165 8086
f 8165 8518 8272
f 8488 8337 8410
f 8205 8410 8337
f 8241 8490 8411
f 8519 8444 8339
f 8273 8444 8520
f 8490 8274 8521
f 8273 8520 8341
f 8376 8130 8492
f 8342 8275 8522
f 8276 8208 8523
f 8342 8523 8277
f 8277 8523 8208
f 8445 8524 8377
f 8447 8493 8308
f 8169 8446 8494
f 8278 8525 8344
f 8526 8525 8278
f 8415 8526 8278
f 8496 8379 8279
f 8416 8527 8311
f 8454 8528 8382
f 8455 8528 8454
f 8284 8498 8501
f 8499 8420 8529
f 8419 8530 8461
f 8462 8529 8420
f 8531 8460 8461
f 8419 8387 8530
f 8461 8530 8531
f 8503 8460 8531
f 8463 8460 8503
f 8502 8530 8387
f 8502 8532 8530
f 8502 8469 8532
f 8469 8502 8388
f 8533 8464 8221
f 8221 8423 8533
f 8470 8462 8319
f 8470 8534 8462
f 8504 8535 8390
f 8390 8535 8469
f 8252 8391 8423
f 8471 8536 8321
f 8536 8393 8321
f 8470 8293 8425
f 8295 8392 8537
f 8537 8322 8295
f 8475 8397 8359
f 8476 8507 8361
f 8396 8538 8299
f 8508 8539 8323
f 8323 8540 8398
f 8398 8540 8541
f 8510 8325 8363
f 8299 8538 8326
f 8328 8428 8542
f 8509 8362 8429
f 8401 8543 8402
f 8401 8430 8543
f 8366 8256 8544
f 8479 8233 8512
f 8403 8545 8367
f 8370 8371 8484
f 8482 8485 8368
f 8371 8514 8484
f 8546 8405 8485
f 8438 8486 8406
f 8441 8547 8268
f 8547 8487 8268
f 8334 8548 8441
f 8304 8548 8334
f 8549 8516 8408
f 8516 8517 8373
f 8521 8274 8412
f 8520 8550 8341
f 8550 8306 8341
f 8551 8491 8306
f 8491 8552 8275
f 8522 8275 8552
f 8344 8525 8343
f 8497 8173 8309
f 8449 8346 8553
f 8450 8553 8346
f 8451 8554 8381
f 8382 8555 8452
f 8555 8382 8528
f 8417 8381 8554
f 8556 8417 8554
f 8557 8286 8317
f 8531 8530 8532
f 8557 8317 8464
f 8503 8531 8532
f 8468 8503 8532
f 8468 8532 8535
f 8535 8532 8469
f 8503 8468 8467
f 8468 8535 8504
f 8356 8466 8471
f 8558 8392 8389
f 8559 8395 8393
f 8560 8360 8426
f 8507 8506 8358
f 8475 8474 8505
f 8475 8561 8397
f 8397 8561 8508
f 8539 8540 8323
f 8541 8562 8363
f 8363 8398 8541
f 8542 8399 8328
f 8327 8510 8563
f 8563 8364 8300
f 8300 8327 8563
f 8564 8326 8538
f 8565 8329 8364
f 8326 8564 8400
f 8402 8543 8433
f 8434 8566 8431
f 8429 8436 8567
f 8400 8544 8256
f 8477 8568 8261
f 8568 8569 8261
f 8545 8512 8367
f 8261 8569 8437
f 8545 8403 8570
f 8480 8570 8403
f 8404 8481 8480
f 8484 8571 8483
f 8439 8572 8438
f 8405 8546 8407
f 8546 8573 8407
f 8548 8547 8441
f 8440 8574 8335
f 8548 8304 8575
f 8574 8576 8335
f 8408 8335 8576
f 8577 8304 8442
f 8576 8549 8408
f 8578 8336 8488
f 8518 8409 8272
f 8579 8411 8490
f 8550 8551 8306
f 8522 8580 8342
f 8580 8523 8342
f 8311 8527 8581
f 8582 8450 8452
f 8528 8583 8555
f 8584 8528 8455
f 8455 8457 8584
f 8466 8350 8585
f 8501 8465 8422
f 8586 8471 8466
f 8558 8389 8465
f 8587 8423 8391
f 8472 8587 8391
f 8558 8588 8392
f 8536 8559 8393
f 8588 8537 8392
f 8589 8322 8537
f 8394 8506 8424
f 8559 8473 8395
f 8505 8322 8589
f 8560 8396 8360
f 8427 8590 8425
f 8476 8591 8507
f 8562 8510 8363
f 8592 8565 8364
f 8592 8364 8563
f 8593 8428 8431
f 8430 8329 8565
f 8431 8566 8593
f 8544 8477 8366
f 8487 8594 8439
f 8407 8573 8440
f 8577 8575 8304
f 8442 8515 8577
f 8578 8443 8336
f 8595 8578 8488
f 8595 8488 8410
f 8596 8595 8410
f 8489 8597 8338
f 8339 8338 8597
f 8596 8410 8411
f 8519 8339 8597
f 8493 8524 8445
f 8524 8309 8377
f 8598 8494 8446
f 8414 8599 8378
f 8600 8380 8448
f 8311 8581 8414
f 8496 8601 8379
f 8449 8553 8451
f 8582 8553 8450
f 8555 8582 8452
f 8498 8379 8601
f 8583 8528 8584
f 8457 8602 8584
f 8602 8457 8603
f 8457 8500 8603
f 8556 8350 8417
f 8585 8350 8556
f 8557 8459 8286
f 8586 8466 8585
f 8471 8586 8604
f 8604 8536 8471
f 8470 8605 8534
f 8425 8605 8470
f 8473 8559 8426
f 8559 8606 8426
f 8607 8506 8507
f 8475 8505 8608
f 8561 8609 8508
f 8590 8427 8509
f 8609 8539 8508
f 8399 8591 8476
f 8509 8429 8610
f 8428 8593 8542
f 8611 8564 8538
f 8567 8610 8429
f 8612 8432 8511
f 8613 8511 8331
f 8613 8331 8433
f 8436 8435 8567
f 8437 8569 8513
f 8481 8614 8480
f 8483 8614 8481
f 8571 8484 8514
f 8615 8546 8485
f 8547 8594 8487
f 8616 8577 8515
f 8517 8616 8515
f 8617 8518 8165
f 8617 8165 8443
f 8618 8522 8552
f 8618 8580 8522
f 8309 8619 8497
f 8446 8620 8598
f 8378 8599 8413
f 8621 8446 8343
f 8622 8448 8497
f 8380 8527 8416
f 8600 8527 8380
f 8451 8553 8623
f 8451 8623 8554
f 8624 8498 8601
f 8556 8554 8623
f 8625 8501 8498
f 8529 8626 8499
f 8557 8627 8459
f 8628 8465 8501
f 8585 8629 8586
f 8534 8630 8462
f 8587 8472 8631
f 8472 8424 8631
f 8559 8536 8632
f 8606 8560 8426
f 8425 8590 8605
f 8633 8396 8560
f 8561 8475 8608
f 8607 8507 8591
f 8633 8634 8396
f 8396 8634 8538
f 8635 8399 8542
f 8635 8636 8399
f 8637 8563 8510
f 8565 8543 8430
f 8638 8564 8611
f 8639 8433 8543
f 8432 8640 8365
f 8612 8640 8432
f 8365 8641 8434
f 8564 8544 8400
f 8642 8478 8643
f 8435 8478 8642
f 8479 8643 8478
f 8644 8512 8545
f 8644 8545 8570
f 8645 8570 8480
f 8513 8646 8482
f 8514 8647 8571
f 8646 8615 8485
f 8482 8646 8485
f 8615 8573 8546
f 8572 8439 8594
f 8547 8548 8648
f 8516 8649 8517
f 8518 8650 8409
f 8490 8521 8579
f 8651 8551 8550
f 8376 8652 8412
f 8653 8491 8551
f 8654 8276 8523
f 8523 8580 8654
f 8620 8446 8621
f 8621 8343 8525
f 8414 8655 8599
f 8622 8497 8656
f 8657 8525 8526
f 8526 8658 8657
f 8659 8414 8581
f 8307 8660 8496
f 8553 8582 8661
f 8623 8553 8661
f 8661 8582 8555
f 8662 8555 8583
f 8499 8626 8453
f 8603 8500 8459
f 8663 8585 8556
f 8629 8585 8663
f 8462 8630 8529
f 8586 8629 8604
f 8587 8533 8423
f 8604 8632 8536
f 8632 8664 8559
f 8606 8559 8664
f 8606 8665 8560
f 8505 8666 8608
f 8667 8540 8539
f 8667 8541 8540
f 8668 8590 8509
f 8669 8562 8541
f 8669 8637 8510
f 8510 8562 8669
f 8543 8670 8639
f 8433 8639 8613
f 8640 8641 8365
f 8564 8671 8544
f 8567 8435 8642
f 8671 8477 8544
f 8512 8643 8479
f 8672 8646 8513
f 8514 8673 8647
f 8514 8486 8674
f 8673 8514 8674
f 8438 8674 8486
f 8615 8675 8573
f 8676 8648 8548
f 8548 8575 8676
f 8549 8576 8677
f 8517 8649 8616
f 8617 8678 8518
f 8678 8650 8518
f 8443 8679 8617
f 8578 8595 8680
f 8596 8411 8579
f 8519 8681 8444
f 8682 8520 8444
f 8682 8444 8681
f 8520 8683 8550
f 8684 8618 8552
f 8580 8618 8685
f 8686 8524 8493
f 8687 8686 8493
f 8687 8493 8447
f 8495 8687 8447
f 8655 8414 8659
f 8494 8688 8307
f 8688 8660 8307
f 8622 8600 8448
f 8660 8601 8496
f 8689 8526 8415
f 8453 8689 8415
f 8661 8555 8662
f 8624 8625 8498
f 8690 8623 8661
f 8583 8584 8602
f 8623 8690 8556
f 8663 8556 8690
f 8603 8459 8691
f 8625 8628 8501
f 8692 8604 8629
f 8628 8558 8465
f 8588 8693 8537
f 8664 8665 8606
f 8694 8424 8506
f 8665 8633 8560
f 8589 8666 8505
f 8607 8695 8506
f 8608 8696 8561
f 8399 8636 8591
f 8667 8697 8541
f 8634 8611 8538
f 8593 8635 8542
f 8610 8668 8509
f 8698 8565 8592
f 8543 8565 8670
f 8641 8566 8434
f 8567 8699 8610
f 8671 8564 8638
f 8700 8477 8671
f 8477 8700 8568
f 8645 8480 8614
f 8547 8701 8594
f 8675 8702 8573
f 8701 8547 8648
f 8702 8440 8573
f 8702 8574 8440
f 8577 8703 8575
f 8616 8703 8577
f 8549 8649 8516
f 8677 8649 8549
f 8704 8679 8443
f 8704 8443 8578
f 8650 8705 8409
f 8489 8409 8705
f 8706 8596 8579
f 8707 8681 8519
f 8579 8521 8706
f 8682 8683 8520
f 8550 8683 8651
f 8376 8492 8708
f 8709 8708 8276
f 8492 8276 8708
f 8654 8709 8276
f 8653 8684 8491
f 8491 8684 8552
f 8524 8710 8309
f 8524 8686 8710
f 8710 8619 8309
f 8494 8598 8688
f 8657 8621 8525
f 8711 8601 8660
f 8583 8602 8712
f 8662 8583 8713
f 8691 8459 8714
f 8714 8459 8627
f 8715 8628 8625
f 8629 8663 8716
f 8464 8533 8717
f 8718 8717 8533
f 8587 8718 8533
f 8719 8632 8604
f 8693 8588 8558
f 8632 8719 8664
f 8534 8605 8720
f 8695 8694 8506
f 8720 8605 8590
f 8721 8607 8591
f 8722 8609 8561
f 8723 8667 8539
f 8723 8539 8609
f 8566 8641 8593
f 8610 8699 8668
f 8724 8638 8611
f 8567 8642 8699
f 8725 8642 8643
f 8700 8726 8568
f 8483 8727 8614
f 8647 8728 8571
f 8438 8729 8674
f 8701 8730 8594
f 8702 8731 8574
f 8574 8731 8576
f 8731 8732 8576
f 8732 8677 8576
f 8733 8703 8616
f 8705 8734 8489
f 8680 8735 8578
f 8597 8489 8734
f 8736 8680 8595
f 8736 8595 8596
f 8685 8654 8580
f 8659 8737 8655
f 8711 8624 8601
f 8583 8712 8713
f 8690 8661 8738
f 8738 8661 8662
f 8738 8662 8713
f 8602 8739 8712
f 8603 8691 8602
f 8738 8663 8690
f 8663 8738 8716
f 8740 8714 8627
f 8626 8529 8741
f 8741 8529 8630
f 8716 8692 8629
f 8557 8464 8717
f 8742 8558 8628
f 8743 8630 8534
f 8742 8693 8558
f 8534 8720 8743
f 8537 8693 8744
f 8537 8744 8589
f 8694 8631 8424
f 8561 8696 8745
f 8561 8745 8722
f 8668 8746 8590
f 8721 8591 8636
f 8747 8635 8593
f 8748 8592 8563
f 8563 8637 8748
f 8613 8749 8750
f 8749 8613 8639
f 8612 8511 8751
f 8751 8511 8613
f 8752 8643 8512
f 8644 8752 8512
f 8726 8753 8568
f 8569 8568 8753
f 8754 8570 8645
f 8513 8569 8753
f 8571 8727 8483
f 8728 8727 8571
f 8646 8755 8615
f 8438 8572 8729
f 8594 8730 8756
f 8572 8594 8756
f 8649 8733 8616
f 8678 8617 8679
f 8735 8704 8578
f 8757 8735 8680
f 8736 8757 8680
f 8597 8707 8519
f 8736 8596 8706
f 8758 8682 8681
f 8758 8759 8683
f 8758 8683 8682
f 8412 8760 8521
f 8651 8683 8761
f 8412 8652 8760
f 8762 8551 8651
f 8652 8376 8763
f 8376 8708 8763
f 8656 8497 8619
f 8688 8764 8660
f 8764 8711 8660
f 8689 8658 8526
f 8626 8689 8453
f 8625 8624 8765
f 8713 8712 8766
f 8714 8767 8691
f 8740 8627 8557
f 8716 8768 8692
f 8743 8741 8630
f 8692 8768 8719
f 8604 8692 8719
f 8769 8718 8587
f 8664 8719 8770
f 8769 8587 8631
f 8665 8664 8770
f 8589 8744 8771
f 8665 8772 8633
f 8773 8633 8772
f 8589 8771 8666
f 8695 8607 8774
f 8720 8590 8746
f 8773 8634 8633
f 8723 8609 8722
f 8775 8611 8634
f 8747 8593 8641
f 8749 8639 8670
f 8612 8751 8776
f 8750 8751 8613
f 8776 8641 8640
f 8776 8640 8612
f 8699 8642 8777
f 8642 8725 8777
f 8778 8570 8754
f 8644 8570 8778
f 8779 8754 8645
f 8614 8779 8645
f 8513 8753 8780
f 8672 8513 8780
f 8755 8675 8615
f 8679 8781 8678
f 8597 8782 8707
f 8707 8783 8681
f 8783 8758 8681
f 8706 8521 8760
f 8759 8761 8683
f 8761 8784 8651
f 8784 8762 8651
f 8762 8785 8551
f 8551 8785 8653
f 8786 8709 8654
f 8685 8786 8654
f 8787 8618 8684
f 8788 8495 8413
f 8599 8788 8413
f 8789 8622 8656
f 8581 8790 8659
f 8527 8791 8581
f 8581 8791 8790
f 8764 8688 8598
f 8792 8739 8602
f 8792 8602 8691
f 8765 8715 8625
f 8738 8713 8766
f 8716 8738 8793
f 8793 8738 8766
f 8717 8740 8557
f 8715 8742 8628
f 8770 8772 8665
f 8720 8794 8743
f 8694 8769 8631
f 8771 8795 8666
f 8796 8696 8608
f 8796 8608 8666
f 8773 8797 8634
f 8798 8667 8723
f 8746 8668 8799
f 8800 8541 8697
f 8800 8637 8669
f 8800 8669 8541
f 8748 8801 8592
f 8698 8802 8565
f 8670 8565 8802
f 8699 8777 8668
f 8671 8638 8803
f 8643 8804 8725
f 8804 8643 8752
f 8644 8805 8752
f 8726 8806 8753
f 8779 8614 8727
f 8646 8807 8755
f 8575 8808 8676
f 8575 8703 8808
f 8677 8809 8649
f 8810 8758 8783
f 8810 8811 8758
f 8811 8759 8758
f 8759 8812 8813
f 8761 8759 8813
f 8784 8761 8814
f 8785 8815 8653
f 8618 8816 8685
f 8817 8686 8687
f 8818 8817 8687
f 8622 8789 8600
f 8600 8789 8819
f 8764 8820 8711
f 8820 8624 8711
f 8712 8739 8766
f 8792 8691 8767
f 8716 8793 8768
f 8741 8743 8821
f 8822 8717 8718
f 8770 8719 8768
f 8823 8694 8695
f 8774 8823 8695
f 8795 8796 8666
f 8721 8774 8607
f 8824 8721 8636
f 8825 8697 8667
f 8825 8800 8697
f 8800 8748 8637
f 8826 8635 8747
f 8775 8724 8611
f 8827 8749 8670
f 8747 8641 8828
f 8776 8828 8641
f 8668 8777 8799
f 8805 8644 8778
f 8672 8829 8646
f 8646 8829 8807
f 8673 8728 8647
f 8729 8673 8674
f 8830 8729 8572
f 8756 8830 8572
f 8702 8675 8831
f 8781 8832 8678
f 8734 8833 8597
f 8782 8597 8833
f 8707 8782 8783
f 8760 8834 8706
f 8812 8759 8811
f 8835 8761 8813
f 8814 8761 8835
f 8763 8836 8652
f 8788 8818 8687
f 8788 8687 8495
f 8788 8599 8837
f 8737 8838 8655
f 8600 8819 8527
f 8689 8839 8658
f 8624 8820 8765
f 8626 8840 8689
f 8841 8766 8739
f 8739 8792 8842
f 8766 8843 8793
f 8843 8766 8841
f 8740 8844 8714
f 8845 8793 8843
f 8768 8793 8845
f 8846 8740 8717
f 8768 8845 8770
f 8847 8822 8718
f 8847 8718 8769
f 8772 8770 8848
f 8772 8848 8773
f 8773 8849 8797
f 8794 8720 8746
f 8696 8850 8745
f 8851 8634 8797
f 8851 8775 8634
f 8852 8722 8745
f 8850 8852 8745
f 8667 8798 8853
f 8825 8667 8853
f 8798 8723 8722
f 8801 8698 8592
f 8724 8803 8638
f 8671 8803 8854
f 8671 8854 8700
f 8855 8726 8700
f 8753 8806 8780
f 8672 8780 8856
f 8727 8728 8857
f 8857 8728 8858
f 8672 8856 8829
f 8755 8859 8675
f 8701 8860 8730
f 8860 8756 8730
f 8648 8860 8701
f 8861 8860 8648
f 8862 8808 8703
f 8863 8809 8677
f 8809 8733 8649
f 8864 8810 8783
f 8865 8811 8810
f 8865 8812 8811
f 8866 8813 8812
f 8836 8760 8652
f 8814 8835 8867
f 8814 8867 8784
f 8784 8867 8868
f 8868 8785 8784
f 8784 8785 8762
f 8869 8708 8709
f 8869 8709 8786
f 8684 8653 8815
f 8787 8816 8618
f 8870 8710 8686
f 8710 8871 8619
f 8655 8838 8837
f 8599 8655 8837
f 8659 8790 8737
f 8620 8621 8872
f 8872 8621 8657
f 8598 8873 8764
f 8839 8874 8658
f 8840 8839 8689
f 8840 8626 8741
f 8875 8842 8792
f 8875 8792 8767
f 8876 8715 8765
f 8739 8842 8841
f 8821 8877 8741
f 8878 8742 8715
f 8879 8846 8717
f 8879 8717 8822
f 8770 8845 8880
f 8848 8770 8880
f 8821 8743 8794
f 8744 8693 8881
f 8881 8693 8882
f 8694 8883 8769
f 8849 8773 8848
f 8796 8850 8696
f 8799 8884 8746
f 8851 8885 8775
f 8798 8722 8852
f 8635 8824 8636
f 8886 8827 8670
f 8670 8802 8886
f 8887 8751 8750
f 8888 8750 8749
f 8885 8724 8775
f 8751 8889 8776
f 8890 8777 8725
f 8804 8890 8725
f 8805 8804 8752
f 8805 8778 8891
f 8892 8754 8893
f 8779 8893 8754
f 8894 8728 8673
f 8831 8675 8859
f 8831 8895 8702
f 8648 8676 8861
f 8896 8731 8702
f 8731 8863 8732
f 8732 8863 8677
f 8703 8733 8862
f 8897 8862 8733
f 8809 8897 8733
f 8650 8898 8705
f 8704 8781 8679
f 8736 8899 8757
f 8782 8833 8864
f 8783 8782 8864
f 8899 8736 8900
f 8706 8900 8736
f 8760 8901 8834
f 8812 8865 8902
f 8812 8902 8866
f 8836 8901 8760
f 8866 8903 8813
f 8813 8903 8835
f 8867 8835 8904
f 8869 8763 8708
f 8816 8786 8685
f 8870 8686 8817
f 8871 8656 8619
f 8819 8791 8527
f 8620 8873 8598
f 8873 8620 8872
f 8658 8905 8657
f 8874 8905 8658
f 8820 8906 8765
f 8877 8840 8741
f 8844 8767 8714
f 8740 8846 8844
f 8845 8843 8841
f 8715 8876 8878
f 8845 8841 8880
f 8880 8907 8848
f 8882 8693 8742
f 8878 8882 8742
f 8821 8794 8908
f 8881 8771 8744
f 8794 8746 8908
f 8771 8909 8795
f 8910 8823 8774
f 8795 8909 8796
f 8911 8796 8909
f 8799 8912 8884
f 8913 8802 8698
f 8827 8888 8749
f 8914 8828 8776
f 8889 8914 8776
f 8777 8912 8799
f 8915 8803 8724
f 8890 8916 8777
f 8854 8855 8700
f 8727 8917 8779
f 8857 8917 8727
f 8894 8858 8728
f 8807 8918 8755
f 8896 8702 8895
f 8808 8861 8676
f 8898 8919 8705
f 8734 8705 8919
f 8833 8734 8919
f 8810 8920 8921
f 8920 8810 8864
f 8921 8865 8810
f 8900 8706 8834
f 8903 8904 8835
f 8868 8922 8785
f 8785 8922 8815
f 8815 8787 8684
f 8871 8710 8870
f 8905 8872 8657
f 8820 8764 8873
f 8842 8875 8841
f 8923 8841 8875
f 8767 8844 8924
f 8925 8923 8875
f 8846 8926 8844
f 8907 8841 8923
f 8907 8880 8841
f 8847 8879 8822
f 8927 8847 8769
f 8849 8848 8928
f 8823 8883 8694
f 8881 8929 8771
f 8929 8909 8771
f 8884 8908 8746
f 8797 8849 8930
f 8797 8930 8851
f 8931 8824 8635
f 8932 8800 8825
f 8853 8798 8933
f 8826 8931 8635
f 8934 8748 8800
f 8935 8934 8800
f 8936 8913 8801
f 8748 8936 8801
f 8913 8698 8801
f 8937 8750 8888
f 8885 8915 8724
f 8777 8916 8912
f 8938 8854 8803
f 8939 8940 8804
f 8804 8805 8939
f 8939 8805 8891
f 8726 8941 8806
f 8778 8942 8891
f 8754 8892 8778
f 8806 8943 8780
f 8893 8779 8917
f 8943 8856 8780
f 8829 8944 8807
f 8945 8894 8673
f 8729 8945 8673
f 8946 8945 8729
f 8918 8859 8755
f 8947 8830 8756
f 8896 8863 8731
f 8862 8948 8808
f 8678 8898 8650
f 8949 8866 8902
f 8949 8903 8866
f 8869 8950 8763
f 8903 8951 8904
f 8870 8952 8871
f 8819 8953 8791
f 8954 8873 8872
f 8820 8873 8955
f 8955 8906 8820
f 8765 8906 8876
f 8767 8956 8875
f 8956 8767 8924
f 8925 8875 8956
f 8926 8924 8844
f 8957 8878 8876
f 8907 8923 8958
f 8821 8959 8877
f 8882 8878 8957
f 8959 8821 8908
f 8848 8907 8958
f 8849 8928 8930
f 8930 8960 8851
f 8796 8911 8850
f 8798 8852 8961
f 8932 8935 8800
f 8934 8936 8748
f 8962 8747 8828
f 8962 8826 8747
f 8890 8804 8940
f 8939 8891 8963
f 8963 8891 8942
f 8855 8941 8726
f 8778 8892 8942
f 8944 8964 8807
f 8964 8918 8807
f 8729 8830 8946
f 8946 8830 8965
f 8859 8895 8831
f 8863 8966 8809
f 8809 8967 8897
f 8968 8781 8704
f 8968 8704 8735
f 8864 8833 8969
f 8864 8969 8970
f 8970 8920 8864
f 8971 8902 8865
f 8901 8836 8950
f 8763 8950 8836
f 8904 8972 8867
f 8972 8973 8867
f 8867 8973 8868
f 8922 8868 8973
f 8973 8974 8922
f 8869 8786 8975
f 8922 8976 8815
f 8976 8787 8815
f 8816 8977 8786
f 8978 8789 8656
f 8953 8790 8791
f 8954 8872 8979
f 8872 8905 8979
f 8906 8955 8980
f 8840 8981 8839
f 8877 8981 8840
f 8846 8982 8926
f 8846 8879 8982
f 8883 8927 8769
f 8928 8848 8958
f 8983 8883 8823
f 8984 8881 8882
f 8909 8985 8911
f 8986 8910 8774
f 8774 8721 8986
f 8912 8987 8884
f 8824 8986 8721
f 8852 8850 8911
f 8961 8933 8798
f 8988 8931 8826
f 8989 8888 8827
f 8886 8989 8827
f 8937 8887 8750
f 8887 8889 8751
f 8938 8990 8854
f 8854 8990 8855
f 8939 8963 8940
f 8806 8941 8943
f 8894 8945 8991
f 8860 8947 8756
f 8808 8948 8861
f 8992 8863 8896
f 8993 8862 8897
f 8897 8967 8993
f 8994 8898 8678
f 8832 8994 8678
f 8898 8995 8919
f 8757 8996 8735
f 8900 8997 8899
f 8998 8865 8921
f 8997 8900 8834
f 8971 8949 8902
f 8951 8999 8904
f 8904 8999 8972
f 8871 8978 8656
f 9000 9001 8838
f 8737 9000 8838
f 9002 8873 8954
f 8955 8873 9002
f 8874 8979 8905
f 8955 9002 8980
f 8906 8980 9003
f 9003 8876 8906
f 8876 9003 8957
f 8956 8924 9004
f 9004 8924 8926
f 9005 8925 8956
f 8981 8877 8959
f 9006 8982 8879
f 9007 9006 8879
f 8923 9008 8958
f 8879 8847 9007
f 9009 8959 8908
f 9009 8908 9010
f 9011 8929 8881
f 8984 9011 8881
f 8884 9010 8908
f 8929 9011 8909
f 9010 8884 8987
f 8985 8909 9011
f 9012 8986 8824
f 8960 8885 8851
f 9013 8825 8853
f 9013 8853 8933
f 8912 9014 8987
f 8886 8802 8913
f 8962 8828 9015
f 8914 9015 8828
f 8916 9014 8912
f 9016 9014 8916
f 8915 8938 8803
f 8890 9016 8916
f 8940 9016 8890
f 8857 9017 8917
f 8943 9018 8856
f 8894 8991 8858
f 9019 8965 8830
f 8947 9019 8830
f 8967 8809 8966
f 8735 8996 8968
f 8833 8919 8969
f 9020 8920 8970
f 8921 8920 8998
f 8865 8998 8971
f 8834 8901 9021
f 8950 9021 8901
f 8903 8949 9022
f 9022 9023 8903
f 8903 9023 8951
f 8999 9024 8972
f 8974 9025 8922
f 9025 8976 8922
f 9026 8818 8788
f 9001 8837 8838
f 8819 8789 8978
f 9027 9000 8737
f 9027 8737 8790
f 8953 9027 8790
f 8954 9028 9002
f 9029 8954 8979
f 9028 8954 9029
f 9030 8957 9003
f 9005 8923 8925
f 9005 9008 8923
f 9030 9031 8957
f 8927 9007 8847
f 9031 8882 8957
f 8928 8958 9008
f 8983 8927 8883
f 9032 8983 8823
f 9032 8823 8910
f 8911 8985 9033
f 9034 8934 8935
f 8932 9034 8935
f 9035 8932 8825
f 9035 8825 9013
f 8852 9036 8961
f 8911 9036 8852
f 9036 8911 9033
f 8960 9037 8885
f 8888 8989 9038
f 9037 8915 8885
f 9016 9039 9014
f 8915 9040 8938
f 9016 8940 9041
f 8940 9042 9041
f 8963 9042 8940
f 8892 9043 8942
f 8892 9044 9043
f 8893 9044 8892
f 9017 8857 8991
f 8856 9045 8829
f 8857 8858 8991
f 8944 8829 9045
f 8945 9046 8991
f 8946 8965 9047
f 8964 9048 8918
f 9049 8859 8918
f 8859 9049 9050
f 9051 8947 8860
f 9050 8895 8859
f 9052 9051 8860
f 8861 9052 8860
f 9053 8863 8992
f 9053 8966 8863
f 8994 9054 8898
f 8968 8832 8781
f 8968 9055 8832
f 9056 8996 8757
f 8899 9056 8757
f 8998 9057 8971
f 9058 8949 8971
f 8869 8975 9059
f 8977 8975 8786
f 8870 8817 9060
f 9026 8788 8837
f 8837 9001 9026
f 9061 8819 8978
f 8819 9061 8953
f 9002 9028 8980
f 8839 9062 8874
f 8981 9062 8839
f 9063 9062 8981
f 8959 9063 8981
f 9064 9005 8956
f 8926 8982 9004
f 9065 9007 8927
f 9008 9066 8928
f 9031 8984 8882
f 8928 9067 8930
f 8985 9011 9068
f 8985 9068 9033
f 9012 8824 8931
f 9014 9039 8987
f 8962 8988 8826
f 9069 9015 8914
f 8889 9069 8914
f 9042 9070 9041
f 8963 9071 9072
f 8963 9072 9042
f 8942 9071 8963
f 8942 9043 9071
f 9044 8893 9073
f 8917 9073 8893
f 9074 8943 8941
f 9018 9045 8856
f 9047 8965 9075
f 8965 9019 9075
f 8918 9048 9049
f 8947 9051 9019
f 9076 8896 8895
f 9077 8861 8948
f 8992 8896 9076
f 9053 9078 8966
f 8966 9078 8967
f 8862 8993 9079
f 9055 8994 8832
f 8969 8919 8995
f 9080 9020 8970
f 9056 8899 8997
f 8920 9081 8998
f 8920 9020 9081
f 9058 8971 9057
f 9022 8949 9058
f 8869 9059 8950
f 9023 8999 8951
f 9024 9082 8972
f 8972 9082 8973
f 9083 9025 8974
f 8787 9084 8816
f 9084 8977 8816
f 8818 9060 8817
f 9085 9027 8953
f 9061 9085 8953
f 9086 9029 8979
f 8874 9086 8979
f 9087 8980 9028
f 9062 9086 8874
f 9087 9003 8980
f 9003 9087 9088
f 9088 9030 9003
f 9064 8956 9004
f 8982 9089 9004
f 8959 9009 9063
f 9030 9088 9090
f 9009 9091 9063
f 9030 9090 9031
f 9065 8927 9092
f 9010 9091 9009
f 9010 9093 9094
f 9067 8928 9066
f 8984 9031 9095
f 9095 9011 8984
f 8987 9093 9010
f 8930 9067 8960
f 9011 9096 9068
f 9068 9097 9033
f 8987 9039 9093
f 8960 9067 9037
f 9098 9012 8931
f 9098 8931 8988
f 9099 8936 8934
f 9100 8989 8886
f 8913 9101 8886
f 9036 9033 9102
f 9038 8937 8888
f 9103 8889 8887
f 9016 9104 9039
f 9016 9041 9104
f 9072 9070 9042
f 9018 8943 9074
f 9017 9073 8917
f 9017 9105 9073
f 9046 8945 8946
f 9106 9076 8895
f 9077 9052 8861
f 8862 9079 8948
f 9079 9077 8948
f 9107 9053 8992
f 8995 9108 8969
f 9108 8970 8969
f 8970 9108 9080
f 9081 9057 8998
f 8950 9109 9021
f 9023 9022 9110
f 9025 9084 8976
f 8976 9084 8787
f 9084 9111 8977
f 9112 8871 8952
f 9113 8978 8871
f 8871 9112 9113
f 9114 8978 9113
f 9114 9061 8978
f 9115 9086 9062
f 9063 9115 9062
f 9091 9115 9063
f 9004 9089 9064
f 9064 9116 9005
f 9006 9117 8982
f 9117 9118 8982
f 9005 9119 9008
f 9119 9005 9116
f 9007 9117 9006
f 9094 9091 9010
f 8927 8983 9092
f 9120 9092 8983
f 9095 9031 9090
f 9011 9095 9096
f 8986 9032 8910
f 9121 9068 9096
f 9067 9122 9037
f 9039 9123 9093
f 9068 9121 9124
f 9125 9097 9068
f 9125 9068 9124
f 9033 9097 9102
f 9101 8913 8936
f 9101 8936 9099
f 9099 8934 9034
f 9035 9034 8932
f 9038 8989 9100
f 9101 9100 8886
f 9013 8933 9126
f 9126 8933 9127
f 8933 8961 9127
f 8961 9128 9127
f 9128 8961 9036
f 9104 9123 9039
f 9037 9129 8915
f 9129 9040 8915
f 9070 9130 9041
f 9072 9130 9070
f 9043 9131 9071
f 9044 9131 9043
f 8855 9132 8941
f 9073 9133 9044
f 9132 9074 8941
f 8991 9134 9017
f 9046 9134 8991
f 9047 9135 8946
f 9046 8946 9135
f 9136 9075 9019
f 9050 9106 8895
f 9137 8968 8996
f 9138 9020 9080
f 9056 8997 9139
f 8997 8834 9139
f 9021 9140 8834
f 9141 9022 9058
f 9142 9082 9024
f 8973 9083 8974
f 9082 9083 8973
f 9143 9060 8818
f 9026 9143 8818
f 9144 8952 8870
f 8870 9060 9144
f 9144 9112 8952
f 9145 9001 9000
f 9028 9029 9087
f 9115 9029 9086
f 9146 9029 9115
f 9146 9087 9029
f 9146 9088 9087
f 9115 9091 9146
f 9147 9088 9146
f 9116 9064 9089
f 9065 9117 9007
f 9147 9090 9088
f 9148 9091 9094
f 9066 9008 9119
f 9032 9120 8983
f 9090 9149 9095
f 9093 9150 9094
f 9096 9095 9149
f 9123 9150 9093
f 9121 9096 9124
f 9151 9101 9099
f 9152 8937 9038
f 9097 9153 9102
f 9154 8988 8962
f 8962 9015 9154
f 9152 9103 8887
f 9152 8887 8937
f 9126 9035 9013
f 9125 9153 9097
f 9102 9155 9036
f 9124 9156 9125
f 9128 9036 9155
f 9155 9102 9157
f 9157 9102 9153
f 9041 9158 9104
f 9130 9158 9041
f 9156 9158 9130
f 9159 9156 9130
f 9072 9159 9130
f 9071 9159 9072
f 9071 9131 9160
f 9161 8990 8938
f 9132 8855 8990
f 9017 9134 9105
f 9074 9162 9018
f 9018 9162 9045
f 9163 8944 9045
f 9163 9164 8944
f 8944 9164 8964
f 9019 9051 9136
f 9077 9165 9052
f 9076 9107 8992
f 9078 8993 8967
f 9054 8995 8898
f 9137 9055 8968
f 9080 9166 9138
f 9138 9081 9020
f 9021 9109 9140
f 9110 9022 9141
f 9059 9167 8950
f 9023 9168 8999
f 9168 9024 8999
f 9169 9143 9026
f 9026 9001 9169
f 9145 9169 9001
f 9170 9000 9027
f 9145 9000 9170
f 9170 9027 9085
f 9148 9146 9091
f 9118 9089 8982
f 9171 9146 9148
f 9171 9147 9146
f 9119 9116 9172
f 9094 9173 9148
f 9173 9171 9148
f 9150 9173 9094
f 9066 9119 9172
f 9147 9149 9090
f 9147 9171 9174
f 9172 9067 9066
f 9149 9147 9174
f 9175 9067 9172
f 9176 9173 9150
f 9175 9122 9067
f 9177 9096 9149
f 9178 9032 8986
f 9179 9096 9177
f 9012 9180 8986
f 9124 9096 9179
f 9123 9176 9150
f 9179 9177 9181
f 9037 9122 9182
f 9158 9179 9181
f 9181 9176 9104
f 9104 9176 9123
f 9182 9129 9037
f 9156 9124 9179
f 9158 9181 9104
f 9103 9069 8889
f 9156 9179 9158
f 9153 9125 9183
f 9183 9125 9156
f 9184 9153 9183
f 9159 9183 9156
f 9184 9157 9153
f 9185 9155 9157
f 9185 9157 9160
f 9160 9157 9184
f 9184 9183 9159
f 9160 9184 9071
f 9071 9184 9159
f 9161 8938 9040
f 9044 9186 9131
f 9044 9133 9187
f 9045 9162 9163
f 9164 9048 8964
f 9048 9188 9049
f 9189 9136 9051
f 9190 9106 9050
f 9053 9107 9191
f 9053 9191 9078
f 9192 9137 8996
f 8834 9140 9139
f 9193 9058 9057
f 9193 9141 9058
f 9142 9194 9082
f 9195 9082 9194
f 9196 8977 9111
f 8977 9196 8975
f 9197 9116 9089
f 9116 9198 9172
f 9174 9171 9173
f 9199 9120 9032
f 9176 9174 9173
f 9177 9149 9174
f 9178 8986 9180
f 9181 9177 9174
f 9181 9174 9176
f 9012 9098 9180
f 9180 9098 9200
f 9154 9201 8988
f 9202 9099 9034
f 9203 9152 9038
f 9203 9038 9100
f 9126 9204 9035
f 9205 9204 9126
f 9205 9126 9127
f 9129 9206 9040
f 9128 9207 9127
f 9208 9128 9155
f 9185 9208 9155
f 9160 9209 9185
f 9186 9160 9131
f 9187 9186 9044
f 9161 9132 8990
f 9073 9210 9133
f 9210 9073 9105
f 9210 9105 9211
f 9048 9164 9212
f 9048 9212 9188
f 9190 9050 9049
f 9051 9213 9189
f 9051 9052 9213
f 9214 8993 9078
f 9214 9079 8993
f 9215 8994 9055
f 8995 9216 9108
f 9108 9216 9080
f 9217 8996 9056
f 9218 9081 9138
f 9081 9219 9057
f 9219 9081 9218
f 9219 9193 9057
f 9110 9168 9023
f 9168 9142 9024
f 9195 9083 9082
f 9118 9197 9089
f 9092 9120 9220
f 9220 9120 9199
f 9199 9032 9178
f 9200 8988 9201
f 9200 9098 8988
f 9151 9099 9202
f 9182 9221 9129
f 9222 9034 9035
f 9069 9154 9015
f 9035 9204 9222
f 9221 9206 9129
f 9208 9207 9128
f 9209 9208 9185
f 9186 9209 9160
f 9105 9134 9211
f 9223 9224 9134
f 9046 9223 9134
f 9047 9225 9135
f 9226 9225 9047
f 9047 9075 9226
f 9075 9136 9226
f 9106 9227 9076
f 9079 9165 9077
f 9215 9054 8994
f 9215 9055 9228
f 9137 9228 9055
f 8996 9217 9192
f 9229 9138 9166
f 9217 9056 9139
f 9230 9141 9193
f 9230 9110 9141
f 8950 9231 9109
f 8950 9167 9231
f 9232 9168 9110
f 9195 9233 9083
f 9059 8975 9196
f 9145 9234 9169
f 9145 9235 9234
f 9236 9118 9117
f 9116 9237 9198
f 9122 9238 9182
f 9239 9100 9101
f 9240 9204 9205
f 9241 9240 9205
f 9127 9242 9205
f 9127 9207 9242
f 9241 9205 9242
f 9243 9242 9207
f 9206 9244 9040
f 9243 9207 9208
f 9244 9161 9040
f 9245 9208 9209
f 9186 9245 9209
f 9133 9246 9187
f 9246 9133 9210
f 9247 9074 9132
f 9134 9224 9211
f 9247 9162 9074
f 9223 9046 9135
f 9226 9136 9189
f 9188 9190 9049
f 9213 9052 9165
f 9248 9076 9227
f 9248 9107 9076
f 9079 9249 9165
f 9249 9079 9214
f 9078 9191 9214
f 9250 9216 8995
f 9250 8995 9251
f 9252 9137 9192
f 9216 9166 9080
f 9229 9253 9138
f 9253 9218 9138
f 9217 9139 9140
f 9230 9193 9219
f 9254 9109 9231
f 9230 9232 9110
f 9255 9168 9232
f 9168 9255 9142
f 9142 9255 9194
f 9256 9195 9194
f 9059 9196 9257
f 9083 9258 9025
f 9258 9084 9025
f 9085 9061 9259
f 9085 9259 9260
f 9170 9085 9260
f 9197 9118 9236
f 9261 9117 9065
f 9092 9261 9065
f 9197 9237 9116
f 9092 9220 9261
f 9238 9172 9198
f 9175 9172 9238
f 9122 9175 9238
f 9203 9262 9152
f 9101 9151 9239
f 9263 9103 9152
f 9264 9100 9239
f 9202 9034 9222
f 9242 9243 9241
f 9245 9243 9208
f 9187 9265 9186
f 9187 9246 9265
f 9266 9132 9161
f 9210 9267 9246
f 9211 9267 9210
f 9164 9268 9212
f 9188 9212 9268
f 9269 9227 9106
f 9270 8995 9054
f 9252 9228 9137
f 9271 9166 9216
f 9109 9254 9140
f 9272 9232 9230
f 9256 9194 9255
f 9167 9273 9231
f 9167 9059 9257
f 9274 9233 9195
f 9233 9258 9083
f 9060 9143 9275
f 9275 9144 9060
f 9275 9276 9144
f 9277 9113 9112
f 9278 9114 9113
f 9170 9235 9145
f 9061 9114 9259
f 9197 9279 9237
f 9238 9198 9237
f 9178 9220 9199
f 9280 9182 9238
f 9280 9221 9182
f 9201 9154 9281
f 9262 9263 9152
f 9203 9100 9264
f 9202 9282 9151
f 9103 9283 9069
f 9284 9154 9069
f 9204 9285 9222
f 9204 9240 9285
f 9221 9286 9206
f 9286 9244 9206
f 9241 9243 9287
f 9243 9245 9287
f 9245 9265 9287
f 9244 9266 9161
f 9186 9265 9245
f 9225 9288 9135
f 9135 9288 9223
f 9289 9164 9163
f 9226 9290 9225
f 9226 9189 9291
f 9190 9269 9106
f 9292 9107 9248
f 9292 9191 9107
f 9166 9271 9229
f 9218 9293 9219
f 9218 9253 9293
f 9219 9272 9230
f 9232 9294 9255
f 9294 9295 9255
f 9255 9295 9256
f 9274 9195 9256
f 9257 9273 9167
f 9296 9275 9143
f 9143 9297 9296
f 9297 9143 9169
f 9276 9112 9144
f 9277 9112 9276
f 9234 9297 9169
f 9278 9113 9277
f 9261 9236 9117
f 9220 9298 9261
f 9237 9279 9299
f 9238 9237 9299
f 9300 9283 9103
f 9263 9300 9103
f 9301 9262 9203
f 9301 9203 9264
f 9283 9284 9069
f 9241 9302 9240
f 9287 9302 9241
f 9302 9265 9303
f 9303 9265 9246
f 9246 9267 9303
f 9266 9247 9132
f 9211 9304 9267
f 9224 9304 9211
f 9247 9305 9162
f 9305 9163 9162
f 9289 9268 9164
f 9268 9306 9188
f 9306 9190 9188
f 8995 9270 9251
f 9307 9252 9192
f 9216 9250 9271
f 9217 9307 9192
f 9140 9308 9217
f 9293 9253 9309
f 9309 9253 9229
f 9309 9229 9310
f 9293 9272 9219
f 9272 9293 9294
f 9254 9231 9311
f 9232 9272 9294
f 9231 9273 9311
f 9256 9295 9312
f 9256 9312 9313
f 9233 9314 9258
f 9084 9315 9111
f 9315 9316 9111
f 9170 9260 9317
f 9318 9197 9236
f 9197 9318 9279
f 9319 9238 9299
f 9238 9319 9280
f 9320 9220 9178
f 9320 9178 9180
f 9200 9320 9180
f 9321 9239 9151
f 9321 9151 9282
f 9322 9281 9154
f 9284 9322 9154
f 9323 9202 9222
f 9265 9302 9287
f 9324 9266 9244
f 9325 9224 9223
f 9325 9304 9224
f 9326 9163 9305
f 9290 9226 9291
f 9291 9189 9327
f 9227 9269 9328
f 9328 9248 9227
f 9329 9165 9330
f 9249 9330 9165
f 9292 9214 9191
f 9249 9214 9330
f 9308 9307 9217
f 9229 9271 9331
f 9229 9331 9310
f 9308 9140 9332
f 9332 9140 9254
f 9333 9293 9309
f 9312 9309 9310
f 9333 9309 9312
f 9254 9311 9332
f 9294 9293 9333
f 9294 9333 9295
f 9295 9333 9312
f 9274 9256 9313
f 9334 9260 9259
f 9236 9261 9335
f 9298 9336 9261
f 9300 9263 9262
f 9221 9280 9286
f 9321 9264 9239
f 9337 9282 9202
f 9202 9323 9337
f 9285 9323 9222
f 9285 9240 9338
f 9302 9338 9240
f 9339 9244 9286
f 9244 9339 9324
f 9267 9304 9303
f 9288 9325 9223
f 9326 9289 9163
f 9340 9288 9225
f 9225 9290 9340
f 9341 9327 9189
f 9306 9269 9190
f 9341 9189 9213
f 9213 9165 9329
f 9328 9342 9248
f 9292 9248 9342
f 9214 9292 9343
f 9344 9215 9228
f 9345 9310 9331
f 9345 9312 9310
f 9346 9274 9313
f 9233 9274 9346
f 9233 9346 9314
f 9258 9315 9084
f 9275 9347 9276
f 9347 9275 9296
f 9297 9348 9349
f 9234 9348 9297
f 9350 9114 9278
f 9235 9170 9317
f 9334 9317 9260
f 9236 9335 9318
f 9261 9336 9335
f 9320 9298 9220
f 9200 9201 9320
f 9286 9280 9351
f 9201 9281 9352
f 9262 9301 9353
f 9301 9264 9354
f 9354 9264 9321
f 9302 9303 9355
f 9305 9247 9266
f 9340 9356 9288
f 9357 9268 9289
f 9358 9268 9357
f 9358 9306 9268
f 9291 9359 9290
f 9306 9360 9269
f 9214 9343 9330
f 9344 9054 9215
f 9361 9271 9250
f 9308 9362 9307
f 9271 9361 9331
f 9345 9313 9312
f 9276 9347 9363
f 9297 9349 9296
f 9276 9364 9277
f 9114 9350 9259
f 9336 9365 9335
f 9299 9279 9366
f 9367 9298 9320
f 9320 9201 9352
f 9353 9300 9262
f 9368 9283 9300
f 9368 9284 9283
f 9369 9354 9321
f 9282 9369 9321
f 9286 9351 9339
f 9323 9285 9338
f 9339 9370 9324
f 9355 9338 9302
f 9304 9371 9303
f 9325 9371 9304
f 9325 9288 9372
f 9326 9373 9289
f 9357 9289 9373
f 9328 9269 9374
f 9342 9375 9292
f 9343 9292 9376
f 9250 9251 9361
f 9377 9331 9361
f 9378 9345 9331
f 9378 9313 9345
f 9296 9349 9379
f 9364 9276 9363
f 9235 9380 9234
f 9381 9259 9350
f 9381 9334 9259
f 9366 9279 9318
f 9319 9299 9366
f 9367 9336 9298
f 9351 9280 9319
f 9382 9320 9352
f 9300 9383 9368
f 9383 9300 9353
f 9384 9352 9281
f 9385 9353 9301
f 9354 9385 9301
f 9384 9281 9322
f 9282 9337 9369
f 9322 9284 9386
f 9337 9323 9387
f 9338 9388 9323
f 9388 9338 9355
f 9388 9355 9371
f 9303 9371 9355
f 9324 9370 9266
f 9266 9370 9389
f 9266 9389 9305
f 9288 9356 9372
f 9290 9390 9340
f 9290 9359 9390
f 9359 9291 9327
f 9213 9391 9341
f 9329 9391 9213
f 9392 9328 9374
f 9392 9342 9328
f 9292 9375 9376
f 9361 9251 9393
f 9377 9361 9393
f 9377 9394 9331
f 9394 9378 9331
f 9346 9313 9395
f 9296 9379 9347
f 9235 9317 9380
f 9336 9396 9365
f 9320 9382 9367
f 9353 9385 9397
f 9386 9284 9368
f 9398 9369 9337
f 9351 9399 9339
f 9323 9400 9387
f 9388 9400 9323
f 9399 9370 9339
f 9325 9401 9371
f 9372 9401 9325
f 9305 9389 9402
f 9305 9402 9403
f 9305 9403 9326
f 9356 9404 9372
f 9403 9373 9326
f 9356 9340 9390
f 9306 9358 9405
f 9360 9306 9405
f 9374 9269 9360
f 9392 9375 9342
f 9330 9406 9329
f 9330 9343 9406
f 9344 9270 9054
f 9270 9407 9251
f 9408 9344 9228
f 9228 9252 9408
f 9409 9408 9252
f 9311 9410 9332
f 9395 9313 9378
f 9314 9346 9411
f 9273 9257 9412
f 9257 9196 9413
f 9413 9111 9316
f 9111 9413 9196
f 9414 9381 9350
f 9317 9334 9415
f 9416 9318 9335
f 9416 9335 9365
f 9366 9318 9416
f 9352 9417 9382
f 9351 9319 9418
f 9419 9368 9383
f 9386 9368 9419
f 9384 9322 9420
f 9369 9398 9354
f 9388 9421 9400
f 9399 9422 9370
f 9371 9421 9388
f 9389 9370 9422
f 9371 9401 9421
f 9390 9423 9356
f 9424 9358 9357
f 9360 9405 9425
f 9374 9360 9425
f 9391 9329 9406
f 9376 9426 9343
f 9343 9426 9406
f 9407 9393 9251
f 9362 9409 9307
f 9362 9308 9427
f 9332 9427 9308
f 9311 9428 9410
f 9412 9428 9273
f 9311 9273 9428
f 9413 9412 9257
f 9429 9277 9364
f 9277 9429 9278
f 9278 9430 9350
f 9430 9414 9350
f 9381 9415 9334
f 9431 9365 9396
f 9432 9366 9416
f 9396 9336 9433
f 9367 9433 9336
f 9319 9366 9418
f 9366 9432 9418
f 9353 9397 9383
f 9417 9352 9384
f 9434 9397 9385
f 9354 9434 9385
f 9435 9354 9398
f 9398 9337 9387
f 9401 9372 9404
f 9403 9436 9373
f 9356 9423 9404
f 9405 9358 9424
f 9437 9341 9438
f 9437 9327 9341
f 9425 9439 9374
f 9374 9439 9392
f 9406 9440 9391
f 9441 9376 9375
f 9252 9307 9409
f 9442 9443 9377
f 9442 9377 9393
f 9332 9410 9427
f 9378 9444 9395
f 9395 9411 9346
f 9379 9349 9445
f 9234 9446 9348
f 9430 9278 9429
f 9446 9380 9447
f 9446 9234 9380
f 9317 9447 9380
f 9365 9431 9416
f 9433 9367 9382
f 9397 9434 9448
f 9417 9384 9420
f 9386 9420 9322
f 9434 9354 9435
f 9449 9351 9418
f 9399 9351 9449
f 9387 9450 9398
f 9449 9422 9399
f 9421 9451 9400
f 9452 9451 9421
f 9452 9421 9401
f 9389 9422 9453
f 9402 9389 9453
f 9404 9452 9401
f 9359 9454 9423
f 9359 9423 9390
f 9437 9454 9327
f 9327 9454 9359
f 9426 9376 9441
f 9407 9270 9455
f 9455 9270 9344
f 9377 9443 9394
f 9456 9315 9258
f 9363 9347 9457
f 9458 9447 9317
f 9415 9458 9317
f 9433 9431 9396
f 9432 9416 9459
f 9459 9416 9431
f 9460 9433 9382
f 9460 9382 9461
f 9382 9417 9461
f 9462 9383 9397
f 9463 9386 9419
f 9386 9464 9420
f 9400 9451 9387
f 9453 9403 9402
f 9373 9436 9465
f 9423 9466 9404
f 9357 9373 9465
f 9357 9465 9424
f 9424 9467 9405
f 9467 9425 9405
f 9391 9468 9341
f 9468 9391 9440
f 9392 9469 9375
f 9469 9441 9375
f 9470 9426 9441
f 9406 9426 9440
f 9443 9471 9394
f 9471 9378 9394
f 9444 9378 9471
f 9444 9472 9395
f 9395 9472 9411
f 9411 9456 9314
f 9314 9456 9258
f 9473 9413 9316
f 9363 9457 9364
f 9459 9431 9433
f 9418 9432 9474
f 9474 9432 9459
f 9459 9433 9475
f 9460 9461 9476
f 9419 9477 9463
f 9477 9419 9383
f 9477 9383 9462
f 9461 9417 9420
f 9418 9478 9479
f 9464 9386 9480
f 9480 9386 9463
f 9449 9418 9479
f 9481 9434 9435
f 9481 9435 9482
f 9398 9482 9435
f 9422 9449 9453
f 9451 9450 9387
f 9483 9451 9452
f 9403 9453 9484
f 9403 9484 9436
f 9466 9452 9404
f 9423 9485 9466
f 9341 9468 9438
f 9486 9392 9439
f 9392 9486 9469
f 9344 9487 9455
f 9488 9442 9393
f 9393 9407 9488
f 9489 9444 9471
f 9412 9413 9473
f 9490 9473 9316
f 9347 9445 9457
f 9347 9379 9445
f 9364 9457 9491
f 9349 9492 9445
f 9348 9492 9349
f 9493 9364 9491
f 9446 9492 9348
f 9493 9429 9364
f 9433 9460 9475
f 9478 9418 9474
f 9474 9459 9475
f 9462 9397 9448
f 9420 9464 9494
f 9495 9448 9434
f 9434 9481 9495
f 9450 9482 9398
f 9479 9453 9449
f 9484 9496 9436
f 9452 9466 9483
f 9465 9497 9424
f 9424 9497 9467
f 9454 9485 9423
f 9467 9497 9425
f 9468 9440 9498
f 9470 9440 9426
f 9427 9499 9362
f 9444 9489 9500
f 9500 9472 9444
f 9472 9501 9411
f 9490 9316 9315
f 9430 9429 9493
f 9447 9458 9446
f 9502 9474 9475
f 9460 9503 9475
f 9503 9460 9504
f 9504 9460 9476
f 9463 9505 9480
f 9476 9461 9494
f 9494 9461 9420
f 9478 9474 9502
f 9506 9495 9481
f 9479 9478 9502
f 9507 9482 9450
f 9453 9479 9484
f 9484 9479 9502
f 9484 9502 9508
f 9507 9450 9483
f 9483 9450 9451
f 9496 9484 9508
f 9436 9496 9509
f 9436 9509 9465
f 9510 9465 9509
f 9454 9511 9485
f 9511 9454 9437
f 9425 9497 9512
f 9437 9438 9513
f 9514 9425 9512
f 9439 9425 9514
f 9439 9514 9486
f 9468 9515 9438
f 9486 9516 9469
f 9517 9440 9470
f 9455 9488 9407
f 9518 9487 9344
f 9344 9408 9518
f 9519 9443 9442
f 9520 9471 9443
f 9520 9443 9519
f 9427 9410 9499
f 9521 9471 9520
f 9411 9501 9456
f 9315 9456 9490
f 9522 9491 9457
f 9522 9457 9523
f 9492 9446 9524
f 9525 9430 9493
f 9446 9458 9526
f 9527 9381 9414
f 9505 9463 9477
f 9503 9502 9475
f 9503 9504 9528
f 9506 9481 9529
f 9508 9502 9503
f 9529 9481 9482
f 9482 9507 9529
f 9508 9503 9528
f 9530 9529 9507
f 9496 9508 9531
f 9466 9532 9483
f 9485 9532 9466
f 9510 9497 9465
f 9497 9510 9533
f 9497 9533 9512
f 9437 9513 9511
f 9515 9513 9438
f 9486 9514 9516
f 9469 9516 9534
f 9534 9441 9469
f 9534 9470 9441
f 9498 9440 9517
f 9470 9535 9517
f 9488 9455 9536
f 9409 9518 9408
f 9537 9519 9442
f 9410 9538 9499
f 9521 9489 9471
f 9501 9539 9456
f 9457 9445 9540
f 9491 9541 9493
f 9446 9526 9524
f 9430 9525 9527
f 9414 9430 9527
f 9542 9415 9381
f 9415 9542 9458
f 9448 9495 9462
f 9495 9543 9462
f 9544 9504 9476
f 9544 9476 9494
f 9528 9504 9544
f 9545 9494 9464
f 9506 9529 9546
f 9531 9508 9528
f 9529 9530 9546
f 9496 9531 9509
f 9547 9530 9507
f 9547 9507 9483
f 9532 9547 9483
f 9510 9509 9533
f 9485 9548 9532
f 9485 9511 9548
f 9468 9498 9515
f 9470 9534 9535
f 9488 9549 9442
f 9550 9537 9442
f 9428 9551 9410
f 9552 9428 9412
f 9553 9501 9472
f 9524 9554 9492
f 9381 9527 9555
f 9381 9555 9542
f 9477 9556 9505
f 9556 9477 9462
f 9556 9462 9543
f 9557 9544 9494
f 9545 9464 9480
f 9546 9495 9506
f 9558 9528 9544
f 9557 9494 9545
f 9531 9528 9558
f 9530 9559 9546
f 9560 9531 9558
f 9531 9560 9561
f 9547 9559 9530
f 9547 9562 9559
f 9509 9531 9561
f 9532 9562 9547
f 9509 9561 9533
f 9532 9548 9562
f 9513 9548 9511
f 9533 9561 9512
f 9515 9563 9513
f 9516 9512 9564
f 9514 9512 9516
f 9498 9565 9515
f 9566 9535 9534
f 9498 9517 9565
f 9536 9567 9488
f 9442 9549 9550
f 9487 9536 9455
f 9537 9568 9519
f 9569 9362 9499
f 9568 9520 9519
f 9569 9499 9538
f 9489 9570 9500
f 9553 9472 9500
f 9473 9552 9412
f 9539 9490 9456
f 9457 9540 9523
f 9505 9571 9480
f 9505 9556 9571
f 9546 9543 9495
f 9571 9545 9480
f 9572 9545 9571
f 9558 9544 9557
f 9557 9545 9572
f 9573 9558 9557
f 9560 9558 9573
f 9562 9574 9559
f 9561 9560 9575
f 9574 9562 9548
f 9576 9561 9575
f 9576 9512 9561
f 9513 9577 9548
f 9563 9577 9513
f 9564 9512 9578
f 9563 9515 9565
f 9516 9564 9534
f 9534 9564 9566
f 9567 9549 9488
f 9518 9579 9487
f 9580 9409 9362
f 9580 9362 9569
f 9538 9410 9551
f 9521 9581 9489
f 9551 9428 9552
f 9581 9570 9489
f 9541 9491 9522
f 9582 9445 9492
f 9541 9583 9493
f 9493 9583 9525
f 9458 9542 9526
f 9584 9543 9546
f 9559 9584 9546
f 9585 9572 9571
f 9573 9557 9572
f 9586 9573 9572
f 9575 9560 9573
f 9577 9574 9548
f 9587 9576 9575
f 9578 9576 9587
f 9512 9576 9578
f 9564 9578 9588
f 9564 9588 9566
f 9589 9566 9588
f 9535 9566 9589
f 9535 9589 9517
f 9517 9589 9565
f 9518 9409 9580
f 9500 9570 9553
f 9501 9553 9590
f 9539 9501 9590
f 9582 9540 9445
f 9492 9554 9582
f 9591 9525 9583
f 9592 9556 9543
f 9593 9571 9556
f 9593 9556 9592
f 9584 9592 9543
f 9585 9571 9593
f 9586 9572 9585
f 9586 9585 9594
f 9574 9595 9584
f 9574 9584 9559
f 9573 9586 9575
f 9587 9575 9586
f 9578 9587 9588
f 9596 9597 9577
f 9596 9577 9563
f 9565 9596 9563
f 9536 9487 9567
f 9537 9598 9568
f 9599 9520 9568
f 9600 9520 9599
f 9520 9600 9521
f 9601 9522 9523
f 9540 9582 9602
f 9524 9603 9554
f 9524 9526 9603
f 9591 9604 9525
f 9605 9593 9592
f 9595 9592 9584
f 9606 9592 9595
f 9605 9585 9593
f 9585 9605 9594
f 9597 9595 9574
f 9587 9586 9594
f 9595 9597 9607
f 9577 9597 9574
f 9594 9588 9587
f 9588 9594 9608
f 9596 9607 9597
f 9589 9588 9608
f 9609 9589 9608
f 9596 9609 9607
f 9589 9609 9565
f 9565 9609 9596
f 9549 9610 9550
f 9610 9549 9567
f 9487 9579 9611
f 9612 9613 9537
f 9537 9550 9612
f 9613 9598 9537
f 9568 9598 9599
f 9521 9600 9614
f 9614 9581 9521
f 9615 9551 9552
f 9552 9616 9615
f 9552 9473 9616
f 9616 9473 9490
f 9523 9617 9618
f 9617 9523 9540
f 9602 9617 9540
f 9523 9618 9601
f 9601 9619 9522
f 9522 9619 9541
f 9603 9526 9620
f 9604 9527 9525
f 9621 9555 9527
f 9605 9592 9606
f 9608 9605 9606
f 9607 9606 9595
f 9594 9605 9608
f 9608 9606 9607
f 9609 9608 9607
f 9611 9567 9487
f 9611 9579 9622
f 9579 9518 9580
f 9623 9590 9553
f 9624 9490 9539
f 9602 9582 9554
f 9583 9541 9619
f 9527 9604 9621
f 9625 9620 9542
f 9620 9526 9542
f 9542 9555 9625
f 9610 9612 9550
f 9622 9579 9580
f 9570 9581 9626
f 9623 9553 9570
f 9539 9590 9624
f 9627 9601 9618
f 9619 9628 9583
f 9555 9629 9625
f 9611 9630 9567
f 9622 9580 9631
f 9551 9632 9538
f 9614 9626 9581
f 9623 9633 9590
f 9624 9616 9490
f 9618 9634 9627
f 9618 9617 9634
f 9555 9621 9629
f 9635 9610 9567
f 9610 9636 9612
f 9636 9613 9612
f 9613 9599 9598
f 9631 9580 9637
f 9637 9580 9569
f 9638 9569 9538
f 9638 9538 9632
f 9639 9629 9621
f 9640 9600 9599
f 9637 9569 9638
f 9640 9614 9600
f 9551 9615 9632
f 9614 9641 9626
f 9626 9623 9570
f 9633 9642 9590
f 9642 9624 9590
f 9643 9634 9617
f 9643 9617 9602
f 9643 9602 9644
f 9645 9601 9627
f 9646 9644 9602
f 9601 9645 9619
f 9645 9628 9619
f 9602 9554 9646
f 9646 9554 9603
f 9635 9647 9610
f 9630 9635 9567
f 9647 9636 9610
f 9648 9630 9611
f 9648 9611 9622
f 9649 9599 9613
f 9641 9614 9640
f 9616 9650 9615
f 9626 9651 9623
f 9583 9628 9652
f 9653 9620 9625
f 9604 9639 9621
f 9654 9635 9630
f 9631 9648 9622
f 9626 9641 9655
f 9655 9651 9626
f 9650 9616 9624
f 9623 9651 9633
f 9656 9624 9642
f 9645 9627 9657
f 9658 9603 9620
f 9652 9659 9583
f 9583 9659 9591
f 9659 9604 9591
f 9659 9660 9604
f 9625 9629 9653
f 9661 9647 9635
f 9648 9654 9630
f 9613 9636 9649
f 9631 9637 9662
f 9651 9642 9633
f 9627 9634 9657
f 9603 9658 9646
f 9653 9658 9620
f 9663 9629 9639
f 9653 9629 9663
f 9635 9654 9661
f 9662 9637 9638
f 9664 9638 9632
f 9632 9615 9665
f 9650 9665 9615
f 9634 9643 9666
f 9660 9639 9604
f 9667 9661 9654
f 9668 9649 9636
f 9669 9654 9648
f 9631 9662 9648
f 9640 9599 9649
f 9641 9640 9670
f 9624 9656 9650
f 9642 9651 9671
f 9657 9634 9672
f 9657 9673 9645
f 9674 9644 9646
f 9675 9663 9639
f 9636 9647 9668
f 9669 9667 9654
f 9662 9669 9648
f 9664 9662 9638
f 9632 9665 9664
f 9676 9665 9650
f 9656 9676 9650
f 9634 9666 9672
f 9644 9677 9643
f 9646 9678 9674
f 9678 9646 9658
f 9660 9675 9639
f 9661 9679 9647
f 9662 9664 9680
f 9641 9670 9681
f 9655 9641 9681
f 9671 9682 9642
f 9677 9666 9643
f 9645 9673 9683
f 9645 9683 9628
f 9684 9685 9653
f 9653 9685 9658
f 9659 9686 9660
f 9653 9663 9684
f 9675 9684 9663
f 9679 9668 9647
f 9662 9687 9669
f 9676 9680 9664
f 9676 9664 9665
f 9655 9671 9651
f 9642 9682 9688
f 9642 9688 9656
f 9657 9672 9673
f 9674 9677 9644
f 9658 9685 9678
f 9652 9686 9659
f 9649 9689 9640
f 9662 9690 9687
f 9680 9690 9662
f 9691 9640 9689
f 9691 9670 9640
f 9676 9656 9692
f 9681 9671 9655
f 9692 9656 9688
f 9628 9683 9693
f 9628 9693 9652
f 9686 9675 9660
f 9649 9668 9694
f 9680 9695 9690
f 9696 9670 9691
f 9676 9695 9680
f 9681 9670 9696
f 9677 9697 9666
f 9693 9686 9652
f 9684 9698 9685
f 9698 9684 9675
f 9668 9679 9694
f 9699 9679 9661
f 9699 9661 9667
f 9700 9667 9669
f 9701 9649 9694
f 9701 9689 9649
f 9687 9700 9669
f 9702 9687 9690
f 9681 9696 9703
f 9692 9704 9676
f 9666 9697 9672
f 9705 9674 9678
f 9693 9706 9686
f 9686 9707 9675
f 9707 9698 9675
f 9708 9694 9679
f 9700 9699 9667
f 9709 9691 9689
f 9696 9691 9709
f 9676 9704 9695
f 9671 9681 9703
f 9710 9692 9688
f 9688 9682 9710
f 9674 9711 9677
f 9679 9699 9708
f 9712 9689 9701
f 9700 9687 9702
f 9689 9712 9709
f 9713 9702 9690
f 9713 9690 9695
f 9714 9671 9703
f 9704 9692 9710
f 9671 9710 9682
f 9673 9715 9683
f 9683 9716 9693
f 9717 9686 9706
f 9699 9700 9718
f 9701 9694 9708
f 9709 9719 9696
f 9719 9703 9696
f 9695 9704 9713
f 9710 9671 9714
f 9697 9677 9720
f 9711 9720 9677
f 9678 9685 9705
f 9717 9707 9686
f 9718 9708 9699
f 9712 9719 9709
f 9719 9714 9703
f 9721 9673 9672
f 9715 9673 9721
f 9716 9683 9715
f 9685 9722 9705
f 9698 9722 9685
f 9723 9706 9693
f 9724 9701 9708
f 9700 9725 9718
f 9702 9725 9700
f 9701 9724 9712
f 9713 9726 9702
f 9714 9719 9727
f 9728 9710 9727
f 9710 9728 9704
f 9714 9727 9710
f 9711 9674 9705
f 9716 9723 9693
f 9723 9729 9706
f 9707 9722 9698
f 9718 9725 9708
f 9724 9708 9725
f 9702 9726 9725
f 9730 9712 9724
f 9719 9712 9730
f 9728 9726 9713
f 9713 9704 9728
f 9731 9672 9697
f 9731 9732 9672
f 9705 9722 9711
f 9707 9717 9722
f 9717 9706 9729
f 9725 9733 9724
f 9730 9724 9733
f 9726 9733 9725
f 9719 9730 9727
f 9727 9730 9733
f 9728 9733 9726
f 9728 9727 9733
f 9734 9697 9720
f 9734 9731 9697
f 9721 9672 9732
f 9716 9715 9721
f 9735 9721 9732
f 9720 9711 9734
f 9734 9711 9736
f 9735 9737 9721
f 9711 9738 9736
f 9737 9716 9721
f 9739 9716 9737
f 9738 9711 9722
f 9739 9723 9716
f 9729 9740 9717
f 9732 9731 9735
f 9741 9737 9735
f 9722 9742 9738
f 9743 9723 9739
f 9723 9743 9729
f 9742 9717 9740
f 9722 9717 9742
f 9744 9741 9735
f 9741 9745 9737
f 9746 9729 9743
f 9735 9747 9744
f 9731 9747 9735
f 9745 9741 9744
f 9737 9745 9748
f 9746 9740 9729
f 9734 9747 9731
f 9748 9749 9739
f 9737 9748 9739
f 9750 9738 9742
f 9749 9743 9739
f 9751 9747 9734
f 9736 9751 9734
f 9738 9750 9736
f 9750 9740 9752
f 9740 9750 9742
f 9740 9746 9752
f 9753 9745 9744
f 9754 9751 9736
f 9755 9748 9745
f 9749 9746 9743
f 9756 9744 9747
f 9757 9747 9751
f 9736 9750 9754
f 9749 9748 9755
f 9756 9753 9744
f 9758 9756 9747
f 9757 9758 9747
f 9759 9745 9753
f 9759 9755 9745
f 9750 9760 9754
f 9749 9755 9761
f 9749 9761 9762
f 9760 9750 9752
f 9762 9746 9749
f 9752 9763 9760
f 9762 9752 9746
f 9759 9753 9764
f 9756 9765 9753
f 9753 9765 9764
f 9764 9766 9759
f 9767 9757 9751
f 9766 9755 9759
f 9767 9751 9754
f 9762 9763 9752
f 9754 9768 9767
f 9755 9766 9769
f 9768 9754 9760
f 9755 9769 9761
f 9770 9756 9758
f 9757 9770 9758
f 9771 9769 9766
f 9761 9769 9772
f 9773 9768 9760
f 9760 9763 9773
f 9774 9763 9762
f 9765 9775 9776
f 9756 9775 9765
f 9777 9764 9776
f 9776 9764 9765
f 9767 9770 9757
f 9761 9774 9762
f 9772 9774 9761
f 9763 9774 9773
f 9775 9756 9770
f 9778 9770 9767
f 9767 9768 9778
f 9779 9766 9764
f 9771 9766 9779
f 9768 9773 9778
f 9771 9772 9769
f 9773 9774 9780
f 9774 9772 9780
f 9775 9770 9781
f 9764 9777 9779
f 9778 9773 9782
f 9780 9782 9773
f 9783 9776 9775
f 9770 9778 9781
f 9784 9772 9771
f 9785 9777 9776
f 9783 9775 9781
f 9786 9784 9771
f 9784 9787 9772
f 9772 9787 9780
f 9776 9788 9785
f 9785 9789 9777
f 9771 9779 9786
f 9780 9787 9782
f 9783 9781 9790
f 9789 9779 9777
f 9790 9781 9778
f 9791 9779 9789
f 9792 9778 9782
f 9787 9793 9782
f 9784 9793 9787
f 9783 9788 9776
f 9790 9778 9792
f 9786 9779 9791
f 9784 9786 9793
f 9783 9794 9788
f 9785 9795 9789
f 9795 9796 9789
f 9786 9791 9797
f 9782 9793 9792
f 9788 9795 9785
f 9794 9783 9798
f 9798 9783 9790
f 9789 9796 9799
f 9791 9789 9799
f 9798 9790 9800
f 9790 9792 9800
f 9797 9801 9786
f 9801 9793 9786
f 9795 9788 9802
f 9796 9795 9802
f 9792 9793 9800
f 9803 9797 9791
f 9798 9804 9794
f 9805 9802 9788
f 9794 9805 9788
f 9799 9796 9806
f 9800 9807 9798
f 9800 9793 9807
f 9801 9807 9793
f 9803 9801 9797
f 9805 9808 9802
f 9809 9805 9794
f 9802 9810 9796
f 9811 9804 9798
f 9796 9810 9806
f 9798 9812 9811
f 9807 9812 9798
f 9799 9803 9791
f 9807 9801 9813
f 9809 9794 9804
f 9813 9812 9807
f 9814 9801 9803
f 9815 9810 9802
f 9815 9802 9808
f 9799 9816 9803
f 9809 9817 9805
f 9799 9806 9818
f 9818 9816 9799
f 9814 9819 9801
f 9819 9813 9801
f 9817 9808 9805
f 9804 9811 9820
f 9820 9811 9821
f 9821 9811 9812
f 9819 9812 9813
f 9816 9814 9803
f 9804 9820 9809
f 9818 9806 9822
f 9821 9812 9819
f 9822 9806 9810
f 9823 9817 9809
f 9815 9824 9810
f 9823 9809 9820
f 9819 9814 9825
f 9815 9826 9824
f 9822 9810 9824
f 9819 9827 9821
f 9816 9825 9814
f 9808 9828 9815
f 9822 9829 9818
f 9819 9825 9827
f 9829 9816 9818
f 9828 9808 9817
f 9828 9826 9815
f 9828 9817 9830
f 9823 9830 9817
f 9822 9824 9831
f 9832 9825 9816
f 9821 9833 9820
f 9833 9821 9827
f 9829 9832 9816
f 9834 9830 9823
f 9835 9834 9823
f 9820 9835 9823
f 9835 9820 9833
f 9822 9831 9829
f 9832 9836 9825
f 9837 9838 9826
f 9837 9826 9828
f 9838 9824 9826
f 9824 9839 9831
f 9840 9833 9827
f 9836 9840 9827
f 9827 9825 9836
f 9824 9838 9839
f 9831 9839 9841
f 9831 9841 9829
f 9828 9842 9837
f 9828 9830 9842
f 9843 9836 9832
f 9842 9830 9844
f 9834 9844 9830
f 9833 9845 9835
f 9833 9840 9845
f 9829 9846 9832
f 9846 9843 9832
f 9845 9836 9843
f 9840 9836 9845
f 9838 9837 9847
f 9834 9848 9844
f 9834 9835 9848
f 9837 9849 9847
f 9842 9849 9837
f 9850 9839 9838
f 9835 9845 9848
f 9829 9841 9846
f 9844 9851 9842
f 9847 9852 9838
f 9850 9853 9839
f 9853 9841 9839
f 9846 9841 9853
f 9851 9849 9842
f 9838 9852 9850
f 9845 9843 9854
f 9849 9855 9847
f 9847 9855 9852
f 9848 9845 9854
f 9854 9843 9846
f 9851 9844 9856
f 9853 9857 9846
f 9858 9854 9846
f 9859 9855 9849
f 9851 9859 9849
f 9855 9860 9852
f 9852 9860 9850
f 9860 9861 9850
f 9861 9853 9850
f 9857 9858 9846
f 9848 9856 9844
f 9862 9848 9854
f 9853 9861 9857
f 9860 9855 9863
f 9854 9858 9862
f 9856 9859 9851
f 9856 9848 9864
f 9862 9864 9848
f 9865 9858 9857
f 9860 9866 9861
f 9857 9861 9867
f 9858 9865 9862
f 9868 9863 9855
f 9859 9868 9855
f 9863 9866 9860
f 9869 9859 9856
f 9870 9861 9866
f 9871 9865 9857
f 9869 9856 9872
f 9870 9867 9861
f 9865 9873 9862
f 9867 9871 9857
f 9869 9868 9859
f 9864 9872 9856
f 9862 9874 9864
f 9871 9873 9865
f 9866 9863 9875
f 9872 9864 9874
f 9866 9875 9870
f 9862 9873 9874
f 9863 9868 9876
f 9875 9863 9876
f 9870 9875 9877
f 9867 9878 9871
f 9878 9873 9871
f 9879 9877 9875
f 9877 9867 9870
f 9880 9878 9867
f 9881 9869 9872
f 9875 9876 9879
f 9877 9882 9867
f 9873 9878 9874
f 9883 9876 9868
f 9884 9872 9874
f 9878 9885 9874
f 9882 9880 9867
f 9883 9868 9869
f 9881 9883 9869
f 9881 9872 9884
f 9883 9886 9876
f 9882 9877 9879
f 9885 9884 9874
f 9880 9885 9878
f 9887 9885 9880
f 9881 9888 9883
f 9883 9888 9886
f 9882 9879 9889
f 9890 9880 9882
f 9891 9892 9876
f 9876 9886 9891
f 9876 9892 9879
f 9884 9893 9881
f 9884 9885 9893
f 9890 9887 9880
f 9886 9894 9891
f 9888 9895 9886
f 9888 9881 9895
f 9892 9889 9879
f 9889 9890 9882
f 9885 9887 9896
f 9895 9894 9886
f 9895 9881 9893
f 9897 9894 9895
f 9897 9895 9893
f 9891 9898 9899
f 9894 9898 9891
f 9899 9892 9891
f 9899 9900 9892
f 9900 9889 9892
f 9889 9901 9890
f 9901 9902 9890
f 9890 9896 9887
f 9902 9896 9890
f 9889 9900 9901
f 9893 9885 9896
f 9903 9900 9899
f 9904 9897 9905
f 9893 9905 9897
f 9896 9905 9893
f 9898 9906 9899
f 9906 9903 9899
f 9907 9894 9897
f 9908 9901 9900
f 9901 9909 9902
f 9910 9906 9898
f 9907 9898 9894
f 9904 9907 9897
f 9911 9908 9900
f 9896 9902 9909
f 9908 9912 9901
f 9912 9909 9901
f 9907 9910 9898
f 9913 9906 9910
f 9896 9909 9905
f 9912 9914 9909
f 9915 9913 9910
f 9907 9904 9916
f 9917 9900 9903
f 9905 9916 9904
f 9900 9917 9911
f 9916 9905 9918
f 9909 9918 9905
f 9908 9911 9912
f 9914 9918 9909
f 9919 9920 9906
f 9906 9913 9919
f 9907 9915 9910
f 9906 9920 9903
f 9903 9920 9917
f 9911 9921 9912
f 9922 9914 9912
f 9923 9915 9907
f 9907 9916 9923
f 9915 9919 9913
f 9920 9919 9924
f 9925 9917 9920
f 9911 9926 9921
f 9922 9918 9914
f 9921 9922 9912
f 9923 9927 9915
f 9924 9925 9920
f 9925 9911 9917
f 9928 9929 9916
f 9918 9928 9916
f 9928 9918 9922
f 9923 9916 9929
f 9930 9921 9926
f 9923 9931 9927
f 9925 9932 9911
f 9925 9933 9932
f 9934 9930 9926
f 9922 9921 9930
f 9924 9935 9925
f 9925 9935 9933
f 9929 9931 9923
f 9932 9934 9926
f 9911 9932 9926
f 9936 9922 9930
f 9928 9922 9936
f 9927 9937 9919
f 9927 9919 9915
f 9937 9924 9919
f 9929 9938 9931
f 9938 9929 9936
f 9928 9936 9929
f 9927 9939 9937
f 9931 9939 9927
f 9933 9940 9932
f 9941 9930 9934
f 9942 9935 9924
f 9924 9937 9942
f 9940 9933 9943
f 9943 9933 9935
f 9931 9938 9939
f 9936 9944 9938
f 9945 9932 9940
f 9932 9946 9934
f 9941 9936 9930
f 9946 9947 9934
f 9947 9941 9934
f 9935 9942 9943
f 9945 9946 9932
f 9942 9948 9943
f 9941 9944 9936
f 9949 9942 9937
f 9949 9937 9939
f 9950 9939 9938
f 9951 9938 9944
f 9948 9942 9949
f 9950 9949 9939
f 9940 9952 9945
f 9953 9944 9941
f 9951 9944 9953
f 9947 9954 9941
f 9955 9940 9943
f 9955 9952 9940
f 9950 9938 9951
f 9954 9953 9941
f 9946 9954 9947
f 9943 9948 9956
f 9955 9943 9956
f 9957 9945 9952
f 9958 9954 9946
f 9959 9953 9954
f 9960 9948 9949
f 9952 9955 9961
f 9953 9962 9951
f 9963 9946 9945
f 9957 9963 9945
f 9955 9956 9964
f 9960 9956 9948
f 9961 9955 9964
f 9950 9965 9949
f 9952 9961 9957
f 9959 9962 9953
f 9963 9966 9946
f 9958 9946 9966
f 9965 9960 9949
f 9950 9951 9962
f 9959 9958 9967
f 9954 9958 9959
f 9958 9966 9967
f 9968 9964 9956
f 9956 9960 9968
f 9964 9969 9961
f 9965 9950 9962
f 9963 9970 9966
f 9965 9968 9960
f 9957 9961 9971
f 9967 9972 9959
f 9973 9970 9963
f 9966 9970 9967
f 9964 9968 9974
f 9964 9975 9969
f 9965 9962 9976
f 9962 9977 9976
f 9972 9977 9959
f 9959 9977 9962
f 9974 9975 9964
f 9978 9968 9965
f 9978 9965 9976
f 9969 9979 9961
f 9961 9979 9971
f 9957 9971 9980
f 9980 9963 9957
f 9981 9967 9970
f 9982 9974 9968
f 9982 9968 9978
f 9975 9983 9969
f 9969 9983 9979
f 9967 9981 9984
f 9967 9984 9972
f 9985 9975 9974
f 9985 9974 9982
f 9982 9978 9976
f 9977 9972 9984
f 9986 9970 9973
f 9981 9970 9986
f 9986 9973 9987
f 9975 9988 9983
f 9985 9988 9975
f 9976 9989 9982
f 9977 9989 9976
f 9984 9990 9989
f 9984 9989 9977
f 9989 9985 9982
f 9990 9985 9989
f 9979 9991 9971
f 9992 9984 9981
f 9986 9992 9981
f 9973 9963 9987
f 9993 9979 9983
f 9983 9988 9993
f 9994 9985 9990
f 9984 9995 9990
f 9984 9992 9995
f 9971 9991 9980
f 9980 9987 9963
f 9994 9988 9985
f 9991 9979 9993
f 9994 9990 9995
f 9996 9988 9994
f 9980 9991 9997
f 9980 9997 9998
f 9980 9998 9987
f 9996 9993 9988
f 9995 9996 9994
f 9997 9991 9993
f 9999 9992 9986
f 9999 9987 9998
f 9987 9999 9986
f 9996 10000 9993
f 10000 9997 9993
f 10000 9996 9995
f 10000 9998 9997
f 9992 10000 9995
f 9999 9998 10000
f 9999 10000 9992
