2026-09-05 19:52:41,519 - step_logger_train_131507769597328 - INFO - === BenchEnv5 initialized (mode=train, visualisation=False) ===
2026-09-05 19:52:43,149 - step_logger_eval_131507022230096 - INFO - === BenchEnv5 initialized (mode=eval, visualisation=False) ===
2026-09-05 19:52:47,516 - step_logger_train_131510918926448 - INFO - === BenchEnv5 initialized (mode=train, visualisation=False) ===
2026-09-05 19:52:53,306 - step_logger_train_131510828680144 - INFO - === BenchEnv5 initialized (mode=train, visualisation=False) ===
2026-09-05 19:52:59,343 - step_logger_train_131510778907616 - INFO - === BenchEnv5 initialized (mode=train, visualisation=False) ===
2026-09-05 19:53:05,174 - step_logger_train_131510785498032 - INFO - === BenchEnv5 initialized (mode=train, visualisation=False) ===
2026-09-05 19:53:11,083 - step_logger_train_131506803613504 - INFO - === BenchEnv5 initialized (mode=train, visualisation=False) ===
2026-09-05 19:53:17,090 - step_logger_train_131507489199200 - INFO - === BenchEnv5 initialized (mode=train, visualisation=False) ===
2026-09-05 19:53:22,569 - step_logger_train_131506717718512 - INFO - === BenchEnv5 initialized (mode=train, visualisation=False) ===
2026-09-05 19:53:28,583 - step_logger_train_131506717757200 - INFO - === BenchEnv5 initialized (mode=train, visualisation=False) ===
2026-09-05 19:53:34,274 - step_logger_train_131506685856592 - INFO - === BenchEnv5 initialized (mode=train, visualisation=False) ===
2026-09-05 19:53:40,422 - step_logger_train_131507482118032 - INFO - === BenchEnv5 initialized (mode=train, visualisation=False) ===
2026-09-05 19:53:46,530 - step_logger_train_131510827899728 - INFO - === BenchEnv5 initialized (mode=train, visualisation=False) ===
2026-09-05 19:53:52,454 - step_logger_train_131507489198960 - INFO - === BenchEnv5 initialized (mode=train, visualisation=False) ===
2026-09-05 19:53:58,510 - step_logger_train_131510827858048 - INFO - === BenchEnv5 initialized (mode=train, visualisation=False) ===
2026-09-05 19:54:04,061 - step_logger_train_131506807585904 - INFO - === BenchEnv5 initialized (mode=train, visualisation=False) ===
2026-09-05 19:54:10,156 - step_logger_train_131507441225104 - INFO - === BenchEnv5 initialized (mode=train, visualisation=False) ===
2026-09-05 19:54:16,558 - step_logger_train_131507438944464 - INFO - === BenchEnv5 initialized (mode=train, visualisation=False) ===
2026-09-05 19:54:19,241 - util.agent - INFO - Synchron Agent initialized
2026-09-05 19:54:19,290 - eve_rl.runner.runner - INFO - Episode summary will be logged to /opt/eve_training/results/eve_paper/neurovascular/full/mesh_ben/2026-09-05_195236_rcca_topbrain_v2/diagnostics/csv/episode_summary.jsonl
2026-09-05 19:54:19,322 - util.agent - DEBUG - heatup (amount/limit): steps 20000.0/None | episodes None/None | custom_action_low=[[-9.0, -0.44999999999999996], [-9.0, -0.44999999999999996]]/custom_action_high=[[9.0, 0.44999999999999996], [9.0, 0.44999999999999996]]
2026-09-05 20:12:43,914 - util.agent - DEBUG - heatup: steps=20296 >= step_limit=20000 or episodes=57 >= episode_limit=inf. Setting time limit for workers to finish to 180s
2026-09-05 20:15:43,934 - util.agent - WARNING - Restaring Agent worker_6 because of Timeout
2026-09-05 20:15:43,935 - util.agent - DEBUG - Restarting Agent with task=None, step_limit=None and episode_limit=None.
2026-09-05 20:15:51,967 - step_logger_train_131507438945376 - INFO - === BenchEnv5 initialized (mode=train, visualisation=False) ===
2026-09-05 20:15:54,706 - util.agent - WARNING - Restaring Agent worker_14 because of Timeout
2026-09-05 20:15:54,710 - util.agent - DEBUG - Restarting Agent with task=None, step_limit=None and episode_limit=None.
2026-09-05 20:16:02,562 - step_logger_train_131510826876880 - INFO - === BenchEnv5 initialized (mode=train, visualisation=False) ===
2026-09-05 20:16:05,935 - util.agent - INFO - heatup     : 1306.7s |  20.6 steps/s |   26878 steps /   57 episodes | Total:    26878 steps /    57 episodes
2026-09-05 20:16:05,938 - eve_rl.runner.runner - INFO - Set 33 probe states for diagnostics
2026-09-05 20:16:05,965 - eve_rl.runner.runner - INFO - Saved probe states to /opt/eve_training/results/eve_paper/neurovascular/full/mesh_ben/2026-09-05_195236_rcca_topbrain_v2/diagnostics/probes/probe_states.npz
2026-09-05 20:16:05,966 - eve_rl.runner.runner - INFO - Post-pretrain BASELINE eval (explore=0) — held-out quality of the pretrained policy before any online learning.
2026-09-05 20:16:05,967 - util.agent - DEBUG - evaluate (amount/limit): steps None/None | episodes None/None | len(seeds)=98/options=None
2026-09-05 20:53:54,705 - util.agent - INFO - evaluation : 2268.9s |  19.3 steps/s |   43854 steps /   98 episodes | Total:    43854 steps /    98 episodes
2026-09-05 20:53:54,871 - eve_rl.runner.runner - INFO - Quality: 0.9285714285714286, Reward: 4.960119798797906, Exploration steps: 0
2026-09-05 20:53:55,609 - eve_rl.runner.runner - INFO - Saved replay buffer incrementally (+26878 new transitions) at eval #1
2026-09-05 20:53:55,610 - util.agent - DEBUG - explore (amount/limit): steps None/None | episodes 100/None || update (amount/limit): steps 0.0/None
2026-09-05 21:30:33,740 - util.agent - DEBUG - exploration: steps=39179 >= step_limit=inf or episodes=100 >= episode_limit=100. Setting time limit for workers to finish to 180s
2026-09-05 21:33:33,986 - util.agent - WARNING - Restaring Agent worker_1 because of Timeout
2026-09-05 21:33:33,987 - util.agent - DEBUG - Restarting Agent with task=None, step_limit=None and episode_limit=None.
2026-09-05 21:33:51,632 - step_logger_train_131506689445552 - INFO - === BenchEnv5 initialized (mode=train, visualisation=False) ===
2026-09-05 21:33:55,358 - util.agent - WARNING - Restaring Agent worker_3 because of Timeout
2026-09-05 21:33:55,360 - util.agent - DEBUG - Restarting Agent with task=None, step_limit=None and episode_limit=None.
2026-09-05 21:34:03,507 - step_logger_train_131506698225792 - INFO - === BenchEnv5 initialized (mode=train, visualisation=False) ===
2026-09-05 21:34:06,279 - util.agent - WARNING - Restaring Agent worker_13 because of Timeout
2026-09-05 21:34:06,280 - util.agent - DEBUG - Restarting Agent with task=None, step_limit=None and episode_limit=None.
2026-09-05 21:34:11,077 - step_logger_train_131506689312752 - INFO - === BenchEnv5 initialized (mode=train, visualisation=False) ===
2026-09-05 21:34:14,207 - util.agent - INFO - update / exploration:   1.6/2418.7 s |   0.0/ 18.5 steps/s |     0/ 44663 steps, 100 episodes |      0/  44663 steps total,   100 episodes total
2026-09-05 21:34:15,078 - util.agent - INFO - NET_SYNC ok #1 fp=f27790ae0662 update=0
2026-09-05 21:34:17,052 - eve_rl.runner.runner - INFO - Saved policy snapshot at scheduled step 10000 (current=44663)
2026-09-05 21:34:17,053 - eve_rl.runner.runner - INFO - Saved policy snapshot at scheduled step 20000 (current=44663)
2026-09-05 21:34:17,054 - eve_rl.runner.runner - INFO - Saved policy snapshot at scheduled step 30000 (current=44663)
2026-09-05 21:34:17,055 - eve_rl.runner.runner - INFO - Saved policy snapshot at scheduled step 40000 (current=44663)
2026-09-05 21:34:17,056 - util.agent - DEBUG - explore (amount/limit): steps None/None | episodes 100/None || update (amount/limit): steps 44663.0/None
2026-09-05 22:17:01,121 - util.agent - DEBUG - exploration: steps=82655 >= step_limit=inf or episodes=200 >= episode_limit=200. Setting time limit for workers to finish to 180s
2026-09-05 22:20:01,233 - util.agent - WARNING - Restaring Agent worker_7 because of Timeout
2026-09-05 22:20:01,235 - util.agent - DEBUG - Restarting Agent with task=None, step_limit=None and episode_limit=None.
2026-09-05 22:20:20,158 - step_logger_train_131506681264160 - INFO - === BenchEnv5 initialized (mode=train, visualisation=False) ===
2026-09-05 22:20:24,554 - util.agent - WARNING - Restaring Agent worker_9 because of Timeout
2026-09-05 22:20:24,555 - util.agent - DEBUG - Restarting Agent with task=None, step_limit=None and episode_limit=None.
2026-09-05 22:20:34,082 - step_logger_train_131506681262864 - INFO - === BenchEnv5 initialized (mode=train, visualisation=False) ===
2026-09-05 22:20:37,435 - util.agent - WARNING - Restaring Agent worker_12 because of Timeout
2026-09-05 22:20:37,436 - util.agent - DEBUG - Restarting Agent with task=None, step_limit=None and episode_limit=None.
2026-09-05 22:20:42,957 - step_logger_train_131506681185664 - INFO - === BenchEnv5 initialized (mode=train, visualisation=False) ===
2026-09-05 22:20:46,479 - util.agent - WARNING - Restaring Agent worker_14 because of Timeout
2026-09-05 22:20:46,483 - util.agent - DEBUG - Restarting Agent with task=None, step_limit=None and episode_limit=None.
2026-09-05 22:20:51,514 - step_logger_train_131504566982064 - INFO - === BenchEnv5 initialized (mode=train, visualisation=False) ===
2026-09-05 22:24:30,902 - util.agent - INFO - update / exploration: 3014.1/2798.1 s |  14.8/ 15.9 steps/s | 44663/ 44513 steps, 100 episodes |  44663/  89176 steps total,   200 episodes total
2026-09-05 22:24:30,954 - util.agent - INFO - NET_SYNC ok #2 fp=4f68b8b9a451 update=44663
2026-09-05 22:24:32,760 - eve_rl.runner.runner - INFO - Saved policy snapshot at scheduled step 50000 (current=89176)
2026-09-05 22:24:32,762 - eve_rl.runner.runner - INFO - Saved policy snapshot at scheduled step 60000 (current=89176)
2026-09-05 22:24:32,764 - eve_rl.runner.runner - INFO - Saved policy snapshot at scheduled step 70000 (current=89176)
2026-09-05 22:24:32,765 - eve_rl.runner.runner - INFO - Saved policy snapshot at scheduled step 80000 (current=89176)
2026-09-05 22:24:32,765 - util.agent - DEBUG - explore (amount/limit): steps None/None | episodes 100/None || update (amount/limit): steps 44513.0/None
2026-09-05 22:33:21,778 - util.agent - DEBUG - exploration: steps=95417 >= step_limit=inf or episodes=300 >= episode_limit=300. Setting time limit for workers to finish to 180s
2026-09-05 22:36:22,399 - util.agent - WARNING - Restaring Agent worker_3 because of Timeout
2026-09-05 22:36:22,400 - util.agent - DEBUG - Restarting Agent with task=None, step_limit=None and episode_limit=None.
2026-09-05 22:36:32,161 - step_logger_train_131505188085616 - INFO - === BenchEnv5 initialized (mode=train, visualisation=False) ===
2026-09-05 22:36:36,925 - util.agent - WARNING - Restaring Agent worker_4 because of Timeout
2026-09-05 22:36:36,927 - util.agent - DEBUG - Restarting Agent with task=None, step_limit=None and episode_limit=None.
2026-09-05 22:36:47,499 - step_logger_train_131506717755184 - INFO - === BenchEnv5 initialized (mode=train, visualisation=False) ===
2026-09-05 22:36:51,599 - util.agent - WARNING - Restaring Agent worker_6 because of Timeout
2026-09-05 22:36:51,600 - util.agent - DEBUG - Restarting Agent with task=None, step_limit=None and episode_limit=None.
2026-09-05 22:37:01,055 - step_logger_train_131506668124336 - INFO - === BenchEnv5 initialized (mode=train, visualisation=False) ===
2026-09-05 22:37:04,694 - util.agent - WARNING - Restaring Agent worker_9 because of Timeout
2026-09-05 22:37:04,698 - util.agent - DEBUG - Restarting Agent with task=None, step_limit=None and episode_limit=None.
2026-09-05 22:37:14,009 - step_logger_train_131506681186048 - INFO - === BenchEnv5 initialized (mode=train, visualisation=False) ===
2026-09-05 22:37:17,677 - util.agent - WARNING - Restaring Agent worker_14 because of Timeout
2026-09-05 22:37:17,680 - util.agent - DEBUG - Restarting Agent with task=None, step_limit=None and episode_limit=None.
2026-09-05 22:37:27,095 - step_logger_train_131505206313984 - INFO - === BenchEnv5 initialized (mode=train, visualisation=False) ===
2026-09-05 22:59:33,655 - util.agent - INFO - update / exploration: 2101.0/777.5 s |  21.2/  9.3 steps/s | 44513/  7249 steps, 100 episodes |  89176/  96425 steps total,   300 episodes total
2026-09-05 22:59:33,698 - util.agent - INFO - NET_SYNC ok #3 fp=9182d4a8a2a8 update=89176
2026-09-05 22:59:35,576 - eve_rl.runner.runner - INFO - Saved policy snapshot at scheduled step 90000 (current=96425)
2026-09-05 22:59:35,577 - util.agent - DEBUG - explore (amount/limit): steps None/None | episodes 100/None || update (amount/limit): steps 7249.0/None
2026-09-05 23:07:18,605 - util.agent - DEBUG - exploration: steps=102989 >= step_limit=inf or episodes=400 >= episode_limit=400. Setting time limit for workers to finish to 180s
2026-09-05 23:10:18,666 - util.agent - WARNING - Restaring Agent worker_14 because of Timeout
2026-09-05 23:10:18,667 - util.agent - DEBUG - Restarting Agent with task=None, step_limit=None and episode_limit=None.
2026-09-05 23:10:33,825 - step_logger_train_131505204754272 - INFO - === BenchEnv5 initialized (mode=train, visualisation=False) ===
2026-09-05 23:10:36,790 - util.agent - INFO - update / exploration: 515.9/661.3 s |  14.1/ 11.7 steps/s |  7249/  7766 steps, 100 episodes |  96425/ 104191 steps total,   400 episodes total
2026-09-05 23:10:36,919 - util.agent - INFO - NET_SYNC ok #4 fp=3ea24ae65524 update=96425
2026-09-05 23:10:38,676 - eve_rl.runner.runner - INFO - Saved policy snapshot at scheduled step 100000 (current=104191)
2026-09-05 23:10:38,676 - util.agent - DEBUG - explore (amount/limit): steps None/None | episodes 100/None || update (amount/limit): steps 7766.0/None
2026-09-05 23:19:14,881 - util.agent - DEBUG - exploration: steps=111260 >= step_limit=inf or episodes=500 >= episode_limit=500. Setting time limit for workers to finish to 180s
2026-09-05 23:22:15,086 - util.agent - WARNING - Restaring Agent worker_4 because of Timeout
2026-09-05 23:22:15,087 - util.agent - DEBUG - Restarting Agent with task=None, step_limit=None and episode_limit=None.
2026-09-05 23:22:23,445 - step_logger_train_131505204877008 - INFO - === BenchEnv5 initialized (mode=train, visualisation=False) ===
2026-09-05 23:22:27,066 - util.agent - WARNING - Restaring Agent worker_11 because of Timeout
2026-09-05 23:22:27,068 - util.agent - DEBUG - Restarting Agent with task=None, step_limit=None and episode_limit=None.
2026-09-05 23:22:35,304 - step_logger_train_131506396118080 - INFO - === BenchEnv5 initialized (mode=train, visualisation=False) ===
2026-09-05 23:22:38,928 - util.agent - WARNING - Restaring Agent worker_12 because of Timeout
2026-09-05 23:22:38,929 - util.agent - DEBUG - Restarting Agent with task=None, step_limit=None and episode_limit=None.
2026-09-05 23:22:47,258 - step_logger_train_131505204878784 - INFO - === BenchEnv5 initialized (mode=train, visualisation=False) ===
2026-09-05 23:22:50,335 - util.agent - WARNING - Restaring Agent worker_14 because of Timeout
2026-09-05 23:22:50,337 - util.agent - DEBUG - Restarting Agent with task=None, step_limit=None and episode_limit=None.
2026-09-05 23:22:58,896 - step_logger_train_131507487786032 - INFO - === BenchEnv5 initialized (mode=train, visualisation=False) ===
2026-09-05 23:23:01,511 - util.agent - INFO - update / exploration: 565.4/742.9 s |  13.7/ 10.7 steps/s |  7766/  7980 steps, 100 episodes | 104191/ 112171 steps total,   500 episodes total
2026-09-05 23:23:01,579 - util.agent - INFO - NET_SYNC ok #5 fp=8f2b5f42aaf0 update=104191
2026-09-05 23:23:03,284 - eve_rl.runner.runner - INFO - Saved policy snapshot at scheduled step 110000 (current=112171)
2026-09-05 23:23:03,285 - util.agent - DEBUG - explore (amount/limit): steps None/None | episodes 100/None || update (amount/limit): steps 7980.0/None
2026-09-05 23:30:31,676 - util.agent - DEBUG - exploration: steps=119055 >= step_limit=inf or episodes=600 >= episode_limit=600. Setting time limit for workers to finish to 180s
2026-09-05 23:32:02,460 - util.agent - INFO - update / exploration: 539.2/505.6 s |  14.8/ 16.0 steps/s |  7980/  8082 steps, 100 episodes | 112171/ 120253 steps total,   600 episodes total
2026-09-05 23:32:02,509 - util.agent - INFO - NET_SYNC ok #6 fp=fb1c79a375f3 update=112171
2026-09-05 23:32:04,207 - eve_rl.runner.runner - INFO - Saved policy snapshot at scheduled step 120000 (current=120253)
2026-09-05 23:32:04,208 - util.agent - DEBUG - explore (amount/limit): steps None/None | episodes 100/None || update (amount/limit): steps 8082.0/None
2026-09-05 23:40:25,351 - util.agent - DEBUG - exploration: steps=126916 >= step_limit=inf or episodes=700 >= episode_limit=700. Setting time limit for workers to finish to 180s
2026-09-05 23:43:25,497 - util.agent - WARNING - Restaring Agent worker_12 because of Timeout
2026-09-05 23:43:25,498 - util.agent - DEBUG - Restarting Agent with task=None, step_limit=None and episode_limit=None.
2026-09-05 23:43:40,730 - step_logger_train_131505188371616 - INFO - === BenchEnv5 initialized (mode=train, visualisation=False) ===
2026-09-05 23:43:43,442 - util.agent - WARNING - Restaring Agent worker_14 because of Timeout
2026-09-05 23:43:43,445 - util.agent - DEBUG - Restarting Agent with task=None, step_limit=None and episode_limit=None.
2026-09-05 23:43:47,031 - step_logger_train_131504567091552 - INFO - === BenchEnv5 initialized (mode=train, visualisation=False) ===
2026-09-05 23:43:50,062 - util.agent - INFO - update / exploration: 570.5/705.9 s |  14.2/ 12.1 steps/s |  8082/  8527 steps, 100 episodes | 120253/ 128780 steps total,   700 episodes total
2026-09-05 23:43:50,112 - util.agent - INFO - NET_SYNC ok #7 fp=6105ee6861f2 update=120253
2026-09-05 23:43:51,797 - util.agent - DEBUG - explore (amount/limit): steps None/None | episodes 100/None || update (amount/limit): steps 8527.0/None
2026-09-05 23:51:47,665 - util.agent - DEBUG - exploration: steps=135630 >= step_limit=inf or episodes=800 >= episode_limit=800. Setting time limit for workers to finish to 180s
2026-09-05 23:53:47,365 - util.agent - INFO - update / exploration: 578.2/595.6 s |  14.7/ 14.0 steps/s |  8527/  8338 steps, 100 episodes | 128780/ 137118 steps total,   800 episodes total
2026-09-05 23:53:47,414 - util.agent - INFO - NET_SYNC ok #8 fp=3b1e91ac3816 update=128780
2026-09-05 23:53:49,089 - eve_rl.runner.runner - INFO - Saved policy snapshot at scheduled step 130000 (current=137118)
2026-09-05 23:53:49,089 - util.agent - DEBUG - explore (amount/limit): steps None/None | episodes 100/None || update (amount/limit): steps 8338.0/None
2026-09-06 00:02:12,198 - util.agent - DEBUG - exploration: steps=143638 >= step_limit=inf or episodes=900 >= episode_limit=900. Setting time limit for workers to finish to 180s
2026-09-06 00:05:12,222 - util.agent - WARNING - Restaring Agent worker_0 because of Timeout
2026-09-06 00:05:12,223 - util.agent - DEBUG - Restarting Agent with task=None, step_limit=None and episode_limit=None.
2026-09-06 00:05:28,810 - step_logger_train_131510828749056 - INFO - === BenchEnv5 initialized (mode=train, visualisation=False) ===
2026-09-06 00:05:32,192 - util.agent - WARNING - Restaring Agent worker_1 because of Timeout
2026-09-06 00:05:32,196 - util.agent - DEBUG - Restarting Agent with task=None, step_limit=None and episode_limit=None.
2026-09-06 00:05:41,312 - step_logger_train_131510830464256 - INFO - === BenchEnv5 initialized (mode=train, visualisation=False) ===
2026-09-06 00:05:44,272 - util.agent - WARNING - Restaring Agent worker_4 because of Timeout
2026-09-06 00:05:44,276 - util.agent - DEBUG - Restarting Agent with task=None, step_limit=None and episode_limit=None.
2026-09-06 00:05:52,541 - step_logger_train_131506401577280 - INFO - === BenchEnv5 initialized (mode=train, visualisation=False) ===
2026-09-06 00:05:55,393 - util.agent - WARNING - Restaring Agent worker_12 because of Timeout
2026-09-06 00:05:55,396 - util.agent - DEBUG - Restarting Agent with task=None, step_limit=None and episode_limit=None.
2026-09-06 00:06:03,489 - step_logger_train_131506664601872 - INFO - === BenchEnv5 initialized (mode=train, visualisation=False) ===
2026-09-06 00:06:06,131 - util.agent - INFO - update / exploration: 599.1/737.1 s |  13.9/ 10.8 steps/s |  8338/  7957 steps, 100 episodes | 137118/ 145075 steps total,   900 episodes total
2026-09-06 00:06:06,198 - util.agent - INFO - NET_SYNC ok #9 fp=bca74666ff53 update=137118
2026-09-06 00:06:07,906 - eve_rl.runner.runner - INFO - Saved policy snapshot at scheduled step 140000 (current=145075)
2026-09-06 00:06:07,907 - util.agent - DEBUG - explore (amount/limit): steps None/None | episodes 100/None || update (amount/limit): steps 7957.0/None
2026-09-06 00:13:46,737 - util.agent - DEBUG - exploration: steps=151897 >= step_limit=inf or episodes=1000 >= episode_limit=1000. Setting time limit for workers to finish to 180s
2026-09-06 00:15:15,582 - util.agent - INFO - update / exploration: 547.7/524.2 s |  14.5/ 15.5 steps/s |  7957/  8136 steps, 100 episodes | 145075/ 153211 steps total,  1000 episodes total
2026-09-06 00:15:15,625 - util.agent - INFO - NET_SYNC ok #10 fp=8419076012df update=145075
2026-09-06 00:15:17,313 - eve_rl.runner.runner - INFO - Saved policy snapshot at scheduled step 150000 (current=153211)
2026-09-06 00:15:17,313 - util.agent - DEBUG - explore (amount/limit): steps None/None | episodes 100/None || update (amount/limit): steps 8136.0/None
2026-09-06 00:23:04,600 - util.agent - DEBUG - exploration: steps=159994 >= step_limit=inf or episodes=1100 >= episode_limit=1100. Setting time limit for workers to finish to 180s
2026-09-06 00:26:04,591 - util.agent - WARNING - Restaring Agent worker_11 because of Timeout
2026-09-06 00:26:04,592 - util.agent - DEBUG - Restarting Agent with task=None, step_limit=None and episode_limit=None.
2026-09-06 00:26:12,850 - step_logger_train_131504567377296 - INFO - === BenchEnv5 initialized (mode=train, visualisation=False) ===
2026-09-06 00:26:15,521 - util.agent - INFO - update / exploration: 567.9/658.3 s |  14.3/ 12.5 steps/s |  8136/  8237 steps, 100 episodes | 153211/ 161448 steps total,  1100 episodes total
2026-09-06 00:26:15,582 - util.agent - INFO - NET_SYNC ok #11 fp=e89314858eae update=153211
2026-09-06 00:26:17,265 - eve_rl.runner.runner - INFO - Saved policy snapshot at scheduled step 160000 (current=161448)
2026-09-06 00:26:17,265 - util.agent - DEBUG - explore (amount/limit): steps None/None | episodes 100/None || update (amount/limit): steps 8237.0/None
2026-09-06 00:34:25,502 - util.agent - DEBUG - exploration: steps=168250 >= step_limit=inf or episodes=1200 >= episode_limit=1200. Setting time limit for workers to finish to 180s
2026-09-06 00:36:07,251 - util.agent - INFO - update / exploration: 574.0/590.0 s |  14.4/ 14.6 steps/s |  8237/  8631 steps, 100 episodes | 161448/ 170079 steps total,  1200 episodes total
2026-09-06 00:36:07,298 - util.agent - INFO - NET_SYNC ok #12 fp=9818bd76adea update=161448
2026-09-06 00:36:08,966 - eve_rl.runner.runner - INFO - Saved policy snapshot at scheduled step 170000 (current=170079)
2026-09-06 00:36:08,966 - util.agent - DEBUG - explore (amount/limit): steps None/None | episodes 100/None || update (amount/limit): steps 8631.0/None
2026-09-06 00:44:39,334 - util.agent - DEBUG - exploration: steps=176431 >= step_limit=inf or episodes=1300 >= episode_limit=1300. Setting time limit for workers to finish to 180s
2026-09-06 00:47:39,417 - util.agent - WARNING - Restaring Agent worker_5 because of Timeout
2026-09-06 00:47:39,418 - util.agent - DEBUG - Restarting Agent with task=None, step_limit=None and episode_limit=None.
2026-09-06 00:47:55,905 - step_logger_train_131510825750192 - INFO - === BenchEnv5 initialized (mode=train, visualisation=False) ===
2026-09-06 00:47:58,990 - util.agent - WARNING - Restaring Agent worker_8 because of Timeout
2026-09-06 00:47:58,993 - util.agent - DEBUG - Restarting Agent with task=None, step_limit=None and episode_limit=None.
2026-09-06 00:48:07,085 - step_logger_train_131506684257232 - INFO - === BenchEnv5 initialized (mode=train, visualisation=False) ===
2026-09-06 00:48:09,773 - util.agent - WARNING - Restaring Agent worker_12 because of Timeout
2026-09-06 00:48:09,777 - util.agent - DEBUG - Restarting Agent with task=None, step_limit=None and episode_limit=None.
2026-09-06 00:48:13,679 - step_logger_train_131504600598656 - INFO - === BenchEnv5 initialized (mode=train, visualisation=False) ===
2026-09-06 00:48:17,013 - util.agent - WARNING - Restaring Agent worker_15 because of Timeout
2026-09-06 00:48:17,016 - util.agent - DEBUG - Restarting Agent with task=None, step_limit=None and episode_limit=None.
2026-09-06 00:48:21,385 - step_logger_train_131506698226272 - INFO - === BenchEnv5 initialized (mode=train, visualisation=False) ===
2026-09-06 00:48:24,173 - util.agent - INFO - update / exploration: 610.7/735.3 s |  14.1/ 11.6 steps/s |  8631/  8532 steps, 100 episodes | 170079/ 178611 steps total,  1300 episodes total
2026-09-06 00:48:24,251 - util.agent - INFO - NET_SYNC ok #13 fp=540d6cb3ec56 update=170079
2026-09-06 00:48:25,974 - util.agent - DEBUG - explore (amount/limit): steps None/None | episodes 100/None || update (amount/limit): steps 8532.0/None
2026-09-06 00:56:52,412 - util.agent - DEBUG - exploration: steps=185555 >= step_limit=inf or episodes=1400 >= episode_limit=1400. Setting time limit for workers to finish to 180s
2026-09-06 00:58:29,438 - util.agent - INFO - update / exploration: 603.5/565.6 s |  14.1/ 14.8 steps/s |  8532/  8347 steps, 100 episodes | 178611/ 186958 steps total,  1400 episodes total
2026-09-06 00:58:29,485 - util.agent - INFO - NET_SYNC ok #14 fp=4b7755fb7ef0 update=178611
2026-09-06 00:58:31,168 - eve_rl.runner.runner - INFO - Saved policy snapshot at scheduled step 180000 (current=186958)
2026-09-06 00:58:31,169 - util.agent - DEBUG - explore (amount/limit): steps None/None | episodes 100/None || update (amount/limit): steps 8347.0/None
2026-09-06 01:05:55,433 - util.agent - DEBUG - exploration: steps=193359 >= step_limit=inf or episodes=1500 >= episode_limit=1500. Setting time limit for workers to finish to 180s
2026-09-06 01:07:59,292 - util.agent - INFO - update / exploration: 568.2/504.1 s |  14.7/ 15.1 steps/s |  8347/  7587 steps, 100 episodes | 186958/ 194545 steps total,  1500 episodes total
2026-09-06 01:07:59,338 - util.agent - INFO - NET_SYNC ok #15 fp=0ed01c4795e5 update=186958
2026-09-06 01:08:01,026 - eve_rl.runner.runner - INFO - Saved policy snapshot at scheduled step 190000 (current=194545)
2026-09-06 01:08:01,026 - util.agent - DEBUG - explore (amount/limit): steps None/None | episodes 100/None || update (amount/limit): steps 7587.0/None
2026-09-06 01:15:38,097 - util.agent - DEBUG - exploration: steps=200890 >= step_limit=inf or episodes=1600 >= episode_limit=1600. Setting time limit for workers to finish to 180s
2026-09-06 01:17:46,228 - util.agent - INFO - update / exploration: 537.3/585.2 s |  14.1/ 14.1 steps/s |  7587/  8278 steps, 100 episodes | 194545/ 202823 steps total,  1600 episodes total
2026-09-06 01:17:46,277 - util.agent - INFO - NET_SYNC ok #16 fp=285d4300f2c3 update=194545
2026-09-06 01:17:47,980 - eve_rl.runner.runner - INFO - Saved policy snapshot at scheduled step 200000 (current=202823)
2026-09-06 01:17:47,981 - util.agent - DEBUG - explore (amount/limit): steps None/None | episodes 100/None || update (amount/limit): steps 8278.0/None
2026-09-06 01:25:26,966 - util.agent - DEBUG - exploration: steps=209352 >= step_limit=inf or episodes=1700 >= episode_limit=1700. Setting time limit for workers to finish to 180s
2026-09-06 01:28:26,977 - util.agent - WARNING - Restaring Agent worker_13 because of Timeout
2026-09-06 01:28:26,978 - util.agent - DEBUG - Restarting Agent with task=None, step_limit=None and episode_limit=None.
2026-09-06 01:28:41,822 - step_logger_train_131506664648864 - INFO - === BenchEnv5 initialized (mode=train, visualisation=False) ===
2026-09-06 01:28:44,981 - util.agent - INFO - update / exploration: 561.1/657.0 s |  14.8/ 11.7 steps/s |  8278/  7667 steps, 100 episodes | 202823/ 210490 steps total,  1700 episodes total
2026-09-06 01:28:45,050 - util.agent - INFO - NET_SYNC ok #17 fp=b2601411429b update=202823
2026-09-06 01:28:46,738 - eve_rl.runner.runner - INFO - Saved policy snapshot at scheduled step 210000 (current=210490)
2026-09-06 01:28:46,739 - util.agent - DEBUG - explore (amount/limit): steps None/None | episodes 100/None || update (amount/limit): steps 7667.0/None
2026-09-06 01:37:05,710 - util.agent - DEBUG - exploration: steps=217698 >= step_limit=inf or episodes=1800 >= episode_limit=1800. Setting time limit for workers to finish to 180s
2026-09-06 01:38:07,390 - util.agent - INFO - update / exploration: 557.6/560.7 s |  13.7/ 15.2 steps/s |  7667/  8543 steps, 100 episodes | 210490/ 219033 steps total,  1800 episodes total
2026-09-06 01:38:07,439 - util.agent - INFO - NET_SYNC ok #18 fp=5c8a2022db0f update=210490
2026-09-06 01:38:09,108 - util.agent - DEBUG - explore (amount/limit): steps None/None | episodes 100/None || update (amount/limit): steps 8543.0/None
2026-09-06 01:45:26,879 - util.agent - DEBUG - exploration: steps=225320 >= step_limit=inf or episodes=1900 >= episode_limit=1900. Setting time limit for workers to finish to 180s
2026-09-06 01:47:31,367 - util.agent - INFO - update / exploration: 562.3/494.0 s |  15.2/ 15.5 steps/s |  8543/  7633 steps, 100 episodes | 219033/ 226666 steps total,  1900 episodes total
2026-09-06 01:47:31,417 - util.agent - INFO - NET_SYNC ok #19 fp=433974d587e9 update=219033
2026-09-06 01:47:33,086 - eve_rl.runner.runner - INFO - Saved policy snapshot at scheduled step 220000 (current=226666)
2026-09-06 01:47:33,087 - util.agent - DEBUG - explore (amount/limit): steps None/None | episodes 100/None || update (amount/limit): steps 7633.0/None
2026-09-06 01:55:14,702 - util.agent - DEBUG - exploration: steps=233114 >= step_limit=inf or episodes=2000 >= episode_limit=2000. Setting time limit for workers to finish to 180s
2026-09-06 01:58:14,729 - util.agent - WARNING - Restaring Agent worker_1 because of Timeout
2026-09-06 01:58:14,730 - util.agent - DEBUG - Restarting Agent with task=None, step_limit=None and episode_limit=None.
2026-09-06 01:58:22,661 - step_logger_train_131505188324208 - INFO - === BenchEnv5 initialized (mode=train, visualisation=False) ===
2026-09-06 01:58:25,823 - util.agent - INFO - update / exploration: 549.9/652.8 s |  13.9/ 11.6 steps/s |  7633/  7602 steps, 100 episodes | 226666/ 234268 steps total,  2000 episodes total
2026-09-06 01:58:25,915 - util.agent - INFO - NET_SYNC ok #20 fp=989e4f7ef074 update=226666
2026-09-06 01:58:27,588 - eve_rl.runner.runner - INFO - Saved policy snapshot at scheduled step 230000 (current=234268)
2026-09-06 01:58:27,589 - util.agent - DEBUG - explore (amount/limit): steps None/None | episodes 100/None || update (amount/limit): steps 7602.0/None
2026-09-06 02:05:47,810 - util.agent - DEBUG - exploration: steps=240743 >= step_limit=inf or episodes=2100 >= episode_limit=2100. Setting time limit for workers to finish to 180s
2026-09-06 02:08:47,815 - util.agent - WARNING - Restaring Agent worker_6 because of Timeout
2026-09-06 02:08:47,816 - util.agent - DEBUG - Restarting Agent with task=None, step_limit=None and episode_limit=None.
2026-09-06 02:08:55,969 - step_logger_train_131506665479808 - INFO - === BenchEnv5 initialized (mode=train, visualisation=False) ===
2026-09-06 02:08:59,299 - util.agent - INFO - update / exploration: 528.9/631.8 s |  14.4/ 12.0 steps/s |  7602/  7598 steps, 100 episodes | 234268/ 241866 steps total,  2100 episodes total
2026-09-06 02:08:59,383 - util.agent - INFO - NET_SYNC ok #21 fp=1e36d7bf6ef7 update=234268
2026-09-06 02:09:01,078 - eve_rl.runner.runner - INFO - Saved policy snapshot at scheduled step 240000 (current=241866)
2026-09-06 02:09:01,078 - util.agent - DEBUG - explore (amount/limit): steps None/None | episodes 100/None || update (amount/limit): steps 7598.0/None
2026-09-06 02:16:37,954 - util.agent - DEBUG - exploration: steps=248396 >= step_limit=inf or episodes=2200 >= episode_limit=2200. Setting time limit for workers to finish to 180s
2026-09-06 02:19:38,016 - util.agent - WARNING - Restaring Agent worker_3 because of Timeout
2026-09-06 02:19:38,017 - util.agent - DEBUG - Restarting Agent with task=None, step_limit=None and episode_limit=None.
2026-09-06 02:19:53,016 - step_logger_train_131506669836512 - INFO - === BenchEnv5 initialized (mode=train, visualisation=False) ===
2026-09-06 02:19:55,933 - util.agent - INFO - update / exploration: 530.3/654.9 s |  14.3/ 11.9 steps/s |  7598/  7792 steps, 100 episodes | 241866/ 249658 steps total,  2200 episodes total
2026-09-06 02:19:55,993 - util.agent - INFO - NET_SYNC ok #22 fp=2955aaec5b01 update=241866
2026-09-06 02:19:57,714 - util.agent - DEBUG - explore (amount/limit): steps None/None | episodes 100/None || update (amount/limit): steps 7792.0/None
2026-09-06 02:27:28,163 - util.agent - DEBUG - exploration: steps=256185 >= step_limit=inf or episodes=2300 >= episode_limit=2300. Setting time limit for workers to finish to 180s
2026-09-06 02:28:58,062 - util.agent - INFO - update / exploration: 540.4/502.2 s |  14.4/ 15.5 steps/s |  7792/  7808 steps, 100 episodes | 249658/ 257466 steps total,  2300 episodes total
2026-09-06 02:28:58,139 - util.agent - INFO - NET_SYNC ok #23 fp=1e921f019392 update=249658
2026-09-06 02:28:59,842 - eve_rl.runner.runner - INFO - Saved policy snapshot at scheduled step 250000 (current=257466)
2026-09-06 02:28:59,843 - util.agent - DEBUG - evaluate (amount/limit): steps None/None | episodes None/None | len(seeds)=98/options=None
2026-09-06 02:39:14,542 - util.agent - INFO - evaluation :  614.7s |  13.2 steps/s |    8120 steps /   98 episodes | Total:    51974 steps /   196 episodes
2026-09-06 02:39:14,755 - eve_rl.runner.runner - INFO - Quality: 0.9591836734693877, Reward: 5.747922483878612, Exploration steps: 257466
2026-09-06 02:39:19,039 - eve_rl.runner.runner - INFO - Saved replay buffer incrementally (+257466 new transitions) at eval #2
2026-09-06 02:39:19,040 - util.agent - DEBUG - explore (amount/limit): steps None/None | episodes 100/None || update (amount/limit): steps 7808.0/None
2026-09-06 02:46:38,697 - util.agent - DEBUG - exploration: steps=263892 >= step_limit=inf or episodes=2400 >= episode_limit=2400. Setting time limit for workers to finish to 180s
2026-09-06 02:48:15,948 - util.agent - INFO - update / exploration: 537.0/494.0 s |  14.5/ 15.6 steps/s |  7808/  7697 steps, 100 episodes | 257466/ 265163 steps total,  2400 episodes total
2026-09-06 02:48:15,999 - util.agent - INFO - NET_SYNC ok #24 fp=49df1adf296e update=257466
2026-09-06 02:48:17,680 - eve_rl.runner.runner - INFO - Saved policy snapshot at scheduled step 260000 (current=265163)
2026-09-06 02:48:17,681 - util.agent - DEBUG - explore (amount/limit): steps None/None | episodes 100/None || update (amount/limit): steps 7697.0/None
2026-09-06 02:55:39,289 - util.agent - DEBUG - exploration: steps=271551 >= step_limit=inf or episodes=2500 >= episode_limit=2500. Setting time limit for workers to finish to 180s
2026-09-06 02:58:39,278 - util.agent - WARNING - Restaring Agent worker_11 because of Timeout
2026-09-06 02:58:39,279 - util.agent - DEBUG - Restarting Agent with task=None, step_limit=None and episode_limit=None.
2026-09-06 02:58:54,191 - step_logger_train_131506665552384 - INFO - === BenchEnv5 initialized (mode=train, visualisation=False) ===
2026-09-06 02:58:57,546 - util.agent - INFO - update / exploration: 533.4/639.9 s |  14.4/ 11.7 steps/s |  7697/  7499 steps, 100 episodes | 265163/ 272662 steps total,  2500 episodes total
2026-09-06 02:58:57,607 - util.agent - INFO - NET_SYNC ok #25 fp=51ceceeef50d update=265163
2026-09-06 02:58:59,327 - eve_rl.runner.runner - INFO - Saved policy snapshot at scheduled step 270000 (current=272662)
2026-09-06 02:58:59,328 - util.agent - DEBUG - explore (amount/limit): steps None/None | episodes 100/None || update (amount/limit): steps 7499.0/None
2026-09-06 03:07:10,131 - util.agent - DEBUG - exploration: steps=279410 >= step_limit=inf or episodes=2600 >= episode_limit=2600. Setting time limit for workers to finish to 180s
2026-09-06 03:10:10,385 - util.agent - WARNING - Restaring Agent worker_2 because of Timeout
2026-09-06 03:10:10,386 - util.agent - DEBUG - Restarting Agent with task=None, step_limit=None and episode_limit=None.
2026-09-06 03:10:18,775 - step_logger_train_131506714924224 - INFO - === BenchEnv5 initialized (mode=train, visualisation=False) ===
2026-09-06 03:10:22,394 - util.agent - WARNING - Restaring Agent worker_4 because of Timeout
2026-09-06 03:10:22,397 - util.agent - DEBUG - Restarting Agent with task=None, step_limit=None and episode_limit=None.
2026-09-06 03:10:31,171 - step_logger_train_131504567095008 - INFO - === BenchEnv5 initialized (mode=train, visualisation=False) ===
2026-09-06 03:10:34,358 - util.agent - WARNING - Restaring Agent worker_8 because of Timeout
2026-09-06 03:10:34,360 - util.agent - DEBUG - Restarting Agent with task=None, step_limit=None and episode_limit=None.
2026-09-06 03:10:42,629 - step_logger_train_131504567094528 - INFO - === BenchEnv5 initialized (mode=train, visualisation=False) ===
2026-09-06 03:10:45,977 - util.agent - WARNING - Restaring Agent worker_9 because of Timeout
2026-09-06 03:10:45,981 - util.agent - DEBUG - Restarting Agent with task=None, step_limit=None and episode_limit=None.
2026-09-06 03:10:54,005 - step_logger_train_131504567178960 - INFO - === BenchEnv5 initialized (mode=train, visualisation=False) ===
2026-09-06 03:10:57,166 - util.agent - INFO - update / exploration: 545.5/717.9 s |  13.7/ 10.5 steps/s |  7499/  7520 steps, 100 episodes | 272662/ 280182 steps total,  2600 episodes total
2026-09-06 03:10:57,237 - util.agent - INFO - NET_SYNC ok #26 fp=8ea215649695 update=272662
2026-09-06 03:10:58,959 - eve_rl.runner.runner - INFO - Saved policy snapshot at scheduled step 280000 (current=280182)
2026-09-06 03:10:58,960 - util.agent - DEBUG - explore (amount/limit): steps None/None | episodes 100/None || update (amount/limit): steps 7520.0/None
2026-09-06 03:18:52,522 - util.agent - DEBUG - exploration: steps=286773 >= step_limit=inf or episodes=2700 >= episode_limit=2700. Setting time limit for workers to finish to 180s
2026-09-06 03:19:55,802 - util.agent - INFO - update / exploration: 536.9/524.7 s |  14.0/ 15.1 steps/s |  7520/  7930 steps, 100 episodes | 280182/ 288112 steps total,  2700 episodes total
2026-09-06 03:19:55,849 - util.agent - INFO - NET_SYNC ok #27 fp=68d9e7d8b826 update=280182
2026-09-06 03:19:57,531 - util.agent - DEBUG - explore (amount/limit): steps None/None | episodes 100/None || update (amount/limit): steps 7930.0/None
2026-09-06 03:27:34,622 - util.agent - DEBUG - exploration: steps=294304 >= step_limit=inf or episodes=2800 >= episode_limit=2800. Setting time limit for workers to finish to 180s
2026-09-06 03:30:34,701 - util.agent - WARNING - Restaring Agent worker_10 because of Timeout
2026-09-06 03:30:34,702 - util.agent - DEBUG - Restarting Agent with task=None, step_limit=None and episode_limit=None.
2026-09-06 03:30:50,057 - step_logger_train_131506689539280 - INFO - === BenchEnv5 initialized (mode=train, visualisation=False) ===
2026-09-06 03:30:53,178 - util.agent - INFO - update / exploration: 561.4/655.7 s |  14.1/ 11.0 steps/s |  7930/  7209 steps, 100 episodes | 288112/ 295321 steps total,  2800 episodes total
2026-09-06 03:30:53,237 - util.agent - INFO - NET_SYNC ok #28 fp=6e6674623a10 update=288112
2026-09-06 03:30:54,935 - eve_rl.runner.runner - INFO - Saved policy snapshot at scheduled step 290000 (current=295321)
2026-09-06 03:30:54,936 - util.agent - DEBUG - explore (amount/limit): steps None/None | episodes 100/None || update (amount/limit): steps 7209.0/None
2026-09-06 03:38:57,385 - util.agent - DEBUG - exploration: steps=301849 >= step_limit=inf or episodes=2900 >= episode_limit=2900. Setting time limit for workers to finish to 180s
2026-09-06 03:41:57,383 - util.agent - WARNING - Restaring Agent worker_3 because of Timeout
2026-09-06 03:41:57,384 - util.agent - DEBUG - Restarting Agent with task=None, step_limit=None and episode_limit=None.
2026-09-06 03:42:05,388 - step_logger_train_131506698358016 - INFO - === BenchEnv5 initialized (mode=train, visualisation=False) ===
2026-09-06 03:42:08,088 - util.agent - INFO - update / exploration: 523.8/673.2 s |  13.8/ 11.4 steps/s |  7209/  7692 steps, 100 episodes | 295321/ 303013 steps total,  2900 episodes total
2026-09-06 03:42:08,141 - util.agent - INFO - NET_SYNC ok #29 fp=ecbb57d177d5 update=295321
2026-09-06 03:42:09,812 - eve_rl.runner.runner - INFO - Saved policy snapshot at scheduled step 300000 (current=303013)
2026-09-06 03:42:09,813 - util.agent - DEBUG - explore (amount/limit): steps None/None | episodes 100/None || update (amount/limit): steps 7692.0/None
2026-09-06 03:49:16,587 - util.agent - DEBUG - exploration: steps=309324 >= step_limit=inf or episodes=3000 >= episode_limit=3000. Setting time limit for workers to finish to 180s
2026-09-06 03:50:53,283 - util.agent - INFO - update / exploration: 523.5/495.1 s |  14.7/ 15.3 steps/s |  7692/  7593 steps, 100 episodes | 303013/ 310606 steps total,  3000 episodes total
2026-09-06 03:50:53,332 - util.agent - INFO - NET_SYNC ok #30 fp=5184fab04271 update=303013
2026-09-06 03:50:54,996 - eve_rl.runner.runner - INFO - Saved policy snapshot at scheduled step 310000 (current=310606)
2026-09-06 03:50:54,996 - util.agent - DEBUG - explore (amount/limit): steps None/None | episodes 100/None || update (amount/limit): steps 7593.0/None
2026-09-06 03:58:25,723 - util.agent - DEBUG - exploration: steps=317032 >= step_limit=inf or episodes=3100 >= episode_limit=3100. Setting time limit for workers to finish to 180s
2026-09-06 03:59:46,155 - util.agent - INFO - update / exploration: 531.2/493.3 s |  14.3/ 15.4 steps/s |  7593/  7590 steps, 100 episodes | 310606/ 318196 steps total,  3100 episodes total
2026-09-06 03:59:46,210 - util.agent - INFO - NET_SYNC ok #31 fp=76ac337d4e3d update=310606
2026-09-06 03:59:47,898 - util.agent - DEBUG - explore (amount/limit): steps None/None | episodes 100/None || update (amount/limit): steps 7590.0/None
2026-09-06 04:06:53,277 - util.agent - DEBUG - exploration: steps=324486 >= step_limit=inf or episodes=3200 >= episode_limit=3200. Setting time limit for workers to finish to 180s
2026-09-06 04:08:26,541 - util.agent - INFO - update / exploration: 518.7/478.4 s |  14.6/ 15.6 steps/s |  7590/  7458 steps, 100 episodes | 318196/ 325654 steps total,  3200 episodes total
2026-09-06 04:08:26,589 - util.agent - INFO - NET_SYNC ok #32 fp=9c9f227941ab update=318196
2026-09-06 04:08:28,256 - eve_rl.runner.runner - INFO - Saved policy snapshot at scheduled step 320000 (current=325654)
2026-09-06 04:08:28,256 - util.agent - DEBUG - explore (amount/limit): steps None/None | episodes 100/None || update (amount/limit): steps 7458.0/None
2026-09-06 04:15:46,232 - util.agent - DEBUG - exploration: steps=332028 >= step_limit=inf or episodes=3300 >= episode_limit=3300. Setting time limit for workers to finish to 180s
2026-09-06 04:17:07,513 - util.agent - INFO - update / exploration: 519.3/490.4 s |  14.4/ 15.5 steps/s |  7458/  7616 steps, 100 episodes | 325654/ 333270 steps total,  3300 episodes total
2026-09-06 04:17:07,559 - util.agent - INFO - NET_SYNC ok #33 fp=bcd77dc03b69 update=325654
2026-09-06 04:17:09,243 - eve_rl.runner.runner - INFO - Saved policy snapshot at scheduled step 330000 (current=333270)
2026-09-06 04:17:09,244 - util.agent - DEBUG - explore (amount/limit): steps None/None | episodes 100/None || update (amount/limit): steps 7616.0/None
2026-09-06 04:24:40,346 - util.agent - DEBUG - exploration: steps=339868 >= step_limit=inf or episodes=3400 >= episode_limit=3400. Setting time limit for workers to finish to 180s
2026-09-06 04:25:59,384 - util.agent - INFO - update / exploration: 530.2/501.7 s |  14.4/ 16.0 steps/s |  7616/  8021 steps, 100 episodes | 333270/ 341291 steps total,  3400 episodes total
2026-09-06 04:25:59,427 - util.agent - INFO - NET_SYNC ok #34 fp=4c4ef45fc938 update=333270
2026-09-06 04:26:01,105 - eve_rl.runner.runner - INFO - Saved policy snapshot at scheduled step 340000 (current=341291)
2026-09-06 04:26:01,106 - util.agent - DEBUG - explore (amount/limit): steps None/None | episodes 100/None || update (amount/limit): steps 8021.0/None
2026-09-06 04:34:17,812 - util.agent - DEBUG - exploration: steps=347477 >= step_limit=inf or episodes=3500 >= episode_limit=3500. Setting time limit for workers to finish to 180s
2026-09-06 04:37:17,994 - util.agent - WARNING - Restaring Agent worker_13 because of Timeout
2026-09-06 04:37:17,995 - util.agent - DEBUG - Restarting Agent with task=None, step_limit=None and episode_limit=None.
2026-09-06 04:37:33,678 - step_logger_train_131510784595664 - INFO - === BenchEnv5 initialized (mode=train, visualisation=False) ===
2026-09-06 04:37:36,846 - util.agent - WARNING - Restaring Agent worker_15 because of Timeout
2026-09-06 04:37:36,849 - util.agent - DEBUG - Restarting Agent with task=None, step_limit=None and episode_limit=None.
2026-09-06 04:37:45,381 - step_logger_train_131505194431536 - INFO - === BenchEnv5 initialized (mode=train, visualisation=False) ===
2026-09-06 04:37:48,814 - util.agent - INFO - update / exploration: 578.2/707.9 s |  13.9/ 11.1 steps/s |  8021/  7825 steps, 100 episodes | 341291/ 349116 steps total,  3500 episodes total
2026-09-06 04:37:48,876 - util.agent - INFO - NET_SYNC ok #35 fp=43c6c4c387a0 update=341291
2026-09-06 04:37:50,553 - util.agent - DEBUG - explore (amount/limit): steps None/None | episodes 100/None || update (amount/limit): steps 7825.0/None
2026-09-06 04:44:57,833 - util.agent - DEBUG - exploration: steps=355129 >= step_limit=inf or episodes=3600 >= episode_limit=3600. Setting time limit for workers to finish to 180s
2026-09-06 04:46:36,790 - util.agent - INFO - update / exploration: 526.3/474.0 s |  14.9/ 15.3 steps/s |  7825/  7237 steps, 100 episodes | 349116/ 356353 steps total,  3600 episodes total
2026-09-06 04:46:36,837 - util.agent - INFO - NET_SYNC ok #36 fp=060c43b1724b update=349116
2026-09-06 04:46:38,504 - eve_rl.runner.runner - INFO - Saved policy snapshot at scheduled step 350000 (current=356353)
2026-09-06 04:46:38,504 - util.agent - DEBUG - explore (amount/limit): steps None/None | episodes 100/None || update (amount/limit): steps 7237.0/None
2026-09-06 04:54:15,606 - util.agent - DEBUG - exploration: steps=362858 >= step_limit=inf or episodes=3700 >= episode_limit=3700. Setting time limit for workers to finish to 180s
2026-09-06 04:55:19,316 - util.agent - INFO - update / exploration: 521.0/520.2 s |  13.9/ 15.0 steps/s |  7237/  7827 steps, 100 episodes | 356353/ 364180 steps total,  3700 episodes total
2026-09-06 04:55:19,369 - util.agent - INFO - NET_SYNC ok #37 fp=6460478cb11c update=356353
2026-09-06 04:55:21,038 - eve_rl.runner.runner - INFO - Saved policy snapshot at scheduled step 360000 (current=364180)
2026-09-06 04:55:21,038 - util.agent - DEBUG - explore (amount/limit): steps None/None | episodes 100/None || update (amount/limit): steps 7827.0/None
2026-09-06 05:02:19,715 - util.agent - DEBUG - exploration: steps=370404 >= step_limit=inf or episodes=3800 >= episode_limit=3800. Setting time limit for workers to finish to 180s
2026-09-06 05:04:04,534 - util.agent - INFO - update / exploration: 523.6/460.2 s |  14.9/ 16.2 steps/s |  7827/  7445 steps, 100 episodes | 364180/ 371625 steps total,  3800 episodes total
2026-09-06 05:04:04,592 - util.agent - INFO - NET_SYNC ok #38 fp=a37ccd17e934 update=364180
2026-09-06 05:04:06,282 - eve_rl.runner.runner - INFO - Saved policy snapshot at scheduled step 370000 (current=371625)
2026-09-06 05:04:06,283 - util.agent - DEBUG - explore (amount/limit): steps None/None | episodes 100/None || update (amount/limit): steps 7445.0/None
2026-09-06 05:12:12,518 - util.agent - DEBUG - exploration: steps=378364 >= step_limit=inf or episodes=3900 >= episode_limit=3900. Setting time limit for workers to finish to 180s
2026-09-06 05:14:43,670 - util.agent - INFO - update / exploration: 541.3/637.6 s |  13.8/ 13.5 steps/s |  7445/  8602 steps, 100 episodes | 371625/ 380227 steps total,  3900 episodes total
2026-09-06 05:14:43,719 - util.agent - INFO - NET_SYNC ok #39 fp=65002a127919 update=371625
2026-09-06 05:14:45,393 - eve_rl.runner.runner - INFO - Saved policy snapshot at scheduled step 380000 (current=380227)
2026-09-06 05:14:45,394 - util.agent - DEBUG - explore (amount/limit): steps None/None | episodes 100/None || update (amount/limit): steps 8602.0/None
2026-09-06 05:22:04,996 - util.agent - DEBUG - exploration: steps=386674 >= step_limit=inf or episodes=4000 >= episode_limit=4000. Setting time limit for workers to finish to 180s
2026-09-06 05:24:12,188 - util.agent - INFO - update / exploration: 566.9/487.6 s |  15.2/ 15.7 steps/s |  8602/  7655 steps, 100 episodes | 380227/ 387882 steps total,  4000 episodes total
2026-09-06 05:24:12,234 - util.agent - INFO - NET_SYNC ok #40 fp=61dfd9a92dc2 update=380227
2026-09-06 05:24:13,911 - util.agent - DEBUG - explore (amount/limit): steps None/None | episodes 100/None || update (amount/limit): steps 7655.0/None
2026-09-06 05:32:17,947 - util.agent - DEBUG - exploration: steps=394337 >= step_limit=inf or episodes=4100 >= episode_limit=4100. Setting time limit for workers to finish to 180s
2026-09-06 05:35:17,951 - util.agent - WARNING - Restaring Agent worker_2 because of Timeout
2026-09-06 05:35:17,952 - util.agent - DEBUG - Restarting Agent with task=None, step_limit=None and episode_limit=None.
2026-09-06 05:35:33,022 - step_logger_train_131506698104784 - INFO - === BenchEnv5 initialized (mode=train, visualisation=False) ===
2026-09-06 05:35:35,716 - util.agent - INFO - update / exploration: 552.7/682.0 s |  13.9/ 11.8 steps/s |  7655/  8058 steps, 100 episodes | 387882/ 395940 steps total,  4100 episodes total
2026-09-06 05:35:35,886 - util.agent - INFO - NET_SYNC ok #41 fp=993ac88c43b5 update=387882
2026-09-06 05:35:37,676 - eve_rl.runner.runner - INFO - Saved policy snapshot at scheduled step 390000 (current=395940)
2026-09-06 05:35:37,677 - util.agent - DEBUG - explore (amount/limit): steps None/None | episodes 100/None || update (amount/limit): steps 8058.0/None
2026-09-06 05:43:16,643 - util.agent - DEBUG - exploration: steps=402747 >= step_limit=inf or episodes=4200 >= episode_limit=4200. Setting time limit for workers to finish to 180s
2026-09-06 05:44:51,264 - util.agent - INFO - update / exploration: 553.7/513.7 s |  14.6/ 15.8 steps/s |  8058/  8100 steps, 100 episodes | 395940/ 404040 steps total,  4200 episodes total
2026-09-06 05:44:51,309 - util.agent - INFO - NET_SYNC ok #42 fp=dfd9608757be update=395940
2026-09-06 05:44:52,982 - eve_rl.runner.runner - INFO - Saved policy snapshot at scheduled step 400000 (current=404040)
2026-09-06 05:44:52,982 - util.agent - DEBUG - explore (amount/limit): steps None/None | episodes 100/None || update (amount/limit): steps 8100.0/None
2026-09-06 05:51:47,252 - util.agent - DEBUG - exploration: steps=410217 >= step_limit=inf or episodes=4300 >= episode_limit=4300. Setting time limit for workers to finish to 180s
2026-09-06 05:53:50,781 - util.agent - INFO - update / exploration: 538.0/477.0 s |  15.1/ 15.5 steps/s |  8100/  7409 steps, 100 episodes | 404040/ 411449 steps total,  4300 episodes total
2026-09-06 05:53:50,830 - util.agent - INFO - NET_SYNC ok #43 fp=4920a5c54a69 update=404040
2026-09-06 05:53:52,498 - eve_rl.runner.runner - INFO - Saved policy snapshot at scheduled step 410000 (current=411449)
2026-09-06 05:53:52,499 - util.agent - DEBUG - explore (amount/limit): steps None/None | episodes 100/None || update (amount/limit): steps 7409.0/None
2026-09-06 06:01:22,890 - util.agent - DEBUG - exploration: steps=417492 >= step_limit=inf or episodes=4400 >= episode_limit=4400. Setting time limit for workers to finish to 180s
2026-09-06 06:04:22,888 - util.agent - WARNING - Restaring Agent worker_8 because of Timeout
2026-09-06 06:04:22,891 - util.agent - DEBUG - Restarting Agent with task=None, step_limit=None and episode_limit=None.
2026-09-06 06:04:38,104 - step_logger_train_131504571563648 - INFO - === BenchEnv5 initialized (mode=train, visualisation=False) ===
2026-09-06 06:04:41,076 - util.agent - INFO - update / exploration: 526.5/648.7 s |  14.1/ 11.2 steps/s |  7409/  7289 steps, 100 episodes | 411449/ 418738 steps total,  4400 episodes total
2026-09-06 06:04:41,146 - util.agent - INFO - NET_SYNC ok #44 fp=bbb40bdd4351 update=411449
2026-09-06 06:04:42,836 - util.agent - DEBUG - explore (amount/limit): steps None/None | episodes 100/None || update (amount/limit): steps 7289.0/None
2026-09-06 06:12:40,744 - util.agent - DEBUG - exploration: steps=425120 >= step_limit=inf or episodes=4500 >= episode_limit=4500. Setting time limit for workers to finish to 180s
2026-09-06 06:15:40,775 - util.agent - WARNING - Restaring Agent worker_2 because of Timeout
2026-09-06 06:15:40,776 - util.agent - DEBUG - Restarting Agent with task=None, step_limit=None and episode_limit=None.
2026-09-06 06:15:49,647 - step_logger_train_131506399385824 - INFO - === BenchEnv5 initialized (mode=train, visualisation=False) ===
2026-09-06 06:15:52,253 - util.agent - INFO - update / exploration: 531.0/669.5 s |  13.7/ 12.3 steps/s |  7289/  8222 steps, 100 episodes | 418738/ 426960 steps total,  4500 episodes total
2026-09-06 06:15:52,323 - util.agent - INFO - NET_SYNC ok #45 fp=b0aa18e25e10 update=418738
2026-09-06 06:15:54,015 - eve_rl.runner.runner - INFO - Saved policy snapshot at scheduled step 420000 (current=426960)
2026-09-06 06:15:54,016 - util.agent - DEBUG - explore (amount/limit): steps None/None | episodes 100/None || update (amount/limit): steps 8222.0/None
2026-09-06 06:23:09,310 - util.agent - DEBUG - exploration: steps=433183 >= step_limit=inf or episodes=4600 >= episode_limit=4600. Setting time limit for workers to finish to 180s
2026-09-06 06:25:07,689 - util.agent - INFO - update / exploration: 553.8/490.4 s |  14.8/ 15.2 steps/s |  8222/  7460 steps, 100 episodes | 426960/ 434420 steps total,  4600 episodes total
2026-09-06 06:25:07,739 - util.agent - INFO - NET_SYNC ok #46 fp=d91b9a9eec34 update=426960
2026-09-06 06:25:09,430 - eve_rl.runner.runner - INFO - Saved policy snapshot at scheduled step 430000 (current=434420)
2026-09-06 06:25:09,430 - util.agent - DEBUG - explore (amount/limit): steps None/None | episodes 100/None || update (amount/limit): steps 7460.0/None
2026-09-06 06:32:37,695 - util.agent - DEBUG - exploration: steps=440781 >= step_limit=inf or episodes=4700 >= episode_limit=4700. Setting time limit for workers to finish to 180s
2026-09-06 06:34:04,203 - util.agent - INFO - update / exploration: 526.4/534.8 s |  14.2/ 14.5 steps/s |  7460/  7766 steps, 100 episodes | 434420/ 442186 steps total,  4700 episodes total
2026-09-06 06:34:04,248 - util.agent - INFO - NET_SYNC ok #47 fp=ceff80b0931d update=434420
2026-09-06 06:34:05,936 - eve_rl.runner.runner - INFO - Saved policy snapshot at scheduled step 440000 (current=442186)
2026-09-06 06:34:05,937 - util.agent - DEBUG - explore (amount/limit): steps None/None | episodes 100/None || update (amount/limit): steps 7766.0/None
2026-09-06 06:41:30,081 - util.agent - DEBUG - exploration: steps=448261 >= step_limit=inf or episodes=4800 >= episode_limit=4800. Setting time limit for workers to finish to 180s
2026-09-06 06:44:30,086 - util.agent - WARNING - Restaring Agent worker_5 because of Timeout
2026-09-06 06:44:30,087 - util.agent - DEBUG - Restarting Agent with task=None, step_limit=None and episode_limit=None.
2026-09-06 06:44:44,844 - step_logger_train_131506532762720 - INFO - === BenchEnv5 initialized (mode=train, visualisation=False) ===
2026-09-06 06:44:48,230 - util.agent - INFO - update / exploration: 536.6/642.3 s |  14.5/ 11.3 steps/s |  7766/  7263 steps, 100 episodes | 442186/ 449449 steps total,  4800 episodes total
2026-09-06 06:44:48,288 - util.agent - INFO - NET_SYNC ok #48 fp=54997675b0ca update=442186
2026-09-06 06:44:49,961 - util.agent - DEBUG - explore (amount/limit): steps None/None | episodes 100/None || update (amount/limit): steps 7263.0/None
2026-09-06 06:52:41,963 - util.agent - DEBUG - exploration: steps=455768 >= step_limit=inf or episodes=4900 >= episode_limit=4900. Setting time limit for workers to finish to 180s
2026-09-06 06:55:11,685 - util.agent - INFO - update / exploration: 526.0/621.8 s |  13.8/ 12.9 steps/s |  7263/  8040 steps, 100 episodes | 449449/ 457489 steps total,  4900 episodes total
2026-09-06 06:55:11,729 - util.agent - INFO - NET_SYNC ok #49 fp=d891199c4407 update=449449
2026-09-06 06:55:13,397 - eve_rl.runner.runner - INFO - Saved policy snapshot at scheduled step 450000 (current=457489)
2026-09-06 06:55:13,397 - util.agent - DEBUG - explore (amount/limit): steps None/None | episodes 100/None || update (amount/limit): steps 8040.0/None
2026-09-06 07:02:45,912 - util.agent - DEBUG - exploration: steps=463804 >= step_limit=inf or episodes=5000 >= episode_limit=5000. Setting time limit for workers to finish to 180s
2026-09-06 07:04:29,867 - util.agent - INFO - update / exploration: 556.5/509.1 s |  14.4/ 15.0 steps/s |  8040/  7614 steps, 100 episodes | 457489/ 465103 steps total,  5000 episodes total
2026-09-06 07:04:29,912 - util.agent - INFO - NET_SYNC ok #50 fp=b875a8e22195 update=457489
2026-09-06 07:04:31,572 - eve_rl.runner.runner - INFO - Saved policy snapshot at scheduled step 460000 (current=465103)
2026-09-06 07:04:31,573 - util.agent - DEBUG - explore (amount/limit): steps None/None | episodes 100/None || update (amount/limit): steps 7614.0/None
2026-09-06 07:11:57,781 - util.agent - DEBUG - exploration: steps=471376 >= step_limit=inf or episodes=5100 >= episode_limit=5100. Setting time limit for workers to finish to 180s
2026-09-06 07:13:15,979 - util.agent - INFO - update / exploration: 524.4/485.1 s |  14.5/ 15.3 steps/s |  7614/  7418 steps, 100 episodes | 465103/ 472521 steps total,  5100 episodes total
2026-09-06 07:13:16,025 - util.agent - INFO - NET_SYNC ok #51 fp=22297befb7bc update=465103
2026-09-06 07:13:17,703 - eve_rl.runner.runner - INFO - Saved policy snapshot at scheduled step 470000 (current=472521)
2026-09-06 07:13:17,703 - util.agent - DEBUG - explore (amount/limit): steps None/None | episodes 100/None || update (amount/limit): steps 7418.0/None
2026-09-06 07:20:09,694 - util.agent - DEBUG - exploration: steps=478825 >= step_limit=inf or episodes=5200 >= episode_limit=5200. Setting time limit for workers to finish to 180s
2026-09-06 07:21:48,218 - util.agent - INFO - update / exploration: 510.5/472.0 s |  14.5/ 16.2 steps/s |  7418/  7633 steps, 100 episodes | 472521/ 480154 steps total,  5200 episodes total
2026-09-06 07:21:48,264 - util.agent - INFO - NET_SYNC ok #52 fp=021a94900fe2 update=472521
2026-09-06 07:21:49,962 - eve_rl.runner.runner - INFO - Saved policy snapshot at scheduled step 480000 (current=480154)
2026-09-06 07:21:49,963 - util.agent - DEBUG - explore (amount/limit): steps None/None | episodes 100/None || update (amount/limit): steps 7633.0/None
2026-09-06 07:29:07,597 - util.agent - DEBUG - exploration: steps=486490 >= step_limit=inf or episodes=5300 >= episode_limit=5300. Setting time limit for workers to finish to 180s
2026-09-06 07:32:07,597 - util.agent - WARNING - Restaring Agent worker_14 because of Timeout
2026-09-06 07:32:07,598 - util.agent - DEBUG - Restarting Agent with task=None, step_limit=None and episode_limit=None.
2026-09-06 07:32:22,523 - step_logger_train_131506724663648 - INFO - === BenchEnv5 initialized (mode=train, visualisation=False) ===
2026-09-06 07:32:25,414 - util.agent - INFO - update / exploration: 531.2/635.5 s |  14.4/ 11.6 steps/s |  7633/  7399 steps, 100 episodes | 480154/ 487553 steps total,  5300 episodes total
2026-09-06 07:32:25,510 - util.agent - INFO - NET_SYNC ok #53 fp=d805663fa4e4 update=480154
2026-09-06 07:32:27,198 - util.agent - DEBUG - explore (amount/limit): steps None/None | episodes 100/None || update (amount/limit): steps 7399.0/None
2026-09-06 07:40:27,594 - util.agent - DEBUG - exploration: steps=494205 >= step_limit=inf or episodes=5400 >= episode_limit=5400. Setting time limit for workers to finish to 180s
2026-09-06 07:43:11,091 - util.agent - INFO - update / exploration: 537.9/643.9 s |  13.8/ 13.0 steps/s |  7399/  8372 steps, 100 episodes | 487553/ 495925 steps total,  5400 episodes total
2026-09-06 07:43:11,137 - util.agent - INFO - NET_SYNC ok #54 fp=fb547d73e642 update=487553
2026-09-06 07:43:12,803 - eve_rl.runner.runner - INFO - Saved policy snapshot at scheduled step 490000 (current=495925)
2026-09-06 07:43:12,804 - util.agent - DEBUG - explore (amount/limit): steps None/None | episodes 100/None || update (amount/limit): steps 8372.0/None
2026-09-06 07:50:33,519 - util.agent - DEBUG - exploration: steps=502389 >= step_limit=inf or episodes=5500 >= episode_limit=5500. Setting time limit for workers to finish to 180s
2026-09-06 07:53:33,551 - util.agent - WARNING - Restaring Agent worker_7 because of Timeout
2026-09-06 07:53:33,552 - util.agent - DEBUG - Restarting Agent with task=None, step_limit=None and episode_limit=None.
2026-09-06 07:53:41,828 - step_logger_train_131506714924656 - INFO - === BenchEnv5 initialized (mode=train, visualisation=False) ===
2026-09-06 07:53:44,609 - util.agent - INFO - update / exploration: 562.9/631.9 s |  14.9/ 11.9 steps/s |  8372/  7549 steps, 100 episodes | 495925/ 503474 steps total,  5500 episodes total
2026-09-06 07:53:44,661 - util.agent - INFO - NET_SYNC ok #55 fp=4162fa3a6d97 update=495925
2026-09-06 07:53:46,336 - eve_rl.runner.runner - INFO - Saved policy snapshot at scheduled step 500000 (current=503474)
2026-09-06 07:53:46,337 - util.agent - DEBUG - evaluate (amount/limit): steps None/None | episodes None/None | len(seeds)=98/options=None
2026-09-06 08:02:48,354 - util.agent - INFO - evaluation :  542.1s |  12.0 steps/s |    6529 steps /   97 episodes | Total:    58503 steps /   293 episodes
2026-09-06 08:02:48,736 - eve_rl.runner.runner - INFO - Quality: 0.9897959183673469, Reward: 5.94554784927064, Exploration steps: 503474
2026-09-06 08:02:51,763 - eve_rl.runner.runner - INFO - Saved replay buffer incrementally (+246008 new transitions) at eval #3
2026-09-06 08:02:51,764 - util.agent - DEBUG - explore (amount/limit): steps None/None | episodes 100/None || update (amount/limit): steps 7549.0/None
2026-09-06 08:10:24,090 - util.agent - DEBUG - exploration: steps=509726 >= step_limit=inf or episodes=5600 >= episode_limit=5600. Setting time limit for workers to finish to 180s
2026-09-06 08:11:43,606 - util.agent - INFO - update / exploration: 532.0/498.9 s |  14.2/ 14.9 steps/s |  7549/  7444 steps, 100 episodes | 503474/ 510918 steps total,  5600 episodes total
2026-09-06 08:11:43,656 - util.agent - INFO - NET_SYNC ok #56 fp=343cee0b8429 update=503474
2026-09-06 08:11:45,334 - eve_rl.runner.runner - INFO - Saved policy snapshot at scheduled step 510000 (current=510918)
2026-09-06 08:11:45,335 - util.agent - DEBUG - explore (amount/limit): steps None/None | episodes 100/None || update (amount/limit): steps 7444.0/None
2026-09-06 08:19:15,930 - util.agent - DEBUG - exploration: steps=517457 >= step_limit=inf or episodes=5700 >= episode_limit=5700. Setting time limit for workers to finish to 180s
2026-09-06 08:20:34,195 - util.agent - INFO - update / exploration: 529.0/501.7 s |  14.1/ 15.4 steps/s |  7444/  7744 steps, 100 episodes | 510918/ 518662 steps total,  5700 episodes total
2026-09-06 08:20:34,242 - util.agent - INFO - NET_SYNC ok #57 fp=077a75d85bd7 update=510918
2026-09-06 08:20:35,916 - util.agent - DEBUG - explore (amount/limit): steps None/None | episodes 100/None || update (amount/limit): steps 7744.0/None
2026-09-06 08:27:45,736 - util.agent - DEBUG - exploration: steps=524753 >= step_limit=inf or episodes=5800 >= episode_limit=5800. Setting time limit for workers to finish to 180s
2026-09-06 08:29:19,505 - util.agent - INFO - update / exploration: 523.6/472.5 s |  14.8/ 15.5 steps/s |  7744/  7326 steps, 100 episodes | 518662/ 525988 steps total,  5800 episodes total
2026-09-06 08:29:19,552 - util.agent - INFO - NET_SYNC ok #58 fp=21f048f289d7 update=518662
2026-09-06 08:29:21,246 - eve_rl.runner.runner - INFO - Saved policy snapshot at scheduled step 520000 (current=525988)
2026-09-06 08:29:21,247 - util.agent - DEBUG - explore (amount/limit): steps None/None | episodes 100/None || update (amount/limit): steps 7326.0/None
2026-09-06 08:36:45,255 - util.agent - DEBUG - exploration: steps=532295 >= step_limit=inf or episodes=5900 >= episode_limit=5900. Setting time limit for workers to finish to 180s
2026-09-06 08:37:53,312 - util.agent - INFO - update / exploration: 512.2/485.9 s |  14.3/ 15.3 steps/s |  7326/  7427 steps, 100 episodes | 525988/ 533415 steps total,  5900 episodes total
2026-09-06 08:37:53,365 - util.agent - INFO - NET_SYNC ok #59 fp=f32bc6a7839f update=525988
2026-09-06 08:37:55,032 - eve_rl.runner.runner - INFO - Saved policy snapshot at scheduled step 530000 (current=533415)
2026-09-06 08:37:55,033 - util.agent - DEBUG - explore (amount/limit): steps None/None | episodes 100/None || update (amount/limit): steps 7427.0/None
2026-09-06 08:45:42,740 - util.agent - DEBUG - exploration: steps=539968 >= step_limit=inf or episodes=6000 >= episode_limit=6000. Setting time limit for workers to finish to 180s
2026-09-06 08:48:42,731 - util.agent - WARNING - Restaring Agent worker_2 because of Timeout
2026-09-06 08:48:42,732 - util.agent - DEBUG - Restarting Agent with task=None, step_limit=None and episode_limit=None.
2026-09-06 08:48:57,844 - step_logger_train_131504605660736 - INFO - === BenchEnv5 initialized (mode=train, visualisation=False) ===
2026-09-06 08:49:01,073 - util.agent - INFO - update / exploration: 525.3/666.2 s |  14.1/ 11.5 steps/s |  7427/  7664 steps, 100 episodes | 533415/ 541079 steps total,  6000 episodes total
2026-09-06 08:49:01,181 - util.agent - INFO - NET_SYNC ok #60 fp=4672b057eeb8 update=533415
2026-09-06 08:49:02,877 - eve_rl.runner.runner - INFO - Saved policy snapshot at scheduled step 540000 (current=541079)
2026-09-06 08:49:03,265 - util.agent - DEBUG - explore (amount/limit): steps None/None | episodes 100/None || update (amount/limit): steps 7664.0/None
2026-09-06 08:56:59,436 - util.agent - DEBUG - exploration: steps=547628 >= step_limit=inf or episodes=6100 >= episode_limit=6100. Setting time limit for workers to finish to 180s
2026-09-06 08:58:15,651 - util.agent - INFO - update / exploration: 552.5/528.9 s |  13.9/ 14.9 steps/s |  7664/  7901 steps, 100 episodes | 541079/ 548980 steps total,  6100 episodes total
2026-09-06 08:58:15,697 - util.agent - INFO - NET_SYNC ok #61 fp=4f2546f30e55 update=541079
2026-09-06 08:58:17,363 - util.agent - DEBUG - explore (amount/limit): steps None/None | episodes 100/None || update (amount/limit): steps 7901.0/None
2026-09-06 09:06:24,003 - util.agent - DEBUG - exploration: steps=555617 >= step_limit=inf or episodes=6200 >= episode_limit=6200. Setting time limit for workers to finish to 180s
2026-09-06 09:07:35,429 - util.agent - INFO - update / exploration: 558.1/531.3 s |  14.2/ 14.8 steps/s |  7901/  7862 steps, 100 episodes | 548980/ 556842 steps total,  6200 episodes total
2026-09-06 09:07:35,476 - util.agent - INFO - NET_SYNC ok #62 fp=59205f9571e3 update=548980
2026-09-06 09:07:37,154 - eve_rl.runner.runner - INFO - Saved policy snapshot at scheduled step 550000 (current=556842)
2026-09-06 09:07:37,154 - util.agent - DEBUG - explore (amount/limit): steps None/None | episodes 100/None || update (amount/limit): steps 7862.0/None
2026-09-06 09:14:38,230 - util.agent - DEBUG - exploration: steps=562614 >= step_limit=inf or episodes=6300 >= episode_limit=6300. Setting time limit for workers to finish to 180s
2026-09-06 09:16:17,222 - util.agent - INFO - update / exploration: 520.1/466.3 s |  15.1/ 14.9 steps/s |  7862/  6962 steps, 100 episodes | 556842/ 563804 steps total,  6300 episodes total
2026-09-06 09:16:17,268 - util.agent - INFO - NET_SYNC ok #63 fp=d774c5aed199 update=556842
2026-09-06 09:16:18,950 - eve_rl.runner.runner - INFO - Saved policy snapshot at scheduled step 560000 (current=563804)
2026-09-06 09:16:18,951 - util.agent - DEBUG - explore (amount/limit): steps None/None | episodes 100/None || update (amount/limit): steps 6962.0/None
2026-09-06 09:23:58,013 - util.agent - DEBUG - exploration: steps=570198 >= step_limit=inf or episodes=6400 >= episode_limit=6400. Setting time limit for workers to finish to 180s
2026-09-06 09:24:40,619 - util.agent - INFO - update / exploration: 501.8/497.9 s |  13.9/ 15.4 steps/s |  6962/  7689 steps, 100 episodes | 563804/ 571493 steps total,  6400 episodes total
2026-09-06 09:24:40,665 - util.agent - INFO - NET_SYNC ok #64 fp=54f23100b522 update=563804
2026-09-06 09:24:42,362 - eve_rl.runner.runner - INFO - Saved policy snapshot at scheduled step 570000 (current=571493)
2026-09-06 09:24:42,364 - util.agent - DEBUG - explore (amount/limit): steps None/None | episodes 100/None || update (amount/limit): steps 7689.0/None
2026-09-06 09:31:30,461 - util.agent - DEBUG - exploration: steps=577704 >= step_limit=inf or episodes=6500 >= episode_limit=6500. Setting time limit for workers to finish to 180s
2026-09-06 09:33:22,992 - util.agent - INFO - update / exploration: 520.7/466.5 s |  14.8/ 15.9 steps/s |  7689/  7412 steps, 100 episodes | 571493/ 578905 steps total,  6500 episodes total
2026-09-06 09:33:23,049 - util.agent - INFO - NET_SYNC ok #65 fp=5857c601559e update=571493
2026-09-06 09:33:24,743 - util.agent - DEBUG - explore (amount/limit): steps None/None | episodes 100/None || update (amount/limit): steps 7412.0/None
2026-09-06 09:41:14,440 - util.agent - DEBUG - exploration: steps=585108 >= step_limit=inf or episodes=6600 >= episode_limit=6600. Setting time limit for workers to finish to 180s
2026-09-06 09:44:14,601 - util.agent - WARNING - Restaring Agent worker_7 because of Timeout
2026-09-06 09:44:14,602 - util.agent - DEBUG - Restarting Agent with task=None, step_limit=None and episode_limit=None.
2026-09-06 09:44:30,100 - step_logger_train_131506698129760 - INFO - === BenchEnv5 initialized (mode=train, visualisation=False) ===
2026-09-06 09:44:33,419 - util.agent - WARNING - Restaring Agent worker_11 because of Timeout
2026-09-06 09:44:33,423 - util.agent - DEBUG - Restarting Agent with task=None, step_limit=None and episode_limit=None.
2026-09-06 09:44:39,918 - step_logger_train_131504567003840 - INFO - === BenchEnv5 initialized (mode=train, visualisation=False) ===
2026-09-06 09:44:42,980 - util.agent - INFO - update / exploration: 537.2/678.3 s |  13.8/ 11.4 steps/s |  7412/  7762 steps, 100 episodes | 578905/ 586667 steps total,  6600 episodes total
2026-09-06 09:44:43,046 - util.agent - INFO - NET_SYNC ok #66 fp=057561da016d update=578905
2026-09-06 09:44:44,740 - eve_rl.runner.runner - INFO - Saved policy snapshot at scheduled step 580000 (current=586667)
2026-09-06 09:44:44,741 - util.agent - DEBUG - explore (amount/limit): steps None/None | episodes 100/None || update (amount/limit): steps 7762.0/None
2026-09-06 09:52:17,187 - util.agent - DEBUG - exploration: steps=593028 >= step_limit=inf or episodes=6700 >= episode_limit=6700. Setting time limit for workers to finish to 180s
2026-09-06 09:53:42,573 - util.agent - INFO - update / exploration: 537.9/501.8 s |  14.4/ 15.2 steps/s |  7762/  7637 steps, 100 episodes | 586667/ 594304 steps total,  6700 episodes total
2026-09-06 09:53:42,625 - util.agent - INFO - NET_SYNC ok #67 fp=a0ec29ab5d15 update=586667
2026-09-06 09:53:44,318 - eve_rl.runner.runner - INFO - Saved policy snapshot at scheduled step 590000 (current=594304)
2026-09-06 09:53:44,319 - util.agent - DEBUG - explore (amount/limit): steps None/None | episodes 100/None || update (amount/limit): steps 7637.0/None
2026-09-06 10:01:38,248 - util.agent - DEBUG - exploration: steps=600892 >= step_limit=inf or episodes=6800 >= episode_limit=6800. Setting time limit for workers to finish to 180s
2026-09-06 10:04:38,297 - util.agent - WARNING - Restaring Agent worker_8 because of Timeout
2026-09-06 10:04:38,298 - util.agent - DEBUG - Restarting Agent with task=None, step_limit=None and episode_limit=None.
2026-09-06 10:04:53,228 - step_logger_train_131506684157568 - INFO - === BenchEnv5 initialized (mode=train, visualisation=False) ===
2026-09-06 10:04:56,100 - util.agent - INFO - update / exploration: 551.0/671.8 s |  13.9/ 11.6 steps/s |  7637/  7790 steps, 100 episodes | 594304/ 602094 steps total,  6800 episodes total
2026-09-06 10:04:56,155 - util.agent - INFO - NET_SYNC ok #68 fp=13587ef8d89c update=594304
2026-09-06 10:04:57,840 - eve_rl.runner.runner - INFO - Saved policy snapshot at scheduled step 600000 (current=602094)
2026-09-06 10:04:57,841 - util.agent - DEBUG - explore (amount/limit): steps None/None | episodes 100/None || update (amount/limit): steps 7790.0/None
2026-09-06 10:13:21,213 - util.agent - DEBUG - exploration: steps=608734 >= step_limit=inf or episodes=6900 >= episode_limit=6900. Setting time limit for workers to finish to 180s
2026-09-06 10:14:16,598 - util.agent - INFO - update / exploration: 558.8/548.7 s |  13.9/ 15.2 steps/s |  7790/  8315 steps, 100 episodes | 602094/ 610409 steps total,  6900 episodes total
2026-09-06 10:14:16,646 - util.agent - INFO - NET_SYNC ok #69 fp=53190e2b1494 update=602094
2026-09-06 10:14:18,340 - eve_rl.runner.runner - INFO - Saved policy snapshot at scheduled step 610000 (current=610409)
2026-09-06 10:14:18,341 - util.agent - DEBUG - explore (amount/limit): steps None/None | episodes 100/None || update (amount/limit): steps 8315.0/None
2026-09-06 10:22:08,024 - util.agent - DEBUG - exploration: steps=617116 >= step_limit=inf or episodes=7000 >= episode_limit=7000. Setting time limit for workers to finish to 180s
2026-09-06 10:23:42,549 - util.agent - INFO - update / exploration: 564.3/507.5 s |  14.7/ 15.3 steps/s |  8315/  7773 steps, 100 episodes | 610409/ 618182 steps total,  7000 episodes total
2026-09-06 10:23:42,597 - util.agent - INFO - NET_SYNC ok #70 fp=2690e0f98913 update=610409
2026-09-06 10:23:44,316 - util.agent - DEBUG - explore (amount/limit): steps None/None | episodes 100/None || update (amount/limit): steps 7773.0/None
2026-09-06 10:31:45,965 - util.agent - DEBUG - exploration: steps=624684 >= step_limit=inf or episodes=7100 >= episode_limit=7100. Setting time limit for workers to finish to 180s
2026-09-06 10:32:53,170 - util.agent - INFO - update / exploration: 548.9/525.3 s |  14.2/ 14.8 steps/s |  7773/  7780 steps, 100 episodes | 618182/ 625962 steps total,  7100 episodes total
2026-09-06 10:32:53,219 - util.agent - INFO - NET_SYNC ok #71 fp=7f22075f17de update=618182
2026-09-06 10:32:54,899 - eve_rl.runner.runner - INFO - Saved policy snapshot at scheduled step 620000 (current=625962)
2026-09-06 10:32:54,900 - util.agent - DEBUG - explore (amount/limit): steps None/None | episodes 100/None || update (amount/limit): steps 7780.0/None
2026-09-06 10:40:46,071 - util.agent - DEBUG - exploration: steps=632408 >= step_limit=inf or episodes=7200 >= episode_limit=7200. Setting time limit for workers to finish to 180s
2026-09-06 10:42:19,887 - util.agent - INFO - update / exploration: 546.3/565.0 s |  14.2/ 14.0 steps/s |  7780/  7892 steps, 100 episodes | 625962/ 633854 steps total,  7200 episodes total
2026-09-06 10:42:19,931 - util.agent - INFO - NET_SYNC ok #72 fp=12f58ed443a9 update=625962
2026-09-06 10:42:21,595 - eve_rl.runner.runner - INFO - Saved policy snapshot at scheduled step 630000 (current=633854)
2026-09-06 10:42:21,596 - util.agent - DEBUG - explore (amount/limit): steps None/None | episodes 100/None || update (amount/limit): steps 7892.0/None
2026-09-06 10:50:21,813 - util.agent - DEBUG - exploration: steps=640399 >= step_limit=inf or episodes=7300 >= episode_limit=7300. Setting time limit for workers to finish to 180s
2026-09-06 10:53:21,840 - util.agent - WARNING - Restaring Agent worker_11 because of Timeout
2026-09-06 10:53:21,841 - util.agent - DEBUG - Restarting Agent with task=None, step_limit=None and episode_limit=None.
2026-09-06 10:53:36,714 - step_logger_train_131510867085632 - INFO - === BenchEnv5 initialized (mode=train, visualisation=False) ===
2026-09-06 10:53:39,515 - util.agent - INFO - update / exploration: 555.9/678.0 s |  14.2/ 11.3 steps/s |  7892/  7676 steps, 100 episodes | 633854/ 641530 steps total,  7300 episodes total
2026-09-06 10:53:39,606 - util.agent - INFO - NET_SYNC ok #73 fp=6bf51d437a60 update=633854
2026-09-06 10:53:41,274 - eve_rl.runner.runner - INFO - Saved policy snapshot at scheduled step 640000 (current=641530)
2026-09-06 10:53:41,274 - util.agent - DEBUG - explore (amount/limit): steps None/None | episodes 100/None || update (amount/limit): steps 7676.0/None
2026-09-06 11:01:13,852 - util.agent - DEBUG - exploration: steps=648037 >= step_limit=inf or episodes=7400 >= episode_limit=7400. Setting time limit for workers to finish to 180s
2026-09-06 11:02:35,612 - util.agent - INFO - update / exploration: 534.4/495.0 s |  14.4/ 15.6 steps/s |  7676/  7740 steps, 100 episodes | 641530/ 649270 steps total,  7400 episodes total
2026-09-06 11:02:35,657 - util.agent - INFO - NET_SYNC ok #74 fp=49b042fc4745 update=641530
2026-09-06 11:02:37,338 - util.agent - DEBUG - explore (amount/limit): steps None/None | episodes 100/None || update (amount/limit): steps 7740.0/None
2026-09-06 11:06:58,718 - util.agent - WARNING - Restaring Agent worker_7 because it is not alive anymore
2026-09-06 11:06:58,719 - util.agent - DEBUG - Restarting Agent with task='exploration', step_limit=inf and episode_limit=7500.
2026-09-06 11:07:18,243 - step_logger_train_131510911575760 - INFO - === BenchEnv5 initialized (mode=train, visualisation=False) ===
2026-09-06 11:10:05,741 - util.agent - DEBUG - exploration: steps=655364 >= step_limit=inf or episodes=7500 >= episode_limit=7500. Setting time limit for workers to finish to 180s
2026-09-06 11:13:05,817 - util.agent - WARNING - Restaring Agent worker_12 because of Timeout
2026-09-06 11:13:05,818 - util.agent - DEBUG - Restarting Agent with task=None, step_limit=None and episode_limit=None.
2026-09-06 11:13:14,225 - step_logger_train_131507438751952 - INFO - === BenchEnv5 initialized (mode=train, visualisation=False) ===
2026-09-06 11:13:17,272 - util.agent - INFO - update / exploration: 538.8/640.0 s |  14.4/ 11.3 steps/s |  7740/  7254 steps, 100 episodes | 649270/ 656524 steps total,  7500 episodes total
2026-09-06 11:13:17,332 - util.agent - INFO - NET_SYNC ok #75 fp=9da048dfe093 update=649270
2026-09-06 11:13:19,032 - eve_rl.runner.runner - INFO - Saved policy snapshot at scheduled step 650000 (current=656524)
2026-09-06 11:13:19,032 - util.agent - DEBUG - explore (amount/limit): steps None/None | episodes 100/None || update (amount/limit): steps 7254.0/None
2026-09-06 11:21:08,476 - util.agent - DEBUG - exploration: steps=662892 >= step_limit=inf or episodes=7600 >= episode_limit=7600. Setting time limit for workers to finish to 180s
2026-09-06 11:24:08,564 - util.agent - WARNING - Restaring Agent worker_0 because of Timeout
2026-09-06 11:24:08,566 - util.agent - DEBUG - Restarting Agent with task=None, step_limit=None and episode_limit=None.
2026-09-06 11:24:16,648 - step_logger_train_131506533399952 - INFO - === BenchEnv5 initialized (mode=train, visualisation=False) ===
2026-09-06 11:24:19,604 - util.agent - INFO - update / exploration: 538.9/660.6 s |  13.5/ 11.5 steps/s |  7254/  7589 steps, 100 episodes | 656524/ 664113 steps total,  7600 episodes total
2026-09-06 11:24:19,685 - util.agent - INFO - NET_SYNC ok #76 fp=bb52ac6b1a3a update=656524
2026-09-06 11:24:21,364 - eve_rl.runner.runner - INFO - Saved policy snapshot at scheduled step 660000 (current=664113)
2026-09-06 11:24:21,365 - util.agent - DEBUG - explore (amount/limit): steps None/None | episodes 100/None || update (amount/limit): steps 7589.0/None
2026-09-06 11:32:01,288 - util.agent - DEBUG - exploration: steps=670550 >= step_limit=inf or episodes=7700 >= episode_limit=7700. Setting time limit for workers to finish to 180s
2026-09-06 11:33:22,548 - util.agent - INFO - update / exploration: 541.2/507.3 s |  14.0/ 15.1 steps/s |  7589/  7661 steps, 100 episodes | 664113/ 671774 steps total,  7700 episodes total
2026-09-06 11:33:22,599 - util.agent - INFO - NET_SYNC ok #77 fp=afc3e058c6f9 update=664113
2026-09-06 11:33:24,291 - eve_rl.runner.runner - INFO - Saved policy snapshot at scheduled step 670000 (current=671774)
2026-09-06 11:33:24,292 - util.agent - DEBUG - explore (amount/limit): steps None/None | episodes 100/None || update (amount/limit): steps 7661.0/None
2026-09-06 11:40:56,919 - util.agent - DEBUG - exploration: steps=678314 >= step_limit=inf or episodes=7800 >= episode_limit=7800. Setting time limit for workers to finish to 180s
2026-09-06 11:42:14,804 - util.agent - INFO - update / exploration: 530.5/496.2 s |  14.4/ 15.4 steps/s |  7661/  7642 steps, 100 episodes | 671774/ 679416 steps total,  7800 episodes total
2026-09-06 11:42:14,851 - util.agent - INFO - NET_SYNC ok #78 fp=812f1f99adb8 update=671774
2026-09-06 11:42:16,516 - util.agent - DEBUG - explore (amount/limit): steps None/None | episodes 100/None || update (amount/limit): steps 7642.0/None
2026-09-06 11:49:21,794 - util.agent - DEBUG - exploration: steps=685501 >= step_limit=inf or episodes=7900 >= episode_limit=7900. Setting time limit for workers to finish to 180s
2026-09-06 11:50:59,675 - util.agent - INFO - update / exploration: 523.2/482.1 s |  14.6/ 15.2 steps/s |  7642/  7334 steps, 100 episodes | 679416/ 686750 steps total,  7900 episodes total
2026-09-06 11:50:59,725 - util.agent - INFO - NET_SYNC ok #79 fp=095e24057c1d update=679416
2026-09-06 11:51:01,396 - eve_rl.runner.runner - INFO - Saved policy snapshot at scheduled step 680000 (current=686750)
2026-09-06 11:51:01,397 - util.agent - DEBUG - explore (amount/limit): steps None/None | episodes 100/None || update (amount/limit): steps 7334.0/None
2026-09-06 11:58:42,710 - util.agent - DEBUG - exploration: steps=693297 >= step_limit=inf or episodes=8000 >= episode_limit=8000. Setting time limit for workers to finish to 180s
2026-09-06 12:01:42,770 - util.agent - WARNING - Restaring Agent worker_7 because of Timeout
2026-09-06 12:01:42,771 - util.agent - DEBUG - Restarting Agent with task=None, step_limit=None and episode_limit=None.
2026-09-06 12:01:57,747 - step_logger_train_131507438297824 - INFO - === BenchEnv5 initialized (mode=train, visualisation=False) ===
2026-09-06 12:02:00,642 - util.agent - INFO - update / exploration: 525.4/659.3 s |  14.0/ 11.5 steps/s |  7334/  7595 steps, 100 episodes | 686750/ 694345 steps total,  8000 episodes total
2026-09-06 12:02:00,693 - util.agent - INFO - NET_SYNC ok #80 fp=5ee0ef997015 update=686750
2026-09-06 12:02:02,407 - eve_rl.runner.runner - INFO - Saved policy snapshot at scheduled step 690000 (current=694345)
2026-09-06 12:02:02,408 - util.agent - DEBUG - explore (amount/limit): steps None/None | episodes 100/None || update (amount/limit): steps 7595.0/None
2026-09-06 12:09:35,472 - util.agent - DEBUG - exploration: steps=700684 >= step_limit=inf or episodes=8100 >= episode_limit=8100. Setting time limit for workers to finish to 180s
2026-09-06 12:12:35,473 - util.agent - WARNING - Restaring Agent worker_8 because of Timeout
2026-09-06 12:12:35,474 - util.agent - DEBUG - Restarting Agent with task=None, step_limit=None and episode_limit=None.
2026-09-06 12:12:43,549 - step_logger_train_131506533992768 - INFO - === BenchEnv5 initialized (mode=train, visualisation=False) ===
2026-09-06 12:12:46,188 - util.agent - INFO - update / exploration: 532.3/643.9 s |  14.3/ 11.4 steps/s |  7595/  7350 steps, 100 episodes | 694345/ 701695 steps total,  8100 episodes total
2026-09-06 12:12:46,254 - util.agent - INFO - NET_SYNC ok #81 fp=81fcb4bd0e55 update=694345
2026-09-06 12:12:48,069 - eve_rl.runner.runner - INFO - Saved policy snapshot at scheduled step 700000 (current=701695)
2026-09-06 12:12:48,071 - util.agent - DEBUG - explore (amount/limit): steps None/None | episodes 100/None || update (amount/limit): steps 7350.0/None
2026-09-06 12:20:16,226 - util.agent - DEBUG - exploration: steps=707883 >= step_limit=inf or episodes=8200 >= episode_limit=8200. Setting time limit for workers to finish to 180s
2026-09-06 12:21:23,545 - util.agent - INFO - update / exploration: 515.5/488.7 s |  14.3/ 15.0 steps/s |  7350/  7352 steps, 100 episodes | 701695/ 709047 steps total,  8200 episodes total
2026-09-06 12:21:23,591 - util.agent - INFO - NET_SYNC ok #82 fp=80ece8134138 update=701695
2026-09-06 12:21:25,264 - util.agent - DEBUG - explore (amount/limit): steps None/None | episodes 100/None || update (amount/limit): steps 7352.0/None
2026-09-06 12:29:16,802 - util.agent - DEBUG - exploration: steps=715536 >= step_limit=inf or episodes=8300 >= episode_limit=8300. Setting time limit for workers to finish to 180s
2026-09-06 12:30:17,451 - util.agent - INFO - update / exploration: 532.2/518.1 s |  13.8/ 14.8 steps/s |  7352/  7686 steps, 100 episodes | 709047/ 716733 steps total,  8300 episodes total
2026-09-06 12:30:17,497 - util.agent - INFO - NET_SYNC ok #83 fp=3c9017c761cb update=709047
2026-09-06 12:30:19,174 - eve_rl.runner.runner - INFO - Saved policy snapshot at scheduled step 710000 (current=716733)
2026-09-06 12:30:19,174 - util.agent - DEBUG - explore (amount/limit): steps None/None | episodes 100/None || update (amount/limit): steps 7686.0/None
2026-09-06 12:37:51,931 - util.agent - DEBUG - exploration: steps=723182 >= step_limit=inf or episodes=8400 >= episode_limit=8400. Setting time limit for workers to finish to 180s
2026-09-06 12:39:18,966 - util.agent - INFO - update / exploration: 539.8/520.8 s |  14.2/ 14.7 steps/s |  7686/  7658 steps, 100 episodes | 716733/ 724391 steps total,  8400 episodes total
2026-09-06 12:39:19,013 - util.agent - INFO - NET_SYNC ok #84 fp=67f22b49ce0b update=716733
2026-09-06 12:39:20,682 - eve_rl.runner.runner - INFO - Saved policy snapshot at scheduled step 720000 (current=724391)
2026-09-06 12:39:20,683 - util.agent - DEBUG - explore (amount/limit): steps None/None | episodes 100/None || update (amount/limit): steps 7658.0/None
2026-09-06 12:47:12,176 - util.agent - DEBUG - exploration: steps=731256 >= step_limit=inf or episodes=8500 >= episode_limit=8500. Setting time limit for workers to finish to 180s
2026-09-06 12:48:24,946 - util.agent - INFO - update / exploration: 544.3/513.6 s |  14.1/ 15.7 steps/s |  7658/  8045 steps, 100 episodes | 724391/ 732436 steps total,  8500 episodes total
2026-09-06 12:48:24,998 - util.agent - INFO - NET_SYNC ok #85 fp=23d47c648890 update=724391
2026-09-06 12:48:26,672 - eve_rl.runner.runner - INFO - Saved policy snapshot at scheduled step 730000 (current=732436)
2026-09-06 12:48:26,672 - util.agent - DEBUG - explore (amount/limit): steps None/None | episodes 100/None || update (amount/limit): steps 8045.0/None
2026-09-06 12:55:46,657 - util.agent - DEBUG - exploration: steps=738742 >= step_limit=inf or episodes=8600 >= episode_limit=8600. Setting time limit for workers to finish to 180s
2026-09-06 12:57:40,333 - util.agent - INFO - update / exploration: 553.7/553.3 s |  14.5/ 14.0 steps/s |  8045/  7770 steps, 100 episodes | 732436/ 740206 steps total,  8600 episodes total
2026-09-06 12:57:40,382 - util.agent - INFO - NET_SYNC ok #86 fp=7d1ac5295dae update=732436
2026-09-06 12:57:42,122 - eve_rl.runner.runner - INFO - Saved policy snapshot at scheduled step 740000 (current=740206)
2026-09-06 12:57:42,127 - util.agent - DEBUG - explore (amount/limit): steps None/None | episodes 100/None || update (amount/limit): steps 7770.0/None
2026-09-06 13:05:01,707 - util.agent - DEBUG - exploration: steps=746569 >= step_limit=inf or episodes=8700 >= episode_limit=8700. Setting time limit for workers to finish to 180s
2026-09-06 13:06:52,632 - util.agent - INFO - update / exploration: 550.6/527.0 s |  14.1/ 14.5 steps/s |  7770/  7653 steps, 100 episodes | 740206/ 747859 steps total,  8700 episodes total
2026-09-06 13:06:52,678 - util.agent - INFO - NET_SYNC ok #87 fp=f6e87173ac1d update=740206
2026-09-06 13:06:54,367 - util.agent - DEBUG - explore (amount/limit): steps None/None | episodes 100/None || update (amount/limit): steps 7653.0/None
2026-09-06 13:14:22,438 - util.agent - DEBUG - exploration: steps=754005 >= step_limit=inf or episodes=8800 >= episode_limit=8800. Setting time limit for workers to finish to 180s
2026-09-06 13:15:50,870 - util.agent - INFO - update / exploration: 536.6/495.4 s |  14.3/ 14.9 steps/s |  7653/  7374 steps, 100 episodes | 747859/ 755233 steps total,  8800 episodes total
2026-09-06 13:15:50,916 - util.agent - INFO - NET_SYNC ok #88 fp=0f8512663e7b update=747859
2026-09-06 13:15:52,583 - eve_rl.runner.runner - INFO - Saved policy snapshot at scheduled step 750000 (current=755233)
2026-09-06 13:15:52,584 - util.agent - DEBUG - evaluate (amount/limit): steps None/None | episodes None/None | len(seeds)=98/options=None
2026-09-06 13:27:13,385 - util.agent - INFO - evaluation :  680.8s |   9.5 steps/s |    6483 steps /   96 episodes | Total:    64986 steps /   389 episodes
2026-09-06 13:27:13,678 - eve_rl.runner.runner - INFO - Quality: 0.9897959183673469, Reward: 5.907307682365376, Exploration steps: 755233
2026-09-06 13:27:17,475 - eve_rl.runner.runner - INFO - Saved replay buffer incrementally (+251759 new transitions) at eval #4
2026-09-06 13:27:17,476 - util.agent - DEBUG - explore (amount/limit): steps None/None | episodes 100/None || update (amount/limit): steps 7374.0/None
2026-09-06 13:35:03,180 - util.agent - DEBUG - exploration: steps=761500 >= step_limit=inf or episodes=8900 >= episode_limit=8900. Setting time limit for workers to finish to 180s
2026-09-06 13:36:07,512 - util.agent - INFO - update / exploration: 530.1/517.1 s |  13.9/ 14.4 steps/s |  7374/  7435 steps, 100 episodes | 755233/ 762668 steps total,  8900 episodes total
2026-09-06 13:36:07,559 - util.agent - INFO - NET_SYNC ok #89 fp=bb433c9c72da update=755233
2026-09-06 13:36:09,241 - eve_rl.runner.runner - INFO - Saved policy snapshot at scheduled step 760000 (current=762668)
2026-09-06 13:36:09,241 - util.agent - DEBUG - explore (amount/limit): steps None/None | episodes 100/None || update (amount/limit): steps 7435.0/None
2026-09-06 13:43:41,502 - util.agent - DEBUG - exploration: steps=769049 >= step_limit=inf or episodes=9000 >= episode_limit=9000. Setting time limit for workers to finish to 180s
2026-09-06 13:44:58,156 - util.agent - INFO - update / exploration: 529.0/502.7 s |  14.1/ 15.0 steps/s |  7435/  7560 steps, 100 episodes | 762668/ 770228 steps total,  9000 episodes total
2026-09-06 13:44:58,206 - util.agent - INFO - NET_SYNC ok #90 fp=20c2b07cc9cd update=762668
2026-09-06 13:44:59,874 - eve_rl.runner.runner - INFO - Saved policy snapshot at scheduled step 770000 (current=770228)
2026-09-06 13:44:59,875 - util.agent - DEBUG - explore (amount/limit): steps None/None | episodes 100/None || update (amount/limit): steps 7560.0/None
2026-09-06 13:52:07,212 - util.agent - DEBUG - exploration: steps=776264 >= step_limit=inf or episodes=9100 >= episode_limit=9100. Setting time limit for workers to finish to 180s
2026-09-06 13:53:57,636 - util.agent - INFO - update / exploration: 522.1/537.9 s |  14.5/ 13.9 steps/s |  7560/  7498 steps, 100 episodes | 770228/ 777726 steps total,  9100 episodes total
2026-09-06 13:53:57,680 - util.agent - INFO - NET_SYNC ok #91 fp=a3edcea1dd20 update=770228
2026-09-06 13:53:59,352 - util.agent - DEBUG - explore (amount/limit): steps None/None | episodes 100/None || update (amount/limit): steps 7498.0/None
2026-09-06 14:01:32,328 - util.agent - DEBUG - exploration: steps=783874 >= step_limit=inf or episodes=9200 >= episode_limit=9200. Setting time limit for workers to finish to 180s
2026-09-06 14:02:49,639 - util.agent - INFO - update / exploration: 530.4/501.5 s |  14.1/ 14.6 steps/s |  7498/  7308 steps, 100 episodes | 777726/ 785034 steps total,  9200 episodes total
2026-09-06 14:02:49,695 - util.agent - INFO - NET_SYNC ok #92 fp=49829901268b update=777726
2026-09-06 14:02:51,379 - eve_rl.runner.runner - INFO - Saved policy snapshot at scheduled step 780000 (current=785034)
2026-09-06 14:02:51,380 - util.agent - DEBUG - explore (amount/limit): steps None/None | episodes 100/None || update (amount/limit): steps 7308.0/None
2026-09-06 14:10:28,434 - util.agent - DEBUG - exploration: steps=791237 >= step_limit=inf or episodes=9300 >= episode_limit=9300. Setting time limit for workers to finish to 180s
2026-09-06 14:11:35,173 - util.agent - INFO - update / exploration: 523.8/513.7 s |  14.0/ 14.4 steps/s |  7308/  7420 steps, 100 episodes | 785034/ 792454 steps total,  9300 episodes total
2026-09-06 14:11:35,222 - util.agent - INFO - NET_SYNC ok #93 fp=241dd8a9e4d9 update=785034
2026-09-06 14:11:36,886 - eve_rl.runner.runner - INFO - Saved policy snapshot at scheduled step 790000 (current=792454)
2026-09-06 14:11:36,886 - util.agent - DEBUG - explore (amount/limit): steps None/None | episodes 100/None || update (amount/limit): steps 7420.0/None
2026-09-06 14:19:14,234 - util.agent - DEBUG - exploration: steps=798732 >= step_limit=inf or episodes=9400 >= episode_limit=9400. Setting time limit for workers to finish to 180s
2026-09-06 14:21:01,782 - util.agent - INFO - update / exploration: 529.5/564.9 s |  14.0/ 13.6 steps/s |  7420/  7703 steps, 100 episodes | 792454/ 800157 steps total,  9400 episodes total
2026-09-06 14:21:01,828 - util.agent - INFO - NET_SYNC ok #94 fp=f24b6f678604 update=792454
2026-09-06 14:21:03,506 - eve_rl.runner.runner - INFO - Saved policy snapshot at scheduled step 800000 (current=800157)
2026-09-06 14:21:03,507 - util.agent - DEBUG - explore (amount/limit): steps None/None | episodes 100/None || update (amount/limit): steps 7703.0/None
2026-09-06 14:28:52,955 - util.agent - DEBUG - exploration: steps=806484 >= step_limit=inf or episodes=9500 >= episode_limit=9500. Setting time limit for workers to finish to 180s
2026-09-06 14:31:52,982 - util.agent - WARNING - Restaring Agent worker_6 because of Timeout
2026-09-06 14:31:52,983 - util.agent - DEBUG - Restarting Agent with task=None, step_limit=None and episode_limit=None.
2026-09-06 14:32:08,055 - step_logger_train_131505191031328 - INFO - === BenchEnv5 initialized (mode=train, visualisation=False) ===
2026-09-06 14:32:10,937 - util.agent - INFO - update / exploration: 552.3/667.5 s |  13.9/ 11.2 steps/s |  7703/  7488 steps, 100 episodes | 800157/ 807645 steps total,  9500 episodes total
2026-09-06 14:32:10,992 - util.agent - INFO - NET_SYNC ok #95 fp=5fbbffb9c1a3 update=800157
2026-09-06 14:32:12,692 - util.agent - DEBUG - explore (amount/limit): steps None/None | episodes 100/None || update (amount/limit): steps 7488.0/None
2026-09-06 14:39:17,921 - util.agent - DEBUG - exploration: steps=813809 >= step_limit=inf or episodes=9600 >= episode_limit=9600. Setting time limit for workers to finish to 180s
2026-09-06 14:40:53,282 - util.agent - INFO - update / exploration: 520.6/487.2 s |  14.4/ 15.3 steps/s |  7488/  7443 steps, 100 episodes | 807645/ 815088 steps total,  9600 episodes total
2026-09-06 14:40:53,331 - util.agent - INFO - NET_SYNC ok #96 fp=2bad045bd323 update=807645
2026-09-06 14:40:55,022 - eve_rl.runner.runner - INFO - Saved policy snapshot at scheduled step 810000 (current=815088)
2026-09-06 14:40:55,023 - util.agent - DEBUG - explore (amount/limit): steps None/None | episodes 100/None || update (amount/limit): steps 7443.0/None
2026-09-06 14:48:13,097 - util.agent - DEBUG - exploration: steps=821350 >= step_limit=inf or episodes=9700 >= episode_limit=9700. Setting time limit for workers to finish to 180s
2026-09-06 14:49:37,328 - util.agent - INFO - update / exploration: 522.3/497.7 s |  14.2/ 15.0 steps/s |  7443/  7451 steps, 100 episodes | 815088/ 822539 steps total,  9700 episodes total
2026-09-06 14:49:37,374 - util.agent - INFO - NET_SYNC ok #97 fp=86833c81f7c3 update=815088
2026-09-06 14:49:39,044 - eve_rl.runner.runner - INFO - Saved policy snapshot at scheduled step 820000 (current=822539)
2026-09-06 14:49:39,045 - util.agent - DEBUG - explore (amount/limit): steps None/None | episodes 100/None || update (amount/limit): steps 7451.0/None
2026-09-06 14:57:11,484 - util.agent - DEBUG - exploration: steps=828819 >= step_limit=inf or episodes=9800 >= episode_limit=9800. Setting time limit for workers to finish to 180s
2026-09-06 14:58:27,294 - util.agent - INFO - update / exploration: 528.3/500.0 s |  14.1/ 15.3 steps/s |  7451/  7660 steps, 100 episodes | 822539/ 830199 steps total,  9800 episodes total
2026-09-06 14:58:27,345 - util.agent - INFO - NET_SYNC ok #98 fp=9556b36815dc update=822539
2026-09-06 14:58:29,018 - eve_rl.runner.runner - INFO - Saved policy snapshot at scheduled step 830000 (current=830199)
2026-09-06 14:58:29,019 - util.agent - DEBUG - explore (amount/limit): steps None/None | episodes 100/None || update (amount/limit): steps 7660.0/None
2026-09-06 15:05:46,992 - util.agent - DEBUG - exploration: steps=836457 >= step_limit=inf or episodes=9900 >= episode_limit=9900. Setting time limit for workers to finish to 180s
2026-09-06 15:07:23,039 - util.agent - INFO - update / exploration: 534.0/487.0 s |  14.3/ 15.2 steps/s |  7660/  7390 steps, 100 episodes | 830199/ 837589 steps total,  9900 episodes total
2026-09-06 15:07:23,088 - util.agent - INFO - NET_SYNC ok #99 fp=47de79656732 update=830199
2026-09-06 15:07:24,765 - util.agent - DEBUG - explore (amount/limit): steps None/None | episodes 100/None || update (amount/limit): steps 7390.0/None
2026-09-06 15:14:42,726 - util.agent - DEBUG - exploration: steps=843702 >= step_limit=inf or episodes=10000 >= episode_limit=10000. Setting time limit for workers to finish to 180s
2026-09-06 15:15:58,206 - util.agent - INFO - update / exploration: 513.5/479.0 s |  14.4/ 15.2 steps/s |  7390/  7279 steps, 100 episodes | 837589/ 844868 steps total, 10000 episodes total
2026-09-06 15:15:58,254 - util.agent - INFO - NET_SYNC ok #100 fp=4ed3abb6c053 update=837589
2026-09-06 15:15:59,926 - eve_rl.runner.runner - INFO - Saved policy snapshot at scheduled step 840000 (current=844868)
2026-09-06 15:15:59,927 - util.agent - DEBUG - explore (amount/limit): steps None/None | episodes 100/None || update (amount/limit): steps 7279.0/None
2026-09-06 15:23:57,612 - util.agent - DEBUG - exploration: steps=851196 >= step_limit=inf or episodes=10100 >= episode_limit=10100. Setting time limit for workers to finish to 180s
2026-09-06 15:24:52,300 - util.agent - INFO - update / exploration: 532.4/528.1 s |  13.7/ 14.6 steps/s |  7279/  7690 steps, 100 episodes | 844868/ 852558 steps total, 10100 episodes total
2026-09-06 15:24:52,346 - util.agent - INFO - NET_SYNC ok #101 fp=338bf037be29 update=844868
2026-09-06 15:24:54,022 - eve_rl.runner.runner - INFO - Saved policy snapshot at scheduled step 850000 (current=852558)
2026-09-06 15:24:54,022 - util.agent - DEBUG - explore (amount/limit): steps None/None | episodes 100/None || update (amount/limit): steps 7690.0/None
2026-09-06 15:32:01,242 - util.agent - DEBUG - exploration: steps=858832 >= step_limit=inf or episodes=10200 >= episode_limit=10200. Setting time limit for workers to finish to 180s
2026-09-06 15:33:48,593 - util.agent - INFO - update / exploration: 534.6/497.5 s |  14.4/ 15.1 steps/s |  7690/  7533 steps, 100 episodes | 852558/ 860091 steps total, 10200 episodes total
2026-09-06 15:33:48,640 - util.agent - INFO - NET_SYNC ok #102 fp=3f34c887d43b update=852558
2026-09-06 15:33:50,324 - eve_rl.runner.runner - INFO - Saved policy snapshot at scheduled step 860000 (current=860091)
2026-09-06 15:33:50,324 - util.agent - DEBUG - explore (amount/limit): steps None/None | episodes 100/None || update (amount/limit): steps 7533.0/None
2026-09-06 15:41:57,833 - util.agent - DEBUG - exploration: steps=866325 >= step_limit=inf or episodes=10300 >= episode_limit=10300. Setting time limit for workers to finish to 180s
2026-09-06 15:43:11,822 - util.agent - INFO - update / exploration: 561.6/537.5 s |  13.4/ 14.3 steps/s |  7533/  7687 steps, 100 episodes | 860091/ 867778 steps total, 10300 episodes total
2026-09-06 15:43:11,871 - util.agent - INFO - NET_SYNC ok #103 fp=a6627cd92f0c update=860091
2026-09-06 15:43:13,556 - util.agent - DEBUG - explore (amount/limit): steps None/None | episodes 100/None || update (amount/limit): steps 7687.0/None
2026-09-06 15:51:07,664 - util.agent - DEBUG - exploration: steps=874256 >= step_limit=inf or episodes=10400 >= episode_limit=10400. Setting time limit for workers to finish to 180s
2026-09-06 15:52:28,036 - util.agent - INFO - update / exploration: 554.7/531.5 s |  13.9/ 14.5 steps/s |  7687/  7697 steps, 100 episodes | 867778/ 875475 steps total, 10400 episodes total
2026-09-06 15:52:28,103 - util.agent - INFO - NET_SYNC ok #104 fp=431ef82b985e update=867778
2026-09-06 15:52:29,789 - eve_rl.runner.runner - INFO - Saved policy snapshot at scheduled step 870000 (current=875475)
2026-09-06 15:52:29,790 - util.agent - DEBUG - explore (amount/limit): steps None/None | episodes 100/None || update (amount/limit): steps 7697.0/None
2026-09-06 16:00:11,002 - util.agent - DEBUG - exploration: steps=881657 >= step_limit=inf or episodes=10500 >= episode_limit=10500. Setting time limit for workers to finish to 180s
2026-09-06 16:01:33,392 - util.agent - INFO - update / exploration: 543.7/508.6 s |  14.2/ 14.4 steps/s |  7697/  7336 steps, 100 episodes | 875475/ 882811 steps total, 10500 episodes total
2026-09-06 16:01:33,441 - util.agent - INFO - NET_SYNC ok #105 fp=51f03a064e96 update=875475
2026-09-06 16:01:35,130 - eve_rl.runner.runner - INFO - Saved policy snapshot at scheduled step 880000 (current=882811)
2026-09-06 16:01:35,130 - util.agent - DEBUG - explore (amount/limit): steps None/None | episodes 100/None || update (amount/limit): steps 7336.0/None
2026-09-06 16:09:10,400 - util.agent - DEBUG - exploration: steps=888838 >= step_limit=inf or episodes=10600 >= episode_limit=10600. Setting time limit for workers to finish to 180s
2026-09-06 16:10:20,286 - util.agent - INFO - update / exploration: 525.3/510.0 s |  14.0/ 14.2 steps/s |  7336/  7248 steps, 100 episodes | 882811/ 890059 steps total, 10600 episodes total
2026-09-06 16:10:20,337 - util.agent - INFO - NET_SYNC ok #106 fp=9beaf905d256 update=882811
2026-09-06 16:10:22,022 - eve_rl.runner.runner - INFO - Saved policy snapshot at scheduled step 890000 (current=890059)
2026-09-06 16:10:22,023 - util.agent - DEBUG - explore (amount/limit): steps None/None | episodes 100/None || update (amount/limit): steps 7248.0/None
2026-09-06 16:17:48,332 - util.agent - DEBUG - exploration: steps=896066 >= step_limit=inf or episodes=10700 >= episode_limit=10700. Setting time limit for workers to finish to 180s
2026-09-06 16:18:59,714 - util.agent - INFO - update / exploration: 517.7/487.3 s |  14.0/ 14.8 steps/s |  7248/  7196 steps, 100 episodes | 890059/ 897255 steps total, 10700 episodes total
2026-09-06 16:18:59,830 - util.agent - INFO - NET_SYNC ok #107 fp=8bc44e892c2b update=890059
2026-09-06 16:19:01,527 - util.agent - DEBUG - explore (amount/limit): steps None/None | episodes 100/None || update (amount/limit): steps 7196.0/None
2026-09-06 16:27:13,017 - util.agent - DEBUG - exploration: steps=903533 >= step_limit=inf or episodes=10800 >= episode_limit=10800. Setting time limit for workers to finish to 180s
2026-09-06 16:29:38,760 - util.agent - INFO - update / exploration: 555.1/637.3 s |  13.0/ 12.0 steps/s |  7196/  7675 steps, 100 episodes | 897255/ 904930 steps total, 10800 episodes total
2026-09-06 16:29:38,818 - util.agent - INFO - NET_SYNC ok #108 fp=2143b52928b4 update=897255
2026-09-06 16:29:40,497 - eve_rl.runner.runner - INFO - Saved policy snapshot at scheduled step 900000 (current=904930)
2026-09-06 16:29:40,498 - util.agent - DEBUG - explore (amount/limit): steps None/None | episodes 100/None || update (amount/limit): steps 7675.0/None
2026-09-06 16:37:55,646 - util.agent - DEBUG - exploration: steps=911182 >= step_limit=inf or episodes=10900 >= episode_limit=10900. Setting time limit for workers to finish to 180s
2026-09-06 16:40:55,752 - util.agent - WARNING - Restaring Agent worker_3 because of Timeout
2026-09-06 16:40:55,753 - util.agent - DEBUG - Restarting Agent with task=None, step_limit=None and episode_limit=None.
2026-09-06 16:41:11,728 - step_logger_train_131506534197952 - INFO - === BenchEnv5 initialized (mode=train, visualisation=False) ===
2026-09-06 16:41:16,086 - util.agent - WARNING - Restaring Agent worker_4 because of Timeout
2026-09-06 16:41:16,090 - util.agent - DEBUG - Restarting Agent with task=None, step_limit=None and episode_limit=None.
2026-09-06 16:41:24,556 - step_logger_train_131505207186720 - INFO - === BenchEnv5 initialized (mode=train, visualisation=False) ===
2026-09-06 16:41:27,748 - util.agent - INFO - update / exploration: 562.6/707.3 s |  13.6/ 10.4 steps/s |  7675/  7342 steps, 100 episodes | 904930/ 912272 steps total, 10900 episodes total
2026-09-06 16:41:27,825 - util.agent - INFO - NET_SYNC ok #109 fp=c0f4ba311bef update=904930
2026-09-06 16:41:29,505 - eve_rl.runner.runner - INFO - Saved policy snapshot at scheduled step 910000 (current=912272)
2026-09-06 16:41:29,505 - util.agent - DEBUG - explore (amount/limit): steps None/None | episodes 100/None || update (amount/limit): steps 7342.0/None
2026-09-06 16:48:52,129 - util.agent - DEBUG - exploration: steps=918524 >= step_limit=inf or episodes=11000 >= episode_limit=11000. Setting time limit for workers to finish to 180s
2026-09-06 16:50:09,098 - util.agent - INFO - update / exploration: 519.6/497.1 s |  14.1/ 15.1 steps/s |  7342/  7508 steps, 100 episodes | 912272/ 919780 steps total, 11000 episodes total
2026-09-06 16:50:09,154 - util.agent - INFO - NET_SYNC ok #110 fp=239386d9a22b update=912272
2026-09-06 16:50:10,860 - util.agent - DEBUG - explore (amount/limit): steps None/None | episodes 100/None || update (amount/limit): steps 7508.0/None
2026-09-06 16:57:30,930 - util.agent - DEBUG - exploration: steps=925895 >= step_limit=inf or episodes=11100 >= episode_limit=11100. Setting time limit for workers to finish to 180s
2026-09-06 17:00:30,951 - util.agent - WARNING - Restaring Agent worker_4 because of Timeout
2026-09-06 17:00:30,952 - util.agent - DEBUG - Restarting Agent with task=None, step_limit=None and episode_limit=None.
2026-09-06 17:00:46,119 - step_logger_train_131505199923984 - INFO - === BenchEnv5 initialized (mode=train, visualisation=False) ===
2026-09-06 17:00:48,786 - util.agent - INFO - update / exploration: 520.0/638.0 s |  14.4/ 11.2 steps/s |  7508/  7151 steps, 100 episodes | 919780/ 926931 steps total, 11100 episodes total
2026-09-06 17:00:48,853 - util.agent - INFO - NET_SYNC ok #111 fp=d8801b8c0a11 update=919780
2026-09-06 17:00:50,552 - eve_rl.runner.runner - INFO - Saved policy snapshot at scheduled step 920000 (current=926931)
2026-09-06 17:00:50,553 - util.agent - DEBUG - explore (amount/limit): steps None/None | episodes 100/None || update (amount/limit): steps 7151.0/None
2026-09-06 17:08:49,805 - util.agent - DEBUG - exploration: steps=933051 >= step_limit=inf or episodes=11200 >= episode_limit=11200. Setting time limit for workers to finish to 180s
2026-09-06 17:09:57,490 - util.agent - INFO - update / exploration: 530.1/547.0 s |  13.5/ 14.1 steps/s |  7151/  7716 steps, 100 episodes | 926931/ 934647 steps total, 11200 episodes total
2026-09-06 17:09:57,536 - util.agent - INFO - NET_SYNC ok #112 fp=11c6ff7afbcf update=926931
2026-09-06 17:09:59,205 - eve_rl.runner.runner - INFO - Saved policy snapshot at scheduled step 930000 (current=934647)
2026-09-06 17:09:59,206 - util.agent - DEBUG - explore (amount/limit): steps None/None | episodes 100/None || update (amount/limit): steps 7716.0/None
2026-09-06 17:17:38,834 - util.agent - DEBUG - exploration: steps=940911 >= step_limit=inf or episodes=11300 >= episode_limit=11300. Setting time limit for workers to finish to 180s
2026-09-06 17:20:38,889 - util.agent - WARNING - Restaring Agent worker_15 because of Timeout
2026-09-06 17:20:38,890 - util.agent - DEBUG - Restarting Agent with task=None, step_limit=None and episode_limit=None.
2026-09-06 17:20:54,068 - step_logger_train_131506684255824 - INFO - === BenchEnv5 initialized (mode=train, visualisation=False) ===
2026-09-06 17:20:57,424 - util.agent - INFO - update / exploration: 542.4/658.3 s |  14.2/ 11.2 steps/s |  7716/  7355 steps, 100 episodes | 934647/ 942002 steps total, 11300 episodes total
2026-09-06 17:20:57,489 - util.agent - INFO - NET_SYNC ok #113 fp=5531094e596d update=934647
2026-09-06 17:20:59,173 - eve_rl.runner.runner - INFO - Saved policy snapshot at scheduled step 940000 (current=942002)
2026-09-06 17:20:59,173 - util.agent - DEBUG - explore (amount/limit): steps None/None | episodes 100/None || update (amount/limit): steps 7355.0/None
2026-09-06 17:28:06,934 - util.agent - DEBUG - exploration: steps=948136 >= step_limit=inf or episodes=11400 >= episode_limit=11400. Setting time limit for workers to finish to 180s
2026-09-06 17:29:32,075 - util.agent - INFO - update / exploration: 512.9/478.8 s |  14.3/ 15.3 steps/s |  7355/  7340 steps, 100 episodes | 942002/ 949342 steps total, 11400 episodes total
2026-09-06 17:29:32,123 - util.agent - INFO - NET_SYNC ok #114 fp=a0f5b17f9ec9 update=942002
2026-09-06 17:29:33,789 - util.agent - DEBUG - explore (amount/limit): steps None/None | episodes 100/None || update (amount/limit): steps 7340.0/None
2026-09-06 17:36:48,066 - util.agent - DEBUG - exploration: steps=955586 >= step_limit=inf or episodes=11500 >= episode_limit=11500. Setting time limit for workers to finish to 180s
2026-09-06 17:38:16,211 - util.agent - INFO - update / exploration: 522.5/495.0 s |  14.0/ 15.3 steps/s |  7340/  7585 steps, 100 episodes | 949342/ 956927 steps total, 11500 episodes total
2026-09-06 17:38:16,260 - util.agent - INFO - NET_SYNC ok #115 fp=fc3a910b5f3a update=949342
2026-09-06 17:38:17,945 - eve_rl.runner.runner - INFO - Saved policy snapshot at scheduled step 950000 (current=956927)
2026-09-06 17:38:17,945 - util.agent - DEBUG - explore (amount/limit): steps None/None | episodes 100/None || update (amount/limit): steps 7585.0/None
2026-09-06 17:45:48,678 - util.agent - DEBUG - exploration: steps=963148 >= step_limit=inf or episodes=11600 >= episode_limit=11600. Setting time limit for workers to finish to 180s
2026-09-06 17:47:18,928 - util.agent - INFO - update / exploration: 541.0/500.1 s |  14.0/ 14.9 steps/s |  7585/  7467 steps, 100 episodes | 956927/ 964394 steps total, 11600 episodes total
2026-09-06 17:47:18,982 - util.agent - INFO - NET_SYNC ok #116 fp=6f7ae0256d65 update=956927
2026-09-06 17:47:20,654 - eve_rl.runner.runner - INFO - Saved policy snapshot at scheduled step 960000 (current=964394)
2026-09-06 17:47:20,654 - util.agent - DEBUG - explore (amount/limit): steps None/None | episodes 100/None || update (amount/limit): steps 7467.0/None
2026-09-06 17:55:45,073 - util.agent - DEBUG - exploration: steps=970656 >= step_limit=inf or episodes=11700 >= episode_limit=11700. Setting time limit for workers to finish to 180s
2026-09-06 17:57:25,021 - util.agent - INFO - update / exploration: 604.4/566.4 s |  12.4/ 13.4 steps/s |  7467/  7571 steps, 100 episodes | 964394/ 971965 steps total, 11700 episodes total
2026-09-06 17:57:25,125 - util.agent - INFO - NET_SYNC ok #117 fp=0089c8758df9 update=964394
2026-09-06 17:57:26,878 - eve_rl.runner.runner - INFO - Saved policy snapshot at scheduled step 970000 (current=971965)
2026-09-06 17:57:26,878 - util.agent - DEBUG - explore (amount/limit): steps None/None | episodes 100/None || update (amount/limit): steps 7571.0/None
2026-09-06 18:04:45,090 - util.agent - DEBUG - exploration: steps=978258 >= step_limit=inf or episodes=11800 >= episode_limit=11800. Setting time limit for workers to finish to 180s
2026-09-06 18:06:24,531 - util.agent - INFO - update / exploration: 537.7/503.9 s |  14.1/ 14.9 steps/s |  7571/  7515 steps, 100 episodes | 971965/ 979480 steps total, 11800 episodes total
2026-09-06 18:06:24,584 - util.agent - INFO - NET_SYNC ok #118 fp=f42fe1b00393 update=971965
2026-09-06 18:06:26,255 - util.agent - DEBUG - explore (amount/limit): steps None/None | episodes 100/None || update (amount/limit): steps 7515.0/None
2026-09-06 18:14:38,200 - util.agent - DEBUG - exploration: steps=985996 >= step_limit=inf or episodes=11900 >= episode_limit=11900. Setting time limit for workers to finish to 180s
2026-09-06 18:16:02,748 - util.agent - INFO - update / exploration: 576.5/550.8 s |  13.0/ 14.0 steps/s |  7515/  7708 steps, 100 episodes | 979480/ 987188 steps total, 11900 episodes total
2026-09-06 18:16:02,808 - util.agent - INFO - NET_SYNC ok #119 fp=f3a627f5c0d4 update=979480
2026-09-06 18:16:04,528 - eve_rl.runner.runner - INFO - Saved policy snapshot at scheduled step 980000 (current=987188)
2026-09-06 18:16:04,529 - util.agent - DEBUG - explore (amount/limit): steps None/None | episodes 100/None || update (amount/limit): steps 7708.0/None
2026-09-06 18:24:29,395 - util.agent - DEBUG - exploration: steps=993631 >= step_limit=inf or episodes=12000 >= episode_limit=12000. Setting time limit for workers to finish to 180s
2026-09-06 18:26:06,793 - util.agent - INFO - update / exploration: 602.5/556.8 s |  12.8/ 13.7 steps/s |  7708/  7636 steps, 100 episodes | 987188/ 994824 steps total, 12000 episodes total
2026-09-06 18:26:06,844 - util.agent - INFO - NET_SYNC ok #120 fp=9b89052b1d7b update=987188
2026-09-06 18:26:08,526 - eve_rl.runner.runner - INFO - Saved policy snapshot at scheduled step 990000 (current=994824)
2026-09-06 18:26:08,526 - util.agent - DEBUG - explore (amount/limit): steps None/None | episodes 100/None || update (amount/limit): steps 7636.0/None
2026-09-06 18:34:23,452 - util.agent - DEBUG - exploration: steps=1001129 >= step_limit=inf or episodes=12100 >= episode_limit=12100. Setting time limit for workers to finish to 180s
2026-09-06 18:37:23,513 - util.agent - WARNING - Restaring Agent worker_9 because of Timeout
2026-09-06 18:37:23,515 - util.agent - DEBUG - Restarting Agent with task=None, step_limit=None and episode_limit=None.
2026-09-06 18:37:38,848 - step_logger_train_131507489243872 - INFO - === BenchEnv5 initialized (mode=train, visualisation=False) ===
2026-09-06 18:37:43,316 - util.agent - INFO - update / exploration: 566.4/694.9 s |  13.5/ 10.4 steps/s |  7636/  7254 steps, 100 episodes | 994824/1002078 steps total, 12100 episodes total
2026-09-06 18:37:43,379 - util.agent - INFO - NET_SYNC ok #121 fp=6dc3add5ac13 update=994824
2026-09-06 18:37:45,050 - eve_rl.runner.runner - INFO - Saved policy snapshot at scheduled step 1000000 (current=1002078)
2026-09-06 18:37:45,051 - util.agent - DEBUG - evaluate (amount/limit): steps None/None | episodes None/None | len(seeds)=98/options=None
2026-09-06 18:43:43,673 - util.agent - INFO - evaluation :  358.6s |  16.4 steps/s |    5871 steps /   98 episodes | Total:    70857 steps /   487 episodes
2026-09-06 18:43:43,935 - eve_rl.runner.runner - INFO - Quality: 1.0, Reward: 5.96826227148075, Exploration steps: 1002078
2026-09-06 18:43:46,867 - eve_rl.runner.runner - INFO - Saved replay buffer incrementally (+246845 new transitions) at eval #5
2026-09-06 18:43:46,868 - util.agent - DEBUG - explore (amount/limit): steps None/None | episodes 100/None || update (amount/limit): steps 7254.0/None
2026-09-06 18:50:45,429 - util.agent - DEBUG - exploration: steps=1007912 >= step_limit=inf or episodes=12200 >= episode_limit=12200. Setting time limit for workers to finish to 180s
2026-09-06 18:52:10,753 - util.agent - INFO - update / exploration: 503.9/463.5 s |  14.4/ 15.0 steps/s |  7254/  6973 steps, 100 episodes | 1002078/1009051 steps total, 12200 episodes total
2026-09-06 18:52:10,810 - util.agent - INFO - NET_SYNC ok #122 fp=878467d4c130 update=1002078
2026-09-06 18:52:12,475 - util.agent - DEBUG - explore (amount/limit): steps None/None | episodes 100/None || update (amount/limit): steps 6973.0/None
2026-09-06 18:59:41,424 - util.agent - DEBUG - exploration: steps=1015420 >= step_limit=inf or episodes=12300 >= episode_limit=12300. Setting time limit for workers to finish to 180s
2026-09-06 19:02:41,492 - util.agent - WARNING - Restaring Agent worker_8 because of Timeout
2026-09-06 19:02:41,493 - util.agent - DEBUG - Restarting Agent with task=None, step_limit=None and episode_limit=None.
2026-09-06 19:02:58,088 - step_logger_train_131504623257968 - INFO - === BenchEnv5 initialized (mode=train, visualisation=False) ===
2026-09-06 19:03:01,341 - util.agent - INFO - update / exploration: 509.1/648.9 s |  13.7/ 11.4 steps/s |  6973/  7389 steps, 100 episodes | 1009051/1016440 steps total, 12300 episodes total
2026-09-06 19:03:01,410 - util.agent - INFO - NET_SYNC ok #123 fp=0904c656ff74 update=1009051
2026-09-06 19:03:03,127 - eve_rl.runner.runner - INFO - Saved policy snapshot at scheduled step 1010000 (current=1016440)
2026-09-06 19:03:03,128 - util.agent - DEBUG - explore (amount/limit): steps None/None | episodes 100/None || update (amount/limit): steps 7389.0/None
2026-09-06 19:10:25,717 - util.agent - DEBUG - exploration: steps=1022508 >= step_limit=inf or episodes=12400 >= episode_limit=12400. Setting time limit for workers to finish to 180s
2026-09-06 19:11:54,180 - util.agent - INFO - update / exploration: 531.1/494.0 s |  13.9/ 14.9 steps/s |  7389/  7353 steps, 100 episodes | 1016440/1023793 steps total, 12400 episodes total
2026-09-06 19:11:54,252 - util.agent - INFO - NET_SYNC ok #124 fp=3c30650e4738 update=1016440
2026-09-06 19:11:55,984 - eve_rl.runner.runner - INFO - Saved policy snapshot at scheduled step 1020000 (current=1023793)
2026-09-06 19:11:55,985 - util.agent - DEBUG - explore (amount/limit): steps None/None | episodes 100/None || update (amount/limit): steps 7353.0/None
2026-09-06 19:19:33,102 - util.agent - DEBUG - exploration: steps=1029962 >= step_limit=inf or episodes=12500 >= episode_limit=12500. Setting time limit for workers to finish to 180s
2026-09-06 19:20:38,665 - util.agent - INFO - update / exploration: 522.7/499.0 s |  14.1/ 14.8 steps/s |  7353/  7385 steps, 100 episodes | 1023793/1031178 steps total, 12500 episodes total
2026-09-06 19:20:38,712 - util.agent - INFO - NET_SYNC ok #125 fp=77ed9feefa38 update=1023793
2026-09-06 19:20:40,386 - eve_rl.runner.runner - INFO - Saved policy snapshot at scheduled step 1030000 (current=1031178)
2026-09-06 19:20:40,387 - util.agent - DEBUG - explore (amount/limit): steps None/None | episodes 100/None || update (amount/limit): steps 7385.0/None
2026-09-06 19:28:17,505 - util.agent - DEBUG - exploration: steps=1037443 >= step_limit=inf or episodes=12600 >= episode_limit=12600. Setting time limit for workers to finish to 180s
2026-09-06 19:31:17,527 - util.agent - WARNING - Restaring Agent worker_6 because of Timeout
2026-09-06 19:31:17,528 - util.agent - DEBUG - Restarting Agent with task=None, step_limit=None and episode_limit=None.
2026-09-06 19:31:32,955 - step_logger_train_131505210345792 - INFO - === BenchEnv5 initialized (mode=train, visualisation=False) ===
2026-09-06 19:31:36,735 - util.agent - WARNING - Restaring Agent worker_11 because of Timeout
2026-09-06 19:31:36,737 - util.agent - DEBUG - Restarting Agent with task=None, step_limit=None and episode_limit=None.
2026-09-06 19:31:45,349 - step_logger_train_131505206314896 - INFO - === BenchEnv5 initialized (mode=train, visualisation=False) ===
2026-09-06 19:31:48,544 - util.agent - INFO - update / exploration: 535.1/668.2 s |  13.8/ 11.0 steps/s |  7385/  7333 steps, 100 episodes | 1031178/1038511 steps total, 12600 episodes total
2026-09-06 19:31:48,605 - util.agent - INFO - NET_SYNC ok #126 fp=25f360476a72 update=1031178
2026-09-06 19:31:50,282 - util.agent - DEBUG - explore (amount/limit): steps None/None | episodes 100/None || update (amount/limit): steps 7333.0/None
2026-09-06 19:39:18,879 - util.agent - DEBUG - exploration: steps=1044681 >= step_limit=inf or episodes=12700 >= episode_limit=12700. Setting time limit for workers to finish to 180s
2026-09-06 19:41:26,652 - util.agent - INFO - update / exploration: 530.7/576.4 s |  13.8/ 13.7 steps/s |  7333/  7897 steps, 100 episodes | 1038511/1046408 steps total, 12700 episodes total
2026-09-06 19:41:26,705 - util.agent - INFO - NET_SYNC ok #127 fp=0b4e5270625e update=1038511
2026-09-06 19:41:28,389 - eve_rl.runner.runner - INFO - Saved policy snapshot at scheduled step 1040000 (current=1046408)
2026-09-06 19:41:28,389 - util.agent - DEBUG - explore (amount/limit): steps None/None | episodes 100/None || update (amount/limit): steps 7897.0/None
2026-09-06 19:49:24,569 - util.agent - DEBUG - exploration: steps=1052909 >= step_limit=inf or episodes=12800 >= episode_limit=12800. Setting time limit for workers to finish to 180s
2026-09-06 19:52:24,626 - util.agent - WARNING - Restaring Agent worker_15 because of Timeout
2026-09-06 19:52:24,627 - util.agent - DEBUG - Restarting Agent with task=None, step_limit=None and episode_limit=None.
2026-09-06 19:52:39,861 - step_logger_train_131506705264160 - INFO - === BenchEnv5 initialized (mode=train, visualisation=False) ===
2026-09-06 19:52:43,637 - util.agent - INFO - update / exploration: 551.4/675.3 s |  14.3/ 11.3 steps/s |  7897/  7602 steps, 100 episodes | 1046408/1054010 steps total, 12800 episodes total
2026-09-06 19:52:43,690 - util.agent - INFO - NET_SYNC ok #128 fp=8156403ec154 update=1046408
2026-09-06 19:52:45,418 - eve_rl.runner.runner - INFO - Saved policy snapshot at scheduled step 1050000 (current=1054010)
2026-09-06 19:52:45,420 - util.agent - DEBUG - explore (amount/limit): steps None/None | episodes 100/None || update (amount/limit): steps 7602.0/None
2026-09-06 20:00:03,664 - util.agent - DEBUG - exploration: steps=1060078 >= step_limit=inf or episodes=12900 >= episode_limit=12900. Setting time limit for workers to finish to 180s
2026-09-06 20:01:30,549 - util.agent - INFO - update / exploration: 525.1/487.5 s |  14.5/ 14.9 steps/s |  7602/  7275 steps, 100 episodes | 1054010/1061285 steps total, 12900 episodes total
2026-09-06 20:01:30,598 - util.agent - INFO - NET_SYNC ok #129 fp=9c6f8f64e06c update=1054010
2026-09-06 20:01:32,297 - eve_rl.runner.runner - INFO - Saved policy snapshot at scheduled step 1060000 (current=1061285)
2026-09-06 20:01:32,298 - util.agent - DEBUG - explore (amount/limit): steps None/None | episodes 100/None || update (amount/limit): steps 7275.0/None
2026-09-06 20:09:03,222 - util.agent - DEBUG - exploration: steps=1067431 >= step_limit=inf or episodes=13000 >= episode_limit=13000. Setting time limit for workers to finish to 180s
2026-09-06 20:10:13,323 - util.agent - INFO - update / exploration: 521.0/495.9 s |  14.0/ 14.9 steps/s |  7275/  7367 steps, 100 episodes | 1061285/1068652 steps total, 13000 episodes total
2026-09-06 20:10:13,373 - util.agent - INFO - NET_SYNC ok #130 fp=76fdffeb56ae update=1061285
2026-09-06 20:10:15,072 - util.agent - DEBUG - explore (amount/limit): steps None/None | episodes 100/None || update (amount/limit): steps 7367.0/None
2026-09-06 20:18:00,480 - util.agent - DEBUG - exploration: steps=1075247 >= step_limit=inf or episodes=13100 >= episode_limit=13100. Setting time limit for workers to finish to 180s
2026-09-06 20:19:06,817 - util.agent - INFO - update / exploration: 531.8/520.2 s |  13.9/ 15.0 steps/s |  7367/  7814 steps, 100 episodes | 1068652/1076466 steps total, 13100 episodes total
2026-09-06 20:19:06,883 - util.agent - INFO - NET_SYNC ok #131 fp=f0324762049d update=1068652
2026-09-06 20:19:08,564 - eve_rl.runner.runner - INFO - Saved policy snapshot at scheduled step 1070000 (current=1076466)
2026-09-06 20:19:08,565 - util.agent - DEBUG - explore (amount/limit): steps None/None | episodes 100/None || update (amount/limit): steps 7814.0/None
2026-09-06 20:26:54,021 - util.agent - DEBUG - exploration: steps=1083054 >= step_limit=inf or episodes=13200 >= episode_limit=13200. Setting time limit for workers to finish to 180s
2026-09-06 20:28:27,881 - util.agent - INFO - update / exploration: 559.4/535.8 s |  14.0/ 14.7 steps/s |  7814/  7899 steps, 100 episodes | 1076466/1084365 steps total, 13200 episodes total
2026-09-06 20:28:27,927 - util.agent - INFO - NET_SYNC ok #132 fp=a8c54b99ee41 update=1076466
2026-09-06 20:28:29,598 - eve_rl.runner.runner - INFO - Saved policy snapshot at scheduled step 1080000 (current=1084365)
2026-09-06 20:28:29,599 - util.agent - DEBUG - explore (amount/limit): steps None/None | episodes 100/None || update (amount/limit): steps 7899.0/None
2026-09-06 20:36:21,940 - util.agent - DEBUG - exploration: steps=1090582 >= step_limit=inf or episodes=13300 >= episode_limit=13300. Setting time limit for workers to finish to 180s
2026-09-06 20:38:00,477 - util.agent - INFO - update / exploration: 560.3/570.9 s |  14.1/ 13.8 steps/s |  7899/  7875 steps, 100 episodes | 1084365/1092240 steps total, 13300 episodes total
2026-09-06 20:38:00,525 - util.agent - INFO - NET_SYNC ok #133 fp=fc0f29a80dec update=1084365
2026-09-06 20:38:02,204 - eve_rl.runner.runner - INFO - Saved policy snapshot at scheduled step 1090000 (current=1092240)
2026-09-06 20:38:02,205 - util.agent - DEBUG - explore (amount/limit): steps None/None | episodes 100/None || update (amount/limit): steps 7875.0/None
2026-09-06 20:45:09,491 - util.agent - DEBUG - exploration: steps=1098384 >= step_limit=inf or episodes=13400 >= episode_limit=13400. Setting time limit for workers to finish to 180s
2026-09-06 20:46:59,897 - util.agent - INFO - update / exploration: 537.7/483.0 s |  14.6/ 15.2 steps/s |  7875/  7346 steps, 100 episodes | 1092240/1099586 steps total, 13400 episodes total
2026-09-06 20:46:59,944 - util.agent - INFO - NET_SYNC ok #134 fp=89d2d6bf7a77 update=1092240
2026-09-06 20:47:01,614 - util.agent - DEBUG - explore (amount/limit): steps None/None | episodes 100/None || update (amount/limit): steps 7346.0/None
2026-09-06 20:54:44,615 - util.agent - DEBUG - exploration: steps=1105955 >= step_limit=inf or episodes=13500 >= episode_limit=13500. Setting time limit for workers to finish to 180s
2026-09-06 20:57:44,612 - util.agent - WARNING - Restaring Agent worker_2 because of Timeout
2026-09-06 20:57:44,613 - util.agent - DEBUG - Restarting Agent with task=None, step_limit=None and episode_limit=None.
2026-09-06 20:57:59,973 - step_logger_train_131506669826448 - INFO - === BenchEnv5 initialized (mode=train, visualisation=False) ===
2026-09-06 20:58:03,164 - util.agent - INFO - update / exploration: 529.0/661.6 s |  13.9/ 11.4 steps/s |  7346/  7534 steps, 100 episodes | 1099586/1107120 steps total, 13500 episodes total
2026-09-06 20:58:03,219 - util.agent - INFO - NET_SYNC ok #135 fp=866ed2a6698b update=1099586
2026-09-06 20:58:04,919 - eve_rl.runner.runner - INFO - Saved policy snapshot at scheduled step 1100000 (current=1107120)
2026-09-06 20:58:04,919 - util.agent - DEBUG - explore (amount/limit): steps None/None | episodes 100/None || update (amount/limit): steps 7534.0/None
2026-09-06 21:05:27,155 - util.agent - DEBUG - exploration: steps=1113314 >= step_limit=inf or episodes=13600 >= episode_limit=13600. Setting time limit for workers to finish to 180s
2026-09-06 21:06:57,940 - util.agent - INFO - update / exploration: 533.1/512.2 s |  14.1/ 14.6 steps/s |  7534/  7500 steps, 100 episodes | 1107120/1114620 steps total, 13600 episodes total
2026-09-06 21:06:57,991 - util.agent - INFO - NET_SYNC ok #136 fp=ddbe350d4353 update=1107120
2026-09-06 21:06:59,704 - eve_rl.runner.runner - INFO - Saved policy snapshot at scheduled step 1110000 (current=1114620)
2026-09-06 21:06:59,705 - util.agent - DEBUG - explore (amount/limit): steps None/None | episodes 100/None || update (amount/limit): steps 7500.0/None
2026-09-06 21:14:47,701 - util.agent - DEBUG - exploration: steps=1120947 >= step_limit=inf or episodes=13700 >= episode_limit=13700. Setting time limit for workers to finish to 180s
2026-09-06 21:17:00,933 - util.agent - INFO - update / exploration: 540.3/601.3 s |  13.9/ 13.0 steps/s |  7500/  7817 steps, 100 episodes | 1114620/1122437 steps total, 13700 episodes total
2026-09-06 21:17:00,979 - util.agent - INFO - NET_SYNC ok #137 fp=3d30221dc8d1 update=1114620
2026-09-06 21:17:02,656 - eve_rl.runner.runner - INFO - Saved policy snapshot at scheduled step 1120000 (current=1122437)
2026-09-06 21:17:02,657 - util.agent - DEBUG - explore (amount/limit): steps None/None | episodes 100/None || update (amount/limit): steps 7817.0/None
2026-09-06 21:24:14,362 - util.agent - DEBUG - exploration: steps=1128527 >= step_limit=inf or episodes=13800 >= episode_limit=13800. Setting time limit for workers to finish to 180s
2026-09-06 21:26:05,103 - util.agent - INFO - update / exploration: 542.5/489.8 s |  14.4/ 15.2 steps/s |  7817/  7430 steps, 100 episodes | 1122437/1129867 steps total, 13800 episodes total
2026-09-06 21:26:05,151 - util.agent - INFO - NET_SYNC ok #138 fp=ea6773686037 update=1122437
2026-09-06 21:26:06,819 - util.agent - DEBUG - explore (amount/limit): steps None/None | episodes 100/None || update (amount/limit): steps 7430.0/None
2026-09-06 21:33:41,614 - util.agent - DEBUG - exploration: steps=1136106 >= step_limit=inf or episodes=13900 >= episode_limit=13900. Setting time limit for workers to finish to 180s
2026-09-06 21:36:41,625 - util.agent - WARNING - Restaring Agent worker_11 because of Timeout
2026-09-06 21:36:41,626 - util.agent - DEBUG - Restarting Agent with task=None, step_limit=None and episode_limit=None.
2026-09-06 21:36:57,161 - step_logger_train_131504617932784 - INFO - === BenchEnv5 initialized (mode=train, visualisation=False) ===
2026-09-06 21:37:00,804 - util.agent - INFO - update / exploration: 531.6/654.0 s |  14.0/ 11.1 steps/s |  7430/  7257 steps, 100 episodes | 1129867/1137124 steps total, 13900 episodes total
2026-09-06 21:37:00,860 - util.agent - INFO - NET_SYNC ok #139 fp=80ad5be5b2ac update=1129867
2026-09-06 21:37:02,546 - eve_rl.runner.runner - INFO - Saved policy snapshot at scheduled step 1130000 (current=1137124)
2026-09-06 21:37:02,546 - util.agent - DEBUG - explore (amount/limit): steps None/None | episodes 100/None || update (amount/limit): steps 7257.0/None
2026-09-06 21:44:22,313 - util.agent - DEBUG - exploration: steps=1143019 >= step_limit=inf or episodes=14000 >= episode_limit=14000. Setting time limit for workers to finish to 180s
2026-09-06 21:47:22,392 - util.agent - WARNING - Restaring Agent worker_15 because of Timeout
2026-09-06 21:47:22,393 - util.agent - DEBUG - Restarting Agent with task=None, step_limit=None and episode_limit=None.
2026-09-06 21:47:30,841 - step_logger_train_131504567207248 - INFO - === BenchEnv5 initialized (mode=train, visualisation=False) ===
2026-09-06 21:47:33,548 - util.agent - INFO - update / exploration: 523.1/631.0 s |  13.9/ 11.2 steps/s |  7257/  7089 steps, 100 episodes | 1137124/1144213 steps total, 14000 episodes total
2026-09-06 21:47:33,604 - util.agent - INFO - NET_SYNC ok #140 fp=227c478e64bf update=1137124
2026-09-06 21:47:35,277 - eve_rl.runner.runner - INFO - Saved policy snapshot at scheduled step 1140000 (current=1144213)
2026-09-06 21:47:35,277 - util.agent - DEBUG - explore (amount/limit): steps None/None | episodes 100/None || update (amount/limit): steps 7089.0/None
2026-09-06 21:54:59,640 - util.agent - DEBUG - exploration: steps=1150256 >= step_limit=inf or episodes=14100 >= episode_limit=14100. Setting time limit for workers to finish to 180s
2026-09-06 21:56:06,354 - util.agent - INFO - update / exploration: 511.1/487.3 s |  13.9/ 15.1 steps/s |  7089/  7343 steps, 100 episodes | 1144213/1151556 steps total, 14100 episodes total
2026-09-06 21:56:06,422 - util.agent - INFO - NET_SYNC ok #141 fp=f63e663b88b6 update=1144213
2026-09-06 21:56:08,144 - eve_rl.runner.runner - INFO - Saved policy snapshot at scheduled step 1150000 (current=1151556)
2026-09-06 21:56:08,145 - util.agent - DEBUG - explore (amount/limit): steps None/None | episodes 100/None || update (amount/limit): steps 7343.0/None
2026-09-06 22:03:25,597 - util.agent - DEBUG - exploration: steps=1157876 >= step_limit=inf or episodes=14200 >= episode_limit=14200. Setting time limit for workers to finish to 180s
2026-09-06 22:04:52,040 - util.agent - INFO - update / exploration: 523.9/496.1 s |  14.0/ 15.2 steps/s |  7343/  7539 steps, 100 episodes | 1151556/1159095 steps total, 14200 episodes total
2026-09-06 22:04:52,088 - util.agent - INFO - NET_SYNC ok #142 fp=a5cea3fbe103 update=1151556
2026-09-06 22:04:53,778 - util.agent - DEBUG - explore (amount/limit): steps None/None | episodes 100/None || update (amount/limit): steps 7539.0/None
2026-09-06 22:12:09,645 - util.agent - DEBUG - exploration: steps=1165151 >= step_limit=inf or episodes=14300 >= episode_limit=14300. Setting time limit for workers to finish to 180s
2026-09-06 22:15:09,644 - util.agent - WARNING - Restaring Agent worker_10 because of Timeout
2026-09-06 22:15:09,645 - util.agent - DEBUG - Restarting Agent with task=None, step_limit=None and episode_limit=None.
2026-09-06 22:15:24,797 - step_logger_train_131510823958224 - INFO - === BenchEnv5 initialized (mode=train, visualisation=False) ===
2026-09-06 22:15:27,706 - util.agent - INFO - update / exploration: 540.4/634.0 s |  14.0/ 11.4 steps/s |  7539/  7243 steps, 100 episodes | 1159095/1166338 steps total, 14300 episodes total
2026-09-06 22:15:27,768 - util.agent - INFO - NET_SYNC ok #143 fp=fc60be71c4d7 update=1159095
2026-09-06 22:15:29,441 - eve_rl.runner.runner - INFO - Saved policy snapshot at scheduled step 1160000 (current=1166338)
2026-09-06 22:15:29,442 - util.agent - DEBUG - explore (amount/limit): steps None/None | episodes 100/None || update (amount/limit): steps 7243.0/None
2026-09-06 22:23:42,160 - util.agent - DEBUG - exploration: steps=1172738 >= step_limit=inf or episodes=14400 >= episode_limit=14400. Setting time limit for workers to finish to 180s
2026-09-06 22:26:42,308 - util.agent - WARNING - Restaring Agent worker_4 because of Timeout
2026-09-06 22:26:42,308 - util.agent - DEBUG - Restarting Agent with task=None, step_limit=None and episode_limit=None.
2026-09-06 22:26:57,881 - step_logger_train_131510830594512 - INFO - === BenchEnv5 initialized (mode=train, visualisation=False) ===
2026-09-06 22:27:01,157 - util.agent - WARNING - Restaring Agent worker_13 because of Timeout
2026-09-06 22:27:01,158 - util.agent - DEBUG - Restarting Agent with task=None, step_limit=None and episode_limit=None.
2026-09-06 22:27:09,232 - step_logger_train_131506536197616 - INFO - === BenchEnv5 initialized (mode=train, visualisation=False) ===
2026-09-06 22:27:12,361 - util.agent - INFO - update / exploration: 541.9/703.0 s |  13.4/ 10.8 steps/s |  7243/  7560 steps, 100 episodes | 1166338/1173898 steps total, 14400 episodes total
2026-09-06 22:27:12,436 - util.agent - INFO - NET_SYNC ok #144 fp=145abf2d108c update=1166338
2026-09-06 22:27:14,124 - eve_rl.runner.runner - INFO - Saved policy snapshot at scheduled step 1170000 (current=1173898)
2026-09-06 22:27:14,125 - util.agent - DEBUG - explore (amount/limit): steps None/None | episodes 100/None || update (amount/limit): steps 7560.0/None
2026-09-06 22:35:00,121 - util.agent - DEBUG - exploration: steps=1180318 >= step_limit=inf or episodes=14500 >= episode_limit=14500. Setting time limit for workers to finish to 180s
2026-09-06 22:38:00,127 - util.agent - WARNING - Restaring Agent worker_9 because of Timeout
2026-09-06 22:38:00,128 - util.agent - DEBUG - Restarting Agent with task=None, step_limit=None and episode_limit=None.
2026-09-06 22:38:08,789 - step_logger_train_131505210429152 - INFO - === BenchEnv5 initialized (mode=train, visualisation=False) ===
2026-09-06 22:38:11,679 - util.agent - INFO - update / exploration: 546.8/657.6 s |  13.8/ 11.6 steps/s |  7560/  7644 steps, 100 episodes | 1173898/1181542 steps total, 14500 episodes total
2026-09-06 22:38:11,771 - util.agent - INFO - NET_SYNC ok #145 fp=0274113014a6 update=1173898
2026-09-06 22:38:13,464 - eve_rl.runner.runner - INFO - Saved policy snapshot at scheduled step 1180000 (current=1181542)
2026-09-06 22:38:13,464 - util.agent - DEBUG - explore (amount/limit): steps None/None | episodes 100/None || update (amount/limit): steps 7644.0/None
2026-09-06 22:45:44,240 - util.agent - DEBUG - exploration: steps=1187742 >= step_limit=inf or episodes=14600 >= episode_limit=14600. Setting time limit for workers to finish to 180s
2026-09-06 22:48:44,306 - util.agent - WARNING - Restaring Agent worker_0 because of Timeout
2026-09-06 22:48:44,306 - util.agent - DEBUG - Restarting Agent with task=None, step_limit=None and episode_limit=None.
2026-09-06 22:48:59,543 - step_logger_train_131507438944320 - INFO - === BenchEnv5 initialized (mode=train, visualisation=False) ===
2026-09-06 22:49:02,779 - util.agent - INFO - update / exploration: 532.9/649.3 s |  14.3/ 10.9 steps/s |  7644/  7105 steps, 100 episodes | 1181542/1188647 steps total, 14600 episodes total
2026-09-06 22:49:02,848 - util.agent - INFO - NET_SYNC ok #146 fp=c6321550d002 update=1181542
2026-09-06 22:49:04,555 - util.agent - DEBUG - explore (amount/limit): steps None/None | episodes 100/None || update (amount/limit): steps 7105.0/None
2026-09-06 22:56:23,042 - util.agent - DEBUG - exploration: steps=1194786 >= step_limit=inf or episodes=14700 >= episode_limit=14700. Setting time limit for workers to finish to 180s
2026-09-06 22:59:23,099 - util.agent - WARNING - Restaring Agent worker_7 because of Timeout
2026-09-06 22:59:23,100 - util.agent - DEBUG - Restarting Agent with task=None, step_limit=None and episode_limit=None.
2026-09-06 22:59:31,295 - step_logger_train_131506395979200 - INFO - === BenchEnv5 initialized (mode=train, visualisation=False) ===
2026-09-06 22:59:34,354 - util.agent - INFO - update / exploration: 507.0/629.8 s |  14.0/ 11.6 steps/s |  7105/  7277 steps, 100 episodes | 1188647/1195924 steps total, 14700 episodes total
2026-09-06 22:59:34,429 - util.agent - INFO - NET_SYNC ok #147 fp=1710c3755fd8 update=1188647
2026-09-06 22:59:36,099 - eve_rl.runner.runner - INFO - Saved policy snapshot at scheduled step 1190000 (current=1195924)
2026-09-06 22:59:36,099 - util.agent - DEBUG - explore (amount/limit): steps None/None | episodes 100/None || update (amount/limit): steps 7277.0/None
2026-09-06 23:07:00,358 - util.agent - DEBUG - exploration: steps=1202140 >= step_limit=inf or episodes=14800 >= episode_limit=14800. Setting time limit for workers to finish to 180s
2026-09-06 23:10:00,442 - util.agent - WARNING - Restaring Agent worker_2 because of Timeout
2026-09-06 23:10:00,443 - util.agent - DEBUG - Restarting Agent with task=None, step_limit=None and episode_limit=None.
2026-09-06 23:10:15,355 - step_logger_train_131507489200496 - INFO - === BenchEnv5 initialized (mode=train, visualisation=False) ===
2026-09-06 23:10:18,643 - util.agent - INFO - update / exploration: 523.3/642.6 s |  13.9/ 11.4 steps/s |  7277/  7337 steps, 100 episodes | 1195924/1203261 steps total, 14800 episodes total
2026-09-06 23:10:18,726 - util.agent - INFO - NET_SYNC ok #148 fp=5e5d7b9f45ee update=1195924
2026-09-06 23:10:20,405 - eve_rl.runner.runner - INFO - Saved policy snapshot at scheduled step 1200000 (current=1203261)
2026-09-06 23:10:20,406 - util.agent - DEBUG - explore (amount/limit): steps None/None | episodes 100/None || update (amount/limit): steps 7337.0/None
2026-09-06 23:17:25,696 - util.agent - DEBUG - exploration: steps=1209395 >= step_limit=inf or episodes=14900 >= episode_limit=14900. Setting time limit for workers to finish to 180s
2026-09-06 23:18:55,847 - util.agent - INFO - update / exploration: 515.5/477.3 s |  14.2/ 15.3 steps/s |  7337/  7289 steps, 100 episodes | 1203261/1210550 steps total, 14900 episodes total
2026-09-06 23:18:55,895 - util.agent - INFO - NET_SYNC ok #149 fp=85df3a876314 update=1203261
2026-09-06 23:18:57,624 - eve_rl.runner.runner - INFO - Saved policy snapshot at scheduled step 1210000 (current=1210550)
2026-09-06 23:18:57,625 - util.agent - DEBUG - explore (amount/limit): steps None/None | episodes 100/None || update (amount/limit): steps 7289.0/None
2026-09-06 23:26:07,183 - util.agent - DEBUG - exploration: steps=1216670 >= step_limit=inf or episodes=15000 >= episode_limit=15000. Setting time limit for workers to finish to 180s
2026-09-06 23:27:31,102 - util.agent - INFO - update / exploration: 513.5/476.9 s |  14.2/ 15.3 steps/s |  7289/  7287 steps, 100 episodes | 1210550/1217837 steps total, 15000 episodes total
2026-09-06 23:27:31,148 - util.agent - INFO - NET_SYNC ok #150 fp=e4b436694b41 update=1210550
2026-09-06 23:27:32,819 - util.agent - DEBUG - explore (amount/limit): steps None/None | episodes 100/None || update (amount/limit): steps 7287.0/None
2026-09-06 23:35:16,218 - util.agent - DEBUG - exploration: steps=1224395 >= step_limit=inf or episodes=15100 >= episode_limit=15100. Setting time limit for workers to finish to 180s
2026-09-06 23:36:20,390 - util.agent - INFO - update / exploration: 527.6/512.1 s |  13.8/ 15.3 steps/s |  7287/  7830 steps, 100 episodes | 1217837/1225667 steps total, 15100 episodes total
2026-09-06 23:36:20,435 - util.agent - INFO - NET_SYNC ok #151 fp=3cfabaf44e8b update=1217837
2026-09-06 23:36:22,114 - eve_rl.runner.runner - INFO - Saved policy snapshot at scheduled step 1220000 (current=1225667)
2026-09-06 23:36:22,115 - util.agent - DEBUG - explore (amount/limit): steps None/None | episodes 100/None || update (amount/limit): steps 7830.0/None
2026-09-06 23:43:50,968 - util.agent - DEBUG - exploration: steps=1232113 >= step_limit=inf or episodes=15200 >= episode_limit=15200. Setting time limit for workers to finish to 180s
2026-09-06 23:45:26,223 - util.agent - INFO - update / exploration: 544.2/488.4 s |  14.4/ 15.4 steps/s |  7830/  7541 steps, 100 episodes | 1225667/1233208 steps total, 15200 episodes total
2026-09-06 23:45:26,269 - util.agent - INFO - NET_SYNC ok #152 fp=14542d10bcc2 update=1225667
2026-09-06 23:45:27,937 - eve_rl.runner.runner - INFO - Saved policy snapshot at scheduled step 1230000 (current=1233208)
2026-09-06 23:45:27,938 - util.agent - DEBUG - explore (amount/limit): steps None/None | episodes 100/None || update (amount/limit): steps 7541.0/None
2026-09-06 23:53:11,932 - util.agent - DEBUG - exploration: steps=1239599 >= step_limit=inf or episodes=15300 >= episode_limit=15300. Setting time limit for workers to finish to 180s
2026-09-06 23:54:23,131 - util.agent - INFO - update / exploration: 535.3/522.4 s |  14.1/ 14.7 steps/s |  7541/  7686 steps, 100 episodes | 1233208/1240894 steps total, 15300 episodes total
2026-09-06 23:54:23,177 - util.agent - INFO - NET_SYNC ok #153 fp=804255a7a3db update=1233208
2026-09-06 23:54:24,845 - eve_rl.runner.runner - INFO - Saved policy snapshot at scheduled step 1240000 (current=1240894)
2026-09-06 23:54:24,846 - util.agent - DEBUG - explore (amount/limit): steps None/None | episodes 100/None || update (amount/limit): steps 7686.0/None
2026-09-07 00:02:14,520 - util.agent - DEBUG - exploration: steps=1247185 >= step_limit=inf or episodes=15400 >= episode_limit=15400. Setting time limit for workers to finish to 180s
2026-09-07 00:05:14,528 - util.agent - WARNING - Restaring Agent worker_14 because of Timeout
2026-09-07 00:05:14,529 - util.agent - DEBUG - Restarting Agent with task=None, step_limit=None and episode_limit=None.
2026-09-07 00:05:29,889 - step_logger_train_131506664680320 - INFO - === BenchEnv5 initialized (mode=train, visualisation=False) ===
2026-09-07 00:05:33,315 - util.agent - INFO - update / exploration: 548.0/668.5 s |  14.0/ 11.2 steps/s |  7686/  7471 steps, 100 episodes | 1240894/1248365 steps total, 15400 episodes total
2026-09-07 00:05:33,475 - util.agent - INFO - NET_SYNC ok #154 fp=8a2a4ebc67cd update=1240894
2026-09-07 00:05:35,187 - util.agent - DEBUG - explore (amount/limit): steps None/None | episodes 100/None || update (amount/limit): steps 7471.0/None
2026-09-07 00:13:18,858 - util.agent - DEBUG - exploration: steps=1254493 >= step_limit=inf or episodes=15500 >= episode_limit=15500. Setting time limit for workers to finish to 180s
2026-09-07 00:16:18,861 - util.agent - WARNING - Restaring Agent worker_11 because of Timeout
2026-09-07 00:16:18,862 - util.agent - DEBUG - Restarting Agent with task=None, step_limit=None and episode_limit=None.
2026-09-07 00:16:34,341 - step_logger_train_131505192273952 - INFO - === BenchEnv5 initialized (mode=train, visualisation=False) ===
2026-09-07 00:16:36,987 - util.agent - INFO - update / exploration: 547.2/661.8 s |  13.7/ 11.1 steps/s |  7471/  7360 steps, 100 episodes | 1248365/1255725 steps total, 15500 episodes total
2026-09-07 00:16:37,054 - util.agent - INFO - NET_SYNC ok #155 fp=0430aef1c565 update=1248365
2026-09-07 00:16:38,765 - eve_rl.runner.runner - INFO - Saved policy snapshot at scheduled step 1250000 (current=1255725)
2026-09-07 00:16:38,786 - util.agent - DEBUG - evaluate (amount/limit): steps None/None | episodes None/None | len(seeds)=98/options=None
2026-09-07 00:22:14,347 - util.agent - INFO - evaluation :  335.6s |  17.4 steps/s |    5834 steps /   96 episodes | Total:    76691 steps /   583 episodes
2026-09-07 00:22:14,510 - eve_rl.runner.runner - INFO - Quality: 1.0, Reward: 6.013600026788668, Exploration steps: 1255725
2026-09-07 00:22:17,597 - eve_rl.runner.runner - INFO - Saved replay buffer incrementally (+253647 new transitions) at eval #6
2026-09-07 00:22:17,598 - util.agent - DEBUG - explore (amount/limit): steps None/None | episodes 100/None || update (amount/limit): steps 7360.0/None
2026-09-07 00:29:39,309 - util.agent - DEBUG - exploration: steps=1262078 >= step_limit=inf or episodes=15600 >= episode_limit=15600. Setting time limit for workers to finish to 180s
2026-09-07 00:31:00,709 - util.agent - INFO - update / exploration: 523.1/488.7 s |  14.1/ 15.4 steps/s |  7360/  7524 steps, 100 episodes | 1255725/1263249 steps total, 15600 episodes total
2026-09-07 00:31:00,761 - util.agent - INFO - NET_SYNC ok #156 fp=6b0db90b6b95 update=1255725
2026-09-07 00:31:02,429 - eve_rl.runner.runner - INFO - Saved policy snapshot at scheduled step 1260000 (current=1263249)
2026-09-07 00:31:02,430 - util.agent - DEBUG - explore (amount/limit): steps None/None | episodes 100/None || update (amount/limit): steps 7524.0/None
2026-09-07 00:38:28,486 - util.agent - DEBUG - exploration: steps=1269595 >= step_limit=inf or episodes=15700 >= episode_limit=15700. Setting time limit for workers to finish to 180s
2026-09-07 00:39:56,430 - util.agent - INFO - update / exploration: 534.0/506.1 s |  14.1/ 14.9 steps/s |  7524/  7531 steps, 100 episodes | 1263249/1270780 steps total, 15700 episodes total
2026-09-07 00:39:56,478 - util.agent - INFO - NET_SYNC ok #157 fp=3910bdfece42 update=1263249
2026-09-07 00:39:58,147 - eve_rl.runner.runner - INFO - Saved policy snapshot at scheduled step 1270000 (current=1270780)
2026-09-07 00:39:58,148 - util.agent - DEBUG - explore (amount/limit): steps None/None | episodes 100/None || update (amount/limit): steps 7531.0/None
2026-09-07 00:46:52,543 - util.agent - DEBUG - exploration: steps=1276559 >= step_limit=inf or episodes=15800 >= episode_limit=15800. Setting time limit for workers to finish to 180s
2026-09-07 00:48:32,584 - util.agent - INFO - update / exploration: 514.5/463.5 s |  14.6/ 14.9 steps/s |  7531/  6907 steps, 100 episodes | 1270780/1277687 steps total, 15800 episodes total
2026-09-07 00:48:32,630 - util.agent - INFO - NET_SYNC ok #158 fp=e8a18e66a89d update=1270780
2026-09-07 00:48:34,300 - util.agent - DEBUG - explore (amount/limit): steps None/None | episodes 100/None || update (amount/limit): steps 6907.0/None
2026-09-07 00:55:56,425 - util.agent - DEBUG - exploration: steps=1283698 >= step_limit=inf or episodes=15900 >= episode_limit=15900. Setting time limit for workers to finish to 180s
2026-09-07 00:56:59,853 - util.agent - INFO - update / exploration: 505.6/498.5 s |  13.7/ 14.6 steps/s |  6907/  7271 steps, 100 episodes | 1277687/1284958 steps total, 15900 episodes total
2026-09-07 00:56:59,906 - util.agent - INFO - NET_SYNC ok #159 fp=f1dc769ff978 update=1277687
2026-09-07 00:57:01,582 - eve_rl.runner.runner - INFO - Saved policy snapshot at scheduled step 1280000 (current=1284958)
2026-09-07 00:57:01,583 - util.agent - DEBUG - explore (amount/limit): steps None/None | episodes 100/None || update (amount/limit): steps 7271.0/None
2026-09-07 01:04:08,848 - util.agent - DEBUG - exploration: steps=1291078 >= step_limit=inf or episodes=16000 >= episode_limit=16000. Setting time limit for workers to finish to 180s
2026-09-07 01:05:34,806 - util.agent - INFO - update / exploration: 513.3/482.7 s |  14.2/ 15.2 steps/s |  7271/  7350 steps, 100 episodes | 1284958/1292308 steps total, 16000 episodes total
2026-09-07 01:05:34,859 - util.agent - INFO - NET_SYNC ok #160 fp=7a38c9b43c59 update=1284958
2026-09-07 01:05:36,539 - eve_rl.runner.runner - INFO - Saved policy snapshot at scheduled step 1290000 (current=1292308)
2026-09-07 01:05:36,540 - util.agent - DEBUG - explore (amount/limit): steps None/None | episodes 100/None || update (amount/limit): steps 7350.0/None
2026-09-07 01:13:17,669 - util.agent - DEBUG - exploration: steps=1298606 >= step_limit=inf or episodes=16100 >= episode_limit=16100. Setting time limit for workers to finish to 180s
2026-09-07 01:16:17,704 - util.agent - WARNING - Restaring Agent worker_13 because of Timeout
2026-09-07 01:16:17,706 - util.agent - DEBUG - Restarting Agent with task=None, step_limit=None and episode_limit=None.
2026-09-07 01:16:32,645 - step_logger_train_131506717785440 - INFO - === BenchEnv5 initialized (mode=train, visualisation=False) ===
2026-09-07 01:16:35,779 - util.agent - INFO - update / exploration: 540.3/659.3 s |  13.6/ 11.3 steps/s |  7350/  7417 steps, 100 episodes | 1292308/1299725 steps total, 16100 episodes total
2026-09-07 01:16:35,854 - util.agent - INFO - NET_SYNC ok #161 fp=9f6dcda68973 update=1292308
2026-09-07 01:16:37,525 - util.agent - DEBUG - explore (amount/limit): steps None/None | episodes 100/None || update (amount/limit): steps 7417.0/None
2026-09-07 01:24:12,288 - util.agent - DEBUG - exploration: steps=1305882 >= step_limit=inf or episodes=16200 >= episode_limit=16200. Setting time limit for workers to finish to 180s
2026-09-07 01:25:23,068 - util.agent - INFO - update / exploration: 525.6/507.9 s |  14.1/ 14.6 steps/s |  7417/  7424 steps, 100 episodes | 1299725/1307149 steps total, 16200 episodes total
2026-09-07 01:25:23,114 - util.agent - INFO - NET_SYNC ok #162 fp=58868e96f55e update=1299725
2026-09-07 01:25:24,809 - eve_rl.runner.runner - INFO - Saved policy snapshot at scheduled step 1300000 (current=1307149)
2026-09-07 01:25:24,809 - util.agent - DEBUG - explore (amount/limit): steps None/None | episodes 100/None || update (amount/limit): steps 7424.0/None
2026-09-07 01:32:57,203 - util.agent - DEBUG - exploration: steps=1313343 >= step_limit=inf or episodes=16300 >= episode_limit=16300. Setting time limit for workers to finish to 180s
2026-09-07 01:34:06,100 - util.agent - INFO - update / exploration: 521.3/491.7 s |  14.2/ 15.1 steps/s |  7424/  7437 steps, 100 episodes | 1307149/1314586 steps total, 16300 episodes total
2026-09-07 01:34:06,148 - util.agent - INFO - NET_SYNC ok #163 fp=369df0d965f3 update=1307149
2026-09-07 01:34:07,829 - eve_rl.runner.runner - INFO - Saved policy snapshot at scheduled step 1310000 (current=1314586)
2026-09-07 01:34:07,830 - util.agent - DEBUG - explore (amount/limit): steps None/None | episodes 100/None || update (amount/limit): steps 7437.0/None
2026-09-07 01:41:45,057 - util.agent - DEBUG - exploration: steps=1320842 >= step_limit=inf or episodes=16400 >= episode_limit=16400. Setting time limit for workers to finish to 180s
2026-09-07 01:43:01,668 - util.agent - INFO - update / exploration: 533.9/513.1 s |  13.9/ 14.7 steps/s |  7437/  7550 steps, 100 episodes | 1314586/1322136 steps total, 16400 episodes total
2026-09-07 01:43:01,718 - util.agent - INFO - NET_SYNC ok #164 fp=7d31db1b4262 update=1314586
2026-09-07 01:43:03,400 - eve_rl.runner.runner - INFO - Saved policy snapshot at scheduled step 1320000 (current=1322136)
2026-09-07 01:43:03,400 - util.agent - DEBUG - explore (amount/limit): steps None/None | episodes 100/None || update (amount/limit): steps 7550.0/None
2026-09-07 01:50:19,376 - util.agent - DEBUG - exploration: steps=1328436 >= step_limit=inf or episodes=16500 >= episode_limit=16500. Setting time limit for workers to finish to 180s
2026-09-07 01:51:52,910 - util.agent - INFO - update / exploration: 529.6/486.8 s |  14.3/ 15.4 steps/s |  7550/  7478 steps, 100 episodes | 1322136/1329614 steps total, 16500 episodes total
2026-09-07 01:51:52,959 - util.agent - INFO - NET_SYNC ok #165 fp=8e29ecdd35b7 update=1322136
2026-09-07 01:51:54,636 - util.agent - DEBUG - explore (amount/limit): steps None/None | episodes 100/None || update (amount/limit): steps 7478.0/None
2026-09-07 01:59:22,825 - util.agent - DEBUG - exploration: steps=1335832 >= step_limit=inf or episodes=16600 >= episode_limit=16600. Setting time limit for workers to finish to 180s
2026-09-07 02:00:43,826 - util.agent - INFO - update / exploration: 529.2/497.1 s |  14.1/ 14.6 steps/s |  7478/  7282 steps, 100 episodes | 1329614/1336896 steps total, 16600 episodes total
2026-09-07 02:00:43,876 - util.agent - INFO - NET_SYNC ok #166 fp=c6faadd2f0fa update=1329614
2026-09-07 02:00:45,607 - eve_rl.runner.runner - INFO - Saved policy snapshot at scheduled step 1330000 (current=1336896)
2026-09-07 02:00:45,619 - util.agent - DEBUG - explore (amount/limit): steps None/None | episodes 100/None || update (amount/limit): steps 7282.0/None
2026-09-07 02:08:41,320 - util.agent - DEBUG - exploration: steps=1343271 >= step_limit=inf or episodes=16700 >= episode_limit=16700. Setting time limit for workers to finish to 180s
2026-09-07 02:11:41,338 - util.agent - WARNING - Restaring Agent worker_6 because of Timeout
2026-09-07 02:11:41,339 - util.agent - DEBUG - Restarting Agent with task=None, step_limit=None and episode_limit=None.
2026-09-07 02:11:56,321 - step_logger_train_131504600959296 - INFO - === BenchEnv5 initialized (mode=train, visualisation=False) ===
2026-09-07 02:11:59,194 - util.agent - INFO - update / exploration: 537.6/673.6 s |  13.5/ 11.1 steps/s |  7282/  7487 steps, 100 episodes | 1336896/1344383 steps total, 16700 episodes total
2026-09-07 02:11:59,321 - util.agent - INFO - NET_SYNC ok #167 fp=51bc5f91e642 update=1336896
2026-09-07 02:12:01,042 - eve_rl.runner.runner - INFO - Saved policy snapshot at scheduled step 1340000 (current=1344383)
2026-09-07 02:12:01,042 - util.agent - DEBUG - explore (amount/limit): steps None/None | episodes 100/None || update (amount/limit): steps 7487.0/None
2026-09-07 02:19:47,026 - util.agent - DEBUG - exploration: steps=1350804 >= step_limit=inf or episodes=16800 >= episode_limit=16800. Setting time limit for workers to finish to 180s
2026-09-07 02:20:58,752 - util.agent - INFO - update / exploration: 537.7/513.7 s |  13.9/ 15.0 steps/s |  7487/  7701 steps, 100 episodes | 1344383/1352084 steps total, 16800 episodes total
2026-09-07 02:20:58,818 - util.agent - INFO - NET_SYNC ok #168 fp=4f53e60773ec update=1344383
2026-09-07 02:21:00,504 - eve_rl.runner.runner - INFO - Saved policy snapshot at scheduled step 1350000 (current=1352084)
2026-09-07 02:21:00,505 - util.agent - DEBUG - explore (amount/limit): steps None/None | episodes 100/None || update (amount/limit): steps 7701.0/None
2026-09-07 02:28:08,043 - util.agent - DEBUG - exploration: steps=1358259 >= step_limit=inf or episodes=16900 >= episode_limit=16900. Setting time limit for workers to finish to 180s
2026-09-07 02:29:52,068 - util.agent - INFO - update / exploration: 531.6/480.9 s |  14.5/ 15.4 steps/s |  7701/  7408 steps, 100 episodes | 1352084/1359492 steps total, 16900 episodes total
2026-09-07 02:29:52,115 - util.agent - INFO - NET_SYNC ok #169 fp=92b66411c180 update=1352084
2026-09-07 02:29:53,781 - util.agent - DEBUG - explore (amount/limit): steps None/None | episodes 100/None || update (amount/limit): steps 7408.0/None
2026-09-07 02:37:15,857 - util.agent - DEBUG - exploration: steps=1365913 >= step_limit=inf or episodes=17000 >= episode_limit=17000. Setting time limit for workers to finish to 180s
2026-09-07 02:38:44,052 - util.agent - INFO - update / exploration: 530.3/491.8 s |  14.0/ 15.5 steps/s |  7408/  7599 steps, 100 episodes | 1359492/1367091 steps total, 17000 episodes total
2026-09-07 02:38:44,099 - util.agent - INFO - NET_SYNC ok #170 fp=9778f3cbf1de update=1359492
2026-09-07 02:38:45,793 - eve_rl.runner.runner - INFO - Saved policy snapshot at scheduled step 1360000 (current=1367091)
2026-09-07 02:38:45,794 - util.agent - DEBUG - explore (amount/limit): steps None/None | episodes 100/None || update (amount/limit): steps 7599.0/None
2026-09-07 02:46:10,007 - util.agent - DEBUG - exploration: steps=1373251 >= step_limit=inf or episodes=17100 >= episode_limit=17100. Setting time limit for workers to finish to 180s
2026-09-07 02:47:37,154 - util.agent - INFO - update / exploration: 531.4/489.0 s |  14.3/ 14.9 steps/s |  7599/  7294 steps, 100 episodes | 1367091/1374385 steps total, 17100 episodes total
2026-09-07 02:47:37,201 - util.agent - INFO - NET_SYNC ok #171 fp=f6fa6206382b update=1367091
2026-09-07 02:47:38,884 - eve_rl.runner.runner - INFO - Saved policy snapshot at scheduled step 1370000 (current=1374385)
2026-09-07 02:47:38,885 - util.agent - DEBUG - explore (amount/limit): steps None/None | episodes 100/None || update (amount/limit): steps 7294.0/None
2026-09-07 02:54:56,790 - util.agent - DEBUG - exploration: steps=1380415 >= step_limit=inf or episodes=17200 >= episode_limit=17200. Setting time limit for workers to finish to 180s
2026-09-07 02:56:19,463 - util.agent - INFO - update / exploration: 520.6/488.5 s |  14.0/ 14.7 steps/s |  7294/  7171 steps, 100 episodes | 1374385/1381556 steps total, 17200 episodes total
2026-09-07 02:56:19,516 - util.agent - INFO - NET_SYNC ok #172 fp=860857d271cc update=1374385
2026-09-07 02:56:21,195 - eve_rl.runner.runner - INFO - Saved policy snapshot at scheduled step 1380000 (current=1381556)
2026-09-07 02:56:21,196 - util.agent - DEBUG - explore (amount/limit): steps None/None | episodes 100/None || update (amount/limit): steps 7171.0/None
2026-09-07 03:03:39,356 - util.agent - DEBUG - exploration: steps=1387846 >= step_limit=inf or episodes=17300 >= episode_limit=17300. Setting time limit for workers to finish to 180s
2026-09-07 03:04:57,657 - util.agent - INFO - update / exploration: 516.5/484.1 s |  13.9/ 15.4 steps/s |  7171/  7451 steps, 100 episodes | 1381556/1389007 steps total, 17300 episodes total
2026-09-07 03:04:57,701 - util.agent - INFO - NET_SYNC ok #173 fp=85eb1b2bb53b update=1381556
2026-09-07 03:04:59,366 - util.agent - DEBUG - explore (amount/limit): steps None/None | episodes 100/None || update (amount/limit): steps 7451.0/None
2026-09-07 03:13:20,695 - util.agent - DEBUG - exploration: steps=1395445 >= step_limit=inf or episodes=17400 >= episode_limit=17400. Setting time limit for workers to finish to 180s
2026-09-07 03:15:44,617 - util.agent - INFO - update / exploration: 556.2/645.3 s |  13.4/ 12.6 steps/s |  7451/  8142 steps, 100 episodes | 1389007/1397149 steps total, 17400 episodes total
2026-09-07 03:15:44,663 - util.agent - INFO - NET_SYNC ok #174 fp=19af29d0028c update=1389007
2026-09-07 03:15:46,329 - eve_rl.runner.runner - INFO - Saved policy snapshot at scheduled step 1390000 (current=1397149)
2026-09-07 03:15:46,330 - util.agent - DEBUG - explore (amount/limit): steps None/None | episodes 100/None || update (amount/limit): steps 8142.0/None
2026-09-07 03:23:12,606 - util.agent - DEBUG - exploration: steps=1403450 >= step_limit=inf or episodes=17500 >= episode_limit=17500. Setting time limit for workers to finish to 180s
2026-09-07 03:25:05,654 - util.agent - INFO - update / exploration: 559.4/495.6 s |  14.6/ 15.0 steps/s |  8142/  7434 steps, 100 episodes | 1397149/1404583 steps total, 17500 episodes total
2026-09-07 03:25:05,700 - util.agent - INFO - NET_SYNC ok #175 fp=1af128351f2b update=1397149
2026-09-07 03:25:07,375 - eve_rl.runner.runner - INFO - Saved policy snapshot at scheduled step 1400000 (current=1404583)
2026-09-07 03:25:07,375 - util.agent - DEBUG - explore (amount/limit): steps None/None | episodes 100/None || update (amount/limit): steps 7434.0/None
2026-09-07 03:32:27,405 - util.agent - DEBUG - exploration: steps=1410858 >= step_limit=inf or episodes=17600 >= episode_limit=17600. Setting time limit for workers to finish to 180s
2026-09-07 03:33:55,424 - util.agent - INFO - update / exploration: 528.1/525.7 s |  14.1/ 14.5 steps/s |  7434/  7634 steps, 100 episodes | 1404583/1412217 steps total, 17600 episodes total
2026-09-07 03:33:55,474 - util.agent - INFO - NET_SYNC ok #176 fp=450e387d44fb update=1404583
2026-09-07 03:33:57,146 - eve_rl.runner.runner - INFO - Saved policy snapshot at scheduled step 1410000 (current=1412217)
2026-09-07 03:33:57,147 - util.agent - DEBUG - explore (amount/limit): steps None/None | episodes 100/None || update (amount/limit): steps 7634.0/None
2026-09-07 03:41:27,529 - util.agent - DEBUG - exploration: steps=1418530 >= step_limit=inf or episodes=17700 >= episode_limit=17700. Setting time limit for workers to finish to 180s
2026-09-07 03:44:27,655 - util.agent - WARNING - Restaring Agent worker_7 because of Timeout
2026-09-07 03:44:27,656 - util.agent - DEBUG - Restarting Agent with task=None, step_limit=None and episode_limit=None.
2026-09-07 03:44:43,472 - step_logger_train_131506534142208 - INFO - === BenchEnv5 initialized (mode=train, visualisation=False) ===
2026-09-07 03:44:46,462 - util.agent - WARNING - Restaring Agent worker_10 because of Timeout
2026-09-07 03:44:46,463 - util.agent - DEBUG - Restarting Agent with task=None, step_limit=None and episode_limit=None.
2026-09-07 03:44:55,152 - step_logger_train_131505188324112 - INFO - === BenchEnv5 initialized (mode=train, visualisation=False) ===
2026-09-07 03:44:57,820 - util.agent - INFO - update / exploration: 548.9/660.7 s |  13.9/ 11.1 steps/s |  7634/  7313 steps, 100 episodes | 1412217/1419530 steps total, 17700 episodes total
2026-09-07 03:44:57,919 - util.agent - INFO - NET_SYNC ok #177 fp=8f4b6361daf2 update=1412217
2026-09-07 03:44:59,618 - util.agent - DEBUG - explore (amount/limit): steps None/None | episodes 100/None || update (amount/limit): steps 7313.0/None
2026-09-07 03:52:38,685 - util.agent - DEBUG - exploration: steps=1425881 >= step_limit=inf or episodes=17800 >= episode_limit=17800. Setting time limit for workers to finish to 180s
2026-09-07 03:53:45,451 - util.agent - INFO - update / exploration: 526.0/502.8 s |  13.9/ 14.9 steps/s |  7313/  7480 steps, 100 episodes | 1419530/1427010 steps total, 17800 episodes total
2026-09-07 03:53:45,498 - util.agent - INFO - NET_SYNC ok #178 fp=0886ed5dce7d update=1419530
2026-09-07 03:53:47,196 - eve_rl.runner.runner - INFO - Saved policy snapshot at scheduled step 1420000 (current=1427010)
2026-09-07 03:53:47,196 - util.agent - DEBUG - explore (amount/limit): steps None/None | episodes 100/None || update (amount/limit): steps 7480.0/None
2026-09-07 04:01:54,356 - util.agent - DEBUG - exploration: steps=1433467 >= step_limit=inf or episodes=17900 >= episode_limit=17900. Setting time limit for workers to finish to 180s
2026-09-07 04:03:01,548 - util.agent - INFO - update / exploration: 554.4/534.6 s |  13.5/ 14.4 steps/s |  7480/  7685 steps, 100 episodes | 1427010/1434695 steps total, 17900 episodes total
2026-09-07 04:03:01,593 - util.agent - INFO - NET_SYNC ok #179 fp=c9d004404ad1 update=1427010
2026-09-07 04:03:03,301 - eve_rl.runner.runner - INFO - Saved policy snapshot at scheduled step 1430000 (current=1434695)
2026-09-07 04:03:03,309 - util.agent - DEBUG - explore (amount/limit): steps None/None | episodes 100/None || update (amount/limit): steps 7685.0/None
2026-09-07 04:10:13,211 - util.agent - DEBUG - exploration: steps=1440875 >= step_limit=inf or episodes=18000 >= episode_limit=18000. Setting time limit for workers to finish to 180s
2026-09-07 04:11:53,989 - util.agent - INFO - update / exploration: 530.7/475.4 s |  14.5/ 15.3 steps/s |  7685/  7286 steps, 100 episodes | 1434695/1441981 steps total, 18000 episodes total
2026-09-07 04:11:54,042 - util.agent - INFO - NET_SYNC ok #180 fp=61a656d70771 update=1434695
2026-09-07 04:11:55,740 - eve_rl.runner.runner - INFO - Saved policy snapshot at scheduled step 1440000 (current=1441981)
2026-09-07 04:11:55,740 - util.agent - DEBUG - explore (amount/limit): steps None/None | episodes 100/None || update (amount/limit): steps 7286.0/None
2026-09-07 04:19:35,037 - util.agent - DEBUG - exploration: steps=1448079 >= step_limit=inf or episodes=18100 >= episode_limit=18100. Setting time limit for workers to finish to 180s
2026-09-07 04:22:35,124 - util.agent - WARNING - Restaring Agent worker_5 because of Timeout
2026-09-07 04:22:35,125 - util.agent - DEBUG - Restarting Agent with task=None, step_limit=None and episode_limit=None.
2026-09-07 04:22:50,194 - step_logger_train_131507489162096 - INFO - === BenchEnv5 initialized (mode=train, visualisation=False) ===
2026-09-07 04:22:53,260 - util.agent - INFO - update / exploration: 527.8/657.6 s |  13.8/ 10.8 steps/s |  7286/  7127 steps, 100 episodes | 1441981/1449108 steps total, 18100 episodes total
2026-09-07 04:22:53,343 - util.agent - INFO - NET_SYNC ok #181 fp=b52ed01f4555 update=1441981
2026-09-07 04:22:55,022 - util.agent - DEBUG - explore (amount/limit): steps None/None | episodes 100/None || update (amount/limit): steps 7127.0/None
2026-09-07 04:30:08,575 - util.agent - DEBUG - exploration: steps=1455267 >= step_limit=inf or episodes=18200 >= episode_limit=18200. Setting time limit for workers to finish to 180s
2026-09-07 04:31:29,980 - util.agent - INFO - update / exploration: 515.0/488.0 s |  13.8/ 14.8 steps/s |  7127/  7231 steps, 100 episodes | 1449108/1456339 steps total, 18200 episodes total
2026-09-07 04:31:30,029 - util.agent - INFO - NET_SYNC ok #182 fp=ae10081cfd82 update=1449108
2026-09-07 04:31:31,697 - eve_rl.runner.runner - INFO - Saved policy snapshot at scheduled step 1450000 (current=1456339)
2026-09-07 04:31:31,698 - util.agent - DEBUG - explore (amount/limit): steps None/None | episodes 100/None || update (amount/limit): steps 7231.0/None
2026-09-07 04:38:57,615 - util.agent - DEBUG - exploration: steps=1462484 >= step_limit=inf or episodes=18300 >= episode_limit=18300. Setting time limit for workers to finish to 180s
2026-09-07 04:40:09,863 - util.agent - INFO - update / exploration: 518.2/493.3 s |  14.0/ 14.9 steps/s |  7231/  7334 steps, 100 episodes | 1456339/1463673 steps total, 18300 episodes total
2026-09-07 04:40:09,910 - util.agent - INFO - NET_SYNC ok #183 fp=be92ffe1dfcc update=1456339
2026-09-07 04:40:11,574 - eve_rl.runner.runner - INFO - Saved policy snapshot at scheduled step 1460000 (current=1463673)
2026-09-07 04:40:11,575 - util.agent - DEBUG - explore (amount/limit): steps None/None | episodes 100/None || update (amount/limit): steps 7334.0/None
2026-09-07 04:47:38,232 - util.agent - DEBUG - exploration: steps=1469995 >= step_limit=inf or episodes=18400 >= episode_limit=18400. Setting time limit for workers to finish to 180s
2026-09-07 04:48:52,487 - util.agent - INFO - update / exploration: 520.9/495.9 s |  14.1/ 15.1 steps/s |  7334/  7477 steps, 100 episodes | 1463673/1471150 steps total, 18400 episodes total
2026-09-07 04:48:52,534 - util.agent - INFO - NET_SYNC ok #184 fp=80feb753656b update=1463673
2026-09-07 04:48:54,212 - eve_rl.runner.runner - INFO - Saved policy snapshot at scheduled step 1470000 (current=1471150)
2026-09-07 04:48:54,213 - util.agent - DEBUG - explore (amount/limit): steps None/None | episodes 100/None || update (amount/limit): steps 7477.0/None
2026-09-07 04:56:40,214 - util.agent - DEBUG - exploration: steps=1477822 >= step_limit=inf or episodes=18500 >= episode_limit=18500. Setting time limit for workers to finish to 180s
2026-09-07 04:57:54,407 - util.agent - INFO - update / exploration: 540.2/518.5 s |  13.8/ 15.1 steps/s |  7477/  7847 steps, 100 episodes | 1471150/1478997 steps total, 18500 episodes total
2026-09-07 04:57:54,454 - util.agent - INFO - NET_SYNC ok #185 fp=1d3a8cfc9e4a update=1471150
2026-09-07 04:57:56,155 - util.agent - DEBUG - explore (amount/limit): steps None/None | episodes 100/None || update (amount/limit): steps 7847.0/None
2026-09-07 05:01:33,187 - util.agent - WARNING - Restaring Agent worker_5 because it is not alive anymore
2026-09-07 05:01:33,192 - util.agent - DEBUG - Restarting Agent with task='exploration', step_limit=inf and episode_limit=18600.
2026-09-07 05:01:50,872 - step_logger_train_131510778907712 - INFO - === BenchEnv5 initialized (mode=train, visualisation=False) ===
2026-09-07 05:05:23,897 - util.agent - DEBUG - exploration: steps=1485302 >= step_limit=inf or episodes=18600 >= episode_limit=18600. Setting time limit for workers to finish to 180s
2026-09-07 05:07:06,142 - util.agent - INFO - update / exploration: 550.0/491.3 s |  14.3/ 15.0 steps/s |  7847/  7378 steps, 100 episodes | 1478997/1486375 steps total, 18600 episodes total
2026-09-07 05:07:06,222 - util.agent - INFO - NET_SYNC ok #186 fp=91f5362f4756 update=1478997
2026-09-07 05:07:08,016 - eve_rl.runner.runner - INFO - Saved policy snapshot at scheduled step 1480000 (current=1486375)
2026-09-07 05:07:08,016 - util.agent - DEBUG - explore (amount/limit): steps None/None | episodes 100/None || update (amount/limit): steps 7378.0/None
2026-09-07 05:14:57,829 - util.agent - DEBUG - exploration: steps=1492552 >= step_limit=inf or episodes=18700 >= episode_limit=18700. Setting time limit for workers to finish to 180s
2026-09-07 05:16:05,101 - util.agent - INFO - update / exploration: 537.1/518.6 s |  13.7/ 14.4 steps/s |  7378/  7466 steps, 100 episodes | 1486375/1493841 steps total, 18700 episodes total
2026-09-07 05:16:05,152 - util.agent - INFO - NET_SYNC ok #187 fp=9d591e6eddd3 update=1486375
2026-09-07 05:16:06,822 - eve_rl.runner.runner - INFO - Saved policy snapshot at scheduled step 1490000 (current=1493841)
2026-09-07 05:16:06,823 - util.agent - DEBUG - explore (amount/limit): steps None/None | episodes 100/None || update (amount/limit): steps 7466.0/None
2026-09-07 05:23:49,708 - util.agent - DEBUG - exploration: steps=1499951 >= step_limit=inf or episodes=18800 >= episode_limit=18800. Setting time limit for workers to finish to 180s
2026-09-07 05:26:49,720 - util.agent - WARNING - Restaring Agent worker_12 because of Timeout
2026-09-07 05:26:49,721 - util.agent - DEBUG - Restarting Agent with task=None, step_limit=None and episode_limit=None.
2026-09-07 05:27:05,098 - step_logger_train_131506664650976 - INFO - === BenchEnv5 initialized (mode=train, visualisation=False) ===
2026-09-07 05:27:08,540 - util.agent - INFO - update / exploration: 534.2/661.8 s |  14.0/ 11.0 steps/s |  7466/  7292 steps, 100 episodes | 1493841/1501133 steps total, 18800 episodes total
2026-09-07 05:27:08,624 - util.agent - INFO - NET_SYNC ok #188 fp=189f834ce0a7 update=1493841
2026-09-07 05:27:10,309 - eve_rl.runner.runner - INFO - Saved policy snapshot at scheduled step 1500000 (current=1501133)
2026-09-07 05:27:10,310 - util.agent - DEBUG - evaluate (amount/limit): steps None/None | episodes None/None | len(seeds)=98/options=None
2026-09-07 05:34:03,958 - util.agent - INFO - evaluation :  413.7s |  14.6 steps/s |    6038 steps /   97 episodes | Total:    82729 steps /   680 episodes
2026-09-07 05:34:04,059 - eve_rl.runner.runner - INFO - Quality: 1.0, Reward: 5.990730182067268, Exploration steps: 1501133
2026-09-07 05:34:07,306 - eve_rl.runner.runner - INFO - Saved replay buffer incrementally (+245408 new transitions) at eval #7
2026-09-07 05:34:07,307 - util.agent - DEBUG - explore (amount/limit): steps None/None | episodes 100/None || update (amount/limit): steps 7292.0/None
2026-09-07 05:44:34,449 - util.agent - DEBUG - exploration: steps=1507285 >= step_limit=inf or episodes=18900 >= episode_limit=18900. Setting time limit for workers to finish to 180s
2026-09-07 05:45:30,366 - util.agent - INFO - update / exploration: 615.8/683.1 s |  11.8/ 10.7 steps/s |  7292/  7312 steps, 100 episodes | 1501133/1508445 steps total, 18900 episodes total
2026-09-07 05:45:30,447 - util.agent - INFO - NET_SYNC ok #189 fp=079828ae23a6 update=1501133
2026-09-07 05:45:32,155 - util.agent - DEBUG - explore (amount/limit): steps None/None | episodes 100/None || update (amount/limit): steps 7312.0/None
2026-09-07 05:57:02,960 - util.agent - DEBUG - exploration: steps=1514484 >= step_limit=inf or episodes=19000 >= episode_limit=19000. Setting time limit for workers to finish to 180s
2026-09-07 05:57:56,409 - util.agent - INFO - update / exploration: 594.8/744.3 s |  12.3/  9.7 steps/s |  7312/  7237 steps, 100 episodes | 1508445/1515682 steps total, 19000 episodes total
2026-09-07 05:57:56,465 - util.agent - INFO - NET_SYNC ok #190 fp=12761fa96a04 update=1508445
2026-09-07 05:57:58,152 - eve_rl.runner.runner - INFO - Saved policy snapshot at scheduled step 1510000 (current=1515682)
2026-09-07 05:57:58,153 - util.agent - DEBUG - explore (amount/limit): steps None/None | episodes 100/None || update (amount/limit): steps 7237.0/None
2026-09-07 06:10:45,123 - util.agent - DEBUG - exploration: steps=1522034 >= step_limit=inf or episodes=19100 >= episode_limit=19100. Setting time limit for workers to finish to 180s
2026-09-07 06:13:45,258 - util.agent - WARNING - Restaring Agent worker_4 because of Timeout
2026-09-07 06:13:45,260 - util.agent - DEBUG - Restarting Agent with task=None, step_limit=None and episode_limit=None.
2026-09-07 06:14:03,200 - step_logger_train_131505197513600 - INFO - === BenchEnv5 initialized (mode=train, visualisation=False) ===
2026-09-07 06:14:08,620 - util.agent - WARNING - Restaring Agent worker_12 because of Timeout
2026-09-07 06:14:08,623 - util.agent - DEBUG - Restarting Agent with task=None, step_limit=None and episode_limit=None.
2026-09-07 06:14:14,527 - step_logger_train_131507442028112 - INFO - === BenchEnv5 initialized (mode=train, visualisation=False) ===
2026-09-07 06:14:18,180 - util.agent - INFO - update / exploration: 586.6/980.1 s |  12.3/  8.0 steps/s |  7237/  7826 steps, 100 episodes | 1515682/1523508 steps total, 19100 episodes total
2026-09-07 06:14:18,308 - util.agent - INFO - NET_SYNC ok #191 fp=45789e59977d update=1515682
2026-09-07 06:14:19,990 - eve_rl.runner.runner - INFO - Saved policy snapshot at scheduled step 1520000 (current=1523508)
2026-09-07 06:14:19,991 - util.agent - DEBUG - explore (amount/limit): steps None/None | episodes 100/None || update (amount/limit): steps 7826.0/None
2026-09-07 06:26:15,554 - util.agent - DEBUG - exploration: steps=1529706 >= step_limit=inf or episodes=19200 >= episode_limit=19200. Setting time limit for workers to finish to 180s
2026-09-07 06:27:17,845 - util.agent - INFO - update / exploration: 650.8/777.9 s |  12.0/  9.5 steps/s |  7826/  7427 steps, 100 episodes | 1523508/1530935 steps total, 19200 episodes total
2026-09-07 06:27:17,900 - util.agent - INFO - NET_SYNC ok #192 fp=02363112b062 update=1523508
2026-09-07 06:27:19,584 - eve_rl.runner.runner - INFO - Saved policy snapshot at scheduled step 1530000 (current=1530935)
2026-09-07 06:27:19,584 - util.agent - DEBUG - explore (amount/limit): steps None/None | episodes 100/None || update (amount/limit): steps 7427.0/None
2026-09-07 06:39:17,681 - util.agent - DEBUG - exploration: steps=1537166 >= step_limit=inf or episodes=19300 >= episode_limit=19300. Setting time limit for workers to finish to 180s
2026-09-07 06:40:18,152 - util.agent - INFO - update / exploration: 607.7/778.6 s |  12.2/  9.6 steps/s |  7427/  7479 steps, 100 episodes | 1530935/1538414 steps total, 19300 episodes total
2026-09-07 06:40:18,205 - util.agent - INFO - NET_SYNC ok #193 fp=082a50f036f1 update=1530935
2026-09-07 06:40:19,885 - util.agent - DEBUG - explore (amount/limit): steps None/None | episodes 100/None || update (amount/limit): steps 7479.0/None
2026-09-07 06:51:24,195 - util.agent - DEBUG - exploration: steps=1544509 >= step_limit=inf or episodes=19400 >= episode_limit=19400. Setting time limit for workers to finish to 180s
2026-09-07 06:53:32,364 - util.agent - INFO - update / exploration: 612.5/792.5 s |  12.2/  9.4 steps/s |  7479/  7421 steps, 100 episodes | 1538414/1545835 steps total, 19400 episodes total
2026-09-07 06:53:32,415 - util.agent - INFO - NET_SYNC ok #194 fp=b3068343d5af update=1538414
2026-09-07 06:53:34,102 - eve_rl.runner.runner - INFO - Saved policy snapshot at scheduled step 1540000 (current=1545835)
2026-09-07 06:53:34,103 - util.agent - DEBUG - explore (amount/limit): steps None/None | episodes 100/None || update (amount/limit): steps 7421.0/None
2026-09-07 07:04:28,855 - util.agent - DEBUG - exploration: steps=1552027 >= step_limit=inf or episodes=19500 >= episode_limit=19500. Setting time limit for workers to finish to 180s
2026-09-07 07:05:17,523 - util.agent - INFO - update / exploration: 596.2/703.5 s |  12.4/ 10.6 steps/s |  7421/  7492 steps, 100 episodes | 1545835/1553327 steps total, 19500 episodes total
2026-09-07 07:05:17,577 - util.agent - INFO - NET_SYNC ok #195 fp=b10faa3c72ba update=1545835
2026-09-07 07:05:19,264 - eve_rl.runner.runner - INFO - Saved policy snapshot at scheduled step 1550000 (current=1553327)
2026-09-07 07:05:19,264 - util.agent - DEBUG - explore (amount/limit): steps None/None | episodes 100/None || update (amount/limit): steps 7492.0/None
2026-09-07 07:15:57,369 - util.agent - DEBUG - exploration: steps=1559372 >= step_limit=inf or episodes=19600 >= episode_limit=19600. Setting time limit for workers to finish to 180s
2026-09-07 07:16:49,907 - util.agent - INFO - update / exploration: 610.7/690.7 s |  12.3/ 10.5 steps/s |  7492/  7274 steps, 100 episodes | 1553327/1560601 steps total, 19600 episodes total
2026-09-07 07:16:49,959 - util.agent - INFO - NET_SYNC ok #196 fp=712726beccdc update=1553327
2026-09-07 07:16:51,634 - eve_rl.runner.runner - INFO - Saved policy snapshot at scheduled step 1560000 (current=1560601)
2026-09-07 07:16:51,635 - util.agent - DEBUG - explore (amount/limit): steps None/None | episodes 100/None || update (amount/limit): steps 7274.0/None
2026-09-07 07:27:04,040 - util.agent - DEBUG - exploration: steps=1566602 >= step_limit=inf or episodes=19700 >= episode_limit=19700. Setting time limit for workers to finish to 180s
2026-09-07 07:28:06,077 - util.agent - INFO - update / exploration: 588.3/674.5 s |  12.4/ 10.7 steps/s |  7274/  7234 steps, 100 episodes | 1560601/1567835 steps total, 19700 episodes total
2026-09-07 07:28:06,139 - util.agent - INFO - NET_SYNC ok #197 fp=814986634a39 update=1560601
2026-09-07 07:28:07,830 - util.agent - DEBUG - explore (amount/limit): steps None/None | episodes 100/None || update (amount/limit): steps 7234.0/None
2026-09-07 07:38:32,890 - util.agent - DEBUG - exploration: steps=1574053 >= step_limit=inf or episodes=19800 >= episode_limit=19800. Setting time limit for workers to finish to 180s
2026-09-07 07:39:49,322 - util.agent - INFO - update / exploration: 581.3/701.5 s |  12.4/ 10.6 steps/s |  7234/  7463 steps, 100 episodes | 1567835/1575298 steps total, 19800 episodes total
2026-09-07 07:39:49,376 - util.agent - INFO - NET_SYNC ok #198 fp=6f7a03d389f6 update=1567835
2026-09-07 07:39:51,067 - eve_rl.runner.runner - INFO - Saved policy snapshot at scheduled step 1570000 (current=1575298)
2026-09-07 07:39:51,068 - util.agent - DEBUG - explore (amount/limit): steps None/None | episodes 100/None || update (amount/limit): steps 7463.0/None
2026-09-07 07:50:33,892 - util.agent - DEBUG - exploration: steps=1581574 >= step_limit=inf or episodes=19900 >= episode_limit=19900. Setting time limit for workers to finish to 180s
2026-09-07 07:51:11,486 - util.agent - INFO - update / exploration: 604.0/680.5 s |  12.4/ 10.9 steps/s |  7463/  7441 steps, 100 episodes | 1575298/1582739 steps total, 19900 episodes total
2026-09-07 07:51:11,541 - util.agent - INFO - NET_SYNC ok #199 fp=81aec3a36cd3 update=1575298
2026-09-07 07:51:13,215 - eve_rl.runner.runner - INFO - Saved policy snapshot at scheduled step 1580000 (current=1582739)
2026-09-07 07:51:13,216 - util.agent - DEBUG - explore (amount/limit): steps None/None | episodes 100/None || update (amount/limit): steps 7441.0/None
2026-09-07 07:59:50,043 - util.agent - DEBUG - exploration: steps=1588871 >= step_limit=inf or episodes=20000 >= episode_limit=20000. Setting time limit for workers to finish to 180s
2026-09-07 08:00:47,555 - util.agent - INFO - update / exploration: 574.5/563.8 s |  13.0/ 12.8 steps/s |  7441/  7224 steps, 100 episodes | 1582739/1589963 steps total, 20000 episodes total
2026-09-07 08:00:47,610 - util.agent - INFO - NET_SYNC ok #200 fp=9b7226c481c5 update=1582739
2026-09-07 08:00:49,293 - util.agent - DEBUG - explore (amount/limit): steps None/None | episodes 100/None || update (amount/limit): steps 7224.0/None
2026-09-07 08:12:30,595 - util.agent - DEBUG - exploration: steps=1596398 >= step_limit=inf or episodes=20100 >= episode_limit=20100. Setting time limit for workers to finish to 180s
2026-09-07 08:13:33,955 - util.agent - INFO - update / exploration: 590.9/764.8 s |  12.2/  9.9 steps/s |  7224/  7588 steps, 100 episodes | 1589963/1597551 steps total, 20100 episodes total
2026-09-07 08:13:34,011 - util.agent - INFO - NET_SYNC ok #201 fp=d11504c0028a update=1589963
2026-09-07 08:13:35,747 - eve_rl.runner.runner - INFO - Saved policy snapshot at scheduled step 1590000 (current=1597551)
2026-09-07 08:13:35,755 - util.agent - DEBUG - explore (amount/limit): steps None/None | episodes 100/None || update (amount/limit): steps 7588.0/None
2026-09-07 08:25:25,900 - util.agent - DEBUG - exploration: steps=1603782 >= step_limit=inf or episodes=20200 >= episode_limit=20200. Setting time limit for workers to finish to 180s
2026-09-07 08:26:24,396 - util.agent - INFO - update / exploration: 632.4/768.7 s |  12.0/  9.6 steps/s |  7588/  7374 steps, 100 episodes | 1597551/1604925 steps total, 20200 episodes total
2026-09-07 08:26:24,525 - util.agent - INFO - NET_SYNC ok #202 fp=cf87cdb0b116 update=1597551
2026-09-07 08:26:26,271 - eve_rl.runner.runner - INFO - Saved policy snapshot at scheduled step 1600000 (current=1604925)
2026-09-07 08:26:26,272 - util.agent - DEBUG - explore (amount/limit): steps None/None | episodes 100/None || update (amount/limit): steps 7374.0/None
2026-09-07 08:38:20,226 - util.agent - DEBUG - exploration: steps=1611002 >= step_limit=inf or episodes=20300 >= episode_limit=20300. Setting time limit for workers to finish to 180s
2026-09-07 08:41:20,248 - util.agent - WARNING - Restaring Agent worker_7 because of Timeout
2026-09-07 08:41:20,250 - util.agent - DEBUG - Restarting Agent with task=None, step_limit=None and episode_limit=None.
2026-09-07 08:41:37,826 - step_logger_train_131506717428896 - INFO - === BenchEnv5 initialized (mode=train, visualisation=False) ===
2026-09-07 08:41:41,456 - util.agent - INFO - update / exploration: 601.7/915.2 s |  12.3/  7.8 steps/s |  7374/  7111 steps, 100 episodes | 1604925/1612036 steps total, 20300 episodes total
2026-09-07 08:41:41,569 - util.agent - INFO - NET_SYNC ok #203 fp=438f99716b93 update=1604925
2026-09-07 08:41:43,448 - eve_rl.runner.runner - INFO - Saved policy snapshot at scheduled step 1610000 (current=1612036)
2026-09-07 08:41:43,457 - util.agent - DEBUG - explore (amount/limit): steps None/None | episodes 100/None || update (amount/limit): steps 7111.0/None
2026-09-07 08:53:10,497 - util.agent - DEBUG - exploration: steps=1618076 >= step_limit=inf or episodes=20400 >= episode_limit=20400. Setting time limit for workers to finish to 180s
2026-09-07 08:54:07,020 - util.agent - INFO - update / exploration: 578.4/743.7 s |  12.3/  9.8 steps/s |  7111/  7275 steps, 100 episodes | 1612036/1619311 steps total, 20400 episodes total
2026-09-07 08:54:07,071 - util.agent - INFO - NET_SYNC ok #204 fp=57d3788a9949 update=1612036
2026-09-07 08:54:08,769 - util.agent - DEBUG - explore (amount/limit): steps None/None | episodes 100/None || update (amount/limit): steps 7275.0/None
2026-09-07 09:05:41,081 - util.agent - DEBUG - exploration: steps=1625304 >= step_limit=inf or episodes=20500 >= episode_limit=20500. Setting time limit for workers to finish to 180s
2026-09-07 09:06:43,403 - util.agent - INFO - update / exploration: 603.4/754.9 s |  12.1/  9.6 steps/s |  7275/  7224 steps, 100 episodes | 1619311/1626535 steps total, 20500 episodes total
2026-09-07 09:06:43,453 - util.agent - INFO - NET_SYNC ok #205 fp=cfb141ec69a2 update=1619311
2026-09-07 09:06:45,132 - eve_rl.runner.runner - INFO - Saved policy snapshot at scheduled step 1620000 (current=1626535)
2026-09-07 09:06:45,133 - util.agent - DEBUG - explore (amount/limit): steps None/None | episodes 100/None || update (amount/limit): steps 7224.0/None
2026-09-07 09:17:26,168 - util.agent - DEBUG - exploration: steps=1632610 >= step_limit=inf or episodes=20600 >= episode_limit=20600. Setting time limit for workers to finish to 180s
2026-09-07 09:18:21,052 - util.agent - INFO - update / exploration: 602.2/696.1 s |  12.0/ 10.4 steps/s |  7224/  7266 steps, 100 episodes | 1626535/1633801 steps total, 20600 episodes total
2026-09-07 09:18:21,102 - util.agent - INFO - NET_SYNC ok #206 fp=2e7e61ef7f33 update=1626535
2026-09-07 09:18:22,788 - eve_rl.runner.runner - INFO - Saved policy snapshot at scheduled step 1630000 (current=1633801)
2026-09-07 09:18:22,789 - util.agent - DEBUG - explore (amount/limit): steps None/None | episodes 100/None || update (amount/limit): steps 7266.0/None
2026-09-07 09:29:26,791 - util.agent - DEBUG - exploration: steps=1639971 >= step_limit=inf or episodes=20700 >= episode_limit=20700. Setting time limit for workers to finish to 180s
2026-09-07 09:30:19,078 - util.agent - INFO - update / exploration: 602.4/716.4 s |  12.1/ 10.4 steps/s |  7266/  7417 steps, 100 episodes | 1633801/1641218 steps total, 20700 episodes total
2026-09-07 09:30:19,132 - util.agent - INFO - NET_SYNC ok #207 fp=207e11ec15ba update=1633801
2026-09-07 09:30:20,818 - eve_rl.runner.runner - INFO - Saved policy snapshot at scheduled step 1640000 (current=1641218)
2026-09-07 09:30:20,819 - util.agent - DEBUG - explore (amount/limit): steps None/None | episodes 100/None || update (amount/limit): steps 7417.0/None
2026-09-07 09:41:23,253 - util.agent - DEBUG - exploration: steps=1647409 >= step_limit=inf or episodes=20800 >= episode_limit=20800. Setting time limit for workers to finish to 180s
2026-09-07 09:44:23,276 - util.agent - WARNING - Restaring Agent worker_11 because of Timeout
2026-09-07 09:44:23,277 - util.agent - DEBUG - Restarting Agent with task=None, step_limit=None and episode_limit=None.
2026-09-07 09:44:39,045 - step_logger_train_131504566980912 - INFO - === BenchEnv5 initialized (mode=train, visualisation=False) ===
2026-09-07 09:44:42,113 - util.agent - INFO - update / exploration: 598.0/861.4 s |  12.4/  8.4 steps/s |  7417/  7225 steps, 100 episodes | 1641218/1648443 steps total, 20800 episodes total
2026-09-07 09:44:42,178 - util.agent - INFO - NET_SYNC ok #208 fp=b8ccb3a1a96a update=1641218
2026-09-07 09:44:43,862 - util.agent - DEBUG - explore (amount/limit): steps None/None | episodes 100/None || update (amount/limit): steps 7225.0/None
2026-09-07 09:54:23,276 - util.agent - DEBUG - exploration: steps=1654437 >= step_limit=inf or episodes=20900 >= episode_limit=20900. Setting time limit for workers to finish to 180s
2026-09-07 09:55:13,902 - util.agent - INFO - update / exploration: 583.6/630.1 s |  12.4/ 11.5 steps/s |  7225/  7261 steps, 100 episodes | 1648443/1655704 steps total, 20900 episodes total
2026-09-07 09:55:13,954 - util.agent - INFO - NET_SYNC ok #209 fp=415d6d78f117 update=1648443
2026-09-07 09:55:15,641 - eve_rl.runner.runner - INFO - Saved policy snapshot at scheduled step 1650000 (current=1655704)
2026-09-07 09:55:15,642 - util.agent - DEBUG - explore (amount/limit): steps None/None | episodes 100/None || update (amount/limit): steps 7261.0/None
2026-09-07 10:03:49,141 - util.agent - DEBUG - exploration: steps=1661860 >= step_limit=inf or episodes=21000 >= episode_limit=21000. Setting time limit for workers to finish to 180s
2026-09-07 10:04:46,420 - util.agent - INFO - update / exploration: 570.8/567.5 s |  12.7/ 12.9 steps/s |  7261/  7309 steps, 100 episodes | 1655704/1663013 steps total, 21000 episodes total
2026-09-07 10:04:46,473 - util.agent - INFO - NET_SYNC ok #210 fp=8941f27e9f03 update=1655704
2026-09-07 10:04:48,147 - eve_rl.runner.runner - INFO - Saved policy snapshot at scheduled step 1660000 (current=1663013)
2026-09-07 10:04:48,148 - util.agent - DEBUG - explore (amount/limit): steps None/None | episodes 100/None || update (amount/limit): steps 7309.0/None
2026-09-07 10:13:18,676 - util.agent - DEBUG - exploration: steps=1669010 >= step_limit=inf or episodes=21100 >= episode_limit=21100. Setting time limit for workers to finish to 180s
2026-09-07 10:14:20,691 - util.agent - INFO - update / exploration: 572.6/565.7 s |  12.8/ 12.7 steps/s |  7309/  7159 steps, 100 episodes | 1663013/1670172 steps total, 21100 episodes total
2026-09-07 10:14:20,745 - util.agent - INFO - NET_SYNC ok #211 fp=c13d10bc36d8 update=1663013
2026-09-07 10:14:22,437 - eve_rl.runner.runner - INFO - Saved policy snapshot at scheduled step 1670000 (current=1670172)
2026-09-07 10:14:22,438 - util.agent - DEBUG - explore (amount/limit): steps None/None | episodes 100/None || update (amount/limit): steps 7159.0/None
2026-09-07 10:23:07,678 - util.agent - DEBUG - exploration: steps=1676444 >= step_limit=inf or episodes=21200 >= episode_limit=21200. Setting time limit for workers to finish to 180s
2026-09-07 10:23:59,246 - util.agent - INFO - update / exploration: 573.7/576.8 s |  12.5/ 13.0 steps/s |  7159/  7485 steps, 100 episodes | 1670172/1677657 steps total, 21200 episodes total
2026-09-07 10:23:59,381 - util.agent - INFO - NET_SYNC ok #212 fp=61040d177e67 update=1670172
2026-09-07 10:24:01,109 - util.agent - DEBUG - explore (amount/limit): steps None/None | episodes 100/None || update (amount/limit): steps 7485.0/None
2026-09-07 10:32:34,390 - util.agent - DEBUG - exploration: steps=1683806 >= step_limit=inf or episodes=21300 >= episode_limit=21300. Setting time limit for workers to finish to 180s
2026-09-07 10:33:40,981 - util.agent - INFO - update / exploration: 579.9/578.7 s |  12.9/ 12.7 steps/s |  7485/  7366 steps, 100 episodes | 1677657/1685023 steps total, 21300 episodes total
2026-09-07 10:33:41,104 - util.agent - INFO - NET_SYNC ok #213 fp=77ddcc5fa067 update=1677657
2026-09-07 10:33:42,777 - eve_rl.runner.runner - INFO - Saved policy snapshot at scheduled step 1680000 (current=1685023)
2026-09-07 10:33:42,778 - util.agent - DEBUG - explore (amount/limit): steps None/None | episodes 100/None || update (amount/limit): steps 7366.0/None
2026-09-07 10:42:13,834 - util.agent - DEBUG - exploration: steps=1691213 >= step_limit=inf or episodes=21400 >= episode_limit=21400. Setting time limit for workers to finish to 180s
2026-09-07 10:43:19,802 - util.agent - INFO - update / exploration: 576.7/577.1 s |  12.8/ 12.8 steps/s |  7366/  7412 steps, 100 episodes | 1685023/1692435 steps total, 21400 episodes total
2026-09-07 10:43:19,852 - util.agent - INFO - NET_SYNC ok #214 fp=df1b29221634 update=1685023
2026-09-07 10:43:21,533 - eve_rl.runner.runner - INFO - Saved policy snapshot at scheduled step 1690000 (current=1692435)
2026-09-07 10:43:21,534 - util.agent - DEBUG - explore (amount/limit): steps None/None | episodes 100/None || update (amount/limit): steps 7412.0/None
2026-09-07 10:52:40,876 - util.agent - DEBUG - exploration: steps=1698688 >= step_limit=inf or episodes=21500 >= episode_limit=21500. Setting time limit for workers to finish to 180s
2026-09-07 10:55:40,893 - util.agent - WARNING - Restaring Agent worker_4 because of Timeout
2026-09-07 10:55:40,894 - util.agent - DEBUG - Restarting Agent with task=None, step_limit=None and episode_limit=None.
2026-09-07 10:55:56,346 - step_logger_train_131504566982496 - INFO - === BenchEnv5 initialized (mode=train, visualisation=False) ===
2026-09-07 10:55:59,145 - util.agent - INFO - update / exploration: 598.3/757.6 s |  12.4/  9.8 steps/s |  7412/  7420 steps, 100 episodes | 1692435/1699855 steps total, 21500 episodes total
2026-09-07 10:55:59,219 - util.agent - INFO - NET_SYNC ok #215 fp=84cf33b1ef8a update=1692435
2026-09-07 10:56:00,950 - util.agent - DEBUG - explore (amount/limit): steps None/None | episodes 100/None || update (amount/limit): steps 7420.0/None
2026-09-07 11:04:20,780 - util.agent - DEBUG - exploration: steps=1705704 >= step_limit=inf or episodes=21600 >= episode_limit=21600. Setting time limit for workers to finish to 180s
2026-09-07 11:05:32,439 - util.agent - INFO - update / exploration: 571.5/567.4 s |  13.0/ 12.5 steps/s |  7420/  7087 steps, 100 episodes | 1699855/1706942 steps total, 21600 episodes total
2026-09-07 11:05:32,492 - util.agent - INFO - NET_SYNC ok #216 fp=4ec6a564adab update=1699855
2026-09-07 11:05:34,186 - eve_rl.runner.runner - INFO - Saved policy snapshot at scheduled step 1700000 (current=1706942)
2026-09-07 11:05:34,189 - util.agent - DEBUG - explore (amount/limit): steps None/None | episodes 100/None || update (amount/limit): steps 7087.0/None
2026-09-07 11:16:18,544 - util.agent - DEBUG - exploration: steps=1713152 >= step_limit=inf or episodes=21700 >= episode_limit=21700. Setting time limit for workers to finish to 180s
2026-09-07 11:17:27,316 - util.agent - INFO - update / exploration: 577.1/713.2 s |  12.3/ 10.4 steps/s |  7087/  7390 steps, 100 episodes | 1706942/1714332 steps total, 21700 episodes total
2026-09-07 11:17:27,377 - util.agent - INFO - NET_SYNC ok #217 fp=6c39440f5c23 update=1706942
2026-09-07 11:17:29,073 - eve_rl.runner.runner - INFO - Saved policy snapshot at scheduled step 1710000 (current=1714332)
2026-09-07 11:17:29,074 - util.agent - DEBUG - explore (amount/limit): steps None/None | episodes 100/None || update (amount/limit): steps 7390.0/None
2026-09-07 11:29:16,860 - util.agent - DEBUG - exploration: steps=1720508 >= step_limit=inf or episodes=21800 >= episode_limit=21800. Setting time limit for workers to finish to 180s
2026-09-07 11:30:17,457 - util.agent - INFO - update / exploration: 620.5/768.5 s |  11.9/  9.6 steps/s |  7390/  7381 steps, 100 episodes | 1714332/1721713 steps total, 21800 episodes total
2026-09-07 11:30:17,622 - util.agent - INFO - NET_SYNC ok #218 fp=007beb8d1664 update=1714332
2026-09-07 11:30:19,297 - eve_rl.runner.runner - INFO - Saved policy snapshot at scheduled step 1720000 (current=1721713)
2026-09-07 11:30:19,297 - util.agent - DEBUG - explore (amount/limit): steps None/None | episodes 100/None || update (amount/limit): steps 7381.0/None
2026-09-07 11:42:34,531 - util.agent - DEBUG - exploration: steps=1728015 >= step_limit=inf or episodes=21900 >= episode_limit=21900. Setting time limit for workers to finish to 180s
2026-09-07 11:45:34,565 - util.agent - WARNING - Restaring Agent worker_14 because of Timeout
2026-09-07 11:45:34,566 - util.agent - DEBUG - Restarting Agent with task=None, step_limit=None and episode_limit=None.
2026-09-07 11:45:52,201 - step_logger_train_131510912868256 - INFO - === BenchEnv5 initialized (mode=train, visualisation=False) ===
2026-09-07 11:45:55,611 - util.agent - INFO - update / exploration: 604.6/936.4 s |  12.2/  7.9 steps/s |  7381/  7444 steps, 100 episodes | 1721713/1729157 steps total, 21900 episodes total
2026-09-07 11:45:55,746 - util.agent - INFO - NET_SYNC ok #219 fp=8b037927f623 update=1721713
2026-09-07 11:45:57,462 - util.agent - DEBUG - explore (amount/limit): steps None/None | episodes 100/None || update (amount/limit): steps 7444.0/None
2026-09-07 11:57:44,466 - util.agent - DEBUG - exploration: steps=1735246 >= step_limit=inf or episodes=22000 >= episode_limit=22000. Setting time limit for workers to finish to 180s
2026-09-07 11:58:56,524 - util.agent - INFO - update / exploration: 615.0/779.1 s |  12.1/  9.4 steps/s |  7444/  7361 steps, 100 episodes | 1729157/1736518 steps total, 22000 episodes total
2026-09-07 11:58:56,582 - util.agent - INFO - NET_SYNC ok #220 fp=6ce0f314b2ec update=1729157
2026-09-07 11:58:58,276 - eve_rl.runner.runner - INFO - Saved policy snapshot at scheduled step 1730000 (current=1736518)
2026-09-07 11:58:58,277 - util.agent - DEBUG - explore (amount/limit): steps None/None | episodes 100/None || update (amount/limit): steps 7361.0/None
2026-09-07 12:10:58,470 - util.agent - DEBUG - exploration: steps=1742606 >= step_limit=inf or episodes=22100 >= episode_limit=22100. Setting time limit for workers to finish to 180s
2026-09-07 12:13:58,491 - util.agent - WARNING - Restaring Agent worker_12 because of Timeout
2026-09-07 12:13:58,492 - util.agent - DEBUG - Restarting Agent with task=None, step_limit=None and episode_limit=None.
2026-09-07 12:14:16,189 - step_logger_train_131506395977808 - INFO - === BenchEnv5 initialized (mode=train, visualisation=False) ===
2026-09-07 12:14:19,993 - util.agent - INFO - update / exploration: 601.7/921.8 s |  12.2/  7.8 steps/s |  7361/  7235 steps, 100 episodes | 1736518/1743753 steps total, 22100 episodes total
2026-09-07 12:14:20,147 - util.agent - INFO - NET_SYNC ok #221 fp=4dd7d9f59cd8 update=1736518
2026-09-07 12:14:21,839 - eve_rl.runner.runner - INFO - Saved policy snapshot at scheduled step 1740000 (current=1743753)
2026-09-07 12:14:21,839 - util.agent - DEBUG - explore (amount/limit): steps None/None | episodes 100/None || update (amount/limit): steps 7235.0/None
2026-09-07 12:26:22,998 - util.agent - DEBUG - exploration: steps=1749913 >= step_limit=inf or episodes=22200 >= episode_limit=22200. Setting time limit for workers to finish to 180s
2026-09-07 12:27:29,975 - util.agent - INFO - update / exploration: 617.2/788.2 s |  11.7/  9.3 steps/s |  7235/  7348 steps, 100 episodes | 1743753/1751101 steps total, 22200 episodes total
2026-09-07 12:27:30,026 - util.agent - INFO - NET_SYNC ok #222 fp=54c5fb0da997 update=1743753
2026-09-07 12:27:31,713 - eve_rl.runner.runner - INFO - Saved policy snapshot at scheduled step 1750000 (current=1751101)
2026-09-07 12:27:31,714 - util.agent - DEBUG - evaluate (amount/limit): steps None/None | episodes None/None | len(seeds)=98/options=None
2026-09-07 12:40:27,860 - util.agent - INFO - evaluation :  776.2s |   8.1 steps/s |    6321 steps /   96 episodes | Total:    89050 steps /   776 episodes
2026-09-07 12:40:28,149 - eve_rl.runner.runner - INFO - Quality: 0.9897959183673469, Reward: 5.937930608050078, Exploration steps: 1751101
2026-09-07 12:40:32,414 - eve_rl.runner.runner - INFO - Saved replay buffer incrementally (+249968 new transitions) at eval #8
2026-09-07 12:40:32,415 - util.agent - DEBUG - explore (amount/limit): steps None/None | episodes 100/None || update (amount/limit): steps 7348.0/None
2026-09-07 12:52:07,313 - util.agent - DEBUG - exploration: steps=1757022 >= step_limit=inf or episodes=22300 >= episode_limit=22300. Setting time limit for workers to finish to 180s
2026-09-07 12:53:05,923 - util.agent - INFO - update / exploration: 644.6/753.6 s |  11.4/  9.5 steps/s |  7348/  7185 steps, 100 episodes | 1751101/1758286 steps total, 22300 episodes total
2026-09-07 12:53:05,998 - util.agent - INFO - NET_SYNC ok #223 fp=9a40c1635ac1 update=1751101
2026-09-07 12:53:07,717 - util.agent - DEBUG - explore (amount/limit): steps None/None | episodes 100/None || update (amount/limit): steps 7185.0/None
2026-09-07 13:04:17,450 - util.agent - DEBUG - exploration: steps=1764600 >= step_limit=inf or episodes=22400 >= episode_limit=22400. Setting time limit for workers to finish to 180s
2026-09-07 13:05:23,953 - util.agent - INFO - update / exploration: 603.5/736.4 s |  11.9/ 10.2 steps/s |  7185/  7484 steps, 100 episodes | 1758286/1765770 steps total, 22400 episodes total
2026-09-07 13:05:24,006 - util.agent - INFO - NET_SYNC ok #224 fp=15d87f0cbb7e update=1758286
2026-09-07 13:05:25,689 - eve_rl.runner.runner - INFO - Saved policy snapshot at scheduled step 1760000 (current=1765770)
2026-09-07 13:05:25,690 - util.agent - DEBUG - explore (amount/limit): steps None/None | episodes 100/None || update (amount/limit): steps 7484.0/None
2026-09-07 13:16:03,730 - util.agent - DEBUG - exploration: steps=1771862 >= step_limit=inf or episodes=22500 >= episode_limit=22500. Setting time limit for workers to finish to 180s
2026-09-07 13:17:14,254 - util.agent - INFO - update / exploration: 617.2/708.7 s |  12.1/ 10.4 steps/s |  7484/  7393 steps, 100 episodes | 1765770/1773163 steps total, 22500 episodes total
2026-09-07 13:17:14,316 - util.agent - INFO - NET_SYNC ok #225 fp=f5d7290630ab update=1765770
2026-09-07 13:17:16,003 - eve_rl.runner.runner - INFO - Saved policy snapshot at scheduled step 1770000 (current=1773163)
2026-09-07 13:17:16,004 - util.agent - DEBUG - explore (amount/limit): steps None/None | episodes 100/None || update (amount/limit): steps 7393.0/None
2026-09-07 13:27:57,589 - util.agent - DEBUG - exploration: steps=1779259 >= step_limit=inf or episodes=22600 >= episode_limit=22600. Setting time limit for workers to finish to 180s
2026-09-07 13:30:57,617 - util.agent - WARNING - Restaring Agent worker_12 because of Timeout
2026-09-07 13:30:57,618 - util.agent - DEBUG - Restarting Agent with task=None, step_limit=None and episode_limit=None.
2026-09-07 13:31:13,686 - step_logger_train_131506697829728 - INFO - === BenchEnv5 initialized (mode=train, visualisation=False) ===
2026-09-07 13:31:18,464 - util.agent - WARNING - Restaring Agent worker_14 because of Timeout
2026-09-07 13:31:18,466 - util.agent - DEBUG - Restarting Agent with task=None, step_limit=None and episode_limit=None.
2026-09-07 13:31:26,773 - step_logger_train_131504644969328 - INFO - === BenchEnv5 initialized (mode=train, visualisation=False) ===
2026-09-07 13:31:29,919 - util.agent - INFO - update / exploration: 606.3/854.1 s |  12.2/  8.4 steps/s |  7393/  7194 steps, 100 episodes | 1773163/1780357 steps total, 22600 episodes total
2026-09-07 13:31:30,035 - util.agent - INFO - NET_SYNC ok #226 fp=1da674a96902 update=1773163
2026-09-07 13:31:31,733 - eve_rl.runner.runner - INFO - Saved policy snapshot at scheduled step 1780000 (current=1780357)
2026-09-07 13:31:31,733 - util.agent - DEBUG - explore (amount/limit): steps None/None | episodes 100/None || update (amount/limit): steps 7194.0/None
2026-09-07 13:40:18,890 - util.agent - DEBUG - exploration: steps=1786539 >= step_limit=inf or episodes=22700 >= episode_limit=22700. Setting time limit for workers to finish to 180s
2026-09-07 13:41:24,438 - util.agent - INFO - update / exploration: 571.3/592.9 s |  12.6/ 12.6 steps/s |  7194/  7485 steps, 100 episodes | 1780357/1787842 steps total, 22700 episodes total
2026-09-07 13:41:24,494 - util.agent - INFO - NET_SYNC ok #227 fp=dab82d9fa4dd update=1780357
2026-09-07 13:41:26,167 - util.agent - DEBUG - explore (amount/limit): steps None/None | episodes 100/None || update (amount/limit): steps 7485.0/None
2026-09-07 13:50:26,686 - util.agent - DEBUG - exploration: steps=1793949 >= step_limit=inf or episodes=22800 >= episode_limit=22800. Setting time limit for workers to finish to 180s
2026-09-07 13:53:26,694 - util.agent - WARNING - Restaring Agent worker_6 because of Timeout
2026-09-07 13:53:26,694 - util.agent - DEBUG - Restarting Agent with task=None, step_limit=None and episode_limit=None.
2026-09-07 13:53:38,001 - step_logger_train_131506700672688 - INFO - === BenchEnv5 initialized (mode=train, visualisation=False) ===
2026-09-07 13:53:41,194 - util.agent - INFO - update / exploration: 588.7/735.2 s |  12.7/  9.7 steps/s |  7485/  7167 steps, 100 episodes | 1787842/1795009 steps total, 22800 episodes total
2026-09-07 13:53:41,271 - util.agent - INFO - NET_SYNC ok #228 fp=fe26169c063a update=1787842
2026-09-07 13:53:42,963 - eve_rl.runner.runner - INFO - Saved policy snapshot at scheduled step 1790000 (current=1795009)
2026-09-07 13:53:42,964 - util.agent - DEBUG - explore (amount/limit): steps None/None | episodes 100/None || update (amount/limit): steps 7167.0/None
2026-09-07 14:02:20,181 - util.agent - DEBUG - exploration: steps=1801337 >= step_limit=inf or episodes=22900 >= episode_limit=22900. Setting time limit for workers to finish to 180s
2026-09-07 14:03:13,379 - util.agent - INFO - update / exploration: 566.5/570.6 s |  12.7/ 13.1 steps/s |  7167/  7454 steps, 100 episodes | 1795009/1802463 steps total, 22900 episodes total
2026-09-07 14:03:13,430 - util.agent - INFO - NET_SYNC ok #229 fp=bcf4e0fc91b3 update=1795009
2026-09-07 14:03:15,102 - eve_rl.runner.runner - INFO - Saved policy snapshot at scheduled step 1800000 (current=1802463)
2026-09-07 14:03:15,103 - util.agent - DEBUG - explore (amount/limit): steps None/None | episodes 100/None || update (amount/limit): steps 7454.0/None
2026-09-07 14:12:08,868 - util.agent - DEBUG - exploration: steps=1808666 >= step_limit=inf or episodes=23000 >= episode_limit=23000. Setting time limit for workers to finish to 180s
2026-09-07 14:12:59,659 - util.agent - INFO - update / exploration: 584.3/584.7 s |  12.8/ 12.7 steps/s |  7454/  7449 steps, 100 episodes | 1802463/1809912 steps total, 23000 episodes total
2026-09-07 14:12:59,708 - util.agent - INFO - NET_SYNC ok #230 fp=ec6e783a26d8 update=1802463
2026-09-07 14:13:01,403 - util.agent - DEBUG - explore (amount/limit): steps None/None | episodes 100/None || update (amount/limit): steps 7449.0/None
2026-09-07 14:23:11,687 - util.agent - DEBUG - exploration: steps=1816421 >= step_limit=inf or episodes=23100 >= episode_limit=23100. Setting time limit for workers to finish to 180s
2026-09-07 14:26:11,855 - util.agent - WARNING - Restaring Agent worker_3 because of Timeout
2026-09-07 14:26:11,856 - util.agent - DEBUG - Restarting Agent with task=None, step_limit=None and episode_limit=None.
2026-09-07 14:26:28,579 - step_logger_train_131507489644800 - INFO - === BenchEnv5 initialized (mode=train, visualisation=False) ===
2026-09-07 14:26:31,718 - util.agent - WARNING - Restaring Agent worker_7 because of Timeout
2026-09-07 14:26:31,722 - util.agent - DEBUG - Restarting Agent with task=None, step_limit=None and episode_limit=None.
2026-09-07 14:26:40,221 - step_logger_train_131505210952480 - INFO - === BenchEnv5 initialized (mode=train, visualisation=False) ===
2026-09-07 14:26:43,384 - util.agent - WARNING - Restaring Agent worker_14 because of Timeout
2026-09-07 14:26:43,387 - util.agent - DEBUG - Restarting Agent with task=None, step_limit=None and episode_limit=None.
2026-09-07 14:26:51,797 - step_logger_train_131506669717968 - INFO - === BenchEnv5 initialized (mode=train, visualisation=False) ===
2026-09-07 14:26:55,130 - util.agent - INFO - update / exploration: 604.0/833.8 s |  12.3/  9.0 steps/s |  7449/  7468 steps, 100 episodes | 1809912/1817380 steps total, 23100 episodes total
2026-09-07 14:26:55,239 - util.agent - INFO - NET_SYNC ok #231 fp=93a9493cfcaa update=1809912
2026-09-07 14:26:56,940 - eve_rl.runner.runner - INFO - Saved policy snapshot at scheduled step 1810000 (current=1817380)
2026-09-07 14:26:56,940 - util.agent - DEBUG - explore (amount/limit): steps None/None | episodes 100/None || update (amount/limit): steps 7468.0/None
2026-09-07 14:35:21,839 - util.agent - DEBUG - exploration: steps=1823638 >= step_limit=inf or episodes=23200 >= episode_limit=23200. Setting time limit for workers to finish to 180s
2026-09-07 14:36:30,459 - util.agent - INFO - update / exploration: 573.6/555.0 s |  13.0/ 13.3 steps/s |  7468/  7391 steps, 100 episodes | 1817380/1824771 steps total, 23200 episodes total
2026-09-07 14:36:30,511 - util.agent - INFO - NET_SYNC ok #232 fp=163c39a9ecaa update=1817380
2026-09-07 14:36:32,188 - eve_rl.runner.runner - INFO - Saved policy snapshot at scheduled step 1820000 (current=1824771)
2026-09-07 14:36:32,189 - util.agent - DEBUG - explore (amount/limit): steps None/None | episodes 100/None || update (amount/limit): steps 7391.0/None
2026-09-07 14:44:47,826 - util.agent - DEBUG - exploration: steps=1830751 >= step_limit=inf or episodes=23300 >= episode_limit=23300. Setting time limit for workers to finish to 180s
2026-09-07 14:46:04,740 - util.agent - INFO - update / exploration: 572.6/552.1 s |  12.9/ 13.0 steps/s |  7391/  7161 steps, 100 episodes | 1824771/1831932 steps total, 23300 episodes total
2026-09-07 14:46:04,791 - util.agent - INFO - NET_SYNC ok #233 fp=3339a0c2ea38 update=1824771
2026-09-07 14:46:06,572 - eve_rl.runner.runner - INFO - Saved policy snapshot at scheduled step 1830000 (current=1831932)
2026-09-07 14:46:06,606 - util.agent - DEBUG - explore (amount/limit): steps None/None | episodes 100/None || update (amount/limit): steps 7161.0/None
2026-09-07 14:54:24,852 - util.agent - DEBUG - exploration: steps=1837927 >= step_limit=inf or episodes=23400 >= episode_limit=23400. Setting time limit for workers to finish to 180s
2026-09-07 14:55:42,127 - util.agent - INFO - update / exploration: 575.5/564.8 s |  12.4/ 12.7 steps/s |  7161/  7177 steps, 100 episodes | 1831932/1839109 steps total, 23400 episodes total
2026-09-07 14:55:42,179 - util.agent - INFO - NET_SYNC ok #234 fp=a8098bcd4638 update=1831932
2026-09-07 14:55:43,866 - util.agent - DEBUG - explore (amount/limit): steps None/None | episodes 100/None || update (amount/limit): steps 7177.0/None
2026-09-07 15:04:19,251 - util.agent - DEBUG - exploration: steps=1845326 >= step_limit=inf or episodes=23500 >= episode_limit=23500. Setting time limit for workers to finish to 180s
2026-09-07 15:05:14,127 - util.agent - INFO - update / exploration: 570.3/567.7 s |  12.6/ 12.9 steps/s |  7177/  7296 steps, 100 episodes | 1839109/1846405 steps total, 23500 episodes total
2026-09-07 15:05:14,180 - util.agent - INFO - NET_SYNC ok #235 fp=92f751ac82c4 update=1839109
2026-09-07 15:05:15,870 - eve_rl.runner.runner - INFO - Saved policy snapshot at scheduled step 1840000 (current=1846405)
2026-09-07 15:05:15,871 - util.agent - DEBUG - explore (amount/limit): steps None/None | episodes 100/None || update (amount/limit): steps 7296.0/None
2026-09-07 15:13:38,055 - util.agent - DEBUG - exploration: steps=1852457 >= step_limit=inf or episodes=23600 >= episode_limit=23600. Setting time limit for workers to finish to 180s
2026-09-07 15:14:49,752 - util.agent - INFO - update / exploration: 573.9/572.6 s |  12.7/ 12.8 steps/s |  7296/  7334 steps, 100 episodes | 1846405/1853739 steps total, 23600 episodes total
2026-09-07 15:14:49,810 - util.agent - INFO - NET_SYNC ok #236 fp=3f7a5e466579 update=1846405
2026-09-07 15:14:51,493 - eve_rl.runner.runner - INFO - Saved policy snapshot at scheduled step 1850000 (current=1853739)
2026-09-07 15:14:51,494 - util.agent - DEBUG - explore (amount/limit): steps None/None | episodes 100/None || update (amount/limit): steps 7334.0/None
2026-09-07 15:23:25,361 - util.agent - DEBUG - exploration: steps=1859817 >= step_limit=inf or episodes=23700 >= episode_limit=23700. Setting time limit for workers to finish to 180s
2026-09-07 15:26:25,412 - util.agent - WARNING - Restaring Agent worker_11 because of Timeout
2026-09-07 15:26:25,413 - util.agent - DEBUG - Restarting Agent with task=None, step_limit=None and episode_limit=None.
2026-09-07 15:26:41,275 - step_logger_train_131504612495952 - INFO - === BenchEnv5 initialized (mode=train, visualisation=False) ===
2026-09-07 15:26:46,170 - util.agent - INFO - update / exploration: 572.3/714.7 s |  12.8/ 10.1 steps/s |  7334/  7198 steps, 100 episodes | 1853739/1860937 steps total, 23700 episodes total
2026-09-07 15:26:46,249 - util.agent - INFO - NET_SYNC ok #237 fp=be556dc24df4 update=1853739
2026-09-07 15:26:47,929 - eve_rl.runner.runner - INFO - Saved policy snapshot at scheduled step 1860000 (current=1860937)
2026-09-07 15:26:47,930 - util.agent - DEBUG - explore (amount/limit): steps None/None | episodes 100/None || update (amount/limit): steps 7198.0/None
2026-09-07 15:34:12,689 - util.agent - DEBUG - exploration: steps=1867062 >= step_limit=inf or episodes=23800 >= episode_limit=23800. Setting time limit for workers to finish to 180s
2026-09-07 15:35:42,994 - util.agent - INFO - update / exploration: 535.1/508.2 s |  13.5/ 14.5 steps/s |  7198/  7364 steps, 100 episodes | 1860937/1868301 steps total, 23800 episodes total
2026-09-07 15:35:43,048 - util.agent - INFO - NET_SYNC ok #238 fp=12819753b045 update=1860937
2026-09-07 15:35:44,712 - util.agent - DEBUG - explore (amount/limit): steps None/None | episodes 100/None || update (amount/limit): steps 7364.0/None
2026-09-07 15:43:00,718 - util.agent - DEBUG - exploration: steps=1874396 >= step_limit=inf or episodes=23900 >= episode_limit=23900. Setting time limit for workers to finish to 180s
2026-09-07 15:44:28,581 - util.agent - INFO - update / exploration: 523.9/486.2 s |  14.1/ 15.0 steps/s |  7364/  7316 steps, 100 episodes | 1868301/1875617 steps total, 23900 episodes total
2026-09-07 15:44:28,636 - util.agent - INFO - NET_SYNC ok #239 fp=82961e5e920d update=1868301
2026-09-07 15:44:30,313 - eve_rl.runner.runner - INFO - Saved policy snapshot at scheduled step 1870000 (current=1875617)
2026-09-07 15:44:30,314 - util.agent - DEBUG - explore (amount/limit): steps None/None | episodes 100/None || update (amount/limit): steps 7316.0/None
2026-09-07 15:52:13,751 - util.agent - DEBUG - exploration: steps=1881821 >= step_limit=inf or episodes=24000 >= episode_limit=24000. Setting time limit for workers to finish to 180s
2026-09-07 15:55:13,756 - util.agent - WARNING - Restaring Agent worker_8 because of Timeout
2026-09-07 15:55:13,757 - util.agent - DEBUG - Restarting Agent with task=None, step_limit=None and episode_limit=None.
2026-09-07 15:55:29,792 - step_logger_train_131507441799072 - INFO - === BenchEnv5 initialized (mode=train, visualisation=False) ===
2026-09-07 15:55:33,223 - util.agent - INFO - update / exploration: 540.4/662.9 s |  13.5/ 11.0 steps/s |  7316/  7285 steps, 100 episodes | 1875617/1882902 steps total, 24000 episodes total
2026-09-07 15:55:33,285 - util.agent - INFO - NET_SYNC ok #240 fp=f04a6190eeeb update=1875617
2026-09-07 15:55:34,985 - eve_rl.runner.runner - INFO - Saved policy snapshot at scheduled step 1880000 (current=1882902)
2026-09-07 15:55:34,985 - util.agent - DEBUG - explore (amount/limit): steps None/None | episodes 100/None || update (amount/limit): steps 7285.0/None
2026-09-07 16:03:05,645 - util.agent - DEBUG - exploration: steps=1889277 >= step_limit=inf or episodes=24100 >= episode_limit=24100. Setting time limit for workers to finish to 180s
2026-09-07 16:04:27,603 - util.agent - INFO - update / exploration: 532.7/517.3 s |  13.7/ 14.7 steps/s |  7285/  7615 steps, 100 episodes | 1882902/1890517 steps total, 24100 episodes total
2026-09-07 16:04:27,656 - util.agent - INFO - NET_SYNC ok #241 fp=247b137132d7 update=1882902
2026-09-07 16:04:29,367 - eve_rl.runner.runner - INFO - Saved policy snapshot at scheduled step 1890000 (current=1890517)
2026-09-07 16:04:29,368 - util.agent - DEBUG - explore (amount/limit): steps None/None | episodes 100/None || update (amount/limit): steps 7615.0/None
2026-09-07 16:12:06,434 - util.agent - DEBUG - exploration: steps=1896897 >= step_limit=inf or episodes=24200 >= episode_limit=24200. Setting time limit for workers to finish to 180s
2026-09-07 16:13:31,348 - util.agent - INFO - update / exploration: 542.0/508.0 s |  14.0/ 14.8 steps/s |  7615/  7532 steps, 100 episodes | 1890517/1898049 steps total, 24200 episodes total
2026-09-07 16:13:31,401 - util.agent - INFO - NET_SYNC ok #242 fp=424207dc6c0c update=1890517
2026-09-07 16:13:33,078 - util.agent - DEBUG - explore (amount/limit): steps None/None | episodes 100/None || update (amount/limit): steps 7532.0/None
2026-09-07 16:20:49,181 - util.agent - DEBUG - exploration: steps=1904082 >= step_limit=inf or episodes=24300 >= episode_limit=24300. Setting time limit for workers to finish to 180s
2026-09-07 16:22:27,346 - util.agent - INFO - update / exploration: 534.3/490.7 s |  14.1/ 14.7 steps/s |  7532/  7229 steps, 100 episodes | 1898049/1905278 steps total, 24300 episodes total
2026-09-07 16:22:27,395 - util.agent - INFO - NET_SYNC ok #243 fp=5acc3cffeb16 update=1898049
2026-09-07 16:22:29,064 - eve_rl.runner.runner - INFO - Saved policy snapshot at scheduled step 1900000 (current=1905278)
2026-09-07 16:22:29,065 - util.agent - DEBUG - explore (amount/limit): steps None/None | episodes 100/None || update (amount/limit): steps 7229.0/None
2026-09-07 16:30:16,505 - util.agent - DEBUG - exploration: steps=1911337 >= step_limit=inf or episodes=24400 >= episode_limit=24400. Setting time limit for workers to finish to 180s
2026-09-07 16:33:16,570 - util.agent - WARNING - Restaring Agent worker_0 because of Timeout
2026-09-07 16:33:16,571 - util.agent - DEBUG - Restarting Agent with task=None, step_limit=None and episode_limit=None.
2026-09-07 16:33:31,658 - step_logger_train_131506669717008 - INFO - === BenchEnv5 initialized (mode=train, visualisation=False) ===
2026-09-07 16:33:34,423 - util.agent - INFO - update / exploration: 530.3/665.4 s |  13.6/ 10.7 steps/s |  7229/  7139 steps, 100 episodes | 1905278/1912417 steps total, 24400 episodes total
2026-09-07 16:33:34,506 - util.agent - INFO - NET_SYNC ok #244 fp=c37fff47e26a update=1905278
2026-09-07 16:33:36,178 - eve_rl.runner.runner - INFO - Saved policy snapshot at scheduled step 1910000 (current=1912417)
2026-09-07 16:33:36,179 - util.agent - DEBUG - explore (amount/limit): steps None/None | episodes 100/None || update (amount/limit): steps 7139.0/None
2026-09-07 16:40:56,061 - util.agent - DEBUG - exploration: steps=1918484 >= step_limit=inf or episodes=24500 >= episode_limit=24500. Setting time limit for workers to finish to 180s
2026-09-07 16:42:11,486 - util.agent - INFO - update / exploration: 515.3/488.9 s |  13.9/ 14.8 steps/s |  7139/  7214 steps, 100 episodes | 1912417/1919631 steps total, 24500 episodes total
2026-09-07 16:42:11,534 - util.agent - INFO - NET_SYNC ok #245 fp=96d7c012f23a update=1912417
2026-09-07 16:42:13,203 - util.agent - DEBUG - explore (amount/limit): steps None/None | episodes 100/None || update (amount/limit): steps 7214.0/None
2026-09-07 16:49:58,686 - util.agent - DEBUG - exploration: steps=1925988 >= step_limit=inf or episodes=24600 >= episode_limit=24600. Setting time limit for workers to finish to 180s
2026-09-07 16:52:58,692 - util.agent - WARNING - Restaring Agent worker_10 because of Timeout
2026-09-07 16:52:58,693 - util.agent - DEBUG - Restarting Agent with task=None, step_limit=None and episode_limit=None.
2026-09-07 16:53:07,281 - step_logger_train_131504567338464 - INFO - === BenchEnv5 initialized (mode=train, visualisation=False) ===
2026-09-07 16:53:10,456 - util.agent - INFO - update / exploration: 538.5/657.3 s |  13.4/ 11.5 steps/s |  7214/  7557 steps, 100 episodes | 1919631/1927188 steps total, 24600 episodes total
2026-09-07 16:53:10,523 - util.agent - INFO - NET_SYNC ok #246 fp=62e1e6c718a0 update=1919631
2026-09-07 16:53:12,214 - eve_rl.runner.runner - INFO - Saved policy snapshot at scheduled step 1920000 (current=1927188)
2026-09-07 16:53:12,214 - util.agent - DEBUG - explore (amount/limit): steps None/None | episodes 100/None || update (amount/limit): steps 7557.0/None
2026-09-07 17:01:08,492 - util.agent - DEBUG - exploration: steps=1933584 >= step_limit=inf or episodes=24700 >= episode_limit=24700. Setting time limit for workers to finish to 180s
2026-09-07 17:04:08,538 - util.agent - WARNING - Restaring Agent worker_5 because of Timeout
2026-09-07 17:04:08,539 - util.agent - DEBUG - Restarting Agent with task=None, step_limit=None and episode_limit=None.
2026-09-07 17:04:23,805 - step_logger_train_131506729734304 - INFO - === BenchEnv5 initialized (mode=train, visualisation=False) ===
2026-09-07 17:04:26,773 - util.agent - INFO - update / exploration: 555.4/674.6 s |  13.6/ 11.1 steps/s |  7557/  7514 steps, 100 episodes | 1927188/1934702 steps total, 24700 episodes total
2026-09-07 17:04:26,831 - util.agent - INFO - NET_SYNC ok #247 fp=f58abb211162 update=1927188
2026-09-07 17:04:28,542 - eve_rl.runner.runner - INFO - Saved policy snapshot at scheduled step 1930000 (current=1934702)
2026-09-07 17:04:28,543 - util.agent - DEBUG - explore (amount/limit): steps None/None | episodes 100/None || update (amount/limit): steps 7514.0/None
2026-09-07 17:11:51,201 - util.agent - DEBUG - exploration: steps=1940748 >= step_limit=inf or episodes=24800 >= episode_limit=24800. Setting time limit for workers to finish to 180s
2026-09-07 17:13:24,079 - util.agent - INFO - update / exploration: 535.6/492.9 s |  14.0/ 14.7 steps/s |  7514/  7259 steps, 100 episodes | 1934702/1941961 steps total, 24800 episodes total
2026-09-07 17:13:24,131 - util.agent - INFO - NET_SYNC ok #248 fp=a453a1da1fd8 update=1934702
2026-09-07 17:13:25,814 - eve_rl.runner.runner - INFO - Saved policy snapshot at scheduled step 1940000 (current=1941961)
2026-09-07 17:13:25,814 - util.agent - DEBUG - explore (amount/limit): steps None/None | episodes 100/None || update (amount/limit): steps 7259.0/None
2026-09-07 17:20:56,586 - util.agent - DEBUG - exploration: steps=1948240 >= step_limit=inf or episodes=24900 >= episode_limit=24900. Setting time limit for workers to finish to 180s
2026-09-07 17:22:15,141 - util.agent - INFO - update / exploration: 529.4/494.1 s |  13.7/ 15.0 steps/s |  7259/  7407 steps, 100 episodes | 1941961/1949368 steps total, 24900 episodes total
2026-09-07 17:22:15,193 - util.agent - INFO - NET_SYNC ok #249 fp=801e63555bfa update=1941961
2026-09-07 17:22:16,859 - util.agent - DEBUG - explore (amount/limit): steps None/None | episodes 100/None || update (amount/limit): steps 7407.0/None
2026-09-07 17:29:39,367 - util.agent - DEBUG - exploration: steps=1955723 >= step_limit=inf or episodes=25000 >= episode_limit=25000. Setting time limit for workers to finish to 180s
2026-09-07 17:31:08,175 - util.agent - INFO - update / exploration: 531.4/491.5 s |  13.9/ 15.4 steps/s |  7407/  7570 steps, 100 episodes | 1949368/1956938 steps total, 25000 episodes total
2026-09-07 17:31:08,223 - util.agent - INFO - NET_SYNC ok #250 fp=7c8bb4dc71f0 update=1949368
2026-09-07 17:31:09,907 - eve_rl.runner.runner - INFO - Saved policy snapshot at scheduled step 1950000 (current=1956938)
2026-09-07 17:31:09,907 - util.agent - DEBUG - explore (amount/limit): steps None/None | episodes 100/None || update (amount/limit): steps 7570.0/None
2026-09-07 17:38:43,574 - util.agent - DEBUG - exploration: steps=1963219 >= step_limit=inf or episodes=25100 >= episode_limit=25100. Setting time limit for workers to finish to 180s
2026-09-07 17:40:12,671 - util.agent - INFO - update / exploration: 542.8/517.9 s |  13.9/ 14.6 steps/s |  7570/  7570 steps, 100 episodes | 1956938/1964508 steps total, 25100 episodes total
2026-09-07 17:40:12,722 - util.agent - INFO - NET_SYNC ok #251 fp=467b67edcef4 update=1956938
2026-09-07 17:40:14,403 - eve_rl.runner.runner - INFO - Saved policy snapshot at scheduled step 1960000 (current=1964508)
2026-09-07 17:40:14,404 - util.agent - DEBUG - explore (amount/limit): steps None/None | episodes 100/None || update (amount/limit): steps 7570.0/None
2026-09-07 17:47:40,966 - util.agent - DEBUG - exploration: steps=1970615 >= step_limit=inf or episodes=25200 >= episode_limit=25200. Setting time limit for workers to finish to 180s
2026-09-07 17:49:08,609 - util.agent - INFO - update / exploration: 534.2/500.0 s |  14.2/ 14.6 steps/s |  7570/  7292 steps, 100 episodes | 1964508/1971800 steps total, 25200 episodes total
2026-09-07 17:49:08,656 - util.agent - INFO - NET_SYNC ok #252 fp=0210ae99f5d2 update=1964508
2026-09-07 17:49:10,326 - eve_rl.runner.runner - INFO - Saved policy snapshot at scheduled step 1970000 (current=1971800)
2026-09-07 17:49:10,326 - util.agent - DEBUG - explore (amount/limit): steps None/None | episodes 100/None || update (amount/limit): steps 7292.0/None
2026-09-07 17:56:47,639 - util.agent - DEBUG - exploration: steps=1978181 >= step_limit=inf or episodes=25300 >= episode_limit=25300. Setting time limit for workers to finish to 180s
2026-09-07 17:58:08,202 - util.agent - INFO - update / exploration: 537.9/526.4 s |  13.6/ 14.7 steps/s |  7292/  7751 steps, 100 episodes | 1971800/1979551 steps total, 25300 episodes total
2026-09-07 17:58:08,252 - util.agent - INFO - NET_SYNC ok #253 fp=7e578e4d4698 update=1971800
2026-09-07 17:58:09,939 - util.agent - DEBUG - explore (amount/limit): steps None/None | episodes 100/None || update (amount/limit): steps 7751.0/None
2026-09-07 18:05:41,404 - util.agent - DEBUG - exploration: steps=1985852 >= step_limit=inf or episodes=25400 >= episode_limit=25400. Setting time limit for workers to finish to 180s
2026-09-07 18:07:16,791 - util.agent - INFO - update / exploration: 547.0/505.1 s |  14.2/ 14.9 steps/s |  7751/  7520 steps, 100 episodes | 1979551/1987071 steps total, 25400 episodes total
2026-09-07 18:07:16,839 - util.agent - INFO - NET_SYNC ok #254 fp=e506d69f69aa update=1979551
2026-09-07 18:07:18,524 - eve_rl.runner.runner - INFO - Saved policy snapshot at scheduled step 1980000 (current=1987071)
2026-09-07 18:07:18,524 - util.agent - DEBUG - explore (amount/limit): steps None/None | episodes 100/None || update (amount/limit): steps 7520.0/None
2026-09-07 18:14:36,716 - util.agent - DEBUG - exploration: steps=1993270 >= step_limit=inf or episodes=25500 >= episode_limit=25500. Setting time limit for workers to finish to 180s
2026-09-07 18:16:15,024 - util.agent - INFO - update / exploration: 536.6/497.9 s |  14.0/ 14.9 steps/s |  7520/  7421 steps, 100 episodes | 1987071/1994492 steps total, 25500 episodes total
2026-09-07 18:16:15,088 - util.agent - INFO - NET_SYNC ok #255 fp=921939d251bb update=1987071
2026-09-07 18:16:16,776 - eve_rl.runner.runner - INFO - Saved policy snapshot at scheduled step 1990000 (current=1994492)
2026-09-07 18:16:16,776 - util.agent - DEBUG - explore (amount/limit): steps None/None | episodes 100/None || update (amount/limit): steps 7421.0/None
2026-09-07 18:23:43,629 - util.agent - DEBUG - exploration: steps=2000703 >= step_limit=inf or episodes=25600 >= episode_limit=25600. Setting time limit for workers to finish to 180s
2026-09-07 18:25:12,638 - util.agent - INFO - update / exploration: 536.0/492.5 s |  13.8/ 14.9 steps/s |  7421/  7315 steps, 100 episodes | 1994492/2001807 steps total, 25600 episodes total
2026-09-07 18:25:12,691 - util.agent - INFO - NET_SYNC ok #256 fp=24a81987d6d2 update=1994492
2026-09-07 18:25:14,361 - eve_rl.runner.runner - INFO - Saved policy snapshot at scheduled step 2000000 (current=2001807)
2026-09-07 18:25:14,362 - util.agent - DEBUG - evaluate (amount/limit): steps None/None | episodes None/None | len(seeds)=98/options=None
2026-09-07 18:34:55,892 - util.agent - INFO - evaluation :  581.6s |  11.6 steps/s |    6728 steps /   97 episodes | Total:    95778 steps /   873 episodes
2026-09-07 18:34:56,020 - eve_rl.runner.runner - INFO - Quality: 0.9897959183673469, Reward: 5.918627937810091, Exploration steps: 2001807
2026-09-07 18:34:59,341 - eve_rl.runner.runner - INFO - Saved replay buffer incrementally (+250706 new transitions) at eval #9
2026-09-07 18:34:59,342 - util.agent - DEBUG - explore (amount/limit): steps None/None | episodes 100/None || update (amount/limit): steps 7315.0/None
