# Created by meshio v5.3.5, 2026-09-03T16:47:45.255744
v -88.87850189208984 37.64689254760742 368.5322570800781
v -89.47158813476562 37.656333923339844 369.7441101074219
v -89.10452270507812 36.02124786376953 369.7918701171875
v -89.29903411865234 36.854522705078125 371.3655700683594
v -88.77362060546875 38.551692962646484 371.40203857421875
v -88.52887725830078 36.00537872314453 372.8271789550781
v -88.77622985839844 36.001983642578125 369.1194763183594
v -88.20440673828125 37.85599136352539 372.98504638671875
v -88.33367919921875 38.888282775878906 369.8685302734375
v -87.88211822509766 34.84602737426758 372.59649658203125
v -87.43270111083984 36.65390396118164 368.2350769042969
v -87.32843780517578 37.707176208496094 368.19122314453125
v -87.61691284179688 35.65931701660156 369.1378479003906
v -86.90164947509766 36.079185485839844 375.0008850097656
v -87.42938232421875 38.5753288269043 368.8143615722656
v -87.08442687988281 38.92055130004883 372.519287109375
v -86.57373809814453 33.83274841308594 372.61376953125
v -86.4334945678711 34.69868087768555 375.2369384765625
v -86.97171783447266 36.83208465576172 374.69451904296875
v -86.34590911865234 39.16611099243164 371.0570373535156
v -85.68567657470703 33.72392654418945 375.2284851074219
v -85.51905822753906 38.489952087402344 370.354248046875
v -85.5008544921875 33.81977844238281 371.6908874511719
v -85.91484832763672 35.25632858276367 376.14239501953125
v -85.66078186035156 36.18976593017578 369.59820556640625
v -85.17488861083984 37.359405517578125 369.8125305175781
v -86.39315795898438 37.89455795288086 374.2078857421875
v -84.47064208984375 34.57738494873047 371.0995788574219
v -84.81329345703125 37.15271759033203 376.39117431640625
v -85.21468353271484 38.40671920776367 373.4171447753906
v -84.85954284667969 33.27395248413086 373.6037292480469
v -84.37108612060547 32.72837448120117 374.7783508300781
v -83.51158142089844 35.85309600830078 379.1760559082031
v -83.32550811767578 34.31479263305664 372.3112487792969
v -83.70266723632812 36.11759567260742 371.0872802734375
v -84.05799102783203 37.72932052612305 375.9060974121094
v -83.25733184814453 37.66685485839844 373.37762451171875
v -83.33636474609375 34.406620025634766 379.66448974609375
v -83.39405822753906 37.9703483581543 375.01458740234375
v -82.98355865478516 33.262474060058594 373.4034729003906
v -83.09298706054688 33.24563217163086 379.4815368652344
v -80.856201171875 32.13031768798828 376.2114562988281
v -82.13658142089844 31.961206436157227 378.57354736328125
v -81.1622085571289 31.674346923828125 377.701416015625
v -82.86309814453125 36.57278060913086 372.4107971191406
v -81.41249084472656 36.31078338623047 380.7623596191406
v -82.34811401367188 37.572689056396484 378.0815124511719
v -81.3543930053711 34.27098846435547 373.5352783203125
v -81.00491333007812 34.719703674316406 382.03717041015625
v -80.31082153320312 35.80768966674805 374.4156494140625
v -80.87969207763672 37.24969482421875 375.1554870605469
v -81.0676498413086 33.42827224731445 381.8468322753906
v -80.66592407226562 37.53319549560547 378.7183532714844
v -81.10736846923828 37.76780700683594 377.1535949707031
v -80.61396789550781 31.889537811279297 380.737060546875
v -78.52941131591797 37.24748229980469 381.8952331542969
v -79.22294616699219 31.169137954711914 380.0677795410156
v -79.60086059570312 32.19306182861328 383.35406494140625
v -78.17414093017578 35.19209671020508 385.432861328125
v -77.83267211914062 32.47639083862305 377.3780822753906
v -79.81159210205078 33.35506820678711 375.4270324707031
v -79.376220703125 36.65437316894531 382.4115295410156
v -79.49443054199219 37.13655471801758 377.1961975097656
v -78.30335998535156 31.444677352905273 378.552490234375
v -79.13314056396484 31.276630401611328 382.5927429199219
v -79.00859069824219 34.66677474975586 375.6725158691406
v -78.73759460449219 33.13965606689453 385.4258117675781
v -78.88043975830078 36.06627655029297 376.3188171386719
v -76.75018310546875 37.349918365478516 380.53948974609375
v -77.84459686279297 30.39929962158203 382.3333740234375
v -78.1123046875 31.132038116455078 384.4806213378906
v -76.29621887207031 33.04764938354492 378.0252685546875
v -77.53536224365234 37.47553634643555 381.3941650390625
v -77.35073852539062 36.329105377197266 384.7913513183594
v -76.85372161865234 31.56012535095215 386.0707092285156
v -75.5977554321289 34.841529846191406 378.36407470703125
v -76.3526611328125 36.63518524169922 379.0572814941406
v -76.91143035888672 33.09492111206055 386.7387390136719
v -76.29672241210938 34.68783950805664 386.7731628417969
v -76.4046859741211 30.44695281982422 381.2489318847656
v -76.09980773925781 30.546062469482422 385.29132080078125
v -74.93399810791016 35.94993209838867 386.1450500488281
v -76.22965240478516 36.85134506225586 384.2464904785156
v -74.4384536743164 30.077438354492188 384.828125
v -75.66769409179688 30.910959243774414 380.62701416015625
v -74.86919403076172 31.00477409362793 388.020263671875
v -74.6800765991211 31.55537986755371 380.4402160644531
v -74.83776092529297 32.023189544677734 389.03582763671875
v -75.00676727294922 33.19832229614258 389.2092590332031
v -73.25296783447266 30.185962677001953 384.7903137207031
v -74.83485412597656 34.368919372558594 389.091064453125
v -74.54341888427734 35.45734786987305 380.0666809082031
v -75.2283935546875 36.53184509277344 380.47027587890625
v -73.57132720947266 36.18245315551758 385.1615295410156
v -74.59962463378906 30.155506134033203 386.3743591308594
v -74.0202865600586 33.06972122192383 380.2542419433594
v -74.45257568359375 35.533077239990234 388.41448974609375
v -72.59313201904297 35.6778678894043 384.4494323730469
v -73.87252807617188 31.81096839904785 381.33416748046875
v -73.66475677490234 34.22679901123047 380.7815856933594
v -73.45150756835938 36.329017639160156 387.44012451171875
v -70.95050048828125 30.111024856567383 389.53778076171875
v -71.60160827636719 30.400720596313477 390.183837890625
v -72.58202362060547 32.23856735229492 391.3915100097656
v -72.19682312011719 31.191326141357422 390.9957580566406
v -72.71451568603516 33.47805404663086 391.484130859375
v -72.66618347167969 36.44973373413086 386.56561279296875
v -69.9260025024414 30.129152297973633 389.0419616699219
v -72.7790298461914 30.685136795043945 383.8387451171875
v -72.86074829101562 34.62108612060547 390.87921142578125
v -70.6333999633789 35.97587203979492 391.3148193359375
v -71.25056457519531 33.05181121826172 383.8055114746094
v -71.47482299804688 34.11418151855469 383.79559326171875
v -71.85808563232422 36.029563903808594 385.4777526855469
v -71.237548828125 32.053932189941406 384.1393127441406
v -70.60153198242188 35.12179946899414 392.59149169921875
v -69.57996368408203 30.691965103149414 387.5489807128906
v -69.37625885009766 36.282833099365234 391.1231994628906
v -71.03923034667969 32.183292388916016 392.7022399902344
v -70.14680480957031 33.720008850097656 393.7991943359375
v -71.03504180908203 34.981781005859375 384.7943420410156
v -70.13136291503906 30.652563095092773 391.68438720703125
v -70.23162841796875 32.44657516479492 393.82086181640625
v -68.0479736328125 35.60673522949219 388.8724670410156
v -68.91602325439453 36.31418991088867 389.94610595703125
v -69.60169982910156 30.653457641601562 393.0166931152344
v -68.90464782714844 30.31060218811035 390.5730895996094
v -68.51763153076172 31.45160675048828 387.53631591796875
v -67.73546600341797 31.560367584228516 395.4949035644531
v -68.13541412353516 34.45296096801758 394.91937255859375
v -67.7324447631836 35.314815521240234 394.19024658203125
v -68.13188934326172 30.018966674804688 391.6796569824219
v -67.21363067626953 34.66941452026367 388.6875
v -67.90508270263672 30.65229606628418 389.7324523925781
v -67.913818359375 33.41322708129883 395.7361145019531
v -66.65673065185547 30.262989044189453 394.66864013671875
v -65.90499877929688 32.64859390258789 389.865966796875
v -66.14100646972656 33.86162185668945 389.61199951171875
v -66.42532348632812 35.67333221435547 392.0459899902344
v -66.99446868896484 35.78227996826172 393.1783447265625
v -67.03641510009766 31.33201789855957 389.4866638183594
v -65.213134765625 30.1148681640625 393.0950012207031
v -65.1495361328125 33.22475051879883 398.9166259765625
v -64.7879867553711 35.15977478027344 398.1871643066406
v -65.84681701660156 35.55482864379883 396.1029968261719
v -65.85323333740234 34.985755920410156 391.08587646484375
v -64.49813842773438 31.557270050048828 399.04693603515625
v -62.15220260620117 30.64365577697754 394.4473571777344
v -63.639183044433594 30.296030044555664 398.3388671875
v -63.6072998046875 36.181087493896484 396.6341857910156
v -64.48985290527344 34.70098114013672 391.6789245605469
v -64.26567840576172 35.50347137451172 392.88525390625
v -63.420860290527344 29.907978057861328 395.8523254394531
v -63.19926452636719 31.828046798706055 392.2933044433594
v -63.46707534790039 33.57286071777344 391.8157043457031
v -63.28752517700195 34.61492156982422 399.63031005859375
v -62.88435363769531 36.00493240356445 395.3110046386719
v -62.591861724853516 29.603330612182617 397.3694763183594
v -61.72446060180664 32.817726135253906 401.5376281738281
v -61.641849517822266 36.01581573486328 397.21783447265625
v -61.591617584228516 30.71531867980957 400.538818359375
v -61.61402130126953 31.423316955566406 394.16705322265625
v -61.75422286987305 31.707990646362305 401.209716796875
v -62.28864288330078 35.86734390258789 398.265869140625
v -61.425960540771484 30.100759506225586 399.638916015625
v -61.207496643066406 33.919525146484375 401.8028869628906
v -61.441158294677734 29.973798751831055 395.8780212402344
v -61.051727294921875 33.476524353027344 394.0554504394531
v -60.636810302734375 35.2692756652832 395.6437683105469
v -60.1435546875 35.649696350097656 400.8261413574219
v -60.71974563598633 34.97004318237305 401.42376708984375
v -60.41642761230469 30.860408782958984 395.2379455566406
v -60.34627914428711 29.66142463684082 398.2876892089844
v -60.621883392333984 36.152061462402344 398.7158203125
v -57.16054153442383 30.028526306152344 399.167236328125
v -59.146114349365234 32.00895690917969 395.4984436035156
v -59.23102569580078 32.47359848022461 404.789794921875
v -59.457000732421875 33.77490234375 404.4989318847656
v -59.53934097290039 35.709075927734375 396.9841003417969
v -57.68174362182617 29.72418975830078 403.4606628417969
v -58.47584915161133 33.09621810913086 395.9046936035156
v -59.105648040771484 34.93145751953125 404.1508483886719
v -58.76300811767578 31.02794075012207 404.5282897949219
v -57.11417007446289 29.419130325317383 401.98883056640625
v -56.837406158447266 29.51863670349121 400.9068603515625
v -58.56684494018555 35.82466506958008 403.497802734375
v -58.588096618652344 35.913700103759766 399.47509765625
v -58.006202697753906 36.44044876098633 401.9265441894531
v -58.41848373413086 34.323673248291016 396.333740234375
v -57.415889739990234 35.17118453979492 398.41693115234375
v -57.30633544921875 32.061283111572266 406.2406311035156
v -57.30746078491211 34.011478424072266 406.33319091796875
v -55.37395095825195 31.634958267211914 399.06060791015625
v -56.82334899902344 35.56662368774414 405.676025390625
v -56.101131439208984 36.24476623535156 400.753662109375
v -55.46219253540039 30.719757080078125 399.6813049316406
v -56.241943359375 30.269372940063477 405.421142578125
v -56.1757698059082 32.45831298828125 398.0733642578125
v -56.664466857910156 33.817832946777344 397.8447265625
v -55.412986755371094 30.895090103149414 407.07635498046875
v -55.83510208129883 34.03291702270508 407.87396240234375
v -54.30558395385742 35.51533126831055 400.78692626953125
v -54.870784759521484 36.73875045776367 405.5497741699219
v -53.565330505371094 36.8695068359375 404.2263488769531
v -54.113277435302734 29.581323623657227 404.1070251464844
v -55.49391555786133 32.18185043334961 407.9678039550781
v -54.0006217956543 35.77909851074219 408.6058044433594
v -51.50017166137695 30.234657287597656 404.3922424316406
v -54.497249603271484 29.785139083862305 405.8265075683594
v -53.301029205322266 34.08893585205078 400.5821228027344
v -52.0605583190918 30.869430541992188 409.0904846191406
v -52.638153076171875 34.92549514770508 410.305908203125
v -51.60663986206055 33.49790573120117 411.30950927734375
v -52.23699188232422 31.86833381652832 410.06134033203125
v -51.281314849853516 32.94334030151367 402.1777038574219
v -51.70730209350586 36.8939323425293 409.24334716796875
v -51.192420959472656 31.157516479492188 403.13970947265625
v -52.248146057128906 37.32945251464844 406.0401611328125
v -52.17436218261719 36.08865737915039 403.05743408203125
v -50.87677001953125 30.22804832458496 408.0891418457031
v -51.68446350097656 37.07999038696289 404.9548034667969
v -51.37601089477539 35.06745529174805 402.60528564453125
v -51.57689666748047 37.35838317871094 407.93060302734375
v -50.114418029785156 30.2720890045166 406.79742431640625
v -48.961917877197266 31.347068786621094 411.891357421875
v -49.301612854003906 32.474212646484375 412.7052001953125
v -50.24799728393555 32.10982894897461 403.36419677734375
v -50.316490173339844 34.3659782409668 403.0350646972656
v -49.1452751159668 35.48952865600586 413.1673583984375
v -48.86406326293945 37.07344436645508 406.5917663574219
v -49.30572509765625 33.90159606933594 413.27130126953125
v -46.887630462646484 36.55046463012695 407.06378173828125
v -47.82856369018555 37.61983871459961 408.5669860839844
v -48.67097091674805 31.11053466796875 406.0467834472656
v -47.70034408569336 30.450550079345703 410.1849060058594
v -47.284156799316406 30.72064208984375 408.1809387207031
v -46.6872673034668 34.63467025756836 406.04681396484375
v -48.975975036621094 36.74049758911133 412.31451416015625
v -48.507686614990234 37.483009338378906 411.3183288574219
v -47.69818115234375 37.84409713745117 410.35595703125
v -45.994361877441406 33.49171829223633 406.6114501953125
v -46.33175277709961 35.59640884399414 406.70465087890625
v -47.31951141357422 32.32994079589844 413.75848388671875
v -46.649993896484375 32.42268753051758 406.4376220703125
v -47.89628982543945 34.36322021484375 414.1344299316406
v -47.790340423583984 35.74436950683594 413.8572692871094
v -47.20677947998047 37.0102424621582 413.2500305175781
v -46.46710205078125 31.066179275512695 412.161376953125
v -45.860660552978516 37.86954879760742 412.1662292480469
v -46.14219284057617 31.79568099975586 407.5276794433594
v -45.36952209472656 30.93043327331543 411.5482177734375
v -45.80652618408203 34.15918731689453 415.82073974609375
v -45.61705780029297 32.78516387939453 415.2928771972656
v -45.497798919677734 35.680755615234375 415.9559326171875
v -45.372406005859375 36.89604949951172 415.3272399902344
v -43.54224395751953 37.91250228881836 411.8529968261719
v -45.365509033203125 31.284744262695312 409.41656494140625
v -45.13159942626953 32.1440315246582 415.0038757324219
v -43.1180534362793 37.55134963989258 411.1854248046875
v -44.548545837402344 31.32756996154785 413.8222961425781
v -44.70414733886719 34.522926330566406 407.6939392089844
v -44.905521392822266 37.814849853515625 414.1342468261719
v -43.23099136352539 31.27632713317871 412.5909118652344
v -43.56423568725586 37.30659866333008 417.0552673339844
v -43.22032165527344 38.217342376708984 416.386474609375
v -43.91584014892578 38.25267028808594 412.8363037109375
v -42.2612190246582 32.29250717163086 411.01776123046875
v -42.25166702270508 33.3629035949707 410.06451416015625
v -42.38848114013672 36.667903900146484 410.6123962402344
v -42.71174240112305 38.84075927734375 415.3368225097656
v -42.21632766723633 31.803884506225586 412.0223693847656
v -40.952354431152344 32.63884353637695 416.7384338378906
v -40.707645416259766 35.398311614990234 419.6420593261719
v -42.67023468017578 35.93114471435547 418.3758544921875
v -41.402732849121094 35.220680236816406 410.57269287109375
v -41.35478210449219 37.453678131103516 419.3095397949219
v -41.75655746459961 38.70820999145508 417.9186096191406
v -40.016624450683594 32.49314498901367 415.45263671875
v -39.72630310058594 39.4195556640625 414.7574462890625
v -40.74170684814453 39.685977935791016 416.7122802734375
v -39.35090255737305 32.821434020996094 414.4786071777344
v -39.268104553222656 33.901649475097656 418.95660400390625
v -39.841922760009766 37.65613555908203 412.50738525390625
v -38.61341857910156 34.09141540527344 413.3404541015625
v -38.54505920410156 35.888275146484375 412.7083435058594
v -38.54186248779297 36.9664421081543 421.8375244140625
v -38.13920974731445 35.9298210144043 421.82281494140625
v -38.463314056396484 33.45463943481445 417.7729187011719
v -38.272090911865234 38.4937744140625 421.8172607421875
v -37.90050506591797 40.162635803222656 417.7174377441406
v -36.55925750732422 40.29673385620117 421.2988586425781
v -37.38190841674805 34.95065689086914 421.5058288574219
v -37.15216064453125 38.044551849365234 414.5638427734375
v -37.95222091674805 39.37369155883789 415.35369873046875
v -37.01246643066406 33.98247528076172 416.48089599609375
v -37.470890045166016 33.9918098449707 419.9740905761719
v -35.78348922729492 40.00315475463867 423.10028076171875
v -36.739009857177734 33.809486389160156 418.2533264160156
v -35.98179244995117 35.642120361328125 415.68994140625
v -35.962215423583984 40.124942779541016 418.2569274902344
v -35.856754302978516 37.292320251464844 415.4920349121094
v -36.011966705322266 37.94993209838867 423.8866271972656
v -35.4586296081543 40.74800491333008 420.6700439453125
v -35.92816162109375 34.2613410949707 420.4046630859375
v -35.76176834106445 35.93296432495117 423.1493225097656
v -33.928035736083984 40.065757751464844 424.94708251953125
v -35.61395263671875 39.06051254272461 416.7091979980469
v -35.5079231262207 34.51704788208008 417.60260009765625
v -33.873199462890625 35.90956497192383 418.1471862792969
v -35.01029968261719 35.13356018066406 422.3680725097656
v -34.04881286621094 37.20398712158203 424.95257568359375
v -33.93079376220703 34.92771530151367 420.59637451171875
v -34.28457260131836 37.278690338134766 417.00604248046875
v -34.64677810668945 39.56602478027344 418.11322021484375
v -33.34300231933594 41.21244812011719 424.0963134765625
v -34.01877212524414 34.993350982666016 421.81414794921875
v -32.66946792602539 38.259586334228516 426.03900146484375
v -33.416072845458984 35.58279037475586 419.386474609375
v -33.6478385925293 38.050533294677734 417.9774169921875
v -33.1494140625 39.30500793457031 425.7598876953125
v -33.20843505859375 40.771114349365234 420.4585876464844
v -32.76533508300781 41.67842483520508 423.25860595703125
v -31.577848434448242 36.43510437011719 424.96075439453125
v -32.244205474853516 41.6552619934082 422.12908935546875
v -31.894006729125977 38.930694580078125 419.5841064453125
v -32.65447998046875 40.00603485107422 419.783935546875
v -30.5550479888916 36.25441360473633 422.2750549316406
v -31.29079818725586 35.859230041503906 423.423583984375
v -31.249942779541016 37.248260498046875 420.2512512207031
v -31.829259872436523 37.16117477416992 425.69976806640625
v -31.957090377807617 40.83351135253906 426.19219970703125
v -32.243202209472656 -0.008122729137539864 541.9650268554688
v -32.606292724609375 1.0693525075912476 542.1065063476562
v -31.682090759277344 0.5900858044624329 544.0675659179688
v -31.566566467285156 0.2556186616420746 538.6639404296875
v -31.773948669433594 1.7858943939208984 537.8624877929688
v -31.80521583557129 2.0500361919403076 543.9427490234375
v -31.38130760192871 2.832064390182495 538.6565551757812
v -31.703277587890625 2.604193925857544 541.6763916015625
v -31.277414321899414 39.19845962524414 426.9448547363281
v -30.962284088134766 42.13862609863281 425.25213623046875
v -31.389301300048828 -0.6668326258659363 542.0625
v -30.693368911743164 3.2121872901916504 543.3455810546875
v -29.900175094604492 42.43812561035156 424.3279113769531
v -31.06162452697754 0.10491719841957092 544.1890869140625
v -30.44892120361328 0.9334163069725037 536.5817260742188
v -30.56316566467285 3.223146677017212 535.9644165039062
v -29.989145278930664 4.075969696044922 536.2337646484375
v -29.73525619506836 4.639832019805908 545.0667114257812
v -29.727663040161133 37.647701263427734 426.75994873046875
v -29.900304794311523 39.98125076293945 420.9084777832031
v -30.04690933227539 41.38370132446289 421.8857421875
v -30.127193450927734 -0.6915779709815979 542.0330200195312
v -30.14436149597168 -0.12777115404605865 538.3897705078125
v -29.84266471862793 -0.29058048129081726 543.7561645507812
v -30.169893264770508 2.0514650344848633 535.215087890625
v -30.23643684387207 3.321307897567749 546.0836791992188
v -29.671892166137695 3.082096576690674 539.1135864257812
v -30.080825805664062 2.790571928024292 541.1389770507812
v -29.892166137695312 3.031402826309204 542.6429443359375
v -29.144615173339844 39.8842658996582 428.1382751464844
v -28.839481353759766 42.12255859375 423.4804992675781
v -29.76505470275879 41.69465255737305 426.85418701171875
v -29.345115661621094 0.8055270314216614 545.5571899414062
v -29.553743362426758 1.629724144935608 546.243408203125
v -29.498394012451172 3.6534883975982666 533.1035766601562
v -29.46014976501465 4.104609966278076 537.0597534179688
v -29.613216400146484 4.732685089111328 534.262451171875
v -29.377859115600586 37.44036865234375 421.654296875
v -29.420473098754883 38.7180061340332 421.1323547363281
v -29.395355224609375 0.01676926016807556 539.472900390625
v -28.635847091674805 2.999638795852661 546.8978881835938
v -29.158447265625 4.57175874710083 532.9383544921875
v -29.220792770385742 4.279513359069824 543.5752563476562
v -28.999488830566406 36.85922622680664 425.31353759765625
v -28.568178176879883 0.5444996953010559 544.2825927734375
v -28.519786834716797 2.0174295902252197 533.6090087890625
v -29.06620216369629 1.861068606376648 541.68603515625
v -28.676605224609375 4.228850364685059 546.7442016601562
v -28.909637451171875 4.807413101196289 546.052490234375
v -28.87002182006836 5.266312599182129 535.0731811523438
v -28.646419525146484 5.085325717926025 544.7139892578125
v -27.418882369995117 39.13182067871094 428.77423095703125
v -28.68457794189453 41.4951057434082 428.033935546875
v -28.26682472229004 1.3183823823928833 536.634765625
v -28.93283462524414 0.9452927112579346 541.5558471679688
v -28.762266159057617 2.1433327198028564 539.1021728515625
v -28.146366119384766 2.894299030303955 532.0872802734375
v -28.730119705200195 3.1224379539489746 542.907958984375
v -28.52571678161621 5.532668590545654 533.5225219726562
v -28.53023910522461 36.99666213989258 423.95159912109375
v -28.13620376586914 37.73746871948242 422.94769287109375
v -25.503835678100586 37.95134735107422 427.79278564453125
v -26.3664493560791 38.4412956237793 428.5404968261719
v -27.8448429107666 42.49269104003906 427.4105224609375
v -28.014341354370117 1.352990746498108 543.7061157226562
v -27.12180519104004 1.9981476068496704 534.2939453125
v -28.525615692138672 1.3565254211425781 538.3233032226562
v -28.303722381591797 1.993544101715088 542.9689331054688
v -27.40236473083496 4.279838562011719 536.2564086914062
v -27.39600944519043 5.20314884185791 535.5322875976562
v -27.2365665435791 5.10203742980957 544.0025634765625
v -27.154582977294922 42.856571197509766 426.2448425292969
v -27.0761775970459 1.956817626953125 533.1837158203125
v -26.05910301208496 3.0952534675598145 546.9404296875
v -27.294782638549805 3.205251932144165 536.55322265625
v -25.790081024169922 4.424051284790039 543.5817260742188
v -25.626733779907227 4.938746929168701 529.2540283203125
v -25.549427032470703 5.834745407104492 530.0089111328125
v -27.637849807739258 5.765486717224121 534.384033203125
v -26.398361206054688 37.59132385253906 426.10675048828125
v -27.138111114501953 40.66069412231445 429.0839538574219
v -25.989294052124023 41.53285598754883 424.2682189941406
v -24.75724983215332 42.9467887878418 426.6825256347656
v -26.719127655029297 2.2899863719940186 544.1791381835938
v -27.157899856567383 1.7050063610076904 545.0888061523438
v -26.85688018798828 3.3244080543518066 543.5178833007812
v -25.994848251342773 4.654387474060059 547.2263793945312
v -24.887008666992188 6.575967311859131 546.2335205078125
v -25.40233039855957 39.89594650268555 424.11798095703125
v -26.503870010375977 41.87272644042969 428.77490234375
v -26.100271224975586 2.562014102935791 534.4474487304688
v -25.290754318237305 2.6780927181243896 546.073974609375
v -26.441741943359375 2.613110303878784 531.0304565429688
v -25.02946662902832 6.378184795379639 531.32177734375
v -25.748321533203125 38.33446502685547 424.8458557128906
v -24.83689308166504 2.2990267276763916 530.5830688476562
v -25.406978607177734 3.3954901695251465 529.17236328125
v -24.408763885498047 39.75790786743164 429.7650451660156
v -25.043907165527344 42.96835708618164 427.87921142578125
v -25.262849807739258 3.361316204071045 534.3021240234375
v -23.898813247680664 4.762941837310791 533.2332763671875
v -24.62233543395996 5.855956554412842 532.822021484375
v -24.96010398864746 6.656822681427002 544.8843994140625
v -24.349836349487305 38.634361267089844 428.9593811035156
v -23.632123947143555 2.2619197368621826 530.577880859375
v -23.81978988647461 5.102821350097656 547.2728271484375
v -24.582748413085938 5.846719264984131 543.7722778320312
v -24.62718391418457 5.925114154815674 546.9985961914062
v -23.90195083618164 42.56083297729492 426.09368896484375
v -24.578279495239258 42.40823745727539 429.05792236328125
v -24.842266082763672 37.852054595947266 426.4417724609375
v -23.025726318359375 2.698409080505371 531.289794921875
v -23.111833572387695 4.042346954345703 544.1957397460938
v -20.567182540893555 4.696833610534668 544.7877197265625
v -24.26858901977539 38.94999313354492 425.0889892578125
v -22.71044158935547 40.742008209228516 425.4873046875
v -24.039690017700195 41.296958923339844 429.9877624511719
v -20.47641372680664 4.66885232925415 545.5418090820312
v -22.81244659423828 3.4123921394348145 527.12353515625
v -22.345600128173828 6.02314567565918 528.3577880859375
v -23.938556671142578 38.220767974853516 427.7729187011719
v -22.98288345336914 41.82085418701172 425.7413330078125
v -22.106325149536133 2.26469349861145 527.6681518554688
v -23.039522171020508 5.105250835418701 527.5101928710938
v -23.2327823638916 6.095229625701904 530.7410278320312
v -22.17068099975586 6.574919700622559 543.4359130859375
v -22.704090118408203 7.2956414222717285 543.9664916992188
v -23.08924674987793 7.792278289794922 545.139892578125
v -23.38343048095703 38.52379608154297 426.6007080078125
v -22.94795036315918 39.592323303222656 425.6734924316406
v -22.61948013305664 3.7612509727478027 531.8671875
v -19.979049682617188 5.660077095031738 546.8597412109375
v -22.55709457397461 5.293904781341553 531.4511108398438
v -20.96380615234375 7.937606334686279 546.8956909179688
v -21.410724639892578 2.016545534133911 529.0700073242188
v -16.834566116333008 6.677315711975098 546.4937744140625
v -19.871131896972656 39.98636245727539 430.3604431152344
v -21.718948364257812 4.315361976623535 525.9967651367188
v -20.241451263427734 38.74964141845703 427.8425598144531
v -19.59403419494629 41.37880325317383 430.41888427734375
v -20.86086082458496 42.76819610595703 428.8494873046875
v -21.428544998168945 2.7871618270874023 530.62646484375
v -21.0738525390625 4.052924156188965 530.9668579101562
v -20.283533096313477 6.0615668296813965 543.5791625976562
v -20.0299015045166 6.414578914642334 547.285400390625
v -20.568923950195312 7.312507629394531 547.289794921875
v -19.68215560913086 8.669205665588379 544.1376953125
v -20.309690475463867 39.68307113647461 426.48846435546875
v -20.071487426757812 38.92473602294922 429.3892822265625
v -20.862016677856445 42.664981842041016 427.4448547363281
v -20.351627349853516 2.421886444091797 525.9866943359375
v -19.876712799072266 5.508137226104736 544.0951538085938
v -17.858354568481445 6.215969562530518 524.26611328125
v -18.897611618041992 6.042452335357666 527.8369750976562
v -21.116214752197266 8.518109321594238 546.0531616210938
v -20.697101593017578 8.800519943237305 545.0349731445312
v -20.636682510375977 41.48548126220703 426.2979736328125
v -19.69183921813965 7.372256278991699 543.623046875
v -21.17754364013672 11.164521217346191 574.2931518554688
v -21.454647064208984 12.148011207580566 574.123046875
v -21.56675148010254 12.783088684082031 575.2454223632812
v -20.826955795288086 11.38155746459961 576.1442260742188
v -20.89922332763672 12.54151725769043 576.3958129882812
v -20.840131759643555 13.485112190246582 573.4481201171875
v -20.283809661865234 13.986790657043457 575.80908203125
v -18.940025329589844 42.50418472290039 429.7291259765625
v -19.46612548828125 6.325688362121582 527.1688232421875
v -20.514728546142578 10.624069213867188 575.1840209960938
v -19.634218215942383 12.332725524902344 572.0792846679688
v -19.976287841796875 14.602594375610352 574.0811767578125
v -20.799123764038086 22.10309600830078 501.7930603027344
v -20.81554412841797 24.141382217407227 500.8972473144531
v -20.305280685424805 23.90505027770996 502.724365234375
v -17.585891723632812 5.0182294845581055 527.99365234375
v -19.800161361694336 10.666642189025879 574.0408325195312
v -19.604604721069336 13.303112030029297 571.9224853515625
v -19.552831649780273 13.073070526123047 576.6792602539062
v -20.02772331237793 19.89053726196289 500.31658935546875
v -20.106977462768555 19.75230598449707 501.90496826171875
v -20.228248596191406 22.188867568969727 503.03289794921875
v -20.090133666992188 22.26795196533203 500.25238037109375
v -20.28321075439453 23.7470703125 499.0901184082031
v -19.865802764892578 24.060989379882812 495.84912109375
v -20.089563369750977 25.54615020751953 499.5459899902344
v -19.77569580078125 25.632993698120117 501.58197021484375
v -19.867069244384766 42.337860107421875 426.6949462890625
v -18.668378829956055 42.945716857910156 427.85565185546875
v -18.583179473876953 1.971182107925415 526.3243408203125
v -17.858264923095703 2.926157236099243 527.8804321289062
v -17.484189987182617 2.2644221782684326 526.6515502929688
v -18.2622127532959 2.576895236968994 523.8865356445312
v -18.933847427368164 3.704392910003662 523.6071166992188
v -18.784839630126953 5.2114105224609375 523.75341796875
v -17.834871292114258 10.311153411865234 547.40283203125
v -17.6466064453125 10.768401145935059 546.5143432617188
v -19.39304542541504 10.435750007629395 574.9611206054688
v -19.540180206298828 11.299408912658691 576.513671875
v -18.81451416015625 11.302712440490723 572.8111572265625
v -19.37376594543457 14.612069129943848 572.5768432617188
v -18.6922550201416 16.699520111083984 500.4220275878906
v -19.23948097229004 20.66586685180664 503.2814025878906
v -19.904163360595703 22.622398376464844 495.5938720703125
v -19.823856353759766 23.003400802612305 499.08074951171875
v -19.446224212646484 24.742595672607422 495.6541442871094
v -17.39165687561035 3.7216525077819824 527.9777221679688
v -17.45020866394043 9.616360664367676 548.1935424804688
v -19.187885284423828 10.165029525756836 563.0935668945312
v -19.159942626953125 11.503678321838379 560.2781982421875
v -19.751155853271484 12.054442405700684 562.5086059570312
v -19.439966201782227 10.842726707458496 564.2853393554688
v -19.428546905517578 12.330423355102539 564.5465698242188
v -19.045278549194336 12.448363304138184 559.745361328125
v -18.875383377075195 13.359649658203125 560.2820434570312
v -18.836490631103516 13.87094783782959 562.7346801757812
v -18.134469985961914 14.374883651733398 571.367431640625
v -18.6142578125 16.838176727294922 499.1432800292969
v -18.723058700561523 22.509052276611328 503.60211181640625
v -18.940523147583008 21.051937103271484 495.71856689453125
v -18.65420150756836 21.850414276123047 499.6960144042969
v -18.86834716796875 22.432668685913086 499.2887268066406
v -18.882360458374023 24.079790115356445 503.3160095214844
v -18.867752075195312 25.45343780517578 496.12872314453125
v -19.017316818237305 26.315568923950195 499.7262268066406
v -18.178142547607422 39.79772186279297 426.0463562011719
v -17.258148193359375 8.331916809082031 548.2520141601562
v -18.57971954345703 10.898582458496094 575.4066772460938
v -18.15591812133789 10.52146053314209 559.2681884765625
v -18.549095153808594 11.886367797851562 576.3801879882812
v -17.658992767333984 13.91201114654541 575.0646362304688
v -18.348350524902344 16.82455825805664 501.2981262207031
v -18.207313537597656 17.964946746826172 502.3004150390625
v -18.234539031982422 18.33806610107422 498.44342041015625
v -18.661945343017578 21.556041717529297 491.8642272949219
v -18.19759178161621 23.69691276550293 491.4574890136719
v -18.124067306518555 25.62520980834961 501.9547119140625
v -18.490787506103516 38.25569152832031 427.7057189941406
v -16.953651428222656 38.302574157714844 430.2382507324219
v -17.64328956604004 39.86692810058594 431.0789794921875
v -18.31095314025879 41.882511138916016 426.3103942871094
v -17.710872650146484 41.18894958496094 431.0652160644531
v -18.452760696411133 42.97093200683594 428.5522155761719
v -15.766480445861816 2.352836847305298 521.7649536132812
v -16.158857345581055 7.9326491355896 548.0884399414062
v -16.886337280273438 10.004999160766602 544.7075805664062
v -16.010753631591797 11.25899600982666 545.7192993164062
v -18.106924057006836 9.401812553405762 563.18994140625
v -17.199874877929688 9.37289047241211 566.1688232421875
v -18.336652755737305 10.982967376708984 566.071044921875
v -17.90498161315918 11.377517700195312 573.8075561523438
v -17.601194381713867 12.2363920211792 566.3856201171875
v -17.38835906982422 12.630706787109375 571.0712890625
v -18.11252784729004 13.636666297912598 564.7647094726562
v -17.641786575317383 14.309316635131836 560.3319702148438
v -18.097431182861328 14.928607940673828 574.155517578125
v -17.317920684814453 19.748939514160156 490.34735107421875
v -17.76933479309082 23.981609344482422 503.0218200683594
v -17.61228370666504 26.131296157836914 499.98052978515625
v -16.179189682006836 37.27360153198242 428.56439208984375
v -16.674266815185547 42.698387145996094 430.52886962890625
v -16.35787582397461 2.8913824558258057 520.551513671875
v -17.0987606048584 3.861088991165161 520.6312866210938
v -17.081764221191406 5.033064842224121 520.4461059570312
v -15.126408576965332 7.890607833862305 545.63232421875
v -15.882254600524902 6.333588600158691 524.0809936523438
v -15.584488868713379 9.54998779296875 544.6931762695312
v -15.961831092834473 11.758861541748047 546.6803588867188
v -17.504117965698242 9.87575626373291 560.483642578125
v -16.799745559692383 11.503000259399414 556.0073852539062
v -17.317554473876953 12.148699760437012 574.6846313476562
v -17.24932289123535 17.814725875854492 502.3394470214844
v -17.16413116455078 19.313066482543945 502.7630920410156
v -17.33611297607422 18.378122329711914 498.0912780761719
v -17.828746795654297 20.56821060180664 496.0869140625
v -17.87350845336914 21.927932739257812 498.3984069824219
v -17.453699111938477 22.041410446166992 500.2181396484375
v -17.695287704467773 22.208337783813477 488.1164855957031
v -17.115266799926758 25.255409240722656 494.08709716796875
v -17.459392547607422 25.808048248291016 497.1142578125
v -17.581859588623047 42.695133209228516 426.5621032714844
v -16.484546661376953 6.249927520751953 521.0726318359375
v -14.719511985778809 7.852113723754883 546.54833984375
v -15.596219062805176 8.265532493591309 544.8795776367188
v -15.988849639892578 8.650564193725586 566.0902709960938
v -16.760665893554688 9.786186218261719 561.644775390625
v -16.8670654296875 12.696300506591797 556.1018676757812
v -16.532072067260742 13.834036827087402 556.91015625
v -17.01650047302246 14.160602569580078 563.6959838867188
v -16.33048439025879 13.759443283081055 498.3883972167969
v -15.295958518981934 13.334436416625977 500.199951171875
v -16.928770065307617 16.062549591064453 497.7826843261719
v -16.759124755859375 19.46238899230957 492.1688537597656
v -17.223709106445312 20.6990966796875 487.358154296875
v -17.608285903930664 22.601490020751953 499.7515563964844
v -16.987590789794922 24.0711669921875 488.5401916503906
v -16.905929565429688 24.7498779296875 491.602783203125
v -17.220611572265625 37.83952331542969 427.0982360839844
v -17.52068328857422 38.932884216308594 425.8834228515625
v -17.564374923706055 40.867069244384766 425.3183898925781
v -16.653987884521484 43.60078048706055 429.1123352050781
v -15.674103736877441 2.7974295616149902 525.6436767578125
v -15.822454452514648 5.679038047790527 525.7275390625
v -16.31747055053711 9.162178993225098 548.9088745117188
v -16.220352172851562 8.832772254943848 564.8438110351562
v -16.55457305908203 10.315893173217773 567.378173828125
v -16.208711624145508 10.420865058898926 556.34326171875
v -15.651460647583008 11.844902992248535 572.1859741210938
v -16.19183349609375 12.496798515319824 566.6356201171875
v -15.878486633300781 14.439301490783691 570.6464233398438
v -16.070348739624023 14.62182331085205 574.62060546875
v -15.16988468170166 12.427940368652344 499.3475341796875
v -16.13941764831543 15.457816123962402 571.2884521484375
v -16.149206161499023 15.931090354919434 572.574462890625
v -15.934377670288086 19.477230072021484 492.887939453125
v -16.6461181640625 19.627391815185547 488.07403564453125
v -16.62860870361328 20.807579040527344 496.75592041015625
v -15.875527381896973 18.72125244140625 498.5414733886719
v -17.03809356689453 21.21318244934082 485.67205810546875
v -16.42030906677246 19.620752334594727 502.3172302246094
v -17.21413803100586 22.740524291992188 486.2488708496094
v -16.962087631225586 22.14546775817871 501.7383117675781
v -16.9614200592041 24.0006046295166 501.88507080078125
v -16.818893432617188 25.09876823425293 500.48712158203125
v -16.434892654418945 37.84463119506836 424.4575500488281
v -17.472768783569336 40.08407211303711 424.62554931640625
v -17.12677574157715 41.8560676574707 424.6536560058594
v -16.97711181640625 43.2590217590332 426.00457763671875
v -14.835208892822266 44.438453674316406 425.7488098144531
v -15.926321983337402 4.556430816650391 517.1927490234375
v -15.654162406921387 4.683282375335693 526.3333740234375
v -15.538764953613281 6.595026969909668 521.9838256835938
v -15.9481782913208 11.528555870056152 549.2958984375
v -15.594342231750488 12.995938301086426 574.5121459960938
v -15.232377052307129 12.851757049560547 565.7911987304688
v -16.029924392700195 14.070456504821777 562.0068359375
v -15.189850807189941 16.793041229248047 497.4813232421875
v -16.220924377441406 19.7001895904541 485.30902099609375
v -16.20839500427246 23.000959396362305 483.6189880371094
v -16.578262329101562 22.821979522705078 498.4827575683594
v -16.973785400390625 23.159873962402344 500.16845703125
v -16.02451515197754 24.417482376098633 485.1733093261719
v -16.243772506713867 23.845787048339844 498.4532775878906
v -16.45758628845215 25.18408203125 497.5225524902344
v -15.790265083312988 36.64613342285156 425.1314392089844
v -15.647662162780762 39.89908218383789 431.3296813964844
v -15.834029197692871 42.06570053100586 430.9570007324219
v -15.581761360168457 43.0091552734375 423.7088928222656
v -15.163304328918457 2.3758444786071777 522.6698608398438
v -15.75633430480957 5.777262210845947 517.6762084960938
v -15.748705863952637 9.61508560180664 563.2504272460938
v -15.7807035446167 10.420904159545898 549.8674926757812
v -15.114011764526367 9.9122896194458 557.598876953125
v -15.277701377868652 12.338081359863281 548.411865234375
v -15.723669052124023 11.743123054504395 553.2374877929688
v -15.460036277770996 13.039969444274902 553.3040161132812
v -15.512360572814941 13.058381080627441 570.7645874023438
v -15.520936012268066 13.780001640319824 574.7747192382812
v -14.424322128295898 14.382436752319336 555.4498901367188
v -15.5048189163208 14.257264137268066 558.73583984375
v -15.629999160766602 13.662973403930664 497.4449768066406
v -15.388137817382812 15.223666191101074 496.988525390625
v -15.340700149536133 17.54422950744629 501.4664306640625
v -16.00405502319336 20.87177276611328 483.34930419921875
v -15.27263069152832 19.927648544311523 493.9312438964844
v -14.884612083435059 18.14820671081543 500.6060791015625
v -15.483099937438965 21.611454010009766 496.73388671875
v -15.375893592834473 25.05830955505371 485.7404479980469
v -15.87337875366211 24.89925193786621 490.0661926269531
v -15.82044506072998 25.107704162597656 494.43511962890625
v -16.39000129699707 40.6442756652832 423.2584533691406
v -15.141402244567871 3.763174057006836 525.6837158203125
v -15.02819538116455 3.3728725910186768 516.331787109375
v -15.248671531677246 6.655212879180908 518.9118041992188
v -14.83877182006836 8.617563247680664 564.8299560546875
v -14.22603988647461 8.54360294342041 567.800048828125
v -15.12413501739502 9.389957427978516 550.0426025390625
v -14.535150527954102 9.815558433532715 568.2774047851562
v -15.581124305725098 10.421415328979492 561.8523559570312
v -14.516914367675781 11.087545394897461 568.0625
v -14.87148380279541 12.23034381866455 573.4756469726562
v -14.98276138305664 12.810957908630371 564.7410888671875
v -14.652883529663086 13.748388290405273 552.740234375
v -14.743223190307617 13.899057388305664 559.1797485351562
v -14.808782577514648 15.662193298339844 573.9847412109375
v -15.065967559814453 19.197200775146484 483.843505859375
v -14.788008689880371 18.14768409729004 499.2102355957031
v -15.359973907470703 24.50017547607422 496.11126708984375
v -15.31424331665039 36.36642074584961 427.31072998046875
v -14.47872257232666 37.49932098388672 429.73114013671875
v -14.93259048461914 37.951759338378906 420.6944580078125
v -15.025239944458008 4.643969535827637 515.599365234375
v -14.787160873413086 5.597652912139893 515.6963500976562
v -14.950800895690918 9.807766914367676 551.1318969726562
v -14.470989227294922 9.772150039672852 553.2626953125
v -14.531831741333008 11.254289627075195 545.9428100585938
v -15.421833992004395 11.465299606323242 550.7989501953125
v -15.304312705993652 10.60354232788086 552.9638671875
v -14.913256645202637 12.556412696838379 550.3099975585938
v -14.318198204040527 12.063618659973145 567.3450927734375
v -15.020119667053223 12.504888534545898 563.3222045898438
v -14.929601669311523 12.651326179504395 561.8585205078125
v -14.472821235656738 13.997370719909668 500.8539733886719
v -15.095210075378418 18.682024002075195 485.8686218261719
v -15.00674819946289 23.06710433959961 481.99420166015625
v -15.13294792175293 23.02025604248047 496.8459167480469
v -14.49343490600586 25.488744735717773 487.2388610839844
v -14.929457664489746 24.958356857299805 490.505126953125
v -14.756468772888184 35.431800842285156 426.01531982421875
v -14.26957893371582 40.38523483276367 419.7818298339844
v -15.53658390045166 41.79969787597656 422.34814453125
v -12.759915351867676 45.09992599487305 426.4242858886719
v -13.568148612976074 2.4127438068389893 517.2936401367188
v -14.425464630126953 2.6846706867218018 516.78515625
v -13.619470596313477 2.985351324081421 521.4074096679688
v -13.819506645202637 6.59229040145874 516.2733764648438
v -13.21115493774414 6.2148261070251465 520.6494750976562
v -14.026758193969727 6.82627534866333 519.8311157226562
v -14.020212173461914 8.715011596679688 549.1761474609375
v -14.602520942687988 9.577592849731445 563.9860229492188
v -14.106407165527344 9.60098648071289 555.2272338867188
v -14.105066299438477 10.442500114440918 558.36962890625
v -14.609524726867676 10.603818893432617 563.6604614257812
v -14.527226448059082 11.504817962646484 563.8170166015625
v -15.053666114807129 11.45207691192627 562.0307006835938
v -13.96958065032959 12.340120315551758 547.6484375
v -14.232514381408691 12.327929496765137 572.38525390625
v -12.811016082763672 10.100115776062012 498.10321044921875
v -14.081518173217773 13.094831466674805 496.8971862792969
v -14.202969551086426 15.246553421020508 571.6126098632812
v -13.513591766357422 15.078669548034668 500.6741027832031
v -12.695703506469727 15.726713180541992 572.6708374023438
v -13.854437828063965 18.28493881225586 486.4998779296875
v -14.31316089630127 20.799217224121094 481.2984313964844
v -14.216692924499512 20.688920974731445 494.05767822265625
v -14.380243301391602 24.817962646484375 482.6201477050781
v -14.434924125671387 36.19487762451172 421.2606506347656
v -14.066075325012207 40.982872009277344 431.0123291015625
v -14.569330215454102 43.169456481933594 422.2536926269531
v -13.690176010131836 44.49327087402344 422.9222717285156
v -12.583569526672363 44.744144439697266 427.7461853027344
v -12.774284362792969 5.580145359039307 520.8655395507812
v -13.784147262573242 9.965389251708984 545.9083862304688
v -13.464004516601562 10.5000581741333 500.4073791503906
v -12.65146541595459 8.978891372680664 499.6017150878906
v -13.710658073425293 11.684286117553711 559.1485595703125
v -13.99794864654541 12.852063179016113 559.4552612304688
v -13.564841270446777 12.800357818603516 574.4449462890625
v -13.82669734954834 13.655652046203613 571.3213500976562
v -13.81542682647705 14.349093437194824 556.3574829101562
v -13.837039947509766 16.69727325439453 498.0303955078125
v -13.223175048828125 18.309932708740234 483.9139709472656
v -13.582221984863281 19.941301345825195 491.7991027832031
v -14.323260307312012 20.26696014404297 430.9443664550781
v -14.443011283874512 21.474925994873047 433.521728515625
v -14.5541353225708 20.45254135131836 434.3852844238281
v -14.439844131469727 22.219552993774414 430.1554260253906
v -14.272007942199707 21.484182357788086 438.28338623046875
v -14.399356842041016 20.452049255371094 438.227783203125
v -13.709038734436035 23.233184814453125 493.9531555175781
v -12.924332618713379 24.082672119140625 478.361328125
v -14.03669261932373 24.555038452148438 491.36553955078125
v -13.393158912658691 25.738882064819336 484.31756591796875
v -13.86069107055664 35.09337615966797 421.9626770019531
v -13.157176971435547 35.054908752441406 427.97894287109375
v -13.871447563171387 39.361934661865234 430.82708740234375
v -12.52601146697998 43.597721099853516 429.59490966796875
v -12.652753829956055 2.538377046585083 517.3279418945312
v -13.275076866149902 3.7734827995300293 511.6671142578125
v -12.40040397644043 4.322230815887451 520.509033203125
v -12.995551109313965 7.60377836227417 566.3579711914062
v -13.093910217285156 7.8656229972839355 567.5468139648438
v -13.29093074798584 9.198122024536133 547.0265502929688
v -13.591057777404785 9.31157112121582 551.8245239257812
v -12.769920349121094 9.796060562133789 555.437744140625
v -12.849631309509277 11.908671379089355 547.8478393554688
v -12.999218940734863 11.054625511169434 501.1202392578125
v -12.452723503112793 11.77694320678711 565.8684692382812
v -13.27554988861084 12.118375778198242 573.3289794921875
v -13.510780334472656 13.018025398254395 549.743408203125
v -13.267281532287598 14.050810813903809 551.83740234375
v -13.069807052612305 13.848166465759277 556.99560546875
v -12.892781257629395 15.049259185791016 574.6265869140625
v -13.133755683898926 13.825297355651855 496.8199462890625
v -12.489431381225586 14.486019134521484 497.254638671875
v -12.098151206970215 15.630520820617676 573.5552368164062
v -13.00134563446045 15.98977279663086 499.4959411621094
v -13.854571342468262 19.50459098815918 441.1711730957031
v -13.67201042175293 18.759353637695312 438.0904846191406
v -14.288768768310547 19.241289138793945 434.73126220703125
v -13.86309814453125 19.31769371032715 432.1529846191406
v -13.817056655883789 20.511592864990234 443.6521911621094
v -14.024304389953613 21.090898513793945 428.1888427734375
v -13.972180366516113 22.225534439086914 434.8200988769531
v -13.876409530639648 22.3752384185791 437.8703308105469
v -13.073284149169922 21.935396194458008 478.2256774902344
v -13.556364059448242 21.886993408203125 493.85357666015625
v -13.86059856414795 23.26393699645996 430.8460388183594
v -13.114599227905273 23.03378677368164 478.15252685546875
v -12.90196418762207 25.466520309448242 487.2585144042969
v -13.77083969116211 25.896543502807617 553.1341552734375
v -14.227831840515137 28.698823928833008 553.6768188476562
v -14.031643867492676 28.825698852539062 554.802001953125
v -13.892012596130371 31.31641387939453 554.2251586914062
v -13.329916000366211 37.76381301879883 418.7330322265625
v -13.209765434265137 42.587162017822266 420.1113586425781
v -13.153870582580566 45.1948127746582 424.3208923339844
v -12.497947692871094 2.5770533084869385 513.7198486328125
v -12.221832275390625 2.9319686889648438 511.1322021484375
v -12.288734436035156 4.514749050140381 509.0157470703125
v -12.61230754852295 5.616770267486572 510.1025695800781
v -12.365636825561523 6.350309371948242 510.86920166015625
v -12.788798332214355 6.5739006996154785 517.9263305664062
v -12.27999496459961 8.0982027053833 565.1632690429688
v -12.451813697814941 10.989513397216797 564.7721557617188
v -12.799159049987793 11.874061584472656 567.09130859375
v -12.426153182983398 11.719512939453125 501.4192810058594
v -13.080071449279785 12.2440185546875 572.1617431640625
v -13.134323120117188 18.053388595581055 434.8130798339844
v -12.772775650024414 18.48518180847168 487.3026428222656
v -13.008363723754883 19.828950881958008 427.7308349609375
v -10.693166732788086 18.793046951293945 486.07904052734375
v -12.728739738464355 19.102767944335938 481.20721435546875
v -12.673548698425293 20.916763305664062 478.2274169921875
v -12.895023345947266 22.576126098632812 449.7275390625
v -13.040730476379395 22.277917861938477 424.3766784667969
v -13.307676315307617 22.628664016723633 442.0473937988281
v -12.802240371704102 23.740449905395508 424.72320556640625
v -12.870429039001465 23.04523277282715 435.1841125488281
v -13.11278247833252 23.74017906188965 491.6567687988281
v -12.32052230834961 25.022357940673828 478.4967041015625
v -13.08436393737793 26.01088523864746 482.3628234863281
v -11.974273681640625 25.75846290588379 485.72808837890625
v -13.455307006835938 25.112384796142578 551.873046875
v -13.36350154876709 27.084505081176758 552.2928466796875
v -13.113252639770508 26.347209930419922 554.70361328125
v -13.2418851852417 29.16979217529297 555.606689453125
v -13.49996280670166 30.41181755065918 553.0964965820312
v -13.497939109802246 31.901023864746094 555.1652221679688
v -13.438176155090332 32.32475662231445 553.2991943359375
v -13.162145614624023 33.92903137207031 553.5313720703125
v -12.558281898498535 34.07535171508789 425.71514892578125
v -12.453821182250977 33.875274658203125 422.962158203125
v -13.257431983947754 36.05217742919922 419.7156066894531
v -12.650425910949707 34.74806213378906 420.544677734375
v -12.235119819641113 37.21516036987305 430.1980895996094
v -12.059648513793945 43.6976318359375 420.5663146972656
v -12.28963851928711 3.455280065536499 519.0624389648438
v -11.771334648132324 6.7473978996276855 511.1517028808594
v -12.160863876342773 9.210043907165527 569.0413818359375
v -12.474313735961914 9.360283851623535 551.5879516601562
v -12.379698753356934 10.14348030090332 564.4481811523438
v -12.636269569396973 10.1715087890625 547.4844970703125
v -12.246581077575684 11.281556129455566 556.9583740234375
v -12.025130271911621 10.852359771728516 568.7708740234375
v -11.970458030700684 12.730605125427246 556.4480590820312
v -11.30875301361084 10.626076698303223 497.50579833984375
v -12.565489768981934 14.157652854919434 553.8218994140625
v -12.485702514648438 13.514927864074707 571.0536499023438
v -11.699620246887207 14.971363067626953 571.581298828125
v -12.457839965820312 17.887537002563477 436.667236328125
v -12.781757354736328 18.391843795776367 442.3492431640625
v -12.781242370605469 19.201648712158203 445.74249267578125
v -12.657663345336914 21.48928451538086 450.6183166503906
v -12.592580795288086 21.078819274902344 424.42291259765625
v -12.657843589782715 21.019548416137695 491.626953125
v -12.780163764953613 23.268619537353516 448.88079833984375
v -12.662903785705566 22.24125862121582 491.9263916015625
v -12.785048484802246 23.251049041748047 437.74188232421875
v -12.939276695251465 23.94024085998535 430.7394104003906
v -12.350859642028809 24.378175735473633 425.286865234375
v -12.904818534851074 23.988624572753906 551.4772338867188
v -12.489420890808105 23.761962890625 552.408203125
v -11.376786231994629 24.9737491607666 487.06878662109375
v -12.688042640686035 32.56092071533203 552.6398315429688
v -12.219586372375488 36.364376068115234 553.789794921875
v -12.355366706848145 35.897090911865234 429.4408874511719
v -12.912662506103516 39.788272857666016 418.3376770019531
v -12.291966438293457 41.62796401977539 430.8600769042969
v -11.471590995788574 3.2702457904815674 517.3885498046875
v -12.023331642150879 5.269409656524658 519.0347290039062
v -11.085269927978516 6.914741039276123 511.7122497558594
v -10.484097480773926 7.468627452850342 568.3492431640625
v -11.18164348602295 6.595117092132568 502.0006408691406
v -12.339397430419922 9.316473960876465 501.72576904296875
v -11.678908348083496 9.940631866455078 550.41845703125
v -10.037389755249023 8.819781303405762 565.1163330078125
v -11.628695487976074 12.583974838256836 574.5897216796875
v -11.438224792480469 13.78302001953125 574.8076171875
v -11.370220184326172 14.300636291503906 498.6776428222656
v -11.662410736083984 18.155319213867188 483.9168701171875
v -12.119295120239258 18.8970947265625 430.0401916503906
v -11.585877418518066 20.02802848815918 489.1615905761719
v -12.389178276062012 20.293598175048828 449.25347900390625
v -11.770901679992676 19.600292205810547 479.0135803222656
v -12.592215538024902 22.345500946044922 475.9851379394531
v -12.237113952636719 23.417308807373047 441.54022216796875
v -12.793749809265137 23.335939407348633 446.8001403808594
v -12.400933265686035 23.869394302368164 475.9708251953125
v -12.598613739013672 25.07362174987793 550.4752807617188
v -11.985447883605957 23.039691925048828 548.927734375
v -11.43237018585205 25.969438552856445 479.3974304199219
v -11.814508438110352 26.629131317138672 483.2238464355469
v -12.432082176208496 27.60192108154297 552.2086181640625
v -12.03622817993164 26.598430633544922 554.8732299804688
v -12.106637001037598 29.30207061767578 552.7006225585938
v -12.332444190979004 32.55360412597656 555.5679321289062
v -11.825653076171875 36.61970520019531 551.9287719726562
v -11.388731002807617 36.412132263183594 416.1080322265625
v -11.812291145324707 39.04379653930664 430.9869079589844
v -11.498372077941895 38.00809097290039 415.91363525390625
v -12.33837604522705 41.00190734863281 418.2874755859375
v -11.326203346252441 3.53611159324646 508.3954162597656
v -11.274513244628906 6.230873107910156 506.2534484863281
v -10.050074577331543 6.522846698760986 512.1670532226562
v -11.696183204650879 7.753297328948975 502.4906311035156
v -11.580183029174805 11.692863464355469 549.631591796875
v -10.70922565460205 11.135318756103516 573.3941040039062
v -10.321651458740234 11.275115013122559 497.9288024902344
v -11.841395378112793 12.932372093200684 501.0747375488281
v -11.4261474609375 13.330764770507812 552.1553344726562
v -11.271159172058105 13.12822437286377 554.1109008789062
v -11.21713924407959 14.919382095336914 574.1182250976562
v -10.465219497680664 12.717561721801758 500.33477783203125
v -11.749994277954102 17.707401275634766 435.11004638671875
v -11.3676118850708 20.208118438720703 452.2753601074219
v -11.669500350952148 21.838945388793945 422.2671203613281
v -11.802118301391602 20.47799301147461 476.4654541015625
v -12.029450416564941 21.00757598876953 474.14727783203125
v -11.828690528869629 22.108760833740234 468.957763671875
v -12.307378768920898 22.753454208374023 456.7242126464844
v -11.118521690368652 22.920692443847656 421.4478454589844
v -12.25233268737793 23.602521896362305 462.23114013671875
v -11.898064613342285 22.119565963745117 462.4769592285156
v -12.220191955566406 24.16973304748535 456.0968322753906
v -12.049449920654297 22.169816970825195 465.1776428222656
v -12.231510162353516 24.110912322998047 465.1233215332031
v -11.996131896972656 24.12382698059082 471.4173583984375
v -11.916345596313477 22.834928512573242 550.5864868164062
v -11.949485778808594 24.091453552246094 430.9219970703125
v -11.500833511352539 24.074926376342773 445.0345458984375
v -11.754575729370117 24.48362159729004 447.7953796386719
v -11.7498140335083 24.441537857055664 428.2312927246094
v -11.723550796508789 24.826887130737305 452.0680236816406
v -12.00406265258789 24.926721572875977 460.310546875
v -11.427658081054688 25.34773826599121 476.34881591796875
v -12.020220756530762 24.326616287231445 549.2294311523438
v -11.163263320922852 24.15503692626953 552.6906127929688
v -11.471187591552734 26.153759002685547 551.277099609375
v -11.849294662475586 29.999338150024414 555.6403198242188
v -12.124833106994629 32.33845901489258 552.52099609375
v -11.59729290008545 35.720375061035156 554.6268310546875
v -11.471270561218262 34.64085006713867 427.9956359863281
v -11.552127838134766 38.3631477355957 552.5639038085938
v -10.376384735107422 42.87941360473633 418.5812072753906
v -11.714940071105957 45.58557891845703 423.98907470703125
v -11.000707626342773 2.876828193664551 514.422607421875
v -11.152091026306152 4.2736992835998535 517.6014404296875
v -10.880974769592285 5.213208198547363 505.1477355957031
v -11.154741287231445 5.508558750152588 517.1947631835938
v -10.756267547607422 7.204097270965576 506.61773681640625
v -10.326664924621582 7.353806495666504 566.7713012695312
v -10.719849586486816 7.2355427742004395 499.85284423828125
v -11.264217376708984 8.41637134552002 503.3922424316406
v -11.342375755310059 10.29602336883545 553.2949829101562
v -10.886637687683105 10.045056343078613 502.71783447265625
v -10.461597442626953 11.15342903137207 565.4266967773438
v -11.311212539672852 11.317638397216797 570.6795043945312
v -10.893479347229004 10.664100646972656 571.5147705078125
v -11.158825874328613 11.450864791870117 554.627685546875
v -9.703397750854492 11.927300453186035 567.0592651367188
v -10.310035705566406 11.997472763061523 568.1790161132812
v -10.948984146118164 12.527873039245605 569.987548828125
v -9.626559257507324 14.64764404296875 572.6179809570312
v -11.101052284240723 17.850906372070312 442.4530334472656
v -11.271347045898438 18.356216430664062 445.6929931640625
v -11.377711296081543 19.580890655517578 449.5812683105469
v -11.368949890136719 18.990188598632812 429.9474792480469
v -11.135449409484863 19.622989654541016 426.1851806640625
v -11.110127449035645 20.6002197265625 422.7683410644531
v -11.607954978942871 21.37150764465332 457.56219482421875
v -10.757522583007812 22.17085075378418 488.9995422363281
v -11.423538208007812 23.25948715209961 435.18896484375
v -12.010518074035645 22.747495651245117 466.9166564941406
v -10.933785438537598 23.65948486328125 441.5265197753906
v -11.973348617553711 24.087663650512695 466.8800964355469
v -11.60216999053955 24.293540954589844 493.2447814941406
v -12.301708221435547 24.172887802124023 494.4081726074219
v -11.761987686157227 23.08356285095215 494.0728454589844
v -11.739571571350098 23.417160034179688 495.16033935546875
v -10.805482864379883 23.61781120300293 545.8984375
v -11.675599098205566 24.477285385131836 495.1751403808594
v -10.886630058288574 25.011133193969727 425.7599792480469
v -11.600348472595215 25.400896072387695 463.80731201171875
v -11.453865051269531 25.32525634765625 466.86993408203125
v -11.036388397216797 25.0389404296875 549.4638061523438
v -10.482754707336426 26.271202087402344 484.98150634765625
v -11.402192115783691 27.30435562133789 552.5297241210938
v -11.47067642211914 28.3532657623291 554.7800903320312
v -11.469943046569824 32.30867385864258 555.45361328125
v -10.777565956115723 33.378726959228516 423.9988098144531
v -11.449904441833496 35.8980827331543 551.689453125
v -11.114579200744629 35.18606185913086 416.6300964355469
v -10.996782302856445 42.03089141845703 431.575439453125
v -11.100839614868164 43.28514862060547 431.1883850097656
v -10.776779174804688 44.47063064575195 421.2874755859375
v -10.728522300720215 2.6135196685791016 510.8671875
v -11.065635681152344 7.443294525146484 504.64471435546875
v -9.995940208435059 8.61920166015625 570.3079223632812
v -10.400289535522461 8.222586631774902 498.90008544921875
v -11.092174530029297 9.728135108947754 570.07177734375
v -11.10737133026123 11.38484001159668 569.2906494140625
v -10.562606811523438 11.21323299407959 501.8475036621094
v -10.816177368164062 11.50593376159668 552.3505249023438
v -10.184280395507812 12.297944068908691 498.53228759765625
v -9.597092628479004 12.780441284179688 569.480712890625
v -10.548375129699707 18.027326583862305 437.5523376464844
v -10.818723678588867 17.89854621887207 434.8691101074219
v -10.399593353271484 18.39780616760254 481.4835205078125
v -9.69599723815918 18.343097686767578 483.4890441894531
v -11.172401428222656 20.051021575927734 473.615478515625
v -11.100041389465332 21.231449127197266 467.4869079589844
v -11.018138885498047 21.090866088867188 462.2343444824219
v -10.643765449523926 20.657052993774414 465.2822570800781
v -11.109708786010742 22.13271141052246 535.6049194335938
v -11.352164268493652 22.77267074584961 537.6258544921875
v -11.186070442199707 21.75238800048828 537.9149169921875
v -11.051896095275879 23.06338119506836 534.1454467773438
v -11.396178245544434 23.84004020690918 534.5650024414062
v -11.21399211883545 23.04323959350586 547.012939453125
v -10.921890258789062 22.146713256835938 548.63134765625
v -11.031841278076172 22.688831329345703 550.8941650390625
v -10.786419868469238 23.75377082824707 488.0603942871094
v -10.805285453796387 22.995861053466797 494.2083740234375
v -9.833551406860352 24.056774139404297 420.3373718261719
v -10.719609260559082 24.1601505279541 429.3921203613281
v -11.153894424438477 24.47542953491211 535.0568237304688
v -10.658954620361328 23.4608211517334 495.2323913574219
v -10.139951705932617 25.005720138549805 423.2006530761719
v -10.275389671325684 25.767303466796875 452.81365966796875
v -11.055562973022461 25.625654220581055 454.5207824707031
v -11.080354690551758 25.500347137451172 472.26837158203125
v -11.114192962646484 26.013742446899414 460.2104797363281
v -10.815013885498047 26.18759536743164 492.83367919921875
v -10.758700370788574 26.721086502075195 493.5835876464844
v -11.039668083190918 26.90627670288086 553.9080810546875
v -11.249177932739258 28.73666000366211 553.6964111328125
v -11.101639747619629 31.16867446899414 553.2353515625
v -11.133238792419434 30.386083602905273 555.0493774414062
v -10.550254821777344 35.77128601074219 551.6153564453125
v -10.6933012008667 35.319374084472656 554.64697265625
v -10.592122077941895 33.80511474609375 418.4859313964844
v -10.413871765136719 33.215328216552734 420.7233581542969
v -9.770865440368652 33.515132904052734 425.2264709472656
v -10.554048538208008 35.311180114746094 429.1273193359375
v -10.404767036437988 37.07268142700195 554.60546875
v -11.220427513122559 38.06108093261719 553.7902221679688
v -9.596668243408203 36.992061614990234 430.4194030761719
v -9.418378829956055 38.30649185180664 413.184326171875
v -10.183677673339844 40.93070983886719 431.8305358886719
v -10.565451622009277 41.48207092285156 416.7601318359375
v -10.862672805786133 44.27058410644531 430.56610107421875
v -10.598664283752441 45.799739837646484 425.6302795410156
v -10.10820198059082 5.3384552001953125 502.7201843261719
v -9.810437202453613 14.489555358886719 571.1776123046875
v -10.309995651245117 17.950986862182617 441.39044189453125
v -10.179983139038086 19.147974014282227 449.1099548339844
v -10.10290241241455 18.9714298248291 479.66802978515625
v -10.154495239257812 19.400724411010742 477.1134948730469
v -10.180901527404785 20.49884796142578 487.6019592285156
v -9.731340408325195 19.961328506469727 423.3231201171875
v -10.59498405456543 20.54631233215332 457.40863037109375
v -10.138066291809082 20.563583374023438 467.2981262207031
v -10.744501113891602 21.24399757385254 537.5136108398438
v -10.796069145202637 22.273624420166016 539.4717407226562
v -10.681373596191406 22.403839111328125 546.9959106445312
v -10.213022232055664 22.758560180664062 435.12310791015625
v -10.457180976867676 23.7133846282959 537.2100219726562
v -10.354040145874023 24.55935287475586 493.0394287109375
v -10.360428810119629 24.447690963745117 532.9080810546875
v -9.339629173278809 25.027360916137695 420.9364013671875
v -10.216590881347656 24.162418365478516 545.8617553710938
v -10.29794692993164 24.99617576599121 448.0384521484375
v -9.675000190734863 23.757814407348633 487.1542053222656
v -10.456854820251465 25.266796112060547 492.6868896484375
v -10.278728485107422 25.162384033203125 494.7873840332031
v -9.67446517944336 25.05181121826172 423.9510803222656
v -9.486029624938965 25.10883331298828 486.0882873535156
v -10.591703414916992 26.058427810668945 470.0170593261719
v -10.313851356506348 26.351980209350586 494.4352111816406
v -10.567687034606934 26.133508682250977 466.2961730957031
v -10.753888130187988 25.597681045532227 552.31103515625
v -10.8366060256958 30.708078384399414 554.0968627929688
v -10.469446182250977 33.402645111083984 554.515380859375
v -9.992018699645996 34.77616882324219 552.5172119140625
v -10.064696311950684 40.075050354003906 551.2974243164062
v -9.417325973510742 40.898555755615234 552.5126953125
v -9.514520645141602 45.29417419433594 429.4862976074219
v -9.620393753051758 45.2515983581543 423.2632751464844
v -10.031176567077637 3.511425495147705 506.8821105957031
v -9.344114303588867 3.687422037124634 512.1871337890625
v -9.123685836791992 4.5102128982543945 512.368408203125
v -9.617179870605469 5.702017307281494 512.9013671875
v -10.337069511413574 6.959131717681885 511.0075988769531
v -9.958711624145508 7.613678455352783 507.6331787109375
v -10.078593254089355 8.372366905212402 504.95330810546875
v -9.170195579528809 10.253171920776367 565.524169921875
v -10.061866760253906 10.14653205871582 571.7635498046875
v -9.708592414855957 12.128692626953125 573.9478759765625
v -9.116823196411133 13.351118087768555 573.6231079101562
v -9.77104377746582 18.429208755493164 445.9229736328125
v -9.964810371398926 18.509187698364258 434.3388671875
v -10.078008651733398 19.600662231445312 430.28887939453125
v -9.936123847961426 19.89503288269043 425.8977355957031
v -10.369891166687012 19.80105972290039 452.5699157714844
v -10.15142822265625 19.482486724853516 473.2909240722656
v -9.746463775634766 20.454748153686523 462.0682373046875
v -10.13623046875 21.52383804321289 536.0118408203125
v -10.304923057556152 21.302196502685547 540.8931884765625
v -10.087515830993652 22.895187377929688 533.66552734375
v -10.113303184509277 22.856901168823242 550.4488525390625
v -9.912154197692871 22.758155822753906 487.6376647949219
v -10.116327285766602 22.890642166137695 539.7357788085938
v -10.045052528381348 22.201705932617188 544.1382446289062
v -10.08625316619873 23.26911163330078 543.8505859375
v -9.954246520996094 23.462421417236328 430.1135559082031
v -9.716647148132324 23.224735260009766 440.987548828125
v -9.850769996643066 23.920839309692383 444.2469787597656
v -10.2791109085083 24.419761657714844 551.8748168945312
v -10.114503860473633 25.10357666015625 535.1614379882812
v -10.361528396606445 24.718095779418945 548.062255859375
v -10.384562492370605 25.463748931884766 533.4229125976562
v -9.798386573791504 24.443891525268555 549.4187622070312
v -9.716238975524902 26.37628936767578 456.0462646484375
v -9.865476608276367 26.102712631225586 476.7403869628906
v -10.144667625427246 26.565336227416992 460.1668701171875
v -9.355039596557617 26.529054641723633 465.49755859375
v -9.919241905212402 26.343563079833984 480.2341003417969
v -9.761767387390137 26.5654296875 482.2048645019531
v -9.545846939086914 26.3832950592041 483.9939880371094
v -9.876221656799316 34.61831283569336 553.3848876953125
v -9.74914264678955 35.71680450439453 554.1080322265625
v -8.921117782592773 33.908775329589844 426.18341064453125
v -8.698747634887695 33.14518356323242 415.18829345703125
v -9.693760871887207 35.924591064453125 551.8754272460938
v -9.480982780456543 35.81273651123047 413.2222595214844
v -8.891477584838867 38.836524963378906 550.2899780273438
v -9.644991874694824 39.6034049987793 550.5899658203125
v -8.729687690734863 40.67680358886719 553.3880615234375
v -8.164335250854492 39.74987030029297 412.7812194824219
v -8.803019523620605 45.262840270996094 427.6237487792969
v -9.291987419128418 3.3007631301879883 507.7455749511719
v -9.347041130065918 3.218317985534668 510.9892883300781
v -9.207985877990723 4.57974910736084 503.643798828125
v -9.321988105773926 7.5051469802856445 567.5838623046875
v -9.223586082458496 8.696443557739258 499.14593505859375
v -9.345574378967285 18.396421432495117 442.4781494140625
v -9.052733421325684 20.451169967651367 425.83642578125
v -8.369086265563965 19.64946174621582 485.22454833984375
v -9.148737907409668 20.160869598388672 457.348876953125
v -8.77906608581543 20.22336196899414 467.05810546875
v -9.755208015441895 20.778352737426758 539.356201171875
v -9.528728485107422 21.265661239624023 537.4261474609375
v -10.149679183959961 22.085561752319336 542.224365234375
v -9.465956687927246 21.31138801574707 543.07177734375
v -10.031036376953125 22.81980323791504 541.9161987304688
v -9.747714042663574 21.98422622680664 546.1058959960938
v -9.639924049377441 22.536945343017578 547.8427124023438
v -7.999271869659424 23.63236427307129 417.9967956542969
v -9.521936416625977 25.02827262878418 493.8249816894531
v -9.001791954040527 24.961273193359375 531.6053466796875
v -9.541747093200684 23.639883041381836 549.9849853515625
v -8.780890464782715 24.718761444091797 424.56072998046875
v -8.783592224121094 26.36219596862793 531.6821899414062
v -9.586739540100098 26.18781089782715 533.8995971679688
v -9.50399112701416 26.29572105407715 492.3441467285156
v -9.29125690460205 26.72357177734375 468.72601318359375
v -9.090837478637695 27.213672637939453 492.6844482421875
v -8.858720779418945 32.836181640625 419.4322814941406
v -9.00512409210205 39.1644172668457 553.917724609375
v -9.244996070861816 42.48218536376953 416.9830322265625
v -9.819645881652832 42.92060089111328 434.1372985839844
v -8.762715339660645 41.33739471435547 434.6138000488281
v -9.506011009216309 44.39487838745117 433.7610778808594
v -8.18935489654541 43.819515228271484 419.8325500488281
v -8.886212348937988 45.161319732666016 433.2575988769531
v -8.71086597442627 45.43208312988281 425.1756591796875
v -8.465160369873047 7.5363078117370605 507.498779296875
v -8.990510940551758 8.56416130065918 505.1241760253906
v -8.560616493225098 8.584282875061035 566.317138671875
v -8.993612289428711 8.10132122039795 569.7020263671875
v -9.47116470336914 10.534817695617676 502.2166748046875
v -8.803436279296875 11.332718849182129 572.8775024414062
v -8.965996742248535 9.899640083312988 499.30694580078125
v -8.231907844543457 11.782792091369629 567.6257934570312
v -8.318828582763672 9.724766731262207 500.5999755859375
v -9.195517539978027 19.22777557373047 437.6341552734375
v -8.862536430358887 19.235654830932617 472.8995666503906
v -9.354613304138184 19.4735050201416 433.92327880859375
v -9.33531379699707 19.718582153320312 452.6739501953125
v -9.330217361450195 20.744932174682617 430.4709777832031
v -8.787901878356934 20.628028869628906 486.4497985839844
v -8.829095840454102 20.89679527282715 420.55487060546875
v -9.160860061645508 22.118297576904297 487.2367858886719
v -9.040786743164062 21.221012115478516 541.994384765625
v -8.714174270629883 21.71063804626465 543.9240112304688
v -6.808530330657959 21.603487014770508 417.207275390625
v -9.386005401611328 21.759876251220703 434.8033752441406
v -9.330123901367188 22.3402042388916 430.4969482421875
v -8.807344436645508 22.2455997467041 440.5159606933594
v -9.013843536376953 22.779541015625 534.8380126953125
v -8.948114395141602 23.25971031188965 533.3192138671875
v -9.367870330810547 23.21955680847168 537.3854370117188
v -9.231111526489258 22.96803855895996 539.5103759765625
v -8.668953895568848 23.254634857177734 541.7555541992188
v -9.188925743103027 23.59347152709961 543.1947631835938
v -9.095422744750977 23.960628509521484 535.89306640625
v -9.00534439086914 23.93962860107422 545.89306640625
v -8.849942207336426 24.82080841064453 448.22711181640625
v -8.8126220703125 25.432144165039062 493.0268249511719
v -8.371045112609863 25.569292068481445 484.7841796875
v -8.824419975280762 25.679630279541016 494.05572509765625
v -8.41284465789795 26.2985897064209 455.7648620605469
v -8.659497261047363 26.923233032226562 532.398193359375
v -8.991325378417969 26.298492431640625 473.4512939453125
v -8.990334510803223 26.732711791992188 459.95770263671875
v -8.859801292419434 27.48963737487793 493.46734619140625
v -8.379121780395508 32.620994567871094 416.99102783203125
v -9.198474884033203 34.04402542114258 414.49462890625
v -8.706682205200195 35.30710220336914 428.47052001953125
v -8.705803871154785 37.49768829345703 551.0733032226562
v -9.028107643127441 39.76041793823242 431.4137268066406
v -8.734023094177246 41.17734146118164 551.2449340820312
v -8.007735252380371 45.5817985534668 432.246826171875
v -8.24754524230957 3.762460231781006 507.70220947265625
v -7.879996299743652 5.866998195648193 509.0907897949219
v -8.096749305725098 5.5173516273498535 502.489013671875
v -8.683860778808594 7.009800434112549 500.53411865234375
v -7.271812438964844 7.054030418395996 506.4450378417969
v -8.395459175109863 8.999192237854004 570.6928100585938
v -8.484598159790039 9.884105682373047 502.21942138671875
v -8.45081615447998 12.846619606018066 570.04248046875
v -8.151400566101074 13.018836975097656 572.2467651367188
v -8.575961112976074 13.703691482543945 571.2828979492188
v -8.605355262756348 19.260772705078125 441.48602294921875
v -8.438837051391602 19.22989273071289 446.5121154785156
v -8.792264938354492 19.094755172729492 480.3832092285156
v -8.466451644897461 19.634300231933594 449.0491027832031
v -8.398520469665527 19.42525291442871 477.5420227050781
v -9.082032203674316 20.594764709472656 434.1002197265625
v -8.304580688476562 20.398134231567383 421.83453369140625
v -8.924677848815918 21.1348876953125 538.6803588867188
v -8.801054954528809 21.431598663330078 438.41339111328125
v -9.01511287689209 22.436288833618164 537.212158203125
v -8.843321800231934 22.46180534362793 546.1637573242188
v -8.445630073547363 23.007415771484375 444.2442321777344
v -8.956547737121582 23.28998565673828 547.0977783203125
v -8.961185455322266 23.865896224975586 487.49920654296875
v -7.504006862640381 24.855276107788086 531.2415161132812
v -8.450477600097656 23.562103271484375 426.12152099609375
v -7.191259860992432 25.1600284576416 418.2109375
v -8.830301284790039 24.869783401489258 486.842041015625
v -7.91802978515625 25.39703369140625 534.5697631835938
v -8.100813865661621 26.00259017944336 475.7040100097656
v -8.427106857299805 25.97101593017578 481.85223388671875
v -7.847474098205566 27.07340431213379 494.0352783203125
v -7.809240818023682 32.740657806396484 420.892333984375
v -8.09213924407959 32.35354995727539 411.6389465332031
v -8.018885612487793 33.26460647583008 410.9429626464844
v -8.564616203308105 36.81407165527344 553.0806884765625
v -8.095200538635254 39.109588623046875 430.7921142578125
v -7.657902717590332 40.38676834106445 550.142578125
v -8.414599418640137 40.21650695800781 431.93292236328125
v -9.337323188781738 43.08650588989258 434.84552001953125
v -8.598515510559082 41.226932525634766 436.0024108886719
v -7.9100422859191895 43.052001953125 417.44189453125
v -8.302000999450684 44.983280181884766 434.3936767578125
v -8.139042854309082 4.389275550842285 504.69140625
v -7.361344337463379 5.1158599853515625 507.74627685546875
v -7.76664400100708 8.015359878540039 501.0759582519531
v -7.700737953186035 8.441095352172852 568.6840209960938
v -7.556396961212158 9.49370002746582 570.3229370117188
v -7.95966100692749 19.138629913330078 483.3995056152344
v -7.664974689483643 19.440046310424805 474.6759948730469
v -8.128602027893066 20.385562896728516 423.7010192871094
v -8.719834327697754 20.249069213867188 438.4164123535156
v -8.08300495147705 20.178009033203125 455.21588134765625
v -8.209394454956055 20.569339752197266 462.4723205566406
v -8.364185333251953 21.52424430847168 426.0984191894531
v -7.814638137817383 21.311241149902344 486.7361755371094
v -8.307929039001465 21.717987060546875 541.4953002929688
v -8.190763473510742 22.494483947753906 426.1506652832031
v -8.59412670135498 22.181730270385742 539.103271484375
v -8.226842880249023 22.3494930267334 487.82159423828125
v -8.064482688903809 23.692615509033203 533.7080078125
v -8.401103973388672 23.28432846069336 543.479248046875
v -8.14920711517334 22.883312225341797 544.185546875
v -7.875405788421631 24.316673278808594 424.3957824707031
v -7.792647361755371 24.493310928344727 534.4527587890625
v -7.008782863616943 25.65707015991211 419.1892395019531
v -8.13524341583252 25.648574829101562 486.12506103515625
v -7.582860946655273 25.769515991210938 455.0077819824219
v -8.086124420166016 27.097198486328125 533.4984130859375
v -7.830597877502441 26.664836883544922 469.0134582519531
v -8.152276039123535 31.88166618347168 412.8089904785156
v -8.109606742858887 35.425785064697266 410.89654541015625
v -7.947610855102539 36.7054328918457 429.4479675292969
v -7.735925674438477 38.26652145385742 553.365478515625
v -6.2546772956848145 41.10231018066406 413.1684265136719
v -8.825176239013672 43.18293762207031 437.18023681640625
v -8.641402244567871 44.74409866333008 435.423583984375
v -8.09747314453125 44.69010543823242 422.6494445800781
v -7.378480911254883 6.8800764083862305 502.3338623046875
v -7.457385540008545 8.482109069824219 502.80743408203125
v -7.458971977233887 10.360490798950195 567.2730712890625
v -7.631911754608154 11.45843505859375 570.9064331054688
v -7.663209438323975 19.76116943359375 480.7458190917969
v -7.771141529083252 20.358327865600586 451.97186279296875
v -6.798267364501953 20.805316925048828 422.39117431640625
v -8.063027381896973 22.376264572143555 541.927001953125
v -6.78791618347168 22.439205169677734 416.6355895996094
v -7.570838451385498 23.446491241455078 447.8041076660156
v -6.995124816894531 24.344758987426758 532.0472412109375
v -6.832388877868652 23.30355453491211 424.0985107421875
v -6.356163501739502 25.393856048583984 421.9706115722656
v -6.368902206420898 25.89910125732422 420.079345703125
v -6.740386009216309 26.31485939025879 491.9869079589844
v -7.376180171966553 26.409751892089844 534.1538696289062
v -7.905470371246338 26.48221778869629 460.1140441894531
v -7.442551136016846 26.082582473754883 465.1986999511719
v -7.276797294616699 26.276859283447266 494.1945495605469
v -7.347538471221924 30.493867874145508 413.3359680175781
v -7.067698001861572 32.30229568481445 416.7799377441406
v -6.361475944519043 33.071632385253906 421.5388488769531
v -7.431790351867676 37.80561828613281 552.0247192382812
v -6.8163652420043945 39.80665588378906 553.7132568359375
v -7.363610744476318 40.52511215209961 433.86395263671875
v -7.634276866912842 40.40119934082031 435.05120849609375
v -7.8381195068359375 45.1730842590332 436.8263854980469
v -6.817786693572998 43.9506721496582 423.9203186035156
v -7.585270404815674 44.69057846069336 427.0808410644531
v -7.419866561889648 4.871703624725342 504.99609375
v -7.300395488739014 9.384198188781738 567.8617553710938
v -7.240100383758545 11.331524848937988 568.8406982421875
v -7.3238630294799805 19.884788513183594 482.27557373046875
v -6.957916259765625 19.865224838256836 471.79425048828125
v -7.585402488708496 20.553253173828125 447.0400695800781
v -7.201941013336182 20.687395095825195 454.5527648925781
v -7.300030708312988 20.944313049316406 465.2164611816406
v -6.600512981414795 21.463109970092773 484.8833923339844
v -6.9096174240112305 20.452880859375 421.0190734863281
v -5.557759761810303 20.006879806518555 418.6811218261719
v -7.323922157287598 20.947654724121094 460.8804016113281
v -7.491675853729248 21.683799743652344 446.006591796875
v -6.340826511383057 21.568511962890625 422.9859924316406
v -6.229479789733887 24.166961669921875 491.1669616699219
v -7.101247787475586 24.626510620117188 452.55877685546875
v -6.435625076293945 25.150615692138672 491.2469177246094
v -6.419395446777344 26.049875259399414 490.8598327636719
v -7.446660995483398 24.943696975708008 483.512939453125
v -7.100139141082764 25.48331642150879 476.27838134765625
v -7.254763126373291 25.3641414642334 484.7228088378906
v -6.4527482986450195 25.411943435668945 492.3287658691406
v -5.9235687255859375 26.478099822998047 530.5489501953125
v -6.056543827056885 27.308923721313477 492.9105529785156
v -6.112630844116211 27.579654693603516 531.1283569335938
v -6.227360725402832 32.147377014160156 418.105224609375
v -6.345030784606934 33.867469787597656 423.768798828125
v -7.073024272918701 33.896793365478516 409.7458190917969
v -6.715121746063232 34.81821823120117 425.8996276855469
v -6.700873851776123 35.91946029663086 427.3908386230469
v -6.8732380867004395 36.757286071777344 410.1549987792969
v -6.418067932128906 38.80076599121094 411.0035400390625
v -6.205582618713379 40.8121223449707 553.578125
v -7.167294025421143 41.5174446105957 550.828857421875
v -6.521356105804443 41.98078536987305 551.6746826171875
v -6.23395299911499 41.71353530883789 552.969970703125
v -6.845038890838623 41.56716537475586 440.052490234375
v -6.995343208312988 42.617252349853516 440.4662170410156
v -6.659994602203369 44.016483306884766 440.8111877441406
v -6.689952850341797 43.929962158203125 426.71209716796875
v -6.929073810577393 44.290061950683594 425.567138671875
v -7.355107307434082 45.64234161376953 435.03131103515625
v -7.00748348236084 5.585235595703125 505.214111328125
v -6.958622455596924 6.787209987640381 504.22900390625
v -7.049046516418457 10.566007614135742 569.680419921875
v -6.763726234436035 20.523637771606445 477.84271240234375
v -6.804873943328857 20.85476303100586 480.852783203125
v -5.201889991760254 20.46529769897461 416.55352783203125
v -7.0033345222473145 21.40720558166504 451.3968200683594
v -7.004409313201904 21.192150115966797 485.8727111816406
v -6.476373195648193 21.946157455444336 488.6775207519531
v -6.478743076324463 24.518781661987305 416.0395812988281
v -6.36597204208374 24.59718132019043 533.2398681640625
v -6.973523139953613 25.899974822998047 460.0591125488281
v -6.6388163566589355 26.117172241210938 468.9812927246094
v -6.301907539367676 26.56426429748535 489.7745361328125
v -5.822390556335449 25.483524322509766 493.41278076171875
v -6.354473114013672 27.039203643798828 492.15826416015625
v -5.46668815612793 27.75435447692871 533.10009765625
v -5.426122188568115 28.07529067993164 532.1248168945312
v -6.795541763305664 30.501188278198242 411.1407470703125
v -6.702833652496338 30.61830711364746 415.2933654785156
v -5.901758193969727 30.988157272338867 409.8041076660156
v -6.196889400482178 37.85930252075195 428.48956298828125
v -6.615206241607666 39.003753662109375 429.4858093261719
v -5.766191005706787 38.89704895019531 550.9962158203125
v -4.830562114715576 39.74406051635742 550.4625854492188
v -7.078980922698975 40.401084899902344 431.3828125
v -6.066903114318848 40.25364303588867 438.3069763183594
v -6.071169376373291 43.327720642089844 418.76348876953125
v -6.033184051513672 43.6063346862793 423.5553283691406
v -6.298759937286377 45.2769660949707 433.3027038574219
v -6.396777153015137 20.33795738220215 474.6791076660156
v -6.095470905303955 21.13591766357422 468.6375427246094
v -6.546626091003418 21.527856826782227 454.7464294433594
v -6.7113261222839355 21.692832946777344 483.0025634765625
v -6.469040393829346 21.918045043945312 464.6073913574219
v -6.399366855621338 22.61556625366211 453.0837097167969
v -6.169203281402588 23.600112915039062 454.8314208984375
v -6.664692401885986 23.268917083740234 483.0489196777344
v -6.837494373321533 24.557538986206055 480.20269775390625
v -6.160087585449219 23.632091522216797 478.61090087890625
v -6.315277099609375 23.992746353149414 484.0447082519531
v -6.421463966369629 24.823564529418945 456.22100830078125
v -6.442424774169922 24.917484283447266 464.9349060058594
v -6.952062129974365 26.364307403564453 413.5482482910156
v -7.0507025718688965 27.25882911682129 415.2862243652344
v -6.207446098327637 26.089143753051758 485.7314758300781
v -6.443719387054443 26.604251861572266 487.3908996582031
v -7.151037693023682 29.1155948638916 414.1539001464844
v -6.332221508026123 26.007854461669922 411.9853515625
v -6.490692138671875 28.331375122070312 416.71820068359375
v -5.805698394775391 31.40387535095215 416.66552734375
v -6.115297317504883 34.61432647705078 409.17236328125
v -5.799444198608398 38.601993560791016 551.9585571289062
v -4.947465419769287 38.98751449584961 552.6535034179688
v -6.3537211418151855 40.85472869873047 430.7900085449219
v -6.499571800231934 40.24477767944336 434.6828918457031
v -4.521805286407471 40.367881774902344 442.1806335449219
v -4.659832954406738 41.56337356567383 413.964599609375
v -5.965544700622559 43.41592025756836 421.2423095703125
v -6.363819599151611 45.71267318725586 434.6487121582031
v -6.15854024887085 10.328596115112305 364.6583557128906
v -6.49265718460083 11.24325180053711 366.6831359863281
v -6.224350929260254 7.715175628662109 366.5367431640625
v -6.367650508880615 8.848349571228027 369.20782470703125
v -6.335170269012451 12.007195472717285 368.8142395019531
v -5.236917018890381 20.901905059814453 421.7828674316406
v -5.997001647949219 22.218338012695312 477.9729309082031
v -6.083517551422119 22.6568603515625 484.2159423828125
v -5.621105670928955 21.49306869506836 487.183349609375
v -5.972250938415527 22.80769157409668 458.5565490722656
v -5.047119617462158 24.00135612487793 422.5087585449219
v -6.017087936401367 23.0510311126709 414.9871826171875
v -5.773205757141113 25.2821044921875 469.2674255371094
v -6.170223236083984 26.318965911865234 417.62640380859375
v -6.117836952209473 24.68331527709961 459.91766357421875
v -5.096977233886719 25.803205490112305 533.6638793945312
v -5.17758846282959 27.074304580688477 418.8370666503906
v -5.309955596923828 25.731977462768555 421.2634582519531
v -5.972200870513916 37.13386917114258 427.2398681640625
v -3.5001397132873535 39.9005012512207 440.1468811035156
v -5.768416404724121 41.1002082824707 433.1442565917969
v -6.165278911590576 43.987464904785156 429.5634460449219
v -5.28641939163208 44.3599967956543 432.9318542480469
v -5.775231838226318 45.311153411865234 440.456787109375
v -4.597175121307373 45.96947479248047 439.8505859375
v -5.39910364151001 5.516972064971924 368.3927001953125
v -5.574437618255615 7.938002109527588 363.7331237792969
v -5.90423583984375 10.610527038574219 371.2271728515625
v -5.555655479431152 7.543612957000732 371.1860046386719
v -5.8749470710754395 13.178028106689453 365.25830078125
v -5.599681377410889 12.903396606445312 371.0042724609375
v -5.813796520233154 14.109875679016113 367.33013916015625
v -5.1581830978393555 15.460492134094238 368.390380859375
v -5.61093282699585 21.296142578125 472.0906066894531
v -5.618074893951416 21.75674057006836 475.11566162109375
v -5.26182746887207 22.8290958404541 469.0629577636719
v -5.4789276123046875 22.77500343322754 422.9190673828125
v -6.067492961883545 23.561927795410156 464.57208251953125
v -5.232681751251221 23.2352237701416 472.6003723144531
v -5.205769062042236 21.411109924316406 414.5002136230469
v -5.348483085632324 24.11427116394043 468.9378662109375
v -4.82585334777832 24.874387741088867 485.10308837890625
v -5.3876261711120605 24.463411331176758 492.390869140625
v -4.648881435394287 26.31215476989746 486.8091125488281
v -5.142821311950684 26.926712036132812 489.03155517578125
v -5.430739402770996 27.348068237304688 490.8693542480469
v -4.74918794631958 26.132604598999023 493.4991760253906
v -4.997063636779785 25.853811264038086 410.4639892578125
v -5.4461894035339355 29.98551368713379 417.3108825683594
v -4.852413177490234 32.659461975097656 408.76605224609375
v -4.6634602546691895 35.07086181640625 423.7142333984375
v -4.94280481338501 35.1297721862793 408.8675231933594
v -5.288432598114014 37.235450744628906 426.6823425292969
v -5.5805487632751465 40.25578689575195 428.0934753417969
v -5.750555038452148 42.03583908081055 430.377685546875
v -5.436544895172119 40.50904846191406 434.2447814941406
v -3.9634242057800293 40.05918884277344 550.3096313476562
v -5.091519355773926 42.727027893066406 443.70965576171875
v -5.2871222496032715 41.968284606933594 424.946044921875
v -5.508130073547363 41.76231002807617 427.2519226074219
v -5.768521308898926 43.121246337890625 430.03985595703125
v -4.731328010559082 44.257450103759766 443.4623107910156
v -4.893424034118652 45.034385681152344 433.9736022949219
v -4.127630233764648 45.94664001464844 438.4245300292969
v -5.285695552825928 5.322598934173584 366.7183837890625
v -5.421685218811035 6.21463680267334 364.9176330566406
v -5.316513538360596 9.91732120513916 362.6063537597656
v -5.355220317840576 13.145041465759277 363.64349365234375
v -4.908645153045654 21.90938377380371 422.4123229980469
v -5.279294967651367 22.127859115600586 488.95440673828125
v -4.598321914672852 22.206350326538086 486.2784423828125
v -4.401051998138428 23.30854034423828 485.46771240234375
v -4.465083599090576 24.925111770629883 531.7709350585938
v -4.118686676025391 25.53301429748535 530.7897338867188
v -3.6204049587249756 27.529457092285156 419.98370361328125
v -2.9795634746551514 26.840007781982422 533.4795532226562
v -4.775616645812988 27.178192138671875 492.8643493652344
v -4.436704635620117 28.040035247802734 531.6085815429688
v -4.523039817810059 30.777265548706055 417.5760192871094
v -4.453550815582275 32.43437194824219 418.27099609375
v -4.342743873596191 34.178932189941406 421.7815246582031
v -4.726468086242676 37.996337890625 410.10845947265625
v -5.25285005569458 38.43431854248047 426.5936584472656
v -4.6389007568359375 40.085853576660156 411.82763671875
v -4.766355991363525 40.27378845214844 436.4022521972656
v -3.561330795288086 41.145286560058594 553.30078125
v -4.170090198516846 41.34205627441406 550.521728515625
v -4.557769775390625 41.39154815673828 433.86773681640625
v -4.721107006072998 41.147300720214844 443.413818359375
v -4.963754653930664 42.3659782409668 432.8331604003906
v -1.6331417560577393 42.07566452026367 552.3583984375
v -5.080482006072998 42.38582992553711 424.4445495605469
v -4.447570323944092 42.238861083984375 422.0143127441406
v -3.1881263256073 45.079345703125 444.37335205078125
v -4.506305694580078 4.441597938537598 369.70623779296875
v -3.6632301807403564 8.969127655029297 375.29443359375
v -3.818269968032837 7.2501678466796875 374.5194091796875
v -4.471356391906738 11.57569408416748 373.8741455078125
v -4.613041877746582 11.644247055053711 361.6523132324219
v -4.343664169311523 15.16542911529541 371.7341613769531
v -4.661231994628906 15.926512718200684 365.5227355957031
v -4.3101372718811035 16.273378372192383 369.8381652832031
v -2.9506189823150635 19.35360336303711 418.7796936035156
v -4.382177829742432 22.214672088623047 488.2813720703125
v -4.224296569824219 24.10505485534668 492.1248474121094
v -4.009650230407715 27.410037994384766 491.508056640625
v -3.223789930343628 32.513671875 417.6578063964844
v -4.517171382904053 38.787715911865234 425.8880615234375
v -3.9646806716918945 38.97089767456055 551.4427490234375
v -4.930461406707764 40.20882797241211 425.66455078125
v -3.1205577850341797 39.4194450378418 552.91796875
v -4.473077774047852 42.371498107910156 416.9839782714844
v -4.211416244506836 42.490509033203125 419.56610107421875
v -4.370129108428955 45.03388214111328 435.172607421875
v -3.0469062328338623 45.484954833984375 437.9223937988281
v -3.821782112121582 3.175968885421753 367.6002197265625
v -3.735138416290283 3.5833661556243896 364.8187255859375
v -3.8046281337738037 4.932448863983154 372.67303466796875
v -3.923785924911499 5.2223219871521 362.7261047363281
v -4.007081508636475 7.310027122497559 361.3377685546875
v -3.5136420726776123 9.104405403137207 360.2109375
v -4.186429977416992 14.417893409729004 362.396484375
v -3.3910951614379883 14.453302383422852 374.21759033203125
v -3.6727218627929688 19.318256378173828 416.9605712890625
v -2.236341953277588 19.868671417236328 420.1611633300781
v -4.196878433227539 20.511428833007812 413.5867919921875
v -4.386064529418945 24.99651336669922 532.6166381835938
v -3.8737785816192627 25.613508224487305 421.8233337402344
v -3.769651412963867 26.28587532043457 488.54534912109375
v -3.910693645477295 27.00216293334961 489.6790771484375
v -2.5004594326019287 26.900930404663086 530.4193115234375
v -2.2863245010375977 27.680490493774414 533.0741577148438
v -3.379129648208618 26.075878143310547 409.5647277832031
v -4.012129306793213 31.437715530395508 408.9266357421875
v -2.9869883060455322 33.06208801269531 418.3355712890625
v -4.317114353179932 40.240867614746094 425.2461242675781
v -3.889010190963745 41.51424026489258 435.0313415527344
v -4.100004196166992 42.29252243041992 446.06964111328125
v -4.123415470123291 42.96704864501953 433.539794921875
v -3.035109758377075 11.765238761901855 375.93365478515625
v -3.370800495147705 11.885126113891602 360.1807556152344
v -3.334258556365967 17.072370529174805 364.3235778808594
v -3.3245456218719482 17.818296432495117 367.8747253417969
v -3.543236017227173 23.061803817749023 487.53875732421875
v -3.3677268028259277 24.55282211303711 486.8761291503906
v -3.4829916954040527 25.201847076416016 492.5226135253906
v -3.1817076206207275 26.261219024658203 492.166259765625
v -1.3409641981124878 26.23248863220215 533.1447143554688
v -2.831148862838745 31.629274368286133 417.5371398925781
v -3.3445794582366943 36.044559478759766 422.6372985839844
v -3.3644840717315674 35.69672393798828 409.0208435058594
v -3.2945046424865723 38.60386276245117 410.7672424316406
v -2.890014171600342 39.72439193725586 442.1967468261719
v -2.9782638549804688 40.263240814208984 553.3991088867188
v -1.8961268663406372 40.472808837890625 439.6217041015625
v -3.3340227603912354 40.07148742675781 446.1881408691406
v -3.049043893814087 40.5512809753418 421.7044677734375
v -3.658301591873169 41.01018524169922 446.8384094238281
v -1.9145851135253906 42.12110900878906 551.2373046875
v -2.7416908740997314 43.23533248901367 448.32916259765625
v -2.5655994415283203 4.955201625823975 361.2446594238281
v -3.056939125061035 5.205126762390137 374.2371520996094
v -2.77170991897583 14.421740531921387 360.68511962890625
v -2.676659107208252 17.59978675842285 371.2148742675781
v -2.9151864051818848 21.51561737060547 411.6644287109375
v -3.0613577365875244 23.547534942626953 422.4595031738281
v -3.0927793979644775 24.231365203857422 490.8875732421875
v -3.19075083732605 33.33011245727539 408.7080383300781
v -1.4522868394851685 36.20357894897461 419.4433288574219
v -1.849145531654358 38.707000732421875 551.5017700195312
v -2.7298059463500977 40.164833068847656 412.7649841308594
v -2.6985878944396973 41.226646423339844 415.1438903808594
v -2.957132339477539 41.40468215942383 419.429931640625
v -2.029578447341919 40.80219268798828 451.0041198730469
v -3.6281445026397705 43.397212982177734 434.7504577636719
v -2.539273977279663 44.756385803222656 437.2971496582031
v -2.61647891998291 2.589021682739258 371.29339599609375
v -1.8356962203979492 7.093800067901611 359.358642578125
v -2.5081803798675537 16.405487060546875 362.0509948730469
v -1.65471351146698 17.037755966186523 374.06439208984375
v -0.791802167892456 17.37046241760254 414.47076416015625
v -1.3995836973190308 17.410263061523438 416.7289733886719
v -1.365578055381775 21.59066390991211 421.63385009765625
v -2.926447868347168 26.00916290283203 490.1186218261719
v -1.494537591934204 22.643470764160156 410.6540832519531
v -1.76458740234375 25.326139450073242 531.6655883789062
v -2.0897409915924072 25.86077308654785 530.7242431640625
v -1.4439764022827148 25.593429565429688 532.6609497070312
v -1.9200903177261353 28.259174346923828 531.4117431640625
v -2.1834168434143066 26.550067901611328 409.2716369628906
v -1.9332594871520996 28.09844207763672 532.6168823242188
v -2.045799970626831 25.84438705444336 421.705810546875
v -2.7361345291137695 30.155620574951172 418.732421875
v -2.2761354446411133 34.69600296020508 419.7333679199219
v -0.7274166941642761 37.06092071533203 418.158935546875
v -1.7921239137649536 40.86967849731445 550.1346435546875
v -0.9457263350486755 41.92546081542969 439.0773010253906
v -1.5844740867614746 43.20090103149414 437.81195068359375
v -1.8012022972106934 45.611541748046875 441.3382263183594
v -2.2296135425567627 1.8895223140716553 366.3946228027344
v -1.681325912475586 1.290266513824463 369.33538818359375
v -1.6474571228027344 3.3222787380218506 361.9876708984375
v -1.8009549379348755 3.079108953475952 373.7408752441406
v -1.580367922782898 11.23958969116211 358.6974182128906
v -1.8390264511108398 14.777472496032715 375.8473205566406
v -1.7540278434753418 18.89297103881836 365.93341064453125
v -2.721938133239746 25.14055633544922 490.5152893066406
v -1.8323417901992798 36.13179016113281 409.78338623046875
v -1.060038447380066 39.417152404785156 550.4998779296875
v -2.3755602836608887 39.256591796875 446.1128234863281
v -1.2905514240264893 41.36049270629883 553.4140625
v -1.0291121006011963 45.373512268066406 444.7925109863281
v -1.7143316268920898 2.091686964035034 364.1937561035156
v -1.5072555541992188 6.329190731048584 376.7318420410156
v -1.4901365041732788 15.798226356506348 360.5404052734375
v -1.3944339752197266 18.089984893798828 363.13800048828125
v -1.3829619884490967 19.16728401184082 369.35858154296875
v -1.0640058517456055 17.86260414123535 419.0002136230469
v -0.5910395383834839 18.34317398071289 412.81512451171875
v 1.1239122152328491 26.974836349487305 530.0012817382812
v -0.6369291543960571 26.974546432495117 409.3685302734375
v -2.0603175163269043 33.8024787902832 409.01312255859375
v -1.7956687211990356 38.486698150634766 411.6825866699219
v -1.3270450830459595 39.73569869995117 451.4707946777344
v -1.3191031217575073 40.03705596923828 415.90362548828125
v -1.9288724660873413 42.252498626708984 451.08575439453125
v -0.939189076423645 3.747309684753418 375.4869689941406
v -1.6845073699951172 8.959783554077148 377.2587585449219
v -0.8090858459472656 9.519464492797852 358.248046875
v -1.328803300857544 11.951462745666504 377.49237060546875
v -0.7441413998603821 13.655714988708496 358.8033447265625
v -1.01839280128479 23.836383819580078 422.03521728515625
v -0.34168168902397156 22.96059799194336 410.4648742675781
v -1.3039084672927856 30.511611938476562 418.52960205078125
v -0.46518009901046753 31.47406005859375 417.22943115234375
v -0.9292237162590027 32.29203796386719 416.7960205078125
v -1.0505214929580688 33.76803970336914 416.81097412109375
v -1.246946930885315 39.15107727050781 413.2505187988281
v -0.7856613993644714 38.92970275878906 445.091552734375
v -0.46609365940093994 38.77667999267578 553.6404418945312
v -0.2937074303627014 39.70825958251953 553.9014892578125
v -0.998031497001648 39.26203536987305 417.2284851074219
v -1.246225118637085 44.29929733276367 448.4395446777344
v -0.9665391445159912 43.61275100708008 450.84930419921875
v -0.5457899570465088 44.1077766418457 440.0699462890625
v 0.22451350092887878 0.050583936274051666 367.75030517578125
v -0.026601336896419525 0.812897801399231 364.9991455078125
v -0.3229701519012451 0.7260162234306335 371.359619140625
v -0.3594079613685608 2.1521475315093994 362.4700622558594
v -0.522868812084198 4.720650672912598 359.8511657714844
v -0.37067124247550964 7.001442909240723 378.9536437988281
v -0.18298429250717163 17.35638427734375 361.0792236328125
v -0.0045755477622151375 19.319171905517578 372.2476806640625
v 0.15799205005168915 19.488765716552734 411.50823974609375
v -0.1781928688287735 19.333873748779297 421.2713928222656
v -0.5752025246620178 25.231733322143555 530.7035522460938
v -0.33873769640922546 26.24456214904785 529.987060546875
v -0.7805596590042114 26.549219131469727 421.5621032714844
v -0.8349164128303528 34.20051574707031 409.78619384765625
v -0.41632595658302307 37.84496307373047 417.0274658203125
v -0.3196984827518463 37.88132095336914 552.6919555664062
v 0.25148501992225647 38.50589370727539 450.7513427734375
v -0.6700869202613831 38.957298278808594 451.0895080566406
v -1.0974202156066895 41.30107879638672 452.51153564453125
v -0.906110942363739 44.97067642211914 440.647705078125
v -0.9234499931335449 -21.597171783447266 53.12319564819336
v -0.755890965461731 -23.933942794799805 50.68045425415039
v -0.8969298005104065 -22.14107322692871 50.08566665649414
v -0.8887984752655029 -20.733049392700195 50.484737396240234
v -0.6649373173713684 4.836881637573242 377.3445739746094
v -0.39639702439308167 9.6476411819458 379.37646484375
v -0.30087679624557495 11.32703685760498 379.3464050292969
v -0.40460431575775146 15.195305824279785 376.7824401855469
v 0.11883261054754257 19.233972549438477 363.7892761230469
v 0.581452488899231 24.443267822265625 531.1354370117188
v 0.732803225517273 26.83154296875 532.7958374023438
v 0.3303631544113159 27.397947311401367 421.04681396484375
v 0.8057658076286316 27.702695846557617 531.1444702148438
v -0.3506266176700592 29.37118148803711 409.6200866699219
v -0.19080418348312378 35.08854675292969 410.84478759765625
v -0.5816150903701782 38.48431396484375 414.0196533203125
v -0.32507866621017456 40.93735122680664 550.7711791992188
v -0.18113495409488678 40.70139694213867 441.49359130859375
v -0.3314802646636963 42.78823471069336 452.5251159667969
v 0.5029270648956299 44.46762466430664 447.93572998046875
v -0.5274233222007751 -24.867366790771484 54.989925384521484
v -0.31147417426109314 -22.245174407958984 56.989044189453125
v -0.16941043734550476 -20.74636459350586 44.09977722167969
v -0.08460764586925507 -19.02882957458496 54.864776611328125
v -0.5818421244621277 -18.869430541992188 51.24087142944336
v -0.3446105718612671 -18.24484634399414 45.41652297973633
v -0.24936126172542572 -18.05278778076172 48.937259674072266
v 0.31928786635398865 0.9674742221832275 372.9797058105469
v -0.5253633856773376 3.3835673332214355 376.36846923828125
v 0.5338270664215088 6.463494300842285 358.39105224609375
v 0.6958559155464172 8.822481155395508 357.689208984375
v 0.09141620248556137 14.749903678894043 377.9951477050781
v 0.5951883792877197 16.911441802978516 419.1606140136719
v 0.3327981233596802 20.156713485717773 367.21575927734375
v 1.3754478693008423 20.57408332824707 370.014892578125
v 1.644895076751709 20.509204864501953 422.3262023925781
v 0.3451678156852722 25.28780746459961 532.6260986328125
v 1.26511549949646 24.352331161499023 410.4747314453125
v -0.4711896777153015 25.981176376342773 519.0059204101562
v -0.677895724773407 27.204727172851562 519.5947265625
v -0.42422017455101013 25.474159240722656 522.374755859375
v -0.31001606583595276 27.334278106689453 517.4512939453125
v -0.20860745012760162 34.54142761230469 415.8016357421875
v -0.2533319890499115 37.94369125366211 415.06158447265625
v 1.6739481687545776 36.69622802734375 551.9007568359375
v 0.84772789478302 38.455108642578125 450.012451171875
v 0.8094277381896973 39.11747741699219 550.5673217773438
v 0.4278281629085541 39.75385284423828 453.58099365234375
v 0.2124534696340561 40.347232818603516 553.6767578125
v -0.14061284065246582 43.0175895690918 440.1722717285156
v 0.42992615699768066 44.23845291137695 450.2684326171875
v 0.39051175117492676 44.760032653808594 443.9978332519531
v 0.13165093958377838 -26.96951675415039 55.27945327758789
v 0.24669548869132996 -25.73307228088379 58.79608154296875
v 0.11901973932981491 -26.027158737182617 49.97782516479492
v 0.5329515933990479 -22.89154815673828 43.49351119995117
v 0.11730492860078812 -18.918210983276367 42.79877471923828
v 0.39172831177711487 -16.416343688964844 43.64729690551758
v 0.5816227197647095 -16.518177032470703 52.18485641479492
v 0.358979731798172 -15.914700508117676 46.07686996459961
v 0.40792474150657654 1.1052861213684082 374.50982666015625
v 1.2504587173461914 3.0594725608825684 360.409423828125
v 1.1132807731628418 11.195530891418457 357.5148620605469
v 0.37100666761398315 15.019211769104004 378.8169860839844
v 0.532529354095459 15.296438217163086 359.03900146484375
v 1.2612391710281372 17.875879287719727 375.8435363769531
v 0.7611818909645081 16.14982795715332 416.4731750488281
v 1.2561718225479126 18.579341888427734 361.85107421875
v 0.24977026879787445 24.78838348388672 525.1239624023438
v 0.13131357729434967 24.07953453063965 523.9209594726562
v 1.9228827953338623 22.92060089111328 422.50225830078125
v 0.0905904471874237 25.83783531188965 523.54931640625
v 0.26933056116104126 24.627147674560547 529.9047241210938
v 0.29463520646095276 27.3685359954834 521.2472534179688
v 0.05388876795768738 28.11835289001465 519.775146484375
v 0.03928346559405327 29.4209041595459 514.6819458007812
v 0.13542550802230835 28.857967376708984 517.3417358398438
v 1.2692731618881226 28.02490234375 420.2340393066406
v 0.6121282577514648 30.123188018798828 410.44775390625
v 0.3587985336780548 31.735538482666016 416.188232421875
v 0.49204394221305847 32.6075553894043 415.2396240234375
v 0.2350122630596161 35.41883850097656 414.4425048828125
v 0.511630654335022 34.73476028442383 412.4788818359375
v 0.6642026901245117 39.66498565673828 444.5403137207031
v 0.5884487628936768 41.729156494140625 453.9989013671875
v 2.129788875579834 40.292816162109375 552.8759155273438
v 1.1938481330871582 40.73428726196289 443.6294250488281
v 0.5752524137496948 41.19139862060547 551.887451171875
v 2.048713445663452 43.216304779052734 453.5621643066406
v 1.0215908288955688 44.044551849365234 443.654541015625
v 0.8115038275718689 -26.174938201904297 47.8759765625
v 0.983561635017395 -25.24193572998047 61.74348068237305
v 0.6594661474227905 -21.93268585205078 59.948463439941406
v 0.777523398399353 -21.229883193969727 41.570274353027344
v 0.9808200001716614 -18.67603302001953 40.46186447143555
v 0.7970730662345886 -16.515369415283203 41.79285430908203
v 0.8982358574867249 -15.859460830688477 50.0367546081543
v 2.7052502632141113 0.4888075292110443 363.1871643066406
v 2.7492895126342773 1.9171644449234009 378.47271728515625
v 1.7528220415115356 4.525855541229248 359.0617370605469
v 0.812139630317688 9.239843368530273 380.64794921875
v 0.8966626524925232 12.674455642700195 380.4356994628906
v 1.1168029308319092 17.309368133544922 376.6789245605469
v 0.9081199765205383 23.23149871826172 524.7379150390625
v 0.6018581986427307 25.37369155883789 518.5574340820312
v 0.5672165751457214 25.28158950805664 528.9586791992188
v 0.8729034066200256 26.606319427490234 516.2695922851562
v 0.8692828416824341 26.298282623291016 523.4893798828125
v 0.9932811260223389 27.698575973510742 515.0767822265625
v 0.2734515368938446 28.263154983520508 515.3798828125
v 1.2261600494384766 27.899381637573242 410.2757568359375
v 0.9942487478256226 28.415874481201172 519.620361328125
v 0.36602866649627686 28.667173385620117 512.9111938476562
v 0.37053778767585754 30.03535270690918 515.9849853515625
v 0.5062263607978821 29.853904724121094 511.1737365722656
v 0.7494813203811646 29.053504943847656 511.4264221191406
v 2.7980690002441406 28.00943946838379 419.3104248046875
v 0.6672435402870178 30.872499465942383 511.0411682128906
v 1.3296916484832764 36.257511138916016 553.1461181640625
v 1.7746455669403076 36.766693115234375 554.4503784179688
v 1.3897119760513306 38.995887756347656 448.1759948730469
v 1.5079691410064697 38.41427230834961 451.9770202636719
v 2.532656669616699 39.18735122680664 554.10693359375
v 1.1976264715194702 -28.788585662841797 55.706329345703125
v 1.454775094985962 -28.958473205566406 53.52786636352539
v 1.7165639400482178 -28.81317901611328 60.706932067871094
v 1.6681548357009888 -20.095481872558594 60.60456466674805
v 1.5908770561218262 -16.792251586914062 55.868072509765625
v 1.1506413221359253 -14.637472152709961 38.79792785644531
v 1.5662468671798706 -14.045705795288086 47.09635543823242
v 1.3434183597564697 -0.2270347774028778 370.77178955078125
v 2.110764980316162 -0.3393062353134155 365.5863037109375
v 1.6508709192276 -0.5301216244697571 372.43487548828125
v 3.4339394569396973 0.413813978433609 377.15899658203125
v 2.09527325630188 3.340444326400757 379.25775146484375
v 1.1942130327224731 5.206777572631836 379.6596374511719
v 1.8455501794815063 12.177051544189453 381.69586181640625
v 2.113420009613037 12.848784446716309 357.5767822265625
v 1.852607250213623 14.559535026550293 380.8048095703125
v 2.0290093421936035 17.258275985717773 360.024658203125
v 1.653814673423767 18.340023040771484 421.28045654296875
v 2.0791003704071045 18.86102294921875 375.1929626464844
v 2.372610330581665 20.272462844848633 364.58245849609375
v 0.8953677415847778 23.75608253479004 529.7265625
v 0.6238260865211487 24.49217987060547 527.7484741210938
v 1.1994898319244385 24.387128829956055 521.5892944335938
v 1.2993141412734985 25.5323486328125 527.3870849609375
v 1.4280041456222534 25.686798095703125 525.5467529296875
v 3.5848002433776855 23.910676956176758 422.18499755859375
v 1.1694127321243286 30.346942901611328 516.4544067382812
v 1.1963441371917725 28.893367767333984 509.38446044921875
v 0.8664882183074951 29.474645614624023 506.8987121582031
v 1.07768714427948 29.126604080200195 505.2928466796875
v 0.7802492380142212 30.168272018432617 502.50408935546875
v 0.40525269508361816 30.474123001098633 505.3102111816406
v 0.4972452223300934 30.970230102539062 506.87835693359375
v 0.6361838579177856 31.53857421875 502.2547302246094
v 0.5995061993598938 31.670122146606445 505.3258056640625
v 0.9935716986656189 31.147642135620117 513.2692260742188
v 1.2659074068069458 32.30766296386719 506.2789001464844
v 1.147823691368103 31.393930435180664 411.95526123046875
v 1.1590008735656738 31.631269454956055 414.9227600097656
v 1.1754789352416992 31.929258346557617 413.5044250488281
v 1.869361400604248 39.88706588745117 551.2194213867188
v 1.4448294639587402 42.64871597290039 443.2223815917969
v 1.6245990991592407 -27.9751033782959 49.491825103759766
v 1.549715280532837 -27.42894744873047 62.12032699584961
v 1.9725511074066162 -24.762386322021484 42.59719467163086
v 1.5917059183120728 -23.265380859375 63.10009765625
v 1.458635687828064 -20.000638961791992 39.766456604003906
v 1.2410179376602173 -16.59958267211914 37.93177795410156
v 2.374022960662842 -14.283451080322266 50.488136291503906
v 1.4459537267684937 -13.273618698120117 40.924766540527344
v 1.4546403884887695 -14.317599296569824 43.254886627197266
v 2.5085806846618652 -0.8881584405899048 368.64697265625
v 2.623594284057617 5.797565460205078 358.17218017578125
v 2.2527692317962646 15.807879447937012 380.4891662597656
v 2.5493297576904297 17.3046932220459 379.65667724609375
v 4.391512393951416 15.005245208740234 414.5633239746094
v 3.780550241470337 15.296303749084473 418.2236328125
v 1.6564055681228638 18.413856506347656 377.1044006347656
v 1.5481384992599487 23.480241775512695 530.0906982421875
v 1.9461643695831299 23.486167907714844 523.9649658203125
v 1.470552682876587 24.57317352294922 531.4580688476562
v 1.5797260999679565 25.695146560668945 517.93310546875
v 1.5803166627883911 25.904029846191406 528.796630859375
v 1.9116709232330322 27.407365798950195 520.7021484375
v 1.7578247785568237 26.433387756347656 532.0491943359375
v 2.064239501953125 26.796798706054688 530.6990356445312
v 1.7035961151123047 27.84001922607422 512.9156494140625
v 2.0062756538391113 28.308656692504883 511.2495422363281
v 1.5612528324127197 28.79734992980957 518.3788452148438
v 1.5164823532104492 29.361616134643555 501.9593200683594
v 1.9290375709533691 30.016006469726562 517.0213623046875
v 1.1370530128479004 30.879444122314453 499.5665588378906
v 1.5471854209899902 30.274829864501953 497.75616455078125
v 1.4464837312698364 31.221099853515625 496.3402404785156
v 1.0306336879730225 31.488737106323242 498.428955078125
v 1.6137032508850098 31.731786727905273 510.8665466308594
v 1.5577470064163208 32.50270462036133 496.7095031738281
v 1.4541192054748535 32.558631896972656 499.5710754394531
v 1.8397234678268433 32.32815170288086 509.2232360839844
v 1.5439858436584473 32.867000579833984 501.5542297363281
v 1.8872066736221313 38.47010040283203 554.5739135742188
v 2.8440678119659424 38.477638244628906 455.0205383300781
v 1.9283462762832642 43.502044677734375 447.0710144042969
v 2.7429327964782715 -30.491783142089844 55.08932113647461
v 2.457726240158081 -30.161203384399414 59.94673538208008
v 2.772043228149414 -26.587669372558594 65.77387237548828
v 2.817108392715454 -27.085723876953125 45.05322265625
v 2.159334659576416 -23.122379302978516 40.5650749206543
v 2.704148530960083 -20.43272590637207 63.01625061035156
v 2.409583806991577 -18.15705680847168 35.84178924560547
v 1.797482967376709 -15.32722282409668 36.676971435546875
v 2.7893266677856445 -14.360372543334961 52.977867126464844
v 2.005863666534424 -12.453173637390137 38.90060806274414
v 2.572754144668579 -12.746337890625 44.45548629760742
v 2.635348081588745 7.223031520843506 382.27618408203125
v 3.35813045501709 7.600051403045654 357.4511413574219
v 2.2502334117889404 9.10202407836914 382.3245849609375
v 2.0884623527526855 11.162121772766113 382.1435546875
v 1.6568909883499146 11.663314819335938 382.97943115234375
v 1.6973435878753662 13.022950172424316 382.11932373046875
v 1.6832181215286255 15.40164566040039 381.9100036621094
v 2.9726662635803223 15.88149356842041 358.7699890136719
v 4.4386773109436035 15.634251594543457 413.0826721191406
v 4.6743998527526855 16.25444793701172 420.21441650390625
v 3.11769962310791 20.077157974243164 373.6485290527344
v 3.19004225730896 19.640235900878906 410.7537536621094
v 5.529516696929932 16.735000610351562 411.4334716796875
v 3.052891254425049 21.143211364746094 368.0959167480469
v 3.9025702476501465 21.92584991455078 410.5049743652344
v 2.375173568725586 23.108835220336914 525.3553466796875
v 2.386171817779541 23.036212921142578 527.7750244140625
v 2.167438507080078 24.78884506225586 522.6620483398438
v 2.5212271213531494 24.261856079101562 530.561279296875
v 2.05517840385437 25.74301528930664 524.1364135742188
v 1.6753332614898682 26.286911010742188 522.9359741210938
v 3.049339532852173 26.1706485748291 411.60009765625
v 5.077787399291992 24.672199249267578 421.4647521972656
v 2.3098318576812744 27.7146053314209 515.2001953125
v 2.5777101516723633 28.345888137817383 510.0151672363281
v 2.196791648864746 29.330076217651367 411.8599853515625
v 2.0006024837493896 28.7829532623291 507.348876953125
v 2.061861991882324 29.471343994140625 500.2330322265625
v 2.0682334899902344 29.59022331237793 498.3847351074219
v 2.5282158851623535 30.128421783447266 414.2572021484375
v 2.2973713874816895 30.843324661254883 492.3284912109375
v 1.9895222187042236 31.593158721923828 512.665283203125
v 1.666452169418335 32.689327239990234 492.9530944824219
v 1.4911519289016724 32.7159538269043 495.6040344238281
v 1.8851382732391357 33.096858978271484 489.9544372558594
v 1.5546408891677856 33.205543518066406 491.8761291503906
v 1.8706655502319336 31.500059127807617 491.4692077636719
v 2.5264155864715576 32.59418869018555 507.2023010253906
v 2.1529998779296875 35.168609619140625 554.1929931640625
v 2.635215997695923 37.013916015625 554.8458862304688
v 2.8650052547454834 38.81162643432617 450.7456970214844
v 2.7885220050811768 38.21027374267578 453.5525817871094
v 2.111182689666748 39.44563674926758 455.6603088378906
v 2.4453394412994385 41.104400634765625 456.6741027832031
v 2.144254684448242 41.062156677246094 445.929931640625
v 2.5430381298065186 42.288909912109375 455.7756652832031
v 2.3560965061187744 42.294334411621094 446.5255432128906
v 2.5729150772094727 43.56137466430664 451.2093505859375
v 3.3887646198272705 -30.479825973510742 52.354671478271484
v 2.3112235069274902 -21.393381118774414 39.05156707763672
v 2.4947855472564697 -16.00492286682129 35.49720001220703
v 2.114176034927368 -14.478548049926758 35.877838134765625
v 2.1916821002960205 -12.340632438659668 36.6938362121582
v 2.047572374343872 -13.58129596710205 31.232261657714844
v 1.8825818300247192 -11.789301872253418 31.8352108001709
v 2.7578330039978027 -10.458629608154297 36.89796829223633
v 2.5967748165130615 -11.178135871887207 41.48733901977539
v 2.1749374866485596 -12.34521770477295 29.76374626159668
v 2.2358081340789795 -10.022745132446289 31.82948875427246
v 2.336205005645752 -9.595544815063477 26.997119903564453
v 2.38197922706604 -10.393607139587402 24.4713191986084
v 2.2595672607421875 -7.999396324157715 24.34653091430664
v 1.957998514175415 -7.0591888427734375 20.410572052001953
v 2.5035626888275146 -8.598234176635742 19.996112823486328
v 2.1273179054260254 -5.393040180206299 17.0374813079834
v 1.814829707145691 -4.355644226074219 18.918872833251953
v 1.9845528602600098 -3.651313066482544 19.928537368774414
v 2.5578203201293945 -5.12816047668457 23.506616592407227
v 2.2026004791259766 -3.9176034927368164 17.275100708007812
v 2.9625988006591797 -1.4237253665924072 370.2405700683594
v 3.0406436920166016 2.9293088912963867 380.1662292480469
v 3.118220090866089 4.95589017868042 381.6767272949219
v 3.3580517768859863 9.993559837341309 357.0887756347656
v 2.4759104251861572 6.779774188995361 383.01495361328125
v 1.8700891733169556 9.619431495666504 383.1364440917969
v 2.0150437355041504 15.23878288269043 381.38470458984375
v 1.8580838441848755 16.632591247558594 381.25634765625
v 2.9913737773895264 18.652307510375977 378.70318603515625
v 2.7826902866363525 20.360231399536133 374.9381408691406
v 4.070847034454346 21.585613250732422 422.5489807128906
v 2.2992851734161377 25.937660217285156 519.7217407226562
v 2.216618776321411 25.424270629882812 521.9168090820312
v 2.637202262878418 25.51556968688965 528.9068603515625
v 2.7369298934936523 25.503210067749023 530.729248046875
v 2.4904725551605225 26.62660026550293 517.255126953125
v 2.2951066493988037 26.57417869567871 520.7860717773438
v 2.6641759872436523 27.723848342895508 518.3872680664062
v 2.3636274337768555 28.757951736450195 503.7678527832031
v 2.815286159515381 28.761798858642578 508.3975524902344
v 3.4576473236083984 28.483963012695312 417.41845703125
v 2.527383327484131 30.726675033569336 515.0409545898438
v 2.7982332706451416 32.25312805175781 488.52020263671875
v 2.4573049545288086 32.93113708496094 504.3165588378906
v 2.6119229793548584 33.5768928527832 497.2530822753906
v 2.542469024658203 33.277069091796875 501.19036865234375
v 2.53682279586792 34.19440841674805 493.84381103515625
v 2.7601125240325928 34.884464263916016 489.5115051269531
v 2.350395441055298 33.365753173828125 488.9703674316406
v 2.074835777282715 34.347694396972656 491.5722961425781
v 2.5243821144104004 34.74819564819336 553.2005004882812
v 3.087512969970703 36.775856018066406 551.849609375
v 2.945188522338867 37.99826431274414 551.532958984375
v 3.1016247272491455 39.782405853271484 449.5884094238281
v 3.1463778018951416 38.99601745605469 551.994873046875
v 3.548794746398926 -31.337669372558594 59.44305419921875
v 3.198091745376587 -29.22001838684082 49.14106750488281
v 4.596027851104736 -21.97675132751465 67.43822479248047
v 3.460839033126831 -20.529354095458984 36.01520919799805
v 3.5763437747955322 -15.269316673278809 56.49788284301758
v 3.5010440349578857 -16.86126708984375 58.891597747802734
v 2.7962663173675537 -15.22691822052002 30.71782875061035
v 2.8157641887664795 -14.13097858428955 28.87917709350586
v 2.414893627166748 -11.026798248291016 26.246070861816406
v 3.1513705253601074 -10.579354286193848 40.688262939453125
v 2.8841848373413086 -10.31355094909668 22.483142852783203
v 2.858034133911133 -8.379008293151855 28.807952880859375
v 3.2702105045318604 -7.941961765289307 29.854045867919922
v 2.642446517944336 -6.702066421508789 25.570104598999023
v 2.789578914642334 -7.155693054199219 16.936742782592773
v 3.1895337104797363 -5.237042427062988 15.442522048950195
v 2.946857213973999 -1.7799415588378906 15.078384399414062
v 2.831049919128418 -2.497567653656006 21.24445343017578
v 2.424759864807129 -2.0965566635131836 16.62137794494629
v 2.5709877014160156 -1.47955322265625 18.28905487060547
v 3.3045878410339355 0.2905915677547455 16.541532516479492
v 3.9917304515838623 13.509889602661133 357.60675048828125
v 4.499436855316162 15.171195030212402 385.85235595703125
v 2.23660945892334 18.010347366333008 380.6322021484375
v 2.6660683155059814 19.313817977905273 379.72918701171875
v 4.002082347869873 20.771821975708008 376.6004333496094
v 3.9024267196655273 18.434648513793945 421.7450866699219
v 4.611244201660156 19.66839599609375 362.5936584472656
v 4.480286598205566 21.0152530670166 365.7436218261719
v 2.9189460277557373 24.10112190246582 524.5874633789062
v 2.7516283988952637 25.077163696289062 524.4692993164062
v 3.0248072147369385 28.046245574951172 516.6724853515625
v 2.944795846939087 28.11353874206543 512.9989624023438
v 2.875061511993408 29.284847259521484 516.75390625
v 3.620330572128296 29.32539939880371 496.65191650390625
v 3.164297103881836 29.965721130371094 493.68499755859375
v 3.275320291519165 30.50176429748535 490.9648132324219
v 3.0191447734832764 31.375782012939453 512.631591796875
v 3.319216728210449 31.61162757873535 510.731201171875
v 2.853839635848999 33.346439361572266 486.0637512207031
v 2.493739366531372 34.461143493652344 486.7227478027344
v 2.8910374641418457 34.022220611572266 483.448486328125
v 2.7705276012420654 34.01294708251953 555.0826416015625
v 2.440244436264038 35.27052307128906 484.69354248046875
v 3.211282968521118 35.15138626098633 492.04986572265625
v 2.8392245769500732 35.526634216308594 487.0524597167969
v 2.907222270965576 36.315956115722656 485.65972900390625
v 3.7983951568603516 34.97734069824219 552.4730834960938
v 3.471705675125122 38.243896484375 452.6822204589844
v 3.4518673419952393 40.77041244506836 449.45880126953125
v 2.682445526123047 39.845359802246094 457.3373107910156
v 3.328996419906616 42.25898361206055 457.3462829589844
v 4.613403797149658 42.839263916015625 456.3451232910156
v 3.190916061401367 42.95370101928711 450.32012939453125
v 4.27276086807251 -29.781373977661133 66.78209686279297
v 4.25431489944458 -26.405900955200195 41.91653060913086
v 3.9341189861297607 -24.63764762878418 39.94402313232422
v 3.5460212230682373 -23.849742889404297 67.05351257324219
v 3.782166004180908 -26.005983352661133 67.77088928222656
v 3.731015205383301 -23.030139923095703 38.6024169921875
v 3.502000570297241 -18.311975479125977 61.3562126159668
v 3.5538766384124756 -17.813941955566406 34.47623825073242
v 3.966487169265747 -12.347502708435059 48.560176849365234
v 3.9529967308044434 -13.259686470031738 50.97073745727539
v 4.225154876708984 -11.515286445617676 45.51615524291992
v 3.325810194015503 -12.71618938446045 25.109689712524414
v 3.3468267917633057 -12.078174591064453 23.52019500732422
v 3.5790886878967285 -9.267857551574707 38.77079772949219
v 3.452082633972168 -9.705962181091309 19.07605743408203
v 3.23665189743042 -8.341374397277832 32.91820526123047
v 3.66530442237854 -9.01991081237793 37.17658996582031
v 3.4656524658203125 -6.155828475952148 15.184059143066406
v 3.677797555923462 -3.5162549018859863 14.204989433288574
v 3.6455416679382324 -3.878032684326172 24.38424301147461
v 3.8109681606292725 0.23605330288410187 19.27984619140625
v 5.505786418914795 -1.886313557624817 373.574951171875
v 4.633332252502441 -1.0485124588012695 375.3426513671875
v 4.338627338409424 -0.7624639272689819 365.4811096191406
v 4.7949538230896 1.1854363679885864 361.60528564453125
v 3.342578649520874 4.454930782318115 382.5091552734375
v 4.596529006958008 11.255694389343262 386.5771484375
v 4.96322774887085 14.61169719696045 415.84588623046875
v 4.77973747253418 17.787187576293945 384.7357482910156
v 6.088467597961426 21.154098510742188 382.8448486328125
v 3.3166489601135254 20.709867477416992 378.5844421386719
v 3.960808038711548 20.738174438476562 372.48309326171875
v 3.5831196308135986 21.252220153808594 373.7757873535156
v 3.323953866958618 24.281370162963867 527.6900634765625
v 4.545938014984131 24.026681900024414 411.1270751953125
v 3.5836987495422363 28.979969024658203 511.0527038574219
v 3.1026759147644043 28.442163467407227 515.138671875
v 3.8253934383392334 27.47861671447754 413.41357421875
v 3.741687059402466 29.26133918762207 500.9210510253906
v 3.6783926486968994 28.99276351928711 504.0537109375
v 3.281406879425049 29.33384895324707 515.24365234375
v 3.867511749267578 28.263286590576172 415.1070556640625
v 3.585822105407715 30.530000686645508 513.4080810546875
v 3.5787193775177 31.633745193481445 488.3227233886719
v 3.255380153656006 30.00888442993164 556.527587890625
v 3.147695302963257 31.67877197265625 556.39404296875
v 3.5734987258911133 32.36962127685547 505.7151184082031
v 3.4052648544311523 33.00101852416992 503.1788635253906
v 3.3973283767700195 33.286277770996094 501.2442626953125
v 3.531712770462036 34.50265121459961 494.4417724609375
v 3.3279380798339844 33.75532913208008 553.1063842773438
v 3.5276002883911133 35.840965270996094 479.76690673828125
v 3.176811456680298 36.89618682861328 481.0679931640625
v 3.7747414112091064 37.801143646240234 481.5718688964844
v 3.8756909370422363 38.48590087890625 457.03314208984375
v 3.608168125152588 38.616764068603516 553.4946899414062
v 3.5552144050598145 40.847042083740234 461.25115966796875
v 3.4480626583099365 41.941261291503906 449.5621643066406
v 5.017658710479736 -31.840171813964844 54.367679595947266
v 4.33709192276001 -28.467191696166992 67.9643783569336
v 4.879993438720703 -20.2578182220459 34.2929573059082
v 3.6314706802368164 -16.258705139160156 30.316347122192383
v 3.663069248199463 -14.772491455078125 27.500473022460938
v 3.883201837539673 -10.148885726928711 42.68333435058594
v 4.415034770965576 -7.805284023284912 15.32725715637207
v 4.262916088104248 -5.681256294250488 27.93798065185547
v 4.0164055824279785 -1.4188750982284546 13.585083961486816
v 4.137246608734131 -1.5733280181884766 22.15003776550293
v 4.148342132568359 -1.751058578491211 368.4434509277344
v 5.047830104827881 -1.677488923072815 366.9700622558594
v 4.128416061401367 0.21216796338558197 14.005067825317383
v 4.078254699707031 0.34852170944213867 378.2987976074219
v 5.261804580688477 2.616727590560913 360.0468444824219
v 5.542178153991699 9.289576530456543 357.23516845703125
v 4.76764440536499 12.848508834838867 386.7994384765625
v 5.319157600402832 19.313152313232422 384.077880859375
v 3.521704912185669 19.6983585357666 377.8365783691406
v 5.368405342102051 21.7910213470459 380.3447265625
v 6.561061859130859 19.621746063232422 422.0962219238281
v 5.327555179595947 25.63633918762207 412.4774169921875
v 5.813310623168945 25.827289581298828 420.13018798828125
v 3.694136142730713 29.067821502685547 556.3606567382812
v 4.072746276855469 27.068635940551758 559.4057006835938
v 3.3595900535583496 29.329959869384766 558.5508422851562
v 3.8268275260925293 29.372343063354492 506.8124694824219
v 3.8595151901245117 29.65658187866211 512.2030029296875
v 4.196399211883545 30.045242309570312 492.6761474609375
v 3.612591505050659 31.883689880371094 557.1412353515625
v 4.345699310302734 32.600433349609375 484.9244689941406
v 4.269491195678711 32.8281135559082 483.6031494140625
v 4.326630592346191 34.62693786621094 479.8985595703125
v 3.913663625717163 33.634788513183594 497.6632995605469
v 3.6997296810150146 34.623924255371094 555.6605224609375
v 4.3808698654174805 35.67378234863281 490.2074279785156
v 3.7764861583709717 37.005401611328125 485.6111755371094
v 4.232124328613281 36.6431999206543 554.9865112304688
v 3.6936452388763428 36.209964752197266 477.86309814453125
v 3.593576431274414 37.27333450317383 480.0947265625
v 3.614738941192627 37.33884048461914 477.959228515625
v 3.956333637237549 37.46224594116211 554.1177978515625
v 4.862259864807129 38.81380844116211 452.63671875
v 3.66499400138855 39.278900146484375 460.74725341796875
v 5.013378143310547 42.84733963012695 454.2987060546875
v 5.055704116821289 -32.39815139770508 58.144927978515625
v 5.1798200607299805 -31.29423713684082 66.3808364868164
v 4.691814422607422 -28.23370361328125 44.91391372680664
v 4.626084804534912 -29.960512161254883 48.94805145263672
v 4.997888088226318 -19.761751174926758 65.57837677001953
v 4.996465682983398 -19.061418533325195 33.696502685546875
v 5.0954179763793945 -17.404600143432617 61.81058883666992
v 4.683526992797852 -13.180583953857422 23.01795768737793
v 4.714749813079834 -13.381619453430176 53.38483810424805
v 5.111006259918213 -12.020111083984375 20.921873092651367
v 4.826236724853516 -7.629527568817139 36.52387619018555
v 4.6804423332214355 -6.529832363128662 30.393985748291016
v 4.521561622619629 1.5224334001541138 15.211064338684082
v 4.467020034790039 1.4798591136932373 17.439409255981445
v 4.493969440460205 2.6142518520355225 381.0577697753906
v 5.659546852111816 4.278656959533691 358.8788757324219
v 4.046795845031738 3.324084520339966 382.34027099609375
v 5.626819133758545 9.757469177246094 387.556884765625
v 5.873556613922119 18.373716354370117 360.88568115234375
v 6.007138729095459 17.9777889251709 410.51025390625
v 4.093587875366211 21.8254337310791 377.38482666015625
v 4.160499095916748 27.473106384277344 560.3970336914062
v 4.248363494873047 30.167945861816406 559.2330322265625
v 4.659616470336914 29.62428855895996 496.3711853027344
v 4.161892414093018 30.18905258178711 509.6076354980469
v 4.0397257804870605 31.202320098876953 509.22900390625
v 4.165833950042725 33.11306381225586 553.2692260742188
v 4.229979038238525 31.575551986694336 505.6969299316406
v 4.539170265197754 32.17210006713867 503.2410888671875
v 4.23057222366333 32.90664291381836 501.7350769042969
v 4.44489049911499 33.12527084350586 498.9256896972656
v 4.587874889373779 34.46512985229492 494.5762939453125
v 4.117715835571289 35.22772979736328 477.9532775878906
v 4.314936637878418 36.707332611083984 552.7191162109375
v 4.645206928253174 34.667327880859375 555.5213012695312
v 4.257843971252441 36.56155014038086 474.5145568847656
v 4.693563461303711 38.26416015625 482.02764892578125
v 5.099755764007568 38.31761932373047 455.7034912109375
v 4.296698570251465 38.590694427490234 477.65093994140625
v 3.6694889068603516 39.3615837097168 465.60137939453125
v 3.897388458251953 38.37980651855469 465.9960632324219
v 4.117432594299316 38.66737747192383 463.3981018066406
v 4.6754279136657715 38.4109001159668 460.2589416503906
v 4.250164031982422 38.850711822509766 470.5656433105469
v 4.1755757331848145 37.876914978027344 470.2746887207031
v 3.7991907596588135 40.227867126464844 464.13226318359375
v 3.867584466934204 40.392372131347656 465.63482666015625
v 4.468630790710449 41.40824508666992 463.6611633300781
v 4.479188919067383 41.87567901611328 461.0064392089844
v 5.0451788902282715 41.76420211791992 451.830078125
v 5.689919948577881 42.2912483215332 453.8996276855469
v 5.286201477050781 -32.18012619018555 62.24427795410156
v 6.15718936920166 -32.43019485473633 65.7751693725586
v 5.16400146484375 -22.575475692749023 68.25030517578125
v 4.951416015625 -21.623023986816406 35.4743537902832
v 5.030231475830078 -16.67323875427246 28.76865577697754
v 5.519227504730225 -15.857847213745117 26.2293758392334
v 5.589477062225342 -15.89510726928711 59.345558166503906
v 4.772777080535889 -10.653885841369629 18.69627571105957
v 5.483826637268066 -9.43341064453125 43.769126892089844
v 5.286258220672607 -9.070152282714844 42.26319122314453
v 5.475489139556885 -7.58317232131958 39.77231216430664
v 5.631289958953857 -6.826854705810547 14.000009536743164
v 5.151768684387207 -5.882721424102783 14.096000671386719
v 5.594071388244629 -2.158888101577759 12.413495063781738
v 5.011335849761963 -3.284834146499634 25.535493850708008
v 5.451234817504883 -2.3876688480377197 24.405118942260742
v 7.051855564117432 -2.5616910457611084 371.4031066894531
v 6.468259811401367 -1.2078917026519775 364.97314453125
v 5.645453453063965 0.6720120906829834 379.9599609375
v 4.652148723602295 1.9277782440185547 381.5582580566406
v 6.388298034667969 5.281533241271973 386.1972961425781
v 6.82034969329834 6.029052257537842 358.0789794921875
v 5.747816562652588 7.348052978515625 386.7897644042969
v 6.229732036590576 16.511201858520508 359.31298828125
v 6.366045951843262 20.053728103637695 410.0474548339844
v 5.359699726104736 21.340505599975586 370.1778259277344
v 4.638643264770508 21.196290969848633 371.2601013183594
v 4.864557266235352 22.02989959716797 371.5673522949219
v 5.284320831298828 22.254274368286133 373.974853515625
v 4.791866779327393 21.76470375061035 375.0366516113281
v 5.516088485717773 22.51324462890625 373.2138366699219
v 4.654623985290527 25.950454711914062 559.7149658203125
v 4.264265060424805 25.0620174407959 561.2938842773438
v 4.601914405822754 24.466266632080078 560.737548828125
v 4.547755241394043 26.009353637695312 562.1593017578125
v 5.798444747924805 26.500106811523438 414.0091857910156
v 6.238487243652344 26.732595443725586 415.2649841308594
v 4.840479373931885 28.64025115966797 556.2138061523438
v 4.583446025848389 28.10149383544922 560.6981811523438
v 4.913386344909668 30.001070022583008 498.7322998046875
v 4.684057712554932 30.04393768310547 502.32391357421875
v 4.405407428741455 30.404741287231445 505.67047119140625
v 5.004934310913086 30.747900009155273 490.3033447265625
v 4.834478855133057 32.12705993652344 557.429443359375
v 5.089106559753418 35.40437698364258 474.5311279296875
v 5.170707702636719 37.25408935546875 485.68084716796875
v 4.93006706237793 36.190345764160156 553.531005859375
v 4.511475086212158 37.52808380126953 473.17236328125
v 4.557222366333008 37.08336639404297 468.94525146484375
v 4.727252006530762 38.760520935058594 473.1241760253906
v 4.608449935913086 38.53335952758789 474.9789733886719
v 4.727639198303223 38.413333892822266 480.2107238769531
v 5.085648536682129 38.111724853515625 462.26251220703125
v 5.310736656188965 40.29168701171875 451.9018249511719
v 4.642378330230713 41.22748947143555 466.2647399902344
v 4.7089433670043945 39.62977600097656 470.67425537109375
v 4.976925849914551 42.84029769897461 457.8582763671875
v 5.813998222351074 -31.49595069885254 51.77693176269531
v 5.732009410858154 -25.011844635009766 39.10041427612305
v 6.48980188369751 -14.143692016601562 56.78759002685547
v 6.229569435119629 -12.447759628295898 51.506839752197266
v 6.304391384124756 -10.710676193237305 46.41939163208008
v 8.14269733428955 -2.546074867248535 369.1827392578125
v 5.838951587677002 -0.6140764355659485 12.285463333129883
v 5.213108539581299 -1.2514216899871826 376.505615234375
v 6.037509441375732 0.01969842240214348 21.548418045043945
v 5.5686774253845215 -0.31076905131340027 364.0538330078125
v 5.041258811950684 1.1543030738830566 13.798701286315918
v 6.2114105224609375 14.530210494995117 417.248291015625
v 6.393839359283447 17.640804290771484 421.37921142578125
v 6.331798553466797 21.42657470703125 368.7131652832031
v 5.19541072845459 23.065908432006836 375.6312255859375
v 7.748210430145264 22.053308486938477 421.67254638671875
v 5.306832790374756 22.442655563354492 562.8018188476562
v 5.088596343994141 24.069480895996094 563.550537109375
v 5.946186542510986 21.595409393310547 564.6815185546875
v 5.219916343688965 30.226171493530273 493.456787109375
v 5.455557823181152 30.280624389648438 496.4546203613281
v 5.309974670410156 29.551776885986328 559.8956909179688
v 4.96327018737793 31.08751678466797 502.4234313964844
v 5.577858924865723 29.842449188232422 555.5071411132812
v 4.874856472015381 32.119728088378906 501.7132263183594
v 4.97523307800293 33.870018005371094 553.2697143554688
v 5.194094657897949 32.39470672607422 498.6925048828125
v 5.260092258453369 33.61652374267578 495.77630615234375
v 5.736617565155029 34.42549133300781 477.8043518066406
v 5.295190334320068 34.53731155395508 554.8011474609375
v 4.8898701667785645 36.63090896606445 473.08343505859375
v 5.175374984741211 37.13629150390625 466.4015808105469
v 5.5116143226623535 38.22429275512695 482.3481750488281
v 5.458693981170654 39.2246208190918 475.2039489746094
v 5.1333112716674805 39.11443328857422 478.11663818359375
v 5.369406700134277 41.878726959228516 463.4324035644531
v 5.714791297912598 42.10662841796875 460.7026672363281
v 6.02608585357666 -30.361238479614258 48.622528076171875
v 6.157207489013672 -29.5433406829834 69.88068389892578
v 6.449326992034912 -27.427927017211914 71.38468170166016
v 6.227928161621094 -25.566940307617188 71.25843811035156
v 6.67380428314209 -22.81411361694336 70.80070495605469
v 5.756783485412598 -13.629959106445312 22.6735782623291
v 6.313812732696533 -10.826325416564941 17.817184448242188
v 6.25341272354126 -6.757599353790283 36.479915618896484
v 6.347216606140137 -4.508983135223389 28.24660301208496
v 6.258118629455566 -2.304499626159668 374.5994873046875
v 6.234892845153809 1.9432207345962524 18.52458381652832
v 5.591220855712891 0.48595577478408813 380.6563415527344
v 6.4220290184021 2.364168167114258 14.600776672363281
v 6.343777179718018 2.6041383743286133 16.741710662841797
v 7.470307350158691 11.100296974182129 357.50457763671875
v 7.914626121520996 15.114641189575195 358.73956298828125
v 7.3833327293396 15.86984634399414 390.0298767089844
v 7.120477199554443 15.461926460266113 419.41851806640625
v 6.050937652587891 15.191560745239258 412.900634765625
v 6.4700608253479 20.434890747070312 364.2346496582031
v 6.372438430786133 22.90481948852539 371.8199157714844
v 5.420942783355713 23.024173736572266 374.3899841308594
v 5.552498817443848 23.913890838623047 560.426025390625
v 5.824742317199707 25.091785430908203 563.5770874023438
v 5.898499965667725 26.171926498413086 559.0213623046875
v 8.025762557983398 25.589738845825195 418.5400390625
v 5.3476691246032715 31.25009536743164 498.841064453125
v 5.746638774871826 32.31123733520508 556.5803833007812
v 5.772924423217773 32.78340530395508 484.962646484375
v 5.684594631195068 32.82212829589844 554.612060546875
v 5.971132278442383 33.08525848388672 483.37969970703125
v 5.576924800872803 34.191856384277344 480.2067565917969
v 5.7949395179748535 34.11054611206055 493.63385009765625
v 5.582814693450928 35.26652145385742 490.54632568359375
v 5.99976921081543 35.87672805786133 472.92474365234375
v 5.618334770202637 36.35243606567383 470.1969909667969
v 6.288883686065674 38.628326416015625 480.3415222167969
v 5.58139181137085 39.674713134765625 472.867431640625
v 6.130287170410156 39.969482421875 453.584228515625
v 5.7467451095581055 40.17829513549805 470.84881591796875
v 6.559821605682373 42.06517791748047 457.1903991699219
v 6.761910915374756 -33.13698196411133 59.53071212768555
v 6.828340530395508 -31.5811824798584 68.6216049194336
v 6.350864410400391 -27.673307418823242 42.529273986816406
v 6.708395957946777 -21.94362449645996 34.566741943359375
v 6.6142473220825195 -19.702617645263672 67.17867279052734
v 6.758543968200684 -19.535152435302734 32.40577697753906
v 6.838811874389648 -17.71793556213379 64.12754821777344
v 6.496325492858887 -12.80804443359375 53.41868209838867
v 6.350306987762451 -8.084550857543945 14.678255081176758
v 6.450179576873779 -5.753392696380615 30.851125717163086
v 6.6315999031066895 1.25229811668396 12.988687515258789
v 7.719387054443359 1.7502596378326416 384.0486145019531
v 7.5123291015625 12.978128433227539 357.83135986328125
v 8.108386039733887 14.164773941040039 413.9976501464844
v 7.262757301330566 18.087438583374023 388.7621765136719
v 5.973263263702393 22.39089012145996 369.9845886230469
v 6.918482303619385 21.91688346862793 410.28363037109375
v 7.86168098449707 23.51966667175293 380.7431945800781
v 6.302842140197754 21.579313278198242 562.7463989257812
v 7.224395751953125 23.469465255737305 411.0828857421875
v 6.332448482513428 28.198896408081055 557.4954223632812
v 7.0527167320251465 26.492345809936523 417.1815490722656
v 6.363202095031738 31.4776554107666 492.7743835449219
v 6.343303680419922 31.85741424560547 490.7629699707031
v 5.9180498123168945 31.51606559753418 496.7488098144531
v 6.21356201171875 28.907163619995117 560.0760498046875
v 6.267786502838135 31.99720573425293 488.5673522949219
v 5.906952381134033 32.453285217285156 495.86041259765625
v 6.570743560791016 34.99320602416992 474.459228515625
v 6.055535316467285 37.0082893371582 466.13189697265625
v 6.08450984954834 38.10993194580078 462.08599853515625
v 6.164555549621582 37.180057525634766 484.32049560546875
v 6.196163177490234 38.59831619262695 460.0340881347656
v 6.632662296295166 39.265785217285156 478.27801513671875
v 6.37704610824585 39.438533782958984 475.3242492675781
v 6.729575157165527 41.40223693847656 466.8955993652344
v 6.729887008666992 41.71575164794922 463.2366638183594
v 6.345551490783691 42.38331604003906 457.6700744628906
v 7.705080986022949 -33.09440231323242 56.556190490722656
v 7.4603071212768555 -33.4331169128418 64.94917297363281
v 7.117058277130127 -32.36936569213867 53.8542594909668
v 7.511453628540039 -20.908296585083008 33.55526351928711
v 6.734368324279785 -17.201923370361328 28.35962677001953
v 7.0557122230529785 -13.831045150756836 22.290517807006836
v 6.383343696594238 -5.4784626960754395 13.6318941116333
v 6.893014430999756 -6.079160213470459 33.314083099365234
v 7.310860633850098 -2.6421220302581787 25.882474899291992
v 7.355643272399902 -1.8145842552185059 24.304792404174805
v 7.76190710067749 -3.116826057434082 371.8681335449219
v 7.615030765533447 -0.3392091393470764 363.35748291015625
v 7.404062271118164 1.4831340312957764 361.40631103515625
v 6.607931613922119 -0.8244683742523193 379.48577880859375
v 7.4388532638549805 3.4804954528808594 385.6962890625
v 8.190926551818848 9.492570877075195 390.6653747558594
v 7.559734344482422 11.43970775604248 390.52801513671875
v 7.267930030822754 19.391216278076172 362.4654846191406
v 7.584746360778809 20.327608108520508 387.32501220703125
v 7.9713006019592285 20.936843872070312 366.1607971191406
v 6.35275936126709 22.053752899169922 565.4985961914062
v 6.953273773193359 22.69086265563965 565.7474365234375
v 6.807855606079102 23.61979103088379 371.0991516113281
v 6.517851829528809 23.943004608154297 372.76519775390625
v 6.862119674682617 22.39855194091797 561.7230834960938
v 6.736046314239502 25.1932373046875 563.46240234375
v 6.244538307189941 30.93851661682129 556.3154907226562
v 6.615337371826172 29.425077438354492 558.358642578125
v 6.470396518707275 33.05461120605469 493.19061279296875
v 6.862544059753418 33.706939697265625 484.8934326171875
v 6.460149765014648 33.53802490234375 491.6610107421875
v 6.804740905761719 34.475379943847656 480.50848388671875
v 6.5703630447387695 35.074867248535156 489.02227783203125
v 6.732070446014404 35.72264862060547 487.2798767089844
v 6.579692363739014 36.25689697265625 470.6383361816406
v 7.092285633087158 39.7695198059082 457.07061767578125
v 6.439450263977051 39.83730697631836 473.1635437011719
v 6.2640814781188965 41.16523361206055 453.9554443359375
v 6.630848407745361 40.215824127197266 470.7791748046875
v 7.412483215332031 -33.24037551879883 61.27072525024414
v 7.732690334320068 -27.787242889404297 42.22108459472656
v 7.4202399253845215 -30.48638153076172 48.20320510864258
v 7.816225051879883 -24.400602340698242 37.226436614990234
v 7.156536102294922 -20.212995529174805 67.7182388305664
v 7.74619197845459 -16.246206283569336 61.42219924926758
v 7.76113224029541 -15.159284591674805 58.88448715209961
v 7.865472316741943 -12.473095893859863 20.415380477905273
v 8.132548332214355 -8.852582931518555 44.593753814697266
v 7.893566131591797 -8.485271453857422 43.53453063964844
v 7.592019557952881 -6.975067138671875 41.110286712646484
v 7.57688045501709 -6.956555366516113 13.802093505859375
v 7.536591053009033 -2.9634907245635986 12.38618278503418
v 7.6896562576293945 -1.9137423038482666 366.9385986328125
v 7.699552536010742 -1.435074806213379 12.027661323547363
v 7.479375839233398 -1.4683846235275269 377.8222961425781
v 7.397639274597168 0.12455718964338303 12.321440696716309
v 8.765840530395508 3.8680899143218994 359.7210998535156
v 9.172627449035645 7.434161186218262 390.7395324707031
v 7.769726753234863 13.762649536132812 390.8724365234375
v 9.921751022338867 14.121748924255371 416.0952453613281
v 7.295339584350586 21.323060989379883 367.3219299316406
v 7.643803596496582 19.754600524902344 566.2341918945312
v 7.455870151519775 22.34105110168457 367.72198486328125
v 7.429037570953369 23.008169174194336 369.6429138183594
v 9.249094009399414 24.696170806884766 378.9686584472656
v 7.171372890472412 24.370708465576172 560.6522827148438
v 7.816127300262451 24.887065887451172 412.5173645019531
v 6.945443630218506 26.932050704956055 559.71337890625
v 7.068695068359375 26.787038803100586 561.174072265625
v 6.953625679016113 33.1243782043457 489.16680908203125
v 7.049931049346924 33.546424865722656 486.6016845703125
v 7.014978885650635 34.20730972290039 488.7842102050781
v 7.181581497192383 34.7041130065918 477.796875
v 7.484954833984375 36.04775619506836 473.0769958496094
v 7.350351810455322 37.14685821533203 466.8699645996094
v 6.879487037658691 36.77439880371094 483.61151123046875
v 7.083576202392578 38.516685485839844 462.4645690917969
v 7.624072551727295 37.8148193359375 480.048095703125
v 7.0767621994018555 39.54086685180664 460.2282409667969
v 7.038398742675781 40.981441497802734 460.062255859375
v 7.979426860809326 -32.220558166503906 52.624393463134766
v 9.091127395629883 -29.000810623168945 73.6468505859375
v 8.172041893005371 -20.377464294433594 69.7550277709961
v 8.433661460876465 -18.476659774780273 66.5293197631836
v 7.674054145812988 -16.34088706970215 25.960514068603516
v 8.322935104370117 -11.090179443359375 48.469730377197266
v 8.192852020263672 -6.38496732711792 39.845916748046875
v 8.239890098571777 -5.403761386871338 13.6934175491333
v 8.367445945739746 -2.177870750427246 376.711669921875
v 7.921054840087891 -0.059026725590229034 21.763944625854492
v 9.377514839172363 0.14409850537776947 383.149658203125
v 8.153875350952148 2.5769548416137695 15.457178115844727
v 10.340688705444336 5.566132545471191 390.58843994140625
v 8.489690780639648 7.955934524536133 357.9013671875
v 8.257481575012207 17.32271385192871 360.3429260253906
v 8.044443130493164 15.001253128051758 411.5118103027344
v 9.879655838012695 15.52772045135498 409.5675964355469
v 7.9017839431762695 19.374195098876953 564.7710571289062
v 7.72969388961792 20.697078704833984 563.359619140625
v 8.05174732208252 21.744375228881836 386.1717224121094
v 8.63297176361084 20.292341232299805 567.2765502929688
v 8.41792106628418 23.10146141052246 384.14422607421875
v 7.634037494659424 23.00733757019043 565.677978515625
v 8.523887634277344 23.8547420501709 420.3918151855469
v 7.510630130767822 35.266883850097656 481.50250244140625
v 7.180717468261719 35.00340270996094 485.0491943359375
v 7.515714168548584 36.123321533203125 482.1165771484375
v 7.446221351623535 36.60911178588867 470.9696350097656
v 7.547185897827148 38.16699981689453 465.0766296386719
v 7.649231910705566 37.30322265625 481.1455383300781
v 7.699788570404053 39.359249114990234 462.88580322265625
v 7.518557548522949 39.59291458129883 473.5487365722656
v 7.465723037719727 39.110382080078125 475.41729736328125
v 7.554886817932129 39.39726638793945 471.4486083984375
v 7.1065168380737305 41.24944305419922 457.431396484375
v 7.684932708740234 40.270835876464844 468.9093322753906
v 9.002120018005371 -33.60865783691406 59.23899459838867
v 9.205405235290527 -33.54165267944336 67.35086059570312
v 9.062024116516113 -30.743894577026367 48.8389892578125
v 7.979241847991943 -25.21369171142578 73.42334747314453
v 9.024898529052734 -19.832401275634766 31.8228759765625
v 8.54930305480957 -17.459165573120117 28.484533309936523
v 8.8121976852417 -12.733048439025879 53.69723892211914
v 8.62561321258545 -12.229382514953613 51.54850769042969
v 8.5826416015625 -10.866362571716309 17.872520446777344
v 8.957169532775879 -10.513911247253418 47.083229064941406
v 8.520313262939453 -8.5436429977417 15.17855453491211
v 8.928938865661621 -6.246476173400879 13.79909896850586
v 8.312911987304688 -5.518702983856201 30.993728637695312
v 8.903159141540527 -4.300840377807617 28.202159881591797
v 9.828990936279297 -2.9175047874450684 375.35748291015625
v 7.966614723205566 -2.0211291313171387 378.183349609375
v 8.364063262939453 2.399534225463867 17.32827377319336
v 8.61182689666748 1.512002944946289 13.532905578613281
v 9.070256233215332 10.472928047180176 357.8753662109375
v 8.603680610656738 17.286510467529297 420.7273864746094
v 10.110417366027832 17.018054962158203 408.7125549316406
v 9.105795860290527 20.03972625732422 364.3572082519531
v 8.351736068725586 21.2230167388916 563.1508178710938
v 8.35860538482666 22.755874633789062 367.78094482421875
v 7.811422824859619 23.250795364379883 561.8829345703125
v 8.326050758361816 24.14556121826172 369.1397705078125
v 7.634653091430664 24.220117568969727 370.91192626953125
v 7.790476322174072 24.548057556152344 561.8756103515625
v 7.934716701507568 24.24125099182129 563.5598754882812
v 8.192998886108398 23.376211166381836 565.0607299804688
v 11.182966232299805 24.660497665405273 415.3046875
v 8.079078674316406 35.477294921875 477.9461364746094
v 7.9530816078186035 35.63023376464844 474.75811767578125
v 8.003657341003418 36.24285125732422 479.833984375
v 8.273601531982422 38.37950897216797 477.1945495605469
v 7.710705757141113 40.690895080566406 464.13958740234375
v 9.4288911819458 -33.54399108886719 60.53616714477539
v 9.542075157165527 -34.198665618896484 63.76738357543945
v 9.290828704833984 -30.358699798583984 72.64392852783203
v 8.149370193481445 -26.721799850463867 73.63715362548828
v 8.471399307250977 -22.106155395507812 72.4112777709961
v 9.482114791870117 -22.38405418395996 34.357276916503906
v 9.213478088378906 -18.852497100830078 66.82978057861328
v 8.48863410949707 -16.51509666442871 62.28839111328125
v 9.07133960723877 -16.03656005859375 25.449718475341797
v 8.72657585144043 -13.8010892868042 22.226675033569336
v 9.457530975341797 -14.037775993347168 56.84193420410156
v 8.511160850524902 -5.918895721435547 33.283512115478516
v 9.907927513122559 -6.051998615264893 39.63889694213867
v 9.071799278259277 -1.931039571762085 12.416629791259766
v 9.499796867370605 -1.7096141576766968 366.0968933105469
v 11.316546440124512 3.3480448722839355 389.3170471191406
v 10.207568168640137 18.415386199951172 408.52752685546875
v 9.104565620422363 19.692039489746094 421.3028259277344
v 7.980260848999023 18.35137176513672 566.4722290039062
v 8.37519645690918 19.151683807373047 567.458740234375
v 10.370609283447266 19.917743682861328 408.6809387207031
v 8.947239875793457 21.904197692871094 365.7640686035156
v 8.894057273864746 22.720046997070312 563.7098388671875
v 11.320033073425293 25.6241455078125 376.7461853027344
v 8.612852096557617 36.718074798583984 477.5682373046875
v 8.447096824645996 36.991302490234375 473.6376953125
v 7.9724650382995605 37.30840301513672 471.10479736328125
v 8.216538429260254 38.28278732299805 467.1163024902344
v 8.284870147705078 38.23756408691406 475.302001953125
v 8.014327049255371 39.69652557373047 464.6036682128906
v 8.137968063354492 38.35002136230469 471.3726501464844
v 8.441421508789062 38.532474517822266 473.2110290527344
v 8.246414184570312 39.60671615600586 467.1122131347656
v 10.112020492553711 -32.4637565612793 54.081787109375
v 9.710287094116211 -27.999492645263672 42.7452507019043
v 10.249715805053711 -24.59429359436035 37.33877182006836
v 8.950264930725098 -23.02115821838379 75.55828094482422
v 9.973322868347168 -18.990928649902344 68.67058563232422
v 9.627796173095703 -7.684275150299072 14.868754386901855
v 9.890524864196777 -3.0453739166259766 25.83464241027832
v 8.990584373474121 -3.153974771499634 369.7879943847656
v 9.604557991027832 -2.0793731212615967 24.015352249145508
v 8.88495922088623 -2.7339301109313965 376.91229248046875
v 9.606916427612305 -0.25305861234664917 12.903809547424316
v 10.695959091186523 -0.3986431658267975 363.8430480957031
v 9.199224472045898 0.5574626922607422 19.970251083374023
v 9.505817413330078 -0.11420965939760208 21.110374450683594
v 9.143547058105469 1.3377383947372437 361.43145751953125
v 10.973214149475098 14.911547660827637 417.3970031738281
v 12.513309478759766 19.331567764282227 394.1881103515625
v 9.32991886138916 17.09642791748047 565.7085571289062
v 8.815519332885742 20.59036636352539 365.223876953125
v 13.490164756774902 23.87805938720703 392.2043762207031
v 9.089250564575195 21.154373168945312 563.5787963867188
v 8.99833869934082 23.942699432373047 367.8836669921875
v 11.213240623474121 23.125097274780273 410.977783203125
v 10.090645790100098 -31.906349182128906 71.24980926513672
v 10.05560302734375 -31.129955291748047 50.107078552246094
v 9.933934211730957 -27.333372116088867 77.0325927734375
v 9.345812797546387 -23.87696075439453 76.93602752685547
v 10.318963050842285 -21.50391387939453 33.7572135925293
v 9.72385311126709 -20.184160232543945 71.14802551269531
v 9.820938110351562 -15.118932723999023 58.71619415283203
v 10.096871376037598 -11.650812149047852 49.76721954345703
v 10.036781311035156 -6.944542407989502 41.916534423828125
v 10.930109977722168 -3.310753107070923 373.723388671875
v 9.658528327941895 1.8504009246826172 15.35802936553955
v 9.986339569091797 6.474449157714844 358.87103271484375
v 10.468545913696289 14.06023120880127 359.24041748046875
v 9.615628242492676 11.538370132446289 392.4646911621094
v 11.416691780090332 16.924901962280273 393.7830810546875
v 10.328531265258789 15.270822525024414 567.2616577148438
v 10.48530101776123 15.178984642028809 568.37646484375
v 9.863484382629395 16.92818260192871 568.4117431640625
v 9.783909797668457 17.967771530151367 361.7259216308594
v 9.70031452178955 18.50908088684082 564.8125610351562
v 13.552213668823242 22.358678817749023 393.6724853515625
v 9.431307792663574 21.127548217773438 364.5342102050781
v 10.309231758117676 21.552705764770508 420.5167236328125
v 9.646881103515625 21.780349731445312 566.0548095703125
v 10.527103424072266 23.673620223999023 418.98846435546875
v 10.946024894714355 24.41320037841797 413.26611328125
v 11.55370044708252 24.15373992919922 416.81195068359375
v 10.268739700317383 -33.09330368041992 56.308353424072266
v 11.233853340148926 -23.458749771118164 81.14031982421875
v 10.191985130310059 -20.7591609954834 76.87615203857422
v 10.776386260986328 -17.803438186645508 65.6324691772461
v 10.362980842590332 -16.39806365966797 27.003820419311523
v 10.630009651184082 -16.802448272705078 63.159523010253906
v 10.435641288757324 -11.56566047668457 20.250896453857422
v 10.822237014770508 -12.566452980041504 51.59569549560547
v 10.598566055297852 -10.223550796508789 18.353717803955078
v 10.901329040527344 -8.831282615661621 44.367313385009766
v 10.788206100463867 -5.970180034637451 35.6369743347168
v 10.54871940612793 -5.9084062576293945 30.842567443847656
v 10.463006973266602 -6.22672700881958 33.073211669921875
v 9.81859302520752 -4.580750942230225 14.242376327514648
v 10.011625289916992 -2.179837942123413 13.186948776245117
v 10.333715438842773 -2.7035250663757324 367.3592224121094
v 11.952048301696777 -1.1452200412750244 382.36669921875
v 9.68034553527832 1.6879633665084839 17.20264434814453
v 10.529413223266602 4.374149799346924 359.59869384765625
v 10.502969741821289 8.629338264465332 392.4384765625
v 10.472888946533203 13.918587684631348 411.205322265625
v 10.390506744384766 17.541746139526367 568.6731567382812
v 11.173758506774902 18.37134552001953 419.9975280761719
v 10.354901313781738 18.57270050048828 362.3849182128906
v 10.14354133605957 21.521085739135742 364.74456787109375
v 11.201041221618652 21.594635009765625 409.4281921386719
v 10.027685165405273 21.048213958740234 564.43359375
v 10.080937385559082 19.653045654296875 567.7589111328125
v 9.630118370056152 22.71455955505371 366.0132751464844
v 11.727717399597168 26.003795623779297 380.9776611328125
v 11.80380916595459 -34.19889450073242 62.78694534301758
v 11.208104133605957 -33.46049880981445 60.112674713134766
v 11.416855812072754 -33.30357360839844 68.9236831665039
v 10.75587272644043 -31.202123641967773 72.94467163085938
v 11.517657279968262 -25.288022994995117 81.29403686523438
v 10.265036582946777 -19.923503875732422 74.91988372802734
v 11.200169563293457 -18.895368576049805 30.831653594970703
v 10.974745750427246 -17.230287551879883 29.075225830078125
v 11.063365936279297 -16.19243812561035 60.89956283569336
v 10.85478401184082 -14.93581485748291 24.813989639282227
v 11.365668296813965 -11.194127082824707 47.61790084838867
v 10.459903717041016 -5.751241683959961 14.3891019821167
v 10.562521934509277 -5.943645477294922 38.73042297363281
v 10.29617977142334 0.5711610317230225 14.224238395690918
v 10.521227836608887 1.0968971252441406 16.259620666503906
v 11.192477226257324 14.090543746948242 393.8719177246094
v 10.74440860748291 13.407477378845215 412.8361511230469
v 11.684198379516602 16.029430389404297 418.2734375
v 10.834367752075195 16.055082321166992 565.9241333007812
v 10.37965202331543 20.2963809967041 363.27935791015625
v 10.194913864135742 21.434770584106445 565.5174560546875
v 10.678426742553711 23.04460334777832 365.1492614746094
v 13.485422134399414 25.082908630371094 390.616943359375
v 10.300247192382812 24.1456356048584 368.1098937988281
v 14.862895011901855 27.180940628051758 388.8569641113281
v 13.399478912353516 25.82136344909668 374.3957214355469
v 12.114765167236328 -33.26094436645508 58.86518478393555
v 11.145984649658203 -28.89212417602539 77.48294830322266
v 11.10729694366455 -27.82817268371582 43.1439323425293
v 11.320900917053223 -22.529659271240234 34.833133697509766
v 11.55246353149414 -20.13867950439453 80.29210662841797
v 12.071452140808105 -20.159976959228516 32.37895202636719
v 11.39587116241455 -18.986495971679688 69.83023834228516
v 11.187667846679688 -18.3512020111084 65.81075286865234
v 11.253279685974121 -13.157602310180664 53.448482513427734
v 11.624646186828613 -5.34394645690918 27.39244270324707
v 10.80281925201416 -3.838841199874878 14.987305641174316
v 12.219727516174316 -3.4450650215148926 372.4107666015625
v 12.74898624420166 -3.328080654144287 370.6744079589844
v 10.723809242248535 -3.568493366241455 374.7102355957031
v 12.97093677520752 -1.9990968704223633 380.6039733886719
v 10.800928115844727 -0.4566505253314972 20.049739837646484
v 10.991963386535645 -0.6231096386909485 18.837060928344727
v 11.855948448181152 1.6799213886260986 361.763916015625
v 12.66932487487793 4.07755708694458 360.2527770996094
v 10.70877456665039 9.75694465637207 358.60211181640625
v 11.45503044128418 13.399991989135742 414.4876403808594
v 11.475454330444336 16.376144409179688 360.77716064453125
v 10.849248886108398 15.891029357910156 569.4291381835938
v 10.815790176391602 19.48123550415039 565.33837890625
v 10.889778137207031 19.984355926513672 566.4852905273438
v 12.482260704040527 -34.15439987182617 65.75663757324219
v 11.6107816696167 -31.66485595703125 52.56366729736328
v 12.605462074279785 -30.761943817138672 76.26388549804688
v 11.5902681350708 -14.37398910522461 56.280189514160156
v 11.111536979675293 -6.831939220428467 15.622339248657227
v 11.574968338012695 -5.624815464019775 28.636661529541016
v 10.989886283874512 -1.248338222503662 14.449071884155273
v 11.244732856750488 -2.0237298011779785 21.851709365844727
v 11.31931209564209 -1.9508981704711914 365.5771789550781
v 11.041855812072754 0.10545635968446732 15.738639831542969
v 10.982568740844727 12.69113826751709 359.0791015625
v 11.684270858764648 11.841970443725586 394.0722961425781
v 11.242487907409668 14.29326343536377 567.9179077148438
v 11.364413261413574 16.806644439697266 565.6294555664062
v 11.449446678161621 18.232091903686523 565.514892578125
v 11.551487922668457 18.353973388671875 568.1138916015625
v 10.986679077148438 21.670330047607422 363.7520446777344
v 11.985294342041016 -32.573455810546875 55.9455680847168
v 12.152212142944336 -29.815044403076172 48.72492980957031
v 11.279600143432617 -21.5897274017334 80.8681869506836
v 12.597408294677734 -17.7070369720459 78.69792938232422
v 12.507657051086426 -17.604707717895508 76.30500793457031
v 12.9641752243042 -18.56449317932129 68.84648132324219
v 11.909729957580566 -15.666019439697266 27.498273849487305
v 12.152155876159668 -15.623834609985352 58.15306854248047
v 11.769219398498535 -12.860445022583008 23.31151008605957
v 11.89863109588623 -12.035587310791016 49.06476974487305
v 12.085638046264648 -10.263038635253906 20.74547004699707
v 12.627336502075195 -7.7291412353515625 42.44895935058594
v 11.651113510131836 -6.551277160644531 40.87730407714844
v 11.883419036865234 -5.506205081939697 15.86246395111084
v 12.744483947753906 -5.464868545532227 38.22954559326172
v 11.526427268981934 -4.048631191253662 15.361312866210938
v 11.754573822021484 -4.208783149719238 25.381093978881836
v 12.006393432617188 -3.5548133850097656 22.736156463623047
v 11.638858795166016 -2.455291271209717 16.831520080566406
v 11.41900634765625 -3.412147283554077 15.973933219909668
v 11.899155616760254 -1.4081757068634033 18.556549072265625
v 12.64506721496582 0.6835497617721558 386.53619384765625
v 12.956696510314941 7.580704212188721 359.075927734375
v 12.652652740478516 10.058024406433105 394.2507019042969
v 12.733634948730469 10.157362937927246 358.9117431640625
v 11.784034729003906 14.798012733459473 359.9396667480469
v 11.723878860473633 12.675264358520508 571.5711669921875
v 12.51020336151123 14.61573314666748 409.4643859863281
v 12.694969177246094 15.91357421875 408.515625
v 12.9077730178833 17.600709915161133 408.1500244140625
v 11.990386962890625 16.932781219482422 569.3509521484375
v 11.826834678649902 18.326419830322266 361.2498474121094
v 11.330289840698242 20.016733169555664 362.65850830078125
v 12.132587432861328 20.308385848999023 419.4588623046875
v 12.409546852111816 21.836078643798828 418.6082458496094
v 12.527222633361816 23.293472290039062 411.96832275390625
v 12.415709495544434 22.968299865722656 417.54156494140625
v 12.510650634765625 -32.33083724975586 72.06724548339844
v 12.454977035522461 -27.63193130493164 81.32524871826172
v 12.261900901794434 -24.10134506225586 37.473541259765625
v 11.52199649810791 -23.74782371520996 86.18148040771484
v 11.612679481506348 -25.26233673095703 84.44369506835938
v 11.498761177062988 -22.020854949951172 85.93148040771484
v 12.791202545166016 -21.477649688720703 34.59814453125
v 11.99319839477539 -19.272512435913086 84.18647766113281
v 12.22640323638916 -20.060937881469727 89.51800537109375
v 12.255703926086426 -8.529695510864258 19.03316879272461
v 12.344294548034668 -7.206374168395996 32.490020751953125
v 12.342427253723145 -6.5945587158203125 34.060401916503906
v 12.25046157836914 -5.7642083168029785 36.93260955810547
v 13.680710792541504 -5.406020641326904 39.31328582763672
v 13.906575202941895 -2.7061967849731445 378.181396484375
v 11.690999031066895 4.475897312164307 208.293212890625
v 11.557631492614746 6.581096172332764 210.86163330078125
v 11.602581024169922 4.366514682769775 211.90419006347656
v 11.378226280212402 7.084980487823486 213.55734252929688
v 11.566694259643555 4.844964504241943 214.3336181640625
v 11.408146858215332 7.46722936630249 217.40415954589844
v 12.039188385009766 4.063356399536133 219.08706665039062
v 11.826139450073242 5.251992702484131 217.0785369873047
v 11.622899055480957 8.200299263000488 216.07528686523438
v 11.756736755371094 6.797060489654541 220.6569366455078
v 12.536290168762207 6.133482456207275 392.4331970214844
v 11.459763526916504 8.86359977722168 219.07969665527344
v 11.866133689880371 8.625672340393066 210.0452423095703
v 11.617086410522461 9.242217063903809 212.74734497070312
v 11.64391803741455 10.569021224975586 216.5410919189453
v 11.80143928527832 11.145301818847656 222.203857421875
v 11.582605361938477 10.688505172729492 225.30520629882812
v 11.385282516479492 12.673824310302734 227.10226440429688
v 11.785651206970215 9.830598831176758 228.5434112548828
v 11.742530822753906 11.822583198547363 229.98838806152344
v 11.261008262634277 13.377853393554688 395.3413391113281
v 11.483721733093262 12.98832893371582 397.61962890625
v 11.65365219116211 13.307295799255371 223.6184539794922
v 11.635181427001953 15.262125015258789 228.16798400878906
v 13.251852035522461 13.05142593383789 413.2051696777344
v 12.466672897338867 13.549711227416992 411.0046691894531
v 12.085258483886719 11.833658218383789 570.6930541992188
v 11.643595695495605 15.379719734191895 225.37979125976562
v 11.164582252502441 15.511215209960938 394.9969787597656
v 11.602319717407227 14.896096229553223 399.2617492675781
v 12.010087013244629 13.01445484161377 400.38812255859375
v 12.15445327758789 13.950742721557617 571.9912719726562
v 11.783446311950684 16.343381881713867 399.0694580078125
v 12.399438858032227 14.46220874786377 567.2728271484375
v 12.563446044921875 17.1390380859375 418.47052001953125
v 12.172050476074219 18.010066986083984 567.78076171875
v 12.078913688659668 21.778560638427734 363.2369079589844
v 12.679635047912598 23.94625473022461 367.5700378417969
v 13.707966804504395 -32.482994079589844 59.39272689819336
v 13.601245880126953 -32.74042892456055 71.3922348022461
v 13.225105285644531 -31.657861709594727 54.92198944091797
v 13.051409721374512 -30.91498565673828 52.411888122558594
v 13.937987327575684 -29.611961364746094 80.77993774414062
v 12.87035083770752 -27.181425094604492 43.577667236328125
v 12.552534103393555 -27.599063873291016 84.7382583618164
v 12.09183406829834 -25.95220947265625 87.30490112304688
v 12.051021575927734 -25.22006607055664 90.84700012207031
v 11.792340278625488 -23.231197357177734 90.33953857421875
v 12.013359069824219 -23.603729248046875 93.41144561767578
v 12.368962287902832 -24.825607299804688 94.56625366210938
v 12.129849433898926 -21.027633666992188 92.83529663085938
v 12.703649520874023 -17.84616470336914 64.73353576660156
v 13.490350723266602 -17.265504837036133 62.0942268371582
v 12.951108932495117 -16.726119995117188 60.44002151489258
v 12.714003562927246 -13.326957702636719 25.08822250366211
v 13.14964771270752 -10.14411735534668 45.172115325927734
v 13.427112579345703 -9.128266334533691 43.39726257324219
v 12.757173538208008 -7.497500896453857 30.314849853515625
v 12.232527732849121 -3.3798515796661377 16.6160945892334
v 12.359716415405273 -3.522542953491211 374.6856994628906
v 12.58697509765625 -0.12069086730480194 363.0222473144531
v 12.31849193572998 -0.1450243443250656 202.35397338867188
v 12.062726020812988 1.85141921043396 202.37953186035156
v 11.867607116699219 2.140080690383911 205.14337158203125
v 12.327258110046387 -0.3215476870536804 206.3638458251953
v 11.909025192260742 3.1733102798461914 207.39114379882812
v 13.340965270996094 2.64827036857605 389.9786071777344
v 11.995820999145508 1.8416365385055542 209.45188903808594
v 12.206239700317383 2.207890033721924 214.69297790527344
v 12.389365196228027 3.614650249481201 200.8651123046875
v 12.118589401245117 5.245762348175049 203.70509338378906
v 12.539214134216309 2.831413507461548 217.68359375
v 12.139533996582031 6.034235000610352 206.18637084960938
v 13.895331382751465 4.1230926513671875 391.7165222167969
v 12.44672679901123 5.913887023925781 223.6843719482422
v 12.118457794189453 7.749758243560791 207.25888061523438
v 11.903937339782715 8.586695671081543 223.53016662597656
v 12.260673522949219 7.515024662017822 226.3667755126953
v 12.457025527954102 12.288644790649414 214.6663055419922
v 12.482667922973633 10.206665992736816 209.01715087890625
v 12.199798583984375 11.292426109313965 211.95382690429688
v 12.65018081665039 8.183733940124512 230.80905151367188
v 12.308432579040527 10.812946319580078 396.99395751953125
v 12.15066909790039 12.441360473632812 215.81275939941406
v 12.69880485534668 14.592757225036621 218.92384338378906
v 12.569350242614746 15.005516052246094 221.05963134765625
v 12.484493255615234 12.39567756652832 359.16455078125
v 13.737689971923828 13.586821556091309 414.9282531738281
v 12.568278312683105 16.470319747924805 221.89569091796875
v 12.246845245361328 14.378399848937988 232.6558837890625
v 12.508729934692383 15.531559944152832 402.3387145996094
v 12.24976634979248 17.23230743408203 231.05859375
v 12.675337791442871 18.56290626525879 224.3140106201172
v 12.223538398742676 17.763572692871094 226.3783416748047
v 13.342069625854492 15.942870140075684 567.32861328125
v 12.87881088256836 17.202007293701172 567.39306640625
v 12.478514671325684 20.528573989868164 362.1122131347656
v 12.378847122192383 18.928125381469727 361.66900634765625
v 13.646093368530273 19.400136947631836 408.40814208984375
v 13.523852348327637 23.104419708251953 412.9000549316406
v 15.557385444641113 28.16637420654297 386.6891174316406
v 13.84524917602539 -33.562255859375 61.98876190185547
v 13.780067443847656 -33.47613525390625 67.5506362915039
v 12.70165729522705 -27.43459701538086 87.25691986083984
v 12.846534729003906 -27.226531982421875 92.95101165771484
v 12.431241989135742 -22.516706466674805 95.42707061767578
v 13.813477516174316 -22.031898498535156 35.724124908447266
v 12.962175369262695 -20.1453800201416 95.96246337890625
v 13.205076217651367 -18.314559936523438 93.67097473144531
v 13.427742958068848 -17.665006637573242 89.82986450195312
v 13.043756484985352 -18.456510543823242 65.04950714111328
v 13.907118797302246 -18.20903968811035 31.631324768066406
v 12.637835502624512 -17.858129501342773 72.78048706054688
v 13.303916931152344 -15.11724853515625 29.411239624023438
v 13.369702339172363 -15.148890495300293 55.84363555908203
v 13.427679061889648 -14.181068420410156 53.18086242675781
v 13.30072021484375 -13.607184410095215 51.11182403564453
v 13.538990020751953 -13.21320915222168 49.939491271972656
v 12.870467185974121 -11.109233856201172 23.534591674804688
v 13.518693923950195 -12.817760467529297 48.412872314453125
v 12.64368724822998 -5.528075695037842 17.98396873474121
v 13.106958389282227 -7.180270195007324 28.284141540527344
v 13.196718215942383 -4.247485637664795 35.153438568115234
v 12.972626686096191 -4.9890666007995605 34.253421783447266
v 12.835551261901855 -5.5258588790893555 24.762619018554688
v 13.10038948059082 -7.0400166511535645 26.14171600341797
v 12.575884819030762 -3.267561197280884 18.153194427490234
v 12.84506893157959 -4.941633701324463 21.845949172973633
v 13.753686904907227 -3.608823299407959 371.8347473144531
v 15.142428398132324 -2.7221977710723877 368.57958984375
v 12.960210800170898 -3.9109113216400146 196.955810546875
v 12.432707786560059 -1.3015588521957397 197.636474609375
v 12.613419532775879 -2.073390007019043 199.8869171142578
v 12.673931121826172 -1.4341840744018555 194.78546142578125
v 12.440805435180664 1.2851309776306152 197.49618530273438
v 13.087894439697266 -2.8646163940429688 203.799560546875
v 12.877076148986816 0.6541160941123962 193.97329711914062
v 12.645025253295898 -0.19408319890499115 208.65756225585938
v 12.97713565826416 -0.390089213848114 212.19105529785156
v 13.013031959533691 1.886051058769226 219.95594787597656
v 12.962908744812012 7.519489765167236 202.56004333496094
v 13.100893020629883 9.004840850830078 205.08311462402344
v 13.89274787902832 8.721673965454102 394.4692077636719
v 13.335307121276855 10.238825798034668 205.68692016601562
v 13.231748580932617 13.235114097595215 210.70127868652344
v 12.88343334197998 11.264094352722168 400.570068359375
v 12.80373764038086 12.790946006774902 234.30838012695312
v 13.023080825805664 11.768789291381836 569.690185546875
v 12.988788604736328 14.17525577545166 214.89590454101562
v 13.4796724319458 11.907354354858398 403.20989990234375
v 12.630748748779297 13.957754135131836 403.05352783203125
v 13.141698837280273 14.966184616088867 359.4610595703125
v 13.27181339263916 15.090559959411621 567.3792724609375
v 12.65633773803711 16.699007034301758 401.5117492675781
v 13.885683059692383 14.779982566833496 416.4578857421875
v 13.412753105163574 14.306320190429688 572.2183837890625
v 12.905659675598145 18.322311401367188 399.5197448730469
v 12.810688972473145 19.66629981994629 229.26434326171875
v 12.7610445022583 17.437559127807617 360.61004638671875
v 12.800562858581543 19.189775466918945 361.189697265625
v 13.245292663574219 20.295665740966797 394.55377197265625
v 13.984524726867676 22.57215690612793 365.0163879394531
v 15.204490661621094 25.747745513916016 373.4505310058594
v 13.656431198120117 -28.743553161621094 48.400726318359375
v 13.549142837524414 -28.731184005737305 90.58287811279297
v 13.713623046875 -23.569007873535156 37.86232376098633
v 13.621438026428223 -22.715303421020508 99.177001953125
v 14.186142921447754 -18.619733810424805 67.62940216064453
v 14.273537635803223 -18.191572189331055 63.745731353759766
v 13.810384750366211 -16.492904663085938 85.47039031982422
v 13.185615539550781 -16.536605834960938 29.862390518188477
v 14.03844165802002 -16.370769500732422 76.1221694946289
v 14.0038480758667 -16.467668533325195 57.4534797668457
v 13.579085350036621 -12.245209693908691 25.876354217529297
v 13.156183242797852 -8.76948356628418 22.06429672241211
v 13.485098838806152 -8.480324745178223 31.710853576660156
v 12.96342658996582 -6.628086090087891 33.279945373535156
v 13.191301345825195 -4.167839527130127 33.44536590576172
v 13.083648681640625 -5.967681884765625 21.329248428344727
v 13.408973693847656 -4.257110118865967 37.14925003051758
v 13.146422386169434 -4.199326515197754 192.0729217529297
v 13.092374801635742 -1.560085415840149 191.31080627441406
v 13.284546852111816 -4.524179458618164 199.3333740234375
v 13.199440002441406 -2.478297233581543 207.07838439941406
v 16.143327713012695 -1.4032158851623535 366.05487060546875
v 13.651784896850586 -2.293550968170166 209.38497924804688
v 13.790515899658203 0.2928922176361084 218.3328857421875
v 13.563610076904297 2.1915159225463867 361.0726013183594
v 14.999165534973145 0.9454048275947571 388.5848388671875
v 13.113882064819336 3.774104118347168 196.01748657226562
v 13.385315895080566 2.386115789413452 193.24258422851562
v 12.72237491607666 4.776305198669434 18.858617782592773
v 13.184819221496582 2.2657077312469482 21.539670944213867
v 13.250288009643555 3.1782188415527344 17.791297912597656
v 13.333786964416504 2.998293161392212 24.39350128173828
v 13.32420539855957 3.2887465953826904 223.43601989746094
v 13.243515968322754 6.0479254722595215 199.55064392089844
v 12.936118125915527 6.032529830932617 19.617555618286133
v 13.686326026916504 4.7626519203186035 228.20782470703125
v 14.270818710327148 2.8484973907470703 226.03680419921875
v 13.7247314453125 6.124114990234375 231.47434997558594
v 13.734580993652344 10.257713317871094 235.4201202392578
v 13.303351402282715 9.790968894958496 397.7124328613281
v 13.31663990020752 11.81226634979248 208.20065307617188
v 14.683099746704102 10.955425262451172 571.5239868164062
v 14.252802848815918 11.953097343444824 573.4177856445312
v 13.185598373413086 12.819820404052734 407.3353271484375
v 12.837228775024414 14.121986389160156 408.1101989746094
v 13.39066219329834 12.936551094055176 410.89044189453125
v 12.732741355895996 15.176798820495605 405.8387451171875
v 14.746625900268555 11.843981742858887 570.1348266601562
v 13.08283519744873 16.70478057861328 405.2867736816406
v 13.872658729553223 14.833471298217773 571.3631591796875
v 13.451947212219238 18.504152297973633 237.10768127441406
v 13.255032539367676 17.519500732421875 407.6337585449219
v 13.326131820678711 18.04071617126465 401.1008605957031
v 14.313986778259277 18.705101013183594 417.57470703125
v 14.721942901611328 19.946685791015625 417.01953125
v 14.180283546447754 22.506149291992188 236.4229736328125
v 13.529037475585938 19.648509979248047 361.24774169921875
v 14.604809761047363 20.6878662109375 409.2812194824219
v 15.109268188476562 21.399208068847656 410.3569641113281
v 13.966413497924805 26.76803207397461 378.5605773925781
v 14.790414810180664 -32.90144348144531 70.59186553955078
v 14.549372673034668 -31.75290298461914 75.48002624511719
v 14.155913352966309 -29.57848358154297 86.48922729492188
v 13.925211906433105 -25.97885513305664 98.84783172607422
v 14.733325958251953 -28.048236846923828 98.42822265625
v 14.731294631958008 -24.835607528686523 42.18320846557617
v 14.44752311706543 -19.488962173461914 33.05266189575195
v 13.994521141052246 -19.016883850097656 97.67223358154297
v 14.369288444519043 -17.46059799194336 71.51347351074219
v 14.069045066833496 -16.84346580505371 92.39257049560547
v 14.08200454711914 -15.893315315246582 79.3872299194336
v 13.557369232177734 -9.155797004699707 24.656375885009766
v 13.44659423828125 -7.168718338012695 23.42437744140625
v 13.822632789611816 -9.192039489746094 29.739194869995117
v 13.52457046508789 -7.6289591789245605 32.32228088378906
v 15.282170295715332 -5.608958721160889 40.46908187866211
v 13.953577995300293 -5.101860523223877 30.631006240844727
v 13.991015434265137 -7.371750831604004 190.8772735595703
v 13.968615531921387 -7.1475348472595215 194.3363800048828
v 14.383938789367676 -4.616867542266846 207.15093994140625
v 13.929472923278809 1.487878441810608 190.3284149169922
v 13.65176010131836 0.1625351458787918 23.220884323120117
v 13.281769752502441 1.3817200660705566 24.25626564025879
v 13.718328475952148 0.544945478439331 26.841524124145508
v 13.27003288269043 5.351337432861328 16.671112060546875
v 14.320481300354004 4.556032657623291 359.8218688964844
v 13.73585319519043 6.020617485046387 22.596843719482422
v 14.388860702514648 6.397770404815674 195.57461547851562
v 13.251251220703125 6.457134246826172 14.939045906066895
v 13.057840347290039 7.127578258514404 16.145753860473633
v 13.405898094177246 7.452995300292969 18.320005416870117
v 13.817086219787598 7.396979331970215 20.717405319213867
v 14.233165740966797 7.988579273223877 358.8631591796875
v 13.31235408782959 9.40160083770752 16.012434005737305
v 13.239917755126953 9.486700057983398 14.44592571258545
v 13.698546409606934 8.719637870788574 13.104532241821289
v 14.104019165039062 9.391264915466309 201.5953826904297
v 13.81560230255127 11.258065223693848 14.73969841003418
v 14.2814359664917 9.783659934997559 400.5374450683594
v 13.953895568847656 11.56567096710205 358.79461669921875
v 13.872237205505371 11.399930000305176 405.2237548828125
v 14.008227348327637 11.69158935546875 408.34521484375
v 14.194401741027832 14.095459938049316 239.16619873046875
v 14.453859329223633 13.546072006225586 573.2152709960938
v 14.52503490447998 16.351795196533203 213.8875732421875
v 13.745841979980469 17.200788497924805 238.7387237548828
v 14.444252967834473 17.734268188476562 218.1189422607422
v 13.9824857711792 14.398980140686035 359.2992858886719
v 14.092062950134277 17.0355167388916 417.592529296875
v 14.382115364074707 18.299455642700195 219.38153076171875
v 13.754934310913086 17.65774917602539 360.1730651855469
v 14.061174392700195 18.889568328857422 220.3250274658203
v 13.816726684570312 18.060556411743164 405.33856201171875
v 13.528215408325195 19.895462036132812 223.26806640625
v 13.87912654876709 21.03388023376465 237.47296142578125
v 13.861281394958496 20.036354064941406 396.5029602050781
v 13.859602928161621 21.8013973236084 227.81405639648438
v 15.329050064086914 20.86298179626465 363.1067199707031
v 15.158293724060059 21.260990142822266 415.661376953125
v 15.313718795776367 21.90938949584961 413.9803771972656
v 15.401116371154785 26.83925437927246 377.0278015136719
v 15.077613830566406 -33.35237121582031 64.3277587890625
v 15.041646957397461 -31.64615249633789 58.38065719604492
v 14.762474060058594 -30.228052139282227 54.14265060424805
v 15.191304206848145 -30.665803909301758 80.45269012451172
v 14.291482925415039 -29.154375076293945 93.81451416015625
v 14.61983585357666 -26.101667404174805 44.21739959716797
v 14.889629364013672 -23.37076759338379 39.140174865722656
v 14.825345039367676 -20.784221649169922 35.60886001586914
v 14.138772964477539 -21.400827407836914 100.18589782714844
v 14.905705451965332 -19.151105880737305 63.97392272949219
v 14.406764030456543 -17.53899574279785 96.50324249267578
v 15.501076698303223 -15.90575122833252 74.64987182617188
v 14.239428520202637 -15.311396598815918 30.09856605529785
v 14.18885326385498 -13.48310375213623 29.945480346679688
v 14.175451278686523 -11.79767894744873 28.67340850830078
v 14.028340339660645 -10.644134521484375 26.438398361206055
v 14.80837345123291 -13.846906661987305 48.16469192504883
v 13.973445892333984 -9.101672172546387 27.430992126464844
v 14.41845989227295 -9.007392883300781 31.787179946899414
v 13.970553398132324 -6.292110919952393 187.60049438476562
v 13.753755569458008 -3.5318288803100586 31.76066780090332
v 14.279955863952637 -5.8978471755981445 201.42030334472656
v 14.33524227142334 -4.647439002990723 184.83206176757812
v 14.808534622192383 -5.693606376647949 204.61326599121094
v 14.614293098449707 -3.1623992919921875 36.916500091552734
v 14.180047035217285 -2.511327028274536 29.5363712310791
v 14.016416549682617 -2.6207563877105713 34.51396560668945
v 14.6885347366333 -1.5661617517471313 33.032344818115234
v 17.702159881591797 -1.8102995157241821 382.3053894042969
v 14.625012397766113 -3.334782123565674 211.55186462402344
v 14.202603340148926 -1.9040141105651855 26.32074737548828
v 14.05622673034668 1.1297969818115234 27.982221603393555
v 14.52611255645752 -0.38115787506103516 385.63275146484375
v 14.388056755065918 0.0006393391522578895 220.947021484375
v 14.053739547729492 0.7805497050285339 20.779394149780273
v 13.888684272766113 2.2717175483703613 17.403518676757812
v 14.73161792755127 1.1840487718582153 224.1286163330078
v 14.304976463317871 3.6859662532806396 26.26809310913086
v 14.613654136657715 4.805706977844238 192.32708740234375
v 14.561324119567871 3.547715187072754 15.128312110900879
v 14.214607238769531 5.613221168518066 13.519769668579102
v 15.6511812210083 7.530964374542236 394.74127197265625
v 14.693278312683105 9.31632137298584 18.722734451293945
v 14.459614753723145 8.020760536193848 198.6951446533203
v 14.454405784606934 10.284200668334961 12.256111145019531
v 13.796573638916016 10.766303062438965 13.495301246643066
v 14.048249244689941 10.865894317626953 16.481351852416992
v 14.761244773864746 11.564678192138672 204.0478973388672
v 14.602904319763184 11.096485137939453 572.6672973632812
v 14.502920150756836 11.950736999511719 410.3716735839844
v 15.022622108459473 12.194096565246582 412.2279968261719
v 14.870733261108398 14.102638244628906 207.5188751220703
v 14.594285011291504 13.499062538146973 569.4242553710938
v 14.600881576538086 15.750411033630371 213.24905395507812
v 14.595585823059082 14.55869197845459 570.47119140625
v 14.266223907470703 15.44937515258789 359.2766418457031
v 14.360980987548828 19.079870223999023 402.46795654296875
v 14.199325561523438 18.86642837524414 407.55120849609375
v 14.520956993103027 17.904722213745117 360.18304443359375
v 14.762499809265137 19.36847496032715 400.8377380371094
v 14.53872013092041 21.841989517211914 242.23265075683594
v 14.539605140686035 21.833463668823242 224.21795654296875
v 14.726287841796875 24.037384033203125 234.80789184570312
v 15.900199890136719 -32.7875862121582 66.32612609863281
v 15.532508850097656 -31.146434783935547 59.22056198120117
v 15.38852310180664 -30.62662696838379 92.28085327148438
v 14.948981285095215 -24.17460060119629 104.16719818115234
v 16.19660758972168 -19.364551544189453 66.51594543457031
v 15.784283638000488 -18.447551727294922 68.53079986572266
v 15.164571762084961 -18.02781105041504 59.466285705566406
v 15.216879844665527 -16.143869400024414 95.7082748413086
v 15.461600303649902 -15.420632362365723 89.93511962890625
v 15.107771873474121 -16.44271469116211 55.24038314819336
v 15.45093059539795 -15.470687866210938 50.892242431640625
v 15.338382720947266 -14.591866493225098 48.93877029418945
v 14.4911470413208 -11.962762832641602 30.38454246520996
v 15.126150131225586 -10.692063331604004 43.63521957397461
v 14.380508422851562 -10.506220817565918 30.891401290893555
v 16.205808639526367 -10.768399238586426 43.07599639892578
v 15.170980453491211 -7.638397216796875 30.58579444885254
v 15.26394271850586 -10.14915657043457 184.9864501953125
v 14.565153121948242 -7.309375762939453 197.9693145751953
v 14.566055297851562 -3.6965410709381104 28.62699317932129
v 15.056400299072266 -5.603496551513672 28.72493553161621
v 15.517476081848145 -3.852839469909668 38.992977142333984
v 15.178980827331543 -4.230734348297119 210.2275848388672
v 14.460814476013184 -0.976539671421051 30.34247398376465
v 14.865388870239258 -1.8677563667297363 184.26829528808594
v 14.48625373840332 -1.0512477159500122 186.53111267089844
v 14.533196449279785 -0.8016577363014221 22.460351943969727
v 16.659814834594727 0.36198413372039795 363.6476745605469
v 15.331183433532715 1.082779049873352 17.172443389892578
v 16.121549606323242 2.1856188774108887 390.6509094238281
v 15.354808807373047 4.159095764160156 232.46360778808594
v 14.77121353149414 8.464374542236328 11.994108200073242
v 15.516088485717773 7.8150634765625 236.85205078125
v 15.26645565032959 8.244257926940918 397.2261657714844
v 16.537296295166016 10.044853210449219 358.8046875
v 15.139701843261719 12.22445297241211 13.05202579498291
v 14.920559883117676 10.482542037963867 403.2926330566406
v 14.706695556640625 12.287349700927734 14.162027359008789
v 14.791197776794434 11.960916519165039 16.24171257019043
v 15.699925422668457 14.342340469360352 206.5868682861328
v 14.907394409179688 15.495840072631836 210.1507110595703
v 15.247501373291016 14.200506210327148 572.053955078125
v 14.938217163085938 20.048025131225586 399.27154541015625
v 15.08288288116455 21.819637298583984 222.21937561035156
v 15.936381340026855 22.18410301208496 395.7826232910156
v 15.788954734802246 25.921159744262695 234.10565185546875
v 15.224654197692871 26.417770385742188 390.96435546875
v 17.893177032470703 29.240392684936523 382.37451171875
v 16.16634750366211 28.64814567565918 385.1351318359375
v 16.607715606689453 28.84299659729004 383.71051025390625
v 16.29900550842285 -31.831356048583984 61.38264846801758
v 16.187772750854492 -32.69053649902344 69.95953369140625
v 16.338830947875977 -32.086666107177734 74.77247619628906
v 15.511148452758789 -30.803630828857422 86.53766632080078
v 15.181645393371582 -27.56602668762207 49.17192459106445
v 14.769621849060059 -26.330739974975586 102.34703826904297
v 14.925056457519531 -22.482208251953125 103.84833526611328
v 15.201889991760254 -20.34503746032715 102.91767883300781
v 16.370361328125 -17.616695404052734 33.448307037353516
v 16.43195152282715 -17.73073959350586 70.21871948242188
v 15.953855514526367 -14.473360061645508 78.46418762207031
v 15.18598747253418 -12.86251163482666 30.73646354675293
v 15.513870239257812 -10.515708923339844 31.935625076293945
v 16.537282943725586 -8.666810035705566 42.4654655456543
v 14.989179611206055 -9.613330841064453 190.39700317382812
v 15.695277214050293 -10.388187408447266 193.30645751953125
v 14.733793258666992 -7.6406168937683105 183.96759033203125
v 14.963006019592285 -8.26802921295166 181.32666015625
v 14.819607734680176 -5.260368347167969 183.07601928710938
v 15.106767654418945 -5.89293098449707 180.4962615966797
v 15.500073432922363 -4.641719341278076 27.780195236206055
v 15.309678077697754 -3.3392274379730225 182.23782348632812
v 15.402623176574707 -4.100299835205078 26.742965698242188
v 16.58674430847168 -2.6428442001342773 376.7657165527344
v 15.386536598205566 -1.7702832221984863 35.686607360839844
v 15.696100234985352 -2.784820318222046 216.4718780517578
v 15.229578971862793 0.23779314756393433 30.961727142333984
v 15.269791603088379 -1.3163906335830688 219.9742431640625
v 15.460128784179688 0.09113603830337524 19.632753372192383
v 15.563478469848633 1.3473353385925293 186.172607421875
v 15.246378898620605 3.6572425365448 189.3916473388672
v 15.472332000732422 2.6740622520446777 229.43460083007812
v 15.47219181060791 6.684828758239746 24.202783584594727
v 15.663285255432129 6.337704658508301 359.41680908203125
v 15.287153244018555 9.513800621032715 19.377832412719727
v 15.482876777648926 10.14561653137207 199.39651489257812
v 15.704832077026367 10.935988426208496 240.29208374023438
v 15.431211471557617 10.104813575744629 405.3163757324219
v 15.369050025939941 11.913846969604492 358.686767578125
v 16.155561447143555 12.223133087158203 413.1686706542969
v 15.999619483947754 13.870712280273438 358.9222106933594
v 15.097710609436035 17.926488876342773 244.10238647460938
v 14.855901718139648 20.69198226928711 244.2090301513672
v 15.501338005065918 19.51021957397461 405.0647277832031
v 15.460988998413086 19.663129806518555 406.7352294921875
v 15.648914337158203 20.439943313598633 408.52069091796875
v 15.209108352661133 20.68324089050293 397.2479553222656
v 15.8108549118042 24.224510192871094 226.21632385253906
v 15.912561416625977 21.704038619995117 411.7558898925781
v 14.755584716796875 23.72028350830078 242.1470947265625
v 15.461508750915527 25.079029083251953 244.77532958984375
v 16.660871505737305 27.015460968017578 233.21115112304688
v 15.855198860168457 24.627349853515625 393.8317565917969
v 15.282150268554688 26.081785202026367 240.69692993164062
v 18.10988998413086 24.582395553588867 371.01068115234375
v 16.717830657958984 25.25569725036621 372.1261291503906
v 17.011381149291992 -31.705842971801758 79.62000274658203
v 15.809453964233398 -29.819990158081055 97.69148254394531
v 15.684524536132812 -29.089828491210938 101.25151824951172
v 16.239505767822266 -28.58544158935547 104.97244262695312
v 15.74759578704834 -24.898786544799805 44.72366714477539
v 16.4610538482666 -26.239063262939453 108.4644775390625
v 15.95067310333252 -20.756874084472656 37.04411315917969
v 16.49209213256836 -18.766860961914062 34.92198944091797
v 15.357274055480957 -18.825796127319336 63.247100830078125
v 16.14590072631836 -19.05472183227539 60.85117721557617
v 15.95547866821289 -18.303752899169922 56.61465835571289
v 15.819738388061523 -15.162226676940918 93.39633178710938
v 16.58523178100586 -14.492724418640137 76.98566436767578
v 15.650554656982422 -14.970383644104004 86.57868194580078
v 15.332983016967773 -10.877167701721191 175.33905029296875
v 15.11755084991455 -8.639653205871582 176.92979431152344
v 15.188014030456543 -11.141609191894531 178.23049926757812
v 15.636730194091797 -9.139132499694824 173.75083923339844
v 15.707425117492676 -11.278650283813477 182.49330139160156
v 15.280571937561035 -10.473034858703613 183.1689910888672
v 16.072555541992188 -11.35744857788086 189.99935913085938
v 15.771078109741211 -8.48669147491455 199.49322509765625
v 17.006572723388672 -6.529941558837891 41.20623016357422
v 15.661848068237305 -7.055432319641113 174.8249969482422
v 15.97704029083252 -6.752095699310303 205.60365295410156
v 15.695318222045898 -3.615356922149658 179.78330993652344
v 15.764902114868164 -3.2160427570343018 25.114591598510742
v 16.84691047668457 -2.5049490928649902 370.1524963378906
v 18.124191284179688 -2.3463518619537354 378.6361083984375
v 15.485904693603516 -1.2891744375228882 21.855199813842773
v 16.705371856689453 -1.2657105922698975 384.2568054199219
v 16.279935836791992 -0.8812891840934753 223.7675323486328
v 17.271320343017578 -0.37101849913597107 386.9713439941406
v 15.97211742401123 0.8496975898742676 226.67279052734375
v 17.296913146972656 4.811018943786621 360.432861328125
v 15.5853271484375 3.986781597137451 27.500890731811523
v 15.983789443969727 3.920872449874878 13.436751365661621
v 16.59231185913086 5.129147529602051 12.252115249633789
v 16.175838470458984 8.679944038391113 195.31443786621094
v 16.42987060546875 10.016342163085938 197.72926330566406
v 16.1213321685791 8.486830711364746 398.9687194824219
v 15.829389572143555 9.573577880859375 11.269234657287598
v 15.96438217163086 10.294564247131348 408.5754089355469
v 15.902548789978027 11.518645286560059 11.96074390411377
v 16.58338737487793 12.16468620300293 573.5189208984375
v 16.165552139282227 12.992513656616211 15.149846076965332
v 15.90381145477295 12.500808715820312 242.2467498779297
v 15.80477523803711 12.777901649475098 570.5150146484375
v 16.356430053710938 13.591958999633789 573.5599975585938
v 15.481894493103027 15.5715970993042 243.6883087158203
v 15.613058090209961 13.860992431640625 570.9138793945312
v 15.915565490722656 20.695568084716797 219.0208282470703
v 15.766267776489258 19.947649002075195 402.2442321777344
v 15.437224388122559 22.74488067626953 246.2086639404297
v 17.342966079711914 -32.30128860473633 69.57405090332031
v 16.44383430480957 -31.363670349121094 86.26932525634766
v 15.715107917785645 -29.25668716430664 54.39313507080078
v 16.111557006835938 -30.618398666381836 94.91278076171875
v 16.199859619140625 -26.43115234375 49.93565368652344
v 16.33938217163086 -24.098543167114258 108.69174194335938
v 16.518571853637695 -22.837223052978516 43.96012878417969
v 16.499568939208984 -21.951519012451172 40.252498626708984
v 16.5483341217041 -22.10981559753418 108.77043151855469
v 15.928464889526367 -18.478769302368164 102.37381744384766
v 17.06904411315918 -16.15640640258789 33.59351348876953
v 16.020151138305664 -13.551700592041016 31.84410285949707
v 16.31361198425293 -11.765315055847168 32.38665008544922
v 15.621821403503418 -12.847674369812012 176.289306640625
v 15.797684669494629 -13.122364044189453 179.18324279785156
v 16.333662033081055 -13.469931602478027 45.097652435302734
v 16.051939010620117 -11.488895416259766 171.70130920410156
v 16.321569442749023 -13.792498588562012 172.6295623779297
v 16.64822769165039 -8.330936431884766 202.988037109375
v 16.470638275146484 -6.625938892364502 208.12367248535156
v 16.171161651611328 -4.448809623718262 176.50439453125
v 16.1065673828125 -1.595659852027893 181.65542602539062
v 16.512645721435547 -4.697510242462158 213.59059143066406
v 17.01947784423828 -0.5062474012374878 34.28936767578125
v 15.846668243408203 -0.30063703656196594 183.20367431640625
v 16.1564998626709 0.45871850848197937 32.129207611083984
v 16.3254337310791 1.908873438835144 15.37428092956543
v 17.406957626342773 2.107661724090576 362.32977294921875
v 16.213382720947266 1.4730709791183472 30.78407859802246
v 16.298049926757812 7.073217391967773 192.07713317871094
v 16.565176010131836 8.578154563903809 21.902063369750977
v 17.58146095275879 6.945269584655762 395.17755126953125
v 16.669593811035156 10.131892204284668 19.753883361816406
v 16.374160766601562 9.78929328918457 403.2785339355469
v 16.951324462890625 10.554593086242676 18.7158145904541
v 16.266759872436523 12.429954528808594 16.655948638916016
v 17.012123107910156 11.618016242980957 572.8402099609375
v 16.57280731201172 13.439001083374023 203.52191162109375
v 17.200407028198242 14.649763107299805 572.78173828125
v 16.39803695678711 14.6268310546875 415.80987548828125
v 16.932640075683594 17.916379928588867 212.1815948486328
v 16.937137603759766 18.052316665649414 249.3284454345703
v 16.603681564331055 20.161043167114258 217.78720092773438
v 15.91621208190918 20.60727882385254 247.84674072265625
v 17.425952911376953 20.91314125061035 409.5846862792969
v 19.237812042236328 23.677753448486328 369.9022521972656
v 16.000503540039062 26.611604690551758 247.73129272460938
v 16.17902374267578 25.11041831970215 249.75221252441406
v 16.33194351196289 28.300317764282227 239.236328125
v 15.897695541381836 26.9842472076416 243.5336151123047
v 17.04966163635254 26.641155242919922 375.53118896484375
v 17.087038040161133 -31.812484741210938 63.78467559814453
v 18.052091598510742 -31.939023971557617 73.76165771484375
v 17.520265579223633 -32.03986358642578 91.5868148803711
v 16.859561920166016 -29.602628707885742 58.327152252197266
v 16.865543365478516 -27.589115142822266 54.9428825378418
v 16.593730926513672 -23.622116088867188 45.37641525268555
v 17.014118194580078 -20.354358673095703 108.6717300415039
v 16.8922061920166 -19.385387420654297 37.54484939575195
v 16.30820083618164 -20.167646408081055 63.24921417236328
v 16.705223083496094 -19.985788345336914 62.337867736816406
v 16.45608901977539 -19.42160987854004 58.54152297973633
v 16.607311248779297 -18.116424560546875 53.704200744628906
v 16.410770416259766 -15.922566413879395 47.42869186401367
v 17.440349578857422 -14.860908508300781 33.75524139404297
v 17.293781280517578 -14.012604713439941 86.06543731689453
v 16.818572998046875 -15.710211753845215 176.24559020996094
v 16.4405460357666 -12.78429126739502 183.16395568847656
v 16.54083824157715 -13.053977966308594 184.07276916503906
v 17.0325984954834 -13.201935768127441 186.44935607910156
v 16.482574462890625 -9.480829238891602 169.74502563476562
v 17.235267639160156 -11.888861656188965 194.169677734375
v 17.0996036529541 -8.671879768371582 30.422616958618164
v 16.284360885620117 -7.219339370727539 172.5946502685547
v 17.290987014770508 -6.775974273681641 27.992095947265625
v 17.323537826538086 -5.4580159187316895 27.129650115966797
v 17.190937042236328 -6.116289138793945 210.70570373535156
v 16.916156768798828 -1.790593147277832 178.3818817138672
v 18.41875648498535 -2.2446913719177246 374.9724426269531
v 16.689599990844727 -1.6783009767532349 21.625385284423828
v 17.344322204589844 -3.111771583557129 220.60345458984375
v 17.176254272460938 1.7754201889038086 182.99441528320312
v 16.949644088745117 3.549295663833618 186.22950744628906
v 16.847116470336914 3.112124443054199 29.429012298583984
v 17.13629150390625 7.78225040435791 359.34320068359375
v 17.28946876525879 9.247386932373047 241.39749145507812
v 16.9383602142334 9.5717134475708 406.0568542480469
v 16.93788719177246 9.846414566040039 11.155280113220215
v 17.101316452026367 11.543828964233398 571.73291015625
v 17.125350952148438 12.33920669555664 570.7389526367188
v 17.390796661376953 12.921667098999023 201.0711669921875
v 17.063156127929688 12.674575805664062 13.036513328552246
v 17.47820281982422 12.588142395019531 413.7538146972656
v 16.62282371520996 15.128447532653809 246.08033752441406
v 17.53470802307129 16.106897354125977 206.262451171875
v 17.211139678955078 17.321666717529297 209.1189422607422
v 17.059843063354492 17.033302307128906 360.79803466796875
v 17.314044952392578 17.601472854614258 416.2317810058594
v 17.4632511138916 19.187395095825195 362.6681823730469
v 17.37031364440918 20.277822494506836 400.4252624511719
v 17.24696922302246 21.050203323364258 398.0964050292969
v 16.824045181274414 23.16156005859375 221.0553741455078
v 16.345561981201172 23.052974700927734 250.42117309570312
v 18.652057647705078 27.404863357543945 392.7710266113281
v 17.02706527709961 28.911258697509766 237.225341796875
v 16.46392822265625 28.641443252563477 246.86825561523438
v 16.693233489990234 28.912477493286133 242.2659454345703
v 16.85249900817871 -29.64249610900879 59.37261962890625
v 17.563392639160156 -31.515888214111328 96.41715240478516
v 17.471561431884766 -31.4858455657959 99.81041717529297
v 17.130023956298828 -30.18125343322754 104.65177917480469
v 17.031856536865234 -25.28400993347168 51.413658142089844
v 16.9200496673584 -28.14619255065918 107.99784088134766
v 16.867399215698242 -27.275632858276367 111.29339599609375
v 16.56305503845215 -25.08868980407715 112.84284210205078
v 16.804529190063477 -24.966800689697266 115.78192901611328
v 16.61185073852539 -22.94578742980957 113.24078369140625
v 17.142765045166016 -21.110944747924805 62.74060821533203
v 17.055156707763672 -20.076297760009766 55.6090087890625
v 18.523311614990234 -18.845073699951172 69.24549865722656
v 17.063329696655273 -18.298498153686523 49.46326446533203
v 18.130674362182617 -15.831400871276855 101.79598236083984
v 17.303316116333008 -14.708802223205566 96.52592468261719
v 17.4856014251709 -14.076581001281738 93.52751922607422
v 17.23857307434082 -17.009153366088867 168.4285125732422
v 16.73786163330078 -15.329913139343262 167.5450897216797
v 17.1098690032959 -15.790772438049316 173.706298828125
v 17.05019760131836 -15.688072204589844 178.9667510986328
v 16.504945755004883 -13.267375946044922 166.63015747070312
v 18.14898109436035 -12.86007022857666 33.74815368652344
v 17.152694702148438 -13.092480659484863 42.31803894042969
v 16.939002990722656 -10.361804008483887 165.5871124267578
v 17.290382385253906 -5.090490818023682 172.14674377441406
v 17.553674697875977 -4.336541175842285 39.757965087890625
v 17.28676414489746 -4.696101188659668 25.945920944213867
v 17.63375473022461 -3.72843337059021 24.719173431396484
v 17.183399200439453 -1.349645733833313 36.14216232299805
v 17.352624893188477 -0.20152612030506134 19.12200355529785
v 17.26055145263672 -0.0021755676716566086 181.0326385498047
v 17.483335494995117 0.609844446182251 17.005115509033203
v 18.059337615966797 0.6820659041404724 389.0064392089844
v 17.20852279663086 1.9240633249282837 231.81480407714844
v 17.18590545654297 6.1509881019592285 237.60870361328125
v 17.933706283569336 5.557836055755615 12.04004955291748
v 17.272804260253906 6.746082305908203 24.862173080444336
v 17.490732192993164 9.52371597290039 403.2527160644531
v 18.08415985107422 11.590129852294922 197.66500854492188
v 17.57044792175293 14.956217765808105 571.0123901367188
v 17.216812133789062 15.169763565063477 571.7859497070312
v 18.647218704223633 15.635151863098145 415.3575439453125
v 17.61519432067871 14.702914237976074 360.0030517578125
v 17.460670471191406 18.861602783203125 212.76568603515625
v 18.65305519104004 19.269376754760742 414.6203918457031
v 17.69569206237793 20.40435218811035 402.3914794921875
v 17.159523010253906 20.056833267211914 405.0144348144531
v 17.238235473632812 20.303773880004883 406.8994445800781
v 17.21075439453125 20.590986251831055 251.8601837158203
v 17.413291931152344 21.639434814453125 397.2248840332031
v 17.931541442871094 28.444244384765625 232.9302978515625
v 17.118112564086914 30.371715545654297 245.81573486328125
v 17.911367416381836 -30.93637466430664 65.06017303466797
v 18.93722152709961 -31.364160537719727 69.44160461425781
v 18.263355255126953 -32.32168960571289 87.37269592285156
v 18.701337814331055 -32.31393051147461 85.8906021118164
v 18.201047897338867 -31.90060043334961 95.20207214355469
v 18.39920425415039 -31.80175018310547 104.21385192871094
v 18.15146255493164 -30.568645477294922 107.59453582763672
v 17.551273345947266 -29.28577423095703 109.68819427490234
v 16.960338592529297 -26.813053131103516 114.41670989990234
v 17.339250564575195 -26.678752899169922 118.2385025024414
v 17.17597007751465 -24.37051773071289 119.2470932006836
v 16.830219268798828 -23.00396728515625 116.14456176757812
v 17.20229148864746 -21.957988739013672 45.78883743286133
v 17.27113151550293 -20.628734588623047 45.381324768066406
v 17.53685188293457 -19.982112884521484 41.23159408569336
v 17.11225128173828 -20.828866958618164 113.66488647460938
v 17.318817138671875 -20.4320125579834 116.25162506103516
v 17.311046600341797 -22.27280044555664 119.40193176269531
v 17.240985870361328 -20.841859817504883 57.984161376953125
v 17.87240219116211 -21.691591262817383 60.57724380493164
v 18.01242446899414 -21.06623649597168 65.38033294677734
v 17.60480308532715 -18.084762573242188 38.57007598876953
v 17.832677841186523 -18.521883010864258 108.5639419555664
v 17.653783798217773 -16.51959991455078 103.34478759765625
v 17.251739501953125 -18.002832412719727 47.72370529174805
v 17.16102409362793 -18.21430015563965 46.72329330444336
v 17.390270233154297 -14.834280014038086 43.7822151184082
v 18.40977668762207 -15.29256820678711 73.86080932617188
v 17.700960159301758 -17.607940673828125 170.95350646972656
v 18.63942527770996 -14.087942123413086 75.98768615722656
v 17.88821792602539 -14.04016399383545 89.79902648925781
v 17.693889617919922 -15.4029541015625 181.99449157714844
v 18.536893844604492 -13.462117195129395 78.25785827636719
v 17.180160522460938 -15.328811645507812 163.7623291015625
v 17.13677406311035 -13.040536880493164 163.1657257080078
v 17.035385131835938 -13.611068725585938 593.4426879882812
v 17.261730194091797 -12.718063354492188 592.5406494140625
v 16.95367431640625 -12.10114860534668 594.4635620117188
v 17.920211791992188 -13.510417938232422 189.408447265625
v 17.999618530273438 -10.359450340270996 31.637393951416016
v 17.170766830444336 -7.81468391418457 168.84214782714844
v 18.264968872070312 -8.647675514221191 205.6842041015625
v 17.92159080505371 -4.218859672546387 217.5931854248047
v 18.53152847290039 -3.2249019145965576 222.7292938232422
v 17.970905303955078 -1.736577033996582 225.09725952148438
v 18.175832748413086 -1.5426266193389893 368.74896240234375
v 18.104915618896484 -0.5187979340553284 228.10568237304688
v 17.72686004638672 0.6018057465553284 33.133094787597656
v 18.10897445678711 1.5818425416946411 31.419429779052734
v 18.557308197021484 1.4448697566986084 15.616903305053711
v 18.00563621520996 3.5298006534576416 13.279831886291504
v 18.157407760620117 2.7020061016082764 234.56732177734375
v 18.057205200195312 3.9474356174468994 28.64385223388672
v 18.194286346435547 7.561788558959961 397.4351806640625
v 17.815065383911133 8.35538101196289 191.79473876953125
v 18.506868362426758 9.283758163452148 21.187358856201172
v 18.086210250854492 11.063092231750488 196.8767547607422
v 18.217939376831055 9.959473609924316 408.81396484375
v 17.78960418701172 11.49032211303711 11.931392669677734
v 17.98480224609375 13.350991249084473 246.94923400878906
v 18.03466033935547 13.685791969299316 573.0782470703125
v 18.611175537109375 14.897286415100098 570.6819458007812
v 18.578109741210938 13.424539566040039 414.21978759765625
v 20.624267578125 21.159780502319336 367.2718200683594
v 17.900634765625 22.09859848022461 218.03912353515625
v 18.340883255004883 24.866025924682617 255.9138946533203
v 17.817726135253906 27.297786712646484 254.5489959716797
v 18.013446807861328 25.79990577697754 224.6490478515625
v 17.474367141723633 28.872961044311523 252.60372924804688
v 22.476842880249023 30.940725326538086 390.2875061035156
v 17.532508850097656 30.91240692138672 249.1782684326172
v 18.116844177246094 31.105344772338867 240.99002075195312
v 18.811689376831055 -32.25050735473633 78.39665985107422
v 18.450008392333984 -29.768272399902344 63.2476806640625
v 17.9169979095459 -29.30682373046875 60.977962493896484
v 17.883729934692383 -27.590604782104492 59.566680908203125
v 18.209197998046875 -30.965789794921875 107.99002838134766
v 17.929357528686523 -27.629596710205078 58.816856384277344
v 17.521663665771484 -28.54200553894043 114.26044464111328
v 17.520524978637695 -25.845365524291992 55.50987243652344
v 18.189199447631836 -26.78837776184082 121.70330810546875
v 17.472732543945312 -23.97880744934082 52.553043365478516
v 17.72146224975586 -22.846263885498047 56.29939270019531
v 17.449935913085938 -20.18297576904297 47.04830551147461
v 17.57577896118164 -21.72246742248535 54.68455505371094
v 17.76180076599121 -19.932308197021484 118.6560287475586
v 17.61075210571289 -19.372339248657227 112.1943588256836
v 17.969470977783203 -17.578102111816406 42.35882568359375
v 17.839141845703125 -16.87932777404785 35.97927474975586
v 18.24734878540039 -17.084062576293945 106.57087707519531
v 17.729833602905273 -17.560749053955078 164.45516967773438
v 17.76938247680664 -17.61809539794922 160.90896606445312
v 19.037940979003906 -16.42784309387207 71.97884368896484
v 17.259952545166016 -14.325711250305176 161.62257385253906
v 17.8652400970459 -14.662155151367188 40.79057693481445
v 18.281064987182617 -14.945829391479492 184.1678924560547
v 18.471790313720703 -15.275424003601074 184.80921936035156
v 18.021528244018555 -14.556916236877441 591.9700317382812
v 17.99407196044922 -14.602768898010254 157.0291748046875
v 17.455080032348633 -11.24894905090332 162.2913360595703
v 17.48768424987793 -14.259201049804688 594.4034423828125
v 17.638532638549805 -11.523143768310547 595.6085205078125
v 19.064422607421875 -10.518153190612793 32.16006851196289
v 17.51634407043457 -9.831746101379395 593.9869384765625
v 17.635540008544922 -9.533186912536621 595.009033203125
v 17.93836212158203 -10.47089958190918 592.6879272460938
v 18.30661964416504 -10.867328643798828 199.13665771484375
v 19.709409713745117 -6.982570171356201 40.28195571899414
v 17.97950553894043 -7.677361965179443 165.4513702392578
v 18.223554611206055 -8.164844512939453 29.527711868286133
v 18.405439376831055 -7.932731628417969 208.47251892089844
v 18.19706916809082 -6.082029819488525 168.18821716308594
v 18.257585525512695 -2.788112163543701 38.07147979736328
v 17.66289710998535 -0.46280553936958313 178.8063201904297
v 19.033681869506836 -0.10974656045436859 366.5716247558594
v 18.955015182495117 1.6405768394470215 180.4217529296875
v 18.469058990478516 4.587013244628906 185.5617218017578
v 18.29471206665039 6.494528770446777 188.3900604248047
v 18.901565551757812 6.165705680847168 12.13343620300293
v 18.784090042114258 7.412326335906982 241.3577117919922
v 18.47993278503418 8.404535293579102 399.3052978515625
v 18.587488174438477 9.971602439880371 359.8675842285156
v 18.535480499267578 9.453033447265625 406.13427734375
v 18.63058853149414 10.497040748596191 19.222929000854492
v 18.407516479492188 10.159330368041992 11.554766654968262
v 17.85768699645996 12.027809143066406 359.52679443359375
v 17.854595184326172 12.566354751586914 16.232248306274414
v 18.86626434326172 11.157918930053711 411.135498046875
v 18.938465118408203 13.406126976013184 571.9072875976562
v 18.100704193115234 12.77868938446045 14.128501892089844
v 18.545146942138672 14.54577350616455 202.74310302734375
v 18.089305877685547 15.873932838439941 205.61790466308594
v 18.316972732543945 21.316743850708008 217.06173706054688
v 19.2496280670166 20.265758514404297 412.2971496582031
v 18.328964233398438 20.900175094604492 411.2813415527344
v 19.102506637573242 22.216461181640625 256.4661865234375
v 23.11440658569336 26.719406127929688 396.6067199707031
v 19.149450302124023 29.1141414642334 231.38519287109375
v 19.347900390625 25.95454216003418 373.76416015625
v 20.38716697692871 28.443817138671875 377.8241271972656
v 19.116838455200195 29.156810760498047 380.2546081542969
v 18.158647537231445 30.634258270263672 237.58628845214844
v 18.386690139770508 32.68040084838867 245.85348510742188
v 19.975547790527344 -30.272380828857422 68.83116912841797
v 18.24625015258789 -30.029512405395508 113.88380432128906
v 18.261743545532227 -29.08424186706543 118.17839813232422
v 18.93907356262207 -27.02886199951172 62.078529357910156
v 18.770193099975586 -28.588937759399414 121.47632598876953
v 18.15571403503418 -24.453706741333008 122.83057403564453
v 17.87095069885254 -24.13447380065918 56.6464958190918
v 18.491703033447266 -24.805004119873047 59.52970886230469
v 18.22530174255371 -21.48786735534668 122.0322265625
v 18.072750091552734 -22.86793327331543 61.877262115478516
v 18.300077438354492 -18.302417755126953 115.76680755615234
v 18.762046813964844 -20.187623977661133 159.2461700439453
v 17.990564346313477 -16.43963050842285 39.96327209472656
v 18.79282569885254 -18.15528678894043 174.93569946289062
v 18.400136947631836 -15.359601020812988 38.494598388671875
v 18.797590255737305 -18.13652229309082 177.00323486328125
v 18.095190048217773 -17.671228408813477 157.54843139648438
v 18.239110946655273 -15.23060131072998 35.7374267578125
v 18.32440948486328 -15.555932998657227 592.8899536132812
v 19.154111862182617 -13.416472434997559 86.16732025146484
v 18.684513092041016 -14.050466537475586 595.4761352539062
v 18.593721389770508 -10.37656307220459 41.57996368408203
v 19.51285743713379 -13.342643737792969 194.9228057861328
v 18.272127151489258 -8.954357147216797 162.34390258789062
v 19.236852645874023 -6.20198392868042 214.6235809326172
v 18.81198501586914 -3.100926399230957 172.02694702148438
v 19.151103973388672 -1.648820400238037 36.332054138183594
v 19.868104934692383 -1.160233497619629 384.8626403808594
v 18.897502899169922 0.1464281529188156 18.993059158325195
v 19.315553665161133 4.52738618850708 238.24012756347656
v 20.36903190612793 7.022858142852783 396.2216796875
v 18.715099334716797 7.399549961090088 360.3466491699219
v 18.704761505126953 7.025954246520996 24.253738403320312
v 18.438812255859375 8.344977378845215 22.118078231811523
v 19.353450775146484 10.442322731018066 193.81851196289062
v 18.93628692626953 14.108185768127441 570.9718627929688
v 18.601879119873047 15.23343276977539 250.18858337402344
v 19.577836990356445 18.712488174438477 571.7744750976562
v 18.656169891357422 18.16074562072754 252.9736785888672
v 18.85081672668457 17.710054397583008 362.4849548339844
v 19.385435104370117 20.04018211364746 400.189453125
v 18.83959197998047 20.058958053588867 404.9221496582031
v 19.742351531982422 21.325756072998047 397.9342956542969
v 18.607847213745117 22.524932861328125 396.9259948730469
v 18.660924911499023 24.771665573120117 221.39170837402344
v 18.131629943847656 30.88398551940918 252.708740234375
v 19.0126895904541 33.40855026245117 251.0140380859375
v 19.813499450683594 -32.583763122558594 93.93801879882812
v 19.782880783081055 -33.06664276123047 99.10829162597656
v 18.86974334716797 -29.110370635986328 64.4150619506836
v 19.174373626708984 -31.644256591796875 110.63412475585938
v 18.35318946838379 -24.58045196533203 60.650630950927734
v 18.97553253173828 -22.831117630004883 64.77487182617188
v 19.835857391357422 -19.89548110961914 68.92064666748047
v 19.110706329345703 -18.936086654663086 121.71135711669922
v 19.15947723388672 -17.48171043395996 119.04988861083984
v 18.6947021484375 -19.565834045410156 164.91162109375
v 19.30127716064453 -20.289472579956055 168.54347229003906
v 19.24131202697754 -19.62101936340332 171.68045043945312
v 19.119117736816406 -16.863773345947266 109.72109985351562
v 19.273574829101562 -17.325117111206055 181.49984741210938
v 18.457223892211914 -17.467308044433594 155.99838256835938
v 19.40398597717285 -14.95534610748291 102.62857818603516
v 18.8620662689209 -15.420577049255371 594.2838134765625
v 19.138826370239258 -13.576998710632324 95.23841094970703
v 19.758056640625 -13.212323188781738 93.54512023925781
v 18.606201171875 -13.551015853881836 591.4547119140625
v 19.694562911987305 -11.128385543823242 40.314876556396484
v 18.941423416137695 -12.926910400390625 154.96632385253906
v 18.47603988647461 -10.617218971252441 158.81741333007812
v 19.709932327270508 -8.650989532470703 30.87590789794922
v 18.57611846923828 -8.974220275878906 596.2169189453125
v 19.00147819519043 -7.016498565673828 594.7062377929688
v 19.021400451660156 -7.3453826904296875 595.849609375
v 20.24362564086914 -7.75059175491333 211.27769470214844
v 19.038471221923828 -5.245528697967529 39.882408142089844
v 19.021034240722656 -5.515532970428467 27.060409545898438
v 18.826148986816406 -3.709441661834717 170.5865936279297
v 19.936147689819336 -5.286581993103027 217.74111938476562
v 19.539915084838867 -4.400823593139648 220.82916259765625
v 19.6593074798584 -3.336982250213623 24.697975158691406
v 21.26801872253418 -1.5488163232803345 378.1064453125
v 19.435155868530273 -0.8051701188087463 34.697662353515625
v 19.14920997619629 -1.0917128324508667 174.8124237060547
v 19.71977424621582 1.3412646055221558 178.1451416015625
v 19.0764217376709 0.9261796474456787 232.77786254882812
v 20.277830123901367 -0.9508057832717896 230.13690185546875
v 20.286174774169922 2.2376344203948975 364.75701904296875
v 19.874652862548828 3.6514601707458496 181.87408447265625
v 19.17470359802246 4.575325965881348 361.8863220214844
v 19.571640014648438 5.406036853790283 25.894012451171875
v 19.42945671081543 8.815414428710938 190.75177001953125
v 19.53432846069336 9.802271842956543 403.1932373046875
v 19.342092514038086 8.677248001098633 243.76168823242188
v 19.386276245117188 11.64531135559082 247.26284790039062
v 19.11237144470215 10.657455444335938 17.71788215637207
v 19.122331619262695 11.756141662597656 13.148136138916016
v 18.954797744750977 12.284440040588379 15.406498908996582
v 19.415475845336914 13.08558177947998 360.6993103027344
v 19.646833419799805 16.41193962097168 572.8804931640625
v 19.211801528930664 16.780302047729492 570.3457641601562
v 20.05743408203125 15.815595626831055 362.230224609375
v 18.96357536315918 17.855205535888672 571.0748291015625
v 19.818336486816406 18.058025360107422 572.4121704101562
v 20.304826736450195 18.881336212158203 208.49391174316406
v 19.110044479370117 17.560161590576172 415.0230712890625
v 19.20858383178711 20.34300994873047 407.9858093261719
v 19.878894805908203 24.701406478881836 219.66746520996094
v 18.937328338623047 27.328670501708984 257.78668212890625
v 19.01310157775879 30.285079956054688 257.2925720214844
v 18.694499969482422 31.775516510009766 254.69456481933594
v 20.609081268310547 -32.114410400390625 76.31703186035156
v 20.146963119506836 -33.27178955078125 102.79920196533203
v 20.101587295532227 -30.954486846923828 72.357421875
v 19.323415756225586 -31.417438507080078 114.53541564941406
v 19.357507705688477 -26.57786750793457 125.50627899169922
v 19.012502670288086 -23.495752334594727 125.75044250488281
v 19.01075553894043 -20.39211654663086 124.0197525024414
v 19.728275299072266 -21.867185592651367 159.72625732421875
v 19.131467819213867 -20.234121322631836 157.68170166015625
v 19.162206649780273 -17.043251037597656 115.45874786376953
v 20.144407272338867 -16.685461044311523 71.64691925048828
v 19.08709716796875 -16.01911735534668 106.0333251953125
v 18.92241668701172 -15.993361473083496 153.62025451660156
v 18.73601722717285 -14.541238784790039 154.8318634033203
v 19.969079971313477 -12.668270111083984 36.6745491027832
v 20.06662940979004 -15.857666015625 591.47705078125
v 20.2128849029541 -14.378885269165039 101.1300277709961
v 20.545061111450195 -14.856303215026855 590.6823120117188
v 19.29664421081543 -12.867278099060059 35.09926223754883
v 19.848966598510742 -12.150033950805664 39.33713912963867
v 20.62580680847168 -13.337456703186035 89.76850891113281
v 20.058135986328125 -14.84875202178955 190.56211853027344
v 19.541807174682617 -10.671679496765137 155.4091033935547
v 19.145463943481445 -11.427166938781738 592.0265502929688
v 19.508132934570312 -8.320586204528809 593.2109375
v 19.793737411499023 -9.37630844116211 596.7656860351562
v 19.06418228149414 -7.854817867279053 161.4456787109375
v 20.748332977294922 -9.54355525970459 206.8567352294922
v 19.961910247802734 -6.723012924194336 28.284976959228516
v 19.371776580810547 -5.7298583984375 165.1522216796875
v 18.78571128845215 -4.472153663635254 589.2503051757812
v 19.004053115844727 -6.682058811187744 589.2979125976562
v 19.029695510864258 -5.058111667633057 588.1036987304688
v 20.048315048217773 -4.184987545013428 167.39990234375
v 19.134822845458984 -4.274826526641846 590.6593017578125
v 19.266847610473633 -6.935092449188232 590.283203125
v 20.184907913208008 -3.83699369430542 38.24625015258789
v 20.132841110229492 -2.8750836849212646 225.6214141845703
v 20.624980926513672 -1.3302198648452759 374.04571533203125
v 20.976699829101562 -0.5434030890464783 371.6946105957031
v 19.64727210998535 0.47382286190986633 33.05414581298828
v 19.648269653320312 0.1736713945865631 388.12860107421875
v 19.96160125732422 1.341199278831482 16.761701583862305
v 23.532869338989258 4.457052230834961 394.1427307128906
v 20.119028091430664 6.160007953643799 241.34141540527344
v 20.20527458190918 8.878846168518066 399.4297790527344
v 19.7806339263916 8.20786190032959 398.4012756347656
v 20.066862106323242 9.648293495178223 19.886768341064453
v 20.138145446777344 15.225018501281738 572.3401489257812
v 19.79350471496582 14.10452651977539 413.9253845214844
v 20.349639892578125 16.803375244140625 204.89247131347656
v 20.963573455810547 19.873672485351562 210.87228393554688
v 19.495038986206055 20.070463180541992 212.45358276367188
v 20.091793060302734 21.67280387878418 215.43722534179688
v 20.28032112121582 28.78931427001953 228.18226623535156
v 19.830120086669922 31.352331161499023 235.00897216796875
v 20.240644454956055 33.02537536621094 238.65682983398438
v 19.303146362304688 33.533138275146484 243.99720764160156
v 20.451255798339844 -32.88117599487305 91.281005859375
v 20.311100006103516 -32.989349365234375 106.4466323852539
v 20.043052673339844 -33.030616760253906 107.20101928710938
v 19.589181900024414 -30.154251098632812 121.30977630615234
v 19.910873413085938 -29.452306747436523 67.09549713134766
v 19.444570541381836 -27.384017944335938 64.46776580810547
v 19.998294830322266 -28.625288009643555 125.07814025878906
v 19.50678253173828 -25.255836486816406 64.35254669189453
v 21.259605407714844 -21.335580825805664 68.95085144042969
v 20.1215877532959 -22.0356388092041 158.44981384277344
v 20.103471755981445 -21.384258270263672 165.73495483398438
v 19.88033676147461 -18.592832565307617 124.28486633300781
v 19.30449867248535 -20.373260498046875 155.2002410888672
v 20.422298431396484 -19.383255004882812 177.4556427001953
v 19.742454528808594 -18.80384635925293 150.594482421875
v 20.58640480041504 -15.466326713562012 109.50521850585938
v 20.70732307434082 -16.698535919189453 184.7825469970703
v 20.420366287231445 -16.038433074951172 593.5401611328125
v 20.28739356994629 -14.780257225036621 73.42578125
v 19.46876335144043 -13.819270133972168 152.90199279785156
v 20.14842987060547 -13.595590591430664 591.2169189453125
v 20.850250244140625 -9.978304862976074 33.14902114868164
v 21.093154907226562 -11.836682319641113 200.2960968017578
v 20.572994232177734 -10.351555824279785 204.33609008789062
v 20.756103515625 -8.536195755004883 39.506446838378906
v 20.128087997436523 -8.201852798461914 157.94442749023438
v 19.376842498779297 -9.39378547668457 588.75244140625
v 19.580209732055664 -9.431388854980469 590.05712890625
v 20.197553634643555 -7.97102165222168 29.996049880981445
v 19.568078994750977 -7.289089202880859 587.9141235351562
v 19.82013511657715 -6.731567859649658 593.7098999023438
v 19.869272232055664 -5.813482761383057 594.9351196289062
v 19.821392059326172 -5.54619836807251 591.3280639648438
v 19.630708694458008 -2.4513113498687744 587.8653564453125
v 19.47484016418457 -2.4164175987243652 589.2093505859375
v 20.542068481445312 -1.6280430555343628 381.406982421875
v 19.975095748901367 1.7830709218978882 30.48366928100586
v 20.2240047454834 4.399604320526123 13.422414779663086
v 19.769733428955078 3.1210811138153076 29.034271240234375
v 20.095415115356445 7.552750110626221 22.10733985900879
v 20.122848510742188 8.071036338806152 12.93164348602295
v 20.245569229125977 9.898573875427246 405.14520263671875
v 20.107431411743164 10.38795280456543 18.35661506652832
v 20.103811264038086 10.41611099243164 408.7679443359375
v 19.70984649658203 10.57876968383789 12.966334342956543
v 19.741355895996094 11.482828140258789 14.517306327819824
v 20.627437591552734 12.98928451538086 250.86325073242188
v 20.88957977294922 14.26905632019043 199.802001953125
v 20.257369995117188 14.378939628601074 251.70823669433594
v 20.47095489501953 16.202573776245117 254.04299926757812
v 19.919506072998047 18.93134117126465 569.553466796875
v 20.397138595581055 19.834808349609375 402.2743835449219
v 20.61518096923828 19.489456176757812 404.623779296875
v 20.29981231689453 20.633655548095703 398.3670654296875
v 21.238384246826172 23.477754592895508 216.85586547851562
v 20.07512855529785 25.358537673950195 259.7333068847656
v 20.013635635375977 26.526578903198242 223.15042114257812
v 20.16332244873047 30.97928237915039 260.0923767089844
v 20.029775619506836 33.25756072998047 258.1022644042969
v 20.689409255981445 35.616859436035156 246.7689971923828
v 20.1774959564209 35.29813766479492 254.06838989257812
v 20.341596603393555 34.918601989746094 256.664794921875
v 20.376060485839844 -32.44963073730469 78.69868469238281
v 20.856916427612305 -33.0201416015625 95.4988784790039
v 20.955245971679688 -31.21042823791504 73.22174072265625
v 20.684913635253906 -31.569616317749023 121.31684112548828
v 19.777225494384766 -25.56208610534668 127.0492172241211
v 20.594181060791016 -28.42892837524414 126.91699981689453
v 20.016727447509766 -22.63367462158203 127.3604736328125
v 19.973947525024414 -19.928937911987305 126.1802749633789
v 20.55308723449707 -22.840391159057617 156.6635284423828
v 20.280479431152344 -21.033496856689453 150.7039337158203
v 20.55526351928711 -16.67951202392578 121.3153305053711
v 20.02796745300293 -15.910143852233887 149.71702575683594
v 20.494197845458984 -15.633145332336426 117.65679168701172
v 21.54126739501953 -17.192947387695312 185.710205078125
v 21.432939529418945 -16.610881805419922 591.7847290039062
v 21.269203186035156 -13.903592109680176 102.1382064819336
v 21.424781799316406 -14.24626636505127 104.86367797851562
v 20.163148880004883 -14.688551902770996 594.8578491210938
v 21.854745864868164 -13.752591133117676 100.91014099121094
v 20.781282424926758 -13.217925071716309 78.34075927734375
v 19.979097366333008 -12.4784574508667 595.6674194335938
v 20.111709594726562 -12.24048137664795 592.14208984375
v 20.474580764770508 -10.082494735717773 154.20359802246094
v 20.786958694458008 -9.262594223022461 593.1527709960938
v 19.771568298339844 -9.423550605773926 587.8355712890625
v 20.54307746887207 -8.831113815307617 208.87255859375
v 20.286226272583008 -6.671536445617676 596.9719848632812
v 20.301414489746094 -6.378501892089844 160.75338745117188
v 20.48763656616211 -5.761064529418945 162.2615203857422
v 20.32400131225586 -5.8436102867126465 596.3268432617188
v 20.275501251220703 -5.110365867614746 27.206195831298828
v 19.766998291015625 -5.746237277984619 587.3148803710938
v 20.54728889465332 -1.8923615217208862 171.19635009765625
v 20.097394943237305 -2.431864023208618 590.4888305664062
v 21.99959945678711 0.6981506943702698 370.1974792480469
v 20.556549072265625 1.190941572189331 19.156192779541016
v 20.812978744506836 -0.11589014530181885 21.45480728149414
v 20.677827835083008 0.5703226327896118 233.90328979492188
v 21.1823787689209 5.97048807144165 185.05982971191406
v 20.437685012817383 7.698690414428711 361.6180419921875
v 20.2247371673584 6.137051105499268 24.253652572631836
v 20.620595932006836 7.371013641357422 12.954566955566406
v 21.53420639038086 9.886443138122559 362.2422790527344
v 20.711484909057617 9.929093360900879 191.5322723388672
v 20.937238693237305 10.387750625610352 406.97747802734375
v 20.41315460205078 10.104729652404785 16.215106964111328
v 20.835309982299805 11.8925142288208 410.7522277832031
v 20.43193244934082 12.251691818237305 196.60696411132812
v 20.933719635009766 15.906636238098145 571.3517456054688
v 21.561046600341797 17.157981872558594 570.2415771484375
v 20.09697151184082 16.452882766723633 570.156494140625
v 21.57652473449707 17.9189395904541 205.66526794433594
v 20.588045120239258 17.17209243774414 413.6733703613281
v 20.548093795776367 18.757736206054688 412.6065979003906
v 20.28801918029785 20.240751266479492 257.14508056640625
v 20.737606048583984 19.662790298461914 409.2391357421875
v 21.40753746032715 22.940418243408203 216.44931030273438
v 20.56612777709961 22.570682525634766 369.0368347167969
v 20.597293853759766 28.68869972229004 261.2715759277344
v 20.621322631835938 33.372520446777344 239.2860870361328
v 21.801870346069336 36.00896453857422 243.8764190673828
v 20.155075073242188 35.152103424072266 249.692626953125
v 21.91963005065918 -34.0976676940918 101.52139282226562
v 21.362512588500977 -32.575435638427734 85.33956146240234
v 21.197288513183594 -32.84606170654297 87.3972396850586
v 21.17020034790039 -33.38811111450195 110.83732604980469
v 21.188812255859375 -33.27749252319336 113.8438949584961
v 20.930683135986328 -28.206008911132812 67.67658996582031
v 20.077756881713867 -24.004980087280273 127.63204193115234
v 20.686412811279297 -23.955244064331055 66.4975814819336
v 21.092247009277344 -23.083826065063477 162.78749084472656
v 20.82600975036621 -22.69704246520996 152.0850067138672
v 20.914121627807617 -19.52434730529785 127.16364288330078
v 21.400753021240234 -21.118648529052734 173.0139617919922
v 20.50484275817871 -18.540891647338867 69.94461059570312
v 20.872051239013672 -18.204988479614258 182.041259765625
v 20.912729263305664 -16.85107421875 123.7457275390625
v 20.94518280029297 -18.041805267333984 146.9464569091797
v 21.43064308166504 -14.189929962158203 105.9271469116211
v 20.490177154541016 -11.977107048034668 152.1304168701172
v 21.404735565185547 -13.137798309326172 86.2706298828125
v 21.47809410095215 -12.945054054260254 93.0219955444336
v 20.73039436340332 -13.83394718170166 594.7101440429688
v 20.87407875061035 -11.066706657409668 35.29100799560547
v 21.255605697631836 -10.608362197875977 36.629146575927734
v 20.804285049438477 -9.663491249084473 596.4736328125
v 21.366899490356445 -12.88402271270752 589.0062866210938
v 21.21183967590332 -11.476129531860352 590.3544311523438
v 20.666994094848633 -7.852745532989502 593.0596313476562
v 20.897741317749023 -9.171034812927246 587.0364990234375
v 20.50577735900879 -9.165809631347656 590.9263305664062
v 21.33193016052246 -6.8747639656066895 157.83700561523438
v 21.784725189208984 -5.792164325714111 218.7838134765625
v 20.822559356689453 -4.459813117980957 591.8530883789062
v 20.8145751953125 -4.4417877197265625 586.6559448242188
v 20.684757232666016 -3.257206678390503 586.2980346679688
v 22.13430404663086 -3.777451276779175 225.3675994873047
v 20.80011749267578 -1.4735350608825684 34.47426986694336
v 20.83101463317871 -1.3185521364212036 589.151123046875
v 21.027076721191406 0.4133002758026123 174.81822204589844
v 21.06555938720703 1.386751651763916 367.1306457519531
v 21.053443908691406 2.710221290588379 15.943592071533203
v 21.588655471801758 5.395695209503174 363.6855163574219
v 22.593917846679688 6.060352325439453 395.7967529296875
v 20.679677963256836 9.287518501281738 14.52808952331543
v 21.35292625427246 10.479531288146973 248.2737274169922
v 22.115459442138672 15.910428047180176 202.27073669433594
v 20.644371032714844 15.24834156036377 413.54522705078125
v 20.881864547729492 18.324323654174805 569.0125122070312
v 20.9041748046875 17.395875930786133 255.57638549804688
v 20.815773010253906 20.70521354675293 568.5227661132812
v 20.541677474975586 20.761587142944336 569.875244140625
v 20.667165756225586 23.83417320251465 260.0469055175781
v 22.202924728393555 -31.78647232055664 76.07723999023438
v 21.107908248901367 -29.81817054748535 71.25680541992188
v 21.2567195892334 -30.530757904052734 124.9356689453125
v 21.271133422851562 -26.2346134185791 67.2320785522461
v 21.28710174560547 -28.62415313720703 127.77046203613281
v 20.565824508666992 -26.75316619873047 127.92466735839844
v 21.796323776245117 -22.697307586669922 68.83665466308594
v 20.824573516845703 -20.956506729125977 128.64590454101562
v 21.68262481689453 -22.282630920410156 169.0039825439453
v 21.038368225097656 -19.86758041381836 69.20087432861328
v 20.702238082885742 -20.414772033691406 148.576416015625
v 21.90349769592285 -20.32550811767578 175.92044067382812
v 21.80655288696289 -16.70977020263672 125.83712005615234
v 21.491195678710938 -16.887723922729492 69.86273193359375
v 21.314693450927734 -16.59857177734375 146.40281677246094
v 21.845518112182617 -16.459827423095703 590.597412109375
v 21.170034408569336 -14.795644760131836 73.23426055908203
v 21.294214248657227 -13.067973136901855 148.9343719482422
v 21.21337890625 -15.205936431884766 147.3901824951172
v 21.62360954284668 -13.2748384475708 83.5859146118164
v 21.131103515625 -13.285971641540527 591.5650024414062
v 21.696849822998047 -13.602025985717773 196.73719787597656
v 20.99405288696289 -12.375456809997559 594.4214477539062
v 21.270954132080078 -10.264056205749512 595.6202392578125
v 21.238849639892578 -12.984665870666504 593.1624145507812
v 20.831859588623047 -11.957897186279297 593.1167602539062
v 21.409839630126953 -9.479923248291016 38.02053451538086
v 22.166566848754883 -11.90647029876709 587.1333618164062
v 21.55266761779785 -7.781020164489746 32.07786560058594
v 21.42652130126953 -7.38643217086792 30.675853729248047
v 21.218570709228516 -8.445332527160645 591.2263793945312
v 21.2976131439209 -7.369673728942871 597.2977294921875
v 21.442646026611328 -7.1002583503723145 587.039794921875
v 21.428945541381836 -6.18710470199585 593.645263671875
v 21.34783172607422 -5.338913917541504 595.0392456054688
v 21.191282272338867 -5.335618495941162 38.28802490234375
v 22.098787307739258 -5.053268909454346 222.15069580078125
v 20.946813583374023 -2.33465838432312 24.86534309387207
v 21.422836303710938 -5.6006646156311035 28.67204475402832
v 20.565900802612305 -2.050302505493164 586.7767333984375
v 21.17538833618164 -1.0957767963409424 587.1734619140625
v 21.249914169311523 -0.25265568494796753 32.640689849853516
v 22.3883113861084 0.159572571516037 173.38150024414062
v 21.74972915649414 -0.38064977526664734 386.2866516113281
v 21.166606903076172 1.1785805225372314 29.895191192626953
v 20.902925491333008 2.6834771633148193 28.297515869140625
v 22.044675827026367 3.476276397705078 180.15611267089844
v 21.218351364135742 4.305480003356934 25.03857421875
v 21.47285270690918 7.01848030090332 243.8890380859375
v 21.354761123657227 7.5336151123046875 20.885299682617188
v 20.927419662475586 10.52815055847168 403.130615234375
v 21.145179748535156 9.871748924255371 17.000783920288086
v 22.293659210205078 11.498448371887207 193.6265106201172
v 21.488080978393555 11.39498519897461 408.9038391113281
v 21.893146514892578 11.558159828186035 362.68804931640625
v 21.640731811523438 13.437368392944336 362.7952880859375
v 21.456239700317383 17.735265731811523 569.430419921875
v 21.629505157470703 18.05385398864746 572.14111328125
v 22.885746002197266 18.536500930786133 366.70330810546875
v 21.43001937866211 19.882265090942383 567.8916015625
v 21.573627471923828 18.074983596801758 257.17327880859375
v 21.60808753967285 20.030412673950195 571.7078247070312
v 21.26371955871582 19.040790557861328 400.23077392578125
v 21.602210998535156 19.603574752807617 399.00103759765625
v 21.411718368530273 21.097108840942383 570.760498046875
v 22.684301376342773 21.02240562438965 211.75794982910156
v 22.27333641052246 23.934078216552734 371.5810546875
v 21.98587989807129 27.441198348999023 222.97021484375
v 22.402122497558594 31.049007415771484 230.61940002441406
v 21.876110076904297 32.9946403503418 234.98472595214844
v 21.447959899902344 37.22743606567383 254.36656188964844
v 22.914098739624023 -34.60333251953125 105.08290100097656
v 22.528823852539062 -34.60106658935547 108.37921142578125
v 22.142475128173828 -32.33616256713867 78.19599914550781
v 22.083354949951172 -33.18223190307617 118.95587158203125
v 22.127647399902344 -27.976890563964844 70.27560424804688
v 22.239091873168945 -31.142436981201172 126.47193145751953
v 21.65143394470215 -26.9881534576416 131.68460083007812
v 21.136659622192383 -24.11823844909668 132.0397186279297
v 21.05474853515625 -22.31439971923828 131.3282470703125
v 21.64788055419922 -20.993362426757812 136.31105041503906
v 22.01557731628418 -24.100610733032227 159.53009033203125
v 22.05360984802246 -24.20656967163086 160.61697387695312
v 21.54210090637207 -22.81795883178711 148.8546905517578
v 21.04792594909668 -20.611997604370117 146.91415405273438
v 21.376840591430664 -20.72248077392578 143.72164916992188
v 22.45877456665039 -20.200239181518555 178.65968322753906
v 22.1994571685791 -15.358073234558105 589.37548828125
v 22.32611846923828 -13.759596824645996 74.6878433227539
v 22.49247932434082 -15.292756080627441 593.2371826171875
v 23.687490463256836 -13.324222564697266 100.14534759521484
v 22.108501434326172 -9.442930221557617 152.2900848388672
v 21.949026107788086 -8.073782920837402 154.3430633544922
v 22.238082885742188 -7.0889058113098145 215.20057678222656
v 21.732879638671875 -6.429129600524902 596.9120483398438
v 22.763256072998047 -4.439531326293945 160.30935668945312
v 22.245309829711914 -5.855123043060303 596.0372314453125
v 21.472976684570312 -3.8407857418060303 36.580284118652344
v 21.54806137084961 -2.426877975463867 591.0745239257812
v 21.84792137145996 -4.558913707733154 591.83154296875
v 22.45076560974121 -2.6681180000305176 166.93801879882812
v 21.842117309570312 -2.5762779712677 34.30868148803711
v 21.352706909179688 -3.035562038421631 584.7930297851562
v 22.95049476623535 -2.4758968353271484 229.26873779296875
v 21.33367156982422 -1.2526779174804688 585.1722412109375
v 22.854827880859375 -0.8883820176124573 383.58929443359375
v 26.08506202697754 3.581010103225708 392.5299377441406
v 21.787649154663086 2.6959378719329834 17.679533004760742
v 22.414321899414062 2.667121171951294 177.68431091308594
v 21.877948760986328 2.752452850341797 237.92808532714844
v 21.31025505065918 4.496678352355957 14.508660316467285
v 21.72838020324707 1.9475866556167603 27.49483871459961
v 22.222557067871094 5.044559955596924 241.70413208007812
v 21.59591293334961 5.209855079650879 22.701969146728516
v 21.70832061767578 6.740967273712158 14.184768676757812
v 21.48253059387207 5.976991176605225 21.456106185913086
v 22.18062400817871 8.001687049865723 397.1758117675781
v 21.570209503173828 8.895842552185059 15.137029647827148
v 21.6040096282959 8.8204984664917 18.80156707763672
v 21.454483032226562 8.864025115966797 398.45440673828125
v 21.968881607055664 13.670709609985352 410.939697265625
v 22.561906814575195 12.773234367370605 196.2808380126953
v 21.971904754638672 16.907032012939453 411.3763732910156
v 21.8549861907959 18.202486038208008 410.2410583496094
v 21.599462509155273 22.86992073059082 568.222412109375
v 21.429359436035156 22.37713623046875 567.24169921875
v 25.823871612548828 26.092309951782227 398.3318176269531
v 21.591249465942383 27.192232131958008 375.6258544921875
v 21.70764923095703 34.284114837646484 262.56927490234375
v 21.831087112426758 36.31292724609375 260.8250427246094
v 22.310806274414062 -34.5590934753418 106.00878143310547
v 22.51914405822754 -33.91054153442383 98.05852508544922
v 24.122600555419922 -33.67354965209961 96.14207458496094
v 22.979881286621094 -32.87220001220703 92.93807983398438
v 23.02463722229004 -33.540306091308594 121.10037231445312
v 22.264450073242188 -29.87628173828125 71.97681427001953
v 22.631311416625977 -30.75967025756836 127.4254150390625
v 21.85579490661621 -24.528703689575195 137.87229919433594
v 22.337915420532227 -24.12139129638672 69.15785217285156
v 22.482643127441406 -24.894906997680664 152.3644561767578
v 21.531049728393555 -22.543851852416992 137.72853088378906
v 21.90204620361328 -23.549299240112305 143.33909606933594
v 22.147377014160156 -19.04636001586914 135.815185546875
v 21.91441535949707 -19.427730560302734 131.4055938720703
v 22.3236141204834 -18.236696243286133 129.4149627685547
v 21.64534568786621 -18.258581161499023 143.35882568359375
v 21.997074127197266 -17.542858123779297 126.67658996582031
v 22.48137664794922 -17.555360794067383 68.51148223876953
v 22.59357452392578 -14.783020973205566 71.05464172363281
v 21.870094299316406 -15.322230339050293 120.89778137207031
v 22.171106338500977 -14.330512046813965 117.25513458251953
v 22.522014617919922 -14.276891708374023 110.57234954833984
v 22.287242889404297 -15.27367115020752 192.34661865234375
v 21.597150802612305 -13.682910919189453 590.1383666992188
v 23.64997100830078 -13.27186393737793 76.31256866455078
v 22.01546287536621 -13.260605812072754 78.36260223388672
v 22.781827926635742 -12.986391067504883 92.5591049194336
v 21.912445068359375 -13.29272747039795 591.4959716796875
v 22.43520736694336 -14.05009651184082 587.985595703125
v 21.551990509033203 -10.071389198303223 594.4606323242188
v 21.96295738220215 -9.12685489654541 34.46511459350586
v 22.38407325744629 -7.844852924346924 36.071746826171875
v 22.378652572631836 -7.905179977416992 593.70751953125
v 22.76142692565918 -9.392679214477539 209.04417419433594
v 22.137130737304688 -8.59471607208252 587.1317138671875
v 22.498624801635742 -7.9276227951049805 596.6502075195312
v 22.153846740722656 -6.21126651763916 37.1393928527832
v 22.176000595092773 -4.249120235443115 162.57415771484375
v 22.005529403686523 -5.013675689697266 586.8270263671875
v 22.31804847717285 -4.040269374847412 585.1947021484375
v 21.823705673217773 -2.461916446685791 26.63642692565918
v 21.641653060913086 -3.47318434715271 583.4684448242188
v 21.504850387573242 -2.632547616958618 582.736572265625
v 22.275962829589844 -1.8368704319000244 580.114013671875
v 21.769927978515625 -0.2761807143688202 24.151905059814453
v 23.989845275878906 -0.7437728047370911 381.9595031738281
v 22.141010284423828 -1.4347342252731323 589.6832885742188
v 22.78666114807129 -0.4582541882991791 171.90408325195312
v 22.042253494262695 2.2431061267852783 23.18288803100586
v 21.586021423339844 2.578049659729004 19.719497680664062
v 23.41067123413086 2.8702378273010254 368.8156433105469
v 22.259275436401367 5.063066005706787 182.2281036376953
v 22.035686492919922 4.077103137969971 365.3154602050781
v 22.20138168334961 5.25923490524292 15.553585052490234
v 22.702028274536133 7.91855001449585 363.96392822265625
v 23.1437931060791 9.448164939880371 248.57691955566406
v 22.21733283996582 10.329756736755371 399.3834228515625
v 22.22718048095703 11.748309135437012 403.0399475097656
v 22.27364730834961 11.4696626663208 406.0096435546875
v 23.25990104675293 10.935794830322266 251.15182495117188
v 22.45987319946289 12.985013008117676 252.67559814453125
v 22.331512451171875 15.306472778320312 411.0141296386719
v 24.02202796936035 15.580581665039062 366.07745361328125
v 22.473194122314453 17.91936683654785 570.6405639648438
v 22.758729934692383 18.904808044433594 571.3382568359375
v 22.288354873657227 18.366697311401367 399.7435302734375
v 22.156251907348633 18.376670837402344 402.2673645019531
v 22.27657127380371 18.283506393432617 406.4821472167969
v 22.334089279174805 21.466657638549805 260.8835754394531
v 22.25055694580078 22.717599868774414 569.576416015625
v 22.92706871032715 22.442527770996094 214.72103881835938
v 24.375032424926758 21.728485107421875 370.4664306640625
v 22.29495620727539 25.415451049804688 219.00970458984375
v 23.021039962768555 26.291391372680664 374.4449768066406
v 22.640626907348633 29.811155319213867 227.60630798339844
v 22.383703231811523 31.84040069580078 264.8069763183594
v 23.070627212524414 34.67896270751953 237.80014038085938
v 22.54376220703125 37.379920959472656 247.8083953857422
v 22.2418270111084 38.043312072753906 251.8659210205078
v 22.436172485351562 38.31277084350586 258.5106201171875
v 22.9736328125 -34.40472412109375 111.10657501220703
v 23.28261947631836 -32.3171501159668 84.71566772460938
v 22.715322494506836 -32.108924865722656 124.52278137207031
v 23.54914665222168 -27.88349723815918 70.95600891113281
v 22.732139587402344 -29.073776245117188 131.6990509033203
v 22.341602325439453 -26.549711227416992 69.61292266845703
v 22.47938346862793 -26.125497817993164 138.30599975585938
v 22.598960876464844 -24.973243713378906 156.62596130371094
v 22.488059997558594 -24.993181228637695 143.72250366210938
v 22.352231979370117 -24.330671310424805 149.80783081054688
v 22.842914581298828 -23.41552734375 166.45399475097656
v 24.639934539794922 -21.421905517578125 65.80865478515625
v 22.27393913269043 -16.207244873046875 143.48863220214844
v 23.649024963378906 -18.893203735351562 183.17764282226562
v 23.813091278076172 -17.98858642578125 184.93531799316406
v 22.42853546142578 -16.44774055480957 592.3737182617188
v 22.78358268737793 -15.173406600952148 124.10029602050781
v 22.618919372558594 -13.6703462600708 145.94125366210938
v 22.416122436523438 -14.091084480285645 592.998291015625
v 23.664846420288086 -13.189846992492676 101.36712646484375
v 22.483503341674805 -13.524923324584961 592.2162475585938
v 22.94733428955078 -13.404528617858887 89.71143341064453
v 22.218360900878906 -12.273958206176758 591.081298828125
v 22.924819946289062 -11.09344482421875 148.51853942871094
v 22.996055603027344 -9.39186954498291 151.32461547851562
v 23.110380172729492 -10.290583610534668 206.46966552734375
v 22.436798095703125 -10.443942070007324 590.9483032226562
v 22.918052673339844 -8.205489158630371 595.6261596679688
v 22.94171142578125 -8.518030166625977 211.30682373046875
v 22.68914222717285 -8.588428497314453 590.7306518554688
v 22.658037185668945 -6.792661666870117 591.0192260742188
v 22.603782653808594 -6.0459136962890625 32.00040817260742
v 22.431177139282227 -5.126158714294434 29.894182205200195
v 23.81879234313965 -6.359405040740967 217.7940216064453
v 22.980567932128906 -5.7471418380737305 157.5105743408203
v 22.23587989807129 -4.2067790031433105 34.8249626159668
v 22.6954345703125 -4.014065265655518 581.337158203125
v 22.61646270751953 -3.0753121376037598 29.2730770111084
v 22.58095359802246 -0.9907205700874329 170.48214721679688
v 22.107572555541992 0.030632494017481804 25.40904426574707
v 22.355365753173828 -1.3231614828109741 31.693204879760742
v 22.211294174194336 -0.45354562997817993 584.6575927734375
v 22.47566032409668 -0.530116856098175 587.2120361328125
v 22.597000122070312 -0.09581054002046585 234.08924865722656
v 22.029956817626953 0.14942070841789246 28.910341262817383
v 21.983125686645508 3.8855509757995605 20.33441925048828
v 22.112510681152344 1.482909083366394 25.855815887451172
v 22.39553451538086 4.028222560882568 19.21625328063965
v 22.286161422729492 5.909333229064941 20.14143180847168
v 22.3070125579834 8.001065254211426 17.856304168701172
v 23.286134719848633 9.799875259399414 190.07748413085938
v 22.824996948242188 13.387097358703613 408.8156433105469
v 23.052072525024414 15.379758834838867 255.92813110351562
v 22.55711555480957 17.514741897583008 404.39251708984375
v 22.694395065307617 17.546030044555664 400.1163330078125
v 22.72783088684082 19.429840087890625 567.8021850585938
v 23.05611801147461 19.354106903076172 207.7873992919922
v 22.443389892578125 21.042407989501953 566.337646484375
v 21.994644165039062 22.053373336791992 566.2363891601562
v 22.636648178100586 23.941692352294922 567.5668334960938
v 24.675189971923828 26.805831909179688 266.8469543457031
v 22.3886775970459 23.798192977905273 566.474853515625
v 23.239139556884766 30.297990798950195 266.193603515625
v 23.548473358154297 35.76373291015625 239.7621307373047
v 24.114425659179688 -34.35110092163086 99.55004119873047
v 23.44879722595215 -34.58736038208008 113.24954223632812
v 23.430837631225586 -34.012481689453125 117.6685791015625
v 24.033016204833984 -32.554378509521484 87.87362670898438
v 23.88120460510254 -24.816862106323242 163.85865783691406
v 23.77595329284668 -22.03568458557129 173.78988647460938
v 22.879053115844727 -17.721071243286133 134.63882446289062
v 23.07880401611328 -16.04749298095703 126.05652618408203
v 23.286155700683594 -15.45700740814209 69.6180419921875
v 23.921995162963867 -13.654654502868652 72.08905792236328
v 24.65970802307129 -13.104907989501953 103.40355682373047
v 23.532516479492188 -12.061741828918457 586.9835205078125
v 22.41118049621582 -7.288118839263916 33.860469818115234
v 22.54978370666504 -5.605458736419678 33.941627502441406
v 22.62608528137207 -6.584899425506592 594.2041015625
v 23.261890411376953 -4.91752815246582 587.5331420898438
v 24.28755760192871 -5.703195095062256 221.38111877441406
v 22.982614517211914 -4.851107120513916 591.2556762695312
v 23.26552963256836 -4.1912102699279785 585.7857666015625
v 22.703697204589844 -4.3088297843933105 583.7862548828125
v 23.248193740844727 -3.0072968006134033 590.58984375
v 22.698030471801758 -4.104391098022461 33.29018783569336
v 22.371967315673828 -3.222991943359375 579.2806396484375
v 22.300996780395508 -0.9107053279876709 27.75212287902832
v 24.23794174194336 -1.5400676727294922 231.7825469970703
v 25.11955451965332 -0.2205168753862381 379.98345947265625
v 22.839048385620117 -2.6624317169189453 30.734243392944336
v 23.80460548400879 0.4668174088001251 373.6818542480469
v 23.448301315307617 1.5450985431671143 174.88490295410156
v 22.51384735107422 4.429195880889893 17.831979751586914
v 23.954164505004883 6.0652899742126465 244.4676055908203
v 22.65117835998535 6.713449478149414 17.16211700439453
v 23.77386474609375 6.773367881774902 185.17324829101562
v 23.035680770874023 11.361335754394531 399.1922607421875
v 23.79534912109375 14.656085968017578 199.3072052001953
v 24.90557861328125 17.674972534179688 204.5636749267578
v 23.18889808654785 16.529184341430664 407.14276123046875
v 23.092025756835938 18.677377700805664 569.0281982421875
v 23.753145217895508 19.648523330688477 400.3281555175781
v 22.785411834716797 20.519140243530273 571.0515747070312
v 22.776721954345703 22.184738159179688 570.1687622070312
v 27.464502334594727 24.9895076751709 399.447021484375
v 22.882190704345703 23.152751922607422 565.0035400390625
v 24.088624954223633 28.32032585144043 266.81597900390625
v 23.93934440612793 29.522499084472656 225.96505737304688
v 26.067241668701172 30.697145462036133 379.14990234375
v 23.65388298034668 35.62533187866211 267.1672668457031
v 23.315027236938477 37.932498931884766 264.89794921875
v 22.84475326538086 38.65690994262695 261.3683776855469
v 23.42979621887207 39.82673645019531 256.627685546875
v 24.424861907958984 -30.479076385498047 74.9307632446289
v 24.015466690063477 -32.63372802734375 126.42574310302734
v 23.892656326293945 -29.373146057128906 72.79731750488281
v 23.561491012573242 -28.966686248779297 135.74822998046875
v 23.654226303100586 -27.627546310424805 140.95870971679688
v 23.465255737304688 -25.693817138671875 69.78400421142578
v 22.948909759521484 -25.352922439575195 148.42755126953125
v 24.24541473388672 -23.396455764770508 169.7177734375
v 24.764278411865234 -17.20009994506836 65.9332046508789
v 23.51662254333496 -17.029356002807617 132.79345703125
v 23.852825164794922 -16.391319274902344 128.62673950195312
v 23.22268295288086 -15.650484085083008 139.86953735351562
v 23.31145477294922 -16.56982421875 591.0526123046875
v 24.121278762817383 -17.733497619628906 186.70480346679688
v 23.46416664123535 -15.535019874572754 588.8450927734375
v 23.63540267944336 -14.140347480773926 120.43989562988281
v 24.084604263305664 -13.976703643798828 122.21885681152344
v 24.029151916503906 -14.787510871887207 195.07325744628906
v 23.996923446655273 -13.520758628845215 118.1808853149414
v 23.637069702148438 -13.210321426391602 104.66299438476562
v 23.669193267822266 -13.187639236450195 198.60263061523438
v 24.25946044921875 -13.811018943786621 83.43120574951172
v 23.577123641967773 -13.592286109924316 80.31656646728516
v 23.592090606689453 -13.446503639221191 85.6496353149414
v 24.1346378326416 -11.935571670532227 201.75914001464844
v 23.486793518066406 -11.078021049499512 591.1447143554688
v 24.614139556884766 -11.797340393066406 587.3408813476562
v 23.623294830322266 -9.755171775817871 590.2732543945312
v 23.91620445251465 -7.610990047454834 152.7173614501953
v 23.099014282226562 -6.947015762329102 588.0748291015625
v 23.34141731262207 -8.241663932800293 588.3402709960938
v 23.147422790527344 -7.15592622756958 595.166259765625
v 24.44114112854004 -6.446602821350098 153.9738311767578
v 23.799854278564453 -3.278477191925049 162.85101318359375
v 22.929956436157227 -3.6937575340270996 578.2031860351562
v 23.680173873901367 -4.631133556365967 578.8410034179688
v 23.31264877319336 -1.974477767944336 578.0988159179688
v 23.572731018066406 -1.5944989919662476 588.74560546875
v 23.130334854125977 -1.030172348022461 580.3525390625
v 23.234922409057617 -0.15382489562034607 584.7412109375
v 23.913175582885742 1.9035452604293823 237.79136657714844
v 25.065303802490234 3.4028193950653076 240.98423767089844
v 25.16524887084961 4.207597255706787 179.9829864501953
v 24.32246208190918 4.872923374176025 181.0365753173828
v 23.626697540283203 9.057278633117676 397.8302001953125
v 24.665679931640625 10.82934856414795 398.5338439941406
v 24.79985237121582 10.854225158691406 366.05596923828125
v 23.085205078125 13.581378936767578 402.9726257324219
v 23.263755798339844 13.384967803955078 406.4479675292969
v 23.42755889892578 15.252452850341797 406.99652099609375
v 24.430511474609375 15.838970184326172 257.7730712890625
v 23.09027862548828 16.69044303894043 400.5462341308594
v 24.03660774230957 19.45296859741211 261.07720947265625
v 23.725616455078125 21.48204803466797 565.7271118164062
v 25.926136016845703 25.43316650390625 267.4026794433594
v 24.546680450439453 23.469491958618164 215.79977416992188
v 23.4412784576416 24.705516815185547 564.068115234375
v 29.156200408935547 33.21177673339844 393.9430847167969
v 31.213085174560547 35.559818267822266 387.8424072265625
v 30.633089065551758 35.29531478881836 389.6693420410156
v 24.243453979492188 34.03407669067383 234.39553833007812
v 24.387081146240234 39.94902801513672 251.3534393310547
v 24.764022827148438 -34.83620071411133 101.53213500976562
v 24.75721549987793 -33.65406036376953 123.55076599121094
v 23.87049102783203 -31.921897888183594 78.12774658203125
v 24.714569091796875 -31.114084243774414 76.31922149658203
v 24.142534255981445 -28.439769744873047 139.22732543945312
v 24.29118537902832 -27.421417236328125 144.4136962890625
v 24.63088035583496 -26.55158233642578 151.2579803466797
v 24.142536163330078 -25.41645622253418 160.6033172607422
v 24.34449005126953 -26.05533790588379 157.26998901367188
v 26.16392707824707 -24.351869583129883 66.67620849609375
v 24.337936401367188 -18.98196792602539 65.78145599365234
v 24.293922424316406 -15.592720031738281 135.57101440429688
v 25.865610122680664 -15.670448303222656 65.78591918945312
v 24.623994827270508 -15.234810829162598 592.0217895507812
v 24.01609230041504 -13.561005592346191 143.40013122558594
v 24.714834213256836 -15.918251037597656 191.88084411621094
v 24.128158569335938 -14.113720893859863 587.480712890625
v 23.883955001831055 -13.759281158447266 592.5340576171875
v 24.901269912719727 -13.016901016235352 107.20137023925781
v 24.483688354492188 -13.249157905578613 115.99372100830078
v 24.494522094726562 -13.278145790100098 92.14722442626953
v 23.94349479675293 -9.774270057678223 587.9528198242188
v 23.499120712280273 -8.857633590698242 589.6354370117188
v 24.633487701416016 -8.744858741760254 211.1959991455078
v 23.44089126586914 -6.894932270050049 589.611572265625
v 23.7288875579834 -5.130978107452393 590.17822265625
v 24.087324142456055 -0.738303005695343 586.531005859375
v 26.83765983581543 0.9934653043746948 378.44879150390625
v 27.497867584228516 2.7260243892669678 390.06463623046875
v 24.791994094848633 4.958144187927246 368.4547119140625
v 24.665395736694336 5.868600368499756 182.68104553222656
v 23.641902923583984 13.23050594329834 399.716064453125
v 23.43251609802246 15.148811340332031 400.6951904296875
v 23.212968826293945 15.553718566894531 404.1678771972656
v 25.351722717285156 18.224531173706055 205.23085021972656
v 24.007118225097656 19.9536075592041 569.622314453125
v 24.509031295776367 20.564735412597656 568.0892944335938
v 23.867395401000977 20.746009826660156 570.1693115234375
v 26.077974319458008 19.46802520751953 369.8881530761719
v 24.06744956970215 22.060998916625977 569.6514892578125
v 24.193143844604492 23.80870819091797 568.0552368164062
v 24.851642608642578 24.20448875427246 216.3355255126953
v 23.759702682495117 23.740896224975586 563.7291870117188
v 24.553091049194336 25.696317672729492 218.4600067138672
v 23.69142723083496 25.42043685913086 565.115478515625
v 24.38137435913086 24.851303100585938 373.1646728515625
v 26.049318313598633 31.802734375 381.1550598144531
v 28.797983169555664 33.90302276611328 384.181396484375
v 24.859249114990234 31.617557525634766 229.68673706054688
v 31.706172943115234 35.45205307006836 391.89971923828125
v 24.472597122192383 37.875709533691406 244.17532348632812
v 24.73485565185547 41.5733642578125 265.70916748046875
v 25.199705123901367 -35.40354919433594 104.57503509521484
v 24.382923126220703 -35.36849594116211 107.63725280761719
v 25.47101593017578 -35.242305755615234 111.22991943359375
v 25.260494232177734 -34.707000732421875 120.04959869384766
v 24.685089111328125 -32.50064468383789 92.4160385131836
v 24.86207389831543 -32.653968811035156 127.35513305664062
v 24.50339126586914 -31.003456115722656 131.74407958984375
v 25.261333465576172 -26.879846572875977 152.16758728027344
v 24.991525650024414 -21.16417121887207 176.7305145263672
v 24.511159896850586 -20.6959228515625 178.97195434570312
v 24.667646408081055 -14.216194152832031 138.83584594726562
v 24.25921630859375 -14.446691513061523 70.39710235595703
v 24.67171859741211 -14.339627265930176 125.2583236694336
v 24.429916381835938 -13.52031135559082 111.45800018310547
v 25.555908203125 -12.936582565307617 73.46246337890625
v 25.4104061126709 -13.410451889038086 78.19772338867188
v 25.13698387145996 -13.175142288208008 96.61439514160156
v 24.60955047607422 -10.193973541259766 147.669189453125
v 24.857925415039062 -7.545278549194336 214.87579345703125
v 23.974979400634766 -4.075909614562988 588.7466430664062
v 24.586759567260742 -4.4266510009765625 225.11900329589844
v 23.916461944580078 -4.2425055503845215 580.9592895507812
v 24.073543548583984 -4.214406967163086 583.8253784179688
v 24.239595413208008 -3.7460103034973145 587.12158203125
v 25.128877639770508 -3.026418924331665 575.8809204101562
v 24.80547332763672 -1.8495947122573853 166.78121948242188
v 24.511558532714844 -1.314945101737976 578.871826171875
v 24.9029598236084 -0.21386046707630157 170.69456481933594
v 24.97120475769043 -0.6014371514320374 234.20977783203125
v 24.572994232177734 -0.5360869765281677 584.9487915039062
v 25.06801986694336 3.4099977016448975 177.76974487304688
v 26.125476837158203 4.049560546875 242.264404296875
v 25.042034149169922 5.300634384155273 394.87066650390625
v 24.481088638305664 11.682827949523926 193.41690063476562
v 25.306575775146484 11.591614723205566 253.24742126464844
v 25.02349281311035 13.756372451782227 255.722412109375
v 24.851295471191406 12.900141716003418 366.19805908203125
v 24.498878479003906 12.985633850097656 196.19956970214844
v 23.844764709472656 15.657973289489746 400.7021484375
v 24.85848045349121 19.419721603393555 207.49131774902344
v 25.438459396362305 20.409019470214844 210.11378479003906
v 24.193073272705078 20.605268478393555 567.049072265625
v 26.259737014770508 21.031736373901367 401.2708435058594
v 25.71441078186035 22.576025009155273 399.5479431152344
v 25.284936904907227 22.856563568115234 564.0682373046875
v 24.46185302734375 23.258142471313477 563.5571899414062
v 24.50849723815918 26.08687400817871 560.8125
v 25.263153076171875 26.161603927612305 565.0452880859375
v 26.279380798339844 26.84833526611328 374.8097839355469
v 24.48081398010254 26.7311954498291 562.0014038085938
v 25.686765670776367 28.082481384277344 222.24061584472656
v 25.52263069152832 35.32277297973633 236.37818908691406
v 24.427059173583984 38.39678955078125 246.47647094726562
v 24.61688232421875 40.08633041381836 267.90289306640625
v 25.55244255065918 41.59469223022461 254.2112274169922
v 25.55596923828125 43.578426361083984 264.380859375
v 26.16355323791504 -35.13974380493164 103.25473022460938
v 25.695388793945312 -31.86025619506836 87.02993774414062
v 26.087337493896484 -28.15142059326172 71.94924926757812
v 24.761463165283203 -27.567232131958008 146.87791442871094
v 25.42571258544922 -24.417049407958984 166.9442596435547
v 24.60134506225586 -15.54162311553955 589.18603515625
v 25.073396682739258 -14.687830924987793 125.97160339355469
v 24.81208038330078 -13.840312004089355 89.71315002441406
v 26.24305534362793 -13.077489852905273 119.84233093261719
v 25.688093185424805 -13.338377952575684 99.43687438964844
v 25.217758178710938 -13.729461669921875 587.7329711914062
v 25.05941390991211 -11.698882102966309 591.0008544921875
v 25.744556427001953 -11.361199378967285 203.74609375
v 25.640682220458984 -9.820693969726562 208.17108154296875
v 25.191734313964844 -8.066364288330078 151.08055114746094
v 25.280284881591797 -4.67138147354126 157.3418731689453
v 25.176071166992188 -3.8906421661376953 576.10888671875
v 24.915348052978516 -3.397962808609009 584.4382934570312
v 24.80330467224121 -1.7640142440795898 586.6232299804688
v 24.940122604370117 -1.8718620538711548 576.752685546875
v 25.91985321044922 -1.3768662214279175 577.076416015625
v 24.621360778808594 -0.9920676946640015 583.2882690429688
v 25.851783752441406 0.3967891037464142 172.46432495117188
v 25.279048919677734 2.3329594135284424 372.186767578125
v 25.08406639099121 8.688015937805176 248.91998291015625
v 24.742359161376953 13.843281745910645 400.5235290527344
v 25.292564392089844 16.206403732299805 202.11541748046875
v 25.433063507080078 18.134172439575195 401.9066467285156
v 26.17079734802246 23.08051300048828 372.2574157714844
v 25.22162628173828 25.50714111328125 559.6975708007812
v 24.938461303710938 26.572105407714844 564.0695190429688
v 25.993282318115234 31.45285987854004 228.70620727539062
v 24.735774993896484 33.232933044433594 269.4126281738281
v 24.72014808654785 37.3375129699707 269.6969909667969
v 25.53135871887207 -34.780235290527344 117.05235290527344
v 26.145483016967773 -35.35140609741211 113.43074798583984
v 26.506399154663086 -35.104583740234375 119.23534393310547
v 25.203998565673828 -31.592639923095703 84.25067138671875
v 25.633893966674805 -31.141376495361328 78.33426666259766
v 25.338497161865234 -30.68062973022461 135.72824096679688
v 25.727046966552734 -29.435314178466797 141.53843688964844
v 25.186052322387695 -27.064224243164062 70.91287231445312
v 25.879024505615234 -26.719608306884766 157.50318908691406
v 26.525362014770508 -22.262176513671875 64.91931915283203
v 26.23491096496582 -22.449159622192383 174.2401885986328
v 25.650127410888672 -19.963899612426758 64.63023376464844
v 25.17551040649414 -15.50222396850586 132.3411407470703
v 25.71893310546875 -14.981922149658203 128.1244354248047
v 25.43592643737793 -15.137045860290527 589.9082641601562
v 25.310035705566406 -13.659890174865723 71.49571228027344
v 25.718433380126953 -14.225446701049805 85.70318603515625
v 25.468338012695312 -12.461761474609375 142.93841552734375
v 25.897653579711914 -12.806648254394531 103.57984924316406
v 26.734006881713867 -13.060285568237305 111.26863861083984
v 26.392465591430664 -12.864221572875977 199.3461456298828
v 25.17693328857422 -11.131805419921875 588.28759765625
v 25.328033447265625 -10.929713249206543 589.427490234375
v 26.49306869506836 -6.46418571472168 217.53089904785156
v 25.640470504760742 -4.876438617706299 578.2022094726562
v 26.40650749206543 -3.005185842514038 160.27198791503906
v 25.25475311279297 -3.9464972019195557 580.1820068359375
v 24.984119415283203 -3.445582628250122 581.8549194335938
v 25.227062225341797 -2.1451425552368164 585.40966796875
v 25.21830177307129 -1.6700462102890015 579.5070190429688
v 29.660816192626953 3.1801083087921143 388.9695739746094
v 26.436073303222656 1.9548887014389038 174.8044891357422
v 26.734298706054688 4.228374004364014 371.7347106933594
v 26.062490463256836 7.031043529510498 396.19989013671875
v 25.11087417602539 8.465335845947266 366.8382263183594
v 25.59562873840332 10.374491691589355 190.89170837402344
v 25.628463745117188 12.51793098449707 400.0571594238281
v 26.086376190185547 15.126663208007812 401.8080749511719
v 25.672805786132812 14.685159683227539 199.2541046142578
v 27.90043830871582 16.542993545532227 369.9491271972656
v 24.943174362182617 21.84333610534668 566.390869140625
v 25.100685119628906 22.616500854492188 567.6732177734375
v 25.960498809814453 22.109222412109375 213.15953063964844
v 32.1023063659668 32.20347595214844 397.5774230957031
v 26.320234298706055 29.750917434692383 225.35226440429688
v 25.397869110107422 34.95751190185547 271.15240478515625
v 26.543386459350586 40.798709869384766 249.49684143066406
v 26.17413902282715 43.59388732910156 258.19561767578125
v 26.274269104003906 -35.74101638793945 106.24412536621094
v 25.917560577392578 -33.808937072753906 125.81885528564453
v 26.629175186157227 -31.70352554321289 91.74688720703125
v 26.327526092529297 -32.201602935791016 131.71339416503906
v 26.327329635620117 -26.014846801757812 68.71833801269531
v 26.409849166870117 -26.177827835083008 160.77053833007812
v 27.014318466186523 -26.284875869750977 161.7847900390625
v 27.11335563659668 -25.50180435180664 165.1016845703125
v 27.056875228881836 -18.077219009399414 186.24671936035156
v 25.72987937927246 -17.073808670043945 189.1951141357422
v 25.907913208007812 -14.358529090881348 590.2244873046875
v 26.241701126098633 -13.670085906982422 136.72634887695312
v 28.622262954711914 -14.034333229064941 78.03359985351562
v 26.3095760345459 -14.85461139678955 81.49493408203125
v 25.989667892456055 -14.491617202758789 195.95428466796875
v 25.553264617919922 -13.528728485107422 591.3157958984375
v 26.199615478515625 -13.961592674255371 91.66250610351562
v 26.320199966430664 -6.442170143127441 218.3059844970703
v 26.335590362548828 -2.8404431343078613 229.47650146484375
v 26.193056106567383 -2.4281868934631348 163.3182373046875
v 25.31417465209961 -2.085329532623291 581.4398193359375
v 26.96390724182129 1.1636121273040771 237.4222412109375
v 26.631084442138672 7.005384922027588 185.54440307617188
v 26.80327033996582 7.850912570953369 248.47415161132812
v 26.537193298339844 9.689146041870117 397.7056884765625
v 26.189205169677734 25.312776565551758 565.4656982421875
v 25.817201614379883 27.365846633911133 558.352783203125
v 28.360462188720703 30.106813430786133 377.7406921386719
v 25.74025535583496 41.87625503540039 270.7727355957031
v 25.937585830688477 39.948753356933594 272.39776611328125
v 25.815204620361328 43.36381530761719 269.1154479980469
v 27.298831939697266 -35.82143783569336 108.62620544433594
v 27.207778930664062 -34.49116134643555 99.80268096923828
v 26.679973602294922 -34.01335144042969 98.31394958496094
v 26.618486404418945 -29.888822555541992 76.09561920166016
v 27.007068634033203 -30.536643981933594 139.59593200683594
v 26.51740837097168 -20.80277442932129 179.22572326660156
v 26.55706214904785 -18.339494705200195 184.89620971679688
v 27.352737426757812 -13.937979698181152 66.4537353515625
v 27.024667739868164 -13.740453720092773 125.40514373779297
v 26.810630798339844 -14.756525039672852 89.66407012939453
v 26.533889770507812 -13.555811882019043 125.02928924560547
v 26.28296661376953 -13.221407890319824 123.13977813720703
v 27.182456970214844 -13.15167236328125 76.45651245117188
v 26.455101013183594 -12.751435279846191 116.70219421386719
v 26.03437614440918 -12.78812313079834 588.7401733398438
v 25.854660034179688 -12.247228622436523 590.3040771484375
v 25.935205459594727 -10.388643264770508 146.04673767089844
v 26.659225463867188 -8.72700309753418 211.00372314453125
v 26.66975975036621 -5.6861395835876465 153.8542022705078
v 25.87592315673828 -4.704243183135986 576.4006958007812
v 26.921329498291016 -4.621495723724365 224.8118438720703
v 25.7207088470459 -2.8314738273620605 580.1344604492188
v 26.448942184448242 -2.410855531692505 574.8707885742188
v 27.474918365478516 2.112481117248535 376.35528564453125
v 27.884754180908203 3.4525694847106934 374.5473937988281
v 27.17901039123535 4.980639457702637 244.20269775390625
v 26.8961181640625 9.939592361450195 252.0760498046875
v 27.034305572509766 11.58749008178711 193.56800842285156
v 26.629106521606445 12.863946914672852 196.13824462890625
v 27.345378875732422 14.26062297821045 257.8173828125
v 26.315553665161133 17.917591094970703 261.4234313964844
v 26.88088035583496 20.948009490966797 371.0837707519531
v 25.94864273071289 22.987014770507812 565.2588500976562
v 27.02366065979004 22.881006240844727 266.4644470214844
v 26.567495346069336 24.00800323486328 565.0294799804688
v 27.586650848388672 23.92302703857422 215.8684844970703
v 25.92737579345703 24.49190902709961 560.4937133789062
v 25.83554458618164 28.027530670166016 558.918701171875
v 26.470659255981445 28.230859756469727 560.7326049804688
v 26.470901489257812 28.79886245727539 559.2822265625
v 25.98250961303711 30.93609619140625 270.527587890625
v 27.183162689208984 34.205448150634766 232.91326904296875
v 26.29553985595703 35.775638580322266 237.15097045898438
v 26.508787155151367 37.231910705566406 273.9158630371094
v 27.51445770263672 38.67454147338867 242.83139038085938
v 27.247350692749023 39.33455276489258 245.24769592285156
v 27.313838958740234 46.2548828125 263.59814453125
v 26.31648826599121 44.9996337890625 267.7988586425781
v 27.571046829223633 -33.9300651550293 127.02702331542969
v 27.037870407104492 -31.914691925048828 134.99501037597656
v 26.480669021606445 -30.816423416137695 83.7680435180664
v 27.529094696044922 -29.50634002685547 144.77337646484375
v 26.9288387298584 -28.78408432006836 147.84158325195312
v 26.497068405151367 -27.47516632080078 71.56371307373047
v 27.001264572143555 -27.577590942382812 152.5057830810547
v 27.570981979370117 -24.13760757446289 169.48622131347656
v 27.71363639831543 -15.819232940673828 191.9695587158203
v 27.25607681274414 -14.285377502441406 132.12620544433594
v 26.479900360107422 -15.008502006530762 83.20368957519531
v 27.627975463867188 -13.249979972839355 68.51993560791016
v 26.954845428466797 -13.252640724182129 72.17535400390625
v 27.686771392822266 -12.727340698242188 107.46221160888672
v 27.111074447631836 -11.465017318725586 142.82794189453125
v 26.871366500854492 -8.812849044799805 148.08851623535156
v 27.194379806518555 -7.368868827819824 151.0081024169922
v 27.48552894592285 -7.089171409606934 215.5804443359375
v 26.809846878051758 -5.7165303230285645 221.4842987060547
v 26.559467315673828 -4.302765846252441 579.0029296875
v 26.8602294921875 -4.2667155265808105 575.1851806640625
v 27.615596771240234 -1.47621488571167 166.86610412597656
v 27.146223068237305 -1.4101608991622925 577.763427734375
v 27.582443237304688 -0.8829848766326904 233.87118530273438
v 27.575593948364258 -0.027000559493899345 170.93597412109375
v 31.307395935058594 3.5077991485595703 385.9041748046875
v 27.39877700805664 5.7423601150512695 182.50413513183594
v 27.774919509887695 5.8063435554504395 394.53271484375
v 26.50892448425293 7.397130489349365 368.8775329589844
v 28.939903259277344 13.577010154724121 370.36920166015625
v 27.457239151000977 12.897231101989746 255.943603515625
v 27.500469207763672 16.026090621948242 202.18678283691406
v 27.2080135345459 17.533164978027344 402.58624267578125
v 27.7564697265625 23.423290252685547 215.4921112060547
v 27.30666732788086 25.70148468017578 218.19798278808594
v 26.5528564453125 27.386207580566406 557.3099975585938
v 26.53863525390625 28.740341186523438 557.1172485351562
v 26.573163986206055 32.224151611328125 272.2500305175781
v 27.168325424194336 42.55241775512695 274.3746032714844
v 27.41938591003418 42.3488883972168 252.51669311523438
v 28.026639938354492 -34.71364974975586 122.57516479492188
v 27.82364273071289 -34.42140197753906 125.58972930908203
v 27.78342056274414 -28.274677276611328 73.10423278808594
v 27.89995002746582 -27.18085289001465 157.7287139892578
v 27.784345626831055 -23.84103775024414 65.61603546142578
v 27.521106719970703 -19.034605026245117 62.36381912231445
v 28.358413696289062 -17.17394256591797 61.87398147583008
v 27.873958587646484 -14.080771446228027 95.47994995117188
v 28.913806915283203 -13.502174377441406 101.40001678466797
v 27.96450424194336 -13.901357650756836 196.65647888183594
v 27.756118774414062 -12.96384048461914 74.53288269042969
v 28.144248962402344 -11.550097465515137 201.68092346191406
v 28.19837188720703 -10.284788131713867 205.7703857421875
v 28.108182907104492 -4.092140197753906 157.36741638183594
v 28.942855834960938 -3.206220865249634 228.24835205078125
v 27.947097778320312 -2.6908016204833984 578.3645629882812
v 28.0518798828125 -1.0396652221679688 575.1156005859375
v 28.24801254272461 2.7405455112457275 240.4818115234375
v 27.67899513244629 4.248639106750488 180.22708129882812
v 28.58835220336914 3.2034361362457275 177.63792419433594
v 32.92595291137695 8.273919105529785 376.54656982421875
v 29.6550350189209 9.790106773376465 397.0184631347656
v 27.481748580932617 11.849032402038574 399.9345397949219
v 27.56081199645996 19.130626678466797 402.7865905761719
v 27.05561065673828 19.453929901123047 207.87913513183594
v 27.478471755981445 20.903301239013672 371.5957336425781
v 27.272401809692383 24.579792022705078 561.3189086914062
v 27.161136627197266 24.333009719848633 562.6707763671875
v 27.179250717163086 24.932151794433594 559.8532104492188
v 29.889999389648438 26.31840705871582 374.5923156738281
v 26.877723693847656 25.151281356811523 564.5588989257812
v 27.179073333740234 26.488994598388672 557.5745849609375
v 27.17823028564453 27.62334632873535 561.578369140625
v 26.564008712768555 29.356168746948242 557.5833740234375
v 27.54755210876465 28.4168701171875 270.9932861328125
v 31.734777450561523 33.16755294799805 396.347900390625
v 28.000211715698242 35.65721130371094 235.6862030029297
v 28.845430374145508 46.447303771972656 258.7656555175781
v 27.068620681762695 45.248199462890625 271.5178527832031
v 27.10251235961914 46.55097961425781 265.83807373046875
v 28.027359008789062 -35.3785400390625 103.3502197265625
v 28.354835510253906 -35.11497497558594 116.60590362548828
v 28.187896728515625 -32.713890075683594 95.45903015136719
v 28.05340003967285 -32.88111114501953 131.68731689453125
v 28.101974487304688 -30.294031143188477 87.50992584228516
v 27.840608596801758 -29.35004425048828 77.9323959350586
v 28.17416000366211 -30.6129207611084 141.7953643798828
v 27.617788314819336 -24.713720321655273 167.28512573242188
v 28.71600341796875 -20.991714477539062 177.3473358154297
v 28.119993209838867 -21.158832550048828 62.30329132080078
v 27.788101196289062 -15.656241416931152 85.64483642578125
v 28.810352325439453 -13.900352478027344 127.45158386230469
v 27.587345123291016 -13.511228561401367 134.828369140625
v 28.291362762451172 -14.061217308044434 98.51329803466797
v 28.78645896911621 -13.854630470275879 99.26558685302734
v 28.411590576171875 -12.744922637939453 104.97979736328125
v 28.813865661621094 -12.73069953918457 122.42208099365234
v 27.807132720947266 -12.512411117553711 137.8731231689453
v 28.58461570739746 -9.409113883972168 207.95367431640625
v 28.047164916992188 -4.629185676574707 575.8584594726562
v 27.660429000854492 -4.517090320587158 577.598388671875
v 30.616535186767578 3.278804302215576 387.343017578125
v 28.230575561523438 9.785547256469727 190.75421142578125
v 27.650964736938477 13.39764404296875 401.3358154296875
v 27.88033676147461 14.31065845489502 199.21498107910156
v 28.71099853515625 17.142154693603516 204.61732482910156
v 28.087162017822266 18.17238426208496 205.71820068359375
v 28.217138290405273 20.871549606323242 402.5514221191406
v 32.41750717163086 29.652677536010742 377.0144348144531
v 27.4082088470459 28.426424026489258 556.1106567382812
v 27.69306755065918 28.960763931274414 559.69677734375
v 27.524457931518555 29.72211265563965 272.0326232910156
v 27.18303871154785 30.389949798583984 555.3522338867188
v 27.03536605834961 30.398778915405273 557.0907592773438
v 27.795400619506836 34.19039535522461 275.0941467285156
v 27.323434829711914 40.59746551513672 275.1487121582031
v 28.865859985351562 47.74595642089844 262.1141662597656
v 29.181730270385742 -35.37970733642578 111.22368621826172
v 28.768051147460938 -34.7420768737793 101.85645294189453
v 28.5250301361084 -33.345523834228516 97.65167236328125
v 27.940465927124023 -29.529386520385742 83.03563690185547
v 29.44462776184082 -27.904346466064453 74.5260009765625
v 28.9332218170166 -29.357114791870117 148.39614868164062
v 29.000640869140625 -27.4517822265625 73.15157318115234
v 28.532320022583008 -25.40258026123047 67.34002685546875
v 29.02776527404785 -20.46784782409668 179.35072326660156
v 28.17618751525879 -19.30364227294922 182.35987854003906
v 28.035009384155273 -16.45970344543457 82.21199035644531
v 28.63417625427246 -15.89469051361084 62.483123779296875
v 29.086917877197266 -12.841565132141113 68.97422790527344
v 28.92050552368164 -13.11189079284668 102.499755859375
v 29.070720672607422 -12.650308609008789 116.77557373046875
v 29.441802978515625 -6.101686000823975 217.67457580566406
v 28.557966232299805 -5.357063293457031 153.9338836669922
v 28.403732299804688 -2.842747926712036 574.3678588867188
v 28.651453018188477 -2.749436616897583 160.50035095214844
v 28.16333770751953 -1.7538145780563354 574.5586547851562
v 28.596887588500977 -0.4665320813655853 576.2759399414062
v 32.09413146972656 4.036447048187256 383.7770690917969
v 28.7924747467041 10.672562599182129 253.43809509277344
v 27.944568634033203 15.194184303283691 402.1219177246094
v 29.13576316833496 16.273075103759766 261.0814208984375
v 29.168922424316406 18.932403564453125 371.57818603515625
v 28.241615295410156 20.10789680480957 210.01075744628906
v 28.07082748413086 21.193559646606445 211.70828247070312
v 27.866107940673828 22.93120002746582 400.084228515625
v 28.59564208984375 22.293746948242188 213.8440704345703
v 29.377805709838867 26.319955825805664 271.1317443847656
v 28.169267654418945 25.94502067565918 560.9412231445312
v 28.375686645507812 26.724821090698242 557.5052490234375
v 27.790958404541016 26.806203842163086 561.745849609375
v 28.81624984741211 28.411914825439453 222.7613067626953
v 27.732189178466797 30.728506088256836 557.6170654296875
v 28.781082153320312 31.590410232543945 228.3992462158203
v 28.64824867248535 35.943687438964844 236.44004821777344
v 27.276439666748047 45.61430740356445 272.3801574707031
v 27.80214500427246 47.65272521972656 269.6748962402344
v 28.591371536254883 -35.70993423461914 105.70941925048828
v 28.571880340576172 -35.41845703125 113.34740447998047
v 29.178579330444336 -35.29009246826172 118.95927429199219
v 28.360881805419922 -30.408082962036133 91.07156372070312
v 28.69232749938965 -26.461441040039062 161.14047241210938
v 28.9325008392334 -22.91374397277832 62.948020935058594
v 28.470365524291992 -22.266159057617188 174.622314453125
v 29.341251373291016 -15.146885871887207 79.38939666748047
v 28.358753204345703 -15.984938621520996 89.47079467773438
v 29.214445114135742 -15.23084831237793 93.99241638183594
v 28.3964786529541 -13.295145988464355 73.21927642822266
v 28.835594177246094 -13.032916069030762 124.52281188964844
v 28.550832748413086 -12.800979614257812 119.07552337646484
v 28.734922409057617 -8.368372917175293 210.812744140625
v 28.6054744720459 -8.795549392700195 147.24266052246094
v 29.395009994506836 -5.423775672912598 221.0243682861328
v 29.731000900268555 -4.080932140350342 225.26925659179688
v 29.141504287719727 0.19447247684001923 172.9744873046875
v 29.211416244506836 1.0578796863555908 174.0753631591797
v 29.17496681213379 5.5147857666015625 182.89907836914062
v 28.784143447875977 4.381464004516602 392.2010498046875
v 29.706708908081055 6.717997074127197 186.61361694335938
v 29.497499465942383 7.986928462982178 372.3172302246094
v 29.415082931518555 7.520651340484619 248.59706115722656
v 28.915071487426758 8.868119239807129 251.09075927734375
v 29.164011001586914 11.468645095825195 194.54110717773438
v 29.621583938598633 12.259561538696289 400.4082336425781
v 29.073638916015625 12.235250473022461 196.15757751464844
v 28.668363571166992 18.58926010131836 263.4004821777344
v 29.240942001342773 22.213603973388672 401.9706115722656
v 28.55682945251465 28.456480026245117 559.6261596679688
v 28.48790168762207 28.13555335998535 556.077880859375
v 28.19894027709961 30.45557975769043 553.8944091796875
v 28.47258758544922 32.34214782714844 555.489013671875
v 28.445640563964844 32.546810150146484 554.1632690429688
v 28.923179626464844 37.237281799316406 277.4684753417969
v 28.641942977905273 41.16344451904297 248.12855529785156
v 29.585485458374023 47.85832214355469 277.75067138671875
v 28.21401023864746 47.75387954711914 263.87872314453125
v 28.49595069885254 48.73814392089844 267.2310485839844
v 28.424907684326172 47.75526809692383 273.7120056152344
v 29.487401962280273 -32.69308853149414 134.87623596191406
v 29.551753997802734 -27.83951187133789 153.7858428955078
v 29.820209503173828 -26.433624267578125 69.8211441040039
v 29.676591873168945 -20.725317001342773 60.80726623535156
v 28.914085388183594 -19.333765029907227 61.07220458984375
v 29.610191345214844 -18.041200637817383 184.3032989501953
v 29.43674087524414 -17.210865020751953 187.55007934570312
v 28.938941955566406 -10.932595252990723 142.6015167236328
v 29.52004623413086 -7.083890914916992 151.09085083007812
v 29.030235290527344 -6.058284759521484 217.215087890625
v 28.853195190429688 -3.5671708583831787 574.7205200195312
v 30.39972496032715 -0.9889917969703674 232.56341552734375
v 29.94423484802246 3.5979578495025635 241.689453125
v 29.6719970703125 3.8882908821105957 180.46775817871094
v 29.580842971801758 5.096047878265381 244.54473876953125
v 28.547082901000977 10.327369689941406 398.14862060546875
v 29.306896209716797 17.221988677978516 405.35601806640625
v 29.59841537475586 19.64345932006836 209.71865844726562
v 29.04118537902832 20.481435775756836 403.4727783203125
v 31.051898956298828 24.982358932495117 271.14862060546875
v 30.02713966369629 23.140186309814453 400.5820617675781
v 29.111452102661133 27.250167846679688 558.11376953125
v 29.021902084350586 27.498655319213867 559.288330078125
v 28.639413833618164 29.473159790039062 554.5313110351562
v 28.838443756103516 30.73973274230957 557.7276611328125
v 28.917753219604492 32.23466110229492 552.9685668945312
v 28.87555503845215 32.06730651855469 556.1211547851562
v 29.182132720947266 31.453481674194336 275.4310302734375
v 29.9906005859375 34.454139709472656 232.8113555908203
v 28.790916442871094 40.597652435302734 278.057373046875
v 28.807825088500977 42.67989730834961 251.51654052734375
v 29.652429580688477 45.414581298828125 279.10394287109375
v 29.896156311035156 -34.64918899536133 125.28474426269531
v 29.72581672668457 -33.60449981689453 99.0724868774414
v 30.44747543334961 -31.426197052001953 139.80328369140625
v 28.76825714111328 -28.353382110595703 79.5123519897461
v 29.674396514892578 -27.115047454833984 83.1043701171875
v 29.938674926757812 -26.318998336791992 162.0282440185547
v 30.34417152404785 -25.224109649658203 165.9795684814453
v 30.19010353088379 -24.65606689453125 167.3132781982422
v 29.55531883239746 -24.80947494506836 66.66522216796875
v 29.938142776489258 -24.3388671875 64.35616302490234
v 29.456554412841797 -17.595077514648438 85.5012435913086
v 30.018198013305664 -16.227540969848633 93.04684448242188
v 29.328489303588867 -14.338543891906738 63.937477111816406
v 29.49842643737793 -13.615303039550781 75.4937973022461
v 30.441730499267578 -13.481907844543457 126.48241424560547
v 29.847835540771484 -13.669384002685547 131.74810791015625
v 29.63387107849121 -12.857771873474121 134.97256469726562
v 30.210975646972656 -13.003904342651367 66.36859893798828
v 29.707050323486328 -13.196758270263672 111.12136840820312
v 29.718687057495117 -12.015380859375 199.06625366210938
v 29.760900497436523 -12.03274917602539 137.70489501953125
v 30.31096839904785 -6.613239765167236 214.53378295898438
v 30.971284866333008 -3.495143175125122 577.00390625
v 29.619831085205078 -3.530637741088867 577.6187744140625
v 30.994354248046875 -1.3366115093231201 577.8056030273438
v 31.912485122680664 -0.30141517519950867 577.2970581054688
v 28.657930374145508 -0.695849597454071 540.9968872070312
v 28.623878479003906 1.4990909099578857 539.2529907226562
v 28.64201545715332 -0.8377795815467834 543.0079956054688
v 29.54548454284668 -0.26298561692237854 171.4058074951172
v 30.283849716186523 0.8385433554649353 236.27667236328125
v 28.627655029296875 0.9065548181533813 541.1334838867188
v 29.325172424316406 -0.0773022323846817 544.9916381835938
v 29.182781219482422 0.4574998617172241 538.411376953125
v 29.466960906982422 10.70650863647461 371.19140625
v 29.884159088134766 12.439751625061035 256.0281982421875
v 28.784719467163086 14.492964744567871 401.9336242675781
v 29.597740173339844 15.393980026245117 404.3053894042969
v 30.355497360229492 14.017278671264648 200.1525421142578
v 29.680225372314453 18.607452392578125 405.895751953125
v 30.07176399230957 20.68854522705078 211.6608428955078
v 31.98492431640625 25.317102432250977 374.3651428222656
v 29.593952178955078 25.1738338470459 217.8686981201172
v 29.076061248779297 28.13714599609375 272.6136474609375
v 29.35717010498047 31.05773162841797 552.737060546875
v 30.359241485595703 35.950992584228516 236.1692657470703
v 30.26161003112793 38.98189163208008 242.4935302734375
v 29.858442306518555 39.68785095214844 244.4906768798828
v 30.77317237854004 47.136173248291016 257.1104736328125
v 29.95363426208496 50.145660400390625 264.86572265625
v 29.290061950683594 50.22950744628906 270.2236022949219
v 28.989843368530273 49.7151985168457 267.3166809082031
v 29.993959426879883 -35.57345199584961 108.58092498779297
v 31.157915115356445 -34.16473388671875 101.53053283691406
v 29.69957733154297 -33.23211669921875 131.47235107421875
v 30.657367706298828 -31.26219940185547 95.58763122558594
v 30.5314998626709 -30.124773025512695 145.11402893066406
v 29.683752059936523 -28.874126434326172 90.67642211914062
v 29.86981201171875 -27.995433807373047 86.97429656982422
v 29.876893997192383 -27.287395477294922 157.69200134277344
v 30.83496856689453 -23.780784606933594 169.6444549560547
v 30.7726993560791 -21.88727569580078 60.6864128112793
v 30.791858673095703 -21.798444747924805 174.60691833496094
v 29.92276954650879 -19.0548095703125 181.77078247070312
v 29.219955444335938 -18.03987693786621 82.45700073242188
v 30.79780387878418 -17.169553756713867 58.771018981933594
v 30.502107620239258 -16.377079010009766 79.79063415527344
v 30.146175384521484 -18.161865234375 89.50701141357422
v 30.289331436157227 -15.18152904510498 191.68093872070312
v 31.131807327270508 -15.928977012634277 97.32548522949219
v 29.893163681030273 -13.38984203338623 196.25079345703125
v 30.75412368774414 -13.28376579284668 124.54766082763672
v 30.36428451538086 -12.803669929504395 69.78205108642578
v 30.847942352294922 -13.198881149291992 108.12808990478516
v 31.005069732666016 -10.44083309173584 201.3780517578125
v 30.605051040649414 -9.853546142578125 204.15643310546875
v 30.70501136779785 -9.60919189453125 144.8743896484375
v 31.348148345947266 -5.875741004943848 153.2801055908203
v 30.340532302856445 -4.921106338500977 155.13156127929688
v 31.105615615844727 -2.365419387817383 577.7977294921875
v 30.630399703979492 -2.2676398754119873 164.43215942382812
v 31.074649810791016 -1.9973312616348267 167.30517578125
v 29.49310302734375 -2.262514352798462 543.0198974609375
v 29.21868896484375 -1.2514665126800537 540.554443359375
v 29.46243667602539 -1.1774688959121704 545.6432495117188
v 29.5402774810791 0.5652350783348083 544.1846313476562
v 30.661380767822266 2.577939987182617 239.7857666015625
v 29.30657386779785 1.692295789718628 541.3961791992188
v 29.15581512451172 2.6428675651550293 538.1775512695312
v 29.497655868530273 2.9819977283477783 539.7601928710938
v 33.355003356933594 6.7337260246276855 379.0969543457031
v 30.31700897216797 13.711626052856445 401.28582763671875
v 30.303617477416992 15.200441360473633 371.4543762207031
v 30.436283111572266 15.941906929016113 203.81109619140625
v 30.430044174194336 19.77335548400879 406.41943359375
v 30.12529945373535 21.447265625 402.87255859375
v 32.84156799316406 23.760799407958984 270.9090881347656
v 29.745595932006836 29.3475341796875 555.2538452148438
v 29.434221267700195 29.667888641357422 558.1626586914062
v 29.902658462524414 29.876344680786133 553.7915649414062
v 30.504676818847656 31.78394889831543 555.968017578125
v 30.654399871826172 34.403812408447266 552.6002807617188
v 30.268321990966797 34.2156982421875 554.1826782226562
v 30.438966751098633 35.187496185302734 278.5975646972656
v 30.59225082397461 42.5681037902832 249.8406982421875
v 30.70706558227539 49.35646438598633 261.0052490234375
v 30.083932876586914 51.43821334838867 273.9954528808594
v 30.818723678588867 -35.24028778076172 105.0846176147461
v 30.6322078704834 -35.10917663574219 112.99593353271484
v 30.472763061523438 -34.86880111694336 116.17359924316406
v 31.405872344970703 -34.68791198730469 124.53447723388672
v 31.224340438842773 -31.081703186035156 141.91563415527344
v 30.495662689208984 -29.026071548461914 150.368896484375
v 29.862829208374023 -26.37490463256836 80.86257934570312
v 30.90790367126465 -25.09720230102539 67.52137756347656
v 31.708332061767578 -18.12986183166504 79.75762176513672
v 31.416366577148438 -15.018613815307617 59.331180572509766
v 29.894113540649414 -13.709625244140625 73.8349838256836
v 30.989276885986328 -13.061803817749023 118.31455993652344
v 31.046466827392578 -12.842264175415039 121.11869812011719
v 31.353458404541016 -10.634515762329102 142.6916961669922
v 31.311744689941406 -5.3439812660217285 216.69566345214844
v 31.34898567199707 -4.255883693695068 157.62713623046875
v 31.232391357421875 -3.0322113037109375 575.0193481445312
v 30.616241455078125 -2.8828482627868652 160.64578247070312
v 30.34973907470703 -1.6616781949996948 574.4510498046875
v 30.089366912841797 -2.455690860748291 545.2896728515625
v 29.93239402770996 -0.8157558441162109 575.0103149414062
v 30.252452850341797 -0.20188239216804504 575.986328125
v 30.839139938354492 2.304593324661255 177.3217010498047
v 30.599533081054688 3.566653251647949 536.1815795898438
v 29.949148178100586 4.019314289093018 537.8820190429688
v 33.240360260009766 7.809345245361328 377.480224609375
v 31.236684799194336 8.926243782043457 251.312255859375
v 30.890600204467773 10.129680633544922 193.57464599609375
v 31.075775146484375 10.144450187683105 252.9700164794922
v 30.631025314331055 12.996506690979004 198.79824829101562
v 31.083505630493164 14.248703956604004 403.4681091308594
v 30.786157608032227 17.4824161529541 206.14996337890625
v 29.908552169799805 17.126327514648438 371.66131591796875
v 31.010059356689453 22.765291213989258 215.50942993164062
v 30.83344268798828 27.87433433532715 222.35829162597656
v 30.018775939941406 29.817264556884766 556.0736083984375
v 29.918048858642578 30.458791732788086 556.61865234375
v 30.528850555419922 30.10736656188965 225.97767639160156
v 34.428768157958984 35.18405532836914 382.975830078125
v 31.46893882751465 34.808074951171875 393.38372802734375
v 31.152664184570312 36.90504455566406 238.060791015625
v 30.05950927734375 39.60614013671875 279.8431701660156
v 30.798336029052734 48.884521484375 260.3921203613281
v 30.2034969329834 50.9006462097168 275.74542236328125
v 30.679759979248047 52.62070083618164 272.357666015625
v 30.658935546875 -35.11095428466797 118.62960815429688
v 31.382184982299805 -34.661319732666016 121.53474426269531
v 31.084203720092773 -33.63763427734375 100.64175415039062
v 31.453916549682617 -32.156246185302734 97.92737579345703
v 30.535308837890625 -27.4016056060791 90.24725341796875
v 31.0789794921875 -26.756484985351562 75.97277069091797
v 30.873804092407227 -26.540956497192383 74.64923858642578
v 32.11140060424805 -25.09404182434082 77.72499084472656
v 30.314311981201172 -24.5197696685791 81.77843475341797
v 31.02596664428711 -22.491762161254883 172.4894561767578
v 31.236421585083008 -19.489269256591797 179.6898651123047
v 30.852855682373047 -19.61176872253418 58.89065933227539
v 29.977855682373047 -19.67650604248047 82.50029754638672
v 30.674667358398438 -20.457317352294922 84.98585510253906
v 31.360246658325195 -18.722089767456055 91.7631607055664
v 30.872478485107422 -14.653695106506348 76.47100067138672
v 30.67884635925293 -13.370734214782715 65.2362060546875
v 31.134252548217773 -13.896501541137695 101.81289672851562
v 32.03877258300781 -13.893245697021484 127.16545104980469
v 31.080883026123047 -13.325894355773926 105.27013397216797
v 31.116228103637695 -13.023192405700684 124.01472473144531
v 30.887365341186523 -7.809238910675049 209.8793182373047
v 30.824878692626953 -2.481757879257202 574.5265502929688
v 30.57493019104004 -1.4625937938690186 540.1976928710938
v 30.9626522064209 -1.7493730783462524 547.8893432617188
v 30.824003219604492 -0.11861321330070496 548.47265625
v 30.543148040771484 0.013204067014157772 538.2571411132812
v 30.61789894104004 2.223388910293579 536.4502563476562
v 30.468608856201172 1.0532649755477905 543.9815063476562
v 30.855453491210938 1.7081584930419922 541.924072265625
v 31.29653549194336 4.791575908660889 183.3459930419922
v 31.10677719116211 16.45965003967285 406.56402587890625
v 30.986711502075195 17.530427932739258 263.0060729980469
v 32.26432800292969 21.029462814331055 213.7288818359375
v 30.878000259399414 26.717937469482422 273.0697937011719
v 31.631778717041016 28.871091842651367 275.9295959472656
v 32.802711486816406 30.581029891967773 399.1427917480469
v 30.7863826751709 31.26939582824707 228.0831756591797
v 30.99540901184082 33.43810272216797 555.255126953125
v 31.231599807739258 36.614784240722656 280.4029541015625
v 31.36373519897461 44.23358154296875 281.9611511230469
v 30.930524826049805 50.8292350769043 278.0949401855469
v 30.975971221923828 51.24689483642578 264.3895263671875
v 30.521080017089844 51.67985916137695 268.0059814453125
v 31.281856536865234 -33.27736282348633 131.44007873535156
v 31.58161735534668 -29.72112274169922 147.84593200683594
v 31.363615036010742 -29.53087615966797 94.03526306152344
v 30.713729858398438 -26.0863037109375 86.8594970703125
v 31.34909439086914 -26.134113311767578 71.53380584716797
v 31.90041732788086 -24.996274948120117 65.5999526977539
v 31.858579635620117 -23.366239547729492 61.85880661010742
v 30.48497772216797 -21.814149856567383 82.34453582763672
v 31.14215850830078 -23.0515079498291 86.46316528320312
v 31.997892379760742 -19.782272338867188 177.28521728515625
v 31.520780563354492 -19.892601013183594 91.05713653564453
v 31.016429901123047 -17.300209045410156 93.10599517822266
v 31.333938598632812 -16.359460830688477 187.77964782714844
v 32.11216735839844 -16.26285743713379 97.75607299804688
v 31.728544235229492 -15.20428466796875 99.80166625976562
v 31.811967849731445 -14.937973022460938 74.40052795410156
v 31.294815063476562 -13.602041244506836 62.04488754272461
v 31.71074104309082 -12.594107627868652 135.55421447753906
v 31.5633544921875 -11.528255462646484 139.01962280273438
v 31.6152400970459 -7.243777751922607 151.2672882080078
v 31.742279052734375 -3.252098560333252 575.744873046875
v 31.43215560913086 -2.7873334884643555 544.3368530273438
v 31.29799461364746 -2.19035267829895 542.0940551757812
v 31.643705368041992 -2.5152697563171387 228.0423126220703
v 32.74254608154297 0.14299938082695007 574.7243041992188
v 32.32701110839844 -0.9291192889213562 173.78591918945312
v 31.227678298950195 -0.7942821383476257 171.7900390625
v 32.413665771484375 -0.4086291790008545 174.40582275390625
v 31.364620208740234 1.1811619997024536 547.4970092773438
v 31.844898223876953 1.137136459350586 236.0038299560547
v 30.75525665283203 3.707716226577759 539.4432373046875
v 31.0756893157959 4.912845611572266 535.8987426757812
v 31.506746292114258 4.6899237632751465 243.4592742919922
v 31.33631134033203 5.51031494140625 537.0451049804688
v 32.81924057006836 6.399874687194824 391.37213134765625
v 31.720176696777344 5.813630104064941 187.12242126464844
v 31.7322998046875 11.922779083251953 373.09991455078125
v 32.0695915222168 10.884867668151855 196.75108337402344
v 32.35002517700195 12.57244873046875 399.4320983886719
v 31.66874885559082 13.537785530090332 400.72833251953125
v 32.30084991455078 15.192197799682617 260.2741394042969
v 31.491146087646484 18.528268814086914 408.24835205078125
v 31.358003616333008 20.875001907348633 406.0014953613281
v 31.406633377075195 21.82345199584961 402.4167785644531
v 31.150131225585938 22.51062774658203 401.8466491699219
v 31.439558029174805 24.8020076751709 218.14295959472656
v 31.095916748046875 30.89724349975586 555.3367309570312
v 31.513835906982422 31.77919578552246 552.1814575195312
v 31.372905731201172 32.68141174316406 551.7376098632812
v 31.85188865661621 32.773834228515625 278.7034912109375
v 32.63222885131836 38.75686264038086 241.92361450195312
v 32.128231048583984 44.27997589111328 251.525146484375
v 32.11076354980469 45.89787292480469 253.72483825683594
v 30.814504623413086 47.7093391418457 280.2857666015625
v 31.456424713134766 53.63165283203125 271.136962890625
v 32.737586975097656 -34.69637680053711 107.80669403076172
v 32.02901077270508 -34.5857048034668 111.12612915039062
v 32.33892059326172 -32.73347854614258 134.7478790283203
v 32.14204788208008 -30.273860931396484 96.20529174804688
v 32.018314361572266 -27.427597045898438 154.71868896484375
v 32.45011901855469 -26.95341682434082 157.46319580078125
v 31.098148345947266 -26.014768600463867 90.12309265136719
v 32.312015533447266 -25.835693359375 162.11341857910156
v 31.49753761291504 -24.22211456298828 90.16600036621094
v 32.65298080444336 -24.373920440673828 63.398712158203125
v 32.60594940185547 -22.06861686706543 79.19707489013672
v 31.25058937072754 -20.915063858032227 89.91364288330078
v 31.634639739990234 -18.313196182250977 181.53468322753906
v 32.736534118652344 -16.728063583374023 183.4671630859375
v 31.831268310546875 -17.116477966308594 184.53172302246094
v 32.17304611206055 -16.303770065307617 77.10860443115234
v 31.643722534179688 -12.462727546691895 196.10638427734375
v 33.592803955078125 -12.791414260864258 61.29926300048828
v 31.865232467651367 -13.822513580322266 111.03392791748047
v 32.269981384277344 -13.481740951538086 115.79340362548828
v 31.852041244506836 -12.93553638458252 69.27562713623047
v 31.88860321044922 -10.999882698059082 198.47012329101562
v 32.47127151489258 -9.556402206420898 200.81002807617188
v 31.899070739746094 -4.651027202606201 220.37887573242188
v 32.47957229614258 -2.475057363510132 547.5122680664062
v 31.57255744934082 1.8684813976287842 536.426025390625
v 31.53767967224121 0.9759482741355896 543.751953125
v 31.791854858398438 3.0852694511413574 535.6080322265625
v 32.035858154296875 3.026671886444092 181.0565643310547
v 32.85847854614258 7.4214277267456055 247.9187774658203
v 31.529647827148438 13.544757843017578 372.77545166015625
v 32.00668716430664 17.29572868347168 408.3503112792969
v 31.957189559936523 18.69776725769043 209.93252563476562
v 32.020591735839844 20.34871482849121 407.6243591308594
v 34.8223762512207 27.127134323120117 401.1695251464844
v 30.88797950744629 27.00287437438965 516.114990234375
v 31.360063552856445 28.4765567779541 511.6101379394531
v 30.773210525512695 27.946495056152344 516.7987060546875
v 31.233963012695312 28.95511245727539 517.4798583984375
v 31.283985137939453 29.326778411865234 512.9821166992188
v 31.61992073059082 33.74647903442383 551.5657348632812
v 32.8358039855957 35.89842987060547 385.9499206542969
v 32.9078483581543 36.19316864013672 552.8649291992188
v 32.72758865356445 34.46109390258789 233.2881622314453
v 31.73983383178711 34.53810501098633 279.66357421875
v 32.63887023925781 39.77751159667969 244.28843688964844
v 31.675859451293945 50.777584075927734 280.2259826660156
v 33.16687774658203 -33.95692825317383 115.76924133300781
v 33.12492370605469 -34.39258575439453 118.18351745605469
v 33.131385803222656 -29.32921028137207 148.77001953125
v 32.69332504272461 -25.114625930786133 72.15618133544922
v 31.477535247802734 -22.587512969970703 89.79685974121094
v 32.189361572265625 -19.738595962524414 56.98129653930664
v 32.27547073364258 -19.8587646484375 79.69380187988281
v 32.159339904785156 -17.671466827392578 56.43692398071289
v 31.869583129882812 -15.810709953308105 57.454673767089844
v 32.48918533325195 -14.173418998718262 191.1488494873047
v 32.47747802734375 -13.580339431762695 60.36086654663086
v 32.27654266357422 -13.711296081542969 131.7123260498047
v 32.63263702392578 -13.127817153930664 66.8499984741211
v 33.05467224121094 -6.836756706237793 208.3740997314453
v 32.986385345458984 -5.7396559715271 212.5556182861328
v 32.817142486572266 -4.726664066314697 216.88775634765625
v 32.739471435546875 -3.457105875015259 160.7678680419922
v 32.64087677001953 -3.504352331161499 223.4363250732422
v 33.24249267578125 -1.1858303546905518 229.47679138183594
v 31.971317291259766 1.1978570222854614 537.7484130859375
v 32.083187103271484 0.30598101019859314 551.2145385742188
v 32.60024642944336 0.550402045249939 576.767822265625
v 32.63638687133789 0.0803617462515831 233.34426879882812
v 32.82301330566406 2.913083076477051 239.33203125
v 31.856128692626953 2.3833675384521484 540.0328369140625
v 32.10282897949219 3.9247589111328125 539.07470703125
v 32.98017501831055 3.9580724239349365 241.20286560058594
v 33.15250015258789 5.537618637084961 381.14044189453125
v 32.516727447509766 6.872191905975342 535.5151977539062
v 32.98835754394531 8.084243774414062 249.39747619628906
v 32.135292053222656 11.16494369506836 397.1986083984375
v 32.73511505126953 9.850042343139648 375.17669677734375
v 33.21234893798828 10.463699340820312 253.06060791015625
v 32.62211608886719 12.340235710144043 199.998291015625
v 32.25277328491211 12.178483963012695 255.6953887939453
v 32.47562789916992 15.24605655670166 204.6958465576172
v 34.13390350341797 17.564340591430664 373.67999267578125
v 32.16704177856445 15.825955390930176 406.389404296875
v 33.096866607666016 17.371854782104492 263.1220703125
v 32.49045181274414 19.729036331176758 211.91647338867188
v 32.68294143676758 21.42725372314453 405.0790710449219
v 35.40178298950195 25.278396606445312 375.1485595703125
v 32.6110725402832 22.748369216918945 401.06231689453125
v 33.166526794433594 22.785465240478516 216.5960693359375
v 33.30732727050781 24.25886344909668 272.0482482910156
v 31.89596939086914 25.851421356201172 522.595947265625
v 31.748886108398438 25.14600372314453 520.8890991210938
v 31.705110549926758 25.958324432373047 515.727783203125
v 31.676193237304688 26.8636417388916 512.62109375
v 31.494197845458984 26.10306167602539 517.7202758789062
v 32.13837814331055 31.23377227783203 553.5350341796875
v 32.75058364868164 30.72136116027832 227.8204345703125
v 31.85418701171875 32.780765533447266 555.2578735351562
v 33.590999603271484 35.34580612182617 550.9627685546875
v 32.928707122802734 35.860713958740234 551.837890625
v 33.156166076660156 35.58702087402344 235.97784423828125
v 32.19257354736328 41.43195724487305 282.7490539550781
v 32.84955978393555 42.44392013549805 248.81192016601562
v 33.73339080810547 49.49242401123047 257.9525451660156
v 31.956436157226562 47.52815246582031 282.4935607910156
v 31.81199073791504 52.76597595214844 266.5633239746094
v 32.490257263183594 53.55583572387695 278.7618408203125
v 32.38454055786133 54.46623992919922 269.5543518066406
v 32.72441101074219 -34.439903259277344 104.9025650024414
v 32.9289436340332 -34.2229118347168 112.80410766601562
v 33.40073013305664 -34.2021484375 124.43965148925781
v 33.20517349243164 -32.93449020385742 101.15353393554688
v 33.96940231323242 -31.31184959411621 99.73310852050781
v 32.819637298583984 -31.33238410949707 139.53994750976562
v 32.91632080078125 -29.964523315429688 145.12387084960938
v 32.282806396484375 -25.016464233398438 75.83624267578125
v 32.52042007446289 -24.78903579711914 68.60301971435547
v 32.01033020019531 -24.85016441345215 91.19198608398438
v 32.85034942626953 -24.575469970703125 165.74957275390625
v 31.98801040649414 -22.58928108215332 60.43607711791992
v 33.028175354003906 -21.79899787902832 57.832786560058594
v 32.475337982177734 -21.639392852783203 92.0628890991211
v 32.91715621948242 -18.478557586669922 179.53460693359375
v 33.03402328491211 -18.626893997192383 96.32183074951172
v 32.83211135864258 -14.035224914550781 57.396751403808594
v 33.128875732421875 -13.714688301086426 70.59507751464844
v 32.678951263427734 -14.273415565490723 103.38030242919922
v 33.805755615234375 -13.708370208740234 120.35247802734375
v 32.915008544921875 -13.653210639953613 124.01285552978516
v 34.03234100341797 -13.738485336303711 123.21334075927734
v 32.778038024902344 -9.57308292388916 145.519775390625
v 32.62106704711914 -9.312458038330078 201.6918182373047
v 32.825748443603516 -5.336048126220703 155.64376831054688
v 32.532711029052734 -2.0866003036499023 543.9638671875
v 34.88950729370117 -0.3006596863269806 574.5029296875
v 34.22273635864258 -1.8256731033325195 576.3214721679688
v 32.108009338378906 -0.874891459941864 541.8072509765625
v 32.1081428527832 1.021458625793457 538.6663208007812
v 32.56245803833008 -1.0618219375610352 550.7949829101562
v 32.60061264038086 0.7607323527336121 575.7100830078125
v 32.67952346801758 0.8308150768280029 176.6662139892578
v 32.36756896972656 0.13849954307079315 543.2026977539062
v 31.979177474975586 0.797501266002655 541.4898071289062
v 33.236080169677734 1.4458539485931396 547.3043212890625
v 32.158203125 1.7548737525939941 550.3798828125
v 32.13395309448242 5.132775783538818 534.3341064453125
v 32.82276916503906 5.529693603515625 537.8297119140625
v 37.52656936645508 10.69088077545166 393.5591125488281
v 32.08251953125 11.832507133483887 373.676025390625
v 31.855356216430664 19.848676681518555 409.31011962890625
v 32.021121978759766 18.305627822875977 409.6452331542969
v 32.87529754638672 21.6141300201416 401.9897155761719
v 32.01448059082031 24.571256637573242 527.4945678710938
v 31.7910099029541 25.7249813079834 527.700439453125
v 32.45061111450195 26.734092712402344 522.70654296875
v 31.86488151550293 29.361783981323242 518.0404052734375
v 32.033172607421875 27.467195510864258 510.7856750488281
v 33.73493957519531 28.950620651245117 225.58753967285156
v 33.72127151489258 28.969924926757812 400.2856750488281
v 32.08197784423828 29.643335342407227 506.560546875
v 32.18162536621094 30.609495162963867 506.7677917480469
v 32.07131576538086 30.25760841369629 510.0251770019531
v 32.19510269165039 30.427593231201172 513.1083374023438
v 33.626365661621094 31.566055297851562 279.3373107910156
v 32.2494010925293 30.01622772216797 503.95166015625
v 31.853261947631836 30.492095947265625 500.2476501464844
v 31.873559951782227 31.538129806518555 501.4170227050781
v 31.86160659790039 31.62982940673828 496.8602600097656
v 32.41346740722656 32.24361801147461 554.8388671875
v 32.504207611083984 35.564918518066406 394.5364685058594
v 33.37836456298828 35.94480895996094 554.0761108398438
v 32.050376892089844 36.034603118896484 390.244384765625
v 32.62570571899414 38.244415283203125 282.3232727050781
v 32.783233642578125 50.972618103027344 281.8990478515625
v 33.56250762939453 55.86412811279297 276.9615478515625
v 33.19566345214844 -32.98548889160156 131.3212127685547
v 33.08721923828125 -28.612091064453125 95.79663848876953
v 33.12560272216797 -23.667692184448242 62.039363861083984
v 32.79433822631836 -22.238046646118164 171.41485595703125
v 33.25570297241211 -20.303544998168945 175.0045928955078
v 32.757598876953125 -16.23272705078125 55.65619659423828
v 33.395416259765625 -16.649295806884766 74.55724334716797
v 33.798892974853516 -17.544723510742188 98.67659759521484
v 33.4159049987793 -15.180688858032227 187.29946899414062
v 33.50950622558594 -15.692366600036621 100.75283813476562
v 33.1800537109375 -14.139349937438965 107.6314468383789
v 33.28759002685547 -13.915228843688965 126.23560333251953
v 33.90740966796875 -14.174466133117676 117.7160415649414
v 33.182716369628906 -12.731550216674805 64.10639190673828
v 33.38277053833008 -3.2348432540893555 164.15965270996094
v 32.903175354003906 -2.8497939109802246 167.3368377685547
v 35.245933532714844 -0.9843104481697083 575.328369140625
v 33.710079193115234 -1.1906265020370483 577.3998413085938
v 34.289337158203125 -0.11804765462875366 577.533447265625
v 32.22662353515625 1.6832084655761719 539.49951171875
v 33.511627197265625 2.266153573989868 552.9581909179688
v 33.16409683227539 2.24428653717041 549.0347290039062
v 33.203765869140625 1.6237066984176636 179.3430633544922
v 33.04667282104492 3.922184467315674 534.4212646484375
v 33.449501037597656 3.6859819889068604 184.4596405029297
v 33.220314025878906 6.877605438232422 536.4309692382812
v 33.14664840698242 7.1743645668029785 534.2576904296875
v 36.30091857910156 11.0398588180542 395.0602111816406
v 33.43143844604492 9.03483772277832 195.30064392089844
v 32.75664138793945 14.361051559448242 403.2626037597656
v 33.28638458251953 16.254487991333008 407.9303894042969
v 33.246726989746094 16.302448272705078 206.8436279296875
v 33.46608352661133 19.996768951416016 412.4837646484375
v 36.287227630615234 21.56429100036621 374.70208740234375
v 32.49399948120117 20.9491024017334 408.82537841796875
v 33.07881164550781 21.00592613220215 407.0082092285156
v 32.582462310791016 23.982040405273438 522.926513671875
v 32.49593734741211 24.501394271850586 520.32421875
v 32.54636764526367 24.130197525024414 525.1868286132812
v 32.533390045166016 25.543161392211914 517.4356079101562
v 32.504573822021484 24.634355545043945 530.5352172851562
v 32.403297424316406 25.991424560546875 530.5234375
v 32.79204559326172 25.594148635864258 514.885009765625
v 33.231266021728516 26.646039962768555 221.83958435058594
v 32.30449295043945 26.706756591796875 527.6061401367188
v 32.6397819519043 29.070219039916992 505.16156005859375
v 32.80352020263672 29.652284622192383 497.4916076660156
v 32.11640930175781 30.44631576538086 497.3049011230469
v 32.49525833129883 29.353713989257812 502.121337890625
v 32.757808685302734 29.68193244934082 518.1132202148438
v 32.96465301513672 29.665491104125977 494.50787353515625
v 32.05729293823242 31.249486923217773 494.4659118652344
v 32.34917068481445 31.01729393005371 504.00335693359375
v 32.751792907714844 31.386817932128906 506.7644348144531
v 32.39143371582031 32.50431442260742 501.6083984375
v 32.402557373046875 32.743221282958984 494.80401611328125
v 35.57187271118164 34.2706413269043 381.3021240234375
v 33.25254821777344 33.66404724121094 397.6995849609375
v 33.432708740234375 33.26340866088867 280.5931701660156
v 33.189205169677734 44.551025390625 284.412353515625
v 33.67301559448242 47.744873046875 255.56729125976562
v 32.54169845581055 48.23994827270508 282.79742431640625
v 33.0070915222168 51.888328552246094 262.0873107910156
v 33.24998474121094 53.2305793762207 264.5654602050781
v 34.635990142822266 57.24217224121094 274.48358154296875
v 34.17612838745117 -33.412532806396484 111.0125503540039
v 33.749515533447266 -33.91145324707031 120.85205841064453
v 34.145469665527344 -25.017866134643555 162.4705047607422
v 33.41026306152344 -24.833934783935547 66.61483764648438
v 33.664825439453125 -23.77788543701172 73.59515380859375
v 33.24962615966797 -22.8195743560791 76.5081558227539
v 34.47178649902344 -23.219274520874023 58.8905143737793
v 33.48093032836914 -20.05899429321289 77.05413055419922
v 33.15775680541992 -18.40682601928711 77.13360595703125
v 33.813411712646484 -19.617334365844727 55.0184326171875
v 33.53641891479492 -17.074277877807617 181.0079345703125
v 33.83464813232422 -14.826570510864258 110.99861907958984
v 33.49680709838867 -12.99357795715332 58.28789520263672
v 33.898441314697266 -13.577102661132812 67.7340316772461
v 33.228302001953125 -13.035367965698242 134.75743103027344
v 33.76865005493164 -12.245036125183105 137.80592346191406
v 34.24386978149414 -11.124399185180664 142.85220336914062
v 33.55832290649414 -10.518756866455078 196.62838745117188
v 33.882789611816406 -8.222134590148926 150.77978515625
v 34.39509201049805 -6.843856334686279 153.65220642089844
v 33.968284606933594 -3.868762254714966 215.8641815185547
v 34.19977951049805 -3.4843878746032715 219.4427947998047
v 33.87282943725586 -1.7622878551483154 546.7872314453125
v 34.96216583251953 -0.9336399435997009 576.8547973632812
v 33.70501708984375 -1.5787861347198486 550.2339477539062
v 34.2070198059082 -2.3325839042663574 174.45545959472656
v 34.45844268798828 0.5285261273384094 574.3613891601562
v 34.01962661743164 0.8810001015663147 547.1738891601562
v 32.77695846557617 2.019257068634033 538.1329956054688
v 33.74829864501953 2.8981878757476807 551.6434936523438
v 33.384422302246094 2.9655416011810303 536.1708374023438
v 33.280887603759766 3.3485636711120605 538.1934814453125
v 34.320106506347656 5.8779096603393555 385.432861328125
v 33.65486526489258 4.448885440826416 187.770263671875
v 33.47346496582031 5.658045768737793 189.627197265625
v 35.088714599609375 7.388731956481934 390.2569885253906
v 34.428707122802734 9.222249031066895 250.87916564941406
v 33.6356315612793 9.579855918884277 196.9097137451172
v 38.98548889160156 14.712231636047363 397.33111572265625
v 34.90107727050781 12.137161254882812 254.7504119873047
v 33.93852233886719 13.061671257019043 397.94219970703125
v 33.8643684387207 14.23928451538086 399.673095703125
v 33.36015319824219 15.610519409179688 405.7451477050781
v 33.75608444213867 18.062517166137695 411.7950134277344
v 33.4215202331543 18.966291427612305 412.14239501953125
v 33.834800720214844 21.07805633544922 412.6201171875
v 33.56969451904297 21.49371337890625 410.5406494140625
v 37.5924186706543 24.66826057434082 375.6419372558594
v 34.34220886230469 21.333017349243164 216.12265014648438
v 33.12770462036133 23.704378128051758 527.4290771484375
v 33.22017288208008 23.753843307495117 530.201904296875
v 33.44786834716797 24.54020881652832 519.8233032226562
v 33.71100616455078 26.025020599365234 512.9605712890625
v 32.95832061767578 26.892961502075195 510.8766784667969
v 33.22898864746094 27.212779998779297 526.974853515625
v 33.50927734375 27.242591857910156 529.912353515625
v 34.70201873779297 26.582847595214844 275.8150634765625
v 33.38851547241211 28.518163681030273 504.934326171875
v 33.76690673828125 27.107629776000977 522.6312866210938
v 32.777809143066406 31.338104248046875 492.6509704589844
v 33.06028366088867 30.704851150512695 513.4030151367188
v 36.930240631103516 33.154598236083984 379.888671875
v 33.06460189819336 30.970335006713867 509.80450439453125
v 33.23838424682617 32.10929489135742 504.0732116699219
v 33.176231384277344 32.68340301513672 492.7879638671875
v 33.347930908203125 32.94475555419922 551.4188232421875
v 33.03030776977539 33.37615203857422 497.1151123046875
v 33.377071380615234 35.26344299316406 554.7229614257812
v 33.99708557128906 37.09886932373047 386.3130187988281
v 33.01884078979492 36.855411529541016 388.4297790527344
v 33.89715576171875 36.56209945678711 282.783935546875
v 34.600093841552734 42.07985305786133 248.1448211669922
v 34.1641731262207 42.62259292602539 285.0538330078125
v 33.635005950927734 45.09754180908203 284.5451354980469
v 33.694828033447266 49.97157669067383 258.4542541503906
v 33.27228546142578 53.6004638671875 280.25701904296875
v 34.56689453125 -33.7296142578125 123.18701171875
v 34.015472412109375 -30.571781158447266 142.22756958007812
v 33.819847106933594 -26.966333389282227 95.7519302368164
v 34.45177459716797 -27.84140968322754 151.9176788330078
v 34.16651153564453 -25.49798583984375 95.70018768310547
v 34.64980697631836 -24.417844772338867 65.09281158447266
v 34.073760986328125 -23.901695251464844 69.58910369873047
v 33.963382720947266 -21.046491622924805 95.92430877685547
v 33.86682891845703 -17.52641487121582 53.90033721923828
v 34.247623443603516 -15.58633041381836 183.61947631835938
v 34.56924057006836 -15.161565780639648 71.30614471435547
v 33.58222198486328 -14.132123947143555 54.951751708984375
v 34.71812057495117 -14.355175971984863 131.73606872558594
v 34.44774627685547 -8.816400527954102 197.7143096923828
v 34.93034744262695 -7.910222053527832 152.67593383789062
v 35.05048751831055 -5.549095153808594 158.64251708984375
v 34.25702667236328 -1.4961737394332886 227.2272186279297
v 34.703067779541016 0.17516709864139557 230.7165069580078
v 34.45796585083008 0.1816825419664383 547.2384643554688
v 33.98809051513672 2.014223575592041 575.72998046875
v 33.854026794433594 1.6208635568618774 235.22262573242188
v 34.77257537841797 1.1661347150802612 182.23348999023438
v 34.1645393371582 3.7125046253204346 536.671630859375
v 34.8067741394043 5.992037296295166 532.79541015625
v 35.63850021362305 7.135265827178955 387.8582458496094
v 34.81917953491211 7.128968715667725 532.4411010742188
v 33.71125030517578 6.988591194152832 533.3438110351562
v 34.6607780456543 16.77322769165039 209.9707794189453
v 34.08064651489258 20.9627628326416 406.6170349121094
v 34.66477966308594 22.158287048339844 412.7179260253906
v 33.91609191894531 21.500930786132812 401.15380859375
v 33.97050476074219 23.793474197387695 525.0465698242188
v 33.51306915283203 23.707229614257812 522.7550659179688
v 33.70456314086914 24.6330623626709 532.5497436523438
v 33.860595703125 25.5828857421875 517.6334838867188
v 33.92948913574219 25.6307430267334 515.481689453125
v 33.62971115112305 26.10396957397461 532.26953125
v 33.90294647216797 29.282745361328125 497.46331787109375
v 33.887935638427734 29.536529541015625 517.9901123046875
v 33.66228485107422 29.7851619720459 492.98876953125
v 33.01265335083008 30.97092056274414 491.32763671875
v 33.263572692871094 32.43517303466797 490.78057861328125
v 33.739044189453125 30.767297744750977 489.5885314941406
v 33.52333068847656 31.86151123046875 506.67303466796875
v 34.78497314453125 31.170394897460938 400.38433837890625
v 33.498321533203125 33.10010528564453 501.6626892089844
v 33.64872360229492 33.490020751953125 494.1183166503906
v 34.07626724243164 34.16176223754883 554.91650390625
v 33.64391326904297 35.25309753417969 397.20361328125
v 34.26254653930664 34.37567901611328 550.5841674804688
v 34.74454116821289 36.791717529296875 239.04847717285156
v 34.507415771484375 39.89180374145508 284.5095520019531
v 34.814056396484375 46.62888717651367 253.48048400878906
v 34.36131286621094 50.06247329711914 285.11541748046875
v 34.05336380004883 55.4411735534668 267.52191162109375
v 34.38950729370117 56.215763092041016 278.1081237792969
v 34.48585510253906 56.726497650146484 271.461669921875
v 34.287315368652344 -33.414642333984375 104.6648178100586
v 34.77381134033203 -30.82176971435547 139.44808959960938
v 34.46554183959961 -32.244781494140625 134.3035125732422
v 34.49260711669922 -26.37080192565918 155.28253173828125
v 34.68083190917969 -24.206546783447266 67.72482299804688
v 34.270599365234375 -23.570158004760742 95.64700317382812
v 34.858642578125 -22.739028930664062 70.62091827392578
v 34.531620025634766 -23.69917869567871 165.77183532714844
v 34.489566802978516 -21.958740234375 73.32714080810547
v 34.65242004394531 -20.88221549987793 73.57466888427734
v 34.92321014404297 -20.117387771606445 172.4150390625
v 34.51962661743164 -19.572019577026367 97.61551666259766
v 34.46528625488281 -19.08335304260254 74.13569641113281
v 34.61455535888672 -17.684406280517578 177.17691040039062
v 35.32592010498047 -13.553504943847656 51.782554626464844
v 34.48284912109375 -15.18733024597168 104.87803649902344
v 34.226844787597656 -13.20325756072998 189.88235473632812
v 35.48149108886719 -15.113840103149414 126.98628997802734
v 34.26898956298828 -12.436502456665039 55.422386169433594
v 34.57130813598633 -11.755165100097656 56.52735137939453
v 34.8948860168457 -11.931486129760742 59.781673431396484
v 34.74348068237305 -13.378705024719238 135.1260528564453
v 34.18541717529297 -8.038495063781738 200.27432250976562
v 35.12820816040039 -10.263740539550781 145.7036590576172
v 34.19999694824219 -7.938141345977783 201.2362823486328
v 34.41987991333008 -2.570619821548462 222.958251953125
v 34.299278259277344 -3.7081291675567627 167.76467895507812
v 35.096954345703125 -0.9499718546867371 550.1842041015625
v 34.21287155151367 -0.6333537697792053 546.5919799804688
v 34.43060302734375 -0.10390520095825195 177.8028564453125
v 35.60724639892578 1.3678333759307861 232.4658966064453
v 35.27077102661133 1.0831987857818604 554.9915771484375
v 34.424198150634766 1.7888126373291016 574.7245483398438
v 34.89312744140625 2.208852767944336 576.8751220703125
v 34.81033706665039 3.3028135299682617 551.6810302734375
v 34.884613037109375 4.357288837432861 240.4381866455078
v 35.437713623046875 6.858938217163086 535.939697265625
v 34.46500015258789 8.15051555633545 534.7821044921875
v 35.81386947631836 10.719870567321777 252.26437377929688
v 34.67164611816406 12.266643524169922 203.0692596435547
v 35.05258560180664 10.014368057250977 200.52391052246094
v 38.42314910888672 14.948012351989746 377.3062744140625
v 34.89145278930664 13.816433906555176 205.9721221923828
v 34.804832458496094 14.421910285949707 258.7307434082031
v 34.405548095703125 15.278590202331543 402.7331237792969
v 34.41313171386719 17.33079719543457 410.8085632324219
v 34.83914566040039 18.154146194458008 212.17337036132812
v 35.07163619995117 21.369178771972656 268.6822204589844
v 34.30877685546875 20.678695678710938 401.9373474121094
v 33.8625373840332 21.101306915283203 403.92620849609375
v 37.270103454589844 24.139055252075195 401.7721862792969
v 34.17293167114258 23.716575622558594 532.0856323242188
v 33.945648193359375 26.804412841796875 511.13885498046875
v 34.43119430541992 26.707626342773438 532.1074829101562
v 34.373661041259766 27.917505264282227 506.8179016113281
v 34.44065475463867 27.328645706176758 528.9395751953125
v 34.089115142822266 28.40317153930664 504.1290283203125
v 35.99130630493164 30.24687957763672 279.7706604003906
v 33.8128776550293 30.017818450927734 491.0948791503906
v 34.36616897583008 30.545705795288086 513.6021728515625
v 34.37428665161133 30.787879943847656 510.3749694824219
v 33.928524017333984 31.72909164428711 486.853759765625
v 34.67660903930664 32.774383544921875 231.6096649169922
v 33.76482391357422 32.673980712890625 490.09991455078125
v 34.54878234863281 32.39008331298828 552.2979736328125
v 34.6608772277832 32.506893157958984 553.4779663085938
v 34.25569152832031 33.369022369384766 491.89288330078125
v 33.919158935546875 33.52983093261719 498.0195007324219
v 34.32811737060547 33.690879821777344 399.14208984375
v 35.384010314941406 37.084922790527344 384.2662353515625
v 34.610652923583984 47.95756530761719 285.8948059082031
v 34.3503303527832 52.83744812011719 283.649658203125
v 35.509761810302734 53.85771942138672 262.6095275878906
v 34.6881103515625 55.07868194580078 281.78668212890625
v 35.41558837890625 55.762245178222656 265.8168640136719
v 35.50010681152344 -32.857147216796875 107.99201965332031
v 35.12823486328125 -32.75019836425781 112.4547119140625
v 35.37320327758789 -32.19381332397461 130.95347595214844
v 35.14420700073242 -29.3073673248291 145.0068359375
v 35.72938919067383 -28.85101890563965 99.44317626953125
v 35.11965560913086 -25.683143615722656 157.67727661132812
v 34.874603271484375 -23.91585922241211 63.5593147277832
v 35.075687408447266 -21.557531356811523 169.79193115234375
v 34.894996643066406 -19.098812103271484 174.59188842773438
v 34.98080825805664 -16.578371047973633 179.07229614257812
v 35.01677703857422 -17.318275451660156 100.40579986572266
v 35.60333251953125 -15.171889305114746 51.06388473510742
v 35.0040397644043 -14.940168380737305 182.19927978515625
v 35.268951416015625 -16.34457015991211 103.08588409423828
v 34.691165924072266 -15.146197319030762 108.1917953491211
v 35.27341842651367 -14.668025970458984 123.58808135986328
v 35.464210510253906 -14.787867546081543 125.98036193847656
v 35.9626350402832 -11.775367736816406 51.775726318359375
v 35.14888000488281 -12.525313377380371 62.56528854370117
v 35.34063720703125 -6.439614772796631 156.19964599609375
v 34.49845886230469 -5.577906131744385 208.08119201660156
v 34.8836784362793 -4.43613862991333 161.38650512695312
v 35.05702209472656 -3.190147638320923 215.96730041503906
v 35.6544303894043 2.3506875038146973 556.3153076171875
v 35.175357818603516 3.4689958095550537 238.30784606933594
v 34.81321716308594 2.4126930236816406 184.88197326660156
v 34.5450439453125 4.6146240234375 534.0548706054688
v 34.77336883544922 6.068944931030273 193.15846252441406
v 39.72744369506836 14.3346529006958 378.9359130859375
v 34.99091339111328 16.68401336669922 261.92626953125
v 34.787410736083984 16.258737564086914 405.1238708496094
v 34.98347854614258 16.482004165649414 407.66845703125
v 35.06460952758789 19.41518783569336 214.28225708007812
v 34.53339385986328 21.759613037109375 409.59234619140625
v 35.69781494140625 22.61015510559082 270.5838623046875
v 34.60008239746094 24.034385681152344 522.6773071289062
v 34.625770568847656 23.908571243286133 527.8948974609375
v 34.97885513305664 23.334678649902344 531.0117797851562
v 34.94004440307617 25.931642532348633 222.1874542236328
v 35.68930435180664 27.267526626586914 224.72763061523438
v 34.561241149902344 26.917192459106445 526.5463256835938
v 34.77688217163086 29.404909133911133 493.77978515625
v 34.78629684448242 29.814105987548828 489.9626770019531
v 34.707191467285156 31.97943878173828 506.1866760253906
v 34.07378387451172 31.477783203125 483.9833679199219
v 33.807857513427734 32.371498107910156 484.59405517578125
v 34.97062683105469 32.310054779052734 503.7969665527344
v 34.40514373779297 33.1927490234375 487.4854736328125
v 34.227020263671875 33.451271057128906 485.10772705078125
v 34.4940185546875 33.128173828125 501.5693359375
v 34.99434280395508 33.923667907714844 480.77862548828125
v 34.608917236328125 33.56312561035156 494.86993408203125
v 34.68170166015625 33.36393356323242 550.8916625976562
v 35.407447814941406 34.19414138793945 282.67767333984375
v 36.56623458862305 37.04780197143555 553.19921875
v 36.99662780761719 41.79619216918945 394.1108093261719
v 36.50834655761719 41.49129867553711 247.60659790039062
v 35.085777282714844 41.63783264160156 285.7395324707031
v 35.380226135253906 44.624176025390625 250.94583129882812
v 34.942352294921875 42.80571365356445 285.562744140625
v 35.234100341796875 45.55241012573242 286.6056213378906
v 34.848880767822266 52.013675689697266 260.2786865234375
v 35.39198684692383 -32.95474624633789 120.45292663574219
v 35.4665412902832 -33.14345169067383 125.206787109375
v 35.75659942626953 -32.11589050292969 115.34176635742188
v 35.34930419921875 -31.190654754638672 101.57304382324219
v 35.439002990722656 -28.596057891845703 148.34161376953125
v 35.74884033203125 -23.786243438720703 60.16994094848633
v 35.228302001953125 -21.85500717163086 97.3927993774414
v 35.32011413574219 -20.77924919128418 54.57453536987305
v 35.411338806152344 -17.280763626098633 71.93172454833984
v 35.72770690917969 -14.844547271728516 179.97604370117188
v 35.355735778808594 -16.028648376464844 110.96224975585938
v 34.86759567260742 -14.366142272949219 68.55386352539062
v 35.49592971801758 -13.043128967285156 187.1140594482422
v 36.04007339477539 -13.53825569152832 136.7100067138672
v 35.22712707519531 -11.055251121520996 57.547454833984375
v 35.376285552978516 -12.490952491760254 139.02569580078125
v 35.48234939575195 -2.589148759841919 215.1947021484375
v 36.002132415771484 -4.915946960449219 164.45211791992188
v 36.08468246459961 -0.3807104825973511 226.58457946777344
v 35.63672637939453 -0.5044209361076355 551.8585815429688
v 35.40729522705078 -0.10212524235248566 553.3023071289062
v 36.18288040161133 1.5982658863067627 577.3875122070312
v 35.118099212646484 2.899036169052124 188.46266174316406
v 35.676231384277344 4.132088661193848 555.2960815429688
v 35.401458740234375 3.5549631118774414 190.7808837890625
v 35.93768310546875 7.8984527587890625 246.81459045410156
v 35.453758239746094 8.279114723205566 535.033447265625
v 35.79597854614258 8.494658470153809 248.50552368164062
v 35.344383239746094 7.678921699523926 197.4447784423828
v 35.985443115234375 9.485091209411621 532.8032836914062
v 35.17963790893555 15.729211807250977 399.26141357421875
v 34.948158264160156 17.091276168823242 409.6846008300781
v 35.114479064941406 20.396970748901367 406.2086181640625
v 35.11051940917969 20.346561431884766 400.9956970214844
v 35.23859405517578 20.910457611083984 414.46929931640625
v 35.385128021240234 22.719127655029297 411.4414367675781
v 35.7167854309082 22.01932716369629 217.99124145507812
v 34.849185943603516 26.411762237548828 518.2723388671875
v 35.617286682128906 25.61001968383789 533.7987060546875
v 35.01401901245117 26.456226348876953 513.5294799804688
v 34.95461654663086 27.347532272338867 511.3753967285156
v 34.86930465698242 26.414947509765625 522.3351440429688
v 34.589454650878906 28.91992950439453 518.0293579101562
v 34.97088623046875 28.651752471923828 503.2882080078125
v 35.019569396972656 29.54403305053711 497.8366394042969
v 35.79526901245117 29.545116424560547 228.07855224609375
v 35.028377532958984 30.413461685180664 486.7249450683594
v 34.984535217285156 30.652986526489258 483.66778564453125
v 34.8469352722168 32.472503662109375 480.562744140625
v 35.591796875 32.24909591674805 400.8425598144531
v 34.86072540283203 33.34314727783203 498.04931640625
v 35.93363571166992 34.217403411865234 234.78091430664062
v 37.28374481201172 35.68305587768555 550.2633056640625
v 36.7155876159668 35.30616760253906 554.4027099609375
v 36.12910461425781 35.565834045410156 237.51907348632812
v 36.35742950439453 37.65902328491211 241.5265350341797
v 37.82045364379883 41.80763626098633 396.4790344238281
v 35.72482681274414 39.078983306884766 243.90093994140625
v 35.28323745727539 56.79131317138672 279.9595031738281
v 35.54199981689453 58.065982818603516 275.5791320800781
v 35.996978759765625 58.16368865966797 271.7209777832031
v 35.97685241699219 -32.495784759521484 117.49676513671875
v 35.91596221923828 -31.919498443603516 104.47317504882812
v 36.06678009033203 -31.51142692565918 133.98825073242188
v 36.44199752807617 -26.697662353515625 99.20989990234375
v 36.58867263793945 -23.562572479248047 161.59161376953125
v 37.01105499267578 -23.837358474731445 61.320045471191406
v 36.798248291015625 -22.163888931274414 55.391685485839844
v 35.78632736206055 -22.871849060058594 165.6070098876953
v 36.18000411987305 -20.64916229248047 70.4809341430664
v 36.52522277832031 -19.044450759887695 70.29539489746094
v 35.95110321044922 -16.62078857421875 50.90504837036133
v 36.18169021606445 -19.549448013305664 99.88583374023438
v 36.05341339111328 -15.864532470703125 116.8436050415039
v 35.76530838012695 -13.997554779052734 182.7316131591797
v 36.02317810058594 -15.808083534240723 69.27324676513672
v 36.47406768798828 -15.164066314697266 122.14936828613281
v 36.589088439941406 -12.913412094116211 63.73636245727539
v 36.11365509033203 -10.717780113220215 59.02123260498047
v 36.03380584716797 -10.757906913757324 189.7101287841797
v 35.803646087646484 -9.270484924316406 151.1731719970703
v 36.06499481201172 -5.613533020019531 199.14683532714844
v 35.308258056640625 -6.758321762084961 200.35121154785156
v 35.685455322265625 -4.882848262786865 168.41265869140625
v 35.334354400634766 -3.609652280807495 175.02587890625
v 35.65232467651367 -1.467915415763855 178.21116638183594
v 36.95393371582031 0.6837854981422424 576.9236450195312
v 36.654396057128906 0.6566222906112671 551.4342041015625
v 36.05705642700195 2.3911359310150146 233.9221649169922
v 36.46009063720703 3.1687395572662354 551.8596801757812
v 35.27978515625 3.069052219390869 555.94189453125
v 37.58837127685547 3.9968249797821045 575.3094482421875
v 36.63621520996094 3.3229892253875732 576.2064819335938
v 35.738346099853516 4.049747943878174 553.2050170898438
v 36.049278259277344 5.362534999847412 534.5346069335938
v 35.56770324707031 5.773482799530029 535.9299926757812
v 37.92227554321289 8.927818298339844 385.0903625488281
v 35.6721305847168 6.28003454208374 195.76971435546875
v 36.42802429199219 9.19504451751709 531.3079833984375
v 36.20193099975586 9.25857925415039 201.91038513183594
v 36.29007339477539 13.684252738952637 208.06082153320312
v 35.285282135009766 16.937419891357422 403.0308837890625
v 35.61715316772461 16.94818878173828 406.67010498046875
v 35.636390686035156 17.637187957763672 412.024658203125
v 36.113895416259766 18.582054138183594 413.5291442871094
v 35.62083053588867 19.84149742126465 414.6195983886719
v 35.352386474609375 18.761608123779297 402.5802001953125
v 35.50868225097656 18.84506607055664 401.0270690917969
v 35.94186019897461 21.13542938232422 408.87420654296875
v 36.55636978149414 23.27753257751465 414.06585693359375
v 35.80443572998047 24.00859832763672 530.085205078125
v 36.48415756225586 23.347957611083984 533.0447998046875
v 35.14986038208008 24.536083221435547 527.5565185546875
v 36.36622619628906 24.10848045349121 533.9984130859375
v 36.78438186645508 25.236526489257812 275.0967102050781
v 35.22951126098633 25.11086082458496 524.1790771484375
v 35.09555435180664 25.638063430786133 521.00146484375
v 35.352745056152344 27.149093627929688 515.8336181640625
v 34.95816421508789 27.295005798339844 519.291748046875
v 35.38841247558594 25.701175689697266 527.2770385742188
v 35.29128646850586 27.012622833251953 531.0209350585938
v 35.390018463134766 28.529390335083008 508.07513427734375
v 35.323890686035156 28.444337844848633 506.36029052734375
v 35.38566970825195 28.381816864013672 516.093505859375
v 35.55681610107422 29.04853630065918 503.7181701660156
v 35.378292083740234 29.68776512145996 513.5772094726562
v 35.46694564819336 29.99455451965332 496.7137756347656
v 35.20384979248047 30.064390182495117 510.17181396484375
v 35.36613082885742 31.805431365966797 480.4748840332031
v 35.369449615478516 32.17350387573242 479.1365966796875
v 34.82189178466797 32.96428680419922 478.8874816894531
v 35.47182846069336 32.649818420410156 501.4028625488281
v 36.872337341308594 31.082120895385742 281.2549133300781
v 35.44688415527344 34.34196090698242 476.65771484375
v 35.529911041259766 33.676002502441406 476.4239501953125
v 34.809120178222656 34.216941833496094 479.3017272949219
v 35.18393325805664 34.09612274169922 484.728759765625
v 35.34526443481445 33.566184997558594 488.2506408691406
v 35.436744689941406 33.421302795410156 491.590087890625
v 35.82597732543945 33.31779861450195 493.7398681640625
v 37.24131774902344 34.034629821777344 235.9138946533203
v 35.996150970458984 36.399131774902344 550.81396484375
v 36.11062240600586 37.1179084777832 551.9871826171875
v 36.499019622802734 38.11104202270508 285.2607421875
v 37.000064849853516 40.947940826416016 387.5713195800781
v 37.50145721435547 49.840599060058594 256.20733642578125
v 36.326805114746094 52.39500045776367 259.6252746582031
v 36.042213439941406 53.55192565917969 285.8255920410156
v 37.002586364746094 58.1101188659668 269.2904968261719
v 36.359642028808594 -31.41902732849121 110.94037628173828
v 36.672882080078125 -30.18320083618164 137.571533203125
v 36.21997833251953 -29.752866744995117 141.35659790039062
v 36.640960693359375 -26.389846801757812 152.3507537841797
v 35.9660530090332 -24.449426651000977 98.08405303955078
v 36.761409759521484 -24.71331214904785 155.35040283203125
v 36.1274528503418 -23.34113121032715 67.29920959472656
v 37.02867889404297 -21.855743408203125 68.09748077392578
v 36.266075134277344 -18.342144012451172 51.535552978515625
v 35.9321174621582 -15.952237129211426 176.92654418945312
v 36.37208938598633 -16.955276489257812 105.22940826416016
v 36.13447952270508 -16.429298400878906 108.04074096679688
v 36.618682861328125 -10.102644920349121 52.6498908996582
v 36.75456619262695 -12.344279289245605 143.216552734375
v 35.73843002319336 -7.153716087341309 196.71414184570312
v 35.889190673828125 -4.034207820892334 207.2233123779297
v 36.370018005371094 -5.485398769378662 162.01112365722656
v 36.20726013183594 -2.5602731704711914 211.80413818359375
v 36.358638763427734 -1.6837700605392456 218.49005126953125
v 36.49643325805664 -0.8085505366325378 223.3760528564453
v 36.81414794921875 0.9952496290206909 574.3043823242188
v 36.04720687866211 0.9022047519683838 185.8055419921875
v 36.330413818359375 0.9936190247535706 189.3108673095703
v 36.969032287597656 14.53710651397705 257.85589599609375
v 35.686912536621094 17.065914154052734 399.8547058105469
v 35.69837951660156 18.045839309692383 404.8450927734375
v 36.325904846191406 18.031856536865234 409.1630554199219
v 35.5733528137207 19.44071388244629 405.2740783691406
v 37.72991180419922 21.9733829498291 269.88006591796875
v 36.2491455078125 22.34015655517578 410.4068603515625
v 36.202125549316406 25.115886688232422 529.8533325195312
v 40.24070739746094 29.62187385559082 377.93438720703125
v 35.75749969482422 27.77696990966797 513.3716430664062
v 35.977760314941406 26.299198150634766 530.1364135742188
v 37.3052978515625 26.448457717895508 533.4196166992188
v 35.54389953613281 28.669429779052734 511.316650390625
v 37.02120590209961 28.605228424072266 227.87860107421875
v 38.782230377197266 31.267610549926758 378.5242919921875
v 37.1375846862793 28.364076614379883 402.0507507324219
v 35.539817810058594 29.52212142944336 509.1571044921875
v 35.80504608154297 29.802589416503906 491.12615966796875
v 36.258995056152344 30.043087005615234 493.5364685058594
v 36.00132751464844 30.30518341064453 486.74468994140625
v 35.930198669433594 30.7903995513916 506.43255615234375
v 35.74858093261719 32.72977066040039 495.7533874511719
v 35.61901092529297 32.763587951660156 498.1259460449219
v 36.89624786376953 34.09889221191406 554.1640625
v 35.21004867553711 35.711631774902344 471.4066162109375
v 36.011531829833984 33.65127944946289 469.62225341796875
v 35.19956970214844 34.68839645385742 469.58135986328125
v 35.1463508605957 34.86794662475586 472.3612060546875
v 35.59708023071289 34.20899200439453 473.3867492675781
v 35.86085510253906 35.068939208984375 476.7969055175781
v 36.14009475708008 34.5956916809082 481.2314147949219
v 35.68722915649414 35.723758697509766 474.02056884765625
v 35.704288482666016 35.03447341918945 479.3503723144531
v 35.58839416503906 36.12150192260742 470.7720642089844
v 35.80940628051758 36.438594818115234 468.7289123535156
v 35.6604118347168 35.65309524536133 467.5320129394531
v 38.570457458496094 39.82203674316406 399.6896667480469
v 36.84505844116211 41.66545486450195 390.03375244140625
v 36.54599380493164 39.779701232910156 286.18572998046875
v 36.84122085571289 49.785072326660156 288.2888488769531
v 37.2742805480957 49.202091217041016 255.8491668701172
v 36.173282623291016 52.0003547668457 286.8477783203125
v 35.98281478881836 55.535240173339844 283.8600158691406
v 36.7235221862793 58.78657913208008 277.5120544433594
v 36.68962097167969 -32.3298225402832 122.87455749511719
v 37.203426361083984 -31.417448043823242 120.08433532714844
v 36.985740661621094 -28.58175277709961 101.43080139160156
v 36.99239730834961 -27.72459602355957 147.95790100097656
v 37.86474609375 -23.104827880859375 57.340999603271484
v 36.47235870361328 -23.245349884033203 64.8338394165039
v 36.495059967041016 -21.04950714111328 99.36753845214844
v 36.64067459106445 -20.29644203186035 169.22235107421875
v 36.5390510559082 -18.12819480895996 172.4262237548828
v 37.25021743774414 -18.6805477142334 103.69934844970703
v 36.45881652832031 -17.42316246032715 69.98567199707031
v 37.4119987487793 -16.084760665893555 131.65098571777344
v 36.68321990966797 -14.984183311462402 133.63455200195312
v 36.67903518676758 -12.49526309967041 180.54051208496094
v 36.66607666015625 -12.83268928527832 179.4952392578125
v 37.057579040527344 -11.794110298156738 61.69945526123047
v 37.16166687011719 -11.308073043823242 146.58558654785156
v 36.73566818237305 -9.509734153747559 152.65365600585938
v 37.40015411376953 -8.827925682067871 154.74484252929688
v 36.4027214050293 -5.827657222747803 196.1303253173828
v 36.75751495361328 -6.172683238983154 168.828857421875
v 36.462799072265625 -2.6860158443450928 178.61863708496094
v 37.683170318603516 2.256970167160034 229.76889038085938
v 37.214691162109375 2.136275291442871 552.0023803710938
v 36.67268371582031 2.2191874980926514 574.1148071289062
v 36.32239532470703 2.756377696990967 574.5950317382812
v 36.360347747802734 1.8554679155349731 191.66555786132812
v 36.831092834472656 3.3950154781341553 558.1930541992188
v 36.87386703491211 5.007303237915039 239.23988342285156
v 37.27461242675781 4.777226448059082 555.8148803710938
v 36.56354522705078 3.8907687664031982 195.52113342285156
v 37.81945037841797 6.8378095626831055 532.8854370117188
v 36.63292694091797 6.492056369781494 532.3446655273438
v 38.64487838745117 9.417444229125977 387.3396911621094
v 37.35139846801758 7.443576335906982 531.1351318359375
v 36.62779235839844 7.792969226837158 201.53073120117188
v 36.551063537597656 8.40501880645752 531.0408325195312
v 37.71805191040039 9.615711212158203 249.00006103515625
v 37.52908706665039 9.977747917175293 533.17919921875
v 36.85416030883789 10.981281280517578 206.33920288085938
v 36.65557098388672 12.371183395385742 254.017333984375
v 36.68086624145508 14.61733341217041 210.494873046875
v 36.76534652709961 16.680274963378906 261.29986572265625
v 36.852108001708984 17.892370223999023 214.7263946533203
v 35.9560432434082 18.59456443786621 400.42315673828125
v 36.53250503540039 19.73947525024414 408.5495910644531
v 37.2795524597168 19.384910583496094 217.17282104492188
v 36.42967224121094 21.942472457885742 416.0588073730469
v 36.717498779296875 23.101131439208984 415.48712158203125
v 36.83219528198242 23.29876136779785 532.012451171875
v 36.971309661865234 24.815034866333008 222.7952117919922
v 35.960533142089844 29.40028190612793 506.3299560546875
v 36.014015197753906 29.856307983398438 502.86309814453125
v 36.08610916137695 30.544424057006836 483.6120910644531
v 36.17405319213867 31.14044189453125 495.7967529296875
v 36.10142135620117 30.862085342407227 499.4807434082031
v 37.321044921875 30.29908561706543 402.2448425292969
v 37.74542236328125 32.20927047729492 233.08265686035156
v 36.02750778198242 31.812719345092773 500.939697265625
v 36.06260299682617 33.812889099121094 474.0273132324219
v 36.61899948120117 33.06481170654297 551.9136352539062
v 36.23653030395508 33.3374137878418 489.0029296875
v 35.83651351928711 34.60942077636719 467.72198486328125
v 36.310325622558594 34.025146484375 484.7366027832031
v 35.988258361816406 36.10531997680664 464.8784484863281
v 36.38054656982422 34.88722229003906 464.90667724609375
v 36.661109924316406 36.228511810302734 554.1361083984375
v 36.22282409667969 36.760643005371094 471.8572082519531
v 36.452919006347656 36.23938751220703 473.8882141113281
v 37.59440612792969 42.77091598510742 391.8634338378906
v 36.61371994018555 40.45588684082031 286.1456604003906
v 37.17393112182617 42.719268798828125 287.7416076660156
v 37.952396392822266 42.97716522216797 249.33837890625
v 36.7358283996582 58.02849197387695 281.0309143066406
v 36.5243034362793 58.5641975402832 275.4350280761719
v 37.43120574951172 -31.598962783813477 125.68653869628906
v 36.94313049316406 -31.174423217773438 130.35646057128906
v 37.2907829284668 -30.7523193359375 107.6654281616211
v 37.5145149230957 -29.52389144897461 104.08128356933594
v 37.130401611328125 -28.106916427612305 144.90623474121094
v 36.83412551879883 -23.975162506103516 99.08564758300781
v 37.214534759521484 -24.108871459960938 157.1326904296875
v 37.64199447631836 -23.195932388305664 158.65814208984375
v 37.23879623413086 -21.610347747802734 165.1835174560547
v 37.223812103271484 -20.47748565673828 52.873748779296875
v 36.90251541137695 -17.780550003051758 110.89210510253906
v 36.87227249145508 -16.850975036621094 116.08106994628906
v 37.79105758666992 -16.617830276489258 122.66764831542969
v 36.976524353027344 -14.058846473693848 176.3087921142578
v 38.10782241821289 -13.93236255645752 64.62501525878906
v 37.2655029296875 -13.620901107788086 139.2089080810547
v 37.011573791503906 -11.93283462524414 181.74098205566406
v 37.792842864990234 -11.32602310180664 48.93220138549805
v 37.015907287597656 -10.318394660949707 186.81654357910156
v 37.702110290527344 -9.002792358398438 56.15748977661133
v 36.910919189453125 -6.348826885223389 173.21775817871094
v 36.37641525268555 -5.220492362976074 175.94183349609375
v 36.62627410888672 -3.879290819168091 202.40664672851562
v 36.998199462890625 -1.4596977233886719 210.97216796875
v 37.514442443847656 -0.33911824226379395 214.39486694335938
v 38.0970458984375 1.0139381885528564 224.07289123535156
v 38.14920425415039 0.634941041469574 575.542236328125
v 37.330970764160156 1.1036852598190308 555.5177001953125
v 36.807743072509766 1.3950499296188354 556.3920288085938
v 37.6314811706543 3.0611634254455566 576.7919311523438
v 37.4881477355957 4.413466453552246 236.8712921142578
v 37.34230422973633 4.602077960968018 558.0916137695312
v 37.82345199584961 6.573974609375 241.68972778320312
v 36.927921295166016 8.692902565002441 534.5226440429688
v 37.16340255737305 15.861087799072266 212.8336181640625
v 37.04555130004883 18.040382385253906 411.1307373046875
v 37.14204406738281 18.366500854492188 412.46630859375
v 37.77786636352539 20.798099517822266 267.79632568359375
v 37.198360443115234 20.893659591674805 416.9066467285156
v 38.390350341796875 23.955373764038086 414.1901550292969
v 37.63028335571289 24.177078247070312 531.2149658203125
v 37.89044952392578 25.155181884765625 534.6292114257812
v 37.65302276611328 28.593101501464844 278.9505615234375
v 36.158443450927734 30.623638153076172 502.7507019042969
v 36.52317428588867 30.22681427001953 490.2303466796875
v 36.90910720825195 31.223833084106445 491.7105712890625
v 36.81639862060547 31.716909408569336 493.74566650390625
v 36.628780364990234 31.3122615814209 481.0864562988281
v 36.88054656982422 33.2366828918457 474.4745178222656
v 38.18633270263672 32.05398178100586 282.66156005859375
v 36.55485916137695 32.6127815246582 491.7582092285156
v 36.6515007019043 33.669044494628906 472.3925476074219
v 36.61715316772461 33.81107711791992 467.8309326171875
v 35.743385314941406 36.28879928588867 463.95556640625
v 36.76840591430664 34.58035659790039 463.4335021972656
v 36.87811279296875 35.0467414855957 479.4501037597656
v 37.67844772338867 36.5594596862793 381.8643798828125
v 36.570980072021484 35.591156005859375 461.5138244628906
v 36.851444244384766 35.45737075805664 477.0215759277344
v 38.39535903930664 35.06475067138672 239.0234375
v 36.78651428222656 36.27804946899414 474.8510437011719
v 36.140769958496094 37.25689697265625 459.1473693847656
v 36.098793029785156 36.51844024658203 461.9419250488281
v 36.765342712402344 35.7210693359375 458.7784423828125
v 36.958099365234375 37.67727279663086 465.3041687011719
v 36.71887969970703 37.206695556640625 468.29754638671875
v 36.88733673095703 36.79411315917969 470.74139404296875
v 36.279483795166016 37.700313568115234 463.1069641113281
v 36.60908889770508 38.653053283691406 459.59820556640625
v 37.83905792236328 38.24678039550781 243.89508056640625
v 37.90324783325195 39.679622650146484 384.44183349609375
v 38.01504135131836 46.957523345947266 289.4824523925781
v 38.17022705078125 56.269046783447266 263.8296813964844
v 37.74711227416992 -30.338523864746094 116.77218627929688
v 37.919822692871094 -30.162900924682617 133.2041015625
v 37.672176361083984 -29.70309066772461 115.1180648803711
v 38.01511764526367 -28.185909271240234 142.1951904296875
v 37.28131866455078 -22.55105972290039 65.42467498779297
v 37.578548431396484 -19.392820358276367 51.08357620239258
v 37.5768928527832 -20.71855354309082 102.01178741455078
v 38.540122985839844 -17.55293083190918 66.89552307128906
v 38.63608932495117 -17.641956329345703 48.58407974243164
v 37.52367401123047 -18.219745635986328 107.81685638427734
v 37.31644058227539 -15.580239295959473 173.96534729003906
v 37.34511184692383 -16.172149658203125 125.78428649902344
v 37.4224853515625 -16.60161018371582 126.92952728271484
v 37.64787292480469 -14.865172386169434 48.37968826293945
v 37.85108184814453 -14.876701354980469 136.83950805664062
v 37.69136047363281 -12.764420509338379 48.33832550048828
v 37.755615234375 -10.658757209777832 60.439659118652344
v 38.12514877319336 -8.408190727233887 54.05146789550781
v 37.97064208984375 -8.624072074890137 157.11773681640625
v 37.09832000732422 -6.585448265075684 191.50079345703125
v 37.738162994384766 -7.908487319946289 159.38893127441406
v 37.30070495605469 -7.554553985595703 174.44137573242188
v 36.98948287963867 -6.879258155822754 176.837646484375
v 37.12613296508789 -3.3665988445281982 194.71665954589844
v 37.532657623291016 -6.576696872711182 165.3206329345703
v 37.004337310791016 -3.2143328189849854 197.8706512451172
v 37.04325485229492 -3.3062334060668945 198.94276428222656
v 37.10294723510742 -4.0329484939575195 179.09674072265625
v 37.27306365966797 -1.509281039237976 205.9693603515625
v 37.08218765258789 -1.975389838218689 207.93603515625
v 37.008304595947266 -0.9983944296836853 186.7129669189453
v 37.48530197143555 0.020434193313121796 213.79660034179688
v 37.064735412597656 -1.0762641429901123 190.18736267089844
v 36.953826904296875 0.19150790572166443 192.66099548339844
v 37.96263885498047 1.5752782821655273 554.0142822265625
v 37.42429733276367 2.3820087909698486 558.4238891601562
v 38.11910629272461 4.519567489624023 555.364501953125
v 37.95939636230469 8.54983901977539 245.74429321289062
v 38.43968963623047 7.804005146026611 533.4346313476562
v 38.34430694580078 8.491325378417969 533.7406616210938
v 37.47467041015625 7.1024394035339355 203.1504669189453
v 37.40416717529297 10.611008644104004 530.8228149414062
v 38.34252166748047 11.721109390258789 251.65017700195312
v 45.34794616699219 22.838340759277344 379.38543701171875
v 37.97200012207031 19.15768814086914 411.02294921875
v 38.73482894897461 22.486282348632812 411.9082946777344
v 38.207088470458984 22.619335174560547 534.7426147460938
v 37.284976959228516 24.53870964050293 534.6051635742188
v 38.5302848815918 25.448040008544922 531.8348388671875
v 38.153202056884766 26.184282302856445 532.3416748046875
v 36.92426300048828 30.984304428100586 483.7866516113281
v 37.39109420776367 32.26204299926758 478.8890380859375
v 37.0562858581543 32.99282455444336 487.55877685546875
v 37.560916900634766 33.33686065673828 469.6138000488281
v 37.07355499267578 33.620994567871094 484.21661376953125
v 37.91202163696289 34.99313735961914 284.3477478027344
v 37.42573928833008 34.41267776489258 480.33221435546875
v 37.275657653808594 34.089599609375 465.44964599609375
v 38.20627212524414 35.00025939941406 550.2779541015625
v 40.5607795715332 38.501163482666016 402.1321105957031
v 37.07054901123047 36.63096237182617 456.9440612792969
v 37.049015045166016 37.821529388427734 456.70477294921875
v 38.242855072021484 36.829383850097656 550.7864990234375
v 37.022491455078125 38.43315124511719 463.58575439453125
v 38.037166595458984 40.942474365234375 397.99810791015625
v 37.94346618652344 45.10693359375 251.2759246826172
v 38.37311935424805 52.32264709472656 258.4979553222656
v 37.54847717285156 56.25627517700195 286.78509521484375
v 38.06687545776367 59.053890228271484 283.9133605957031
v 37.95515441894531 59.69803237915039 273.1426086425781
v 37.86168670654297 59.50253677368164 278.6709289550781
v 38.27363204956055 -30.735626220703125 122.72862243652344
v 38.27167510986328 -30.045696258544922 119.55957794189453
v 37.52217102050781 -29.679349899291992 110.93973541259766
v 37.70962905883789 -26.278104782104492 101.44398498535156
v 38.00719451904297 -25.278522491455078 151.97544860839844
v 38.4710578918457 -23.149147033691406 62.68805694580078
v 37.94828414916992 -18.602699279785156 168.86915588378906
v 38.01496505737305 -15.18752384185791 171.6983184814453
v 38.02180480957031 -16.747074127197266 121.85356903076172
v 37.234458923339844 -10.487903594970703 178.80230712890625
v 37.66169738769531 -10.955857276916504 175.50953674316406
v 37.83780288696289 -8.9066162109375 180.95005798339844
v 37.469032287597656 -9.500480651855469 185.1455535888672
v 38.61875915527344 -12.575536727905273 147.2549285888672
v 38.011478424072266 -11.26663589477539 152.1785430908203
v 37.299156188964844 -8.62442684173584 177.7067108154297
v 38.0914421081543 -7.3073039054870605 162.8558807373047
v 37.93075942993164 -8.46835708618164 169.6200408935547
v 37.64558029174805 -6.046830177307129 179.46096801757812
v 37.269371032714844 -4.525818824768066 192.08273315429688
v 37.19193649291992 -2.2239599227905273 192.5053253173828
v 37.44784927368164 -1.2868367433547974 198.0159149169922
v 37.35689163208008 0.4916600286960602 196.5586700439453
v 37.7988166809082 -0.30051466822624207 206.67626953125
v 37.4437255859375 -2.3021769523620605 187.86801147460938
v 37.93804168701172 0.5410871505737305 210.2640380859375
v 37.70211410522461 0.011520393192768097 218.89012145996094
v 38.8740348815918 2.5025665760040283 576.7505493164062
v 37.196922302246094 2.5229058265686035 196.89732360839844
v 37.933677673339844 3.6298775672912598 232.8718719482422
v 38.164283752441406 3.481161117553711 554.09814453125
v 38.32590866088867 3.726086378097534 573.4432373046875
v 37.766666412353516 4.921894073486328 202.80459594726562
v 39.435359954833984 10.641148567199707 390.7637634277344
v 37.66708755493164 9.398664474487305 529.4175415039062
v 38.8892822265625 11.376965522766113 528.1632690429688
v 37.715980529785156 10.718901634216309 531.83349609375
v 47.81425857543945 18.46706199645996 384.6737060546875
v 38.276920318603516 11.777848243713379 210.85630798339844
v 38.62456512451172 16.983230590820312 260.5936584472656
v 38.24060821533203 19.750247955322266 416.6750183105469
v 44.3895378112793 24.27994155883789 378.5580749511719
v 39.249664306640625 22.077327728271484 401.4320373535156
v 38.47441482543945 21.151981353759766 410.9768371582031
v 39.49577331542969 23.84944725036621 414.14544677734375
v 38.521175384521484 23.29226303100586 418.55255126953125
v 39.02069854736328 21.76307487487793 533.659423828125
v 38.468570709228516 22.585983276367188 222.2309112548828
v 38.502647399902344 26.274757385253906 226.5780792236328
v 40.15831756591797 27.256671905517578 278.1307678222656
v 38.67432403564453 26.44173240661621 402.4170227050781
v 37.356040954589844 31.550649642944336 486.74603271484375
v 37.69163513183594 32.07941818237305 482.555908203125
v 37.4442024230957 31.821313858032227 480.5691223144531
v 37.36083984375 32.22245407104492 487.5511779785156
v 37.65791320800781 32.95088577270508 475.9394226074219
v 39.09090805053711 33.94807052612305 552.7811889648438
v 37.59132385253906 33.636009216308594 468.4884948730469
v 37.54581832885742 33.951866149902344 472.4632263183594
v 37.539920806884766 32.97820281982422 483.8530578613281
v 38.740150451660156 34.78070068359375 380.1277160644531
v 37.816688537597656 35.04473114013672 460.5957946777344
v 38.16920471191406 34.94294738769531 458.6890869140625
v 37.72777557373047 35.88216781616211 475.4948425292969
v 37.4150505065918 35.63588333129883 457.6627197265625
v 37.98961639404297 36.58292770385742 470.5467224121094
v 37.191375732421875 37.76751708984375 454.1752624511719
v 37.65656280517578 37.327205657958984 468.3460388183594
v 38.60042953491211 37.30231857299805 551.9287719726562
v 37.59600830078125 39.066612243652344 454.4258117675781
v 37.807796478271484 39.12606430053711 456.78851318359375
v 37.59028244018555 39.314002990722656 459.45281982421875
v 38.12665557861328 39.04436492919922 286.54180908203125
v 38.84014129638672 40.24449157714844 247.00938415527344
v 39.874061584472656 45.34468460083008 387.3147277832031
v 37.99649429321289 53.39283752441406 289.2100524902344
v 39.58440017700195 58.728965759277344 267.4408264160156
v 38.475685119628906 -30.526742935180664 125.3653793334961
v 38.01961898803711 -30.244504928588867 129.39450073242188
v 38.31339645385742 -28.860740661621094 107.4827880859375
v 38.39054489135742 -28.70444679260254 136.91485595703125
v 38.47031784057617 -26.3450870513916 147.87393188476562
v 38.07023620605469 -23.49952507019043 101.81706237792969
v 38.39775848388672 -22.620803833007812 155.3145751953125
v 40.03366470336914 -22.911148071289062 58.71311569213867
v 38.429534912109375 -21.27359390258789 161.8534698486328
v 38.1198844909668 -21.086345672607422 66.35836029052734
v 39.205650329589844 -21.72896957397461 53.92987060546875
v 37.96846008300781 -19.67876625061035 110.93526458740234
v 38.2481689453125 -19.305150985717773 115.37821197509766
v 38.71415710449219 -16.670896530151367 134.53607177734375
v 38.37279510498047 -16.1473388671875 66.57313537597656
v 38.088645935058594 -13.548707962036133 172.99490356445312
v 38.56915283203125 -13.992020606994629 143.3845672607422
v 39.374595642089844 -9.642355918884277 47.67184829711914
v 40.73997497558594 -7.69426965713501 56.85410690307617
v 37.6062126159668 -9.340862274169922 175.16880798339844
v 39.785072326660156 -8.457015037536621 48.9096565246582
v 38.6528434753418 -11.12551498413086 154.3567352294922
v 37.85830307006836 -7.515660285949707 184.8070831298828
v 38.03451156616211 -9.309027671813965 172.24639892578125
v 37.677738189697266 -4.892067909240723 188.8461456298828
v 37.77107238769531 -4.906440258026123 183.20314025878906
v 38.00861358642578 1.6088606119155884 204.41319274902344
v 38.90391159057617 1.1128088235855103 574.4153442382812
v 38.55891418457031 1.7611020803451538 555.7597045898438
v 38.537044525146484 1.8439480066299438 558.0171508789062
v 38.51328659057617 2.1396148204803467 573.4212646484375
v 37.9460334777832 3.5421500205993652 560.7283935546875
v 38.25468444824219 4.60914421081543 561.700927734375
v 38.127532958984375 5.058588027954102 204.39459228515625
v 38.332149505615234 8.253935813903809 529.6050415039062
v 37.96699905395508 8.152353286743164 206.70181274414062
v 39.12620544433594 9.702202796936035 532.9104614257812
v 38.43648147583008 9.408370018005371 209.4763641357422
v 38.965789794921875 10.594340324401855 249.22361755371094
v 38.405487060546875 13.809328079223633 213.21925354003906
v 41.115169525146484 19.14388084411621 399.8910827636719
v 38.64720153808594 17.904403686523438 217.8170928955078
v 38.28622817993164 18.69828224182129 413.9612731933594
v 38.13549041748047 19.998058319091797 410.734619140625
v 38.19763946533203 22.30835723876953 418.7068786621094
v 39.05147171020508 24.129976272583008 417.5938720703125
v 38.80411148071289 24.514022827148438 274.5790100097656
v 39.959625244140625 28.52155303955078 279.6934509277344
v 38.903419494628906 30.6376953125 232.30091857910156
v 38.00675964355469 32.8060302734375 480.1219482421875
v 38.240203857421875 33.94792556762695 466.2673645019531
v 37.91460418701172 33.958404541015625 479.5718688964844
v 38.73160934448242 34.100242614746094 550.9053955078125
v 38.85832595825195 33.7410774230957 551.8362426757812
v 39.09538269042969 34.19887161254883 238.15345764160156
v 38.22200012207031 34.12986755371094 464.1138916015625
v 38.2918701171875 35.10248565673828 475.6436767578125
v 37.85554504394531 36.472496032714844 452.677978515625
v 38.29694366455078 35.561737060546875 454.62298583984375
v 37.913360595703125 35.87541580200195 472.71319580078125
v 37.83720397949219 38.00009536743164 452.29559326171875
v 38.87232208251953 36.4561767578125 241.7738037109375
v 38.60844421386719 38.71514892578125 463.595703125
v 39.150699615478516 37.143619537353516 286.2845153808594
v 38.347015380859375 41.07099151611328 287.9237060546875
v 40.001182556152344 43.70961380004883 384.0074768066406
v 39.63675308227539 44.699134826660156 251.0891571044922
v 37.912818908691406 53.99296569824219 261.0254211425781
v 39.02956771850586 59.76963424682617 270.5727233886719
v 38.348609924316406 59.68496322631836 273.6857604980469
v 38.635318756103516 60.16741943359375 275.1041564941406
v 38.30165100097656 -27.883329391479492 110.93608856201172
v 38.77104949951172 -27.25412940979004 114.8990707397461
v 38.53707504272461 -27.032432556152344 104.40249633789062
v 39.182952880859375 -25.9826717376709 144.5484161376953
v 38.80122756958008 -24.79998779296875 104.14945220947266
v 38.9655647277832 -21.794336318969727 156.44590759277344
v 38.702964782714844 -22.560453414916992 104.25131225585938
v 38.43355941772461 -20.638240814208984 105.23291778564453
v 38.96906661987305 -19.31072235107422 164.28579711914062
v 39.07587814331055 -20.922122955322266 51.94736099243164
v 38.611656188964844 -18.95684814453125 66.88956451416016
v 38.36967086791992 -19.9776611328125 108.2868423461914
v 38.23655700683594 -18.092409133911133 118.08377075195312
v 38.48675537109375 -17.77851104736328 126.9833755493164
v 39.15653610229492 -18.265565872192383 125.73041534423828
v 38.962425231933594 -16.900854110717773 168.01507568359375
v 38.799739837646484 -15.239607810974121 139.15927124023438
v 38.55641174316406 -11.499692916870117 170.63916015625
v 39.601375579833984 -7.669649600982666 51.62541580200195
v 38.81623077392578 -8.794634819030762 166.102294921875
v 38.31966018676758 2.7013065814971924 205.32899475097656
v 38.74580764770508 1.6535966396331787 218.43919372558594
v 38.46729278564453 2.5563125610351562 208.9541778564453
v 38.76066589355469 3.3043718338012695 212.53785705566406
v 39.672882080078125 5.388335704803467 573.4880981445312
v 39.42431640625 7.031240463256836 239.158447265625
v 38.25140380859375 5.2044806480407715 558.4093627929688
v 38.57686996459961 5.324714183807373 207.8159942626953
v 39.50155258178711 10.612800598144531 527.355712890625
v 39.016456604003906 12.068904876708984 528.6221313476562
v 39.148338317871094 13.143388748168945 252.7443389892578
v 39.611080169677734 15.082779884338379 256.3280029296875
v 38.77605438232422 15.244372367858887 215.33360290527344
v 46.12144088745117 21.459115982055664 380.4210205078125
v 41.631072998046875 20.801494598388672 400.77130126953125
v 39.08694076538086 19.08606719970703 413.0829772949219
v 39.916568756103516 20.809707641601562 420.1619567871094
v 39.52783203125 21.630586624145508 420.3893127441406
v 40.05223846435547 22.095773696899414 532.8048095703125
v 40.30046463012695 22.276317596435547 536.3397827148438
v 38.80915069580078 24.48064422607422 531.6407470703125
v 38.834171295166016 25.7624568939209 533.4039916992188
v 39.24200439453125 27.06593894958496 228.61920166015625
v 39.028594970703125 28.936349868774414 402.947265625
v 38.33189392089844 33.72231674194336 476.42608642578125
v 38.930538177490234 34.311767578125 467.43487548828125
v 39.820640563964844 33.49345779418945 284.1711730957031
v 38.46900939941406 34.24833297729492 470.6412658691406
v 38.43107604980469 34.677772521972656 475.1831359863281
v 38.18144607543945 34.89275360107422 472.4985046386719
v 39.26168441772461 35.21882247924805 553.6414794921875
v 42.512855529785156 36.375518798828125 552.6018676757812
v 39.68232727050781 37.04429244995117 552.5166625976562
v 38.744720458984375 37.70265197753906 465.26068115234375
v 38.54713439941406 39.084014892578125 452.2840270996094
v 39.12626647949219 38.935420989990234 461.1242370605469
v 39.29314422607422 39.554710388183594 459.2578430175781
v 38.56264877319336 39.991615295410156 455.02728271484375
v 39.85328674316406 44.60606002807617 385.53948974609375
v 41.56417465209961 46.86829376220703 392.4759521484375
v 40.46665954589844 46.31658935546875 390.2151184082031
v 39.617252349853516 45.381370544433594 290.4039306640625
v 39.89262390136719 48.48453903198242 254.71475219726562
v 39.312644958496094 50.0731201171875 291.08544921875
v 38.75489807128906 55.620758056640625 288.9327392578125
v 38.57523727416992 57.90092849731445 286.7604064941406
v 39.363948822021484 61.03376388549805 280.928466796875
v 39.04519271850586 -28.887454986572266 129.07223510742188
v 38.96783447265625 -28.463558197021484 117.76889038085938
v 39.278079986572266 -28.340557098388672 133.25128173828125
v 39.00198745727539 -26.694374084472656 107.43231201171875
v 38.88747787475586 -25.313730239868164 110.96507263183594
v 39.241634368896484 -23.997390747070312 151.30458068847656
v 39.38985824584961 -21.747777938842773 64.21540832519531
v 39.33723068237305 -20.61286163330078 158.2007293701172
v 39.03411102294922 -22.07646942138672 107.61430358886719
v 38.756412506103516 -22.130138397216797 110.94422912597656
v 38.86274337768555 -21.889867782592773 112.30827331542969
v 39.14013671875 -22.379981994628906 114.90115356445312
v 39.9813117980957 -19.713436126708984 49.576419830322266
v 39.09073257446289 -19.660001754760742 118.2069091796875
v 39.136898040771484 -18.412418365478516 121.52677154541016
v 38.47736358642578 -16.876859664916992 47.6025505065918
v 39.16577911376953 -17.967323303222656 132.96884155273438
v 39.229164123535156 -15.572113990783691 168.2111358642578
v 39.20076370239258 -12.93815803527832 45.77176284790039
v 39.5854606628418 -13.592781066894531 167.66162109375
v 39.32805252075195 -12.82665729522705 62.964900970458984
v 39.549747467041016 -11.008931159973145 61.300384521484375
v 39.36868667602539 -11.115375518798828 156.7247314453125
v 41.602874755859375 -8.263938903808594 58.199012756347656
v 39.397605895996094 -10.64714241027832 166.72512817382812
v 39.082515716552734 -9.95742130279541 159.9614715576172
v 39.551231384277344 -7.807687282562256 55.90513610839844
v 39.53596496582031 3.021242380142212 222.77684020996094
v 39.52339172363281 3.4888598918914795 217.3842315673828
v 40.50881576538086 2.901257276535034 576.0997314453125
v 39.03303527832031 3.455566883087158 212.9080047607422
v 39.264503479003906 2.610225200653076 561.4373168945312
v 39.4366340637207 4.197601318359375 228.87989807128906
v 38.78202819824219 3.2980058193206787 562.6304931640625
v 39.80939483642578 3.844770908355713 576.2278442382812
v 39.5081672668457 5.004047393798828 231.5941619873047
v 39.2520866394043 4.51739501953125 556.8211059570312
v 38.91421890258789 4.273263454437256 566.3948974609375
v 39.8205680847168 6.266627311706543 235.66725158691406
v 40.18914794921875 5.3321919441223145 574.7195434570312
v 38.999961853027344 5.274572372436523 566.0755004882812
v 39.22661209106445 5.395943641662598 558.7618408203125
v 38.820526123046875 5.497443199157715 561.142333984375
v 39.74382019042969 7.995840072631836 530.2232055664062
v 39.77411651611328 9.77431583404541 245.53736877441406
v 39.366790771484375 11.668334007263184 530.7337646484375
v 40.002803802490234 19.533363342285156 416.3156433105469
v 39.24822998046875 20.191883087158203 411.84326171875
v 40.181480407714844 24.586761474609375 227.09170532226562
v 39.753326416015625 25.368562698364258 534.1661376953125
v 40.21308517456055 32.084815979003906 236.37318420410156
v 40.30194091796875 35.751991271972656 402.76361083984375
v 39.600311279296875 35.08103561401367 459.27581787109375
v 39.183143615722656 35.21045684814453 460.6271667480469
v 39.364356994628906 36.191551208496094 467.5025634765625
v 39.417327880859375 35.16130828857422 452.27532958984375
v 40.25246810913086 36.85295867919922 244.04249572753906
v 39.26789855957031 38.14543914794922 382.0730895996094
v 39.51862335205078 39.73129653930664 457.20550537109375
v 39.8380126953125 42.377952575683594 398.4986572265625
v 39.11811065673828 54.050045013427734 290.1048889160156
v 39.02838134765625 59.84149932861328 284.4166564941406
v 39.3923225402832 60.65298080444336 276.70123291015625
v 39.86046600341797 -28.273757934570312 125.01860046386719
v 39.41999053955078 -28.54783058166504 121.06490325927734
v 39.61056900024414 -27.01695442199707 136.35670471191406
v 39.568843841552734 -26.24504852294922 141.90606689453125
v 39.659584045410156 -26.868873596191406 119.05748748779297
v 39.268089294433594 -24.33149528503418 107.5196533203125
v 39.21920394897461 -24.660978317260742 114.87744140625
v 39.87628173828125 -24.35658836364746 147.5745391845703
v 39.81034469604492 -22.53814697265625 151.7965850830078
v 40.67140579223633 -22.098787307739258 55.020198822021484
v 40.52690505981445 -21.741943359375 62.42665481567383
v 40.317501068115234 -20.243045806884766 64.38549041748047
v 39.43077087402344 -20.432775497436523 155.0076446533203
v 39.65937805175781 -21.364259719848633 118.27472686767578
v 39.872432708740234 -20.33547592163086 126.91035461425781
v 39.780147552490234 -19.627134323120117 48.582271575927734
v 39.783504486083984 -19.898239135742188 121.2669448852539
v 39.80340576171875 -17.44215202331543 137.1141357421875
v 39.6327018737793 -15.023594856262207 45.30689239501953
v 39.33116912841797 -14.27810001373291 64.18824005126953
v 39.80293273925781 -14.148876190185547 148.4147491455078
v 39.35873031616211 -13.629934310913086 152.97850036621094
v 39.53444290161133 -12.703167915344238 155.0908966064453
v 39.40088653564453 -10.888178825378418 46.34148406982422
v 39.58428192138672 -10.270788192749023 163.76490783691406
v 40.75139617919922 2.2312512397766113 575.5205688476562
v 39.50639724731445 1.7933350801467896 573.4775390625
v 39.675941467285156 2.9687652587890625 556.7326049804688
v 40.012264251708984 2.940887451171875 572.1295166015625
v 40.420326232910156 4.2519211769104 558.2286376953125
v 39.335350036621094 4.300374507904053 572.2857055664062
v 39.06928634643555 5.6947245597839355 211.40292358398438
v 39.244197845458984 3.3221192359924316 566.2064819335938
v 38.922733306884766 7.745885848999023 210.41802978515625
v 39.50475311279297 6.128102779388428 564.7222900390625
v 40.44380569458008 9.831042289733887 527.57373046875
v 39.48789596557617 11.365991592407227 214.1965789794922
v 45.10640335083008 14.876150131225586 391.10260009765625
v 40.98817825317383 11.890984535217285 530.2185668945312
v 43.639793395996094 14.446094512939453 384.2117919921875
v 39.593048095703125 12.430131912231445 214.8671875
v 39.96181869506836 12.52163314819336 529.787109375
v 38.8951530456543 16.813392639160156 547.798828125
v 38.555721282958984 17.2551212310791 550.7598876953125
v 39.56245422363281 15.804505348205566 547.8677368164062
v 39.17538833618164 16.259183883666992 551.2367553710938
v 39.49557876586914 16.950458526611328 542.906005859375
v 38.77088928222656 17.397985458374023 545.5913696289062
v 38.879947662353516 16.269515991210938 545.7570190429688
v 39.28376007080078 18.153352737426758 554.20751953125
v 38.68834686279297 18.08148765563965 550.1190185546875
v 39.266693115234375 18.324764251708984 545.4867553710938
v 39.383243560791016 18.277620315551758 548.42578125
v 39.30215072631836 18.700353622436523 549.4248657226562
v 39.1433219909668 18.840579986572266 552.9627685546875
v 39.76402282714844 19.552026748657227 552.5281982421875
v 40.18489074707031 20.475082397460938 266.321044921875
v 40.016536712646484 21.005306243896484 223.22154235839844
v 40.64418029785156 21.45043182373047 268.2964172363281
v 39.67110824584961 23.01567268371582 420.35821533203125
v 39.7140007019043 23.397119522094727 532.0384521484375
v 40.67119598388672 24.0231990814209 273.92218017578125
v 39.86704635620117 24.29654884338379 416.8983154296875
v 41.96232604980469 27.5728759765625 377.7302551269531
v 40.389617919921875 27.756649017333984 403.2289733886719
v 39.16267013549805 34.539024353027344 464.9004821777344
v 39.54533767700195 35.21175003051758 466.35211181640625
v 39.820308685302734 34.88016891479492 456.9690856933594
v 40.27984619140625 35.00657653808594 550.281494140625
v 40.8363151550293 36.48042297363281 380.43255615234375
v 40.569793701171875 34.76896286010742 449.9156188964844
v 40.136016845703125 35.881195068359375 550.3397216796875
v 40.1009635925293 36.72688674926758 550.8980712890625
v 40.54204559326172 35.7608642578125 448.7419128417969
v 39.3978271484375 37.192100524902344 465.08709716796875
v 40.08823776245117 37.30010986328125 286.50927734375
v 39.56367492675781 38.591922760009766 462.3628234863281
v 40.271053314208984 39.99864959716797 288.55303955078125
v 39.55606460571289 39.949684143066406 453.2929992675781
v 41.41041564941406 40.78908157348633 248.6068115234375
v 42.45372009277344 46.979915618896484 393.97247314453125
v 41.50333786010742 51.34173583984375 256.8428649902344
v 39.9301872253418 52.104976654052734 257.804931640625
v 39.72048568725586 51.97514343261719 291.19268798828125
v 39.883365631103516 53.87319564819336 259.9869384765625
v 40.22349548339844 60.48899459838867 272.37530517578125
v 39.764381408691406 -27.69183349609375 127.82102966308594
v 39.957759857177734 -24.981464385986328 118.59129333496094
v 40.209442138671875 -25.141887664794922 141.1732177734375
v 40.53007888793945 -21.08076286315918 150.88792419433594
v 40.04152297973633 -18.912839889526367 156.01377868652344
v 39.77663803100586 -18.94919776916504 160.56561279296875
v 41.11686325073242 -17.476057052612305 64.1637954711914
v 39.85054397583008 -19.16548728942871 133.43771362304688
v 39.80771255493164 -17.3619441986084 163.28765869140625
v 39.946380615234375 -15.407695770263672 165.02125549316406
v 40.26473617553711 -17.176942825317383 45.47373580932617
v 40.15725326538086 -17.060224533081055 140.4651641845703
v 39.977439880371094 -16.33500862121582 143.05865478515625
v 40.25999069213867 -15.803404808044434 64.51428985595703
v 40.226600646972656 -15.570751190185547 150.92596435546875
v 40.05278015136719 -12.815025329589844 157.73109436035156
v 40.08781051635742 2.403329372406006 560.2694702148438
v 40.320465087890625 5.390841007232666 227.7408447265625
v 40.10678482055664 2.721888542175293 565.6885375976562
v 39.695106506347656 3.955122232437134 567.8319702148438
v 40.32951736450195 3.0242843627929688 567.7119140625
v 39.97118377685547 5.197803974151611 216.85203552246094
v 40.08027648925781 5.155674457550049 558.899169921875
v 40.04322052001953 5.449460983276367 567.7943725585938
v 40.15148162841797 6.880174160003662 215.97174072265625
v 40.08210754394531 8.768935203552246 215.15525817871094
v 40.1070671081543 8.39352798461914 531.4898681640625
v 40.47723388671875 9.315682411193848 531.5650634765625
v 41.04466247558594 12.915266036987305 249.94862365722656
v 39.86649703979492 15.798442840576172 218.47341918945312
v 40.50659942626953 17.388744354248047 259.3424072265625
v 39.772705078125 15.378232955932617 545.7949829101562
v 39.80904769897461 17.63442611694336 542.051025390625
v 40.87260055541992 21.3664493560791 557.0447387695312
v 40.6109733581543 20.385469436645508 413.9820861816406
v 40.83005905151367 20.101701736450195 419.3265686035156
v 40.67192459106445 21.286649703979492 413.4219055175781
v 39.87194061279297 20.622852325439453 534.6076049804688
v 39.58574295043945 21.463560104370117 535.7431030273438
v 40.312015533447266 23.13832664489746 413.83868408203125
v 41.3127555847168 24.179643630981445 421.17327880859375
v 40.36595153808594 23.871788024902344 535.7085571289062
v 40.2325553894043 24.569133758544922 532.4949951171875
v 41.062923431396484 25.24432373046875 402.68536376953125
v 40.48421859741211 30.42472267150879 234.00868225097656
v 41.43578338623047 30.14913558959961 281.9292907714844
v 41.341270446777344 32.94805908203125 403.6019287109375
v 40.94523620605469 33.62568664550781 379.02801513671875
v 40.92122268676758 33.93441390991211 552.153076171875
v 40.94529342651367 34.1505012512207 284.7366943359375
v 42.89352798461914 34.185142517089844 552.351806640625
v 40.22628402709961 35.83473205566406 462.15576171875
v 39.75758743286133 35.34063720703125 464.3272399902344
v 40.411842346191406 35.32854461669922 454.389404296875
v 40.48968505859375 35.274723052978516 241.9258575439453
v 39.96962356567383 36.29340362548828 464.3036193847656
v 41.722225189208984 35.52167510986328 286.2041320800781
v 41.1573371887207 38.71149826049805 246.9226837158203
v 40.01654052734375 37.402793884277344 463.8181457519531
v 41.086395263671875 41.661277770996094 400.353271484375
v 40.42243576049805 39.99421691894531 455.8192443847656
v 40.63153839111328 42.58953857421875 382.02593994140625
v 41.371368408203125 43.09143829345703 290.69085693359375
v 40.6032600402832 49.38961410522461 255.2466583251953
v 40.689334869384766 59.45191192626953 290.33782958984375
v 40.28105163574219 60.5432243347168 271.61834716796875
v 39.976444244384766 61.39443588256836 282.3682556152344
v 40.187896728515625 -26.92083168029785 121.91358947753906
v 40.10234069824219 -26.62526512145996 132.31491088867188
v 40.26850891113281 -26.039714813232422 127.76066589355469
v 40.314735412597656 -23.829723358154297 144.0507354736328
v 39.99860763549805 -23.033924102783203 118.90546417236328
v 40.325714111328125 -21.88724136352539 121.06932067871094
v 40.72996520996094 -21.911373138427734 53.55283737182617
v 41.46090316772461 -20.916221618652344 50.68376541137695
v 40.238014221191406 -20.589807510375977 125.82984924316406
v 39.926063537597656 -18.49179458618164 154.48681640625
v 40.257938385009766 -17.594079971313477 157.12806701660156
v 39.95946502685547 -15.956270217895508 153.8224639892578
v 40.16699981689453 -15.629778861999512 154.914306640625
v 40.251068115234375 -14.705772399902344 156.4695281982422
v 40.05241394042969 -12.980727195739746 164.3035125732422
v 40.331687927246094 -7.975156784057617 48.310733795166016
v 41.2724494934082 -6.738303184509277 53.730892181396484
v 41.19409942626953 2.0914480686187744 574.1214599609375
v 40.83516311645508 3.052764654159546 559.6994018554688
v 40.58230972290039 5.327089786529541 222.02906799316406
v 39.9091911315918 3.8356268405914307 569.998779296875
v 40.344017028808594 3.2384068965911865 570.2628173828125
v 39.81190872192383 4.7892045974731445 569.7376708984375
v 41.25294494628906 5.1945343017578125 574.7098388671875
v 40.20881652832031 5.613814353942871 569.345458984375
v 40.25795364379883 6.416048526763916 563.9509887695312
v 40.863502502441406 8.132469177246094 237.46524047851562
v 41.33795928955078 10.637089729309082 530.4259033203125
v 41.470619201660156 12.093424797058105 247.73428344726562
v 40.55464553833008 12.299392700195312 524.7201538085938
v 40.11954116821289 13.301916122436523 526.5491943359375
v 41.16612243652344 13.673819541931152 527.8235473632812
v 40.2307014465332 15.805927276611328 551.084228515625
v 40.654327392578125 15.564484596252441 547.8504638671875
v 40.300048828125 15.897456169128418 542.336181640625
v 40.71958923339844 16.884166717529297 554.2655029296875
v 40.228389739990234 17.19045066833496 540.358154296875
v 40.09897994995117 17.478418350219727 554.7129516601562
v 40.07924270629883 18.27864646911621 541.490966796875
v 40.38563537597656 18.60291862487793 543.3328857421875
v 40.589141845703125 18.921489715576172 544.91845703125
v 40.31074523925781 18.713361740112305 548.453857421875
v 40.93027877807617 19.950544357299805 224.0889434814453
v 40.94377517700195 21.81940269470215 556.1814575195312
v 40.6059684753418 20.80701446533203 533.5343017578125
v 40.48766326904297 21.989723205566406 422.593994140625
v 40.659847259521484 22.148834228515625 413.5037841796875
v 40.63860321044922 23.01521873474121 422.4170227050781
v 43.37703323364258 25.79999351501465 378.04351806640625
v 42.257450103759766 32.17855453491211 378.4573059082031
v 41.33720397949219 32.897300720214844 239.8133087158203
v 40.585716247558594 34.04249572753906 550.9950561523438
v 40.03273391723633 36.148399353027344 460.8594665527344
v 40.92961120605469 37.442989349365234 448.5811767578125
v 40.37324142456055 37.478702545166016 462.17291259765625
v 40.25358581542969 37.2875862121582 460.98382568359375
v 41.72981643676758 38.40158462524414 449.0867004394531
v 40.6690673828125 47.09204864501953 385.2204284667969
v 40.573246002197266 48.16910934448242 291.903076171875
v 41.439125061035156 59.2337646484375 292.32757568359375
v 42.14714813232422 60.84206008911133 270.2571105957031
v 41.58428955078125 61.90657043457031 289.5262451171875
v 42.02264404296875 63.095943450927734 288.0071105957031
v 41.51429748535156 62.70264434814453 280.0806579589844
v 40.676597595214844 -25.37493324279785 125.84325408935547
v 40.48910140991211 -24.06190299987793 120.9420166015625
v 40.486331939697266 -25.296037673950195 132.853515625
v 40.427486419677734 -25.02028465270996 136.5748748779297
v 40.54888153076172 -23.379451751708984 127.23379516601562
v 40.86711120605469 -21.62050437927246 146.7283935546875
v 41.60209274291992 -22.131649017333984 56.21388244628906
v 41.49784851074219 -21.930374145507812 60.195709228515625
v 40.438419342041016 -21.2470760345459 131.94265747070312
v 40.690277099609375 -23.2216739654541 132.38909912109375
v 40.77290725708008 -23.226394653320312 125.4705581665039
v 41.431640625 -20.389137268066406 62.78134536743164
v 40.511077880859375 -20.67186164855957 134.86932373046875
v 40.86453628540039 -19.04776954650879 150.42921447753906
v 40.55080032348633 -19.6627140045166 136.6148223876953
v 41.476654052734375 -19.98455238342285 46.98560333251953
v 40.313541412353516 -16.385107040405273 160.3767852783203
v 40.75252914428711 -18.722103118896484 143.11915588378906
v 40.428428649902344 -14.870951652526855 159.1532440185547
v 40.47118377685547 -15.720141410827637 148.6476287841797
v 40.94542694091797 -17.753780364990234 149.02169799804688
v 40.977134704589844 -14.221428871154785 63.24460220336914
v 41.575130462646484 -12.893205642700195 43.12617874145508
v 41.43631362915039 -10.297694206237793 43.94000244140625
v 42.82450485229492 -8.7115478515625 58.91469192504883
v 41.31283187866211 -8.57541275024414 45.43989944458008
v 41.27519989013672 -6.921236038208008 50.30082321166992
v 40.75835037231445 2.7219555377960205 563.3809814453125
v 40.96027374267578 2.3387467861175537 572.71875
v 40.76435470581055 3.763056755065918 558.776611328125
v 40.86070251464844 6.950467586517334 219.93569946289062
v 40.72936248779297 6.589199542999268 230.3873748779297
v 41.16385269165039 6.2245192527771 563.408203125
v 41.16493606567383 5.892481327056885 567.6311645507812
v 40.996788024902344 6.388360977172852 570.5394897460938
v 40.89340591430664 8.808599472045898 218.51846313476562
v 41.4508171081543 9.795071601867676 528.265869140625
v 40.71925354003906 10.931941032409668 217.72027587890625
v 41.678531646728516 11.233922958374023 244.2858428955078
v 41.241172790527344 11.052957534790039 524.6181640625
v 47.95309829711914 17.42238426208496 387.15093994140625
v 47.43830490112305 16.58189582824707 390.1816711425781
v 40.81789779663086 14.826743125915527 220.2242431640625
v 44.99563217163086 17.542734146118164 396.8429870605469
v 40.73112106323242 15.236063957214355 545.8161010742188
v 40.60698699951172 19.03196907043457 536.5669555664062
v 40.27385330200195 19.036746978759766 538.5851440429688
v 40.85309982299805 19.052215576171875 541.6912231445312
v 41.33252716064453 20.651880264282227 557.6802978515625
v 40.46235275268555 19.794382095336914 538.67333984375
v 40.85972213745117 19.45738410949707 551.603759765625
v 40.8253288269043 21.257801055908203 554.4476318359375
v 42.15346908569336 23.34568977355957 401.994384765625
v 40.911869049072266 20.746028900146484 422.10333251953125
v 42.41365432739258 24.305910110473633 420.736328125
v 41.12542724609375 24.148265838623047 533.7612915039062
v 40.82984161376953 25.544160842895508 229.29254150390625
v 41.916316986083984 32.0693244934082 239.09852600097656
v 41.40126037597656 34.35779571533203 451.0575256347656
v 41.133792877197266 35.626651763916016 457.3876037597656
v 41.850311279296875 35.343231201171875 553.0895385742188
v 40.83092498779297 38.40766906738281 459.21929931640625
v 41.97298049926758 38.30503463745117 288.25640869140625
v 41.720943450927734 38.85732650756836 456.0355224609375
v 41.63560485839844 40.558685302734375 401.552734375
v 40.91078186035156 39.556148529052734 452.47698974609375
v 41.439979553222656 42.855445861816406 250.00172424316406
v 40.768775939941406 47.74504089355469 387.216064453125
v 41.96778869628906 48.82913589477539 292.8717041015625
v 40.692623138427734 50.771358489990234 292.1549987792969
v 41.135711669921875 55.35056686401367 292.99542236328125
v 41.847312927246094 56.29490661621094 262.2478942871094
v 41.78060531616211 59.2203369140625 266.8438415527344
v 40.99051284790039 61.29489517211914 274.9714050292969
v 40.74827194213867 -23.2517147064209 136.0970001220703
v 40.918739318847656 -22.57292366027832 141.51882934570312
v 40.87651443481445 -21.537363052368164 143.646484375
v 40.84876251220703 -21.329593658447266 136.9326629638672
v 40.99314880371094 -20.2557315826416 140.6935577392578
v 41.13302230834961 -21.041418075561523 49.53750991821289
v 42.31962966918945 -18.350399017333984 44.66106033325195
v 41.6674690246582 2.7282745838165283 568.422607421875
v 41.4199333190918 2.7218005657196045 571.1018676757812
v 41.90070343017578 4.493134498596191 574.7617797851562
v 41.492794036865234 8.094985008239746 225.65460205078125
v 41.61780548095703 8.206928253173828 228.9351806640625
v 41.84050750732422 9.970643043518066 224.42971801757812
v 41.7762565612793 8.6215238571167 233.84378051757812
v 46.43574523925781 16.40646743774414 393.1812744140625
v 45.584476470947266 16.75163459777832 395.15191650390625
v 41.334903717041016 14.050067901611328 525.4816284179688
v 42.12949752807617 14.976578712463379 250.7274627685547
v 41.740867614746094 16.330581665039062 255.34312438964844
v 41.549842834472656 15.475300788879395 542.8389892578125
v 41.264835357666016 16.29035186767578 552.1275024414062
v 45.47944641113281 19.52058219909668 398.7978820800781
v 41.20793151855469 17.155258178710938 538.6279907226562
v 41.2744255065918 18.424230575561523 548.5918579101562
v 41.23997497558594 20.29793357849121 539.354248046875
v 42.44150161743164 20.882081985473633 417.9275817871094
v 41.25327682495117 21.40838050842285 424.7884826660156
v 41.67223358154297 20.235013961791992 423.4662170410156
v 42.72459411621094 23.512596130371094 272.5140686035156
v 41.99661636352539 23.536516189575195 229.5028076171875
v 42.18571853637695 21.989604949951172 533.802001953125
v 41.54551315307617 22.800365447998047 535.9644775390625
v 41.63800811767578 23.65492820739746 422.95556640625
v 41.96527099609375 24.059064865112305 418.37152099609375
v 42.1830940246582 22.751474380493164 535.2858276367188
v 41.52383804321289 35.344783782958984 404.4744567871094
v 42.308589935302734 34.54011917114258 451.76556396484375
v 42.09255599975586 33.819271087646484 242.30738830566406
v 42.50577926635742 36.75492477416992 550.1094970703125
v 42.49752426147461 37.05210494995117 551.3291015625
v 41.840232849121094 45.44281768798828 252.28138732910156
v 40.886417388916016 46.414188385009766 383.42498779296875
v 43.217994689941406 46.78969955444336 253.67555236816406
v 42.429588317871094 54.82887649536133 294.78204345703125
v 42.02432632446289 62.59389114379883 277.2633972167969
v 42.47833251953125 -15.283424377441406 62.80319595336914
v 43.47179412841797 -10.001420974731445 60.04255676269531
v 43.13996505737305 -6.578301906585693 45.63761901855469
v 41.728214263916016 -6.511980056762695 49.55204391479492
v 41.872833251953125 3.879864454269409 562.1484375
v 41.90337371826172 5.61146879196167 563.2990112304688
v 41.83891677856445 5.966073036193848 572.8712158203125
v 41.7513313293457 11.25130844116211 222.84817504882812
v 41.95112609863281 10.398167610168457 529.0701904296875
v 41.32929611206055 12.039782524108887 220.8249053955078
v 41.721275329589844 13.822166442871094 523.23388671875
v 41.83769989013672 16.152774810791016 224.02328491210938
v 41.9112548828125 15.710382461547852 545.6488037109375
v 41.69625473022461 16.283300399780273 548.1577758789062
v 41.6231689453125 19.343332290649414 535.3382568359375
v 41.61048889160156 19.1149959564209 542.0869140625
v 41.838199615478516 18.547046661376953 544.1908569335938
v 42.99461364746094 20.845359802246094 264.43609619140625
v 41.883853912353516 20.268346786499023 418.4746398925781
v 41.8388671875 20.202468872070312 421.4806823730469
v 41.516197204589844 19.65430450439453 552.239013671875
v 41.728271484375 21.46826171875 554.3116455078125
v 42.65727615356445 21.446868896484375 266.7151794433594
v 41.7400016784668 21.317155838012695 533.438720703125
v 41.576194763183594 21.573406219482422 537.9824829101562
v 41.76443099975586 22.591001510620117 424.9560852050781
v 42.13689422607422 28.783458709716797 234.78738403320312
v 42.66461944580078 32.38908386230469 283.8840637207031
v 42.021453857421875 33.54251480102539 551.2587890625
v 42.717376708984375 34.091148376464844 446.9071350097656
v 41.7149658203125 35.20310974121094 549.5078125
v 41.950050354003906 36.67269515991211 454.529296875
v 42.032142639160156 36.20004653930664 549.6336669921875
v 42.49216842651367 34.99555206298828 244.57374572753906
v 41.54030227661133 37.15127944946289 458.2401123046875
v 42.62326431274414 35.78484344482422 286.2477722167969
v 41.81599426269531 38.52272415161133 403.7507019042969
v 42.18773651123047 41.072879791259766 379.6723937988281
v 42.91592788696289 38.48881149291992 449.3393859863281
v 41.73040008544922 39.01386260986328 453.918212890625
v 41.98530960083008 44.28617858886719 380.199951171875
v 41.83600997924805 47.10662841796875 380.7314453125
v 42.443260192871094 46.028076171875 292.5707092285156
v 42.39073944091797 48.83678436279297 391.9823913574219
v 41.2358512878418 48.44782638549805 389.25616455078125
v 41.61812210083008 50.51496124267578 382.92364501953125
v 41.52798080444336 51.101497650146484 384.9356994628906
v 43.09420394897461 49.00675582885742 255.009033203125
v 42.44639587402344 53.392459869384766 258.9765625
v 42.1566047668457 57.475799560546875 294.3839416503906
v 42.51899719238281 61.007503509521484 271.198486328125
v 42.85197830200195 61.56356430053711 273.0738220214844
v 42.57112121582031 -21.776817321777344 57.36894989013672
v 44.22126388549805 -21.66912269592285 53.59520721435547
v 42.800682067871094 -21.497203826904297 51.883975982666016
v 42.71153259277344 -22.0443115234375 51.1075439453125
v 43.353675842285156 -14.487056732177734 41.88076400756836
v 43.85562515258789 -11.840133666992188 61.049434661865234
v 44.25284957885742 -13.148652076721191 61.391822814941406
v 43.29258728027344 -11.672944068908691 41.76261520385742
v 43.021270751953125 -6.829805850982666 55.756595611572266
v 43.338294982910156 -6.054548740386963 52.484893798828125
v 42.02029037475586 3.2804274559020996 565.9522705078125
v 42.35435485839844 3.094478130340576 567.8955688476562
v 42.6494026184082 3.7182281017303467 573.7277221679688
v 41.84928512573242 5.714085102081299 567.2278442382812
v 42.45829772949219 6.221569538116455 570.7758178710938
v 42.244720458984375 10.077553749084473 228.06202697753906
v 42.29754638671875 10.008606910705566 235.83810424804688
v 42.62400817871094 12.684307098388672 521.7481689453125
v 42.45259475708008 13.27536392211914 527.9616088867188
v 42.38926315307617 14.241546630859375 225.35345458984375
v 42.24922561645508 14.686980247497559 523.6731567382812
v 42.51103591918945 17.053720474243164 538.829833984375
v 42.11078643798828 17.23106575012207 553.8509521484375
v 42.5972785949707 17.97511100769043 256.8749084472656
v 42.25529479980469 17.816831588745117 537.3294067382812
v 42.35652160644531 18.546123504638672 226.46453857421875
v 41.8743782043457 17.332571029663086 548.2516479492188
v 42.30726623535156 17.86958122253418 545.4031372070312
v 41.947914123535156 18.378097534179688 551.1105346679688
v 42.6087646484375 19.445653915405273 557.3339233398438
v 42.55244827270508 18.957643508911133 259.8505554199219
v 42.829524993896484 21.642791748046875 229.90354919433594
v 42.88950729370117 20.1524600982666 422.3368225097656
v 41.5622673034668 20.329450607299805 425.55712890625
v 42.45022964477539 22.838109970092773 555.7021484375
v 42.845760345458984 23.801105499267578 557.35791015625
v 43.073387145996094 23.129770278930664 418.55810546875
v 42.408775329589844 22.365463256835938 534.5608520507812
v 42.606510162353516 26.57478904724121 277.28289794921875
v 42.54953384399414 26.92658233642578 403.3548278808594
v 43.652435302734375 30.825345993041992 378.2112731933594
v 42.345481872558594 28.262727737426758 279.8358154296875
v 42.21852493286133 34.344940185546875 405.4070129394531
v 43.04632568359375 33.41143798828125 447.8428649902344
v 42.79154968261719 33.497314453125 549.6386108398438
v 42.871185302734375 34.64341354370117 379.2889404296875
v 43.02707290649414 35.04335021972656 446.08575439453125
v 43.37224197387695 36.015838623046875 445.8718566894531
v 43.020896911621094 36.96901321411133 247.04917907714844
v 42.211185455322266 37.827388763427734 404.99456787109375
v 42.01606369018555 36.985694885253906 455.7990417480469
v 43.68315124511719 36.87888717651367 287.6889343261719
v 43.1327018737793 37.3475456237793 447.3026123046875
v 44.000396728515625 39.878318786621094 377.9977111816406
v 41.98178482055664 38.362060546875 454.2820129394531
v 43.090553283691406 38.63492965698242 450.7964172363281
v 43.423301696777344 46.968299865722656 395.2214660644531
v 42.08631896972656 49.82353210449219 380.7481689453125
v 41.78884506225586 51.568477630615234 387.0528869628906
v 41.724700927734375 54.30482864379883 382.917236328125
v 43.60346984863281 53.3567008972168 295.916259765625
v 44.8745002746582 58.356807708740234 264.6766052246094
v 42.83357238769531 64.29618835449219 286.4811706542969
v 43.51820373535156 -20.664390563964844 59.120235443115234
v 43.434112548828125 -21.601282119750977 48.380619049072266
v 43.76191711425781 -19.957067489624023 45.38710403442383
v 43.569149017333984 -16.895265579223633 61.99177169799805
v 44.13572311401367 -16.181093215942383 42.020511627197266
v 43.29242706298828 -8.042585372924805 43.545448303222656
v 43.730918884277344 -7.561875820159912 57.342689514160156
v 42.61739730834961 3.178384780883789 572.4532470703125
v 42.47367858886719 4.406675815582275 565.7252197265625
v 42.663082122802734 5.116118907928467 573.19140625
v 42.7216682434082 5.385138988494873 568.3728637695312
v 43.13854217529297 11.72500228881836 233.421875
v 42.80034637451172 12.277936935424805 242.7147216796875
v 42.73939895629883 10.438447952270508 525.260009765625
v 42.44853591918945 11.755755424499512 226.76747131347656
v 43.519554138183594 11.728707313537598 522.0411376953125
v 43.03462600708008 12.199947357177734 528.0817260742188
v 42.64142990112305 14.15359115600586 492.5594787597656
v 42.371337890625 14.80356502532959 494.1107482910156
v 42.07593536376953 13.245798110961914 497.3122863769531
v 42.092891693115234 14.596423149108887 498.1319885253906
v 42.892608642578125 14.184365272521973 526.190673828125
v 42.689945220947266 16.453174591064453 541.339599609375
v 42.738712310791016 16.982288360595703 543.8189086914062
v 42.23231887817383 17.73258399963379 552.0943603515625
v 42.3706169128418 18.133337020874023 543.3894653320312
v 42.9095344543457 19.339731216430664 536.04638671875
v 42.413185119628906 18.88792610168457 552.568359375
v 42.453392028808594 19.141340255737305 424.9150695800781
v 42.69062805175781 19.242223739624023 426.97943115234375
v 42.74203872680664 19.862592697143555 539.9427490234375
v 42.711055755615234 20.43532371520996 553.7008666992188
v 42.54838943481445 20.243738174438477 428.6778869628906
v 42.95615768432617 21.14713478088379 558.2234497070312
v 42.75066375732422 21.0931339263916 428.6792297363281
v 42.554222106933594 21.511938095092773 537.758544921875
v 42.81102752685547 21.734832763671875 554.7758178710938
v 43.47819519042969 21.852569580078125 418.9918212890625
v 43.27266311645508 22.446535110473633 427.8660583496094
v 42.99410629272461 23.1018123626709 425.345703125
v 43.5499382019043 23.7979736328125 558.4147338867188
v 43.192955017089844 23.77593231201172 422.40301513671875
v 43.14857482910156 23.716171264648438 423.8493347167969
v 45.70659637451172 26.15298080444336 275.7703552246094
v 43.25362014770508 27.533588409423828 235.63780212402344
v 44.572715759277344 28.941619873046875 378.1497497558594
v 42.974952697753906 30.947158813476562 403.97418212890625
v 43.311058044433594 33.27805709838867 406.28570556640625
v 43.21791076660156 33.10624313354492 284.30548095703125
v 43.416507720947266 33.59815216064453 449.61419677734375
v 43.5506591796875 35.57058334350586 451.96551513671875
v 43.848670959472656 41.04534149169922 290.67083740234375
v 42.86745834350586 40.010250091552734 403.38720703125
v 43.460243225097656 41.20244216918945 249.81919860839844
v 42.90936279296875 42.06642150878906 400.8715515136719
v 43.79286575317383 43.414485931396484 378.0138244628906
v 42.480831146240234 44.3864631652832 379.58087158203125
v 43.00312042236328 49.190608978271484 378.6688232421875
v 43.13202667236328 52.40009689331055 390.5164794921875
v 42.378273010253906 51.94422912597656 389.0132751464844
v 42.175411224365234 53.118988037109375 379.86053466796875
v 42.33938217163086 56.21670913696289 385.8519592285156
v 42.70059585571289 58.704105377197266 381.61785888671875
v 43.015037536621094 61.23711013793945 295.11956787109375
v 44.28376007080078 60.84061050415039 269.0760192871094
v 43.13312911987305 60.73091506958008 270.2718200683594
v 43.1187744140625 63.69704818725586 293.0362243652344
v 44.44999694824219 64.22016143798828 278.4980773925781
v 43.770286560058594 65.20106506347656 285.28814697265625
v 43.384517669677734 -9.314806938171387 42.52524948120117
v 43.87297058105469 -5.41049337387085 47.94232177734375
v 43.60609817504883 -5.561554431915283 51.27728271484375
v 43.06717300415039 3.5195155143737793 570.2439575195312
v 42.90917205810547 3.968987226486206 567.7960205078125
v 43.580806732177734 14.105192184448242 245.7110137939453
v 43.05632781982422 11.970558166503906 498.26513671875
v 42.8269157409668 12.191152572631836 495.8946228027344
v 42.849876403808594 13.084562301635742 499.2869567871094
v 44.16040802001953 13.93648624420166 517.9825439453125
v 43.31708908081055 15.158700942993164 248.6090545654297
v 43.11155700683594 14.797236442565918 499.842529296875
v 43.41584777832031 14.83185863494873 519.9883422851562
v 42.6221923828125 15.666029930114746 488.4877014160156
v 43.39147186279297 14.97824478149414 524.70556640625
v 42.88519287109375 15.882169723510742 495.33001708984375
v 42.54578399658203 16.109506607055664 491.8551330566406
v 43.173095703125 16.202058792114258 497.7539978027344
v 42.697872161865234 16.243947982788086 482.5259094238281
v 42.455772399902344 16.881919860839844 483.9189147949219
v 43.73520278930664 18.56780242919922 231.03326416015625
v 43.497154235839844 17.73790740966797 254.0966339111328
v 42.720977783203125 18.19270133972168 478.10357666015625
v 42.814453125 18.372207641601562 483.65875244140625
v 43.0524787902832 17.67226791381836 489.1409606933594
v 43.69940185546875 19.92801284790039 555.354248046875
v 42.75708770751953 18.86213493347168 428.779541015625
v 44.83632278442383 21.271936416625977 400.5016784667969
v 45.33479690551758 23.6917724609375 271.15179443359375
v 43.25436019897461 21.031702041625977 537.20654296875
v 44.4935302734375 24.50910186767578 402.5240783691406
v 43.230533599853516 30.753122329711914 240.60751342773438
v 43.95716857910156 31.531078338623047 243.09768676757812
v 44.462867736816406 34.59587097167969 552.1240844726562
v 44.83661651611328 35.07597351074219 551.9027099609375
v 43.39910125732422 37.242637634277344 407.4677734375
v 43.87126541137695 37.1107063293457 451.7615661621094
v 43.747066497802734 42.03514099121094 401.7054748535156
v 43.37472152709961 47.250213623046875 293.301513671875
v 42.92223358154297 52.33136749267578 378.0289611816406
v 42.80625534057617 54.76851272583008 378.3733825683594
v 42.52882385253906 56.632564544677734 379.9736328125
v 43.241371154785156 57.349910736083984 387.6851806640625
v 42.97649002075195 60.049861907958984 377.63226318359375
v 43.24100875854492 60.15983963012695 383.2587890625
v 43.653377532958984 58.341548919677734 296.9289245605469
v 43.112464904785156 64.42497253417969 291.3495178222656
v 43.988983154296875 -19.273757934570312 60.46078872680664
v 45.596153259277344 -18.563753128051758 43.08670425415039
v 43.461177825927734 4.504175662994385 570.078857421875
v 43.29558181762695 5.215530872344971 570.7349243164062
v 43.990108489990234 11.18400764465332 525.7901000976562
v 43.97743225097656 13.971393585205078 240.95269775390625
v 43.42669677734375 13.903900146484375 230.44297790527344
v 43.94651412963867 13.512137413024902 526.2445068359375
v 43.35435485839844 13.123848915100098 492.5539245605469
v 43.13549041748047 14.648300170898438 488.6078186035156
v 44.02653121948242 17.248519897460938 232.1832275390625
v 43.95463562011719 15.58996868133545 521.0067749023438
v 43.360801696777344 15.226433753967285 482.7192077636719
v 43.75803756713867 16.201644897460938 499.2370910644531
v 43.32048797607422 16.01084327697754 479.6689453125
v 43.324798583984375 17.083499908447266 474.1943359375
v 43.34677505493164 17.856983184814453 540.6653442382812
v 43.41695022583008 18.066747665405273 538.4343872070312
v 47.02848815917969 20.261152267456055 381.87017822265625
v 43.12095260620117 18.49062728881836 472.5421142578125
v 43.18385314941406 18.82505226135254 540.7081298828125
v 43.90929412841797 19.75398826599121 258.6351013183594
v 43.84202575683594 19.963703155517578 556.8870239257812
v 43.5056266784668 19.001964569091797 424.3486022949219
v 43.91876983642578 18.568387985229492 426.2950744628906
v 43.308719635009766 19.414409637451172 431.54327392578125
v 43.26548767089844 18.525390625 431.0547790527344
v 43.575443267822266 19.571491241455078 471.60858154296875
v 43.3902702331543 19.63898277282715 477.8074035644531
v 43.67311096191406 20.64740753173828 431.3827209472656
v 44.46765899658203 21.593130111694336 558.1142578125
v 44.10262680053711 20.937725067138672 422.1982421875
v 43.57602310180664 20.106718063354492 537.2949829101562
v 43.119964599609375 24.056623458862305 232.32115173339844
v 44.49339294433594 24.049304962158203 555.6820678710938
v 43.45450973510742 23.67426109313965 420.4736633300781
v 44.01212692260742 27.325942993164062 278.3834533691406
v 45.032737731933594 29.312156677246094 280.9566955566406
v 44.50574493408203 28.67353630065918 240.74087524414062
v 44.58460998535156 32.06060791015625 406.68865966796875
v 44.156166076660156 32.46725082397461 549.752197265625
v 43.863983154296875 32.55854797363281 550.9740600585938
v 43.91253662109375 34.49302291870117 285.71136474609375
v 43.9766845703125 33.684322357177734 548.836181640625
v 44.81720733642578 34.413787841796875 548.6627807617188
v 44.03968048095703 33.4637565612793 245.52906799316406
v 43.911964416503906 35.801082611083984 408.0262756347656
v 43.40715789794922 36.23828125 425.4899597167969
v 42.9620361328125 35.419307708740234 428.28759765625
v 43.314697265625 34.148048400878906 427.5417175292969
v 43.21343231201172 37.543556213378906 426.44476318359375
v 43.12800979614258 36.70569610595703 429.31390380859375
v 43.22115707397461 38.86719512939453 406.4341125488281
v 44.2205924987793 38.487098693847656 248.90676879882812
v 43.40315628051758 39.954429626464844 405.7933044433594
v 44.840694427490234 44.2989387512207 252.56594848632812
v 44.83137512207031 50.52195358276367 256.3594055175781
v 44.856563568115234 51.80757141113281 296.6151428222656
v 44.054779052734375 51.24313735961914 392.9571533203125
v 43.290557861328125 57.610965728759766 376.2597961425781
v 44.677310943603516 59.449127197265625 266.24334716796875
v 43.17757034301758 61.25166320800781 373.6696472167969
v 43.379737854003906 62.419044494628906 379.5923767089844
v 43.05984115600586 62.85932922363281 376.92803955078125
v 46.08339309692383 64.30372619628906 276.7528381347656
v 43.27754211425781 63.95586013793945 375.6383972167969
v 43.019344329833984 63.4702262878418 370.9173889160156
v 43.13086700439453 65.14976501464844 368.56707763671875
v 43.17805099487305 66.84748840332031 369.3594665527344
v 43.156761169433594 66.71190643310547 371.2901306152344
v 44.157142639160156 -22.31480598449707 52.589847564697266
v 44.27281951904297 -20.709409713745117 58.449283599853516
v 43.95955276489258 -18.178632736206055 61.26070022583008
v 44.935340881347656 11.784648895263672 521.9592895507812
v 44.647796630859375 12.467369079589844 525.7366943359375
v 44.55601119995117 11.274819374084473 497.9364318847656
v 44.09038543701172 11.58861255645752 495.56329345703125
v 44.128318786621094 12.56033992767334 499.96099853515625
v 44.058349609375 14.76610279083252 234.4890594482422
v 43.871559143066406 13.999610900878906 488.6561584472656
v 43.64794921875 14.004973411560059 453.2149658203125
v 43.53048324584961 14.737649917602539 456.2652282714844
v 43.93053436279297 13.114654541015625 455.98980712890625
v 44.31584167480469 14.384321212768555 501.27001953125
v 43.78529739379883 15.447430610656738 453.12860107421875
v 44.157012939453125 15.420963287353516 500.716796875
v 43.70956039428711 15.901728630065918 456.31304931640625
v 43.4732551574707 15.401620864868164 461.4049072265625
v 44.37331771850586 17.536697387695312 248.5237274169922
v 43.3367805480957 16.321950912475586 460.7361755371094
v 43.583187103271484 16.286766052246094 466.18212890625
v 43.763301849365234 16.430585861206055 495.70941162109375
v 43.783546447753906 17.288362503051758 459.70831298828125
v 43.33118438720703 18.041757583618164 466.36865234375
v 43.332481384277344 17.14194679260254 468.2253723144531
v 43.96384048461914 18.12691879272461 491.15234375
v 43.604984283447266 18.224037170410156 433.6131591796875
v 43.80082702636719 17.22370719909668 432.53558349609375
v 43.706764221191406 19.123022079467773 466.4609680175781
v 44.41344451904297 19.539514541625977 255.12571716308594
v 43.73854446411133 17.872228622436523 428.3714599609375
v 43.626129150390625 19.006681442260742 484.6889953613281
v 44.044578552246094 20.144086837768555 472.509765625
v 45.110107421875 21.802364349365234 262.9405517578125
v 43.9796028137207 21.053709030151367 555.341064453125
v 44.374114990234375 21.85664939880371 265.7200622558594
v 43.7442741394043 21.929384231567383 428.9884948730469
v 43.969383239746094 22.41387939453125 555.30859375
v 44.20880889892578 21.98743438720703 233.78367614746094
v 43.99850082397461 22.51677894592285 420.3128662109375
v 44.79397964477539 22.774261474609375 424.65655517578125
v 44.355403900146484 24.97216796875 556.2653198242188
v 44.65121078491211 25.626712799072266 557.1149291992188
v 45.3052864074707 31.79302215576172 283.27972412109375
v 44.23115921020508 33.218074798583984 551.9625244140625
v 44.84522247314453 32.926456451416016 447.9900207519531
v 43.82673263549805 32.63458251953125 429.7260437011719
v 43.53327560424805 33.406585693359375 431.0309143066406
v 45.83566665649414 33.482208251953125 448.7666015625
v 44.457332611083984 34.7099609375 285.66949462890625
v 44.197998046875 35.1939697265625 424.5050964355469
v 43.90016555786133 35.10844039916992 432.2568054199219
v 45.533935546875 36.91483688354492 444.9934997558594
v 45.831581115722656 35.37238311767578 549.8690795898438
v 46.42367172241211 35.00254440307617 550.7403564453125
v 43.721195220947266 38.48075866699219 424.5164489746094
v 43.78743362426758 39.516632080078125 426.1333312988281
v 43.92813491821289 38.141597747802734 429.8760681152344
v 44.45286560058594 40.3268928527832 409.71380615234375
v 44.18668746948242 37.721519470214844 450.4580383300781
v 44.801963806152344 42.32453536987305 377.2178039550781
v 44.358123779296875 41.538909912109375 402.6354064941406
v 44.517765045166016 44.224178314208984 292.75146484375
v 45.283424377441406 46.87120056152344 396.89886474609375
v 44.412567138671875 48.689727783203125 376.6623229980469
v 44.53041076660156 49.16977310180664 394.69720458984375
v 44.50324249267578 51.07880401611328 375.6520690917969
v 44.58982849121094 52.39971160888672 375.35162353515625
v 43.819366455078125 56.3215446472168 375.0709228515625
v 44.7251091003418 55.04808807373047 260.5384521484375
v 44.32495880126953 57.80794143676758 389.4820251464844
v 43.64006805419922 59.789764404296875 372.0181884765625
v 43.49419403076172 63.2624397277832 367.4479675292969
v 44.34074401855469 63.18785858154297 296.3552551269531
v 44.96295166015625 65.97712707519531 283.8143310546875
v 44.07228088378906 65.26515197753906 365.45233154296875
v 44.41010665893555 66.53010559082031 290.4432067871094
v 43.662139892578125 68.25801086425781 372.7246398925781
v 43.87847137451172 67.36283874511719 366.59686279296875
v 43.7856330871582 69.2098388671875 370.098388671875
v 44.928245544433594 -22.193981170654297 49.59697341918945
v 45.79692459106445 -20.94672393798828 55.57684326171875
v 45.86766815185547 -16.218870162963867 60.596031188964844
v 45.66035079956055 -14.549880981445312 60.89415740966797
v 45.9127311706543 -6.115926265716553 43.54074478149414
v 45.49581527709961 -5.320589542388916 52.410404205322266
v 45.54015350341797 12.134899139404297 523.0869750976562
v 44.18345642089844 12.596125602722168 492.71221923828125
v 44.72100067138672 13.021924018859863 517.8712768554688
v 44.3581657409668 12.515864372253418 453.3668518066406
v 44.455020904541016 12.665709495544434 451.3102722167969
v 44.63970947265625 15.654891014099121 239.7740478515625
v 43.964683532714844 14.58874797821045 451.45794677734375
v 44.11048126220703 13.743844985961914 447.89630126953125
v 44.71581268310547 15.980088233947754 244.45516967773438
v 44.077144622802734 15.094608306884766 447.81671142578125
v 44.11983871459961 13.330989837646484 457.0020751953125
v 44.68647766113281 14.231307029724121 525.1116943359375
v 44.085693359375 14.374135971069336 445.8268127441406
v 44.3001823425293 14.22770881652832 461.3111572265625
v 44.626312255859375 14.825366020202637 481.7513732910156
v 44.45779800415039 15.966227531433105 448.8453674316406
v 44.993492126464844 17.64181900024414 246.80157470703125
v 43.71236801147461 16.855182647705078 436.7476501464844
v 44.128273010253906 16.043651580810547 438.3329162597656
v 44.07036209106445 15.70388412475586 436.4661560058594
v 44.28656005859375 15.916642189025879 469.203125
v 44.542903900146484 15.260116577148438 466.2361755371094
v 44.29956817626953 16.092483520507812 475.0870361328125
v 47.546478271484375 19.291698455810547 383.28204345703125
v 44.37946319580078 16.354576110839844 432.7619323730469
v 45.10279846191406 19.65958595275879 252.34906005859375
v 44.18059539794922 18.455408096313477 436.9015808105469
v 44.47168731689453 17.28340721130371 439.01129150390625
v 44.29594802856445 18.18616485595703 461.0881652832031
v 44.515689849853516 19.173168182373047 486.215087890625
v 45.097293853759766 18.75716209411621 425.9608459472656
v 44.27421951293945 19.458234786987305 434.4211120605469
v 45.22917175292969 20.906108856201172 257.2779235839844
v 44.4454460144043 19.39272117614746 424.07586669921875
v 44.35883331298828 20.36281394958496 470.1141662597656
v 44.195003509521484 20.226909637451172 477.7627868652344
v 45.440040588378906 22.48265266418457 556.3070068359375
v 44.756832122802734 21.665353775024414 430.8449401855469
v 44.975223541259766 22.928386688232422 427.0136413574219
v 44.60041046142578 23.913925170898438 558.6907348632812
v 44.25802993774414 22.517610549926758 422.0839538574219
v 44.573787689208984 24.92814826965332 236.69200134277344
v 45.32129669189453 29.189306259155273 403.8701477050781
v 44.7462043762207 28.34291648864746 241.88182067871094
v 44.86578369140625 32.94820022583008 378.8360900878906
v 45.87749099731445 28.85664939880371 431.03509521484375
v 44.351470947265625 32.398704528808594 428.2478942871094
v 44.195377349853516 33.24342727661133 426.6273193359375
v 45.48649215698242 33.14105987548828 445.39190673828125
v 44.593360900878906 32.99006271362305 432.7572937011719
v 45.42654037475586 34.66236114501953 449.9072570800781
v 46.193111419677734 37.7308235168457 377.0102233886719
v 44.56180953979492 38.0379638671875 422.5360412597656
v 44.36054611206055 36.77184295654297 431.89483642578125
v 44.71892547607422 39.505428314208984 410.5516662597656
v 44.62487030029297 37.538883209228516 446.84356689453125
v 44.39854049682617 37.72026443481445 448.02056884765625
v 44.77506637573242 37.50746154785156 449.0558166503906
v 44.76001739501953 40.53879165649414 427.36517333984375
v 44.53993225097656 41.672508239746094 404.589599609375
v 45.19356918334961 43.26919174194336 400.50897216796875
v 45.08176803588867 45.75743865966797 293.5774230957031
v 44.934234619140625 52.69073486328125 392.99395751953125
v 44.872920989990234 55.32320022583008 298.0434875488281
v 44.56990051269531 57.86550521850586 371.0750427246094
v 44.20268249511719 60.80308151245117 367.175048828125
v 44.78084945678711 60.468936920166016 298.24871826171875
v 44.51298904418945 63.9421501159668 382.4317932128906
v 45.25804138183594 60.82206344604492 269.47772216796875
v 44.872684478759766 66.2888412475586 293.7003479003906
v 44.40309524536133 66.09624481201172 379.2525329589844
v 44.23763656616211 66.50189208984375 377.2103576660156
v 44.4757194519043 68.14918518066406 376.09869384765625
v 44.285343170166016 69.64702606201172 367.74151611328125
v 45.67392349243164 -22.027700424194336 54.266502380371094
v 45.593082427978516 -21.080781936645508 46.55147171020508
v 45.39973068237305 -13.19210147857666 40.5368766784668
v 45.044490814208984 -11.045289039611816 40.7878303527832
v 45.53475570678711 -9.177813529968262 58.921958923339844
v 45.440067291259766 -7.679236888885498 42.111793518066406
v 45.92146682739258 -6.406637191772461 54.791259765625
v 45.44803237915039 11.713373184204102 495.0606384277344
v 44.51457595825195 13.095077514648438 446.6698303222656
v 44.76728439331055 13.768363952636719 488.38690185546875
v 44.69629669189453 13.432709693908691 501.0117492675781
v 44.479713439941406 13.343234062194824 445.0140075683594
v 48.00117874145508 17.1645450592041 388.4827575683594
v 44.35782241821289 14.943717956542969 442.5809631347656
v 44.62720489501953 13.660173416137695 514.8781127929688
v 44.624019622802734 14.647804260253906 514.3177490234375
v 44.863399505615234 13.804547309875488 442.1070251464844
v 44.36857604980469 15.506587982177734 440.4814453125
v 44.56503677368164 15.380510330200195 504.3233947753906
v 44.781105041503906 14.179518699645996 504.0882263183594
v 44.404788970947266 15.131083488464355 517.1849365234375
v 44.79719543457031 14.829669952392578 436.8939514160156
v 44.528358459472656 16.087446212768555 442.81732177734375
v 45.0003547668457 16.451147079467773 451.4002380371094
v 44.9908561706543 15.907498359680176 517.9478149414062
v 45.13848876953125 15.967958450317383 520.1441040039062
v 45.54528045654297 15.534661293029785 521.7114868164062
v 44.98223114013672 17.39209747314453 237.58961486816406
v 44.83561706542969 16.47031021118164 447.3087463378906
v 44.65837860107422 16.677501678466797 453.45794677734375
v 45.070430755615234 16.35154914855957 500.141845703125
v 45.08316421508789 16.607765197753906 503.0415954589844
v 45.25887680053711 17.3660888671875 455.83642578125
v 44.70522689819336 16.585351943969727 495.9764404296875
v 45.1269416809082 16.68689727783203 498.1632995605469
v 44.85856628417969 17.352632522583008 428.91680908203125
v 45.27450180053711 18.012754440307617 458.0507507324219
v 45.20269775390625 18.0273494720459 492.3942565917969
v 45.224613189697266 17.641876220703125 427.88446044921875
v 45.38076400756836 18.68440055847168 489.4715576171875
v 44.737266540527344 19.646150588989258 465.0589294433594
v 45.25291061401367 21.381746292114258 237.40711975097656
v 45.159671783447266 20.614038467407227 423.7080383300781
v 45.126502990722656 20.65700340270996 475.73406982421875
v 45.480804443359375 22.04755210876465 429.717529296875
v 45.19346237182617 23.242774963378906 555.6959228515625
v 45.401737213134766 23.696916580200195 558.6419067382812
v 46.91264343261719 23.823272705078125 269.3817138671875
v 45.69588088989258 21.222576141357422 424.4929504394531
v 45.16203308105469 26.239561080932617 555.258056640625
v 45.2055549621582 31.83306121826172 246.43492126464844
v 45.855892181396484 29.531837463378906 432.4793395996094
v 46.092010498046875 32.7621955871582 446.357666015625
v 45.414093017578125 33.945186614990234 444.3243713378906
v 46.05458450317383 33.64060974121094 284.91607666015625
v 44.827369689941406 34.55067825317383 408.4345703125
v 44.39530563354492 35.407047271728516 434.0992431640625
v 45.05501174926758 34.78812789916992 247.87925720214844
v 44.89056396484375 37.119422912597656 434.6479187011719
v 44.66749572753906 36.3573112487793 435.1521911621094
v 45.13044357299805 38.249351501464844 410.9932556152344
v 46.07505798339844 41.76982498168945 291.81365966796875
v 44.759132385253906 41.320674896240234 423.9836730957031
v 44.77679443359375 40.64356231689453 422.1100769042969
v 44.8603630065918 41.592735290527344 410.2564392089844
v 45.417232513427734 42.13945388793945 402.0686340332031
v 46.43709182739258 44.008148193359375 253.21356201171875
v 45.95756912231445 48.19833755493164 375.150390625
v 45.426090240478516 47.23935317993164 254.35348510742188
v 46.561309814453125 47.94081115722656 255.15174865722656
v 45.64543914794922 52.047401428222656 258.0496826171875
v 45.424076080322266 54.18192672729492 373.2054748535156
v 45.484222412109375 64.40093231201172 384.17657470703125
v 45.460182189941406 61.46123123168945 271.1945495605469
v 44.67057418823242 62.867305755615234 364.6920166015625
v 45.28761672973633 67.53644561767578 288.6272888183594
v 44.76924133300781 67.95173645019531 363.9837951660156
v 45.13493347167969 70.43377685546875 364.90557861328125
v 44.68964385986328 70.85746765136719 372.2599182128906
v 44.972068786621094 71.26560974121094 368.6380310058594
v 45.90640640258789 -15.294815063476562 40.814212799072266
v 46.00629425048828 -11.146454811096191 60.03178787231445
v 47.000640869140625 -4.83608341217041 45.129615783691406
v 47.22578811645508 -4.273918151855469 48.160099029541016
v 45.0969123840332 12.544743537902832 492.5400085449219
v 45.87761688232422 12.872214317321777 500.75482177734375
v 45.55583572387695 12.590940475463867 518.514404296875
v 45.33574295043945 11.94843578338623 450.4446105957031
v 45.56613540649414 12.018810272216797 456.1331481933594
v 45.32811737060547 12.394675254821777 445.5892028808594
v 45.46832275390625 12.737293243408203 514.3936157226562
v 45.51799392700195 13.03720760345459 512.4898071289062
v 44.510650634765625 14.267786026000977 506.1601257324219
v 45.12411117553711 13.240692138671875 505.95880126953125
v 44.8428840637207 14.302050590515137 509.0906982421875
v 44.954288482666016 13.500768661499023 509.67767333984375
v 45.16830062866211 14.12073802947998 512.1553955078125
v 45.23280334472656 13.611861228942871 502.2237548828125
v 45.60723114013672 13.858552932739258 439.6560363769531
v 44.73421859741211 15.207270622253418 506.2956848144531
v 45.24814224243164 15.159634590148926 508.3905334472656
v 45.46100997924805 16.002384185791016 515.0161743164062
v 45.585479736328125 15.413307189941406 433.34356689453125
v 45.74324417114258 15.405691146850586 469.6563415527344
v 45.38372039794922 15.732736587524414 473.9376525878906
v 45.34675598144531 15.206594467163086 479.8719482421875
v 45.76388931274414 15.761261940002441 476.1673889160156
v 45.52812576293945 18.160293579101562 242.8994598388672
v 45.290260314941406 17.042484283447266 442.55474853515625
v 45.565860748291016 18.53260612487793 439.0629577636719
v 45.44261169433594 18.767118453979492 461.468017578125
v 45.092071533203125 19.63945960998535 435.74395751953125
v 45.62748718261719 21.15158462524414 253.39071655273438
v 45.922218322753906 19.75166130065918 425.4156188964844
v 45.75078582763672 20.691957473754883 468.8076477050781
v 45.67866134643555 20.741382598876953 471.9585876464844
v 45.457523345947266 22.097604751586914 557.1224975585938
v 45.53059005737305 26.452713012695312 557.3892211914062
v 45.31964874267578 27.075681686401367 556.1552734375
v 45.748199462890625 25.486530303955078 242.19973754882812
v 46.463993072509766 25.728883743286133 378.92974853515625
v 46.24861526489258 28.514690399169922 279.66156005859375
v 45.28706359863281 28.925142288208008 244.18603515625
v 46.01531219482422 29.17510986328125 429.6392517089844
v 46.1552848815918 30.165428161621094 551.1981811523438
v 45.39460754394531 31.09781265258789 550.0626220703125
v 45.74551010131836 31.405004501342773 552.4470825195312
v 45.84635925292969 32.22023391723633 426.2658386230469
v 45.91043472290039 33.846893310546875 424.06988525390625
v 45.15089797973633 33.860286712646484 434.36822509765625
v 44.92713165283203 35.25508499145508 436.301025390625
v 45.410301208496094 36.539005279541016 449.7831726074219
v 45.80632019042969 37.19646453857422 249.59332275390625
v 45.94783401489258 37.40774154663086 411.7076721191406
v 45.45160675048828 37.731903076171875 434.57769775390625
v 45.77678298950195 38.091949462890625 432.0199279785156
v 47.670433044433594 42.49816131591797 253.17945861816406
v 46.385231018066406 42.14478302001953 376.1645202636719
v 45.50406265258789 39.64944076538086 412.89422607421875
v 45.722354888916016 42.6041374206543 424.417236328125
v 45.621028900146484 43.35660171508789 408.1788635253906
v 46.000267028808594 49.9523811340332 296.61016845703125
v 45.35032653808594 57.43090057373047 391.0982971191406
v 45.93429183959961 57.93220901489258 299.7760314941406
v 45.4162483215332 58.93737030029297 366.4863586425781
v 45.8360595703125 56.465667724609375 369.7510070800781
v 45.48765182495117 60.711875915527344 364.5096130371094
v 45.979827880859375 63.56272888183594 300.21783447265625
v 45.74802780151367 65.0762939453125 298.95404052734375
v 45.87797546386719 66.74417877197266 297.62078857421875
v 45.03036117553711 65.22329711914062 363.0796203613281
v 45.75015640258789 67.822509765625 291.6324768066406
v 45.322509765625 68.50469970703125 361.34600830078125
v 46.20347213745117 68.9275131225586 379.05096435546875
v 45.58626937866211 70.72469329833984 362.0574035644531
v 46.41377639770508 -22.35405158996582 50.929134368896484
v 46.37435531616211 -21.641136169433594 47.79534912109375
v 46.09840393066406 -19.543264389038086 58.13674545288086
v 46.49205017089844 -17.98200225830078 59.241188049316406
v 47.377471923828125 -7.469947338104248 56.16722869873047
v 45.84269714355469 11.658760070800781 452.7150573730469
v 45.94235610961914 13.036293029785156 442.0101318359375
v 46.062374114990234 13.80374813079834 523.2310180664062
v 45.58512878417969 13.835494995117188 461.6728515625
v 45.87042999267578 13.830866813659668 488.3536071777344
v 45.50946807861328 12.74458122253418 510.07366943359375
v 45.66791915893555 13.465378761291504 504.0008544921875
v 45.556922912597656 14.68255615234375 435.83929443359375
v 45.67637634277344 14.965129852294922 466.45751953125
v 45.57863235473633 14.984136581420898 511.16522216796875
v 45.5723991394043 15.116445541381836 512.38818359375
v 45.60023498535156 16.905838012695312 448.6307678222656
v 45.61552810668945 16.39247703552246 495.95111083984375
v 46.636085510253906 16.2369327545166 499.8403625488281
v 45.521942138671875 16.698251724243164 501.3162841796875
v 45.46329879760742 20.09090232849121 246.79576110839844
v 45.574981689453125 19.968841552734375 239.65858459472656
v 45.806365966796875 20.182973861694336 245.4865264892578
v 45.71131134033203 19.879383087158203 464.9052734375
v 47.28564453125 23.426742553710938 260.0257568359375
v 46.40179443359375 22.583932876586914 261.21368408203125
v 45.825382232666016 22.174762725830078 425.5328674316406
v 45.86181640625 22.302419662475586 241.1149444580078
v 45.974300384521484 25.40529441833496 554.4752197265625
v 45.61940002441406 25.690826416015625 243.0995330810547
v 46.059749603271484 28.931543350219727 246.40658569335938
v 46.20387649536133 29.4702091217041 247.49765014648438
v 46.85630416870117 31.4305362701416 407.4344787597656
v 46.85791015625 31.410783767700195 378.9349060058594
v 46.33769989013672 31.58383560180664 549.3004760742188
v 46.682823181152344 31.528148651123047 427.0645751953125
v 46.729488372802734 33.30387878417969 408.9162902832031
v 45.30073547363281 34.33913040161133 436.07415771484375
v 47.019187927246094 34.46426773071289 442.67303466796875
v 46.62517166137695 37.484004974365234 420.3939514160156
v 45.75136947631836 35.858154296875 439.27972412109375
v 46.5062255859375 35.5958251953125 410.8406066894531
v 46.69496154785156 35.3977165222168 249.92367553710938
v 46.896854400634766 35.763404846191406 287.0736999511719
v 45.4870491027832 38.92955780029297 420.64208984375
v 46.095951080322266 37.0927734375 438.8783874511719
v 45.498695373535156 41.485774993896484 419.446044921875
v 46.236175537109375 41.546321868896484 427.62530517578125
v 46.01188278198242 42.58036422729492 403.683349609375
v 45.52385711669922 42.70510482788086 421.0422668457031
v 46.19955062866211 44.3843879699707 412.59063720703125
v 46.34394073486328 44.15454864501953 375.5943298339844
v 47.372657775878906 44.31344985961914 293.5750732421875
v 47.4333381652832 46.357330322265625 398.2938232421875
v 46.06598663330078 51.07291793823242 395.08642578125
v 47.37921142578125 53.48509216308594 259.53125
v 46.59575271606445 60.5720100402832 390.0604553222656
v 46.674800872802734 65.35401153564453 385.1204528808594
v 45.76852035522461 63.15337371826172 362.4994201660156
v 46.16969299316406 66.44715118408203 282.5396728515625
v 46.98527145385742 68.72522735595703 286.88189697265625
v 45.7800178527832 65.80859375 360.15509033203125
v 46.139713287353516 70.00188446044922 377.51971435546875
v 46.34904098510742 72.49201202392578 373.8851623535156
v 45.851165771484375 72.52737426757812 371.91253662109375
v 47.00669479370117 -19.68741798400879 57.3254508972168
v 47.865638732910156 -19.396724700927734 43.56291198730469
v 47.27378463745117 -17.577131271362305 41.65715026855469
v 47.30549240112305 -12.962860107421875 59.96942901611328
v 47.26837921142578 -13.144576072692871 39.24636459350586
v 46.59867858886719 -10.666763305664062 39.60843276977539
v 46.57652282714844 -8.70944595336914 40.3195686340332
v 46.7002067565918 -7.067816734313965 41.38051986694336
v 46.31767272949219 11.86518383026123 497.67034912109375
v 46.327735900878906 11.692699432373047 448.84454345703125
v 45.99483108520508 12.719051361083984 492.6678771972656
v 45.958038330078125 12.429736137390137 520.417724609375
v 46.64102554321289 12.200060844421387 444.3312683105469
v 46.16080093383789 12.806650161743164 506.5921936035156
v 47.14441680908203 15.268180847167969 519.3569946289062
v 46.147499084472656 15.91335391998291 506.26300048828125
v 46.39653778076172 16.04593276977539 518.7551879882812
v 46.12509536743164 17.37725257873535 428.9961242675781
v 46.12791442871094 16.807987213134766 503.7574768066406
v 46.10881042480469 17.274208068847656 444.7171630859375
v 46.68632888793945 16.998844146728516 451.5729064941406
v 46.48464584350586 16.82771110534668 501.81475830078125
v 46.53227996826172 19.071430206298828 426.8976135253906
v 46.61677551269531 17.482019424438477 442.7666015625
v 46.685272216796875 17.707317352294922 491.9437561035156
v 46.41101837158203 18.779129028320312 461.64337158203125
v 46.055782318115234 20.000171661376953 435.3506164550781
v 46.57187271118164 18.37970542907715 488.39678955078125
v 46.3198127746582 20.48287582397461 475.44427490234375
v 46.06733322143555 22.054550170898438 244.37315368652344
v 46.58426284790039 20.491296768188477 434.0021057128906
v 46.27019119262695 22.26250457763672 250.671875
v 47.138668060302734 22.58234405517578 400.76043701171875
v 45.92715835571289 23.163747787475586 244.59149169921875
v 46.26862716674805 22.265182495117188 255.73056030273438
v 46.50114059448242 24.02792739868164 248.69444274902344
v 46.88275146484375 23.28777313232422 266.3736877441406
v 46.89799499511719 21.270780563354492 428.2801208496094
v 46.205875396728516 21.867507934570312 429.24591064453125
v 46.647132873535156 24.019718170166016 557.969482421875
v 46.7912712097168 27.172752380371094 557.408935546875
v 46.07710647583008 26.4123477935791 245.52415466308594
v 45.86951446533203 27.746963500976562 553.458251953125
v 47.6629753112793 29.05440902709961 379.0695495605469
v 46.07205581665039 29.300891876220703 554.3486938476562
v 46.11383056640625 29.778905868530273 552.0115966796875
v 46.79008865356445 31.505958557128906 249.19967651367188
v 46.95427703857422 29.62822914123535 433.7685241699219
v 46.745574951171875 32.96134948730469 434.28173828125
v 46.95201873779297 33.42154312133789 549.3641357421875
v 46.51358413696289 32.96905517578125 443.6881103515625
v 46.25693130493164 34.37310791015625 439.0696716308594
v 47.40242004394531 35.21649932861328 448.5710754394531
v 47.087806701660156 35.733150482177734 442.9959716796875
v 47.796363830566406 37.08909225463867 444.5460510253906
v 47.589210510253906 37.19467544555664 446.6814880371094
v 47.88371276855469 38.87937545776367 289.8701171875
v 46.049339294433594 39.85518264770508 418.7037353515625
v 45.806732177734375 41.957881927490234 415.2569580078125
v 46.190711975097656 40.07646179199219 415.5267639160156
v 46.2021369934082 40.52440643310547 417.0810546875
v 45.90236282348633 41.85675048828125 417.1890869140625
v 46.45664978027344 43.75217819213867 406.1916198730469
v 46.19843292236328 44.11004638671875 415.4721374511719
v 45.98021697998047 43.41866683959961 417.65087890625
v 46.2738151550293 43.886131286621094 421.87213134765625
v 47.16752624511719 47.529293060302734 295.8433532714844
v 47.29474639892578 49.26732635498047 396.7592468261719
v 47.049285888671875 50.67224884033203 373.3801574707031
v 47.809303283691406 55.39429473876953 300.8784484863281
v 46.73583221435547 57.564945220947266 392.40789794921875
v 46.79964065551758 60.842247009277344 301.7462463378906
v 47.13300323486328 60.25000762939453 267.77923583984375
v 47.383323669433594 60.25288772583008 268.32928466796875
v 47.321556091308594 61.121891021728516 270.2627868652344
v 46.84580612182617 61.28548812866211 362.090576171875
v 46.341487884521484 68.39532470703125 296.0504150390625
v 46.69358444213867 68.57807159423828 380.8271179199219
v 46.20716094970703 68.2166976928711 358.9159851074219
v 46.06575393676758 70.28516387939453 360.0534973144531
v 46.56342697143555 73.24954223632812 363.65814208984375
v 46.10188293457031 72.84691619873047 369.5098571777344
v 47.19489288330078 11.564940452575684 451.7980041503906
v 46.86054229736328 12.021281242370605 456.2510986328125
v 46.74428939819336 13.051026344299316 500.185791015625
v 46.48651885986328 12.602437019348145 516.8955078125
v 46.5306510925293 13.790098190307617 461.1110534667969
v 46.62285614013672 12.618885040283203 512.05419921875
v 46.72736358642578 13.128859519958496 520.37451171875
v 46.7763786315918 13.804817199707031 521.2215576171875
v 46.64301681518555 14.241307258605957 488.3674011230469
v 46.60515213012695 13.618847846984863 502.61224365234375
v 46.62031555175781 14.264474868774414 436.6054992675781
v 46.52446365356445 14.935349464416504 465.8594665527344
v 47.086483001708984 15.00682258605957 435.0120849609375
v 46.69508361816406 15.823628425598145 479.72833251953125
v 46.54170608520508 15.943807601928711 473.8855895996094
v 46.900596618652344 15.072806358337402 510.594970703125
v 46.59376907348633 16.1074275970459 515.15087890625
v 46.98257064819336 15.213190078735352 496.3151550292969
v 46.622215270996094 16.287071228027344 494.5332336425781
v 46.638912200927734 17.141599655151367 448.5364685058594
v 46.72957229614258 17.56006622314453 456.1298522949219
v 46.85821533203125 19.676599502563477 464.7355651855469
v 47.09562683105469 20.47756576538086 469.6813049316406
v 46.93083953857422 20.381113052368164 427.07415771484375
v 46.544715881347656 23.502281188964844 251.36703491210938
v 46.82237243652344 23.438180923461914 557.2988891601562
v 47.4202766418457 24.120914459228516 555.7315673828125
v 47.174110412597656 24.77418327331543 554.75634765625
v 47.73695755004883 26.936098098754883 557.3955078125
v 46.65415954589844 26.33196449279785 248.02212524414062
v 47.31955337524414 27.39669418334961 277.3912353515625
v 46.125606536865234 30.335710525512695 553.2368774414062
v 47.3396110534668 28.148025512695312 429.202392578125
v 46.831687927246094 31.364797592163086 553.383544921875
v 46.90306091308594 32.205162048339844 445.6542053222656
v 47.116580963134766 32.48257827758789 552.5833740234375
v 47.284244537353516 33.56595993041992 435.5520935058594
v 46.57892990112305 33.7071647644043 437.24237060546875
v 47.02619934082031 33.91476821899414 551.5584716796875
v 47.45743179321289 36.46149444580078 443.4348449707031
v 46.49755859375 37.95360565185547 436.1995849609375
v 47.14347457885742 39.0445442199707 416.5422058105469
v 48.540836334228516 40.95878219604492 253.1860809326172
v 46.68379592895508 43.424522399902344 400.6381530761719
v 46.77023696899414 42.54560470581055 401.4869689941406
v 46.98808288574219 45.326778411865234 411.42730712890625
v 46.477806091308594 44.72718048095703 419.8180236816406
v 46.97901153564453 45.49913024902344 416.4160461425781
v 47.65296936035156 48.414390563964844 255.7772979736328
v 47.29905319213867 52.358665466308594 372.18035888671875
v 47.62845230102539 52.96148681640625 395.1405029296875
v 48.16211700439453 56.63108825683594 262.9890441894531
v 47.05986022949219 55.90381622314453 368.18975830078125
v 46.97368240356445 58.30466079711914 364.5435791015625
v 47.11863708496094 63.03227615356445 359.1976623535156
v 46.66997146606445 65.61659240722656 302.1495666503906
v 47.8760986328125 66.80775451660156 281.1437683105469
v 46.602535247802734 67.5025634765625 301.048583984375
v 46.708221435546875 66.2633056640625 358.1705627441406
v 47.43638610839844 70.171142578125 293.9828796386719
v 46.327816009521484 69.28865814208984 356.3659362792969
v 46.031131744384766 69.22522735595703 354.9910888671875
v 46.334285736083984 71.63838958740234 356.83758544921875
v 46.13003158569336 73.00685119628906 356.441162109375
v 46.26885986328125 70.57689666748047 352.5011901855469
v 46.21665954589844 73.05333709716797 353.6833190917969
v 46.50004196166992 72.53502655029297 361.2776794433594
v 46.78985595703125 75.53434753417969 354.70880126953125
v 48.06896209716797 -21.680219650268555 48.66526794433594
v 47.36140441894531 -20.985624313354492 55.90928649902344
v 49.29389572143555 -17.56351661682129 57.98374557495117
v 49.79447555541992 -15.341079711914062 58.468955993652344
v 48.612613677978516 -4.597898960113525 50.84514236450195
v 46.829376220703125 13.237357139587402 493.7497253417969
v 47.126407623291016 12.906553268432617 497.6566162109375
v 47.090087890625 12.975335121154785 507.7745361328125
v 47.00819778442383 13.499835968017578 440.20208740234375
v 47.15627670288086 13.777963638305664 491.3501892089844
v 47.43527603149414 15.729460716247559 433.1659240722656
v 47.34408187866211 15.567672729492188 467.3982849121094
v 47.03063201904297 15.61117172241211 506.1396484375
v 47.19013595581055 17.238197326660156 430.1935729980469
v 47.05937576293945 16.529550552368164 475.9125671386719
v 47.08460998535156 16.46647071838379 504.1474304199219
v 48.17218780517578 18.870243072509766 396.1689758300781
v 47.170310974121094 18.37396240234375 439.9815673828125
v 46.956138610839844 19.045989990234375 481.26177978515625
v 47.09756088256836 20.04886245727539 474.7292175292969
v 47.4771728515625 20.386272430419922 432.9936218261719
v 47.116004943847656 24.041128158569336 254.18780517578125
v 48.29613494873047 23.526723861694336 380.6407775878906
v 49.40557098388672 28.35504913330078 403.0340270996094
v 46.80466079711914 25.973037719726562 249.63485717773438
v 48.336387634277344 26.278764724731445 273.9300537109375
v 47.06966781616211 27.076045989990234 552.636962890625
v 47.172142028808594 28.50567626953125 403.5260925292969
v 47.54227066040039 27.400758743286133 430.4547424316406
v 48.36372375488281 31.22197914123535 281.95654296875
v 47.19380569458008 30.118261337280273 550.6920776367188
v 48.106849670410156 30.1072998046875 434.38873291015625
v 47.32512664794922 32.19004440307617 444.4125061035156
v 47.160335540771484 33.37803649902344 447.778564453125
v 47.78573226928711 33.5118522644043 250.91397094726562
v 47.097373962402344 33.92538833618164 284.7364196777344
v 47.18266296386719 34.9241828918457 440.8197326660156
v 47.139923095703125 35.776397705078125 440.85107421875
v 48.69955062866211 35.48066329956055 376.7976379394531
v 47.7895622253418 37.008819580078125 440.70916748046875
v 47.20451736450195 36.653995513916016 412.61199951171875
v 48.386932373046875 36.23007583618164 447.3255920410156
v 47.24757385253906 38.36648178100586 432.13421630859375
v 46.97892379760742 38.58943557739258 418.5555114746094
v 48.003170013427734 43.172386169433594 403.052734375
v 47.858253479003906 44.47185134887695 406.0126037597656
v 47.26995086669922 43.94995880126953 424.1219482421875
v 47.81510543823242 47.553382873535156 373.9764709472656
v 48.30340576171875 50.01694107055664 298.1372375488281
v 48.845157623291016 50.31846618652344 257.7431640625
v 48.0775260925293 58.74051284790039 265.4158935546875
v 48.673038482666016 60.68113327026367 269.5249938964844
v 47.3897705078125 63.12470626831055 303.7567138671875
v 47.17526626586914 65.8803482055664 353.9937438964844
v 47.02570343017578 66.36019897460938 355.9057922363281
v 46.881065368652344 69.56237030029297 299.6217346191406
v 47.09469985961914 67.54654693603516 351.62481689453125
v 47.3851318359375 69.34033203125 289.4896545410156
v 46.99314498901367 74.37379455566406 357.5431823730469
v 46.798423767089844 71.798828125 350.6072082519531
v 46.86753845214844 74.25250244140625 351.6447448730469
v 47.71406173706055 74.83329772949219 362.7091369628906
v 47.471641540527344 74.21587371826172 370.32000732421875
v 47.48860168457031 76.25053405761719 357.9264831542969
v 48.12948226928711 -21.924837112426758 52.51787567138672
v 48.438968658447266 -15.559261322021484 39.56714630126953
v 49.53778839111328 -8.678844451904297 56.513099670410156
v 48.642967224121094 -4.949052810668945 42.465911865234375
v 47.99764633178711 -4.318967342376709 46.38653564453125
v 47.72296142578125 12.021297454833984 447.14654541015625
v 48.014976501464844 12.621661186218262 444.14019775390625
v 47.20173645019531 13.609542846679688 495.71630859375
v 47.268585205078125 12.980892181396484 510.1256103515625
v 47.378257751464844 12.936498641967773 515.4723510742188
v 48.01368713378906 12.63735580444336 456.585693359375
v 47.300785064697266 14.060009956359863 501.6495666503906
v 47.30320739746094 13.793445587158203 505.0953063964844
v 47.809505462646484 14.393745422363281 437.391845703125
v 47.423282623291016 14.442781448364258 461.5318908691406
v 47.28714370727539 14.701155662536621 494.2623596191406
v 47.76948165893555 15.216432571411133 491.66973876953125
v 47.469661712646484 15.418012619018555 488.148193359375
v 47.56684112548828 16.749834060668945 491.5210876464844
v 47.436832427978516 16.16796112060547 502.3580627441406
v 47.381675720214844 15.09670639038086 508.0289001464844
v 47.49617004394531 15.69641399383545 515.3580322265625
v 47.41783905029297 16.90806007385254 479.7901306152344
v 47.82744598388672 17.04303741455078 447.838134765625
v 47.53691101074219 16.85017204284668 450.2121887207031
v 47.863277435302734 16.737573623657227 453.1233825683594
v 47.788822174072266 17.209854125976562 442.6538391113281
v 47.710697174072266 17.29288673400879 457.1602478027344
v 47.568084716796875 16.895071029663086 488.39862060546875
v 47.30473327636719 18.362842559814453 482.0267333984375
v 47.48747253417969 18.191261291503906 461.91241455078125
v 47.441497802734375 20.670635223388672 430.90386962890625
v 48.3828239440918 25.038639068603516 257.9957275390625
v 48.80418014526367 24.435882568359375 264.6917724609375
v 48.912471771240234 24.701656341552734 267.87750244140625
v 47.61992645263672 26.500022888183594 252.26190185546875
v 48.62812042236328 27.03456687927246 275.4239807128906
v 48.437686920166016 26.526626586914062 432.0099792480469
v 48.2339973449707 27.342262268066406 433.2626953125
v 47.45795822143555 28.86278533935547 250.6675262451172
v 48.22425842285156 30.088281631469727 405.97308349609375
v 47.44801712036133 31.21285629272461 549.8464965820312
v 48.48955154418945 32.03670120239258 282.491455078125
v 48.108036041259766 33.16103744506836 284.0724792480469
v 48.09529113769531 33.58465576171875 423.9944152832031
v 47.84368896484375 33.2358283996582 442.9203186035156
v 47.52059555053711 33.921302795410156 440.0772705078125
v 48.32625961303711 32.224124908447266 550.7764282226562
v 48.270870208740234 34.42612075805664 410.6566467285156
v 47.78790283203125 37.81474304199219 438.6794738769531
v 47.49247741699219 37.9120979309082 436.5032958984375
v 47.91135025024414 39.72404861450195 430.2719421386719
v 48.99026870727539 41.32371139526367 375.1001281738281
v 48.32468795776367 41.798301696777344 427.96331787109375
v 50.15665817260742 45.440250396728516 399.3736572265625
v 48.23809814453125 46.220088958740234 411.0593566894531
v 48.34583282470703 45.85764694213867 421.34222412109375
v 47.87609100341797 45.53401184082031 254.4091339111328
v 47.6917839050293 53.5730094909668 370.5644226074219
v 48.4680290222168 58.35233688354492 303.1542053222656
v 48.63242721557617 59.455108642578125 361.51580810546875
v 49.84292984008789 64.84614562988281 276.0243835449219
v 48.647579193115234 66.49635314941406 386.11944580078125
v 48.16828918457031 63.692535400390625 357.1225280761719
v 47.0368766784668 69.23760223388672 304.2119140625
v 47.32879638671875 67.33415985107422 305.7356872558594
v 47.38138198852539 69.1651382446289 349.70440673828125
v 47.729976654052734 71.56875610351562 297.97650146484375
v 47.19099426269531 71.4291000366211 303.0120849609375
v 47.15593719482422 73.31407928466797 348.82275390625
v 48.45673370361328 74.74857330322266 372.2931823730469
v 47.511085510253906 76.25059509277344 350.10406494140625
v 47.094661712646484 73.48715209960938 347.1137390136719
v 47.364959716796875 76.46379852294922 348.3315124511719
v 47.46636199951172 76.56575775146484 352.73284912109375
v 49.51052474975586 -20.17173957824707 45.013587951660156
v 49.042293548583984 -11.179753303527832 38.16435241699219
v 48.72953796386719 -8.687911987304688 38.89322280883789
v 48.750831604003906 -6.533581256866455 40.256465911865234
v 48.59798049926758 -7.002102851867676 55.28889846801758
v 48.27415084838867 12.060989379882812 451.8970642089844
v 48.05631637573242 13.743355751037598 441.04486083984375
v 47.77069091796875 13.98965835571289 508.0085754394531
v 47.92469024658203 13.871658325195312 512.32080078125
v 47.91852569580078 13.668959617614746 516.1264038085938
v 47.641807556152344 14.896385192871094 501.4669494628906
v 47.551631927490234 14.08629035949707 510.0691833496094
v 47.86081314086914 14.73788833618164 503.8341064453125
v 47.55507278442383 14.640731811523438 506.0795593261719
v 47.98590087890625 14.62409782409668 516.6173095703125
v 47.80595016479492 14.845481872558594 513.2738647460938
v 48.02792739868164 15.725420951843262 463.63067626953125
v 47.821266174316406 15.605018615722656 503.8113708496094
v 48.150970458984375 16.61079978942871 469.51983642578125
v 47.605674743652344 17.646991729736328 476.79779052734375
v 49.27808380126953 18.38685417175293 393.33026123046875
v 48.1513557434082 18.4049129486084 438.3110656738281
v 48.1924934387207 16.888072967529297 458.1512145996094
v 47.6806640625 18.483610153198242 476.4729309082031
v 47.976165771484375 18.79378318786621 464.91009521484375
v 48.02587127685547 18.84397315979004 436.453369140625
v 48.08700942993164 19.63690948486328 469.4306335449219
v 47.89089584350586 19.738773345947266 430.21453857421875
v 48.1917839050293 18.614097595214844 430.9130859375
v 48.84407424926758 21.71464729309082 399.0793151855469
v 49.5345458984375 22.996652603149414 381.8608093261719
v 48.49481964111328 25.445642471313477 556.4171142578125
v 51.32342529296875 28.830856323242188 402.5902404785156
v 48.18577575683594 26.587886810302734 557.119873046875
v 47.98360824584961 27.291072845458984 552.3367919921875
v 49.67799758911133 26.478979110717773 380.518798828125
v 49.42626953125 28.675458908081055 278.2027587890625
v 48.68036651611328 28.25887107849121 428.49505615234375
v 48.49411392211914 31.794376373291016 251.97183227539062
v 48.742340087890625 30.03268814086914 379.53082275390625
v 48.11033630371094 30.71328353881836 550.7721557617188
v 48.335689544677734 31.04400634765625 553.9332885742188
v 48.02988052368164 33.087284088134766 434.31292724609375
v 48.40334701538086 32.11723327636719 445.0630187988281
v 48.79706573486328 32.40534591674805 446.18255615234375
v 48.33253860473633 33.86863327026367 437.2247009277344
v 48.64500045776367 33.42624282836914 439.92425537109375
v 48.057777404785156 33.59307098388672 441.7257995605469
v 48.49897003173828 35.94451141357422 412.7922058105469
v 48.81792449951172 36.594154357910156 420.2535400390625
v 48.48517608642578 37.162925720214844 442.9219970703125
v 48.38004684448242 37.910430908203125 416.8757019042969
v 48.810821533203125 37.46174240112305 418.455810546875
v 47.95109939575195 37.998714447021484 434.0227355957031
v 48.166725158691406 41.55104446411133 291.9612121582031
v 48.483856201171875 44.072940826416016 424.68609619140625
v 48.49187088012695 42.683101654052734 401.2813720703125
v 50.50190353393555 49.01173400878906 298.4225769042969
v 48.25426483154297 46.7083854675293 416.8984069824219
v 48.6442985534668 57.72758483886719 393.6234130859375
v 48.54325485229492 61.56514358520508 390.9257507324219
v 47.96053695678711 65.5744857788086 307.03106689453125
v 48.365203857421875 69.34236145019531 381.99267578125
v 47.71137237548828 69.06857299804688 308.4525146484375
v 47.434932708740234 72.2735366821289 306.2765808105469
v 48.546531677246094 71.63107299804688 378.7337341308594
v 47.57573699951172 70.58676147460938 347.89453125
v 47.8603630065918 73.19715118408203 300.9903869628906
v 47.49327850341797 72.02922058105469 309.6133117675781
v 48.14698028564453 72.99920654296875 343.2769775390625
v 47.58698272705078 70.32137298583984 346.6444396972656
v 47.53391647338867 74.3532943725586 308.03314208984375
v 48.60015869140625 74.21733093261719 374.4512939453125
v 48.16437530517578 75.39994812011719 304.16558837890625
v 47.68045425415039 75.26848602294922 310.39984130859375
v 47.814945220947266 71.77487182617188 312.1947326660156
v 47.554481506347656 72.8576431274414 312.51934814453125
v 47.54682540893555 76.70809173583984 313.015869140625
v 47.577327728271484 73.900390625 314.35260009765625
v 49.49302291870117 76.54122161865234 363.9744567871094
v 47.52630615234375 73.45780944824219 315.5616455078125
v 47.51091766357422 76.7433090209961 317.4975891113281
v 47.825767517089844 74.05125427246094 318.8213806152344
v 47.44679641723633 77.24581146240234 313.5402526855469
v 47.49961853027344 76.33434295654297 319.4766845703125
v 48.57991027832031 76.99402618408203 358.7337951660156
v 48.29897689819336 76.43343353271484 343.0491027832031
v 48.17108154296875 78.93216705322266 349.7607421875
v 47.88340759277344 77.5767822265625 355.9339294433594
v 47.734771728515625 79.26473999023438 316.6923828125
v 47.48435592651367 78.51876068115234 318.83807373046875
v 47.65837860107422 78.39886474609375 326.0903015136719
v 47.7425537109375 80.32823944091797 328.87481689453125
v 47.76044845581055 76.82543182373047 328.9269104003906
v 47.70420837402344 80.66729736328125 323.734619140625
v 47.81270980834961 80.75601959228516 318.32275390625
v 48.7246208190918 -19.141042709350586 57.26637649536133
v 49.398460388183594 -17.729656219482422 41.03720474243164
v 49.74800109863281 -10.25511646270752 57.5455207824707
v 50.50995635986328 -5.4871110916137695 52.26451873779297
v 48.49995422363281 12.795374870300293 454.1105041503906
v 48.5770149230957 13.664034843444824 457.2962646484375
v 48.230587005615234 15.412569046020508 460.66424560546875
v 48.22023391723633 15.882612228393555 435.21038818359375
v 48.545562744140625 17.206119537353516 433.1650085449219
v 48.55910873413086 16.64040184020996 442.29339599609375
v 48.38084030151367 16.398380279541016 450.8470153808594
v 48.191261291503906 16.686084747314453 461.51922607421875
v 48.54107666015625 17.79200553894043 469.3525390625
v 48.48591232299805 18.682098388671875 469.5575256347656
v 48.45735549926758 19.03788185119629 433.2911376953125
v 49.740169525146484 20.746604919433594 383.93719482421875
v 49.15637969970703 26.662363052368164 554.3903198242188
v 48.83324432373047 26.570205688476562 256.1824035644531
v 48.83931350708008 27.36172103881836 552.7254638671875
v 49.037872314453125 28.365615844726562 254.4921875
v 49.65519714355469 27.25776481628418 434.4090270996094
v 48.512840270996094 29.012510299682617 551.3984985351562
v 48.963748931884766 29.887840270996094 253.3633270263672
v 51.13178634643555 34.139915466308594 377.1506042480469
v 48.685794830322266 31.976062774658203 426.7256164550781
v 48.4964714050293 31.702932357788086 552.0542602539062
v 49.026981353759766 32.799869537353516 443.36529541015625
v 49.020545959472656 32.94460678100586 446.7631530761719
v 49.17565155029297 32.12608337402344 408.2054138183594
v 49.5212516784668 34.26249694824219 447.0715026855469
v 49.837738037109375 37.133766174316406 376.1807556152344
v 48.73704528808594 36.996517181396484 445.1853942871094
v 48.85203552246094 37.51332473754883 438.2366638183594
v 48.651771545410156 37.333534240722656 436.4521789550781
v 48.680152893066406 38.70886993408203 252.5651397705078
v 48.877685546875 38.07415008544922 431.96356201171875
v 49.11420440673828 44.34004211425781 374.0801696777344
v 49.11476135253906 49.653968811035156 372.4924621582031
v 49.68227005004883 51.87919998168945 259.1527404785156
v 49.42897033691406 53.87455749511719 301.3091735839844
v 49.94696807861328 51.03968048095703 371.10382080078125
v 50.05014419555664 52.76128005981445 396.3795471191406
v 49.17996597290039 55.49692153930664 365.8744812011719
v 49.93196487426758 57.29880905151367 264.2669677734375
v 48.74819564819336 60.66891098022461 304.99249267578125
v 49.063236236572266 60.59123229980469 358.9638671875
v 49.09874725341797 65.74701690673828 310.1866455078125
v 48.685272216796875 63.63992691040039 353.601318359375
v 48.62288284301758 63.5338020324707 355.7455139160156
v 48.22773742675781 65.94788360595703 350.6651306152344
v 49.3657341003418 68.98533630371094 283.8054504394531
v 48.73371124267578 67.57893371582031 347.31103515625
v 49.65965270996094 70.0169677734375 285.8950500488281
v 48.789833068847656 67.71583557128906 345.83673095703125
v 48.911041259765625 70.7547836303711 380.1859436035156
v 49.12073516845703 71.50751495361328 291.77471923828125
v 48.40919876098633 69.69193267822266 313.95477294921875
v 48.183753967285156 71.28001403808594 315.6152038574219
v 48.52640914916992 72.71980285644531 296.9190368652344
v 48.57197952270508 70.23487091064453 316.5132751464844
v 48.59505081176758 71.39466857910156 319.0693664550781
v 48.34404373168945 73.09284210205078 321.8487548828125
v 48.41554260253906 77.22746276855469 306.04095458984375
v 48.266761779785156 74.23712921142578 328.3624572753906
v 48.080631256103516 75.15081787109375 325.65948486328125
v 48.2359504699707 77.69774627685547 308.93841552734375
v 48.069847106933594 74.84112548828125 341.7506408691406
v 48.17472457885742 76.61637878417969 338.99432373046875
v 48.11149597167969 77.29181671142578 342.5650329589844
v 48.86781311035156 76.6926040649414 361.68450927734375
v 48.59745788574219 78.50196838378906 343.8849792480469
v 48.71635818481445 77.89970397949219 358.51495361328125
v 48.51279830932617 79.51367950439453 348.0933837890625
v 48.63031005859375 78.79966735839844 352.0001525878906
v 48.519134521484375 80.68461608886719 311.76995849609375
v 48.10600280761719 79.30440521240234 332.0191955566406
v 48.169734954833984 77.13953399658203 332.2452697753906
v 48.23650360107422 81.10359191894531 315.779052734375
v 48.61344909667969 83.08609771728516 317.1629333496094
v 48.64472198486328 82.29023742675781 332.5214538574219
v 48.210166931152344 82.99088287353516 322.7848205566406
v 48.43619918823242 83.42284393310547 329.12554931640625
v 49.284706115722656 -20.4816837310791 55.08021545410156
v 49.86476135253906 -13.811141967773438 38.27602767944336
v 49.99466323852539 -4.101004600524902 48.4620361328125
v 48.86658477783203 12.842467308044434 447.3955383300781
v 49.11094284057617 12.910449028015137 451.7652282714844
v 48.92577362060547 13.409509658813477 444.40966796875
v 48.74300765991211 14.136735916137695 442.4278564453125
v 48.69358444213867 15.194684982299805 437.7950744628906
v 48.93777084350586 15.034502983093262 457.1582336425781
v 48.74753189086914 17.14542579650879 435.76788330078125
v 49.168212890625 15.872241020202637 447.3899230957031
v 48.84141159057617 15.71166706085205 453.4532165527344
v 48.81810760498047 15.936784744262695 456.5274353027344
v 48.44215774536133 17.44246482849121 465.24749755859375
v 50.34960174560547 18.81522560119629 390.2349548339844
v 48.856605529785156 17.51116180419922 437.6739807128906
v 50.16657257080078 21.283702850341797 397.45635986328125
v 50.846275329589844 31.229774475097656 280.53204345703125
v 49.27341842651367 29.010377883911133 428.0785827636719
v 50.346439361572266 30.060678482055664 434.73553466796875
v 50.26773452758789 33.57337951660156 440.24993896484375
v 49.055152893066406 34.93101501464844 435.0553894042969
v 49.86196517944336 35.05255889892578 285.7311096191406
v 50.40050506591797 38.216819763183594 254.12710571289062
v 49.126651763916016 36.89096450805664 434.29443359375
v 49.81962966918945 44.188758850097656 424.55810546875
v 49.493282318115234 43.994319915771484 254.6717529296875
v 50.2608757019043 47.36687469482422 372.8566589355469
v 49.41065979003906 45.48972702026367 407.3334045410156
v 49.68101119995117 47.00721740722656 256.0316162109375
v 49.37901306152344 46.749900817871094 419.5498962402344
v 49.92156219482422 54.3346061706543 367.2291259765625
v 49.76713562011719 56.59636306762695 363.7073974609375
v 49.3519172668457 59.492271423339844 267.0765380859375
v 49.69194030761719 66.79766845703125 279.8298645019531
v 48.71246337890625 68.99987030029297 313.4599609375
v 49.68704605102539 70.28291320800781 287.04669189453125
v 49.0880126953125 70.08032989501953 342.4783935546875
v 48.82672119140625 74.92660522460938 299.6976623535156
v 48.941429138183594 71.0595474243164 340.4976501464844
v 48.4315299987793 73.98760986328125 338.674072265625
v 48.46177673339844 73.36002349853516 341.974365234375
v 49.234535217285156 71.99332427978516 325.7653503417969
v 48.36061096191406 74.74510192871094 336.6589660644531
v 49.013126373291016 71.82508850097656 336.8268737792969
v 48.70919418334961 74.0079345703125 331.7698974609375
v 48.50545883178711 76.05902862548828 332.4268493652344
v 49.03513717651367 75.47348022460938 332.65655517578125
v 48.38313293457031 77.68873596191406 335.67926025390625
v 48.82159423828125 77.55565643310547 333.2513732910156
v 48.546199798583984 79.5713882446289 340.0965881347656
v 48.30509567260742 79.23471069335938 338.78741455078125
v 49.76043701171875 79.63339233398438 357.234130859375
v 48.40842819213867 79.63340759277344 333.2348327636719
v 49.13571548461914 80.94750213623047 344.1316223144531
v 49.130859375 80.91987609863281 333.8710021972656
v 48.693355560302734 81.21179962158203 333.6172180175781
v 49.33929443359375 83.56312561035156 314.8350830078125
v 48.959800720214844 85.0612564086914 323.414794921875
v 49.89414596557617 -21.2594051361084 50.752567291259766
v 50.859249114990234 -20.39760971069336 46.773433685302734
v 50.90668487548828 -18.389095306396484 41.5361328125
v 50.797061920166016 -13.958788871765137 57.887020111083984
v 51.223426818847656 -3.707963705062866 43.841148376464844
v 49.158042907714844 13.40421199798584 449.7041320800781
v 49.075199127197266 14.056257247924805 454.24127197265625
v 49.026302337646484 15.144776344299316 442.4498291015625
v 49.06752395629883 16.19521141052246 437.81182861328125
v 48.857749938964844 16.04264259338379 442.0544738769531
v 49.24237823486328 15.091225624084473 450.26055908203125
v 49.48480224609375 14.947733879089355 451.63800048828125
v 51.333587646484375 26.702659606933594 264.4563293457031
v 49.579227447509766 25.915813446044922 430.7254333496094
v 49.531951904296875 28.437252044677734 554.3734130859375
v 50.140743255615234 26.808666229248047 429.2272644042969
v 49.39675521850586 30.143054962158203 553.8025512695312
v 49.539676666259766 29.549697875976562 552.2564697265625
v 50.34619903564453 33.473445892333984 283.18536376953125
v 49.736942291259766 34.25505065917969 433.8592834472656
v 49.2862434387207 34.88020324707031 437.0909423828125
v 49.807064056396484 34.04310607910156 410.44854736328125
v 49.9427375793457 35.440696716308594 412.5816650390625
v 50.45832443237305 38.23811340332031 289.02960205078125
v 49.53209686279297 36.753578186035156 437.8447570800781
v 49.422325134277344 37.39943313598633 441.48858642578125
v 50.31583786010742 43.521278381347656 293.53619384765625
v 50.103023529052734 42.972904205322266 402.6949157714844
v 49.89714813232422 45.820316314697266 295.5680847167969
v 50.374656677246094 46.974342346191406 411.3034973144531
v 49.93242645263672 48.7003173828125 397.9753723144531
v 49.92816162109375 47.424476623535156 416.566162109375
v 50.24222946166992 50.5067138671875 397.44927978515625
v 50.052207946777344 52.63268280029297 369.49554443359375
v 50.80913162231445 55.78584671020508 303.8407287597656
v 50.80458068847656 58.94417953491211 267.2922668457031
v 49.898860931396484 61.85417556762695 356.7223205566406
v 50.00999450683594 64.63157653808594 311.0437927246094
v 49.6858024597168 64.04840087890625 350.358154296875
v 50.212059020996094 65.94943237304688 387.8721008300781
v 49.88021469116211 66.9796142578125 315.1586608886719
v 50.00471115112305 67.95883178710938 317.9989318847656
v 49.4526252746582 70.88197326660156 322.8951721191406
v 49.70423126220703 69.72752380371094 340.938720703125
v 49.245948791503906 71.76925659179688 328.69976806640625
v 49.02389144897461 71.76498413085938 338.4533386230469
v 49.61697769165039 78.53296661376953 303.7504577636719
v 48.90412139892578 79.38426208496094 333.6641540527344
v 49.57096481323242 80.23394775390625 307.4027404785156
v 49.897281646728516 80.15576171875 354.559814453125
v 49.33909606933594 80.65176391601562 344.96246337890625
v 49.986080169677734 80.85509490966797 352.5121765136719
v 49.62934494018555 82.55284881591797 340.6560974121094
v 49.17945098876953 82.10901641845703 337.3836364746094
v 49.50407028198242 82.24885559082031 334.50933837890625
v 49.51752853393555 82.71511840820312 339.9353942871094
v 49.306358337402344 83.34151458740234 334.148681640625
v 49.39622116088867 85.28337097167969 330.74066162109375
v 50.48808670043945 -20.409866333007812 53.52718734741211
v 50.510406494140625 -12.008715629577637 57.79100799560547
v 49.67204284667969 -8.458587646484375 38.66413879394531
v 50.05912780761719 -11.523619651794434 37.90507888793945
v 49.77061080932617 -6.750167369842529 39.633663177490234
v 50.972835540771484 -3.591564178466797 45.84322738647461
v 49.45428466796875 14.168872833251953 447.1701965332031
v 50.449363708496094 19.635969161987305 386.8592224121094
v 52.555946350097656 27.9457950592041 401.4374084472656
v 50.769840240478516 26.064512252807617 266.40625
v 51.644126892089844 28.055368423461914 261.06292724609375
v 51.34047317504883 27.250205993652344 271.5292663574219
v 51.13178634643555 27.655635833740234 273.5921630859375
v 50.00410461425781 30.74017333984375 406.5378723144531
v 50.01760482788086 30.455089569091797 427.8184814453125
v 50.153751373291016 32.72784423828125 427.1846008300781
v 51.023746490478516 31.93723487854004 280.89117431640625
v 51.49198532104492 32.92060852050781 282.1230163574219
v 50.30647659301758 32.000640869140625 433.9073181152344
v 50.330692291259766 33.26215744018555 444.6970520019531
v 49.8099250793457 33.397579193115234 441.68792724609375
v 51.6336555480957 34.76679992675781 255.654296875
v 49.24085235595703 35.93012619018555 436.18438720703125
v 49.90629196166992 35.97746658325195 437.791748046875
v 51.29976272583008 36.455570220947266 255.0545196533203
v 50.41171646118164 37.1877326965332 417.0100402832031
v 49.710838317871094 36.68452453613281 445.2169189453125
v 49.90293884277344 38.0232048034668 431.004638671875
v 50.309513092041016 37.15848159790039 441.1402587890625
v 49.75912857055664 39.46209716796875 429.65142822265625
v 50.127655029296875 42.439083099365234 426.7632751464844
v 50.540096282958984 41.30658721923828 291.7352294921875
v 50.42721939086914 42.37771224975586 401.25836181640625
v 51.122379302978516 45.012813568115234 406.1964111328125
v 50.2254638671875 45.74464416503906 422.38641357421875
v 51.036075592041016 52.7357177734375 301.53533935546875
v 50.63200759887695 56.656227111816406 395.0119323730469
v 50.53799819946289 55.557281494140625 262.83392333984375
v 50.519222259521484 61.663612365722656 354.8930969238281
v 50.62668991088867 65.0380859375 346.7205810546875
v 50.17790985107422 65.74991607666016 345.53192138671875
v 50.348793029785156 66.32587432861328 314.6158447265625
v 50.00990295410156 68.18941497802734 342.34698486328125
v 50.6920280456543 70.66429901123047 382.2013244628906
v 50.507720947265625 68.7442398071289 337.89361572265625
v 49.867313385009766 71.1885757446289 331.48394775390625
v 50.08462905883789 70.16886138916016 335.0910949707031
v 49.7623176574707 72.8675765991211 332.2171325683594
v 49.928531646728516 74.83245849609375 296.78759765625
v 50.507774353027344 74.84033966064453 375.29974365234375
v 49.914276123046875 78.30711364746094 359.2689208984375
v 50.099857330322266 79.11305236816406 359.22796630859375
v 49.96108627319336 82.9276351928711 310.4127197265625
v 50.53334426879883 82.61221313476562 346.22430419921875
v 49.88496780395508 81.52348327636719 350.2859191894531
v 50.26362991333008 82.90130615234375 345.0012512207031
v 50.10745620727539 86.17086029052734 317.7898254394531
v 50.41441345214844 87.466552734375 329.0157775878906
v 50.8719367980957 -18.988656997680664 55.45228576660156
v 51.198429107666016 -17.64383888244629 56.31614685058594
v 50.88212585449219 -16.16529655456543 39.210289001464844
v 50.24129867553711 -5.4619340896606445 40.68714904785156
v 53.86049270629883 27.791471481323242 400.44122314453125
v 51.34971618652344 25.005718231201172 433.6931457519531
v 51.08055114746094 27.568382263183594 435.3786926269531
v 50.71541213989258 28.792173385620117 380.6083068847656
v 52.32663345336914 27.63463020324707 428.8399658203125
v 52.10042190551758 32.919395446777344 256.96356201171875
v 51.61360549926758 32.57817840576172 407.6850891113281
v 50.73172378540039 34.981082916259766 423.7830505371094
v 51.143062591552734 34.57033157348633 440.208740234375
v 50.739444732666016 36.64198684692383 420.8249206542969
v 50.64045715332031 35.10686111450195 445.60205078125
v 50.43901443481445 35.828556060791016 432.86639404296875
v 50.93783950805664 37.15546417236328 419.1151428222656
v 50.92637252807617 36.582035064697266 440.46160888671875
v 50.85092544555664 42.05031204223633 255.07728576660156
v 51.13492202758789 48.91643142700195 372.0040283203125
v 50.73554992675781 58.353763580322266 305.8781433105469
v 50.498207092285156 57.99146270751953 361.60504150390625
v 50.31559371948242 59.86598205566406 393.1116638183594
v 51.33213424682617 58.555641174316406 266.6054992675781
v 52.22865295410156 59.14790344238281 268.5664978027344
v 50.994041442871094 62.78831100463867 391.258056640625
v 51.776912689208984 61.215980529785156 271.0423278808594
v 51.13808822631836 63.42564392089844 311.79144287109375
v 50.81364440917969 61.98848342895508 352.3540954589844
v 52.54129409790039 64.1317138671875 274.9391784667969
v 51.61195373535156 66.4625015258789 278.59027099609375
v 51.38701248168945 66.2742691040039 342.1187744140625
v 50.6369743347168 66.99895477294922 317.4396667480469
v 50.75629425048828 67.78150177001953 339.9556579589844
v 50.99248504638672 68.76546478271484 323.58984375
v 50.78549575805664 69.27239227294922 326.9096374511719
v 50.74329376220703 72.08136749267578 289.9587707519531
v 51.26960754394531 71.65510559082031 380.7957458496094
v 50.77427291870117 72.57227325439453 379.2847595214844
v 50.80013656616211 74.78184509277344 294.8582458496094
v 49.911720275878906 76.42739868164062 298.9476318359375
v 51.18891143798828 76.95771789550781 368.0979309082031
v 51.27166748046875 78.51717376708984 362.5929260253906
v 50.98460388183594 82.14751434326172 306.70318603515625
v 50.55515670776367 84.70720672607422 335.2998046875
v 50.464019775390625 84.68924713134766 337.6276550292969
v 50.6530876159668 85.61436462402344 314.6172180175781
v 50.605342864990234 85.74735260009766 335.0226135253906
v 50.20363235473633 87.27410888671875 323.9895935058594
v 51.41796875 -19.123533248901367 42.82772445678711
v 51.291202545166016 -16.081220626831055 57.073001861572266
v 51.64122772216797 -14.957771301269531 38.3687744140625
v 51.43133544921875 -3.9752819538116455 42.3969841003418
v 51.26362228393555 21.057056427001953 395.5924987792969
v 51.60025405883789 23.5046329498291 383.7578125
v 51.594783782958984 24.729902267456055 431.9345397949219
v 51.52085494995117 25.76841926574707 434.882568359375
v 51.95408248901367 29.331579208374023 276.665771484375
v 51.89530944824219 26.55853843688965 429.1759033203125
v 51.994380950927734 30.729995727539062 258.208251953125
v 50.86123275756836 34.11796569824219 441.9698486328125
v 50.87081527709961 35.99742126464844 444.02105712890625
v 51.8607292175293 37.39459228515625 287.6630554199219
v 51.34773254394531 35.91181564331055 431.37109375
v 51.40990447998047 43.24501419067383 373.7510986328125
v 51.348243713378906 44.67119216918945 256.1644287109375
v 51.37582778930664 46.54901123046875 409.8403015136719
v 52.27052307128906 48.11907196044922 398.555419921875
v 51.09726333618164 46.95354080200195 419.4457702636719
v 51.90650177001953 53.89821243286133 366.5225830078125
v 50.87715148925781 59.586265563964844 358.3630065917969
v 51.852386474609375 63.18156814575195 348.2414245605469
v 51.81008529663086 64.04035949707031 345.5158386230469
v 51.26510238647461 67.90444946289062 386.2572326660156
v 51.23353958129883 67.19495391845703 320.01654052734375
v 50.90474319458008 69.43633270263672 331.01324462890625
v 51.09676742553711 69.12796020507812 325.83587646484375
v 50.931365966796875 75.80230712890625 372.9928283691406
v 51.34270477294922 77.49345397949219 365.18927001953125
v 51.217498779296875 80.5943374633789 303.0971984863281
v 51.189422607421875 79.25411224365234 359.7084655761719
v 51.17469024658203 82.73217010498047 351.3661804199219
v 50.958229064941406 84.58502960205078 310.6131591796875
v 50.89413833618164 84.97252655029297 340.397705078125
v 51.33256912231445 88.00444793701172 331.9664001464844
v 51.42173385620117 88.46244812011719 320.38946533203125
v 52.09400939941406 -19.83441925048828 45.009765625
v 52.175262451171875 -10.759634971618652 36.53236389160156
v 52.4432373046875 -8.696826934814453 36.52730941772461
v 52.33235549926758 -9.595368385314941 55.18560028076172
v 52.29587173461914 -7.473585605621338 53.72142028808594
v 51.24713897705078 -4.574896812438965 49.778404235839844
v 52.150901794433594 21.097326278686523 393.5432434082031
v 51.68614959716797 21.96258544921875 385.4631652832031
v 52.635684967041016 27.646068572998047 382.3106994628906
v 51.0112419128418 30.97397232055664 428.3946228027344
v 53.399539947509766 32.211822509765625 378.5908508300781
v 51.81100082397461 30.837533950805664 434.3244323730469
v 51.5352783203125 31.13793182373047 406.0669250488281
v 51.14768981933594 33.9035530090332 428.0066833496094
v 51.45689392089844 33.953407287597656 409.6951904296875
v 51.18129348754883 32.407859802246094 432.9284362792969
v 51.0980224609375 34.68782424926758 443.6595153808594
v 52.39923095703125 35.10096740722656 284.5392150878906
v 51.959564208984375 35.39630889892578 412.11865234375
v 51.897193908691406 37.192020416259766 417.11566162109375
v 51.198814392089844 37.10651397705078 429.5531311035156
v 51.21159362792969 38.47019577026367 428.77069091796875
v 51.67118453979492 41.25917053222656 426.6819763183594
v 51.79187774658203 42.42732620239258 402.8793640136719
v 52.014217376708984 41.63016891479492 401.2755432128906
v 51.87320327758789 44.87631607055664 423.00592041015625
v 51.51890182495117 47.43825149536133 257.5735168457031
v 52.72404098510742 48.311161041259766 298.41668701171875
v 52.21425247192383 46.286895751953125 420.7023620605469
v 51.316871643066406 47.49456024169922 416.6904602050781
v 52.00691604614258 50.015872955322266 259.2337341308594
v 53.08715057373047 51.441741943359375 301.3851013183594
v 52.424381256103516 57.18049240112305 361.4210510253906
v 51.720462799072266 60.73154067993164 356.2884826660156
v 52.486690521240234 68.83407592773438 281.74554443359375
v 51.75593948364258 67.66575622558594 335.1647644042969
v 53.044071197509766 70.66424560546875 284.921630859375
v 51.13505172729492 70.00846862792969 332.10302734375
v 51.33407974243164 77.65946960449219 297.927001953125
v 51.998313903808594 84.13079833984375 347.56878662109375
v 51.81049728393555 85.5813980102539 341.9958190917969
v 51.90069580078125 -20.137195587158203 48.32453536987305
v 52.8739128112793 -19.431838989257812 50.03428649902344
v 52.212093353271484 -4.54310417175293 39.98123550415039
v 52.78486251831055 24.94105339050293 430.674072265625
v 52.3486328125 28.66990089416504 435.79180908203125
v 52.11604690551758 36.3011589050293 424.2055969238281
v 51.839752197265625 35.75947189331055 426.3110656738281
v 51.251548767089844 35.5869140625 440.4254455566406
v 52.618865966796875 36.25603485107422 376.4425354003906
v 52.35123825073242 37.440670013427734 421.8106994628906
v 52.307861328125 39.9377555847168 255.98226928710938
v 52.34537887573242 40.88309860229492 374.5899658203125
v 52.34083938598633 42.54071807861328 292.5367736816406
v 52.305999755859375 42.841102600097656 424.45050048828125
v 52.11191940307617 52.03200149536133 369.11712646484375
v 53.157344818115234 53.580047607421875 262.6857604980469
v 52.00070571899414 56.4000244140625 264.3694152832031
v 53.017356872558594 56.46448516845703 306.2730407714844
v 52.51460647583008 60.235633850097656 393.5244445800781
v 53.004486083984375 57.258575439453125 395.2627868652344
v 52.42118835449219 62.368900299072266 312.4046630859375
v 52.63701629638672 63.94581985473633 315.4643859863281
v 53.222896575927734 67.76966857910156 387.2158203125
v 52.061737060546875 64.59015655517578 316.1460266113281
v 51.860774993896484 65.80987548828125 318.373779296875
v 52.70598220825195 66.05490112304688 338.202880859375
v 52.21581268310547 66.24482727050781 340.5526123046875
v 52.3828125 67.50480651855469 329.8528747558594
v 52.618621826171875 70.21134948730469 284.00958251953125
v 52.483253479003906 75.58673095703125 293.5608825683594
v 52.25212478637695 76.97099304199219 295.8160705566406
v 52.63435363769531 80.78024291992188 359.7298889160156
v 51.95051574707031 81.88589477539062 354.8481750488281
v 51.695674896240234 86.42120361328125 335.85516357421875
v 51.910457611083984 87.43800354003906 335.5749816894531
v 52.62151336669922 90.11759948730469 324.2039489746094
v 51.77503204345703 89.15645599365234 329.0121154785156
v 53.21004104614258 -19.746780395507812 47.22511291503906
v 56.188087463378906 -17.873729705810547 41.833526611328125
v 52.78020095825195 -12.766684532165527 36.60069274902344
v 53.469966888427734 -11.721504211425781 54.94697952270508
v 52.58281326293945 -7.449848651885986 36.91175842285156
v 52.47101593017578 21.446971893310547 388.32623291015625
v 52.44175720214844 28.37108039855957 262.54949951171875
v 53.38761901855469 28.548301696777344 268.00811767578125
v 52.84297561645508 28.484302520751953 271.5199279785156
v 54.14024353027344 27.548213958740234 429.2872009277344
v 51.797645568847656 31.948637008666992 429.7151184082031
v 52.45640563964844 33.58311080932617 281.86102294921875
v 51.53709030151367 35.83145523071289 428.9083557128906
v 51.83600616455078 32.478641510009766 431.50201416015625
v 52.9641227722168 36.4251708984375 414.48468017578125
v 52.77251434326172 37.796478271484375 420.1567687988281
v 53.048118591308594 43.15282440185547 257.1167297363281
v 53.13459014892578 43.83944320678711 405.6492004394531
v 52.65190887451172 44.27469253540039 399.7405700683594
v 52.95234298706055 48.16651153564453 372.0063781738281
v 52.67256164550781 46.875091552734375 411.8978576660156
v 52.46379089355469 47.239437103271484 414.3028564453125
v 53.126609802246094 46.97195053100586 417.6904602050781
v 53.344913482666016 50.16227722167969 370.6076965332031
v 52.677982330322266 55.93473815917969 362.9595642089844
v 53.134788513183594 58.361026763916016 358.58905029296875
v 52.278568267822266 60.52716064453125 354.4617919921875
v 52.90391540527344 63.08430862426758 346.41357421875
v 52.95896911621094 64.61013793945312 342.4152526855469
v 53.15589904785156 65.85292053222656 336.4605712890625
v 52.38445281982422 68.32872772216797 331.7949523925781
v 52.01072692871094 72.35555267333984 288.9521789550781
v 52.679466247558594 75.41276550292969 375.5866394042969
v 52.91092300415039 76.22879028320312 373.4925537109375
v 52.623291015625 79.94837188720703 360.26141357421875
v 52.510780334472656 81.37580871582031 357.85101318359375
v 52.62523651123047 87.59625244140625 336.3076477050781
v 53.145042419433594 87.38738250732422 340.9325256347656
v 53.1337776184082 87.82793426513672 313.4204406738281
v 52.401248931884766 88.40974426269531 316.2920227050781
v 53.60415267944336 -18.323955535888672 51.421142578125
v 54.02568817138672 -17.073379516601562 52.60865020751953
v 53.70639419555664 -16.563405990600586 39.31718063354492
v 52.754878997802734 -5.945655822753906 37.87818145751953
v 52.386356353759766 -4.972225189208984 50.30442810058594
v 54.61307907104492 -3.095118284225464 44.92466354370117
v 52.68006134033203 21.299137115478516 391.173095703125
v 53.849998474121094 24.212812423706055 432.6838684082031
v 53.42681121826172 26.781513214111328 436.0089416503906
v 53.894195556640625 29.705583572387695 264.75836181640625
v 52.862483978271484 29.59286117553711 402.1540222167969
v 53.95018005371094 29.657087326049805 435.443359375
v 53.15270233154297 31.548673629760742 404.6860046386719
v 52.90446090698242 31.32464027404785 432.82574462890625
v 53.264434814453125 37.63682174682617 257.0477294921875
v 52.832489013671875 38.01516342163086 425.0738830566406
v 52.06877517700195 37.26914978027344 427.2097473144531
v 52.632755279541016 39.61363220214844 426.0247802734375
v 54.180931091308594 42.035770416259766 291.5507507324219
v 53.21244430541992 43.21017074584961 423.4011535644531
v 53.425376892089844 45.92283630371094 258.4122009277344
v 53.38762664794922 45.960540771484375 409.78460693359375
v 53.36125564575195 51.298583984375 397.5132141113281
v 53.62709426879883 53.650753021240234 303.769775390625
v 52.95521926879883 59.46040725708008 309.81951904296875
v 53.167510986328125 57.41828536987305 266.8325500488281
v 53.062255859375 60.82130813598633 351.9389953613281
v 53.29261779785156 66.6162109375 324.23431396484375
v 53.36812210083008 66.7646255493164 325.7493896484375
v 53.57997512817383 71.21495056152344 382.6445007324219
v 53.84400177001953 73.11575317382812 379.75469970703125
v 53.282684326171875 77.57441711425781 368.491455078125
v 52.965423583984375 78.653564453125 296.9618225097656
v 53.03174591064453 84.0361557006836 305.99041748046875
v 53.1954231262207 85.96106719970703 308.734619140625
v 52.91363525390625 86.86206817626953 311.2134704589844
v 54.30171203613281 -15.377824783325195 53.560302734375
v 53.075843811035156 -14.991549491882324 37.79836654663086
v 54.160850524902344 -13.148392677307129 54.37253952026367
v 54.22109603881836 -6.734792709350586 51.66716766357422
v 53.603878021240234 29.25151824951172 429.4291687011719
v 53.14734649658203 31.2624454498291 259.6951599121094
v 53.59507751464844 30.48736572265625 430.3087463378906
v 53.90324020385742 32.22051239013672 278.3778381347656
v 53.34206008911133 31.20362663269043 431.6789855957031
v 53.00888442993164 34.416202545166016 257.5184020996094
v 53.57616424560547 34.762916564941406 408.3190612792969
v 53.60257339477539 35.05801773071289 409.74896240234375
v 53.48310089111328 37.7803840637207 417.2934875488281
v 53.807701110839844 53.67446517944336 366.2595520019531
v 53.514835357666016 63.01443862915039 391.6943664550781
v 53.56723403930664 61.674156188964844 349.22442626953125
v 53.908775329589844 65.7681884765625 277.5777282714844
v 53.616825103759766 65.20612335205078 320.8601989746094
v 53.38447570800781 65.06379699707031 339.7209167480469
v 53.2784538269043 66.89485931396484 330.99688720703125
v 53.92792510986328 66.70989227294922 331.8432922363281
v 54.85215377807617 72.45604705810547 287.1884765625
v 53.47641372680664 77.99287414550781 366.4169921875
v 53.673179626464844 82.30705261230469 301.8701477050781
v 53.46636962890625 82.79633331298828 355.2566223144531
v 53.14139938354492 84.07686614990234 352.09039306640625
v 53.817413330078125 85.31480407714844 348.8825378417969
v 52.92137908935547 85.5961685180664 346.3515319824219
v 54.23139190673828 87.70803833007812 342.3943786621094
v 53.3862419128418 90.2332534790039 320.0618591308594
v 53.32723617553711 90.63935089111328 328.4950866699219
v 54.800697326660156 -18.701868057250977 48.54998779296875
v 54.96874237060547 -17.443992614746094 40.50724411010742
v 53.96778106689453 -9.965583801269531 34.632896423339844
v 55.50025177001953 -8.808577537536621 52.284507751464844
v 54.13044738769531 -4.2254815101623535 38.8858528137207
v 56.453651428222656 -3.4917330741882324 46.12919998168945
v 54.4244499206543 -2.9894189834594727 42.86054229736328
v 55.116207122802734 27.177196502685547 398.6407775878906
v 54.208717346191406 26.792295455932617 384.4208984375
v 54.07807540893555 29.734514236450195 273.0976257324219
v 54.05970764160156 30.726232528686523 262.9483947753906
v 53.75203323364258 33.4221076965332 405.78924560546875
v 54.223167419433594 33.41497802734375 279.9624328613281
v 54.16627883911133 33.55645751953125 378.01080322265625
v 54.1820068359375 36.22462844848633 411.12689208984375
v 54.313846588134766 37.74471664428711 286.7408447265625
v 53.25077819824219 38.7933464050293 422.5673522949219
v 53.38832473754883 40.118900299072266 423.6878662109375
v 53.29969787597656 41.299373626708984 403.2306823730469
v 53.69969177246094 39.90320587158203 401.2796936035156
v 54.076576232910156 42.807395935058594 373.7383117675781
v 53.89569854736328 44.87332534790039 421.01416015625
v 54.3325309753418 46.29076385498047 296.5806884765625
v 54.74355697631836 48.448829650878906 398.3308410644531
v 53.969635009765625 46.65480422973633 415.2953186035156
v 54.35783386230469 51.163002014160156 369.3922119140625
v 53.85163879394531 55.1758918762207 264.4965515136719
v 54.467124938964844 56.4260368347168 266.3205871582031
v 54.22084045410156 59.60512924194336 356.3966979980469
v 54.33959197998047 59.81499099731445 270.5796203613281
v 54.62369155883789 63.096675872802734 343.4037780761719
v 54.1351318359375 64.06230926513672 318.9031982421875
v 54.166526794433594 72.09640502929688 381.0852966308594
v 54.150211334228516 79.57921600341797 363.3195495605469
v 54.634681701660156 89.86202239990234 336.5970764160156
v 53.59247970581055 90.11384582519531 332.6424865722656
v 55.56070327758789 -5.456238269805908 34.95816421508789
v 55.36674499511719 26.148235321044922 386.8499450683594
v 54.61360168457031 24.394826889038086 434.1167297363281
v 55.72904586791992 25.791841506958008 430.2051696777344
v 54.31031799316406 29.683740615844727 269.21624755859375
v 55.15092086791992 30.475629806518555 434.4300842285156
v 54.84918975830078 31.944704055786133 276.7080383300781
v 54.18418502807617 31.000154495239258 401.853515625
v 54.04876708984375 35.560848236083984 258.6221008300781
v 54.581031799316406 35.1875114440918 282.66046142578125
v 54.64414596557617 37.21194839477539 413.74395751953125
v 54.8798828125 40.31302261352539 289.34649658203125
v 54.40958786010742 41.38551330566406 258.1954345703125
v 54.83478927612305 43.04960632324219 399.6441345214844
v 54.447322845458984 45.698368072509766 418.76531982421875
v 54.26832580566406 48.84422302246094 260.4651794433594
v 55.07023620605469 51.7183723449707 368.9323425292969
v 54.97364044189453 59.426292419433594 354.80291748046875
v 54.351715087890625 61.14916229248047 312.96148681640625
v 54.774898529052734 61.934326171875 347.07586669921875
v 54.945274353027344 63.470741271972656 274.74542236328125
v 54.767112731933594 62.25287628173828 345.3011169433594
v 54.877445220947266 62.60092544555664 316.72259521484375
v 55.22574996948242 63.977394104003906 340.28265380859375
v 54.22529983520508 66.96491241455078 388.1640625
v 54.77129364013672 65.57889556884766 330.0382080078125
v 54.37770462036133 76.15245819091797 292.53594970703125
v 54.55921936035156 78.11288452148438 294.8419494628906
v 54.38209915161133 89.14523315429688 337.075439453125
v 54.984901428222656 90.25263214111328 315.74053955078125
v 54.98134231567383 -18.867341995239258 46.5311393737793
v 55.165496826171875 -17.815696716308594 50.15693664550781
v 54.52766799926758 -15.221166610717773 36.993629455566406
v 55.172828674316406 -13.340778350830078 34.54301071166992
v 55.096923828125 -10.720634460449219 53.411224365234375
v 54.6424446105957 -7.740333080291748 34.31983947753906
v 55.13618850708008 -3.1006431579589844 41.05879592895508
v 56.65456771850586 26.4123592376709 394.143798828125
v 55.585418701171875 26.12238311767578 396.3955383300781
v 54.36338806152344 25.58022117614746 435.58575439453125
v 55.32822036743164 30.66354751586914 270.158203125
v 54.300811767578125 33.793121337890625 259.9779968261719
v 54.48289489746094 34.01729202270508 280.1175537109375
v 54.52742004394531 38.63645553588867 417.63543701171875
v 55.61461639404297 39.02666473388672 259.84234619140625
v 54.47411346435547 39.994110107421875 404.0939025878906
v 54.86840057373047 41.60536575317383 405.6013488769531
v 54.82935333251953 41.89246368408203 421.221435546875
v 54.783851623535156 44.83909225463867 409.719970703125
v 54.53855895996094 43.30247497558594 406.92730712890625
v 55.235660552978516 44.6248893737793 259.8042907714844
v 54.75813674926758 45.93724822998047 412.83203125
v 55.157222747802734 55.255889892578125 306.2945251464844
v 55.052520751953125 56.525394439697266 361.6841735839844
v 55.43144607543945 56.86611557006836 268.274658203125
v 54.882869720458984 58.38059616088867 310.25640869140625
v 54.889739990234375 60.95977020263672 393.2230529785156
v 55.27885437011719 60.70058822631836 350.1060791015625
v 55.3890380859375 62.95943832397461 342.34661865234375
v 55.82081604003906 65.2174072265625 325.7718811035156
v 55.37864685058594 69.6837158203125 282.6470947265625
v 55.07093811035156 75.77102661132812 375.2998352050781
v 54.829498291015625 80.51129150390625 297.6810302734375
v 54.67261505126953 80.59403991699219 360.7011413574219
v 54.43547821044922 81.25596618652344 360.3210144042969
v 55.011661529541016 82.6634521484375 357.2549133300781
v 54.20631790161133 86.57098388671875 346.4439697265625
v 54.62799072265625 91.68275451660156 324.6419677734375
v 54.682823181152344 91.47058868408203 330.0352478027344
v 54.716365814208984 -11.585895538330078 34.10865783691406
v 57.20319747924805 -5.141696929931641 48.68408966064453
v 55.58754348754883 24.857725143432617 431.02447509765625
v 56.27339553833008 27.96323013305664 436.25653076171875
v 56.19200897216797 32.14616775512695 379.8297119140625
v 55.51444625854492 30.535066604614258 431.6868896484375
v 55.05702590942383 32.87544631958008 262.2090148925781
v 55.19275665283203 32.84922790527344 277.01593017578125
v 54.71665954589844 34.44209289550781 404.1654357910156
v 54.7369499206543 36.214630126953125 406.8001708984375
v 55.13445281982422 36.543582916259766 408.2372741699219
v 54.33168411254883 38.85688400268555 401.5141906738281
v 55.241695404052734 40.1683464050293 419.15826416015625
v 55.244747161865234 43.549034118652344 419.923828125
v 55.23292922973633 48.05158233642578 372.0182189941406
v 55.28146743774414 45.32853698730469 416.8055114746094
v 55.433082580566406 47.5780143737793 297.7004089355469
v 55.733612060546875 50.00572204589844 370.65863037109375
v 55.52332305908203 51.32278060913086 263.2015075683594
v 55.54214859008789 52.4467887878418 303.1890869140625
v 55.83302688598633 53.294437408447266 264.72711181640625
v 56.59567642211914 58.17841720581055 270.5077819824219
v 55.50821304321289 57.95929718017578 358.5970153808594
v 56.38959503173828 61.69034194946289 316.0411071777344
v 55.63969039916992 64.8736572265625 276.91607666015625
v 55.35401153564453 64.1593017578125 338.10455322265625
v 55.05459976196289 64.38675689697266 336.7926025390625
v 55.73332595825195 77.78509521484375 368.8448791503906
v 55.024478912353516 78.33738708496094 366.4248962402344
v 55.26316833496094 85.61489868164062 305.77850341796875
v 54.90296173095703 84.94029998779297 352.4465026855469
v 55.38344192504883 87.82725524902344 309.3099365234375
v 55.32027816772461 91.39957427978516 319.3611145019531
v 56.42989730834961 -16.96629524230957 38.53497314453125
v 56.6628303527832 -15.536006927490234 50.80254364013672
v 56.73749923706055 -13.77112102508545 51.70165252685547
v 56.81082534790039 -7.0993499755859375 50.736900329589844
v 57.08712387084961 26.981477737426758 436.1354675292969
v 56.392601013183594 29.400360107421875 435.8537902832031
v 56.08192443847656 30.375171661376953 399.6956481933594
v 55.26633834838867 30.790367126464844 432.84375
v 56.083290100097656 36.27906799316406 261.5543518066406
v 55.088165283203125 38.00374984741211 405.3634033203125
v 55.632015228271484 38.06592559814453 413.0513916015625
v 55.49959945678711 38.17713165283203 400.6490173339844
v 54.99406814575195 37.071319580078125 402.2604064941406
v 55.92280578613281 39.432376861572266 375.5689697265625
v 57.018619537353516 46.22712326049805 295.8725891113281
v 56.848018646240234 50.54585647583008 301.0655517578125
v 56.30575942993164 54.49861526489258 396.1962890625
v 56.41402053833008 54.62517547607422 266.89306640625
v 55.902137756347656 57.517539978027344 395.0260009765625
v 56.39815902709961 62.946197509765625 319.3591613769531
v 56.10187530517578 63.20351791381836 391.500732421875
v 56.443477630615234 63.203609466552734 339.8673400878906
v 55.619625091552734 64.00110626220703 321.2093200683594
v 56.150787353515625 64.85973358154297 326.31170654296875
v 56.6596565246582 64.62649536132812 332.3687744140625
v 56.473663330078125 64.69500732421875 324.417724609375
v 56.43490982055664 68.98713684082031 385.7974853515625
v 56.040924072265625 67.06287384033203 388.02734375
v 56.270442962646484 77.37810516357422 292.9443664550781
v 57.27561950683594 86.49563598632812 350.6631164550781
v 56.16799545288086 86.99015045166016 348.55242919921875
v 56.67819595336914 89.79499053955078 312.6314697265625
v 55.29120635986328 88.89740753173828 341.2131652832031
v 55.82443618774414 91.3099594116211 334.3348693847656
v 57.78895950317383 -17.719785690307617 43.88630676269531
v 57.903770446777344 -10.79391098022461 30.918060302734375
v 56.053627014160156 24.462337493896484 432.7033386230469
v 56.65769958496094 26.157236099243164 391.52252197265625
v 56.953125 25.528236389160156 435.14459228515625
v 56.336971282958984 29.88193130493164 430.8965148925781
v 56.2253303527832 32.03353500366211 268.28680419921875
v 56.57909393310547 32.50114822387695 272.42095947265625
v 56.96898651123047 33.61545181274414 266.99267578125
v 56.25449752807617 32.88864517211914 275.1439208984375
v 55.26823425292969 32.14107131958008 401.16912841796875
v 55.64398956298828 33.9403076171875 278.48138427734375
v 55.94139099121094 34.58546829223633 278.549560546875
v 55.44929504394531 35.10334014892578 402.15399169921875
v 56.53244400024414 35.3846435546875 279.7385559082031
v 55.05241775512695 36.18257522583008 402.96539306640625
v 57.45444107055664 38.935237884521484 285.14678955078125
v 55.746524810791016 38.53102493286133 407.1202392578125
v 55.73838806152344 38.25227355957031 410.0483703613281
v 56.73320007324219 41.71121597290039 399.1014404296875
v 55.539188385009766 40.3349723815918 406.34698486328125
v 57.081146240234375 42.547996520996094 290.59912109375
v 56.777530670166016 42.72801971435547 374.1456604003906
v 56.63648223876953 42.83240509033203 261.2230529785156
v 55.737022399902344 43.55617904663086 409.8492126464844
v 56.114044189453125 43.978050231933594 411.8447265625
v 55.897151947021484 43.7052001953125 417.83404541015625
v 56.42080307006836 48.014320373535156 398.0917053222656
v 56.16343307495117 46.4272575378418 261.4100036621094
v 56.86196517944336 48.921295166015625 299.2254943847656
v 56.38277053833008 54.49452209472656 266.3840026855469
v 55.447486877441406 54.43925476074219 364.954833984375
v 56.555580139160156 56.3464241027832 362.0908203125
v 56.41533660888672 60.242652893066406 313.3934631347656
v 56.692935943603516 69.75743865966797 283.0293884277344
v 56.384521484375 71.28888702392578 382.48199462890625
v 56.915157318115234 71.97080993652344 381.0624084472656
v 57.15896224975586 77.90128326416016 367.536376953125
v 56.26058578491211 79.47418212890625 364.46038818359375
v 56.61772537231445 81.08177185058594 297.1419677734375
v 57.56821823120117 80.86434936523438 361.1573181152344
v 56.541507720947266 81.60340118408203 360.482666015625
v 56.56839370727539 84.33995819091797 302.3559875488281
v 56.821041107177734 85.29067993164062 353.3645935058594
v 55.97737121582031 87.87989807128906 345.60455322265625
v 56.06025695800781 -17.674427032470703 48.68173599243164
v 56.46819305419922 -16.13074493408203 36.56829071044922
v 56.353721618652344 -11.47208309173584 52.35186767578125
v 57.13782501220703 -3.913120746612549 35.228416442871094
v 57.72575378417969 -4.121837139129639 46.87398910522461
v 57.232933044433594 24.978370666503906 433.9038391113281
v 56.205684661865234 26.05573081970215 389.26019287109375
v 57.40437316894531 26.054929733276367 435.5556640625
v 57.832637786865234 31.417051315307617 381.99005126953125
v 57.85083770751953 28.107704162597656 430.51910400390625
v 57.129127502441406 35.72718811035156 378.1185302734375
v 56.126895904541016 34.7696647644043 400.45440673828125
v 56.599178314208984 36.31118392944336 281.62615966796875
v 57.11079025268555 38.44715881347656 376.4858093261719
v 55.95669174194336 41.70772933959961 418.18267822265625
v 56.286102294921875 41.84507751464844 409.95208740234375
v 55.973480224609375 44.461326599121094 413.8169860839844
v 57.246097564697266 53.95881652832031 366.2378234863281
v 57.40984344482422 54.30731964111328 305.9919128417969
v 56.71160125732422 56.549381256103516 309.0251159667969
v 56.490936279296875 59.20972442626953 356.5813293457031
v 57.17377853393555 60.84309005737305 392.9625244140625
v 56.835968017578125 61.258487701416016 346.5547790527344
v 57.0839958190918 64.32048034667969 329.7296447753906
v 57.606964111328125 73.13299560546875 379.2495422363281
v 57.90554428100586 79.329833984375 294.2546691894531
v 57.25770950317383 84.15862274169922 355.63409423828125
v 56.17272186279297 92.37063598632812 329.8867492675781
v 57.0980110168457 92.86865234375 323.26300048828125
v 56.744258880615234 92.82097625732422 326.49017333984375
v 57.4714241027832 -17.503063201904297 39.929847717285156
v 58.23251724243164 -12.888978958129883 31.379789352416992
v 57.61956787109375 -8.82343578338623 31.062273025512695
v 58.17366027832031 -9.334285736083984 50.882328033447266
v 56.9387321472168 -2.856029510498047 39.256561279296875
v 57.304176330566406 -2.9178073406219482 43.467498779296875
v 57.5850944519043 25.33302116394043 431.9928283691406
v 57.02015686035156 27.554649353027344 395.54998779296875
v 56.89510726928711 29.153562545776367 397.7561340332031
v 59.560699462890625 30.983619689941406 434.33526611328125
v 56.672142028808594 34.541839599609375 277.3485412597656
v 58.24750518798828 40.978450775146484 398.25811767578125
v 56.48100662231445 39.70157241821289 413.10040283203125
v 56.3095588684082 40.241817474365234 410.06536865234375
v 56.776493072509766 41.51137924194336 413.2767639160156
v 58.48682403564453 45.76571273803711 294.48095703125
v 58.14274978637695 47.59646987915039 397.57171630859375
v 56.38459777832031 43.43931579589844 414.8876953125
v 56.94887161254883 49.53956604003906 263.7923889160156
v 57.87880325317383 51.49797439575195 369.452880859375
v 57.64759063720703 61.61521530151367 274.2623291015625
v 57.53247833251953 59.05501174926758 355.6266174316406
v 57.14475631713867 59.54399490356445 353.0594787597656
v 58.29792404174805 60.09907913208008 350.82501220703125
v 57.29716873168945 61.586299896240234 317.0960388183594
v 57.46967315673828 63.0936393737793 337.9955139160156
v 57.89844512939453 68.7255859375 281.8064880371094
v 56.78691864013672 75.58273315429688 375.3017883300781
v 57.22450637817383 86.37496185302734 305.3316955566406
v 57.25901794433594 89.15023040771484 343.2131652832031
v 57.423553466796875 90.81101989746094 338.2514343261719
v 57.338706970214844 92.6276626586914 320.77874755859375
v 57.90402603149414 -6.748175144195557 31.532005310058594
v 58.73151779174805 -4.8806986808776855 32.14971923828125
v 57.346736907958984 -3.0337069034576416 36.86908721923828
v 57.566097259521484 33.887916564941406 270.1011962890625
v 57.27043533325195 35.06986999511719 265.429443359375
v 57.593223571777344 34.687313079833984 273.8383483886719
v 58.158329010009766 38.37025833129883 264.683837890625
v 58.66267776489258 42.54121017456055 288.9878845214844
v 58.09402084350586 47.94215393066406 372.6529846191406
v 57.89677810668945 52.13848114013672 266.31329345703125
v 57.595638275146484 54.679019927978516 268.5819396972656
v 58.28107452392578 57.83900833129883 359.2516174316406
v 57.253482818603516 60.59328842163086 349.0858459472656
v 58.0245361328125 61.62256622314453 344.16961669921875
v 56.97868728637695 63.7739372253418 276.27410888671875
v 58.9833869934082 62.301856994628906 340.679443359375
v 57.543067932128906 63.55221939086914 322.6207275390625
v 57.79458236694336 66.73384857177734 387.96270751953125
v 57.54645919799805 71.80264282226562 285.8872375488281
v 58.30707550048828 77.52206420898438 292.3376770019531
v 58.4477653503418 77.44580841064453 368.985107421875
v 57.936031341552734 81.49578094482422 360.85015869140625
v 58.72540283203125 87.15116119384766 350.3756103515625
v 57.47669219970703 88.60296630859375 308.87359619140625
v 57.9417724609375 91.31903839111328 314.79913330078125
v 58.68988800048828 91.68163299560547 337.8482360839844
v 57.75652313232422 92.08050537109375 317.4896240234375
v 57.55924606323242 92.19432830810547 334.3570556640625
v 58.843528747558594 -16.98151397705078 45.481689453125
v 58.72970199584961 -12.32111930847168 50.568607330322266
v 58.0042724609375 -2.5546271800994873 40.636470794677734
v 59.051612854003906 30.644939422607422 435.4328308105469
v 57.90874481201172 34.69782638549805 272.5420227050781
v 58.31743621826172 36.27736282348633 275.6069641113281
v 57.70005798339844 35.83771514892578 276.4994201660156
v 57.63063430786133 41.42268371582031 262.7055358886719
v 57.68274688720703 44.89765548706055 263.20098876953125
v 58.26604080200195 47.2551383972168 296.5107421875
v 58.03929901123047 50.2381706237793 370.944091796875
v 58.41603469848633 52.10846710205078 369.24114990234375
v 58.628902435302734 57.17552947998047 394.4358825683594
v 58.51190948486328 59.68635559082031 313.662353515625
v 58.87332534790039 61.501678466796875 343.4075012207031
v 58.38197326660156 62.4954833984375 320.08013916015625
v 58.179718017578125 88.53807830810547 346.3138427734375
v 58.744625091552734 -16.184860229492188 47.7862548828125
v 58.80565643310547 -14.569881439208984 49.45380783081055
v 59.33664321899414 -14.898014068603516 32.19567108154297
v 60.84466552734375 32.525325775146484 385.67535400390625
v 59.35269546508789 28.091196060180664 436.9438781738281
v 59.74236297607422 30.651105880737305 433.1179504394531
v 58.06972122192383 33.20259475708008 380.4464416503906
v 58.51280212402344 36.959800720214844 277.98150634765625
v 57.983524322509766 37.1815071105957 280.39984130859375
v 58.626670837402344 46.93153762817383 265.1898498535156
v 58.42372131347656 53.87818145751953 395.7817687988281
v 58.162322998046875 52.44921112060547 267.39996337890625
v 59.18210983276367 57.132904052734375 310.65948486328125
v 59.02569580078125 56.48293685913086 362.8106689453125
v 58.60726547241211 59.18010711669922 357.014892578125
v 58.33857345581055 62.79020309448242 391.2054443359375
v 59.050140380859375 61.961448669433594 275.76824951171875
v 58.686004638671875 63.672325134277344 328.7855224609375
v 58.73805618286133 63.60708999633789 331.62469482421875
v 58.89164733886719 79.2068099975586 364.7397155761719
v 58.94394302368164 86.73189544677734 304.9183044433594
v 58.281005859375 93.23171997070312 330.11260986328125
v 59.15806198120117 -17.545000076293945 41.65998077392578
v 59.12608337402344 -2.203366994857788 38.209842681884766
v 60.455169677734375 27.50227928161621 432.03955078125
v 61.463199615478516 33.010986328125 387.3671875
v 61.196617126464844 32.662113189697266 389.5452575683594
v 60.18118667602539 29.849231719970703 432.28631591796875
v 58.3394775390625 36.07959747314453 267.747314453125
v 60.200164794921875 37.44272232055664 379.1871337890625
v 58.900821685791016 38.064762115478516 377.6809997558594
v 60.63114547729492 40.800376892089844 396.2992248535156
v 58.40488815307617 40.64360809326172 286.2220458984375
v 59.0454216003418 42.85047912597656 375.0028076171875
v 58.61679458618164 43.049110412597656 264.76214599609375
v 58.88157272338867 44.752235412597656 397.6268310546875
v 59.22394943237305 50.125545501708984 300.0651550292969
v 58.616336822509766 49.512062072753906 265.9806213378906
v 59.025306701660156 55.67466735839844 270.91058349609375
v 60.16654968261719 59.43446731567383 274.52593994140625
v 60.4210319519043 60.70655059814453 316.9120178222656
v 59.93283462524414 60.62716293334961 315.9875793457031
v 59.23648452758789 60.88801193237305 346.4212646484375
v 59.981727600097656 65.32909393310547 279.4327697753906
v 59.148258209228516 63.500152587890625 332.8874206542969
v 59.25258255004883 63.8293571472168 325.7083740234375
v 59.64727783203125 63.672611236572266 324.5987243652344
v 59.0030517578125 68.58878326416016 385.32867431640625
v 58.950889587402344 71.39862823486328 381.0084533691406
v 59.24137496948242 74.88089752197266 375.19110107421875
v 58.94084930419922 77.41191101074219 367.8506774902344
v 59.29258346557617 82.37803649902344 297.845947265625
v 59.092124938964844 82.56973266601562 358.828125
v 59.86007308959961 90.58009338378906 341.9002990722656
v 59.63125991821289 93.79271697998047 325.02801513671875
v 60.091773986816406 -17.327381134033203 37.00639343261719
v 60.18842697143555 -6.578731536865234 29.77171516418457
v 59.68758010864258 -6.440243721008301 48.29166793823242
v 59.652217864990234 -3.374699592590332 33.34438705444336
v 59.82004928588867 -2.714189052581787 42.07604217529297
v 59.66899871826172 28.98781394958496 437.02740478515625
v 60.66722869873047 28.46500587463379 431.9657287597656
v 62.00696563720703 34.79164123535156 391.37176513671875
v 61.466758728027344 35.87150573730469 393.79754638671875
v 59.49061584472656 30.102033615112305 436.4378356933594
v 59.140010833740234 31.975065231323242 382.8657531738281
v 58.81434631347656 36.740509033203125 270.4794616699219
v 59.34546661376953 37.610198974609375 272.6873474121094
v 58.9660758972168 40.94258499145508 265.78857421875
v 59.18054962158203 50.40126037597656 267.4443359375
v 59.56366729736328 52.36888885498047 269.5914611816406
v 59.43741226196289 54.68373489379883 366.393798828125
v 59.630088806152344 59.32734298706055 354.71746826171875
v 60.001853942871094 61.68709945678711 391.2712707519531
v 59.53080368041992 60.558101654052734 348.7210693359375
v 59.62046813964844 62.428489685058594 338.3743896484375
v 59.68195343017578 67.99615478515625 281.7949523925781
v 60.04316711425781 80.6894302368164 295.4154968261719
v 60.67879867553711 84.88921356201172 355.0691833496094
v 59.41682052612305 85.44625091552734 354.1706848144531
v 59.77040481567383 88.9170150756836 308.18402099609375
v 60.317840576171875 91.69265747070312 338.87713623046875
v 60.09825897216797 93.3473892211914 320.4386901855469
v 60.831298828125 -17.555334091186523 38.61527633666992
v 59.99276351928711 -17.26785659790039 42.6695442199707
v 59.426517486572266 -16.02724838256836 46.77113342285156
v 60.01778030395508 -11.130793571472168 29.331193923950195
v 59.66884994506836 -9.363739013671875 29.42005729675293
v 59.719661712646484 -8.212252616882324 29.541994094848633
v 60.786888122558594 -2.3763766288757324 34.76564025878906
v 60.28760528564453 -2.0912137031555176 40.13249206542969
v 60.2646598815918 25.93439292907715 433.63861083984375
v 60.17625427246094 25.954498291015625 435.21807861328125
v 59.84587478637695 31.861074447631836 384.4029235839844
v 60.805660247802734 37.250858306884766 395.4889831542969
v 59.18178176879883 38.72398376464844 268.15692138671875
v 60.182823181152344 40.654293060302734 282.5576477050781
v 59.517059326171875 44.78125762939453 266.6539306640625
v 60.68009567260742 50.71864700317383 371.8575439453125
v 60.61984634399414 53.61203384399414 305.1563415527344
v 59.81254577636719 54.95383071899414 307.5055847167969
v 60.45845413208008 56.994163513183594 363.1744079589844
v 59.691612243652344 60.1136589050293 351.480224609375
v 60.90329360961914 62.00666809082031 341.044677734375
v 59.70576095581055 66.0093002319336 387.7700500488281
v 60.51828384399414 70.41939544677734 284.895263671875
v 59.870384216308594 89.84523010253906 343.46990966796875
v 60.335723876953125 90.70657348632812 312.19024658203125
v 60.228458404541016 93.12360382080078 334.3072204589844
v 61.47260284423828 -16.535585403442383 43.30460739135742
v 60.94697952270508 -16.882829666137695 34.43339157104492
v 60.49946975708008 -11.406064987182617 49.06052017211914
v 60.73978805541992 -12.649569511413574 29.37689971923828
v 61.41230773925781 -4.189089775085449 44.42490768432617
v 60.99708557128906 -3.367224931716919 43.285152435302734
v 60.40599822998047 26.602672576904297 432.5620422363281
v 60.4088020324707 35.532554626464844 381.1719055175781
v 60.122318267822266 39.0477180480957 276.28875732421875
v 59.776634216308594 38.93881607055664 272.2713317871094
v 59.7713623046875 41.072391510009766 284.3134460449219
v 60.85749053955078 43.071807861328125 376.0194396972656
v 59.87712860107422 42.51068115234375 267.8939514160156
v 60.728694915771484 46.03343963623047 292.86041259765625
v 59.92061233520508 47.270790100097656 295.44427490234375
v 60.265907287597656 47.71342086791992 268.4013671875
v 60.21394729614258 53.88355255126953 394.9320373535156
v 61.41071701049805 59.29313278198242 313.6644287109375
v 60.44146728515625 59.30707931518555 358.0171813964844
v 59.84328079223633 59.32541275024414 356.8204650878906
v 61.51166534423828 64.46700286865234 279.77069091796875
v 60.596046447753906 69.47886657714844 382.8564453125
v 60.79191970825195 73.9123306274414 288.23876953125
v 61.06751251220703 80.1474838256836 361.36932373046875
v 60.40194320678711 81.11559295654297 360.87237548828125
v 61.202308654785156 86.40543365478516 352.2178039550781
v 60.159210205078125 89.00399780273438 346.323486328125
v 60.57307052612305 91.9354248046875 314.7293701171875
v 60.55802917480469 92.81016540527344 317.623779296875
v 60.62493133544922 93.81896209716797 330.4136047363281
v 61.188106536865234 -16.077774047851562 32.49125289916992
v 61.97365951538086 -15.75432014465332 44.308258056640625
v 60.357826232910156 -13.868849754333496 48.1996955871582
v 62.83994674682617 30.448514938354492 437.86529541015625
v 60.020668029785156 40.518394470214844 269.99908447265625
v 60.46912384033203 39.86344909667969 276.6792907714844
v 60.67339324951172 43.63955307006836 287.85302734375
v 61.06391143798828 43.67617416381836 396.09912109375
v 60.95419692993164 48.22565460205078 374.0090637207031
v 60.70541763305664 48.7124137878418 395.87811279296875
v 60.933387756347656 52.518795013427734 370.0943298339844
v 60.624717712402344 58.3260612487793 360.12982177734375
v 61.13758850097656 56.607765197753906 393.2874450683594
v 60.9573860168457 61.839481353759766 319.73236083984375
v 61.578983306884766 61.121131896972656 345.5185241699219
v 60.96207046508789 62.948909759521484 333.5656433105469
v 61.75349426269531 62.80840301513672 332.0274353027344
v 61.92530822753906 62.991764068603516 329.12506103515625
v 60.77991485595703 72.06095886230469 378.5147705078125
v 60.366607666015625 77.70923614501953 292.2738952636719
v 61.02566146850586 76.51667022705078 367.9393615722656
v 61.1476936340332 86.9437255859375 304.6831970214844
v 61.59275817871094 88.82398223876953 347.1601867675781
v 62.34449768066406 -14.880341529846191 45.1445198059082
v 60.33366394042969 -10.002606391906738 25.794031143188477
v 60.821868896484375 -8.16238784790039 22.583946228027344
v 60.878082275390625 -8.572114944458008 48.531822204589844
v 60.95008850097656 -6.680159568786621 23.152748107910156
v 61.09642791748047 -4.905517578125 30.344722747802734
v 62.56673812866211 -5.187787055969238 44.89205551147461
v 61.28968811035156 34.905975341796875 383.27972412109375
v 62.1201057434082 42.13528823852539 377.7735900878906
v 60.89051818847656 41.01968002319336 273.7373046875
v 61.30450439453125 42.25873565673828 281.9767150878906
v 60.69432067871094 44.96543884277344 269.35601806640625
v 61.00473403930664 50.098812103271484 299.1693420410156
v 61.021236419677734 49.511871337890625 270.9349365234375
v 61.54505920410156 53.40100860595703 369.9739074707031
v 60.890235900878906 52.324039459228516 271.5134582519531
v 60.27803421020508 54.23063659667969 271.7247314453125
v 61.881370544433594 56.94367980957031 310.50250244140625
v 60.869747161865234 60.43257522583008 276.21783447265625
v 60.62919998168945 63.55631637573242 325.35870361328125
v 61.587135314941406 66.34607696533203 386.1168518066406
v 61.67447280883789 76.04322814941406 368.8459777832031
v 61.2255973815918 78.33128356933594 364.906494140625
v 61.41917037963867 78.87511444091797 293.3374328613281
v 62.9746208190918 -17.089855194091797 40.4042854309082
v 61.9041862487793 -14.027634620666504 29.3894100189209
v 61.093544006347656 -11.970946311950684 26.254501342773438
v 61.02228927612305 -5.715855598449707 27.202144622802734
v 62.26021194458008 -3.767220973968506 30.765844345092773
v 61.84259796142578 -2.6694436073303223 41.793365478515625
v 62.36958312988281 -1.8828016519546509 35.508358001708984
v 62.77481460571289 27.279865264892578 437.2983093261719
v 62.669612884521484 30.053926467895508 433.0130615234375
v 63.36595916748047 31.42142105102539 437.0331115722656
v 62.39482498168945 31.60422134399414 435.6351623535156
v 61.4963264465332 42.069679260253906 280.21392822265625
v 61.19242477416992 43.40509033203125 271.73114013671875
v 61.487274169921875 52.88507080078125 394.37567138671875
v 61.50654220581055 55.79973220825195 366.78350830078125
v 61.788414001464844 57.444122314453125 363.9530334472656
v 61.84412384033203 57.10294723510742 275.0102233886719
v 61.798282623291016 59.90239334106445 357.277587890625
v 61.56946563720703 61.131553649902344 390.569091796875
v 61.577091217041016 60.3631477355957 351.34503173828125
v 61.9460563659668 61.18247604370117 344.5475158691406
v 62.37110137939453 61.89619445800781 340.475830078125
v 61.98136520385742 66.49394989013672 281.79034423828125
v 62.009422302246094 70.29928588867188 379.6939697265625
v 61.39407730102539 73.83563995361328 374.7102966308594
v 62.46708297729492 76.91554260253906 291.6412353515625
v 62.11153030395508 85.17102813720703 301.8566589355469
v 61.859310150146484 92.27019500732422 338.2579040527344
v 61.987571716308594 94.11795043945312 324.5458068847656
v 61.95319366455078 -11.036086082458496 22.113821029663086
v 61.32051467895508 -9.681957244873047 21.824796676635742
v 61.61448669433594 -8.352630615234375 20.916427612304688
v 61.48672866821289 -6.640260696411133 21.558908462524414
v 61.26485824584961 -5.55247688293457 24.541915893554688
v 62.6597785949707 -2.5485010147094727 32.76316452026367
v 63.12417984008789 -1.7718112468719482 36.99357223510742
v 63.809898376464844 26.711069107055664 435.5406799316406
v 64.24088287353516 26.87578010559082 436.4441223144531
v 63.57042694091797 31.37913703918457 434.3816833496094
v 62.27933883666992 38.01607894897461 381.28704833984375
v 62.44192886352539 49.34782791137695 394.3636779785156
v 61.380489349365234 47.54405212402344 294.3987121582031
v 62.66016387939453 54.6285400390625 306.5500183105469
v 62.91830062866211 60.373992919921875 315.6650390625
v 62.683868408203125 60.70807647705078 352.88677978515625
v 62.92335510253906 61.67415237426758 319.36376953125
v 62.25491714477539 62.1024169921875 338.38104248046875
v 62.41658401489258 63.3132209777832 324.46136474609375
v 62.678958892822266 82.5018081665039 297.8562927246094
v 62.178123474121094 86.85337829589844 351.6156311035156
v 61.97239685058594 89.8999252319336 309.84228515625
v 63.98252868652344 -17.367666244506836 37.950439453125
v 63.37913131713867 -14.956721305847168 29.305309295654297
v 64.28337097167969 -10.048773765563965 45.825374603271484
v 62.006263732910156 -5.171755790710449 22.312801361083984
v 63.325439453125 -6.460976600646973 45.405574798583984
v 62.567161560058594 28.094402313232422 437.8822021484375
v 62.755470275878906 29.28371238708496 438.18450927734375
v 63.665992736816406 42.00973892211914 392.4765319824219
v 62.7007942199707 42.75386047363281 394.1817626953125
v 62.64793014526367 45.34996795654297 276.4432373046875
v 62.229373931884766 43.51922607421875 278.41668701171875
v 61.78484344482422 44.17729568481445 274.1357727050781
v 62.11251449584961 44.881568908691406 287.1387634277344
v 61.75566101074219 46.44233322143555 272.6719665527344
v 62.86811828613281 47.25638961791992 291.67938232421875
v 62.96804428100586 50.579830169677734 298.2639465332031
v 61.95888900756836 51.17372131347656 273.2696533203125
v 62.751747131347656 55.48728561401367 275.5907287597656
v 62.578311920166016 59.00054931640625 361.4794921875
v 62.33127212524414 58.594608306884766 276.6651916503906
v 63.25899124145508 60.4725341796875 359.3236389160156
v 62.70602035522461 60.29124069213867 355.4941101074219
v 62.48161697387695 69.19925689697266 284.707275390625
v 63.827877044677734 72.8273696899414 288.2156677246094
v 63.12154006958008 80.6282958984375 295.46087646484375
v 62.90961837768555 80.11486053466797 360.93994140625
v 63.198177337646484 82.1279525756836 358.2369384765625
v 63.19098663330078 88.85979461669922 307.7223205566406
v 62.99118423461914 90.020751953125 343.7060241699219
v 63.28578186035156 90.93485260009766 342.0572204589844
v 63.63357162475586 93.53178405761719 334.2811279296875
v 63.04475021362305 93.30549621582031 318.90484619140625
v 62.81325912475586 -12.503031730651855 23.890567779541016
v 62.9589958190918 -10.346199989318848 20.119979858398438
v 62.37594223022461 -7.053654193878174 20.249555587768555
v 62.714725494384766 -4.079888820648193 24.988922119140625
v 62.59691619873047 -4.32487678527832 27.043563842773438
v 63.39522933959961 -4.165977478027344 43.54880905151367
v 64.34877014160156 27.104366302490234 434.701904296875
v 64.72869110107422 28.36021614074707 433.6889953613281
v 62.44841003417969 35.008766174316406 388.3786315917969
v 63.315101623535156 37.9703369140625 383.9874572753906
v 64.25000762939453 41.20693588256836 390.70709228515625
v 62.52622604370117 44.491920471191406 279.0631408691406
v 63.291080474853516 44.74581527709961 377.5997619628906
v 63.415130615234375 47.49694061279297 393.46044921875
v 62.677703857421875 48.741943359375 375.2430725097656
v 62.71572494506836 48.00700378417969 293.3466796875
v 62.4373893737793 48.258323669433594 273.9875793457031
v 62.96354293823242 53.662540435791016 370.9532470703125
v 63.476219177246094 51.97553634643555 373.46258544921875
v 63.72526168823242 53.66896438598633 303.8756103515625
v 62.86378479003906 58.29094696044922 390.95465087890625
v 63.45842361450195 62.835357666015625 280.39959716796875
v 63.916988372802734 62.19898223876953 339.3915710449219
v 64.5638427734375 62.82776641845703 330.9102783203125
v 63.52117156982422 62.64706039428711 334.9426574707031
v 64.4861068725586 63.269432067871094 325.81512451171875
v 63.041473388671875 67.57814025878906 382.74298095703125
v 62.782901763916016 73.7750473022461 372.1848449707031
v 63.257652282714844 74.82731628417969 367.960205078125
v 63.46135330200195 76.51502227783203 365.4573669433594
v 63.1227912902832 83.92756652832031 355.7490539550781
v 63.905723571777344 90.67991638183594 311.8745422363281
v 63.44206619262695 91.71654510498047 313.8997802734375
v 62.84727478027344 94.03177642822266 330.4247741699219
v 63.850223541259766 -17.291608810424805 33.897789001464844
v 62.947479248046875 -13.482794761657715 45.82359313964844
v 62.97660827636719 -11.923158645629883 46.59318923950195
v 63.827186584472656 -8.02881145477295 45.7967643737793
v 63.09939193725586 -8.603531837463379 19.545928955078125
v 63.36548614501953 -5.652013301849365 20.171682357788086
v 63.105960845947266 -4.1370134353637695 22.471399307250977
v 63.11160659790039 37.601531982421875 390.6304016113281
v 63.577125549316406 42.537593841552734 379.4819641113281
v 62.68098449707031 48.92292404174805 274.8699035644531
v 63.34914779663086 54.20663833618164 392.25823974609375
v 63.14678955078125 57.02348327636719 367.3466796875
v 64.19811248779297 56.738059997558594 309.5255432128906
v 63.84385299682617 58.92695999145508 365.0213623046875
v 63.27920913696289 61.09908676147461 388.86688232421875
v 64.70384979248047 62.07390594482422 342.00848388671875
v 63.918907165527344 63.52226638793945 325.3895263671875
v 64.08203887939453 64.35617065429688 282.02587890625
v 63.42158508300781 65.63179016113281 384.755615234375
v 63.88735580444336 78.7371826171875 361.1844482421875
v 63.721248626708984 87.08390808105469 304.9870910644531
v 64.52234649658203 -16.07577133178711 30.334228515625
v 64.05901336669922 -12.601725578308105 21.89654541015625
v 63.50239944458008 -11.70441722869873 20.96556282043457
v 63.61605453491211 -3.065263509750366 30.576440811157227
v 62.94641876220703 47.08429718017578 276.5653991699219
v 63.55155563354492 46.39142608642578 285.3406677246094
v 64.02047729492188 47.552345275878906 280.6433410644531
v 64.06228637695312 47.744903564453125 289.4104919433594
v 64.34860229492188 51.935237884521484 299.7841491699219
v 64.2576675415039 54.73725509643555 278.10968017578125
v 63.57320785522461 54.87471389770508 370.9101867675781
v 63.7896842956543 56.303550720214844 277.73492431640625
v 64.29817962646484 60.78083038330078 316.724365234375
v 64.00190734863281 61.10728073120117 352.673583984375
v 64.51498413085938 61.346824645996094 357.3768615722656
v 64.5022201538086 61.57111358642578 346.99627685546875
v 63.275917053222656 60.97649002075195 350.30340576171875
v 64.11930084228516 61.372406005859375 345.6493835449219
v 65.56304931640625 62.616634368896484 334.04949951171875
v 64.21214294433594 67.90666961669922 284.8240966796875
v 63.23490524291992 71.18705749511719 376.2822570800781
v 63.94942855834961 68.55258178710938 379.04180908203125
v 64.4251937866211 76.14958190917969 291.4877624511719
v 64.07652282714844 74.04993438720703 368.61376953125
v 64.15486145019531 78.16143798828125 293.1418762207031
v 64.72248840332031 83.92003631591797 300.5807800292969
v 63.60791778564453 84.3521499633789 355.2624206542969
v 64.577880859375 85.15457916259766 353.445556640625
v 64.14213562011719 88.83326721191406 346.6764221191406
v 64.12950897216797 92.37813568115234 338.304931640625
v 64.24195861816406 -7.353643417358398 19.107784271240234
v 64.44542694091797 -5.893700122833252 44.43402862548828
v 64.4786605834961 -4.333524703979492 20.92426872253418
v 64.79705047607422 27.618305206298828 434.18902587890625
v 64.84525299072266 31.643823623657227 436.119140625
v 64.1217269897461 38.84315872192383 386.00433349609375
v 63.86958694458008 40.505001068115234 382.14361572265625
v 64.22159576416016 47.466285705566406 284.0868225097656
v 63.9842643737793 49.141845703125 376.56646728515625
v 64.05694580078125 51.569210052490234 277.5352478027344
v 64.42765045166016 49.99016571044922 391.9127502441406
v 65.11865997314453 60.5050163269043 281.2222900390625
v 65.19998168945312 62.2554931640625 358.7442932128906
v 64.71250915527344 62.875877380371094 322.81890869140625
v 64.2347640991211 72.2120590209961 371.9988098144531
v 64.88294982910156 84.9993896484375 302.0946960449219
v 63.98598861694336 86.28853607177734 352.10845947265625
v 63.95002365112305 93.92505645751953 322.8532409667969
v 64.63072967529297 94.11485290527344 326.4512023925781
v 65.77784729003906 -16.29820442199707 39.94598388671875
v 64.91431427001953 -15.2200288772583 28.609485626220703
v 64.73870086669922 -13.170400619506836 23.890167236328125
v 64.37581634521484 -9.114410400390625 19.073801040649414
v 64.5511703491211 -3.327944278717041 23.797819137573242
v 64.57775115966797 -3.592425584793091 27.13552474975586
v 65.05863189697266 -3.1157922744750977 28.355098724365234
v 66.7043228149414 -2.8773038387298584 39.06062698364258
v 65.0488510131836 -2.18676495552063 31.800308227539062
v 65.40281677246094 -2.014986753463745 37.62018585205078
v 65.41504669189453 30.090383529663086 433.82904052734375
v 64.36450958251953 39.8017463684082 388.6925354003906
v 64.96736145019531 43.17115020751953 381.7966613769531
v 64.5150146484375 46.848350524902344 391.8218078613281
v 65.28034210205078 49.751983642578125 290.3406982421875
v 64.7696304321289 54.25155258178711 304.375244140625
v 64.91075134277344 55.27183532714844 372.3256530761719
v 64.36280822753906 58.30577850341797 367.98651123046875
v 65.39909362792969 59.61872863769531 313.0896301269531
v 64.66436004638672 59.31804656982422 388.2244567871094
v 66.1153793334961 62.34339141845703 319.8389587402344
v 64.69114685058594 62.24626922607422 338.7564697265625
v 66.0279769897461 72.3749771118164 289.13726806640625
v 65.93130493164062 82.11975860595703 356.4006042480469
v 65.1596450805664 92.33338928222656 316.06243896484375
v 65.70331573486328 93.85562133789062 331.15582275390625
v 65.4419937133789 -17.469167709350586 35.834999084472656
v 66.59048461914062 -16.414472579956055 30.288549423217773
v 66.69401550292969 -15.015593528747559 41.217987060546875
v 65.17242431640625 -11.883509635925293 44.847679138183594
v 65.02350616455078 -11.322025299072266 19.944717407226562
v 65.44034576416016 -3.6117148399353027 21.882627487182617
v 65.8505630493164 30.284513473510742 438.39788818359375
v 65.82704162597656 28.553876876831055 438.5833740234375
v 64.5152587890625 40.853633880615234 383.7991638183594
v 64.87212371826172 45.827911376953125 379.490234375
v 65.22616577148438 49.17816925048828 287.74822998046875
v 64.87242126464844 49.61722183227539 281.937255859375
v 64.58563232421875 49.64548873901367 293.2159118652344
v 65.07395935058594 51.38434600830078 296.62176513671875
v 65.07744598388672 51.57664108276367 280.7100524902344
v 65.00508880615234 52.91194152832031 390.3401184082031
v 65.05543518066406 55.94062805175781 389.0686950683594
v 65.071533203125 56.43000411987305 371.9986877441406
v 65.65766906738281 60.61692428588867 314.9471435546875
v 65.39949035644531 62.29142379760742 354.4788818359375
v 64.62753295898438 64.29324340820312 384.1999816894531
v 65.86857604980469 63.62371826171875 324.2362365722656
v 64.91049194335938 65.93061828613281 381.4737854003906
v 64.96500396728516 78.92005157470703 360.6258850097656
v 65.43285369873047 79.7095718383789 295.2215881347656
v 65.38858032226562 88.17415618896484 347.6000671386719
v 65.79612731933594 -13.004162788391113 22.3647403717041
v 65.21592712402344 -8.087639808654785 44.966636657714844
v 65.65364837646484 -6.44722843170166 19.15459632873535
v 66.06449127197266 -4.683382987976074 20.269309997558594
v 66.26517486572266 -3.3312928676605225 22.88178825378418
v 66.64729309082031 -2.2423603534698486 31.05634117126465
v 65.99553680419922 27.148527145385742 437.56854248046875
v 65.64227294921875 31.197988510131836 437.4513244628906
v 65.75743865966797 44.07207489013672 384.3689880371094
v 66.1908950805664 45.526363372802734 385.4819641113281
v 65.04751586914062 49.73497772216797 378.0045166015625
v 65.27010345458984 53.35133743286133 375.2368469238281
v 66.1650390625 56.99515914916992 308.6721496582031
v 64.98765563964844 60.317440032958984 365.58642578125
v 66.83758544921875 62.64872360229492 348.7142333984375
v 66.25374603271484 62.585567474365234 354.1234130859375
v 65.54444885253906 62.5854606628418 361.0914001464844
v 65.65508270263672 62.07008743286133 282.6058654785156
v 66.04020690917969 62.90470504760742 335.92230224609375
v 65.50592803955078 63.4403190612793 383.24688720703125
v 65.88014221191406 66.263916015625 285.219970703125
v 65.73309326171875 65.86973571777344 378.2699890136719
v 65.06343841552734 70.7427978515625 372.26898193359375
v 65.16419219970703 72.68727111816406 367.27410888671875
v 65.85059356689453 74.00980377197266 364.65185546875
v 65.75653076171875 81.83763885498047 298.00341796875
v 66.19507598876953 82.88524627685547 355.6349182128906
v 66.40850830078125 84.86516571044922 353.0276184082031
v 65.85102081298828 86.4702377319336 304.7945861816406
v 66.3380126953125 87.95095825195312 307.1914978027344
v 66.00975036621094 89.4077377319336 309.7841491699219
v 65.83108520507812 89.57453155517578 343.77587890625
v 66.58221435546875 90.32344818115234 342.5213928222656
v 65.63626861572266 93.30728912353516 320.4030456542969
v 67.48876953125 -17.018367767333984 32.849700927734375
v 66.68987274169922 -17.009235382080078 37.477684020996094
v 67.39859771728516 -13.413212776184082 42.1099853515625
v 66.47361755371094 -10.471963882446289 19.391279220581055
v 66.19145965576172 -8.315173149108887 18.859378814697266
v 67.55355072021484 -3.677466869354248 39.78940963745117
v 68.0383071899414 26.79909896850586 436.0505065917969
v 66.47294616699219 31.329326629638672 435.1018371582031
v 65.48272705078125 46.03445053100586 389.6206359863281
v 65.60179138183594 49.060420989990234 389.72064208984375
v 66.37715911865234 51.470672607421875 286.7332763671875
v 66.70250701904297 52.94034957885742 297.7562255859375
v 66.32040405273438 55.728912353515625 282.5240173339844
v 66.2384262084961 58.5041389465332 282.4803466796875
v 65.50727844238281 59.988006591796875 368.92327880859375
v 67.52165222167969 64.1058578491211 324.8382263183594
v 65.56549835205078 68.74613952636719 373.80462646484375
v 66.14742279052734 71.03118896484375 367.7503967285156
v 65.98120880126953 69.4421615600586 370.86529541015625
v 66.07598876953125 76.75784301757812 360.73822021484375
v 66.9054946899414 77.55045318603516 293.86029052734375
v 66.476806640625 86.1445083618164 350.9341125488281
v 66.84424591064453 91.08619689941406 313.8622131347656
v 66.39250946044922 91.98301696777344 338.7112121582031
v 66.61661529541016 93.72976684570312 324.67425537109375
v 66.94326782226562 93.21839141845703 334.1241760253906
v 66.72598266601562 -13.146773338317871 24.370119094848633
v 66.84528350830078 -12.256490707397461 21.06003189086914
v 66.2186279296875 -3.600914716720581 27.03154945373535
v 67.08421325683594 -2.7104222774505615 29.974050521850586
v 67.09833526611328 -1.8658626079559326 32.8802490234375
v 67.73297119140625 31.685693740844727 436.6814270019531
v 65.96551513671875 45.61206817626953 387.5638427734375
v 66.17740631103516 47.07294464111328 382.4281005859375
v 66.06751251220703 50.64060592651367 379.99908447265625
v 66.2658462524414 51.2210578918457 288.5009765625
v 66.10933685302734 54.11684799194336 376.6145324707031
v 66.33473205566406 52.01117706298828 387.3504638671875
v 67.41436767578125 54.71964645385742 301.4714050292969
v 66.05655670166016 57.882259368896484 386.2489929199219
v 66.22084045410156 54.09606170654297 386.8948974609375
v 65.95580291748047 56.74733352661133 373.3919372558594
v 66.41006469726562 58.786136627197266 373.781005859375
v 65.94114685058594 61.75043869018555 367.0042724609375
v 66.450927734375 61.20017623901367 316.2930603027344
v 66.22329711914062 62.04621505737305 346.8487854003906
v 67.40986633300781 62.88924789428711 339.52728271484375
v 67.63398742675781 63.10176467895508 341.1610412597656
v 65.9868392944336 62.76348114013672 363.6355285644531
v 67.65599822998047 63.487117767333984 328.3816223144531
v 66.30060577392578 64.08233642578125 379.8057556152344
v 66.75945281982422 77.15210723876953 360.34356689453125
v 67.59323120117188 89.9520034790039 312.28704833984375
v 66.90498352050781 92.2535400390625 317.2279052734375
v 66.86595916748047 -15.153429985046387 28.358671188354492
v 67.53922271728516 -7.5035400390625 42.82722091674805
v 67.594970703125 -5.823773384094238 19.849565505981445
v 68.25585174560547 -2.113219976425171 34.77336883544922
v 68.43240356445312 28.191553115844727 434.4864501953125
v 68.03843688964844 29.42055892944336 434.22210693359375
v 68.47393798828125 30.356689453125 434.59912109375
v 66.34367370605469 48.33774185180664 387.2193603515625
v 66.88428497314453 52.949466705322266 286.7061767578125
v 67.41608428955078 53.164207458496094 294.52447509765625
v 67.75300598144531 53.669918060302734 293.7462158203125
v 66.74064636230469 53.97562026977539 284.4096984863281
v 66.68988037109375 55.33717727661133 304.62066650390625
v 66.22420501708984 60.92451477050781 370.756591796875
v 67.02021026611328 59.83325958251953 284.0860900878906
v 66.37740325927734 62.284515380859375 381.88482666015625
v 66.5335693359375 62.87127685546875 370.7268371582031
v 66.5437240600586 63.306941986083984 368.09332275390625
v 67.14038848876953 64.17193603515625 355.54443359375
v 66.96294403076172 64.09658813476562 358.1734313964844
v 66.9385757446289 64.81893157958984 359.8468017578125
v 67.03546142578125 64.54439544677734 285.726318359375
v 66.20811462402344 67.44474029541016 372.473388671875
v 66.06976318359375 70.8709945678711 366.8605041503906
v 68.00367736816406 75.31609344482422 292.7999572753906
v 67.10083770751953 75.44029235839844 360.3295593261719
v 67.86460876464844 80.44428253173828 356.3460388183594
v 67.74663543701172 83.0946044921875 354.009765625
v 67.30677032470703 87.95359802246094 346.6290588378906
v 67.80473327636719 -16.128965377807617 38.69309997558594
v 67.49510192871094 -12.835688591003418 23.10566520690918
v 67.87870025634766 -11.235549926757812 42.745933532714844
v 69.3340835571289 -10.342185974121094 41.824588775634766
v 67.3636245727539 -7.662197113037109 19.166532516479492
v 67.72078704833984 -3.67865252494812 24.019807815551758
v 68.20700073242188 26.72538185119629 437.6336975097656
v 68.26458740234375 27.247373580932617 435.2165832519531
v 67.42731475830078 30.01291847229004 439.1732482910156
v 66.76109313964844 51.45769119262695 383.5089111328125
v 66.78047180175781 54.7393684387207 378.819580078125
v 66.73065185546875 52.754093170166016 384.37054443359375
v 66.96661376953125 57.70033645629883 376.2727355957031
v 66.75389862060547 57.342464447021484 384.061279296875
v 68.49896240234375 63.27224349975586 345.4470520019531
v 67.76907348632812 63.02714538574219 334.8334045410156
v 66.7971420288086 64.61115264892578 365.3858337402344
v 67.98889923095703 64.0835189819336 323.73272705078125
v 66.86070251464844 65.2786865234375 362.7984619140625
v 66.61875915527344 65.03804779052734 371.7718505859375
v 66.86567687988281 65.6128921508789 364.82574462890625
v 66.5428695678711 63.77508544921875 376.8843078613281
v 66.60134887695312 67.35671997070312 369.9716796875
v 66.69283294677734 69.0771713256836 365.9820556640625
v 68.18565368652344 71.38471221923828 290.18511962890625
v 68.20928955078125 80.27937316894531 297.683837890625
v 68.37187957763672 82.43827056884766 300.869140625
v 67.97801971435547 83.75941467285156 302.1588439941406
v 68.79954528808594 90.96825408935547 339.6357727050781
v 68.05239868164062 92.94383239746094 321.8167724609375
v 67.81442260742188 -12.724809646606445 24.501785278320312
v 68.50590515136719 -4.655911445617676 40.250545501708984
v 68.00544738769531 -4.115541934967041 22.156335830688477
v 67.40811157226562 28.037057876586914 438.9798583984375
v 67.95455932617188 31.313764572143555 438.24395751953125
v 67.04432678222656 54.77032470703125 381.24688720703125
v 67.04859924316406 55.54490661621094 284.6865234375
v 67.03549194335938 56.1168327331543 382.93359375
v 67.18565368652344 58.49333190917969 379.3211669921875
v 67.53025817871094 57.87330627441406 285.109375
v 67.02484893798828 60.72612762451172 380.21826171875
v 67.09574127197266 60.2399787902832 376.0213623046875
v 68.74761962890625 60.855690002441406 312.2469177246094
v 66.83829498291016 61.738800048828125 375.6277770996094
v 68.41924285888672 61.387847900390625 313.9376525878906
v 67.03382110595703 62.01847839355469 377.8839416503906
v 67.95352172851562 62.95802688598633 286.4529113769531
v 66.77375793457031 65.75929260253906 369.1646423339844
v 67.01424407958984 67.45597076416016 366.55657958984375
v 67.10003662109375 67.66217041015625 364.37884521484375
v 68.38566589355469 72.58699035644531 359.4944152832031
v 68.01729583740234 73.70582580566406 359.85418701171875
v 68.50812530517578 86.06166076660156 305.7431640625
v 69.02867889404297 88.33968353271484 343.80078125
v 68.75022888183594 88.59526824951172 310.2607421875
v 68.63943481445312 -14.763477325439453 40.01897430419922
v 67.87308502197266 -9.451138496398926 19.509143829345703
v 68.20674133300781 -4.394409656524658 26.898998260498047
v 68.41224670410156 -3.7698447704315186 27.902132034301758
v 69.03654479980469 -2.910388708114624 36.679473876953125
v 68.67410278320312 55.42329025268555 291.8501892089844
v 67.79776000976562 55.56230926513672 286.95941162109375
v 68.0693588256836 57.77406692504883 308.0738525390625
v 69.2825698852539 62.42298889160156 316.2123107910156
v 69.39759826660156 63.48609161376953 319.3313293457031
v 68.81116485595703 63.69873046875 348.73876953125
v 68.37133026123047 63.617313385009766 336.6409912109375
v 67.81476593017578 64.41936492919922 355.28668212890625
v 67.85447692871094 65.40894317626953 356.3761291503906
v 68.00390625 66.24617004394531 287.4096374511719
v 67.80376434326172 66.33499908447266 359.6065979003906
v 67.83624267578125 67.82250213623047 361.00518798828125
v 67.88903045654297 69.7180404663086 361.5265808105469
v 67.90348052978516 75.40695190429688 359.9862365722656
v 68.61490631103516 77.38380432128906 357.9726867675781
v 68.13326263427734 85.34769439697266 304.6867370605469
v 69.9364242553711 88.64900970458984 343.199951171875
v 69.19366455078125 92.96681213378906 330.87884521484375
v 68.64054107666016 -16.71843719482422 34.70999526977539
v 68.7269515991211 -14.71931266784668 28.41624641418457
v 69.30203247070312 -12.850937843322754 41.083370208740234
v 68.4197998046875 -11.88127326965332 21.874256134033203
v 69.09827423095703 -10.455926895141602 20.894914627075195
v 69.50971984863281 58.251338958740234 306.8282165527344
v 68.82554626464844 64.38752746582031 287.8755187988281
v 69.50730895996094 65.11547088623047 350.6592712402344
v 68.90016174316406 80.43461608886719 355.6129455566406
v 68.90975952148438 79.3340835571289 355.99169921875
v 68.96077728271484 82.92977905273438 353.2587585449219
v 68.44371032714844 85.40264129638672 350.28668212890625
v 68.96673583984375 90.35506439208984 314.20379638671875
v 69.386962890625 -16.06543731689453 36.496273040771484
v 69.2883071899414 -11.593635559082031 24.96430206298828
v 69.01248168945312 -8.15869426727295 20.09895896911621
v 69.27456665039062 -6.339075565338135 41.00486755371094
v 69.15702819824219 -5.5552287101745605 21.39925765991211
v 68.62492370605469 -3.280632257461548 29.53457260131836
v 71.68036651611328 28.105133056640625 439.5748291015625
v 70.74120330810547 29.58837127685547 439.341552734375
v 69.01908111572266 55.292381286621094 294.8854064941406
v 69.07839965820312 57.2269401550293 290.2003479003906
v 69.00357818603516 59.97748565673828 288.1907958984375
v 69.17179870605469 63.87348937988281 341.416259765625
v 69.06489562988281 66.43929290771484 355.9638977050781
v 68.95709228515625 66.81593322753906 356.6602478027344
v 68.47216796875 66.96403503417969 357.0936584472656
v 68.82869720458984 68.5573501586914 357.9062194824219
v 69.38387298583984 69.66223907470703 290.44921875
v 68.79399871826172 70.95822143554688 358.9023132324219
v 68.68004608154297 74.07818603515625 359.45330810546875
v 69.29276275634766 77.07489776611328 295.3016357421875
v 69.52967071533203 91.30902862548828 317.5989685058594
v 69.35037231445312 92.48845672607422 333.95013427734375
v 68.99918365478516 92.95892333984375 325.570068359375
v 71.26142120361328 -14.335039138793945 28.520116806030273
v 72.39805603027344 -15.424630165100098 30.48228645324707
v 70.03015899658203 -14.966381072998047 37.9648551940918
v 69.48043060302734 -11.39898681640625 23.27899932861328
v 69.7078628540039 -8.509284019470215 41.46812438964844
v 69.25564575195312 -4.7743682861328125 23.753753662109375
v 69.14934539794922 -5.209174633026123 26.5484676361084
v 69.5433578491211 -3.8766016960144043 38.011531829833984
v 73.3133773803711 -3.4227688312530518 31.160898208618164
v 70.100341796875 31.055686950683594 435.8702392578125
v 69.34515380859375 31.49066162109375 437.14459228515625
v 69.533203125 56.662113189697266 292.4350280761719
v 69.69364166259766 56.716312408447266 301.3478698730469
v 70.34432220458984 64.101806640625 336.4202880859375
v 69.62124633789062 63.81157302856445 333.3994445800781
v 69.89302062988281 64.1228256225586 340.205322265625
v 69.30607604980469 71.62252044677734 358.7475891113281
v 70.6380844116211 75.14630889892578 295.1193542480469
v 69.843017578125 75.15009307861328 357.3280334472656
v 70.02819061279297 84.6989974975586 305.4561767578125
v 70.25410461425781 88.87891387939453 312.8952941894531
v 73.34112548828125 -15.860634803771973 32.20421600341797
v 70.43538665771484 -12.098640441894531 26.797346115112305
v 69.73710632324219 -7.893103122711182 20.970861434936523
v 70.15508270263672 -5.282161712646484 39.20950698852539
v 70.41722869873047 -5.225283145904541 27.77537727355957
v 70.28901672363281 26.278812408447266 436.5401611328125
v 70.55655670166016 26.93912124633789 435.3434143066406
v 71.24739837646484 27.916324615478516 434.8164978027344
v 71.71322631835938 28.70306968688965 434.80389404296875
v 69.87271118164062 62.23155975341797 289.33880615234375
v 70.55947875976562 64.87623596191406 322.0115966796875
v 70.36791229248047 64.74055480957031 346.70068359375
v 70.20073699951172 64.48213958740234 328.1270751953125
v 70.45951843261719 65.384765625 324.5537109375
v 70.47607421875 66.66903686523438 351.5712585449219
v 70.3648681640625 66.60836791992188 290.5771789550781
v 69.44812774658203 69.29610443115234 357.7745056152344
v 70.67142486572266 80.26156616210938 353.64794921875
v 70.49332427978516 82.3410415649414 302.8282775878906
v 70.39111328125 84.02926635742188 349.90985107421875
v 70.60535430908203 86.29010009765625 346.00201416015625
v 70.2751235961914 92.24762725830078 323.8205871582031
v 70.39387512207031 -9.378366470336914 22.57675552368164
v 70.20685577392578 -6.54955530166626 22.5488224029541
v 70.20663452148438 -6.151164531707764 23.83138084411621
v 70.10836791992188 26.268054962158203 437.4781188964844
v 70.43899536132812 26.91175651550293 438.8701477050781
v 70.83842468261719 59.24785232543945 306.0691223144531
v 70.06158447265625 58.76599884033203 291.36273193359375
v 71.1679458618164 64.55628204345703 333.8225402832031
v 70.5959243774414 64.779541015625 337.5523986816406
v 70.71531677246094 70.33736419677734 355.69927978515625
v 71.31745910644531 74.05255889892578 354.9182434082031
v 70.52386474609375 76.60215759277344 355.4936828613281
v 70.79344940185547 78.72969818115234 298.6883544921875
v 71.1668701171875 86.66143035888672 309.676513671875
v 70.43453216552734 -13.672124862670898 39.10858917236328
v 70.83843994140625 -11.313414573669434 40.1788215637207
v 70.44934844970703 -9.546564102172852 24.417526245117188
v 70.33079528808594 -9.351821899414062 25.559295654296875
v 70.67801666259766 -7.517294406890869 40.163089752197266
v 70.23341369628906 -7.182450771331787 26.142980575561523
v 71.42951202392578 -7.550409317016602 27.164579391479492
v 72.62740325927734 -3.8635647296905518 30.023542404174805
v 73.79783630371094 -3.148099899291992 32.645355224609375
v 73.99300384521484 -3.2415554523468018 34.25767135620117
v 72.2201919555664 30.316423416137695 438.3131103515625
v 72.44578552246094 63.622798919677734 294.767578125
v 70.8951187133789 62.50306701660156 311.9822082519531
v 70.91886901855469 65.09405517578125 341.8189697265625
v 71.79019927978516 66.10031127929688 322.9435119628906
v 71.1639633178711 66.86286926269531 351.07843017578125
v 71.19732666015625 72.73139953613281 294.31890869140625
v 71.16552734375 76.73957061767578 355.0618591308594
v 71.3935317993164 80.38835906982422 301.8725280761719
v 71.65782165527344 86.43280029296875 343.7860107421875
v 70.783447265625 90.21163940429688 316.4869079589844
v 71.39259338378906 89.99951934814453 338.7190246582031
v 71.0435791015625 91.59888458251953 334.27459716796875
v 71.42262268066406 -10.468273162841797 26.954540252685547
v 70.8487777709961 -9.15658950805664 40.379913330078125
v 70.64996337890625 -8.008158683776855 23.780107498168945
v 71.8121337890625 30.75514030456543 436.903076171875
v 71.5038070678711 58.821250915527344 299.7120666503906
v 71.98246765136719 60.321842193603516 305.17694091796875
v 72.02519989013672 66.72879028320312 347.8913879394531
v 71.39983367919922 69.2668228149414 352.769775390625
v 71.07283782958984 68.67959594726562 292.2288513183594
v 71.11477661132812 82.20914459228516 351.3096008300781
v 72.2962417602539 86.90868377685547 343.2203063964844
v 71.4307861328125 91.12635803222656 321.5954284667969
v 71.45173645019531 91.86280822753906 330.9291076660156
v 74.1360855102539 -15.69200325012207 34.422672271728516
v 71.49182891845703 -8.64968490600586 26.92139434814453
v 72.1511459350586 -5.1084089279174805 28.470901489257812
v 72.7223129272461 24.483570098876953 436.0904541015625
v 72.87696838378906 26.45958709716797 439.23895263671875
v 71.89183807373047 25.680419921875 438.4815368652344
v 72.15109252929688 29.71784210205078 435.3680419921875
v 72.28258514404297 66.32406616210938 293.8385009765625
v 72.03502655029297 65.12049102783203 318.3679504394531
v 72.01872253417969 65.18159484863281 337.18353271484375
v 72.20964813232422 65.90841674804688 341.04608154296875
v 71.59051513671875 71.82514953613281 353.9748840332031
v 72.1667251586914 80.59606170654297 351.27862548828125
v 72.81307983398438 82.18450927734375 306.0207214355469
v 72.2391586303711 83.41677856445312 306.4183044433594
v 72.35856628417969 84.72636413574219 345.75140380859375
v 71.87368774414062 87.69542694091797 313.1318359375
v 71.6983871459961 -13.445853233337402 28.114620208740234
v 74.56766510009766 -12.675585746765137 38.60784912109375
v 72.99063873291016 24.723302841186523 435.029052734375
v 73.55159759521484 25.434757232666016 434.0155029296875
v 72.60499572753906 60.75114822387695 302.2337341308594
v 72.69071960449219 62.47166442871094 296.38812255859375
v 72.35071563720703 63.81047821044922 311.2008361816406
v 72.08255004882812 65.55387878417969 328.0162353515625
v 72.27409362792969 66.40048217773438 342.6404113769531
v 72.29212951660156 72.39256286621094 295.6380310058594
v 72.0425796508789 73.57415008544922 354.1458740234375
v 72.29231262207031 77.43882751464844 353.0747375488281
v 72.828857421875 79.96075439453125 303.4323425292969
v 72.62165832519531 88.364990234375 315.4864807128906
v 72.8818588256836 90.4442367553711 323.6330871582031
v 72.66144561767578 91.06169891357422 329.8506164550781
v 72.66826629638672 -12.307930946350098 27.295690536499023
v 72.6861572265625 -8.576992988586426 26.666046142578125
v 73.440185546875 24.200441360473633 436.9706115722656
v 72.65814208984375 29.150741577148438 439.2097473144531
v 74.71857452392578 29.334436416625977 436.31103515625
v 72.25698852539062 60.53451919555664 297.8738708496094
v 72.87701416015625 64.46369171142578 312.19049072265625
v 73.12152862548828 65.84378051757812 334.4361572265625
v 72.78653717041016 66.35629272460938 320.8988037109375
v 72.81019592285156 66.60391998291016 338.4581298828125
v 73.11476135253906 67.32925415039062 324.25946044921875
v 73.29393768310547 69.46984100341797 349.2135009765625
v 72.1556396484375 70.37572479248047 352.8062744140625
v 72.7474365234375 75.15834045410156 298.2753601074219
v 73.00871276855469 83.01033020019531 346.8482666015625
v 73.10857391357422 88.609619140625 338.9569091796875
v 73.41435241699219 88.55305480957031 317.9723205566406
v 73.20669555664062 -14.372550010681152 28.855253219604492
v 72.51207733154297 -10.420891761779785 26.741514205932617
v 73.60295104980469 -5.985819339752197 27.556190490722656
v 73.07526397705078 62.086753845214844 305.0320739746094
v 73.76939392089844 66.78191375732422 338.1694030761719
v 73.8038101196289 68.47608184814453 343.52520751953125
v 73.09233856201172 70.1980209350586 296.1480712890625
v 73.08228302001953 70.52281951904297 350.82574462890625
v 73.06946563720703 74.79882049560547 352.3257751464844
v 73.0666732788086 77.02200317382812 300.7476806640625
v 73.57478332519531 77.92194366455078 303.06732177734375
v 73.41781616210938 78.00109100341797 350.86004638671875
v 73.1642837524414 85.44515991210938 311.0260009765625
v 72.94767761230469 90.39924621582031 334.0539855957031
v 74.47237396240234 -15.5624361038208 31.0206356048584
v 74.09455871582031 -15.081504821777344 36.2653923034668
v 74.23053741455078 -13.84882926940918 37.81299591064453
v 74.889892578125 -9.129034996032715 39.37128829956055
v 74.5476303100586 -4.505171298980713 28.953582763671875
v 74.42257690429688 -5.429375648498535 38.058692932128906
v 74.29647827148438 -3.909276247024536 36.19337844848633
v 74.68997192382812 29.074806213378906 435.4443664550781
v 74.88986206054688 29.21307945251465 437.1502380371094
v 73.58594512939453 62.88863754272461 300.67816162109375
v 73.7729721069336 66.7157211303711 317.48797607421875
v 74.32207489013672 67.38958740234375 298.9134826660156
v 73.6994400024414 66.66091918945312 328.6271057128906
v 74.44127655029297 68.48902893066406 321.9175720214844
v 73.20535278320312 72.41753387451172 351.6389465332031
v 73.70240020751953 72.84141540527344 298.58819580078125
v 74.26091003417969 81.91647338867188 345.5682678222656
v 73.79059600830078 81.92477416992188 307.26104736328125
v 74.27001953125 85.5412826538086 313.9684753417969
v 73.84574890136719 90.18296813964844 330.3314514160156
v 74.5125732421875 -10.76782512664795 39.40495300292969
v 74.77442169189453 -7.309087753295898 39.02753448486328
v 73.95525360107422 26.78960418701172 433.7368469238281
v 74.8056869506836 27.90468406677246 434.0889892578125
v 73.91496276855469 63.52630615234375 303.5400390625
v 74.13933563232422 64.97084045410156 299.9477233886719
v 74.21297454833984 66.29969787597656 309.85198974609375
v 73.99678039550781 68.01883697509766 339.32470703125
v 73.98480224609375 68.1517562866211 341.90234375
v 74.4817886352539 77.64531707763672 304.6665344238281
v 74.66197967529297 83.77066040039062 343.3044738769531
v 74.73990631103516 84.96125030517578 341.983642578125
v 74.21226501464844 86.44560241699219 315.2684020996094
v 74.78398895263672 89.01016235351562 333.1540222167969
v 74.73207092285156 88.97053527832031 327.1329650878906
v 75.03849792480469 -14.401115417480469 27.45826530456543
v 74.83737182617188 -12.088342666625977 25.620851516723633
v 74.52413940429688 -6.780755043029785 26.33185386657715
v 76.11796569824219 23.094974517822266 436.9110107421875
v 74.57424926757812 26.818103790283203 439.0386962890625
v 74.40486145019531 28.08645248413086 438.927978515625
v 74.99386596679688 68.3399658203125 338.8291015625
v 74.12670135498047 70.20021057128906 298.5047302246094
v 75.20347595214844 71.89633178710938 344.5733642578125
v 74.29882049560547 72.6102523803711 348.91015625
v 74.07615661621094 74.54826354980469 350.1665954589844
v 74.6372299194336 73.76844024658203 301.74993896484375
v 74.20513916015625 83.38829803466797 343.557373046875
v 75.22306823730469 -15.695657730102539 32.504493713378906
v 75.78630065917969 -3.7076499462127686 30.979494094848633
v 75.23528289794922 23.15897560119629 435.3936767578125
v 75.06769561767578 28.581703186035156 438.06787109375
v 74.57090759277344 65.43898010253906 304.1543273925781
v 74.78116607666016 67.18748474121094 310.3177490234375
v 74.88206481933594 68.02951049804688 316.4156494140625
v 75.74442291259766 68.5881118774414 335.56475830078125
v 74.85499572753906 68.14986419677734 326.94427490234375
v 75.24136352539062 69.70230865478516 323.6472473144531
v 74.7979965209961 76.73587799072266 347.70001220703125
v 74.81710815429688 80.21031188964844 307.8044738769531
v 75.08538055419922 79.60668182373047 345.5941162109375
v 74.57083892822266 83.78672790527344 311.5732727050781
v 75.1080551147461 86.74137115478516 338.450439453125
v 74.81417846679688 88.51203918457031 323.90594482421875
v 75.24286651611328 88.70008087158203 328.85888671875
v 75.34181213378906 -9.259072303771973 24.895605087280273
v 75.77686309814453 -5.159051418304443 27.28489112854004
v 76.06025695800781 -4.356186866760254 35.47175979614258
v 75.07125854492188 67.66566467285156 303.763427734375
v 75.07323455810547 68.25099182128906 308.53704833984375
v 75.65972137451172 69.31173706054688 315.7431640625
v 75.81533813476562 68.68900299072266 329.9621276855469
v 75.20091247558594 69.25711822509766 303.0797424316406
v 75.13909912109375 70.76619720458984 302.4573059082031
v 76.1363525390625 70.3905029296875 325.4185791015625
v 75.43733215332031 70.51824951171875 340.3229064941406
v 75.1712646484375 70.41416931152344 342.5718994140625
v 75.31619262695312 75.10005950927734 346.15338134765625
v 75.08708190917969 74.71150207519531 304.73895263671875
v 75.67489624023438 80.49412536621094 343.0229797363281
v 75.1373519897461 86.41919708251953 318.1749572753906
v 77.56143188476562 -15.489692687988281 32.688392639160156
v 75.9485092163086 -15.534372329711914 29.3712215423584
v 76.26524353027344 -6.954044818878174 25.43755340576172
v 78.40287017822266 -4.122151851654053 32.34715270996094
v 75.18342590332031 24.435239791870117 433.8379821777344
v 76.00531005859375 24.143796920776367 437.9798278808594
v 75.82357025146484 25.783313751220703 433.4303894042969
v 76.03333282470703 70.7052993774414 320.7906799316406
v 75.95747375488281 70.01158905029297 339.5008239746094
v 75.44557189941406 75.5040512084961 305.851318359375
v 75.56828308105469 82.1579818725586 312.0185546875
v 76.13671112060547 87.11924743652344 333.947021484375
v 76.24652099609375 -11.57658863067627 38.18626022338867
v 77.1153564453125 -5.8467698097229 26.07355308532715
v 76.74151611328125 -4.125668048858643 28.88558578491211
v 75.61145782470703 71.4645767211914 306.69561767578125
v 75.79441833496094 70.18501281738281 308.81787109375
v 76.09725189208984 70.29045104980469 313.2178649902344
v 76.35509490966797 69.98497009277344 327.2901306152344
v 76.2942123413086 71.19481658935547 340.1358947753906
v 75.97972106933594 73.76395416259766 343.7198181152344
v 75.84027099609375 72.87014770507812 306.8653869628906
v 76.25497436523438 76.89415740966797 309.4358825683594
v 75.9657974243164 77.57028198242188 344.2680969238281
v 75.77384185791016 78.63458251953125 308.7899169921875
v 76.18360900878906 80.5920639038086 342.81610107421875
v 76.70879364013672 82.85885620117188 317.2607727050781
v 76.45027160644531 82.02172088623047 341.48895263671875
v 75.99798583984375 84.41635131835938 316.9977722167969
v 76.43143463134766 84.47932434082031 338.8948974609375
v 76.43714904785156 86.15543365478516 324.0365905761719
v 76.65914154052734 86.8658676147461 331.4560241699219
v 77.74906158447266 -14.500795364379883 34.90542984008789
v 76.34033966064453 -12.437878608703613 24.191129684448242
v 77.23120880126953 -10.563309669494629 23.02077293395996
v 77.62708282470703 -8.52142333984375 23.15220832824707
v 77.51284790039062 21.857683181762695 432.2756042480469
v 77.73021697998047 21.13349151611328 433.3171691894531
v 77.10407257080078 24.70331382751465 438.1318054199219
v 76.617431640625 26.95256233215332 433.87835693359375
v 77.80009460449219 25.899015426635742 437.8962097167969
v 77.1480484008789 27.5869083404541 434.9597473144531
v 76.60134887695312 72.41954803466797 311.9383544921875
v 76.07941436767578 72.48046875 340.91436767578125
v 76.43386840820312 74.45579528808594 341.5838928222656
v 76.76415252685547 74.52243041992188 311.1679382324219
v 76.25813293457031 78.07434844970703 342.6076965332031
v 76.34740447998047 80.35760498046875 312.4211120605469
v 76.3718490600586 86.7115478515625 326.7655944824219
v 77.12444305419922 86.1017837524414 329.2056579589844
v 76.8673324584961 -15.834606170654297 30.69310188293457
v 77.68057250976562 -14.3058443069458 24.40427589416504
v 79.0884780883789 -10.160040855407715 36.87439727783203
v 78.0261459350586 -3.889261484146118 30.66307830810547
v 77.9880599975586 21.257335662841797 435.2084655761719
v 77.8421630859375 23.41925621032715 431.389404296875
v 77.78227996826172 26.977632522583008 437.1253356933594
v 77.4626235961914 71.70562744140625 336.222900390625
v 76.63053894042969 71.72459411621094 315.3599853515625
v 76.8677749633789 72.63201141357422 323.1667785644531
v 76.98492431640625 73.01709747314453 340.4798889160156
v 76.4407730102539 76.40361022949219 342.19598388671875
v 76.92818450927734 78.66120910644531 342.1755065917969
v 77.68810272216797 -15.826066970825195 27.404630661010742
v 78.50910949707031 -15.339835166931152 25.144306182861328
v 79.04519653320312 -8.16760540008545 36.71376419067383
v 77.96189880371094 -6.050647258758545 36.25023651123047
v 78.09422302246094 -5.024982452392578 27.00366973876953
v 79.17048645019531 22.88541030883789 436.94830322265625
v 78.44918060302734 27.121177673339844 435.9544677734375
v 77.58940124511719 71.46826171875 330.17633056640625
v 77.29019927978516 73.9427490234375 319.37744140625
v 77.1421127319336 74.34074401855469 314.51611328125
v 77.15235137939453 74.63102722167969 341.1658630371094
v 77.15812683105469 76.20580291748047 313.6360778808594
v 76.89676666259766 78.71876525878906 313.119384765625
v 76.95905303955078 76.5220718383789 342.0012512207031
v 77.53511810302734 82.41643524169922 338.1282653808594
v 77.2110595703125 84.38269805908203 323.84954833984375
v 77.70330047607422 84.65535736083984 333.09649658203125
v 77.22359466552734 85.2367935180664 326.8297119140625
v 78.81993865966797 -16.30964469909668 29.23299217224121
v 77.8548583984375 -12.725735664367676 23.07611846923828
v 80.07829284667969 -12.090682029724121 35.56749725341797
v 79.27474975585938 -5.9747700691223145 24.32479476928711
v 77.45588684082031 72.3338851928711 326.6717529296875
v 77.61036682128906 74.85200500488281 322.7635803222656
v 77.63479614257812 76.13378143310547 318.52777099609375
v 77.78250885009766 77.22442626953125 340.0535888671875
v 77.71209716796875 78.25318908691406 318.396728515625
v 77.41595458984375 80.39546203613281 317.772705078125
v 77.96915435791016 79.84574127197266 338.837890625
v 77.7100830078125 82.1746597290039 322.6156921386719
v 78.98731994628906 -14.847698211669922 33.50783157348633
v 79.85550689697266 -13.527129173278809 34.67567443847656
v 78.76322174072266 -7.255838871002197 23.251384735107422
v 78.68633270263672 21.928285598754883 436.3503723144531
v 79.89598083496094 23.95258903503418 430.4168395996094
v 78.21709442138672 74.56287384033203 337.17633056640625
v 78.0902099609375 75.24639892578125 325.3005065917969
v 77.98304748535156 77.2633285522461 322.315673828125
v 78.00897216796875 79.6966781616211 322.12701416015625
v 78.20919799804688 82.12370300292969 326.0787048339844
v 78.25550842285156 83.70966339111328 329.5255126953125
v 79.81022644042969 -4.548776626586914 28.497318267822266
v 80.3050308227539 24.68132781982422 430.8053283691406
v 78.83129119873047 74.85031127929688 331.101318359375
v 78.4403305053711 74.52167510986328 327.5188903808594
v 78.55052947998047 78.63085174560547 325.62335205078125
v 78.59486389160156 76.80361938476562 336.5331726074219
v 78.22538757324219 81.8643798828125 335.72296142578125
v 78.53314971923828 79.24356842041016 336.6520690917969
v 79.6453857421875 -13.174568176269531 22.260587692260742
v 80.14436340332031 -12.211777687072754 21.66449546813965
v 79.87800598144531 -10.569890022277832 21.57908821105957
v 79.71000671386719 21.301420211791992 430.6215515136719
v 79.87611389160156 20.718191146850586 434.9887390136719
v 79.80227661132812 23.585880279541016 436.88397216796875
v 80.76277923583984 25.321989059448242 431.53558349609375
v 78.87171173095703 76.9932861328125 327.4879150390625
v 79.18489074707031 77.45032501220703 331.017822265625
v 79.0521469116211 79.99964141845703 332.4681091308594
v 79.03961181640625 79.73857879638672 328.4893493652344
v 78.78179168701172 81.96723175048828 331.1019287109375
v 80.77572631835938 -16.262271881103516 25.63787269592285
v 80.31764221191406 -15.810025215148926 31.419010162353516
v 80.16614532470703 -15.348531723022461 23.97471046447754
v 80.35729217529297 -14.159219741821289 22.604389190673828
v 80.44547271728516 -8.777596473693848 21.70882797241211
v 81.3865737915039 -7.122199058532715 34.1844482421875
v 79.97080993652344 -5.090358734130859 33.19990539550781
v 80.3663330078125 20.005640029907227 432.9627685546875
v 79.66383361816406 20.426748275756836 431.9172058105469
v 79.68783569335938 22.307790756225586 430.2326965332031
v 80.65170288085938 24.370264053344727 436.3422546386719
v 80.09766387939453 26.269020080566406 433.59490966796875
v 80.88617706298828 -14.931807518005371 32.71161651611328
v 80.88851928710938 -5.074952125549316 25.460725784301758
v 81.91605377197266 -5.139904499053955 30.082035064697266
v 81.13606262207031 25.21326446533203 435.23004150390625
v 81.27339172363281 -6.5581231117248535 22.98110008239746
v 81.42915344238281 19.93874740600586 430.0094299316406
v 82.48580932617188 22.107887268066406 428.0950012207031
v 81.05768585205078 25.674976348876953 434.4092712402344
v 81.33321380615234 -16.05814552307129 29.78824234008789
v 82.16667175292969 -13.91004753112793 33.024986267089844
v 82.65459442138672 -9.105487823486328 33.958030700683594
v 81.48847198486328 -4.75108528137207 26.968778610229492
v 82.33723449707031 19.18551254272461 430.6091003417969
v 81.82132720947266 -16.543752670288086 27.192363739013672
v 82.52500915527344 -15.575261116027832 23.790904998779297
v 81.89624786376953 -12.120174407958984 34.389923095703125
v 82.63878631591797 -10.43835163116455 34.14442825317383
v 82.53994750976562 25.27928924560547 432.2877197265625
v 84.23482513427734 -11.427663803100586 20.793622970581055
v 83.10214233398438 -8.469664573669434 21.59261131286621
v 83.67423248291016 -5.132416248321533 27.1885929107666
v 82.54674530029297 19.326919555664062 432.41314697265625
v 83.14834594726562 20.064363479614258 433.5815734863281
v 82.29683685302734 21.043399810791016 428.25836181640625
v 82.73106384277344 21.725908279418945 434.9582214355469
v 83.06243133544922 -16.145545959472656 25.22161102294922
v 83.0240478515625 -14.658398628234863 31.398344039916992
v 84.82847595214844 -13.94841480255127 21.64961051940918
v 83.397216796875 -6.612685203552246 31.288118362426758
v 82.69047546386719 -5.340356349945068 24.879549026489258
v 83.9929428100586 22.910425186157227 427.69268798828125
v 83.28142547607422 24.182743072509766 434.06756591796875
v 83.12117767333984 -15.935264587402344 29.33180046081543
v 83.74593353271484 -6.730409145355225 23.070539474487305
v 84.57514953613281 -5.931824684143066 29.17106056213379
v 82.61896514892578 19.75434112548828 428.6719665527344
v 83.4986343383789 22.92476463317871 434.4842224121094
v 83.80399322509766 23.872547149658203 428.6878356933594
v 84.39848327636719 24.405261993408203 429.64337158203125
v 84.03309631347656 -16.20690155029297 26.96086311340332
v 84.22959899902344 -12.695207595825195 32.07717514038086
v 83.51679992675781 24.714696884155273 432.7335510253906
v 84.29745483398438 -10.398149490356445 32.566749572753906
v 84.06462097167969 -8.026993751525879 31.908517837524414
v 84.3515625 18.49390411376953 429.8012390136719
v 84.61410522460938 -15.42525577545166 28.981523513793945
v 85.14307403564453 -15.369952201843262 23.257898330688477
v 84.23114776611328 -14.560970306396484 30.57162094116211
v 84.7849349975586 -9.330352783203125 21.118515014648438
v 86.74285125732422 -6.9292192459106445 24.268911361694336
v 86.91055297851562 18.351877212524414 426.6463623046875
v 86.1398696899414 19.373933792114258 426.0263671875
v 84.93904113769531 20.29775619506836 433.0246887207031
v 84.77654266357422 24.502601623535156 430.90283203125
v 85.36274719238281 -8.01393985748291 30.786548614501953
v 85.586669921875 18.761455535888672 430.9420166015625
v 85.30513000488281 21.537073135375977 433.23309326171875
v 86.05033111572266 -15.864729881286621 25.364316940307617
v 85.33211517333984 -10.566920280456543 31.771800994873047
v 85.62077331542969 -7.379750728607178 22.637739181518555
v 86.06256103515625 -6.394802570343018 25.849811553955078
v 85.86016082763672 20.932268142700195 425.8853454589844
v 85.38899993896484 23.960617065429688 431.92254638671875
v 85.31591796875 22.82126808166504 433.0234069824219
v 86.03619384765625 23.725923538208008 428.88653564453125
v 85.1715087890625 -13.298860549926758 30.840158462524414
v 85.45149230957031 -6.241576671600342 27.59157371520996
v 86.18809509277344 -12.619377136230469 21.317272186279297
v 85.68383026123047 -11.669493675231934 31.131961822509766
v 86.00110626220703 -10.671547889709473 21.022720336914062
v 85.718505859375 -6.920462131500244 28.885379791259766
v 86.33758544921875 22.572601318359375 426.50543212890625
v 86.71615600585938 -14.783564567565918 23.163700103759766
v 85.91027069091797 -9.628453254699707 30.879627227783203
v 86.62449645996094 -9.134113311767578 21.69278335571289
v 88.06129455566406 17.97442626953125 427.61016845703125
v 87.07330322265625 22.781421661376953 430.789794921875
v 87.10198211669922 -15.330066680908203 26.59107780456543
v 87.6266098022461 -14.174077987670898 28.315061569213867
v 87.53604888916016 -13.58413314819336 22.598134994506836
v 88.12640380859375 -12.499988555908203 28.995594024658203
v 87.21163177490234 -8.155591011047363 22.753990173339844
v 88.17436218261719 -8.508881568908691 28.067947387695312
v 87.81116485595703 20.373083114624023 430.92523193359375
v 87.54135131835938 23.038808822631836 427.38427734375
v 87.8266830444336 22.823862075805664 429.6488037109375
v 87.93730163574219 -14.681434631347656 24.682321548461914
v 87.32630920410156 -10.857022285461426 21.623327255249023
v 87.89598846435547 -7.433364391326904 26.51517677307129
v 89.15745544433594 19.064598083496094 429.18035888671875
v 88.2242660522461 -11.88780403137207 22.4295654296875
v 88.35294342041016 -10.580872535705566 29.046533584594727
v 87.81028747558594 -7.681877613067627 24.16032600402832
v 88.59751892089844 19.41651725769043 424.7814636230469
v 88.7735824584961 20.687746047973633 424.6607360839844
v 88.80261993408203 22.628564834594727 428.2098083496094
v 88.22103118896484 -14.454059600830078 26.446598052978516
v 88.67964935302734 -9.564641952514648 23.31412124633789
v 88.65375518798828 18.207550048828125 428.2971496582031
v 89.26363372802734 18.448463439941406 425.2037658691406
v 89.53826141357422 21.148998260498047 429.2547912597656
v 89.27725982666016 21.68138313293457 425.118896484375
v 88.9644775390625 -12.91938304901123 24.217321395874023
v 89.11726379394531 -13.013749122619629 26.718006134033203
v 88.9671401977539 -11.182517051696777 28.144603729248047
v 89.16710662841797 -9.18929672241211 25.14051628112793
v 89.14004516601562 -9.307428359985352 26.913379669189453
v 89.88433074951172 22.427196502685547 426.3727111816406
v 89.36892700195312 -11.342243194580078 24.357097625732422
v 90.90193176269531 17.30012321472168 426.7541198730469
v 89.57556915283203 17.69416618347168 426.3046875
v 89.5361099243164 -11.582780838012695 26.424774169921875
v 90.92768096923828 17.788297653198242 428.0183410644531
v 90.0754623413086 17.764991760253906 425.3939514160156
v 91.32665252685547 18.701528549194336 428.7852783203125
v 90.02315521240234 19.288660049438477 424.5439758300781
v 90.96461486816406 19.80805778503418 429.148193359375
v 90.30535888671875 20.41600799560547 424.73004150390625
v 91.21072387695312 21.73984146118164 427.6517028808594
v 90.47942352294922 17.99567222595215 424.0986328125
v 91.07760620117188 21.028244018554688 428.699462890625
v 91.0491714477539 21.3967342376709 425.5719299316406
v 91.79679870605469 16.560394287109375 423.8340759277344
v 91.65888214111328 17.71775245666504 422.77581787109375
v 92.45243835449219 21.0855770111084 425.7337646484375
v 92.0986099243164 16.357589721679688 425.4336242675781
v 91.95751953125 19.164228439331055 422.6975402832031
v 92.60647583007812 20.1837100982666 423.1920471191406
v 92.53363800048828 20.2559871673584 427.9490661621094
v 92.53372192382812 17.682781219482422 427.2462158203125
v 93.56463623046875 20.483551025390625 425.77276611328125
v 93.77043914794922 16.338632583618164 422.5609436035156
v 93.80235290527344 18.39171028137207 426.75408935546875
v 93.84955596923828 18.638957977294922 421.7720642089844
v 95.73612976074219 15.65770435333252 422.921142578125
v 95.22301483154297 16.474565505981445 425.23431396484375
v 94.5291976928711 15.986296653747559 424.7720642089844
v 93.60317993164062 17.372724533081055 421.9253845214844
v 94.29060363769531 19.29384994506836 426.1679992675781
v 94.85771942138672 19.73576545715332 422.3955993652344
v 94.7937240600586 20.173093795776367 423.612060546875
v 95.2428970336914 19.995756149291992 424.4195556640625
v 95.86106872558594 16.78523826599121 420.22625732421875
v 95.59136962890625 15.710939407348633 421.75537109375
v 95.08012390136719 18.12786865234375 420.7919616699219
v 95.93728637695312 17.270662307739258 425.4026184082031
v 96.15000915527344 18.394210815429688 425.357421875
v 95.94676971435547 18.9869384765625 420.912353515625
v 96.66494750976562 16.331012725830078 423.96844482421875
v 97.80302429199219 17.97504234313965 419.7025451660156
v 96.7559585571289 19.52202606201172 421.7303771972656
v 96.43953704833984 19.153669357299805 424.4221496582031
v 96.45912170410156 19.542011260986328 423.42584228515625
v 97.38551330566406 14.673632621765137 421.7149353027344
v 96.72521209716797 15.193798065185547 420.5646667480469
v 97.50607299804688 15.860358238220215 419.2785949707031
v 97.12864685058594 17.413131713867188 424.32366943359375
v 98.53472137451172 16.80489730834961 418.662109375
v 97.88460540771484 19.01620101928711 422.71697998046875
v 98.1394271850586 15.455513954162598 422.9629821777344
v 98.67040252685547 17.624649047851562 423.1564025878906
v 99.17424011230469 14.595114707946777 421.15380859375
v 98.32117462158203 18.57929801940918 420.76263427734375
v 99.591796875 14.614121437072754 418.7742004394531
v 99.5472183227539 17.88294219970703 419.39013671875
v 98.93733215332031 18.396408081054688 421.6148681640625
v 101.06808471679688 13.565092086791992 418.74542236328125
v 99.7257080078125 15.661587715148926 418.0837097167969
v 100.02192687988281 15.471338272094727 421.8269348144531
v 100.45001983642578 17.093364715576172 418.23150634765625
v 100.42619323730469 16.538097381591797 421.7916564941406
v 100.52345275878906 17.68934440612793 420.8970031738281
v 101.72924041748047 13.51346492767334 419.9210205078125
v 100.93252563476562 14.686245918273926 417.3011474609375
v 101.50955200195312 15.269429206848145 416.86700439453125
v 101.3834228515625 17.599885940551758 418.7483215332031
v 101.88309478759766 14.629430770874023 421.1764221191406
v 102.6248550415039 16.474077224731445 416.5182189941406
v 101.87943267822266 16.13459014892578 421.5203857421875
v 102.71902465820312 17.644521713256836 419.4967956542969
v 102.21634674072266 13.758495330810547 417.23358154296875
v 103.40228271484375 17.487478256225586 417.47015380859375
v 103.36518859863281 13.710343360900879 420.1863708496094
v 103.24501037597656 13.074243545532227 418.2457580566406
v 103.38037109375 15.15673542022705 415.7251892089844
v 102.6778564453125 16.5450382232666 420.92987060546875
v 105.35552978515625 12.430636405944824 416.5746154785156
v 104.58557891845703 13.075852394104004 418.7129821777344
v 104.46900177001953 13.934821128845215 415.2488098144531
v 103.79469299316406 14.606019020080566 420.7010498046875
v 103.98829650878906 15.88745403289795 420.7903137207031
v 103.88270568847656 17.082176208496094 420.06817626953125
v 104.69244384765625 17.3040828704834 417.6986999511719
v 105.31844329833984 12.760323524475098 415.6655578613281
v 105.70037841796875 16.729700088500977 416.2052917480469
v 106.10853576660156 12.399423599243164 417.4927062988281
v 105.35362243652344 16.00700569152832 415.28155517578125
v 105.53572845458984 16.7926082611084 418.64044189453125
v 105.41422271728516 14.152827262878418 419.46673583984375
v 106.04203033447266 15.26911449432373 419.25079345703125
v 107.3019790649414 15.167448043823242 413.867919921875
v 107.57176971435547 12.642341613769531 417.70635986328125
v 108.31253051757812 13.468785285949707 413.4428405761719
v 107.05868530273438 16.56316566467285 417.39300537109375
v 108.39361572265625 12.699219703674316 413.865966796875
v 107.82243347167969 15.607646942138672 418.08642578125
v 108.77289581298828 11.842643737792969 415.07904052734375
v 108.23736572265625 16.103647232055664 414.4897766113281
v 110.6016616821289 11.809591293334961 415.97637939453125
v 108.93262481689453 14.793551445007324 413.30096435546875
v 109.54108428955078 16.287593841552734 414.88751220703125
v 110.34152221679688 14.260598182678223 417.4786376953125
v 110.52252960205078 12.370511054992676 416.7272033691406
v 110.5560073852539 13.14588737487793 417.2442321777344
v 109.99295806884766 16.074077606201172 416.4462890625
v 110.73432159423828 11.480484008789062 413.2986755371094
v 110.9002685546875 12.478387832641602 412.2142333984375
v 111.4033203125 13.5687837600708 411.8695983886719
v 110.47115325927734 15.197053909301758 417.1183776855469
v 111.74275970458984 14.427480697631836 412.1372375488281
v 111.42321014404297 11.168795585632324 414.65386962890625
v 112.18289184570312 15.483945846557617 414.41082763671875
v 112.42417907714844 11.983427047729492 415.78302001953125
v 112.36641693115234 14.627826690673828 415.93316650390625
v 113.54057312011719 14.865693092346191 412.7027893066406
v 112.78526306152344 11.31354808807373 412.158935546875
v 114.0221176147461 12.87463092803955 415.3304748535156
v 113.28517150878906 10.812782287597656 413.3957214355469
v 113.42401123046875 13.052718162536621 411.24932861328125
v 113.9080581665039 11.100181579589844 414.22021484375
v 114.07952117919922 11.853076934814453 411.3062744140625
v 113.20441436767578 14.293212890625 411.94232177734375
v 113.96186828613281 14.528626441955566 414.4840393066406
v 114.84622955322266 11.198723793029785 411.85980224609375
v 116.71077728271484 11.900338172912598 413.3780517578125
v 115.50794982910156 14.771970748901367 411.3288879394531
v 115.29224395751953 14.807906150817871 413.42108154296875
v 115.80979919433594 11.149816513061523 412.465087890625
v 115.46511840820312 11.849477767944336 410.3328857421875
v 115.34053802490234 13.495498657226562 410.04443359375
v 116.87438201904297 13.718832015991211 413.4617004394531
v 117.38267517089844 11.106212615966797 410.49127197265625
v 116.99109649658203 12.809197425842285 413.5079345703125
v 116.4909439086914 14.60409927368164 412.6667785644531
v 117.2823715209961 12.095120429992676 409.56787109375
v 118.18680572509766 14.279075622558594 409.771484375
v 119.03498077392578 10.809508323669434 410.5234680175781
v 118.50000762939453 11.107847213745117 412.1051330566406
v 117.52733612060547 13.34755802154541 409.3604736328125
v 118.06278228759766 14.867979049682617 411.2738952636719
v 118.55926513671875 11.91218376159668 412.9588928222656
v 118.69576263427734 14.28001880645752 412.5664367675781
v 118.67157745361328 13.147444725036621 413.1319580078125
v 118.55305480957031 11.998669624328613 408.61029052734375
v 120.14549255371094 11.309332847595215 408.4369201660156
v 120.9089126586914 13.650691986083984 407.55877685546875
v 119.42594146728516 14.332880973815918 411.2489013671875
v 121.22931671142578 12.190483093261719 407.1430969238281
v 120.52080535888672 14.48593521118164 409.2213134765625
v 121.38533782958984 11.957903861999512 410.753662109375
v 120.83793640136719 11.034527778625488 409.6919250488281
v 121.47505187988281 12.81650447845459 410.8260192871094
v 121.76224517822266 13.901670455932617 410.2015686035156
v 122.07701873779297 10.67480182647705 408.2937927246094
v 122.21337127685547 14.313594818115234 408.9304504394531
v 122.14124298095703 11.009542465209961 409.8080749511719
v 123.37966918945312 12.680154800415039 406.1940002441406
v 123.40121459960938 13.864286422729492 407.36895751953125
v 123.3915786743164 10.627257347106934 407.0076599121094
v 123.10868072509766 11.572465896606445 406.3240966796875
v 123.49647521972656 12.76875114440918 409.9678955078125
v 124.15895080566406 10.193288803100586 407.9484558105469
v 123.28128814697266 11.22258186340332 409.5809020996094
v 125.37364959716797 13.410600662231445 408.2615051269531
v 124.16841125488281 11.172452926635742 409.4244384765625
v 125.19200897216797 9.415863037109375 405.94219970703125
v 124.43573760986328 10.409502983093262 404.7995910644531
v 124.69873046875 12.218865394592285 404.5087890625
v 125.04586029052734 13.283653259277344 405.3357849121094
v 124.93699645996094 13.763604164123535 407.59344482421875
v 125.6839370727539 10.831703186035156 403.72906494140625
v 126.41513061523438 11.095059394836426 408.24969482421875
v 126.24967956542969 12.046277046203613 408.4911804199219
v 126.05635070800781 9.856678009033203 404.1346130371094
v 126.7742691040039 9.78940486907959 407.15264892578125
v 126.01753997802734 13.420841217041016 407.1367492675781
v 126.3841781616211 9.370499610900879 405.90411376953125
v 128.4157257080078 12.812755584716797 402.09368896484375
v 126.64126586914062 13.823683738708496 405.3092346191406
v 126.90196990966797 9.130596160888672 404.66009521484375
v 127.04778289794922 13.655499458312988 406.6541442871094
v 127.66797637939453 9.057000160217285 405.7191467285156
v 127.92366027832031 11.5457763671875 407.6145324707031
v 127.65997314453125 11.82080078125 402.240478515625
v 127.56503295898438 12.907416343688965 407.3476867675781
v 129.28623962402344 9.226164817810059 403.2016296386719
v 127.53325653076172 10.187026023864746 402.7531433105469
v 128.2227020263672 13.81887435913086 403.88995361328125
v 128.87232971191406 13.609492301940918 405.5354309082031
v 128.5596160888672 10.1278076171875 406.8985900878906
v 129.58062744140625 9.459794998168945 402.1226806640625
v 128.53848266601562 11.122819900512695 401.236572265625
v 128.88067626953125 13.543543815612793 402.9916687011719
v 130.4569549560547 9.468034744262695 404.2994079589844
v 129.708740234375 12.877384185791016 405.9942932128906
v 129.91049194335938 11.668363571166992 406.45361328125
v 130.1174774169922 13.520825386047363 403.91912841796875
v 130.97384643554688 10.180408477783203 404.83502197265625
v 130.3936309814453 12.86249828338623 401.03448486328125
v 130.44033813476562 11.501627922058105 400.4473876953125
v 130.19065856933594 13.647148132324219 402.5611572265625
v 131.4851837158203 10.11229133605957 400.4803161621094
v 130.85244750976562 12.77894115447998 404.7671203613281
v 131.6706085205078 9.322595596313477 402.7696228027344
v 131.3636932373047 11.253525733947754 405.0497741699219
v 132.2533416748047 10.04956340789795 403.9399108886719
v 132.08145141601562 11.478766441345215 398.9583435058594
v 132.7342987060547 13.764740943908691 402.24127197265625
v 132.6033477783203 9.552059173583984 401.6143798828125
v 132.6538543701172 9.946789741516113 399.6277160644531
v 132.77377319335938 12.724783897399902 403.7594299316406
v 134.13955688476562 13.107192993164062 397.88311767578125
v 134.4610595703125 13.759681701660156 398.3101501464844
v 132.23733520507812 13.81108570098877 401.1237487792969
v 134.0098876953125 9.50328254699707 400.7799072265625
v 133.64114379882812 10.127286911010742 402.53271484375
v 134.2783203125 11.281670570373535 402.8663024902344
v 134.32301330566406 12.647241592407227 402.6258850097656
v 133.97438049316406 11.433643341064453 397.7547302246094
v 134.19773864746094 13.522509574890137 401.8362731933594
v 134.91970825195312 14.212647438049316 400.0677490234375
v 134.68536376953125 10.343133926391602 398.172607421875
v 135.44288635253906 9.920467376708984 399.01708984375
v 136.92172241210938 13.483553886413574 394.7379150390625
v 135.43521118164062 14.33794116973877 398.7553405761719
v 136.62088012695312 13.970282554626465 400.1903991699219
v 136.32550048828125 10.14159870147705 399.9321594238281
v 135.86871337890625 11.360493659973145 396.0060119628906
v 137.301025390625 12.671586990356445 400.7542419433594
v 138.02247619628906 14.814146041870117 394.60992431640625
v 136.92572021484375 9.870314598083496 397.24188232421875
v 137.15956115722656 11.055596351623535 400.4949645996094
v 136.32174682617188 14.78403091430664 397.9305419921875
v 137.32679748535156 14.757822036743164 399.053466796875
v 137.63670349121094 9.938626289367676 399.0113220214844
v 137.81704711914062 11.65241527557373 394.8300476074219
v 137.41192626953125 14.906457901000977 397.09490966796875
v 138.83056640625 13.048614501953125 393.3990478515625
v 137.9759063720703 14.098145484924316 399.7903137207031
v 138.24136352539062 15.260294914245605 395.4455261230469
v 138.27597045898438 10.105708122253418 397.5696105957031
v 138.43836975097656 11.055875778198242 395.6609802246094
v 138.71292114257812 12.063904762268066 400.133544921875
v 138.59181213378906 13.104534149169922 400.0732116699219
v 138.51998901367188 10.890151023864746 399.70953369140625
v 139.3856964111328 12.048346519470215 393.53240966796875
v 140.13096618652344 14.3799409866333 393.358642578125
v 138.5270233154297 14.628776550292969 397.7740783691406
v 139.26719665527344 10.886454582214355 398.4693603515625
v 139.51966857910156 11.35595703125 394.2082214355469
v 139.1390838623047 14.099763870239258 398.02288818359375
v 139.55239868164062 11.379631042480469 397.0931396484375
v 140.7042999267578 15.247262954711914 396.21539306640625
v 140.93638610839844 15.48066520690918 394.894287109375
v 140.312744140625 10.976819038391113 395.50445556640625
v 139.601318359375 12.72557258605957 398.8057861328125
v 139.7050018310547 12.857165336608887 398.01983642578125
v 140.9298553466797 13.083669662475586 393.16748046875
v 142.05215454101562 14.090587615966797 396.6871032714844
v 141.7067413330078 11.806730270385742 394.1806640625
v 140.8758544921875 11.785469055175781 396.82110595703125
v 142.112548828125 12.843277931213379 396.7042236328125
v 142.20724487304688 12.02394962310791 395.6447448730469
v 141.79608154296875 13.58065128326416 393.4144287109375
v 141.94540405273438 14.636490821838379 394.1350402832031
v 141.8997039794922 15.052204132080078 395.3079528808594
v 142.77244567871094 13.573445320129395 394.9460144042969
f 1 2 3
f 3 2 4
f 2 5 4
f 3 4 6
f 7 1 3
f 6 4 8
f 5 8 4
f 2 1 9
f 2 9 5
f 3 6 10
f 11 1 7
f 12 1 11
f 11 7 13
f 14 6 8
f 12 15 1
f 9 1 15
f 5 16 8
f 10 17 3
f 3 17 13
f 7 3 13
f 10 6 18
f 18 6 14
f 19 14 8
f 15 20 9
f 5 9 20
f 20 16 5
f 17 10 21
f 10 18 21
f 22 20 15
f 23 13 17
f 24 18 14
f 25 11 13
f 25 26 11
f 11 26 12
f 8 27 19
f 22 15 12
f 8 16 27
f 28 25 13
f 29 14 19
f 19 27 29
f 26 22 12
f 30 27 16
f 31 23 17
f 31 17 21
f 13 23 28
f 16 20 30
f 31 21 32
f 14 33 24
f 23 31 34
f 28 23 34
f 35 26 25
f 14 29 33
f 29 27 36
f 37 20 22
f 37 30 20
f 18 24 38
f 35 25 28
f 35 22 26
f 30 36 27
f 39 36 30
f 31 32 40
f 31 40 34
f 21 18 41
f 41 18 38
f 34 35 28
f 24 33 38
f 37 39 30
f 42 40 32
f 43 44 32
f 43 32 21
f 35 45 22
f 37 22 45
f 32 44 42
f 41 43 21
f 45 35 34
f 33 29 46
f 36 47 29
f 29 47 46
f 40 48 34
f 49 38 33
f 50 37 45
f 37 51 39
f 40 42 48
f 52 41 38
f 52 38 49
f 48 45 34
f 33 46 49
f 47 53 46
f 54 36 39
f 54 47 36
f 41 55 43
f 52 55 41
f 50 51 37
f 48 50 45
f 46 53 56
f 51 54 39
f 54 53 47
f 57 44 43
f 55 57 43
f 58 55 52
f 59 49 46
f 42 60 61
f 42 61 48
f 46 62 59
f 46 56 62
f 63 54 51
f 54 63 53
f 64 42 44
f 58 65 55
f 66 48 61
f 52 49 67
f 66 50 48
f 64 44 57
f 57 55 65
f 52 67 58
f 66 68 50
f 68 51 50
f 68 63 51
f 69 53 63
f 57 65 70
f 71 65 58
f 58 67 71
f 72 61 60
f 49 59 67
f 69 73 53
f 73 56 53
f 65 71 70
f 64 60 42
f 62 74 59
f 62 56 74
f 67 75 71
f 66 61 72
f 76 68 66
f 77 69 63
f 57 70 64
f 67 78 75
f 79 67 59
f 77 63 68
f 56 73 74
f 64 70 80
f 71 81 70
f 76 66 72
f 67 79 78
f 76 77 68
f 74 82 59
f 74 73 83
f 84 80 70
f 80 85 64
f 75 81 71
f 64 85 60
f 79 59 82
f 83 82 74
f 75 86 81
f 87 60 85
f 87 72 60
f 88 75 78
f 89 88 78
f 90 80 84
f 81 84 70
f 86 75 88
f 79 91 78
f 92 77 76
f 92 93 77
f 69 77 93
f 69 94 73
f 73 94 83
f 95 84 81
f 81 86 95
f 87 96 72
f 96 76 72
f 91 89 78
f 97 91 79
f 82 97 79
f 98 69 93
f 69 98 94
f 82 83 94
f 85 80 90
f 85 99 87
f 76 96 100
f 100 92 76
f 97 82 101
f 102 84 95
f 103 95 86
f 87 99 96
f 104 105 88
f 89 104 88
f 89 106 104
f 91 106 89
f 93 92 98
f 94 107 82
f 82 107 101
f 108 84 102
f 85 90 109
f 99 85 109
f 88 105 86
f 91 110 106
f 97 110 91
f 111 110 97
f 97 101 111
f 103 86 105
f 112 100 96
f 113 100 112
f 100 113 92
f 98 92 113
f 114 107 94
f 108 90 84
f 102 95 103
f 99 115 96
f 115 112 96
f 111 116 110
f 98 114 94
f 90 117 109
f 115 99 109
f 107 118 101
f 118 111 101
f 106 119 104
f 106 120 119
f 110 120 106
f 121 98 113
f 114 98 121
f 104 119 105
f 110 116 120
f 105 122 103
f 117 115 109
f 122 105 119
f 123 119 120
f 124 114 121
f 107 125 118
f 122 102 103
f 122 119 126
f 123 126 119
f 114 125 107
f 108 117 90
f 125 114 124
f 127 108 102
f 127 102 122
f 115 117 128
f 123 129 126
f 115 128 112
f 116 130 120
f 111 131 116
f 132 127 122
f 132 122 126
f 113 133 121
f 124 121 133
f 108 134 117
f 134 108 127
f 130 135 120
f 130 116 131
f 136 132 126
f 132 134 127
f 117 134 128
f 137 112 128
f 123 135 129
f 138 112 137
f 120 135 123
f 112 138 113
f 118 131 111
f 139 125 124
f 125 140 118
f 129 136 126
f 141 128 134
f 138 133 113
f 118 140 131
f 125 139 140
f 134 132 142
f 141 137 128
f 143 129 135
f 130 144 135
f 131 145 130
f 146 139 124
f 133 146 124
f 147 129 143
f 144 143 135
f 145 144 130
f 138 146 133
f 131 140 145
f 141 134 148
f 129 149 136
f 139 150 140
f 134 142 148
f 151 146 138
f 146 152 139
f 137 151 138
f 152 146 151
f 153 136 149
f 153 132 136
f 147 149 129
f 154 141 148
f 154 137 141
f 137 155 151
f 144 156 143
f 139 157 150
f 145 150 144
f 140 150 145
f 153 142 132
f 155 137 154
f 157 139 152
f 158 153 149
f 147 143 159
f 143 156 159
f 157 160 150
f 148 142 153
f 147 161 149
f 154 148 162
f 163 161 147
f 159 163 147
f 164 156 144
f 150 164 144
f 149 165 158
f 161 165 149
f 166 159 156
f 158 167 153
f 148 153 167
f 154 168 155
f 151 169 152
f 170 156 164
f 156 170 171
f 169 157 152
f 160 164 150
f 148 167 172
f 148 172 162
f 162 168 154
f 156 171 166
f 173 167 158
f 165 173 158
f 168 151 155
f 168 169 151
f 169 160 157
f 170 164 174
f 160 174 164
f 173 175 167
f 172 176 162
f 162 176 168
f 163 159 177
f 166 178 159
f 169 179 160
f 179 174 160
f 180 173 165
f 181 168 176
f 159 178 177
f 182 178 171
f 178 166 171
f 167 175 172
f 183 165 161
f 183 161 163
f 177 183 163
f 173 184 185
f 173 180 184
f 171 186 182
f 187 170 174
f 170 188 171
f 171 188 186
f 189 168 181
f 189 169 168
f 189 179 169
f 179 187 174
f 175 173 185
f 183 180 165
f 190 187 179
f 187 188 170
f 191 183 177
f 178 192 177
f 182 192 178
f 193 176 172
f 191 177 192
f 190 179 189
f 182 194 192
f 186 194 182
f 187 195 188
f 196 172 175
f 183 197 180
f 196 193 172
f 191 197 183
f 198 176 193
f 176 198 181
f 181 198 199
f 181 199 189
f 199 190 189
f 190 195 187
f 191 200 197
f 201 191 192
f 190 199 202
f 192 194 201
f 190 202 195
f 188 203 186
f 186 203 194
f 204 188 195
f 205 184 180
f 205 180 197
f 206 200 191
f 201 206 191
f 207 201 194
f 205 185 184
f 175 185 208
f 200 209 197
f 204 203 188
f 197 209 205
f 196 175 208
f 210 202 199
f 211 209 200
f 212 213 201
f 207 212 201
f 207 194 203
f 200 206 214
f 215 198 193
f 213 214 206
f 198 215 210
f 198 210 199
f 213 206 201
f 207 203 216
f 217 193 196
f 204 218 203
f 205 208 185
f 214 211 200
f 219 195 202
f 219 204 195
f 220 205 209
f 196 208 217
f 211 220 209
f 193 217 215
f 219 221 204
f 204 221 218
f 222 202 210
f 222 219 202
f 203 223 216
f 224 208 205
f 224 205 220
f 203 218 223
f 211 214 225
f 225 214 226
f 217 227 215
f 215 222 210
f 211 225 220
f 213 226 214
f 228 222 215
f 207 229 212
f 207 216 229
f 219 230 221
f 212 229 231
f 212 231 213
f 219 222 232
f 221 233 218
f 218 233 223
f 208 224 234
f 235 224 220
f 213 231 226
f 232 230 219
f 236 234 224
f 217 208 234
f 237 222 228
f 216 238 229
f 239 238 216
f 233 221 230
f 223 240 216
f 216 240 239
f 235 236 224
f 234 227 217
f 241 215 227
f 241 228 215
f 237 228 241
f 237 242 222
f 242 232 222
f 233 240 223
f 235 220 225
f 231 243 226
f 244 227 234
f 231 245 243
f 229 245 231
f 246 245 229
f 238 247 229
f 247 246 229
f 238 239 247
f 248 235 225
f 243 225 226
f 232 233 230
f 239 249 247
f 250 234 236
f 243 248 225
f 227 244 241
f 249 239 240
f 248 251 235
f 250 244 234
f 252 253 243
f 252 243 245
f 245 254 252
f 246 254 245
f 247 255 246
f 233 256 240
f 257 236 235
f 251 257 235
f 243 258 248
f 253 258 243
f 254 246 255
f 232 259 233
f 236 257 250
f 260 248 258
f 241 261 237
f 261 242 237
f 247 249 262
f 247 262 255
f 256 249 240
f 260 251 248
f 241 244 250
f 259 256 233
f 263 257 251
f 264 254 255
f 262 265 255
f 255 265 264
f 256 266 249
f 249 266 262
f 267 250 257
f 268 241 250
f 269 259 232
f 262 266 270
f 262 270 265
f 257 263 271
f 257 271 267
f 272 260 258
f 267 268 250
f 273 253 252
f 252 274 273
f 274 252 254
f 274 254 264
f 263 251 260
f 261 241 268
f 269 232 242
f 272 263 260
f 275 269 242
f 264 276 274
f 265 277 264
f 278 263 272
f 261 268 275
f 275 242 261
f 276 264 277
f 256 279 266
f 277 265 270
f 273 258 253
f 259 279 256
f 270 280 277
f 266 280 270
f 278 271 263
f 278 281 271
f 282 272 258
f 283 269 275
f 273 274 276
f 283 259 269
f 267 271 281
f 284 268 267
f 284 267 281
f 275 268 284
f 273 282 258
f 283 275 285
f 273 286 287
f 276 286 273
f 280 266 279
f 278 272 288
f 282 288 272
f 276 289 286
f 283 279 259
f 277 289 276
f 279 290 280
f 280 291 277
f 273 292 282
f 285 275 284
f 287 292 273
f 293 283 285
f 293 294 283
f 294 279 283
f 280 290 291
f 278 295 281
f 278 288 295
f 284 281 295
f 292 296 282
f 277 297 289
f 294 290 279
f 298 295 288
f 284 295 299
f 296 288 282
f 300 290 294
f 297 277 291
f 299 285 284
f 299 301 285
f 302 287 286
f 301 293 285
f 302 286 289
f 290 303 291
f 296 298 288
f 304 296 292
f 287 302 305
f 289 306 302
f 293 307 294
f 307 300 294
f 305 292 287
f 301 307 293
f 297 306 289
f 295 298 308
f 304 298 296
f 300 303 290
f 299 295 309
f 309 295 308
f 310 304 292
f 310 292 305
f 302 311 305
f 308 298 312
f 312 298 304
f 313 301 299
f 314 300 307
f 315 297 291
f 316 312 304
f 316 304 310
f 313 299 309
f 302 317 311
f 313 307 301
f 312 318 308
f 313 319 307
f 319 314 307
f 320 302 306
f 320 317 302
f 321 300 314
f 321 303 300
f 303 322 291
f 291 322 315
f 308 318 309
f 323 310 305
f 311 323 305
f 313 309 319
f 297 315 306
f 324 322 303
f 325 314 319
f 326 321 314
f 321 324 303
f 318 312 327
f 328 316 310
f 329 309 318
f 314 325 326
f 328 312 316
f 328 327 312
f 328 310 323
f 329 319 309
f 311 317 330
f 329 325 319
f 306 331 320
f 315 331 306
f 332 333 334
f 333 332 335
f 335 336 333
f 333 337 334
f 336 338 333
f 333 338 339
f 337 333 339
f 329 318 327
f 330 323 311
f 320 340 317
f 331 340 320
f 315 322 341
f 315 341 331
f 335 332 342
f 332 334 342
f 339 343 337
f 324 344 322
f 344 341 322
f 345 342 334
f 346 336 335
f 336 347 338
f 338 347 348
f 337 343 349
f 330 317 350
f 326 325 351
f 321 326 352
f 321 352 324
f 353 354 342
f 355 353 342
f 354 335 342
f 345 355 342
f 354 346 335
f 336 346 356
f 337 357 334
f 356 347 336
f 338 358 339
f 358 359 339
f 359 360 339
f 360 343 339
f 337 349 357
f 330 350 323
f 331 361 340
f 351 352 326
f 352 362 324
f 363 331 341
f 364 355 345
f 364 345 365
f 365 345 334
f 357 365 334
f 356 366 347
f 338 348 367
f 367 358 338
f 347 366 368
f 347 368 348
f 329 327 369
f 370 325 329
f 351 325 370
f 363 361 331
f 362 344 324
f 371 354 353
f 372 365 357
f 366 373 368
f 360 374 343
f 343 374 349
f 375 328 323
f 350 375 323
f 369 370 329
f 340 350 317
f 344 363 341
f 371 353 376
f 376 353 355
f 346 354 377
f 378 359 358
f 378 360 359
f 379 372 357
f 380 357 349
f 380 379 357
f 348 368 381
f 348 381 367
f 349 374 382
f 340 383 350
f 363 384 361
f 364 376 355
f 385 354 371
f 371 376 386
f 387 386 378
f 356 346 377
f 377 388 356
f 358 387 378
f 389 360 378
f 388 366 356
f 374 360 389
f 373 390 368
f 390 381 368
f 328 391 327
f 328 375 391
f 392 369 327
f 392 327 391
f 375 350 393
f 394 393 350
f 369 392 370
f 340 361 383
f 363 395 384
f 386 385 371
f 376 396 386
f 377 354 397
f 385 397 354
f 398 385 386
f 378 386 399
f 386 396 399
f 387 398 386
f 399 389 378
f 400 387 358
f 401 400 367
f 358 367 400
f 381 401 367
f 382 374 402
f 362 403 344
f 344 395 363
f 397 404 377
f 405 365 372
f 400 406 387
f 407 374 389
f 366 408 373
f 390 373 409
f 410 401 381
f 390 410 381
f 411 391 375
f 361 412 383
f 384 412 361
f 413 352 351
f 413 362 352
f 362 414 403
f 403 395 344
f 376 415 396
f 415 376 416
f 364 416 376
f 406 398 387
f 417 399 396
f 417 389 399
f 379 418 372
f 379 380 419
f 383 394 350
f 420 351 370
f 412 384 421
f 421 384 395
f 422 397 385
f 416 364 423
f 388 377 424
f 398 406 385
f 415 417 396
f 405 364 365
f 417 407 389
f 402 374 407
f 408 409 373
f 390 425 410
f 392 391 426
f 426 391 411
f 393 411 375
f 420 370 392
f 420 413 351
f 377 404 427
f 427 424 377
f 406 422 385
f 366 388 428
f 426 420 392
f 412 429 383
f 430 395 403
f 421 395 430
f 364 405 423
f 388 424 428
f 406 431 422
f 431 406 400
f 418 405 372
f 432 400 401
f 433 432 401
f 401 410 433
f 390 409 425
f 382 434 349
f 349 419 380
f 434 419 349
f 393 394 435
f 404 436 427
f 428 408 366
f 405 418 437
f 382 402 438
f 439 379 419
f 418 379 439
f 438 434 382
f 394 383 429
f 362 413 440
f 362 440 414
f 441 421 430
f 414 430 403
f 397 436 404
f 425 433 410
f 442 426 411
f 393 442 411
f 394 429 435
f 443 397 422
f 444 415 416
f 445 416 423
f 402 407 438
f 439 437 418
f 426 442 446
f 426 446 420
f 446 447 420
f 412 448 429
f 447 413 420
f 441 448 421
f 431 443 422
f 444 416 445
f 449 445 423
f 450 408 428
f 400 432 431
f 451 425 409
f 452 442 393
f 393 435 452
f 453 413 447
f 421 448 412
f 413 453 440
f 424 427 454
f 443 436 397
f 454 428 424
f 415 444 417
f 455 408 450
f 444 407 417
f 451 456 425
f 457 458 438
f 434 438 458
f 419 434 459
f 452 460 442
f 460 446 442
f 446 461 447
f 450 428 454
f 431 462 443
f 431 432 462
f 463 423 405
f 405 437 463
f 408 455 409
f 455 451 409
f 464 433 456
f 433 464 432
f 438 407 457
f 425 456 433
f 458 459 434
f 419 465 439
f 460 461 446
f 436 466 427
f 467 449 423
f 423 463 467
f 462 432 464
f 435 429 468
f 448 468 429
f 443 466 436
f 469 455 450
f 470 460 452
f 448 471 468
f 472 441 430
f 473 466 443
f 443 462 473
f 474 462 464
f 475 407 444
f 437 476 463
f 475 457 407
f 437 439 477
f 465 477 439
f 458 478 459
f 479 461 460
f 460 470 479
f 435 468 480
f 479 447 461
f 440 481 414
f 414 481 430
f 481 472 430
f 466 454 427
f 482 450 454
f 473 462 474
f 483 475 444
f 444 445 483
f 455 484 451
f 451 485 456
f 458 457 478
f 459 486 419
f 419 486 465
f 478 487 459
f 487 486 459
f 480 452 435
f 488 453 447
f 440 453 488
f 481 440 488
f 485 464 456
f 489 457 475
f 490 491 492
f 490 492 493
f 493 492 494
f 491 495 492
f 492 496 494
f 480 470 452
f 488 447 479
f 497 448 441
f 497 441 472
f 498 485 451
f 477 476 437
f 493 499 490
f 490 500 491
f 495 501 492
f 492 501 496
f 502 503 504
f 448 497 471
f 464 505 474
f 506 490 499
f 495 500 507
f 495 491 500
f 496 508 494
f 509 502 510
f 511 510 502
f 512 503 509
f 509 503 502
f 502 504 511
f 513 503 512
f 514 503 513
f 515 503 514
f 503 515 516
f 504 503 516
f 481 488 517
f 481 517 518
f 518 472 481
f 519 482 454
f 519 454 466
f 520 521 473
f 521 466 473
f 522 523 450
f 522 450 482
f 520 473 474
f 450 523 469
f 469 523 524
f 524 455 469
f 524 484 455
f 489 478 457
f 486 525 465
f 487 526 486
f 486 526 525
f 527 506 499
f 527 499 528
f 506 529 490
f 528 499 493
f 494 528 493
f 494 508 528
f 495 507 530
f 530 501 495
f 509 510 531
f 511 532 510
f 533 513 534
f 534 513 512
f 533 514 513
f 514 535 515
f 521 519 466
f 536 520 474
f 536 474 505
f 465 537 477
f 525 537 465
f 538 539 540
f 538 540 541
f 540 542 541
f 539 543 540
f 500 490 529
f 540 543 544
f 540 544 545
f 540 545 542
f 507 546 530
f 509 531 547
f 511 548 532
f 549 533 534
f 550 551 512
f 534 512 551
f 504 548 511
f 504 552 548
f 516 552 504
f 553 515 535
f 515 553 554
f 516 515 554
f 488 479 555
f 484 498 451
f 477 556 476
f 528 557 527
f 558 539 538
f 559 557 528
f 508 559 528
f 560 508 496
f 561 531 510
f 562 561 510
f 547 563 509
f 532 562 510
f 509 563 512
f 512 563 550
f 564 533 549
f 534 551 549
f 564 565 533
f 514 533 565
f 566 552 516
f 480 567 470
f 567 555 479
f 479 470 567
f 468 568 480
f 471 569 468
f 570 488 555
f 471 571 569
f 570 517 488
f 518 517 570
f 518 572 472
f 497 472 572
f 522 482 573
f 463 476 574
f 537 556 477
f 575 576 478
f 478 576 487
f 538 577 558
f 578 538 541
f 541 579 578
f 580 529 506
f 580 506 527
f 580 527 557
f 542 579 541
f 542 581 579
f 500 529 582
f 542 583 581
f 500 582 507
f 560 559 508
f 583 542 545
f 584 545 544
f 496 585 560
f 496 501 585
f 564 549 586
f 514 565 535
f 566 587 552
f 554 566 516
f 588 566 554
f 567 480 589
f 568 589 480
f 471 590 571
f 590 471 497
f 519 573 482
f 591 523 522
f 592 523 591
f 593 524 523
f 464 485 505
f 483 445 594
f 498 595 485
f 498 484 595
f 478 489 596
f 538 578 577
f 526 576 597
f 487 576 526
f 598 558 577
f 599 539 558
f 580 557 600
f 559 600 557
f 543 539 599
f 600 559 560
f 532 601 562
f 532 602 601
f 563 603 550
f 604 549 551
f 604 551 605
f 532 548 602
f 551 550 606
f 607 565 564
f 552 587 548
f 535 608 553
f 553 608 554
f 608 609 554
f 609 588 554
f 568 468 569
f 610 518 570
f 592 593 523
f 611 484 524
f 593 611 524
f 445 449 612
f 612 449 467
f 467 463 574
f 613 475 483
f 476 556 574
f 596 489 475
f 475 613 596
f 596 575 478
f 614 577 578
f 615 598 577
f 616 544 543
f 544 616 617
f 617 584 544
f 546 507 582
f 584 618 545
f 545 618 583
f 619 547 531
f 531 561 620
f 563 547 621
f 549 622 586
f 549 604 622
f 623 607 564
f 548 587 602
f 624 605 551
f 606 624 551
f 625 565 607
f 565 626 535
f 626 608 535
f 627 628 567
f 628 555 567
f 555 628 629
f 629 570 555
f 570 629 610
f 518 610 572
f 497 572 630
f 590 497 630
f 631 521 520
f 632 505 485
f 595 632 485
f 594 445 612
f 594 613 483
f 537 633 556
f 634 615 577
f 579 635 578
f 636 599 558
f 579 581 635
f 580 637 529
f 599 616 543
f 583 638 581
f 639 546 582
f 640 560 585
f 619 531 641
f 620 641 531
f 546 642 530
f 643 501 530
f 562 620 561
f 644 622 604
f 586 623 564
f 645 623 586
f 646 644 604
f 606 550 647
f 646 604 605
f 623 648 607
f 602 587 649
f 648 650 607
f 651 587 652
f 650 625 607
f 565 625 626
f 566 653 652
f 587 566 652
f 653 566 588
f 567 589 627
f 654 628 627
f 655 628 654
f 655 629 628
f 655 656 629
f 629 656 610
f 657 610 656
f 658 630 572
f 573 591 522
f 591 659 592
f 593 592 659
f 505 660 536
f 611 661 484
f 661 595 484
f 634 577 614
f 598 636 558
f 526 662 525
f 525 662 537
f 637 582 529
f 600 560 663
f 664 638 583
f 664 583 618
f 584 665 618
f 621 547 619
f 546 639 642
f 642 643 530
f 643 585 501
f 621 603 563
f 550 666 647
f 550 603 666
f 645 667 623
f 587 651 649
f 648 668 650
f 669 646 605
f 669 605 624
f 606 651 624
f 624 670 669
f 651 670 624
f 652 670 651
f 671 625 650
f 669 670 672
f 672 670 652
f 673 588 609
f 588 673 653
f 674 654 627
f 571 675 569
f 676 675 571
f 590 676 571
f 656 677 657
f 572 657 658
f 610 657 572
f 678 573 519
f 519 521 678
f 631 678 521
f 631 520 536
f 659 679 593
f 505 632 660
f 611 593 679
f 556 633 574
f 615 634 680
f 681 633 537
f 598 615 682
f 636 598 682
f 681 537 662
f 526 597 683
f 526 683 662
f 684 616 599
f 684 685 616
f 686 582 637
f 617 616 685
f 686 639 582
f 560 687 663
f 617 688 584
f 688 689 584
f 689 665 584
f 687 560 640
f 690 621 619
f 621 691 666
f 603 621 666
f 602 692 601
f 602 649 692
f 693 648 667
f 667 648 623
f 646 694 644
f 651 695 649
f 668 648 693
f 696 646 669
f 671 650 668
f 671 697 625
f 697 698 625
f 626 625 698
f 673 672 653
f 653 672 652
f 608 699 609
f 699 673 609
f 654 700 655
f 569 675 568
f 700 656 655
f 656 700 677
f 536 701 631
f 702 659 591
f 536 660 701
f 679 703 611
f 634 704 680
f 578 705 614
f 706 633 681
f 578 635 705
f 635 707 705
f 708 615 680
f 635 709 707
f 684 599 636
f 581 709 635
f 709 581 638
f 580 600 710
f 663 710 600
f 665 711 618
f 618 711 664
f 712 688 617
f 689 713 665
f 621 690 691
f 640 585 714
f 622 645 586
f 693 667 715
f 647 716 606
f 606 716 651
f 696 694 646
f 673 717 672
f 626 698 608
f 698 699 608
f 717 673 699
f 627 718 674
f 718 627 589
f 568 719 589
f 720 700 654
f 659 702 721
f 659 721 722
f 722 679 659
f 703 661 611
f 634 614 704
f 681 723 706
f 682 724 636
f 708 682 615
f 576 596 725
f 576 575 596
f 681 726 723
f 726 681 662
f 723 684 727
f 723 726 684
f 727 684 636
f 726 662 683
f 726 683 728
f 710 637 580
f 728 684 726
f 684 728 685
f 664 729 638
f 730 665 731
f 711 665 730
f 617 685 712
f 562 732 620
f 714 585 643
f 601 732 562
f 601 692 732
f 649 695 692
f 715 667 733
f 733 667 645
f 733 645 622
f 695 651 716
f 693 734 668
f 735 696 669
f 672 735 669
f 672 717 735
f 734 671 668
f 697 736 698
f 737 699 698
f 674 718 738
f 719 568 675
f 739 740 700
f 740 677 700
f 677 658 657
f 658 741 630
f 742 591 573
f 742 743 591
f 678 742 573
f 678 631 744
f 702 591 743
f 679 745 703
f 632 595 746
f 661 703 747
f 747 595 661
f 748 467 574
f 706 574 633
f 706 748 574
f 749 680 704
f 682 750 724
f 727 724 723
f 636 724 727
f 751 682 708
f 680 749 752
f 680 752 708
f 753 708 752
f 754 708 753
f 725 755 576
f 576 755 597
f 683 597 755
f 731 754 730
f 730 754 753
f 756 637 710
f 619 757 690
f 712 685 728
f 758 691 690
f 759 642 639
f 692 760 732
f 642 761 643
f 622 644 762
f 715 763 693
f 696 764 694
f 734 693 763
f 764 696 735
f 734 765 671
f 698 736 737
f 766 654 674
f 720 654 766
f 720 739 700
f 767 675 676
f 768 677 740
f 768 769 677
f 741 770 630
f 660 771 701
f 632 771 660
f 746 771 632
f 722 745 679
f 595 747 746
f 772 596 613
f 751 708 754
f 641 773 774
f 729 709 638
f 773 641 620
f 775 754 731
f 730 753 711
f 776 775 731
f 686 637 756
f 710 663 777
f 778 686 756
f 665 713 776
f 665 776 731
f 777 663 687
f 779 689 688
f 778 639 686
f 778 759 639
f 780 647 666
f 781 715 733
f 781 733 762
f 622 762 733
f 764 782 694
f 783 784 785
f 783 786 784
f 785 784 787
f 785 787 788
f 789 735 717
f 765 734 790
f 791 699 737
f 717 699 791
f 671 765 697
f 792 736 697
f 674 738 793
f 793 766 674
f 718 794 738
f 589 719 718
f 719 675 795
f 795 675 767
f 796 590 630
f 658 677 769
f 797 678 744
f 797 742 678
f 702 743 798
f 631 701 744
f 721 702 798
f 771 799 701
f 745 747 703
f 614 800 704
f 801 800 614
f 612 467 748
f 705 801 614
f 772 613 594
f 802 772 594
f 706 803 748
f 803 706 723
f 723 724 803
f 750 803 724
f 804 750 682
f 751 804 682
f 772 725 596
f 619 641 774
f 751 754 775
f 755 725 805
f 620 806 773
f 620 732 806
f 711 807 664
f 710 777 808
f 683 809 728
f 728 809 712
f 809 810 712
f 712 810 688
f 779 811 689
f 689 811 713
f 640 812 687
f 813 691 758
f 813 666 691
f 812 640 714
f 759 761 642
f 780 666 814
f 643 815 714
f 761 815 643
f 716 647 780
f 695 716 816
f 695 816 692
f 817 818 819
f 820 783 785
f 820 785 819
f 819 785 788
f 819 788 817
f 788 821 817
f 788 787 821
f 822 786 783
f 823 784 786
f 784 823 787
f 787 823 824
f 825 734 763
f 735 826 764
f 786 827 823
f 825 828 734
f 828 790 734
f 829 791 737
f 765 792 697
f 830 831 832
f 832 831 833
f 719 794 718
f 766 834 720
f 835 740 739
f 740 835 768
f 590 796 676
f 630 770 796
f 658 769 836
f 743 742 837
f 743 837 838
f 838 798 743
f 721 798 839
f 721 839 840
f 721 840 722
f 745 722 841
f 842 747 745
f 800 843 704
f 594 612 802
f 757 619 774
f 805 725 772
f 753 752 844
f 757 758 690
f 845 709 729
f 753 844 711
f 844 807 711
f 664 845 729
f 846 806 732
f 808 756 710
f 808 847 756
f 755 809 683
f 847 778 756
f 811 776 713
f 814 666 813
f 815 812 714
f 760 692 816
f 819 848 820
f 848 819 818
f 849 762 644
f 694 849 644
f 783 820 850
f 782 851 694
f 763 852 853
f 852 763 715
f 850 822 783
f 821 787 854
f 853 825 763
f 786 822 855
f 856 787 824
f 735 789 826
f 855 857 786
f 858 823 827
f 786 857 827
f 791 859 717
f 717 859 789
f 860 765 790
f 765 861 792
f 862 829 792
f 792 829 736
f 736 829 737
f 863 864 830
f 865 830 832
f 866 865 832
f 830 864 831
f 831 864 867
f 867 833 831
f 866 832 868
f 867 869 833
f 833 868 832
f 870 833 869
f 833 870 868
f 738 871 872
f 872 793 738
f 794 871 738
f 873 766 874
f 874 766 793
f 873 834 766
f 795 875 719
f 739 720 834
f 876 769 768
f 744 877 797
f 744 701 799
f 722 840 841
f 878 745 841
f 842 746 747
f 843 749 704
f 879 705 707
f 803 880 748
f 804 880 803
f 804 803 750
f 881 752 749
f 772 802 882
f 883 804 751
f 881 844 752
f 884 707 709
f 772 882 805
f 751 775 883
f 845 884 709
f 845 664 807
f 776 885 775
f 813 758 886
f 805 809 755
f 811 885 776
f 810 887 688
f 887 779 688
f 888 759 778
f 889 759 888
f 889 761 759
f 780 816 716
f 818 890 848
f 818 891 890
f 715 781 852
f 820 848 850
f 891 818 817
f 891 817 892
f 851 849 694
f 817 821 892
f 892 821 893
f 894 822 850
f 764 895 782
f 894 855 822
f 826 895 764
f 821 854 893
f 856 854 787
f 854 856 896
f 897 826 789
f 858 824 823
f 898 824 858
f 856 824 898
f 789 859 897
f 899 827 857
f 899 857 900
f 827 899 858
f 901 863 902
f 902 863 830
f 791 829 903
f 765 860 861
f 902 830 865
f 867 904 869
f 868 870 905
f 794 719 906
f 875 906 719
f 907 739 834
f 767 908 795
f 796 767 676
f 835 876 768
f 741 658 836
f 877 909 797
f 744 799 877
f 771 746 842
f 771 842 910
f 911 745 878
f 745 911 842
f 801 912 800
f 705 879 801
f 774 773 913
f 914 913 773
f 612 915 802
f 612 748 915
f 880 915 748
f 916 881 749
f 914 773 806
f 707 884 879
f 775 885 883
f 732 760 846
f 687 917 777
f 779 887 811
f 812 918 687
f 919 780 814
f 920 781 762
f 849 920 762
f 921 850 848
f 922 851 782
f 923 892 893
f 924 853 852
f 782 895 922
f 826 897 895
f 825 853 925
f 925 828 825
f 898 926 856
f 856 926 927
f 856 927 896
f 925 928 828
f 790 828 928
f 903 859 791
f 901 929 863
f 930 929 901
f 861 860 931
f 863 929 864
f 932 792 861
f 929 933 864
f 934 865 866
f 933 935 864
f 867 864 935
f 935 904 867
f 868 936 866
f 937 869 904
f 793 872 874
f 869 937 870
f 938 834 873
f 939 875 795
f 834 940 907
f 739 907 941
f 739 941 835
f 796 908 767
f 797 837 742
f 798 838 942
f 942 839 798
f 910 877 799
f 771 910 799
f 943 841 840
f 911 944 842
f 914 945 913
f 915 882 802
f 806 846 914
f 886 758 757
f 882 946 805
f 808 777 947
f 888 778 847
f 948 813 886
f 760 949 846
f 814 813 948
f 805 810 809
f 805 950 810
f 885 811 951
f 687 918 917
f 811 887 951
f 810 950 887
f 952 918 812
f 780 919 816
f 816 919 953
f 954 921 848
f 890 954 848
f 923 893 955
f 956 855 894
f 925 957 958
f 957 925 853
f 959 925 958
f 893 854 960
f 855 956 961
f 962 963 960
f 961 857 855
f 964 854 896
f 854 964 960
f 963 962 965
f 965 962 966
f 925 967 928
f 901 968 930
f 901 902 968
f 899 969 858
f 926 970 927
f 971 927 970
f 960 964 962
f 900 972 899
f 972 969 899
f 927 971 973
f 927 973 896
f 962 964 974
f 928 975 860
f 860 790 928
f 976 929 930
f 902 865 977
f 977 865 934
f 862 792 932
f 933 929 978
f 934 866 979
f 980 904 935
f 936 979 866
f 980 937 904
f 981 936 868
f 982 871 794
f 905 981 868
f 937 983 870
f 870 983 905
f 908 939 795
f 941 984 835
f 985 836 769
f 986 837 797
f 877 910 987
f 988 943 839
f 839 943 840
f 842 989 910
f 841 990 878
f 991 800 912
f 992 774 913
f 992 757 774
f 945 914 993
f 749 843 916
f 880 994 915
f 804 994 880
f 846 995 914
f 882 915 946
f 804 883 994
f 844 881 996
f 997 847 998
f 998 847 808
f 885 999 883
f 807 1000 845
f 1000 1001 845
f 777 917 947
f 847 997 888
f 997 1002 888
f 950 805 946
f 950 951 887
f 816 953 760
f 815 952 812
f 1003 815 761
f 891 1004 890
f 1005 1004 891
f 1005 891 892
f 892 1006 1005
f 921 1007 1008
f 923 1006 892
f 850 921 1008
f 850 1008 1009
f 923 955 1006
f 853 924 957
f 894 850 1009
f 955 893 1010
f 1009 956 894
f 897 1011 895
f 893 960 1010
f 1010 960 963
f 858 1012 898
f 965 966 1013
f 959 1013 967
f 959 967 925
f 897 859 1011
f 858 969 1012
f 1012 1014 898
f 898 1014 926
f 966 1015 1013
f 1013 1015 967
f 1016 1017 1018
f 1019 1018 1017
f 930 1020 976
f 1017 1021 1019
f 900 1022 972
f 973 964 896
f 1023 962 974
f 962 1023 966
f 966 1024 1015
f 1015 1024 967
f 967 975 928
f 964 973 974
f 966 1023 1024
f 929 976 1025
f 1025 978 929
f 1026 862 932
f 931 932 861
f 933 978 1027
f 979 1028 934
f 1027 935 933
f 936 1029 979
f 936 981 1029
f 871 1030 872
f 937 980 1031
f 938 873 1032
f 1032 873 874
f 938 940 834
f 1033 939 908
f 796 1034 908
f 1034 1033 908
f 835 984 876
f 769 876 1035
f 1035 985 769
f 741 836 985
f 1036 838 837
f 986 1036 837
f 838 1036 942
f 909 986 797
f 877 987 909
f 988 839 942
f 989 987 910
f 989 842 944
f 990 841 943
f 913 945 988
f 988 945 1037
f 945 993 1037
f 843 800 991
f 1038 912 801
f 879 1038 801
f 757 992 1039
f 757 1039 886
f 993 914 995
f 1038 879 1040
f 884 1040 879
f 1041 1040 884
f 846 1042 995
f 946 915 1043
f 999 994 883
f 844 996 807
f 807 996 1000
f 884 845 1041
f 949 1042 846
f 951 999 885
f 845 1001 1041
f 1044 919 814
f 760 953 949
f 1045 889 888
f 1003 761 889
f 1046 954 890
f 1004 1046 890
f 1047 921 954
f 920 1048 781
f 1049 920 849
f 1047 1007 921
f 1048 924 852
f 852 781 1048
f 1050 958 957
f 959 1050 1051
f 1050 959 958
f 963 1052 1010
f 965 1052 963
f 965 1053 1052
f 965 1051 1053
f 965 1013 1051
f 1051 1013 959
f 1054 1055 1056
f 1054 1057 1058
f 1054 1058 1055
f 1059 930 1060
f 1060 930 968
f 1061 1060 968
f 1061 968 902
f 859 1062 1011
f 1019 1063 1018
f 1059 1020 930
f 1061 902 977
f 857 961 1064
f 1012 969 1065
f 926 1014 970
f 1055 1058 1066
f 972 1065 969
f 1021 1067 1019
f 1022 900 1068
f 903 1062 859
f 973 971 1069
f 1069 1070 973
f 967 1024 1071
f 1071 975 967
f 862 903 829
f 1072 974 973
f 1072 973 1070
f 1072 1023 974
f 931 860 975
f 1073 1017 1016
f 1074 1021 1017
f 1074 1017 1073
f 977 934 1075
f 1028 1075 934
f 1076 935 1027
f 935 1076 1077
f 979 1078 1028
f 1077 980 935
f 1029 1078 979
f 1077 1079 980
f 1080 1029 981
f 1081 874 1082
f 1082 874 872
f 874 1081 1032
f 982 1083 871
f 1079 1031 980
f 982 794 1084
f 794 906 1084
f 906 875 1084
f 905 1085 981
f 1086 1085 905
f 939 1087 875
f 1086 905 983
f 1088 907 940
f 1088 941 907
f 1033 1089 939
f 1090 984 941
f 796 1091 1034
f 770 1091 796
f 985 1092 741
f 913 1093 992
f 988 1037 943
f 1037 990 943
f 990 911 878
f 1037 993 995
f 1040 997 998
f 994 1043 915
f 997 1040 1041
f 1043 994 999
f 998 808 947
f 951 1043 999
f 1041 1002 997
f 949 953 1042
f 946 1043 950
f 950 1043 951
f 948 1044 814
f 888 1002 1045
f 889 1045 1094
f 1047 954 1046
f 1095 1046 1004
f 1049 1048 920
f 1096 1005 1006
f 924 1048 1097
f 1006 955 1096
f 924 1098 957
f 922 1099 851
f 1008 1100 1009
f 1050 957 1098
f 955 1010 1101
f 1010 1052 1101
f 1102 1051 1050
f 895 1011 922
f 1103 1054 1056
f 1056 1055 1104
f 1105 1059 1060
f 1065 1106 1012
f 1067 1063 1019
f 1107 1055 1066
f 1063 1108 1018
f 1108 1016 1018
f 1109 1058 1057
f 1110 900 857
f 1064 1110 857
f 976 1020 1111
f 1022 1065 972
f 970 1112 971
f 1062 903 1113
f 1114 1016 1108
f 1021 1115 1067
f 1111 1025 976
f 1068 1116 1022
f 1112 1069 971
f 903 862 1117
f 1118 1071 1024
f 1114 1073 1016
f 1119 1115 1021
f 1072 1120 1023
f 1023 1120 1024
f 1024 1120 1118
f 1074 1119 1021
f 1075 1121 977
f 978 1121 1027
f 1027 1121 1075
f 1027 1075 1076
f 1028 1076 1075
f 1122 1076 1028
f 1077 1076 1122
f 1122 1028 1078
f 1122 1078 1123
f 1029 1123 1078
f 1030 1082 872
f 1083 1030 871
f 1124 1079 1077
f 1080 1123 1029
f 1084 875 1087
f 1125 983 937
f 1086 983 1126
f 770 1127 1091
f 1035 1128 985
f 770 741 1127
f 1129 942 1036
f 986 909 1130
f 987 1130 909
f 1129 988 942
f 987 1131 1130
f 988 1129 1093
f 989 1131 987
f 989 1132 1131
f 1093 913 988
f 944 911 1133
f 1037 1134 990
f 990 1134 911
f 911 1134 1133
f 1135 1134 1037
f 916 843 991
f 1135 1037 995
f 1136 881 916
f 1137 1038 1040
f 998 1137 1040
f 996 881 1136
f 947 1137 998
f 1001 1002 1041
f 1138 947 917
f 918 1138 917
f 918 952 1139
f 1003 889 1094
f 952 815 1003
f 1140 1004 1005
f 1047 1141 1007
f 1096 1140 1005
f 849 851 1049
f 1142 1007 1141
f 1097 1098 924
f 1143 1008 1007
f 1143 1007 1142
f 1144 1096 955
f 1098 1145 1050
f 1143 1100 1008
f 1101 1144 955
f 1050 1145 1102
f 1146 1101 1052
f 1146 1052 1053
f 1102 1053 1051
f 1011 1099 922
f 1103 1147 1054
f 1148 1103 1056
f 1056 1104 1148
f 1054 1147 1149
f 1060 1061 1150
f 1011 1062 1151
f 1057 1054 1149
f 1152 1104 1055
f 1153 1059 1105
f 1153 1154 1059
f 1065 1155 1106
f 1106 1156 1012
f 1012 1156 1014
f 1055 1107 1152
f 1154 1020 1059
f 1150 1061 977
f 1014 1157 970
f 1151 1062 1113
f 1149 1109 1057
f 1150 977 1158
f 1107 1066 1159
f 1110 1068 900
f 1157 1112 970
f 1111 1160 1025
f 1109 1161 1058
f 1159 1066 1058
f 1159 1058 1161
f 1160 1162 1025
f 977 1121 1158
f 1117 862 1026
f 1025 1162 978
f 1162 1121 978
f 1069 1163 1070
f 1118 1164 1071
f 1071 1164 975
f 975 1164 931
f 1163 1165 1070
f 1070 1165 1072
f 1072 1165 1166
f 1072 1166 1120
f 1164 1167 931
f 931 1167 932
f 1167 1168 932
f 1026 932 1169
f 1168 1169 932
f 1122 1170 1077
f 1170 1122 1123
f 1077 1170 1124
f 1170 1123 1171
f 1172 1083 982
f 1173 1032 1081
f 1084 1172 982
f 1079 1124 1174
f 1085 1080 981
f 1175 940 938
f 1079 1176 1031
f 1031 1177 937
f 1031 1176 1177
f 1178 1085 1086
f 937 1177 1125
f 1126 1178 1086
f 983 1125 1126
f 1179 1090 941
f 984 1035 876
f 1092 1180 741
f 1180 1127 741
f 1128 1092 985
f 1181 1129 1036
f 1182 1181 1036
f 1182 1036 986
f 1129 1183 1093
f 944 1132 989
f 1184 991 912
f 1185 886 1039
f 1185 948 886
f 1002 1001 1045
f 1047 1046 1141
f 1186 1046 1095
f 1186 1095 1004
f 1140 1186 1004
f 1142 1187 1143
f 1099 1188 851
f 1189 1144 1101
f 1146 1189 1101
f 1190 1053 1102
f 1191 1192 1103
f 1191 1103 1148
f 1192 1147 1103
f 1011 1151 1099
f 1193 1148 1104
f 1193 1153 1194
f 1195 1193 1104
f 1153 1105 1196
f 1197 1196 1105
f 1197 1105 1060
f 1150 1197 1060
f 1152 1195 1104
f 1195 1154 1193
f 1193 1154 1153
f 1198 1064 961
f 1014 1156 1157
f 1063 1067 1199
f 1200 1109 1149
f 1020 1154 1111
f 1158 1201 1150
f 1199 1108 1063
f 1065 1022 1202
f 1117 1113 903
f 1067 1115 1199
f 1161 1109 1203
f 1162 1201 1121
f 1121 1201 1158
f 1159 1161 1204
f 1205 1073 1114
f 1166 1206 1120
f 1120 1206 1118
f 1205 1207 1073
f 1073 1207 1074
f 1208 1081 1082
f 1171 1123 1080
f 938 1032 1175
f 1178 1209 1085
f 1179 941 1088
f 1090 1210 984
f 1089 1211 1212
f 1089 1033 1211
f 1033 1034 1211
f 1091 1213 1034
f 1213 1211 1034
f 1214 1128 1035
f 1215 1091 1127
f 1180 1092 1216
f 1130 1182 986
f 1183 1129 1181
f 992 1093 1183
f 944 1133 1217
f 1133 1134 1217
f 1134 1135 1218
f 1219 916 991
f 912 1038 1220
f 1218 1135 995
f 1221 1218 995
f 916 1219 1136
f 1222 1038 1137
f 1042 1221 995
f 948 1223 1044
f 1136 1224 996
f 1222 1137 947
f 953 919 1221
f 1042 953 1221
f 1222 947 1138
f 1044 1225 919
f 1000 1045 1001
f 918 1139 1138
f 1139 952 1003
f 1046 1226 1141
f 1226 1046 1186
f 1098 1227 1145
f 1141 1228 1142
f 1229 1096 1144
f 1145 1227 1190
f 1230 1187 1142
f 1142 1228 1230
f 1189 1229 1144
f 1102 1145 1190
f 1099 1231 1188
f 1009 1100 1232
f 1190 1146 1053
f 1231 1099 1233
f 1234 1191 1148
f 1232 956 1009
f 1151 1233 1099
f 1193 1234 1148
f 1234 1193 1194
f 1153 1235 1194
f 1235 1153 1196
f 1236 961 956
f 1237 1155 1238
f 1106 1155 1237
f 1237 1239 1106
f 1149 1147 1240
f 1240 1147 1192
f 1106 1239 1156
f 1151 1113 1233
f 1241 1149 1240
f 1242 1243 1107
f 1107 1243 1152
f 1243 1244 1152
f 1195 1152 1245
f 1154 1195 1245
f 1201 1197 1150
f 1246 1242 1107
f 1154 1245 1111
f 1065 1202 1155
f 1107 1159 1246
f 1245 1247 1111
f 1111 1247 1160
f 1201 1162 1247
f 1248 1112 1157
f 1160 1247 1162
f 1022 1116 1202
f 1108 1249 1114
f 1249 1108 1199
f 1109 1200 1203
f 1069 1112 1248
f 1026 1250 1117
f 1251 1199 1115
f 1248 1252 1069
f 1119 1251 1115
f 1203 1253 1161
f 1252 1163 1069
f 1206 1254 1118
f 1118 1254 1164
f 1161 1253 1204
f 1165 1163 1255
f 1255 1166 1165
f 1207 1256 1074
f 1119 1074 1256
f 1081 1208 1257
f 1032 1173 1258
f 1175 1032 1258
f 1259 1172 1084
f 1087 1259 1084
f 1174 1260 1079
f 1171 1080 1085
f 1088 940 1175
f 1176 1079 1260
f 939 1261 1087
f 939 1089 1261
f 1125 1262 1126
f 1179 1210 1090
f 984 1214 1035
f 1091 1215 1213
f 1127 1263 1215
f 1264 1181 1182
f 1265 1131 1132
f 992 1183 1266
f 992 1266 1267
f 1268 1132 944
f 992 1267 1039
f 1039 1267 1185
f 1134 1218 1217
f 1219 991 1184
f 1220 1184 912
f 1269 1220 1038
f 1223 948 1185
f 1222 1269 1038
f 1223 1225 1044
f 919 1270 1221
f 919 1225 1270
f 996 1224 1000
f 1271 1045 1000
f 1222 1138 1139
f 1045 1271 1094
f 1139 1003 1272
f 1003 1094 1273
f 1186 1274 1226
f 1275 1186 1140
f 1097 1048 1276
f 1049 1276 1048
f 1226 1228 1141
f 1277 1275 1140
f 1277 1140 1096
f 1278 1227 1098
f 1276 1098 1097
f 1276 1278 1098
f 1229 1277 1096
f 1187 1100 1143
f 1228 1279 1230
f 1280 1232 1100
f 1192 1191 1281
f 1281 1191 1234
f 956 1232 1236
f 1238 1230 1279
f 1237 1279 1282
f 1238 1279 1237
f 1192 1281 1283
f 1239 1237 1282
f 1192 1283 1240
f 1235 1196 1284
f 1284 1196 1197
f 1285 1156 1239
f 1286 1284 1197
f 1233 1113 1287
f 1201 1286 1197
f 1157 1156 1285
f 1248 1157 1285
f 1241 1288 1149
f 1246 1283 1242
f 1152 1244 1245
f 1247 1286 1201
f 1202 1289 1155
f 1200 1149 1288
f 1290 1110 1064
f 1117 1291 1113
f 1113 1291 1287
f 1159 1292 1246
f 1250 1026 1169
f 1249 1205 1114
f 1164 1293 1167
f 1293 1294 1167
f 1167 1294 1168
f 1119 1256 1295
f 1081 1257 1173
f 1296 1208 1082
f 1296 1082 1030
f 1083 1296 1030
f 1175 1297 1298
f 1297 1175 1258
f 1124 1299 1174
f 1299 1124 1170
f 1171 1299 1170
f 1087 1261 1300
f 1301 1177 1176
f 1261 1089 1302
f 1089 1212 1302
f 1177 1262 1125
f 1303 1304 1212
f 1211 1303 1212
f 1210 1305 984
f 1305 1214 984
f 1213 1303 1211
f 1213 1306 1303
f 1092 1128 1216
f 1264 1307 1181
f 1264 1182 1308
f 1182 1130 1308
f 1183 1181 1307
f 1266 1183 1307
f 1268 1265 1132
f 1217 1268 944
f 1185 1267 1309
f 1310 1219 1184
f 1220 1310 1184
f 1185 1309 1225
f 1223 1185 1225
f 1218 1221 1270
f 1311 1269 1222
f 1000 1224 1271
f 1222 1139 1272
f 1273 1094 1271
f 1003 1273 1272
f 1049 1312 1276
f 1312 1049 851
f 1313 1227 1278
f 1188 1312 851
f 1280 1100 1314
f 1314 1100 1187
f 1228 1315 1279
f 1226 1315 1228
f 1315 1226 1274
f 1189 1316 1229
f 1317 1189 1146
f 1317 1146 1190
f 1230 1318 1187
f 1282 1279 1315
f 1231 1233 1319
f 1281 1234 1320
f 1194 1320 1234
f 1194 1235 1320
f 1321 1318 1238
f 1238 1318 1230
f 1281 1322 1283
f 1322 1281 1320
f 1242 1283 1322
f 1242 1322 1243
f 1244 1243 1322
f 1155 1321 1238
f 1289 1321 1155
f 1287 1323 1233
f 1324 1241 1240
f 1246 1240 1283
f 1325 1245 1244
f 1245 1325 1247
f 1325 1326 1247
f 1247 1326 1286
f 1289 1202 1327
f 1292 1328 1246
f 1290 1329 1110
f 1117 1330 1291
f 1331 1252 1248
f 1250 1330 1117
f 1251 1249 1199
f 1332 1292 1159
f 1332 1159 1204
f 1255 1163 1252
f 1333 1254 1206
f 1254 1293 1164
f 1168 1294 1169
f 1253 1332 1204
f 1334 1258 1173
f 1297 1258 1334
f 1335 1175 1298
f 1335 1088 1175
f 1336 1259 1087
f 1337 1299 1085
f 1299 1171 1085
f 1337 1085 1209
f 1301 1262 1177
f 1338 1210 1179
f 1304 1303 1339
f 1303 1340 1339
f 1214 1341 1128
f 1303 1306 1340
f 1213 1215 1306
f 1131 1308 1130
f 1265 1308 1131
f 1342 1267 1266
f 1267 1342 1309
f 1270 1217 1218
f 1269 1310 1220
f 1270 1225 1343
f 1136 1219 1344
f 1345 1222 1272
f 1272 1273 1271
f 1186 1275 1274
f 1312 1346 1276
f 1278 1276 1346
f 1347 1277 1229
f 1316 1347 1229
f 1317 1316 1189
f 1319 1188 1231
f 1318 1348 1187
f 1319 1233 1323
f 1320 1235 1349
f 961 1236 1350
f 1322 1320 1349
f 1326 1349 1235
f 1235 1284 1326
f 961 1350 1198
f 1244 1322 1349
f 1244 1349 1325
f 1325 1349 1326
f 1286 1326 1284
f 1248 1285 1351
f 1241 1352 1288
f 1240 1328 1324
f 1246 1328 1240
f 1289 1327 1353
f 1290 1064 1198
f 1354 1202 1116
f 1329 1068 1110
f 1355 1116 1068
f 1169 1294 1250
f 1356 1205 1249
f 1357 1292 1332
f 1252 1358 1255
f 1359 1166 1358
f 1333 1166 1359
f 1333 1293 1254
f 1119 1360 1251
f 1255 1358 1166
f 1333 1206 1166
f 1207 1205 1356
f 1361 1334 1173
f 1173 1257 1362
f 1363 1296 1083
f 1364 1260 1174
f 1299 1364 1174
f 1087 1300 1336
f 1209 1365 1337
f 1300 1261 1302
f 1212 1366 1302
f 1304 1367 1366
f 1366 1212 1304
f 1338 1305 1210
f 1368 1339 1340
f 1341 1369 1128
f 1369 1216 1128
f 1216 1370 1180
f 1180 1263 1127
f 1263 1306 1215
f 1371 1307 1264
f 1266 1307 1371
f 1270 1268 1217
f 1268 1270 1343
f 1219 1310 1372
f 1310 1269 1311
f 1219 1372 1344
f 1222 1345 1311
f 1344 1224 1136
f 1373 1224 1344
f 1373 1271 1224
f 1345 1271 1373
f 1272 1271 1345
f 1312 1374 1346
f 1375 1227 1313
f 1274 1376 1315
f 1376 1274 1275
f 1277 1376 1275
f 1316 1377 1347
f 1375 1378 1190
f 1375 1190 1227
f 1379 1312 1188
f 1380 1232 1280
f 1380 1381 1232
f 1348 1380 1280
f 1314 1348 1280
f 1376 1277 1347
f 1382 1316 1317
f 1190 1378 1317
f 1348 1314 1187
f 1282 1315 1383
f 1383 1315 1376
f 1348 1318 1384
f 1321 1384 1318
f 1239 1282 1383
f 1285 1239 1383
f 1285 1383 1351
f 1385 1323 1287
f 1351 1386 1248
f 1387 1385 1287
f 1331 1248 1386
f 1388 1287 1291
f 1387 1287 1388
f 1329 1355 1068
f 1355 1354 1116
f 1389 1294 1390
f 1389 1250 1294
f 1250 1391 1330
f 1293 1390 1294
f 1249 1392 1356
f 1393 1203 1200
f 1119 1295 1360
f 1207 1394 1256
f 1395 1253 1203
f 1396 1257 1208
f 1397 1363 1083
f 1397 1083 1172
f 1398 1335 1298
f 1399 1172 1259
f 1336 1400 1259
f 1088 1335 1401
f 1364 1299 1337
f 1401 1402 1179
f 1088 1401 1179
f 1178 1365 1209
f 1178 1403 1365
f 1301 1404 1262
f 1404 1405 1262
f 1262 1405 1126
f 1405 1406 1126
f 1178 1126 1406
f 1339 1407 1304
f 1407 1339 1408
f 1408 1339 1409
f 1409 1339 1368
f 1216 1410 1370
f 1411 1410 1216
f 1306 1412 1340
f 1412 1368 1340
f 1308 1371 1264
f 1371 1413 1266
f 1413 1371 1308
f 1266 1413 1342
f 1268 1308 1265
f 1342 1414 1343
f 1309 1342 1343
f 1225 1309 1343
f 1372 1310 1415
f 1310 1311 1415
f 1372 1373 1344
f 1345 1415 1311
f 1373 1415 1345
f 1416 1313 1278
f 1346 1416 1278
f 1417 1346 1374
f 1312 1379 1374
f 1232 1381 1418
f 1347 1419 1376
f 1420 1379 1188
f 1419 1347 1377
f 1377 1316 1382
f 1378 1382 1317
f 1420 1188 1319
f 1323 1421 1319
f 1321 1353 1384
f 1353 1321 1289
f 1385 1421 1323
f 1422 1198 1350
f 1423 1352 1241
f 1423 1324 1328
f 1423 1241 1324
f 1422 1290 1198
f 1391 1250 1389
f 1331 1424 1252
f 1424 1359 1358
f 1390 1293 1425
f 1426 1291 1330
f 1291 1426 1388
f 1427 1251 1360
f 1358 1252 1424
f 1359 1425 1333
f 1293 1333 1425
f 1356 1428 1207
f 1429 1357 1332
f 1428 1394 1207
f 1395 1430 1253
f 1253 1430 1332
f 1431 1297 1334
f 1431 1334 1361
f 1432 1361 1173
f 1362 1432 1173
f 1257 1396 1362
f 1433 1298 1297
f 1296 1396 1208
f 1397 1172 1399
f 1335 1398 1401
f 1400 1399 1259
f 1434 1400 1336
f 1434 1336 1435
f 1300 1435 1336
f 1436 1260 1364
f 1176 1260 1437
f 1437 1301 1176
f 1438 1300 1302
f 1366 1438 1302
f 1367 1304 1439
f 1305 1440 1214
f 1441 1369 1341
f 1411 1216 1369
f 1370 1442 1180
f 1180 1442 1263
f 1263 1442 1306
f 1306 1442 1412
f 1414 1342 1413
f 1414 1413 1268
f 1268 1413 1308
f 1343 1414 1268
f 1373 1372 1415
f 1375 1313 1443
f 1416 1443 1313
f 1444 1378 1375
f 1346 1417 1416
f 1377 1445 1419
f 1417 1374 1446
f 1446 1374 1379
f 1376 1419 1383
f 1377 1382 1447
f 1447 1382 1378
f 1421 1420 1319
f 1448 1383 1419
f 1351 1383 1448
f 1351 1448 1386
f 1386 1448 1449
f 1450 1451 1452
f 1389 1451 1450
f 1389 1450 1453
f 1354 1327 1202
f 1453 1391 1389
f 1451 1389 1390
f 1292 1423 1328
f 1331 1386 1454
f 1454 1424 1331
f 1455 1359 1424
f 1427 1249 1251
f 1456 1457 1422
f 1391 1458 1330
f 1458 1459 1330
f 1330 1459 1426
f 1393 1395 1203
f 1456 1460 1457
f 1394 1295 1256
f 1430 1429 1332
f 1461 1361 1456
f 1461 1431 1361
f 1456 1361 1460
f 1457 1460 1432
f 1462 1457 1432
f 1460 1361 1432
f 1433 1297 1431
f 1362 1463 1432
f 1398 1298 1433
f 1401 1398 1464
f 1436 1364 1465
f 1337 1465 1364
f 1466 1337 1365
f 1467 1435 1300
f 1438 1467 1300
f 1402 1338 1179
f 1468 1366 1367
f 1304 1469 1439
f 1304 1407 1469
f 1406 1403 1178
f 1338 1470 1305
f 1470 1440 1305
f 1440 1471 1214
f 1214 1471 1341
f 1341 1471 1441
f 1442 1472 1412
f 1473 1474 1475
f 1475 1474 1476
f 1474 1477 1476
f 1478 1380 1348
f 1232 1418 1236
f 1384 1478 1348
f 1377 1447 1445
f 1378 1444 1447
f 1416 1417 1479
f 1417 1446 1479
f 1379 1480 1446
f 1481 1420 1421
f 1448 1419 1445
f 1445 1447 1482
f 1446 1450 1452
f 1450 1446 1480
f 1450 1480 1453
f 1353 1327 1483
f 1386 1449 1454
f 1354 1483 1327
f 1484 1456 1422
f 1451 1390 1485
f 1385 1387 1392
f 1422 1486 1290
f 1424 1454 1487
f 1424 1487 1455
f 1359 1455 1485
f 1485 1425 1359
f 1485 1390 1425
f 1387 1356 1392
f 1427 1392 1249
f 1292 1488 1423
f 1422 1457 1486
f 1489 1329 1290
f 1489 1290 1486
f 1490 1354 1355
f 1387 1388 1356
f 1288 1393 1200
f 1357 1488 1292
f 1356 1388 1428
f 1457 1462 1486
f 1296 1363 1396
f 1491 1400 1434
f 1492 1468 1367
f 1493 1438 1366
f 1493 1467 1438
f 1410 1494 1370
f 1494 1495 1370
f 1442 1370 1495
f 1368 1496 1409
f 1412 1497 1368
f 1368 1497 1496
f 1498 1475 1476
f 1499 1473 1475
f 1476 1500 1501
f 1500 1476 1477
f 1473 1502 1474
f 1477 1503 1500
f 1474 1502 1504
f 1474 1504 1477
f 1504 1505 1477
f 1443 1506 1375
f 1375 1506 1444
f 1507 1506 1443
f 1443 1416 1507
f 1479 1507 1416
f 1444 1508 1447
f 1509 1384 1353
f 1445 1482 1448
f 1482 1447 1510
f 1510 1447 1508
f 1452 1479 1446
f 1422 1350 1484
f 1449 1448 1482
f 1479 1452 1511
f 1483 1509 1353
f 1487 1449 1482
f 1487 1482 1510
f 1512 1456 1484
f 1454 1449 1487
f 1487 1510 1455
f 1485 1510 1513
f 1455 1510 1485
f 1485 1452 1451
f 1512 1461 1456
f 1514 1391 1453
f 1392 1515 1385
f 1392 1427 1515
f 1514 1458 1391
f 1329 1489 1355
f 1458 1516 1459
f 1459 1517 1426
f 1518 1388 1426
f 1428 1388 1518
f 1360 1295 1519
f 1428 1518 1394
f 1520 1431 1461
f 1432 1521 1462
f 1431 1520 1433
f 1521 1432 1463
f 1433 1522 1398
f 1464 1398 1522
f 1523 1397 1399
f 1523 1399 1400
f 1524 1401 1464
f 1525 1400 1491
f 1465 1337 1466
f 1260 1436 1437
f 1434 1435 1526
f 1467 1526 1435
f 1527 1526 1467
f 1468 1528 1366
f 1439 1492 1367
f 1529 1301 1437
f 1493 1366 1528
f 1530 1407 1408
f 1531 1369 1441
f 1410 1531 1532
f 1494 1532 1533
f 1410 1532 1494
f 1530 1408 1409
f 1369 1531 1411
f 1411 1531 1410
f 1409 1496 1534
f 1535 1442 1495
f 1442 1535 1472
f 1472 1536 1412
f 1537 1538 1475
f 1537 1475 1498
f 1501 1498 1476
f 1499 1475 1538
f 1539 1473 1499
f 1540 1473 1539
f 1540 1502 1473
f 1477 1505 1503
f 1236 1418 1512
f 1512 1350 1236
f 1541 1478 1384
f 1384 1509 1541
f 1508 1444 1506
f 1481 1379 1420
f 1542 1481 1421
f 1484 1350 1512
f 1480 1379 1543
f 1511 1507 1479
f 1513 1510 1508
f 1453 1480 1544
f 1515 1421 1385
f 1485 1513 1511
f 1485 1511 1452
f 1545 1352 1423
f 1490 1483 1354
f 1360 1519 1427
f 1546 1393 1288
f 1547 1355 1489
f 1357 1548 1488
f 1516 1517 1459
f 1549 1519 1295
f 1489 1486 1462
f 1426 1517 1518
f 1295 1394 1549
f 1489 1462 1521
f 1550 1430 1395
f 1551 1521 1463
f 1362 1552 1463
f 1552 1362 1396
f 1552 1396 1363
f 1553 1363 1397
f 1402 1401 1554
f 1525 1491 1555
f 1555 1491 1434
f 1526 1555 1434
f 1338 1402 1556
f 1557 1528 1468
f 1403 1558 1365
f 1532 1526 1527
f 1529 1559 1301
f 1493 1528 1560
f 1469 1407 1561
f 1559 1404 1301
f 1467 1562 1527
f 1562 1467 1493
f 1530 1561 1407
f 1558 1406 1563
f 1533 1532 1527
f 1406 1405 1563
f 1527 1562 1533
f 1531 1441 1564
f 1471 1565 1441
f 1494 1533 1495
f 1409 1534 1530
f 1566 1534 1496
f 1536 1497 1412
f 1567 1498 1501
f 1501 1568 1569
f 1568 1501 1500
f 1500 1570 1568
f 1571 1540 1539
f 1500 1503 1570
f 1572 1503 1505
f 1573 1502 1540
f 1504 1502 1573
f 1505 1574 1572
f 1504 1573 1505
f 1575 1381 1380
f 1379 1481 1543
f 1576 1481 1542
f 1506 1511 1508
f 1511 1506 1507
f 1509 1483 1541
f 1542 1421 1515
f 1513 1508 1511
f 1514 1453 1544
f 1515 1427 1577
f 1427 1519 1577
f 1352 1546 1288
f 1546 1352 1545
f 1458 1514 1516
f 1355 1547 1490
f 1578 1394 1518
f 1578 1549 1394
f 1579 1463 1552
f 1524 1464 1522
f 1523 1553 1397
f 1554 1401 1524
f 1400 1525 1523
f 1525 1555 1580
f 1556 1402 1554
f 1581 1436 1465
f 1582 1555 1526
f 1466 1365 1583
f 1557 1468 1492
f 1532 1582 1526
f 1406 1558 1403
f 1531 1582 1532
f 1560 1562 1493
f 1470 1584 1440
f 1440 1585 1471
f 1533 1562 1495
f 1472 1535 1586
f 1586 1587 1472
f 1537 1588 1589
f 1498 1588 1537
f 1498 1567 1588
f 1589 1538 1537
f 1590 1567 1501
f 1591 1499 1538
f 1569 1590 1501
f 1592 1499 1591
f 1592 1539 1499
f 1592 1593 1539
f 1539 1593 1571
f 1594 1540 1571
f 1570 1503 1595
f 1595 1503 1572
f 1594 1573 1540
f 1418 1381 1596
f 1597 1575 1380
f 1598 1512 1418
f 1478 1597 1380
f 1461 1598 1520
f 1598 1461 1512
f 1481 1576 1543
f 1480 1543 1544
f 1577 1576 1542
f 1577 1542 1515
f 1599 1545 1423
f 1483 1490 1600
f 1488 1599 1423
f 1601 1517 1516
f 1517 1602 1518
f 1602 1578 1518
f 1603 1395 1393
f 1429 1604 1357
f 1521 1547 1489
f 1521 1551 1547
f 1520 1605 1433
f 1605 1606 1433
f 1522 1433 1606
f 1607 1552 1363
f 1607 1363 1553
f 1582 1580 1555
f 1582 1608 1580
f 1436 1581 1437
f 1338 1556 1470
f 1528 1557 1609
f 1608 1582 1531
f 1560 1528 1609
f 1531 1564 1608
f 1561 1530 1610
f 1405 1404 1559
f 1611 1562 1560
f 1585 1440 1584
f 1565 1471 1585
f 1441 1565 1564
f 1611 1495 1562
f 1535 1495 1611
f 1472 1587 1536
f 1496 1497 1566
f 1591 1538 1589
f 1568 1570 1612
f 1594 1571 1613
f 1614 1573 1594
f 1505 1573 1615
f 1616 1544 1543
f 1544 1617 1514
f 1577 1519 1618
f 1514 1617 1516
f 1618 1519 1619
f 1547 1600 1490
f 1546 1603 1393
f 1548 1620 1488
f 1601 1602 1517
f 1619 1519 1549
f 1604 1548 1357
f 1429 1430 1604
f 1604 1430 1550
f 1463 1621 1551
f 1579 1621 1463
f 1607 1579 1552
f 1553 1523 1622
f 1623 1554 1524
f 1525 1622 1523
f 1554 1624 1556
f 1466 1581 1465
f 1469 1625 1439
f 1625 1492 1439
f 1365 1626 1583
f 1558 1626 1365
f 1627 1609 1557
f 1469 1561 1628
f 1565 1629 1564
f 1564 1629 1608
f 1561 1610 1630
f 1560 1609 1611
f 1631 1563 1405
f 1632 1530 1534
f 1633 1592 1591
f 1634 1590 1569
f 1613 1571 1593
f 1612 1570 1595
f 1594 1613 1635
f 1574 1636 1572
f 1574 1505 1615
f 1575 1596 1381
f 1520 1598 1637
f 1483 1638 1541
f 1576 1616 1543
f 1577 1639 1576
f 1576 1639 1616
f 1544 1616 1617
f 1483 1600 1638
f 1618 1639 1577
f 1637 1605 1520
f 1516 1617 1601
f 1619 1549 1578
f 1640 1522 1606
f 1640 1524 1522
f 1623 1524 1640
f 1624 1554 1623
f 1641 1622 1525
f 1580 1641 1525
f 1642 1581 1466
f 1583 1642 1466
f 1556 1624 1643
f 1643 1470 1556
f 1628 1561 1630
f 1644 1584 1470
f 1565 1645 1629
f 1646 1630 1610
f 1584 1645 1585
f 1644 1645 1584
f 1585 1645 1565
f 1647 1611 1609
f 1611 1647 1535
f 1535 1647 1586
f 1566 1632 1534
f 1648 1587 1586
f 1588 1567 1649
f 1649 1567 1590
f 1592 1650 1593
f 1635 1651 1594
f 1595 1572 1652
f 1651 1614 1594
f 1615 1573 1614
f 1574 1615 1636
f 1598 1418 1653
f 1418 1596 1654
f 1478 1541 1655
f 1656 1617 1616
f 1637 1657 1605
f 1601 1617 1656
f 1546 1545 1658
f 1546 1658 1659
f 1599 1488 1660
f 1620 1660 1488
f 1656 1602 1601
f 1602 1656 1578
f 1578 1656 1619
f 1550 1395 1661
f 1662 1606 1605
f 1661 1663 1550
f 1604 1550 1663
f 1551 1664 1547
f 1664 1551 1665
f 1621 1665 1551
f 1622 1666 1553
f 1667 1641 1580
f 1608 1667 1580
f 1625 1469 1628
f 1668 1559 1529
f 1644 1470 1643
f 1669 1609 1627
f 1405 1559 1631
f 1647 1669 1670
f 1609 1669 1647
f 1610 1530 1632
f 1647 1648 1586
f 1587 1671 1536
f 1671 1497 1536
f 1589 1588 1672
f 1649 1673 1588
f 1674 1633 1591
f 1674 1591 1589
f 1675 1590 1634
f 1592 1633 1650
f 1676 1613 1593
f 1595 1677 1612
f 1572 1636 1652
f 1678 1615 1614
f 1418 1654 1653
f 1597 1478 1655
f 1638 1655 1541
f 1600 1664 1638
f 1616 1679 1656
f 1679 1616 1639
f 1618 1679 1639
f 1658 1545 1599
f 1619 1679 1618
f 1656 1679 1619
f 1600 1547 1664
f 1659 1603 1546
f 1640 1606 1662
f 1607 1553 1666
f 1680 1624 1623
f 1581 1642 1437
f 1642 1681 1437
f 1437 1681 1529
f 1625 1628 1682
f 1627 1557 1492
f 1668 1631 1559
f 1563 1683 1558
f 1670 1648 1647
f 1497 1684 1566
f 1685 1589 1672
f 1589 1685 1674
f 1590 1675 1649
f 1686 1634 1569
f 1568 1686 1569
f 1687 1651 1635
f 1651 1688 1614
f 1615 1689 1636
f 1654 1596 1575
f 1654 1575 1690
f 1691 1598 1653
f 1637 1598 1691
f 1660 1658 1599
f 1395 1603 1692
f 1395 1692 1661
f 1693 1640 1662
f 1694 1623 1640
f 1680 1623 1694
f 1622 1641 1666
f 1695 1624 1680
f 1695 1643 1624
f 1681 1668 1529
f 1646 1628 1630
f 1628 1646 1696
f 1558 1683 1626
f 1644 1697 1645
f 1646 1610 1698
f 1698 1610 1632
f 1671 1684 1497
f 1588 1673 1672
f 1634 1699 1675
f 1686 1699 1634
f 1568 1700 1686
f 1593 1650 1701
f 1593 1701 1676
f 1612 1702 1700
f 1612 1700 1568
f 1703 1613 1676
f 1703 1635 1613
f 1652 1677 1595
f 1688 1678 1614
f 1689 1615 1678
f 1638 1704 1655
f 1705 1605 1657
f 1662 1605 1705
f 1665 1621 1706
f 1706 1621 1707
f 1579 1708 1621
f 1579 1709 1708
f 1709 1579 1607
f 1607 1666 1709
f 1710 1643 1695
f 1711 1625 1682
f 1626 1712 1583
f 1626 1713 1712
f 1710 1644 1643
f 1645 1714 1629
f 1566 1715 1632
f 1632 1715 1716
f 1587 1648 1717
f 1715 1566 1684
f 1672 1673 1718
f 1672 1719 1685
f 1720 1673 1649
f 1675 1720 1649
f 1685 1721 1674
f 1650 1633 1722
f 1686 1700 1723
f 1677 1702 1612
f 1635 1703 1687
f 1724 1651 1687
f 1636 1725 1652
f 1636 1689 1725
f 1726 1637 1691
f 1655 1727 1597
f 1726 1657 1637
f 1664 1704 1638
f 1658 1728 1659
f 1729 1603 1659
f 1692 1603 1729
f 1665 1730 1664
f 1707 1621 1708
f 1731 1680 1694
f 1709 1666 1641
f 1608 1732 1667
f 1733 1642 1583
f 1714 1732 1629
f 1608 1629 1732
f 1734 1711 1682
f 1682 1628 1735
f 1696 1735 1628
f 1711 1492 1625
f 1711 1627 1492
f 1644 1710 1697
f 1645 1697 1714
f 1696 1646 1736
f 1683 1713 1626
f 1698 1736 1646
f 1632 1716 1698
f 1670 1717 1648
f 1587 1737 1671
f 1738 1739 1740
f 1740 1741 1738
f 1672 1718 1719
f 1722 1633 1674
f 1699 1686 1742
f 1686 1723 1742
f 1723 1700 1743
f 1744 1700 1702
f 1677 1745 1702
f 1724 1688 1651
f 1688 1746 1678
f 1597 1690 1575
f 1727 1690 1597
f 1747 1728 1658
f 1705 1693 1662
f 1728 1729 1659
f 1548 1748 1620
f 1604 1748 1548
f 1749 1730 1665
f 1661 1692 1750
f 1665 1706 1749
f 1751 1694 1640
f 1731 1694 1751
f 1752 1680 1731
f 1680 1752 1695
f 1695 1752 1710
f 1712 1733 1583
f 1710 1753 1697
f 1681 1754 1668
f 1669 1627 1755
f 1736 1698 1756
f 1716 1756 1698
f 1737 1587 1717
f 1757 1715 1684
f 1739 1738 1758
f 1758 1738 1759
f 1739 1760 1740
f 1759 1738 1761
f 1741 1762 1738
f 1738 1762 1761
f 1763 1741 1740
f 1741 1764 1762
f 1720 1718 1673
f 1685 1719 1721
f 1675 1765 1720
f 1699 1765 1675
f 1766 1699 1742
f 1722 1767 1650
f 1650 1768 1701
f 1744 1743 1700
f 1744 1702 1769
f 1652 1745 1677
f 1690 1770 1654
f 1678 1771 1689
f 1771 1772 1689
f 1689 1772 1725
f 1655 1773 1727
f 1655 1704 1773
f 1747 1658 1774
f 1774 1658 1660
f 1775 1693 1705
f 1660 1620 1774
f 1776 1777 1778
f 1776 1779 1777
f 1751 1640 1693
f 1663 1661 1750
f 1641 1780 1709
f 1667 1780 1641
f 1710 1752 1753
f 1781 1697 1753
f 1714 1697 1781
f 1714 1781 1732
f 1782 1681 1642
f 1783 1711 1734
f 1735 1734 1682
f 1754 1681 1784
f 1785 1696 1736
f 1786 1713 1683
f 1754 1631 1668
f 1787 1670 1669
f 1670 1787 1717
f 1788 1716 1715
f 1789 1671 1737
f 1790 1758 1791
f 1792 1739 1790
f 1790 1739 1758
f 1792 1793 1739
f 1758 1759 1791
f 1793 1760 1739
f 1760 1763 1740
f 1760 1794 1763
f 1741 1763 1764
f 1794 1795 1763
f 1764 1796 1762
f 1762 1796 1761
f 1763 1797 1764
f 1798 1765 1699
f 1798 1699 1766
f 1721 1799 1674
f 1722 1674 1799
f 1650 1767 1768
f 1800 1676 1701
f 1676 1800 1703
f 1801 1744 1769
f 1745 1769 1702
f 1687 1703 1802
f 1652 1803 1745
f 1802 1724 1687
f 1804 1653 1654
f 1770 1804 1654
f 1690 1727 1770
f 1724 1805 1688
f 1805 1746 1688
f 1652 1725 1803
f 1746 1771 1678
f 1806 1807 1778
f 1664 1808 1704
f 1776 1778 1807
f 1730 1808 1664
f 1778 1809 1806
f 1729 1728 1810
f 1620 1748 1774
f 1811 1778 1777
f 1778 1811 1809
f 1812 1777 1779
f 1777 1812 1811
f 1604 1663 1748
f 1813 1814 1779
f 1812 1779 1814
f 1815 1749 1706
f 1707 1815 1706
f 1731 1751 1816
f 1707 1708 1817
f 1818 1817 1708
f 1818 1708 1709
f 1709 1780 1818
f 1819 1780 1667
f 1752 1820 1753
f 1732 1819 1667
f 1781 1819 1732
f 1821 1627 1711
f 1735 1696 1785
f 1755 1627 1821
f 1785 1736 1822
f 1823 1786 1683
f 1755 1824 1669
f 1825 1631 1754
f 1825 1563 1631
f 1756 1716 1826
f 1716 1788 1826
f 1737 1717 1827
f 1757 1788 1715
f 1827 1789 1737
f 1671 1789 1684
f 1828 1793 1792
f 1791 1759 1829
f 1829 1759 1830
f 1831 1760 1793
f 1830 1759 1761
f 1794 1831 1832
f 1831 1794 1760
f 1833 1795 1794
f 1796 1764 1834
f 1795 1797 1763
f 1764 1797 1834
f 1721 1719 1835
f 1766 1836 1798
f 1722 1837 1767
f 1838 1723 1743
f 1800 1701 1768
f 1838 1743 1744
f 1838 1744 1839
f 1839 1744 1801
f 1745 1840 1769
f 1728 1747 1810
f 1841 1842 1776
f 1841 1776 1807
f 1729 1810 1843
f 1776 1842 1844
f 1809 1811 1845
f 1844 1779 1776
f 1844 1846 1847
f 1844 1847 1779
f 1750 1748 1663
f 1848 1751 1693
f 1847 1813 1779
f 1849 1812 1814
f 1813 1847 1850
f 1813 1851 1814
f 1852 1850 1853
f 1852 1813 1850
f 1707 1854 1815
f 1852 1855 1813
f 1813 1855 1851
f 1816 1752 1731
f 1819 1818 1780
f 1753 1820 1819
f 1781 1753 1819
f 1782 1642 1733
f 1712 1856 1733
f 1712 1857 1856
f 1713 1857 1712
f 1858 1711 1783
f 1735 1859 1734
f 1859 1735 1785
f 1823 1860 1786
f 1823 1563 1825
f 1563 1823 1683
f 1756 1822 1736
f 1789 1757 1684
f 1790 1861 1862
f 1862 1792 1790
f 1863 1790 1791
f 1864 1830 1761
f 1794 1832 1833
f 1761 1865 1864
f 1761 1796 1865
f 1866 1833 1832
f 1834 1797 1867
f 1765 1868 1720
f 1719 1869 1835
f 1870 1765 1798
f 1798 1836 1871
f 1722 1799 1837
f 1742 1872 1766
f 1723 1872 1742
f 1873 1872 1723
f 1838 1839 1874
f 1875 1703 1800
f 1839 1801 1876
f 1802 1703 1875
f 1801 1769 1840
f 1803 1840 1745
f 1802 1877 1724
f 1770 1727 1878
f 1803 1725 1879
f 1746 1880 1771
f 1704 1808 1773
f 1807 1881 1841
f 1807 1882 1881
f 1881 1882 1810
f 1881 1810 1747
f 1841 1883 1842
f 1807 1806 1882
f 1882 1843 1810
f 1882 1806 1884
f 1843 1882 1884
f 1809 1885 1806
f 1806 1885 1884
f 1886 1730 1749
f 1809 1845 1885
f 1693 1775 1848
f 1729 1843 1692
f 1812 1849 1811
f 1847 1846 1850
f 1816 1751 1848
f 1849 1814 1887
f 1852 1888 1889
f 1888 1852 1853
f 1851 1887 1814
f 1890 1891 1892
f 1890 1892 1889
f 1889 1892 1893
f 1889 1893 1852
f 1852 1893 1855
f 1891 1894 1892
f 1892 1895 1893
f 1855 1896 1851
f 1894 1895 1892
f 1893 1897 1855
f 1816 1898 1752
f 1893 1895 1897
f 1817 1818 1899
f 1900 1820 1898
f 1752 1898 1820
f 1819 1820 1900
f 1819 1900 1818
f 1859 1783 1734
f 1821 1711 1858
f 1821 1824 1755
f 1901 1754 1784
f 1825 1754 1901
f 1669 1824 1902
f 1787 1669 1902
f 1756 1826 1822
f 1787 1902 1717
f 1827 1717 1902
f 1903 1792 1862
f 1863 1861 1790
f 1863 1791 1904
f 1903 1828 1792
f 1904 1791 1829
f 1905 1793 1828
f 1906 1829 1830
f 1832 1831 1907
f 1908 1832 1907
f 1832 1908 1866
f 1834 1909 1796
f 1866 1910 1833
f 1833 1911 1795
f 1797 1795 1911
f 1833 1910 1911
f 1797 1911 1867
f 1912 1718 1720
f 1868 1912 1720
f 1869 1719 1718
f 1868 1765 1870
f 1835 1799 1721
f 1872 1836 1766
f 1837 1913 1767
f 1723 1838 1873
f 1914 1801 1915
f 1653 1804 1916
f 1770 1917 1804
f 1840 1918 1801
f 1805 1724 1877
f 1841 1881 1919
f 1920 1883 1841
f 1921 1881 1747
f 1921 1919 1881
f 1747 1774 1921
f 1730 1886 1808
f 1883 1922 1842
f 1884 1923 1843
f 1922 1844 1842
f 1692 1843 1923
f 1845 1811 1924
f 1925 1750 1926
f 1750 1925 1748
f 1811 1849 1924
f 1850 1927 1928
f 1927 1850 1846
f 1853 1928 1888
f 1928 1853 1850
f 1849 1887 1929
f 1930 1891 1890
f 1929 1887 1931
f 1817 1854 1707
f 1932 1891 1930
f 1933 1934 1935
f 1933 1935 1932
f 1932 1894 1891
f 1896 1887 1851
f 1936 1896 1855
f 1935 1934 1937
f 1935 1938 1932
f 1932 1938 1894
f 1939 1855 1897
f 1855 1939 1936
f 1900 1899 1818
f 1938 1940 1894
f 1897 1894 1940
f 1897 1895 1894
f 1733 1856 1782
f 1784 1681 1782
f 1713 1941 1857
f 1785 1942 1859
f 1713 1786 1941
f 1789 1827 1943
f 1789 1943 1757
f 1861 1944 1862
f 1861 1863 1945
f 1946 1904 1829
f 1905 1828 1947
f 1948 1793 1905
f 1831 1793 1948
f 1906 1830 1949
f 1949 1830 1864
f 1950 1908 1907
f 1908 1951 1866
f 1796 1952 1865
f 1796 1909 1952
f 1953 1866 1951
f 1866 1953 1910
f 1910 1954 1911
f 1718 1912 1869
f 1798 1871 1870
f 1955 1873 1838
f 1767 1956 1768
f 1955 1838 1957
f 1838 1958 1957
f 1874 1958 1838
f 1959 1874 1960
f 1876 1874 1839
f 1959 1960 1961
f 1802 1875 1962
f 1801 1914 1876
f 1877 1802 1962
f 1691 1653 1963
f 1918 1915 1801
f 1964 1770 1878
f 1803 1918 1840
f 1725 1965 1879
f 1966 1726 1967
f 1657 1726 1966
f 1727 1773 1878
f 1772 1771 1968
f 1969 1775 1705
f 1970 1920 1841
f 1971 1970 1841
f 1971 1841 1919
f 1972 1883 1920
f 1922 1883 1972
f 1774 1973 1921
f 1973 1774 1925
f 1974 1845 1975
f 1974 1885 1845
f 1925 1774 1748
f 1775 1976 1848
f 1886 1749 1977
f 1975 1845 1924
f 1844 1978 1846
f 1926 1750 1692
f 1924 1849 1929
f 1928 1979 1888
f 1816 1848 1980
f 1981 1890 1889
f 1889 1888 1981
f 1816 1980 1898
f 1933 1982 1983
f 1982 1932 1930
f 1933 1932 1982
f 1898 1980 1900
f 1900 1984 1899
f 1985 1934 1933
f 1986 1887 1896
f 1985 1987 1934
f 1934 1987 1988
f 1934 1988 1937
f 1936 1986 1896
f 1989 1990 1991
f 1991 1990 1987
f 1938 1935 1937
f 1992 1939 1897
f 1993 1856 1857
f 1941 1994 1857
f 1859 1995 1783
f 1996 1859 1942
f 1858 1783 1995
f 1997 1942 1785
f 1860 1941 1786
f 1785 1998 1997
f 1822 1998 1785
f 1825 1901 1823
f 1824 1999 1902
f 2000 1998 1822
f 1827 1902 2001
f 1757 2002 1788
f 1861 1945 1944
f 1862 2003 1903
f 1947 1828 1903
f 1829 1906 1946
f 2004 1831 1948
f 2004 1907 1831
f 2004 1950 1907
f 1950 2005 1951
f 1951 1908 1950
f 2006 1951 2005
f 1909 1834 1867
f 2006 2007 1951
f 2007 1953 1951
f 1867 1911 1954
f 2008 2009 2006
f 2009 2007 2006
f 2007 2010 1953
f 1910 2011 1954
f 2012 2009 2008
f 2011 1910 1953
f 2012 2013 2009
f 2009 2013 2007
f 2014 2015 2016
f 2017 2018 2019
f 2017 2020 2016
f 2019 2020 2017
f 2020 2021 2016
f 2016 2021 2022
f 2019 2023 2020
f 1912 1868 2024
f 2024 1868 1870
f 2025 1872 1873
f 1955 2026 1873
f 1767 1913 1956
f 2027 1768 1956
f 2028 1957 2029
f 1800 1768 2027
f 1958 1959 2029
f 1958 2029 1957
f 1958 1874 1959
f 2030 1874 1876
f 2030 1960 1874
f 2030 1961 1960
f 1876 1914 2030
f 1914 2031 2030
f 2031 1961 2030
f 2031 1914 1915
f 1917 1770 1964
f 1918 2032 1915
f 1691 1967 1726
f 2033 1803 1879
f 2033 1918 1803
f 1805 1880 1746
f 1772 1965 1725
f 1771 1880 1968
f 1808 2034 1773
f 1973 1919 1921
f 1972 2035 1922
f 1972 2036 2035
f 2036 1972 1974
f 2037 1885 1974
f 1885 2037 1884
f 1925 2038 1973
f 2039 1922 2035
f 2040 2036 1975
f 1975 2036 1974
f 1884 2037 1923
f 1926 1923 2037
f 1924 2040 1975
f 1926 1692 1923
f 2039 1844 1922
f 1926 2038 1925
f 1978 1844 2039
f 1848 1976 1980
f 1978 1927 1846
f 1924 1929 2041
f 1890 1981 2042
f 1888 2043 1981
f 1979 2043 1888
f 1930 2042 1982
f 2042 1930 1890
f 1931 2041 1929
f 2044 1817 1899
f 1854 1817 2044
f 1933 1983 1985
f 1980 1984 1900
f 2044 1899 1984
f 1931 1887 2045
f 1986 2045 1887
f 1985 1991 1987
f 2046 1989 1991
f 2047 1992 1897
f 2048 1937 1988
f 1937 2048 1938
f 2048 2049 1938
f 1938 2049 1940
f 2049 2047 1940
f 1940 2047 1897
f 2050 1987 1990
f 1987 2050 1988
f 1988 2050 2048
f 2051 1989 2052
f 1989 2051 2053
f 1989 2053 1990
f 2050 1990 2053
f 1993 2054 1856
f 2054 1782 1856
f 1784 1782 2055
f 2056 1901 1784
f 1858 2057 1821
f 2057 1858 1995
f 1821 2057 1824
f 1823 1901 2058
f 1902 1999 2001
f 1822 1826 2000
f 1827 2001 1943
f 2002 1757 1943
f 1826 1788 2002
f 1945 2059 1944
f 2003 1862 1944
f 1903 2003 2060
f 1903 2060 1947
f 2061 1906 1949
f 1950 2004 2062
f 1949 1864 1865
f 1865 2063 2064
f 2063 1865 1952
f 2065 2008 2005
f 2005 2008 2006
f 2066 2008 2065
f 2066 2012 2008
f 2067 2012 2066
f 1953 2010 2068
f 1953 2068 2011
f 2067 2013 2012
f 2010 2007 2013
f 2067 2014 2013
f 2067 2015 2014
f 2018 2017 2069
f 2069 2017 2016
f 2069 2016 2015
f 2014 2070 2013
f 2071 2013 2070
f 2014 2016 2072
f 2014 2072 2070
f 2073 2019 2018
f 2016 2022 2072
f 2019 2074 2023
f 2023 2074 2075
f 2021 2076 2022
f 2075 2077 2023
f 2078 2021 2020
f 2021 2078 2076
f 2023 2078 2020
f 2023 2077 2078
f 2077 2079 2078
f 2026 2025 1873
f 1955 1957 2028
f 2027 1875 1800
f 2080 1962 1875
f 2081 1959 1961
f 2082 2031 1915
f 1915 2032 2083
f 2083 2082 1915
f 2084 2032 1918
f 1773 2085 1878
f 2086 1880 1805
f 1965 2033 1879
f 2084 1918 2033
f 2087 1968 1880
f 1966 1705 1657
f 2088 1920 1970
f 1971 1919 1973
f 2088 1972 1920
f 2088 2089 1972
f 1974 1972 2089
f 1974 2089 2037
f 2036 2040 2035
f 1926 2037 2038
f 1815 1977 1749
f 2035 2041 2039
f 2041 2035 2040
f 2090 2039 2041
f 1924 2041 2040
f 1978 2091 1927
f 2091 1928 1927
f 2043 2042 1981
f 2041 1931 2092
f 1983 2093 2094
f 1982 2093 1983
f 1985 1983 2094
f 2092 1931 2045
f 1991 1985 2095
f 1991 2095 2046
f 1986 2096 2045
f 2097 1936 1939
f 1936 2097 1986
f 2097 2096 1986
f 2052 1989 2046
f 2046 2098 2052
f 2099 2098 2100
f 2098 2099 2052
f 2052 2099 2051
f 2054 1993 2101
f 2100 2102 2099
f 2053 2103 2050
f 2099 2102 2104
f 2099 2104 2051
f 2102 2105 2104
f 2054 2106 1782
f 1857 2101 1993
f 1994 2101 1857
f 2106 2055 1782
f 2055 2056 1784
f 2107 1859 1996
f 2056 2058 1901
f 2057 2108 1824
f 1997 1998 2109
f 1999 1824 2108
f 2001 1999 2108
f 2110 1998 2000
f 1826 2111 2000
f 1943 2112 2002
f 2113 1863 1904
f 1904 1946 2113
f 1905 1947 2114
f 2114 2115 1905
f 1906 2116 1946
f 2117 1946 2116
f 2115 1948 1905
f 2115 2118 1948
f 2118 2004 1948
f 2116 1906 2061
f 2062 2004 2118
f 2119 1949 1865
f 2119 1865 2064
f 2120 2005 1950
f 2005 2120 2065
f 2121 1909 1867
f 1909 2121 2122
f 2121 1867 2123
f 2124 2067 2066
f 1867 1954 2123
f 2125 2067 2124
f 2125 2015 2067
f 2069 2015 2125
f 2010 2126 2068
f 2127 2018 2069
f 2128 2010 2013
f 2010 2128 2129
f 2013 2071 2128
f 2127 2073 2018
f 2073 2130 2019
f 2074 2019 2130
f 2131 2075 2074
f 2022 2076 2132
f 2076 2078 2133
f 1870 2134 2024
f 2075 2079 2077
f 2078 2079 2133
f 1870 1871 2135
f 2136 1835 1869
f 1835 2137 1799
f 1836 1872 2025
f 2138 1955 2028
f 2029 1959 2139
f 1916 1804 2140
f 2082 2141 2031
f 2141 1961 2031
f 2085 1964 1878
f 1805 1877 2086
f 2083 2142 2082
f 2083 2032 2143
f 1965 1772 2144
f 2033 2145 2084
f 1969 1705 1966
f 1970 2146 2088
f 2146 1970 1971
f 1973 2146 1971
f 2089 2088 2146
f 2038 2146 1973
f 2147 1976 1775
f 2089 2146 2037
f 2037 2146 2038
f 2039 2090 1978
f 2091 2148 1928
f 2149 2091 1978
f 2149 1978 2090
f 2092 2090 2041
f 2148 1979 1928
f 1984 1980 2150
f 2151 1982 2042
f 2152 2151 2042
f 2152 2042 2043
f 2092 2149 2090
f 2153 2149 2092
f 2044 1984 2154
f 2151 2093 1982
f 2045 2155 2153
f 2045 2153 2092
f 2045 2096 2155
f 2156 2046 2095
f 1992 2097 1939
f 2157 2054 2101
f 2157 2101 2158
f 2098 2046 2156
f 2159 2047 2160
f 1992 2047 2159
f 2049 2160 2047
f 2161 2160 2049
f 2048 2161 2049
f 2050 2162 2048
f 2162 2050 2103
f 2054 2163 2106
f 2164 2102 2100
f 2103 2053 2051
f 2164 2165 2102
f 2102 2165 2166
f 2102 2166 2105
f 1941 1860 1994
f 2107 1995 1859
f 1942 1997 2167
f 1997 2109 2167
f 2168 1823 2058
f 1860 1823 2168
f 2169 2109 1998
f 2170 2001 2108
f 2170 1943 2001
f 2170 2112 1943
f 1944 2171 2003
f 2113 1946 2172
f 1946 2117 2172
f 2173 1950 2062
f 2173 2120 1950
f 2174 2065 2120
f 2175 2066 2174
f 2066 2065 2174
f 2124 2066 2175
f 1909 2122 1952
f 2011 2176 1954
f 1954 2176 2123
f 2176 2011 2068
f 2129 2126 2010
f 2177 2073 2127
f 2071 2070 2178
f 2177 2130 2073
f 2072 2132 2070
f 2178 2070 2132
f 2022 2132 2072
f 2131 2179 2075
f 2180 2132 2076
f 1912 2024 2181
f 2182 2136 1912
f 1912 2181 2182
f 1869 1912 2136
f 2183 2079 2075
f 1836 2184 1871
f 2184 1836 2025
f 2185 1837 1799
f 2138 2026 1955
f 1956 2186 2027
f 2027 2080 1875
f 1959 2187 2139
f 2187 1959 2081
f 1917 2140 1804
f 1653 1916 1963
f 2082 2188 2141
f 2188 2082 2142
f 2084 2189 2032
f 2189 2143 2032
f 2144 2145 1965
f 2145 2033 1965
f 2143 2190 2083
f 2034 2191 1773
f 1808 1886 2034
f 2147 1775 1969
f 1976 2147 2192
f 1977 1815 2193
f 2150 1980 1976
f 2150 2154 1984
f 2091 2149 2148
f 2194 2157 2195
f 2195 2157 2196
f 2197 2152 2043
f 2148 2197 2043
f 2148 2043 1979
f 2149 2153 2198
f 2199 2095 1985
f 1985 2094 2199
f 2157 2158 2196
f 2155 2096 2097
f 2163 2157 2194
f 2158 2200 2196
f 1992 2159 2097
f 2054 2157 2163
f 2201 2098 2156
f 2098 2201 2202
f 2100 2202 2203
f 2202 2100 2098
f 2048 2204 2161
f 2101 2200 2158
f 2162 2204 2048
f 2200 2101 2205
f 2100 2203 2164
f 1994 2205 2101
f 2051 2206 2103
f 2051 2104 2207
f 2051 2207 2206
f 2208 2205 1994
f 2209 2210 2164
f 2164 2210 2165
f 2104 2105 2207
f 2209 2211 2210
f 2207 2105 2166
f 2212 2208 1994
f 2212 1994 1860
f 1860 2168 2212
f 1995 2107 2213
f 2109 2214 2167
f 2057 1995 2213
f 2169 2214 2109
f 2169 1998 2110
f 2000 2111 2110
f 2002 2111 1826
f 2215 2111 2002
f 2059 2216 1944
f 2113 2217 1863
f 2217 1945 1863
f 2218 2060 2219
f 1947 2060 2218
f 2218 2114 1947
f 2220 1949 2119
f 2173 2221 2120
f 2221 2174 2120
f 2222 2119 2064
f 2223 2124 2175
f 2224 1952 2122
f 2125 2124 2223
f 2225 2125 2223
f 2225 2069 2125
f 2127 2069 2225
f 2128 2226 2129
f 2071 2227 2128
f 2128 2227 2226
f 2227 2071 2178
f 2076 2133 2180
f 2183 2075 2179
f 2228 2079 2183
f 2229 2133 2079
f 2230 2184 2025
f 1799 2137 2185
f 2231 1837 2185
f 2026 2230 2025
f 2230 2026 2232
f 2026 2138 2232
f 1913 1837 2231
f 2233 2028 2029
f 2233 2029 2139
f 1962 2234 1877
f 2234 2086 1877
f 2235 1966 1967
f 1773 2191 2085
f 2084 2236 2189
f 1968 2144 1772
f 2236 2143 2189
f 1976 2192 2150
f 2193 1815 1854
f 2195 2196 2237
f 2237 2196 2238
f 2149 2198 2148
f 2093 2239 2094
f 2240 2197 2148
f 2240 2148 2198
f 2239 2199 2094
f 2155 2198 2153
f 2200 2238 2196
f 2240 2198 2155
f 2241 2240 2097
f 2097 2240 2155
f 2194 2242 2163
f 2241 2159 2243
f 2159 2241 2097
f 2243 2159 2244
f 2244 2160 2245
f 2160 2244 2159
f 2245 2161 2246
f 2161 2245 2160
f 2204 2246 2161
f 2247 2204 2162
f 2106 2163 2242
f 2103 2247 2162
f 2164 2203 2248
f 2248 2209 2164
f 2249 2055 2106
f 2250 2205 2208
f 2251 2211 2209
f 2055 2249 2056
f 2166 2165 2210
f 2166 2252 2207
f 2056 2249 2058
f 1996 2253 2107
f 2211 2254 2210
f 2168 2058 2249
f 2168 2249 2212
f 2253 1996 1942
f 2167 2253 1942
f 2255 2256 2257
f 2258 2167 2214
f 2214 2257 2258
f 2256 2259 2260
f 2256 2255 2259
f 2257 2214 2261
f 2257 2261 2255
f 2214 2169 2261
f 2255 2261 2262
f 2255 2262 2259
f 2261 2169 2263
f 2264 2169 2110
f 2265 2112 2170
f 2266 2002 2112
f 2002 2266 2215
f 1944 2216 2171
f 2059 1945 2267
f 2267 1945 2217
f 2268 2267 2217
f 2003 2219 2060
f 2117 2116 2269
f 2270 2062 2118
f 1949 2220 2061
f 2173 2062 2270
f 2271 2174 2221
f 2175 2174 2271
f 2175 2271 2272
f 2064 2063 2273
f 2175 2272 2223
f 1952 2224 2063
f 2127 2225 2274
f 2176 2275 2123
f 2274 2177 2127
f 2068 2276 2176
f 2277 2068 2126
f 2068 2277 2276
f 2129 2226 2126
f 2126 2226 2277
f 2177 2278 2130
f 2278 2279 2130
f 2279 2074 2130
f 2131 2279 2280
f 2131 2074 2279
f 2132 2281 2178
f 2132 2282 2281
f 2180 2282 2132
f 2024 2283 2181
f 2024 2134 2283
f 1870 2135 2134
f 2182 2284 2136
f 1871 2184 2135
f 2229 2079 2228
f 2285 2184 2230
f 2230 2232 2286
f 2028 2287 2138
f 1913 2231 2288
f 2288 1956 1913
f 2233 2289 2028
f 2081 1961 2141
f 1963 1967 1691
f 2290 2234 1962
f 2291 1966 2235
f 2291 1969 1966
f 2086 2087 1880
f 2190 2142 2083
f 1968 2292 2293
f 1968 2293 2144
f 2144 2293 2294
f 2294 2145 2144
f 2145 2295 2296
f 2145 2296 2084
f 2143 2236 2190
f 2145 2294 2297
f 2145 2297 2295
f 2298 2299 2300
f 2298 2237 2299
f 2298 2195 2237
f 2301 2299 2237
f 2302 2150 2192
f 2302 2154 2150
f 2298 2194 2195
f 2302 2303 2154
f 2298 2304 2194
f 2044 2154 2303
f 2238 2305 2237
f 2306 2239 2093
f 2093 2151 2306
f 2151 2307 2306
f 2152 2307 2151
f 2152 2197 2307
f 2197 2308 2307
f 2197 2240 2308
f 2199 2309 2095
f 2194 2304 2242
f 2309 2156 2095
f 2243 2308 2241
f 2241 2308 2240
f 2310 2238 2200
f 2205 2310 2200
f 2205 2250 2310
f 2206 2247 2103
f 2209 2311 2251
f 2311 2209 2248
f 2312 2206 2207
f 2212 2249 2313
f 2208 2212 2313
f 2251 2314 2211
f 2315 2256 2260
f 2260 2316 2314
f 2260 2259 2316
f 2314 2316 2317
f 2314 2317 2211
f 2211 2317 2254
f 2318 2210 2254
f 2318 2166 2210
f 2252 2166 2318
f 2257 2319 2258
f 2320 2057 2213
f 2320 2108 2057
f 2321 2259 2262
f 2259 2321 2322
f 2321 2262 2261
f 2321 2261 2263
f 2108 2320 2265
f 2170 2108 2265
f 2169 2264 2263
f 2265 2266 2112
f 2323 2110 2111
f 2110 2323 2264
f 2059 2267 2216
f 2324 2003 2171
f 2219 2003 2324
f 2325 2118 2115
f 2118 2325 2270
f 2269 2116 2061
f 2222 2220 2119
f 2064 2273 2222
f 2063 2326 2273
f 2121 2327 2122
f 2123 2328 2121
f 2176 2276 2275
f 2179 2131 2280
f 2283 2329 2181
f 2179 2280 2330
f 2330 2183 2179
f 2135 2184 2331
f 2133 2332 2180
f 2136 2333 1835
f 2183 2330 2334
f 2228 2183 2334
f 2287 2232 2138
f 2289 2287 2028
f 2335 2140 1917
f 2290 1962 2080
f 2336 1964 2085
f 2337 2292 1968
f 2296 2236 2084
f 2296 2338 2236
f 1886 2339 2034
f 1977 2339 1886
f 2300 2299 2340
f 2340 2341 2342
f 2340 2299 2341
f 2299 2301 2341
f 2301 2237 2305
f 2343 2199 2239
f 2344 2343 2239
f 2345 2305 2238
f 2343 2309 2199
f 2346 2307 2308
f 2304 2347 2242
f 2308 2243 2346
f 2244 2346 2243
f 2345 2238 2310
f 2309 2201 2156
f 2244 2348 2346
f 2347 2349 2242
f 2246 2348 2245
f 2246 2350 2348
f 2245 2348 2244
f 2351 2246 2204
f 2204 2247 2351
f 2349 2106 2242
f 2248 2352 2311
f 2352 2248 2203
f 2349 2249 2106
f 2249 2349 2313
f 2250 2208 2353
f 2314 2311 2354
f 2311 2314 2251
f 2208 2313 2353
f 2315 2260 2354
f 2354 2260 2314
f 2256 2355 2257
f 2355 2256 2315
f 2207 2252 2356
f 2356 2312 2207
f 2355 2319 2257
f 2253 2213 2107
f 2253 2167 2258
f 2322 2316 2259
f 2254 2317 2357
f 2254 2357 2358
f 2254 2358 2318
f 2359 2263 2264
f 2323 2360 2264
f 2361 2218 2219
f 2172 2362 2113
f 2172 2117 2363
f 2363 2117 2364
f 2115 2114 2325
f 2117 2269 2365
f 2223 2272 2366
f 2224 2326 2063
f 2122 2327 2224
f 2121 2328 2327
f 2275 2328 2123
f 2367 2177 2274
f 2227 2368 2226
f 2227 2178 2369
f 2178 2281 2369
f 2331 2370 2135
f 2180 2332 2282
f 2136 2284 2333
f 2333 2137 1835
f 2229 2371 2133
f 2133 2371 2332
f 2285 2230 2372
f 2372 2230 2286
f 2334 2373 2228
f 2373 2374 2228
f 2228 2374 2229
f 2229 2374 2371
f 2186 1956 2288
f 2375 2027 2186
f 2375 2080 2027
f 2376 2290 2080
f 2187 2081 2377
f 2378 2335 1917
f 1964 2378 1917
f 1967 1963 2379
f 2377 2081 2141
f 2086 2380 2087
f 2087 2337 1968
f 2293 2292 2294
f 2381 2297 2294
f 2295 2382 2296
f 2296 2382 2338
f 2383 2300 2340
f 2300 2383 2298
f 2301 2384 2341
f 2383 2385 2298
f 2385 2304 2298
f 2386 1854 2044
f 1854 2386 2193
f 2345 2301 2305
f 2384 2301 2345
f 2306 2344 2239
f 2346 2306 2307
f 2387 2306 2346
f 2310 2388 2345
f 2389 2201 2309
f 2350 2387 2346
f 2350 2346 2348
f 2390 2349 2347
f 2389 2202 2201
f 2389 2391 2202
f 2351 2350 2246
f 2391 2392 2202
f 2250 2353 2388
f 2250 2388 2310
f 2392 2203 2202
f 2392 2352 2203
f 2351 2247 2393
f 2313 2349 2390
f 2313 2390 2353
f 2206 2394 2393
f 2206 2393 2247
f 2354 2395 2396
f 2395 2354 2311
f 2315 2396 2355
f 2396 2315 2354
f 2206 2312 2394
f 2397 2252 2318
f 2398 2317 2316
f 2357 2317 2398
f 2318 2358 2397
f 2399 2320 2213
f 2316 2322 2398
f 2322 2400 2398
f 2400 2322 2321
f 2263 2359 2321
f 2360 2359 2264
f 2401 2111 2215
f 2402 2216 2267
f 2361 2219 2324
f 2403 2217 2113
f 2403 2113 2362
f 2218 2361 2404
f 2363 2362 2172
f 2114 2218 2404
f 2325 2114 2404
f 2364 2117 2365
f 2270 2325 2405
f 2405 2173 2270
f 2061 2406 2269
f 2406 2061 2220
f 2221 2407 2271
f 2220 2408 2406
f 2220 2222 2408
f 2224 2409 2326
f 2366 2225 2223
f 2327 2409 2224
f 2367 2274 2225
f 2367 2410 2177
f 2277 2226 2368
f 2410 2278 2177
f 2411 2368 2227
f 2227 2369 2411
f 2135 2370 2134
f 2331 2184 2285
f 2334 2330 2412
f 2412 2373 2334
f 2232 2413 2286
f 2233 2139 2187
f 2414 2376 2080
f 2140 2415 1916
f 2379 1916 2415
f 1963 1916 2379
f 2377 2141 2416
f 2191 2336 2085
f 2292 2337 2417
f 2417 2294 2292
f 1969 2291 2418
f 2294 2417 2381
f 2418 2147 1969
f 2382 2297 2381
f 2297 2382 2295
f 2236 2338 2419
f 2236 2419 2190
f 2383 2340 2420
f 2421 2147 2418
f 2385 2422 2304
f 2303 2423 2044
f 2304 2422 2347
f 2309 2424 2425
f 2424 2309 2343
f 2424 2343 2344
f 2424 2344 2426
f 2426 2344 2306
f 2387 2426 2306
f 2345 2388 2427
f 2428 2309 2425
f 2389 2309 2428
f 2350 2426 2387
f 2426 2350 2429
f 2351 2393 2429
f 2351 2429 2350
f 2353 2390 2388
f 2352 2430 2311
f 2311 2430 2395
f 2396 2431 2355
f 2355 2432 2319
f 2312 2356 2433
f 2319 2432 2258
f 2434 2253 2258
f 2432 2434 2258
f 2397 2356 2252
f 2358 2435 2397
f 2357 2436 2358
f 2436 2435 2358
f 2437 2400 2321
f 2359 2437 2321
f 2360 2438 2359
f 2215 2266 2401
f 2401 2439 2111
f 2111 2439 2323
f 2439 2360 2323
f 2216 2440 2171
f 2441 2267 2268
f 2324 2171 2442
f 2217 2403 2268
f 2407 2221 2443
f 2407 2444 2271
f 2272 2271 2444
f 2445 2366 2272
f 2279 2278 2446
f 2411 2447 2368
f 2448 2369 2281
f 2446 2280 2279
f 2448 2281 2282
f 2449 2448 2282
f 2329 2182 2181
f 2134 2450 2283
f 2450 2134 2370
f 2451 2452 2333
f 2333 2452 2137
f 2453 2285 2372
f 2287 2454 2232
f 2455 2289 2233
f 2233 2187 2456
f 2414 2080 2375
f 2086 2234 2457
f 2457 2380 2086
f 2188 2142 2458
f 2459 2087 2380
f 2459 2337 2087
f 2190 2419 2142
f 2460 2341 2461
f 2460 2342 2341
f 2462 2463 2381
f 2381 2463 2382
f 2463 2338 2382
f 2383 2464 2385
f 2461 2341 2384
f 2147 2421 2192
f 2384 2345 2465
f 2386 2044 2423
f 2427 2465 2345
f 2347 2422 2466
f 2427 2388 2467
f 2466 2390 2347
f 2388 2466 2467
f 2429 2424 2426
f 2388 2390 2466
f 2424 2429 2468
f 2469 2391 2389
f 2469 2389 2428
f 2393 2468 2429
f 2468 2393 2470
f 2471 2392 2391
f 2471 2352 2392
f 2472 2470 2394
f 2394 2470 2393
f 2472 2394 2473
f 2395 2474 2396
f 2474 2431 2396
f 2473 2312 2433
f 2394 2312 2473
f 2431 2432 2355
f 2397 2433 2356
f 2253 2475 2213
f 2475 2253 2434
f 2213 2475 2399
f 2398 2436 2357
f 2398 2400 2476
f 2398 2476 2436
f 2320 2399 2477
f 2437 2478 2400
f 2320 2477 2265
f 2477 2266 2265
f 2438 2437 2359
f 2216 2402 2440
f 2479 2402 2267
f 2267 2441 2479
f 2440 2442 2171
f 2480 2361 2481
f 2404 2361 2480
f 2325 2404 2482
f 2405 2325 2482
f 2443 2221 2173
f 2406 2483 2269
f 2273 2484 2222
f 2222 2484 2408
f 2484 2273 2485
f 2273 2326 2485
f 2225 2366 2445
f 2367 2225 2486
f 2328 2275 2487
f 2276 2487 2275
f 2276 2488 2487
f 2276 2489 2488
f 2277 2489 2276
f 2278 2410 2490
f 2446 2491 2280
f 2329 2492 2182
f 2492 2284 2182
f 2280 2493 2330
f 2332 2449 2282
f 2451 2333 2284
f 2285 2494 2331
f 2412 2330 2495
f 2413 2372 2286
f 2137 2452 2185
f 2496 2231 2185
f 2289 2497 2287
f 2456 2455 2233
f 2187 2498 2456
f 2187 2377 2498
f 2335 2499 2140
f 1964 2336 2378
f 2458 2141 2188
f 2459 2500 2337
f 2501 2342 2460
f 2337 2500 2502
f 2502 2417 2337
f 2420 2464 2383
f 2503 2381 2417
f 2419 2338 2504
f 2464 2505 2385
f 2384 2465 2461
f 2192 2421 2506
f 2302 2192 2506
f 2385 2505 2507
f 2507 2422 2385
f 2467 2422 2507
f 2427 2467 2508
f 2466 2422 2467
f 2428 2509 2510
f 2509 2428 2425
f 2509 2425 2470
f 2468 2425 2424
f 2470 2425 2468
f 2428 2510 2469
f 2470 2511 2509
f 2471 2512 2352
f 2472 2511 2470
f 2512 2430 2352
f 2513 2474 2395
f 2474 2514 2431
f 2433 2515 2473
f 2516 2432 2431
f 2432 2516 2434
f 2517 2397 2435
f 2434 2518 2475
f 2518 2434 2516
f 2478 2476 2400
f 2477 2399 2475
f 2266 2477 2401
f 2519 2360 2439
f 2519 2438 2360
f 2442 2520 2324
f 2324 2520 2361
f 2521 2362 2363
f 2482 2404 2480
f 2522 2365 2269
f 2443 2173 2405
f 2269 2483 2522
f 2483 2406 2523
f 2444 2524 2272
f 2445 2272 2524
f 2225 2445 2486
f 2327 2328 2525
f 2489 2277 2526
f 2368 2526 2277
f 2491 2446 2527
f 2493 2280 2491
f 2528 2370 2331
f 2331 2494 2528
f 2494 2285 2453
f 2332 2529 2449
f 2530 2453 2372
f 2332 2371 2529
f 2373 2531 2374
f 2232 2454 2413
f 2496 2185 2452
f 2497 2532 2287
f 2288 2533 2186
f 2290 2376 2534
f 2535 2536 1967
f 1967 2379 2535
f 2234 2290 2534
f 2534 2457 2234
f 2416 2141 2458
f 2420 2340 2537
f 2537 2340 2342
f 2034 2339 2191
f 2537 2538 2420
f 2539 2458 2142
f 2460 2540 2501
f 2142 2541 2539
f 2538 2464 2420
f 2460 2461 2540
f 2502 2503 2417
f 2503 2462 2381
f 2463 2504 2338
f 2542 2461 2465
f 1977 2193 2543
f 2427 2508 2465
f 2467 2507 2508
f 2510 2509 2511
f 2391 2544 2471
f 2544 2391 2469
f 2545 2469 2510
f 2545 2510 2511
f 2473 2511 2472
f 2513 2395 2430
f 2473 2545 2511
f 2546 2545 2473
f 2474 2513 2547
f 2515 2546 2473
f 2514 2474 2547
f 2548 2431 2514
f 2515 2433 2549
f 2516 2431 2548
f 2549 2397 2517
f 2397 2549 2433
f 2518 2516 2550
f 2551 2552 2436
f 2552 2435 2436
f 2478 2553 2476
f 2553 2551 2476
f 2436 2476 2551
f 2477 2475 2554
f 2554 2475 2518
f 2554 2518 2519
f 2437 2555 2478
f 2401 2477 2554
f 2401 2554 2439
f 2439 2554 2519
f 2402 2479 2556
f 2441 2268 2557
f 2403 2557 2268
f 2520 2558 2361
f 2558 2481 2361
f 2363 2364 2559
f 2559 2364 2365
f 2407 2443 2560
f 2407 2560 2444
f 2406 2408 2523
f 2561 2524 2444
f 2409 2562 2326
f 2563 2409 2327
f 2486 2564 2367
f 2565 2525 2328
f 2564 2566 2367
f 2367 2566 2410
f 2490 2410 2566
f 2490 2446 2278
f 2567 2446 2490
f 2567 2527 2446
f 2411 2568 2447
f 2411 2369 2568
f 2369 2448 2569
f 2528 2570 2370
f 2453 2571 2494
f 2330 2493 2495
f 2413 2530 2372
f 2529 2371 2572
f 2412 2573 2373
f 2374 2572 2371
f 2531 2572 2374
f 2287 2532 2454
f 2496 2288 2231
f 2574 2186 2533
f 2574 2375 2186
f 2536 2235 1967
f 2575 2378 2336
f 2576 2291 2235
f 2575 2336 2191
f 2457 2577 2380
f 2537 2342 2501
f 2577 2459 2380
f 2500 2459 2502
f 2578 2464 2538
f 2579 2503 2502
f 2142 2419 2541
f 2464 2580 2505
f 2578 2580 2464
f 2503 2581 2462
f 2581 2582 2462
f 2582 2463 2462
f 2505 2580 2583
f 2584 2585 2465
f 2542 2465 2585
f 2465 2508 2584
f 2506 2303 2302
f 2507 2505 2583
f 2508 2583 2584
f 2303 2586 2423
f 2508 2507 2583
f 2587 2512 2471
f 2469 2546 2544
f 2546 2469 2545
f 2588 2513 2430
f 2588 2430 2512
f 2587 2471 2589
f 2589 2471 2544
f 2549 2546 2515
f 2550 2516 2548
f 2517 2435 2590
f 2590 2435 2552
f 2478 2555 2553
f 2550 2519 2518
f 2519 2550 2591
f 2555 2437 2591
f 2438 2519 2591
f 2438 2591 2437
f 2592 2556 2479
f 2593 2479 2441
f 2556 2440 2402
f 2362 2594 2403
f 2595 2521 2363
f 2595 2363 2559
f 2596 2559 2365
f 2597 2443 2405
f 2523 2598 2483
f 2560 2561 2444
f 2408 2484 2599
f 2600 2445 2524
f 2600 2601 2445
f 2562 2602 2326
f 2601 2486 2445
f 2409 2563 2562
f 2563 2327 2525
f 2328 2487 2565
f 2447 2603 2604
f 2447 2604 2368
f 2447 2568 2603
f 2369 2569 2568
f 2450 2329 2283
f 2605 2493 2491
f 2492 2606 2284
f 2573 2412 2495
f 2573 2531 2373
f 2532 2607 2454
f 2535 2379 2415
f 2291 2576 2608
f 2191 2609 2575
f 2537 2501 2610
f 2611 2610 2501
f 2611 2501 2540
f 2612 2418 2291
f 2461 2542 2540
f 2613 2579 2502
f 2503 2579 2581
f 2543 2339 1977
f 2584 2583 2614
f 2582 2615 2463
f 2463 2615 2504
f 2512 2587 2588
f 2587 2589 2616
f 2588 2617 2513
f 2589 2544 2549
f 2549 2544 2546
f 2513 2617 2547
f 2547 2618 2514
f 2547 2617 2618
f 2589 2517 2616
f 2517 2589 2549
f 2619 2514 2618
f 2514 2619 2548
f 2590 2552 2620
f 2621 2550 2548
f 2621 2548 2619
f 2553 2622 2623
f 2620 2551 2623
f 2552 2551 2620
f 2553 2555 2622
f 2553 2623 2551
f 2621 2591 2550
f 2591 2621 2624
f 2591 2624 2555
f 2625 2520 2442
f 2558 2626 2481
f 2594 2362 2521
f 2626 2480 2481
f 2480 2627 2482
f 2628 2559 2596
f 2482 2597 2405
f 2522 2596 2365
f 2483 2598 2629
f 2483 2629 2522
f 2599 2523 2408
f 2602 2485 2326
f 2566 2630 2490
f 2490 2630 2567
f 2604 2526 2368
f 2605 2491 2527
f 2631 2569 2448
f 2450 2632 2329
f 2570 2450 2370
f 2329 2606 2492
f 2448 2449 2633
f 2528 2494 2634
f 2634 2494 2571
f 2453 2530 2571
f 2635 2495 2493
f 2633 2449 2529
f 2284 2636 2451
f 2636 2284 2606
f 2637 2638 2529
f 2451 2639 2452
f 2573 2495 2635
f 2529 2572 2637
f 2639 2496 2452
f 2454 2607 2413
f 2455 2497 2289
f 2499 2335 2378
f 2575 2640 2378
f 2576 2235 2536
f 2416 2641 2377
f 2642 2537 2610
f 2577 2643 2459
f 2609 2191 2339
f 2539 2644 2458
f 2502 2459 2613
f 2645 2580 2578
f 2646 2581 2579
f 2583 2580 2614
f 2421 2647 2506
f 2616 2588 2587
f 2617 2588 2616
f 2590 2616 2517
f 2618 2617 2623
f 2623 2617 2620
f 2620 2617 2616
f 2620 2616 2590
f 2618 2622 2619
f 2622 2618 2623
f 2619 2624 2621
f 2624 2619 2622
f 2555 2624 2622
f 2440 2625 2442
f 2648 2557 2403
f 2649 2558 2520
f 2521 2595 2650
f 2559 2651 2595
f 2559 2628 2651
f 2652 2443 2597
f 2522 2653 2596
f 2561 2600 2524
f 2654 2599 2484
f 2484 2485 2654
f 2655 2563 2525
f 2489 2656 2488
f 2526 2656 2489
f 2604 2656 2526
f 2657 2450 2570
f 2448 2633 2631
f 2528 2634 2570
f 2635 2493 2605
f 2638 2633 2529
f 2451 2636 2639
f 2572 2531 2658
f 2659 2533 2288
f 2574 2414 2375
f 2414 2574 2660
f 2456 2498 2661
f 2660 2376 2414
f 2499 2415 2140
f 2377 2662 2498
f 2642 2610 2663
f 2663 2610 2664
f 2611 2665 2610
f 2666 2457 2534
f 2666 2577 2457
f 2667 2538 2537
f 2668 2416 2458
f 2612 2291 2608
f 2538 2667 2578
f 2668 2458 2644
f 2669 2613 2643
f 2613 2459 2643
f 2339 2670 2609
f 2612 2421 2418
f 2645 2614 2580
f 2670 2339 2543
f 2542 2585 2671
f 2584 2671 2585
f 2584 2614 2671
f 2193 2672 2543
f 2506 2673 2303
f 2193 2386 2672
f 2674 2386 2423
f 2557 2593 2441
f 2556 2675 2440
f 2592 2479 2593
f 2440 2675 2625
f 2626 2627 2480
f 2595 2651 2676
f 2482 2627 2597
f 2628 2596 2677
f 2652 2560 2443
f 2522 2629 2653
f 2678 2523 2599
f 2679 2600 2561
f 2599 2680 2678
f 2602 2654 2485
f 2486 2601 2681
f 2682 2562 2563
f 2486 2681 2564
f 2564 2681 2683
f 2684 2487 2488
f 2656 2684 2488
f 2603 2685 2604
f 2686 2687 2568
f 2603 2568 2687
f 2567 2688 2527
f 2686 2568 2569
f 2688 2605 2527
f 2688 2689 2605
f 2657 2632 2450
f 2329 2690 2606
f 2530 2691 2571
f 2637 2572 2692
f 2531 2573 2658
f 2692 2572 2658
f 2639 2693 2496
f 2659 2288 2496
f 2694 2497 2455
f 2456 2694 2455
f 2661 2694 2456
f 2695 2535 2415
f 2499 2378 2640
f 2665 2664 2610
f 2696 2665 2611
f 2609 2697 2575
f 2698 2577 2666
f 2540 2696 2611
f 2667 2645 2578
f 2669 2643 2577
f 2669 2699 2613
f 2421 2612 2700
f 2645 2701 2614
f 2671 2702 2542
f 2702 2540 2542
f 2613 2703 2579
f 2421 2700 2647
f 2579 2703 2646
f 2504 2704 2419
f 2506 2647 2673
f 2386 2674 2672
f 2673 2586 2303
f 2705 2592 2593
f 2706 2556 2592
f 2707 2557 2648
f 2649 2520 2625
f 2594 2648 2403
f 2521 2708 2594
f 2650 2595 2709
f 2595 2676 2709
f 2710 2677 2596
f 2710 2596 2653
f 2561 2560 2711
f 2598 2523 2678
f 2561 2712 2679
f 2713 2680 2599
f 2654 2713 2599
f 2600 2714 2601
f 2714 2681 2601
f 2682 2563 2655
f 2655 2525 2715
f 2564 2683 2566
f 2566 2683 2630
f 2684 2565 2487
f 2716 2567 2630
f 2687 2685 2603
f 2685 2717 2604
f 2716 2688 2567
f 2632 2690 2329
f 2635 2605 2689
f 2718 2573 2635
f 2718 2658 2573
f 2719 2692 2658
f 2661 2498 2720
f 2415 2721 2695
f 2536 2535 2695
f 2376 2660 2534
f 2722 2640 2575
f 2723 2537 2642
f 2723 2667 2537
f 2416 2668 2641
f 2540 2702 2696
f 2609 2670 2697
f 2669 2577 2724
f 2725 2671 2614
f 2613 2699 2703
f 2703 2726 2646
f 2727 2539 2541
f 2543 2672 2670
f 2726 2728 2646
f 2541 2729 2727
f 2582 2581 2730
f 2730 2615 2582
f 2731 2675 2556
f 2594 2708 2648
f 2521 2732 2708
f 2733 2626 2558
f 2558 2649 2733
f 2732 2521 2650
f 2627 2734 2597
f 2651 2628 2735
f 2677 2735 2628
f 2652 2736 2560
f 2653 2629 2737
f 2678 2738 2598
f 2712 2561 2711
f 2714 2600 2679
f 2739 2602 2562
f 2739 2562 2682
f 2565 2715 2525
f 2684 2715 2565
f 2740 2569 2631
f 2741 2689 2688
f 2742 2743 2632
f 2744 2657 2570
f 2634 2744 2570
f 2743 2690 2632
f 2745 2744 2634
f 2745 2634 2571
f 2746 2638 2637
f 2747 2692 2719
f 2692 2747 2637
f 2658 2718 2719
f 2607 2530 2413
f 2748 2749 2639
f 2749 2693 2639
f 2693 2659 2496
f 2694 2532 2497
f 2750 2533 2659
f 2750 2574 2533
f 2751 2721 2415
f 2499 2751 2415
f 2666 2534 2660
f 2752 2666 2660
f 2664 2665 2753
f 2722 2575 2697
f 2754 2645 2667
f 2724 2577 2698
f 2701 2645 2754
f 2671 2755 2702
f 2614 2701 2725
f 2725 2755 2671
f 2726 2703 2699
f 2646 2728 2581
f 2674 2423 2586
f 2756 2593 2557
f 2707 2756 2557
f 2706 2731 2556
f 2757 2649 2625
f 2708 2732 2758
f 2734 2652 2597
f 2560 2736 2711
f 2738 2629 2598
f 2739 2759 2602
f 2760 2630 2683
f 2760 2716 2630
f 2761 2569 2740
f 2761 2686 2569
f 2741 2688 2716
f 2689 2741 2762
f 2633 2638 2763
f 2690 2764 2606
f 2691 2745 2571
f 2762 2635 2689
f 2746 2763 2638
f 2762 2718 2635
f 2762 2765 2718
f 2746 2637 2747
f 2718 2765 2719
f 2636 2748 2639
f 2750 2766 2574
f 2766 2660 2574
f 2661 2720 2767
f 2662 2720 2498
f 2664 2768 2663
f 2642 2663 2723
f 2665 2696 2753
f 2723 2769 2667
f 2666 2752 2698
f 2770 2667 2769
f 2662 2377 2641
f 2754 2667 2770
f 2771 2702 2755
f 2725 2701 2754
f 2725 2754 2755
f 2724 2699 2669
f 2726 2699 2772
f 2729 2541 2419
f 2706 2592 2705
f 2773 2625 2675
f 2733 2649 2774
f 2650 2709 2732
f 2676 2651 2775
f 2651 2735 2775
f 2776 2677 2710
f 2777 2710 2653
f 2710 2777 2776
f 2738 2778 2629
f 2779 2679 2712
f 2714 2679 2779
f 2780 2713 2654
f 2759 2780 2654
f 2654 2602 2759
f 2714 2781 2681
f 2715 2782 2655
f 2783 2683 2681
f 2784 2684 2656
f 2604 2785 2656
f 2760 2786 2716
f 2717 2785 2604
f 2685 2787 2717
f 2716 2788 2741
f 2789 2740 2631
f 2742 2632 2657
f 2633 2790 2631
f 2631 2790 2789
f 2791 2741 2792
f 2762 2741 2791
f 2763 2790 2633
f 2764 2636 2606
f 2747 2793 2746
f 2719 2765 2747
f 2530 2794 2691
f 2607 2794 2530
f 2659 2693 2795
f 2795 2750 2659
f 2796 2694 2661
f 2797 2766 2750
f 2796 2661 2767
f 2660 2766 2798
f 2799 2664 2753
f 2536 2695 2800
f 2663 2768 2723
f 2798 2752 2660
f 2801 2576 2536
f 2802 2608 2576
f 2696 2771 2803
f 2702 2771 2696
f 2804 2698 2752
f 2804 2805 2724
f 2698 2804 2724
f 2806 2697 2670
f 2724 2805 2772
f 2724 2772 2699
f 2672 2807 2670
f 2539 2727 2644
f 2673 2647 2808
f 2674 2809 2672
f 2615 2704 2504
f 2705 2593 2756
f 2731 2773 2675
f 2810 2707 2648
f 2810 2648 2708
f 2649 2757 2774
f 2811 2732 2709
f 2626 2733 2812
f 2626 2812 2627
f 2709 2813 2814
f 2709 2676 2813
f 2627 2812 2734
f 2676 2815 2813
f 2676 2775 2815
f 2734 2816 2652
f 2816 2736 2652
f 2775 2817 2815
f 2815 2817 2818
f 2775 2735 2817
f 2778 2737 2629
f 2783 2681 2781
f 2655 2782 2682
f 2783 2819 2683
f 2683 2819 2760
f 2785 2784 2656
f 2760 2819 2786
f 2686 2820 2687
f 2820 2821 2687
f 2821 2685 2687
f 2685 2822 2787
f 2787 2823 2717
f 2788 2716 2786
f 2788 2792 2741
f 2824 2744 2745
f 2746 2793 2790
f 2746 2790 2763
f 2762 2791 2765
f 2765 2791 2747
f 2825 2826 2827
f 2827 2826 2828
f 2827 2828 2829
f 2830 2831 2832
f 2828 2833 2829
f 2830 2834 2831
f 2829 2833 2832
f 2694 2835 2532
f 2833 2830 2832
f 2830 2836 2834
f 2826 2837 2838
f 2826 2838 2828
f 2828 2838 2833
f 2833 2839 2830
f 2830 2839 2836
f 2836 2839 2840
f 2841 2842 2843
f 2843 2842 2844
f 2767 2845 2846
f 2841 2847 2842
f 2842 2848 2844
f 2767 2720 2845
f 2721 2849 2850
f 2768 2664 2851
f 2799 2851 2664
f 2847 2852 2842
f 2720 2853 2845
f 2850 2695 2721
f 2852 2848 2842
f 2845 2853 2846
f 2846 2854 2855
f 2850 2800 2695
f 2799 2753 2856
f 2853 2854 2846
f 2800 2801 2536
f 2854 2853 2857
f 2662 2853 2720
f 2723 2858 2769
f 2853 2662 2857
f 2696 2803 2753
f 2753 2803 2856
f 2722 2697 2859
f 2802 2612 2608
f 2755 2754 2770
f 2755 2860 2771
f 2861 2772 2805
f 2726 2772 2861
f 2726 2862 2728
f 2728 2730 2581
f 2863 2731 2706
f 2810 2864 2707
f 2865 2625 2773
f 2865 2757 2625
f 2774 2757 2866
f 2732 2867 2758
f 2868 2733 2774
f 2811 2709 2814
f 2811 2814 2869
f 2814 2870 2869
f 2814 2813 2870
f 2870 2813 2871
f 2813 2872 2871
f 2871 2873 2874
f 2871 2872 2873
f 2813 2815 2872
f 2872 2875 2873
f 2815 2818 2872
f 2872 2818 2875
f 2776 2735 2677
f 2876 2738 2678
f 2653 2737 2777
f 2876 2680 2877
f 2678 2680 2876
f 2878 2877 2713
f 2713 2877 2680
f 2878 2713 2780
f 2779 2879 2714
f 2879 2781 2714
f 2715 2684 2880
f 2881 2880 2684
f 2820 2686 2882
f 2882 2686 2761
f 2821 2822 2685
f 2717 2823 2785
f 2788 2786 2883
f 2883 2792 2788
f 2742 2657 2744
f 2883 2791 2792
f 2824 2884 2744
f 2883 2793 2791
f 2793 2747 2791
f 2636 2764 2885
f 2886 2887 2888
f 2889 2888 2890
f 2891 2794 2607
f 2892 2827 2893
f 2890 2825 2892
f 2887 2894 2895
f 2887 2895 2888
f 2892 2825 2827
f 2888 2895 2890
f 2827 2829 2893
f 2896 2832 2831
f 2895 2897 2890
f 2893 2829 2832
f 2898 2607 2532
f 2890 2897 2825
f 2834 2899 2831
f 2532 2835 2898
f 2749 2795 2693
f 2897 2900 2825
f 2825 2900 2826
f 2900 2837 2826
f 2899 2834 2901
f 2901 2902 2899
f 2901 2841 2902
f 2840 2834 2836
f 2903 2833 2838
f 2834 2840 2901
f 2902 2841 2843
f 2837 2904 2905
f 2837 2905 2838
f 2843 2844 2906
f 2903 2839 2833
f 2901 2847 2841
f 2838 2905 2903
f 2901 2840 2847
f 2767 2907 2796
f 2903 2908 2839
f 2907 2767 2846
f 2846 2855 2907
f 2908 2909 2839
f 2839 2910 2840
f 2798 2766 2911
f 2849 2721 2751
f 2847 2840 2910
f 2751 2499 2912
f 2640 2912 2499
f 2847 2910 2913
f 2844 2848 2914
f 2854 2857 2915
f 2848 2916 2914
f 2852 2847 2913
f 2752 2798 2804
f 2852 2917 2918
f 2852 2918 2848
f 2802 2576 2801
f 2641 2857 2662
f 2919 2770 2769
f 2803 2771 2860
f 2770 2919 2920
f 2755 2770 2920
f 2805 2804 2921
f 2804 2922 2921
f 2923 2700 2612
f 2921 2861 2805
f 2807 2806 2670
f 2672 2809 2807
f 2924 2586 2673
f 2419 2925 2729
f 2926 2706 2705
f 2927 2756 2707
f 2758 2810 2708
f 2732 2811 2867
f 2928 2869 2870
f 2870 2871 2928
f 2928 2871 2929
f 2929 2871 2874
f 2812 2733 2868
f 2873 2930 2874
f 2734 2812 2931
f 2873 2875 2930
f 2734 2931 2816
f 2930 2875 2932
f 2818 2933 2875
f 2735 2776 2817
f 2817 2934 2818
f 2876 2935 2738
f 2936 2712 2711
f 2737 2937 2777
f 2712 2938 2779
f 2780 2759 2939
f 2939 2759 2940
f 2759 2739 2940
f 2941 2739 2682
f 2739 2941 2940
f 2682 2942 2941
f 2682 2782 2942
f 2781 2879 2943
f 2782 2715 2944
f 2781 2943 2783
f 2784 2881 2684
f 2819 2945 2786
f 2761 2946 2882
f 2740 2946 2761
f 2947 2821 2948
f 2947 2822 2821
f 2740 2949 2950
f 2789 2949 2740
f 2883 2786 2945
f 2951 2883 2945
f 2790 2952 2949
f 2790 2949 2789
f 2884 2953 2744
f 2793 2951 2952
f 2793 2952 2790
f 2953 2742 2744
f 2793 2883 2951
f 2954 2764 2690
f 2955 2956 2957
f 2956 2958 2959
f 2957 2956 2886
f 2960 2886 2889
f 2961 2959 2958
f 2886 2888 2889
f 2889 2890 2962
f 2962 2892 2963
f 2963 2892 2893
f 2885 2748 2636
f 2959 2894 2956
f 2956 2894 2886
f 2962 2890 2892
f 2886 2894 2887
f 2893 2832 2896
f 2831 2964 2896
f 2607 2898 2891
f 2895 2965 2966
f 2895 2966 2897
f 2966 2900 2897
f 2694 2967 2835
f 2966 2968 2900
f 2902 2843 2906
f 2795 2797 2750
f 2694 2796 2967
f 2900 2904 2837
f 2905 2904 2969
f 2911 2766 2797
f 2907 2855 2970
f 2844 2914 2971
f 2972 2768 2851
f 2903 2973 2908
f 2974 2855 2975
f 2972 2858 2768
f 2912 2849 2751
f 2723 2768 2858
f 2839 2909 2910
f 2798 2911 2976
f 2855 2854 2975
f 2854 2915 2975
f 2858 2977 2769
f 2857 2978 2915
f 2979 2722 2859
f 2769 2977 2919
f 2856 2803 2980
f 2976 2804 2798
f 2913 2917 2852
f 2857 2981 2978
f 2981 2857 2641
f 2755 2920 2860
f 2848 2982 2916
f 2848 2918 2982
f 2922 2804 2983
f 2923 2612 2802
f 2921 2922 2984
f 2985 2641 2668
f 2986 2726 2861
f 2862 2726 2986
f 2808 2924 2673
f 2862 2987 2728
f 2704 2925 2419
f 2927 2707 2864
f 2706 2926 2863
f 2731 2865 2773
f 2866 2757 2865
f 2774 2988 2868
f 2989 2928 2929
f 2990 2812 2868
f 2990 2931 2812
f 2874 2930 2991
f 2932 2991 2930
f 2875 2933 2932
f 2992 2738 2935
f 2738 2992 2778
f 2876 2877 2993
f 2817 2776 2994
f 2934 2817 2994
f 2936 2995 2712
f 2777 2937 2996
f 2995 2938 2712
f 2780 2997 2878
f 2997 2780 2939
f 2779 2938 2879
f 2782 2944 2942
f 2879 2998 2943
f 2880 2944 2715
f 2943 2999 2783
f 2783 2999 2819
f 3000 2820 2882
f 2945 2819 2999
f 3001 2820 3000
f 2820 3001 2821
f 2740 2950 2946
f 3001 2948 2821
f 3002 2948 3001
f 2951 2945 3003
f 2947 3004 2822
f 2951 3003 2952
f 2955 3005 2958
f 2953 2743 2742
f 3005 3006 2958
f 2955 2958 2956
f 2955 2957 3007
f 3007 2957 2960
f 2957 2886 2960
f 2960 2889 3008
f 2889 2962 3008
f 2764 2954 3009
f 2885 2764 3009
f 3006 2961 2958
f 3010 2962 2963
f 2963 2893 3011
f 2748 2885 3012
f 2893 2896 3011
f 2891 3013 2794
f 3014 2961 3015
f 2961 3014 2959
f 3011 2896 2964
f 3012 2749 2748
f 3016 3017 3018
f 3014 2894 2959
f 3017 3016 3019
f 2964 2831 2899
f 2964 2899 3020
f 3014 3021 2894
f 3019 3016 3022
f 2899 3023 3024
f 3021 2895 2894
f 2899 2902 3023
f 3021 2965 2895
f 3023 2902 2906
f 3023 2906 3025
f 2900 2968 2904
f 2796 2907 2967
f 2906 2971 3026
f 3027 2907 2970
f 2904 3028 2969
f 2971 2906 2844
f 2851 3029 2972
f 2970 2855 2974
f 3030 2851 2799
f 2905 2969 2903
f 2975 3031 2974
f 3030 2799 2856
f 3031 2975 3032
f 2849 3033 2850
f 2975 3034 3032
f 3032 2800 3033
f 3033 2800 2850
f 3035 2977 2858
f 2908 2973 2909
f 2975 2915 3034
f 3032 3034 2801
f 3032 2801 2800
f 2640 2722 2979
f 2915 3036 3034
f 2860 3037 2803
f 2980 2803 3037
f 3038 2914 2916
f 2804 2976 2983
f 2978 3036 2915
f 3036 3039 3034
f 3034 3039 2801
f 2802 2801 3039
f 3040 2978 2981
f 2984 2922 2983
f 2859 2697 3041
f 3041 2697 2806
f 3041 2806 3042
f 2916 2982 3043
f 2921 2984 3044
f 2807 3042 2806
f 3044 2861 2921
f 2700 3045 2647
f 2808 2647 3046
f 2987 2730 2728
f 2615 3047 2704
f 3048 2927 2864
f 3049 2810 2758
f 2867 2811 2869
f 2867 2869 3050
f 3050 2869 2928
f 2989 3050 2928
f 2929 3051 3052
f 3051 2929 2874
f 2990 2868 3053
f 2874 2991 3051
f 2736 2816 3054
f 2736 2936 2711
f 2736 3054 2936
f 2933 3055 2932
f 2935 2876 2993
f 2737 2778 3056
f 2937 2737 3056
f 2934 2933 2818
f 3057 2933 2934
f 2777 2996 2776
f 2776 2996 3058
f 2776 3058 2994
f 2998 2879 2938
f 3059 2943 2998
f 2999 2943 3059
f 3060 2999 3059
f 3000 2882 3061
f 2946 3061 2882
f 3060 3059 2950
f 3062 3001 3000
f 3060 2945 2999
f 3063 2784 2785
f 3060 3003 2945
f 2949 3060 2950
f 3001 3062 3064
f 2952 3003 3060
f 2952 3060 2949
f 2785 2823 3063
f 3065 2955 3066
f 2823 2787 2822
f 2822 3004 2823
f 3065 3005 2955
f 2948 3002 2947
f 2960 3008 3067
f 3008 2962 3010
f 3006 3068 2961
f 3069 3017 3070
f 3015 2961 3068
f 3070 3019 3071
f 3017 3019 3070
f 3072 3016 3018
f 3020 2899 3024
f 2749 3012 3073
f 3074 3019 3022
f 3014 3075 3021
f 2749 3073 2795
f 3076 3077 3072
f 3072 3078 3016
f 3022 3016 3078
f 3077 3078 3072
f 3022 3079 3074
f 3022 3078 3079
f 3080 2795 3073
f 3077 3081 3078
f 3082 3076 3083
f 3076 3082 3077
f 2965 3084 2966
f 3077 3082 3081
f 3080 2797 2795
f 2967 2907 3027
f 3081 3082 3085
f 3028 2904 2968
f 3086 3027 2970
f 3087 2911 2797
f 2974 3031 3088
f 3088 3031 3089
f 2972 3035 2858
f 3026 2971 3090
f 2856 3091 3030
f 2911 3087 2976
f 3089 3031 3032
f 3089 3032 3033
f 2980 3091 2856
f 2912 2640 2979
f 3092 2973 2903
f 3093 3090 2971
f 2909 2973 3094
f 2909 3094 2910
f 2971 2914 3093
f 2983 2976 3095
f 2979 2859 3096
f 3094 3097 2910
f 2910 3097 2913
f 3098 2983 3095
f 3099 2913 3097
f 2914 3038 3093
f 3100 3036 2978
f 3036 3100 3039
f 2917 2913 3099
f 3100 2978 3040
f 3099 3101 2917
f 2984 2983 3098
f 2802 3039 2923
f 3096 2859 3041
f 3102 3038 2916
f 2984 3098 3044
f 2985 3103 2641
f 2641 3103 2981
f 2982 2918 2917
f 2917 3104 2982
f 2916 3043 3102
f 3105 2861 3044
f 3045 3046 2647
f 2674 3106 2809
f 2674 2586 3107
f 2730 3108 2615
f 2705 3109 2926
f 2705 2756 3109
f 2731 3110 2865
f 2731 2863 3110
f 3111 2866 2865
f 2867 3112 2758
f 2774 2866 2988
f 2989 2929 3113
f 2868 2988 3114
f 3053 2868 3114
f 3115 2990 3053
f 2931 3116 2816
f 2991 2932 3117
f 3054 2816 3116
f 2993 3118 2935
f 3055 2933 3119
f 3056 3120 2937
f 2937 3120 2996
f 3121 2938 2995
f 2938 3121 3122
f 2998 2938 3123
f 3123 2938 3122
f 2998 3123 3124
f 2880 3125 2944
f 3124 3059 2998
f 3059 3124 3126
f 2946 3126 3061
f 2950 3059 3126
f 3062 3000 3127
f 2950 3126 2946
f 2955 3007 3066
f 3128 3005 3065
f 3064 3129 3001
f 3129 3002 3001
f 3130 3007 2960
f 3128 3131 3006
f 3128 3006 3005
f 2960 3067 3132
f 3004 2947 3133
f 3129 3064 3134
f 3002 3135 2947
f 2953 2690 2743
f 2953 2954 2690
f 3129 3136 3002
f 3002 3136 3135
f 3067 3008 3010
f 2745 3137 2824
f 3010 2963 3138
f 3138 2963 3011
f 3071 3134 3139
f 3069 3070 3139
f 3139 3070 3071
f 3134 3071 3140
f 3141 2691 2794
f 3011 2964 3142
f 3143 3017 3069
f 3144 3017 3143
f 3071 3019 3140
f 2964 3145 3142
f 3144 3018 3017
f 2964 3020 3145
f 3140 3019 3146
f 3015 3068 3147
f 3144 3148 3018
f 3015 3147 3014
f 3148 3072 3018
f 3019 3074 3146
f 3149 3076 3148
f 3148 3076 3072
f 2898 2835 3150
f 3083 3076 3149
f 3151 3079 3078
f 3152 3084 3021
f 3084 2965 3021
f 3025 2906 3026
f 3087 2797 3080
f 3083 3153 3154
f 3154 3082 3083
f 3078 3081 3155
f 3154 3085 3082
f 3155 3081 3085
f 2968 2966 3156
f 2974 3086 2970
f 2851 3157 3029
f 3030 3157 2851
f 3089 3033 3158
f 3159 3033 2849
f 3028 3160 2969
f 3095 2976 3087
f 3161 2977 3035
f 2969 3162 2903
f 3162 3092 2903
f 3163 2860 2920
f 3163 3037 2860
f 2973 3092 3094
f 3095 3164 3098
f 3040 3165 3100
f 3039 3100 3166
f 3167 3044 3098
f 3168 3040 2981
f 3169 3038 3102
f 3038 3169 3093
f 3039 3166 2923
f 2923 3045 2700
f 3101 3170 2917
f 3104 2917 3170
f 2809 3106 2807
f 2982 3171 3043
f 3105 2986 2861
f 2674 3107 3106
f 2924 3107 2586
f 2615 3108 3047
f 3109 2756 3172
f 2927 3172 2756
f 3173 3110 2863
f 3049 2864 2810
f 2866 3111 2988
f 3050 2989 3174
f 3113 3174 2989
f 3113 2929 3052
f 3051 2991 3175
f 3175 2991 3117
f 3117 2932 3055
f 2935 3176 2992
f 3118 3176 2935
f 2778 2992 3177
f 3121 2995 2936
f 2878 3178 2877
f 2933 3179 3119
f 2997 3178 2878
f 3180 2934 2994
f 3179 2933 3057
f 2939 3181 2997
f 3181 2939 2940
f 3182 2941 2942
f 2940 2941 3182
f 2942 2944 3183
f 3184 3123 3122
f 2880 3185 3125
f 3126 3124 3123
f 3123 3184 3186
f 3185 2880 2881
f 3061 3126 3123
f 3061 3123 3186
f 3061 3186 3000
f 3185 2881 3187
f 3127 3188 3062
f 3128 3065 3189
f 3188 3064 3062
f 3066 3007 3190
f 3190 3007 3130
f 3130 2960 3132
f 3191 3064 3192
f 3193 2823 3004
f 3004 3133 3193
f 3191 3134 3064
f 3133 2947 3135
f 3194 3010 3138
f 3191 3139 3134
f 3129 3195 3136
f 3196 3197 3131
f 3131 3197 3006
f 3069 3139 3198
f 3134 3195 3129
f 3197 3068 3006
f 2885 3009 3199
f 3140 3195 3134
f 3198 3143 3069
f 3013 3141 2794
f 3199 3012 2885
f 3200 3144 3143
f 2891 3201 3013
f 3145 3020 3024
f 3025 3202 3023
f 3147 3075 3014
f 3083 3149 3203
f 3075 3152 3021
f 3204 3025 3026
f 2967 3150 2835
f 3027 3205 2967
f 3083 3203 3153
f 3206 3087 3080
f 3027 3086 3205
f 3151 3078 3155
f 3156 2966 3084
f 3154 3153 3207
f 3086 2974 3208
f 3088 3208 2974
f 3154 3207 3209
f 3085 3154 3209
f 3210 3155 3085
f 2972 3029 3035
f 3085 3209 3210
f 3156 3028 2968
f 3028 3156 3211
f 3033 3159 3158
f 3211 3160 3028
f 2969 3160 3212
f 3037 3091 2980
f 3162 2969 3212
f 3163 2977 3161
f 2919 2977 3163
f 3213 3037 3163
f 2920 2919 3163
f 3167 3098 3164
f 3165 3040 3168
f 3214 2981 3103
f 2981 3214 3168
f 3101 3099 3215
f 2807 3106 3042
f 2985 3216 3103
f 3101 3215 3170
f 3171 2982 3104
f 3104 3217 3171
f 2727 3218 2644
f 3218 2727 2729
f 2987 3108 2730
f 3047 3219 2704
f 3220 2704 3221
f 3220 2925 2704
f 3222 2863 2926
f 3223 2927 3048
f 3224 2864 3049
f 3111 2865 3110
f 2867 3050 3225
f 3226 2988 3111
f 2988 3226 3114
f 3227 3051 3175
f 3175 3117 3228
f 2931 2990 3115
f 3117 3055 3229
f 3054 3230 2936
f 3177 3231 2778
f 2778 3231 3056
f 2936 3230 3121
f 3180 3057 2934
f 2940 3182 3181
f 2996 3232 3058
f 3121 3233 3122
f 2944 3125 3183
f 3233 3184 3122
f 3184 3233 3186
f 3234 3000 3186
f 3127 3000 3234
f 3235 3187 2881
f 3236 3066 3237
f 3190 3237 3066
f 3238 3128 3189
f 3236 3065 3066
f 3239 3240 3238
f 3238 3131 3128
f 3240 3239 3241
f 3238 3240 3131
f 3188 3192 3064
f 3191 3192 3242
f 3193 3063 2823
f 3131 3240 3243
f 3191 3244 3139
f 3131 3243 3196
f 3067 3010 3194
f 3245 2953 2884
f 2824 3245 2884
f 3246 3133 3135
f 3247 3138 3011
f 3136 3246 3135
f 3195 3248 3136
f 3011 3249 3247
f 3141 2745 2691
f 3142 3249 3011
f 3143 3198 3250
f 3248 3195 3140
f 3143 3250 3200
f 3251 3068 3197
f 3200 3148 3144
f 3252 3068 3251
f 3248 3140 3146
f 3252 3147 3068
f 3253 3024 3023
f 3253 3023 3202
f 3074 3254 3146
f 3025 3204 3202
f 3255 3080 3073
f 3254 3074 3079
f 3256 3254 3079
f 3256 3079 3151
f 3205 3150 2967
f 3257 3084 3152
f 3204 3026 3258
f 3088 3259 3208
f 3088 3089 3259
f 3155 3210 3151
f 3090 3258 3026
f 3260 3095 3087
f 3261 2849 2912
f 3261 2912 2979
f 3164 3095 3260
f 3213 3091 3037
f 3164 3262 3167
f 3093 3263 3090
f 3263 3093 3264
f 3166 3100 3265
f 3165 3265 3100
f 3166 3265 3266
f 3266 3267 3166
f 2923 3166 3267
f 3169 3264 3093
f 3214 3103 3268
f 3045 2923 3267
f 3103 3216 3268
f 2668 3216 2985
f 3170 3269 3104
f 2808 3046 3270
f 3169 3102 3271
f 3169 3271 3272
f 3104 3269 3273
f 3104 3273 3217
f 2644 3274 2668
f 3043 3275 3102
f 3102 3275 3271
f 3276 3277 2862
f 3043 3171 3275
f 3173 2863 3222
f 3224 3048 2864
f 2758 3278 3049
f 3112 2867 3225
f 3225 3050 3174
f 3052 3279 3113
f 3279 3052 3280
f 3052 3051 3280
f 3280 3051 3227
f 3280 3227 3281
f 3282 3114 3226
f 3283 3227 3175
f 3284 2931 3115
f 2931 3284 3116
f 3228 3117 3229
f 3116 3285 3054
f 3118 2993 3286
f 3055 3119 3229
f 3287 2877 3178
f 3286 2993 3287
f 2993 2877 3287
f 3181 3288 2997
f 3289 3057 3180
f 3289 3179 3057
f 3290 3232 2996
f 3291 2994 3058
f 2994 3291 3180
f 3182 2942 3183
f 3058 3232 3291
f 3233 3234 3186
f 3292 3293 3294
f 3292 3295 3293
f 3296 3239 3297
f 3189 3065 3236
f 3298 3236 3237
f 3293 3239 3294
f 3297 3238 3189
f 3239 3238 3297
f 3299 3237 3190
f 3293 3241 3239
f 2784 3300 2881
f 3299 3190 3130
f 3299 3130 3132
f 3301 3241 3293
f 3132 3067 3302
f 3241 3303 3243
f 3241 3243 3240
f 3242 3244 3191
f 3304 3139 3244
f 3193 3133 3246
f 3305 2954 2953
f 3198 3139 3304
f 3306 2824 3137
f 3307 3198 3304
f 3308 2745 3141
f 3307 3250 3198
f 3251 3197 3196
f 3142 3145 3309
f 3013 3310 3141
f 3311 3024 3253
f 3312 3073 3012
f 3313 3248 3146
f 3201 2891 2898
f 3314 3149 3148
f 3314 3315 3149
f 3254 3313 3146
f 3315 3203 3149
f 3316 3152 3075
f 3255 3206 3080
f 3317 3257 3152
f 3318 3205 3086
f 3319 3153 3203
f 3260 3087 3206
f 3089 3320 3259
f 3153 3319 3321
f 3321 3207 3153
f 3156 3084 3257
f 3158 3320 3089
f 3159 3320 3158
f 3157 3030 3322
f 3210 3209 3323
f 3258 3090 3324
f 3261 3159 2849
f 3325 3161 3035
f 3091 3326 3030
f 3262 3164 3260
f 3324 3090 3327
f 3163 3161 3328
f 3163 3328 3213
f 3327 3090 3263
f 3044 3167 3105
f 3097 3329 3099
f 3168 3330 3165
f 3165 3330 3265
f 3329 3215 3099
f 3046 3045 3267
f 3169 3331 3264
f 3270 2924 2808
f 3269 3170 3215
f 3169 3272 3331
f 3276 2862 2986
f 3218 3274 2644
f 3271 3275 3272
f 3332 3172 2927
f 3332 2927 3223
f 3222 2926 3109
f 2758 3112 3278
f 3333 3112 3225
f 3334 3111 3110
f 3174 3113 3335
f 3113 3279 3335
f 3111 3334 3226
f 3226 3334 3336
f 3281 3227 3283
f 3114 3282 3053
f 3283 3175 3337
f 3053 3282 3338
f 3053 3339 3115
f 3175 3228 3340
f 3339 3284 3115
f 2992 3176 3177
f 3285 3230 3054
f 3341 3229 3119
f 2997 3288 3178
f 3121 3230 3342
f 3120 3290 2996
f 3342 3233 3121
f 3342 3343 3233
f 3344 3233 3343
f 3345 3294 3346
f 3185 3347 3125
f 3234 3233 3344
f 3348 3292 3349
f 3349 3292 3345
f 3345 3292 3294
f 3346 3294 3296
f 3294 3239 3296
f 3348 3295 3292
f 3127 3234 3188
f 3295 3301 3293
f 3132 3350 3299
f 3350 3132 3302
f 3063 3300 2784
f 3351 3302 3067
f 3301 3303 3241
f 3067 3194 3351
f 3301 3352 3303
f 3303 3353 3243
f 3138 3247 3354
f 3136 3355 3246
f 3243 3353 3356
f 3243 3356 3196
f 3309 3249 3142
f 3357 3136 3248
f 3136 3357 3355
f 3356 3251 3196
f 3145 3024 3311
f 3148 3200 3358
f 3012 3199 3359
f 3248 3313 3360
f 3358 3314 3148
f 3361 3147 3252
f 3075 3147 3361
f 3315 3319 3203
f 3316 3075 3361
f 3256 3362 3254
f 3205 3363 3150
f 3316 3317 3152
f 3256 3364 3362
f 3208 3365 3086
f 3365 3318 3086
f 3151 3366 3256
f 3259 3365 3208
f 3210 3367 3151
f 3367 3366 3151
f 3368 3029 3157
f 3157 3322 3368
f 3369 3156 3257
f 3210 3323 3367
f 3207 3323 3209
f 3211 3156 3369
f 3328 3161 3325
f 3213 3370 3091
f 3326 3091 3370
f 2979 3096 3371
f 3372 3162 3212
f 3162 3372 3092
f 3327 3263 3373
f 3094 3092 3374
f 3373 3263 3375
f 3374 3097 3094
f 3374 3329 3097
f 3375 3263 3264
f 3046 3267 3376
f 3264 3331 3375
f 3107 2924 3270
f 3105 3377 2986
f 3274 3216 2668
f 3272 3378 3331
f 3331 3378 3379
f 3277 2987 2862
f 3171 3380 3275
f 3275 3381 3272
f 2987 3382 3108
f 3219 3221 2704
f 3222 3109 3383
f 3224 3384 3048
f 3112 3333 3278
f 3174 3385 3225
f 3110 3386 3334
f 3336 3334 3387
f 3226 3336 3282
f 3388 3282 3336
f 3282 3388 3338
f 3053 3338 3339
f 3337 3175 3340
f 3228 3229 3340
f 3340 3229 3389
f 3284 3390 3116
f 3285 3116 3390
f 3391 3286 3392
f 3286 3391 3118
f 3229 3341 3389
f 3392 3286 3287
f 3178 3288 3393
f 3178 3393 3287
f 3181 3394 3288
f 3179 3341 3119
f 3182 3394 3181
f 3125 3395 3183
f 3183 3395 3182
f 3342 3396 3343
f 3125 3347 3395
f 3232 3397 3291
f 3345 3398 3349
f 3398 3345 3346
f 3399 3346 3296
f 3297 3400 3399
f 3296 3297 3399
f 3400 3297 3189
f 3400 3189 3401
f 3401 3189 3236
f 3401 3236 3298
f 3348 3402 3295
f 3403 3237 3299
f 3404 3188 3234
f 3300 3235 2881
f 3405 3301 3295
f 3406 3192 3188
f 3406 3407 3192
f 3192 3407 3242
f 3242 3407 3244
f 3194 3138 3408
f 3408 3138 3354
f 3303 3352 3409
f 3410 3305 2953
f 3306 3245 2824
f 3307 3304 3411
f 3247 3249 3412
f 3307 3411 3250
f 3310 3308 3141
f 3145 3311 3309
f 3360 3357 3248
f 3251 3356 3413
f 3414 3252 3251
f 3414 3361 3252
f 3255 3073 3312
f 3254 3415 3313
f 2898 3150 3363
f 3416 3206 3255
f 3417 3204 3258
f 3256 3366 3364
f 3320 3418 3259
f 3419 3321 3319
f 3261 3320 3159
f 3420 3029 3368
f 3029 3421 3035
f 3421 3029 3420
f 3257 3422 3369
f 3035 3421 3325
f 3423 3323 3207
f 3326 3322 3030
f 3261 2979 3424
f 3425 3324 3327
f 3160 3211 3426
f 3212 3160 3426
f 3212 3426 3427
f 3327 3373 3425
f 3167 3262 3428
f 3427 3372 3212
f 3429 3096 3041
f 3041 3042 3429
f 3167 3430 3105
f 3214 3431 3168
f 3431 3330 3168
f 3268 3432 3214
f 3376 3270 3046
f 3433 3215 3329
f 3331 3434 3375
f 3331 3379 3434
f 3269 3215 3433
f 3435 3274 3218
f 3378 3272 3381
f 3217 3436 3171
f 3171 3436 3380
f 3381 3437 3378
f 3380 3438 3275
f 3275 3438 3381
f 3109 3172 3383
f 3384 3223 3048
f 3439 3173 3222
f 3279 3440 3335
f 3280 3441 3279
f 3386 3110 3173
f 3386 3173 3439
f 3442 3280 3281
f 3334 3386 3387
f 3443 3336 3387
f 3283 3444 3281
f 3445 3283 3446
f 3283 3337 3446
f 3447 3446 3448
f 3337 3448 3446
f 3337 3340 3448
f 3284 3339 3390
f 3392 3449 3391
f 3391 3176 3118
f 3288 3450 3393
f 3176 3451 3177
f 3394 3450 3288
f 3395 3452 3182
f 3182 3452 3394
f 3179 3453 3341
f 3454 3179 3289
f 3397 3180 3291
f 3289 3180 3455
f 3456 3457 3349
f 3458 3349 3398
f 3398 3346 3459
f 3459 3346 3399
f 3460 3348 3457
f 3457 3348 3349
f 3344 3343 3461
f 3185 3462 3347
f 3463 3402 3460
f 3460 3402 3348
f 3402 3405 3295
f 3406 3188 3404
f 3405 3464 3301
f 3464 3352 3301
f 3351 3194 3408
f 3063 3465 3300
f 3244 3407 3466
f 3465 3063 3193
f 3304 3244 3466
f 3411 3304 3467
f 3193 3246 3468
f 3353 3303 3409
f 3412 3249 3309
f 3308 3137 2745
f 3411 3469 3250
f 3246 3355 3468
f 3470 3356 3353
f 3469 3471 3200
f 3469 3200 3250
f 3470 3413 3356
f 3200 3471 3358
f 3013 3201 3472
f 3311 3253 3473
f 3413 3414 3251
f 3415 3360 3313
f 3473 3253 3202
f 3202 3204 3474
f 3475 3319 3315
f 3416 3255 3312
f 3254 3362 3476
f 3474 3204 3417
f 3365 3477 3318
f 3418 3365 3259
f 3257 3317 3478
f 3262 3260 3206
f 3257 3478 3422
f 3207 3321 3423
f 2979 3371 3424
f 3479 3480 3328
f 3328 3480 3213
f 3480 3370 3213
f 3096 3481 3371
f 3428 3262 3482
f 3096 3429 3481
f 3092 3372 3483
f 3374 3092 3483
f 3167 3428 3430
f 3429 3042 3484
f 3431 3485 3330
f 3330 3486 3265
f 3485 3486 3330
f 3486 3487 3265
f 3265 3487 3266
f 3266 3487 3267
f 3375 3488 3373
f 3214 3432 3431
f 3434 3488 3375
f 3268 3216 3489
f 3273 3269 3490
f 3217 3273 3436
f 3491 3381 3438
f 3381 3491 3437
f 3172 3492 3383
f 3493 3172 3332
f 3225 3494 3333
f 3333 3494 3495
f 3385 3494 3225
f 3496 3174 3335
f 3496 3385 3174
f 3440 3279 3441
f 3441 3280 3497
f 3497 3280 3442
f 3498 3281 3444
f 3444 3445 3499
f 3444 3283 3445
f 3445 3446 3500
f 3500 3447 3501
f 3447 3502 3501
f 3446 3447 3500
f 3336 3443 3388
f 3447 3503 3502
f 3448 3503 3447
f 3504 3338 3388
f 3505 3338 3504
f 3506 3339 3338
f 3340 3507 3448
f 3340 3389 3507
f 3448 3507 3503
f 3503 3507 3508
f 3503 3508 3509
f 3450 3510 3393
f 3287 3510 3511
f 3393 3510 3287
f 3287 3511 3392
f 3176 3391 3512
f 3390 3513 3285
f 3450 3394 3452
f 3514 3389 3341
f 3341 3515 3514
f 3395 3516 3452
f 3395 3517 3516
f 3518 3517 3395
f 3231 3519 3056
f 3520 3456 3458
f 3347 3518 3395
f 3456 3349 3458
f 3290 3120 3521
f 3522 3180 3397
f 3180 3522 3455
f 3289 3455 3454
f 3523 3459 3399
f 3524 3397 3232
f 3525 3526 3460
f 3462 3518 3347
f 3527 3528 3529
f 3298 3237 3530
f 3530 3237 3403
f 3187 3462 3185
f 3526 3463 3460
f 3531 3234 3344
f 3531 3404 3234
f 3532 3405 3402
f 3302 3533 3350
f 3302 3351 3533
f 3464 3405 3532
f 3352 3464 3409
f 3304 3466 3467
f 3534 3354 3247
f 3535 3412 3309
f 3410 2953 3245
f 3309 3536 3535
f 3009 2954 3537
f 3537 2954 3305
f 3409 3470 3353
f 3311 3538 3309
f 3355 3357 3539
f 3472 3310 3013
f 3357 3540 3539
f 3311 3473 3538
f 3471 3541 3358
f 3357 3360 3540
f 3542 3314 3358
f 3359 3312 3012
f 3473 3202 3543
f 3314 3542 3315
f 3202 3474 3543
f 3254 3544 3415
f 3254 3476 3544
f 3475 3419 3319
f 3545 3363 3205
f 3316 3361 3546
f 3364 3547 3362
f 3317 3316 3548
f 3320 3549 3418
f 3419 3550 3321
f 3417 3258 3324
f 3423 3321 3550
f 3417 3324 3551
f 3551 3324 3425
f 3326 3552 3322
f 3553 3325 3421
f 3424 3371 3554
f 3553 3328 3325
f 3326 3370 3552
f 3105 3430 3555
f 3042 3106 3484
f 3487 3376 3267
f 3556 3329 3374
f 3556 3433 3329
f 3432 3268 3489
f 3557 3488 3434
f 3434 3558 3557
f 3377 3276 2986
f 3269 3433 3559
f 3434 3379 3558
f 3277 3382 2987
f 3560 3379 3378
f 2925 3561 2729
f 3437 3562 3378
f 3560 3378 3562
f 3380 3563 3438
f 3564 3049 3278
f 3492 3172 3493
f 3495 3278 3333
f 3496 3335 3440
f 3222 3383 3565
f 3222 3566 3439
f 3566 3222 3565
f 3442 3281 3498
f 3566 3567 3439
f 3498 3444 3568
f 3568 3444 3499
f 3439 3569 3386
f 3439 3567 3569
f 3386 3569 3387
f 3499 3445 3570
f 3445 3500 3570
f 3570 3500 3501
f 3387 3571 3443
f 3387 3569 3571
f 3501 3502 3572
f 3573 3443 3571
f 3388 3573 3504
f 3443 3573 3388
f 3573 3574 3575
f 3503 3509 3502
f 3504 3573 3575
f 3505 3506 3338
f 3450 3576 3510
f 3392 3511 3449
f 3391 3449 3512
f 3508 3577 3509
f 3339 3506 3390
f 3505 3504 3575
f 3452 3576 3450
f 3389 3578 3507
f 3513 3390 3506
f 3517 3505 3575
f 3516 3575 3452
f 3452 3575 3576
f 3389 3514 3578
f 3517 3579 3505
f 3516 3517 3575
f 3513 3580 3285
f 3581 3514 3515
f 3285 3580 3230
f 3580 3342 3230
f 3515 3341 3453
f 3525 3582 3583
f 3582 3457 3456
f 3584 3519 3231
f 3582 3525 3457
f 3056 3519 3120
f 3179 3454 3453
f 3583 3585 3525
f 3525 3460 3457
f 3461 3343 3396
f 3462 3586 3518
f 3521 3524 3290
f 3232 3290 3524
f 3525 3585 3526
f 3587 3523 3399
f 3400 3588 3587
f 3399 3400 3587
f 3401 3588 3400
f 3589 3528 3527
f 3585 3590 3591
f 3592 3527 3529
f 3593 3592 3529
f 3585 3591 3526
f 3401 3298 3530
f 3594 3344 3461
f 3591 3463 3526
f 3529 3528 3595
f 3529 3596 3593
f 3594 3531 3344
f 3528 3597 3595
f 3529 3595 3596
f 3403 3299 3598
f 3350 3598 3299
f 3235 3599 3187
f 3463 3600 3532
f 3532 3402 3463
f 3601 3406 3404
f 3533 3351 3602
f 3603 3464 3532
f 3465 3193 3604
f 3411 3467 3469
f 3306 3410 3245
f 3468 3604 3193
f 3605 3470 3409
f 3309 3538 3536
f 3606 3199 3009
f 3470 3607 3413
f 3360 3415 3540
f 3358 3541 3542
f 3414 3413 3608
f 3609 3361 3414
f 3361 3609 3546
f 3610 3419 3475
f 3611 3474 3417
f 3545 3205 3318
f 3612 3545 3318
f 3612 3318 3477
f 3416 3613 3206
f 3614 3365 3418
f 3614 3477 3365
f 3549 3320 3261
f 3366 3615 3364
f 3616 3550 3419
f 3206 3617 3262
f 3366 3367 3618
f 3261 3424 3619
f 3420 3368 3620
f 3423 3621 3323
f 3621 3618 3323
f 3367 3323 3618
f 3368 3322 3552
f 3422 3622 3369
f 3617 3482 3262
f 3369 3623 3211
f 3623 3426 3211
f 3483 3624 3374
f 3624 3556 3374
f 3106 3107 3625
f 3270 3626 3107
f 3627 3488 3557
f 3274 3628 3216
f 3629 3269 3559
f 3490 3269 3629
f 3277 3630 3382
f 3379 3560 3558
f 3382 3631 3108
f 3108 3632 3047
f 3047 3632 3219
f 3380 3436 3633
f 3380 3633 3563
f 3437 3491 3562
f 3491 3438 3634
f 3384 3332 3223
f 3564 3224 3049
f 3493 3635 3492
f 3565 3383 3492
f 3442 3498 3497
f 3499 3570 3636
f 3637 3636 3570
f 3567 3566 3638
f 3637 3570 3501
f 3637 3501 3639
f 3501 3572 3639
f 3640 3572 3502
f 3571 3641 3573
f 3571 3642 3641
f 3574 3573 3641
f 3502 3509 3640
f 3642 3574 3641
f 3511 3574 3642
f 3640 3509 3643
f 3511 3644 3449
f 3512 3449 3644
f 3576 3575 3574
f 3510 3576 3574
f 3510 3574 3511
f 3509 3577 3643
f 3512 3451 3176
f 3645 3507 3578
f 3507 3645 3508
f 3579 3506 3505
f 3513 3506 3579
f 3451 3231 3177
f 3583 3582 3646
f 3647 3513 3579
f 3520 3458 3648
f 3649 3580 3513
f 3649 3513 3647
f 3648 3458 3398
f 3650 3398 3459
f 3647 3579 3586
f 3518 3579 3517
f 3651 3585 3583
f 3652 3342 3580
f 3586 3579 3518
f 3651 3590 3585
f 3342 3652 3396
f 3519 3521 3120
f 3653 3589 3527
f 3653 3527 3592
f 3397 3654 3522
f 3592 3593 3655
f 3462 3187 3656
f 3598 3657 3403
f 3187 3599 3656
f 3591 3658 3463
f 3598 3350 3533
f 3600 3463 3658
f 3603 3532 3600
f 3408 3602 3351
f 3354 3659 3408
f 3534 3659 3354
f 3409 3464 3660
f 3412 3534 3247
f 3409 3660 3605
f 3355 3661 3468
f 3310 3662 3308
f 3663 3471 3469
f 3415 3544 3540
f 3474 3664 3543
f 2898 3665 3201
f 3414 3608 3609
f 3474 3611 3664
f 3312 3666 3416
f 3362 3667 3476
f 3668 3667 3362
f 3616 3419 3610
f 3362 3547 3668
f 3416 3666 3613
f 3316 3546 3669
f 3316 3669 3548
f 3549 3614 3418
f 3615 3547 3364
f 3617 3206 3613
f 3619 3549 3261
f 3548 3478 3317
f 3421 3670 3553
f 3671 3551 3425
f 3371 3481 3554
f 3553 3479 3328
f 3623 3369 3622
f 3671 3425 3373
f 3479 3672 3480
f 3373 3488 3673
f 3674 3430 3428
f 3675 3485 3431
f 3485 3676 3486
f 3484 3106 3625
f 3376 3626 3270
f 3626 3625 3107
f 3489 3677 3432
f 3628 3678 3216
f 3679 3559 3433
f 3631 3632 3108
f 3490 3436 3273
f 3436 3490 3633
f 3558 3560 3680
f 3680 3560 3562
f 3563 3634 3438
f 3562 3681 3680
f 3495 3564 3278
f 3496 3682 3385
f 3441 3683 3440
f 3684 3565 3492
f 3685 3568 3499
f 3636 3685 3499
f 3642 3569 3567
f 3642 3571 3569
f 3686 3642 3567
f 3644 3642 3686
f 3511 3642 3644
f 3512 3644 3687
f 3512 3688 3451
f 3577 3689 3643
f 3577 3690 3689
f 3651 3583 3646
f 3508 3645 3577
f 3690 3577 3645
f 3646 3582 3691
f 3691 3582 3456
f 3691 3456 3692
f 3692 3456 3520
f 3520 3693 3692
f 3514 3694 3578
f 3578 3694 3645
f 3520 3648 3693
f 3648 3398 3650
f 3459 3695 3650
f 3696 3590 3651
f 3695 3459 3523
f 3652 3580 3649
f 3515 3453 3697
f 3586 3649 3647
f 3592 3698 3653
f 3401 3530 3588
f 3655 3698 3592
f 3396 3652 3461
f 3699 3454 3455
f 3522 3700 3455
f 3700 3699 3455
f 3589 3701 3528
f 3462 3702 3586
f 3703 3704 3590
f 3590 3704 3591
f 3701 3597 3528
f 3704 3658 3591
f 3705 3404 3531
f 3706 3593 3596
f 3707 3595 3597
f 3707 3596 3595
f 3708 3596 3707
f 3596 3708 3706
f 3408 3659 3709
f 3710 3235 3300
f 3407 3711 3466
f 3300 3465 3710
f 3712 3464 3603
f 3659 3534 3713
f 3467 3466 3711
f 3464 3712 3660
f 3534 3412 3714
f 3715 3469 3467
f 3716 3410 3306
f 3604 3468 3661
f 3715 3663 3469
f 3717 3661 3355
f 3718 3605 3660
f 3009 3537 3606
f 3662 3137 3308
f 3605 3718 3719
f 3539 3717 3355
f 3605 3719 3607
f 3607 3470 3605
f 3720 3721 3473
f 3606 3722 3199
f 3473 3543 3720
f 3199 3722 3359
f 3413 3607 3723
f 3723 3608 3413
f 3724 3312 3359
f 3475 3315 3542
f 3544 3476 3725
f 3724 3666 3312
f 2898 3363 3665
f 3726 3669 3546
f 3614 3727 3477
f 3728 3417 3729
f 3366 3618 3730
f 3729 3417 3551
f 3550 3731 3423
f 3621 3423 3731
f 3621 3732 3618
f 3420 3620 3421
f 3733 3482 3617
f 3421 3620 3670
f 3552 3620 3368
f 3734 3552 3370
f 3479 3553 3735
f 3736 3428 3482
f 3479 3735 3737
f 3737 3672 3479
f 3738 3370 3480
f 3738 3734 3370
f 3738 3480 3672
f 3674 3428 3736
f 3426 3739 3427
f 3671 3373 3673
f 3429 3484 3740
f 3486 3676 3487
f 3676 3741 3487
f 3487 3741 3376
f 3626 3376 3741
f 3678 3489 3216
f 3556 3742 3433
f 3679 3433 3742
f 3743 3557 3558
f 3558 3744 3743
f 3680 3745 3558
f 3491 3634 3562
f 3562 3634 3681
f 3746 3384 3224
f 3746 3224 3564
f 3683 3441 3747
f 3747 3441 3497
f 3748 3493 3332
f 3748 3332 3384
f 3685 3636 3749
f 3637 3749 3636
f 3638 3566 3565
f 3640 3750 3572
f 3686 3567 3638
f 3640 3751 3750
f 3644 3686 3687
f 3640 3643 3751
f 3751 3643 3752
f 3643 3689 3752
f 3753 3646 3691
f 3754 3651 3646
f 3645 3755 3690
f 3451 3756 3231
f 3694 3514 3581
f 3756 3584 3231
f 3515 3757 3581
f 3758 3759 3696
f 3759 3590 3696
f 3523 3587 3695
f 3649 3760 3652
f 3761 3589 3653
f 3762 3454 3699
f 3759 3703 3590
f 3763 3701 3589
f 3652 3764 3461
f 3586 3765 3649
f 3702 3765 3586
f 3654 3397 3524
f 3654 3766 3522
f 3403 3767 3530
f 3403 3657 3767
f 3703 3768 3704
f 3769 3597 3701
f 3702 3462 3656
f 3597 3769 3770
f 3655 3593 3771
f 3771 3593 3706
f 3772 3658 3704
f 3533 3602 3773
f 3770 3707 3597
f 3705 3601 3404
f 3600 3658 3772
f 3601 3774 3406
f 3772 3775 3600
f 3407 3406 3711
f 3603 3600 3775
f 3776 3777 3778
f 3712 3603 3779
f 3777 3780 3781
f 3777 3776 3780
f 3782 3710 3465
f 3715 3467 3711
f 3604 3782 3465
f 3535 3714 3412
f 3535 3536 3783
f 3784 3305 3410
f 3785 3537 3305
f 3786 3717 3539
f 3721 3538 3473
f 3310 3472 3787
f 3788 3471 3663
f 3788 3541 3471
f 3540 3786 3539
f 3789 3472 3201
f 3476 3667 3725
f 3611 3790 3664
f 3417 3728 3611
f 3791 3792 3545
f 3791 3545 3612
f 3727 3612 3477
f 3547 3615 3793
f 3730 3615 3366
f 3731 3550 3616
f 3618 3732 3730
f 3613 3733 3617
f 3731 3732 3621
f 3554 3619 3424
f 3794 3620 3552
f 3795 3554 3481
f 3796 3623 3622
f 3429 3740 3481
f 3739 3797 3427
f 3427 3797 3372
f 3797 3483 3372
f 3797 3798 3483
f 3673 3488 3627
f 3483 3798 3624
f 3798 3799 3624
f 3630 3277 3276
f 3559 3800 3629
f 3558 3745 3744
f 3490 3801 3633
f 3802 3563 3633
f 3803 3634 3563
f 3680 3681 3745
f 3804 3494 3385
f 3804 3385 3682
f 3498 3805 3497
f 3568 3685 3806
f 3806 3498 3568
f 3637 3807 3749
f 3808 3684 3492
f 3635 3808 3492
f 3637 3639 3807
f 3684 3809 3565
f 3638 3565 3809
f 3572 3810 3639
f 3638 3809 3811
f 3572 3750 3810
f 3686 3638 3811
f 3686 3811 3687
f 3812 3512 3687
f 3646 3813 3754
f 3691 3814 3753
f 3814 3691 3692
f 3815 3752 3689
f 3754 3816 3696
f 3754 3696 3651
f 3650 3817 3648
f 3818 3758 3696
f 3755 3645 3694
f 3819 3581 3757
f 3695 3587 3820
f 3515 3697 3757
f 3820 3587 3588
f 3698 3821 3653
f 3762 3453 3454
f 3588 3530 3767
f 3761 3763 3589
f 3822 3521 3519
f 3823 3759 3758
f 3522 3766 3700
f 3763 3824 3701
f 3764 3652 3760
f 3703 3759 3823
f 3824 3769 3701
f 3825 3461 3764
f 3826 3657 3598
f 3827 3598 3533
f 3531 3594 3705
f 3599 3828 3656
f 3773 3827 3533
f 3704 3829 3772
f 3830 3777 3831
f 3777 3781 3831
f 3601 3705 3832
f 3830 3833 3777
f 3601 3832 3774
f 3408 3709 3602
f 3707 3770 3834
f 3833 3778 3777
f 3707 3835 3708
f 3774 3711 3406
f 3599 3235 3710
f 3603 3775 3779
f 3836 3781 3780
f 3534 3714 3713
f 3837 3776 3778
f 3776 3838 3780
f 3837 3838 3776
f 3661 3782 3604
f 3784 3410 3716
f 3839 3306 3137
f 3538 3721 3536
f 3662 3310 3787
f 3840 3786 3540
f 3541 3841 3542
f 3842 3840 3540
f 3540 3544 3842
f 3722 3724 3359
f 3542 3841 3475
f 3544 3725 3842
f 3841 3610 3475
f 3665 3363 3545
f 3609 3726 3546
f 3667 3668 3843
f 3610 3844 3616
f 3547 3843 3668
f 3727 3791 3612
f 3845 3727 3614
f 3846 3793 3615
f 3847 3614 3549
f 3848 3731 3616
f 3730 3846 3615
f 3849 3732 3731
f 3551 3850 3729
f 3478 3851 3422
f 3850 3551 3671
f 3671 3852 3850
f 3422 3851 3622
f 3736 3482 3733
f 3671 3673 3853
f 3623 3796 3426
f 3737 3735 3854
f 3855 3485 3675
f 3485 3855 3676
f 3676 3856 3741
f 3675 3431 3857
f 3677 3857 3432
f 3431 3432 3857
f 3678 3677 3489
f 3858 3556 3624
f 3627 3557 3859
f 3679 3860 3559
f 3559 3860 3800
f 3630 3631 3382
f 3743 3744 3861
f 3629 3801 3490
f 3744 3745 3862
f 3863 3634 3803
f 3681 3864 3745
f 3745 3864 3865
f 3564 3495 3866
f 3867 3682 3496
f 3496 3440 3683
f 3747 3497 3805
f 3805 3498 3806
f 3746 3868 3384
f 3748 3384 3868
f 3807 3869 3749
f 3750 3870 3871
f 3750 3751 3870
f 3751 3872 3870
f 3873 3872 3751
f 3754 3874 3816
f 3754 3813 3874
f 3813 3646 3753
f 3752 3873 3751
f 3812 3688 3512
f 3818 3816 3875
f 3752 3815 3873
f 3818 3696 3816
f 3876 3689 3690
f 3817 3650 3695
f 3818 3877 3758
f 3878 3690 3755
f 3694 3819 3755
f 3755 3819 3878
f 3581 3819 3694
f 3877 3823 3758
f 3588 3767 3879
f 3880 3761 3653
f 3821 3880 3653
f 3584 3822 3519
f 3881 3453 3762
f 3697 3453 3881
f 3697 3882 3757
f 3655 3883 3698
f 3699 3884 3762
f 3885 3654 3524
f 3886 3655 3771
f 3883 3655 3886
f 3824 3887 3769
f 3888 3768 3703
f 3825 3594 3461
f 3598 3827 3826
f 3889 3770 3769
f 3656 3828 3702
f 3768 3829 3704
f 3833 3830 3890
f 3709 3891 3602
f 3706 3892 3771
f 3772 3829 3893
f 3708 3892 3706
f 3894 3772 3893
f 3775 3772 3894
f 3834 3835 3707
f 3895 3708 3835
f 3708 3895 3892
f 3896 3711 3774
f 3897 3778 3833
f 3782 3599 3710
f 3715 3711 3896
f 3660 3712 3898
f 3899 3780 3838
f 3783 3536 3721
f 3305 3784 3785
f 3662 3839 3137
f 3537 3900 3606
f 3900 3537 3785
f 3901 3663 3902
f 3663 3901 3788
f 3543 3903 3720
f 3789 3787 3472
f 3608 3904 3609
f 3904 3726 3609
f 3905 3666 3724
f 3725 3667 3906
f 3844 3610 3907
f 3667 3843 3906
f 3793 3843 3547
f 3905 3613 3666
f 3848 3616 3844
f 3908 3613 3905
f 3726 3909 3669
f 3910 3845 3614
f 3846 3730 3911
f 3847 3549 3619
f 3849 3731 3848
f 3732 3911 3730
f 3908 3733 3613
f 3912 3847 3619
f 3732 3849 3911
f 3548 3913 3478
f 3912 3619 3554
f 3913 3851 3478
f 3795 3912 3554
f 3914 3670 3620
f 3620 3794 3914
f 3915 3553 3670
f 3914 3915 3670
f 3671 3853 3852
f 3915 3916 3553
f 3794 3552 3734
f 3553 3916 3735
f 3796 3917 3426
f 3917 3739 3426
f 3484 3918 3740
f 3625 3919 3484
f 3920 3673 3627
f 3855 3856 3676
f 3741 3921 3626
f 3626 3921 3625
f 3799 3922 3624
f 3858 3624 3922
f 3105 3923 3377
f 3556 3858 3742
f 3276 3377 3630
f 3743 3859 3557
f 3924 3743 3861
f 3633 3801 3802
f 3563 3802 3925
f 3563 3925 3803
f 3803 3925 3926
f 3745 3865 3862
f 3634 3863 3927
f 3634 3927 3681
f 3928 3683 3747
f 3929 3866 3495
f 3930 3495 3494
f 3930 3494 3804
f 3806 3685 3931
f 3866 3746 3564
f 3932 3685 3749
f 3869 3807 3639
f 3869 3639 3810
f 3809 3684 3808
f 3933 3809 3808
f 3810 3750 3871
f 3872 3934 3870
f 3935 3687 3811
f 3814 3936 3753
f 3875 3816 3937
f 3872 3873 3938
f 3648 3939 3693
f 3940 3451 3688
f 3695 3941 3817
f 3940 3756 3451
f 3942 3689 3876
f 3942 3815 3689
f 3877 3818 3943
f 3588 3879 3820
f 3584 3756 3822
f 3944 3819 3757
f 3821 3698 3883
f 3877 3945 3823
f 3946 3766 3654
f 3766 3947 3700
f 3883 3886 3948
f 3760 3949 3764
f 3760 3649 3950
f 3945 3703 3823
f 3949 3825 3764
f 3945 3888 3703
f 3887 3889 3769
f 3771 3951 3886
f 3952 3830 3831
f 3831 3953 3952
f 3594 3825 3705
f 3602 3891 3773
f 3954 3770 3889
f 3890 3955 3833
f 3781 3956 3831
f 3829 3957 3893
f 3836 3956 3781
f 3954 3834 3770
f 3713 3714 3958
f 3780 3959 3836
f 3897 3960 3778
f 3778 3960 3961
f 3779 3898 3712
f 3783 3962 3535
f 3961 3837 3778
f 3780 3899 3959
f 3661 3963 3782
f 3838 3964 3899
f 3715 3902 3663
f 3661 3717 3963
f 3660 3898 3718
f 3719 3718 3965
f 3966 3722 3606
f 3967 3541 3788
f 3841 3541 3967
f 3543 3664 3903
f 3722 3968 3724
f 3665 3969 3201
f 3907 3610 3841
f 3665 3545 3792
f 3848 3844 3970
f 3910 3614 3847
f 3849 3848 3970
f 3548 3669 3913
f 3971 3729 3850
f 3851 3972 3622
f 3972 3796 3622
f 3973 3795 3481
f 3973 3481 3918
f 3918 3481 3740
f 3735 3916 3974
f 3484 3919 3918
f 3735 3974 3854
f 3673 3975 3853
f 3673 3920 3975
f 3976 3977 3854
f 3977 3737 3854
f 3672 3737 3977
f 3921 3741 3856
f 3555 3923 3105
f 3627 3859 3978
f 3742 3860 3679
f 3743 3924 3859
f 3744 3862 3861
f 3864 3681 3927
f 3683 3867 3496
f 3930 3929 3495
f 3931 3685 3932
f 3979 3868 3746
f 3493 3980 3635
f 3493 3748 3980
f 3981 3869 3810
f 3809 3933 3982
f 3871 3870 3983
f 3983 3870 3984
f 3982 3811 3809
f 3934 3984 3870
f 3935 3811 3982
f 3935 3985 3687
f 3986 3934 3872
f 3937 3816 3874
f 3985 3812 3687
f 3872 3938 3986
f 3987 3692 3693
f 3693 3939 3987
f 3988 3688 3812
f 3989 3818 3875
f 3648 3990 3939
f 3688 3988 3940
f 3817 3990 3648
f 3815 3991 3873
f 3989 3943 3818
f 3940 3992 3756
f 3815 3942 3991
f 3943 3993 3877
f 3695 3820 3941
f 3690 3878 3876
f 3761 3880 3994
f 3822 3756 3995
f 3944 3757 3882
f 3882 3697 3881
f 3996 3877 3997
f 3521 3885 3524
f 3996 3945 3877
f 3885 3998 3654
f 3998 3946 3654
f 3700 3884 3699
f 3824 3999 3887
f 3826 4000 3657
f 3886 4001 3948
f 3886 4002 4001
f 3760 3950 3949
f 3649 3765 3950
f 4003 4004 3887
f 4002 3886 3951
f 3887 4004 3889
f 3702 4005 3765
f 3890 4006 3955
f 3953 3831 3956
f 3705 3825 4007
f 3829 3768 3888
f 3705 4008 3832
f 4007 4008 3705
f 3836 4009 3956
f 3771 3892 4010
f 4011 3833 3955
f 3959 4009 3836
f 4012 3834 3954
f 3833 4011 3897
f 3835 3834 4012
f 4012 4013 3835
f 3835 4013 3895
f 3894 3779 3775
f 4011 3960 3897
f 3782 4014 3599
f 3535 4015 3714
f 3962 4015 3535
f 4016 3715 3896
f 4016 3896 4017
f 3961 4018 3837
f 4016 3902 3715
f 3716 3306 3839
f 3837 4018 4019
f 4019 3964 3837
f 3837 3964 3838
f 4020 3963 3717
f 3718 3898 4021
f 3718 4021 3965
f 3717 3786 4020
f 3787 4022 3662
f 4023 4020 3786
f 3966 3606 3900
f 3786 3840 4023
f 3842 4024 4023
f 3842 4023 3840
f 3607 3719 4025
f 3725 4026 4024
f 3725 4024 3842
f 3723 3904 3608
f 3725 3906 4026
f 3968 3905 3724
f 3611 4027 3790
f 3728 4027 3611
f 3904 3909 3726
f 3971 4027 3728
f 3970 3844 3907
f 3793 4028 3843
f 3729 3971 3728
f 3791 3727 4029
f 3849 3970 3911
f 3911 4030 3846
f 3845 4029 3727
f 3669 3909 4031
f 4032 3847 3912
f 3908 4033 3733
f 4034 3736 3733
f 3916 3915 4035
f 3734 4036 3794
f 4037 3674 3736
f 3974 4038 3854
f 4039 3975 3920
f 3738 3672 4040
f 4041 3675 4042
f 4041 3855 3675
f 4038 3976 3854
f 4043 4040 3672
f 3797 4044 3798
f 3857 4042 3675
f 4043 3672 3977
f 3920 3627 3978
f 4045 3630 3377
f 4046 3800 3860
f 3800 4047 3629
f 3802 3801 4048
f 3863 3803 3926
f 3864 3927 4049
f 4050 3747 3805
f 3931 4051 3806
f 4052 3746 3866
f 3932 3749 4053
f 3869 4053 3749
f 3748 3868 3980
f 3635 4054 3808
f 3635 3980 4054
f 3981 3810 4055
f 4055 3810 3871
f 3808 4054 3933
f 3984 4056 3983
f 3984 4057 4056
f 3984 3934 4057
f 3934 4058 4057
f 4059 4057 4058
f 3813 4060 3874
f 3753 4060 3813
f 3753 4061 4060
f 3936 4061 3753
f 3934 3986 4058
f 4062 3875 3937
f 3989 4062 4063
f 4062 3989 3875
f 3814 3692 3987
f 4064 3943 4063
f 3943 3989 4063
f 3941 4065 3817
f 3997 3877 3993
f 3994 4066 3761
f 3761 4066 3763
f 3822 4067 3521
f 3995 4067 3822
f 3884 3881 3762
f 3763 3999 3824
f 4068 3883 3948
f 4067 3885 3521
f 3700 4069 3884
f 3999 4003 3887
f 4001 4003 3948
f 4004 4003 4001
f 3890 3830 3952
f 3888 3945 4070
f 4005 3702 3828
f 3829 3888 4071
f 3771 4010 3951
f 4017 3774 3832
f 4008 4017 3832
f 3599 4014 3828
f 3659 4072 3709
f 3713 4072 3659
f 3892 4073 4010
f 4017 3896 3774
f 3893 3957 4074
f 3895 4073 3892
f 4075 3895 4013
f 4015 3958 3714
f 3782 4076 4014
f 3959 4077 4078
f 3898 3779 4079
f 4080 4076 3963
f 3963 4076 3782
f 3899 4077 3959
f 4081 4018 3961
f 4082 3783 3721
f 4081 4083 4018
f 4077 3899 3964
f 4084 3839 3662
f 4019 4018 4083
f 3903 3721 3720
f 4085 3787 3789
f 3901 4086 3788
f 4086 3967 3788
f 3719 4087 4025
f 4025 3723 3607
f 3664 4088 3903
f 4089 3841 3967
f 4026 4090 4024
f 4091 4088 3664
f 3790 4091 3664
f 3906 4092 4026
f 4093 3907 3841
f 3841 4089 4093
f 3843 4092 3906
f 3843 4094 4092
f 4094 3843 4028
f 4095 3665 3792
f 4096 3970 3907
f 3793 4097 4028
f 3792 3791 4098
f 4096 3911 3970
f 4096 4030 3911
f 4097 3846 4030
f 3846 4097 3793
f 3910 3847 4032
f 4031 3913 3669
f 4034 3733 4033
f 4099 3912 3795
f 4100 3851 3913
f 4099 3795 3973
f 3919 4101 3918
f 3916 4035 3974
f 3738 4036 3734
f 4102 3625 3921
f 3625 4102 3919
f 4040 4036 3738
f 3976 4103 3977
f 3976 4104 4103
f 3677 3678 4105
f 4045 3377 3923
f 4106 3631 3630
f 3629 4047 4048
f 3629 4048 3801
f 3861 3862 4107
f 3862 3865 4108
f 3864 4049 3865
f 4050 3928 3747
f 3805 4109 4050
f 3806 4109 3805
f 4051 4109 3806
f 4110 3867 3683
f 3683 3928 4110
f 4111 3682 3867
f 3929 4052 3866
f 3682 4112 3804
f 3869 4113 4053
f 4114 3980 3868
f 4115 4055 3871
f 3983 4115 3871
f 4056 4057 4116
f 3982 4117 3935
f 3985 3935 4117
f 3937 4118 4062
f 4118 3937 3874
f 4057 4119 4116
f 4057 4059 4119
f 4064 4063 4120
f 4120 4063 4062
f 4059 4058 4121
f 4122 4058 3986
f 4119 4059 4064
f 4058 4122 4121
f 3938 4123 3986
f 3986 4123 4122
f 4059 4124 4064
f 3938 4125 4123
f 4064 4124 3943
f 3988 4126 3940
f 3940 4126 3992
f 3991 4125 3873
f 4125 3938 3873
f 4124 3993 3943
f 3992 4127 3756
f 3942 3876 4128
f 3876 3878 4128
f 3821 3883 4068
f 3756 4127 3995
f 4129 3819 4130
f 4129 3878 3819
f 3944 4130 3819
f 4131 3767 3657
f 4000 4131 3657
f 4066 4132 3763
f 4132 3999 3763
f 4067 4133 3885
f 4134 3998 3885
f 3766 4135 3947
f 4069 3700 3947
f 3952 3953 4132
f 4132 4136 3999
f 4137 3890 3952
f 3890 4137 4006
f 4138 4004 4001
f 4138 4001 4002
f 4138 3889 4004
f 3949 4139 3825
f 4139 3949 3950
f 4005 3950 3765
f 4070 4071 3888
f 3828 4140 4005
f 4141 3954 3889
f 3709 4142 3891
f 4143 4011 3955
f 4010 4144 3951
f 3829 4071 3957
f 4012 3954 4141
f 4145 3828 4014
f 3959 4078 4009
f 4075 4073 3895
f 3893 4074 3894
f 3894 4074 4146
f 3960 4011 4147
f 4076 4145 4014
f 3779 3894 4146
f 3961 4148 4081
f 3960 4148 3961
f 3779 4146 4079
f 4017 4149 4016
f 4150 4151 4081
f 4151 4152 4083
f 4151 4083 4081
f 4016 4149 4153
f 4154 3716 3839
f 4077 3964 4155
f 3963 4020 4080
f 4156 4021 3898
f 4016 4153 3902
f 4157 3902 4153
f 3902 4158 3901
f 3901 4158 4086
f 4024 4090 4023
f 3966 4159 3722
f 4025 4160 3723
f 4161 3968 3722
f 4160 3904 3723
f 4089 4162 4093
f 3968 4163 3905
f 4096 3907 4093
f 3971 4164 4027
f 3792 4098 4095
f 4165 4098 3791
f 3791 4029 4165
f 4166 4165 4029
f 3845 4167 4029
f 3910 4167 3845
f 4166 4029 4167
f 3850 4168 3971
f 3852 4169 3850
f 3853 4169 3852
f 4099 3973 4170
f 4170 3973 3918
f 4171 4037 3736
f 3918 4101 4170
f 3914 4172 3915
f 4172 3914 4173
f 3914 4036 4173
f 3794 4036 3914
f 4037 3430 3674
f 4042 4174 4041
f 3855 4041 4175
f 3855 4175 3856
f 3856 4176 3921
f 3430 4037 3555
f 3798 4044 3799
f 4039 3920 4177
f 4178 3977 4103
f 4178 4043 3977
f 4044 4179 3799
f 3555 4180 3923
f 4179 3922 3799
f 3978 4177 3920
f 3858 4181 3742
f 3742 4181 3860
f 4045 4182 3630
f 4181 4046 3860
f 4046 4183 3800
f 2729 3561 3218
f 3861 4184 3924
f 4184 3861 4107
f 3802 4048 4185
f 4107 3862 4108
f 4186 3927 3863
f 4187 3927 4186
f 3865 4188 4108
f 4188 3865 4049
f 4049 3927 4187
f 4189 4051 3931
f 4112 3930 3804
f 4111 4112 3682
f 4052 3929 4190
f 3746 4052 3979
f 3869 3981 4191
f 4192 4054 3980
f 3983 4193 4115
f 3983 4056 4193
f 3933 4054 3982
f 4194 3982 4054
f 4117 3982 4194
f 4056 4116 4195
f 4118 3874 4196
f 4196 3874 4060
f 4120 4062 4197
f 4197 4062 4198
f 4198 4062 4118
f 4116 4119 4064
f 4116 4064 4120
f 4199 3936 3814
f 4199 3814 3987
f 3812 3985 4200
f 3990 3817 4065
f 4059 4121 4124
f 4124 4121 4201
f 4202 4065 3941
f 3820 4202 3941
f 4202 3820 4203
f 4203 3820 3879
f 4124 4201 3993
f 4204 3880 3821
f 4205 3942 4128
f 3942 4205 3991
f 4206 3993 4201
f 3993 4206 3997
f 4068 4204 3821
f 3767 4131 3879
f 3878 4129 4128
f 4206 3996 3997
f 4137 3952 4066
f 4066 3952 4132
f 3948 4207 4068
f 3884 4208 3881
f 4207 4003 4209
f 4003 4207 3948
f 4210 4135 3766
f 4136 4209 3999
f 4003 3999 4209
f 4132 4211 4136
f 4132 3953 4211
f 3945 3996 4212
f 4213 3945 4212
f 4214 3826 3827
f 4213 4070 3945
f 3956 4215 3953
f 4009 4215 3956
f 4140 4139 3950
f 4005 4140 3950
f 3891 4142 3773
f 4216 4002 3951
f 4007 3825 4139
f 4138 4141 3889
f 4144 4216 3951
f 4217 3709 4072
f 4140 3828 4145
f 4218 4009 4219
f 4220 4008 4007
f 4221 4008 4220
f 4222 4072 3713
f 4078 4219 4009
f 4008 4221 4017
f 4223 4074 3957
f 4076 4224 4145
f 4221 4149 4017
f 4080 4224 4076
f 4150 4225 4151
f 4226 4149 4221
f 4082 3962 3783
f 4079 4227 3898
f 4149 4228 4153
f 4020 4229 4080
f 3898 4227 4156
f 4083 4152 4230
f 4019 4231 3964
f 4231 4155 3964
f 3903 4232 3721
f 4022 4084 3662
f 4083 4230 4019
f 4230 4231 4019
f 4023 4229 4020
f 4023 4233 4229
f 4090 4233 4023
f 3902 4157 4158
f 4153 4228 4157
f 3965 4087 3719
f 4234 4158 4157
f 4026 4235 4090
f 4236 4086 4158
f 4236 4158 4234
f 3967 4086 4162
f 4026 4157 4235
f 4161 3722 4159
f 4162 4089 3967
f 4234 4157 4092
f 4092 4157 4026
f 3201 3969 3789
f 4237 4234 4094
f 4094 4234 4092
f 4027 4091 3790
f 4094 4028 4237
f 4028 4238 4237
f 4095 3969 3665
f 4097 4238 4028
f 3905 4163 3908
f 3904 4239 3909
f 4030 4096 4238
f 4030 4238 4097
f 4239 4031 3909
f 4168 4164 3971
f 3910 4032 4167
f 4100 3913 4031
f 4032 3912 4240
f 3912 4099 4240
f 4034 4171 3736
f 3975 4241 3853
f 4102 4101 3919
f 4176 3856 4242
f 4041 4174 4243
f 4041 4243 4175
f 4175 4242 3856
f 3921 4176 4102
f 3974 4035 4244
f 4245 3739 3917
f 4244 4038 3974
f 4173 4036 4040
f 4246 4247 4038
f 4247 3976 4038
f 4247 4104 3976
f 4248 4178 4103
f 4249 4177 3978
f 4104 4250 4103
f 4182 4106 3630
f 4183 4047 3800
f 4251 3924 4184
f 4185 3925 3802
f 3925 4252 3926
f 4253 4110 3928
f 4254 3931 3932
f 4254 4189 3931
f 4110 4111 3867
f 4255 3932 4053
f 4256 3929 3930
f 4191 4113 3869
f 4191 3981 4055
f 3980 4114 4192
f 4193 4056 4195
f 4195 4116 4197
f 4197 4116 4120
f 3936 4257 4061
f 4199 4257 3936
f 3939 3990 4258
f 4122 4259 4121
f 4125 4260 4123
f 4261 3992 4126
f 3991 4260 4125
f 4261 4127 3992
f 4127 4262 3995
f 4067 3995 4262
f 3881 4263 3882
f 3946 4210 3766
f 4211 4209 4136
f 4212 3996 4206
f 3953 4215 4211
f 3773 4214 3827
f 4143 3955 4264
f 4009 4218 4215
f 4002 4216 4138
f 4217 4142 3709
f 4138 4216 4141
f 4265 4007 4139
f 4265 4139 4140
f 4266 4265 4140
f 4265 4266 4007
f 4012 4141 4267
f 4144 4073 4075
f 4010 4073 4144
f 4220 4007 4266
f 4140 4145 4266
f 4268 4147 4011
f 3958 4222 3713
f 4013 4012 4267
f 4075 4013 4267
f 4269 3958 4015
f 4078 4270 4219
f 4224 4266 4145
f 3960 4147 4271
f 4148 3960 4271
f 4225 4150 4272
f 4272 4150 4081
f 4081 4148 4272
f 4078 4077 4273
f 4080 4274 4224
f 4225 4275 4151
f 4275 4152 4151
f 4276 4149 4226
f 4077 4155 4273
f 4277 4082 3721
f 4149 4276 4228
f 4278 3784 3716
f 4084 4154 3839
f 4233 4279 4229
f 4233 4276 4279
f 3785 3784 4280
f 4235 4228 4276
f 4235 4276 4233
f 4090 4235 4233
f 4021 4281 3965
f 4022 3787 4085
f 4235 4157 4228
f 4281 4087 3965
f 4159 3966 3900
f 4088 4232 3903
f 4086 4282 4162
f 4282 4086 4236
f 4237 4236 4234
f 4027 4283 4091
f 4093 4162 4284
f 4238 4284 4237
f 4164 4283 4027
f 4284 4096 4093
f 4284 4238 4096
f 4285 4239 3904
f 4165 4286 4098
f 3850 4169 4168
f 4167 4032 4240
f 4100 4287 3851
f 3853 4241 4169
f 4039 4241 3975
f 3972 4288 3796
f 3917 3796 4288
f 4102 4289 4101
f 4290 4035 3915
f 4290 4244 4035
f 4042 4291 4174
f 4040 4292 4173
f 4245 3797 3739
f 4246 4038 4244
f 4043 4292 4040
f 4293 4292 4043
f 4293 4043 4178
f 4105 4294 3677
f 4295 4104 4247
f 4295 4250 4104
f 4103 4250 4248
f 3859 4296 3978
f 4297 4183 4046
f 3924 4251 3859
f 4298 3632 3631
f 4107 4299 4184
f 4186 3863 3926
f 4107 4108 4300
f 4188 4301 4108
f 4302 4188 4049
f 4256 4190 3929
f 4112 4256 3930
f 4303 3868 3979
f 4115 4304 4055
f 4305 4192 4114
f 4193 4195 4306
f 4192 4194 4054
f 4307 4195 4197
f 4308 4117 4194
f 4198 4309 4197
f 4310 3987 3939
f 3939 4258 4310
f 4126 3988 4311
f 4312 4122 4123
f 4201 4121 4259
f 4313 4123 4260
f 4259 4314 4201
f 4315 3994 3880
f 4204 4315 3880
f 4131 4316 3879
f 3994 4315 4066
f 4317 4137 4066
f 4318 4128 4129
f 4128 4318 4319
f 4128 4319 4205
f 4320 4131 4000
f 4129 4321 4318
f 4263 3881 4208
f 3882 4263 4322
f 3882 4322 3944
f 4323 4320 4000
f 3885 4133 4134
f 4134 4324 3998
f 4325 4324 4134
f 4324 4326 3998
f 3998 4326 3946
f 4326 4210 3946
f 3826 4323 4000
f 4327 4323 3826
f 4328 4209 4211
f 4264 3955 4006
f 4327 3826 4214
f 4215 4328 4211
f 4329 4143 4264
f 4142 4214 3773
f 4330 4215 4218
f 4070 4331 4071
f 4332 4143 4333
f 4141 4216 4334
f 4332 4011 4143
f 4267 4141 4334
f 4216 4144 4334
f 4075 4334 4144
f 4071 4335 3957
f 4332 4268 4011
f 4267 4334 4075
f 3957 4335 4223
f 4224 4220 4266
f 4224 4274 4220
f 4279 4221 4220
f 4279 4220 4274
f 4271 4147 4268
f 4146 4074 4336
f 4271 4272 4148
f 4270 4078 4273
f 4226 4221 4279
f 4337 4275 4338
f 4338 4275 4225
f 4229 4279 4274
f 4229 4274 4080
f 4336 4079 4146
f 4337 4339 4275
f 4276 4226 4279
f 4339 4152 4275
f 4340 4273 4155
f 4278 3716 4154
f 4152 4341 4230
f 4231 4340 4155
f 4277 3721 4232
f 4341 4342 4230
f 4230 4342 4231
f 4088 4343 4232
f 4088 4091 4344
f 4345 4346 4025
f 4160 4025 4346
f 4284 4282 4236
f 4162 4282 4284
f 4237 4284 4236
f 4160 4285 3904
f 4095 4098 4347
f 4348 4347 4098
f 4286 4348 4098
f 3908 4349 4033
f 4286 4165 4166
f 4286 4166 4350
f 4351 4166 4167
f 4167 4240 4351
f 4350 4166 4351
f 4170 4240 4099
f 4289 4352 4170
f 4039 4353 4241
f 4101 4289 4170
f 4243 4354 4175
f 4175 4354 4242
f 4176 4242 4289
f 4176 4289 4102
f 4290 3915 4172
f 4177 4355 4039
f 4037 4180 3555
f 4246 4244 4356
f 4357 4177 4249
f 3923 4180 4045
f 3677 4294 3857
f 4247 4246 4295
f 4179 4358 3922
f 3858 3922 4358
f 4295 4359 4250
f 4296 4249 3978
f 3859 4251 4296
f 3218 4360 3435
f 3218 3561 4360
f 3219 4361 3221
f 3221 4361 3220
f 3220 4362 2925
f 4363 4185 4048
f 4185 4252 3925
f 4108 4301 4300
f 4364 4187 4186
f 4365 4253 3928
f 4255 4254 3932
f 4113 4191 4366
f 3979 4052 4367
f 4367 4052 4190
f 4367 4368 3979
f 4368 4303 3979
f 4114 3868 4303
f 4305 4114 4303
f 4369 4306 4195
f 4369 4195 4307
f 4307 4197 4370
f 4370 4197 4309
f 4198 4371 4309
f 4118 4371 4198
f 4372 4373 4060
f 4061 4372 4060
f 4308 4374 4117
f 4061 4257 4372
f 4310 4199 3987
f 3812 4375 3988
f 4259 4122 4312
f 4316 4203 3879
f 4314 4259 4376
f 4377 4261 4126
f 4315 4317 4066
f 4378 4315 4204
f 4378 4204 4068
f 4379 4201 4314
f 4320 4380 4131
f 4317 4381 4137
f 4207 4382 4068
f 4206 4201 4379
f 3944 4383 4130
f 4129 4130 4384
f 4384 4321 4129
f 4381 4006 4137
f 4209 4382 4207
f 4210 4385 4135
f 4069 4208 3884
f 4381 4264 4006
f 4330 4328 4215
f 4386 4143 4329
f 4333 4143 4386
f 4330 4218 4387
f 4142 4217 4388
f 4332 4333 4389
f 4387 4389 4333
f 4389 4387 4218
f 4331 4335 4071
f 4219 4389 4218
f 4389 4219 4390
f 4270 4390 4219
f 4339 4341 4152
f 4340 4231 4391
f 4278 4392 3784
f 4280 3784 4392
f 3785 4280 3900
f 4085 4393 4022
f 4344 4343 4088
f 4394 4161 4159
f 4346 4395 4160
f 4395 4285 4160
f 3908 4163 4349
f 4396 4286 4350
f 4350 4397 4396
f 4397 4350 4398
f 4398 4350 4352
f 4352 4350 4351
f 4352 4351 4240
f 4170 4352 4240
f 4287 3972 3851
f 4354 4397 4398
f 4289 4398 4352
f 4354 4398 4242
f 4242 4398 4289
f 4039 4355 4353
f 4288 4399 3917
f 4174 4291 4243
f 4400 4290 4172
f 4173 4400 4172
f 4401 4244 4290
f 4402 4400 4173
f 4403 4180 4037
f 4292 4402 4173
f 4404 4292 4293
f 4246 4356 4295
f 4405 4404 4293
f 4178 4405 4293
f 3858 4358 4406
f 4359 4295 4407
f 3858 4408 4181
f 4250 4409 4248
f 4409 4178 4248
f 4410 4182 4045
f 4359 4409 4250
f 4298 4411 3632
f 3632 4411 4412
f 4183 4413 4047
f 4362 3220 4361
f 2925 4414 3561
f 4363 4048 4047
f 3926 4252 4415
f 4299 4107 4300
f 4300 4301 4416
f 4302 4049 4187
f 4050 4365 3928
f 4417 4050 4109
f 4109 4418 4417
f 4418 4109 4051
f 4419 4051 4189
f 4419 4418 4051
f 4253 4111 4110
f 4420 4255 4053
f 4113 4420 4053
f 4421 4256 4112
f 4366 4191 4304
f 4055 4304 4191
f 4115 4422 4304
f 4423 4115 4193
f 4193 4306 4423
f 4194 4192 4308
f 4118 4424 4371
f 4196 4424 4118
f 4373 4196 4060
f 4117 4200 3985
f 4425 4258 3990
f 4425 3990 4065
f 4426 4425 4065
f 4375 3812 4200
f 4426 4065 4202
f 4375 4311 3988
f 4313 4312 4123
f 4312 4376 4259
f 4427 4314 4376
f 4380 4316 4131
f 4127 4261 4428
f 4319 4429 4205
f 4322 4383 3944
f 4383 4430 4130
f 4430 4384 4130
f 4067 4262 4431
f 4431 4133 4067
f 4134 4432 4325
f 3947 4433 4069
f 3947 4135 4433
f 4209 4328 4382
f 4206 4379 4434
f 4434 4212 4206
f 4213 4331 4070
f 4333 4386 4387
f 4072 4435 4217
f 4072 4222 4435
f 4269 4222 3958
f 4436 4268 4332
f 4436 4332 4389
f 4436 4389 4390
f 4437 4015 3962
f 4438 4338 4225
f 4439 4225 4272
f 4439 4438 4225
f 4439 4272 4271
f 4440 4271 4268
f 4440 4268 4436
f 4270 4273 4390
f 4436 4390 4273
f 4082 4437 3962
f 4441 4339 4337
f 4079 4442 4227
f 4341 4339 4443
f 4442 4444 4227
f 4444 4156 4227
f 4445 4277 4232
f 4341 4443 4342
f 4446 4391 4231
f 4231 4342 4446
f 4343 4445 4232
f 4281 4447 4087
f 4025 4447 4345
f 4087 4447 4025
f 4344 4091 4448
f 4394 3968 4161
f 3789 3969 4449
f 4347 3969 4095
f 4239 4450 4031
f 4286 4396 4348
f 4031 4450 4100
f 4451 4168 4169
f 4452 4451 4169
f 4453 4034 4033
f 4454 4287 4100
f 4169 4241 4452
f 4396 4397 4455
f 4354 4455 4397
f 4354 4243 4455
f 3917 4456 4245
f 4399 4456 3917
f 4401 4290 4400
f 4245 4457 3797
f 4458 4244 4401
f 3797 4457 4044
f 4356 4244 4458
f 4042 4459 4291
f 4357 4355 4177
f 4460 4459 4042
f 3857 4460 4042
f 4402 4292 4404
f 4294 4460 3857
f 4356 4461 4462
f 4462 4295 4356
f 4407 4295 4462
f 4406 4408 3858
f 4463 4359 4407
f 4464 4178 4409
f 4178 4464 4405
f 4182 4410 4465
f 4359 4466 4409
f 4181 4467 4046
f 4046 4467 4297
f 4106 4298 3631
f 4185 4363 4468
f 3926 4415 4186
f 4469 4186 4415
f 4299 4300 4470
f 4186 4469 4364
f 4300 4416 4470
f 4187 4364 4471
f 4187 4471 4302
f 4188 4472 4301
f 4473 4365 4050
f 4254 4419 4189
f 4474 4190 4256
f 4115 4423 4422
f 4475 4192 4305
f 4476 4370 4309
f 4371 4476 4309
f 4424 4196 4373
f 4199 4477 4257
f 4477 4199 4310
f 4311 4377 4126
f 4317 4315 4478
f 4260 4479 4313
f 4205 4429 3991
f 3991 4429 4260
f 4478 4381 4317
f 4379 4314 4427
f 4382 4378 4068
f 4262 4127 4428
f 4326 4480 4210
f 4480 4385 4210
f 4318 4481 4319
f 4133 4432 4134
f 4433 4482 4069
f 4483 4264 4381
f 4329 4264 4483
f 4328 4484 4382
f 4214 4485 4327
f 4330 4484 4328
f 4212 4434 4213
f 4486 4214 4142
f 4434 4487 4213
f 4142 4388 4486
f 4388 4217 4435
f 4335 4488 4223
f 4488 4074 4223
f 4489 4337 4338
f 4490 4439 4271
f 4490 4271 4440
f 4337 4489 4441
f 4491 4436 4273
f 4340 4491 4273
f 4079 4336 4442
f 4441 4492 4339
f 4493 4443 4339
f 4391 4491 4340
f 4443 4494 4342
f 4494 4446 4342
f 4495 4021 4156
f 4084 4022 4393
f 4495 4281 4021
f 4496 3900 4280
f 4283 4448 4091
f 4497 4283 4164
f 4168 4497 4164
f 4100 4450 4454
f 4034 4453 4171
f 4455 4498 4396
f 4353 4452 4241
f 4287 4499 3972
f 3972 4499 4288
f 4291 4500 4243
f 4245 4456 4457
f 4045 4180 4501
f 4502 4463 4407
f 4463 4466 4359
f 4409 4503 4464
f 4408 4467 4181
f 4105 3678 3628
f 4297 4504 4183
f 4504 4413 4183
f 4413 4363 4047
f 4251 4184 4505
f 4184 4299 4505
f 4299 4506 4505
f 4299 4470 4506
f 4301 4472 4416
f 4188 4302 4472
f 4507 4508 4254
f 4254 4255 4507
f 4509 4507 4255
f 4420 4509 4255
f 4421 4112 4111
f 4510 4190 4474
f 4510 4511 4367
f 4510 4367 4190
f 4368 4367 4511
f 4423 4306 4512
f 4306 4369 4512
f 4369 4307 4513
f 4192 4475 4514
f 4514 4308 4192
f 4515 4373 4372
f 4200 4117 4516
f 4425 4517 4258
f 4375 4200 4518
f 4375 4518 4311
f 4313 4519 4312
f 4519 4313 4520
f 4376 4312 4519
f 4315 4521 4478
f 4315 4378 4521
f 4313 4479 4520
f 4479 4260 4429
f 4428 4522 4262
f 4324 4523 4326
f 4523 4480 4326
f 4318 4321 4481
f 4427 4524 4379
f 4522 4431 4262
f 4385 4433 4135
f 4322 4263 4525
f 4526 4430 4383
f 4327 4527 4323
f 4524 4434 4379
f 4528 4386 4329
f 4529 4387 4386
f 4387 4529 4330
f 4213 4487 4331
f 4530 4435 4222
f 4437 4269 4015
f 4438 4531 4338
f 4488 4532 4074
f 4533 4438 4534
f 4534 4438 4439
f 4534 4439 4490
f 4336 4074 4532
f 4491 4440 4436
f 4535 4440 4491
f 4492 4493 4339
f 4536 4494 4443
f 4491 4391 4446
f 4156 4444 4495
f 4154 4084 4537
f 4537 4084 4393
f 4281 4495 4538
f 3900 4496 4159
f 4539 4159 4496
f 4539 4394 4159
f 4449 3969 4540
f 4394 4541 3968
f 4541 4163 3968
f 4285 4542 4239
f 4163 4541 4349
f 4453 4033 4349
f 4348 4396 4543
f 4396 4498 4543
f 4455 4544 4498
f 4545 4499 4287
f 4455 4500 4544
f 4455 4243 4500
f 4171 4546 4037
f 4546 4403 4037
f 4458 4401 4547
f 4547 4356 4458
f 4548 4400 4404
f 4402 4404 4400
f 4461 4356 4547
f 4044 4549 4179
f 4549 4358 4179
f 4410 4045 4501
f 4462 4502 4407
f 4409 4466 4503
f 3274 4550 3628
f 4551 4504 4297
f 4552 4505 4506
f 4469 4553 4364
f 4302 4471 4554
f 4050 4417 4473
f 4555 4417 4418
f 4508 4419 4254
f 4113 4366 4420
f 4556 4366 4304
f 4422 4556 4304
f 4557 4256 4421
f 4423 4558 4422
f 4513 4307 4370
f 4308 4514 4559
f 4374 4308 4559
f 4560 4515 4372
f 4257 4561 4372
f 4257 4477 4562
f 4516 4117 4374
f 4258 4517 4310
f 4563 4203 4316
f 4564 4563 4316
f 4316 4380 4564
f 4483 4478 4521
f 4378 4565 4521
f 4566 4427 4376
f 4483 4381 4478
f 4567 4568 4325
f 4568 4324 4325
f 4569 4320 4323
f 4382 4570 4378
f 4432 4567 4325
f 4480 4571 4385
f 4527 4569 4323
f 4322 4525 4383
f 4484 4570 4382
f 4330 4529 4484
f 4486 4485 4214
f 4386 4528 4529
f 4572 4530 4222
f 4572 4222 4269
f 4437 4082 4573
f 4532 4574 4336
f 4575 4534 4490
f 4575 4490 4535
f 4535 4490 4440
f 4336 4574 4442
f 4277 4573 4082
f 4494 4536 4575
f 4494 4575 4535
f 4494 4535 4446
f 4446 4535 4491
f 4576 4445 4343
f 4344 4576 4343
f 4281 4538 4447
f 4449 4085 3789
f 4395 4577 4285
f 4283 4497 4578
f 4347 4540 3969
f 4577 4542 4285
f 4347 4348 4579
f 4542 4450 4239
f 4291 4459 4500
f 4400 4548 4401
f 4548 4547 4401
f 4405 4548 4404
f 4548 4405 4580
f 4405 4464 4580
f 4502 4581 4463
f 4182 4582 4106
f 4467 4551 4297
f 4296 4251 4505
f 3632 4412 3219
f 4583 4506 4470
f 4584 4506 4583
f 4470 4416 4585
f 4418 4586 4555
f 4586 4418 4419
f 4587 4253 4365
f 4253 4588 4111
f 4588 4421 4111
f 4557 4474 4256
f 4303 4368 4589
f 4512 4369 4590
f 4590 4369 4513
f 4515 4424 4373
f 4561 4560 4372
f 4200 4516 4518
f 4591 4425 4426
f 4202 4591 4426
f 4592 4591 4202
f 4202 4203 4592
f 4563 4592 4203
f 4569 4380 4320
f 4593 4428 4261
f 4429 4594 4479
f 4376 4519 4566
f 4428 4593 4522
f 4523 4595 4480
f 4596 4594 4429
f 4378 4570 4565
f 4429 4319 4597
f 4429 4597 4596
f 4598 4432 4133
f 4069 4482 4208
f 4482 4263 4208
f 4526 4599 4430
f 4430 4599 4384
f 4599 4321 4384
f 4599 4481 4321
f 4481 4597 4319
f 4133 4431 4598
f 4600 4329 4483
f 4484 4601 4570
f 4600 4528 4329
f 4529 4528 4600
f 4434 4524 4602
f 4529 4601 4484
f 4486 4388 4603
f 4487 4335 4331
f 4335 4604 4488
f 4531 4605 4338
f 4605 4489 4338
f 4573 4606 4437
f 4534 4607 4533
f 4575 4607 4534
f 4441 4608 4492
f 4536 4607 4575
f 4392 4609 4280
f 4610 4496 4280
f 4283 4611 4448
f 4578 4611 4283
f 4347 4579 4540
f 4168 4612 4497
f 4451 4612 4168
f 4348 4543 4579
f 4613 4454 4450
f 4287 4454 4614
f 4287 4614 4545
f 4544 4543 4498
f 4615 4452 4353
f 4616 4353 4355
f 4617 4180 4403
f 4547 4548 4618
f 4357 4619 4355
f 4618 4461 4547
f 4548 4620 4618
f 4406 4358 4621
f 4461 4622 4462
f 4620 4548 4580
f 4502 4462 4622
f 4581 4623 4463
f 4623 4466 4463
f 4503 4466 4624
f 4623 4625 4466
f 4466 4625 4624
f 4505 4626 4296
f 4413 4627 4363
f 4627 4468 4363
f 4468 4628 4185
f 4185 4628 4252
f 4552 4506 4629
f 4252 4628 4630
f 4630 4415 4252
f 4415 4631 4469
f 4470 4585 4583
f 4632 4302 4554
f 4416 4472 4633
f 4416 4633 4585
f 4302 4632 4472
f 4587 4588 4253
f 4556 4422 4634
f 4635 4558 4423
f 4510 4636 4511
f 4636 4510 4474
f 4512 4635 4423
f 4511 4589 4368
f 4637 4513 4370
f 4637 4370 4476
f 4476 4638 4637
f 4638 4476 4371
f 4475 4639 4514
f 4424 4640 4371
f 4424 4515 4640
f 4562 4561 4257
f 4641 4477 4310
f 4517 4641 4310
f 4642 4564 4380
f 4380 4569 4642
f 4520 4643 4519
f 4568 4644 4324
f 4324 4644 4523
f 4519 4643 4566
f 4480 4595 4571
f 4521 4565 4483
f 4645 4522 4593
f 4565 4600 4483
f 4646 4431 4522
f 4601 4565 4570
f 4647 4383 4525
f 4427 4566 4524
f 4601 4600 4565
f 4566 4648 4524
f 4529 4600 4601
f 4602 4649 4434
f 4434 4649 4487
f 4487 4649 4650
f 4435 4603 4388
f 4650 4335 4487
f 4530 4651 4435
f 4437 4652 4269
f 4653 4531 4438
f 4654 4489 4605
f 4653 4438 4533
f 4654 4441 4489
f 4608 4441 4654
f 4442 4574 4655
f 4536 4493 4656
f 4443 4493 4536
f 4277 4445 4657
f 4655 4444 4442
f 4658 4495 4444
f 4659 4278 4154
f 4345 4660 4346
f 4660 4395 4346
f 4661 4449 4540
f 4662 4541 4394
f 4612 4578 4497
f 4542 4613 4450
f 4613 4614 4454
f 4663 4453 4349
f 4453 4663 4546
f 4615 4664 4452
f 4546 4171 4453
f 4545 4665 4499
f 4500 4666 4544
f 4457 4549 4044
f 4617 4501 4180
f 4358 4549 4667
f 4621 4358 4667
f 4408 4406 4668
f 4408 4668 4467
f 4669 4581 4502
f 4624 4464 4503
f 4623 4581 4670
f 4249 4296 4626
f 4552 4671 4505
f 4506 4584 4629
f 4415 4630 4631
f 4631 4553 4469
f 4583 4672 4584
f 4364 4673 4471
f 4473 4587 4365
f 4674 4420 4366
f 4556 4634 4675
f 4634 4422 4558
f 4512 4590 4635
f 4303 4676 4305
f 4475 4305 4676
f 4640 4638 4371
f 4514 4639 4559
f 4560 4677 4515
f 4374 4678 4516
f 4679 4311 4518
f 4680 4311 4679
f 4311 4680 4377
f 4261 4377 4593
f 4479 4594 4520
f 4571 4681 4385
f 4681 4433 4385
f 4482 4682 4263
f 4527 4683 4569
f 4684 4598 4431
f 4647 4526 4383
f 4685 4527 4327
f 4327 4485 4685
f 4648 4602 4524
f 4485 4486 4686
f 4651 4603 4435
f 4335 4650 4604
f 4572 4269 4652
f 4606 4652 4437
f 4687 4532 4488
f 4688 4606 4573
f 4533 4607 4653
f 4573 4277 4657
f 4656 4689 4536
f 4607 4536 4689
f 4608 4690 4492
f 4655 4658 4444
f 4691 4576 4344
f 4280 4609 4610
f 4496 4610 4539
f 4447 4692 4345
f 4693 4692 4447
f 4694 4394 4539
f 4395 4660 4577
f 4540 4579 4695
f 4452 4664 4451
f 4579 4543 4696
f 4616 4615 4353
f 4500 4697 4666
f 4399 4698 4456
f 4698 4457 4456
f 4500 4459 4697
f 4355 4619 4616
f 4699 4501 4617
f 4700 4461 4701
f 4701 4461 4618
f 4701 4618 4620
f 4700 4702 4622
f 4700 4622 4461
f 4621 4668 4406
f 4410 4501 4703
f 4704 4620 4580
f 4502 4622 4705
f 4622 4702 4705
f 4464 4706 4580
f 4624 4706 4464
f 4581 4669 4670
f 4707 4623 4670
f 4625 4623 4707
f 4708 4249 4626
f 4582 4298 4106
f 3435 4709 3274
f 4360 4709 3435
f 4504 4627 4413
f 4671 4626 4505
f 4552 4629 4671
f 4710 4628 4468
f 4364 4553 4673
f 4554 4471 4711
f 4712 4585 4633
f 4472 4713 4633
f 4555 4714 4417
f 4714 4473 4417
f 4715 4508 4507
f 4674 4509 4420
f 4675 4366 4556
f 4716 4421 4588
f 4716 4557 4421
f 4558 4717 4634
f 4474 4718 4636
f 4511 4719 4589
f 4719 4511 4636
f 4513 4720 4590
f 4562 4477 4721
f 4721 4477 4641
f 4722 4517 4425
f 4723 4518 4516
f 4722 4425 4591
f 4642 4563 4564
f 4644 4724 4523
f 4594 4725 4520
f 4643 4726 4566
f 4681 4727 4433
f 4433 4727 4482
f 4727 4728 4482
f 4646 4684 4431
f 4682 4525 4263
f 4729 4647 4525
f 4597 4481 4730
f 4566 4731 4648
f 4732 4686 4486
f 4604 4687 4488
f 4733 4654 4605
f 4531 4733 4605
f 4734 4531 4653
f 4576 4657 4445
f 4735 4154 4537
f 4447 4538 4693
f 4085 4449 4661
f 4694 4662 4394
f 4577 4736 4542
f 4736 4613 4542
f 4543 4544 4737
f 4614 4738 4545
f 4738 4665 4545
f 4665 4288 4499
f 4399 4288 4739
f 4740 4698 4399
f 4741 4697 4459
f 4465 4410 4703
f 4465 4703 4742
f 4669 4502 4705
f 4705 4743 4669
f 4708 4357 4249
f 4743 4670 4669
f 4744 4706 4624
f 4744 4624 4625
f 4745 4708 4626
f 4670 4746 4707
f 4747 4625 4707
f 3274 4709 4550
f 4746 4747 4707
f 4671 4745 4626
f 4748 4671 4629
f 4627 4710 4468
f 4584 4749 4629
f 4749 4584 4672
f 4672 4583 4712
f 4712 4583 4585
f 4750 4632 4554
f 4472 4632 4713
f 4419 4751 4586
f 4508 4751 4419
f 4752 4587 4473
f 4507 4509 4715
f 4675 4674 4366
f 4753 4716 4588
f 4474 4557 4718
f 4636 4754 4719
f 4718 4754 4636
f 4755 4589 4719
f 4637 4720 4513
f 4676 4303 4589
f 4640 4756 4638
f 4757 4475 4676
f 4639 4475 4757
f 4677 4640 4515
f 4639 4758 4559
f 4759 4722 4591
f 4518 4723 4679
f 4592 4760 4591
f 4644 4568 4761
f 4761 4724 4644
f 4377 4762 4593
f 4523 4724 4595
f 4683 4642 4569
f 4567 4432 4598
f 4645 4763 4522
f 4763 4646 4522
f 4728 4682 4482
f 4566 4726 4731
f 4764 4525 4682
f 4765 4481 4599
f 4685 4485 4686
f 4648 4649 4602
f 4603 4732 4486
f 4766 4530 4572
f 4652 4766 4572
f 4767 4687 4604
f 4734 4733 4531
f 4653 4689 4734
f 4654 4768 4608
f 4607 4689 4653
f 4532 4769 4574
f 4608 4768 4770
f 4769 4655 4574
f 4770 4690 4608
f 4690 4771 4492
f 4492 4771 4493
f 4771 4656 4493
f 4772 4392 4278
f 4448 4691 4344
f 4692 4660 4345
f 4773 4612 4451
f 4451 4664 4773
f 4696 4543 4737
f 4544 4774 4737
f 4775 4615 4616
f 4774 4544 4666
f 4665 4739 4288
f 4740 4399 4739
f 4546 4776 4403
f 4617 4403 4776
f 4698 4777 4457
f 4457 4777 4549
f 4777 4778 4549
f 4779 4459 4460
f 4549 4780 4667
f 4781 4619 4357
f 4782 4701 4620
f 4782 4620 4704
f 4702 4783 4705
f 4580 4784 4704
f 4706 4784 4580
f 4668 4785 4467
f 4582 4182 4465
f 4746 4670 4743
f 4747 4786 4625
f 4625 4786 4744
f 4504 4551 4787
f 4362 4414 2925
f 4710 4788 4628
f 4789 4672 4712
f 4790 4712 4633
f 4633 4713 4790
f 4712 4790 4789
f 4791 4714 4555
f 4791 4555 4586
f 4714 4752 4473
f 4715 4792 4508
f 4674 4793 4509
f 4558 4635 4717
f 4794 4718 4557
f 4560 4795 4677
f 4795 4560 4561
f 4374 4559 4758
f 4758 4678 4374
f 4796 4516 4678
f 4796 4723 4516
f 4797 4517 4722
f 4759 4591 4760
f 4680 4762 4377
f 4761 4568 4798
f 4799 4595 4724
f 4800 4595 4799
f 4800 4571 4595
f 4725 4643 4520
f 4763 4801 4646
f 4646 4801 4684
f 4597 4802 4596
f 4594 4596 4802
f 4526 4765 4599
f 4803 4730 4481
f 4597 4730 4802
f 4804 4732 4603
f 4805 4650 4649
f 4651 4804 4603
f 4650 4767 4604
f 4606 4806 4652
f 4807 4606 4688
f 4658 4808 4495
f 4495 4808 4809
f 4538 4495 4809
f 4692 4810 4660
f 4085 4661 4811
f 4660 4812 4577
f 4813 4662 4694
f 4577 4812 4736
f 4814 4578 4815
f 4612 4815 4578
f 4613 4816 4614
f 4737 4817 4696
f 4818 4738 4614
f 4819 4775 4616
f 4699 4617 4776
f 4459 4779 4820
f 4778 4780 4549
f 4294 4779 4460
f 4701 4782 4700
f 4784 4782 4704
f 4706 4821 4784
f 4783 4822 4705
f 4743 4705 4822
f 4706 4744 4821
f 4467 4785 4551
f 4823 4746 4743
f 4824 4746 4825
f 4824 4747 4746
f 4824 4786 4747
f 4787 4627 4504
f 4629 4826 4748
f 4788 4630 4628
f 4826 4629 4749
f 4827 4553 4631
f 4673 4711 4471
f 4672 4789 4828
f 4750 4554 4711
f 4632 4750 4829
f 4632 4829 4713
f 4713 4830 4790
f 4789 4790 4831
f 4792 4751 4508
f 4793 4715 4509
f 4587 4753 4588
f 4832 4717 4635
f 4794 4557 4716
f 4638 4756 4637
f 4676 4589 4755
f 4833 4756 4640
f 4833 4640 4677
f 4757 4834 4639
f 4834 4758 4639
f 4797 4641 4517
f 4723 4835 4679
f 4680 4679 4836
f 4837 4760 4592
f 4837 4592 4563
f 4642 4838 4563
f 4800 4681 4571
f 4764 4729 4525
f 4765 4803 4481
f 4649 4648 4839
f 4839 4805 4649
f 4805 4840 4650
f 4841 4651 4530
f 4841 4530 4766
f 4766 4652 4806
f 4654 4733 4842
f 4842 4768 4654
f 4687 4769 4532
f 4843 4688 4573
f 4659 4772 4278
f 4538 4809 4693
f 4844 4691 4448
f 4393 4085 4811
f 4693 4845 4692
f 4846 4611 4578
f 4814 4846 4578
f 4540 4695 4661
f 4696 4847 4579
f 4848 4666 4697
f 4740 4849 4698
f 4849 4777 4698
f 4697 4741 4850
f 4459 4820 4741
f 4619 4851 4616
f 4820 4779 4852
f 4781 4851 4619
f 4853 4783 4702
f 4853 4702 4700
f 4853 4700 4782
f 4782 4784 4854
f 4357 4708 4781
f 4821 4854 4784
f 4743 4822 4855
f 4823 4743 4855
f 4785 4787 4551
f 4744 4786 4856
f 4746 4823 4857
f 4824 4858 4786
f 4858 4856 4786
f 4745 4671 4859
f 4857 4825 4746
f 4748 4859 4671
f 4860 4710 4627
f 4826 4749 4861
f 4827 4862 4553
f 4553 4862 4673
f 4863 4749 4672
f 4828 4789 4831
f 4713 4829 4830
f 4675 4864 4674
f 4865 4753 4587
f 4590 4832 4635
f 4866 4832 4590
f 4867 4719 4868
f 4719 4754 4868
f 4757 4676 4755
f 4869 4795 4561
f 4562 4869 4561
f 4870 4562 4721
f 4871 4870 4721
f 4872 4678 4758
f 4871 4721 4641
f 4678 4873 4796
f 4679 4835 4836
f 4724 4761 4874
f 4799 4724 4874
f 4875 4800 4799
f 4876 4593 4762
f 4568 4567 4798
f 4567 4598 4877
f 4594 4878 4725
f 4643 4725 4879
f 4726 4879 4880
f 4643 4879 4726
f 4593 4881 4645
f 4645 4881 4763
f 4684 4877 4598
f 4647 4882 4526
f 4882 4765 4526
f 4726 4880 4731
f 4883 4683 4527
f 4685 4883 4527
f 4731 4884 4648
f 4884 4839 4648
f 4885 4804 4651
f 4841 4885 4651
f 4650 4840 4767
f 4807 4806 4606
f 4886 4733 4734
f 4734 4689 4887
f 4656 4888 4689
f 4656 4771 4889
f 4890 4891 4892
f 4893 4808 4658
f 4576 4894 4657
f 4891 4895 4892
f 4892 4895 4896
f 4891 4890 4897
f 4659 4154 4735
f 4846 4844 4448
f 4846 4448 4611
f 4660 4810 4812
f 4773 4815 4612
f 4541 4662 4898
f 4847 4695 4579
f 4736 4816 4613
f 4773 4664 4899
f 4541 4898 4349
f 4817 4847 4696
f 4816 4818 4614
f 4349 4898 4663
f 4615 4899 4664
f 4774 4900 4737
f 4901 4900 4774
f 4738 4902 4665
f 4848 4901 4774
f 4666 4848 4774
f 4903 4848 4697
f 4904 4780 4778
f 4905 4501 4699
f 4621 4906 4668
f 4854 4853 4782
f 4668 4906 4785
f 4745 4907 4708
f 4856 4821 4744
f 4859 4907 4745
f 4823 4908 4857
f 4787 4860 4627
f 3219 4412 4361
f 4909 4788 4710
f 4788 4910 4630
f 4911 4827 4631
f 4749 4863 4861
f 4673 4912 4711
f 4672 4828 4863
f 4830 4829 4913
f 4831 4790 4914
f 4915 4790 4830
f 4914 4790 4915
f 4916 4791 4586
f 4751 4916 4586
f 4917 4752 4714
f 4752 4865 4587
f 4864 4675 4634
f 4918 4634 4717
f 4832 4918 4717
f 4794 4716 4919
f 4720 4866 4590
f 4920 4720 4637
f 4921 4718 4794
f 4922 4718 4921
f 4718 4922 4754
f 4754 4922 4868
f 4923 4677 4795
f 4924 4871 4641
f 4641 4797 4924
f 4925 4723 4796
f 4926 4797 4722
f 4927 4759 4760
f 4760 4837 4927
f 4838 4837 4563
f 4928 4874 4761
f 4680 4929 4762
f 4761 4930 4928
f 4874 4931 4799
f 4875 4799 4931
f 4932 4838 4642
f 4798 4930 4761
f 4932 4642 4683
f 4933 4727 4681
f 4934 4932 4683
f 4876 4881 4593
f 4877 4684 4801
f 4802 4935 4594
f 4594 4935 4878
f 4936 4801 4763
f 4937 4647 4729
f 4880 4884 4731
f 4938 4883 4685
f 4686 4939 4685
f 4805 4839 4940
f 4767 4840 4941
f 4767 4942 4687
f 4886 4734 4887
f 4689 4943 4887
f 4769 4944 4655
f 4888 4943 4689
f 4945 4655 4944
f 4890 4946 4947
f 4890 4892 4946
f 4945 4893 4655
f 4843 4573 4657
f 4889 4888 4656
f 4893 4658 4655
f 4892 4896 4948
f 4947 4897 4890
f 4949 4896 4895
f 4894 4576 4950
f 4949 4895 4951
f 4950 4576 4691
f 4897 4952 4891
f 4891 4953 4895
f 4951 4895 4953
f 4891 4952 4953
f 4537 4393 4811
f 4609 4954 4610
f 4662 4813 4898
f 4955 4817 4737
f 4900 4955 4737
f 4956 4546 4663
f 4957 4665 4902
f 4665 4957 4739
f 4776 4546 4956
f 4697 4958 4903
f 4697 4850 4958
f 4741 4959 4850
f 4819 4616 4960
f 4820 4959 4741
f 4960 4616 4851
f 4907 4781 4708
f 4783 4853 4822
f 4961 4822 4853
f 4854 4821 4962
f 4855 4822 4961
f 4963 4855 4961
f 4856 4962 4821
f 4963 4908 4855
f 4855 4908 4823
f 4858 4964 4856
f 4857 4965 4825
f 4825 4966 4824
f 4748 4967 4859
f 4967 4748 4826
f 4860 4909 4710
f 4911 4631 4630
f 4911 4968 4827
f 4827 4968 4862
f 4969 4829 4750
f 4830 4913 4915
f 4831 4914 4970
f 4916 4971 4791
f 4971 4714 4791
f 4972 4751 4792
f 4972 4792 4973
f 4792 4715 4973
f 4971 4917 4714
f 4974 4674 4864
f 4753 4919 4716
f 4920 4975 4720
f 4920 4637 4756
f 4921 4794 4919
f 4833 4976 4756
f 4923 4833 4677
f 4977 4867 4868
f 4834 4978 4758
f 4869 4562 4870
f 4978 4872 4758
f 4872 4873 4678
f 4723 4925 4835
f 4929 4680 4836
f 4930 4979 4928
f 4929 4980 4762
f 4980 4876 4762
f 4800 4933 4681
f 4981 4877 4801
f 4936 4981 4801
f 4647 4937 4882
f 4765 4982 4803
f 4983 4730 4803
f 4883 4934 4683
f 4884 4984 4839
f 4940 4840 4805
f 4885 4841 4985
f 4766 4985 4841
f 4942 4986 4687
f 4987 4842 4733
f 4986 4769 4687
f 4988 4944 4769
f 4989 4770 4768
f 4948 4946 4892
f 4990 4946 4948
f 4989 4690 4770
f 4991 4690 4989
f 4690 4992 4771
f 4991 4992 4690
f 4889 4771 4992
f 4993 4693 4809
f 4994 4952 4897
f 4952 4995 4953
f 4692 4845 4810
f 4996 4694 4539
f 4997 4814 4815
f 4812 4998 4736
f 4816 4736 4998
f 4999 4815 4773
f 4999 4773 4899
f 4695 4847 4817
f 4663 4898 4956
f 5000 4738 4818
f 4738 5000 4902
f 5001 4955 4900
f 4615 4775 4899
f 4739 4957 5002
f 4739 5002 4740
f 5003 4776 4956
f 5002 4849 4740
f 4777 4849 4778
f 4621 5004 4906
f 4785 4906 5005
f 4853 5006 4961
f 5006 4853 4854
f 5007 4854 4962
f 4465 4742 4582
f 5008 4787 4785
f 4856 5007 4962
f 4964 5007 4856
f 4298 5009 4411
f 4965 4966 4825
f 3561 5010 4360
f 4414 5010 3561
f 4788 5011 4910
f 5012 4826 4861
f 4862 4912 4673
f 4711 5013 4750
f 4829 4969 4913
f 4831 5014 4828
f 4831 4970 5014
f 4970 4914 5015
f 5016 4715 4793
f 5016 4973 4715
f 5017 4793 4674
f 4974 5017 4674
f 4752 4917 5018
f 5018 4865 4752
f 4918 4864 4634
f 4753 4865 5019
f 5019 4919 4753
f 4975 4866 4720
f 4921 5020 4922
f 5021 4755 4719
f 4867 5021 4719
f 4757 4755 5022
f 5023 4867 4977
f 4869 4923 4795
f 5024 4977 4868
f 5025 4924 4797
f 4926 5025 4797
f 4759 4927 5026
f 4929 4836 5027
f 5028 4874 4928
f 5028 5029 4874
f 4931 5030 4875
f 4798 4567 5031
f 4933 4728 4727
f 5031 4567 4877
f 4876 5032 4881
f 5033 4764 4682
f 4878 5034 4725
f 5033 5035 4764
f 5035 4729 4764
f 5036 4935 4802
f 4881 4936 4763
f 4729 5035 4937
f 4982 4983 4803
f 4730 5036 4802
f 4939 4938 4685
f 4984 4940 4839
f 4939 4686 4732
f 5037 4732 4804
f 4885 5037 4804
f 4941 4942 4767
f 4986 4988 4769
f 4842 5038 4768
f 4842 4987 5038
f 4946 5039 4947
f 5038 4989 4768
f 4990 4948 5040
f 4897 4947 5039
f 4948 5041 5040
f 4843 4657 4894
f 5042 4897 5039
f 4948 4896 5041
f 5042 5043 4897
f 4949 4951 5044
f 4951 5045 5044
f 5043 4994 4897
f 4951 4953 5045
f 4844 4950 4691
f 4994 4995 4952
f 5046 4810 4845
f 4996 4539 4610
f 4996 4610 4954
f 4999 4997 4815
f 4900 4901 5001
f 5047 4901 4848
f 4775 4819 5048
f 4904 4778 4849
f 5049 5004 4780
f 5004 4667 4780
f 4667 5004 4621
f 4781 5050 4851
f 4907 5050 4781
f 4907 5051 5050
f 4785 5005 5008
f 4854 5007 5006
f 4859 5051 4907
f 4550 5052 3628
f 5008 5053 4787
f 4858 5054 4964
f 5053 4860 4787
f 5054 4858 4824
f 4826 5055 4967
f 5055 4826 5012
f 4910 4911 4630
f 5056 4861 4863
f 4969 4750 5013
f 5057 4828 5014
f 5058 4915 4913
f 4915 5059 4914
f 5017 5016 4793
f 5060 4864 4918
f 4832 5060 4918
f 5061 4920 4756
f 5062 4921 4919
f 4976 5061 4756
f 5021 5022 4755
f 5063 4922 5020
f 5022 5064 4757
f 4922 5063 4868
f 5064 4834 4757
f 5024 4868 5063
f 5065 4873 4872
f 4978 5065 4872
f 4796 4873 5066
f 4925 4796 5066
f 5067 5068 5029
f 4835 4925 5027
f 5028 5067 5029
f 5069 4722 4759
f 5027 4836 4835
f 4874 5029 4931
f 5030 4931 5070
f 4979 5028 4928
f 4875 5030 5071
f 5072 4838 4932
f 4933 4800 4875
f 4798 5031 4930
f 5073 4728 4933
f 4728 5074 4682
f 5073 5074 4728
f 4981 5075 4877
f 5075 5031 4877
f 5076 5032 4876
f 4879 5077 4880
f 4983 5036 4730
f 5078 4984 4884
f 4940 5079 4840
f 5037 4939 4732
f 5080 4987 4733
f 4886 5080 4733
f 4943 4886 4887
f 5081 5082 4946
f 4990 5081 4946
f 5083 4688 4843
f 5039 4946 5082
f 4991 4989 5084
f 4893 5085 4808
f 5086 5085 4893
f 4808 5085 5087
f 4808 5087 4809
f 4896 4949 5088
f 5089 4894 4950
f 5090 5045 4953
f 4993 4845 4693
f 5091 4995 4994
f 4953 4995 5090
f 5092 4844 4846
f 4995 5091 5093
f 5094 4537 4811
f 5095 4810 5046
f 5095 4812 4810
f 4813 5096 4898
f 5097 4816 4998
f 5097 4818 4816
f 4817 5098 4695
f 4817 4955 5099
f 4899 4775 5100
f 5101 4848 4903
f 4903 4958 5101
f 4850 5102 4958
f 4850 4959 5102
f 4904 5049 4780
f 4959 4820 5103
f 5103 4820 5104
f 4852 5104 4820
f 4501 4905 4703
f 4294 4852 4779
f 4906 5105 5005
f 3628 5052 4105
f 5106 5006 5007
f 4963 5107 4908
f 5106 5007 4964
f 5108 4908 5107
f 4967 5109 4859
f 4582 5009 4298
f 4857 4908 5108
f 4909 5011 4788
f 5011 5110 4910
f 4861 5056 5012
f 4968 5111 4862
f 4862 5112 4912
f 4828 5113 4863
f 5113 4828 5057
f 4915 5058 5059
f 5114 4914 5059
f 4914 5114 5015
f 4916 5115 4971
f 4751 5116 4916
f 5117 5060 4832
f 5118 4919 5019
f 4866 5117 4832
f 5020 4921 5062
f 5119 4976 4833
f 5119 4833 5120
f 5120 4833 4923
f 5120 4923 4869
f 4867 5023 5021
f 5121 5063 5020
f 5122 4869 4870
f 5024 5063 5123
f 5066 4873 5124
f 5067 5125 5024
f 5024 5068 5067
f 5068 5024 5123
f 5069 4926 4722
f 5029 5126 4931
f 5026 5069 4759
f 4931 5126 5070
f 5127 5026 4927
f 4837 5127 4927
f 5128 5127 4837
f 4837 5129 5128
f 4837 4838 5129
f 5129 4838 5072
f 5031 5130 4930
f 4980 5076 4876
f 5033 4682 5074
f 4725 5034 4879
f 5131 4932 4934
f 5032 5076 5132
f 4937 5133 4882
f 4882 5134 4765
f 4881 5135 4936
f 5077 4884 4880
f 4883 5131 4934
f 4938 5136 4883
f 5136 4938 5137
f 5079 4941 4840
f 5138 4766 4806
f 4688 5083 4807
f 5139 4990 5040
f 4945 5086 4893
f 5088 5041 4896
f 5087 4993 4809
f 5043 5042 5140
f 5141 5044 5045
f 4949 5044 5088
f 5140 5142 5043
f 5143 4845 4993
f 5043 5142 4994
f 5143 5046 4845
f 5144 5092 4846
f 5144 4846 4814
f 5097 5000 4818
f 5096 4956 4898
f 5099 5098 4817
f 5001 5099 4955
f 5145 5003 4956
f 4848 5146 5047
f 5101 5146 4848
f 5002 5147 4849
f 4849 5147 4904
f 5048 4819 4960
f 5148 5101 4958
f 4906 5004 5105
f 4294 5149 4852
f 5150 5151 5152
f 5153 5152 5154
f 4105 5052 4294
f 5109 5051 4859
f 5006 5106 4961
f 5155 4857 5108
f 4857 5155 4965
f 4360 5010 4709
f 4412 4411 5156
f 4966 4965 5157
f 4909 4860 5158
f 4967 5055 5159
f 5160 4911 4910
f 4862 5111 5112
f 5113 5056 4863
f 4912 5013 4711
f 5161 5113 5057
f 4913 4969 5058
f 4916 5116 5115
f 4972 5116 4751
f 4972 4973 5162
f 5163 4973 5016
f 5017 5163 5016
f 5019 4865 5018
f 5062 4919 5118
f 5119 5164 4976
f 5122 5120 4869
f 5022 5165 5064
f 5121 5123 5063
f 5124 4873 5065
f 5166 5068 5123
f 5029 5068 5166
f 5029 5166 5126
f 5167 5027 4925
f 5067 5028 5168
f 5169 4929 5027
f 4930 5130 4979
f 4929 5169 5170
f 4875 5071 4933
f 4929 5170 4980
f 5171 5072 4932
f 4980 5172 5076
f 5034 5173 4879
f 5032 5174 4881
f 4936 5135 4981
f 5133 5134 4882
f 4765 5134 4982
f 5173 5077 4879
f 5174 5135 4881
f 5077 5078 4884
f 5136 5131 4883
f 5037 5175 4939
f 5176 4885 4985
f 5177 4985 4766
f 4986 5178 4988
f 5179 4806 4807
f 5139 5081 4990
f 5180 5083 4843
f 5181 5039 5082
f 5040 5041 5182
f 5181 5042 5039
f 5183 4889 4992
f 5184 4843 4894
f 5184 4894 5089
f 5140 5042 5181
f 5185 5089 4950
f 5045 5090 5186
f 5187 5186 5090
f 4950 4844 5188
f 5092 5188 4844
f 4392 5189 4609
f 5189 4954 4609
f 4995 5093 5090
f 5091 5190 5093
f 5144 4814 5191
f 4998 4812 5095
f 4997 5191 4814
f 4661 4695 5192
f 4813 5193 5096
f 5194 4999 4899
f 5098 5192 4695
f 5195 4902 5000
f 5145 4956 5096
f 5100 5196 4899
f 5197 4957 4902
f 5198 5003 5145
f 5001 4901 5199
f 5199 4901 5047
f 4957 5197 5002
f 5200 5100 4775
f 5200 4775 5048
f 4958 5102 5148
f 5201 5049 4904
f 4959 5202 5102
f 5103 5202 4959
f 4699 4776 5203
f 5204 5104 4852
f 5205 5105 5004
f 5050 5206 4851
f 5152 5207 5208
f 5150 5209 5210
f 5150 5211 5209
f 5211 5152 5208
f 5211 5150 5152
f 5207 5152 5153
f 5210 5151 5150
f 5151 5154 5152
f 5212 5107 4963
f 5212 4963 4961
f 5212 4961 5106
f 5008 5213 5053
f 5054 5214 4964
f 5159 5109 4967
f 4965 5155 5215
f 4965 5215 5216
f 4966 5054 4824
f 5216 5157 4965
f 4909 5158 5217
f 4412 5156 4361
f 4361 4414 4362
f 5218 5055 5012
f 4911 5219 4968
f 5056 5218 5012
f 4912 5220 5013
f 5221 5113 5161
f 5059 5058 5222
f 5014 5223 5057
f 5059 5224 5114
f 5225 4971 5115
f 5226 4972 5162
f 5162 4973 5163
f 5227 5017 4974
f 5060 4974 4864
f 5228 5018 4917
f 5229 5019 5018
f 5230 5117 4866
f 5231 4975 4920
f 5061 5231 4920
f 5165 5022 5232
f 5021 5232 5022
f 5023 5232 5021
f 5233 4978 4834
f 5064 5233 4834
f 5234 5123 5121
f 5235 5122 4870
f 5024 5023 4977
f 5235 4870 4871
f 5024 5125 5023
f 5123 5234 5166
f 4924 5235 4871
f 5236 4925 5066
f 5236 5237 4925
f 5238 5126 5166
f 5125 5067 5168
f 5126 5238 5070
f 5028 4979 5168
f 5167 5169 5027
f 5127 5239 5026
f 5240 4933 5071
f 5241 4980 5170
f 5075 4981 5242
f 5171 4932 5131
f 5135 5242 4981
f 5033 5243 5035
f 4982 5244 4983
f 5036 5245 4935
f 5246 5245 5036
f 4984 5247 4940
f 4940 5247 5079
f 5248 4938 4939
f 5248 4939 5175
f 5176 5037 4885
f 4941 5249 4942
f 5177 4766 5138
f 5249 4986 4942
f 5179 5138 4806
f 5083 5179 4807
f 5178 4944 4988
f 5081 5250 5082
f 4987 5251 5038
f 4943 5252 4886
f 5250 5253 5082
f 5184 5180 4843
f 5082 5254 5181
f 5082 5253 5254
f 5182 5255 5040
f 4991 5256 4992
f 4992 5256 5183
f 5087 5257 4993
f 5258 5141 5259
f 5045 5259 5141
f 5044 5141 5260
f 5260 5088 5044
f 5261 5041 5088
f 5182 5041 5261
f 5186 5259 5045
f 5189 4392 4772
f 4994 5142 5262
f 4994 5262 5091
f 5187 5090 5263
f 5093 5263 5090
f 5264 5094 4811
f 5193 4813 4694
f 5196 5194 4899
f 5097 5195 5000
f 5096 5265 5145
f 5195 5197 4902
f 5101 5266 5267
f 5101 5148 5266
f 5204 5268 5104
f 5103 5104 5268
f 4905 4699 5203
f 5208 5207 5269
f 5269 5207 5270
f 5271 5207 5153
f 5271 5153 5272
f 5273 5151 5210
f 5274 5008 5005
f 5052 5275 4294
f 5151 5273 5276
f 5151 5276 5154
f 5274 5213 5008
f 5276 5277 5278
f 5276 5278 5154
f 5278 5279 5154
f 5272 5154 5279
f 5154 5272 5153
f 5109 5280 5051
f 5281 5282 5283
f 5284 5283 5282
f 5106 5285 5212
f 4964 5285 5106
f 5285 4964 5214
f 5158 4860 5053
f 5286 4709 5010
f 5054 4966 5287
f 5010 4414 5286
f 5157 5287 4966
f 5156 5288 4361
f 4361 5288 4414
f 4909 5217 5011
f 5218 5289 5055
f 5160 5219 4911
f 5113 5221 5056
f 5221 5161 5290
f 5161 5057 5223
f 5222 5224 5059
f 5014 4970 5291
f 5223 5014 5291
f 4971 5225 4917
f 5226 5116 4972
f 5292 4974 5060
f 5292 5060 5117
f 4975 5230 4866
f 5118 5293 5062
f 5164 5061 4976
f 5293 5020 5062
f 5294 5236 5066
f 5295 4924 5025
f 5025 4926 5295
f 5237 5167 4925
f 5296 4926 5069
f 5069 5026 5239
f 5030 5240 5071
f 5297 5170 5169
f 5130 5031 5298
f 5074 5073 5299
f 5300 5129 5072
f 5075 5298 5031
f 5171 5300 5072
f 5074 5301 5033
f 5172 4980 5241
f 5243 5302 5035
f 5035 5302 4937
f 4937 5302 5133
f 5034 4878 5303
f 5172 5132 5076
f 5134 5304 4982
f 5304 5244 4982
f 4983 5246 5036
f 5132 5305 5032
f 5032 5305 5174
f 5248 5137 4938
f 5176 5175 5037
f 5178 5306 4944
f 5307 4944 5306
f 5252 5080 4886
f 5307 4945 4944
f 5308 5251 4987
f 5308 4987 5080
f 5085 5086 4945
f 5255 5139 5040
f 4888 5309 4943
f 4888 5310 5309
f 4889 5310 4888
f 5259 5253 5258
f 4991 5084 5256
f 5311 5254 5253
f 5311 5253 5259
f 5186 5311 5259
f 5312 5182 5261
f 5313 5261 5088
f 4993 5257 5314
f 5314 5143 4993
f 5188 5185 4950
f 5142 5315 5262
f 5316 5095 5046
f 5263 5093 5317
f 5262 5318 5091
f 5190 5091 5318
f 5093 5190 5317
f 5319 4811 4661
f 4998 5095 5320
f 5097 4998 5320
f 5265 5096 5193
f 5321 5099 5001
f 5321 5001 5199
f 5047 5322 5199
f 5146 5322 5047
f 5323 5147 5002
f 5267 5146 5101
f 5267 5266 5324
f 5201 4904 5147
f 5325 4776 5003
f 5148 5326 5266
f 5102 5327 5148
f 5202 5327 5102
f 5206 4960 4851
f 5208 5328 5329
f 5328 5208 5330
f 5330 5208 5269
f 5208 5329 5331
f 5332 5269 5270
f 5211 5208 5331
f 5270 5333 5332
f 5334 5210 5209
f 5334 5209 5331
f 5331 5209 5211
f 5335 5005 5105
f 5207 5271 5336
f 5207 5336 5270
f 5270 5336 5333
f 5274 5005 5335
f 5337 5276 5273
f 5281 5276 5337
f 5282 5338 5339
f 5282 5340 5338
f 5340 5282 5281
f 5272 5279 5341
f 5339 5342 5343
f 5281 5344 5276
f 5276 5344 5277
f 5339 5284 5282
f 5281 5283 5344
f 5277 5345 5278
f 5343 5284 5339
f 5283 5346 5344
f 5213 5158 5053
f 5343 5347 5284
f 5284 5347 5346
f 5284 5346 5283
f 5159 5280 5109
f 4582 5348 5009
f 5349 4550 4709
f 5055 5350 5159
f 4411 5009 5156
f 5110 5160 4910
f 5219 5111 4968
f 5221 5351 5056
f 5112 5352 4912
f 5290 5353 5221
f 5220 4969 5013
f 5058 4969 5354
f 5058 5354 5355
f 5355 5222 5058
f 5356 5015 5114
f 4970 5015 5291
f 5115 5116 5357
f 5358 5163 5017
f 5229 5018 5228
f 5118 5019 5229
f 5164 5231 5061
f 5359 5122 5235
f 5360 5065 4978
f 5233 5360 4978
f 5361 5165 5232
f 5124 5294 5066
f 5362 5023 5125
f 5295 5235 4924
f 5236 5363 5237
f 5295 4926 5296
f 5168 5364 5125
f 5365 5364 5168
f 5169 5167 5366
f 4979 5365 5168
f 5130 5365 4979
f 5367 5239 5127
f 5128 5367 5127
f 5073 4933 5240
f 5299 5301 5074
f 5241 5170 5297
f 5243 5033 5301
f 5302 5368 5133
f 5369 5172 5241
f 5245 5303 4935
f 4935 5303 4878
f 5174 5370 5135
f 5244 5246 4983
f 5371 5077 5173
f 5371 5372 5077
f 5077 5372 5078
f 5372 5373 5078
f 5171 5131 5374
f 5373 4984 5078
f 5131 5136 5374
f 4984 5373 5247
f 5375 5079 5247
f 5376 4941 5079
f 5377 5176 4985
f 4985 5177 5377
f 5177 5138 5378
f 4945 5307 5085
f 5250 5081 5379
f 5379 5081 5139
f 5252 4943 5380
f 5381 5139 5255
f 5379 5253 5250
f 5087 5085 5382
f 5383 4989 5038
f 5383 5084 4989
f 5384 5141 5258
f 5260 5141 5384
f 5254 5385 5181
f 5311 5385 5254
f 5260 5313 5088
f 5261 5313 5386
f 5387 5142 5140
f 5387 5140 5181
f 5186 5385 5311
f 5388 5385 5186
f 5187 5388 5186
f 5143 5316 5046
f 5144 5188 5092
f 4772 4659 5389
f 5095 5316 5390
f 5391 5095 5390
f 5392 4735 4537
f 5392 4537 5094
f 5320 5095 5391
f 5393 5191 4997
f 5394 5097 5320
f 4999 5194 4997
f 5395 4661 5192
f 5196 5396 5194
f 5192 5098 5397
f 5398 5098 5099
f 5099 5321 5398
f 5321 5199 5399
f 5323 5002 5197
f 5400 5322 5146
f 5267 5400 5146
f 5401 5267 5324
f 5324 5266 5402
f 5326 5402 5266
f 5326 5403 5402
f 5404 4776 5325
f 5202 5103 5268
f 5405 5004 5049
f 5203 4776 5404
f 5405 5205 5004
f 5330 5269 5406
f 5407 5406 5269
f 5269 5332 5407
f 5331 5329 5408
f 5334 5409 5210
f 5410 5210 5409
f 5273 5210 5410
f 5411 5336 5271
f 5412 5336 5411
f 5412 5333 5336
f 5051 5413 5050
f 5275 5149 4294
f 5273 5410 5414
f 5414 5337 5273
f 5271 5272 5341
f 5271 5341 5415
f 5340 5281 5337
f 5342 5339 5338
f 5343 5342 5416
f 5279 5417 5341
f 4582 4742 5418
f 5419 5278 5345
f 5278 5419 5417
f 5278 5417 5279
f 5345 5277 5344
f 5420 5344 5346
f 5344 5420 5345
f 5349 5052 4550
f 5347 5416 5421
f 5347 5343 5416
f 5107 5422 5108
f 5347 5423 5346
f 5159 5350 5280
f 5108 5422 5155
f 5286 5349 4709
f 5424 5054 5287
f 5156 5425 5426
f 5426 5288 5156
f 5289 5427 5055
f 5160 5428 5219
f 5218 5056 5429
f 5351 5221 5430
f 5221 5353 5430
f 5352 5220 4912
f 5220 5431 4969
f 5431 5354 4969
f 5290 5161 5432
f 5432 5161 5223
f 5227 5433 5017
f 5228 4917 5225
f 5434 5230 4975
f 5434 4975 5231
f 5020 5293 5435
f 5119 5436 5164
f 5020 5435 5121
f 5437 5234 5121
f 5065 5360 5438
f 5438 5124 5065
f 5439 5233 5064
f 5439 5064 5165
f 5361 5232 5362
f 5362 5232 5023
f 5294 5363 5236
f 5070 5238 5440
f 5366 5167 5237
f 5070 5440 5030
f 5240 5030 5440
f 5441 5169 5366
f 5130 5298 5365
f 5441 5297 5169
f 5442 5128 5129
f 5075 5443 5298
f 5444 5241 5297
f 5242 5443 5075
f 5133 5368 5134
f 5445 5173 5034
f 5135 5370 5242
f 5374 5136 5446
f 5136 5137 5446
f 5447 5376 5079
f 4941 5376 5249
f 4986 5249 5448
f 4986 5448 5178
f 5179 5378 5138
f 5449 5179 5083
f 5180 5449 5083
f 5309 5380 4943
f 5251 5383 5038
f 5184 5450 5180
f 5384 5258 5451
f 5452 5256 5084
f 5452 5183 5256
f 5453 5089 5185
f 5314 5454 5143
f 5385 5387 5181
f 5385 5455 5387
f 5455 5385 5388
f 5316 5143 5454
f 5387 5315 5142
f 5315 5456 5262
f 5389 4659 4735
f 5389 4735 5457
f 4735 5392 5457
f 5262 5456 5458
f 5459 5318 5262
f 5459 5262 5458
f 5393 4997 5194
f 5395 5319 4661
f 5394 5195 5097
f 5399 5199 5322
f 5147 5323 5460
f 5401 5400 5267
f 5460 5201 5147
f 5325 5003 5198
f 5461 5327 5202
f 5462 5402 5403
f 5148 5327 5326
f 5204 5463 5268
f 5464 5465 5328
f 5329 5465 5408
f 5465 5329 5328
f 5328 5330 5464
f 5464 5330 5406
f 5205 5335 5105
f 5332 5333 5466
f 5467 5334 5331
f 5467 5468 5334
f 5408 5467 5331
f 5333 5469 5466
f 5050 5413 5206
f 5333 5412 5469
f 5271 5415 5411
f 5338 5414 5470
f 5340 5414 5338
f 5414 5340 5337
f 5417 5471 5341
f 5416 5472 5473
f 5472 5416 5342
f 5474 5473 5475
f 5345 5476 5419
f 5473 5474 5416
f 5476 5345 5420
f 5349 5477 5052
f 5474 5421 5416
f 5346 5478 5420
f 5347 5421 5479
f 5423 5347 5479
f 5423 5478 5346
f 5214 5480 5285
f 5054 5480 5214
f 5481 5349 5286
f 5482 5215 5155
f 5427 5350 5055
f 5217 5483 5011
f 5218 5429 5484
f 5218 5484 5289
f 5351 5429 5056
f 5111 5485 5112
f 5486 5353 5290
f 5222 5355 5487
f 5224 5222 5487
f 5488 5223 5291
f 5223 5488 5432
f 5114 5224 5489
f 5114 5489 5356
f 5015 5356 5291
f 5490 5225 5115
f 5116 5226 5357
f 5433 5358 5017
f 5228 5225 5490
f 5227 4974 5292
f 5491 5492 5117
f 5230 5491 5117
f 5230 5434 5491
f 5493 5436 5119
f 5437 5121 5435
f 5119 5120 5493
f 5494 5360 5233
f 5439 5494 5233
f 5166 5234 5495
f 5361 5496 5165
f 5495 5238 5166
f 5497 5235 5295
f 5361 5362 5498
f 5498 5362 5125
f 5238 5495 5440
f 5499 5498 5125
f 5364 5499 5125
f 5296 5500 5295
f 5440 5501 5240
f 5364 5365 5502
f 5069 5503 5296
f 5069 5239 5503
f 5501 5073 5240
f 5501 5299 5073
f 5298 5502 5365
f 5129 5300 5442
f 5297 5504 5444
f 5301 5505 5243
f 5505 5302 5243
f 5300 5171 5506
f 5368 5304 5134
f 5303 5507 5034
f 5444 5508 5241
f 5445 5371 5173
f 5369 5241 5508
f 5509 5369 5508
f 5369 5510 5172
f 5510 5132 5172
f 5372 5371 5511
f 5374 5506 5171
f 5137 5512 5446
f 5375 5247 5513
f 5137 5248 5512
f 5447 5079 5375
f 5248 5175 5514
f 5378 5179 5515
f 5306 5516 5307
f 5515 5179 5449
f 5517 5379 5139
f 5381 5517 5139
f 5379 5518 5253
f 5519 5257 5087
f 5253 5518 5258
f 5518 5451 5258
f 5450 5184 5520
f 5521 5255 5182
f 5519 5314 5257
f 5084 5383 5522
f 5089 5453 5184
f 5522 5452 5084
f 5523 4889 5183
f 5452 5523 5183
f 5386 5312 5261
f 5386 5313 5524
f 5525 5185 5188
f 5187 5526 5388
f 5263 5526 5187
f 5527 5190 5318
f 5190 5527 5317
f 5194 5396 5528
f 5529 5195 5530
f 5531 5265 5193
f 5529 5197 5195
f 5398 5397 5098
f 5197 5529 5532
f 5100 5533 5196
f 5534 5398 5321
f 5399 5534 5321
f 5535 5322 5400
f 5049 5201 5536
f 5537 5200 5048
f 5537 5048 4960
f 5538 5268 5463
f 5268 5538 5202
f 5202 5538 5539
f 5539 5461 5202
f 5327 5403 5326
f 5204 5540 5463
f 5204 4852 5540
f 5407 5332 5541
f 5332 5466 5541
f 5409 5334 5468
f 5409 5542 5410
f 5469 5412 5543
f 5542 5544 5410
f 5411 5545 5412
f 5544 5414 5410
f 5415 5341 5471
f 5546 5470 5414
f 5470 5342 5338
f 5051 5280 5547
f 5052 5477 5275
f 5475 5473 5548
f 5548 5473 5472
f 5549 5471 5417
f 5419 5550 5417
f 5550 5549 5417
f 5476 5550 5419
f 5475 5551 5474
f 5552 5158 5213
f 5553 5474 5551
f 5554 5107 5212
f 5554 5212 5555
f 5555 5212 5285
f 5418 5348 4582
f 5422 5107 5554
f 5474 5556 5421
f 5421 5556 5479
f 5479 5557 5423
f 5423 5557 5478
f 5481 5558 5349
f 5424 5480 5054
f 5559 5425 5156
f 5483 5110 5011
f 5427 5289 5484
f 5560 5430 5353
f 5353 5486 5560
f 5432 5561 5290
f 5354 5562 5355
f 5432 5563 5561
f 5564 5487 5355
f 5224 5487 5489
f 5115 5565 5490
f 5565 5115 5357
f 5566 5357 5226
f 5566 5226 5162
f 5567 5227 5292
f 5492 5567 5292
f 5492 5292 5117
f 5434 5231 5568
f 5569 5293 5118
f 5164 5568 5231
f 5570 5493 5120
f 5120 5122 5570
f 5359 5570 5122
f 5495 5234 5437
f 5497 5359 5235
f 5571 5294 5124
f 5571 5124 5438
f 5439 5165 5496
f 5498 5496 5361
f 5497 5295 5572
f 5500 5572 5295
f 5500 5296 5573
f 5573 5296 5503
f 5503 5239 5574
f 5239 5367 5574
f 5575 5301 5299
f 5576 5297 5441
f 5367 5128 5577
f 5128 5442 5577
f 5578 5505 5301
f 5579 5302 5505
f 5302 5579 5368
f 5246 5580 5245
f 5245 5581 5303
f 5507 5303 5581
f 5507 5445 5034
f 5445 5511 5371
f 5582 5508 5444
f 5132 5583 5305
f 5583 5174 5305
f 5513 5247 5373
f 5248 5514 5512
f 5584 5249 5376
f 5584 5448 5249
f 5176 5585 5175
f 5586 5178 5448
f 5586 5306 5178
f 5587 5377 5177
f 5378 5587 5177
f 5307 5516 5085
f 5382 5085 5516
f 5080 5252 5308
f 5087 5382 5519
f 5450 5449 5180
f 5453 5520 5184
f 5521 5182 5588
f 5588 5182 5312
f 5185 5589 5453
f 5454 5590 5316
f 5315 5387 5591
f 5591 5456 5315
f 5320 5391 5592
f 5264 4811 5319
f 4694 4996 5593
f 5593 5193 4694
f 5530 5195 5394
f 5532 5323 5197
f 5594 5533 5100
f 5595 5534 5399
f 5596 5595 5399
f 5596 5399 5322
f 5200 5594 5100
f 5536 5597 5049
f 5405 5049 5597
f 5461 5598 5327
f 5403 5327 5598
f 5599 5537 4960
f 5465 5464 5600
f 5601 5464 5406
f 5602 5406 5407
f 5408 5465 5600
f 5335 5205 5603
f 5600 5467 5408
f 5603 5604 5335
f 5415 5605 5411
f 5411 5605 5545
f 5604 5274 5335
f 5413 5051 5547
f 5544 5546 5414
f 5606 5472 5342
f 5470 5606 5342
f 5607 5475 5548
f 5476 5608 5550
f 5609 5610 5551
f 5420 5611 5476
f 5611 5608 5476
f 5610 5612 5551
f 5610 5613 5612
f 5551 5612 5553
f 5478 5611 5420
f 5614 5611 5478
f 5349 5558 5477
f 5610 5615 5613
f 5556 5474 5553
f 5616 5557 5479
f 5557 5614 5478
f 5155 5422 5617
f 5617 5482 5155
f 5350 5427 5618
f 5009 5559 5156
f 5287 5157 5619
f 4414 5620 5286
f 5160 5621 5428
f 5622 5484 5429
f 5428 5623 5219
f 5111 5219 5623
f 5351 5624 5429
f 5430 5624 5351
f 5623 5485 5111
f 5430 5560 5625
f 5290 5561 5486
f 5431 5626 5354
f 5626 5562 5354
f 5563 5432 5488
f 5163 5358 5627
f 5433 5627 5358
f 5628 5433 5227
f 5629 5566 5162
f 5628 5227 5567
f 5228 5630 5229
f 5569 5118 5229
f 5631 5568 5164
f 5436 5631 5164
f 5438 5360 5494
f 5632 5363 5294
f 5571 5632 5294
f 5495 5633 5440
f 5634 5366 5237
f 5502 5499 5364
f 5633 5501 5440
f 5298 5443 5635
f 5367 5636 5574
f 5301 5575 5578
f 5367 5577 5636
f 5504 5297 5576
f 5579 5637 5368
f 5638 5242 5370
f 5443 5242 5638
f 5442 5300 5639
f 5300 5506 5639
f 5504 5582 5444
f 5511 5640 5372
f 5132 5510 5583
f 5509 5641 5369
f 5510 5369 5641
f 5372 5642 5373
f 5506 5374 5639
f 5639 5374 5446
f 5175 5585 5514
f 5585 5176 5643
f 5176 5377 5643
f 5586 5644 5306
f 5644 5516 5306
f 5645 5515 5449
f 5646 5517 5381
f 5647 5646 5381
f 5381 5255 5647
f 5521 5647 5255
f 5454 5314 5519
f 4889 5648 5310
f 5260 5524 5313
f 5316 5590 5390
f 5649 5390 5590
f 5312 5386 5650
f 5525 5589 5185
f 5649 5391 5390
f 5391 5651 5592
f 5525 5188 5652
f 5652 5188 5144
f 5653 5263 5317
f 5653 5317 5527
f 5191 5652 5144
f 5654 5652 5191
f 5394 5320 5655
f 5318 5656 5527
f 5394 5655 5530
f 5533 5396 5196
f 5397 5398 5657
f 5658 5596 5322
f 5658 5322 5535
f 5536 5201 5460
f 5538 5659 5539
f 5660 5538 5463
f 5539 5659 5461
f 5402 5661 5324
f 5403 5598 5662
f 5403 5662 5462
f 5206 5599 4960
f 5602 5601 5406
f 5541 5602 5407
f 5663 5603 5205
f 5149 5540 4852
f 5664 5467 5600
f 5469 5665 5466
f 5409 5468 5666
f 5468 5664 5666
f 5467 5664 5468
f 5543 5665 5469
f 5666 5542 5409
f 5667 5542 5666
f 5668 5605 5415
f 5667 5544 5542
f 5471 5669 5415
f 5415 5669 5668
f 5670 5470 5546
f 5670 5671 5470
f 5606 5607 5472
f 5671 5606 5470
f 5672 5213 5274
f 5607 5548 5472
f 5471 5549 5669
f 5672 5552 5213
f 5475 5607 5673
f 5551 5673 5609
f 5609 5673 5674
f 5673 5551 5475
f 5609 5674 5675
f 5675 5610 5609
f 5558 5676 5477
f 5554 5617 5422
f 5610 5675 5615
f 5556 5553 5612
f 5556 5616 5479
f 5616 5677 5557
f 5557 5677 5614
f 5678 5158 5552
f 5158 5678 5217
f 5679 5215 5482
f 5680 5480 5424
f 5681 5483 5217
f 5483 5682 5110
f 5683 5481 5286
f 5682 5684 5110
f 5684 5160 5110
f 5621 5160 5684
f 5625 5624 5430
f 5352 5112 5485
f 5562 5564 5355
f 5488 5685 5563
f 5686 5488 5291
f 5489 5687 5356
f 5686 5291 5356
f 5163 5627 5688
f 5689 5490 5565
f 5688 5162 5163
f 5689 5228 5490
f 5629 5162 5688
f 5630 5228 5689
f 5690 5567 5492
f 5569 5229 5630
f 5569 5691 5293
f 5293 5691 5435
f 5570 5359 5692
f 5571 5693 5632
f 5363 5694 5237
f 5572 5695 5497
f 5694 5634 5237
f 5499 5696 5498
f 5499 5502 5697
f 5698 5441 5366
f 5501 5699 5299
f 5298 5635 5502
f 5576 5441 5698
f 5700 5368 5637
f 5368 5700 5304
f 5442 5701 5577
f 5443 5638 5702
f 5304 5703 5244
f 5580 5581 5245
f 5704 5370 5174
f 5174 5583 5704
f 5640 5642 5372
f 5641 5705 5510
f 5706 5639 5446
f 5707 5375 5513
f 5447 5375 5707
f 5512 5708 5446
f 5512 5709 5708
f 5514 5709 5512
f 5585 5709 5514
f 5382 5516 5710
f 5382 5711 5712
f 5382 5712 5519
f 5309 5713 5380
f 5714 5379 5517
f 5518 5379 5714
f 5715 5520 5453
f 5716 5260 5384
f 5715 5453 5589
f 5312 5717 5588
f 5522 5718 5452
f 5718 5719 5452
f 5452 5719 5523
f 5524 5720 5386
f 5717 5312 5650
f 5649 5651 5391
f 5386 5720 5650
f 5721 5591 5387
f 5526 5722 5388
f 5388 5722 5455
f 5723 5189 4772
f 5723 4772 5389
f 5320 5592 5724
f 5724 5655 5320
f 5725 5459 5458
f 5318 5459 5725
f 5654 5191 5393
f 5393 5194 5528
f 5529 5530 5726
f 5727 5323 5532
f 5727 5460 5323
f 5534 5657 5398
f 5534 5728 5657
f 5728 5534 5595
f 5729 5595 5596
f 5730 5658 5535
f 5730 5535 5400
f 5730 5400 5731
f 5400 5401 5732
f 5733 5538 5734
f 5538 5660 5734
f 5324 5661 5401
f 5659 5735 5461
f 5405 5663 5205
f 5461 5735 5598
f 5736 5462 5662
f 5601 5602 5737
f 5541 5738 5602
f 5739 5601 5737
f 5740 5541 5466
f 5413 5741 5206
f 5742 5600 5464
f 5742 5464 5601
f 5742 5601 5739
f 5600 5743 5664
f 5743 5600 5742
f 5740 5466 5665
f 5742 5668 5743
f 5664 5744 5666
f 5745 5664 5743
f 5745 5743 5668
f 5746 5605 5668
f 5669 5745 5668
f 5545 5747 5412
f 5544 5667 5748
f 5544 5749 5546
f 5748 5749 5544
f 5669 5750 5745
f 5751 5670 5546
f 5751 5546 5749
f 5275 5477 5149
f 5669 5752 5750
f 5671 5753 5606
f 5549 5752 5669
f 5550 5754 5549
f 5549 5754 5752
f 5350 5547 5280
f 5755 5675 5674
f 5756 5675 5755
f 5757 5675 5756
f 5611 5614 5758
f 5618 5759 5350
f 5677 5758 5614
f 5760 5757 5761
f 5760 5762 5757
f 5757 5762 5675
f 5675 5762 5615
f 5612 5613 5763
f 5763 5764 5612
f 5612 5765 5556
f 5764 5765 5612
f 5765 5766 5556
f 5556 5766 5616
f 5615 5763 5613
f 5678 5767 5217
f 5767 5681 5217
f 5287 5680 5424
f 5216 5215 5768
f 5768 5769 5216
f 5216 5769 5157
f 5769 5619 5157
f 5484 5770 5427
f 5426 5425 5771
f 5429 5624 5622
f 5431 5220 5772
f 5773 5626 5431
f 5486 5561 5774
f 5489 5487 5775
f 5776 5565 5357
f 5690 5492 5777
f 5777 5492 5491
f 5778 5491 5434
f 5434 5568 5778
f 5436 5493 5779
f 5691 5437 5435
f 5691 5780 5437
f 5781 5493 5570
f 5495 5437 5780
f 5494 5439 5782
f 5359 5497 5695
f 5496 5782 5439
f 5783 5782 5496
f 5498 5696 5496
f 5784 5698 5366
f 5502 5635 5697
f 5299 5699 5575
f 5785 5503 5574
f 5505 5578 5786
f 5787 5505 5786
f 5637 5579 5787
f 5579 5505 5787
f 5700 5703 5304
f 5703 5246 5244
f 5703 5580 5246
f 5701 5442 5639
f 5582 5788 5508
f 5789 5373 5642
f 5706 5446 5790
f 5446 5708 5790
f 5585 5791 5709
f 5644 5586 5792
f 5644 5710 5516
f 5791 5585 5793
f 5643 5793 5585
f 5710 5711 5382
f 5377 5587 5643
f 5587 5378 5794
f 5515 5795 5378
f 5378 5795 5794
f 5795 5515 5645
f 5252 5380 5308
f 5712 5454 5519
f 5309 5310 5713
f 5518 5714 5451
f 5796 5383 5251
f 5590 5454 5797
f 5797 5649 5590
f 5523 5648 4889
f 5260 5716 5524
f 5649 5798 5651
f 5387 5455 5721
f 5526 5263 5653
f 5725 5656 5318
f 5533 5799 5396
f 5728 5800 5657
f 5801 5728 5595
f 5596 5658 5802
f 5801 5595 5729
f 5734 5800 5728
f 5734 5728 5733
f 5733 5728 5801
f 5733 5801 5803
f 5732 5731 5400
f 5538 5733 5803
f 5803 5659 5538
f 5661 5732 5401
f 5804 5537 5599
f 5598 5735 5805
f 5462 5661 5402
f 5805 5662 5598
f 5806 5739 5737
f 5746 5742 5739
f 5739 5806 5746
f 5668 5742 5746
f 5807 4905 5203
f 5808 5666 5744
f 5545 5605 5809
f 5809 5747 5545
f 5412 5810 5543
f 5747 5810 5412
f 5666 5808 5667
f 5664 5745 5744
f 5811 5667 5808
f 5750 5744 5745
f 5604 5812 5274
f 5748 5667 5811
f 4905 5813 4703
f 5477 5814 5149
f 5751 5671 5670
f 5811 5815 5748
f 5812 5672 5274
f 4742 4703 5813
f 5606 5816 5607
f 5817 5816 5606
f 5606 5753 5817
f 5753 5671 5751
f 5754 5815 5811
f 5754 5811 5752
f 5673 5607 5818
f 5816 5818 5607
f 5550 5819 5754
f 5350 5759 5547
f 5819 5608 5611
f 5608 5819 5550
f 5756 5761 5757
f 5820 5616 5766
f 5820 5821 5616
f 5616 5821 5677
f 5677 5821 5758
f 5555 5285 5822
f 5285 5480 5822
f 5823 5824 5825
f 5826 5824 5823
f 5826 5827 5824
f 5760 5761 5827
f 5762 5760 5828
f 5829 5615 5762
f 5615 5829 5763
f 5826 5830 5827
f 5760 5827 5830
f 5828 5831 5762
f 5762 5831 5829
f 5680 5822 5480
f 5825 5832 5823
f 5826 5823 5830
f 5833 5825 5834
f 5825 5833 5832
f 5215 5679 5768
f 5558 5481 5835
f 5426 5836 5288
f 5622 5837 5484
f 5625 5560 5838
f 5485 5839 5352
f 5352 5839 5220
f 5838 5560 5486
f 5838 5486 5840
f 5840 5486 5774
f 5626 5773 5562
f 5561 5563 5841
f 5487 5564 5775
f 5488 5842 5685
f 5433 5843 5627
f 5688 5627 5844
f 5776 5357 5566
f 5777 5491 5778
f 5845 5569 5630
f 5568 5631 5846
f 5779 5631 5436
f 5781 5779 5493
f 5632 5847 5363
f 5848 5571 5438
f 5848 5438 5782
f 5782 5438 5494
f 5359 5695 5692
f 5847 5694 5363
f 5633 5495 5780
f 5696 5783 5496
f 5633 5849 5501
f 5572 5500 5850
f 5634 5784 5366
f 5501 5849 5699
f 5500 5573 5851
f 5573 5503 5851
f 5575 5852 5578
f 5503 5785 5851
f 5853 5443 5702
f 5443 5853 5635
f 5574 5636 5785
f 5854 5855 5445
f 5445 5855 5511
f 5855 5640 5511
f 5636 5856 5857
f 5856 5636 5577
f 5856 5577 5701
f 5510 5858 5583
f 5510 5705 5858
f 5513 5373 5789
f 5508 5788 5509
f 5707 5513 5859
f 5860 5447 5707
f 5861 5376 5447
f 5584 5376 5861
f 5862 5790 5708
f 5863 5710 5644
f 5863 5711 5710
f 5711 5864 5712
f 5454 5712 5797
f 5714 5517 5646
f 5796 5251 5308
f 5450 5645 5449
f 5865 5645 5450
f 5451 5866 5384
f 5649 5797 5798
f 5866 5716 5384
f 5796 5522 5383
f 5867 5522 5796
f 5867 5868 5522
f 5651 5798 5869
f 5717 5870 5588
f 5868 5718 5522
f 5716 5720 5524
f 5589 5525 5871
f 5720 5872 5650
f 5592 5651 5873
f 5592 5873 5724
f 5874 5591 5721
f 5455 5722 5721
f 5874 5875 5591
f 5591 5875 5456
f 5457 5876 5389
f 5458 5456 5877
f 5878 5530 5655
f 5725 5458 5879
f 5880 5654 5393
f 5656 5881 5527
f 5529 5726 5882
f 5532 5529 5882
f 5882 5727 5532
f 5799 5883 5396
f 5460 5727 5884
f 5885 5799 5533
f 5533 5594 5885
f 5802 5729 5596
f 5536 5886 5597
f 5887 5800 5734
f 5660 5887 5734
f 5888 5803 5801
f 5889 5597 5886
f 5803 5888 5659
f 5889 5405 5597
f 5889 5663 5405
f 5659 5888 5735
f 5661 5890 5732
f 5890 5661 5462
f 5891 5462 5736
f 5890 5462 5891
f 5738 5892 5602
f 5892 5737 5602
f 5893 5603 5663
f 5809 5746 5806
f 5604 5603 5893
f 5605 5746 5809
f 5810 5665 5543
f 5750 5808 5744
f 5813 4905 5807
f 5749 5894 5751
f 5894 5749 5748
f 5748 5815 5894
f 5752 5811 5808
f 5752 5808 5750
f 5751 5895 5753
f 5895 5751 5894
f 5819 5894 5815
f 5819 5815 5754
f 5818 5896 5674
f 5818 5674 5673
f 5817 5753 5897
f 5897 5753 5898
f 5898 5753 5895
f 5676 5899 5477
f 5896 5755 5674
f 5672 5900 5552
f 5755 5896 5756
f 5611 5901 5819
f 5821 5901 5758
f 5758 5901 5611
f 5821 5820 5901
f 5900 5678 5552
f 5761 5756 5902
f 5903 5617 5554
f 5764 5904 5765
f 5905 5825 5824
f 5902 5824 5827
f 5902 5827 5761
f 5906 5904 5763
f 5764 5763 5904
f 5763 5829 5906
f 5905 5834 5825
f 5907 5905 5908
f 5907 5834 5905
f 5760 5830 5828
f 5287 5909 5680
f 5834 5907 5833
f 5910 5823 5832
f 5910 5830 5823
f 5830 5910 5911
f 5909 5287 5619
f 5427 5770 5618
f 5837 5770 5484
f 5426 5771 5836
f 5912 5288 5836
f 4414 5288 5620
f 5622 5624 5913
f 5624 5914 5913
f 5621 5915 5428
f 5428 5915 5623
f 5774 5561 5841
f 5916 5563 5685
f 5489 5775 5687
f 5686 5356 5687
f 5917 5488 5686
f 5843 5433 5628
f 5918 5843 5628
f 5918 5628 5919
f 5689 5565 5920
f 5629 5776 5566
f 5689 5921 5630
f 5630 5921 5845
f 5778 5568 5922
f 5922 5568 5846
f 5846 5631 5779
f 5691 5923 5780
f 5924 5781 5570
f 5925 5924 5570
f 5570 5692 5925
f 5848 5693 5571
f 5923 5633 5780
f 5692 5695 5926
f 5633 5923 5849
f 5927 5634 5694
f 5695 5572 5850
f 5697 5696 5499
f 5927 5784 5634
f 5850 5500 5851
f 5699 5852 5575
f 5635 5853 5697
f 5786 5578 5852
f 5637 5787 5928
f 5637 5928 5700
f 5929 5703 5700
f 5581 5580 5930
f 5636 5931 5785
f 5507 5854 5445
f 5702 5638 5932
f 5932 5638 5370
f 5370 5704 5932
f 5933 5642 5640
f 5934 5856 5701
f 5933 5789 5642
f 5935 5582 5504
f 5704 5583 5858
f 5934 5701 5936
f 5936 5701 5639
f 5706 5936 5639
f 5789 5859 5513
f 5509 5937 5641
f 5790 5936 5706
f 5860 5861 5447
f 5448 5792 5586
f 5711 5863 5938
f 5711 5938 5939
f 5708 5709 5940
f 5791 5940 5709
f 5864 5711 5939
f 5793 5941 5791
f 5587 5942 5643
f 5587 5794 5942
f 5795 5943 5794
f 5712 5864 5797
f 5308 5944 5796
f 5945 5647 5521
f 5945 5521 5946
f 5450 5520 5865
f 5451 5714 5866
f 5713 5310 5648
f 5521 5588 5946
f 5523 5947 5648
f 5651 5869 5873
f 5715 5589 5948
f 5650 5949 5717
f 5949 5870 5717
f 5871 5948 5589
f 5950 5871 5525
f 5724 5873 5655
f 5950 5525 5652
f 5873 5878 5655
f 5877 5456 5875
f 5389 5876 5723
f 5951 5722 5526
f 5879 5458 5877
f 5951 5526 5653
f 5530 5878 5726
f 5881 5653 5527
f 5528 5880 5393
f 5952 5460 5884
f 5536 5460 5952
f 5886 5536 5952
f 5729 5802 5801
f 5953 5802 5658
f 5953 5658 5730
f 5731 5954 5730
f 5888 5801 5802
f 5200 5537 5955
f 5956 5732 5890
f 5660 5463 5540
f 5662 5957 5736
f 5737 5892 5958
f 5740 5738 5541
f 5737 5958 5806
f 5959 5665 5810
f 5149 5814 5540
f 5547 5960 5413
f 5814 5477 5899
f 5894 5819 5895
f 5895 5819 5961
f 5962 5818 5816
f 5963 5816 5817
f 5817 5897 5964
f 5961 5898 5895
f 5901 5961 5819
f 5813 5418 4742
f 5901 5898 5961
f 5965 5756 5896
f 5901 5897 5898
f 5965 5966 5756
f 5820 5964 5897
f 5820 5897 5901
f 5618 5967 5759
f 5766 5964 5820
f 5902 5756 5966
f 5904 5968 5765
f 5765 5968 5766
f 5903 5554 5555
f 5902 5969 5824
f 5902 5966 5969
f 5905 5824 5970
f 5905 5970 5908
f 5971 5908 5972
f 5831 5973 5829
f 5348 5974 5009
f 5975 5971 5972
f 5971 5907 5908
f 5828 5976 5831
f 5831 5976 5973
f 5681 5977 5483
f 5828 5830 5978
f 5828 5978 5976
f 5979 5980 5981
f 5981 5980 5975
f 5975 5980 5971
f 5911 5978 5830
f 5977 5682 5483
f 5907 5971 5982
f 5833 5907 5982
f 5833 5983 5832
f 5832 5983 5984
f 5984 5910 5832
f 5980 5979 5985
f 5980 5985 5971
f 5833 5982 5983
f 5971 5985 5982
f 5985 5979 5986
f 5682 5987 5684
f 5425 5559 5988
f 5988 5771 5425
f 5625 5914 5624
f 5989 5914 5625
f 5220 5839 5772
f 5772 5773 5431
f 5562 5990 5564
f 5916 5841 5563
f 5916 5685 5842
f 5488 5917 5842
f 5627 5843 5844
f 5688 5991 5629
f 5567 5919 5628
f 5565 5776 5920
f 5992 5919 5567
f 5992 5567 5690
f 5993 5776 5629
f 5993 5629 5991
f 5922 5994 5778
f 5569 5845 5691
f 5995 5782 5783
f 5695 5850 5926
f 5927 5996 5784
f 5852 5699 5997
f 5998 5697 5853
f 5698 5784 5999
f 6000 5787 5786
f 5787 6000 5928
f 5853 5702 5998
f 5785 6001 5851
f 6002 5507 5581
f 6003 5507 6002
f 5931 6001 5785
f 5703 5930 5580
f 5930 6002 5581
f 5698 6004 5576
f 6005 5933 5640
f 5857 5931 5636
f 6006 5504 5576
f 6006 5935 5504
f 5858 5705 6007
f 5705 5641 5937
f 5788 6008 5509
f 5509 6008 5937
f 5584 5861 6009
f 6010 5936 5790
f 5584 6009 5448
f 5448 6009 6011
f 5792 5448 6011
f 6010 5790 5862
f 5938 6012 5939
f 5939 6012 6013
f 6014 6010 5862
f 5644 6015 5863
f 5708 6016 5862
f 6014 5862 6016
f 6016 5708 6017
f 6017 5708 5940
f 5939 6018 5864
f 6019 5940 5791
f 5791 5941 6020
f 5864 6018 6021
f 6019 5791 6020
f 5864 6021 5797
f 5643 6022 5793
f 5643 5942 6022
f 5797 6021 5798
f 5798 6021 6023
f 5308 5380 5944
f 5798 6023 6024
f 5646 6025 5714
f 5646 5647 5945
f 5869 5798 6024
f 5869 6024 5873
f 6026 5946 5588
f 5719 5947 5523
f 5716 6027 5720
f 6027 5872 5720
f 5650 5872 5949
f 5950 5652 6028
f 6029 5721 5722
f 5722 5951 6030
f 5878 6031 5726
f 5653 5881 5951
f 6032 5656 5725
f 6033 5528 5396
f 5883 6033 5396
f 5593 5531 5193
f 5397 5395 5192
f 6034 5198 5145
f 6035 5802 5953
f 5954 5953 5730
f 5802 6035 5888
f 5955 5594 5200
f 5804 5955 5537
f 5805 5735 6036
f 5738 5740 6037
f 5741 5599 5206
f 5665 6038 5740
f 6039 5806 5958
f 6038 5665 5959
f 6039 5809 5806
f 5741 5413 5960
f 6040 5747 5809
f 5816 5963 5962
f 6041 5896 5818
f 6041 5818 5962
f 5963 5817 5964
f 6041 5965 5896
f 6042 5966 5965
f 5968 5963 5964
f 5766 5968 5964
f 5904 6043 5968
f 5824 6044 5970
f 5969 6044 5824
f 5906 6043 5904
f 6045 6043 5906
f 5618 6046 5967
f 5906 6047 6045
f 5908 6048 5972
f 6048 5908 5970
f 5829 6047 5906
f 5829 5973 6047
f 5482 6049 5679
f 5558 6050 5676
f 5979 5981 6051
f 5009 5974 5559
f 6051 6052 5979
f 6053 5769 5768
f 5986 5979 6052
f 6054 5985 5986
f 5985 6054 5982
f 5683 6055 5481
f 5837 5622 5913
f 5620 5683 5286
f 5288 5912 5620
f 5915 6056 5623
f 5623 5839 5485
f 5773 5772 6057
f 6058 5774 5841
f 6059 5841 5916
f 6060 5686 5687
f 5842 6061 5916
f 5844 5843 6062
f 5991 5688 6063
f 6063 5688 5844
f 5920 5921 5689
f 6064 5920 5776
f 6064 5776 5993
f 5992 5690 5777
f 5994 5777 5778
f 5845 6065 5691
f 5923 5691 6065
f 5779 5781 6066
f 5693 5847 5632
f 5848 6067 5693
f 6067 5848 5995
f 5782 5995 5848
f 5849 5997 5699
f 5926 5850 6068
f 5850 5851 6068
f 5996 5999 5784
f 6000 5786 5852
f 5928 5929 5700
f 6069 5851 6001
f 5703 5929 6070
f 5703 6070 5930
f 5507 6003 5854
f 5855 6005 5640
f 6006 5576 6004
f 6071 5931 5857
f 6072 5931 6071
f 6071 5857 5856
f 6073 5856 5934
f 6074 5934 5936
f 5859 6075 5707
f 5707 6075 6076
f 5856 6073 6071
f 5707 6076 5860
f 6074 5936 6010
f 6013 6012 6077
f 6011 6078 5792
f 5863 6079 5938
f 5792 6078 5644
f 5644 6078 6015
f 5939 6013 6080
f 5939 6080 6018
f 6014 6081 6010
f 6082 6081 6014
f 6083 6016 6017
f 6014 6016 6084
f 6017 5940 6019
f 6082 6014 6084
f 6016 6083 6084
f 6085 6019 6020
f 6021 6086 6023
f 6024 6023 6082
f 6020 5941 6087
f 6024 6082 6084
f 5941 5793 6022
f 6088 5942 5794
f 5943 6088 5794
f 5945 6025 5646
f 5713 5648 6089
f 5873 6024 6084
f 6084 6090 5873
f 5865 5520 6091
f 5866 6092 5716
f 6091 5520 5715
f 5870 6026 5588
f 5867 6093 5868
f 5873 6090 6094
f 5873 6094 5878
f 5721 6029 5874
f 6031 5878 6094
f 5722 6030 6029
f 5726 6031 5882
f 6028 5652 5880
f 5654 5880 5652
f 6095 5457 5392
f 6096 5725 5879
f 6096 6097 5725
f 6097 6032 5725
f 6098 5656 6032
f 6098 5881 5656
f 4954 6099 4996
f 5884 5727 6100
f 6101 5799 5885
f 6034 5145 5265
f 5955 5885 5594
f 5732 6102 5731
f 6103 5325 5198
f 5660 6104 5887
f 5732 5956 6102
f 5888 6105 5735
f 5805 6106 5662
f 6107 5890 5891
f 5738 6108 5892
f 5738 6037 6108
f 5893 5663 6109
f 6106 5957 5662
f 6110 5604 5893
f 6039 6040 5809
f 5741 5960 6111
f 5814 6112 5540
f 6110 5812 5604
f 5962 6113 6041
f 5962 5963 6113
f 6041 6113 6114
f 6042 5965 6115
f 6115 5965 6114
f 6114 5965 6041
f 6116 6113 5963
f 5968 6116 5963
f 6117 5966 6042
f 6043 6116 5968
f 5900 5767 5678
f 6118 5903 5555
f 6044 6119 5970
f 6120 6044 5969
f 5966 6120 5969
f 6045 6121 6043
f 5348 5418 6122
f 6122 5974 5348
f 6049 5482 5617
f 5972 6123 5975
f 6123 5981 5975
f 6123 6124 5981
f 5976 5978 6125
f 5835 6050 5558
f 6126 6051 5981
f 5978 5911 6127
f 5679 6053 5768
f 5618 5770 6046
f 5984 6127 5910
f 5910 6127 5911
f 6051 6128 6052
f 5984 5983 6129
f 6053 6130 5769
f 6130 5619 5769
f 5974 5988 5559
f 5982 6129 5983
f 6128 6131 6052
f 5986 6052 6132
f 5986 6133 6054
f 5837 5913 6134
f 6135 5621 5684
f 5771 6136 5836
f 5838 5989 5625
f 5774 6058 5840
f 6137 5840 6058
f 5990 6138 5564
f 5564 6138 5775
f 6060 5917 5686
f 5843 6139 6062
f 5918 6139 5843
f 6140 5918 5919
f 6140 5919 5992
f 6141 5921 5920
f 5992 5777 6142
f 6143 5846 6066
f 5779 6066 5846
f 6144 5923 6065
f 5781 6145 6066
f 5847 5693 6146
f 5692 6147 5925
f 6144 5849 5923
f 5849 6144 5997
f 5692 5926 6147
f 5783 6148 5995
f 5927 5694 6149
f 5783 5696 6148
f 6000 6150 5928
f 6151 5928 6150
f 5929 5928 6151
f 5851 6069 6068
f 6004 5698 5999
f 5855 5854 6152
f 6005 5855 6152
f 5932 6153 5702
f 6069 6001 6154
f 6154 6001 5931
f 5789 5933 6155
f 6072 6154 5931
f 6155 5859 5789
f 5935 6156 5582
f 6156 5788 5582
f 5934 6074 6073
f 6007 5705 6157
f 6158 6072 6077
f 6071 6077 6072
f 6156 6159 5788
f 5860 6076 6160
f 6160 5861 5860
f 6161 6073 6074
f 6012 6158 6077
f 6077 6071 6073
f 6012 6162 6158
f 6010 6161 6074
f 5938 6079 6162
f 5938 6162 6012
f 6080 6077 6073
f 6163 6161 6010
f 6013 6077 6080
f 6081 6163 6010
f 6018 6080 6164
f 6164 6161 6163
f 6021 6018 6164
f 6082 6163 6081
f 6021 6164 6086
f 6086 6164 6163
f 6086 6163 6082
f 6023 6086 6082
f 6083 6017 6165
f 6165 6017 6019
f 6165 6019 6085
f 6020 6087 6085
f 6087 5941 6022
f 5645 5943 5795
f 5944 6166 5796
f 5713 5944 5380
f 6084 6083 6165
f 6167 6025 5945
f 5943 5645 5865
f 6168 5945 5946
f 6169 5867 5796
f 5714 6025 5866
f 6026 6168 5946
f 5947 6089 5648
f 6026 5870 6170
f 6090 6084 6094
f 6091 5715 5948
f 6092 6027 5716
f 6171 5870 5949
f 6170 5870 6171
f 6094 6172 6031
f 5877 6173 5879
f 5882 6031 6174
f 6173 6096 5879
f 6175 6030 5951
f 6174 6176 5882
f 5951 5881 6175
f 5264 5392 5094
f 6033 6177 5880
f 6033 5880 5528
f 5882 6100 5727
f 6100 6178 5884
f 5884 6178 5952
f 5657 6179 5397
f 5657 5800 6179
f 5886 6180 5889
f 5887 6179 5800
f 5953 5954 6035
f 6181 5954 5731
f 6034 6103 5198
f 6182 5888 6035
f 5888 6182 6105
f 5889 6109 5663
f 5890 6183 5956
f 6036 6106 5805
f 6107 6183 5890
f 5736 6184 5891
f 5599 5741 6185
f 6040 5810 5747
f 5547 6186 5960
f 6187 5672 5812
f 5672 6187 5900
f 6115 6188 6042
f 6188 6115 6114
f 6114 6113 6116
f 6188 6114 6121
f 6121 6114 6043
f 6043 6114 6116
f 6119 6189 5970
f 6120 5966 6117
f 6045 6190 6121
f 5903 6191 5617
f 6192 6191 5903
f 6192 5903 6118
f 6118 5555 5822
f 6189 6048 5970
f 6047 6190 6045
f 6193 5681 5767
f 5972 6194 6123
f 5972 6048 6194
f 6191 6049 5617
f 6047 5973 6195
f 6124 6126 5981
f 6195 5976 6125
f 5976 6195 5973
f 6196 6051 6197
f 6197 6051 6126
f 5978 6127 6198
f 5978 6198 6125
f 6196 6128 6051
f 6127 5984 6129
f 6196 6199 6128
f 6200 5987 5682
f 6054 6201 5982
f 5770 5837 6202
f 5837 6134 6202
f 6199 6131 6128
f 5987 6135 5684
f 6052 6131 6132
f 6132 6133 5986
f 6054 6133 6201
f 6055 5835 5481
f 5913 6203 6134
f 5771 5988 6204
f 5621 6135 5915
f 5914 6203 5913
f 5915 6205 6056
f 5839 5623 6056
f 6137 5838 5840
f 5773 6206 5562
f 6206 5990 5562
f 6058 5841 6059
f 5687 5775 6207
f 6207 6060 5687
f 6060 6208 5917
f 5842 5917 6209
f 5918 6140 6139
f 6064 6141 5920
f 6141 6064 6210
f 6211 6064 5993
f 5777 5994 6142
f 5921 6141 6212
f 6210 6064 6211
f 5921 6212 5845
f 6212 6065 5845
f 5994 5922 6213
f 6143 6213 5922
f 5846 6143 5922
f 6065 6212 6214
f 6065 6214 6144
f 6215 5781 5924
f 6145 5781 6215
f 5997 6144 6216
f 6217 5997 6216
f 6218 6147 5926
f 6219 5996 5927
f 5696 6220 6148
f 5852 5997 6217
f 5852 6217 6000
f 6221 6000 6217
f 5926 6068 6218
f 5697 6220 5696
f 6000 6221 6150
f 5998 6220 5697
f 6151 6222 5929
f 5929 6222 6070
f 6223 6003 6224
f 6069 6225 6068
f 5702 6153 5998
f 6002 5930 6224
f 6002 6224 6003
f 6003 6223 5854
f 6226 5933 6005
f 6155 5933 6226
f 5859 6155 6075
f 6227 6154 6072
f 6162 6227 6072
f 6162 6072 6158
f 6079 6227 6162
f 5705 5937 6157
f 5788 6228 6008
f 6015 6229 5863
f 5863 6229 6079
f 6164 6073 6161
f 6080 6073 6164
f 6085 6230 6165
f 6088 6231 5942
f 6230 6085 6232
f 6232 6085 6087
f 6233 6087 6022
f 6022 5942 6233
f 5796 6166 6169
f 6165 6094 6084
f 6169 6093 5867
f 6094 6165 6230
f 6172 6094 6230
f 6093 6234 5868
f 5868 6234 5718
f 6235 5948 5871
f 6027 6236 5872
f 5872 6236 5949
f 5950 6235 5871
f 6031 6172 6174
f 6172 6237 6174
f 5874 5877 5875
f 6096 6238 6097
f 5882 6176 6100
f 6097 6239 6032
f 6240 6033 5883
f 6241 6240 5883
f 6241 5883 5799
f 6101 6241 5799
f 5952 6178 6242
f 6243 5265 5531
f 5952 6242 5886
f 5886 6242 6180
f 6244 6179 5887
f 6035 5954 6245
f 6245 5954 6181
f 5956 6246 6102
f 6247 6246 5956
f 6247 5956 6183
f 5540 6104 5660
f 5892 6248 5958
f 5740 6249 6037
f 6185 5804 5599
f 6184 6107 5891
f 6038 6249 5740
f 5736 5957 6184
f 6109 6110 5893
f 6250 6039 5958
f 5959 5810 6251
f 6110 6252 5812
f 5899 6253 5814
f 6186 5547 5759
f 6122 5418 5813
f 6042 6254 6117
f 6042 6190 6254
f 6188 6190 6042
f 6044 6255 6119
f 6117 6254 6120
f 6190 6188 6121
f 5967 6046 6256
f 6189 6194 6048
f 6189 6119 6255
f 6257 6044 6120
f 6258 6254 6190
f 6120 6259 6257
f 6259 6120 6254
f 6195 6258 6047
f 6047 6258 6190
f 5681 6193 5977
f 5822 5680 6260
f 6126 6124 6197
f 6198 6259 6258
f 6258 6195 6198
f 6125 6198 6195
f 6261 6260 5909
f 6260 5680 5909
f 6200 5682 5977
f 6202 6046 5770
f 6262 6261 5619
f 5909 5619 6261
f 6127 6129 6263
f 6130 6262 5619
f 5982 6263 6129
f 5982 6201 6263
f 6264 6131 6199
f 6265 6133 6266
f 6265 6201 6133
f 6131 6264 6267
f 6131 6267 6132
f 6268 5771 6204
f 6268 6136 5771
f 5683 5620 6269
f 5836 6270 5912
f 6271 5914 5989
f 5839 6056 6272
f 6272 5772 5839
f 5838 6273 5989
f 5838 6137 6273
f 6057 6206 5773
f 6274 6137 6058
f 6274 6058 6275
f 6058 6059 6275
f 6208 6209 5917
f 6276 5916 6061
f 5916 6276 6059
f 6062 6063 5844
f 6277 6139 6140
f 6278 5991 6063
f 6277 6140 5992
f 5991 6278 5993
f 6142 6279 5992
f 6211 5993 6278
f 6280 6212 6141
f 6210 6280 6141
f 6210 6281 6280
f 6143 6066 6282
f 6066 6145 6282
f 6144 6214 6216
f 6146 5693 6067
f 5847 6149 5694
f 5925 6215 5924
f 6283 6067 5995
f 6148 6283 5995
f 6284 6215 5925
f 6284 5925 6147
f 5927 6149 6219
f 6285 6221 6217
f 6286 6221 6285
f 6150 6221 6286
f 6150 6286 6287
f 6150 6287 6151
f 6151 6287 6288
f 6289 5996 6219
f 6289 5999 5996
f 6222 6151 6290
f 6225 6218 6068
f 6222 6291 6070
f 6292 6004 5999
f 6070 6291 5930
f 5854 6223 6293
f 5854 6293 6152
f 6294 6225 6069
f 6006 6004 6295
f 6069 6227 6296
f 5704 6297 5932
f 6227 6069 6154
f 5704 5858 6297
f 6295 5935 6006
f 6298 5858 6007
f 6297 5858 6298
f 6160 6299 5861
f 6009 5861 6299
f 6157 6300 6007
f 6079 6301 6227
f 6011 6009 6302
f 6301 6079 6229
f 6228 5788 6159
f 6303 6157 5937
f 6011 6302 6078
f 6015 6078 6229
f 6231 6088 6304
f 5943 6304 6088
f 6305 5942 6231
f 6168 6167 5945
f 5713 6089 6306
f 6307 6233 5942
f 5942 6305 6307
f 6308 6168 6026
f 6233 6232 6087
f 6309 5943 5865
f 6237 6230 6232
f 6026 6170 6308
f 6170 6310 6308
f 5947 6311 6089
f 6091 6312 5865
f 6027 6092 6313
f 6310 6170 6171
f 6171 6314 6310
f 6312 6091 6315
f 5948 6315 6091
f 5719 5718 5947
f 5718 6316 5947
f 6172 6230 6237
f 6171 6317 6314
f 6027 6318 6236
f 6319 5949 6236
f 6319 6171 5949
f 6171 6319 6317
f 6174 6237 6176
f 6320 5877 5874
f 6321 5950 6028
f 6320 6173 5877
f 6173 6238 6096
f 5876 5457 6095
f 6322 5881 6098
f 6032 6322 6098
f 6323 5731 6102
f 6323 6181 5731
f 6324 6182 6035
f 6245 6324 6035
f 6182 6324 6105
f 5889 6180 6109
f 6105 6036 5735
f 6108 6248 5892
f 5959 6249 6038
f 6325 6110 6109
f 6326 5959 6251
f 6185 5741 6111
f 6251 6040 6039
f 6251 5810 6040
f 6253 6112 5814
f 6186 6111 5960
f 6187 5812 6252
f 6327 5767 5900
f 5676 6328 5899
f 6327 6193 5767
f 6044 6257 6255
f 6254 6258 6259
f 6260 6118 5822
f 6329 6123 6330
f 6329 6124 6123
f 6330 6123 6194
f 6331 6259 6198
f 6332 6196 6197
f 6127 6331 6198
f 6333 5987 6200
f 5988 5974 6334
f 6335 6132 6267
f 6132 6335 6133
f 6133 6335 6266
f 6336 6055 5683
f 5912 6270 5620
f 6271 5989 6273
f 6337 6137 6274
f 6138 6207 5775
f 6059 6338 6275
f 6209 6339 5842
f 5842 6339 6061
f 6062 6139 6340
f 6341 6063 6062
f 6341 6062 6340
f 5992 6279 6277
f 6342 6279 6142
f 6342 6142 6343
f 5994 6343 6142
f 6211 6278 6344
f 6211 6281 6210
f 6213 6343 5994
f 6345 6280 6281
f 6346 6281 6211
f 6213 6143 6347
f 6214 6212 6280
f 6347 6143 6282
f 6345 6214 6280
f 6286 6345 6281
f 6216 6214 6345
f 6287 6281 6346
f 6286 6281 6287
f 6145 6348 6282
f 6146 6349 5847
f 6285 6345 6286
f 6287 6346 6288
f 6285 6216 6345
f 6350 6067 6283
f 6217 6216 6285
f 6351 6283 6148
f 6145 6215 6352
f 6290 6288 6353
f 6151 6288 6290
f 6351 6148 6220
f 6222 6290 6291
f 6354 6293 6223
f 6292 5999 6355
f 5930 6291 6356
f 5930 6356 6224
f 6005 6152 6357
f 6005 6357 6226
f 6358 6004 6292
f 5932 6359 6153
f 6295 6004 6358
f 6069 6296 6294
f 5932 6297 6359
f 6076 6360 6361
f 6160 6076 6361
f 6361 6362 6160
f 6299 6160 6362
f 6363 5935 6295
f 6156 5935 6363
f 6300 6298 6007
f 6299 6302 6009
f 6364 6078 6302
f 6078 6364 6229
f 6008 6303 5937
f 5713 6365 5944
f 6169 6166 6366
f 6306 6365 5713
f 6025 6367 5866
f 6367 6025 6167
f 6366 6368 6169
f 5866 6369 6092
f 6093 6169 6370
f 6371 6232 6233
f 6092 6369 6313
f 6310 6314 6372
f 6370 6234 6093
f 6233 6307 6371
f 6313 6318 6027
f 6371 6237 6232
f 6237 6371 6373
f 5948 6235 6315
f 6236 6318 6319
f 6317 6319 6374
f 6373 6176 6237
f 6173 6320 6375
f 6375 6238 6173
f 6376 6176 6373
f 6321 6028 5880
f 5880 6177 6321
f 6095 6377 5876
f 6378 6175 5881
f 6100 6176 6376
f 4954 6379 6099
f 4954 5189 6379
f 6322 6378 5881
f 6178 6100 6376
f 6376 6380 6178
f 6239 6381 6032
f 6382 6383 6384
f 6383 6385 6384
f 6386 6387 6388
f 6388 6387 6382
f 6385 6383 6389
f 6382 6390 6383
f 6387 6391 6392
f 6382 6387 6392
f 6382 6392 6390
f 6390 6392 6393
f 6383 6390 6394
f 6383 6394 6389
f 6390 6393 6395
f 6390 6395 6394
f 6396 5885 5955
f 6244 5887 6104
f 6180 6397 6109
f 5955 5804 6398
f 6399 6183 6107
f 6248 6400 5958
f 6185 6401 5804
f 5957 6402 6184
f 6400 6250 5958
f 6403 5203 5404
f 6404 6112 6253
f 6194 6405 6330
f 6405 6194 6189
f 6405 6189 6406
f 6255 6406 6189
f 6329 6407 6124
f 6328 5676 6050
f 6197 6124 6407
f 6408 5679 6049
f 6122 6409 5974
f 6410 6196 6332
f 6408 6411 5679
f 6411 6053 5679
f 6412 6053 6411
f 6196 6413 6199
f 6331 6127 6414
f 6263 6414 6127
f 6412 6130 6053
f 6333 6135 5987
f 6134 6415 6202
f 6263 6201 6414
f 6265 6416 6201
f 6203 6417 6134
f 6264 6418 6267
f 6135 6419 5915
f 6055 6336 5835
f 5683 6420 6336
f 5683 6269 6420
f 5620 6270 6269
f 5772 6421 6057
f 6422 6057 6421
f 6137 6423 6273
f 6423 6137 6337
f 6057 6424 6206
f 6060 6425 6208
f 6425 6209 6208
f 6061 6339 6276
f 6340 6139 6277
f 6426 6340 6277
f 6278 6063 6344
f 6344 6063 6341
f 6427 6211 6344
f 6342 6343 6428
f 6346 6427 6288
f 5847 6349 6149
f 6145 6352 6348
f 6352 6429 6348
f 6356 6290 6353
f 6430 6352 6215
f 6430 6215 6284
f 6147 6431 6284
f 6218 6431 6147
f 6291 6290 6356
f 6223 6224 6354
f 6220 5998 6432
f 6293 6433 6357
f 6434 6218 6435
f 6435 6218 6225
f 6153 6432 5998
f 6293 6357 6152
f 6358 6292 6436
f 6435 6225 6294
f 6226 6357 6437
f 6226 6437 6155
f 6155 6437 6438
f 6359 6439 6153
f 6075 6438 6360
f 6155 6438 6075
f 6360 6076 6075
f 6360 6440 6361
f 6301 6296 6227
f 6441 6302 6299
f 6302 6441 6364
f 6229 6364 6301
f 6168 6442 6167
f 6442 6168 6308
f 5943 6443 6304
f 6444 6308 6310
f 6372 6444 6310
f 6309 6443 5943
f 6369 5866 6367
f 6372 6445 6446
f 6370 6169 6368
f 6447 6307 6305
f 6372 6314 6445
f 5865 6312 6309
f 6316 6311 5947
f 6318 6313 6448
f 6317 6449 6314
f 6445 6314 6449
f 5718 6234 6316
f 6450 6371 6307
f 6319 6318 6374
f 6371 6450 6451
f 6373 6371 6451
f 5874 6452 6320
f 6029 6452 5874
f 6030 6452 6029
f 6452 6030 6453
f 6453 6030 6175
f 6177 6033 6454
f 6322 6032 6381
f 6242 6178 6380
f 6242 6455 6180
f 6456 6241 6101
f 6457 6388 6384
f 6382 6384 6388
f 6386 6391 6387
f 6386 6458 6391
f 6323 6245 6181
f 6389 6394 6459
f 6460 6324 6245
f 6461 6323 6102
f 6246 6461 6102
f 6398 6396 5955
f 6105 6324 6462
f 6108 6037 6463
f 6463 6037 6464
f 6462 6036 6105
f 6401 6398 5804
f 6399 6247 6183
f 6037 6249 6464
f 6036 6465 6106
f 6466 6107 6184
f 6107 6466 6399
f 5959 6467 6249
f 5957 6106 6402
f 6468 6250 6400
f 6039 6250 6468
f 6467 5959 6326
f 6468 6251 6039
f 6468 6326 6251
f 6112 6469 5540
f 6252 6110 6325
f 6187 6252 6470
f 6471 6186 5759
f 5759 5967 6471
f 6470 5900 6187
f 5899 6472 6253
f 6473 6122 5813
f 6474 6191 6192
f 6118 6474 6192
f 6256 6046 6475
f 6118 6260 6476
f 6330 6405 6477
f 6477 6405 6478
f 6406 6478 6405
f 6257 6406 6255
f 6257 6259 6406
f 6479 6332 6197
f 6197 6407 6479
f 6331 6406 6259
f 6413 6196 6410
f 6480 6333 6200
f 6414 6481 6331
f 6202 6415 6482
f 6409 6334 5974
f 6412 6262 6130
f 6483 6135 6333
f 6484 6201 6416
f 6414 6201 6484
f 5835 6485 6050
f 6486 6335 6267
f 6267 6418 6486
f 6336 6485 5835
f 6487 6204 5988
f 5914 6488 6203
f 6271 6488 5914
f 6270 5836 6136
f 5772 6272 6489
f 6424 5990 6206
f 6275 6490 6274
f 6207 6491 6060
f 6425 6060 6491
f 6492 6338 6059
f 6059 6276 6492
f 6493 6341 6340
f 6277 6494 6426
f 6279 6494 6277
f 6344 6341 6493
f 6495 6426 6494
f 6494 6279 6342
f 6427 6344 6493
f 6427 6346 6211
f 6496 6343 6213
f 6496 6213 6347
f 6288 6427 6497
f 6348 6347 6282
f 6353 6288 6497
f 6497 6498 6353
f 6219 6149 6499
f 6356 6353 6498
f 6219 6500 6289
f 6224 6501 6354
f 6502 6429 6352
f 6355 5999 6289
f 6224 6356 6501
f 6354 6433 6293
f 6503 6430 6284
f 6502 6352 6430
f 6503 6284 6431
f 6436 6292 6355
f 6434 6431 6218
f 6153 6439 6432
f 6361 6440 6504
f 6361 6504 6505
f 6296 6435 6294
f 6362 6361 6505
f 6362 6505 6506
f 6507 6435 6296
f 6441 6362 6506
f 6362 6441 6299
f 6301 6507 6296
f 6441 6507 6364
f 6364 6507 6301
f 6508 6159 6156
f 6228 6509 6008
f 6509 6303 6008
f 6510 6366 6166
f 6510 6166 5944
f 6167 6511 6367
f 6442 6511 6167
f 6444 6372 6446
f 6231 6512 6305
f 6513 6446 6445
f 6513 6514 6446
f 6370 6368 6514
f 6512 6231 6304
f 6514 6513 6370
f 6445 6515 6513
f 6513 6515 6370
f 6516 6311 6316
f 6369 6448 6313
f 6445 6449 6515
f 6517 6515 6449
f 6515 6517 6370
f 6370 6517 6234
f 6450 6307 6447
f 6317 6374 6449
f 6318 6518 6374
f 6315 6235 6519
f 6235 5950 6321
f 6453 6175 6520
f 6373 6451 6376
f 6521 6321 6177
f 6380 6376 6451
f 6522 6097 6238
f 6097 6522 6523
f 6523 6239 6097
f 6523 6524 6239
f 6524 6381 6239
f 6240 6454 6033
f 6380 6455 6242
f 6384 6525 6526
f 6527 6388 6457
f 6384 6385 6525
f 6385 6528 6525
f 6386 6527 6529
f 6527 6386 6388
f 6385 6530 6528
f 6529 6458 6386
f 6385 6389 6530
f 6531 6532 6458
f 6391 6458 6532
f 6391 6532 6533
f 6391 6533 6392
f 6392 6533 6534
f 6534 6393 6392
f 6534 6395 6393
f 6396 6101 5885
f 6180 6535 6397
f 6394 6536 6459
f 6394 6395 6536
f 6537 6108 6463
f 6246 6247 6538
f 6539 6036 6462
f 6537 6248 6108
f 6247 6399 6538
f 6109 6397 6325
f 6465 6036 6539
f 6538 6399 6540
f 6541 5325 6103
f 6541 5404 5325
f 6401 6185 6111
f 6469 6112 6404
f 6542 5813 5807
f 6327 5900 6470
f 6328 6472 5899
f 5977 6193 6543
f 6474 6544 6191
f 6544 6408 6191
f 6191 6408 6049
f 6480 6200 5977
f 6046 6202 6475
f 6329 6330 6545
f 6330 6477 6545
f 6481 6478 6406
f 6331 6481 6406
f 6484 6481 6414
f 6546 6264 6199
f 6547 6416 6265
f 6547 6265 6548
f 6484 6416 6547
f 6415 6134 6417
f 6549 6418 6264
f 6487 5988 6334
f 6268 6550 6136
f 6205 6272 6056
f 6551 6271 6273
f 6489 6421 5772
f 6274 6552 6337
f 6274 6490 6552
f 6553 6207 6138
f 6338 6554 6275
f 6209 6425 6339
f 6338 6555 6554
f 6338 6492 6555
f 6339 6556 6276
f 6557 6340 6426
f 6495 6557 6426
f 6493 6340 6557
f 6493 6557 6558
f 6495 6494 6559
f 6559 6494 6342
f 6559 6342 6560
f 6428 6560 6342
f 6558 6427 6493
f 6557 6495 6561
f 6343 6496 6428
f 6497 6427 6558
f 6496 6347 6562
f 6349 6146 6563
f 6498 6497 6558
f 6562 6347 6429
f 6347 6348 6429
f 6350 6564 6067
f 6565 6561 6566
f 6349 6499 6149
f 6501 6567 6561
f 6354 6561 6565
f 6568 6350 6283
f 6501 6498 6567
f 6354 6501 6561
f 6351 6568 6283
f 6356 6498 6501
f 6433 6354 6565
f 6433 6565 6569
f 6570 6429 6502
f 6433 6569 6571
f 6572 6436 6355
f 6357 6433 6571
f 6357 6571 6437
f 6504 6570 6502
f 6573 6503 6431
f 6438 6437 6574
f 6505 6504 6502
f 6505 6502 6430
f 6505 6430 6503
f 6434 6573 6431
f 6440 6570 6504
f 6575 6503 6573
f 6435 6573 6434
f 6440 6576 6577
f 6505 6503 6506
f 6506 6503 6575
f 6438 6576 6360
f 6359 6578 6439
f 6360 6576 6440
f 6507 6575 6573
f 6573 6435 6507
f 6441 6506 6575
f 6359 6297 6578
f 6441 6575 6507
f 6579 6580 6295
f 6580 6363 6295
f 6581 6298 6300
f 6582 6508 6156
f 6508 6583 6159
f 6228 6159 6583
f 6510 5944 6365
f 6584 6442 6308
f 6585 6368 6366
f 6444 6584 6308
f 6367 6586 6369
f 6367 6511 6586
f 6306 6089 6311
f 6447 6305 6587
f 6587 6305 6512
f 6304 6443 6512
f 6588 6443 6309
f 6312 6588 6309
f 6448 6589 6318
f 6449 6374 6590
f 6234 6517 6591
f 6318 6589 6518
f 6518 6590 6374
f 6451 6450 6592
f 6375 6320 6593
f 6594 6451 6592
f 6595 6235 6321
f 6238 6375 6596
f 6597 5189 5723
f 6598 5876 6377
f 6380 6451 6594
f 6177 6454 6521
f 6596 6522 6238
f 6381 6378 6322
f 6599 6380 6594
f 6600 5264 5319
f 6455 6380 6599
f 6526 6457 6384
f 6526 6601 6457
f 6458 6529 6531
f 6602 6603 6529
f 6603 6531 6529
f 6531 6604 6532
f 6605 6530 6389
f 6455 6535 6180
f 6531 6603 6606
f 6534 6607 6395
f 6602 6463 6603
f 6606 6463 6464
f 6603 6463 6606
f 6389 6459 6605
f 6395 6607 6608
f 6608 6536 6395
f 6324 6460 6462
f 6104 6609 6244
f 6538 6610 6246
f 6464 6249 6606
f 6399 6466 6540
f 5540 6469 6104
f 6184 6402 6611
f 6326 6468 6612
f 6613 6470 6252
f 5203 6403 5807
f 5967 6256 6471
f 6614 6193 6327
f 6614 6543 6193
f 6543 6480 5977
f 6473 6409 6122
f 6332 6615 6410
f 6479 6615 6332
f 6202 6482 6475
f 6329 6616 6407
f 6478 6481 6477
f 6261 6617 6260
f 6199 6413 6546
f 6548 6545 6477
f 6548 6477 6547
f 6484 6477 6481
f 6547 6477 6484
f 6265 6618 6548
f 6417 6619 6415
f 6618 6266 6620
f 6266 6618 6265
f 6335 6620 6266
f 6483 6419 6135
f 6485 6621 6050
f 6622 6486 6418
f 6488 6417 6203
f 6623 5915 6419
f 5915 6623 6205
f 6204 6550 6268
f 6550 6624 6136
f 6136 6624 6270
f 6273 6625 6551
f 6423 6626 6273
f 6626 6625 6273
f 6422 6424 6057
f 6423 6337 6627
f 5990 6424 6628
f 6627 6337 6552
f 6628 6629 5990
f 5990 6629 6138
f 6425 6630 6339
f 6276 6556 6492
f 6567 6558 6557
f 6495 6566 6561
f 6566 6495 6559
f 6566 6559 6631
f 6631 6559 6560
f 6632 6560 6428
f 6567 6557 6561
f 6428 6496 6632
f 6631 6560 6632
f 6633 6632 6496
f 6498 6558 6567
f 6633 6496 6562
f 6146 6067 6564
f 6569 6566 6631
f 6634 6631 6635
f 6565 6566 6569
f 6569 6631 6634
f 6631 6632 6635
f 6219 6499 6500
f 6571 6569 6634
f 6632 6633 6635
f 6355 6636 6572
f 6636 6355 6289
f 6500 6636 6289
f 6570 6562 6429
f 6574 6635 6633
f 6574 6633 6577
f 6571 6634 6635
f 6437 6571 6635
f 6437 6635 6574
f 6637 6436 6572
f 6432 6351 6220
f 6574 6577 6576
f 6438 6574 6576
f 6440 6577 6570
f 6295 6358 6579
f 6582 6363 6580
f 6582 6156 6363
f 6228 6583 6509
f 6303 6509 6157
f 6510 6585 6366
f 6638 6584 6444
f 6585 6639 6368
f 6511 6442 6584
f 6638 6444 6446
f 6638 6446 6514
f 6639 6638 6514
f 6639 6514 6368
f 6311 6640 6306
f 6311 6516 6640
f 6641 6512 6443
f 6589 6590 6518
f 6449 6590 6517
f 6590 6591 6517
f 6591 6316 6234
f 6587 6450 6447
f 6641 6443 6642
f 6642 6443 6588
f 6587 6592 6450
f 6643 6587 6512
f 6588 6312 6644
f 6315 6644 6312
f 6315 6519 6644
f 6520 6175 6378
f 6645 6095 5392
f 6646 5392 5264
f 6647 6523 6522
f 6648 6454 6240
f 6647 6524 6523
f 6648 6240 6649
f 6240 6241 6649
f 6650 6527 6457
f 6601 6650 6457
f 6526 6525 6651
f 6651 6525 6528
f 6649 6241 6456
f 5395 5397 6652
f 6529 6527 6653
f 6529 6653 6602
f 6455 6599 6535
f 6533 6654 6534
f 6654 6607 6534
f 6602 6537 6463
f 6604 6531 6606
f 6606 6655 6604
f 6460 6245 6656
f 6656 6245 6323
f 6610 6461 6246
f 6610 6657 6658
f 6610 6538 6657
f 6606 6249 6655
f 6397 6535 6325
f 6659 6398 6401
f 6325 6535 6660
f 6661 6400 6248
f 6467 6662 6249
f 6540 6466 6663
f 6661 6468 6400
f 6106 6664 6402
f 6466 6184 6611
f 6326 6665 6467
f 6326 6612 6665
f 6325 6613 6252
f 6473 5813 6542
f 6474 6118 6476
f 6472 6328 6666
f 6667 6615 6479
f 6476 6260 6617
f 6616 6479 6407
f 6333 6480 6668
f 6545 6616 6329
f 6669 6670 6412
f 6670 6262 6412
f 6335 6486 6620
f 6205 6623 6671
f 6487 6672 6204
f 6673 6205 6671
f 6672 6550 6204
f 6627 6674 6626
f 6627 6626 6423
f 6629 6553 6138
f 6553 6491 6207
f 6490 6275 6554
f 6630 6675 6339
f 6339 6675 6556
f 6563 6499 6349
f 6562 6577 6633
f 6570 6577 6562
f 6676 6439 6578
f 6297 6298 6677
f 6298 6581 6677
f 6678 6508 6582
f 6508 6679 6583
f 6638 6511 6584
f 6586 6511 6680
f 6448 6369 6681
f 6589 6448 6681
f 6682 6516 6316
f 6591 6682 6316
f 6512 6641 6643
f 6592 6587 6683
f 6683 6587 6643
f 6320 6684 6593
f 6452 6684 6320
f 6452 6453 6684
f 6594 6592 6683
f 6235 6595 6519
f 6453 6520 6684
f 6685 6594 6683
f 6595 6321 6521
f 6598 5723 5876
f 6685 6599 6594
f 6686 6647 6522
f 6687 6599 6685
f 5319 5395 6600
f 6688 6650 6601
f 6688 6601 6526
f 6688 6526 6689
f 6689 6526 6651
f 6527 6650 6653
f 6599 6687 6535
f 6690 6602 6653
f 6034 5265 6243
f 6691 6692 6532
f 6532 6692 6533
f 6533 6692 6654
f 6602 6690 6537
f 6604 6691 6532
f 6456 6101 6693
f 6691 6604 6655
f 6693 6101 6396
f 6323 6694 6656
f 6694 6323 6461
f 6461 6610 6695
f 6608 6607 6696
f 6608 6696 6697
f 6396 6398 6698
f 6537 6699 6248
f 6249 6700 6655
f 6538 6701 6657
f 6538 6540 6701
f 6248 6699 6661
f 6662 6700 6249
f 6540 6663 6701
f 6465 6664 6106
f 6468 6661 6612
f 6467 6665 6662
f 6660 6613 6325
f 6469 6609 6104
f 6611 6402 6664
f 6702 6470 6613
f 6253 6472 6404
f 6703 6471 6256
f 6256 6475 6703
f 6704 6544 6474
f 6476 6704 6474
f 6543 6668 6480
f 6705 6413 6410
f 6408 6706 6411
f 6616 6707 6479
f 6411 6706 6708
f 6709 6483 6333
f 6616 6545 6710
f 6412 6411 6708
f 6482 6415 6711
f 6548 6710 6545
f 6050 6712 6328
f 6618 6710 6548
f 6549 6264 6546
f 6618 6620 6710
f 6713 6334 6409
f 6621 6712 6050
f 6549 6714 6418
f 6714 6622 6418
f 6715 6486 6622
f 6620 6486 6715
f 6716 6672 6487
f 6716 6717 6672
f 6551 6718 6271
f 6269 6270 6719
f 6272 6205 6673
f 6551 6625 6718
f 6720 6270 6624
f 6673 6489 6272
f 6672 6721 6550
f 6550 6721 6722
f 6489 6723 6421
f 6550 6722 6624
f 6422 6724 6424
f 6627 6552 6725
f 6553 6726 6491
f 6726 6425 6491
f 6425 6727 6630
f 6490 6554 6552
f 6146 6728 6563
f 6729 6730 6499
f 6729 6499 6563
f 6146 6564 6728
f 6636 6500 6731
f 6500 6499 6730
f 6432 6439 6676
f 6436 6732 6358
f 6358 6732 6579
f 6733 6734 6578
f 6297 6733 6578
f 6735 6580 6579
f 6678 6679 6508
f 6509 6736 6157
f 6583 6737 6509
f 6639 6585 6510
f 6638 6738 6511
f 6739 6738 6638
f 6740 6510 6365
f 6306 6740 6365
f 6680 6511 6738
f 6680 6369 6586
f 6680 6681 6369
f 6589 6681 6590
f 6590 6681 6741
f 6741 6591 6590
f 6591 6742 6682
f 6743 6641 6642
f 6642 6588 6644
f 6744 6644 6519
f 6641 6743 6643
f 6596 6745 6522
f 6379 5189 6597
f 6646 6645 5392
f 6378 6381 6746
f 6685 6683 6747
f 6381 6524 6746
f 6687 6685 6747
f 6748 6647 6686
f 6650 6749 6653
f 6689 6651 6750
f 6456 6751 6649
f 6528 6750 6651
f 6752 6653 6749
f 6687 6753 6535
f 6754 6654 6755
f 6756 6654 6754
f 6757 6750 6528
f 6751 6456 6758
f 6690 6653 6752
f 6692 6755 6654
f 6528 6530 6757
f 6607 6654 6756
f 6756 6696 6607
f 6535 6753 6759
f 6760 6461 6695
f 6760 6694 6461
f 6690 6699 6537
f 6530 6605 6757
f 6695 6610 6658
f 6658 6657 6761
f 6698 6693 6396
f 6460 6656 6462
f 6660 6535 6759
f 6697 6762 6608
f 6608 6762 6536
f 6763 6459 6536
f 6465 6539 6764
f 6612 6661 6765
f 6665 6612 6765
f 6766 6659 6401
f 6541 6403 5404
f 6766 6401 6111
f 6404 6767 6469
f 6766 6111 6186
f 6768 5807 6403
f 6471 6769 6186
f 6327 6470 6702
f 6768 6542 5807
f 6614 6327 6702
f 6472 6666 6770
f 6410 6615 6771
f 6544 6704 6772
f 6773 6409 6473
f 6772 6408 6544
f 6413 6705 6774
f 6709 6333 6668
f 6774 6775 6413
f 6776 6483 6709
f 6777 6666 6328
f 6775 6546 6413
f 6707 6616 6778
f 6616 6710 6778
f 6711 6415 6779
f 6708 6669 6412
f 6261 6262 6670
f 6779 6415 6619
f 6328 6712 6777
f 6775 6780 6546
f 6710 6620 6778
f 6780 6549 6546
f 6781 6713 6409
f 6715 6782 6620
f 6783 6622 6714
f 6622 6783 6715
f 6713 6487 6334
f 6713 6716 6487
f 6420 6784 6336
f 6785 6672 6717
f 6720 6719 6270
f 6785 6721 6672
f 6786 6624 6722
f 6624 6786 6720
f 6721 6787 6722
f 6421 6724 6422
f 6788 6626 6674
f 6786 6722 6787
f 6724 6628 6424
f 6627 6725 6674
f 6629 6628 6789
f 6726 6727 6425
f 6790 6555 6492
f 6791 6564 6350
f 6572 6636 6792
f 6793 6637 6572
f 6432 6794 6351
f 6637 6795 6436
f 6676 6794 6432
f 6732 6436 6795
f 6578 6734 6676
f 6796 6582 6580
f 6797 6300 6157
f 6736 6797 6157
f 6737 6583 6679
f 6798 6638 6639
f 6798 6639 6510
f 6798 6510 6740
f 6799 6680 6738
f 6306 6640 6740
f 6681 6680 6799
f 6640 6516 6800
f 6681 6799 6741
f 6516 6682 6800
f 6741 6742 6591
f 6801 6742 6741
f 6802 6642 6644
f 6803 6744 6519
f 6593 6804 6375
f 6643 6743 6805
f 6595 6803 6519
f 6804 6596 6375
f 6596 6804 6806
f 6520 6378 6807
f 6643 6805 6683
f 6746 6807 6378
f 6686 6522 6745
f 6808 6809 6810
f 6810 6809 6811
f 6524 6647 6812
f 6813 6650 6688
f 6687 6747 6753
f 6749 6650 6813
f 6814 6688 6689
f 6754 6814 6689
f 6689 6815 6754
f 6750 6815 6689
f 6756 6754 6815
f 6755 6692 6816
f 5397 6179 6652
f 6752 6817 6690
f 6692 6691 6816
f 6696 6756 6818
f 6819 6658 6761
f 6761 6820 6819
f 6691 6655 6821
f 6816 6691 6821
f 6822 6696 6818
f 6760 6695 6658
f 6820 6761 6823
f 6817 6699 6690
f 6605 6824 6757
f 6823 6761 6825
f 6822 6697 6696
f 6761 6657 6825
f 6655 6700 6821
f 6821 6700 6826
f 6822 6827 6697
f 6462 6656 6828
f 6539 6462 6828
f 6701 6829 6657
f 6825 6657 6829
f 6662 6826 6700
f 6762 6697 6827
f 6764 6539 6828
f 6830 6829 6701
f 6662 6665 6826
f 6763 6831 6459
f 6831 6605 6459
f 6663 6830 6701
f 6664 6465 6764
f 6611 6832 6466
f 6466 6832 6663
f 6663 6832 6833
f 6834 6659 6766
f 6613 6660 6835
f 6613 6835 6702
f 6836 6768 6403
f 6472 6837 6404
f 6472 6838 6837
f 6475 6839 6703
f 6770 6838 6472
f 6410 6771 6705
f 6839 6475 6482
f 6667 6840 6615
f 6408 6772 6706
f 6667 6479 6841
f 6707 6841 6479
f 6782 6707 6778
f 6620 6782 6778
f 6419 6483 6776
f 6619 6417 6842
f 6621 6843 6712
f 6623 6419 6844
f 6485 6845 6621
f 6713 6846 6716
f 6847 6717 6716
f 6420 6269 6719
f 6673 6723 6489
f 6717 6848 6785
f 6720 6849 6719
f 6720 6850 6849
f 6786 6850 6720
f 6785 6851 6721
f 6851 6787 6721
f 6787 6852 6786
f 6850 6786 6852
f 6787 6853 6852
f 6854 6725 6552
f 6629 6855 6553
f 6856 6726 6553
f 6857 6552 6554
f 6675 6858 6556
f 6859 6492 6556
f 6790 6492 6859
f 6636 6731 6792
f 6500 6730 6731
f 6564 6791 6728
f 6297 6677 6733
f 6860 6580 6735
f 6860 6796 6580
f 6796 6678 6582
f 6678 6861 6679
f 6679 6862 6737
f 6638 6863 6739
f 6638 6798 6863
f 6739 6864 6738
f 6799 6738 6864
f 6801 6799 6864
f 6640 6800 6740
f 6741 6799 6801
f 6742 6800 6682
f 6743 6642 6802
f 6744 6802 6644
f 6806 6745 6596
f 6595 6865 6803
f 6810 6866 6867
f 6683 6805 6747
f 6595 6521 6865
f 6866 6810 6868
f 6868 6810 6811
f 6686 6745 6869
f 6521 6454 6870
f 6867 6808 6810
f 6812 6746 6524
f 6648 6870 6454
f 6811 6871 6868
f 6686 6869 6872
f 6872 6748 6686
f 6873 6809 6808
f 6874 6647 6748
f 6647 6874 6812
f 6875 6811 6809
f 6873 6876 6809
f 6809 6876 6875
f 6877 6811 6875
f 6878 6879 6873
f 6873 6879 6876
f 6813 6688 6814
f 6747 6880 6753
f 6648 6649 6881
f 6652 6600 5395
f 6751 6881 6649
f 6878 6882 6879
f 6879 6883 6884
f 6879 6884 6876
f 6755 6814 6754
f 6882 6883 6879
f 6816 6814 6755
f 6815 6750 6885
f 6815 6818 6756
f 6819 6760 6658
f 6820 6823 6886
f 6179 6244 6887
f 6817 6661 6699
f 6698 6398 6888
f 6889 6665 6765
f 6889 6826 6665
f 6888 6398 6659
f 6830 6663 6833
f 6469 6890 6609
f 6767 6890 6469
f 6404 6837 6767
f 6891 6543 6614
f 6668 6543 6891
f 6773 6473 6542
f 6709 6668 6892
f 6771 6615 6840
f 6476 6617 6893
f 6617 6894 6893
f 6666 6895 6770
f 6894 6617 6261
f 6782 6896 6707
f 6780 6714 6549
f 6782 6715 6896
f 6843 6777 6712
f 6621 6897 6843
f 6713 6781 6846
f 6845 6897 6621
f 6271 6718 6488
f 6625 6898 6718
f 6717 6847 6848
f 6788 6625 6626
f 6899 6851 6785
f 6900 6901 6851
f 6901 6787 6851
f 6902 6850 6852
f 6901 6853 6787
f 6903 6901 6900
f 6853 6904 6852
f 6854 6905 6725
f 6903 6853 6901
f 6854 6552 6857
f 6727 6675 6630
f 6906 6857 6554
f 6554 6555 6906
f 6792 6793 6572
f 6568 6791 6350
f 6907 6791 6568
f 6793 6908 6637
f 6579 6732 6735
f 6797 6581 6300
f 6679 6861 6862
f 6909 6739 6863
f 6864 6739 6909
f 6863 6740 6909
f 6740 6863 6798
f 6801 6864 6909
f 6800 6910 6909
f 6800 6909 6740
f 6801 6909 6910
f 6801 6910 6742
f 6742 6910 6800
f 6911 6804 6593
f 6593 6684 6911
f 6802 6744 6912
f 6744 6803 6912
f 6743 6913 6805
f 6807 6746 6914
f 6805 6913 6747
f 6521 6870 6865
f 6808 6915 6916
f 6915 6808 6867
f 6746 6812 6914
f 6747 6913 6917
f 6916 6873 6808
f 6872 6918 6748
f 6880 6747 6917
f 6919 6878 6916
f 6916 6878 6873
f 6920 6811 6877
f 6920 6871 6811
f 6921 6878 6919
f 6921 6922 6878
f 6813 6923 6924
f 6813 6814 6923
f 6922 6882 6878
f 6876 6884 6875
f 6924 6749 6813
f 6925 5531 5593
f 6922 6926 6882
f 6752 6749 6924
f 6927 6814 6816
f 6927 6923 6814
f 6925 6243 5531
f 6924 6817 6752
f 6758 6928 6751
f 6821 6927 6816
f 6929 6750 6757
f 6929 6885 6750
f 6887 6652 6179
f 6760 6819 6930
f 6930 6819 6931
f 6931 6819 6820
f 6932 6933 6886
f 6882 6926 6934
f 6882 6934 6935
f 6882 6935 6883
f 6815 6885 6818
f 6823 6932 6886
f 6758 6456 6693
f 6932 6823 6936
f 6757 6824 6937
f 6656 6694 6938
f 6760 6938 6694
f 6823 6825 6936
f 6939 6661 6817
f 6889 6927 6826
f 6826 6927 6821
f 6939 6765 6661
f 6765 6939 6889
f 6660 6759 6940
f 6831 6824 6605
f 6762 6827 6941
f 6609 6890 6244
f 6942 6664 6764
f 6611 6664 6942
f 6942 6832 6611
f 6660 6940 6835
f 6943 6766 6186
f 6769 6943 6186
f 6471 6944 6769
f 6614 6702 6945
f 6838 6946 6837
f 6668 6891 6892
f 6704 6947 6772
f 6948 6947 6704
f 6949 6839 6482
f 6950 6706 6772
f 6951 6706 6950
f 6482 6711 6949
f 6951 6708 6706
f 6709 6952 6776
f 6953 6770 6895
f 6954 6955 6956
f 6954 6957 6955
f 6955 6957 6958
f 6896 6841 6707
f 6781 6409 6773
f 6666 6777 6895
f 6777 6959 6895
f 6896 6715 6783
f 6419 6776 6960
f 6777 6843 6961
f 6777 6961 6959
f 6417 6488 6842
f 6844 6962 6623
f 6846 6847 6716
f 6671 6623 6962
f 6673 6671 6962
f 6963 6421 6723
f 6964 6625 6788
f 6848 6899 6785
f 6719 6849 6965
f 6850 6902 6849
f 6900 6851 6899
f 6725 6905 6674
f 6966 6903 6900
f 6629 6789 6967
f 6852 6904 6902
f 6967 6855 6629
f 6966 6968 6903
f 6903 6969 6853
f 6968 6970 6903
f 6853 6969 6904
f 6903 6970 6969
f 6675 6727 6971
f 6968 6972 6970
f 6968 6973 6972
f 6974 6975 6973
f 6973 6975 6976
f 6973 6976 6972
f 6730 6977 6731
f 6728 6729 6563
f 6791 6978 6728
f 6568 6979 6907
f 6351 6979 6568
f 6794 6979 6351
f 6980 6806 6804
f 6520 6911 6684
f 6981 6911 6520
f 6520 6807 6981
f 6982 6867 6866
f 6867 6983 6915
f 6984 6866 6868
f 6985 6743 6802
f 6913 6743 6985
f 6803 6865 6912
f 6986 6916 6915
f 6987 6988 6989
f 6871 6990 6868
f 6987 6991 6988
f 6916 6986 6919
f 6992 6990 6871
f 6993 6988 6991
f 6874 6748 6918
f 6646 5264 6600
f 6988 6993 6994
f 6920 6992 6871
f 6648 6995 6870
f 6993 6996 6994
f 6996 6997 6994
f 6875 6998 6877
f 6995 6648 6881
f 6996 6999 7000
f 6996 7000 6997
f 6997 7000 7001
f 7002 6875 6884
f 6875 7002 6998
f 7003 7004 6933
f 7000 6999 7005
f 7001 7000 6926
f 7001 6926 6922
f 7006 6881 6751
f 6820 7007 6931
f 6820 6886 7007
f 7007 6886 6933
f 7008 6884 6883
f 6884 7008 7002
f 7000 7005 6926
f 6939 6924 6923
f 7003 6933 6932
f 7005 6934 6926
f 6939 6817 6924
f 6927 6939 6923
f 6934 7009 6935
f 6883 6935 7008
f 6822 6818 6885
f 6937 6929 6757
f 6880 6759 6753
f 6693 7010 6758
f 6889 6939 6927
f 6822 6885 7011
f 7011 6827 6822
f 7012 6693 6698
f 6656 6938 6828
f 6825 7013 6936
f 7014 6827 7011
f 6829 7013 6825
f 6759 7015 6940
f 6764 6828 7016
f 6941 6827 7014
f 6942 6764 7016
f 6832 7017 6833
f 6762 7018 6536
f 7018 7019 6536
f 6536 7019 6763
f 6763 7019 6831
f 6944 6943 6769
f 6835 6945 6702
f 6945 6891 6614
f 7020 6471 6703
f 7021 6948 6704
f 6892 6952 6709
f 7022 6771 6840
f 6476 7021 6704
f 7023 6955 7024
f 7023 6956 6955
f 6770 6953 6838
f 6667 7025 6840
f 6711 7026 6949
f 6954 6956 7027
f 7026 6711 6779
f 6958 7024 6955
f 7024 6958 7028
f 7029 6780 6775
f 6670 6669 7030
f 6261 6670 7031
f 6954 7032 6957
f 7033 6958 6957
f 6958 7033 7034
f 6895 6959 7035
f 6783 7036 6896
f 6846 6781 7037
f 6897 7038 6843
f 6488 6718 7039
f 6336 7040 6485
f 6784 7040 6336
f 7041 6848 6847
f 6625 6964 6898
f 7042 6420 6719
f 7042 6719 6965
f 7043 6899 6848
f 6963 6724 6421
f 6899 7043 7044
f 6899 7044 6900
f 6900 7045 6966
f 6724 7046 6628
f 6849 6902 7047
f 7046 6789 6628
f 7045 6968 6966
f 7048 6968 7045
f 7048 6973 6968
f 7048 7049 6973
f 6971 6858 6675
f 6854 6857 7050
f 7049 6974 6973
f 6556 6858 7051
f 6556 7051 6859
f 7049 7052 6974
f 6555 6790 7053
f 6555 7053 6906
f 6972 6976 7054
f 6974 7055 6975
f 6975 7056 6976
f 7056 7054 6976
f 6731 7057 6792
f 6730 6729 6977
f 6978 7058 6728
f 6676 7059 6794
f 6734 7060 6676
f 6796 7061 6678
f 6736 6509 6737
f 7062 6737 6862
f 7063 6980 6804
f 6911 7063 6804
f 6982 6983 6867
f 6866 6984 6982
f 6915 6983 7064
f 6745 6806 7065
f 6914 6981 6807
f 6987 7066 7067
f 7066 6987 6989
f 6986 6915 7064
f 6869 6745 7065
f 6802 6912 7068
f 7069 7067 7070
f 7067 7069 6987
f 7071 6912 6865
f 6645 6377 6095
f 7070 7072 7069
f 7073 6989 6988
f 7073 6988 6994
f 7074 6914 6812
f 7070 7075 7072
f 7069 6991 6987
f 7076 7073 6994
f 6919 6986 7077
f 6812 6874 7074
f 7072 7078 7069
f 6997 7076 6994
f 7079 6865 6870
f 7077 6921 6919
f 6917 6913 6985
f 7080 7081 7082
f 6997 7083 7084
f 7077 7085 6921
f 7086 5593 4996
f 6099 7086 4996
f 7087 7004 7082
f 6997 7001 7083
f 7083 7001 6922
f 7083 6922 7085
f 7085 6922 6921
f 7082 7004 7080
f 6999 6996 6993
f 7088 6995 6881
f 7004 7003 7080
f 7007 6933 7004
f 7080 7089 7090
f 7005 6999 7091
f 7080 7003 7089
f 7002 7008 7092
f 6931 7093 6930
f 7089 7003 7094
f 6751 6928 7095
f 7096 6930 7093
f 7003 6932 7094
f 6930 7096 6760
f 7094 6932 6936
f 6934 7005 7097
f 6935 7098 7008
f 7008 7098 7092
f 6934 7097 7009
f 7009 7098 6935
f 6759 6880 7015
f 6760 7096 6938
f 7011 6885 7099
f 7100 6936 7013
f 6828 6938 7016
f 6829 6830 7101
f 6831 7102 6824
f 6942 7016 7103
f 6942 7103 6832
f 6832 7103 7017
f 6833 7017 6830
f 6940 7015 7104
f 6762 6941 7018
f 6940 7104 6835
f 6767 7105 6890
f 6943 6834 6766
f 6945 6835 7104
f 6836 6403 6541
f 6891 6945 7106
f 6837 7105 6767
f 6892 6891 7106
f 7020 6944 6471
f 6839 7020 6703
f 7107 6542 6768
f 7024 7108 7023
f 7107 6773 6542
f 6956 7109 7110
f 6956 7023 7109
f 6947 6950 6772
f 6705 6771 7111
f 7112 7024 7028
f 7110 7027 6956
f 7113 7025 6667
f 6476 6893 7021
f 7107 7114 6773
f 7113 6667 6841
f 6708 6951 6669
f 7027 7115 6954
f 6958 7116 7028
f 6895 7117 6953
f 7115 7032 6954
f 7116 6958 7034
f 7029 7118 6780
f 7118 7119 6780
f 6780 7119 6714
f 7119 7120 6714
f 6714 7036 6783
f 7120 7036 6714
f 6895 7035 7117
f 7033 6957 7032
f 7121 7034 7033
f 6960 6844 6419
f 6961 7035 6959
f 7122 6961 6843
f 6843 7038 7122
f 6845 7123 6897
f 6488 7039 6842
f 7039 6718 7124
f 6898 7124 6718
f 7041 6847 6846
f 6784 6420 7042
f 7043 6848 7041
f 6849 7125 6965
f 7125 6849 7047
f 7045 6900 7044
f 6788 6674 7126
f 6905 7126 6674
f 7127 7048 7045
f 7127 7128 7048
f 6854 7129 6905
f 7130 6902 6904
f 6856 7131 6726
f 7128 7049 7048
f 7130 6904 6969
f 7050 6857 7132
f 6970 7133 6969
f 6969 7133 7130
f 7134 6970 6972
f 7134 7133 6970
f 7132 6906 7053
f 6906 7132 6857
f 7052 7055 6974
f 6972 7054 7134
f 7054 7135 7134
f 7055 7136 6975
f 7136 7056 6975
f 6977 7057 6731
f 6729 7137 6977
f 7058 6729 6728
f 6792 7138 6793
f 6791 6907 6978
f 6979 6794 7059
f 6676 7060 7059
f 7139 6735 6732
f 7140 6735 7139
f 6677 6581 7141
f 6581 6797 7141
f 6860 7142 6796
f 7143 6736 6737
f 7144 7064 6983
f 7145 7070 7067
f 6986 7064 7146
f 6868 7147 6984
f 6981 6914 7074
f 7148 7075 7145
f 6990 7147 6868
f 5723 6598 7149
f 7148 7150 7075
f 7145 7075 7070
f 6986 7146 7077
f 7151 7152 6869
f 6985 6802 7068
f 7150 7153 7154
f 7155 7156 6990
f 7157 6869 7152
f 6869 7157 6872
f 7081 7154 7158
f 7150 7072 7075
f 7084 7076 6997
f 6990 6992 7155
f 7068 6912 7071
f 7082 7158 7087
f 7150 7154 7159
f 7150 7159 7072
f 7078 7160 7069
f 7160 6991 7069
f 6872 7157 7161
f 6872 7161 6918
f 6918 7162 6874
f 7162 7163 6874
f 6985 7164 6917
f 7071 6865 7079
f 7072 7159 7165
f 7072 7165 7078
f 7166 6991 7160
f 6993 6991 7166
f 6992 6920 7167
f 6992 7168 7155
f 6995 7079 6870
f 7081 7090 7154
f 7154 7090 7159
f 7169 6993 7166
f 7170 7171 6998
f 6998 7171 6877
f 7171 6920 6877
f 7007 7087 7172
f 7004 7087 7007
f 7080 7090 7081
f 6999 6993 7169
f 6999 7169 7173
f 7002 7174 6998
f 7170 6998 7174
f 6925 5593 7086
f 7007 7172 7175
f 7173 7091 6999
f 6931 7007 7175
f 7176 7002 7092
f 7177 7005 7091
f 6881 7006 7088
f 6751 7095 7006
f 7097 7005 7177
f 7015 6880 6917
f 7015 6917 7178
f 6758 7010 6928
f 7179 6938 7096
f 7009 7180 7098
f 6885 6929 7099
f 7103 6938 7179
f 7103 7016 6938
f 7100 7013 7181
f 6829 7181 7013
f 7182 7014 7011
f 7183 6937 6824
f 6824 7102 7183
f 7184 7012 6698
f 7184 6698 6888
f 7103 7185 7017
f 7101 6830 7017
f 7181 6829 7101
f 7182 6941 7014
f 7018 6941 7186
f 6946 7105 6837
f 6952 6892 7187
f 7109 7023 7108
f 7108 7024 7188
f 7024 7112 7188
f 6771 7189 7111
f 7022 7189 6771
f 6705 7111 7190
f 7025 7022 6840
f 6949 7191 6839
f 7192 6946 6838
f 6774 6705 7190
f 6953 7192 6838
f 7112 7028 7193
f 6952 7194 6776
f 6261 7031 6894
f 7028 7116 7195
f 7028 7195 7193
f 7193 7195 7196
f 7194 6960 6776
f 7114 6781 6773
f 6953 7117 7197
f 6842 7198 6619
f 7199 7032 7200
f 7032 7199 7033
f 6961 7201 7035
f 7038 6897 7202
f 6962 6844 7203
f 6846 7204 7041
f 7205 6723 6673
f 6723 7206 6963
f 6963 7207 6724
f 7207 7046 6724
f 7044 7208 7045
f 7209 6902 7130
f 7047 6902 7209
f 7131 6553 6855
f 7131 6856 6553
f 7131 7210 6726
f 6726 7210 6727
f 7129 6854 7050
f 7211 7049 7128
f 7052 7049 7211
f 7212 6859 7051
f 6790 6859 7212
f 6790 7212 7053
f 7213 7055 7052
f 7214 7055 7213
f 7214 7136 7055
f 7054 7215 7135
f 7215 7054 7056
f 7136 7216 7056
f 7056 7216 7215
f 7057 7138 6792
f 6908 6795 6637
f 6795 7217 6732
f 6732 7217 7139
f 6677 7218 6733
f 7141 7218 6677
f 6735 7140 6860
f 7140 7142 6860
f 7142 7061 6796
f 7143 6797 6736
f 7062 7143 6737
f 6678 7219 6861
f 7220 6862 6861
f 6982 7144 6983
f 7144 7221 7064
f 7222 6982 6984
f 6980 7223 6806
f 6981 7063 6911
f 7067 7224 7145
f 6989 7225 7066
f 7223 7065 6806
f 7148 7226 7153
f 7145 7226 7148
f 7073 7225 6989
f 7222 6984 7147
f 7076 7225 7073
f 7221 7146 7064
f 7151 7227 7228
f 7227 7151 7065
f 7156 7229 7230
f 7230 7231 7232
f 7230 7229 7231
f 7232 7231 7233
f 7228 7233 7151
f 7151 6869 7065
f 7153 7150 7148
f 7147 6990 7234
f 7234 6990 7156
f 7233 7152 7151
f 6597 5723 7149
f 7154 7235 7158
f 7235 7154 7153
f 7156 7155 7229
f 7229 7155 7236
f 7229 7236 7237
f 7231 7229 7237
f 7158 7082 7081
f 7152 7238 7157
f 6874 7163 7074
f 7087 7158 7239
f 7240 7084 7083
f 7083 7241 7240
f 7242 7085 7077
f 7242 7243 7085
f 7157 7238 7161
f 7244 7068 7071
f 7083 7085 7241
f 7243 7241 7085
f 7168 6992 7167
f 7161 7162 6918
f 7164 6985 7068
f 7164 7068 7244
f 7159 7090 7245
f 7165 7159 7245
f 7171 7167 6920
f 7239 7172 7087
f 7246 7090 7089
f 7090 7246 7245
f 7178 6917 7164
f 7175 7093 6931
f 7173 7247 7091
f 7176 7174 7002
f 7247 7177 7091
f 7248 7089 7094
f 7089 7248 7246
f 7088 7006 7249
f 7179 7096 7250
f 7098 7180 7092
f 7094 6936 7100
f 7094 7100 7248
f 7097 7177 7251
f 7097 7252 7009
f 7252 7180 7009
f 6929 7253 7099
f 7179 7185 7103
f 7012 7010 6693
f 7104 7015 7178
f 7011 7099 7182
f 7254 6831 7019
f 7102 6831 7254
f 7186 7255 7018
f 7018 7255 7019
f 7104 7256 6945
f 7257 6836 6541
f 7258 6943 6944
f 7106 7259 6892
f 7259 7187 6892
f 7260 7109 7108
f 6948 7261 7262
f 7262 6947 6948
f 7021 7263 6948
f 7264 7110 7109
f 7110 7264 7265
f 7026 7191 6949
f 7265 7027 7110
f 7193 7266 7112
f 7266 7193 7267
f 7193 7196 7267
f 7268 7113 6841
f 6896 7268 6841
f 7194 7269 6960
f 6953 7270 7192
f 6953 7197 7270
f 7271 7116 7272
f 7116 7271 7195
f 7036 7120 7268
f 7036 7268 6896
f 7116 7034 7272
f 6619 7198 6779
f 7115 7200 7032
f 7273 6844 6960
f 6781 7274 7037
f 7201 7117 7035
f 7117 7201 7275
f 7203 6844 7273
f 7199 7276 7033
f 7033 7276 7121
f 7277 6961 7122
f 6961 7277 7201
f 7202 6897 7123
f 6898 7278 7124
f 7042 7040 6784
f 6723 7205 7206
f 6898 6964 7278
f 7047 7279 7125
f 7126 6964 6788
f 7208 7127 7045
f 6905 7280 7126
f 7281 7128 7282
f 7282 7128 7127
f 7280 6905 7129
f 7211 7128 7283
f 7284 7129 7050
f 7210 6971 6727
f 7050 7285 7284
f 7285 7050 7286
f 7287 7052 7211
f 7132 7286 7050
f 7130 7133 7209
f 7213 7052 7287
f 7132 7053 7288
f 7287 7289 7213
f 7133 7134 7290
f 7290 7134 7135
f 7291 7213 7289
f 7213 7291 7214
f 7216 7136 7214
f 7292 7057 6977
f 7137 7292 6977
f 7057 7293 7138
f 7058 7137 6729
f 7294 7058 6978
f 7294 6978 6907
f 7294 6907 7295
f 6979 7295 6907
f 6734 6733 7218
f 7141 6797 7296
f 7061 7219 6678
f 7067 7297 7224
f 7297 7067 7066
f 7225 7297 7066
f 7226 7145 7224
f 7153 7226 7298
f 7223 7227 7065
f 6981 7299 7063
f 7300 7225 7076
f 7221 7301 7146
f 7234 7222 7147
f 7230 7232 7302
f 7228 7302 7232
f 7074 7299 6981
f 7153 7298 7235
f 7303 7234 7156
f 7303 7156 7230
f 7233 7228 7232
f 7300 7076 7084
f 7301 7077 7146
f 7235 7304 7158
f 7305 7300 7084
f 7301 7242 7077
f 7306 7231 7237
f 7306 7233 7231
f 7233 7306 7307
f 7307 7152 7233
f 7240 7305 7084
f 7238 7152 7307
f 7239 7158 7304
f 7155 7168 7236
f 7236 7168 7237
f 7238 7162 7161
f 7308 7078 7165
f 7308 7160 7078
f 7309 7171 7170
f 7310 7167 7171
f 7167 7311 7168
f 7245 7308 7165
f 7160 7169 7166
f 7174 7309 7170
f 7079 7244 7071
f 6995 7312 7079
f 7178 7164 7313
f 7312 7314 7079
f 7093 7250 7096
f 7247 7315 7177
f 7092 7180 7176
f 7006 7095 7249
f 7315 7251 7177
f 7251 7252 7097
f 6928 7316 7095
f 6928 7010 7317
f 6937 7253 6929
f 7017 7185 7318
f 7318 7101 7017
f 7256 7178 7319
f 6244 6890 6887
f 7256 7104 7178
f 7182 7320 6941
f 7254 7183 7102
f 7320 7186 6941
f 7321 7106 7256
f 7257 6541 6103
f 6945 7256 7106
f 7259 7106 7321
f 7187 7259 7322
f 7323 7187 7322
f 6946 7324 7105
f 7325 6768 6836
f 7261 6948 7263
f 7325 7107 6768
f 7326 6947 7262
f 7264 7109 7327
f 7326 6950 6947
f 7191 7020 6839
f 6952 7187 7194
f 6951 6950 7326
f 6946 7192 7328
f 7266 7267 7329
f 7330 6774 7190
f 7331 7027 7265
f 7267 7332 7329
f 6951 7030 6669
f 7270 7333 7192
f 7267 7196 7332
f 7030 7031 6670
f 7269 7194 7334
f 6779 7335 7026
f 7331 7336 7027
f 7336 7115 7027
f 7337 7196 7195
f 7196 7337 7332
f 7274 6781 7114
f 7197 7117 7275
f 7336 7200 7115
f 7336 7338 7200
f 7121 7339 7034
f 7339 7272 7034
f 7202 7340 7038
f 7038 7340 7122
f 7341 7200 7338
f 7200 7341 7199
f 7037 7274 6846
f 7201 7277 7342
f 6846 7274 7343
f 7344 7039 7124
f 7345 7123 6845
f 7343 7204 6846
f 7040 7345 6845
f 7040 6845 6485
f 7205 6673 6962
f 7204 7043 7041
f 6965 7346 7042
f 7346 6965 7125
f 7207 7347 7046
f 7282 7127 7208
f 7047 7348 7279
f 7283 7128 7281
f 7209 7349 7047
f 7211 7283 7350
f 7350 7287 7211
f 7051 6858 7351
f 7212 7051 7352
f 7353 7289 7287
f 7354 7290 7135
f 7354 7135 7215
f 7354 7215 7355
f 7215 7356 7355
f 7215 7216 7356
f 7357 7058 7294
f 6908 7138 7358
f 6908 6793 7138
f 7295 6979 7059
f 6908 7359 6795
f 6795 7359 7217
f 7060 6734 7360
f 7361 7140 7139
f 7362 7140 7361
f 7362 7363 7140
f 7363 7142 7140
f 7142 7363 7364
f 6797 7143 7296
f 7220 7062 6862
f 6982 7365 7144
f 7366 7226 7224
f 7222 7365 6982
f 7367 7221 7144
f 7368 7223 6980
f 7368 6980 7063
f 7298 7226 7369
f 7302 7370 7230
f 7301 7221 7367
f 7370 7303 7230
f 7371 7299 7074
f 7074 7163 7371
f 7237 7372 7306
f 7168 7372 7237
f 7238 7373 7162
f 7373 7163 7162
f 7374 7172 7239
f 7309 7310 7171
f 7310 7311 7167
f 7168 7375 7372
f 7376 7308 7245
f 7169 7160 7377
f 7378 7375 7311
f 7311 7375 7168
f 7172 7374 7175
f 7175 7379 7093
f 7245 7246 7380
f 7176 7381 7174
f 7313 7164 7244
f 7314 7244 7079
f 7382 7247 7173
f 7250 7093 7379
f 7383 7246 7248
f 7384 7176 7385
f 7383 7248 7100
f 7180 7385 7176
f 7244 7386 7313
f 7386 7244 7314
f 7312 6995 7088
f 7250 7185 7179
f 7383 7100 7387
f 7252 7385 7180
f 7319 7313 7386
f 7312 7088 7388
f 6652 6887 7389
f 7181 7387 7100
f 7312 7390 7314
f 7388 7088 7249
f 7391 7249 7095
f 7178 7313 7319
f 7390 7312 7392
f 7316 6928 7317
f 7010 7012 7393
f 7394 7101 7318
f 7395 7181 7101
f 7393 7012 7184
f 6887 6890 7389
f 7396 6937 7183
f 7257 6103 6034
f 7390 7321 7256
f 7254 7397 7183
f 7398 7321 7390
f 6834 6888 6659
f 7186 7320 7399
f 7254 7019 7255
f 7398 7259 7321
f 7257 7400 6836
f 7399 7401 7186
f 7186 7401 7255
f 7322 7259 7398
f 7325 6836 7400
f 7261 7263 7402
f 7187 7323 7403
f 7112 7404 7188
f 7405 7404 7112
f 7194 7187 7403
f 6946 7328 7324
f 6893 7263 7021
f 7266 7405 7112
f 7406 6951 7326
f 7407 7190 7111
f 7333 7328 7192
f 7329 7332 7408
f 6775 6774 7330
f 7406 7030 6951
f 7268 7409 7113
f 6775 7410 7029
f 7029 7411 7118
f 7195 7271 7337
f 7411 7119 7118
f 7120 7119 7412
f 7197 7275 7270
f 7198 7413 6779
f 7336 7414 7338
f 7275 7415 7416
f 7417 7338 7414
f 7201 7415 7275
f 7417 7418 7338
f 7339 7121 7276
f 7122 7340 7419
f 7201 7420 7415
f 7415 7421 7418
f 7418 7421 7338
f 7338 7421 7341
f 7201 7342 7420
f 7341 7422 7199
f 7199 7422 7276
f 7039 7198 6842
f 7039 7344 7198
f 7124 7278 7423
f 7042 7424 7040
f 7043 7204 7425
f 6964 7126 7426
f 7279 7427 7125
f 7280 7129 7428
f 6967 7429 6855
f 7429 7430 6855
f 7430 7131 6855
f 7431 7210 7131
f 7432 7350 7283
f 7348 7047 7349
f 7350 7353 7287
f 7352 7051 7351
f 7433 7286 7132
f 7434 7209 7133
f 7288 7053 7212
f 7353 7435 7289
f 7133 7290 7434
f 7436 7289 7435
f 7291 7289 7436
f 7437 7214 7291
f 7214 7437 7216
f 7356 7216 7438
f 7292 7293 7057
f 7217 7361 7139
f 7360 6734 7218
f 7142 7364 7061
f 7219 7220 6861
f 7297 7366 7224
f 7297 7439 7366
f 7369 7226 7366
f 7440 7297 7225
f 7441 7365 7222
f 7227 7223 7442
f 7368 7442 7223
f 7443 7440 7225
f 7444 7370 7302
f 7444 7302 7228
f 7228 7227 7444
f 7444 7227 7442
f 7445 7368 7063
f 7445 7063 7446
f 7299 7446 7063
f 7443 7225 7300
f 7367 7447 7301
f 7448 7441 7222
f 7448 7222 7234
f 7448 7234 7303
f 7370 7448 7303
f 7449 7304 7235
f 7450 7443 7300
f 7304 7449 7451
f 7450 7300 7305
f 7451 7239 7304
f 7450 7305 7240
f 7242 7301 7452
f 7447 7452 7301
f 7453 7240 7241
f 7242 7452 7243
f 7306 7372 7454
f 7306 7454 7455
f 7455 7307 7306
f 7238 7307 7455
f 7243 7453 7241
f 7310 7309 7456
f 7455 7373 7238
f 7456 7309 7457
f 7311 7310 7378
f 7308 7377 7160
f 7458 7377 7308
f 7457 7309 7381
f 7380 7376 7245
f 7308 7376 7458
f 7377 7459 7169
f 7174 7381 7309
f 7169 7459 7173
f 7379 7175 7374
f 7459 7382 7173
f 7381 7176 7384
f 7247 7460 7315
f 7382 7460 7247
f 7250 7379 7185
f 7460 7251 7315
f 7251 7461 7252
f 7390 7386 7314
f 7318 7185 7462
f 7394 7318 7462
f 7394 7395 7101
f 7463 7388 7249
f 7312 7388 7392
f 6937 7464 7253
f 7256 7319 7386
f 7465 7099 7253
f 7396 7464 6937
f 7390 7256 7386
f 7466 7099 7465
f 7466 7182 7099
f 7398 7390 7392
f 7466 7320 7182
f 7183 7467 7396
f 7397 7467 7183
f 7322 7398 7468
f 7258 7469 6943
f 7401 7254 7255
f 7402 7470 7399
f 7399 7470 7401
f 7327 7109 7471
f 7471 7109 7260
f 7470 7402 7263
f 7263 7472 7470
f 7111 7473 7407
f 7189 7473 7111
f 7263 7474 7472
f 6893 7474 7263
f 6894 7474 6893
f 7475 7405 7266
f 7403 7334 7194
f 7329 7475 7266
f 7475 7329 7476
f 7407 7330 7190
f 7477 7474 6894
f 7408 7476 7329
f 7031 7477 6894
f 7478 7029 7410
f 7479 7337 7271
f 7272 7479 7271
f 7480 7270 7275
f 7480 7275 7416
f 7414 7336 7331
f 7269 7481 6960
f 7273 6960 7481
f 7416 7415 7418
f 7416 7418 7417
f 7202 7482 7483
f 7202 7123 7482
f 7421 7415 7420
f 7277 7122 7419
f 7484 7342 7277
f 7421 7420 7485
f 7421 7485 7341
f 7341 7485 7422
f 7205 6962 7203
f 7342 7486 7420
f 7206 7487 6963
f 7346 7424 7042
f 7043 7425 7044
f 7044 7425 7488
f 7489 7346 7125
f 7488 7208 7044
f 7489 7125 7427
f 7490 6789 7046
f 7491 7281 7282
f 7492 7281 7491
f 7492 7283 7281
f 7348 7427 7279
f 7432 7283 7492
f 7428 7129 7284
f 7493 7353 7350
f 7284 7285 7494
f 6858 7495 7351
f 7494 7285 7496
f 7285 7286 7496
f 7349 7209 7434
f 7353 7497 7435
f 7498 7132 7288
f 7132 7498 7433
f 7435 7499 7436
f 7500 7501 7499
f 7499 7501 7436
f 7500 7502 7501
f 7503 7504 7500
f 7500 7504 7502
f 7436 7505 7291
f 7436 7501 7505
f 7437 7291 7505
f 7437 7438 7216
f 7504 7506 7502
f 7507 7293 7292
f 7137 7058 7508
f 7058 7357 7508
f 7295 7357 7294
f 7509 7295 7059
f 7510 7059 7060
f 7511 7143 7062
f 7440 7439 7297
f 7144 7512 7367
f 7365 7512 7144
f 7512 7365 7513
f 7513 7365 7441
f 7514 7370 7444
f 7445 7442 7368
f 7515 7235 7298
f 7367 7516 7447
f 7516 7367 7512
f 7448 7370 7514
f 7515 7449 7235
f 7371 7446 7299
f 7239 7451 7517
f 7239 7517 7374
f 7518 7450 7240
f 7453 7518 7240
f 7519 7454 7372
f 7371 7163 7373
f 7517 7520 7374
f 7243 7521 7453
f 7452 7521 7243
f 7519 7372 7522
f 7372 7375 7522
f 6099 6379 6597
f 7378 7522 7375
f 6645 6646 7523
f 7380 7458 7376
f 7246 7524 7380
f 6652 7523 6600
f 7383 7524 7246
f 7387 7524 7383
f 7525 7385 7526
f 7385 7525 7384
f 7379 7462 7185
f 7460 7461 7251
f 7252 7461 7385
f 7527 7387 7181
f 7527 7181 7395
f 7095 7316 7391
f 7528 7249 7391
f 7529 6034 6243
f 7528 7463 7249
f 7464 7465 7253
f 7392 7388 7463
f 6890 7530 7389
f 7531 7392 7463
f 7392 7468 7398
f 7468 7392 7531
f 6834 7532 6888
f 7466 7533 7320
f 7323 7468 7531
f 7469 6834 6943
f 7530 6890 7534
f 7533 7399 7320
f 7322 7468 7323
f 6890 7105 7534
f 7260 7535 7471
f 7260 7108 7535
f 7402 7399 7533
f 7401 7397 7254
f 7533 7261 7402
f 7472 7401 7470
f 7397 7401 7472
f 6944 7020 7536
f 7262 7261 7537
f 7326 7262 7537
f 7538 7404 7405
f 7539 7407 7473
f 7540 7473 7189
f 7540 7189 7022
f 7022 7025 7540
f 7334 7403 7541
f 7191 7026 7542
f 7542 7026 7335
f 7031 7030 7406
f 7332 7543 7408
f 7544 7543 7332
f 6775 7330 7410
f 7545 7114 7107
f 7332 7546 7544
f 7337 7546 7332
f 7270 7547 7333
f 7120 7548 7268
f 7270 7480 7547
f 7411 7412 7119
f 7272 7549 7479
f 7335 6779 7413
f 7550 7414 7331
f 7480 7414 7550
f 7416 7417 7480
f 7480 7417 7414
f 7483 7551 7202
f 7202 7551 7340
f 7551 7552 7340
f 7340 7552 7419
f 7339 7276 7553
f 7276 7422 7553
f 7123 7345 7482
f 7484 7277 7419
f 7420 7486 7485
f 7554 7204 7343
f 7278 7555 7423
f 7556 7207 6963
f 7426 7278 6964
f 7426 7126 7280
f 7557 6967 6789
f 7557 7429 6967
f 7131 7430 7558
f 7558 7431 7131
f 7493 7350 7432
f 7428 7284 7559
f 7284 7494 7559
f 7497 7353 7493
f 6971 7495 6858
f 7560 7500 7561
f 7561 7435 7497
f 7562 7496 7286
f 7560 7563 7500
f 7561 7500 7499
f 7561 7499 7435
f 7212 7352 7564
f 7564 7288 7212
f 7433 7562 7286
f 7563 7503 7500
f 7501 7565 7505
f 7503 7566 7504
f 7566 7567 7504
f 7501 7502 7565
f 7437 7568 7438
f 7438 7568 7569
f 7438 7569 7356
f 7504 7567 7506
f 7502 7570 7565
f 7570 7502 7506
f 7571 7292 7137
f 7571 7137 7508
f 6908 7358 7359
f 7509 7059 7510
f 7217 7359 7572
f 7217 7572 7361
f 7141 7296 7573
f 7364 7574 7061
f 7574 7219 7061
f 7575 7220 7219
f 7366 7576 7369
f 7576 7366 7439
f 7369 7577 7298
f 7515 7298 7577
f 7512 7513 7578
f 7514 7444 7579
f 7580 7579 7444
f 7580 7444 7442
f 7580 7442 7445
f 7581 7440 7443
f 7441 7582 7513
f 7448 7514 7583
f 7584 7449 7515
f 7585 7581 7443
f 7586 7512 7578
f 7582 7441 7448
f 7583 7582 7448
f 7512 7586 7587
f 7586 7578 7456
f 7585 7443 7450
f 7588 7447 7516
f 7518 7585 7450
f 7447 7588 7452
f 7589 7586 7457
f 7457 7586 7456
f 7310 7456 7590
f 7519 7591 7454
f 7455 7454 7592
f 7371 7373 7592
f 7521 7518 7453
f 7593 7452 7588
f 7455 7592 7373
f 6598 6377 6645
f 7521 7452 7593
f 7381 7589 7457
f 7378 7310 7590
f 7590 7522 7378
f 7594 7595 7458
f 7458 7595 7377
f 7380 7594 7458
f 7596 7459 7377
f 6600 7523 6646
f 7380 7524 7597
f 7598 7382 7459
f 7599 7384 7600
f 7384 7589 7381
f 7384 7599 7589
f 7520 7379 7374
f 7601 7382 7598
f 7525 7600 7384
f 7601 7460 7382
f 7526 7385 7461
f 7529 6243 6925
f 7395 7394 7602
f 7395 7602 7527
f 7391 7316 7603
f 7604 7317 7010
f 7604 7010 7393
f 7528 7391 7603
f 7605 7393 7184
f 7257 6034 7529
f 7606 7463 7528
f 7532 7184 6888
f 6834 7469 7607
f 7108 7608 7535
f 7108 7609 7608
f 7108 7188 7609
f 7323 7531 7610
f 7404 7609 7188
f 7323 7610 7403
f 7536 7258 6944
f 7105 7611 7534
f 7537 7261 7533
f 7105 7324 7611
f 7326 7537 7612
f 7536 7020 7613
f 7020 7191 7613
f 7326 7612 7406
f 7613 7191 7614
f 7615 7264 7327
f 7265 7264 7615
f 7545 7107 7325
f 7191 7542 7614
f 7616 7330 7407
f 7408 7617 7476
f 7540 7025 7113
f 7031 7406 7618
f 7333 7619 7328
f 7617 7408 7543
f 7543 7410 7330
f 7543 7544 7410
f 7268 7548 7409
f 7029 7478 7411
f 7120 7412 7548
f 7337 7479 7620
f 7546 7337 7620
f 7549 7621 7479
f 7621 7620 7479
f 7272 7622 7549
f 7622 7272 7339
f 7274 7114 7623
f 7622 7339 7624
f 7625 7482 7345
f 7419 7626 7484
f 7627 7422 7485
f 7422 7627 7553
f 7486 7342 7484
f 7205 7203 7628
f 7205 7628 7206
f 7424 7345 7040
f 7554 7425 7204
f 6963 7487 7556
f 7347 7207 7556
f 7629 7208 7488
f 7629 7491 7282
f 7629 7282 7208
f 7046 7347 7490
f 6789 7490 7557
f 7428 7630 7280
f 7492 7631 7432
f 7632 6971 7210
f 7349 7633 7348
f 7634 7497 7493
f 7497 7634 7561
f 7494 7496 7635
f 7494 7635 7636
f 7635 7496 7562
f 7637 7503 7563
f 7564 7498 7288
f 7562 7433 7638
f 7562 7639 7635
f 7566 7503 7637
f 7640 7567 7566
f 7505 7568 7437
f 7641 7356 7569
f 7356 7641 7355
f 7640 7642 7567
f 7643 7644 7640
f 7642 7640 7644
f 7567 7642 7645
f 7567 7645 7506
f 7292 7571 7507
f 7138 7293 7646
f 7357 7295 7509
f 7362 7361 7647
f 7362 7648 7363
f 7648 7649 7363
f 7364 7363 7649
f 7650 7296 7143
f 7062 7220 7511
f 7440 7651 7439
f 7576 7577 7369
f 7577 7652 7515
f 7579 7653 7514
f 7654 7579 7655
f 7655 7579 7580
f 7445 7655 7580
f 7652 7584 7515
f 7578 7513 7656
f 7656 7513 7582
f 7583 7514 7653
f 7657 7653 7579
f 7657 7579 7654
f 7445 7446 7655
f 7587 7516 7512
f 7582 7658 7656
f 7658 7582 7583
f 7658 7583 7659
f 7659 7583 7653
f 7660 7655 7446
f 7584 7451 7449
f 7588 7516 7587
f 7456 7578 7590
f 7590 7578 7656
f 7659 7653 7591
f 7454 7653 7657
f 7591 7653 7454
f 7657 7654 7661
f 7454 7657 7661
f 7371 7660 7446
f 7585 7518 7662
f 7658 7519 7663
f 7519 7658 7659
f 7519 7659 7591
f 7592 7454 7661
f 7590 7656 7663
f 7518 7521 7664
f 7599 7588 7587
f 7599 7587 7589
f 7589 7587 7586
f 7522 7590 7663
f 7522 7663 7519
f 7595 7596 7377
f 7665 7664 7521
f 7521 7593 7665
f 7599 7593 7588
f 7666 6645 7523
f 7380 7597 7594
f 7596 7598 7459
f 7665 7593 7599
f 7597 7524 7667
f 7601 7598 7668
f 7600 7665 7599
f 7600 7669 7665
f 7460 7601 7670
f 7669 7600 7525
f 7667 7524 7671
f 7672 7669 7525
f 7673 7379 7674
f 7462 7379 7673
f 7671 7387 7527
f 7387 7671 7524
f 7526 7672 7525
f 6652 7675 7523
f 7672 7460 7670
f 7672 7461 7460
f 7461 7672 7526
f 7389 7675 6652
f 7673 7394 7462
f 7394 7673 7602
f 7676 7529 6925
f 7316 7317 7604
f 7465 7464 7677
f 7389 7530 7678
f 7396 7677 7464
f 7463 7606 7531
f 7467 7679 7396
f 7680 7533 7466
f 7607 7532 6834
f 7400 7257 7681
f 7610 7531 7606
f 7469 7258 7682
f 7533 7680 7537
f 7471 7683 7327
f 7403 7610 7684
f 7685 7325 7400
f 7537 7686 7612
f 7687 7397 7472
f 7687 7472 7474
f 7688 7538 7405
f 7473 7689 7539
f 7541 7403 7684
f 7539 7616 7407
f 7540 7690 7473
f 7691 7475 7476
f 7617 7692 7476
f 7330 7616 7693
f 7031 7618 7477
f 7693 7617 7543
f 7693 7543 7330
f 7113 7409 7540
f 7333 7694 7619
f 7695 7265 7615
f 7547 7694 7333
f 7544 7478 7410
f 7544 7546 7478
f 7695 7331 7265
f 7478 7696 7411
f 7547 7480 7697
f 7698 7550 7331
f 7549 7699 7621
f 7697 7480 7550
f 7413 7198 7700
f 7701 7339 7553
f 7339 7701 7624
f 7343 7274 7623
f 7483 7482 7702
f 7628 7203 7273
f 7419 7552 7626
f 7344 7124 7703
f 7704 7486 7484
f 7704 7485 7486
f 7704 7627 7485
f 7423 7703 7124
f 7489 7424 7346
f 7427 7705 7489
f 7630 7426 7280
f 7348 7633 7706
f 7636 7559 7494
f 7559 7636 7707
f 7434 7708 7349
f 7636 7635 7709
f 7638 7433 7498
f 7635 7710 7709
f 7711 7290 7354
f 7710 7635 7639
f 7712 7566 7637
f 7562 7713 7639
f 7709 7710 7714
f 7715 7643 7716
f 7711 7354 7355
f 7562 7638 7713
f 7716 7640 7712
f 7716 7643 7640
f 7712 7640 7566
f 7710 7717 7714
f 7718 7711 7355
f 7639 7719 7710
f 7717 7720 7714
f 7714 7720 7721
f 7718 7355 7641
f 7717 7710 7719
f 7721 7720 7722
f 7722 7723 7724
f 7568 7725 7569
f 7722 7720 7723
f 7726 7727 7728
f 7568 7505 7565
f 7723 7729 7724
f 7724 7729 7726
f 7729 7727 7726
f 7728 7727 7730
f 7731 7565 7570
f 7565 7731 7568
f 7732 7644 7643
f 7644 7733 7642
f 7734 7570 7506
f 7506 7645 7734
f 7729 7735 7727
f 7727 7736 7730
f 7735 7736 7727
f 7730 7736 7737
f 7737 7738 7739
f 7736 7740 7737
f 7741 7736 7735
f 7736 7741 7740
f 7507 7646 7293
f 7358 7138 7646
f 7742 7508 7357
f 7358 7743 7359
f 7742 7357 7509
f 7360 7510 7060
f 7648 7362 7647
f 7744 7218 7141
f 7573 7744 7141
f 7364 7649 7574
f 7745 7650 7143
f 7511 7745 7143
f 7651 7576 7439
f 7651 7440 7746
f 7440 7581 7746
f 7581 7585 7747
f 7660 7654 7655
f 7585 7748 7747
f 7661 7654 7660
f 7584 7749 7451
f 7662 7748 7585
f 7592 7661 7660
f 7592 7660 7371
f 7749 7517 7451
f 7663 7656 7658
f 7749 7750 7517
f 7518 7664 7662
f 7517 7750 7520
f 7594 7597 7751
f 7595 7752 7596
f 7666 6598 6645
f 7601 7668 7753
f 7754 7664 7665
f 7674 7379 7520
f 7750 7674 7520
f 7754 7665 7669
f 7670 7601 7753
f 7755 7754 7669
f 7527 7756 7671
f 7672 7755 7669
f 6925 7086 7757
f 7602 7673 7756
f 7602 7756 7527
f 7465 7677 7758
f 7603 7759 7528
f 7257 7529 7681
f 7760 7466 7465
f 7679 7677 7396
f 7759 7606 7528
f 7680 7466 7760
f 7606 7761 7610
f 7404 7762 7609
f 7763 7537 7680
f 7536 7682 7258
f 7611 7530 7534
f 7762 7404 7538
f 7686 7537 7763
f 7610 7764 7684
f 7467 7397 7687
f 7765 7325 7685
f 7766 7327 7683
f 7618 7612 7686
f 7765 7545 7325
f 7618 7406 7612
f 7687 7474 7767
f 7690 7689 7473
f 7618 7767 7477
f 7477 7767 7474
f 7766 7615 7327
f 7539 7768 7616
f 7769 7690 7540
f 7770 7328 7619
f 7688 7405 7475
f 7692 7691 7476
f 7409 7771 7540
f 7545 7772 7114
f 7331 7695 7698
f 7546 7696 7478
f 7773 7412 7411
f 7774 7621 7775
f 7334 7776 7269
f 7623 7114 7772
f 7699 7775 7621
f 7620 7621 7774
f 7698 7697 7550
f 7777 7549 7622
f 7549 7777 7699
f 7776 7481 7269
f 7198 7344 7700
f 7702 7551 7483
f 7623 7778 7343
f 7554 7343 7778
f 7704 7484 7626
f 7423 7555 7703
f 7425 7554 7779
f 7556 7780 7347
f 7278 7781 7555
f 7425 7782 7488
f 7489 7783 7424
f 7491 7784 7492
f 7557 7490 7785
f 7348 7706 7427
f 7427 7706 7705
f 7630 7428 7786
f 7432 7631 7787
f 7559 7786 7428
f 7787 7493 7432
f 7788 7559 7707
f 7789 7560 7790
f 7790 7560 7561
f 7790 7561 7634
f 7791 7563 7560
f 7495 7792 7351
f 7709 7707 7636
f 7791 7637 7563
f 7793 7637 7791
f 7351 7792 7352
f 7793 7712 7637
f 7352 7792 7794
f 7716 7793 7795
f 7793 7716 7712
f 7434 7796 7708
f 7434 7290 7796
f 7498 7564 7797
f 7711 7796 7290
f 7709 7714 7721
f 7721 7722 7798
f 7798 7722 7799
f 7498 7800 7638
f 7799 7726 7801
f 7726 7802 7801
f 7799 7724 7726
f 7713 7638 7800
f 7722 7724 7799
f 7726 7728 7802
f 7728 7803 7802
f 7639 7713 7719
f 7715 7732 7643
f 7719 7804 7717
f 7805 7806 7739
f 7720 7717 7807
f 7728 7730 7806
f 7808 7809 7810
f 7568 7731 7811
f 7717 7804 7807
f 7730 7737 7806
f 7807 7723 7720
f 7806 7737 7739
f 7812 7644 7732
f 7570 7734 7813
f 7644 7814 7733
f 7642 7733 7815
f 7642 7815 7645
f 7645 7815 7734
f 7807 7816 7723
f 7723 7816 7729
f 7739 7817 7818
f 7739 7738 7817
f 7729 7816 7819
f 7729 7819 7735
f 7737 7740 7738
f 7820 7735 7819
f 7735 7820 7741
f 7817 7738 7821
f 7741 7822 7740
f 7740 7822 7738
f 7738 7822 7823
f 7738 7823 7821
f 7571 7508 7824
f 7572 7825 7361
f 7744 7360 7218
f 7650 7573 7296
f 7575 7826 7220
f 7576 7827 7577
f 7651 7827 7576
f 7746 7828 7651
f 7829 7577 7827
f 7577 7830 7652
f 7830 7577 7829
f 7652 7830 7584
f 7831 7584 7830
f 7831 7749 7584
f 7832 7747 7748
f 7753 7832 7748
f 7662 7753 7748
f 7833 7750 7749
f 7834 7595 7594
f 7834 7752 7595
f 7752 7835 7596
f 7596 7835 7836
f 7836 7598 7596
f 7836 7668 7598
f 7668 7832 7753
f 7837 7753 7662
f 7594 7751 7834
f 7837 7662 7754
f 7754 7662 7664
f 7149 7838 6597
f 6598 7666 7838
f 7597 7667 7751
f 7670 7753 7837
f 7755 7837 7754
f 7674 7750 7756
f 7756 7833 7671
f 7671 7833 7839
f 7671 7839 7667
f 7670 7837 7755
f 7757 7086 6099
f 7673 7674 7756
f 7672 7670 7755
f 7840 7523 7675
f 7393 7605 7604
f 7465 7758 7760
f 7759 7761 7606
f 7764 7610 7761
f 7763 7680 7760
f 7682 7536 7841
f 7611 7324 7770
f 7842 7766 7683
f 7688 7843 7538
f 7618 7686 7767
f 7324 7328 7770
f 7539 7689 7768
f 7616 7768 7693
f 7691 7692 7844
f 7692 7617 7693
f 7769 7540 7771
f 7845 7688 7475
f 7475 7691 7845
f 7542 7335 7846
f 7541 7847 7334
f 7697 7694 7547
f 7696 7773 7411
f 7775 7699 7848
f 7849 7624 7701
f 7850 7628 7273
f 7482 7625 7702
f 7701 7553 7627
f 7851 7554 7778
f 7852 7626 7552
f 7853 7628 7850
f 7627 7704 7854
f 7853 7206 7628
f 7487 7206 7853
f 7779 7782 7425
f 7278 7426 7781
f 7855 7491 7629
f 7491 7855 7784
f 7784 7856 7492
f 7557 7857 7429
f 7786 7559 7788
f 7789 7791 7560
f 7632 7858 6971
f 7495 6971 7858
f 7707 7709 7788
f 7859 7788 7709
f 7349 7708 7633
f 7859 7709 7721
f 7352 7794 7860
f 7564 7352 7860
f 7798 7859 7721
f 7861 7715 7716
f 7862 7713 7800
f 7808 7863 7864
f 7863 7808 7865
f 7803 7806 7866
f 7806 7805 7866
f 7867 7864 7868
f 7803 7728 7806
f 7867 7809 7864
f 7865 7808 7732
f 7865 7732 7715
f 7719 7713 7862
f 7818 7805 7739
f 7869 7805 7818
f 7818 7870 7869
f 7864 7809 7808
f 7867 7871 7872
f 7867 7872 7809
f 7725 7568 7811
f 7871 7873 7872
f 7809 7874 7810
f 7732 7808 7810
f 7813 7731 7570
f 7872 7875 7809
f 7809 7875 7874
f 7810 7812 7732
f 7734 7876 7813
f 7818 7877 7873
f 7644 7812 7814
f 7810 7874 7878
f 7812 7810 7878
f 7821 7818 7817
f 7818 7821 7877
f 7879 7875 7872
f 7877 7821 7880
f 7881 7819 7816
f 7820 7822 7741
f 7882 7822 7820
f 7822 7882 7823
f 7571 7883 7507
f 7884 7646 7507
f 7742 7824 7508
f 7646 7885 7358
f 7743 7358 7885
f 7572 7359 7743
f 7360 7886 7510
f 7825 7647 7361
f 7574 7887 7219
f 7887 7575 7219
f 7826 7511 7220
f 7888 7827 7651
f 7888 7651 7828
f 7828 7746 7889
f 7581 7889 7746
f 7581 7747 7889
f 7832 7889 7747
f 7830 7890 7831
f 7891 7831 7890
f 7835 7889 7832
f 7836 7835 7832
f 7831 7891 7749
f 7891 7890 7892
f 7749 7891 7833
f 7752 7834 7893
f 7752 7893 7894
f 7752 7894 7835
f 7668 7836 7832
f 7751 7892 7834
f 7833 7891 7839
f 7839 7891 7751
f 7751 7891 7892
f 7667 7839 7751
f 7838 7149 6598
f 7756 7750 7833
f 7676 6925 7757
f 7603 7316 7895
f 7608 7896 7535
f 7471 7535 7896
f 7897 7677 7679
f 7682 7607 7469
f 7683 7471 7898
f 7679 7899 7897
f 7467 7899 7679
f 7763 7760 7900
f 7686 7763 7900
f 7687 7899 7467
f 7767 7686 7900
f 7687 7767 7899
f 7614 7542 7901
f 7846 7901 7542
f 7845 7902 7688
f 7903 7845 7691
f 7904 7619 7694
f 7905 7904 7694
f 7409 7548 7771
f 7412 7773 7548
f 7776 7334 7847
f 7335 7413 7906
f 7774 7775 7907
f 7696 7546 7908
f 7848 7699 7777
f 7620 7908 7546
f 7776 7847 7481
f 7850 7273 7481
f 7909 7700 7344
f 7702 7910 7551
f 7551 7852 7552
f 7911 7344 7703
f 7626 7852 7912
f 7345 7913 7625
f 7626 7914 7704
f 7779 7554 7851
f 7424 7913 7345
f 7915 7913 7424
f 7916 7488 7782
f 7424 7783 7915
f 7916 7629 7488
f 7855 7629 7916
f 7917 7781 7426
f 7630 7917 7426
f 7631 7492 7856
f 7857 7918 7429
f 7430 7429 7918
f 7918 7558 7430
f 7919 7493 7787
f 7919 7634 7493
f 7788 7920 7786
f 7921 7791 7789
f 7633 7922 7706
f 7923 7798 7801
f 7798 7799 7801
f 7801 7802 7924
f 7861 7716 7795
f 7860 7797 7564
f 7802 7803 7925
f 7926 7715 7861
f 7800 7498 7797
f 7925 7803 7866
f 7865 7715 7926
f 7866 7805 7927
f 7865 7926 7863
f 7868 7864 7928
f 7928 7864 7863
f 7927 7805 7869
f 7871 7867 7868
f 7869 7870 7871
f 7725 7641 7569
f 7870 7873 7871
f 7862 7929 7719
f 7818 7873 7870
f 7804 7719 7929
f 7877 7930 7873
f 7873 7930 7872
f 7931 7807 7804
f 7734 7815 7932
f 7734 7932 7876
f 7879 7872 7930
f 7812 7878 7933
f 7812 7933 7814
f 7934 7815 7733
f 7877 7879 7930
f 7807 7931 7816
f 7880 7879 7877
f 7874 7935 7878
f 7879 7936 7875
f 7875 7935 7874
f 7879 7937 7936
f 7875 7936 7938
f 7935 7875 7938
f 7881 7820 7819
f 7880 7821 7939
f 7823 7940 7821
f 7823 7882 7940
f 7941 7571 7824
f 7942 7886 7360
f 7744 7942 7360
f 7943 7647 7944
f 7943 7648 7647
f 7945 7648 7943
f 7648 7945 7649
f 7575 7946 7826
f 7827 7947 7829
f 7888 7947 7827
f 7894 7888 7828
f 7894 7828 7889
f 7829 7890 7830
f 7890 7829 7947
f 7893 7947 7888
f 7893 7888 7894
f 7834 7890 7947
f 7834 7947 7893
f 7835 7894 7889
f 7892 7890 7834
f 7948 6597 7838
f 6099 7948 7757
f 7948 6099 6597
f 7666 7523 7840
f 7949 7675 7389
f 7895 7316 7604
f 7950 7604 7605
f 7949 7389 7678
f 7895 7951 7603
f 7605 7184 7952
f 7952 7184 7532
f 7603 7951 7759
f 7953 7532 7607
f 7471 7896 7898
f 7758 7677 7897
f 7758 7900 7760
f 7683 7898 7842
f 7954 7530 7611
f 7767 7900 7899
f 7611 7770 7954
f 7955 7766 7842
f 7956 7766 7955
f 7536 7613 7957
f 7958 7613 7614
f 7902 7959 7688
f 7960 7768 7689
f 7690 7960 7689
f 7958 7614 7901
f 7693 7961 7692
f 7692 7961 7844
f 7693 7768 7961
f 7684 7962 7541
f 7904 7770 7619
f 7903 7691 7844
f 7848 7902 7845
f 7963 7845 7903
f 7963 7903 7964
f 7847 7541 7965
f 7966 7905 7694
f 7848 7845 7963
f 7907 7963 7964
f 7906 7846 7335
f 7775 7848 7963
f 7775 7963 7907
f 7548 7773 7967
f 7697 7966 7694
f 7908 7773 7696
f 7698 7966 7697
f 7777 7968 7848
f 7969 7620 7774
f 7620 7969 7908
f 7777 7622 7968
f 7622 7970 7968
f 7971 7970 7622
f 7413 7700 7972
f 7622 7624 7971
f 7702 7973 7910
f 7624 7849 7971
f 7551 7974 7852
f 7701 7627 7975
f 7626 7912 7914
f 7704 7914 7854
f 7556 7487 7853
f 7976 7555 7781
f 7489 7977 7783
f 7347 7978 7490
f 7705 7977 7489
f 7490 7978 7785
f 7431 7632 7210
f 7790 7979 7789
f 7790 7634 7919
f 7791 7921 7980
f 7793 7791 7980
f 7981 7795 7793
f 7495 7858 7792
f 7982 7788 7859
f 7859 7798 7923
f 7983 7861 7795
f 7984 7633 7708
f 7708 7796 7984
f 7924 7802 7925
f 7868 7928 7985
f 7986 7927 7869
f 7868 7987 7988
f 7989 7800 7797
f 7988 7871 7868
f 7718 7990 7711
f 7862 7800 7989
f 7869 7871 7988
f 7813 7991 7731
f 7731 7991 7811
f 7876 7992 7813
f 7813 7992 7991
f 7929 7931 7804
f 7931 7993 7816
f 7994 7814 7933
f 7814 7994 7995
f 7814 7995 7733
f 7733 7995 7934
f 7937 7879 7880
f 7933 7878 7996
f 7939 7937 7880
f 7820 7997 7882
f 7998 7940 7882
f 7884 7507 7883
f 7883 7571 7941
f 7999 7824 7742
f 8000 7999 7742
f 7742 7509 8000
f 7825 7572 8001
f 7944 7647 7825
f 8002 7649 7945
f 7574 7649 8002
f 8003 7840 7675
f 7529 7676 7681
f 7609 8004 7608
f 7609 7762 8004
f 7538 8005 7762
f 7758 7897 7900
f 8006 7400 7681
f 8006 7685 7400
f 7842 8007 7955
f 7900 7897 7899
f 7841 7536 7957
f 7764 8008 7684
f 8009 7954 7770
f 7959 7843 7688
f 7958 7957 7613
f 8010 7766 7956
f 7960 7961 7768
f 7690 7769 7960
f 7965 7541 7962
f 7844 8011 7903
f 7615 7766 8012
f 7548 8013 7771
f 7615 8012 7695
f 7967 8013 7548
f 7848 7968 8014
f 7695 8015 7698
f 8016 7774 7907
f 8016 7969 7774
f 7908 7969 7773
f 7969 7967 7773
f 7972 7906 7413
f 7847 8017 7481
f 8017 7850 7481
f 7551 7910 7974
f 7911 7909 7344
f 7975 7849 7701
f 7975 7627 7854
f 7851 8018 7779
f 8018 7782 7779
f 7555 7976 7703
f 7780 7978 7347
f 8019 7917 7630
f 7631 7856 8020
f 7705 8021 7977
f 8022 7557 7785
f 8022 7857 7557
f 7786 8019 7630
f 7631 8020 7787
f 7918 8023 7558
f 7706 8021 7705
f 8024 8021 7706
f 7431 7558 8025
f 8026 7786 7920
f 7789 7979 8027
f 7979 7790 7919
f 7431 8028 7632
f 7921 7789 8027
f 8024 7706 7922
f 8029 7858 7632
f 7920 7788 7982
f 7981 7793 7980
f 7795 7981 8030
f 7982 7859 7923
f 7983 7795 8030
f 8031 7923 7801
f 7801 7924 8031
f 7926 7861 7983
f 8032 7985 7863
f 8032 7863 7926
f 7925 7866 8033
f 7985 7928 7863
f 8034 7866 7927
f 7860 8035 7797
f 7711 8036 7796
f 7711 8037 8036
f 7869 7988 7986
f 7797 8038 7989
f 7711 7990 8037
f 7989 8039 7862
f 8040 7641 7725
f 8039 7929 7862
f 7811 7991 8041
f 7931 7929 8042
f 7932 7815 7934
f 7878 7935 7996
f 7993 7881 7816
f 7939 8043 7937
f 7937 8043 7936
f 8044 7936 8043
f 7936 8044 7938
f 8045 7820 7881
f 8046 7821 7940
f 7821 8046 7939
f 7997 7820 8045
f 7997 8047 7882
f 7998 7882 8047
f 7999 7941 7824
f 7646 8048 7885
f 8049 8000 7509
f 7572 7743 8001
f 8049 7509 7510
f 8050 7944 7825
f 8002 8051 7574
f 8051 7887 7574
f 7887 7946 7575
f 8052 7666 7840
f 7757 8053 7676
f 7604 7950 7895
f 8054 7896 7608
f 7762 8055 8004
f 7952 7532 7953
f 8056 7953 7607
f 8056 7607 7682
f 8057 7842 7898
f 8058 7761 7759
f 7764 7761 8058
f 7764 8058 8008
f 8059 7844 7961
f 8059 7961 7960
f 7771 8013 7960
f 7769 7771 7960
f 8012 7766 8010
f 7903 8011 7964
f 7902 7848 8014
f 8016 7907 7964
f 7967 8060 8013
f 7906 8061 7846
f 7968 8062 8014
f 8060 7967 7969
f 8015 7966 7698
f 7695 8012 8015
f 7700 7909 7972
f 7623 8063 7778
f 7973 7702 7625
f 8064 7853 7850
f 8063 7851 7778
f 7852 8065 7912
f 7913 8066 7625
f 8067 7975 7854
f 7784 7855 8068
f 8022 7918 7857
f 8069 7787 8020
f 8019 7786 8026
f 8069 7919 7787
f 8025 8028 7431
f 7921 8070 7980
f 7981 7980 8071
f 7633 8072 7922
f 8073 7924 7925
f 7925 8033 8073
f 7987 7868 7985
f 8072 7633 7984
f 7927 8074 8034
f 8033 7866 8075
f 8075 7866 8034
f 7927 7986 8074
f 7796 8036 7984
f 8035 8038 7797
f 7641 8076 7718
f 7718 8076 7990
f 8040 8076 7641
f 7725 8077 8040
f 7811 8041 7725
f 7725 8041 8077
f 8078 7929 8039
f 8079 7991 7992
f 8042 7929 8078
f 8080 7934 7995
f 7993 7931 8042
f 7996 7994 7933
f 8081 7881 7993
f 7938 8082 7935
f 7938 8044 8082
f 8043 7939 8046
f 7940 8083 8046
f 7940 7998 8083
f 7997 8084 8047
f 8085 7646 7884
f 7646 8085 8048
f 7885 8001 7743
f 8001 8050 7825
f 8049 7510 7886
f 7944 8086 8087
f 7944 8087 7943
f 7573 8088 7744
f 7650 8089 7573
f 7650 7745 8089
f 7826 8090 7511
f 8091 7838 7666
f 8092 7757 7948
f 8053 7757 8092
f 8054 7608 8004
f 7762 8005 8055
f 8093 8006 7681
f 7538 7843 8005
f 7954 7678 7530
f 8094 7955 8007
f 8006 8095 7685
f 7959 8096 7843
f 8094 7956 7955
f 8009 8097 7954
f 8094 8098 7956
f 7684 8008 7962
f 8099 8009 7770
f 7770 7904 8099
f 8014 8100 7959
f 7902 8014 7959
f 8059 8011 7844
f 8059 7960 8101
f 8101 7960 8013
f 8102 7901 7846
f 7904 7905 8103
f 8104 7905 7966
f 7969 8016 8060
f 7968 8105 8062
f 8106 8105 7968
f 7970 8107 8106
f 7970 8106 7968
f 7971 8107 7970
f 7973 8108 7910
f 8109 8108 7973
f 8064 7850 8017
f 7849 7975 8110
f 7974 8065 7852
f 8111 7853 8064
f 8112 7909 7911
f 8112 7911 7703
f 8067 8113 7975
f 7912 8114 7914
f 7914 8067 7854
f 7914 8114 8067
f 7556 7853 8111
f 7915 8066 7913
f 8111 8115 7556
f 8115 7780 7556
f 8116 7703 7976
f 7917 7976 7781
f 7856 7784 8068
f 8020 7856 8117
f 7558 8023 8025
f 8118 7919 8069
f 7919 8118 7979
f 7920 7982 8026
f 8029 8119 7858
f 7858 8119 7792
f 7926 7983 8030
f 7987 7985 8120
f 8121 7860 7794
f 7986 7988 8122
f 8122 7988 7987
f 8123 8039 7989
f 8078 8039 8123
f 8079 8041 7991
f 8081 7993 8042
f 8124 7995 7994
f 7995 8124 8080
f 7935 8082 8125
f 7935 8125 7996
f 8045 7881 8081
f 8126 7884 7883
f 8127 8126 7883
f 8127 7883 7941
f 8088 7942 7744
f 7945 8128 8002
f 7745 7511 8090
f 8091 7666 8052
f 7675 7949 8003
f 7898 7896 8129
f 7843 8130 8005
f 8056 7682 7841
f 8097 7678 7954
f 8095 7765 7685
f 7956 8131 8010
f 8131 7956 8132
f 8132 7956 8098
f 8103 8099 7904
f 8014 8062 8100
f 8133 8011 8101
f 8101 8011 8059
f 7964 8011 8133
f 8060 8101 8013
f 7765 8134 7545
f 8134 7772 7545
f 8104 8103 7905
f 8016 8133 8060
f 8060 8133 8101
f 8135 8012 8010
f 8133 8016 7964
f 7965 8136 7847
f 8136 8017 7847
f 7772 8137 7623
f 8138 7906 7972
f 7623 8137 8063
f 7972 7909 8138
f 7971 8139 8107
f 7971 7849 8139
f 8110 8139 7849
f 8110 7975 8113
f 7855 7916 8140
f 8141 7978 7780
f 8141 8142 7978
f 7785 7978 8142
f 8019 8143 7917
f 8142 8022 7785
f 7977 8144 8145
f 8021 8144 7977
f 8026 8146 8019
f 8024 8144 8021
f 7921 8027 8070
f 7982 8147 8026
f 7922 8148 8024
f 7923 8147 7982
f 7923 8149 8147
f 8149 7923 8031
f 8031 7924 8150
f 7924 8073 8150
f 8151 7985 8032
f 8152 8032 7926
f 8152 7926 8030
f 8153 8034 8074
f 7987 8120 8122
f 8119 8154 7792
f 7792 8154 7794
f 8154 8121 7794
f 8035 8155 8038
f 7989 8038 8156
f 8156 8123 7989
f 7876 8157 7992
f 7876 7932 8158
f 7934 8158 7932
f 8159 8044 8043
f 8046 8159 8043
f 8160 8046 8083
f 8084 8161 8047
f 8047 8161 8162
f 8047 8162 7998
f 8163 8085 7884
f 8163 7884 8126
f 8048 8085 8164
f 8165 7944 8050
f 8166 7886 7942
f 8165 8086 7944
f 8087 8167 7943
f 8089 8088 7573
f 7943 8167 7945
f 8002 8128 8051
f 7948 7838 8168
f 7948 8168 8092
f 7896 8054 8129
f 7898 8129 8057
f 7895 8169 7951
f 8170 7950 7605
f 8171 7952 7953
f 7759 7951 8058
f 8172 8094 8007
f 8096 8130 7843
f 7959 8100 8096
f 8173 8098 8094
f 7901 8174 7958
f 8175 8098 8173
f 8100 8062 8176
f 8175 8173 8176
f 8175 8176 8062
f 8132 8098 8175
f 8103 8104 8177
f 8131 8135 8010
f 8105 8175 8062
f 8015 8104 7966
f 8178 8015 8012
f 8178 8012 8135
f 8136 8179 8017
f 8179 8064 8017
f 8180 7910 8108
f 7625 8181 7973
f 7974 7910 8180
f 8182 7851 8063
f 8183 7912 8065
f 7912 8184 8114
f 8067 8114 8185
f 8018 8186 7782
f 7916 7782 8140
f 8115 8141 7780
f 8140 8068 7855
f 8068 8187 7856
f 8187 8117 7856
f 8020 8117 8188
f 8069 8020 8188
f 8189 7979 8118
f 8189 8027 7979
f 7980 8190 8071
f 8028 8029 7632
f 8191 7981 8071
f 8191 8030 7981
f 8149 8031 8150
f 7922 8072 8148
f 7985 8192 8120
f 8193 8122 8120
f 7986 8193 8074
f 8193 7986 8122
f 8194 8035 7860
f 7990 8195 8037
f 8035 8194 8155
f 8076 8195 7990
f 8155 8156 8038
f 8076 8196 8195
f 8076 8040 8196
f 8197 8079 7992
f 8157 8197 7992
f 8198 8157 7876
f 7876 8158 8198
f 7934 8080 8158
f 8124 7994 7996
f 8124 7996 8125
f 8199 8082 8044
f 8125 8082 8200
f 8081 8201 8045
f 8159 8199 8044
f 8159 8046 8160
f 8202 8045 8201
f 7997 8045 8202
f 7997 8202 8084
f 8203 8127 7941
f 7999 8203 7941
f 8000 8204 7999
f 8001 7885 8205
f 8206 7945 8167
f 7945 8206 8128
f 8090 8207 7745
f 7887 8208 7946
f 7838 8091 8209
f 8210 8054 8004
f 8055 8005 8211
f 8169 7895 8212
f 8007 7842 8057
f 8005 8130 8211
f 8213 7949 7678
f 8096 8214 8130
f 8215 7678 8097
f 8100 8216 8096
f 8102 8174 7901
f 8217 7965 7962
f 8061 8102 7846
f 8218 8131 8132
f 8218 8132 8219
f 8175 8219 8132
f 8105 8219 8175
f 7965 8217 8136
f 8104 8015 8178
f 8137 7772 8134
f 8106 8219 8105
f 8220 8219 8106
f 8221 8061 7906
f 8106 8107 8220
f 8139 8110 8222
f 7625 8066 8181
f 8223 8111 8064
f 8224 8065 7974
f 8183 8184 7912
f 8185 8113 8067
f 8182 8018 7851
f 7915 8225 8066
f 7783 8225 7915
f 8226 8116 7976
f 7917 8226 7976
f 8225 7783 8145
f 7977 8145 7783
f 8019 8227 8143
f 7918 8022 8228
f 8146 8227 8019
f 8118 8069 8188
f 8027 8189 8229
f 8026 8147 8146
f 8190 7980 8070
f 7985 8151 8192
f 8073 8033 8230
f 8034 8153 8231
f 8033 8075 8231
f 8231 8075 8034
f 8072 7984 8232
f 8121 8194 7860
f 8233 8036 8037
f 8233 8037 8195
f 8234 8196 8040
f 8235 8123 8156
f 8079 8197 8041
f 8042 8078 8236
f 8236 8081 8042
f 8236 8237 8081
f 8238 8081 8237
f 8201 8081 8238
f 8200 8082 8199
f 8160 8199 8159
f 8162 8083 7998
f 8126 8127 8163
f 8204 8000 8239
f 8205 8050 8001
f 8165 8050 8240
f 8241 7886 8166
f 7745 8242 8089
f 7745 8207 8242
f 8208 7826 7946
f 7838 8209 8168
f 8210 8129 8054
f 8093 7681 7676
f 7950 8212 7895
f 7952 8170 7605
f 8170 7952 8171
f 8172 8243 8094
f 7951 8244 8058
f 8215 8213 7678
f 8173 8094 8243
f 8243 8245 8173
f 8058 8244 8008
f 7957 8246 7841
f 8097 8009 8215
f 8247 8176 8173
f 8216 8176 8247
f 8100 8176 8216
f 8248 7962 8008
f 8249 8009 8099
f 8250 8249 8099
f 7962 8248 8217
f 8103 8250 8099
f 8251 8177 8104
f 8220 8218 8219
f 7906 8138 8221
f 8107 8139 8220
f 8181 8109 7973
f 8223 8064 8179
f 8224 7974 8180
f 8065 8224 8183
f 8185 8114 8184
f 8116 8112 7703
f 8140 7782 8186
f 8252 8187 8068
f 8024 8253 8144
f 8027 8229 8254
f 8070 8027 8254
f 8253 8024 8148
f 8029 8028 8255
f 8256 8150 8073
f 8230 8256 8073
f 8032 8257 8151
f 8032 8152 8257
f 8033 8231 8230
f 8074 8258 8153
f 8258 8074 8259
f 8259 8074 8193
f 8072 8232 8148
f 8121 8260 8194
f 7984 8036 8232
f 8077 8234 8040
f 8077 8261 8234
f 8041 8261 8077
f 8123 8235 8078
f 8235 8262 8078
f 8158 8263 8198
f 8262 8236 8078
f 8158 8080 8264
f 8265 8080 8124
f 8266 8124 8125
f 8266 8125 8267
f 8084 8268 8161
f 8269 8162 8161
f 8270 8163 8127
f 7885 8048 8271
f 8049 8239 8000
f 8241 8239 8049
f 7886 8241 8049
f 8086 8165 8272
f 8088 8166 7942
f 8086 8272 8087
f 8088 8089 8273
f 8128 8206 8274
f 8275 8090 7826
f 8051 8276 7887
f 8276 8208 7887
f 8277 7840 8003
f 8278 8093 7676
f 8053 8278 7676
f 8171 7953 8279
f 8280 8169 8212
f 7953 8056 8279
f 8169 8280 8244
f 7951 8169 8244
f 8056 7841 8246
f 8245 8247 8173
f 7957 7958 8246
f 8215 8009 8281
f 8246 7958 8282
f 8095 8283 7765
f 8244 8248 8008
f 8174 8282 7958
f 8249 8281 8009
f 8284 8250 8103
f 8177 8284 8103
f 8102 8061 8285
f 8286 8135 8131
f 8286 8131 8218
f 8220 8287 8218
f 8288 8109 8289
f 8139 8287 8220
f 8108 8109 8288
f 8288 8180 8108
f 8290 8063 8137
f 8290 8182 8063
f 8291 8222 8110
f 8110 8113 8291
f 8292 8138 7909
f 8066 8293 8181
f 8292 7909 8112
f 8184 8294 8185
f 8223 8115 8111
f 8066 8225 8293
f 8186 8018 8182
f 8186 8295 8140
f 8296 8142 8141
f 8143 8226 7917
f 8296 8297 8142
f 8297 8022 8142
f 8228 8022 8297
f 8228 8023 7918
f 8118 8188 8298
f 8118 8298 8189
f 8299 8025 8023
f 8191 8071 8300
f 8030 8191 8152
f 8256 8301 8150
f 8120 8192 8259
f 8259 8193 8120
f 8302 8232 8036
f 8233 8302 8036
f 8041 8303 8261
f 8197 8303 8041
f 8263 8158 8264
f 8080 8265 8264
f 8124 8266 8265
f 8267 8125 8200
f 8160 8304 8199
f 8304 8083 8305
f 8083 8304 8160
f 8202 8268 8084
f 8083 8162 8305
f 8204 8203 7999
f 8271 8205 7885
f 8205 8240 8050
f 8167 8306 8206
f 8306 8274 8206
f 8275 8207 8090
f 8168 8307 8092
f 8278 8053 8092
f 8307 8278 8092
f 8277 8052 7840
f 8308 8210 8004
f 8055 8308 8004
f 8007 8057 8309
f 8170 8171 8310
f 8093 8095 8006
f 8311 8214 8096
f 8312 8056 8246
f 8215 8313 8213
f 8283 8134 7765
f 8217 8248 8314
f 8315 8102 8285
f 8284 8177 8316
f 8251 8104 8178
f 8286 8178 8135
f 8287 8286 8218
f 8317 8285 8221
f 8285 8061 8221
f 8290 8137 8134
f 8136 8318 8179
f 8222 8287 8139
f 8181 8319 8109
f 8293 8319 8181
f 8291 8113 8320
f 8320 8113 8185
f 8184 8183 8294
f 8223 8321 8115
f 8141 8115 8321
f 8295 8322 8140
f 8068 8140 8322
f 8189 8323 8229
f 8298 8323 8189
f 8146 8324 8227
f 8070 8254 8325
f 8190 8070 8325
f 8025 8326 8028
f 8071 8327 8300
f 8327 8071 8190
f 8147 8149 8328
f 8149 8301 8328
f 8149 8150 8301
f 8329 8152 8191
f 8253 8148 8330
f 8257 8152 8329
f 8231 8153 8331
f 8119 8029 8255
f 8260 8332 8194
f 8194 8332 8155
f 8332 8156 8155
f 8332 8333 8156
f 8333 8235 8156
f 8200 8199 8334
f 8304 8334 8199
f 8268 8202 8335
f 8305 8162 8269
f 8163 8336 8085
f 8337 8270 8127
f 8337 8127 8203
f 8338 8240 8205
f 8339 8240 8338
f 8339 8165 8240
f 8166 8088 8340
f 8087 8272 8341
f 8274 8342 8128
f 8128 8342 8051
f 8342 8276 8051
f 8091 8343 8209
f 8277 8344 8052
f 8055 8345 8308
f 8129 8309 8057
f 8345 8055 8211
f 8213 8003 7949
f 7950 8170 8212
f 8171 8346 8310
f 8003 8213 8313
f 8312 8279 8056
f 8244 8280 8347
f 8281 8313 8215
f 8314 8248 8244
f 8244 8347 8314
f 8174 8348 8282
f 8315 8348 8174
f 8315 8174 8102
f 8349 8178 8286
f 8349 8251 8178
f 8217 8350 8318
f 8217 8318 8136
f 8288 8289 8351
f 8351 8352 8288
f 8287 8222 8353
f 8352 8180 8288
f 8354 8180 8355
f 8356 8223 8179
f 8354 8224 8180
f 8224 8357 8183
f 8357 8294 8183
f 8322 8252 8068
f 8143 8358 8226
f 8252 8359 8187
f 8360 8023 8228
f 8227 8361 8143
f 8144 8362 8145
f 8324 8361 8227
f 8253 8362 8144
f 8254 8229 8363
f 8146 8147 8324
f 8191 8300 8364
f 8326 8255 8028
f 8231 8365 8230
f 8153 8258 8331
f 8154 8119 8366
f 8196 8367 8195
f 8368 8262 8235
f 8369 8197 8157
f 8197 8369 8303
f 8370 8369 8157
f 8157 8198 8371
f 8157 8371 8370
f 8198 8263 8371
f 8265 8266 8372
f 8372 8266 8267
f 8202 8201 8335
f 8373 8161 8268
f 8269 8374 8305
f 8161 8373 8269
f 8337 8203 8204
f 8375 8165 8339
f 8272 8165 8375
f 8340 8088 8273
f 8242 8273 8089
f 8341 8167 8087
f 8341 8306 8167
f 8242 8207 8376
f 8344 8091 8052
f 8210 8377 8129
f 8130 8378 8211
f 8171 8279 8346
f 8379 8095 8093
f 8380 8247 8245
f 8216 8311 8096
f 8280 8381 8347
f 8312 8246 8382
f 8246 8282 8382
f 8383 8313 8281
f 8249 8383 8281
f 8249 8384 8383
f 8250 8385 8249
f 8314 8350 8217
f 8316 8177 8251
f 8316 8251 8349
f 8289 8386 8351
f 8286 8287 8387
f 8353 8387 8287
f 8289 8109 8319
f 8356 8179 8318
f 8355 8180 8352
f 8222 8388 8353
f 8291 8388 8222
f 8354 8357 8224
f 8182 8290 8389
f 8390 8185 8294
f 8320 8185 8390
f 8292 8112 8391
f 8186 8182 8392
f 8393 8141 8321
f 8394 8116 8226
f 8395 8296 8141
f 8117 8187 8359
f 8359 8188 8117
f 8396 8299 8023
f 8397 8298 8188
f 8323 8363 8229
f 8025 8299 8326
f 8325 8327 8190
f 8147 8328 8398
f 8364 8329 8191
f 8326 8399 8255
f 8257 8400 8151
f 8401 8192 8151
f 8255 8366 8119
f 8366 8121 8154
f 8367 8233 8195
f 8234 8261 8402
f 8196 8234 8402
f 8333 8368 8235
f 8303 8403 8261
f 8236 8262 8404
f 8264 8405 8263
f 8264 8265 8405
f 8404 8237 8236
f 8237 8406 8238
f 8335 8407 8268
f 8407 8373 8268
f 8374 8269 8373
f 8164 8271 8048
f 8271 8408 8205
f 8409 8204 8239
f 8241 8410 8239
f 8241 8166 8340
f 8376 8411 8242
f 8208 8275 7826
f 8309 8129 8377
f 8211 8412 8345
f 8378 8130 8413
f 8214 8413 8130
f 8414 8003 8313
f 8380 8415 8247
f 8247 8415 8216
f 8415 8311 8216
f 8314 8347 8416
f 8249 8385 8384
f 8384 8417 8383
f 8284 8385 8250
f 8284 8316 8418
f 8386 8419 8420
f 8351 8420 8417
f 8421 8290 8134
f 8386 8289 8419
f 8386 8420 8351
f 8286 8387 8349
f 8138 8422 8221
f 8320 8388 8291
f 8294 8357 8390
f 8389 8392 8182
f 8423 8112 8116
f 8393 8395 8141
f 8424 8293 8225
f 8145 8424 8225
f 8425 8228 8297
f 8360 8228 8425
f 8143 8361 8358
f 8396 8023 8360
f 8397 8188 8359
f 8145 8362 8426
f 8147 8398 8324
f 8427 8328 8301
f 8362 8253 8428
f 8257 8429 8400
f 8329 8429 8257
f 8253 8330 8428
f 8301 8256 8430
f 8400 8401 8151
f 8230 8430 8256
f 8231 8331 8431
f 8259 8401 8432
f 8259 8192 8401
f 8230 8365 8433
f 8365 8231 8431
f 8259 8432 8258
f 8432 8331 8258
f 8434 8435 8330
f 8330 8148 8434
f 8232 8434 8148
f 8260 8436 8332
f 8263 8405 8371
f 8265 8437 8405
f 8404 8406 8237
f 8372 8438 8265
f 8238 8406 8439
f 8238 8439 8201
f 8200 8440 8267
f 8200 8334 8440
f 8439 8335 8201
f 8441 8304 8305
f 8305 8374 8441
f 8336 8442 8085
f 8336 8163 8270
f 8408 8338 8205
f 8410 8409 8239
f 8375 8443 8272
f 8210 8308 8444
f 8445 8209 8343
f 8377 8210 8444
f 8091 8344 8343
f 8446 8308 8345
f 8172 8007 8309
f 8378 8412 8211
f 8003 8414 8277
f 8243 8447 8245
f 8245 8447 8380
f 8448 8212 8170
f 8448 8170 8310
f 8448 8310 8346
f 8346 8279 8449
f 8212 8450 8280
f 8212 8448 8450
f 8279 8312 8451
f 8414 8313 8452
f 8382 8451 8312
f 8379 8283 8095
f 8383 8452 8313
f 8453 8382 8282
f 8416 8347 8381
f 8348 8453 8282
f 8454 8453 8348
f 8452 8383 8455
f 8454 8348 8456
f 8456 8348 8315
f 8457 8455 8383
f 8455 8457 8420
f 8417 8457 8383
f 8458 8315 8285
f 8314 8416 8350
f 8417 8384 8459
f 8384 8385 8459
f 8284 8460 8385
f 8283 8421 8134
f 8420 8457 8417
f 8349 8418 8316
f 8461 8419 8289
f 8387 8418 8349
f 8351 8417 8462
f 8462 8352 8351
f 8317 8221 8463
f 8421 8464 8290
f 8318 8465 8356
f 8355 8352 8466
f 8354 8355 8466
f 8464 8389 8290
f 8354 8466 8467
f 8468 8320 8390
f 8320 8468 8388
f 8357 8354 8467
f 8292 8422 8138
f 8293 8469 8319
f 8356 8470 8223
f 8470 8321 8223
f 8471 8391 8112
f 8295 8186 8392
f 8423 8116 8394
f 8394 8226 8358
f 8395 8472 8296
f 8472 8297 8296
f 8473 8359 8252
f 8473 8474 8359
f 8145 8426 8424
f 8475 8361 8324
f 8363 8325 8254
f 8330 8435 8428
f 8430 8230 8433
f 8366 8476 8121
f 8232 8477 8434
f 8121 8476 8260
f 8302 8477 8232
f 8302 8233 8478
f 8196 8402 8367
f 8332 8436 8333
f 8403 8479 8261
f 8479 8402 8261
f 8480 8403 8303
f 8333 8481 8368
f 8482 8303 8369
f 8483 8482 8369
f 8369 8370 8483
f 8368 8484 8262
f 8371 8405 8485
f 8262 8484 8404
f 8438 8437 8265
f 8372 8486 8438
f 8486 8372 8267
f 8487 8336 8270
f 8487 8270 8337
f 8408 8488 8338
f 8339 8443 8375
f 8241 8340 8489
f 8340 8273 8489
f 8242 8411 8273
f 8274 8306 8490
f 8491 8207 8275
f 8492 8444 8308
f 8445 8168 8209
f 8168 8493 8307
f 8446 8345 8494
f 8494 8345 8412
f 8307 8495 8278
f 8496 8243 8172
f 8447 8243 8496
f 8278 8379 8093
f 8413 8214 8311
f 8279 8451 8449
f 8381 8280 8450
f 8379 8497 8283
f 8455 8498 8452
f 8456 8315 8499
f 8420 8498 8455
f 8458 8499 8315
f 8498 8420 8419
f 8500 8421 8283
f 8284 8418 8460
f 8459 8385 8460
f 8462 8417 8459
f 8350 8465 8318
f 8353 8501 8387
f 8461 8289 8319
f 8352 8462 8466
f 8466 8462 8502
f 8388 8501 8353
f 8357 8467 8503
f 8357 8503 8390
f 8423 8471 8112
f 8252 8322 8504
f 8504 8473 8252
f 8505 8394 8358
f 8297 8472 8425
f 8506 8358 8361
f 8397 8507 8298
f 8507 8323 8298
f 8508 8426 8362
f 8398 8475 8324
f 8509 8327 8325
f 8430 8427 8301
f 8510 8431 8331
f 8478 8477 8302
f 8367 8511 8233
f 8436 8512 8333
f 8512 8481 8333
f 8482 8480 8303
f 8371 8485 8513
f 8374 8514 8441
f 8515 8373 8407
f 8514 8374 8373
f 8514 8373 8516
f 8442 8164 8085
f 8164 8517 8271
f 8487 8337 8409
f 8204 8409 8337
f 8241 8489 8410
f 8518 8443 8339
f 8272 8443 8519
f 8489 8273 8520
f 8272 8519 8341
f 8376 8207 8491
f 8342 8274 8521
f 8275 8208 8522
f 8342 8522 8276
f 8276 8522 8208
f 8444 8523 8377
f 8446 8492 8308
f 8168 8445 8493
f 8277 8524 8344
f 8525 8524 8277
f 8414 8525 8277
f 8495 8379 8278
f 8415 8526 8311
f 8453 8527 8382
f 8454 8527 8453
f 8283 8497 8500
f 8498 8419 8528
f 8418 8529 8460
f 8461 8528 8419
f 8530 8459 8460
f 8418 8387 8529
f 8460 8529 8530
f 8502 8459 8530
f 8462 8459 8502
f 8501 8529 8387
f 8501 8531 8529
f 8501 8468 8531
f 8468 8501 8388
f 8532 8463 8221
f 8221 8422 8532
f 8469 8461 8319
f 8469 8533 8461
f 8503 8534 8390
f 8390 8534 8468
f 8292 8391 8422
f 8470 8535 8321
f 8535 8393 8321
f 8469 8293 8424
f 8295 8392 8536
f 8536 8322 8295
f 8474 8397 8359
f 8475 8506 8361
f 8396 8537 8299
f 8507 8538 8323
f 8323 8539 8363
f 8363 8539 8540
f 8509 8325 8363
f 8299 8537 8326
f 8328 8427 8541
f 8508 8362 8428
f 8400 8542 8401
f 8400 8429 8542
f 8366 8255 8543
f 8478 8233 8511
f 8402 8544 8367
f 8370 8371 8483
f 8481 8484 8368
f 8371 8513 8483
f 8545 8404 8484
f 8437 8485 8405
f 8440 8546 8267
f 8546 8486 8267
f 8334 8547 8440
f 8304 8547 8334
f 8548 8515 8407
f 8515 8516 8373
f 8520 8273 8411
f 8519 8549 8341
f 8549 8306 8341
f 8550 8490 8306
f 8490 8551 8274
f 8521 8274 8551
f 8344 8524 8343
f 8496 8172 8309
f 8448 8346 8552
f 8449 8552 8346
f 8450 8553 8381
f 8382 8554 8451
f 8554 8382 8527
f 8416 8381 8553
f 8555 8416 8553
f 8556 8285 8317
f 8530 8529 8531
f 8556 8317 8463
f 8502 8530 8531
f 8467 8502 8531
f 8467 8531 8534
f 8534 8531 8468
f 8502 8467 8466
f 8467 8534 8503
f 8356 8465 8470
f 8557 8392 8389
f 8558 8395 8393
f 8559 8360 8425
f 8506 8505 8358
f 8474 8473 8504
f 8474 8560 8397
f 8397 8560 8507
f 8538 8539 8323
f 8540 8561 8363
f 8541 8398 8328
f 8327 8509 8562
f 8562 8364 8300
f 8300 8327 8562
f 8563 8326 8537
f 8564 8329 8364
f 8326 8563 8399
f 8401 8542 8432
f 8433 8565 8430
f 8428 8435 8566
f 8399 8543 8255
f 8476 8567 8260
f 8567 8568 8260
f 8544 8511 8367
f 8260 8568 8436
f 8544 8402 8569
f 8479 8569 8402
f 8403 8480 8479
f 8483 8570 8482
f 8438 8571 8437
f 8404 8545 8406
f 8545 8572 8406
f 8547 8546 8440
f 8439 8573 8335
f 8547 8304 8574
f 8573 8575 8335
f 8407 8335 8575
f 8576 8304 8441
f 8575 8548 8407
f 8577 8336 8487
f 8517 8408 8271
f 8578 8410 8489
f 8549 8550 8306
f 8521 8579 8342
f 8579 8522 8342
f 8311 8526 8580
f 8581 8449 8451
f 8527 8582 8554
f 8583 8527 8454
f 8454 8456 8583
f 8465 8350 8584
f 8500 8464 8421
f 8585 8470 8465
f 8557 8389 8464
f 8586 8422 8391
f 8471 8586 8391
f 8557 8587 8392
f 8535 8558 8393
f 8587 8536 8392
f 8588 8322 8536
f 8394 8505 8423
f 8558 8472 8395
f 8504 8322 8588
f 8559 8396 8360
f 8426 8589 8424
f 8475 8590 8506
f 8561 8509 8363
f 8591 8564 8364
f 8591 8364 8562
f 8592 8427 8430
f 8429 8329 8564
f 8430 8565 8592
f 8543 8476 8366
f 8486 8593 8438
f 8406 8572 8439
f 8576 8574 8304
f 8441 8514 8576
f 8577 8442 8336
f 8594 8577 8487
f 8594 8487 8409
f 8595 8594 8409
f 8488 8596 8338
f 8339 8338 8596
f 8595 8409 8410
f 8518 8339 8596
f 8492 8523 8444
f 8523 8309 8377
f 8597 8493 8445
f 8413 8598 8378
f 8599 8380 8447
f 8311 8580 8413
f 8495 8600 8379
f 8448 8552 8450
f 8581 8552 8449
f 8554 8581 8451
f 8497 8379 8600
f 8582 8527 8583
f 8456 8601 8583
f 8601 8456 8602
f 8456 8499 8602
f 8555 8350 8416
f 8584 8350 8555
f 8556 8458 8285
f 8585 8465 8584
f 8470 8585 8603
f 8603 8535 8470
f 8469 8604 8533
f 8424 8604 8469
f 8472 8558 8425
f 8558 8605 8425
f 8606 8505 8506
f 8474 8504 8607
f 8560 8608 8507
f 8589 8426 8508
f 8608 8538 8507
f 8398 8590 8475
f 8508 8428 8609
f 8427 8592 8541
f 8610 8563 8537
f 8566 8609 8428
f 8611 8431 8510
f 8612 8510 8331
f 8612 8331 8432
f 8435 8434 8566
f 8436 8568 8512
f 8480 8613 8479
f 8482 8613 8480
f 8570 8483 8513
f 8614 8545 8484
f 8546 8593 8486
f 8615 8576 8514
f 8516 8615 8514
f 8616 8517 8164
f 8616 8164 8442
f 8617 8521 8551
f 8617 8579 8521
f 8309 8618 8496
f 8445 8619 8597
f 8378 8598 8412
f 8620 8445 8343
f 8621 8447 8496
f 8380 8526 8415
f 8599 8526 8380
f 8450 8552 8622
f 8450 8622 8553
f 8623 8497 8600
f 8555 8553 8622
f 8624 8500 8497
f 8528 8625 8498
f 8556 8626 8458
f 8627 8464 8500
f 8584 8628 8585
f 8533 8629 8461
f 8586 8471 8630
f 8471 8423 8630
f 8558 8535 8631
f 8605 8559 8425
f 8424 8589 8604
f 8632 8396 8559
f 8560 8474 8607
f 8606 8506 8590
f 8632 8633 8396
f 8396 8633 8537
f 8634 8398 8541
f 8634 8635 8398
f 8636 8562 8509
f 8564 8542 8429
f 8637 8563 8610
f 8638 8432 8542
f 8431 8639 8365
f 8611 8639 8431
f 8365 8640 8433
f 8563 8543 8399
f 8641 8477 8642
f 8434 8477 8641
f 8478 8642 8477
f 8643 8511 8544
f 8643 8544 8569
f 8644 8569 8479
f 8512 8645 8481
f 8513 8646 8570
f 8645 8614 8484
f 8481 8645 8484
f 8614 8572 8545
f 8571 8438 8593
f 8546 8547 8647
f 8515 8648 8516
f 8517 8649 8408
f 8489 8520 8578
f 8650 8550 8549
f 8376 8651 8411
f 8652 8490 8550
f 8653 8275 8522
f 8522 8579 8653
f 8619 8445 8620
f 8620 8343 8524
f 8413 8654 8598
f 8621 8496 8655
f 8656 8524 8525
f 8525 8657 8656
f 8658 8413 8580
f 8307 8659 8495
f 8552 8581 8660
f 8622 8552 8660
f 8660 8581 8554
f 8661 8554 8582
f 8498 8625 8452
f 8602 8499 8458
f 8662 8584 8555
f 8628 8584 8662
f 8461 8629 8528
f 8585 8628 8603
f 8586 8532 8422
f 8603 8631 8535
f 8631 8663 8558
f 8605 8558 8663
f 8605 8664 8559
f 8504 8665 8607
f 8666 8539 8538
f 8666 8540 8539
f 8667 8589 8508
f 8668 8561 8540
f 8668 8636 8509
f 8509 8561 8668
f 8542 8669 8638
f 8432 8638 8612
f 8639 8640 8365
f 8563 8670 8543
f 8566 8434 8641
f 8670 8476 8543
f 8511 8642 8478
f 8671 8645 8512
f 8513 8672 8646
f 8513 8485 8673
f 8672 8513 8673
f 8437 8673 8485
f 8614 8674 8572
f 8675 8647 8547
f 8547 8574 8675
f 8548 8575 8676
f 8516 8648 8615
f 8616 8677 8517
f 8677 8649 8517
f 8442 8678 8616
f 8577 8594 8679
f 8595 8410 8578
f 8518 8680 8443
f 8681 8519 8443
f 8681 8443 8680
f 8519 8682 8549
f 8683 8617 8551
f 8579 8617 8684
f 8685 8523 8492
f 8686 8685 8492
f 8686 8492 8446
f 8494 8686 8446
f 8654 8413 8658
f 8493 8687 8307
f 8687 8659 8307
f 8621 8599 8447
f 8659 8600 8495
f 8688 8525 8414
f 8452 8688 8414
f 8660 8554 8661
f 8623 8624 8497
f 8689 8622 8660
f 8582 8583 8601
f 8622 8689 8555
f 8662 8555 8689
f 8602 8458 8690
f 8624 8627 8500
f 8691 8603 8628
f 8627 8557 8464
f 8587 8692 8536
f 8663 8664 8605
f 8693 8423 8505
f 8664 8632 8559
f 8588 8665 8504
f 8606 8694 8505
f 8607 8695 8560
f 8398 8635 8590
f 8666 8696 8540
f 8633 8610 8537
f 8592 8634 8541
f 8609 8667 8508
f 8697 8564 8591
f 8542 8564 8669
f 8640 8565 8433
f 8566 8698 8609
f 8670 8563 8637
f 8699 8476 8670
f 8476 8699 8567
f 8644 8479 8613
f 8546 8700 8593
f 8674 8701 8572
f 8700 8546 8647
f 8701 8439 8572
f 8701 8573 8439
f 8576 8702 8574
f 8615 8702 8576
f 8548 8648 8515
f 8676 8648 8548
f 8703 8678 8442
f 8703 8442 8577
f 8649 8704 8408
f 8488 8408 8704
f 8705 8595 8578
f 8706 8680 8518
f 8578 8520 8705
f 8681 8682 8519
f 8549 8682 8650
f 8376 8491 8707
f 8708 8707 8275
f 8491 8275 8707
f 8653 8708 8275
f 8652 8683 8490
f 8490 8683 8551
f 8523 8709 8309
f 8523 8685 8709
f 8709 8618 8309
f 8493 8597 8687
f 8656 8620 8524
f 8710 8600 8659
f 8582 8601 8711
f 8661 8582 8712
f 8690 8458 8713
f 8713 8458 8626
f 8714 8627 8624
f 8628 8662 8715
f 8463 8532 8716
f 8717 8716 8532
f 8586 8717 8532
f 8718 8631 8603
f 8692 8587 8557
f 8631 8718 8663
f 8533 8604 8719
f 8694 8693 8505
f 8719 8604 8589
f 8720 8606 8590
f 8721 8608 8560
f 8722 8666 8538
f 8722 8538 8608
f 8565 8640 8592
f 8609 8698 8667
f 8723 8637 8610
f 8566 8641 8698
f 8724 8641 8642
f 8699 8725 8567
f 8482 8726 8613
f 8646 8727 8570
f 8437 8728 8673
f 8700 8729 8593
f 8701 8730 8573
f 8573 8730 8575
f 8730 8731 8575
f 8731 8676 8575
f 8732 8702 8615
f 8704 8733 8488
f 8679 8734 8577
f 8596 8488 8733
f 8735 8679 8594
f 8735 8594 8595
f 8684 8653 8579
f 8658 8736 8654
f 8710 8623 8600
f 8582 8711 8712
f 8689 8660 8737
f 8737 8660 8661
f 8737 8661 8712
f 8601 8738 8711
f 8602 8690 8601
f 8737 8662 8689
f 8662 8737 8715
f 8739 8713 8626
f 8625 8528 8740
f 8740 8528 8629
f 8715 8691 8628
f 8556 8463 8716
f 8741 8557 8627
f 8742 8629 8533
f 8741 8692 8557
f 8533 8719 8742
f 8536 8692 8743
f 8536 8743 8588
f 8693 8630 8423
f 8560 8695 8744
f 8560 8744 8721
f 8667 8745 8589
f 8720 8590 8635
f 8746 8634 8592
f 8747 8591 8562
f 8562 8636 8747
f 8612 8748 8749
f 8748 8612 8638
f 8611 8510 8750
f 8750 8510 8612
f 8751 8642 8511
f 8643 8751 8511
f 8725 8752 8567
f 8568 8567 8752
f 8753 8569 8644
f 8512 8568 8752
f 8570 8726 8482
f 8727 8726 8570
f 8645 8754 8614
f 8437 8571 8728
f 8593 8729 8755
f 8571 8593 8755
f 8648 8732 8615
f 8677 8616 8678
f 8734 8703 8577
f 8756 8734 8679
f 8735 8756 8679
f 8596 8706 8518
f 8735 8595 8705
f 8757 8681 8680
f 8757 8758 8682
f 8757 8682 8681
f 8411 8759 8520
f 8650 8682 8760
f 8411 8651 8759
f 8761 8550 8650
f 8651 8376 8762
f 8376 8707 8762
f 8655 8496 8618
f 8687 8763 8659
f 8763 8710 8659
f 8688 8657 8525
f 8625 8688 8452
f 8624 8623 8764
f 8712 8711 8765
f 8713 8766 8690
f 8739 8626 8556
f 8715 8767 8691
f 8742 8740 8629
f 8691 8767 8718
f 8603 8691 8718
f 8768 8717 8586
f 8663 8718 8769
f 8768 8586 8630
f 8664 8663 8769
f 8588 8743 8770
f 8664 8771 8632
f 8772 8632 8771
f 8588 8770 8665
f 8694 8606 8773
f 8719 8589 8745
f 8772 8633 8632
f 8722 8608 8721
f 8774 8610 8633
f 8746 8592 8640
f 8748 8638 8669
f 8611 8750 8775
f 8749 8750 8612
f 8775 8640 8639
f 8775 8639 8611
f 8698 8641 8776
f 8641 8724 8776
f 8777 8569 8753
f 8643 8569 8777
f 8778 8753 8644
f 8613 8778 8644
f 8512 8752 8779
f 8671 8512 8779
f 8754 8674 8614
f 8678 8780 8677
f 8596 8781 8706
f 8706 8782 8680
f 8782 8757 8680
f 8705 8520 8759
f 8758 8760 8682
f 8760 8783 8650
f 8783 8761 8650
f 8761 8784 8550
f 8550 8784 8652
f 8785 8708 8653
f 8684 8785 8653
f 8786 8617 8683
f 8787 8494 8412
f 8598 8787 8412
f 8788 8621 8655
f 8580 8789 8658
f 8526 8790 8580
f 8580 8790 8789
f 8763 8687 8597
f 8791 8738 8601
f 8791 8601 8690
f 8764 8714 8624
f 8737 8712 8765
f 8715 8737 8792
f 8792 8737 8765
f 8716 8739 8556
f 8714 8741 8627
f 8769 8771 8664
f 8719 8793 8742
f 8693 8768 8630
f 8770 8794 8665
f 8795 8695 8607
f 8795 8607 8665
f 8772 8796 8633
f 8797 8666 8722
f 8745 8667 8798
f 8799 8540 8696
f 8799 8636 8668
f 8799 8668 8540
f 8747 8800 8591
f 8697 8801 8564
f 8669 8564 8801
f 8698 8776 8667
f 8670 8637 8802
f 8642 8803 8724
f 8803 8642 8751
f 8643 8804 8751
f 8725 8805 8752
f 8778 8613 8726
f 8645 8806 8754
f 8574 8807 8675
f 8574 8702 8807
f 8676 8808 8648
f 8809 8757 8782
f 8809 8810 8757
f 8810 8758 8757
f 8758 8811 8812
f 8760 8758 8812
f 8783 8760 8813
f 8784 8814 8652
f 8617 8815 8684
f 8816 8685 8686
f 8817 8816 8686
f 8621 8788 8599
f 8599 8788 8818
f 8763 8819 8710
f 8819 8623 8710
f 8711 8738 8765
f 8791 8690 8766
f 8715 8792 8767
f 8740 8742 8820
f 8821 8716 8717
f 8769 8718 8767
f 8822 8693 8694
f 8773 8822 8694
f 8794 8795 8665
f 8720 8773 8606
f 8823 8720 8635
f 8824 8696 8666
f 8824 8799 8696
f 8799 8747 8636
f 8825 8634 8746
f 8774 8723 8610
f 8826 8748 8669
f 8746 8640 8827
f 8775 8827 8640
f 8667 8776 8798
f 8804 8643 8777
f 8671 8828 8645
f 8645 8828 8806
f 8672 8727 8646
f 8728 8672 8673
f 8829 8728 8571
f 8755 8829 8571
f 8701 8674 8830
f 8780 8831 8677
f 8733 8832 8596
f 8781 8596 8832
f 8706 8781 8782
f 8759 8833 8705
f 8811 8758 8810
f 8834 8760 8812
f 8813 8760 8834
f 8762 8835 8651
f 8787 8817 8686
f 8787 8686 8494
f 8787 8598 8836
f 8736 8837 8654
f 8599 8818 8526
f 8688 8838 8657
f 8623 8819 8764
f 8625 8839 8688
f 8840 8765 8738
f 8738 8791 8841
f 8765 8842 8792
f 8842 8765 8840
f 8739 8843 8713
f 8844 8792 8842
f 8767 8792 8844
f 8845 8739 8716
f 8767 8844 8769
f 8846 8821 8717
f 8846 8717 8768
f 8771 8769 8847
f 8771 8847 8772
f 8772 8848 8796
f 8793 8719 8745
f 8695 8849 8744
f 8850 8633 8796
f 8850 8774 8633
f 8851 8721 8744
f 8849 8851 8744
f 8666 8797 8852
f 8824 8666 8852
f 8797 8722 8721
f 8800 8697 8591
f 8723 8802 8637
f 8670 8802 8853
f 8670 8853 8699
f 8854 8725 8699
f 8752 8805 8779
f 8671 8779 8855
f 8726 8727 8856
f 8856 8727 8857
f 8671 8855 8828
f 8754 8858 8674
f 8700 8859 8729
f 8859 8755 8729
f 8647 8859 8700
f 8860 8859 8647
f 8861 8807 8702
f 8862 8808 8676
f 8808 8732 8648
f 8863 8809 8782
f 8864 8810 8809
f 8864 8811 8810
f 8865 8812 8811
f 8835 8759 8651
f 8813 8834 8866
f 8813 8866 8783
f 8783 8866 8867
f 8867 8784 8783
f 8783 8784 8761
f 8868 8707 8708
f 8868 8708 8785
f 8683 8652 8814
f 8786 8815 8617
f 8869 8709 8685
f 8709 8870 8618
f 8654 8837 8836
f 8598 8654 8836
f 8658 8789 8736
f 8619 8620 8871
f 8871 8620 8656
f 8597 8872 8763
f 8838 8873 8657
f 8839 8838 8688
f 8839 8625 8740
f 8874 8841 8791
f 8874 8791 8766
f 8875 8714 8764
f 8738 8841 8840
f 8820 8876 8740
f 8877 8741 8714
f 8878 8845 8716
f 8878 8716 8821
f 8769 8844 8879
f 8847 8769 8879
f 8820 8742 8793
f 8743 8692 8880
f 8880 8692 8881
f 8693 8882 8768
f 8848 8772 8847
f 8795 8849 8695
f 8798 8883 8745
f 8850 8884 8774
f 8797 8721 8851
f 8634 8823 8635
f 8885 8826 8669
f 8669 8801 8885
f 8886 8750 8749
f 8887 8749 8748
f 8884 8723 8774
f 8750 8888 8775
f 8889 8776 8724
f 8803 8889 8724
f 8804 8803 8751
f 8804 8777 8890
f 8891 8753 8892
f 8778 8892 8753
f 8893 8727 8672
f 8830 8674 8858
f 8830 8894 8701
f 8647 8675 8860
f 8895 8730 8701
f 8730 8862 8731
f 8731 8862 8676
f 8702 8732 8861
f 8896 8861 8732
f 8808 8896 8732
f 8649 8897 8704
f 8703 8780 8678
f 8735 8898 8756
f 8781 8832 8863
f 8782 8781 8863
f 8898 8735 8899
f 8705 8899 8735
f 8759 8900 8833
f 8811 8864 8901
f 8811 8901 8865
f 8835 8900 8759
f 8865 8902 8812
f 8812 8902 8834
f 8866 8834 8903
f 8868 8762 8707
f 8815 8785 8684
f 8869 8685 8816
f 8870 8655 8618
f 8818 8790 8526
f 8619 8872 8597
f 8872 8619 8871
f 8657 8904 8656
f 8873 8904 8657
f 8819 8905 8764
f 8876 8839 8740
f 8843 8766 8713
f 8739 8845 8843
f 8844 8842 8840
f 8714 8875 8877
f 8844 8840 8879
f 8879 8906 8847
f 8881 8692 8741
f 8877 8881 8741
f 8820 8793 8907
f 8880 8770 8743
f 8793 8745 8907
f 8770 8908 8794
f 8909 8822 8773
f 8794 8908 8795
f 8910 8795 8908
f 8798 8911 8883
f 8912 8801 8697
f 8826 8887 8748
f 8913 8827 8775
f 8888 8913 8775
f 8776 8911 8798
f 8914 8802 8723
f 8889 8915 8776
f 8853 8854 8699
f 8726 8916 8778
f 8856 8916 8726
f 8893 8857 8727
f 8806 8917 8754
f 8895 8701 8894
f 8807 8860 8675
f 8897 8918 8704
f 8733 8704 8918
f 8832 8733 8918
f 8809 8919 8920
f 8919 8809 8863
f 8920 8864 8809
f 8899 8705 8833
f 8902 8903 8834
f 8867 8921 8784
f 8784 8921 8814
f 8814 8786 8683
f 8870 8709 8869
f 8904 8871 8656
f 8819 8763 8872
f 8841 8874 8840
f 8922 8840 8874
f 8766 8843 8923
f 8924 8922 8874
f 8845 8925 8843
f 8906 8840 8922
f 8906 8879 8840
f 8846 8878 8821
f 8926 8846 8768
f 8848 8847 8927
f 8822 8882 8693
f 8880 8928 8770
f 8928 8908 8770
f 8883 8907 8745
f 8796 8848 8929
f 8796 8929 8850
f 8930 8823 8634
f 8931 8799 8824
f 8852 8797 8932
f 8825 8930 8634
f 8933 8747 8799
f 8934 8933 8799
f 8935 8912 8800
f 8747 8935 8800
f 8912 8697 8800
f 8936 8749 8887
f 8884 8914 8723
f 8776 8915 8911
f 8937 8853 8802
f 8938 8939 8803
f 8803 8804 8938
f 8938 8804 8890
f 8725 8940 8805
f 8777 8941 8890
f 8753 8891 8777
f 8805 8942 8779
f 8892 8778 8916
f 8942 8855 8779
f 8828 8943 8806
f 8944 8893 8672
f 8728 8944 8672
f 8945 8944 8728
f 8917 8858 8754
f 8946 8829 8755
f 8895 8862 8730
f 8861 8947 8807
f 8677 8897 8649
f 8948 8865 8901
f 8948 8902 8865
f 8868 8949 8762
f 8902 8950 8903
f 8869 8951 8870
f 8818 8952 8790
f 8953 8872 8871
f 8819 8872 8954
f 8954 8905 8819
f 8764 8905 8875
f 8766 8955 8874
f 8955 8766 8923
f 8924 8874 8955
f 8925 8923 8843
f 8956 8877 8875
f 8906 8922 8957
f 8820 8958 8876
f 8881 8877 8956
f 8958 8820 8907
f 8847 8906 8957
f 8848 8927 8929
f 8929 8959 8850
f 8795 8910 8849
f 8797 8851 8960
f 8931 8934 8799
f 8933 8935 8747
f 8961 8746 8827
f 8961 8825 8746
f 8889 8803 8939
f 8938 8890 8962
f 8962 8890 8941
f 8854 8940 8725
f 8777 8891 8941
f 8943 8963 8806
f 8963 8917 8806
f 8728 8829 8945
f 8945 8829 8964
f 8858 8894 8830
f 8862 8965 8808
f 8808 8966 8896
f 8967 8780 8703
f 8967 8703 8734
f 8863 8832 8968
f 8863 8968 8969
f 8969 8919 8863
f 8970 8901 8864
f 8900 8835 8949
f 8762 8949 8835
f 8903 8971 8866
f 8971 8972 8866
f 8866 8972 8867
f 8921 8867 8972
f 8972 8973 8921
f 8868 8785 8974
f 8921 8975 8814
f 8975 8786 8814
f 8815 8976 8785
f 8977 8788 8655
f 8952 8789 8790
f 8953 8871 8978
f 8871 8904 8978
f 8905 8954 8979
f 8839 8980 8838
f 8876 8980 8839
f 8845 8981 8925
f 8845 8878 8981
f 8882 8926 8768
f 8927 8847 8957
f 8982 8882 8822
f 8983 8880 8881
f 8908 8984 8910
f 8985 8909 8773
f 8773 8720 8985
f 8911 8986 8883
f 8823 8985 8720
f 8851 8849 8910
f 8960 8932 8797
f 8987 8930 8825
f 8988 8887 8826
f 8885 8988 8826
f 8936 8886 8749
f 8886 8888 8750
f 8937 8989 8853
f 8853 8989 8854
f 8938 8962 8939
f 8805 8940 8942
f 8893 8944 8990
f 8859 8946 8755
f 8807 8947 8860
f 8991 8862 8895
f 8992 8861 8896
f 8896 8966 8992
f 8993 8897 8677
f 8831 8993 8677
f 8897 8994 8918
f 8756 8995 8734
f 8899 8996 8898
f 8997 8864 8920
f 8996 8899 8833
f 8970 8948 8901
f 8950 8998 8903
f 8903 8998 8971
f 8870 8977 8655
f 8999 9000 8837
f 8736 8999 8837
f 9001 8872 8953
f 8954 8872 9001
f 8873 8978 8904
f 8954 9001 8979
f 8905 8979 9002
f 9002 8875 8905
f 8875 9002 8956
f 8955 8923 9003
f 9003 8923 8925
f 9004 8924 8955
f 8980 8876 8958
f 9005 8981 8878
f 9006 9005 8878
f 8922 9007 8957
f 8878 8846 9006
f 9008 8958 8907
f 9008 8907 9009
f 9010 8928 8880
f 8983 9010 8880
f 8883 9009 8907
f 8928 9010 8908
f 9009 8883 8986
f 8984 8908 9010
f 9011 8985 8823
f 8959 8884 8850
f 9012 8824 8852
f 9012 8852 8932
f 8911 9013 8986
f 8885 8801 8912
f 8961 8827 9014
f 8913 9014 8827
f 8915 9013 8911
f 9015 9013 8915
f 8914 8937 8802
f 8889 9015 8915
f 8939 9015 8889
f 8856 9016 8916
f 8942 9017 8855
f 8893 8990 8857
f 9018 8964 8829
f 8946 9018 8829
f 8966 8808 8965
f 8734 8995 8967
f 8832 8918 8968
f 9019 8919 8969
f 8920 8919 8997
f 8864 8997 8970
f 8833 8900 9020
f 8949 9020 8900
f 8902 8948 9021
f 9021 9022 8902
f 8902 9022 8950
f 8998 9023 8971
f 8973 9024 8921
f 9024 8975 8921
f 9025 8817 8787
f 9000 8836 8837
f 8818 8788 8977
f 9026 8999 8736
f 9026 8736 8789
f 8952 9026 8789
f 8953 9027 9001
f 9028 8953 8978
f 9027 8953 9028
f 9029 8956 9002
f 9004 8922 8924
f 9004 9007 8922
f 9029 9030 8956
f 8926 9006 8846
f 9030 8881 8956
f 8927 8957 9007
f 8982 8926 8882
f 9031 8982 8822
f 9031 8822 8909
f 8910 8984 9032
f 9033 8933 8934
f 8931 9033 8934
f 9034 8931 8824
f 9034 8824 9012
f 8851 9035 8960
f 8910 9035 8851
f 9035 8910 9032
f 8959 9036 8884
f 8887 8988 9037
f 9036 8914 8884
f 9015 9038 9013
f 8914 9039 8937
f 9015 8939 9040
f 8939 9041 9040
f 8962 9041 8939
f 8891 9042 8941
f 8891 9043 9042
f 8892 9043 8891
f 9016 8856 8990
f 8855 9044 8828
f 8856 8857 8990
f 8943 8828 9044
f 8944 9045 8990
f 8945 8964 9046
f 8963 9047 8917
f 9048 8858 8917
f 8858 9048 9049
f 9050 8946 8859
f 9049 8894 8858
f 9051 9050 8859
f 8860 9051 8859
f 9052 8862 8991
f 9052 8965 8862
f 8993 9053 8897
f 8967 8831 8780
f 8967 9054 8831
f 9055 8995 8756
f 8898 9055 8756
f 8997 9056 8970
f 9057 8948 8970
f 8868 8974 9058
f 8976 8974 8785
f 8869 8816 9059
f 9025 8787 8836
f 8836 9000 9025
f 9060 8818 8977
f 8818 9060 8952
f 9001 9027 8979
f 8838 9061 8873
f 8980 9061 8838
f 9062 9061 8980
f 8958 9062 8980
f 9063 9004 8955
f 8925 8981 9003
f 9064 9006 8926
f 9007 9065 8927
f 9030 8983 8881
f 8927 9066 8929
f 8984 9010 9067
f 8984 9067 9032
f 9011 8823 8930
f 9013 9038 8986
f 8961 8987 8825
f 9068 9014 8913
f 8888 9068 8913
f 9041 9069 9040
f 8962 9070 9071
f 8962 9071 9041
f 8941 9070 8962
f 8941 9042 9070
f 9043 8892 9072
f 8916 9072 8892
f 9073 8942 8940
f 9017 9044 8855
f 9046 8964 9074
f 8964 9018 9074
f 8917 9047 9048
f 8946 9050 9018
f 9075 8895 8894
f 9076 8860 8947
f 8991 8895 9075
f 9052 9077 8965
f 8965 9077 8966
f 8861 8992 9078
f 9054 8993 8831
f 8968 8918 8994
f 9079 9019 8969
f 9055 8898 8996
f 8919 9080 8997
f 8919 9019 9080
f 9057 8970 9056
f 9021 8948 9057
f 8868 9058 8949
f 9022 8998 8950
f 9023 9081 8971
f 8971 9081 8972
f 9082 9024 8973
f 8786 9083 8815
f 9083 8976 8815
f 8817 9059 8816
f 9084 9026 8952
f 9060 9084 8952
f 9085 9028 8978
f 8873 9085 8978
f 9086 8979 9027
f 9061 9085 8873
f 9086 9002 8979
f 9002 9086 9087
f 9087 9029 9002
f 9063 8955 9003
f 8981 9088 9003
f 8958 9008 9062
f 9029 9087 9089
f 9008 9090 9062
f 9029 9089 9030
f 9064 8926 9091
f 9009 9090 9008
f 9009 9092 9093
f 9066 8927 9065
f 8983 9030 9094
f 9094 9010 8983
f 8986 9092 9009
f 8929 9066 8959
f 9010 9095 9067
f 9067 9096 9032
f 8986 9038 9092
f 8959 9066 9036
f 9097 9011 8930
f 9097 8930 8987
f 9098 8935 8933
f 9099 8988 8885
f 8912 9100 8885
f 9035 9032 9101
f 9037 8936 8887
f 9102 8888 8886
f 9015 9103 9038
f 9015 9040 9103
f 9071 9069 9041
f 9017 8942 9073
f 9016 9072 8916
f 9016 9104 9072
f 9045 8944 8945
f 9105 9075 8894
f 9076 9051 8860
f 8861 9078 8947
f 9078 9076 8947
f 9106 9052 8991
f 8994 9107 8968
f 9107 8969 8968
f 8969 9107 9079
f 9080 9056 8997
f 8949 9108 9020
f 9022 9021 9109
f 9024 9083 8975
f 8975 9083 8786
f 9083 9110 8976
f 9111 8870 8951
f 9112 8977 8870
f 8870 9111 9112
f 9113 8977 9112
f 9113 9060 8977
f 9114 9085 9061
f 9062 9114 9061
f 9090 9114 9062
f 9003 9088 9063
f 9063 9115 9004
f 9005 9116 8981
f 9116 9117 8981
f 9004 9118 9007
f 9118 9004 9115
f 9006 9116 9005
f 9093 9090 9009
f 8926 8982 9091
f 9119 9091 8982
f 9094 9030 9089
f 9010 9094 9095
f 8985 9031 8909
f 9120 9067 9095
f 9066 9121 9036
f 9038 9122 9092
f 9067 9120 9123
f 9124 9096 9067
f 9124 9067 9123
f 9032 9096 9101
f 9100 8912 8935
f 9100 8935 9098
f 9098 8933 9033
f 9034 9033 8931
f 9037 8988 9099
f 9100 9099 8885
f 9012 8932 9125
f 9125 8932 9126
f 8932 8960 9126
f 8960 9127 9126
f 9127 8960 9035
f 9103 9122 9038
f 9036 9128 8914
f 9128 9039 8914
f 9069 9129 9040
f 9071 9129 9069
f 9042 9130 9070
f 9043 9130 9042
f 8854 9131 8940
f 9072 9132 9043
f 9131 9073 8940
f 8990 9133 9016
f 9045 9133 8990
f 9046 9134 8945
f 9045 8945 9134
f 9135 9074 9018
f 9049 9105 8894
f 9136 8967 8995
f 9137 9019 9079
f 9055 8996 9138
f 8996 8833 9138
f 9020 9139 8833
f 9140 9021 9057
f 9141 9081 9023
f 8972 9082 8973
f 9081 9082 8972
f 9142 9059 8817
f 9025 9142 8817
f 9143 8951 8869
f 8869 9059 9143
f 9143 9111 8951
f 9144 9000 8999
f 9027 9028 9086
f 9114 9028 9085
f 9145 9028 9114
f 9145 9086 9028
f 9145 9087 9086
f 9114 9090 9145
f 9146 9087 9145
f 9115 9063 9088
f 9064 9116 9006
f 9146 9089 9087
f 9147 9090 9093
f 9065 9007 9118
f 9031 9119 8982
f 9089 9148 9094
f 9092 9149 9093
f 9095 9094 9148
f 9122 9149 9092
f 9120 9095 9123
f 9150 9100 9098
f 9151 8936 9037
f 9096 9152 9101
f 9153 8987 8961
f 8961 9014 9153
f 9151 9102 8886
f 9151 8886 8936
f 9125 9034 9012
f 9124 9152 9096
f 9101 9154 9035
f 9123 9155 9124
f 9127 9035 9154
f 9154 9101 9156
f 9156 9101 9152
f 9040 9157 9103
f 9129 9157 9040
f 9155 9157 9129
f 9158 9155 9129
f 9071 9158 9129
f 9070 9158 9071
f 9070 9130 9159
f 9160 8989 8937
f 9131 8854 8989
f 9016 9133 9104
f 9073 9161 9017
f 9017 9161 9044
f 9162 8943 9044
f 9162 9163 8943
f 8943 9163 8963
f 9018 9050 9135
f 9076 9164 9051
f 9075 9106 8991
f 9106 9165 9052
f 9077 8992 8966
f 9053 8994 8897
f 9136 9054 8967
f 9079 9166 9137
f 9137 9080 9019
f 9020 9108 9139
f 9109 9021 9140
f 9058 9167 8949
f 9022 9168 8998
f 9168 9023 8998
f 9169 9142 9025
f 9025 9000 9169
f 9144 9169 9000
f 9170 8999 9026
f 9144 8999 9170
f 9170 9026 9084
f 9147 9145 9090
f 9117 9088 8981
f 9171 9145 9147
f 9171 9146 9145
f 9118 9115 9172
f 9093 9173 9147
f 9173 9171 9147
f 9149 9173 9093
f 9065 9118 9172
f 9146 9148 9089
f 9146 9171 9174
f 9172 9066 9065
f 9148 9146 9174
f 9175 9066 9172
f 9176 9173 9149
f 9175 9121 9066
f 9177 9095 9148
f 9178 9031 8985
f 9179 9095 9177
f 9011 9180 8985
f 9123 9095 9179
f 9122 9176 9149
f 9179 9177 9181
f 9036 9121 9182
f 9157 9179 9181
f 9181 9176 9103
f 9103 9176 9122
f 9182 9128 9036
f 9155 9123 9179
f 9157 9181 9103
f 9102 9068 8888
f 9155 9179 9157
f 9152 9124 9183
f 9183 9124 9155
f 9184 9152 9183
f 9158 9183 9155
f 9184 9156 9152
f 9185 9154 9156
f 9185 9156 9159
f 9159 9156 9184
f 9184 9183 9158
f 9159 9184 9070
f 9070 9184 9158
f 9160 8937 9039
f 9043 9186 9130
f 9043 9132 9187
f 9044 9161 9162
f 9163 9047 8963
f 9047 9188 9048
f 9189 9135 9050
f 9190 9105 9049
f 9052 9165 9077
f 9191 9136 8995
f 8833 9139 9138
f 9192 9057 9056
f 9192 9140 9057
f 9141 9193 9081
f 9194 9081 9193
f 9195 8976 9110
f 8976 9195 8974
f 9196 9115 9088
f 9115 9197 9172
f 9174 9171 9173
f 9198 9119 9031
f 9176 9174 9173
f 9177 9148 9174
f 9178 8985 9180
f 9181 9177 9174
f 9181 9174 9176
f 9011 9097 9180
f 9180 9097 9199
f 9153 9200 8987
f 9201 9098 9033
f 9202 9151 9037
f 9202 9037 9099
f 9125 9203 9034
f 9204 9203 9125
f 9204 9125 9126
f 9128 9205 9039
f 9127 9206 9126
f 9207 9127 9154
f 9185 9207 9154
f 9159 9208 9185
f 9186 9159 9130
f 9187 9186 9043
f 9160 9131 8989
f 9072 9209 9132
f 9209 9072 9104
f 9209 9104 9210
f 9047 9163 9211
f 9047 9211 9188
f 9190 9049 9048
f 9050 9212 9189
f 9050 9051 9212
f 9213 8992 9077
f 9213 9078 8992
f 9214 8993 9054
f 8994 9215 9107
f 9107 9215 9079
f 9216 8995 9055
f 9217 9080 9137
f 9080 9218 9056
f 9218 9080 9217
f 9218 9192 9056
f 9109 9168 9022
f 9168 9141 9023
f 9194 9082 9081
f 9117 9196 9088
f 9091 9119 9219
f 9219 9119 9198
f 9198 9031 9178
f 9199 8987 9200
f 9199 9097 8987
f 9150 9098 9201
f 9182 9220 9128
f 9221 9033 9034
f 9068 9153 9014
f 9034 9203 9221
f 9220 9205 9128
f 9207 9206 9127
f 9208 9207 9185
f 9186 9208 9159
f 9104 9133 9210
f 9222 9223 9133
f 9045 9222 9133
f 9046 9224 9134
f 9225 9224 9046
f 9046 9074 9225
f 9074 9135 9225
f 9105 9226 9075
f 9078 9164 9076
f 9214 9053 8993
f 9214 9054 9227
f 9136 9227 9054
f 8995 9216 9191
f 9228 9137 9166
f 9216 9055 9138
f 9229 9140 9192
f 9229 9109 9140
f 8949 9230 9108
f 8949 9167 9230
f 9231 9168 9109
f 9194 9232 9082
f 9058 8974 9195
f 9144 9233 9169
f 9144 9234 9233
f 9235 9117 9116
f 9115 9236 9197
f 9121 9237 9182
f 9238 9099 9100
f 9239 9203 9204
f 9240 9239 9204
f 9126 9241 9204
f 9126 9206 9241
f 9240 9204 9241
f 9242 9241 9206
f 9205 9243 9039
f 9242 9206 9207
f 9243 9160 9039
f 9244 9207 9208
f 9186 9244 9208
f 9132 9245 9187
f 9245 9132 9209
f 9246 9073 9131
f 9133 9223 9210
f 9246 9161 9073
f 9222 9045 9134
f 9225 9135 9189
f 9188 9190 9048
f 9212 9051 9164
f 9247 9075 9226
f 9247 9106 9075
f 9078 9248 9164
f 9248 9078 9213
f 9077 9249 9213
f 9250 9215 8994
f 9250 8994 9251
f 9252 9136 9191
f 9215 9166 9079
f 9228 9253 9137
f 9253 9217 9137
f 9216 9138 9139
f 9229 9192 9218
f 9254 9108 9230
f 9229 9231 9109
f 9255 9168 9231
f 9168 9255 9141
f 9141 9255 9193
f 9256 9194 9193
f 9058 9195 9257
f 9082 9258 9024
f 9258 9083 9024
f 9084 9060 9259
f 9084 9259 9260
f 9170 9084 9260
f 9261 9196 9117
f 9261 9117 9235
f 9262 9116 9064
f 9091 9262 9064
f 9196 9236 9115
f 9091 9219 9262
f 9237 9172 9197
f 9175 9172 9237
f 9121 9175 9237
f 9202 9263 9151
f 9100 9150 9238
f 9264 9102 9151
f 9265 9099 9238
f 9201 9033 9221
f 9241 9242 9240
f 9244 9242 9207
f 9187 9266 9186
f 9187 9245 9266
f 9267 9131 9160
f 9209 9268 9245
f 9210 9268 9209
f 9163 9269 9211
f 9188 9211 9269
f 9270 9226 9105
f 9247 9165 9106
f 9165 9249 9077
f 9271 8994 9053
f 9252 9227 9136
f 9272 9166 9215
f 9253 9218 9217
f 9108 9254 9139
f 9273 9231 9229
f 9256 9193 9255
f 9167 9274 9230
f 9167 9058 9257
f 9275 9232 9194
f 9232 9258 9082
f 9059 9142 9276
f 9276 9143 9059
f 9276 9277 9143
f 9278 9112 9111
f 9279 9113 9112
f 9170 9234 9144
f 9060 9113 9259
f 9196 9261 9236
f 9237 9197 9236
f 9178 9219 9198
f 9280 9182 9237
f 9280 9220 9182
f 9200 9153 9281
f 9263 9264 9151
f 9202 9099 9265
f 9201 9282 9150
f 9102 9283 9068
f 9284 9153 9068
f 9203 9285 9221
f 9203 9239 9285
f 9220 9286 9205
f 9286 9243 9205
f 9240 9242 9287
f 9242 9244 9287
f 9244 9266 9287
f 9243 9267 9160
f 9186 9266 9244
f 9224 9288 9134
f 9134 9288 9222
f 9289 9163 9162
f 9225 9290 9224
f 9225 9189 9291
f 9190 9270 9105
f 9292 9165 9247
f 9166 9272 9228
f 9218 9253 9293
f 9218 9273 9229
f 9231 9294 9255
f 9294 9295 9255
f 9255 9295 9256
f 9275 9194 9256
f 9257 9274 9167
f 9296 9276 9142
f 9142 9297 9296
f 9297 9142 9169
f 9277 9111 9143
f 9278 9111 9277
f 9233 9297 9169
f 9279 9112 9278
f 9262 9235 9116
f 9219 9298 9262
f 9236 9261 9299
f 9237 9236 9299
f 9300 9283 9102
f 9264 9300 9102
f 9301 9263 9202
f 9301 9202 9265
f 9283 9284 9068
f 9240 9302 9239
f 9287 9302 9240
f 9302 9266 9303
f 9303 9266 9245
f 9245 9268 9303
f 9267 9246 9131
f 9210 9304 9268
f 9223 9304 9210
f 9305 9161 9246
f 9305 9162 9161
f 9289 9269 9163
f 9269 9306 9188
f 9306 9190 9188
f 9292 9249 9165
f 8994 9271 9251
f 9307 9252 9191
f 9215 9250 9272
f 9216 9307 9191
f 9139 9308 9216
f 9293 9253 9309
f 9309 9253 9228
f 9309 9228 9310
f 9293 9273 9218
f 9273 9293 9294
f 9254 9230 9311
f 9231 9273 9294
f 9230 9274 9311
f 9256 9295 9312
f 9256 9312 9313
f 9232 9314 9258
f 9083 9315 9110
f 9315 9316 9110
f 9170 9260 9317
f 9318 9237 9299
f 9237 9318 9280
f 9319 9219 9178
f 9319 9178 9180
f 9199 9319 9180
f 9320 9238 9150
f 9320 9150 9282
f 9321 9281 9153
f 9284 9321 9153
f 9322 9201 9221
f 9266 9302 9287
f 9323 9267 9243
f 9324 9223 9222
f 9324 9304 9223
f 9325 9162 9305
f 9290 9225 9291
f 9291 9189 9326
f 9226 9270 9327
f 9327 9247 9226
f 9328 9164 9329
f 9248 9329 9164
f 9292 9213 9249
f 9248 9213 9329
f 9308 9307 9216
f 9228 9272 9330
f 9228 9330 9310
f 9308 9139 9331
f 9331 9139 9254
f 9332 9293 9309
f 9312 9309 9310
f 9332 9309 9312
f 9254 9311 9331
f 9294 9293 9332
f 9294 9332 9295
f 9295 9332 9312
f 9275 9256 9313
f 9333 9260 9259
f 9235 9262 9334
f 9298 9335 9262
f 9300 9264 9263
f 9220 9280 9286
f 9320 9265 9238
f 9336 9282 9201
f 9201 9322 9336
f 9285 9322 9221
f 9285 9239 9337
f 9302 9337 9239
f 9338 9243 9286
f 9243 9338 9323
f 9268 9304 9303
f 9267 9305 9246
f 9288 9324 9222
f 9325 9289 9162
f 9339 9288 9224
f 9224 9290 9339
f 9340 9326 9189
f 9306 9270 9190
f 9340 9189 9212
f 9212 9164 9328
f 9327 9341 9247
f 9292 9247 9341
f 9213 9292 9342
f 9343 9214 9227
f 9344 9310 9330
f 9344 9312 9310
f 9345 9275 9313
f 9232 9275 9345
f 9232 9345 9314
f 9258 9315 9083
f 9276 9346 9277
f 9346 9276 9296
f 9297 9347 9348
f 9233 9347 9297
f 9349 9113 9279
f 9234 9170 9317
f 9333 9317 9260
f 9235 9334 9261
f 9262 9335 9334
f 9319 9298 9219
f 9199 9200 9319
f 9286 9280 9350
f 9200 9281 9351
f 9263 9301 9352
f 9301 9265 9353
f 9353 9265 9320
f 9302 9303 9354
f 9339 9355 9288
f 9356 9269 9289
f 9357 9269 9356
f 9357 9306 9269
f 9291 9358 9290
f 9306 9359 9270
f 9213 9342 9329
f 9343 9053 9214
f 9360 9272 9250
f 9308 9361 9307
f 9272 9360 9330
f 9344 9313 9312
f 9277 9346 9362
f 9297 9348 9296
f 9277 9363 9278
f 9113 9349 9259
f 9335 9364 9334
f 9299 9261 9365
f 9366 9298 9319
f 9319 9200 9351
f 9352 9300 9263
f 9367 9283 9300
f 9367 9284 9283
f 9368 9353 9320
f 9282 9368 9320
f 9286 9350 9338
f 9322 9285 9337
f 9338 9369 9323
f 9354 9337 9302
f 9304 9370 9303
f 9324 9370 9304
f 9324 9288 9371
f 9325 9372 9289
f 9356 9289 9372
f 9327 9270 9373
f 9341 9374 9292
f 9342 9292 9375
f 9250 9251 9360
f 9376 9330 9360
f 9377 9344 9330
f 9377 9313 9344
f 9296 9348 9378
f 9363 9277 9362
f 9234 9379 9233
f 9380 9259 9349
f 9380 9333 9259
f 9261 9334 9381
f 9365 9261 9381
f 9318 9299 9365
f 9366 9335 9298
f 9350 9280 9318
f 9382 9319 9351
f 9300 9383 9367
f 9383 9300 9352
f 9384 9351 9281
f 9385 9352 9301
f 9353 9385 9301
f 9384 9281 9321
f 9282 9336 9368
f 9321 9284 9386
f 9336 9322 9387
f 9337 9388 9322
f 9388 9337 9354
f 9388 9354 9370
f 9303 9370 9354
f 9323 9369 9267
f 9267 9369 9389
f 9267 9389 9305
f 9288 9355 9371
f 9290 9390 9339
f 9290 9358 9390
f 9358 9291 9326
f 9212 9391 9340
f 9328 9391 9212
f 9392 9327 9373
f 9392 9341 9327
f 9292 9374 9375
f 9360 9251 9393
f 9376 9360 9393
f 9376 9394 9330
f 9394 9377 9330
f 9345 9313 9395
f 9296 9378 9346
f 9234 9317 9379
f 9335 9396 9364
f 9319 9382 9366
f 9352 9385 9397
f 9386 9284 9367
f 9398 9368 9336
f 9350 9399 9338
f 9322 9400 9387
f 9388 9400 9322
f 9399 9369 9338
f 9324 9401 9370
f 9371 9401 9324
f 9305 9389 9402
f 9402 9325 9305
f 9325 9402 9403
f 9355 9404 9371
f 9403 9372 9325
f 9355 9339 9390
f 9306 9357 9405
f 9359 9306 9405
f 9373 9270 9359
f 9392 9374 9341
f 9329 9406 9328
f 9329 9342 9406
f 9343 9271 9053
f 9271 9407 9251
f 9408 9343 9227
f 9227 9252 9408
f 9409 9408 9252
f 9311 9410 9331
f 9395 9313 9377
f 9314 9345 9411
f 9274 9257 9412
f 9257 9195 9413
f 9413 9110 9316
f 9110 9413 9195
f 9414 9380 9349
f 9317 9333 9415
f 9416 9381 9334
f 9416 9334 9364
f 9365 9381 9416
f 9351 9417 9382
f 9350 9318 9418
f 9419 9367 9383
f 9386 9367 9419
f 9384 9321 9420
f 9368 9398 9353
f 9388 9421 9400
f 9399 9422 9369
f 9370 9421 9388
f 9389 9369 9422
f 9370 9401 9421
f 9390 9423 9355
f 9424 9357 9356
f 9359 9405 9425
f 9373 9359 9425
f 9391 9328 9406
f 9375 9426 9342
f 9342 9426 9406
f 9407 9393 9251
f 9361 9409 9307
f 9361 9308 9427
f 9331 9427 9308
f 9311 9428 9410
f 9412 9428 9274
f 9311 9274 9428
f 9413 9412 9257
f 9429 9278 9363
f 9278 9429 9279
f 9279 9430 9349
f 9430 9414 9349
f 9380 9415 9333
f 9431 9364 9396
f 9432 9365 9416
f 9396 9335 9433
f 9366 9433 9335
f 9318 9365 9418
f 9365 9432 9418
f 9352 9397 9383
f 9417 9351 9384
f 9434 9397 9385
f 9353 9434 9385
f 9435 9353 9398
f 9398 9336 9387
f 9401 9371 9404
f 9403 9436 9372
f 9355 9423 9404
f 9405 9357 9424
f 9437 9340 9438
f 9437 9326 9340
f 9425 9439 9373
f 9373 9439 9392
f 9406 9440 9391
f 9441 9375 9374
f 9252 9307 9409
f 9442 9443 9376
f 9442 9376 9393
f 9331 9410 9427
f 9377 9444 9395
f 9395 9411 9345
f 9378 9348 9445
f 9233 9446 9347
f 9430 9279 9429
f 9446 9379 9447
f 9446 9233 9379
f 9317 9447 9379
f 9364 9431 9416
f 9433 9366 9382
f 9397 9434 9448
f 9417 9384 9420
f 9386 9420 9321
f 9434 9353 9435
f 9449 9350 9418
f 9399 9350 9449
f 9387 9450 9398
f 9449 9422 9399
f 9421 9451 9400
f 9452 9451 9421
f 9452 9421 9401
f 9389 9422 9453
f 9402 9389 9453
f 9404 9452 9401
f 9358 9454 9423
f 9358 9423 9390
f 9437 9454 9326
f 9326 9454 9358
f 9426 9375 9441
f 9407 9271 9455
f 9455 9271 9343
f 9376 9443 9394
f 9456 9315 9258
f 9362 9346 9457
f 9458 9447 9317
f 9415 9458 9317
f 9433 9431 9396
f 9432 9416 9459
f 9459 9416 9431
f 9460 9433 9382
f 9460 9382 9461
f 9382 9417 9461
f 9462 9383 9397
f 9463 9386 9419
f 9386 9464 9420
f 9400 9451 9387
f 9465 9452 9404
f 9453 9403 9402
f 9372 9436 9466
f 9423 9467 9404
f 9356 9372 9466
f 9356 9466 9424
f 9424 9468 9405
f 9468 9425 9405
f 9391 9469 9340
f 9469 9391 9440
f 9392 9470 9374
f 9470 9441 9374
f 9471 9426 9441
f 9406 9426 9440
f 9443 9472 9394
f 9472 9377 9394
f 9444 9377 9472
f 9444 9473 9395
f 9395 9473 9411
f 9411 9456 9314
f 9314 9456 9258
f 9474 9413 9316
f 9362 9457 9363
f 9459 9431 9433
f 9418 9432 9475
f 9475 9432 9459
f 9459 9433 9476
f 9460 9461 9477
f 9419 9478 9463
f 9478 9419 9383
f 9478 9383 9462
f 9461 9417 9420
f 9418 9479 9480
f 9464 9386 9481
f 9481 9386 9463
f 9449 9418 9480
f 9482 9434 9435
f 9482 9435 9483
f 9398 9483 9435
f 9422 9449 9453
f 9451 9450 9387
f 9484 9451 9452
f 9465 9484 9452
f 9403 9453 9485
f 9403 9485 9436
f 9467 9465 9404
f 9423 9486 9467
f 9340 9469 9438
f 9487 9392 9439
f 9392 9487 9470
f 9343 9488 9455
f 9489 9442 9393
f 9393 9407 9489
f 9490 9444 9472
f 9412 9413 9474
f 9491 9474 9316
f 9346 9445 9457
f 9346 9378 9445
f 9363 9457 9492
f 9348 9493 9445
f 9347 9493 9348
f 9494 9363 9492
f 9446 9493 9347
f 9494 9429 9363
f 9433 9460 9476
f 9479 9418 9475
f 9475 9459 9476
f 9462 9397 9448
f 9420 9464 9495
f 9496 9448 9434
f 9434 9482 9496
f 9450 9483 9398
f 9480 9453 9449
f 9485 9497 9436
f 9466 9498 9424
f 9424 9498 9468
f 9454 9486 9423
f 9468 9498 9425
f 9469 9440 9499
f 9471 9440 9426
f 9427 9500 9361
f 9444 9490 9501
f 9501 9473 9444
f 9473 9502 9411
f 9491 9316 9315
f 9430 9429 9494
f 9447 9458 9446
f 9503 9475 9476
f 9460 9504 9476
f 9504 9460 9505
f 9505 9460 9477
f 9463 9506 9481
f 9477 9461 9495
f 9495 9461 9420
f 9479 9475 9503
f 9507 9496 9482
f 9480 9479 9503
f 9508 9483 9450
f 9453 9480 9485
f 9485 9480 9503
f 9485 9503 9509
f 9508 9450 9484
f 9484 9450 9451
f 9497 9485 9509
f 9484 9465 9508
f 9436 9497 9510
f 9436 9510 9466
f 9467 9511 9465
f 9512 9466 9510
f 9467 9486 9511
f 9454 9513 9486
f 9513 9454 9437
f 9425 9498 9514
f 9437 9438 9515
f 9516 9425 9514
f 9439 9425 9516
f 9439 9516 9487
f 9469 9517 9438
f 9487 9518 9470
f 9519 9440 9471
f 9455 9489 9407
f 9520 9488 9343
f 9343 9408 9520
f 9521 9443 9442
f 9522 9472 9443
f 9522 9443 9521
f 9427 9410 9500
f 9523 9472 9522
f 9411 9502 9456
f 9315 9456 9491
f 9524 9492 9457
f 9524 9457 9525
f 9493 9446 9526
f 9527 9430 9494
f 9446 9458 9528
f 9529 9380 9414
f 9506 9463 9478
f 9504 9503 9476
f 9504 9505 9530
f 9507 9482 9531
f 9509 9503 9504
f 9531 9482 9483
f 9483 9508 9531
f 9509 9504 9530
f 9532 9531 9508
f 9497 9509 9533
f 9511 9508 9465
f 9486 9534 9511
f 9512 9498 9466
f 9498 9512 9535
f 9498 9535 9514
f 9437 9515 9513
f 9517 9515 9438
f 9487 9516 9518
f 9470 9518 9536
f 9536 9441 9470
f 9536 9471 9441
f 9499 9440 9519
f 9471 9537 9519
f 9489 9455 9538
f 9409 9520 9408
f 9539 9521 9442
f 9410 9540 9500
f 9523 9490 9472
f 9502 9541 9456
f 9457 9445 9542
f 9492 9543 9494
f 9446 9528 9526
f 9430 9527 9529
f 9414 9430 9529
f 9544 9415 9380
f 9415 9544 9458
f 9448 9496 9462
f 9496 9545 9462
f 9546 9505 9477
f 9546 9477 9495
f 9530 9505 9546
f 9547 9495 9464
f 9507 9531 9548
f 9533 9509 9530
f 9531 9532 9548
f 9497 9533 9510
f 9549 9532 9508
f 9549 9508 9511
f 9534 9549 9511
f 9512 9510 9535
f 9486 9550 9534
f 9486 9513 9550
f 9469 9499 9517
f 9471 9536 9537
f 9489 9551 9442
f 9552 9539 9442
f 9428 9553 9410
f 9554 9428 9412
f 9555 9502 9473
f 9526 9556 9493
f 9380 9529 9557
f 9380 9557 9544
f 9478 9558 9506
f 9558 9478 9462
f 9558 9462 9545
f 9559 9546 9495
f 9547 9464 9481
f 9548 9496 9507
f 9560 9530 9546
f 9559 9495 9547
f 9533 9530 9560
f 9532 9561 9548
f 9562 9533 9560
f 9533 9562 9563
f 9549 9561 9532
f 9549 9564 9561
f 9510 9533 9563
f 9534 9564 9549
f 9510 9563 9535
f 9534 9550 9564
f 9515 9550 9513
f 9535 9563 9514
f 9517 9565 9515
f 9518 9514 9566
f 9516 9514 9518
f 9499 9567 9517
f 9568 9537 9536
f 9499 9519 9567
f 9538 9569 9489
f 9442 9551 9552
f 9488 9538 9455
f 9539 9570 9521
f 9571 9361 9500
f 9570 9522 9521
f 9571 9500 9540
f 9490 9572 9501
f 9555 9473 9501
f 9474 9554 9412
f 9541 9491 9456
f 9457 9542 9525
f 9506 9573 9481
f 9506 9558 9573
f 9548 9545 9496
f 9573 9547 9481
f 9574 9547 9573
f 9560 9546 9559
f 9559 9547 9574
f 9575 9560 9559
f 9562 9560 9575
f 9564 9576 9561
f 9563 9562 9577
f 9576 9564 9550
f 9578 9563 9577
f 9578 9514 9563
f 9515 9579 9550
f 9565 9579 9515
f 9566 9514 9580
f 9565 9517 9567
f 9518 9566 9536
f 9536 9566 9568
f 9569 9551 9489
f 9520 9581 9488
f 9582 9409 9361
f 9582 9361 9571
f 9540 9410 9553
f 9523 9583 9490
f 9553 9428 9554
f 9583 9572 9490
f 9543 9492 9524
f 9584 9445 9493
f 9543 9585 9494
f 9494 9585 9527
f 9458 9544 9528
f 9586 9545 9548
f 9561 9586 9548
f 9587 9574 9573
f 9575 9559 9574
f 9588 9575 9574
f 9577 9562 9575
f 9579 9576 9550
f 9589 9578 9577
f 9580 9578 9589
f 9514 9578 9580
f 9566 9580 9590
f 9566 9590 9568
f 9591 9568 9590
f 9537 9568 9591
f 9537 9591 9519
f 9519 9591 9567
f 9520 9409 9582
f 9501 9572 9555
f 9502 9555 9592
f 9541 9502 9592
f 9584 9542 9445
f 9493 9556 9584
f 9593 9527 9585
f 9594 9558 9545
f 9595 9573 9558
f 9595 9558 9594
f 9586 9594 9545
f 9587 9573 9595
f 9588 9574 9587
f 9588 9587 9596
f 9576 9597 9586
f 9576 9586 9561
f 9575 9588 9577
f 9589 9577 9588
f 9580 9589 9590
f 9598 9599 9579
f 9598 9579 9565
f 9567 9598 9565
f 9538 9488 9569
f 9539 9600 9570
f 9601 9522 9570
f 9602 9522 9601
f 9522 9602 9523
f 9603 9524 9525
f 9542 9584 9604
f 9526 9605 9556
f 9526 9528 9605
f 9593 9606 9527
f 9607 9595 9594
f 9597 9594 9586
f 9608 9594 9597
f 9607 9587 9595
f 9587 9607 9596
f 9599 9597 9576
f 9589 9588 9596
f 9597 9599 9609
f 9579 9599 9576
f 9596 9590 9589
f 9590 9596 9610
f 9598 9609 9599
f 9591 9590 9610
f 9611 9591 9610
f 9598 9611 9609
f 9591 9611 9567
f 9567 9611 9598
f 9551 9612 9552
f 9612 9551 9569
f 9488 9581 9613
f 9614 9615 9539
f 9539 9552 9614
f 9615 9600 9539
f 9570 9600 9601
f 9523 9602 9616
f 9616 9583 9523
f 9617 9553 9554
f 9554 9618 9617
f 9554 9474 9618
f 9618 9474 9491
f 9525 9619 9620
f 9619 9525 9542
f 9604 9619 9542
f 9525 9620 9603
f 9603 9621 9524
f 9524 9621 9543
f 9605 9528 9622
f 9606 9529 9527
f 9623 9557 9529
f 9607 9594 9608
f 9610 9607 9608
f 9609 9608 9597
f 9596 9607 9610
f 9610 9608 9609
f 9611 9610 9609
f 9613 9569 9488
f 9613 9581 9624
f 9581 9520 9582
f 9625 9592 9555
f 9626 9491 9541
f 9604 9584 9556
f 9585 9543 9621
f 9529 9606 9623
f 9627 9622 9544
f 9622 9528 9544
f 9544 9557 9627
f 9612 9614 9552
f 9624 9581 9582
f 9572 9583 9628
f 9625 9555 9572
f 9541 9592 9626
f 9629 9603 9620
f 9621 9630 9585
f 9557 9631 9627
f 9613 9632 9569
f 9624 9582 9633
f 9553 9634 9540
f 9616 9628 9583
f 9625 9635 9592
f 9626 9618 9491
f 9620 9636 9629
f 9620 9619 9636
f 9557 9623 9631
f 9637 9612 9569
f 9612 9638 9614
f 9638 9615 9614
f 9615 9601 9600
f 9633 9582 9639
f 9639 9582 9571
f 9640 9571 9540
f 9640 9540 9634
f 9641 9631 9623
f 9642 9602 9601
f 9639 9571 9640
f 9642 9616 9602
f 9553 9617 9634
f 9616 9643 9628
f 9628 9625 9572
f 9635 9644 9592
f 9644 9626 9592
f 9645 9636 9619
f 9645 9619 9604
f 9645 9604 9646
f 9647 9603 9629
f 9648 9646 9604
f 9603 9647 9621
f 9647 9630 9621
f 9604 9556 9648
f 9648 9556 9605
f 9637 9649 9612
f 9632 9637 9569
f 9649 9638 9612
f 9650 9632 9613
f 9650 9613 9624
f 9651 9601 9615
f 9643 9616 9642
f 9618 9652 9617
f 9628 9653 9625
f 9585 9630 9654
f 9655 9622 9627
f 9606 9641 9623
f 9656 9637 9632
f 9633 9650 9624
f 9628 9643 9657
f 9657 9653 9628
f 9652 9618 9626
f 9625 9653 9635
f 9658 9626 9644
f 9647 9629 9659
f 9660 9605 9622
f 9654 9661 9585
f 9585 9661 9593
f 9661 9606 9593
f 9661 9662 9606
f 9627 9631 9655
f 9663 9649 9637
f 9650 9656 9632
f 9615 9638 9651
f 9633 9639 9664
f 9653 9644 9635
f 9629 9636 9659
f 9605 9660 9648
f 9655 9660 9622
f 9665 9631 9641
f 9655 9631 9665
f 9637 9656 9663
f 9664 9639 9640
f 9666 9640 9634
f 9634 9617 9667
f 9652 9667 9617
f 9636 9645 9668
f 9662 9641 9606
f 9669 9663 9656
f 9670 9651 9638
f 9671 9656 9650
f 9633 9664 9650
f 9642 9601 9651
f 9643 9642 9672
f 9626 9658 9652
f 9644 9653 9673
f 9659 9636 9674
f 9659 9675 9647
f 9676 9646 9648
f 9677 9665 9641
f 9638 9649 9670
f 9671 9669 9656
f 9664 9671 9650
f 9666 9664 9640
f 9634 9667 9666
f 9678 9667 9652
f 9658 9678 9652
f 9636 9668 9674
f 9646 9679 9645
f 9648 9680 9676
f 9680 9648 9660
f 9662 9677 9641
f 9663 9681 9649
f 9664 9666 9682
f 9643 9672 9683
f 9657 9643 9683
f 9673 9684 9644
f 9679 9668 9645
f 9647 9675 9685
f 9647 9685 9630
f 9686 9687 9655
f 9655 9687 9660
f 9661 9688 9662
f 9655 9665 9686
f 9677 9686 9665
f 9681 9670 9649
f 9664 9689 9671
f 9678 9682 9666
f 9678 9666 9667
f 9657 9673 9653
f 9644 9684 9690
f 9644 9690 9658
f 9659 9674 9675
f 9676 9679 9646
f 9660 9687 9680
f 9654 9688 9661
f 9651 9691 9642
f 9664 9692 9689
f 9682 9692 9664
f 9693 9642 9691
f 9693 9672 9642
f 9678 9658 9694
f 9683 9673 9657
f 9694 9658 9690
f 9630 9685 9695
f 9630 9695 9654
f 9688 9677 9662
f 9651 9670 9696
f 9682 9697 9692
f 9698 9672 9693
f 9678 9697 9682
f 9683 9672 9698
f 9679 9699 9668
f 9695 9688 9654
f 9686 9700 9687
f 9700 9686 9677
f 9670 9681 9696
f 9701 9681 9663
f 9701 9663 9669
f 9702 9669 9671
f 9703 9651 9696
f 9703 9691 9651
f 9689 9702 9671
f 9704 9689 9692
f 9683 9698 9705
f 9694 9706 9678
f 9668 9699 9674
f 9707 9676 9680
f 9695 9708 9688
f 9688 9709 9677
f 9709 9700 9677
f 9710 9696 9681
f 9702 9701 9669
f 9711 9693 9691
f 9698 9693 9711
f 9678 9706 9697
f 9673 9683 9705
f 9712 9694 9690
f 9690 9684 9712
f 9676 9713 9679
f 9681 9701 9710
f 9714 9691 9703
f 9702 9689 9704
f 9691 9714 9711
f 9715 9704 9692
f 9715 9692 9697
f 9716 9673 9705
f 9706 9694 9712
f 9673 9712 9684
f 9675 9717 9685
f 9685 9718 9695
f 9719 9688 9708
f 9701 9702 9720
f 9703 9696 9710
f 9711 9721 9698
f 9721 9705 9698
f 9697 9706 9715
f 9712 9673 9716
f 9699 9679 9722
f 9713 9722 9679
f 9680 9687 9707
f 9719 9709 9688
f 9720 9710 9701
f 9714 9721 9711
f 9721 9716 9705
f 9723 9675 9674
f 9717 9675 9723
f 9718 9685 9717
f 9687 9724 9707
f 9700 9724 9687
f 9725 9708 9695
f 9726 9703 9710
f 9702 9727 9720
f 9704 9727 9702
f 9703 9726 9714
f 9715 9728 9704
f 9716 9721 9729
f 9730 9712 9729
f 9712 9730 9706
f 9716 9729 9712
f 9713 9676 9707
f 9718 9725 9695
f 9725 9731 9708
f 9709 9724 9700
f 9720 9727 9710
f 9726 9710 9727
f 9704 9728 9727
f 9732 9714 9726
f 9721 9714 9732
f 9730 9728 9715
f 9715 9706 9730
f 9733 9674 9699
f 9733 9734 9674
f 9707 9724 9713
f 9709 9719 9724
f 9719 9708 9731
f 9727 9735 9726
f 9732 9726 9735
f 9728 9735 9727
f 9721 9732 9729
f 9729 9732 9735
f 9730 9735 9728
f 9730 9729 9735
f 9736 9699 9722
f 9736 9733 9699
f 9723 9674 9734
f 9718 9717 9723
f 9737 9723 9734
f 9722 9713 9736
f 9736 9713 9738
f 9737 9739 9723
f 9713 9740 9738
f 9739 9718 9723
f 9741 9718 9739
f 9740 9713 9724
f 9741 9725 9718
f 9731 9742 9719
f 9734 9733 9737
f 9743 9739 9737
f 9724 9744 9740
f 9745 9725 9741
f 9725 9745 9731
f 9744 9719 9742
f 9724 9719 9744
f 9746 9743 9737
f 9743 9747 9739
f 9748 9731 9745
f 9737 9749 9746
f 9733 9749 9737
f 9747 9743 9746
f 9739 9747 9750
f 9748 9742 9731
f 9736 9749 9733
f 9750 9751 9741
f 9739 9750 9741
f 9752 9740 9744
f 9751 9745 9741
f 9753 9749 9736
f 9738 9753 9736
f 9740 9752 9738
f 9752 9742 9754
f 9742 9752 9744
f 9742 9748 9754
f 9755 9747 9746
f 9756 9753 9738
f 9757 9750 9747
f 9751 9748 9745
f 9758 9746 9749
f 9759 9749 9753
f 9738 9752 9756
f 9751 9750 9757
f 9758 9755 9746
f 9760 9758 9749
f 9759 9760 9749
f 9761 9747 9755
f 9761 9757 9747
f 9752 9762 9756
f 9751 9757 9763
f 9751 9763 9764
f 9762 9752 9754
f 9764 9748 9751
f 9754 9765 9762
f 9764 9754 9748
f 9761 9755 9766
f 9758 9767 9755
f 9755 9767 9766
f 9766 9768 9761
f 9769 9759 9753
f 9768 9757 9761
f 9769 9753 9756
f 9764 9765 9754
f 9756 9770 9769
f 9757 9768 9771
f 9770 9756 9762
f 9757 9771 9763
f 9772 9758 9760
f 9759 9772 9760
f 9773 9771 9768
f 9763 9771 9774
f 9775 9770 9762
f 9762 9765 9775
f 9776 9765 9764
f 9767 9777 9778
f 9758 9777 9767
f 9779 9766 9778
f 9778 9766 9767
f 9769 9772 9759
f 9763 9776 9764
f 9774 9776 9763
f 9765 9776 9775
f 9777 9758 9772
f 9780 9772 9769
f 9769 9770 9780
f 9781 9768 9766
f 9773 9768 9781
f 9770 9775 9780
f 9773 9774 9771
f 9775 9776 9782
f 9776 9774 9782
f 9777 9772 9783
f 9766 9779 9781
f 9780 9775 9784
f 9782 9784 9775
f 9785 9778 9777
f 9772 9780 9783
f 9786 9774 9773
f 9787 9779 9778
f 9785 9777 9783
f 9788 9786 9773
f 9786 9789 9774
f 9774 9789 9782
f 9778 9790 9787
f 9787 9791 9779
f 9773 9781 9788
f 9782 9789 9784
f 9785 9783 9792
f 9791 9781 9779
f 9792 9783 9780
f 9793 9781 9791
f 9794 9780 9784
f 9789 9795 9784
f 9786 9795 9789
f 9785 9790 9778
f 9792 9780 9794
f 9788 9781 9793
f 9786 9788 9795
f 9785 9796 9790
f 9787 9797 9791
f 9797 9798 9791
f 9788 9793 9799
f 9784 9795 9794
f 9790 9797 9787
f 9796 9785 9800
f 9800 9785 9792
f 9791 9798 9801
f 9793 9791 9801
f 9800 9792 9802
f 9792 9794 9802
f 9799 9803 9788
f 9803 9795 9788
f 9797 9790 9804
f 9798 9797 9804
f 9794 9795 9802
f 9805 9799 9793
f 9800 9806 9796
f 9807 9804 9790
f 9796 9807 9790
f 9801 9798 9808
f 9802 9809 9800
f 9802 9795 9809
f 9803 9809 9795
f 9805 9803 9799
f 9807 9810 9804
f 9811 9807 9796
f 9804 9812 9798
f 9813 9806 9800
f 9798 9812 9808
f 9800 9814 9813
f 9809 9814 9800
f 9801 9805 9793
f 9809 9803 9815
f 9811 9796 9806
f 9815 9814 9809
f 9816 9803 9805
f 9817 9812 9804
f 9817 9804 9810
f 9801 9818 9805
f 9811 9819 9807
f 9801 9808 9820
f 9820 9818 9801
f 9816 9821 9803
f 9821 9815 9803
f 9819 9810 9807
f 9806 9813 9822
f 9822 9813 9823
f 9823 9813 9814
f 9821 9814 9815
f 9818 9816 9805
f 9806 9822 9811
f 9820 9808 9824
f 9823 9814 9821
f 9824 9808 9812
f 9825 9819 9811
f 9817 9826 9812
f 9825 9811 9822
f 9821 9816 9827
f 9817 9828 9826
f 9824 9812 9826
f 9821 9829 9823
f 9818 9827 9816
f 9810 9830 9817
f 9824 9831 9820
f 9821 9827 9829
f 9831 9818 9820
f 9830 9810 9819
f 9830 9828 9817
f 9830 9819 9832
f 9825 9832 9819
f 9824 9826 9833
f 9834 9827 9818
f 9823 9835 9822
f 9835 9823 9829
f 9831 9834 9818
f 9836 9832 9825
f 9837 9836 9825
f 9822 9837 9825
f 9837 9822 9835
f 9824 9833 9831
f 9834 9838 9827
f 9839 9840 9828
f 9839 9828 9830
f 9840 9826 9828
f 9826 9841 9833
f 9842 9835 9829
f 9838 9842 9829
f 9829 9827 9838
f 9826 9840 9841
f 9833 9841 9843
f 9833 9843 9831
f 9830 9844 9839
f 9830 9832 9844
f 9845 9838 9834
f 9844 9832 9846
f 9836 9846 9832
f 9835 9847 9837
f 9835 9842 9847
f 9831 9848 9834
f 9848 9845 9834
f 9847 9838 9845
f 9842 9838 9847
f 9840 9839 9849
f 9836 9850 9846
f 9836 9837 9850
f 9839 9851 9849
f 9844 9851 9839
f 9852 9841 9840
f 9837 9847 9850
f 9831 9843 9848
f 9846 9853 9844
f 9849 9854 9840
f 9852 9855 9841
f 9855 9843 9841
f 9848 9843 9855
f 9853 9851 9844
f 9840 9854 9852
f 9847 9845 9856
f 9851 9857 9849
f 9849 9857 9854
f 9850 9847 9856
f 9856 9845 9848
f 9853 9846 9858
f 9855 9859 9848
f 9860 9856 9848
f 9861 9857 9851
f 9853 9861 9851
f 9857 9862 9854
f 9854 9862 9852
f 9862 9863 9852
f 9863 9855 9852
f 9859 9860 9848
f 9850 9858 9846
f 9864 9850 9856
f 9855 9863 9859
f 9862 9857 9865
f 9856 9860 9864
f 9858 9861 9853
f 9858 9850 9866
f 9864 9866 9850
f 9867 9860 9859
f 9862 9868 9863
f 9859 9863 9869
f 9860 9867 9864
f 9870 9865 9857
f 9861 9870 9857
f 9865 9868 9862
f 9871 9861 9858
f 9872 9863 9868
f 9873 9867 9859
f 9871 9858 9874
f 9872 9869 9863
f 9867 9875 9864
f 9869 9873 9859
f 9871 9870 9861
f 9866 9874 9858
f 9864 9876 9866
f 9873 9875 9867
f 9868 9865 9877
f 9874 9866 9876
f 9868 9877 9872
f 9864 9875 9876
f 9865 9870 9878
f 9877 9865 9878
f 9872 9877 9879
f 9869 9880 9873
f 9880 9875 9873
f 9881 9879 9877
f 9879 9869 9872
f 9882 9880 9869
f 9883 9871 9874
f 9877 9878 9881
f 9875 9880 9876
f 9884 9878 9870
f 9885 9874 9876
f 9880 9886 9876
f 9879 9882 9869
f 9884 9870 9871
f 9883 9884 9871
f 9883 9874 9885
f 9884 9887 9878
f 9886 9885 9876
f 9882 9886 9880
f 9888 9886 9882
f 9883 9889 9884
f 9884 9889 9887
f 9879 9881 9890
f 9891 9882 9879
f 9892 9893 9878
f 9878 9887 9892
f 9878 9893 9881
f 9885 9894 9883
f 9885 9886 9894
f 9891 9888 9882
f 9887 9895 9892
f 9889 9896 9887
f 9889 9883 9896
f 9893 9890 9881
f 9890 9891 9879
f 9886 9888 9897
f 9896 9895 9887
f 9896 9883 9894
f 9898 9895 9896
f 9898 9896 9894
f 9892 9899 9900
f 9895 9899 9892
f 9900 9893 9892
f 9900 9901 9893
f 9901 9890 9893
f 9890 9902 9891
f 9902 9903 9891
f 9891 9897 9888
f 9903 9897 9891
f 9890 9901 9902
f 9894 9886 9897
f 9904 9901 9900
f 9905 9898 9906
f 9894 9906 9898
f 9897 9906 9894
f 9899 9907 9900
f 9907 9904 9900
f 9908 9895 9898
f 9902 9909 9903
f 9910 9907 9899
f 9908 9899 9895
f 9905 9908 9898
f 9911 9902 9901
f 9897 9903 9909
f 9912 9909 9902
f 9908 9910 9899
f 9913 9907 9910
f 9897 9909 9906
f 9912 9914 9909
f 9915 9913 9910
f 9908 9905 9916
f 9917 9901 9904
f 9906 9916 9905
f 9901 9917 9911
f 9916 9906 9918
f 9909 9918 9906
f 9902 9911 9912
f 9914 9918 9909
f 9919 9920 9907
f 9907 9913 9919
f 9908 9915 9910
f 9907 9920 9904
f 9904 9920 9917
f 9911 9921 9912
f 9922 9914 9912
f 9923 9915 9908
f 9908 9916 9923
f 9915 9919 9913
f 9920 9919 9924
f 9925 9917 9920
f 9911 9926 9921
f 9922 9918 9914
f 9921 9922 9912
f 9923 9927 9915
f 9924 9925 9920
f 9925 9911 9917
f 9928 9929 9916
f 9918 9928 9916
f 9928 9918 9922
f 9923 9916 9929
f 9930 9921 9926
f 9923 9931 9927
f 9925 9932 9911
f 9925 9933 9932
f 9934 9930 9926
f 9922 9921 9930
f 9924 9935 9925
f 9925 9935 9933
f 9929 9931 9923
f 9932 9934 9926
f 9911 9932 9926
f 9936 9922 9930
f 9928 9922 9936
f 9927 9937 9919
f 9927 9919 9915
f 9937 9924 9919
f 9929 9938 9931
f 9938 9929 9936
f 9928 9936 9929
f 9927 9939 9937
f 9931 9939 9927
f 9933 9940 9932
f 9941 9930 9934
f 9942 9935 9924
f 9924 9937 9942
f 9940 9933 9943
f 9943 9933 9935
f 9931 9938 9939
f 9936 9944 9938
f 9945 9932 9940
f 9932 9946 9934
f 9941 9936 9930
f 9946 9947 9934
f 9947 9941 9934
f 9935 9942 9943
f 9945 9946 9932
f 9942 9948 9943
f 9941 9944 9936
f 9949 9942 9937
f 9949 9937 9939
f 9950 9939 9938
f 9951 9938 9944
f 9948 9942 9949
f 9950 9949 9939
f 9940 9952 9945
f 9953 9944 9941
f 9951 9944 9953
f 9947 9954 9941
f 9955 9940 9943
f 9955 9952 9940
f 9950 9938 9951
f 9954 9953 9941
f 9946 9954 9947
f 9943 9948 9956
f 9955 9943 9956
f 9957 9945 9952
f 9958 9954 9946
f 9959 9953 9954
f 9960 9948 9949
f 9952 9955 9961
f 9953 9962 9951
f 9963 9946 9945
f 9957 9963 9945
f 9955 9956 9964
f 9960 9956 9948
f 9961 9955 9964
f 9950 9965 9949
f 9952 9961 9957
f 9959 9962 9953
f 9963 9966 9946
f 9958 9946 9966
f 9965 9960 9949
f 9950 9951 9962
f 9959 9958 9967
f 9954 9958 9959
f 9958 9966 9967
f 9968 9964 9956
f 9956 9960 9968
f 9964 9969 9961
f 9965 9950 9962
f 9963 9970 9966
f 9965 9968 9960
f 9957 9961 9971
f 9967 9972 9959
f 9973 9970 9963
f 9966 9970 9967
f 9964 9968 9974
f 9964 9975 9969
f 9965 9962 9976
f 9962 9977 9976
f 9972 9977 9959
f 9959 9977 9962
f 9974 9975 9964
f 9978 9968 9965
f 9978 9965 9976
f 9969 9979 9961
f 9961 9979 9971
f 9957 9971 9980
f 9980 9963 9957
f 9981 9967 9970
f 9982 9974 9968
f 9982 9968 9978
f 9975 9983 9969
f 9969 9983 9979
f 9967 9981 9984
f 9967 9984 9972
f 9985 9975 9974
f 9985 9974 9982
f 9982 9978 9976
f 9977 9972 9984
f 9986 9970 9973
f 9981 9970 9986
f 9986 9973 9987
f 9975 9988 9983
f 9985 9988 9975
f 9976 9989 9982
f 9977 9989 9976
f 9984 9990 9989
f 9984 9989 9977
f 9989 9985 9982
f 9990 9985 9989
f 9979 9991 9971
f 9992 9984 9981
f 9986 9992 9981
f 9973 9963 9987
f 9993 9979 9983
f 9983 9988 9993
f 9994 9985 9990
f 9984 9995 9990
f 9984 9992 9995
f 9971 9991 9980
f 9980 9987 9963
f 9994 9988 9985
f 9991 9979 9993
f 9994 9990 9995
f 9996 9988 9994
f 9980 9991 9997
f 9980 9997 9998
f 9980 9998 9987
f 9996 9993 9988
f 9995 9996 9994
f 9997 9991 9993
f 9999 9992 9986
f 9999 9987 9998
f 9987 9999 9986
f 9996 10000 9993
f 10000 9997 9993
f 10000 9996 9995
f 10000 9998 9997
f 9992 10000 9995
f 9999 9998 10000
f 9999 10000 9992
