2026-09-19 20:07:31,141 - step_logger_train_123666159075968 - INFO - === BenchEnv5 initialized (mode=train, visualisation=False) ===
2026-09-19 20:07:36,586 - step_logger_eval_123666159058368 - INFO - === BenchEnv5 initialized (mode=eval, visualisation=False) ===
2026-09-19 20:07:53,004 - step_logger_train_123665993441232 - INFO - === BenchEnv5 initialized (mode=train, visualisation=False) ===
2026-09-19 20:08:08,189 - step_logger_train_123665715146864 - INFO - === BenchEnv5 initialized (mode=train, visualisation=False) ===
2026-09-19 20:08:23,399 - step_logger_train_123665714229744 - INFO - === BenchEnv5 initialized (mode=train, visualisation=False) ===
2026-09-19 20:08:38,130 - step_logger_train_123661370951280 - INFO - === BenchEnv5 initialized (mode=train, visualisation=False) ===
2026-09-19 20:08:52,964 - step_logger_train_123661412629328 - INFO - === BenchEnv5 initialized (mode=train, visualisation=False) ===
2026-09-19 20:09:07,514 - step_logger_train_123661398393664 - INFO - === BenchEnv5 initialized (mode=train, visualisation=False) ===
2026-09-19 20:09:22,532 - step_logger_train_123661412520528 - INFO - === BenchEnv5 initialized (mode=train, visualisation=False) ===
2026-09-19 20:09:36,935 - step_logger_train_123661370949936 - INFO - === BenchEnv5 initialized (mode=train, visualisation=False) ===
2026-09-19 20:09:51,753 - step_logger_train_123661406602816 - INFO - === BenchEnv5 initialized (mode=train, visualisation=False) ===
2026-09-19 20:10:06,495 - step_logger_train_123661244028240 - INFO - === BenchEnv5 initialized (mode=train, visualisation=False) ===
2026-09-19 20:10:20,915 - step_logger_train_123661408167056 - INFO - === BenchEnv5 initialized (mode=train, visualisation=False) ===
2026-09-19 20:10:35,804 - step_logger_train_123661404898400 - INFO - === BenchEnv5 initialized (mode=train, visualisation=False) ===
2026-09-19 20:10:50,675 - step_logger_train_123662650882656 - INFO - === BenchEnv5 initialized (mode=train, visualisation=False) ===
2026-09-19 20:11:05,189 - step_logger_train_123665850391952 - INFO - === BenchEnv5 initialized (mode=train, visualisation=False) ===
2026-09-19 20:11:19,981 - step_logger_train_123661264748896 - INFO - === BenchEnv5 initialized (mode=train, visualisation=False) ===
2026-09-19 20:11:34,685 - step_logger_train_123661407998736 - INFO - === BenchEnv5 initialized (mode=train, visualisation=False) ===
2026-09-19 20:11:39,120 - util.agent - INFO - Synchron Agent initialized
2026-09-19 20:11:39,212 - eve_rl.runner.runner - INFO - Episode summary will be logged to /opt/eve_training/results/eve_paper/neurovascular/full/mesh_ben/2026-09-19_200649_rcca_carotid_v3_nopriv_full/diagnostics/csv/episode_summary.jsonl
2026-09-19 20:11:39,280 - util.agent - DEBUG - heatup (amount/limit): steps 20000.0/None | episodes None/None | custom_action_low=[[-9.0, -0.44999999999999996], [-9.0, -0.44999999999999996]]/custom_action_high=[[9.0, 0.44999999999999996], [9.0, 0.44999999999999996]]
2026-09-19 20:21:39,649 - util.agent - DEBUG - heatup: steps=20384 >= step_limit=20000 or episodes=53 >= episode_limit=inf. Setting time limit for workers to finish to 180s
2026-09-19 20:24:37,715 - util.agent - INFO - heatup     :  778.5s |  37.2 steps/s |   28993 steps /   53 episodes | Total:    28993 steps /    53 episodes
2026-09-19 20:24:37,717 - eve_rl.runner.runner - INFO - Set 33 probe states for diagnostics
2026-09-19 20:24:37,723 - eve_rl.runner.runner - INFO - Saved probe states to /opt/eve_training/results/eve_paper/neurovascular/full/mesh_ben/2026-09-19_200649_rcca_carotid_v3_nopriv_full/diagnostics/probes/probe_states.npz
2026-09-19 20:24:37,724 - eve_rl.runner.runner - INFO - Post-pretrain BASELINE eval (explore=0) — held-out quality of the pretrained policy before any online learning.
2026-09-19 20:24:37,724 - util.agent - DEBUG - evaluate (amount/limit): steps None/None | episodes None/None | len(seeds)=98/options=None
2026-09-19 20:50:12,765 - util.agent - INFO - evaluation : 1535.2s |  35.0 steps/s |   53777 steps /   98 episodes | Total:    53777 steps /    98 episodes
2026-09-19 20:50:13,000 - eve_rl.runner.runner - INFO - Quality: 0.4489795918367347, Reward: 1.3962023837574205, Exploration steps: 0
2026-09-19 20:50:13,763 - eve_rl.runner.runner - INFO - Saved replay buffer incrementally (+28993 new transitions) at eval #1
2026-09-19 20:50:13,763 - util.agent - DEBUG - explore (amount/limit): steps None/None | episodes 100/None || update (amount/limit): steps 0.0/None
2026-09-19 21:10:35,030 - util.agent - DEBUG - exploration: steps=43956 >= step_limit=inf or episodes=100 >= episode_limit=100. Setting time limit for workers to finish to 180s
2026-09-19 21:13:35,240 - util.agent - WARNING - Restaring Agent worker_1 because of Timeout
2026-09-19 21:13:35,241 - util.agent - DEBUG - Restarting Agent with task=None, step_limit=None and episode_limit=None.
2026-09-19 21:14:23,710 - step_logger_train_123662287389120 - INFO - === BenchEnv5 initialized (mode=train, visualisation=False) ===
2026-09-19 21:14:32,532 - util.agent - WARNING - Restaring Agent worker_3 because of Timeout
2026-09-19 21:14:32,534 - util.agent - DEBUG - Restarting Agent with task=None, step_limit=None and episode_limit=None.
2026-09-19 21:14:47,198 - step_logger_train_123661414984912 - INFO - === BenchEnv5 initialized (mode=train, visualisation=False) ===
2026-09-19 21:14:52,096 - util.agent - WARNING - Restaring Agent worker_4 because of Timeout
2026-09-19 21:14:52,097 - util.agent - DEBUG - Restarting Agent with task=None, step_limit=None and episode_limit=None.
2026-09-19 21:15:03,329 - step_logger_train_123662174919168 - INFO - === BenchEnv5 initialized (mode=train, visualisation=False) ===
2026-09-19 21:15:07,726 - util.agent - WARNING - Restaring Agent worker_5 because of Timeout
2026-09-19 21:15:07,727 - util.agent - DEBUG - Restarting Agent with task=None, step_limit=None and episode_limit=None.
2026-09-19 21:15:19,270 - step_logger_train_123662174919696 - INFO - === BenchEnv5 initialized (mode=train, visualisation=False) ===
2026-09-19 21:15:23,825 - util.agent - WARNING - Restaring Agent worker_10 because of Timeout
2026-09-19 21:15:23,826 - util.agent - DEBUG - Restarting Agent with task=None, step_limit=None and episode_limit=None.
2026-09-19 21:15:34,574 - step_logger_train_123661370953344 - INFO - === BenchEnv5 initialized (mode=train, visualisation=False) ===
2026-09-19 21:15:39,445 - util.agent - WARNING - Restaring Agent worker_15 because of Timeout
2026-09-19 21:15:39,446 - util.agent - DEBUG - Restarting Agent with task=None, step_limit=None and episode_limit=None.
2026-09-19 21:15:50,289 - step_logger_train_123661391891184 - INFO - === BenchEnv5 initialized (mode=train, visualisation=False) ===
2026-09-19 21:15:54,573 - util.agent - INFO - update / exploration:   1.6/1540.9 s |   0.0/ 34.1 steps/s |     0/ 52520 steps, 100 episodes |      0/  52520 steps total,   100 episodes total
2026-09-19 21:15:54,963 - util.agent - INFO - NET_SYNC ok #1 fp=65d20997157f update=0
2026-09-19 21:15:57,801 - eve_rl.runner.runner - INFO - Saved policy snapshot at scheduled step 10000 (current=52520)
2026-09-19 21:15:57,803 - eve_rl.runner.runner - INFO - Saved policy snapshot at scheduled step 20000 (current=52520)
2026-09-19 21:15:57,813 - eve_rl.runner.runner - INFO - Saved policy snapshot at scheduled step 30000 (current=52520)
2026-09-19 21:15:57,814 - eve_rl.runner.runner - INFO - Saved policy snapshot at scheduled step 40000 (current=52520)
2026-09-19 21:15:57,815 - eve_rl.runner.runner - INFO - Saved policy snapshot at scheduled step 50000 (current=52520)
2026-09-19 21:15:57,816 - util.agent - DEBUG - explore (amount/limit): steps None/None | episodes 100/None || update (amount/limit): steps 52520.0/None
2026-09-19 21:39:05,091 - util.agent - DEBUG - exploration: steps=97317 >= step_limit=inf or episodes=200 >= episode_limit=200. Setting time limit for workers to finish to 180s
2026-09-19 22:00:18,078 - util.agent - INFO - update / exploration: 2660.4/1554.3 s |  19.7/ 34.3 steps/s | 52520/ 53266 steps, 100 episodes |  52520/ 105786 steps total,   200 episodes total
2026-09-19 22:00:18,129 - util.agent - INFO - NET_SYNC ok #2 fp=873b6078ad87 update=52520
2026-09-19 22:00:19,959 - eve_rl.runner.runner - INFO - Saved policy snapshot at scheduled step 60000 (current=105786)
2026-09-19 22:00:19,961 - eve_rl.runner.runner - INFO - Saved policy snapshot at scheduled step 70000 (current=105786)
2026-09-19 22:00:19,962 - eve_rl.runner.runner - INFO - Saved policy snapshot at scheduled step 80000 (current=105786)
2026-09-19 22:00:19,963 - eve_rl.runner.runner - INFO - Saved policy snapshot at scheduled step 90000 (current=105786)
2026-09-19 22:00:19,964 - eve_rl.runner.runner - INFO - Saved policy snapshot at scheduled step 100000 (current=105786)
2026-09-19 22:00:19,964 - util.agent - DEBUG - explore (amount/limit): steps None/None | episodes 100/None || update (amount/limit): steps 53266.0/None
2026-09-19 22:12:37,615 - util.agent - DEBUG - exploration: steps=122338 >= step_limit=inf or episodes=300 >= episode_limit=300. Setting time limit for workers to finish to 180s
2026-09-19 22:15:38,267 - util.agent - WARNING - Restaring Agent worker_3 because of Timeout
2026-09-19 22:15:38,268 - util.agent - DEBUG - Restarting Agent with task=None, step_limit=None and episode_limit=None.
2026-09-19 22:16:24,616 - step_logger_train_123661270577984 - INFO - === BenchEnv5 initialized (mode=train, visualisation=False) ===
2026-09-19 22:16:30,743 - util.agent - WARNING - Restaring Agent worker_7 because of Timeout
2026-09-19 22:16:30,744 - util.agent - DEBUG - Restarting Agent with task=None, step_limit=None and episode_limit=None.
2026-09-19 22:16:45,984 - step_logger_train_123665982245136 - INFO - === BenchEnv5 initialized (mode=train, visualisation=False) ===
2026-09-19 22:41:01,679 - util.agent - INFO - update / exploration: 2441.8/991.2 s |  21.8/ 22.1 steps/s | 53266/ 21905 steps, 100 episodes | 105786/ 127691 steps total,   300 episodes total
2026-09-19 22:41:01,726 - util.agent - INFO - NET_SYNC ok #3 fp=edf76c339365 update=105786
2026-09-19 22:41:04,044 - eve_rl.runner.runner - INFO - Saved policy snapshot at scheduled step 110000 (current=127691)
2026-09-19 22:41:04,046 - eve_rl.runner.runner - INFO - Saved policy snapshot at scheduled step 120000 (current=127691)
2026-09-19 22:41:04,047 - util.agent - DEBUG - explore (amount/limit): steps None/None | episodes 100/None || update (amount/limit): steps 21905.0/None
2026-09-19 22:48:36,863 - util.agent - DEBUG - exploration: steps=138371 >= step_limit=inf or episodes=400 >= episode_limit=400. Setting time limit for workers to finish to 180s
2026-09-19 22:51:37,167 - util.agent - WARNING - Restaring Agent worker_5 because of Timeout
2026-09-19 22:51:37,168 - util.agent - DEBUG - Restarting Agent with task=None, step_limit=None and episode_limit=None.
2026-09-19 22:52:20,363 - step_logger_train_123665850389168 - INFO - === BenchEnv5 initialized (mode=train, visualisation=False) ===
2026-09-19 22:52:26,963 - util.agent - WARNING - Restaring Agent worker_8 because of Timeout
2026-09-19 22:52:26,965 - util.agent - DEBUG - Restarting Agent with task=None, step_limit=None and episode_limit=None.
2026-09-19 22:52:46,158 - step_logger_train_123661244006512 - INFO - === BenchEnv5 initialized (mode=train, visualisation=False) ===
2026-09-19 22:58:45,884 - util.agent - INFO - update / exploration: 1061.9/707.8 s |  20.6/ 20.5 steps/s | 21905/ 14521 steps, 100 episodes | 127691/ 142212 steps total,   400 episodes total
2026-09-19 22:58:45,931 - util.agent - INFO - NET_SYNC ok #4 fp=1d8503cd3491 update=127691
2026-09-19 22:58:47,708 - eve_rl.runner.runner - INFO - Saved policy snapshot at scheduled step 130000 (current=142212)
2026-09-19 22:58:47,710 - eve_rl.runner.runner - INFO - Saved policy snapshot at scheduled step 140000 (current=142212)
2026-09-19 22:58:47,711 - util.agent - DEBUG - explore (amount/limit): steps None/None | episodes 100/None || update (amount/limit): steps 14521.0/None
2026-09-19 23:08:18,690 - util.agent - DEBUG - exploration: steps=156236 >= step_limit=inf or episodes=500 >= episode_limit=500. Setting time limit for workers to finish to 180s
2026-09-19 23:11:19,222 - util.agent - WARNING - Restaring Agent worker_3 because of Timeout
2026-09-19 23:11:19,223 - util.agent - DEBUG - Restarting Agent with task=None, step_limit=None and episode_limit=None.
2026-09-19 23:11:36,816 - step_logger_train_123665933673904 - INFO - === BenchEnv5 initialized (mode=train, visualisation=False) ===
2026-09-19 23:12:50,209 - util.agent - INFO - update / exploration: 842.6/774.4 s |  17.2/ 24.9 steps/s | 14521/ 19285 steps, 100 episodes | 142212/ 161497 steps total,   500 episodes total
2026-09-19 23:12:50,258 - util.agent - INFO - NET_SYNC ok #5 fp=4ca7f0df74fa update=142212
2026-09-19 23:12:51,986 - eve_rl.runner.runner - INFO - Saved policy snapshot at scheduled step 150000 (current=161497)
2026-09-19 23:12:51,988 - eve_rl.runner.runner - INFO - Saved policy snapshot at scheduled step 160000 (current=161497)
2026-09-19 23:12:51,989 - util.agent - DEBUG - explore (amount/limit): steps None/None | episodes 100/None || update (amount/limit): steps 19285.0/None
2026-09-19 23:18:54,128 - util.agent - DEBUG - exploration: steps=170215 >= step_limit=inf or episodes=600 >= episode_limit=600. Setting time limit for workers to finish to 180s
2026-09-19 23:21:54,650 - util.agent - WARNING - Restaring Agent worker_2 because of Timeout
2026-09-19 23:21:54,651 - util.agent - DEBUG - Restarting Agent with task=None, step_limit=None and episode_limit=None.
2026-09-19 23:22:40,667 - step_logger_train_123662174919840 - INFO - === BenchEnv5 initialized (mode=train, visualisation=False) ===
2026-09-19 23:22:46,986 - util.agent - WARNING - Restaring Agent worker_9 because of Timeout
2026-09-19 23:22:46,988 - util.agent - DEBUG - Restarting Agent with task=None, step_limit=None and episode_limit=None.
2026-09-19 23:23:04,944 - step_logger_train_123661145398768 - INFO - === BenchEnv5 initialized (mode=train, visualisation=False) ===
2026-09-19 23:28:32,731 - util.agent - INFO - update / exploration: 940.8/618.1 s |  20.5/ 19.7 steps/s | 19285/ 12164 steps, 100 episodes | 161497/ 173661 steps total,   600 episodes total
2026-09-19 23:28:32,780 - util.agent - INFO - NET_SYNC ok #6 fp=32c16b0a5483 update=161497
2026-09-19 23:28:34,538 - eve_rl.runner.runner - INFO - Saved policy snapshot at scheduled step 170000 (current=173661)
2026-09-19 23:28:34,538 - util.agent - DEBUG - explore (amount/limit): steps None/None | episodes 100/None || update (amount/limit): steps 12164.0/None
2026-09-19 23:34:40,970 - util.agent - DEBUG - exploration: steps=183141 >= step_limit=inf or episodes=700 >= episode_limit=700. Setting time limit for workers to finish to 180s
2026-09-19 23:37:41,431 - util.agent - WARNING - Restaring Agent worker_1 because of Timeout
2026-09-19 23:37:41,432 - util.agent - DEBUG - Restarting Agent with task=None, step_limit=None and episode_limit=None.
2026-09-19 23:38:26,613 - step_logger_train_123659425616800 - INFO - === BenchEnv5 initialized (mode=train, visualisation=False) ===
2026-09-19 23:38:32,541 - util.agent - WARNING - Restaring Agent worker_6 because of Timeout
2026-09-19 23:38:32,545 - util.agent - DEBUG - Restarting Agent with task=None, step_limit=None and episode_limit=None.
2026-09-19 23:38:47,690 - step_logger_train_123661492277312 - INFO - === BenchEnv5 initialized (mode=train, visualisation=False) ===
2026-09-19 23:39:39,467 - util.agent - INFO - update / exploration: 665.0/618.8 s |  18.3/ 20.5 steps/s | 12164/ 12670 steps, 100 episodes | 173661/ 186331 steps total,   700 episodes total
2026-09-19 23:39:39,520 - util.agent - INFO - NET_SYNC ok #7 fp=c661a0dd2a54 update=173661
2026-09-19 23:39:41,270 - eve_rl.runner.runner - INFO - Saved policy snapshot at scheduled step 180000 (current=186331)
2026-09-19 23:39:41,271 - util.agent - DEBUG - explore (amount/limit): steps None/None | episodes 100/None || update (amount/limit): steps 12670.0/None
2026-09-19 23:45:18,168 - util.agent - DEBUG - exploration: steps=193980 >= step_limit=inf or episodes=800 >= episode_limit=800. Setting time limit for workers to finish to 180s
2026-09-19 23:48:18,529 - util.agent - WARNING - Restaring Agent worker_13 because of Timeout
2026-09-19 23:48:18,530 - util.agent - DEBUG - Restarting Agent with task=None, step_limit=None and episode_limit=None.
2026-09-19 23:48:36,087 - step_logger_train_123661370566544 - INFO - === BenchEnv5 initialized (mode=train, visualisation=False) ===
2026-09-19 23:50:48,788 - util.agent - INFO - update / exploration: 667.6/540.7 s |  19.0/ 23.3 steps/s | 12670/ 12581 steps, 100 episodes | 186331/ 198912 steps total,   800 episodes total
2026-09-19 23:50:48,840 - util.agent - INFO - NET_SYNC ok #8 fp=8928d6673080 update=186331
2026-09-19 23:50:50,572 - eve_rl.runner.runner - INFO - Saved policy snapshot at scheduled step 190000 (current=198912)
2026-09-19 23:50:50,573 - util.agent - DEBUG - explore (amount/limit): steps None/None | episodes 100/None || update (amount/limit): steps 12581.0/None
2026-09-19 23:58:21,480 - util.agent - DEBUG - exploration: steps=209465 >= step_limit=inf or episodes=900 >= episode_limit=900. Setting time limit for workers to finish to 180s
2026-09-20 00:02:37,216 - util.agent - INFO - update / exploration: 706.7/586.6 s |  17.8/ 25.5 steps/s | 12581/ 14945 steps, 100 episodes | 198912/ 213857 steps total,   900 episodes total
2026-09-20 00:02:37,265 - util.agent - INFO - NET_SYNC ok #9 fp=9d55bd2ff9bc update=198912
2026-09-20 00:02:38,958 - eve_rl.runner.runner - INFO - Saved policy snapshot at scheduled step 200000 (current=213857)
2026-09-20 00:02:38,960 - eve_rl.runner.runner - INFO - Saved policy snapshot at scheduled step 210000 (current=213857)
2026-09-20 00:02:38,961 - util.agent - DEBUG - explore (amount/limit): steps None/None | episodes 100/None || update (amount/limit): steps 14945.0/None
2026-09-20 00:08:17,961 - util.agent - DEBUG - exploration: steps=222292 >= step_limit=inf or episodes=1000 >= episode_limit=1000. Setting time limit for workers to finish to 180s
2026-09-20 00:15:00,758 - util.agent - INFO - update / exploration: 741.8/491.6 s |  20.1/ 24.3 steps/s | 14945/ 11921 steps, 100 episodes | 213857/ 225778 steps total,  1000 episodes total
2026-09-20 00:15:00,805 - util.agent - INFO - NET_SYNC ok #10 fp=44fc6d424c95 update=213857
2026-09-20 00:15:02,542 - eve_rl.runner.runner - INFO - Saved policy snapshot at scheduled step 220000 (current=225778)
2026-09-20 00:15:02,543 - util.agent - DEBUG - explore (amount/limit): steps None/None | episodes 100/None || update (amount/limit): steps 11921.0/None
2026-09-20 00:20:22,581 - util.agent - DEBUG - exploration: steps=233943 >= step_limit=inf or episodes=1100 >= episode_limit=1100. Setting time limit for workers to finish to 180s
2026-09-20 00:25:12,369 - util.agent - INFO - update / exploration: 609.9/474.8 s |  19.5/ 23.7 steps/s | 11921/ 11265 steps, 100 episodes | 225778/ 237043 steps total,  1100 episodes total
2026-09-20 00:25:12,415 - util.agent - INFO - NET_SYNC ok #11 fp=5c16ec4bdc9f update=225778
2026-09-20 00:25:14,140 - eve_rl.runner.runner - INFO - Saved policy snapshot at scheduled step 230000 (current=237043)
2026-09-20 00:25:14,141 - util.agent - DEBUG - explore (amount/limit): steps None/None | episodes 100/None || update (amount/limit): steps 11265.0/None
2026-09-20 00:30:08,809 - util.agent - DEBUG - exploration: steps=244867 >= step_limit=inf or episodes=1200 >= episode_limit=1200. Setting time limit for workers to finish to 180s
2026-09-20 00:33:09,482 - util.agent - WARNING - Restaring Agent worker_2 because of Timeout
2026-09-20 00:33:09,483 - util.agent - DEBUG - Restarting Agent with task=None, step_limit=None and episode_limit=None.
2026-09-20 00:33:52,651 - step_logger_train_123659440970192 - INFO - === BenchEnv5 initialized (mode=train, visualisation=False) ===
2026-09-20 00:33:57,790 - util.agent - WARNING - Restaring Agent worker_4 because of Timeout
2026-09-20 00:33:57,791 - util.agent - DEBUG - Restarting Agent with task=None, step_limit=None and episode_limit=None.
2026-09-20 00:34:14,178 - step_logger_train_123659440969808 - INFO - === BenchEnv5 initialized (mode=train, visualisation=False) ===
2026-09-20 00:34:59,614 - util.agent - INFO - update / exploration: 585.5/546.8 s |  19.2/ 18.2 steps/s | 11265/  9962 steps, 100 episodes | 237043/ 247005 steps total,  1200 episodes total
2026-09-20 00:34:59,665 - util.agent - INFO - NET_SYNC ok #12 fp=2d6eb1d52627 update=237043
2026-09-20 00:35:01,387 - eve_rl.runner.runner - INFO - Saved policy snapshot at scheduled step 240000 (current=247005)
2026-09-20 00:35:01,388 - util.agent - DEBUG - explore (amount/limit): steps None/None | episodes 100/None || update (amount/limit): steps 9962.0/None
2026-09-20 00:40:59,346 - util.agent - DEBUG - exploration: steps=255921 >= step_limit=inf or episodes=1300 >= episode_limit=1300. Setting time limit for workers to finish to 180s
2026-09-20 00:43:59,468 - util.agent - WARNING - Restaring Agent worker_5 because of Timeout
2026-09-20 00:43:59,470 - util.agent - DEBUG - Restarting Agent with task=None, step_limit=None and episode_limit=None.
2026-09-20 00:44:16,250 - step_logger_train_123661108452608 - INFO - === BenchEnv5 initialized (mode=train, visualisation=False) ===
2026-09-20 00:44:22,282 - util.agent - WARNING - Restaring Agent worker_6 because of Timeout
2026-09-20 00:44:22,283 - util.agent - DEBUG - Restarting Agent with task=None, step_limit=None and episode_limit=None.
2026-09-20 00:44:37,478 - step_logger_train_123659436736624 - INFO - === BenchEnv5 initialized (mode=train, visualisation=False) ===
2026-09-20 00:44:42,162 - util.agent - INFO - update / exploration: 580.8/580.5 s |  17.2/ 20.6 steps/s |  9962/ 11981 steps, 100 episodes | 247005/ 258986 steps total,  1300 episodes total
2026-09-20 00:44:42,216 - util.agent - INFO - NET_SYNC ok #13 fp=265c9cc9c3da update=247005
2026-09-20 00:44:43,926 - eve_rl.runner.runner - INFO - Saved policy snapshot at scheduled step 250000 (current=258986)
2026-09-20 00:44:43,964 - util.agent - DEBUG - evaluate (amount/limit): steps None/None | episodes None/None | len(seeds)=98/options=None
2026-09-20 01:01:03,952 - util.agent - INFO - evaluation :  980.1s |  13.8 steps/s |   13536 steps /   97 episodes | Total:    67313 steps /   195 episodes
2026-09-20 01:01:04,831 - eve_rl.runner.runner - INFO - Quality: 0.9489795918367347, Reward: 5.342332430849887, Exploration steps: 258986
2026-09-20 01:01:09,748 - eve_rl.runner.runner - INFO - Saved replay buffer incrementally (+258986 new transitions) at eval #2
2026-09-20 01:01:09,749 - util.agent - DEBUG - explore (amount/limit): steps None/None | episodes 100/None || update (amount/limit): steps 11981.0/None
2026-09-20 01:07:14,082 - util.agent - DEBUG - exploration: steps=267550 >= step_limit=inf or episodes=1400 >= episode_limit=1400. Setting time limit for workers to finish to 180s
2026-09-20 01:10:14,804 - util.agent - WARNING - Restaring Agent worker_4 because of Timeout
2026-09-20 01:10:14,805 - util.agent - DEBUG - Restarting Agent with task=None, step_limit=None and episode_limit=None.
2026-09-20 01:11:07,560 - step_logger_train_123659425333408 - INFO - === BenchEnv5 initialized (mode=train, visualisation=False) ===
2026-09-20 01:11:28,908 - util.agent - WARNING - Restaring Agent worker_5 because of Timeout
2026-09-20 01:11:28,910 - util.agent - DEBUG - Restarting Agent with task=None, step_limit=None and episode_limit=None.
2026-09-20 01:11:42,604 - step_logger_train_123661407107344 - INFO - === BenchEnv5 initialized (mode=train, visualisation=False) ===
2026-09-20 01:11:48,873 - util.agent - WARNING - Restaring Agent worker_9 because of Timeout
2026-09-20 01:11:48,874 - util.agent - DEBUG - Restarting Agent with task=None, step_limit=None and episode_limit=None.
2026-09-20 01:12:00,869 - step_logger_train_123661102239504 - INFO - === BenchEnv5 initialized (mode=train, visualisation=False) ===
2026-09-20 01:12:05,535 - util.agent - INFO - update / exploration: 655.8/655.5 s |  18.3/ 20.3 steps/s | 11981/ 13315 steps, 100 episodes | 258986/ 272301 steps total,  1400 episodes total
2026-09-20 01:12:05,599 - util.agent - INFO - NET_SYNC ok #14 fp=bc02cc7c010a update=258986
2026-09-20 01:12:07,454 - eve_rl.runner.runner - INFO - Saved policy snapshot at scheduled step 260000 (current=272301)
2026-09-20 01:12:07,456 - eve_rl.runner.runner - INFO - Saved policy snapshot at scheduled step 270000 (current=272301)
2026-09-20 01:12:07,456 - util.agent - DEBUG - explore (amount/limit): steps None/None | episodes 100/None || update (amount/limit): steps 13315.0/None
2026-09-20 01:17:38,091 - util.agent - DEBUG - exploration: steps=280538 >= step_limit=inf or episodes=1500 >= episode_limit=1500. Setting time limit for workers to finish to 180s
2026-09-20 01:20:38,297 - util.agent - WARNING - Restaring Agent worker_3 because of Timeout
2026-09-20 01:20:38,298 - util.agent - DEBUG - Restarting Agent with task=None, step_limit=None and episode_limit=None.
2026-09-20 01:20:55,070 - step_logger_train_123661290426480 - INFO - === BenchEnv5 initialized (mode=train, visualisation=False) ===
2026-09-20 01:21:00,550 - util.agent - WARNING - Restaring Agent worker_8 because of Timeout
2026-09-20 01:21:00,553 - util.agent - DEBUG - Restarting Agent with task=None, step_limit=None and episode_limit=None.
2026-09-20 01:21:13,642 - step_logger_train_123661405915888 - INFO - === BenchEnv5 initialized (mode=train, visualisation=False) ===
2026-09-20 01:21:18,578 - util.agent - WARNING - Restaring Agent worker_10 because of Timeout
2026-09-20 01:21:18,579 - util.agent - DEBUG - Restarting Agent with task=None, step_limit=None and episode_limit=None.
2026-09-20 01:21:35,279 - step_logger_train_123665852105776 - INFO - === BenchEnv5 initialized (mode=train, visualisation=False) ===
2026-09-20 01:23:30,705 - util.agent - INFO - update / exploration: 683.3/573.3 s |  19.5/ 20.5 steps/s | 13315/ 11745 steps, 100 episodes | 272301/ 284046 steps total,  1500 episodes total
2026-09-20 01:23:30,750 - util.agent - INFO - NET_SYNC ok #15 fp=3458920614d6 update=272301
2026-09-20 01:23:32,545 - eve_rl.runner.runner - INFO - Saved policy snapshot at scheduled step 280000 (current=284046)
2026-09-20 01:23:32,546 - util.agent - DEBUG - explore (amount/limit): steps None/None | episodes 100/None || update (amount/limit): steps 11745.0/None
2026-09-20 01:28:46,241 - util.agent - DEBUG - exploration: steps=292569 >= step_limit=inf or episodes=1600 >= episode_limit=1600. Setting time limit for workers to finish to 180s
2026-09-20 01:31:46,799 - util.agent - WARNING - Restaring Agent worker_3 because of Timeout
2026-09-20 01:31:46,800 - util.agent - DEBUG - Restarting Agent with task=None, step_limit=None and episode_limit=None.
2026-09-20 01:32:30,994 - step_logger_train_123661406879456 - INFO - === BenchEnv5 initialized (mode=train, visualisation=False) ===
2026-09-20 01:32:36,758 - util.agent - WARNING - Restaring Agent worker_6 because of Timeout
2026-09-20 01:32:36,759 - util.agent - DEBUG - Restarting Agent with task=None, step_limit=None and episode_limit=None.
2026-09-20 01:32:48,969 - step_logger_train_123661249966720 - INFO - === BenchEnv5 initialized (mode=train, visualisation=False) ===
2026-09-20 01:32:54,494 - util.agent - WARNING - Restaring Agent worker_8 because of Timeout
2026-09-20 01:32:54,495 - util.agent - DEBUG - Restarting Agent with task=None, step_limit=None and episode_limit=None.
2026-09-20 01:33:06,613 - step_logger_train_123661101653536 - INFO - === BenchEnv5 initialized (mode=train, visualisation=False) ===
2026-09-20 01:33:48,726 - util.agent - INFO - update / exploration: 616.2/579.2 s |  19.1/ 19.8 steps/s | 11745/ 11496 steps, 100 episodes | 284046/ 295542 steps total,  1600 episodes total
2026-09-20 01:33:48,771 - util.agent - INFO - NET_SYNC ok #16 fp=e4fca356bbbc update=284046
2026-09-20 01:33:50,483 - eve_rl.runner.runner - INFO - Saved policy snapshot at scheduled step 290000 (current=295542)
2026-09-20 01:33:50,484 - util.agent - DEBUG - explore (amount/limit): steps None/None | episodes 100/None || update (amount/limit): steps 11496.0/None
2026-09-20 01:39:02,151 - util.agent - DEBUG - exploration: steps=303344 >= step_limit=inf or episodes=1700 >= episode_limit=1700. Setting time limit for workers to finish to 180s
2026-09-20 01:42:02,386 - util.agent - WARNING - Restaring Agent worker_1 because of Timeout
2026-09-20 01:42:02,387 - util.agent - DEBUG - Restarting Agent with task=None, step_limit=None and episode_limit=None.
2026-09-20 01:42:43,688 - step_logger_train_123662174916672 - INFO - === BenchEnv5 initialized (mode=train, visualisation=False) ===
2026-09-20 01:42:49,192 - util.agent - WARNING - Restaring Agent worker_15 because of Timeout
2026-09-20 01:42:49,193 - util.agent - DEBUG - Restarting Agent with task=None, step_limit=None and episode_limit=None.
2026-09-20 01:43:02,543 - step_logger_train_123661370565584 - INFO - === BenchEnv5 initialized (mode=train, visualisation=False) ===
2026-09-20 01:43:55,596 - util.agent - INFO - update / exploration: 605.1/556.8 s |  19.0/ 20.8 steps/s | 11496/ 11592 steps, 100 episodes | 295542/ 307134 steps total,  1700 episodes total
2026-09-20 01:43:55,647 - util.agent - INFO - NET_SYNC ok #17 fp=20c1d62edb4e update=295542
2026-09-20 01:43:57,379 - eve_rl.runner.runner - INFO - Saved policy snapshot at scheduled step 300000 (current=307134)
2026-09-20 01:43:57,379 - util.agent - DEBUG - explore (amount/limit): steps None/None | episodes 100/None || update (amount/limit): steps 11592.0/None
2026-09-20 01:49:21,635 - util.agent - DEBUG - exploration: steps=314931 >= step_limit=inf or episodes=1800 >= episode_limit=1800. Setting time limit for workers to finish to 180s
2026-09-20 01:52:21,749 - util.agent - WARNING - Restaring Agent worker_8 because of Timeout
2026-09-20 01:52:21,750 - util.agent - DEBUG - Restarting Agent with task=None, step_limit=None and episode_limit=None.
2026-09-20 01:52:38,184 - step_logger_train_123660027616512 - INFO - === BenchEnv5 initialized (mode=train, visualisation=False) ===
2026-09-20 01:54:05,819 - util.agent - INFO - update / exploration: 608.5/525.7 s |  19.1/ 21.3 steps/s | 11592/ 11209 steps, 100 episodes | 307134/ 318343 steps total,  1800 episodes total
2026-09-20 01:54:05,866 - util.agent - INFO - NET_SYNC ok #18 fp=8b27820b3cf0 update=307134
2026-09-20 01:54:07,580 - eve_rl.runner.runner - INFO - Saved policy snapshot at scheduled step 310000 (current=318343)
2026-09-20 01:54:07,580 - util.agent - DEBUG - explore (amount/limit): steps None/None | episodes 100/None || update (amount/limit): steps 11209.0/None
2026-09-20 02:00:49,875 - util.agent - DEBUG - exploration: steps=328366 >= step_limit=inf or episodes=1900 >= episode_limit=1900. Setting time limit for workers to finish to 180s
2026-09-20 02:04:19,228 - util.agent - INFO - update / exploration: 611.7/529.7 s |  18.3/ 24.7 steps/s | 11209/ 13107 steps, 100 episodes | 318343/ 331450 steps total,  1900 episodes total
2026-09-20 02:04:19,276 - util.agent - INFO - NET_SYNC ok #19 fp=34bdeaea5400 update=318343
2026-09-20 02:04:20,986 - eve_rl.runner.runner - INFO - Saved policy snapshot at scheduled step 320000 (current=331450)
2026-09-20 02:04:20,987 - eve_rl.runner.runner - INFO - Saved policy snapshot at scheduled step 330000 (current=331450)
2026-09-20 02:04:20,988 - util.agent - DEBUG - explore (amount/limit): steps None/None | episodes 100/None || update (amount/limit): steps 13107.0/None
2026-09-20 02:09:13,578 - util.agent - DEBUG - exploration: steps=339003 >= step_limit=inf or episodes=2000 >= episode_limit=2000. Setting time limit for workers to finish to 180s
2026-09-20 02:12:13,788 - util.agent - WARNING - Restaring Agent worker_7 because of Timeout
2026-09-20 02:12:13,789 - util.agent - DEBUG - Restarting Agent with task=None, step_limit=None and episode_limit=None.
2026-09-20 02:12:30,477 - step_logger_train_123661247292800 - INFO - === BenchEnv5 initialized (mode=train, visualisation=False) ===
2026-09-20 02:15:09,162 - util.agent - INFO - update / exploration: 648.2/494.7 s |  20.2/ 21.1 steps/s | 13107/ 10457 steps, 100 episodes | 331450/ 341907 steps total,  2000 episodes total
2026-09-20 02:15:09,210 - util.agent - INFO - NET_SYNC ok #20 fp=a1e2116ae4ff update=331450
2026-09-20 02:15:10,935 - eve_rl.runner.runner - INFO - Saved policy snapshot at scheduled step 340000 (current=341907)
2026-09-20 02:15:10,936 - util.agent - DEBUG - explore (amount/limit): steps None/None | episodes 100/None || update (amount/limit): steps 10457.0/None
2026-09-20 02:20:56,184 - util.agent - DEBUG - exploration: steps=349788 >= step_limit=inf or episodes=2100 >= episode_limit=2100. Setting time limit for workers to finish to 180s
2026-09-20 02:23:56,512 - util.agent - WARNING - Restaring Agent worker_14 because of Timeout
2026-09-20 02:23:56,513 - util.agent - DEBUG - Restarting Agent with task=None, step_limit=None and episode_limit=None.
2026-09-20 02:24:39,042 - step_logger_train_123661404697360 - INFO - === BenchEnv5 initialized (mode=train, visualisation=False) ===
2026-09-20 02:24:43,749 - util.agent - INFO - update / exploration: 572.8/572.8 s |  18.3/ 19.6 steps/s | 10457/ 11244 steps, 100 episodes | 341907/ 353151 steps total,  2100 episodes total
2026-09-20 02:24:43,812 - util.agent - INFO - NET_SYNC ok #21 fp=fb574d67fa19 update=341907
2026-09-20 02:24:45,610 - eve_rl.runner.runner - INFO - Saved policy snapshot at scheduled step 350000 (current=353151)
2026-09-20 02:24:45,610 - util.agent - DEBUG - explore (amount/limit): steps None/None | episodes 100/None || update (amount/limit): steps 11244.0/None
2026-09-20 02:29:42,470 - util.agent - DEBUG - exploration: steps=360620 >= step_limit=inf or episodes=2200 >= episode_limit=2200. Setting time limit for workers to finish to 180s
2026-09-20 02:32:42,960 - util.agent - WARNING - Restaring Agent worker_4 because of Timeout
2026-09-20 02:32:42,961 - util.agent - DEBUG - Restarting Agent with task=None, step_limit=None and episode_limit=None.
2026-09-20 02:32:59,765 - step_logger_train_123662285743296 - INFO - === BenchEnv5 initialized (mode=train, visualisation=False) ===
2026-09-20 02:33:05,029 - util.agent - WARNING - Restaring Agent worker_5 because of Timeout
2026-09-20 02:33:05,031 - util.agent - DEBUG - Restarting Agent with task=None, step_limit=None and episode_limit=None.
2026-09-20 02:33:21,408 - step_logger_train_123661399619088 - INFO - === BenchEnv5 initialized (mode=train, visualisation=False) ===
2026-09-20 02:34:37,954 - util.agent - INFO - update / exploration: 592.4/521.1 s |  19.0/ 19.3 steps/s | 11244/ 10054 steps, 100 episodes | 353151/ 363205 steps total,  2200 episodes total
2026-09-20 02:34:38,000 - util.agent - INFO - NET_SYNC ok #22 fp=3990682195a8 update=353151
2026-09-20 02:34:39,715 - eve_rl.runner.runner - INFO - Saved policy snapshot at scheduled step 360000 (current=363205)
2026-09-20 02:34:39,716 - util.agent - DEBUG - explore (amount/limit): steps None/None | episodes 100/None || update (amount/limit): steps 10054.0/None
2026-09-20 02:39:38,626 - util.agent - DEBUG - exploration: steps=371453 >= step_limit=inf or episodes=2300 >= episode_limit=2300. Setting time limit for workers to finish to 180s
2026-09-20 02:43:25,572 - util.agent - INFO - update / exploration: 525.9/378.0 s |  19.1/ 26.8 steps/s | 10054/ 10144 steps, 100 episodes | 363205/ 373349 steps total,  2300 episodes total
2026-09-20 02:43:25,618 - util.agent - INFO - NET_SYNC ok #23 fp=3514ca8f2c84 update=363205
2026-09-20 02:43:27,410 - eve_rl.runner.runner - INFO - Saved policy snapshot at scheduled step 370000 (current=373349)
2026-09-20 02:43:27,411 - util.agent - DEBUG - explore (amount/limit): steps None/None | episodes 100/None || update (amount/limit): steps 10144.0/None
2026-09-20 02:48:24,221 - util.agent - DEBUG - exploration: steps=380636 >= step_limit=inf or episodes=2400 >= episode_limit=2400. Setting time limit for workers to finish to 180s
2026-09-20 02:51:24,497 - util.agent - WARNING - Restaring Agent worker_3 because of Timeout
2026-09-20 02:51:24,498 - util.agent - DEBUG - Restarting Agent with task=None, step_limit=None and episode_limit=None.
2026-09-20 02:52:05,888 - step_logger_train_123661274677840 - INFO - === BenchEnv5 initialized (mode=train, visualisation=False) ===
2026-09-20 02:52:30,530 - util.agent - INFO - update / exploration: 543.1/523.3 s |  18.7/ 20.5 steps/s | 10144/ 10714 steps, 100 episodes | 373349/ 384063 steps total,  2400 episodes total
2026-09-20 02:52:30,575 - util.agent - INFO - NET_SYNC ok #24 fp=90006faae681 update=373349
2026-09-20 02:52:32,307 - eve_rl.runner.runner - INFO - Saved policy snapshot at scheduled step 380000 (current=384063)
2026-09-20 02:52:32,307 - util.agent - DEBUG - explore (amount/limit): steps None/None | episodes 100/None || update (amount/limit): steps 10714.0/None
2026-09-20 02:56:59,623 - util.agent - DEBUG - exploration: steps=391612 >= step_limit=inf or episodes=2500 >= episode_limit=2500. Setting time limit for workers to finish to 180s
2026-09-20 02:59:59,736 - util.agent - WARNING - Restaring Agent worker_3 because of Timeout
2026-09-20 02:59:59,736 - util.agent - DEBUG - Restarting Agent with task=None, step_limit=None and episode_limit=None.
2026-09-20 03:00:16,614 - step_logger_train_123660032769472 - INFO - === BenchEnv5 initialized (mode=train, visualisation=False) ===
2026-09-20 03:00:23,977 - util.agent - WARNING - Restaring Agent worker_8 because of Timeout
2026-09-20 03:00:23,978 - util.agent - DEBUG - Restarting Agent with task=None, step_limit=None and episode_limit=None.
2026-09-20 03:00:40,200 - step_logger_train_123661271972928 - INFO - === BenchEnv5 initialized (mode=train, visualisation=False) ===
2026-09-20 03:01:41,081 - util.agent - INFO - update / exploration: 548.8/492.9 s |  19.5/ 18.9 steps/s | 10714/  9313 steps, 100 episodes | 384063/ 393376 steps total,  2500 episodes total
2026-09-20 03:01:41,127 - util.agent - INFO - NET_SYNC ok #25 fp=2fc1a3112293 update=384063
2026-09-20 03:01:42,843 - eve_rl.runner.runner - INFO - Saved policy snapshot at scheduled step 390000 (current=393376)
2026-09-20 03:01:42,844 - util.agent - DEBUG - explore (amount/limit): steps None/None | episodes 100/None || update (amount/limit): steps 9313.0/None
2026-09-20 03:06:16,437 - util.agent - DEBUG - exploration: steps=400872 >= step_limit=inf or episodes=2600 >= episode_limit=2600. Setting time limit for workers to finish to 180s
2026-09-20 03:09:16,743 - util.agent - WARNING - Restaring Agent worker_10 because of Timeout
2026-09-20 03:09:16,744 - util.agent - DEBUG - Restarting Agent with task=None, step_limit=None and episode_limit=None.
2026-09-20 03:09:59,013 - step_logger_train_123661238317744 - INFO - === BenchEnv5 initialized (mode=train, visualisation=False) ===
2026-09-20 03:10:04,100 - util.agent - INFO - update / exploration: 501.3/501.2 s |  18.6/ 19.8 steps/s |  9313/  9948 steps, 100 episodes | 393376/ 403324 steps total,  2600 episodes total
2026-09-20 03:10:04,160 - util.agent - INFO - NET_SYNC ok #26 fp=5784dc3aa8da update=393376
2026-09-20 03:10:05,946 - eve_rl.runner.runner - INFO - Saved policy snapshot at scheduled step 400000 (current=403324)
2026-09-20 03:10:05,946 - util.agent - DEBUG - explore (amount/limit): steps None/None | episodes 100/None || update (amount/limit): steps 9948.0/None
2026-09-20 03:15:49,138 - util.agent - DEBUG - exploration: steps=411128 >= step_limit=inf or episodes=2700 >= episode_limit=2700. Setting time limit for workers to finish to 180s
2026-09-20 03:19:11,958 - util.agent - INFO - update / exploration: 546.0/464.4 s |  18.2/ 24.9 steps/s |  9948/ 11555 steps, 100 episodes | 403324/ 414879 steps total,  2700 episodes total
2026-09-20 03:19:12,006 - util.agent - INFO - NET_SYNC ok #27 fp=b0fbc6edf2aa update=403324
2026-09-20 03:19:13,682 - eve_rl.runner.runner - INFO - Saved policy snapshot at scheduled step 410000 (current=414879)
2026-09-20 03:19:13,682 - util.agent - DEBUG - explore (amount/limit): steps None/None | episodes 100/None || update (amount/limit): steps 11555.0/None
2026-09-20 03:23:30,435 - util.agent - DEBUG - exploration: steps=422446 >= step_limit=inf or episodes=2800 >= episode_limit=2800. Setting time limit for workers to finish to 180s
2026-09-20 03:28:31,777 - util.agent - INFO - update / exploration: 558.1/295.9 s |  20.7/ 30.5 steps/s | 11555/  9034 steps, 100 episodes | 414879/ 423913 steps total,  2800 episodes total
2026-09-20 03:28:31,822 - util.agent - INFO - NET_SYNC ok #28 fp=e24ce34c0c82 update=414879
2026-09-20 03:28:33,527 - eve_rl.runner.runner - INFO - Saved policy snapshot at scheduled step 420000 (current=423913)
2026-09-20 03:28:33,528 - util.agent - DEBUG - explore (amount/limit): steps None/None | episodes 100/None || update (amount/limit): steps 9034.0/None
2026-09-20 03:34:39,939 - util.agent - DEBUG - exploration: steps=432682 >= step_limit=inf or episodes=2900 >= episode_limit=2900. Setting time limit for workers to finish to 180s
2026-09-20 03:37:39,946 - util.agent - WARNING - Restaring Agent worker_8 because of Timeout
2026-09-20 03:37:39,947 - util.agent - DEBUG - Restarting Agent with task=None, step_limit=None and episode_limit=None.
2026-09-20 03:37:55,174 - step_logger_train_123661370105376 - INFO - === BenchEnv5 initialized (mode=train, visualisation=False) ===
2026-09-20 03:37:59,708 - util.agent - WARNING - Restaring Agent worker_14 because of Timeout
2026-09-20 03:37:59,711 - util.agent - DEBUG - Restarting Agent with task=None, step_limit=None and episode_limit=None.
2026-09-20 03:38:14,797 - step_logger_train_123661101872848 - INFO - === BenchEnv5 initialized (mode=train, visualisation=False) ===
2026-09-20 03:38:19,239 - util.agent - INFO - update / exploration: 523.8/585.7 s |  17.2/ 19.8 steps/s |  9034/ 11611 steps, 100 episodes | 423913/ 435524 steps total,  2900 episodes total
2026-09-20 03:38:19,291 - util.agent - INFO - NET_SYNC ok #29 fp=e4b8f2d66311 update=423913
2026-09-20 03:38:21,008 - eve_rl.runner.runner - INFO - Saved policy snapshot at scheduled step 430000 (current=435524)
2026-09-20 03:38:21,009 - util.agent - DEBUG - explore (amount/limit): steps None/None | episodes 100/None || update (amount/limit): steps 11611.0/None
2026-09-20 03:44:27,462 - util.agent - DEBUG - exploration: steps=444373 >= step_limit=inf or episodes=3000 >= episode_limit=3000. Setting time limit for workers to finish to 180s
2026-09-20 03:47:27,467 - util.agent - WARNING - Restaring Agent worker_4 because of Timeout
2026-09-20 03:47:27,468 - util.agent - DEBUG - Restarting Agent with task=None, step_limit=None and episode_limit=None.
2026-09-20 03:48:11,329 - step_logger_train_123661407000080 - INFO - === BenchEnv5 initialized (mode=train, visualisation=False) ===
2026-09-20 03:48:17,490 - util.agent - WARNING - Restaring Agent worker_12 because of Timeout
2026-09-20 03:48:17,493 - util.agent - DEBUG - Restarting Agent with task=None, step_limit=None and episode_limit=None.
2026-09-20 03:48:33,852 - step_logger_train_123662671096704 - INFO - === BenchEnv5 initialized (mode=train, visualisation=False) ===
2026-09-20 03:48:57,072 - util.agent - INFO - update / exploration: 636.1/618.5 s |  18.3/ 19.2 steps/s | 11611/ 11865 steps, 100 episodes | 435524/ 447389 steps total,  3000 episodes total
2026-09-20 03:48:57,122 - util.agent - INFO - NET_SYNC ok #30 fp=843394717c33 update=435524
2026-09-20 03:48:58,847 - eve_rl.runner.runner - INFO - Saved policy snapshot at scheduled step 440000 (current=447389)
2026-09-20 03:48:58,848 - util.agent - DEBUG - explore (amount/limit): steps None/None | episodes 100/None || update (amount/limit): steps 11865.0/None
2026-09-20 03:54:31,545 - util.agent - DEBUG - exploration: steps=455521 >= step_limit=inf or episodes=3100 >= episode_limit=3100. Setting time limit for workers to finish to 180s
2026-09-20 03:59:18,266 - util.agent - INFO - update / exploration: 619.4/487.4 s |  19.2/ 24.2 steps/s | 11865/ 11803 steps, 100 episodes | 447389/ 459192 steps total,  3100 episodes total
2026-09-20 03:59:18,313 - util.agent - INFO - NET_SYNC ok #31 fp=4bf77f6a4992 update=447389
2026-09-20 03:59:20,034 - eve_rl.runner.runner - INFO - Saved policy snapshot at scheduled step 450000 (current=459192)
2026-09-20 03:59:20,034 - util.agent - DEBUG - explore (amount/limit): steps None/None | episodes 100/None || update (amount/limit): steps 11803.0/None
2026-09-20 04:03:36,782 - util.agent - DEBUG - exploration: steps=466583 >= step_limit=inf or episodes=3200 >= episode_limit=3200. Setting time limit for workers to finish to 180s
2026-09-20 04:06:37,016 - util.agent - WARNING - Restaring Agent worker_1 because of Timeout
2026-09-20 04:06:37,017 - util.agent - DEBUG - Restarting Agent with task=None, step_limit=None and episode_limit=None.
2026-09-20 04:07:19,905 - step_logger_train_123661274977424 - INFO - === BenchEnv5 initialized (mode=train, visualisation=False) ===
2026-09-20 04:09:06,520 - util.agent - INFO - update / exploration: 586.5/485.9 s |  20.1/ 18.9 steps/s | 11803/  9205 steps, 100 episodes | 459192/ 468397 steps total,  3200 episodes total
2026-09-20 04:09:06,571 - util.agent - INFO - NET_SYNC ok #32 fp=ad3eea5094bb update=459192
2026-09-20 04:09:08,303 - eve_rl.runner.runner - INFO - Saved policy snapshot at scheduled step 460000 (current=468397)
2026-09-20 04:09:08,304 - util.agent - DEBUG - explore (amount/limit): steps None/None | episodes 100/None || update (amount/limit): steps 9205.0/None
2026-09-20 04:15:25,215 - util.agent - DEBUG - exploration: steps=477796 >= step_limit=inf or episodes=3300 >= episode_limit=3300. Setting time limit for workers to finish to 180s
2026-09-20 04:18:25,308 - util.agent - WARNING - Restaring Agent worker_5 because of Timeout
2026-09-20 04:18:25,309 - util.agent - DEBUG - Restarting Agent with task=None, step_limit=None and episode_limit=None.
2026-09-20 04:18:59,225 - step_logger_train_123662299523632 - INFO - === BenchEnv5 initialized (mode=train, visualisation=False) ===
2026-09-20 04:19:04,094 - util.agent - WARNING - Restaring Agent worker_10 because of Timeout
2026-09-20 04:19:04,094 - util.agent - DEBUG - Restarting Agent with task=None, step_limit=None and episode_limit=None.
2026-09-20 04:19:19,495 - step_logger_train_123662287276112 - INFO - === BenchEnv5 initialized (mode=train, visualisation=False) ===
2026-09-20 04:19:23,903 - util.agent - INFO - update / exploration: 546.6/615.6 s |  16.8/ 20.7 steps/s |  9205/ 12766 steps, 100 episodes | 468397/ 481163 steps total,  3300 episodes total
2026-09-20 04:19:23,954 - util.agent - INFO - NET_SYNC ok #33 fp=ca527b3c34b9 update=468397
2026-09-20 04:19:25,675 - eve_rl.runner.runner - INFO - Saved policy snapshot at scheduled step 470000 (current=481163)
2026-09-20 04:19:25,677 - eve_rl.runner.runner - INFO - Saved policy snapshot at scheduled step 480000 (current=481163)
2026-09-20 04:19:25,678 - util.agent - DEBUG - explore (amount/limit): steps None/None | episodes 100/None || update (amount/limit): steps 12766.0/None
2026-09-20 04:24:58,299 - util.agent - DEBUG - exploration: steps=489610 >= step_limit=inf or episodes=3400 >= episode_limit=3400. Setting time limit for workers to finish to 180s
2026-09-20 04:27:58,698 - util.agent - WARNING - Restaring Agent worker_1 because of Timeout
2026-09-20 04:27:58,699 - util.agent - DEBUG - Restarting Agent with task=None, step_limit=None and episode_limit=None.
2026-09-20 04:28:42,859 - step_logger_train_123661260265072 - INFO - === BenchEnv5 initialized (mode=train, visualisation=False) ===
2026-09-20 04:28:48,115 - util.agent - WARNING - Restaring Agent worker_3 because of Timeout
2026-09-20 04:28:48,117 - util.agent - DEBUG - Restarting Agent with task=None, step_limit=None and episode_limit=None.
2026-09-20 04:29:01,542 - step_logger_train_123661253379360 - INFO - === BenchEnv5 initialized (mode=train, visualisation=False) ===
2026-09-20 04:29:07,201 - util.agent - WARNING - Restaring Agent worker_6 because of Timeout
2026-09-20 04:29:07,203 - util.agent - DEBUG - Restarting Agent with task=None, step_limit=None and episode_limit=None.
2026-09-20 04:29:24,037 - step_logger_train_123662177861888 - INFO - === BenchEnv5 initialized (mode=train, visualisation=False) ===
2026-09-20 04:29:30,296 - util.agent - WARNING - Restaring Agent worker_8 because of Timeout
2026-09-20 04:29:30,298 - util.agent - DEBUG - Restarting Agent with task=None, step_limit=None and episode_limit=None.
2026-09-20 04:29:42,395 - step_logger_train_123660027780400 - INFO - === BenchEnv5 initialized (mode=train, visualisation=False) ===
2026-09-20 04:29:47,239 - util.agent - WARNING - Restaring Agent worker_13 because of Timeout
2026-09-20 04:29:47,243 - util.agent - DEBUG - Restarting Agent with task=None, step_limit=None and episode_limit=None.
2026-09-20 04:29:59,852 - step_logger_train_123661101653248 - INFO - === BenchEnv5 initialized (mode=train, visualisation=False) ===
2026-09-20 04:30:37,118 - util.agent - INFO - update / exploration: 671.5/639.6 s |  19.0/ 17.5 steps/s | 12766/ 11164 steps, 100 episodes | 481163/ 492327 steps total,  3400 episodes total
2026-09-20 04:30:37,165 - util.agent - INFO - NET_SYNC ok #34 fp=608fad635389 update=481163
2026-09-20 04:30:38,893 - eve_rl.runner.runner - INFO - Saved policy snapshot at scheduled step 490000 (current=492327)
2026-09-20 04:30:38,894 - util.agent - DEBUG - explore (amount/limit): steps None/None | episodes 100/None || update (amount/limit): steps 11164.0/None
2026-09-20 04:34:55,671 - util.agent - DEBUG - exploration: steps=499662 >= step_limit=inf or episodes=3500 >= episode_limit=3500. Setting time limit for workers to finish to 180s
2026-09-20 04:37:56,073 - util.agent - WARNING - Restaring Agent worker_9 because of Timeout
2026-09-20 04:37:56,074 - util.agent - DEBUG - Restarting Agent with task=None, step_limit=None and episode_limit=None.
2026-09-20 04:38:12,697 - step_logger_train_123662674322720 - INFO - === BenchEnv5 initialized (mode=train, visualisation=False) ===
2026-09-20 04:40:00,035 - util.agent - INFO - update / exploration: 561.2/459.4 s |  19.9/ 19.9 steps/s | 11164/  9165 steps, 100 episodes | 492327/ 501492 steps total,  3500 episodes total
2026-09-20 04:40:00,086 - util.agent - INFO - NET_SYNC ok #35 fp=364b5bce19ce update=492327
2026-09-20 04:40:01,877 - eve_rl.runner.runner - INFO - Saved policy snapshot at scheduled step 500000 (current=501492)
2026-09-20 04:40:01,910 - util.agent - DEBUG - evaluate (amount/limit): steps None/None | episodes None/None | len(seeds)=98/options=None
2026-09-20 05:00:04,489 - util.agent - INFO - evaluation : 1202.7s |  14.5 steps/s |   17446 steps /   98 episodes | Total:    84759 steps /   293 episodes
2026-09-20 05:00:04,939 - eve_rl.runner.runner - INFO - Quality: 0.826530612244898, Reward: 4.0031429949399095, Exploration steps: 501492
2026-09-20 05:00:08,629 - eve_rl.runner.runner - INFO - Saved replay buffer incrementally (+242506 new transitions) at eval #3
2026-09-20 05:00:08,630 - util.agent - DEBUG - explore (amount/limit): steps None/None | episodes 100/None || update (amount/limit): steps 9165.0/None
2026-09-20 05:04:52,709 - util.agent - DEBUG - exploration: steps=509196 >= step_limit=inf or episodes=3600 >= episode_limit=3600. Setting time limit for workers to finish to 180s
2026-09-20 05:07:52,710 - util.agent - WARNING - Restaring Agent worker_8 because of Timeout
2026-09-20 05:07:52,710 - util.agent - DEBUG - Restarting Agent with task=None, step_limit=None and episode_limit=None.
2026-09-20 05:08:38,824 - step_logger_train_123665762722624 - INFO - === BenchEnv5 initialized (mode=train, visualisation=False) ===
2026-09-20 05:08:45,402 - util.agent - INFO - update / exploration: 516.8/516.8 s |  17.7/ 19.0 steps/s |  9165/  9803 steps, 100 episodes | 501492/ 511295 steps total,  3600 episodes total
2026-09-20 05:08:45,469 - util.agent - INFO - NET_SYNC ok #36 fp=ee03f82f19cc update=501492
2026-09-20 05:08:47,169 - eve_rl.runner.runner - INFO - Saved policy snapshot at scheduled step 510000 (current=511295)
2026-09-20 05:08:47,170 - util.agent - DEBUG - explore (amount/limit): steps None/None | episodes 100/None || update (amount/limit): steps 9803.0/None
2026-09-20 05:13:35,509 - util.agent - DEBUG - exploration: steps=518680 >= step_limit=inf or episodes=3700 >= episode_limit=3700. Setting time limit for workers to finish to 180s
2026-09-20 05:16:35,849 - util.agent - WARNING - Restaring Agent worker_8 because of Timeout
2026-09-20 05:16:35,850 - util.agent - DEBUG - Restarting Agent with task=None, step_limit=None and episode_limit=None.
2026-09-20 05:17:17,089 - step_logger_train_123661238468720 - INFO - === BenchEnv5 initialized (mode=train, visualisation=False) ===
2026-09-20 05:17:39,726 - util.agent - INFO - update / exploration: 532.6/516.2 s |  18.4/ 20.3 steps/s |  9803/ 10487 steps, 100 episodes | 511295/ 521782 steps total,  3700 episodes total
2026-09-20 05:17:39,775 - util.agent - INFO - NET_SYNC ok #37 fp=7125aca517e7 update=511295
2026-09-20 05:17:41,552 - eve_rl.runner.runner - INFO - Saved policy snapshot at scheduled step 520000 (current=521782)
2026-09-20 05:17:41,552 - util.agent - DEBUG - explore (amount/limit): steps None/None | episodes 100/None || update (amount/limit): steps 10487.0/None
2026-09-20 05:23:03,683 - util.agent - DEBUG - exploration: steps=529663 >= step_limit=inf or episodes=3800 >= episode_limit=3800. Setting time limit for workers to finish to 180s
2026-09-20 05:26:04,057 - util.agent - WARNING - Restaring Agent worker_8 because of Timeout
2026-09-20 05:26:04,058 - util.agent - DEBUG - Restarting Agent with task=None, step_limit=None and episode_limit=None.
2026-09-20 05:26:21,938 - step_logger_train_123661149526912 - INFO - === BenchEnv5 initialized (mode=train, visualisation=False) ===
2026-09-20 05:26:28,919 - util.agent - WARNING - Restaring Agent worker_11 because of Timeout
2026-09-20 05:26:28,921 - util.agent - DEBUG - Restarting Agent with task=None, step_limit=None and episode_limit=None.
2026-09-20 05:26:45,484 - step_logger_train_123659539243456 - INFO - === BenchEnv5 initialized (mode=train, visualisation=False) ===
2026-09-20 05:26:52,224 - util.agent - WARNING - Restaring Agent worker_14 because of Timeout
2026-09-20 05:26:52,226 - util.agent - DEBUG - Restarting Agent with task=None, step_limit=None and episode_limit=None.
2026-09-20 05:27:06,922 - step_logger_train_123666157068448 - INFO - === BenchEnv5 initialized (mode=train, visualisation=False) ===
2026-09-20 05:27:12,448 - util.agent - INFO - update / exploration: 570.9/570.7 s |  18.4/ 20.6 steps/s | 10487/ 11750 steps, 100 episodes | 521782/ 533532 steps total,  3800 episodes total
2026-09-20 05:27:12,508 - util.agent - INFO - NET_SYNC ok #38 fp=936da0c91fb0 update=521782
2026-09-20 05:27:14,237 - eve_rl.runner.runner - INFO - Saved policy snapshot at scheduled step 530000 (current=533532)
2026-09-20 05:27:14,238 - util.agent - DEBUG - explore (amount/limit): steps None/None | episodes 100/None || update (amount/limit): steps 11750.0/None
2026-09-20 05:32:46,951 - util.agent - DEBUG - exploration: steps=541845 >= step_limit=inf or episodes=3900 >= episode_limit=3900. Setting time limit for workers to finish to 180s
2026-09-20 05:37:21,581 - util.agent - INFO - update / exploration: 607.4/450.1 s |  19.3/ 25.1 steps/s | 11750/ 11291 steps, 100 episodes | 533532/ 544823 steps total,  3900 episodes total
2026-09-20 05:37:21,632 - util.agent - INFO - NET_SYNC ok #39 fp=c23ca5853ce2 update=533532
2026-09-20 05:37:23,337 - eve_rl.runner.runner - INFO - Saved policy snapshot at scheduled step 540000 (current=544823)
2026-09-20 05:37:23,338 - util.agent - DEBUG - explore (amount/limit): steps None/None | episodes 100/None || update (amount/limit): steps 11291.0/None
2026-09-20 05:41:50,657 - util.agent - DEBUG - exploration: steps=551946 >= step_limit=inf or episodes=4000 >= episode_limit=4000. Setting time limit for workers to finish to 180s
2026-09-20 05:44:51,181 - util.agent - WARNING - Restaring Agent worker_7 because of Timeout
2026-09-20 05:44:51,182 - util.agent - DEBUG - Restarting Agent with task=None, step_limit=None and episode_limit=None.
2026-09-20 05:45:41,185 - step_logger_train_123661145953568 - INFO - === BenchEnv5 initialized (mode=train, visualisation=False) ===
2026-09-20 05:45:47,909 - util.agent - WARNING - Restaring Agent worker_14 because of Timeout
2026-09-20 05:45:47,910 - util.agent - DEBUG - Restarting Agent with task=None, step_limit=None and episode_limit=None.
2026-09-20 05:46:04,285 - step_logger_train_123662174816816 - INFO - === BenchEnv5 initialized (mode=train, visualisation=False) ===
2026-09-20 05:46:57,028 - util.agent - INFO - update / exploration: 573.7/525.6 s |  19.7/ 16.5 steps/s | 11291/  8681 steps, 100 episodes | 544823/ 553504 steps total,  4000 episodes total
2026-09-20 05:46:57,075 - util.agent - INFO - NET_SYNC ok #40 fp=cf3b49ffbfc2 update=544823
2026-09-20 05:46:58,862 - eve_rl.runner.runner - INFO - Saved policy snapshot at scheduled step 550000 (current=553504)
2026-09-20 05:46:58,863 - util.agent - DEBUG - explore (amount/limit): steps None/None | episodes 100/None || update (amount/limit): steps 8681.0/None
2026-09-20 05:52:10,440 - util.agent - DEBUG - exploration: steps=561746 >= step_limit=inf or episodes=4100 >= episode_limit=4100. Setting time limit for workers to finish to 180s
2026-09-20 05:55:10,522 - util.agent - WARNING - Restaring Agent worker_3 because of Timeout
2026-09-20 05:55:10,523 - util.agent - DEBUG - Restarting Agent with task=None, step_limit=None and episode_limit=None.
2026-09-20 05:55:51,812 - step_logger_train_123659540863776 - INFO - === BenchEnv5 initialized (mode=train, visualisation=False) ===
2026-09-20 05:55:57,025 - util.agent - WARNING - Restaring Agent worker_11 because of Timeout
2026-09-20 05:55:57,026 - util.agent - DEBUG - Restarting Agent with task=None, step_limit=None and episode_limit=None.
2026-09-20 05:56:12,626 - step_logger_train_123665807493824 - INFO - === BenchEnv5 initialized (mode=train, visualisation=False) ===
2026-09-20 05:56:17,077 - util.agent - WARNING - Restaring Agent worker_13 because of Timeout
2026-09-20 05:56:17,078 - util.agent - DEBUG - Restarting Agent with task=None, step_limit=None and episode_limit=None.
2026-09-20 05:56:32,969 - step_logger_train_123661369710000 - INFO - === BenchEnv5 initialized (mode=train, visualisation=False) ===
2026-09-20 05:56:37,268 - util.agent - INFO - update / exploration: 578.4/578.4 s |  15.0/ 18.2 steps/s |  8681/ 10554 steps, 100 episodes | 553504/ 564058 steps total,  4100 episodes total
2026-09-20 05:56:37,333 - util.agent - INFO - NET_SYNC ok #41 fp=9c973c7ec29b update=553504
2026-09-20 05:56:39,115 - eve_rl.runner.runner - INFO - Saved policy snapshot at scheduled step 560000 (current=564058)
2026-09-20 05:56:39,116 - util.agent - DEBUG - explore (amount/limit): steps None/None | episodes 100/None || update (amount/limit): steps 10554.0/None
2026-09-20 06:01:31,726 - util.agent - DEBUG - exploration: steps=571898 >= step_limit=inf or episodes=4200 >= episode_limit=4200. Setting time limit for workers to finish to 180s
2026-09-20 06:04:32,301 - util.agent - WARNING - Restaring Agent worker_3 because of Timeout
2026-09-20 06:04:32,302 - util.agent - DEBUG - Restarting Agent with task=None, step_limit=None and episode_limit=None.
2026-09-20 06:04:54,234 - step_logger_train_123662666331520 - INFO - === BenchEnv5 initialized (mode=train, visualisation=False) ===
2026-09-20 06:05:58,667 - util.agent - INFO - update / exploration: 559.6/500.1 s |  18.9/ 19.9 steps/s | 10554/  9932 steps, 100 episodes | 564058/ 573990 steps total,  4200 episodes total
2026-09-20 06:05:58,724 - util.agent - INFO - NET_SYNC ok #42 fp=abf123f9c089 update=564058
2026-09-20 06:06:00,497 - eve_rl.runner.runner - INFO - Saved policy snapshot at scheduled step 570000 (current=573990)
2026-09-20 06:06:00,498 - util.agent - DEBUG - explore (amount/limit): steps None/None | episodes 100/None || update (amount/limit): steps 9932.0/None
2026-09-20 06:11:03,650 - util.agent - DEBUG - exploration: steps=581806 >= step_limit=inf or episodes=4300 >= episode_limit=4300. Setting time limit for workers to finish to 180s
2026-09-20 06:14:04,260 - util.agent - WARNING - Restaring Agent worker_8 because of Timeout
2026-09-20 06:14:04,261 - util.agent - DEBUG - Restarting Agent with task=None, step_limit=None and episode_limit=None.
2026-09-20 06:14:46,725 - step_logger_train_123659423816768 - INFO - === BenchEnv5 initialized (mode=train, visualisation=False) ===
2026-09-20 06:14:51,746 - util.agent - WARNING - Restaring Agent worker_10 because of Timeout
2026-09-20 06:14:51,747 - util.agent - DEBUG - Restarting Agent with task=None, step_limit=None and episode_limit=None.
2026-09-20 06:15:05,382 - step_logger_train_123662175829680 - INFO - === BenchEnv5 initialized (mode=train, visualisation=False) ===
2026-09-20 06:15:10,704 - util.agent - INFO - update / exploration: 550.2/550.2 s |  18.1/ 19.7 steps/s |  9932/ 10851 steps, 100 episodes | 573990/ 584841 steps total,  4300 episodes total
2026-09-20 06:15:10,767 - util.agent - INFO - NET_SYNC ok #43 fp=f3493f9a8397 update=573990
2026-09-20 06:15:12,556 - eve_rl.runner.runner - INFO - Saved policy snapshot at scheduled step 580000 (current=584841)
2026-09-20 06:15:12,556 - util.agent - DEBUG - explore (amount/limit): steps None/None | episodes 100/None || update (amount/limit): steps 10851.0/None
2026-09-20 06:19:48,255 - util.agent - DEBUG - exploration: steps=592466 >= step_limit=inf or episodes=4400 >= episode_limit=4400. Setting time limit for workers to finish to 180s
2026-09-20 06:22:48,953 - util.agent - WARNING - Restaring Agent worker_9 because of Timeout
2026-09-20 06:22:48,954 - util.agent - DEBUG - Restarting Agent with task=None, step_limit=None and episode_limit=None.
2026-09-20 06:23:05,750 - step_logger_train_123659423679680 - INFO - === BenchEnv5 initialized (mode=train, visualisation=False) ===
2026-09-20 06:23:12,565 - util.agent - WARNING - Restaring Agent worker_11 because of Timeout
2026-09-20 06:23:12,567 - util.agent - DEBUG - Restarting Agent with task=None, step_limit=None and episode_limit=None.
2026-09-20 06:23:29,184 - step_logger_train_123662174931120 - INFO - === BenchEnv5 initialized (mode=train, visualisation=False) ===
2026-09-20 06:23:34,219 - util.agent - WARNING - Restaring Agent worker_15 because of Timeout
2026-09-20 06:23:34,221 - util.agent - DEBUG - Restarting Agent with task=None, step_limit=None and episode_limit=None.
2026-09-20 06:23:50,710 - step_logger_train_123662175311424 - INFO - === BenchEnv5 initialized (mode=train, visualisation=False) ===
2026-09-20 06:24:39,469 - util.agent - INFO - update / exploration: 566.9/525.1 s |  19.1/ 17.9 steps/s | 10851/  9420 steps, 100 episodes | 584841/ 594261 steps total,  4400 episodes total
2026-09-20 06:24:39,516 - util.agent - INFO - NET_SYNC ok #44 fp=b60d3e04205a update=584841
2026-09-20 06:24:41,323 - eve_rl.runner.runner - INFO - Saved policy snapshot at scheduled step 590000 (current=594261)
2026-09-20 06:24:41,324 - util.agent - DEBUG - explore (amount/limit): steps None/None | episodes 100/None || update (amount/limit): steps 9420.0/None
2026-09-20 06:29:33,949 - util.agent - DEBUG - exploration: steps=601988 >= step_limit=inf or episodes=4500 >= episode_limit=4500. Setting time limit for workers to finish to 180s
2026-09-20 06:32:34,097 - util.agent - WARNING - Restaring Agent worker_1 because of Timeout
2026-09-20 06:32:34,098 - util.agent - DEBUG - Restarting Agent with task=None, step_limit=None and episode_limit=None.
2026-09-20 06:33:19,596 - step_logger_train_123662053618640 - INFO - === BenchEnv5 initialized (mode=train, visualisation=False) ===
2026-09-20 06:33:24,796 - util.agent - INFO - update / exploration: 523.5/523.5 s |  18.0/ 19.3 steps/s |  9420/ 10093 steps, 100 episodes | 594261/ 604354 steps total,  4500 episodes total
2026-09-20 06:33:24,868 - util.agent - INFO - NET_SYNC ok #45 fp=87a69991554e update=594261
2026-09-20 06:33:26,696 - eve_rl.runner.runner - INFO - Saved policy snapshot at scheduled step 600000 (current=604354)
2026-09-20 06:33:26,696 - util.agent - DEBUG - explore (amount/limit): steps None/None | episodes 100/None || update (amount/limit): steps 10093.0/None
2026-09-20 06:38:06,728 - util.agent - DEBUG - exploration: steps=611857 >= step_limit=inf or episodes=4600 >= episode_limit=4600. Setting time limit for workers to finish to 180s
2026-09-20 06:41:06,864 - util.agent - WARNING - Restaring Agent worker_12 because of Timeout
2026-09-20 06:41:06,865 - util.agent - DEBUG - Restarting Agent with task=None, step_limit=None and episode_limit=None.
2026-09-20 06:41:23,636 - step_logger_train_123661411484288 - INFO - === BenchEnv5 initialized (mode=train, visualisation=False) ===
2026-09-20 06:41:30,054 - util.agent - WARNING - Restaring Agent worker_14 because of Timeout
2026-09-20 06:41:30,055 - util.agent - DEBUG - Restarting Agent with task=None, step_limit=None and episode_limit=None.
2026-09-20 06:41:46,517 - step_logger_train_123661239762320 - INFO - === BenchEnv5 initialized (mode=train, visualisation=False) ===
2026-09-20 06:42:17,363 - util.agent - INFO - update / exploration: 530.7/504.8 s |  19.0/ 17.8 steps/s | 10093/  9004 steps, 100 episodes | 604354/ 613358 steps total,  4600 episodes total
2026-09-20 06:42:17,412 - util.agent - INFO - NET_SYNC ok #46 fp=82ef40fd3b7a update=604354
2026-09-20 06:42:19,120 - eve_rl.runner.runner - INFO - Saved policy snapshot at scheduled step 610000 (current=613358)
2026-09-20 06:42:19,121 - util.agent - DEBUG - explore (amount/limit): steps None/None | episodes 100/None || update (amount/limit): steps 9004.0/None
2026-09-20 06:46:59,041 - util.agent - DEBUG - exploration: steps=620868 >= step_limit=inf or episodes=4700 >= episode_limit=4700. Setting time limit for workers to finish to 180s
2026-09-20 06:50:22,812 - util.agent - INFO - update / exploration: 483.7/431.3 s |  18.6/ 23.8 steps/s |  9004/ 10247 steps, 100 episodes | 613358/ 623605 steps total,  4700 episodes total
2026-09-20 06:50:22,859 - util.agent - INFO - NET_SYNC ok #47 fp=13fee16cef17 update=613358
2026-09-20 06:50:24,565 - eve_rl.runner.runner - INFO - Saved policy snapshot at scheduled step 620000 (current=623605)
2026-09-20 06:50:24,566 - util.agent - DEBUG - explore (amount/limit): steps None/None | episodes 100/None || update (amount/limit): steps 10247.0/None
2026-09-20 06:55:12,977 - util.agent - DEBUG - exploration: steps=631970 >= step_limit=inf or episodes=4800 >= episode_limit=4800. Setting time limit for workers to finish to 180s
2026-09-20 06:59:17,947 - util.agent - INFO - update / exploration: 533.4/376.2 s |  19.2/ 28.1 steps/s | 10247/ 10583 steps, 100 episodes | 623605/ 634188 steps total,  4800 episodes total
2026-09-20 06:59:17,994 - util.agent - INFO - NET_SYNC ok #48 fp=595948b779a9 update=623605
2026-09-20 06:59:19,741 - eve_rl.runner.runner - INFO - Saved policy snapshot at scheduled step 630000 (current=634188)
2026-09-20 06:59:19,742 - util.agent - DEBUG - explore (amount/limit): steps None/None | episodes 100/None || update (amount/limit): steps 10583.0/None
2026-09-20 07:04:18,597 - util.agent - DEBUG - exploration: steps=641985 >= step_limit=inf or episodes=4900 >= episode_limit=4900. Setting time limit for workers to finish to 180s
2026-09-20 07:07:18,823 - util.agent - WARNING - Restaring Agent worker_8 because of Timeout
2026-09-20 07:07:18,824 - util.agent - DEBUG - Restarting Agent with task=None, step_limit=None and episode_limit=None.
2026-09-20 07:07:59,408 - step_logger_train_123662672674384 - INFO - === BenchEnv5 initialized (mode=train, visualisation=False) ===
2026-09-20 07:08:40,086 - util.agent - INFO - update / exploration: 560.4/525.4 s |  18.9/ 19.3 steps/s | 10583/ 10117 steps, 100 episodes | 634188/ 644305 steps total,  4900 episodes total
2026-09-20 07:08:40,133 - util.agent - INFO - NET_SYNC ok #49 fp=4b783d21eb6a update=634188
2026-09-20 07:08:41,852 - eve_rl.runner.runner - INFO - Saved policy snapshot at scheduled step 640000 (current=644305)
2026-09-20 07:08:41,853 - util.agent - DEBUG - explore (amount/limit): steps None/None | episodes 100/None || update (amount/limit): steps 10117.0/None
2026-09-20 07:13:55,563 - util.agent - DEBUG - exploration: steps=651753 >= step_limit=inf or episodes=5000 >= episode_limit=5000. Setting time limit for workers to finish to 180s
2026-09-20 07:16:56,060 - util.agent - WARNING - Restaring Agent worker_3 because of Timeout
2026-09-20 07:16:56,060 - util.agent - DEBUG - Restarting Agent with task=None, step_limit=None and episode_limit=None.
2026-09-20 07:17:13,251 - step_logger_train_123661404908368 - INFO - === BenchEnv5 initialized (mode=train, visualisation=False) ===
2026-09-20 07:17:19,724 - util.agent - WARNING - Restaring Agent worker_9 because of Timeout
2026-09-20 07:17:19,726 - util.agent - DEBUG - Restarting Agent with task=None, step_limit=None and episode_limit=None.
2026-09-20 07:17:36,192 - step_logger_train_123662174815760 - INFO - === BenchEnv5 initialized (mode=train, visualisation=False) ===
2026-09-20 07:18:00,449 - util.agent - INFO - update / exploration: 558.6/540.1 s |  18.1/ 20.2 steps/s | 10117/ 10927 steps, 100 episodes | 644305/ 655232 steps total,  5000 episodes total
2026-09-20 07:18:00,497 - util.agent - INFO - NET_SYNC ok #50 fp=d837d662dce0 update=644305
2026-09-20 07:18:02,209 - eve_rl.runner.runner - INFO - Saved policy snapshot at scheduled step 650000 (current=655232)
2026-09-20 07:18:02,209 - util.agent - DEBUG - explore (amount/limit): steps None/None | episodes 100/None || update (amount/limit): steps 10927.0/None
2026-09-20 07:22:29,495 - util.agent - DEBUG - exploration: steps=662672 >= step_limit=inf or episodes=5100 >= episode_limit=5100. Setting time limit for workers to finish to 180s
2026-09-20 07:25:29,911 - util.agent - WARNING - Restaring Agent worker_3 because of Timeout
2026-09-20 07:25:29,911 - util.agent - DEBUG - Restarting Agent with task=None, step_limit=None and episode_limit=None.
2026-09-20 07:25:46,536 - step_logger_train_123662174885584 - INFO - === BenchEnv5 initialized (mode=train, visualisation=False) ===
2026-09-20 07:27:19,014 - util.agent - INFO - update / exploration: 556.8/468.9 s |  19.6/ 19.8 steps/s | 10927/  9275 steps, 100 episodes | 655232/ 664507 steps total,  5100 episodes total
2026-09-20 07:27:19,061 - util.agent - INFO - NET_SYNC ok #51 fp=5a0ae6cba33d update=655232
2026-09-20 07:27:20,776 - eve_rl.runner.runner - INFO - Saved policy snapshot at scheduled step 660000 (current=664507)
2026-09-20 07:27:20,776 - util.agent - DEBUG - explore (amount/limit): steps None/None | episodes 100/None || update (amount/limit): steps 9275.0/None
2026-09-20 07:31:31,243 - util.agent - DEBUG - exploration: steps=671645 >= step_limit=inf or episodes=5200 >= episode_limit=5200. Setting time limit for workers to finish to 180s
2026-09-20 07:34:31,737 - util.agent - WARNING - Restaring Agent worker_15 because of Timeout
2026-09-20 07:34:31,737 - util.agent - DEBUG - Restarting Agent with task=None, step_limit=None and episode_limit=None.
2026-09-20 07:34:48,280 - step_logger_train_123661154009440 - INFO - === BenchEnv5 initialized (mode=train, visualisation=False) ===
2026-09-20 07:35:27,608 - util.agent - INFO - update / exploration: 486.9/452.4 s |  19.1/ 20.2 steps/s |  9275/  9140 steps, 100 episodes | 664507/ 673647 steps total,  5200 episodes total
2026-09-20 07:35:27,655 - util.agent - INFO - NET_SYNC ok #52 fp=349f4e0f74d4 update=664507
2026-09-20 07:35:29,359 - eve_rl.runner.runner - INFO - Saved policy snapshot at scheduled step 670000 (current=673647)
2026-09-20 07:35:29,360 - util.agent - DEBUG - explore (amount/limit): steps None/None | episodes 100/None || update (amount/limit): steps 9140.0/None
2026-09-20 07:40:09,321 - util.agent - DEBUG - exploration: steps=681685 >= step_limit=inf or episodes=5300 >= episode_limit=5300. Setting time limit for workers to finish to 180s
2026-09-20 07:43:09,687 - util.agent - WARNING - Restaring Agent worker_15 because of Timeout
2026-09-20 07:43:09,688 - util.agent - DEBUG - Restarting Agent with task=None, step_limit=None and episode_limit=None.
2026-09-20 07:43:49,321 - step_logger_train_123661154012272 - INFO - === BenchEnv5 initialized (mode=train, visualisation=False) ===
2026-09-20 07:43:53,875 - util.agent - INFO - update / exploration: 504.5/504.2 s |  18.1/ 18.6 steps/s |  9140/  9389 steps, 100 episodes | 673647/ 683036 steps total,  5300 episodes total
2026-09-20 07:43:53,931 - util.agent - INFO - NET_SYNC ok #53 fp=7ccbc43f590e update=673647
2026-09-20 07:43:55,725 - eve_rl.runner.runner - INFO - Saved policy snapshot at scheduled step 680000 (current=683036)
2026-09-20 07:43:55,726 - util.agent - DEBUG - explore (amount/limit): steps None/None | episodes 100/None || update (amount/limit): steps 9389.0/None
2026-09-20 07:48:29,371 - util.agent - DEBUG - exploration: steps=691031 >= step_limit=inf or episodes=5400 >= episode_limit=5400. Setting time limit for workers to finish to 180s
2026-09-20 07:51:29,510 - util.agent - WARNING - Restaring Agent worker_6 because of Timeout
2026-09-20 07:51:29,511 - util.agent - DEBUG - Restarting Agent with task=None, step_limit=None and episode_limit=None.
2026-09-20 07:51:46,149 - step_logger_train_123661245755984 - INFO - === BenchEnv5 initialized (mode=train, visualisation=False) ===
2026-09-20 07:51:52,252 - util.agent - WARNING - Restaring Agent worker_8 because of Timeout
2026-09-20 07:51:52,255 - util.agent - DEBUG - Restarting Agent with task=None, step_limit=None and episode_limit=None.
2026-09-20 07:52:08,886 - step_logger_train_123662174814800 - INFO - === BenchEnv5 initialized (mode=train, visualisation=False) ===
2026-09-20 07:52:19,868 - util.agent - INFO - update / exploration: 504.2/499.4 s |  18.6/ 18.5 steps/s |  9389/  9237 steps, 100 episodes | 683036/ 692273 steps total,  5400 episodes total
2026-09-20 07:52:19,919 - util.agent - INFO - NET_SYNC ok #54 fp=6f735bc8e523 update=683036
2026-09-20 07:52:21,635 - eve_rl.runner.runner - INFO - Saved policy snapshot at scheduled step 690000 (current=692273)
2026-09-20 07:52:21,636 - util.agent - DEBUG - explore (amount/limit): steps None/None | episodes 100/None || update (amount/limit): steps 9237.0/None
2026-09-20 07:57:28,963 - util.agent - DEBUG - exploration: steps=699769 >= step_limit=inf or episodes=5500 >= episode_limit=5500. Setting time limit for workers to finish to 180s
2026-09-20 08:00:29,567 - util.agent - WARNING - Restaring Agent worker_4 because of Timeout
2026-09-20 08:00:29,568 - util.agent - DEBUG - Restarting Agent with task=None, step_limit=None and episode_limit=None.
2026-09-20 08:00:46,807 - step_logger_train_123662175023008 - INFO - === BenchEnv5 initialized (mode=train, visualisation=False) ===
2026-09-20 08:00:53,807 - util.agent - WARNING - Restaring Agent worker_11 because of Timeout
2026-09-20 08:00:53,808 - util.agent - DEBUG - Restarting Agent with task=None, step_limit=None and episode_limit=None.
2026-09-20 08:01:05,293 - step_logger_train_123662174883648 - INFO - === BenchEnv5 initialized (mode=train, visualisation=False) ===
2026-09-20 08:01:09,538 - util.agent - WARNING - Restaring Agent worker_14 because of Timeout
2026-09-20 08:01:09,539 - util.agent - DEBUG - Restarting Agent with task=None, step_limit=None and episode_limit=None.
2026-09-20 08:01:20,565 - step_logger_train_123661403392272 - INFO - === BenchEnv5 initialized (mode=train, visualisation=False) ===
2026-09-20 08:01:24,869 - util.agent - INFO - update / exploration: 543.3/543.2 s |  17.0/ 20.3 steps/s |  9237/ 11043 steps, 100 episodes | 692273/ 703316 steps total,  5500 episodes total
2026-09-20 08:01:24,952 - util.agent - INFO - NET_SYNC ok #55 fp=efe0140b9cdb update=692273
2026-09-20 08:01:26,661 - eve_rl.runner.runner - INFO - Saved policy snapshot at scheduled step 700000 (current=703316)
2026-09-20 08:01:26,662 - util.agent - DEBUG - explore (amount/limit): steps None/None | episodes 100/None || update (amount/limit): steps 11043.0/None
2026-09-20 08:06:12,850 - util.agent - DEBUG - exploration: steps=710883 >= step_limit=inf or episodes=5600 >= episode_limit=5600. Setting time limit for workers to finish to 180s
2026-09-20 08:09:13,523 - util.agent - WARNING - Restaring Agent worker_0 because of Timeout
2026-09-20 08:09:13,524 - util.agent - DEBUG - Restarting Agent with task=None, step_limit=None and episode_limit=None.
2026-09-20 08:09:30,976 - step_logger_train_123662174961088 - INFO - === BenchEnv5 initialized (mode=train, visualisation=False) ===
2026-09-20 08:09:37,236 - util.agent - WARNING - Restaring Agent worker_8 because of Timeout
2026-09-20 08:09:37,237 - util.agent - DEBUG - Restarting Agent with task=None, step_limit=None and episode_limit=None.
2026-09-20 08:09:58,700 - step_logger_train_123661106221264 - INFO - === BenchEnv5 initialized (mode=train, visualisation=False) ===
2026-09-20 08:10:03,464 - util.agent - WARNING - Restaring Agent worker_15 because of Timeout
2026-09-20 08:10:03,467 - util.agent - DEBUG - Restarting Agent with task=None, step_limit=None and episode_limit=None.
2026-09-20 08:10:36,036 - step_logger_train_123662174946592 - INFO - === BenchEnv5 initialized (mode=train, visualisation=False) ===
2026-09-20 08:11:07,092 - util.agent - INFO - update / exploration: 580.5/554.8 s |  19.0/ 18.4 steps/s | 11043/ 10230 steps, 100 episodes | 703316/ 713546 steps total,  5600 episodes total
2026-09-20 08:11:07,138 - util.agent - INFO - NET_SYNC ok #56 fp=0149835f65b6 update=703316
2026-09-20 08:11:08,857 - eve_rl.runner.runner - INFO - Saved policy snapshot at scheduled step 710000 (current=713546)
2026-09-20 08:11:08,857 - util.agent - DEBUG - explore (amount/limit): steps None/None | episodes 100/None || update (amount/limit): steps 10230.0/None
2026-09-20 08:16:03,551 - util.agent - DEBUG - exploration: steps=720987 >= step_limit=inf or episodes=5700 >= episode_limit=5700. Setting time limit for workers to finish to 180s
2026-09-20 08:19:04,080 - util.agent - WARNING - Restaring Agent worker_4 because of Timeout
2026-09-20 08:19:04,081 - util.agent - DEBUG - Restarting Agent with task=None, step_limit=None and episode_limit=None.
2026-09-20 08:19:20,962 - step_logger_train_123662176787760 - INFO - === BenchEnv5 initialized (mode=train, visualisation=False) ===
2026-09-20 08:19:25,681 - util.agent - WARNING - Restaring Agent worker_6 because of Timeout
2026-09-20 08:19:25,682 - util.agent - DEBUG - Restarting Agent with task=None, step_limit=None and episode_limit=None.
2026-09-20 08:19:37,837 - step_logger_train_123662174817200 - INFO - === BenchEnv5 initialized (mode=train, visualisation=False) ===
2026-09-20 08:19:43,964 - util.agent - WARNING - Restaring Agent worker_12 because of Timeout
2026-09-20 08:19:43,965 - util.agent - DEBUG - Restarting Agent with task=None, step_limit=None and episode_limit=None.
2026-09-20 08:19:56,711 - step_logger_train_123661292303072 - INFO - === BenchEnv5 initialized (mode=train, visualisation=False) ===
2026-09-20 08:20:19,395 - util.agent - INFO - update / exploration: 550.6/532.8 s |  18.6/ 20.8 steps/s | 10230/ 11101 steps, 100 episodes | 713546/ 724647 steps total,  5700 episodes total
2026-09-20 08:20:19,445 - util.agent - INFO - NET_SYNC ok #57 fp=c79d43498551 update=713546
2026-09-20 08:20:21,158 - eve_rl.runner.runner - INFO - Saved policy snapshot at scheduled step 720000 (current=724647)
2026-09-20 08:20:21,159 - util.agent - DEBUG - explore (amount/limit): steps None/None | episodes 100/None || update (amount/limit): steps 11101.0/None
2026-09-20 08:24:42,137 - util.agent - DEBUG - exploration: steps=731889 >= step_limit=inf or episodes=5800 >= episode_limit=5800. Setting time limit for workers to finish to 180s
2026-09-20 08:27:42,265 - util.agent - WARNING - Restaring Agent worker_7 because of Timeout
2026-09-20 08:27:42,266 - util.agent - DEBUG - Restarting Agent with task=None, step_limit=None and episode_limit=None.
2026-09-20 08:27:58,947 - step_logger_train_123660027562112 - INFO - === BenchEnv5 initialized (mode=train, visualisation=False) ===
2026-09-20 08:29:47,558 - util.agent - INFO - update / exploration: 566.4/463.5 s |  19.6/ 21.0 steps/s | 11101/  9754 steps, 100 episodes | 724647/ 734401 steps total,  5800 episodes total
2026-09-20 08:29:47,606 - util.agent - INFO - NET_SYNC ok #58 fp=a755ed988df6 update=724647
2026-09-20 08:29:49,319 - eve_rl.runner.runner - INFO - Saved policy snapshot at scheduled step 730000 (current=734401)
2026-09-20 08:29:49,320 - util.agent - DEBUG - explore (amount/limit): steps None/None | episodes 100/None || update (amount/limit): steps 9754.0/None
2026-09-20 08:34:31,431 - util.agent - DEBUG - exploration: steps=742319 >= step_limit=inf or episodes=5900 >= episode_limit=5900. Setting time limit for workers to finish to 180s
2026-09-20 08:37:31,971 - util.agent - WARNING - Restaring Agent worker_6 because of Timeout
2026-09-20 08:37:31,972 - util.agent - DEBUG - Restarting Agent with task=None, step_limit=None and episode_limit=None.
2026-09-20 08:37:49,044 - step_logger_train_123661256057568 - INFO - === BenchEnv5 initialized (mode=train, visualisation=False) ===
2026-09-20 08:37:55,079 - util.agent - WARNING - Restaring Agent worker_10 because of Timeout
2026-09-20 08:37:55,080 - util.agent - DEBUG - Restarting Agent with task=None, step_limit=None and episode_limit=None.
2026-09-20 08:38:11,493 - step_logger_train_123662174814368 - INFO - === BenchEnv5 initialized (mode=train, visualisation=False) ===
2026-09-20 08:38:33,849 - util.agent - INFO - update / exploration: 524.6/507.0 s |  18.6/ 19.3 steps/s |  9754/  9773 steps, 100 episodes | 734401/ 744174 steps total,  5900 episodes total
2026-09-20 08:38:33,899 - util.agent - INFO - NET_SYNC ok #59 fp=ed421ded6b49 update=734401
2026-09-20 08:38:35,621 - eve_rl.runner.runner - INFO - Saved policy snapshot at scheduled step 740000 (current=744174)
2026-09-20 08:38:35,621 - util.agent - DEBUG - explore (amount/limit): steps None/None | episodes 100/None || update (amount/limit): steps 9773.0/None
2026-09-20 08:43:00,838 - util.agent - DEBUG - exploration: steps=751622 >= step_limit=inf or episodes=6000 >= episode_limit=6000. Setting time limit for workers to finish to 180s
2026-09-20 08:46:00,923 - util.agent - WARNING - Restaring Agent worker_1 because of Timeout
2026-09-20 08:46:00,924 - util.agent - DEBUG - Restarting Agent with task=None, step_limit=None and episode_limit=None.
2026-09-20 08:46:17,547 - step_logger_train_123660027614592 - INFO - === BenchEnv5 initialized (mode=train, visualisation=False) ===
2026-09-20 08:47:10,740 - util.agent - INFO - update / exploration: 515.1/467.3 s |  19.0/ 20.9 steps/s |  9773/  9783 steps, 100 episodes | 744174/ 753957 steps total,  6000 episodes total
2026-09-20 08:47:10,788 - util.agent - INFO - NET_SYNC ok #60 fp=fd592a22cb2f update=744174
2026-09-20 08:47:12,507 - eve_rl.runner.runner - INFO - Saved policy snapshot at scheduled step 750000 (current=753957)
2026-09-20 08:47:12,543 - util.agent - DEBUG - evaluate (amount/limit): steps None/None | episodes None/None | len(seeds)=98/options=None
2026-09-20 09:00:57,681 - util.agent - INFO - evaluation :  825.2s |  13.0 steps/s |   10715 steps /   98 episodes | Total:    95474 steps /   391 episodes
2026-09-20 09:00:58,172 - eve_rl.runner.runner - INFO - Quality: 0.9387755102040817, Reward: 5.40762065557821, Exploration steps: 753957
2026-09-20 09:01:02,483 - eve_rl.runner.runner - INFO - Saved replay buffer incrementally (+252465 new transitions) at eval #4
2026-09-20 09:01:02,484 - util.agent - DEBUG - explore (amount/limit): steps None/None | episodes 100/None || update (amount/limit): steps 9783.0/None
2026-09-20 09:05:23,471 - util.agent - DEBUG - exploration: steps=761139 >= step_limit=inf or episodes=6100 >= episode_limit=6100. Setting time limit for workers to finish to 180s
2026-09-20 09:10:13,625 - util.agent - INFO - update / exploration: 551.2/407.5 s |  17.7/ 23.5 steps/s |  9783/  9559 steps, 100 episodes | 753957/ 763516 steps total,  6100 episodes total
2026-09-20 09:10:13,693 - util.agent - INFO - NET_SYNC ok #61 fp=c53ddb6f5482 update=753957
2026-09-20 09:10:15,479 - eve_rl.runner.runner - INFO - Saved policy snapshot at scheduled step 760000 (current=763516)
2026-09-20 09:10:15,480 - util.agent - DEBUG - explore (amount/limit): steps None/None | episodes 100/None || update (amount/limit): steps 9559.0/None
2026-09-20 09:15:48,280 - util.agent - DEBUG - exploration: steps=770925 >= step_limit=inf or episodes=6200 >= episode_limit=6200. Setting time limit for workers to finish to 180s
2026-09-20 09:18:48,492 - util.agent - WARNING - Restaring Agent worker_15 because of Timeout
2026-09-20 09:18:48,493 - util.agent - DEBUG - Restarting Agent with task=None, step_limit=None and episode_limit=None.
2026-09-20 09:19:35,089 - step_logger_train_123662176504224 - INFO - === BenchEnv5 initialized (mode=train, visualisation=False) ===
2026-09-20 09:19:57,299 - util.agent - INFO - update / exploration: 581.8/581.8 s |  16.4/ 19.6 steps/s |  9559/ 11381 steps, 100 episodes | 763516/ 774897 steps total,  6200 episodes total
2026-09-20 09:19:57,349 - util.agent - INFO - NET_SYNC ok #62 fp=1abba614c45f update=763516
2026-09-20 09:19:59,061 - eve_rl.runner.runner - INFO - Saved policy snapshot at scheduled step 770000 (current=774897)
2026-09-20 09:19:59,062 - util.agent - DEBUG - explore (amount/limit): steps None/None | episodes 100/None || update (amount/limit): steps 11381.0/None
2026-09-20 09:24:30,646 - util.agent - DEBUG - exploration: steps=782180 >= step_limit=inf or episodes=6300 >= episode_limit=6300. Setting time limit for workers to finish to 180s
2026-09-20 09:27:30,926 - util.agent - WARNING - Restaring Agent worker_6 because of Timeout
2026-09-20 09:27:30,927 - util.agent - DEBUG - Restarting Agent with task=None, step_limit=None and episode_limit=None.
2026-09-20 09:27:47,794 - step_logger_train_123662174814656 - INFO - === BenchEnv5 initialized (mode=train, visualisation=False) ===
2026-09-20 09:29:38,048 - util.agent - INFO - update / exploration: 579.0/474.7 s |  19.7/ 20.5 steps/s | 11381/  9709 steps, 100 episodes | 774897/ 784606 steps total,  6300 episodes total
2026-09-20 09:29:38,096 - util.agent - INFO - NET_SYNC ok #63 fp=acdff107f600 update=774897
2026-09-20 09:29:39,806 - eve_rl.runner.runner - INFO - Saved policy snapshot at scheduled step 780000 (current=784606)
2026-09-20 09:29:39,807 - util.agent - DEBUG - explore (amount/limit): steps None/None | episodes 100/None || update (amount/limit): steps 9709.0/None
2026-09-20 09:34:53,473 - util.agent - DEBUG - exploration: steps=792139 >= step_limit=inf or episodes=6400 >= episode_limit=6400. Setting time limit for workers to finish to 180s
2026-09-20 09:37:54,019 - util.agent - WARNING - Restaring Agent worker_9 because of Timeout
2026-09-20 09:37:54,020 - util.agent - DEBUG - Restarting Agent with task=None, step_limit=None and episode_limit=None.
2026-09-20 09:38:15,524 - step_logger_train_123662174964032 - INFO - === BenchEnv5 initialized (mode=train, visualisation=False) ===
2026-09-20 09:38:37,575 - util.agent - INFO - update / exploration: 537.8/523.8 s |  18.1/ 19.6 steps/s |  9709/ 10273 steps, 100 episodes | 784606/ 794879 steps total,  6400 episodes total
2026-09-20 09:38:37,625 - util.agent - INFO - NET_SYNC ok #64 fp=f659c8396856 update=784606
2026-09-20 09:38:39,347 - eve_rl.runner.runner - INFO - Saved policy snapshot at scheduled step 790000 (current=794879)
2026-09-20 09:38:39,347 - util.agent - DEBUG - explore (amount/limit): steps None/None | episodes 100/None || update (amount/limit): steps 10273.0/None
2026-09-20 09:43:34,095 - util.agent - DEBUG - exploration: steps=802851 >= step_limit=inf or episodes=6500 >= episode_limit=6500. Setting time limit for workers to finish to 180s
2026-09-20 09:46:34,542 - util.agent - WARNING - Restaring Agent worker_10 because of Timeout
2026-09-20 09:46:34,543 - util.agent - DEBUG - Restarting Agent with task=None, step_limit=None and episode_limit=None.
2026-09-20 09:46:51,362 - step_logger_train_123662175008368 - INFO - === BenchEnv5 initialized (mode=train, visualisation=False) ===
2026-09-20 09:47:48,165 - util.agent - INFO - update / exploration: 548.8/498.0 s |  18.7/ 21.0 steps/s | 10273/ 10463 steps, 100 episodes | 794879/ 805342 steps total,  6500 episodes total
2026-09-20 09:47:48,211 - util.agent - INFO - NET_SYNC ok #65 fp=15a0a8e5668b update=794879
2026-09-20 09:47:49,921 - eve_rl.runner.runner - INFO - Saved policy snapshot at scheduled step 800000 (current=805342)
2026-09-20 09:47:49,922 - util.agent - DEBUG - explore (amount/limit): steps None/None | episodes 100/None || update (amount/limit): steps 10463.0/None
2026-09-20 09:53:16,230 - util.agent - DEBUG - exploration: steps=813062 >= step_limit=inf or episodes=6600 >= episode_limit=6600. Setting time limit for workers to finish to 180s
2026-09-20 09:56:16,879 - util.agent - WARNING - Restaring Agent worker_0 because of Timeout
2026-09-20 09:56:16,880 - util.agent - DEBUG - Restarting Agent with task=None, step_limit=None and episode_limit=None.
2026-09-20 09:56:59,863 - step_logger_train_123665933673568 - INFO - === BenchEnv5 initialized (mode=train, visualisation=False) ===
2026-09-20 09:57:05,825 - util.agent - WARNING - Restaring Agent worker_5 because of Timeout
2026-09-20 09:57:05,826 - util.agent - DEBUG - Restarting Agent with task=None, step_limit=None and episode_limit=None.
2026-09-20 09:57:22,857 - step_logger_train_123662174818208 - INFO - === BenchEnv5 initialized (mode=train, visualisation=False) ===
2026-09-20 09:57:33,389 - util.agent - INFO - update / exploration: 583.5/578.4 s |  17.9/ 19.6 steps/s | 10463/ 11338 steps, 100 episodes | 805342/ 816680 steps total,  6600 episodes total
2026-09-20 09:57:33,445 - util.agent - INFO - NET_SYNC ok #66 fp=258fb1662b48 update=805342
2026-09-20 09:57:35,234 - eve_rl.runner.runner - INFO - Saved policy snapshot at scheduled step 810000 (current=816680)
2026-09-20 09:57:35,235 - util.agent - DEBUG - explore (amount/limit): steps None/None | episodes 100/None || update (amount/limit): steps 11338.0/None
2026-09-20 10:02:46,884 - util.agent - DEBUG - exploration: steps=824465 >= step_limit=inf or episodes=6700 >= episode_limit=6700. Setting time limit for workers to finish to 180s
2026-09-20 10:05:47,227 - util.agent - WARNING - Restaring Agent worker_13 because of Timeout
2026-09-20 10:05:47,227 - util.agent - DEBUG - Restarting Agent with task=None, step_limit=None and episode_limit=None.
2026-09-20 10:06:03,516 - step_logger_train_123661274622416 - INFO - === BenchEnv5 initialized (mode=train, visualisation=False) ===
2026-09-20 10:07:42,087 - util.agent - INFO - update / exploration: 606.9/514.1 s |  18.7/ 19.7 steps/s | 11338/ 10151 steps, 100 episodes | 816680/ 826831 steps total,  6700 episodes total
2026-09-20 10:07:42,137 - util.agent - INFO - NET_SYNC ok #67 fp=1ef5c9eabf66 update=816680
2026-09-20 10:07:43,856 - eve_rl.runner.runner - INFO - Saved policy snapshot at scheduled step 820000 (current=826831)
2026-09-20 10:07:43,856 - util.agent - DEBUG - explore (amount/limit): steps None/None | episodes 100/None || update (amount/limit): steps 10151.0/None
2026-09-20 10:12:25,844 - util.agent - DEBUG - exploration: steps=834220 >= step_limit=inf or episodes=6800 >= episode_limit=6800. Setting time limit for workers to finish to 180s
2026-09-20 10:15:26,169 - util.agent - WARNING - Restaring Agent worker_0 because of Timeout
2026-09-20 10:15:26,170 - util.agent - DEBUG - Restarting Agent with task=None, step_limit=None and episode_limit=None.
2026-09-20 10:15:43,382 - step_logger_train_123665801570672 - INFO - === BenchEnv5 initialized (mode=train, visualisation=False) ===
2026-09-20 10:15:48,771 - util.agent - WARNING - Restaring Agent worker_4 because of Timeout
2026-09-20 10:15:48,772 - util.agent - DEBUG - Restarting Agent with task=None, step_limit=None and episode_limit=None.
2026-09-20 10:16:06,087 - step_logger_train_123665934727488 - INFO - === BenchEnv5 initialized (mode=train, visualisation=False) ===
2026-09-20 10:16:13,838 - util.agent - WARNING - Restaring Agent worker_12 because of Timeout
2026-09-20 10:16:13,839 - util.agent - DEBUG - Restarting Agent with task=None, step_limit=None and episode_limit=None.
2026-09-20 10:16:30,182 - step_logger_train_123662174815184 - INFO - === BenchEnv5 initialized (mode=train, visualisation=False) ===
2026-09-20 10:16:50,467 - util.agent - INFO - update / exploration: 546.6/532.0 s |  18.6/ 17.2 steps/s | 10151/  9139 steps, 100 episodes | 826831/ 835970 steps total,  6800 episodes total
2026-09-20 10:16:50,515 - util.agent - INFO - NET_SYNC ok #68 fp=6be1df92c098 update=826831
2026-09-20 10:16:52,227 - eve_rl.runner.runner - INFO - Saved policy snapshot at scheduled step 830000 (current=835970)
2026-09-20 10:16:52,228 - util.agent - DEBUG - explore (amount/limit): steps None/None | episodes 100/None || update (amount/limit): steps 9139.0/None
2026-09-20 10:20:49,975 - util.agent - DEBUG - exploration: steps=842898 >= step_limit=inf or episodes=6900 >= episode_limit=6900. Setting time limit for workers to finish to 180s
2026-09-20 10:23:50,228 - util.agent - WARNING - Restaring Agent worker_11 because of Timeout
2026-09-20 10:23:50,229 - util.agent - DEBUG - Restarting Agent with task=None, step_limit=None and episode_limit=None.
2026-09-20 10:24:06,723 - step_logger_train_123665937146448 - INFO - === BenchEnv5 initialized (mode=train, visualisation=False) ===
2026-09-20 10:24:45,760 - util.agent - INFO - update / exploration: 473.6/439.8 s |  19.3/ 19.1 steps/s |  9139/  8407 steps, 100 episodes | 835970/ 844377 steps total,  6900 episodes total
2026-09-20 10:24:45,811 - util.agent - INFO - NET_SYNC ok #69 fp=f8041e7d1e4e update=835970
2026-09-20 10:24:47,526 - eve_rl.runner.runner - INFO - Saved policy snapshot at scheduled step 840000 (current=844377)
2026-09-20 10:24:47,527 - util.agent - DEBUG - explore (amount/limit): steps None/None | episodes 100/None || update (amount/limit): steps 8407.0/None
2026-09-20 10:30:37,027 - util.agent - DEBUG - exploration: steps=852359 >= step_limit=inf or episodes=7000 >= episode_limit=7000. Setting time limit for workers to finish to 180s
2026-09-20 10:33:37,244 - util.agent - WARNING - Restaring Agent worker_1 because of Timeout
2026-09-20 10:33:37,245 - util.agent - DEBUG - Restarting Agent with task=None, step_limit=None and episode_limit=None.
2026-09-20 10:34:17,311 - step_logger_train_123661382385232 - INFO - === BenchEnv5 initialized (mode=train, visualisation=False) ===
2026-09-20 10:34:21,957 - util.agent - WARNING - Restaring Agent worker_4 because of Timeout
2026-09-20 10:34:21,959 - util.agent - DEBUG - Restarting Agent with task=None, step_limit=None and episode_limit=None.
2026-09-20 10:34:36,021 - step_logger_train_123662285754480 - INFO - === BenchEnv5 initialized (mode=train, visualisation=False) ===
2026-09-20 10:34:40,437 - util.agent - WARNING - Restaring Agent worker_9 because of Timeout
2026-09-20 10:34:40,440 - util.agent - DEBUG - Restarting Agent with task=None, step_limit=None and episode_limit=None.
2026-09-20 10:34:51,352 - step_logger_train_123660029583168 - INFO - === BenchEnv5 initialized (mode=train, visualisation=False) ===
2026-09-20 10:34:55,720 - util.agent - INFO - update / exploration: 498.1/608.2 s |  16.9/ 20.2 steps/s |  8407/ 12292 steps, 100 episodes | 844377/ 856669 steps total,  7000 episodes total
2026-09-20 10:34:55,777 - util.agent - INFO - NET_SYNC ok #70 fp=9fd61a160bf6 update=844377
2026-09-20 10:34:57,571 - eve_rl.runner.runner - INFO - Saved policy snapshot at scheduled step 850000 (current=856669)
2026-09-20 10:34:57,572 - util.agent - DEBUG - explore (amount/limit): steps None/None | episodes 100/None || update (amount/limit): steps 12292.0/None
2026-09-20 10:39:20,683 - util.agent - DEBUG - exploration: steps=864345 >= step_limit=inf or episodes=7100 >= episode_limit=7100. Setting time limit for workers to finish to 180s
2026-09-20 10:45:05,269 - util.agent - INFO - update / exploration: 607.7/439.5 s |  20.2/ 22.7 steps/s | 12292/  9958 steps, 100 episodes | 856669/ 866627 steps total,  7100 episodes total
2026-09-20 10:45:05,317 - util.agent - INFO - NET_SYNC ok #71 fp=4b4e61194c4c update=856669
2026-09-20 10:45:07,037 - eve_rl.runner.runner - INFO - Saved policy snapshot at scheduled step 860000 (current=866627)
2026-09-20 10:45:07,038 - util.agent - DEBUG - explore (amount/limit): steps None/None | episodes 100/None || update (amount/limit): steps 9958.0/None
2026-09-20 10:49:02,700 - util.agent - DEBUG - exploration: steps=873471 >= step_limit=inf or episodes=7200 >= episode_limit=7200. Setting time limit for workers to finish to 180s
2026-09-20 10:52:02,723 - util.agent - WARNING - Restaring Agent worker_11 because of Timeout
2026-09-20 10:52:02,724 - util.agent - DEBUG - Restarting Agent with task=None, step_limit=None and episode_limit=None.
2026-09-20 10:52:45,742 - step_logger_train_123661370156224 - INFO - === BenchEnv5 initialized (mode=train, visualisation=False) ===
2026-09-20 10:53:33,566 - util.agent - INFO - update / exploration: 506.6/463.6 s |  19.7/ 18.2 steps/s |  9958/  8434 steps, 100 episodes | 866627/ 875061 steps total,  7200 episodes total
2026-09-20 10:53:33,615 - util.agent - INFO - NET_SYNC ok #72 fp=9e661d239e72 update=866627
2026-09-20 10:53:35,334 - eve_rl.runner.runner - INFO - Saved policy snapshot at scheduled step 870000 (current=875061)
2026-09-20 10:53:35,334 - util.agent - DEBUG - explore (amount/limit): steps None/None | episodes 100/None || update (amount/limit): steps 8434.0/None
2026-09-20 10:58:17,376 - util.agent - DEBUG - exploration: steps=882414 >= step_limit=inf or episodes=7300 >= episode_limit=7300. Setting time limit for workers to finish to 180s
2026-09-20 11:01:17,502 - util.agent - WARNING - Restaring Agent worker_4 because of Timeout
2026-09-20 11:01:17,503 - util.agent - DEBUG - Restarting Agent with task=None, step_limit=None and episode_limit=None.
2026-09-20 11:01:58,080 - step_logger_train_123665807565344 - INFO - === BenchEnv5 initialized (mode=train, visualisation=False) ===
2026-09-20 11:02:02,628 - util.agent - WARNING - Restaring Agent worker_11 because of Timeout
2026-09-20 11:02:02,630 - util.agent - DEBUG - Restarting Agent with task=None, step_limit=None and episode_limit=None.
2026-09-20 11:02:17,757 - step_logger_train_123660027560384 - INFO - === BenchEnv5 initialized (mode=train, visualisation=False) ===
2026-09-20 11:02:22,192 - util.agent - WARNING - Restaring Agent worker_14 because of Timeout
2026-09-20 11:02:22,193 - util.agent - DEBUG - Restarting Agent with task=None, step_limit=None and episode_limit=None.
2026-09-20 11:02:33,829 - step_logger_train_123659425386256 - INFO - === BenchEnv5 initialized (mode=train, visualisation=False) ===
2026-09-20 11:02:38,357 - util.agent - INFO - update / exploration: 543.1/543.0 s |  15.5/ 19.3 steps/s |  8434/ 10505 steps, 100 episodes | 875061/ 885566 steps total,  7300 episodes total
2026-09-20 11:02:38,423 - util.agent - INFO - NET_SYNC ok #73 fp=e159d01546d6 update=875061
2026-09-20 11:02:40,145 - eve_rl.runner.runner - INFO - Saved policy snapshot at scheduled step 880000 (current=885566)
2026-09-20 11:02:40,145 - util.agent - DEBUG - explore (amount/limit): steps None/None | episodes 100/None || update (amount/limit): steps 10505.0/None
2026-09-20 11:07:24,370 - util.agent - DEBUG - exploration: steps=893495 >= step_limit=inf or episodes=7400 >= episode_limit=7400. Setting time limit for workers to finish to 180s
2026-09-20 11:11:36,552 - util.agent - INFO - update / exploration: 536.4/341.4 s |  19.6/ 28.8 steps/s | 10505/  9830 steps, 100 episodes | 885566/ 895396 steps total,  7400 episodes total
2026-09-20 11:11:36,601 - util.agent - INFO - NET_SYNC ok #74 fp=f1fc068377c0 update=885566
2026-09-20 11:11:38,310 - eve_rl.runner.runner - INFO - Saved policy snapshot at scheduled step 890000 (current=895396)
2026-09-20 11:11:38,311 - util.agent - DEBUG - explore (amount/limit): steps None/None | episodes 100/None || update (amount/limit): steps 9830.0/None
2026-09-20 11:15:52,946 - util.agent - DEBUG - exploration: steps=902439 >= step_limit=inf or episodes=7500 >= episode_limit=7500. Setting time limit for workers to finish to 180s
2026-09-20 11:18:52,956 - util.agent - WARNING - Restaring Agent worker_7 because of Timeout
2026-09-20 11:18:52,956 - util.agent - DEBUG - Restarting Agent with task=None, step_limit=None and episode_limit=None.
2026-09-20 11:19:09,750 - step_logger_train_123662174958064 - INFO - === BenchEnv5 initialized (mode=train, visualisation=False) ===
2026-09-20 11:20:08,942 - util.agent - INFO - update / exploration: 510.7/458.6 s |  19.2/ 19.9 steps/s |  9830/  9144 steps, 100 episodes | 895396/ 904540 steps total,  7500 episodes total
2026-09-20 11:20:08,992 - util.agent - INFO - NET_SYNC ok #75 fp=08503dd10f69 update=895396
2026-09-20 11:20:10,710 - eve_rl.runner.runner - INFO - Saved policy snapshot at scheduled step 900000 (current=904540)
2026-09-20 11:20:10,711 - util.agent - DEBUG - explore (amount/limit): steps None/None | episodes 100/None || update (amount/limit): steps 9144.0/None
2026-09-20 11:24:54,877 - util.agent - DEBUG - exploration: steps=911967 >= step_limit=inf or episodes=7600 >= episode_limit=7600. Setting time limit for workers to finish to 180s
2026-09-20 11:27:55,315 - util.agent - WARNING - Restaring Agent worker_11 because of Timeout
2026-09-20 11:27:55,316 - util.agent - DEBUG - Restarting Agent with task=None, step_limit=None and episode_limit=None.
2026-09-20 11:28:11,930 - step_logger_train_123660027780832 - INFO - === BenchEnv5 initialized (mode=train, visualisation=False) ===
2026-09-20 11:28:36,496 - util.agent - INFO - update / exploration: 505.8/487.0 s |  18.1/ 20.9 steps/s |  9144/ 10158 steps, 100 episodes | 904540/ 914698 steps total,  7600 episodes total
2026-09-20 11:28:36,544 - util.agent - INFO - NET_SYNC ok #76 fp=7d03da2a29dc update=904540
2026-09-20 11:28:38,254 - eve_rl.runner.runner - INFO - Saved policy snapshot at scheduled step 910000 (current=914698)
2026-09-20 11:28:38,254 - util.agent - DEBUG - explore (amount/limit): steps None/None | episodes 100/None || update (amount/limit): steps 10158.0/None
2026-09-20 11:33:14,004 - util.agent - DEBUG - exploration: steps=922256 >= step_limit=inf or episodes=7700 >= episode_limit=7700. Setting time limit for workers to finish to 180s
2026-09-20 11:36:14,316 - util.agent - WARNING - Restaring Agent worker_10 because of Timeout
2026-09-20 11:36:14,317 - util.agent - DEBUG - Restarting Agent with task=None, step_limit=None and episode_limit=None.
2026-09-20 11:36:31,065 - step_logger_train_123665934957728 - INFO - === BenchEnv5 initialized (mode=train, visualisation=False) ===
2026-09-20 11:37:30,591 - util.agent - INFO - update / exploration: 532.4/478.4 s |  19.1/ 20.2 steps/s | 10158/  9671 steps, 100 episodes | 914698/ 924369 steps total,  7700 episodes total
2026-09-20 11:37:30,649 - util.agent - INFO - NET_SYNC ok #77 fp=fa728ed3b106 update=914698
2026-09-20 11:37:32,377 - eve_rl.runner.runner - INFO - Saved policy snapshot at scheduled step 920000 (current=924369)
2026-09-20 11:37:32,377 - util.agent - DEBUG - explore (amount/limit): steps None/None | episodes 100/None || update (amount/limit): steps 9671.0/None
2026-09-20 11:42:41,809 - util.agent - DEBUG - exploration: steps=932425 >= step_limit=inf or episodes=7800 >= episode_limit=7800. Setting time limit for workers to finish to 180s
2026-09-20 11:46:16,437 - util.agent - INFO - update / exploration: 524.1/456.2 s |  18.5/ 23.7 steps/s |  9671/ 10814 steps, 100 episodes | 924369/ 935183 steps total,  7800 episodes total
2026-09-20 11:46:16,485 - util.agent - INFO - NET_SYNC ok #78 fp=7161d35d6657 update=924369
2026-09-20 11:46:18,207 - eve_rl.runner.runner - INFO - Saved policy snapshot at scheduled step 930000 (current=935183)
2026-09-20 11:46:18,208 - util.agent - DEBUG - explore (amount/limit): steps None/None | episodes 100/None || update (amount/limit): steps 10814.0/None
2026-09-20 11:51:08,742 - util.agent - DEBUG - exploration: steps=943219 >= step_limit=inf or episodes=7900 >= episode_limit=7900. Setting time limit for workers to finish to 180s
2026-09-20 11:54:09,103 - util.agent - WARNING - Restaring Agent worker_8 because of Timeout
2026-09-20 11:54:09,104 - util.agent - DEBUG - Restarting Agent with task=None, step_limit=None and episode_limit=None.
2026-09-20 11:54:53,082 - step_logger_train_123662174815904 - INFO - === BenchEnv5 initialized (mode=train, visualisation=False) ===
2026-09-20 11:54:59,052 - util.agent - WARNING - Restaring Agent worker_13 because of Timeout
2026-09-20 11:54:59,052 - util.agent - DEBUG - Restarting Agent with task=None, step_limit=None and episode_limit=None.
2026-09-20 11:55:15,424 - step_logger_train_123661272467728 - INFO - === BenchEnv5 initialized (mode=train, visualisation=False) ===
2026-09-20 11:55:45,410 - util.agent - INFO - update / exploration: 567.2/543.6 s |  19.1/ 17.3 steps/s | 10814/  9415 steps, 100 episodes | 935183/ 944598 steps total,  7900 episodes total
2026-09-20 11:55:45,460 - util.agent - INFO - NET_SYNC ok #79 fp=5dcfc37f7779 update=935183
2026-09-20 11:55:47,182 - eve_rl.runner.runner - INFO - Saved policy snapshot at scheduled step 940000 (current=944598)
2026-09-20 11:55:47,182 - util.agent - DEBUG - explore (amount/limit): steps None/None | episodes 100/None || update (amount/limit): steps 9415.0/None
2026-09-20 12:00:08,160 - util.agent - DEBUG - exploration: steps=951789 >= step_limit=inf or episodes=8000 >= episode_limit=8000. Setting time limit for workers to finish to 180s
2026-09-20 12:03:08,464 - util.agent - WARNING - Restaring Agent worker_6 because of Timeout
2026-09-20 12:03:08,465 - util.agent - DEBUG - Restarting Agent with task=None, step_limit=None and episode_limit=None.
2026-09-20 12:03:25,412 - step_logger_train_123662174881440 - INFO - === BenchEnv5 initialized (mode=train, visualisation=False) ===
2026-09-20 12:03:30,995 - util.agent - WARNING - Restaring Agent worker_15 because of Timeout
2026-09-20 12:03:30,996 - util.agent - DEBUG - Restarting Agent with task=None, step_limit=None and episode_limit=None.
2026-09-20 12:03:47,305 - step_logger_train_123661411545584 - INFO - === BenchEnv5 initialized (mode=train, visualisation=False) ===
2026-09-20 12:04:08,326 - util.agent - INFO - update / exploration: 501.2/485.0 s |  18.8/ 18.8 steps/s |  9415/  9121 steps, 100 episodes | 944598/ 953719 steps total,  8000 episodes total
2026-09-20 12:04:08,375 - util.agent - INFO - NET_SYNC ok #80 fp=79a7116c66fd update=944598
2026-09-20 12:04:10,087 - eve_rl.runner.runner - INFO - Saved policy snapshot at scheduled step 950000 (current=953719)
2026-09-20 12:04:10,088 - util.agent - DEBUG - explore (amount/limit): steps None/None | episodes 100/None || update (amount/limit): steps 9121.0/None
2026-09-20 12:09:36,505 - util.agent - DEBUG - exploration: steps=962157 >= step_limit=inf or episodes=8100 >= episode_limit=8100. Setting time limit for workers to finish to 180s
2026-09-20 12:12:33,924 - util.agent - INFO - update / exploration: 503.9/405.1 s |  18.1/ 27.8 steps/s |  9121/ 11270 steps, 100 episodes | 953719/ 964989 steps total,  8100 episodes total
2026-09-20 12:12:33,971 - util.agent - INFO - NET_SYNC ok #81 fp=7f2c47ea078d update=953719
2026-09-20 12:12:35,682 - eve_rl.runner.runner - INFO - Saved policy snapshot at scheduled step 960000 (current=964989)
2026-09-20 12:12:35,683 - util.agent - DEBUG - explore (amount/limit): steps None/None | episodes 100/None || update (amount/limit): steps 11270.0/None
2026-09-20 12:17:11,460 - util.agent - DEBUG - exploration: steps=972579 >= step_limit=inf or episodes=8200 >= episode_limit=8200. Setting time limit for workers to finish to 180s
2026-09-20 12:22:00,759 - util.agent - INFO - update / exploration: 565.1/417.1 s |  19.9/ 23.9 steps/s | 11270/  9962 steps, 100 episodes | 964989/ 974951 steps total,  8200 episodes total
2026-09-20 12:22:00,806 - util.agent - INFO - NET_SYNC ok #82 fp=e4f56513862a update=964989
2026-09-20 12:22:02,482 - eve_rl.runner.runner - INFO - Saved policy snapshot at scheduled step 970000 (current=974951)
2026-09-20 12:22:02,482 - util.agent - DEBUG - explore (amount/limit): steps None/None | episodes 100/None || update (amount/limit): steps 9962.0/None
2026-09-20 12:26:42,387 - util.agent - DEBUG - exploration: steps=982215 >= step_limit=inf or episodes=8300 >= episode_limit=8300. Setting time limit for workers to finish to 180s
2026-09-20 12:29:42,504 - util.agent - WARNING - Restaring Agent worker_6 because of Timeout
2026-09-20 12:29:42,505 - util.agent - DEBUG - Restarting Agent with task=None, step_limit=None and episode_limit=None.
2026-09-20 12:30:25,481 - step_logger_train_123661269217632 - INFO - === BenchEnv5 initialized (mode=train, visualisation=False) ===
2026-09-20 12:30:51,476 - util.agent - INFO - update / exploration: 529.0/507.9 s |  18.8/ 18.2 steps/s |  9962/  9264 steps, 100 episodes | 974951/ 984215 steps total,  8300 episodes total
2026-09-20 12:30:51,526 - util.agent - INFO - NET_SYNC ok #83 fp=5cb9ce4e629c update=974951
2026-09-20 12:30:53,259 - eve_rl.runner.runner - INFO - Saved policy snapshot at scheduled step 980000 (current=984215)
2026-09-20 12:30:53,259 - util.agent - DEBUG - explore (amount/limit): steps None/None | episodes 100/None || update (amount/limit): steps 9264.0/None
2026-09-20 12:35:37,485 - util.agent - DEBUG - exploration: steps=991903 >= step_limit=inf or episodes=8400 >= episode_limit=8400. Setting time limit for workers to finish to 180s
2026-09-20 12:39:12,605 - util.agent - INFO - update / exploration: 499.4/446.8 s |  18.6/ 22.7 steps/s |  9264/ 10124 steps, 100 episodes | 984215/ 994339 steps total,  8400 episodes total
2026-09-20 12:39:12,653 - util.agent - INFO - NET_SYNC ok #84 fp=3c7ec6002da5 update=984215
2026-09-20 12:39:14,357 - eve_rl.runner.runner - INFO - Saved policy snapshot at scheduled step 990000 (current=994339)
2026-09-20 12:39:14,358 - util.agent - DEBUG - explore (amount/limit): steps None/None | episodes 100/None || update (amount/limit): steps 10124.0/None
2026-09-20 12:44:09,091 - util.agent - DEBUG - exploration: steps=1001951 >= step_limit=inf or episodes=8500 >= episode_limit=8500. Setting time limit for workers to finish to 180s
2026-09-20 12:48:02,308 - util.agent - INFO - update / exploration: 528.0/380.6 s |  19.2/ 26.9 steps/s | 10124/ 10221 steps, 100 episodes | 994339/1004560 steps total,  8500 episodes total
2026-09-20 12:48:02,356 - util.agent - INFO - NET_SYNC ok #85 fp=492551ed76ce update=994339
2026-09-20 12:48:04,033 - eve_rl.runner.runner - INFO - Saved policy snapshot at scheduled step 1000000 (current=1004560)
2026-09-20 12:48:04,033 - util.agent - DEBUG - evaluate (amount/limit): steps None/None | episodes None/None | len(seeds)=98/options=None
2026-09-20 13:04:31,025 - util.agent - INFO - evaluation :  987.1s |  12.9 steps/s |   12685 steps /   98 episodes | Total:   108159 steps /   489 episodes
2026-09-20 13:04:32,721 - eve_rl.runner.runner - INFO - Quality: 0.9387755102040817, Reward: 5.392561972371446, Exploration steps: 1004560
2026-09-20 13:04:48,748 - eve_rl.runner.runner - INFO - Saved replay buffer incrementally (+250603 new transitions) at eval #5
2026-09-20 13:04:48,748 - util.agent - DEBUG - explore (amount/limit): steps None/None | episodes 100/None || update (amount/limit): steps 10221.0/None
2026-09-20 13:10:20,128 - util.agent - DEBUG - exploration: steps=1011928 >= step_limit=inf or episodes=8600 >= episode_limit=8600. Setting time limit for workers to finish to 180s
2026-09-20 13:13:20,268 - util.agent - WARNING - Restaring Agent worker_1 because of Timeout
2026-09-20 13:13:20,269 - util.agent - DEBUG - Restarting Agent with task=None, step_limit=None and episode_limit=None.
2026-09-20 13:14:13,243 - step_logger_train_123662057700464 - INFO - === BenchEnv5 initialized (mode=train, visualisation=False) ===
2026-09-20 13:14:39,012 - util.agent - WARNING - Restaring Agent worker_2 because of Timeout
2026-09-20 13:14:39,012 - util.agent - DEBUG - Restarting Agent with task=None, step_limit=None and episode_limit=None.
2026-09-20 13:14:54,311 - step_logger_train_123662174855024 - INFO - === BenchEnv5 initialized (mode=train, visualisation=False) ===
2026-09-20 13:14:59,444 - util.agent - WARNING - Restaring Agent worker_4 because of Timeout
2026-09-20 13:14:59,445 - util.agent - DEBUG - Restarting Agent with task=None, step_limit=None and episode_limit=None.
2026-09-20 13:15:15,030 - step_logger_train_123661102239072 - INFO - === BenchEnv5 initialized (mode=train, visualisation=False) ===
2026-09-20 13:15:19,625 - util.agent - WARNING - Restaring Agent worker_8 because of Timeout
2026-09-20 13:15:19,626 - util.agent - DEBUG - Restarting Agent with task=None, step_limit=None and episode_limit=None.
2026-09-20 13:15:32,228 - step_logger_train_123661370161904 - INFO - === BenchEnv5 initialized (mode=train, visualisation=False) ===
2026-09-20 13:15:37,017 - util.agent - WARNING - Restaring Agent worker_11 because of Timeout
2026-09-20 13:15:37,018 - util.agent - DEBUG - Restarting Agent with task=None, step_limit=None and episode_limit=None.
2026-09-20 13:15:48,612 - step_logger_train_123659425493152 - INFO - === BenchEnv5 initialized (mode=train, visualisation=False) ===
2026-09-20 13:15:53,280 - util.agent - INFO - update / exploration: 664.6/664.5 s |  15.4/ 17.1 steps/s | 10221/ 11372 steps, 100 episodes | 1004560/1015932 steps total,  8600 episodes total
2026-09-20 13:15:53,338 - util.agent - INFO - NET_SYNC ok #86 fp=d915f7fc5ef7 update=1004560
2026-09-20 13:15:55,267 - eve_rl.runner.runner - INFO - Saved policy snapshot at scheduled step 1010000 (current=1015932)
2026-09-20 13:15:55,268 - util.agent - DEBUG - explore (amount/limit): steps None/None | episodes 100/None || update (amount/limit): steps 11372.0/None
2026-09-20 13:20:22,570 - util.agent - DEBUG - exploration: steps=1023175 >= step_limit=inf or episodes=8700 >= episode_limit=8700. Setting time limit for workers to finish to 180s
2026-09-20 13:23:23,046 - util.agent - WARNING - Restaring Agent worker_5 because of Timeout
2026-09-20 13:23:23,046 - util.agent - DEBUG - Restarting Agent with task=None, step_limit=None and episode_limit=None.
2026-09-20 13:23:40,339 - step_logger_train_123661402952608 - INFO - === BenchEnv5 initialized (mode=train, visualisation=False) ===
2026-09-20 13:23:46,313 - util.agent - WARNING - Restaring Agent worker_10 because of Timeout
2026-09-20 13:23:46,316 - util.agent - DEBUG - Restarting Agent with task=None, step_limit=None and episode_limit=None.
2026-09-20 13:23:59,361 - step_logger_train_123662663242512 - INFO - === BenchEnv5 initialized (mode=train, visualisation=False) ===
2026-09-20 13:24:04,218 - util.agent - WARNING - Restaring Agent worker_13 because of Timeout
2026-09-20 13:24:04,219 - util.agent - DEBUG - Restarting Agent with task=None, step_limit=None and episode_limit=None.
2026-09-20 13:24:17,415 - step_logger_train_123662174815280 - INFO - === BenchEnv5 initialized (mode=train, visualisation=False) ===
2026-09-20 13:25:42,458 - util.agent - INFO - update / exploration: 587.2/508.3 s |  19.4/ 19.9 steps/s | 11372/ 10103 steps, 100 episodes | 1015932/1026035 steps total,  8700 episodes total
2026-09-20 13:25:42,505 - util.agent - INFO - NET_SYNC ok #87 fp=d7f986674685 update=1015932
2026-09-20 13:25:44,206 - eve_rl.runner.runner - INFO - Saved policy snapshot at scheduled step 1020000 (current=1026035)
2026-09-20 13:25:44,207 - util.agent - DEBUG - explore (amount/limit): steps None/None | episodes 100/None || update (amount/limit): steps 10103.0/None
2026-09-20 13:30:28,368 - util.agent - DEBUG - exploration: steps=1034076 >= step_limit=inf or episodes=8800 >= episode_limit=8800. Setting time limit for workers to finish to 180s
2026-09-20 13:34:35,455 - util.agent - INFO - update / exploration: 531.3/382.9 s |  19.0/ 26.7 steps/s | 10103/ 10234 steps, 100 episodes | 1026035/1036269 steps total,  8800 episodes total
2026-09-20 13:34:35,505 - util.agent - INFO - NET_SYNC ok #88 fp=b1260a34cc0c update=1026035
2026-09-20 13:34:37,287 - eve_rl.runner.runner - INFO - Saved policy snapshot at scheduled step 1030000 (current=1036269)
2026-09-20 13:34:37,287 - util.agent - DEBUG - explore (amount/limit): steps None/None | episodes 100/None || update (amount/limit): steps 10234.0/None
2026-09-20 13:39:29,912 - util.agent - DEBUG - exploration: steps=1043839 >= step_limit=inf or episodes=8900 >= episode_limit=8900. Setting time limit for workers to finish to 180s
2026-09-20 13:42:30,434 - util.agent - WARNING - Restaring Agent worker_1 because of Timeout
2026-09-20 13:42:30,435 - util.agent - DEBUG - Restarting Agent with task=None, step_limit=None and episode_limit=None.
2026-09-20 13:43:15,801 - step_logger_train_123660029608960 - INFO - === BenchEnv5 initialized (mode=train, visualisation=False) ===
2026-09-20 13:43:21,074 - util.agent - WARNING - Restaring Agent worker_4 because of Timeout
2026-09-20 13:43:21,075 - util.agent - DEBUG - Restarting Agent with task=None, step_limit=None and episode_limit=None.
2026-09-20 13:43:33,508 - step_logger_train_123661290147072 - INFO - === BenchEnv5 initialized (mode=train, visualisation=False) ===
2026-09-20 13:43:52,743 - util.agent - INFO - update / exploration: 555.5/541.1 s |  18.4/ 19.4 steps/s | 10234/ 10478 steps, 100 episodes | 1036269/1046747 steps total,  8900 episodes total
2026-09-20 13:43:52,793 - util.agent - INFO - NET_SYNC ok #89 fp=e40e3adddc6c update=1036269
2026-09-20 13:43:54,578 - eve_rl.runner.runner - INFO - Saved policy snapshot at scheduled step 1040000 (current=1046747)
2026-09-20 13:43:54,579 - util.agent - DEBUG - explore (amount/limit): steps None/None | episodes 100/None || update (amount/limit): steps 10478.0/None
2026-09-20 13:48:49,257 - util.agent - DEBUG - exploration: steps=1054219 >= step_limit=inf or episodes=9000 >= episode_limit=9000. Setting time limit for workers to finish to 180s
2026-09-20 13:51:49,665 - util.agent - WARNING - Restaring Agent worker_2 because of Timeout
2026-09-20 13:51:49,665 - util.agent - DEBUG - Restarting Agent with task=None, step_limit=None and episode_limit=None.
2026-09-20 13:52:07,160 - step_logger_train_123662659408416 - INFO - === BenchEnv5 initialized (mode=train, visualisation=False) ===
2026-09-20 13:52:12,969 - util.agent - WARNING - Restaring Agent worker_13 because of Timeout
2026-09-20 13:52:12,970 - util.agent - DEBUG - Restarting Agent with task=None, step_limit=None and episode_limit=None.
2026-09-20 13:52:29,741 - step_logger_train_123661285091168 - INFO - === BenchEnv5 initialized (mode=train, visualisation=False) ===
2026-09-20 13:52:35,251 - util.agent - WARNING - Restaring Agent worker_15 because of Timeout
2026-09-20 13:52:35,252 - util.agent - DEBUG - Restarting Agent with task=None, step_limit=None and episode_limit=None.
2026-09-20 13:52:47,871 - step_logger_train_123662174815184 - INFO - === BenchEnv5 initialized (mode=train, visualisation=False) ===
2026-09-20 13:53:25,057 - util.agent - INFO - update / exploration: 570.5/538.3 s |  18.4/ 19.6 steps/s | 10478/ 10550 steps, 100 episodes | 1046747/1057297 steps total,  9000 episodes total
2026-09-20 13:53:25,107 - util.agent - INFO - NET_SYNC ok #90 fp=f8bb745d088b update=1046747
2026-09-20 13:53:26,847 - eve_rl.runner.runner - INFO - Saved policy snapshot at scheduled step 1050000 (current=1057297)
2026-09-20 13:53:26,847 - util.agent - DEBUG - explore (amount/limit): steps None/None | episodes 100/None || update (amount/limit): steps 10550.0/None
2026-09-20 13:57:48,273 - util.agent - DEBUG - exploration: steps=1064473 >= step_limit=inf or episodes=9100 >= episode_limit=9100. Setting time limit for workers to finish to 180s
2026-09-20 14:00:48,423 - util.agent - WARNING - Restaring Agent worker_8 because of Timeout
2026-09-20 14:00:48,424 - util.agent - DEBUG - Restarting Agent with task=None, step_limit=None and episode_limit=None.
2026-09-20 14:01:29,311 - step_logger_train_123665937273712 - INFO - === BenchEnv5 initialized (mode=train, visualisation=False) ===
2026-09-20 14:02:39,975 - util.agent - INFO - update / exploration: 553.2/488.8 s |  19.1/ 19.7 steps/s | 10550/  9608 steps, 100 episodes | 1057297/1066905 steps total,  9100 episodes total
2026-09-20 14:02:40,028 - util.agent - INFO - NET_SYNC ok #91 fp=c18445789001 update=1057297
2026-09-20 14:02:41,803 - eve_rl.runner.runner - INFO - Saved policy snapshot at scheduled step 1060000 (current=1066905)
2026-09-20 14:02:41,804 - util.agent - DEBUG - explore (amount/limit): steps None/None | episodes 100/None || update (amount/limit): steps 9608.0/None
2026-09-20 14:07:15,499 - util.agent - DEBUG - exploration: steps=1074145 >= step_limit=inf or episodes=9200 >= episode_limit=9200. Setting time limit for workers to finish to 180s
2026-09-20 14:10:15,716 - util.agent - WARNING - Restaring Agent worker_6 because of Timeout
2026-09-20 14:10:15,717 - util.agent - DEBUG - Restarting Agent with task=None, step_limit=None and episode_limit=None.
2026-09-20 14:10:32,649 - step_logger_train_123665935571888 - INFO - === BenchEnv5 initialized (mode=train, visualisation=False) ===
2026-09-20 14:10:39,187 - util.agent - WARNING - Restaring Agent worker_13 because of Timeout
2026-09-20 14:10:39,188 - util.agent - DEBUG - Restarting Agent with task=None, step_limit=None and episode_limit=None.
2026-09-20 14:10:55,534 - step_logger_train_123659542227456 - INFO - === BenchEnv5 initialized (mode=train, visualisation=False) ===
2026-09-20 14:11:23,871 - util.agent - INFO - update / exploration: 522.1/499.6 s |  18.4/ 20.0 steps/s |  9608/ 10002 steps, 100 episodes | 1066905/1076907 steps total,  9200 episodes total
2026-09-20 14:11:23,919 - util.agent - INFO - NET_SYNC ok #92 fp=7945626f6297 update=1066905
2026-09-20 14:11:25,626 - eve_rl.runner.runner - INFO - Saved policy snapshot at scheduled step 1070000 (current=1076907)
2026-09-20 14:11:25,627 - util.agent - DEBUG - explore (amount/limit): steps None/None | episodes 100/None || update (amount/limit): steps 10002.0/None
2026-09-20 14:15:50,855 - util.agent - DEBUG - exploration: steps=1084104 >= step_limit=inf or episodes=9300 >= episode_limit=9300. Setting time limit for workers to finish to 180s
2026-09-20 14:18:51,449 - util.agent - WARNING - Restaring Agent worker_8 because of Timeout
2026-09-20 14:18:51,450 - util.agent - DEBUG - Restarting Agent with task=None, step_limit=None and episode_limit=None.
2026-09-20 14:19:33,406 - step_logger_train_123659423680688 - INFO - === BenchEnv5 initialized (mode=train, visualisation=False) ===
2026-09-20 14:20:16,468 - util.agent - INFO - update / exploration: 530.9/494.1 s |  18.8/ 19.5 steps/s | 10002/  9649 steps, 100 episodes | 1076907/1086556 steps total,  9300 episodes total
2026-09-20 14:20:16,516 - util.agent - INFO - NET_SYNC ok #93 fp=7728a916a276 update=1076907
2026-09-20 14:20:18,234 - eve_rl.runner.runner - INFO - Saved policy snapshot at scheduled step 1080000 (current=1086556)
2026-09-20 14:20:18,234 - util.agent - DEBUG - explore (amount/limit): steps None/None | episodes 100/None || update (amount/limit): steps 9649.0/None
2026-09-20 14:25:08,711 - util.agent - DEBUG - exploration: steps=1094148 >= step_limit=inf or episodes=9400 >= episode_limit=9400. Setting time limit for workers to finish to 180s
2026-09-20 14:28:09,178 - util.agent - WARNING - Restaring Agent worker_10 because of Timeout
2026-09-20 14:28:09,179 - util.agent - DEBUG - Restarting Agent with task=None, step_limit=None and episode_limit=None.
2026-09-20 14:28:51,075 - step_logger_train_123662174815088 - INFO - === BenchEnv5 initialized (mode=train, visualisation=False) ===
2026-09-20 14:29:07,138 - util.agent - INFO - update / exploration: 528.9/518.7 s |  18.2/ 19.4 steps/s |  9649/ 10071 steps, 100 episodes | 1086556/1096627 steps total,  9400 episodes total
2026-09-20 14:29:07,190 - util.agent - INFO - NET_SYNC ok #94 fp=a07bc481c9c2 update=1086556
2026-09-20 14:29:08,976 - eve_rl.runner.runner - INFO - Saved policy snapshot at scheduled step 1090000 (current=1096627)
2026-09-20 14:29:08,977 - util.agent - DEBUG - explore (amount/limit): steps None/None | episodes 100/None || update (amount/limit): steps 10071.0/None
2026-09-20 14:33:19,387 - util.agent - DEBUG - exploration: steps=1103944 >= step_limit=inf or episodes=9500 >= episode_limit=9500. Setting time limit for workers to finish to 180s
2026-09-20 14:37:44,392 - util.agent - INFO - update / exploration: 515.4/362.6 s |  19.5/ 25.2 steps/s | 10071/  9147 steps, 100 episodes | 1096627/1105774 steps total,  9500 episodes total
2026-09-20 14:37:44,439 - util.agent - INFO - NET_SYNC ok #95 fp=5003b1a250cd update=1096627
2026-09-20 14:37:46,114 - eve_rl.runner.runner - INFO - Saved policy snapshot at scheduled step 1100000 (current=1105774)
2026-09-20 14:37:46,115 - util.agent - DEBUG - explore (amount/limit): steps None/None | episodes 100/None || update (amount/limit): steps 9147.0/None
2026-09-20 14:42:00,774 - util.agent - DEBUG - exploration: steps=1113006 >= step_limit=inf or episodes=9600 >= episode_limit=9600. Setting time limit for workers to finish to 180s
2026-09-20 14:45:01,124 - util.agent - WARNING - Restaring Agent worker_9 because of Timeout
2026-09-20 14:45:01,124 - util.agent - DEBUG - Restarting Agent with task=None, step_limit=None and episode_limit=None.
2026-09-20 14:45:42,850 - step_logger_train_123662174865440 - INFO - === BenchEnv5 initialized (mode=train, visualisation=False) ===
2026-09-20 14:45:56,232 - util.agent - INFO - update / exploration: 490.1/481.6 s |  18.7/ 18.5 steps/s |  9147/  8923 steps, 100 episodes | 1105774/1114697 steps total,  9600 episodes total
2026-09-20 14:45:56,279 - util.agent - INFO - NET_SYNC ok #96 fp=2e1661838f96 update=1105774
2026-09-20 14:45:58,072 - eve_rl.runner.runner - INFO - Saved policy snapshot at scheduled step 1110000 (current=1114697)
2026-09-20 14:45:58,073 - util.agent - DEBUG - explore (amount/limit): steps None/None | episodes 100/None || update (amount/limit): steps 8923.0/None
2026-09-20 14:50:08,480 - util.agent - DEBUG - exploration: steps=1122006 >= step_limit=inf or episodes=9700 >= episode_limit=9700. Setting time limit for workers to finish to 180s
2026-09-20 14:53:51,246 - util.agent - INFO - update / exploration: 473.2/421.2 s |  18.9/ 22.2 steps/s |  8923/  9344 steps, 100 episodes | 1114697/1124041 steps total,  9700 episodes total
2026-09-20 14:53:51,293 - util.agent - INFO - NET_SYNC ok #97 fp=1a2e76831c5b update=1114697
2026-09-20 14:53:52,991 - eve_rl.runner.runner - INFO - Saved policy snapshot at scheduled step 1120000 (current=1124041)
2026-09-20 14:53:52,991 - util.agent - DEBUG - explore (amount/limit): steps None/None | episodes 100/None || update (amount/limit): steps 9344.0/None
2026-09-20 14:58:30,839 - util.agent - DEBUG - exploration: steps=1131939 >= step_limit=inf or episodes=9800 >= episode_limit=9800. Setting time limit for workers to finish to 180s
2026-09-20 15:02:08,395 - util.agent - INFO - update / exploration: 495.4/367.6 s |  18.9/ 26.7 steps/s |  9344/  9822 steps, 100 episodes | 1124041/1133863 steps total,  9800 episodes total
2026-09-20 15:02:08,442 - util.agent - INFO - NET_SYNC ok #98 fp=3ea4b25823c8 update=1124041
2026-09-20 15:02:10,126 - eve_rl.runner.runner - INFO - Saved policy snapshot at scheduled step 1130000 (current=1133863)
2026-09-20 15:02:10,127 - util.agent - DEBUG - explore (amount/limit): steps None/None | episodes 100/None || update (amount/limit): steps 9822.0/None
2026-09-20 15:07:40,711 - util.agent - DEBUG - exploration: steps=1141389 >= step_limit=inf or episodes=9900 >= episode_limit=9900. Setting time limit for workers to finish to 180s
2026-09-20 15:10:41,218 - util.agent - WARNING - Restaring Agent worker_0 because of Timeout
2026-09-20 15:10:41,219 - util.agent - DEBUG - Restarting Agent with task=None, step_limit=None and episode_limit=None.
2026-09-20 15:11:25,440 - step_logger_train_123665807567984 - INFO - === BenchEnv5 initialized (mode=train, visualisation=False) ===
2026-09-20 15:11:31,784 - util.agent - WARNING - Restaring Agent worker_2 because of Timeout
2026-09-20 15:11:31,785 - util.agent - DEBUG - Restarting Agent with task=None, step_limit=None and episode_limit=None.
2026-09-20 15:11:47,613 - step_logger_train_123665934869936 - INFO - === BenchEnv5 initialized (mode=train, visualisation=False) ===
2026-09-20 15:11:52,095 - util.agent - WARNING - Restaring Agent worker_7 because of Timeout
2026-09-20 15:11:52,096 - util.agent - DEBUG - Restarting Agent with task=None, step_limit=None and episode_limit=None.
2026-09-20 15:12:07,508 - step_logger_train_123661238318656 - INFO - === BenchEnv5 initialized (mode=train, visualisation=False) ===
2026-09-20 15:12:12,191 - util.agent - INFO - update / exploration: 602.1/602.1 s |  16.3/ 17.4 steps/s |  9822/ 10468 steps, 100 episodes | 1133863/1144331 steps total,  9900 episodes total
2026-09-20 15:12:12,250 - util.agent - INFO - NET_SYNC ok #99 fp=a59dac4206b8 update=1133863
2026-09-20 15:12:14,059 - eve_rl.runner.runner - INFO - Saved policy snapshot at scheduled step 1140000 (current=1144331)
2026-09-20 15:12:14,059 - util.agent - DEBUG - explore (amount/limit): steps None/None | episodes 100/None || update (amount/limit): steps 10468.0/None
2026-09-20 15:17:46,714 - util.agent - DEBUG - exploration: steps=1152423 >= step_limit=inf or episodes=10000 >= episode_limit=10000. Setting time limit for workers to finish to 180s
2026-09-20 15:20:46,965 - util.agent - WARNING - Restaring Agent worker_1 because of Timeout
2026-09-20 15:20:46,966 - util.agent - DEBUG - Restarting Agent with task=None, step_limit=None and episode_limit=None.
2026-09-20 15:21:30,901 - step_logger_train_123662174930496 - INFO - === BenchEnv5 initialized (mode=train, visualisation=False) ===
2026-09-20 15:21:37,795 - util.agent - WARNING - Restaring Agent worker_8 because of Timeout
2026-09-20 15:21:37,798 - util.agent - DEBUG - Restarting Agent with task=None, step_limit=None and episode_limit=None.
2026-09-20 15:21:54,379 - step_logger_train_123659431475520 - INFO - === BenchEnv5 initialized (mode=train, visualisation=False) ===
2026-09-20 15:21:59,324 - util.agent - WARNING - Restaring Agent worker_13 because of Timeout
2026-09-20 15:21:59,325 - util.agent - DEBUG - Restarting Agent with task=None, step_limit=None and episode_limit=None.
2026-09-20 15:22:10,519 - step_logger_train_123665891108128 - INFO - === BenchEnv5 initialized (mode=train, visualisation=False) ===
2026-09-20 15:22:15,144 - util.agent - INFO - update / exploration: 601.1/600.8 s |  17.4/ 18.2 steps/s | 10468/ 10937 steps, 100 episodes | 1144331/1155268 steps total, 10000 episodes total
2026-09-20 15:22:15,200 - util.agent - INFO - NET_SYNC ok #100 fp=cafb85fe2b2e update=1144331
2026-09-20 15:22:16,905 - eve_rl.runner.runner - INFO - Saved policy snapshot at scheduled step 1150000 (current=1155268)
2026-09-20 15:22:16,905 - util.agent - DEBUG - explore (amount/limit): steps None/None | episodes 100/None || update (amount/limit): steps 10937.0/None
2026-09-20 15:26:44,236 - util.agent - DEBUG - exploration: steps=1162411 >= step_limit=inf or episodes=10100 >= episode_limit=10100. Setting time limit for workers to finish to 180s
2026-09-20 15:31:39,145 - util.agent - INFO - update / exploration: 562.3/438.1 s |  19.5/ 22.5 steps/s | 10937/  9876 steps, 100 episodes | 1155268/1165144 steps total, 10100 episodes total
2026-09-20 15:31:39,194 - util.agent - INFO - NET_SYNC ok #101 fp=89f52dab6f33 update=1155268
2026-09-20 15:31:40,905 - eve_rl.runner.runner - INFO - Saved policy snapshot at scheduled step 1160000 (current=1165144)
2026-09-20 15:31:40,906 - util.agent - DEBUG - explore (amount/limit): steps None/None | episodes 100/None || update (amount/limit): steps 9876.0/None
2026-09-20 15:36:06,149 - util.agent - DEBUG - exploration: steps=1172487 >= step_limit=inf or episodes=10200 >= episode_limit=10200. Setting time limit for workers to finish to 180s
2026-09-20 15:39:06,251 - util.agent - WARNING - Restaring Agent worker_1 because of Timeout
2026-09-20 15:39:06,252 - util.agent - DEBUG - Restarting Agent with task=None, step_limit=None and episode_limit=None.
2026-09-20 15:39:47,236 - step_logger_train_123665804567552 - INFO - === BenchEnv5 initialized (mode=train, visualisation=False) ===
2026-09-20 15:40:26,363 - util.agent - INFO - update / exploration: 525.5/492.6 s |  18.8/ 19.1 steps/s |  9876/  9422 steps, 100 episodes | 1165144/1174566 steps total, 10200 episodes total
2026-09-20 15:40:26,414 - util.agent - INFO - NET_SYNC ok #102 fp=f9af4873cd2c update=1165144
2026-09-20 15:40:28,093 - eve_rl.runner.runner - INFO - Saved policy snapshot at scheduled step 1170000 (current=1174566)
2026-09-20 15:40:28,093 - util.agent - DEBUG - explore (amount/limit): steps None/None | episodes 100/None || update (amount/limit): steps 9422.0/None
2026-09-20 15:45:56,745 - util.agent - DEBUG - exploration: steps=1182426 >= step_limit=inf or episodes=10300 >= episode_limit=10300. Setting time limit for workers to finish to 180s
2026-09-20 15:49:42,386 - util.agent - INFO - update / exploration: 554.3/469.6 s |  17.0/ 23.5 steps/s |  9422/ 11026 steps, 100 episodes | 1174566/1185592 steps total, 10300 episodes total
2026-09-20 15:49:42,435 - util.agent - INFO - NET_SYNC ok #103 fp=a147e793c2d0 update=1174566
2026-09-20 15:49:44,632 - eve_rl.runner.runner - INFO - Saved policy snapshot at scheduled step 1180000 (current=1185592)
2026-09-20 15:49:44,633 - util.agent - DEBUG - explore (amount/limit): steps None/None | episodes 100/None || update (amount/limit): steps 11026.0/None
2026-09-20 15:53:53,036 - util.agent - DEBUG - exploration: steps=1192750 >= step_limit=inf or episodes=10400 >= episode_limit=10400. Setting time limit for workers to finish to 180s
2026-09-20 15:59:01,219 - util.agent - INFO - update / exploration: 556.6/327.0 s |  19.8/ 27.5 steps/s | 11026/  8999 steps, 100 episodes | 1185592/1194591 steps total, 10400 episodes total
2026-09-20 15:59:01,267 - util.agent - INFO - NET_SYNC ok #104 fp=a7c8336ac62b update=1185592
2026-09-20 15:59:02,976 - eve_rl.runner.runner - INFO - Saved policy snapshot at scheduled step 1190000 (current=1194591)
2026-09-20 15:59:02,977 - util.agent - DEBUG - explore (amount/limit): steps None/None | episodes 100/None || update (amount/limit): steps 8999.0/None
2026-09-20 16:03:40,934 - util.agent - DEBUG - exploration: steps=1202199 >= step_limit=inf or episodes=10500 >= episode_limit=10500. Setting time limit for workers to finish to 180s
2026-09-20 16:06:41,220 - util.agent - WARNING - Restaring Agent worker_3 because of Timeout
2026-09-20 16:06:41,220 - util.agent - DEBUG - Restarting Agent with task=None, step_limit=None and episode_limit=None.
2026-09-20 16:07:30,306 - step_logger_train_123661416214592 - INFO - === BenchEnv5 initialized (mode=train, visualisation=False) ===
2026-09-20 16:07:37,561 - util.agent - WARNING - Restaring Agent worker_12 because of Timeout
2026-09-20 16:07:37,562 - util.agent - DEBUG - Restarting Agent with task=None, step_limit=None and episode_limit=None.
2026-09-20 16:07:53,180 - step_logger_train_123662174863568 - INFO - === BenchEnv5 initialized (mode=train, visualisation=False) ===
2026-09-20 16:07:58,209 - util.agent - INFO - update / exploration: 535.3/535.2 s |  16.8/ 18.5 steps/s |  8999/  9885 steps, 100 episodes | 1194591/1204476 steps total, 10500 episodes total
2026-09-20 16:07:58,283 - util.agent - INFO - NET_SYNC ok #105 fp=f79386a90e55 update=1194591
2026-09-20 16:08:00,001 - eve_rl.runner.runner - INFO - Saved policy snapshot at scheduled step 1200000 (current=1204476)
2026-09-20 16:08:00,001 - util.agent - DEBUG - explore (amount/limit): steps None/None | episodes 100/None || update (amount/limit): steps 9885.0/None
2026-09-20 16:13:03,188 - util.agent - DEBUG - exploration: steps=1212103 >= step_limit=inf or episodes=10600 >= episode_limit=10600. Setting time limit for workers to finish to 180s
2026-09-20 16:16:03,214 - util.agent - WARNING - Restaring Agent worker_3 because of Timeout
2026-09-20 16:16:03,214 - util.agent - DEBUG - Restarting Agent with task=None, step_limit=None and episode_limit=None.
2026-09-20 16:16:20,141 - step_logger_train_123661270429120 - INFO - === BenchEnv5 initialized (mode=train, visualisation=False) ===
2026-09-20 16:16:25,909 - util.agent - WARNING - Restaring Agent worker_15 because of Timeout
2026-09-20 16:16:25,912 - util.agent - DEBUG - Restarting Agent with task=None, step_limit=None and episode_limit=None.
2026-09-20 16:16:38,913 - step_logger_train_123659423626384 - INFO - === BenchEnv5 initialized (mode=train, visualisation=False) ===
2026-09-20 16:17:07,324 - util.agent - INFO - update / exploration: 547.3/525.2 s |  18.1/ 19.7 steps/s |  9885/ 10320 steps, 100 episodes | 1204476/1214796 steps total, 10600 episodes total
2026-09-20 16:17:07,372 - util.agent - INFO - NET_SYNC ok #106 fp=5e791a8c4537 update=1204476
2026-09-20 16:17:09,078 - eve_rl.runner.runner - INFO - Saved policy snapshot at scheduled step 1210000 (current=1214796)
2026-09-20 16:17:09,079 - util.agent - DEBUG - explore (amount/limit): steps None/None | episodes 100/None || update (amount/limit): steps 10320.0/None
2026-09-20 16:22:25,340 - util.agent - DEBUG - exploration: steps=1222629 >= step_limit=inf or episodes=10700 >= episode_limit=10700. Setting time limit for workers to finish to 180s
2026-09-20 16:25:25,416 - util.agent - WARNING - Restaring Agent worker_5 because of Timeout
2026-09-20 16:25:25,417 - util.agent - DEBUG - Restarting Agent with task=None, step_limit=None and episode_limit=None.
2026-09-20 16:25:41,644 - step_logger_train_123662656662784 - INFO - === BenchEnv5 initialized (mode=train, visualisation=False) ===
2026-09-20 16:26:39,703 - util.agent - INFO - update / exploration: 570.7/518.9 s |  18.1/ 19.9 steps/s | 10320/ 10338 steps, 100 episodes | 1214796/1225134 steps total, 10700 episodes total
2026-09-20 16:26:39,753 - util.agent - INFO - NET_SYNC ok #107 fp=ed8791f47efc update=1214796
2026-09-20 16:26:41,464 - eve_rl.runner.runner - INFO - Saved policy snapshot at scheduled step 1220000 (current=1225134)
2026-09-20 16:26:41,465 - util.agent - DEBUG - explore (amount/limit): steps None/None | episodes 100/None || update (amount/limit): steps 10338.0/None
2026-09-20 16:31:40,382 - util.agent - DEBUG - exploration: steps=1232616 >= step_limit=inf or episodes=10800 >= episode_limit=10800. Setting time limit for workers to finish to 180s
2026-09-20 16:34:40,485 - util.agent - WARNING - Restaring Agent worker_2 because of Timeout
2026-09-20 16:34:40,486 - util.agent - DEBUG - Restarting Agent with task=None, step_limit=None and episode_limit=None.
2026-09-20 16:35:25,095 - step_logger_train_123662174931360 - INFO - === BenchEnv5 initialized (mode=train, visualisation=False) ===
2026-09-20 16:35:30,927 - util.agent - WARNING - Restaring Agent worker_7 because of Timeout
2026-09-20 16:35:30,929 - util.agent - DEBUG - Restarting Agent with task=None, step_limit=None and episode_limit=None.
2026-09-20 16:35:44,749 - step_logger_train_123662174965040 - INFO - === BenchEnv5 initialized (mode=train, visualisation=False) ===
2026-09-20 16:36:08,314 - util.agent - INFO - update / exploration: 566.9/549.2 s |  18.2/ 18.6 steps/s | 10338/ 10233 steps, 100 episodes | 1225134/1235367 steps total, 10800 episodes total
2026-09-20 16:36:08,363 - util.agent - INFO - NET_SYNC ok #108 fp=4de35cfa433e update=1225134
2026-09-20 16:36:10,084 - eve_rl.runner.runner - INFO - Saved policy snapshot at scheduled step 1230000 (current=1235367)
2026-09-20 16:36:10,084 - util.agent - DEBUG - explore (amount/limit): steps None/None | episodes 100/None || update (amount/limit): steps 10233.0/None
2026-09-20 16:40:49,977 - util.agent - DEBUG - exploration: steps=1242331 >= step_limit=inf or episodes=10900 >= episode_limit=10900. Setting time limit for workers to finish to 180s
2026-09-20 16:45:13,835 - util.agent - INFO - update / exploration: 543.8/443.3 s |  18.8/ 22.7 steps/s | 10233/ 10075 steps, 100 episodes | 1235367/1245442 steps total, 10900 episodes total
2026-09-20 16:45:13,885 - util.agent - INFO - NET_SYNC ok #109 fp=dcdf89703f9b update=1235367
2026-09-20 16:45:15,611 - eve_rl.runner.runner - INFO - Saved policy snapshot at scheduled step 1240000 (current=1245442)
2026-09-20 16:45:15,612 - util.agent - DEBUG - explore (amount/limit): steps None/None | episodes 100/None || update (amount/limit): steps 10075.0/None
2026-09-20 16:50:06,014 - util.agent - DEBUG - exploration: steps=1253528 >= step_limit=inf or episodes=11000 >= episode_limit=11000. Setting time limit for workers to finish to 180s
2026-09-20 16:54:14,514 - util.agent - INFO - update / exploration: 538.9/462.6 s |  18.7/ 23.0 steps/s | 10075/ 10647 steps, 100 episodes | 1245442/1256089 steps total, 11000 episodes total
2026-09-20 16:54:14,566 - util.agent - INFO - NET_SYNC ok #110 fp=e75519849a71 update=1245442
2026-09-20 16:54:16,244 - eve_rl.runner.runner - INFO - Saved policy snapshot at scheduled step 1250000 (current=1256089)
2026-09-20 16:54:16,245 - util.agent - DEBUG - evaluate (amount/limit): steps None/None | episodes None/None | len(seeds)=98/options=None
2026-09-20 17:10:39,377 - util.agent - INFO - evaluation :  983.2s |  13.7 steps/s |   13438 steps /   98 episodes | Total:   121597 steps /   587 episodes
2026-09-20 17:10:39,819 - eve_rl.runner.runner - INFO - Quality: 0.9081632653061225, Reward: 5.116114730063738, Exploration steps: 1256089
2026-09-20 17:11:09,774 - eve_rl.runner.runner - INFO - Saved replay buffer incrementally (+251529 new transitions) at eval #6
2026-09-20 17:11:09,775 - util.agent - DEBUG - explore (amount/limit): steps None/None | episodes 100/None || update (amount/limit): steps 10647.0/None
2026-09-20 17:16:25,615 - util.agent - DEBUG - exploration: steps=1263577 >= step_limit=inf or episodes=11100 >= episode_limit=11100. Setting time limit for workers to finish to 180s
2026-09-20 17:19:25,645 - util.agent - WARNING - Restaring Agent worker_8 because of Timeout
2026-09-20 17:19:25,646 - util.agent - DEBUG - Restarting Agent with task=None, step_limit=None and episode_limit=None.
2026-09-20 17:20:16,628 - step_logger_train_123661102083808 - INFO - === BenchEnv5 initialized (mode=train, visualisation=False) ===
2026-09-20 17:20:41,631 - util.agent - WARNING - Restaring Agent worker_10 because of Timeout
2026-09-20 17:20:41,632 - util.agent - DEBUG - Restarting Agent with task=None, step_limit=None and episode_limit=None.
2026-09-20 17:20:58,369 - step_logger_train_123661102239072 - INFO - === BenchEnv5 initialized (mode=train, visualisation=False) ===
2026-09-20 17:21:23,246 - util.agent - INFO - update / exploration: 613.5/594.3 s |  17.4/ 16.4 steps/s | 10647/  9774 steps, 100 episodes | 1256089/1265863 steps total, 11100 episodes total
2026-09-20 17:21:23,301 - util.agent - INFO - NET_SYNC ok #111 fp=dac92fea836c update=1256089
2026-09-20 17:21:25,141 - eve_rl.runner.runner - INFO - Saved policy snapshot at scheduled step 1260000 (current=1265863)
2026-09-20 17:21:25,142 - util.agent - DEBUG - explore (amount/limit): steps None/None | episodes 100/None || update (amount/limit): steps 9774.0/None
2026-09-20 17:26:32,474 - util.agent - DEBUG - exploration: steps=1273746 >= step_limit=inf or episodes=11200 >= episode_limit=11200. Setting time limit for workers to finish to 180s
2026-09-20 17:29:32,786 - util.agent - WARNING - Restaring Agent worker_13 because of Timeout
2026-09-20 17:29:32,788 - util.agent - DEBUG - Restarting Agent with task=None, step_limit=None and episode_limit=None.
2026-09-20 17:30:15,861 - step_logger_train_123659423817440 - INFO - === BenchEnv5 initialized (mode=train, visualisation=False) ===
2026-09-20 17:30:29,515 - util.agent - INFO - update / exploration: 544.4/537.2 s |  18.0/ 19.1 steps/s |  9774/ 10260 steps, 100 episodes | 1265863/1276123 steps total, 11200 episodes total
2026-09-20 17:30:29,569 - util.agent - INFO - NET_SYNC ok #112 fp=fde1c9dfd02f update=1265863
2026-09-20 17:30:31,356 - eve_rl.runner.runner - INFO - Saved policy snapshot at scheduled step 1270000 (current=1276123)
2026-09-20 17:30:31,357 - util.agent - DEBUG - explore (amount/limit): steps None/None | episodes 100/None || update (amount/limit): steps 10260.0/None
2026-09-20 17:35:00,636 - util.agent - DEBUG - exploration: steps=1283426 >= step_limit=inf or episodes=11300 >= episode_limit=11300. Setting time limit for workers to finish to 180s
2026-09-20 17:38:00,969 - util.agent - WARNING - Restaring Agent worker_4 because of Timeout
2026-09-20 17:38:00,970 - util.agent - DEBUG - Restarting Agent with task=None, step_limit=None and episode_limit=None.
2026-09-20 17:38:17,919 - step_logger_train_123662174864432 - INFO - === BenchEnv5 initialized (mode=train, visualisation=False) ===
2026-09-20 17:38:24,755 - util.agent - WARNING - Restaring Agent worker_6 because of Timeout
2026-09-20 17:38:24,757 - util.agent - DEBUG - Restarting Agent with task=None, step_limit=None and episode_limit=None.
2026-09-20 17:38:41,671 - step_logger_train_123661238218416 - INFO - === BenchEnv5 initialized (mode=train, visualisation=False) ===
2026-09-20 17:38:48,385 - util.agent - WARNING - Restaring Agent worker_8 because of Timeout
2026-09-20 17:38:48,387 - util.agent - DEBUG - Restarting Agent with task=None, step_limit=None and episode_limit=None.
2026-09-20 17:39:01,260 - step_logger_train_123662180697856 - INFO - === BenchEnv5 initialized (mode=train, visualisation=False) ===
2026-09-20 17:39:43,338 - util.agent - INFO - update / exploration: 552.0/515.4 s |  18.6/ 18.2 steps/s | 10260/  9402 steps, 100 episodes | 1276123/1285525 steps total, 11300 episodes total
2026-09-20 17:39:43,388 - util.agent - INFO - NET_SYNC ok #113 fp=edb273e248d2 update=1276123
2026-09-20 17:39:45,106 - eve_rl.runner.runner - INFO - Saved policy snapshot at scheduled step 1280000 (current=1285525)
2026-09-20 17:39:45,106 - util.agent - DEBUG - explore (amount/limit): steps None/None | episodes 100/None || update (amount/limit): steps 9402.0/None
2026-09-20 17:43:49,254 - util.agent - DEBUG - exploration: steps=1292164 >= step_limit=inf or episodes=11400 >= episode_limit=11400. Setting time limit for workers to finish to 180s
2026-09-20 17:46:49,877 - util.agent - WARNING - Restaring Agent worker_0 because of Timeout
2026-09-20 17:46:49,878 - util.agent - DEBUG - Restarting Agent with task=None, step_limit=None and episode_limit=None.
2026-09-20 17:47:37,005 - step_logger_train_123665984019280 - INFO - === BenchEnv5 initialized (mode=train, visualisation=False) ===
2026-09-20 17:47:43,446 - util.agent - WARNING - Restaring Agent worker_6 because of Timeout
2026-09-20 17:47:43,450 - util.agent - DEBUG - Restarting Agent with task=None, step_limit=None and episode_limit=None.
2026-09-20 17:48:00,970 - step_logger_train_123662175008464 - INFO - === BenchEnv5 initialized (mode=train, visualisation=False) ===
2026-09-20 17:48:07,273 - util.agent - WARNING - Restaring Agent worker_10 because of Timeout
2026-09-20 17:48:07,275 - util.agent - DEBUG - Restarting Agent with task=None, step_limit=None and episode_limit=None.
2026-09-20 17:48:20,895 - step_logger_train_123661369925984 - INFO - === BenchEnv5 initialized (mode=train, visualisation=False) ===
2026-09-20 17:48:27,902 - util.agent - INFO - update / exploration: 522.8/521.4 s |  18.0/ 16.0 steps/s |  9402/  8368 steps, 100 episodes | 1285525/1293893 steps total, 11400 episodes total
2026-09-20 17:48:27,955 - util.agent - INFO - NET_SYNC ok #114 fp=3c765ea79a5e update=1285525
2026-09-20 17:48:29,742 - eve_rl.runner.runner - INFO - Saved policy snapshot at scheduled step 1290000 (current=1293893)
2026-09-20 17:48:29,743 - util.agent - DEBUG - explore (amount/limit): steps None/None | episodes 100/None || update (amount/limit): steps 8368.0/None
2026-09-20 17:53:22,424 - util.agent - DEBUG - exploration: steps=1301771 >= step_limit=inf or episodes=11500 >= episode_limit=11500. Setting time limit for workers to finish to 180s
2026-09-20 17:56:22,918 - util.agent - WARNING - Restaring Agent worker_8 because of Timeout
2026-09-20 17:56:22,919 - util.agent - DEBUG - Restarting Agent with task=None, step_limit=None and episode_limit=None.
2026-09-20 17:56:40,846 - step_logger_train_123661384445232 - INFO - === BenchEnv5 initialized (mode=train, visualisation=False) ===
2026-09-20 17:56:45,436 - util.agent - WARNING - Restaring Agent worker_13 because of Timeout
2026-09-20 17:56:45,440 - util.agent - DEBUG - Restarting Agent with task=None, step_limit=None and episode_limit=None.
2026-09-20 17:56:57,650 - step_logger_train_123661101873376 - INFO - === BenchEnv5 initialized (mode=train, visualisation=False) ===
2026-09-20 17:57:02,030 - util.agent - INFO - update / exploration: 512.3/512.3 s |  16.3/ 19.8 steps/s |  8368/ 10167 steps, 100 episodes | 1293893/1304060 steps total, 11500 episodes total
2026-09-20 17:57:02,105 - util.agent - INFO - NET_SYNC ok #115 fp=da1e97330051 update=1293893
2026-09-20 17:57:03,816 - eve_rl.runner.runner - INFO - Saved policy snapshot at scheduled step 1300000 (current=1304060)
2026-09-20 17:57:03,817 - util.agent - DEBUG - explore (amount/limit): steps None/None | episodes 100/None || update (amount/limit): steps 10167.0/None
2026-09-20 18:01:43,839 - util.agent - DEBUG - exploration: steps=1311299 >= step_limit=inf or episodes=11600 >= episode_limit=11600. Setting time limit for workers to finish to 180s
2026-09-20 18:04:44,022 - util.agent - WARNING - Restaring Agent worker_0 because of Timeout
2026-09-20 18:04:44,023 - util.agent - DEBUG - Restarting Agent with task=None, step_limit=None and episode_limit=None.
2026-09-20 18:05:31,072 - step_logger_train_123662174840912 - INFO - === BenchEnv5 initialized (mode=train, visualisation=False) ===
2026-09-20 18:05:36,727 - util.agent - WARNING - Restaring Agent worker_3 because of Timeout
2026-09-20 18:05:36,728 - util.agent - DEBUG - Restarting Agent with task=None, step_limit=None and episode_limit=None.
2026-09-20 18:05:54,533 - step_logger_train_123661403391840 - INFO - === BenchEnv5 initialized (mode=train, visualisation=False) ===
2026-09-20 18:05:59,310 - util.agent - WARNING - Restaring Agent worker_7 because of Timeout
2026-09-20 18:05:59,315 - util.agent - DEBUG - Restarting Agent with task=None, step_limit=None and episode_limit=None.
2026-09-20 18:06:12,813 - step_logger_train_123659435062560 - INFO - === BenchEnv5 initialized (mode=train, visualisation=False) ===
2026-09-20 18:06:42,680 - util.agent - INFO - update / exploration: 578.9/554.2 s |  17.6/ 18.5 steps/s | 10167/ 10255 steps, 100 episodes | 1304060/1314315 steps total, 11600 episodes total
2026-09-20 18:06:42,734 - util.agent - INFO - NET_SYNC ok #116 fp=fb52d6bb2a1c update=1304060
2026-09-20 18:06:44,521 - eve_rl.runner.runner - INFO - Saved policy snapshot at scheduled step 1310000 (current=1314315)
2026-09-20 18:06:44,522 - util.agent - DEBUG - explore (amount/limit): steps None/None | episodes 100/None || update (amount/limit): steps 10255.0/None
2026-09-20 18:12:04,545 - util.agent - DEBUG - exploration: steps=1321807 >= step_limit=inf or episodes=11700 >= episode_limit=11700. Setting time limit for workers to finish to 180s
2026-09-20 18:15:04,647 - util.agent - WARNING - Restaring Agent worker_9 because of Timeout
2026-09-20 18:15:04,648 - util.agent - DEBUG - Restarting Agent with task=None, step_limit=None and episode_limit=None.
2026-09-20 18:15:22,665 - step_logger_train_123662174853392 - INFO - === BenchEnv5 initialized (mode=train, visualisation=False) ===
2026-09-20 18:16:26,157 - util.agent - INFO - update / exploration: 581.7/524.4 s |  17.6/ 20.5 steps/s | 10255/ 10754 steps, 100 episodes | 1314315/1325069 steps total, 11700 episodes total
2026-09-20 18:16:26,212 - util.agent - INFO - NET_SYNC ok #117 fp=cf6d87def265 update=1314315
2026-09-20 18:16:27,932 - eve_rl.runner.runner - INFO - Saved policy snapshot at scheduled step 1320000 (current=1325069)
2026-09-20 18:16:27,932 - util.agent - DEBUG - explore (amount/limit): steps None/None | episodes 100/None || update (amount/limit): steps 10754.0/None
2026-09-20 18:22:04,788 - util.agent - DEBUG - exploration: steps=1332843 >= step_limit=inf or episodes=11800 >= episode_limit=11800. Setting time limit for workers to finish to 180s
2026-09-20 18:25:04,990 - util.agent - WARNING - Restaring Agent worker_4 because of Timeout
2026-09-20 18:25:04,990 - util.agent - DEBUG - Restarting Agent with task=None, step_limit=None and episode_limit=None.
2026-09-20 18:25:22,961 - step_logger_train_123661387123872 - INFO - === BenchEnv5 initialized (mode=train, visualisation=False) ===
2026-09-20 18:26:41,795 - util.agent - INFO - update / exploration: 613.9/540.7 s |  17.5/ 20.1 steps/s | 10754/ 10874 steps, 100 episodes | 1325069/1335943 steps total, 11800 episodes total
2026-09-20 18:26:41,846 - util.agent - INFO - NET_SYNC ok #118 fp=c61e7ac5e13e update=1325069
2026-09-20 18:26:43,567 - eve_rl.runner.runner - INFO - Saved policy snapshot at scheduled step 1330000 (current=1335943)
2026-09-20 18:26:43,568 - util.agent - DEBUG - explore (amount/limit): steps None/None | episodes 100/None || update (amount/limit): steps 10874.0/None
2026-09-20 18:31:29,909 - util.agent - DEBUG - exploration: steps=1343445 >= step_limit=inf or episodes=11900 >= episode_limit=11900. Setting time limit for workers to finish to 180s
2026-09-20 18:34:30,268 - util.agent - WARNING - Restaring Agent worker_9 because of Timeout
2026-09-20 18:34:30,269 - util.agent - DEBUG - Restarting Agent with task=None, step_limit=None and episode_limit=None.
2026-09-20 18:35:16,405 - step_logger_train_123662180432048 - INFO - === BenchEnv5 initialized (mode=train, visualisation=False) ===
2026-09-20 18:35:22,066 - util.agent - WARNING - Restaring Agent worker_11 because of Timeout
2026-09-20 18:35:22,070 - util.agent - DEBUG - Restarting Agent with task=None, step_limit=None and episode_limit=None.
2026-09-20 18:35:40,474 - step_logger_train_123665714918400 - INFO - === BenchEnv5 initialized (mode=train, visualisation=False) ===
2026-09-20 18:35:47,645 - util.agent - WARNING - Restaring Agent worker_15 because of Timeout
2026-09-20 18:35:47,646 - util.agent - DEBUG - Restarting Agent with task=None, step_limit=None and episode_limit=None.
2026-09-20 18:36:05,810 - step_logger_train_123661376752608 - INFO - === BenchEnv5 initialized (mode=train, visualisation=False) ===
2026-09-20 18:36:51,981 - util.agent - INFO - update / exploration: 608.4/567.4 s |  17.9/ 16.7 steps/s | 10874/  9495 steps, 100 episodes | 1335943/1345438 steps total, 11900 episodes total
2026-09-20 18:36:52,035 - util.agent - INFO - NET_SYNC ok #119 fp=612b64f7a8f8 update=1335943
2026-09-20 18:36:53,777 - eve_rl.runner.runner - INFO - Saved policy snapshot at scheduled step 1340000 (current=1345438)
2026-09-20 18:36:53,778 - util.agent - DEBUG - explore (amount/limit): steps None/None | episodes 100/None || update (amount/limit): steps 9495.0/None
2026-09-20 18:41:31,638 - util.agent - DEBUG - exploration: steps=1353464 >= step_limit=inf or episodes=12000 >= episode_limit=12000. Setting time limit for workers to finish to 180s
2026-09-20 18:45:34,039 - util.agent - INFO - update / exploration: 520.3/368.1 s |  18.2/ 26.4 steps/s |  9495/  9732 steps, 100 episodes | 1345438/1355170 steps total, 12000 episodes total
2026-09-20 18:45:34,090 - util.agent - INFO - NET_SYNC ok #120 fp=f3cc100c1173 update=1345438
2026-09-20 18:45:35,799 - eve_rl.runner.runner - INFO - Saved policy snapshot at scheduled step 1350000 (current=1355170)
2026-09-20 18:45:35,799 - util.agent - DEBUG - explore (amount/limit): steps None/None | episodes 100/None || update (amount/limit): steps 9732.0/None
2026-09-20 18:49:58,894 - util.agent - DEBUG - exploration: steps=1362560 >= step_limit=inf or episodes=12100 >= episode_limit=12100. Setting time limit for workers to finish to 180s
2026-09-20 18:52:59,372 - util.agent - WARNING - Restaring Agent worker_8 because of Timeout
2026-09-20 18:52:59,373 - util.agent - DEBUG - Restarting Agent with task=None, step_limit=None and episode_limit=None.
2026-09-20 18:53:17,182 - step_logger_train_123665939065248 - INFO - === BenchEnv5 initialized (mode=train, visualisation=False) ===
2026-09-20 18:54:32,905 - util.agent - INFO - update / exploration: 537.1/467.1 s |  18.1/ 19.7 steps/s |  9732/  9189 steps, 100 episodes | 1355170/1364359 steps total, 12100 episodes total
2026-09-20 18:54:32,958 - util.agent - INFO - NET_SYNC ok #121 fp=040307104099 update=1355170
2026-09-20 18:54:34,677 - eve_rl.runner.runner - INFO - Saved policy snapshot at scheduled step 1360000 (current=1364359)
2026-09-20 18:54:34,677 - util.agent - DEBUG - explore (amount/limit): steps None/None | episodes 100/None || update (amount/limit): steps 9189.0/None
2026-09-20 18:59:08,324 - util.agent - DEBUG - exploration: steps=1371833 >= step_limit=inf or episodes=12200 >= episode_limit=12200. Setting time limit for workers to finish to 180s
2026-09-20 19:03:06,628 - util.agent - INFO - update / exploration: 512.0/415.5 s |  17.9/ 24.1 steps/s |  9189/  9996 steps, 100 episodes | 1364359/1374355 steps total, 12200 episodes total
2026-09-20 19:03:06,683 - util.agent - INFO - NET_SYNC ok #122 fp=0f939e9622ff update=1364359
2026-09-20 19:03:08,406 - eve_rl.runner.runner - INFO - Saved policy snapshot at scheduled step 1370000 (current=1374355)
2026-09-20 19:03:08,407 - util.agent - DEBUG - explore (amount/limit): steps None/None | episodes 100/None || update (amount/limit): steps 9996.0/None
2026-09-20 19:08:03,006 - util.agent - DEBUG - exploration: steps=1381800 >= step_limit=inf or episodes=12300 >= episode_limit=12300. Setting time limit for workers to finish to 180s
2026-09-20 19:11:03,235 - util.agent - WARNING - Restaring Agent worker_15 because of Timeout
2026-09-20 19:11:03,236 - util.agent - DEBUG - Restarting Agent with task=None, step_limit=None and episode_limit=None.
2026-09-20 19:11:47,385 - step_logger_train_123661269143952 - INFO - === BenchEnv5 initialized (mode=train, visualisation=False) ===
2026-09-20 19:12:31,159 - util.agent - INFO - update / exploration: 562.8/524.2 s |  17.8/ 18.7 steps/s |  9996/  9822 steps, 100 episodes | 1374355/1384177 steps total, 12300 episodes total
2026-09-20 19:12:31,214 - util.agent - INFO - NET_SYNC ok #123 fp=dc37721e6102 update=1374355
2026-09-20 19:12:32,940 - eve_rl.runner.runner - INFO - Saved policy snapshot at scheduled step 1380000 (current=1384177)
2026-09-20 19:12:32,941 - util.agent - DEBUG - explore (amount/limit): steps None/None | episodes 100/None || update (amount/limit): steps 9822.0/None
2026-09-20 19:17:10,785 - util.agent - DEBUG - exploration: steps=1391312 >= step_limit=inf or episodes=12400 >= episode_limit=12400. Setting time limit for workers to finish to 180s
2026-09-20 19:20:10,904 - util.agent - WARNING - Restaring Agent worker_12 because of Timeout
2026-09-20 19:20:10,905 - util.agent - DEBUG - Restarting Agent with task=None, step_limit=None and episode_limit=None.
2026-09-20 19:20:28,602 - step_logger_train_123661246012432 - INFO - === BenchEnv5 initialized (mode=train, visualisation=False) ===
2026-09-20 19:21:43,591 - util.agent - INFO - update / exploration: 550.7/481.0 s |  17.8/ 20.5 steps/s |  9822/  9850 steps, 100 episodes | 1384177/1394027 steps total, 12400 episodes total
2026-09-20 19:21:43,644 - util.agent - INFO - NET_SYNC ok #124 fp=3806ec8518e7 update=1384177
2026-09-20 19:21:45,366 - eve_rl.runner.runner - INFO - Saved policy snapshot at scheduled step 1390000 (current=1394027)
2026-09-20 19:21:45,367 - util.agent - DEBUG - explore (amount/limit): steps None/None | episodes 100/None || update (amount/limit): steps 9850.0/None
2026-09-20 19:26:16,904 - util.agent - DEBUG - exploration: steps=1401326 >= step_limit=inf or episodes=12500 >= episode_limit=12500. Setting time limit for workers to finish to 180s
2026-09-20 19:29:17,187 - util.agent - WARNING - Restaring Agent worker_10 because of Timeout
2026-09-20 19:29:17,188 - util.agent - DEBUG - Restarting Agent with task=None, step_limit=None and episode_limit=None.
2026-09-20 19:29:33,604 - step_logger_train_123662285756976 - INFO - === BenchEnv5 initialized (mode=train, visualisation=False) ===
2026-09-20 19:30:39,658 - util.agent - INFO - update / exploration: 534.3/473.0 s |  18.4/ 20.0 steps/s |  9850/  9445 steps, 100 episodes | 1394027/1403472 steps total, 12500 episodes total
2026-09-20 19:30:39,741 - util.agent - INFO - NET_SYNC ok #125 fp=63eabc486ae7 update=1394027
2026-09-20 19:30:41,453 - eve_rl.runner.runner - INFO - Saved policy snapshot at scheduled step 1400000 (current=1403472)
2026-09-20 19:30:41,454 - util.agent - DEBUG - explore (amount/limit): steps None/None | episodes 100/None || update (amount/limit): steps 9445.0/None
2026-09-20 19:35:53,022 - util.agent - DEBUG - exploration: steps=1411182 >= step_limit=inf or episodes=12600 >= episode_limit=12600. Setting time limit for workers to finish to 180s
2026-09-20 19:38:53,078 - util.agent - WARNING - Restaring Agent worker_2 because of Timeout
2026-09-20 19:38:53,079 - util.agent - DEBUG - Restarting Agent with task=None, step_limit=None and episode_limit=None.
2026-09-20 19:39:10,546 - step_logger_train_123665981234048 - INFO - === BenchEnv5 initialized (mode=train, visualisation=False) ===
2026-09-20 19:39:17,519 - util.agent - WARNING - Restaring Agent worker_4 because of Timeout
2026-09-20 19:39:17,520 - util.agent - DEBUG - Restarting Agent with task=None, step_limit=None and episode_limit=None.
2026-09-20 19:39:34,311 - step_logger_train_123662174947648 - INFO - === BenchEnv5 initialized (mode=train, visualisation=False) ===
2026-09-20 19:39:39,981 - util.agent - WARNING - Restaring Agent worker_9 because of Timeout
2026-09-20 19:39:39,982 - util.agent - DEBUG - Restarting Agent with task=None, step_limit=None and episode_limit=None.
2026-09-20 19:39:55,979 - step_logger_train_123665802128976 - INFO - === BenchEnv5 initialized (mode=train, visualisation=False) ===
2026-09-20 19:40:00,467 - util.agent - INFO - update / exploration: 559.0/559.0 s |  16.9/ 18.4 steps/s |  9445/ 10273 steps, 100 episodes | 1403472/1413745 steps total, 12600 episodes total
2026-09-20 19:40:00,537 - util.agent - INFO - NET_SYNC ok #126 fp=4c76eff681d7 update=1403472
2026-09-20 19:40:02,254 - eve_rl.runner.runner - INFO - Saved policy snapshot at scheduled step 1410000 (current=1413745)
2026-09-20 19:40:02,255 - util.agent - DEBUG - explore (amount/limit): steps None/None | episodes 100/None || update (amount/limit): steps 10273.0/None
2026-09-20 19:44:40,101 - util.agent - DEBUG - exploration: steps=1421146 >= step_limit=inf or episodes=12700 >= episode_limit=12700. Setting time limit for workers to finish to 180s
2026-09-20 19:47:40,233 - util.agent - WARNING - Restaring Agent worker_0 because of Timeout
2026-09-20 19:47:40,234 - util.agent - DEBUG - Restarting Agent with task=None, step_limit=None and episode_limit=None.
2026-09-20 19:48:24,677 - step_logger_train_123662174791808 - INFO - === BenchEnv5 initialized (mode=train, visualisation=False) ===
2026-09-20 19:48:29,711 - util.agent - WARNING - Restaring Agent worker_7 because of Timeout
2026-09-20 19:48:29,712 - util.agent - DEBUG - Restarting Agent with task=None, step_limit=None and episode_limit=None.
2026-09-20 19:48:46,559 - step_logger_train_123662174960032 - INFO - === BenchEnv5 initialized (mode=train, visualisation=False) ===
2026-09-20 19:49:21,709 - util.agent - INFO - update / exploration: 559.5/529.1 s |  18.4/ 17.6 steps/s | 10273/  9315 steps, 100 episodes | 1413745/1423060 steps total, 12700 episodes total
2026-09-20 19:49:21,764 - util.agent - INFO - NET_SYNC ok #127 fp=fa28d4a200da update=1413745
2026-09-20 19:49:23,494 - eve_rl.runner.runner - INFO - Saved policy snapshot at scheduled step 1420000 (current=1423060)
2026-09-20 19:49:23,495 - util.agent - DEBUG - explore (amount/limit): steps None/None | episodes 100/None || update (amount/limit): steps 9315.0/None
2026-09-20 19:54:22,473 - util.agent - DEBUG - exploration: steps=1430711 >= step_limit=inf or episodes=12800 >= episode_limit=12800. Setting time limit for workers to finish to 180s
2026-09-20 19:58:11,090 - util.agent - INFO - update / exploration: 527.6/478.1 s |  17.7/ 24.0 steps/s |  9315/ 11461 steps, 100 episodes | 1423060/1434521 steps total, 12800 episodes total
2026-09-20 19:58:11,140 - util.agent - INFO - NET_SYNC ok #128 fp=252ccdf81a60 update=1423060
2026-09-20 19:58:12,853 - eve_rl.runner.runner - INFO - Saved policy snapshot at scheduled step 1430000 (current=1434521)
2026-09-20 19:58:12,853 - util.agent - DEBUG - explore (amount/limit): steps None/None | episodes 100/None || update (amount/limit): steps 11461.0/None
2026-09-20 20:03:28,637 - util.agent - DEBUG - exploration: steps=1442329 >= step_limit=inf or episodes=12900 >= episode_limit=12900. Setting time limit for workers to finish to 180s
2026-09-20 20:06:29,026 - util.agent - WARNING - Restaring Agent worker_15 because of Timeout
2026-09-20 20:06:29,027 - util.agent - DEBUG - Restarting Agent with task=None, step_limit=None and episode_limit=None.
2026-09-20 20:06:45,818 - step_logger_train_123659450559840 - INFO - === BenchEnv5 initialized (mode=train, visualisation=False) ===
2026-09-20 20:08:28,653 - util.agent - INFO - update / exploration: 615.8/518.3 s |  18.6/ 20.8 steps/s | 11461/ 10792 steps, 100 episodes | 1434521/1445313 steps total, 12900 episodes total
2026-09-20 20:08:28,711 - util.agent - INFO - NET_SYNC ok #129 fp=dd3494be335b update=1434521
2026-09-20 20:08:30,440 - eve_rl.runner.runner - INFO - Saved policy snapshot at scheduled step 1440000 (current=1445313)
2026-09-20 20:08:30,441 - util.agent - DEBUG - explore (amount/limit): steps None/None | episodes 100/None || update (amount/limit): steps 10792.0/None
2026-09-20 20:12:53,469 - util.agent - DEBUG - exploration: steps=1452855 >= step_limit=inf or episodes=13000 >= episode_limit=13000. Setting time limit for workers to finish to 180s
2026-09-20 20:17:45,164 - util.agent - INFO - update / exploration: 554.8/333.4 s |  19.5/ 27.6 steps/s | 10792/  9189 steps, 100 episodes | 1445313/1454502 steps total, 13000 episodes total
2026-09-20 20:17:45,268 - util.agent - INFO - NET_SYNC ok #130 fp=7102900545bb update=1445313
2026-09-20 20:17:47,061 - eve_rl.runner.runner - INFO - Saved policy snapshot at scheduled step 1450000 (current=1454502)
2026-09-20 20:17:47,061 - util.agent - DEBUG - explore (amount/limit): steps None/None | episodes 100/None || update (amount/limit): steps 9189.0/None
2026-09-20 20:22:24,899 - util.agent - DEBUG - exploration: steps=1461801 >= step_limit=inf or episodes=13100 >= episode_limit=13100. Setting time limit for workers to finish to 180s
2026-09-20 20:25:24,893 - util.agent - WARNING - Restaring Agent worker_3 because of Timeout
2026-09-20 20:25:24,893 - util.agent - DEBUG - Restarting Agent with task=None, step_limit=None and episode_limit=None.
2026-09-20 20:26:09,271 - step_logger_train_123660032526800 - INFO - === BenchEnv5 initialized (mode=train, visualisation=False) ===
2026-09-20 20:26:15,029 - util.agent - WARNING - Restaring Agent worker_14 because of Timeout
2026-09-20 20:26:15,030 - util.agent - DEBUG - Restarting Agent with task=None, step_limit=None and episode_limit=None.
2026-09-20 20:26:30,959 - step_logger_train_123662671439904 - INFO - === BenchEnv5 initialized (mode=train, visualisation=False) ===
2026-09-20 20:26:36,924 - util.agent - INFO - update / exploration: 529.9/529.9 s |  17.3/ 17.0 steps/s |  9189/  9013 steps, 100 episodes | 1454502/1463515 steps total, 13100 episodes total
2026-09-20 20:26:36,993 - util.agent - INFO - NET_SYNC ok #131 fp=bd058f8a7e97 update=1454502
2026-09-20 20:26:38,713 - eve_rl.runner.runner - INFO - Saved policy snapshot at scheduled step 1460000 (current=1463515)
2026-09-20 20:26:38,713 - util.agent - DEBUG - explore (amount/limit): steps None/None | episodes 100/None || update (amount/limit): steps 9013.0/None
2026-09-20 20:31:03,892 - util.agent - DEBUG - exploration: steps=1470983 >= step_limit=inf or episodes=13200 >= episode_limit=13200. Setting time limit for workers to finish to 180s
2026-09-20 20:34:03,946 - util.agent - WARNING - Restaring Agent worker_9 because of Timeout
2026-09-20 20:34:03,947 - util.agent - DEBUG - Restarting Agent with task=None, step_limit=None and episode_limit=None.
2026-09-20 20:34:46,411 - step_logger_train_123662054228800 - INFO - === BenchEnv5 initialized (mode=train, visualisation=False) ===
2026-09-20 20:34:56,386 - util.agent - INFO - update / exploration: 497.7/493.2 s |  18.1/ 18.6 steps/s |  9013/  9156 steps, 100 episodes | 1463515/1472671 steps total, 13200 episodes total
2026-09-20 20:34:56,436 - util.agent - INFO - NET_SYNC ok #132 fp=f3ad96d44473 update=1463515
2026-09-20 20:34:58,160 - eve_rl.runner.runner - INFO - Saved policy snapshot at scheduled step 1470000 (current=1472671)
2026-09-20 20:34:58,161 - util.agent - DEBUG - explore (amount/limit): steps None/None | episodes 100/None || update (amount/limit): steps 9156.0/None
2026-09-20 20:38:55,917 - util.agent - DEBUG - exploration: steps=1479685 >= step_limit=inf or episodes=13300 >= episode_limit=13300. Setting time limit for workers to finish to 180s
2026-09-20 20:42:55,008 - util.agent - INFO - update / exploration: 476.9/280.1 s |  19.2/ 29.7 steps/s |  9156/  8320 steps, 100 episodes | 1472671/1480991 steps total, 13300 episodes total
2026-09-20 20:42:55,057 - util.agent - INFO - NET_SYNC ok #133 fp=92f981c78967 update=1472671
2026-09-20 20:42:56,767 - eve_rl.runner.runner - INFO - Saved policy snapshot at scheduled step 1480000 (current=1480991)
2026-09-20 20:42:56,768 - util.agent - DEBUG - explore (amount/limit): steps None/None | episodes 100/None || update (amount/limit): steps 8320.0/None
2026-09-20 20:47:36,730 - util.agent - DEBUG - exploration: steps=1488363 >= step_limit=inf or episodes=13400 >= episode_limit=13400. Setting time limit for workers to finish to 180s
2026-09-20 20:50:48,315 - util.agent - INFO - update / exploration: 471.6/413.0 s |  17.6/ 24.4 steps/s |  8320/ 10064 steps, 100 episodes | 1480991/1491055 steps total, 13400 episodes total
2026-09-20 20:50:48,363 - util.agent - INFO - NET_SYNC ok #134 fp=aeb7254d67d4 update=1480991
2026-09-20 20:50:50,049 - eve_rl.runner.runner - INFO - Saved policy snapshot at scheduled step 1490000 (current=1491055)
2026-09-20 20:50:50,050 - util.agent - DEBUG - explore (amount/limit): steps None/None | episodes 100/None || update (amount/limit): steps 10064.0/None
2026-09-20 20:55:48,872 - util.agent - DEBUG - exploration: steps=1499171 >= step_limit=inf or episodes=13500 >= episode_limit=13500. Setting time limit for workers to finish to 180s
2026-09-20 20:59:52,590 - util.agent - INFO - update / exploration: 542.6/404.7 s |  18.5/ 25.6 steps/s | 10064/ 10344 steps, 100 episodes | 1491055/1501399 steps total, 13500 episodes total
2026-09-20 20:59:52,671 - util.agent - INFO - NET_SYNC ok #135 fp=4627052c11b7 update=1491055
2026-09-20 20:59:54,359 - eve_rl.runner.runner - INFO - Saved policy snapshot at scheduled step 1500000 (current=1501399)
2026-09-20 20:59:54,359 - util.agent - DEBUG - evaluate (amount/limit): steps None/None | episodes None/None | len(seeds)=98/options=None
2026-09-20 21:20:09,277 - util.agent - INFO - evaluation : 1215.4s |  10.9 steps/s |   13259 steps /   97 episodes | Total:   134856 steps /   684 episodes
2026-09-20 21:20:09,810 - eve_rl.runner.runner - INFO - Quality: 0.9183673469387755, Reward: 5.122302391172023, Exploration steps: 1501399
2026-09-20 21:20:32,761 - eve_rl.runner.runner - INFO - Saved replay buffer incrementally (+245310 new transitions) at eval #7
2026-09-20 21:20:32,762 - util.agent - DEBUG - explore (amount/limit): steps None/None | episodes 100/None || update (amount/limit): steps 10344.0/None
2026-09-20 21:26:45,634 - util.agent - DEBUG - exploration: steps=1509271 >= step_limit=inf or episodes=13600 >= episode_limit=13600. Setting time limit for workers to finish to 180s
2026-09-20 21:29:45,744 - util.agent - WARNING - Restaring Agent worker_8 because of Timeout
2026-09-20 21:29:45,744 - util.agent - DEBUG - Restarting Agent with task=None, step_limit=None and episode_limit=None.
2026-09-20 21:30:37,745 - step_logger_train_123661381259664 - INFO - === BenchEnv5 initialized (mode=train, visualisation=False) ===
2026-09-20 21:31:02,229 - util.agent - WARNING - Restaring Agent worker_9 because of Timeout
2026-09-20 21:31:02,231 - util.agent - DEBUG - Restarting Agent with task=None, step_limit=None and episode_limit=None.
2026-09-20 21:31:17,974 - step_logger_train_123662174814896 - INFO - === BenchEnv5 initialized (mode=train, visualisation=False) ===
2026-09-20 21:31:22,556 - util.agent - INFO - update / exploration: 649.8/649.8 s |  15.9/ 17.0 steps/s | 10344/ 11015 steps, 100 episodes | 1501399/1512414 steps total, 13600 episodes total
2026-09-20 21:31:22,637 - util.agent - INFO - NET_SYNC ok #136 fp=1f39ff967600 update=1501399
2026-09-20 21:31:24,539 - eve_rl.runner.runner - INFO - Saved policy snapshot at scheduled step 1510000 (current=1512414)
2026-09-20 21:31:24,539 - util.agent - DEBUG - explore (amount/limit): steps None/None | episodes 100/None || update (amount/limit): steps 11015.0/None
2026-09-20 21:36:11,218 - util.agent - DEBUG - exploration: steps=1520138 >= step_limit=inf or episodes=13700 >= episode_limit=13700. Setting time limit for workers to finish to 180s
2026-09-20 21:41:04,760 - util.agent - INFO - update / exploration: 580.3/446.8 s |  19.0/ 22.2 steps/s | 11015/  9932 steps, 100 episodes | 1512414/1522346 steps total, 13700 episodes total
2026-09-20 21:41:04,822 - util.agent - INFO - NET_SYNC ok #137 fp=146cc5bbdcfe update=1512414
2026-09-20 21:41:06,548 - eve_rl.runner.runner - INFO - Saved policy snapshot at scheduled step 1520000 (current=1522346)
2026-09-20 21:41:06,549 - util.agent - DEBUG - explore (amount/limit): steps None/None | episodes 100/None || update (amount/limit): steps 9932.0/None
2026-09-20 21:45:25,458 - util.agent - DEBUG - exploration: steps=1529659 >= step_limit=inf or episodes=13800 >= episode_limit=13800. Setting time limit for workers to finish to 180s
2026-09-20 21:49:47,202 - util.agent - INFO - update / exploration: 520.7/393.3 s |  19.1/ 23.0 steps/s |  9932/  9064 steps, 100 episodes | 1522346/1531410 steps total, 13800 episodes total
2026-09-20 21:49:47,253 - util.agent - INFO - NET_SYNC ok #138 fp=58782e0779cc update=1522346
2026-09-20 21:49:48,933 - eve_rl.runner.runner - INFO - Saved policy snapshot at scheduled step 1530000 (current=1531410)
2026-09-20 21:49:48,934 - util.agent - DEBUG - explore (amount/limit): steps None/None | episodes 100/None || update (amount/limit): steps 9064.0/None
2026-09-20 21:54:41,595 - util.agent - DEBUG - exploration: steps=1538897 >= step_limit=inf or episodes=13900 >= episode_limit=13900. Setting time limit for workers to finish to 180s
2026-09-20 21:58:16,558 - util.agent - INFO - update / exploration: 507.7/434.8 s |  17.9/ 23.7 steps/s |  9064/ 10288 steps, 100 episodes | 1531410/1541698 steps total, 13900 episodes total
2026-09-20 21:58:16,610 - util.agent - INFO - NET_SYNC ok #139 fp=5c460f22e3b1 update=1531410
2026-09-20 21:58:18,289 - eve_rl.runner.runner - INFO - Saved policy snapshot at scheduled step 1540000 (current=1541698)
2026-09-20 21:58:18,290 - util.agent - DEBUG - explore (amount/limit): steps None/None | episodes 100/None || update (amount/limit): steps 10288.0/None
2026-09-20 22:03:36,270 - util.agent - DEBUG - exploration: steps=1549247 >= step_limit=inf or episodes=14000 >= episode_limit=14000. Setting time limit for workers to finish to 180s
2026-09-20 22:07:47,489 - util.agent - INFO - update / exploration: 569.2/495.4 s |  18.1/ 22.6 steps/s | 10288/ 11214 steps, 100 episodes | 1541698/1552912 steps total, 14000 episodes total
2026-09-20 22:07:47,537 - util.agent - INFO - NET_SYNC ok #140 fp=c7762fa6538c update=1541698
2026-09-20 22:07:49,215 - eve_rl.runner.runner - INFO - Saved policy snapshot at scheduled step 1550000 (current=1552912)
2026-09-20 22:07:49,216 - util.agent - DEBUG - explore (amount/limit): steps None/None | episodes 100/None || update (amount/limit): steps 11214.0/None
2026-09-20 22:12:58,589 - util.agent - DEBUG - exploration: steps=1561029 >= step_limit=inf or episodes=14100 >= episode_limit=14100. Setting time limit for workers to finish to 180s
2026-09-20 22:15:58,994 - util.agent - WARNING - Restaring Agent worker_10 because of Timeout
2026-09-20 22:15:58,995 - util.agent - DEBUG - Restarting Agent with task=None, step_limit=None and episode_limit=None.
2026-09-20 22:16:46,584 - step_logger_train_123662174946160 - INFO - === BenchEnv5 initialized (mode=train, visualisation=False) ===
2026-09-20 22:17:55,063 - util.agent - INFO - update / exploration: 605.9/547.7 s |  18.5/ 18.9 steps/s | 11214/ 10347 steps, 100 episodes | 1552912/1563259 steps total, 14100 episodes total
2026-09-20 22:17:55,116 - util.agent - INFO - NET_SYNC ok #141 fp=f41be9564977 update=1552912
2026-09-20 22:17:56,909 - eve_rl.runner.runner - INFO - Saved policy snapshot at scheduled step 1560000 (current=1563259)
2026-09-20 22:17:56,910 - util.agent - DEBUG - explore (amount/limit): steps None/None | episodes 100/None || update (amount/limit): steps 10347.0/None
2026-09-20 22:23:00,072 - util.agent - DEBUG - exploration: steps=1570499 >= step_limit=inf or episodes=14200 >= episode_limit=14200. Setting time limit for workers to finish to 180s
2026-09-20 22:26:00,365 - util.agent - WARNING - Restaring Agent worker_3 because of Timeout
2026-09-20 22:26:00,366 - util.agent - DEBUG - Restarting Agent with task=None, step_limit=None and episode_limit=None.
2026-09-20 22:26:17,160 - step_logger_train_123661102082848 - INFO - === BenchEnv5 initialized (mode=train, visualisation=False) ===
2026-09-20 22:26:22,271 - util.agent - WARNING - Restaring Agent worker_9 because of Timeout
2026-09-20 22:26:22,272 - util.agent - DEBUG - Restarting Agent with task=None, step_limit=None and episode_limit=None.
2026-09-20 22:26:39,189 - step_logger_train_123662174854304 - INFO - === BenchEnv5 initialized (mode=train, visualisation=False) ===
2026-09-20 22:27:28,215 - util.agent - INFO - update / exploration: 571.3/527.3 s |  18.1/ 19.2 steps/s | 10347/ 10102 steps, 100 episodes | 1563259/1573361 steps total, 14200 episodes total
2026-09-20 22:27:28,265 - util.agent - INFO - NET_SYNC ok #142 fp=e7786f1ad636 update=1563259
2026-09-20 22:27:29,976 - eve_rl.runner.runner - INFO - Saved policy snapshot at scheduled step 1570000 (current=1573361)
2026-09-20 22:27:29,977 - util.agent - DEBUG - explore (amount/limit): steps None/None | episodes 100/None || update (amount/limit): steps 10102.0/None
2026-09-20 22:32:07,866 - util.agent - DEBUG - exploration: steps=1580903 >= step_limit=inf or episodes=14300 >= episode_limit=14300. Setting time limit for workers to finish to 180s
2026-09-20 22:36:26,068 - util.agent - INFO - update / exploration: 536.1/334.8 s |  18.8/ 27.5 steps/s | 10102/  9201 steps, 100 episodes | 1573361/1582562 steps total, 14300 episodes total
2026-09-20 22:36:26,118 - util.agent - INFO - NET_SYNC ok #143 fp=64f5d11f6e3a update=1573361
2026-09-20 22:36:27,945 - eve_rl.runner.runner - INFO - Saved policy snapshot at scheduled step 1580000 (current=1582562)
2026-09-20 22:36:27,945 - util.agent - DEBUG - explore (amount/limit): steps None/None | episodes 100/None || update (amount/limit): steps 9201.0/None
2026-09-20 22:40:44,686 - util.agent - DEBUG - exploration: steps=1589814 >= step_limit=inf or episodes=14400 >= episode_limit=14400. Setting time limit for workers to finish to 180s
2026-09-20 22:44:41,874 - util.agent - INFO - update / exploration: 494.0/375.8 s |  18.6/ 24.4 steps/s |  9201/  9175 steps, 100 episodes | 1582562/1591737 steps total, 14400 episodes total
2026-09-20 22:44:41,926 - util.agent - INFO - NET_SYNC ok #144 fp=36541788ee21 update=1582562
2026-09-20 22:44:43,611 - eve_rl.runner.runner - INFO - Saved policy snapshot at scheduled step 1590000 (current=1591737)
2026-09-20 22:44:43,612 - util.agent - DEBUG - explore (amount/limit): steps None/None | episodes 100/None || update (amount/limit): steps 9175.0/None
2026-09-20 22:49:44,601 - util.agent - DEBUG - exploration: steps=1599181 >= step_limit=inf or episodes=14500 >= episode_limit=14500. Setting time limit for workers to finish to 180s
2026-09-20 22:52:45,119 - util.agent - WARNING - Restaring Agent worker_0 because of Timeout
2026-09-20 22:52:45,120 - util.agent - DEBUG - Restarting Agent with task=None, step_limit=None and episode_limit=None.
2026-09-20 22:53:34,276 - step_logger_train_123665849737760 - INFO - === BenchEnv5 initialized (mode=train, visualisation=False) ===
2026-09-20 22:53:39,163 - util.agent - WARNING - Restaring Agent worker_4 because of Timeout
2026-09-20 22:53:39,164 - util.agent - DEBUG - Restarting Agent with task=None, step_limit=None and episode_limit=None.
2026-09-20 22:53:54,891 - step_logger_train_123661275366928 - INFO - === BenchEnv5 initialized (mode=train, visualisation=False) ===
2026-09-20 22:53:59,931 - util.agent - WARNING - Restaring Agent worker_13 because of Timeout
2026-09-20 22:53:59,932 - util.agent - DEBUG - Restarting Agent with task=None, step_limit=None and episode_limit=None.
2026-09-20 22:54:15,334 - step_logger_train_123662174815952 - INFO - === BenchEnv5 initialized (mode=train, visualisation=False) ===
2026-09-20 22:54:20,372 - util.agent - INFO - update / exploration: 576.8/576.7 s |  15.9/ 17.3 steps/s |  9175/  9957 steps, 100 episodes | 1591737/1601694 steps total, 14500 episodes total
2026-09-20 22:54:20,442 - util.agent - INFO - NET_SYNC ok #145 fp=d3d59d610383 update=1591737
2026-09-20 22:54:22,155 - eve_rl.runner.runner - INFO - Saved policy snapshot at scheduled step 1600000 (current=1601694)
2026-09-20 22:54:22,156 - util.agent - DEBUG - explore (amount/limit): steps None/None | episodes 100/None || update (amount/limit): steps 9957.0/None
2026-09-20 22:58:41,041 - util.agent - DEBUG - exploration: steps=1609065 >= step_limit=inf or episodes=14600 >= episode_limit=14600. Setting time limit for workers to finish to 180s
2026-09-20 23:01:41,536 - util.agent - WARNING - Restaring Agent worker_14 because of Timeout
2026-09-20 23:01:41,537 - util.agent - DEBUG - Restarting Agent with task=None, step_limit=None and episode_limit=None.
2026-09-20 23:01:58,361 - step_logger_train_123662659431392 - INFO - === BenchEnv5 initialized (mode=train, visualisation=False) ===
2026-09-20 23:03:15,974 - util.agent - INFO - update / exploration: 533.8/462.7 s |  18.7/ 20.3 steps/s |  9957/  9377 steps, 100 episodes | 1601694/1611071 steps total, 14600 episodes total
2026-09-20 23:03:16,024 - util.agent - INFO - NET_SYNC ok #146 fp=e713fa69468f update=1601694
2026-09-20 23:03:17,734 - eve_rl.runner.runner - INFO - Saved policy snapshot at scheduled step 1610000 (current=1611071)
2026-09-20 23:03:17,735 - util.agent - DEBUG - explore (amount/limit): steps None/None | episodes 100/None || update (amount/limit): steps 9377.0/None
2026-09-20 23:07:19,737 - util.agent - DEBUG - exploration: steps=1617924 >= step_limit=inf or episodes=14700 >= episode_limit=14700. Setting time limit for workers to finish to 180s
2026-09-20 23:11:30,957 - util.agent - INFO - update / exploration: 493.2/338.8 s |  19.0/ 25.9 steps/s |  9377/  8760 steps, 100 episodes | 1611071/1619831 steps total, 14700 episodes total
2026-09-20 23:11:31,006 - util.agent - INFO - NET_SYNC ok #147 fp=a29c87c5e8d6 update=1611071
2026-09-20 23:11:32,715 - util.agent - DEBUG - explore (amount/limit): steps None/None | episodes 100/None || update (amount/limit): steps 8760.0/None
2026-09-20 23:16:21,130 - util.agent - DEBUG - exploration: steps=1627013 >= step_limit=inf or episodes=14800 >= episode_limit=14800. Setting time limit for workers to finish to 180s
2026-09-20 23:19:50,487 - util.agent - INFO - update / exploration: 497.8/421.7 s |  17.6/ 23.6 steps/s |  8760/  9962 steps, 100 episodes | 1619831/1629793 steps total, 14800 episodes total
2026-09-20 23:19:50,539 - util.agent - INFO - NET_SYNC ok #148 fp=1438d3ba4b4d update=1619831
2026-09-20 23:19:52,297 - eve_rl.runner.runner - INFO - Saved policy snapshot at scheduled step 1620000 (current=1629793)
2026-09-20 23:19:52,298 - util.agent - DEBUG - explore (amount/limit): steps None/None | episodes 100/None || update (amount/limit): steps 9962.0/None
2026-09-20 23:24:30,175 - util.agent - DEBUG - exploration: steps=1637052 >= step_limit=inf or episodes=14900 >= episode_limit=14900. Setting time limit for workers to finish to 180s
2026-09-20 23:27:30,340 - util.agent - WARNING - Restaring Agent worker_9 because of Timeout
2026-09-20 23:27:30,340 - util.agent - DEBUG - Restarting Agent with task=None, step_limit=None and episode_limit=None.
2026-09-20 23:28:12,375 - step_logger_train_123661370029776 - INFO - === BenchEnv5 initialized (mode=train, visualisation=False) ===
2026-09-20 23:28:53,337 - util.agent - INFO - update / exploration: 541.1/505.7 s |  18.4/ 19.0 steps/s |  9962/  9623 steps, 100 episodes | 1629793/1639416 steps total, 14900 episodes total
2026-09-20 23:28:53,389 - util.agent - INFO - NET_SYNC ok #149 fp=59b28792d188 update=1629793
2026-09-20 23:28:55,107 - eve_rl.runner.runner - INFO - Saved policy snapshot at scheduled step 1630000 (current=1639416)
2026-09-20 23:28:55,108 - util.agent - DEBUG - explore (amount/limit): steps None/None | episodes 100/None || update (amount/limit): steps 9623.0/None
2026-09-20 23:33:11,705 - util.agent - DEBUG - exploration: steps=1646859 >= step_limit=inf or episodes=15000 >= episode_limit=15000. Setting time limit for workers to finish to 180s
2026-09-20 23:37:20,375 - util.agent - INFO - update / exploration: 505.3/313.6 s |  19.0/ 27.7 steps/s |  9623/  8698 steps, 100 episodes | 1639416/1648114 steps total, 15000 episodes total
2026-09-20 23:37:20,423 - util.agent - INFO - NET_SYNC ok #150 fp=410fdeb62737 update=1639416
2026-09-20 23:37:22,126 - eve_rl.runner.runner - INFO - Saved policy snapshot at scheduled step 1640000 (current=1648114)
2026-09-20 23:37:22,127 - util.agent - DEBUG - explore (amount/limit): steps None/None | episodes 100/None || update (amount/limit): steps 8698.0/None
2026-09-20 23:41:57,869 - util.agent - DEBUG - exploration: steps=1655613 >= step_limit=inf or episodes=15100 >= episode_limit=15100. Setting time limit for workers to finish to 180s
2026-09-20 23:45:19,956 - util.agent - INFO - update / exploration: 477.9/381.1 s |  18.2/ 24.6 steps/s |  8698/  9383 steps, 100 episodes | 1648114/1657497 steps total, 15100 episodes total
2026-09-20 23:45:20,006 - util.agent - INFO - NET_SYNC ok #151 fp=0d19840e2fe8 update=1648114
2026-09-20 23:45:21,723 - eve_rl.runner.runner - INFO - Saved policy snapshot at scheduled step 1650000 (current=1657497)
2026-09-20 23:45:21,724 - util.agent - DEBUG - explore (amount/limit): steps None/None | episodes 100/None || update (amount/limit): steps 9383.0/None
2026-09-20 23:49:42,757 - util.agent - DEBUG - exploration: steps=1665125 >= step_limit=inf or episodes=15200 >= episode_limit=15200. Setting time limit for workers to finish to 180s
2026-09-20 23:53:43,281 - util.agent - INFO - update / exploration: 501.6/380.4 s |  18.7/ 24.7 steps/s |  9383/  9408 steps, 100 episodes | 1657497/1666905 steps total, 15200 episodes total
2026-09-20 23:53:43,334 - util.agent - INFO - NET_SYNC ok #152 fp=52369df9bdd2 update=1657497
2026-09-20 23:53:45,038 - eve_rl.runner.runner - INFO - Saved policy snapshot at scheduled step 1660000 (current=1666905)
2026-09-20 23:53:45,039 - util.agent - DEBUG - explore (amount/limit): steps None/None | episodes 100/None || update (amount/limit): steps 9408.0/None
2026-09-20 23:58:50,276 - util.agent - DEBUG - exploration: steps=1674582 >= step_limit=inf or episodes=15300 >= episode_limit=15300. Setting time limit for workers to finish to 180s
2026-09-21 00:01:50,637 - util.agent - WARNING - Restaring Agent worker_4 because of Timeout
2026-09-21 00:01:50,638 - util.agent - DEBUG - Restarting Agent with task=None, step_limit=None and episode_limit=None.
2026-09-21 00:02:34,242 - step_logger_train_123662175829104 - INFO - === BenchEnv5 initialized (mode=train, visualisation=False) ===
2026-09-21 00:02:39,786 - util.agent - WARNING - Restaring Agent worker_12 because of Timeout
2026-09-21 00:02:39,787 - util.agent - DEBUG - Restarting Agent with task=None, step_limit=None and episode_limit=None.
2026-09-21 00:02:55,288 - step_logger_train_123661146637888 - INFO - === BenchEnv5 initialized (mode=train, visualisation=False) ===
2026-09-21 00:03:01,244 - util.agent - INFO - update / exploration: 556.2/556.2 s |  16.9/ 18.6 steps/s |  9408/ 10363 steps, 100 episodes | 1666905/1677268 steps total, 15300 episodes total
2026-09-21 00:03:01,310 - util.agent - INFO - NET_SYNC ok #153 fp=ad360443b4d4 update=1666905
2026-09-21 00:03:03,038 - eve_rl.runner.runner - INFO - Saved policy snapshot at scheduled step 1670000 (current=1677268)
2026-09-21 00:03:03,038 - util.agent - DEBUG - explore (amount/limit): steps None/None | episodes 100/None || update (amount/limit): steps 10363.0/None
2026-09-21 00:07:45,090 - util.agent - DEBUG - exploration: steps=1685085 >= step_limit=inf or episodes=15400 >= episode_limit=15400. Setting time limit for workers to finish to 180s
2026-09-21 00:10:45,309 - util.agent - WARNING - Restaring Agent worker_5 because of Timeout
2026-09-21 00:10:45,310 - util.agent - DEBUG - Restarting Agent with task=None, step_limit=None and episode_limit=None.
2026-09-21 00:11:02,499 - step_logger_train_123660029834624 - INFO - === BenchEnv5 initialized (mode=train, visualisation=False) ===
2026-09-21 00:11:09,263 - util.agent - WARNING - Restaring Agent worker_13 because of Timeout
2026-09-21 00:11:09,264 - util.agent - DEBUG - Restarting Agent with task=None, step_limit=None and episode_limit=None.
2026-09-21 00:11:21,527 - step_logger_train_123662672124320 - INFO - === BenchEnv5 initialized (mode=train, visualisation=False) ===
2026-09-21 00:12:26,203 - util.agent - INFO - update / exploration: 563.2/503.4 s |  18.4/ 20.4 steps/s | 10363/ 10257 steps, 100 episodes | 1677268/1687525 steps total, 15400 episodes total
2026-09-21 00:12:26,253 - util.agent - INFO - NET_SYNC ok #154 fp=ea9f2ae42907 update=1677268
2026-09-21 00:12:27,965 - eve_rl.runner.runner - INFO - Saved policy snapshot at scheduled step 1680000 (current=1687525)
2026-09-21 00:12:27,966 - util.agent - DEBUG - explore (amount/limit): steps None/None | episodes 100/None || update (amount/limit): steps 10257.0/None
2026-09-21 00:16:44,703 - util.agent - DEBUG - exploration: steps=1694996 >= step_limit=inf or episodes=15500 >= episode_limit=15500. Setting time limit for workers to finish to 180s
2026-09-21 00:19:44,788 - util.agent - WARNING - Restaring Agent worker_7 because of Timeout
2026-09-21 00:19:44,789 - util.agent - DEBUG - Restarting Agent with task=None, step_limit=None and episode_limit=None.
2026-09-21 00:20:29,631 - step_logger_train_123662654883584 - INFO - === BenchEnv5 initialized (mode=train, visualisation=False) ===
2026-09-21 00:20:36,077 - util.agent - WARNING - Restaring Agent worker_9 because of Timeout
2026-09-21 00:20:36,079 - util.agent - DEBUG - Restarting Agent with task=None, step_limit=None and episode_limit=None.
2026-09-21 00:20:52,824 - step_logger_train_123661275328912 - INFO - === BenchEnv5 initialized (mode=train, visualisation=False) ===
2026-09-21 00:21:46,486 - util.agent - INFO - update / exploration: 558.6/510.2 s |  18.4/ 17.8 steps/s | 10257/  9060 steps, 100 episodes | 1687525/1696585 steps total, 15500 episodes total
2026-09-21 00:21:46,536 - util.agent - INFO - NET_SYNC ok #155 fp=62524f95e2bc update=1687525
2026-09-21 00:21:48,257 - eve_rl.runner.runner - INFO - Saved policy snapshot at scheduled step 1690000 (current=1696585)
2026-09-21 00:21:48,257 - util.agent - DEBUG - explore (amount/limit): steps None/None | episodes 100/None || update (amount/limit): steps 9060.0/None
2026-09-21 00:26:17,660 - util.agent - DEBUG - exploration: steps=1704177 >= step_limit=inf or episodes=15600 >= episode_limit=15600. Setting time limit for workers to finish to 180s
2026-09-21 00:29:17,902 - util.agent - WARNING - Restaring Agent worker_1 because of Timeout
2026-09-21 00:29:17,903 - util.agent - DEBUG - Restarting Agent with task=None, step_limit=None and episode_limit=None.
2026-09-21 00:29:34,693 - step_logger_train_123662178359472 - INFO - === BenchEnv5 initialized (mode=train, visualisation=False) ===
2026-09-21 00:30:03,149 - util.agent - INFO - update / exploration: 494.9/472.4 s |  18.3/ 19.3 steps/s |  9060/  9100 steps, 100 episodes | 1696585/1705685 steps total, 15600 episodes total
2026-09-21 00:30:03,198 - util.agent - INFO - NET_SYNC ok #156 fp=4a963130faa4 update=1696585
2026-09-21 00:30:04,908 - eve_rl.runner.runner - INFO - Saved policy snapshot at scheduled step 1700000 (current=1705685)
2026-09-21 00:30:04,909 - util.agent - DEBUG - explore (amount/limit): steps None/None | episodes 100/None || update (amount/limit): steps 9100.0/None
2026-09-21 00:34:34,349 - util.agent - DEBUG - exploration: steps=1712729 >= step_limit=inf or episodes=15700 >= episode_limit=15700. Setting time limit for workers to finish to 180s
2026-09-21 00:37:35,008 - util.agent - WARNING - Restaring Agent worker_1 because of Timeout
2026-09-21 00:37:35,009 - util.agent - DEBUG - Restarting Agent with task=None, step_limit=None and episode_limit=None.
2026-09-21 00:37:52,227 - step_logger_train_123662174886112 - INFO - === BenchEnv5 initialized (mode=train, visualisation=False) ===
2026-09-21 00:37:58,180 - util.agent - WARNING - Restaring Agent worker_14 because of Timeout
2026-09-21 00:37:58,182 - util.agent - DEBUG - Restarting Agent with task=None, step_limit=None and episode_limit=None.
2026-09-21 00:38:14,496 - step_logger_train_123662174816192 - INFO - === BenchEnv5 initialized (mode=train, visualisation=False) ===
2026-09-21 00:38:40,486 - util.agent - INFO - update / exploration: 515.6/494.7 s |  17.6/ 19.7 steps/s |  9100/  9729 steps, 100 episodes | 1705685/1715414 steps total, 15700 episodes total
2026-09-21 00:38:40,538 - util.agent - INFO - NET_SYNC ok #157 fp=4fea1aa836e7 update=1705685
2026-09-21 00:38:42,253 - eve_rl.runner.runner - INFO - Saved policy snapshot at scheduled step 1710000 (current=1715414)
2026-09-21 00:38:42,253 - util.agent - DEBUG - explore (amount/limit): steps None/None | episodes 100/None || update (amount/limit): steps 9729.0/None
2026-09-21 00:43:17,967 - util.agent - DEBUG - exploration: steps=1722581 >= step_limit=inf or episodes=15800 >= episode_limit=15800. Setting time limit for workers to finish to 180s
2026-09-21 00:46:18,502 - util.agent - WARNING - Restaring Agent worker_3 because of Timeout
2026-09-21 00:46:18,502 - util.agent - DEBUG - Restarting Agent with task=None, step_limit=None and episode_limit=None.
2026-09-21 00:46:36,466 - step_logger_train_123662174829584 - INFO - === BenchEnv5 initialized (mode=train, visualisation=False) ===
2026-09-21 00:46:42,863 - util.agent - WARNING - Restaring Agent worker_7 because of Timeout
2026-09-21 00:46:42,864 - util.agent - DEBUG - Restarting Agent with task=None, step_limit=None and episode_limit=None.
2026-09-21 00:46:59,613 - step_logger_train_123665933222768 - INFO - === BenchEnv5 initialized (mode=train, visualisation=False) ===
2026-09-21 00:47:04,715 - util.agent - WARNING - Restaring Agent worker_9 because of Timeout
2026-09-21 00:47:04,716 - util.agent - DEBUG - Restarting Agent with task=None, step_limit=None and episode_limit=None.
2026-09-21 00:47:16,661 - step_logger_train_123662174961968 - INFO - === BenchEnv5 initialized (mode=train, visualisation=False) ===
2026-09-21 00:47:40,653 - util.agent - INFO - update / exploration: 538.4/519.3 s |  18.1/ 19.3 steps/s |  9729/ 10012 steps, 100 episodes | 1715414/1725426 steps total, 15800 episodes total
2026-09-21 00:47:40,704 - util.agent - INFO - NET_SYNC ok #158 fp=79bf803ea85d update=1715414
2026-09-21 00:47:42,417 - eve_rl.runner.runner - INFO - Saved policy snapshot at scheduled step 1720000 (current=1725426)
2026-09-21 00:47:42,418 - util.agent - DEBUG - explore (amount/limit): steps None/None | episodes 100/None || update (amount/limit): steps 10012.0/None
2026-09-21 00:51:38,113 - util.agent - DEBUG - exploration: steps=1732600 >= step_limit=inf or episodes=15900 >= episode_limit=15900. Setting time limit for workers to finish to 180s
2026-09-21 00:54:38,713 - util.agent - WARNING - Restaring Agent worker_8 because of Timeout
2026-09-21 00:54:38,714 - util.agent - DEBUG - Restarting Agent with task=None, step_limit=None and episode_limit=None.
2026-09-21 00:54:55,952 - step_logger_train_123661240203680 - INFO - === BenchEnv5 initialized (mode=train, visualisation=False) ===
2026-09-21 00:55:01,321 - util.agent - WARNING - Restaring Agent worker_9 because of Timeout
2026-09-21 00:55:01,323 - util.agent - DEBUG - Restarting Agent with task=None, step_limit=None and episode_limit=None.
2026-09-21 00:55:17,701 - step_logger_train_123662174854064 - INFO - === BenchEnv5 initialized (mode=train, visualisation=False) ===
2026-09-21 00:56:27,346 - util.agent - INFO - update / exploration: 525.0/460.1 s |  19.1/ 18.2 steps/s | 10012/  8373 steps, 100 episodes | 1725426/1733799 steps total, 15900 episodes total
2026-09-21 00:56:27,399 - util.agent - INFO - NET_SYNC ok #159 fp=98960b2685ec update=1725426
2026-09-21 00:56:29,110 - eve_rl.runner.runner - INFO - Saved policy snapshot at scheduled step 1730000 (current=1733799)
2026-09-21 00:56:29,110 - util.agent - DEBUG - explore (amount/limit): steps None/None | episodes 100/None || update (amount/limit): steps 8373.0/None
2026-09-21 01:00:20,530 - util.agent - DEBUG - exploration: steps=1740896 >= step_limit=inf or episodes=16000 >= episode_limit=16000. Setting time limit for workers to finish to 180s
2026-09-21 01:03:56,111 - util.agent - INFO - update / exploration: 447.0/280.0 s |  18.7/ 30.1 steps/s |  8373/  8418 steps, 100 episodes | 1733799/1742217 steps total, 16000 episodes total
2026-09-21 01:03:56,161 - util.agent - INFO - NET_SYNC ok #160 fp=f7b2d1b21f72 update=1733799
2026-09-21 01:03:57,877 - eve_rl.runner.runner - INFO - Saved policy snapshot at scheduled step 1740000 (current=1742217)
2026-09-21 01:03:57,877 - util.agent - DEBUG - explore (amount/limit): steps None/None | episodes 100/None || update (amount/limit): steps 8418.0/None
2026-09-21 01:08:27,274 - util.agent - DEBUG - exploration: steps=1749627 >= step_limit=inf or episodes=16100 >= episode_limit=16100. Setting time limit for workers to finish to 180s
2026-09-21 01:11:27,831 - util.agent - WARNING - Restaring Agent worker_5 because of Timeout
2026-09-21 01:11:27,831 - util.agent - DEBUG - Restarting Agent with task=None, step_limit=None and episode_limit=None.
2026-09-21 01:12:10,247 - step_logger_train_123662174470688 - INFO - === BenchEnv5 initialized (mode=train, visualisation=False) ===
2026-09-21 01:12:14,890 - util.agent - WARNING - Restaring Agent worker_10 because of Timeout
2026-09-21 01:12:14,892 - util.agent - DEBUG - Restarting Agent with task=None, step_limit=None and episode_limit=None.
2026-09-21 01:12:30,449 - step_logger_train_123665762724496 - INFO - === BenchEnv5 initialized (mode=train, visualisation=False) ===
2026-09-21 01:12:35,111 - util.agent - INFO - update / exploration: 517.3/517.2 s |  16.3/ 17.9 steps/s |  8418/  9280 steps, 100 episodes | 1742217/1751497 steps total, 16100 episodes total
2026-09-21 01:12:35,183 - util.agent - INFO - NET_SYNC ok #161 fp=e797b58dc4da update=1742217
2026-09-21 01:12:36,899 - eve_rl.runner.runner - INFO - Saved policy snapshot at scheduled step 1750000 (current=1751497)
2026-09-21 01:12:36,928 - util.agent - DEBUG - evaluate (amount/limit): steps None/None | episodes None/None | len(seeds)=98/options=None
2026-09-21 01:30:54,653 - util.agent - INFO - evaluation : 1097.8s |  13.2 steps/s |   14467 steps /   98 episodes | Total:   149323 steps /   782 episodes
2026-09-21 01:31:01,586 - eve_rl.runner.runner - INFO - Quality: 0.8979591836734694, Reward: 4.961385105777439, Exploration steps: 1751497
2026-09-21 01:31:40,641 - eve_rl.runner.runner - INFO - Saved replay buffer incrementally (+250098 new transitions) at eval #8
2026-09-21 01:31:40,642 - util.agent - DEBUG - explore (amount/limit): steps None/None | episodes 100/None || update (amount/limit): steps 9280.0/None
2026-09-21 01:44:02,185 - util.agent - DEBUG - exploration: steps=1758888 >= step_limit=inf or episodes=16200 >= episode_limit=16200. Setting time limit for workers to finish to 180s
2026-09-21 01:47:02,677 - util.agent - WARNING - Restaring Agent worker_2 because of Timeout
2026-09-21 01:47:02,678 - util.agent - DEBUG - Restarting Agent with task=None, step_limit=None and episode_limit=None.
2026-09-21 01:47:58,733 - step_logger_train_123661403097120 - INFO - === BenchEnv5 initialized (mode=train, visualisation=False) ===
2026-09-21 01:48:28,508 - util.agent - WARNING - Restaring Agent worker_11 because of Timeout
2026-09-21 01:48:28,511 - util.agent - DEBUG - Restarting Agent with task=None, step_limit=None and episode_limit=None.
2026-09-21 01:48:46,684 - step_logger_train_123662055774624 - INFO - === BenchEnv5 initialized (mode=train, visualisation=False) ===
2026-09-21 01:48:52,107 - util.agent - WARNING - Restaring Agent worker_13 because of Timeout
2026-09-21 01:48:52,108 - util.agent - DEBUG - Restarting Agent with task=None, step_limit=None and episode_limit=None.
2026-09-21 01:49:08,803 - step_logger_train_123659425413632 - INFO - === BenchEnv5 initialized (mode=train, visualisation=False) ===
2026-09-21 01:50:17,115 - util.agent - INFO - update / exploration: 1116.5/1053.0 s |   8.3/  9.7 steps/s |  9280/ 10218 steps, 100 episodes | 1751497/1761715 steps total, 16200 episodes total
2026-09-21 01:50:17,172 - util.agent - INFO - NET_SYNC ok #162 fp=e59b5399e599 update=1751497
2026-09-21 01:50:18,857 - eve_rl.runner.runner - INFO - Saved policy snapshot at scheduled step 1760000 (current=1761715)
2026-09-21 01:50:18,857 - util.agent - DEBUG - explore (amount/limit): steps None/None | episodes 100/None || update (amount/limit): steps 10218.0/None
2026-09-21 01:55:09,360 - util.agent - DEBUG - exploration: steps=1769690 >= step_limit=inf or episodes=16300 >= episode_limit=16300. Setting time limit for workers to finish to 180s
2026-09-21 01:58:09,585 - util.agent - WARNING - Restaring Agent worker_1 because of Timeout
2026-09-21 01:58:09,586 - util.agent - DEBUG - Restarting Agent with task=None, step_limit=None and episode_limit=None.
2026-09-21 01:58:26,300 - step_logger_train_123662174959696 - INFO - === BenchEnv5 initialized (mode=train, visualisation=False) ===
2026-09-21 01:59:25,920 - util.agent - INFO - update / exploration: 547.1/493.6 s |  18.7/ 19.1 steps/s | 10218/  9431 steps, 100 episodes | 1761715/1771146 steps total, 16300 episodes total
2026-09-21 01:59:25,972 - util.agent - INFO - NET_SYNC ok #163 fp=29eaff698046 update=1761715
2026-09-21 01:59:27,685 - eve_rl.runner.runner - INFO - Saved policy snapshot at scheduled step 1770000 (current=1771146)
2026-09-21 01:59:27,686 - util.agent - DEBUG - explore (amount/limit): steps None/None | episodes 100/None || update (amount/limit): steps 9431.0/None
2026-09-21 02:04:26,607 - util.agent - DEBUG - exploration: steps=1778680 >= step_limit=inf or episodes=16400 >= episode_limit=16400. Setting time limit for workers to finish to 180s
2026-09-21 02:07:26,678 - util.agent - WARNING - Restaring Agent worker_1 because of Timeout
2026-09-21 02:07:26,679 - util.agent - DEBUG - Restarting Agent with task=None, step_limit=None and episode_limit=None.
2026-09-21 02:08:10,171 - step_logger_train_123660027795920 - INFO - === BenchEnv5 initialized (mode=train, visualisation=False) ===
2026-09-21 02:08:15,397 - util.agent - WARNING - Restaring Agent worker_4 because of Timeout
2026-09-21 02:08:15,399 - util.agent - DEBUG - Restarting Agent with task=None, step_limit=None and episode_limit=None.
2026-09-21 02:08:32,140 - step_logger_train_123665934830224 - INFO - === BenchEnv5 initialized (mode=train, visualisation=False) ===
2026-09-21 02:08:36,869 - util.agent - WARNING - Restaring Agent worker_9 because of Timeout
2026-09-21 02:08:36,870 - util.agent - DEBUG - Restarting Agent with task=None, step_limit=None and episode_limit=None.
2026-09-21 02:08:52,046 - step_logger_train_123662175825440 - INFO - === BenchEnv5 initialized (mode=train, visualisation=False) ===
2026-09-21 02:08:56,556 - util.agent - WARNING - Restaring Agent worker_12 because of Timeout
2026-09-21 02:08:56,560 - util.agent - DEBUG - Restarting Agent with task=None, step_limit=None and episode_limit=None.
2026-09-21 02:09:11,803 - step_logger_train_123662174816480 - INFO - === BenchEnv5 initialized (mode=train, visualisation=False) ===
2026-09-21 02:09:16,251 - util.agent - INFO - update / exploration: 588.6/588.6 s |  16.0/ 17.6 steps/s |  9431/ 10369 steps, 100 episodes | 1771146/1781515 steps total, 16400 episodes total
2026-09-21 02:09:16,314 - util.agent - INFO - NET_SYNC ok #164 fp=776cb4f03198 update=1771146
2026-09-21 02:09:18,100 - eve_rl.runner.runner - INFO - Saved policy snapshot at scheduled step 1780000 (current=1781515)
2026-09-21 02:09:18,101 - util.agent - DEBUG - explore (amount/limit): steps None/None | episodes 100/None || update (amount/limit): steps 10369.0/None
2026-09-21 02:13:50,121 - util.agent - DEBUG - exploration: steps=1789071 >= step_limit=inf or episodes=16500 >= episode_limit=16500. Setting time limit for workers to finish to 180s
2026-09-21 02:16:50,383 - util.agent - WARNING - Restaring Agent worker_2 because of Timeout
2026-09-21 02:16:50,384 - util.agent - DEBUG - Restarting Agent with task=None, step_limit=None and episode_limit=None.
2026-09-21 02:17:06,756 - step_logger_train_123661381952656 - INFO - === BenchEnv5 initialized (mode=train, visualisation=False) ===
2026-09-21 02:18:30,499 - util.agent - INFO - update / exploration: 552.5/473.7 s |  18.8/ 20.0 steps/s | 10369/  9466 steps, 100 episodes | 1781515/1790981 steps total, 16500 episodes total
2026-09-21 02:18:30,549 - util.agent - INFO - NET_SYNC ok #165 fp=df27e59066ef update=1781515
2026-09-21 02:18:32,255 - eve_rl.runner.runner - INFO - Saved policy snapshot at scheduled step 1790000 (current=1790981)
2026-09-21 02:18:32,255 - util.agent - DEBUG - explore (amount/limit): steps None/None | episodes 100/None || update (amount/limit): steps 9466.0/None
2026-09-21 02:22:44,775 - util.agent - DEBUG - exploration: steps=1798268 >= step_limit=inf or episodes=16600 >= episode_limit=16600. Setting time limit for workers to finish to 180s
2026-09-21 02:25:44,990 - util.agent - WARNING - Restaring Agent worker_3 because of Timeout
2026-09-21 02:25:44,990 - util.agent - DEBUG - Restarting Agent with task=None, step_limit=None and episode_limit=None.
2026-09-21 02:26:01,611 - step_logger_train_123660027778240 - INFO - === BenchEnv5 initialized (mode=train, visualisation=False) ===
2026-09-21 02:27:06,005 - util.agent - INFO - update / exploration: 513.8/454.2 s |  18.4/ 20.7 steps/s |  9466/  9381 steps, 100 episodes | 1790981/1800362 steps total, 16600 episodes total
2026-09-21 02:27:06,056 - util.agent - INFO - NET_SYNC ok #166 fp=5ca92de27150 update=1790981
2026-09-21 02:27:07,776 - eve_rl.runner.runner - INFO - Saved policy snapshot at scheduled step 1800000 (current=1800362)
2026-09-21 02:27:07,777 - util.agent - DEBUG - explore (amount/limit): steps None/None | episodes 100/None || update (amount/limit): steps 9381.0/None
2026-09-21 02:32:12,995 - util.agent - DEBUG - exploration: steps=1807852 >= step_limit=inf or episodes=16700 >= episode_limit=16700. Setting time limit for workers to finish to 180s
2026-09-21 02:35:13,427 - util.agent - WARNING - Restaring Agent worker_15 because of Timeout
2026-09-21 02:35:13,428 - util.agent - DEBUG - Restarting Agent with task=None, step_limit=None and episode_limit=None.
2026-09-21 02:35:30,203 - step_logger_train_123661150994688 - INFO - === BenchEnv5 initialized (mode=train, visualisation=False) ===
2026-09-21 02:36:00,721 - util.agent - INFO - update / exploration: 533.0/508.1 s |  17.6/ 22.1 steps/s |  9381/ 11242 steps, 100 episodes | 1800362/1811604 steps total, 16700 episodes total
2026-09-21 02:36:00,772 - util.agent - INFO - NET_SYNC ok #167 fp=86319f0b8c7c update=1800362
2026-09-21 02:36:02,485 - eve_rl.runner.runner - INFO - Saved policy snapshot at scheduled step 1810000 (current=1811604)
2026-09-21 02:36:02,486 - util.agent - DEBUG - explore (amount/limit): steps None/None | episodes 100/None || update (amount/limit): steps 11242.0/None
2026-09-21 02:40:44,594 - util.agent - DEBUG - exploration: steps=1819076 >= step_limit=inf or episodes=16800 >= episode_limit=16800. Setting time limit for workers to finish to 180s
2026-09-21 02:45:48,914 - util.agent - INFO - update / exploration: 586.5/439.1 s |  19.2/ 23.0 steps/s | 11242/ 10111 steps, 100 episodes | 1811604/1821715 steps total, 16800 episodes total
2026-09-21 02:45:48,964 - util.agent - INFO - NET_SYNC ok #168 fp=eca8b084498c update=1811604
2026-09-21 02:45:50,674 - eve_rl.runner.runner - INFO - Saved policy snapshot at scheduled step 1820000 (current=1821715)
2026-09-21 02:45:50,675 - util.agent - DEBUG - explore (amount/limit): steps None/None | episodes 100/None || update (amount/limit): steps 10111.0/None
2026-09-21 02:50:03,301 - util.agent - DEBUG - exploration: steps=1828871 >= step_limit=inf or episodes=16900 >= episode_limit=16900. Setting time limit for workers to finish to 180s
2026-09-21 02:54:32,595 - util.agent - INFO - update / exploration: 522.0/320.9 s |  19.4/ 27.2 steps/s | 10111/  8714 steps, 100 episodes | 1821715/1830429 steps total, 16900 episodes total
2026-09-21 02:54:32,645 - util.agent - INFO - NET_SYNC ok #169 fp=1e07dea5f16b update=1821715
2026-09-21 02:54:34,399 - eve_rl.runner.runner - INFO - Saved policy snapshot at scheduled step 1830000 (current=1830429)
2026-09-21 02:54:34,399 - util.agent - DEBUG - explore (amount/limit): steps None/None | episodes 100/None || update (amount/limit): steps 8714.0/None
2026-09-21 02:58:57,534 - util.agent - DEBUG - exploration: steps=1837724 >= step_limit=inf or episodes=17000 >= episode_limit=17000. Setting time limit for workers to finish to 180s
2026-09-21 03:01:57,818 - util.agent - WARNING - Restaring Agent worker_9 because of Timeout
2026-09-21 03:01:57,819 - util.agent - DEBUG - Restarting Agent with task=None, step_limit=None and episode_limit=None.
2026-09-21 03:02:45,110 - step_logger_train_123661272625888 - INFO - === BenchEnv5 initialized (mode=train, visualisation=False) ===
2026-09-21 03:02:49,590 - util.agent - INFO - update / exploration: 495.2/495.2 s |  17.6/ 18.7 steps/s |  8714/  9240 steps, 100 episodes | 1830429/1839669 steps total, 17000 episodes total
2026-09-21 03:02:49,680 - util.agent - INFO - NET_SYNC ok #170 fp=111657f1e2b4 update=1830429
2026-09-21 03:02:51,405 - util.agent - DEBUG - explore (amount/limit): steps None/None | episodes 100/None || update (amount/limit): steps 9240.0/None
2026-09-21 03:08:07,077 - util.agent - DEBUG - exploration: steps=1847926 >= step_limit=inf or episodes=17100 >= episode_limit=17100. Setting time limit for workers to finish to 180s
2026-09-21 03:11:38,438 - util.agent - INFO - update / exploration: 527.1/478.9 s |  17.5/ 22.8 steps/s |  9240/ 10914 steps, 100 episodes | 1839669/1850583 steps total, 17100 episodes total
2026-09-21 03:11:38,491 - util.agent - INFO - NET_SYNC ok #171 fp=0b7a37c1d44d update=1839669
2026-09-21 03:11:40,216 - eve_rl.runner.runner - INFO - Saved policy snapshot at scheduled step 1840000 (current=1850583)
2026-09-21 03:11:40,218 - eve_rl.runner.runner - INFO - Saved policy snapshot at scheduled step 1850000 (current=1850583)
2026-09-21 03:11:40,218 - util.agent - DEBUG - explore (amount/limit): steps None/None | episodes 100/None || update (amount/limit): steps 10914.0/None
2026-09-21 03:16:22,292 - util.agent - DEBUG - exploration: steps=1858209 >= step_limit=inf or episodes=17200 >= episode_limit=17200. Setting time limit for workers to finish to 180s
2026-09-21 03:19:22,642 - util.agent - WARNING - Restaring Agent worker_15 because of Timeout
2026-09-21 03:19:22,643 - util.agent - DEBUG - Restarting Agent with task=None, step_limit=None and episode_limit=None.
2026-09-21 03:20:09,566 - step_logger_train_123661143031088 - INFO - === BenchEnv5 initialized (mode=train, visualisation=False) ===
2026-09-21 03:21:21,909 - util.agent - INFO - update / exploration: 581.7/514.9 s |  18.8/ 18.5 steps/s | 10914/  9531 steps, 100 episodes | 1850583/1860114 steps total, 17200 episodes total
2026-09-21 03:21:21,961 - util.agent - INFO - NET_SYNC ok #172 fp=4d8db3b5b4b5 update=1850583
2026-09-21 03:21:23,710 - eve_rl.runner.runner - INFO - Saved policy snapshot at scheduled step 1860000 (current=1860114)
2026-09-21 03:21:23,711 - util.agent - DEBUG - explore (amount/limit): steps None/None | episodes 100/None || update (amount/limit): steps 9531.0/None
2026-09-21 03:26:41,582 - util.agent - DEBUG - exploration: steps=1868010 >= step_limit=inf or episodes=17300 >= episode_limit=17300. Setting time limit for workers to finish to 180s
2026-09-21 03:29:41,907 - util.agent - WARNING - Restaring Agent worker_0 because of Timeout
2026-09-21 03:29:41,908 - util.agent - DEBUG - Restarting Agent with task=None, step_limit=None and episode_limit=None.
2026-09-21 03:29:59,810 - step_logger_train_123662659428992 - INFO - === BenchEnv5 initialized (mode=train, visualisation=False) ===
2026-09-21 03:30:06,527 - util.agent - WARNING - Restaring Agent worker_7 because of Timeout
2026-09-21 03:30:06,529 - util.agent - DEBUG - Restarting Agent with task=None, step_limit=None and episode_limit=None.
2026-09-21 03:30:24,104 - step_logger_train_123661370068608 - INFO - === BenchEnv5 initialized (mode=train, visualisation=False) ===
2026-09-21 03:30:37,415 - util.agent - INFO - update / exploration: 553.7/546.3 s |  17.2/ 20.0 steps/s |  9531/ 10951 steps, 100 episodes | 1860114/1871065 steps total, 17300 episodes total
2026-09-21 03:30:37,466 - util.agent - INFO - NET_SYNC ok #173 fp=6e5ed67c7a44 update=1860114
2026-09-21 03:30:39,175 - eve_rl.runner.runner - INFO - Saved policy snapshot at scheduled step 1870000 (current=1871065)
2026-09-21 03:30:39,176 - util.agent - DEBUG - explore (amount/limit): steps None/None | episodes 100/None || update (amount/limit): steps 10951.0/None
2026-09-21 03:35:44,473 - util.agent - DEBUG - exploration: steps=1878594 >= step_limit=inf or episodes=17400 >= episode_limit=17400. Setting time limit for workers to finish to 180s
2026-09-21 03:40:26,248 - util.agent - INFO - update / exploration: 587.1/402.8 s |  18.7/ 26.4 steps/s | 10951/ 10615 steps, 100 episodes | 1871065/1881680 steps total, 17400 episodes total
2026-09-21 03:40:26,299 - util.agent - INFO - NET_SYNC ok #174 fp=cfbd06fcdb34 update=1871065
2026-09-21 03:40:28,085 - eve_rl.runner.runner - INFO - Saved policy snapshot at scheduled step 1880000 (current=1881680)
2026-09-21 03:40:28,086 - util.agent - DEBUG - explore (amount/limit): steps None/None | episodes 100/None || update (amount/limit): steps 10615.0/None
2026-09-21 03:45:03,837 - util.agent - DEBUG - exploration: steps=1888971 >= step_limit=inf or episodes=17500 >= episode_limit=17500. Setting time limit for workers to finish to 180s
2026-09-21 03:48:04,109 - util.agent - WARNING - Restaring Agent worker_0 because of Timeout
2026-09-21 03:48:04,110 - util.agent - DEBUG - Restarting Agent with task=None, step_limit=None and episode_limit=None.
2026-09-21 03:48:51,179 - step_logger_train_123662654882000 - INFO - === BenchEnv5 initialized (mode=train, visualisation=False) ===
2026-09-21 03:48:57,471 - util.agent - WARNING - Restaring Agent worker_3 because of Timeout
2026-09-21 03:48:57,471 - util.agent - DEBUG - Restarting Agent with task=None, step_limit=None and episode_limit=None.
2026-09-21 03:49:14,411 - step_logger_train_123661385056416 - INFO - === BenchEnv5 initialized (mode=train, visualisation=False) ===
2026-09-21 03:49:20,557 - util.agent - WARNING - Restaring Agent worker_4 because of Timeout
2026-09-21 03:49:20,559 - util.agent - DEBUG - Restarting Agent with task=None, step_limit=None and episode_limit=None.
2026-09-21 03:49:37,193 - step_logger_train_123665982773088 - INFO - === BenchEnv5 initialized (mode=train, visualisation=False) ===
2026-09-21 03:49:42,201 - util.agent - WARNING - Restaring Agent worker_5 because of Timeout
2026-09-21 03:49:42,202 - util.agent - DEBUG - Restarting Agent with task=None, step_limit=None and episode_limit=None.
2026-09-21 03:49:57,168 - step_logger_train_123659322750000 - INFO - === BenchEnv5 initialized (mode=train, visualisation=False) ===
2026-09-21 03:50:04,339 - util.agent - WARNING - Restaring Agent worker_11 because of Timeout
2026-09-21 03:50:04,341 - util.agent - DEBUG - Restarting Agent with task=None, step_limit=None and episode_limit=None.
2026-09-21 03:50:17,963 - step_logger_train_123662661586848 - INFO - === BenchEnv5 initialized (mode=train, visualisation=False) ===
2026-09-21 03:50:22,912 - util.agent - INFO - update / exploration: 594.9/594.8 s |  17.8/ 16.9 steps/s | 10615/ 10034 steps, 100 episodes | 1881680/1891714 steps total, 17500 episodes total
2026-09-21 03:50:22,977 - util.agent - INFO - NET_SYNC ok #175 fp=3bc5653049ca update=1881680
2026-09-21 03:50:24,785 - eve_rl.runner.runner - INFO - Saved policy snapshot at scheduled step 1890000 (current=1891714)
2026-09-21 03:50:24,786 - util.agent - DEBUG - explore (amount/limit): steps None/None | episodes 100/None || update (amount/limit): steps 10034.0/None
2026-09-21 03:55:21,601 - util.agent - DEBUG - exploration: steps=1899319 >= step_limit=inf or episodes=17600 >= episode_limit=17600. Setting time limit for workers to finish to 180s
2026-09-21 03:58:21,906 - util.agent - WARNING - Restaring Agent worker_15 because of Timeout
2026-09-21 03:58:21,907 - util.agent - DEBUG - Restarting Agent with task=None, step_limit=None and episode_limit=None.
2026-09-21 03:58:38,445 - step_logger_train_123665760819760 - INFO - === BenchEnv5 initialized (mode=train, visualisation=False) ===
2026-09-21 03:59:39,493 - util.agent - INFO - update / exploration: 554.7/498.5 s |  18.1/ 21.9 steps/s | 10034/ 10916 steps, 100 episodes | 1891714/1902630 steps total, 17600 episodes total
2026-09-21 03:59:39,544 - util.agent - INFO - NET_SYNC ok #176 fp=c9fee977280f update=1891714
2026-09-21 03:59:41,250 - eve_rl.runner.runner - INFO - Saved policy snapshot at scheduled step 1900000 (current=1902630)
2026-09-21 03:59:41,251 - util.agent - DEBUG - explore (amount/limit): steps None/None | episodes 100/None || update (amount/limit): steps 10916.0/None
2026-09-21 04:04:27,576 - util.agent - DEBUG - exploration: steps=1910562 >= step_limit=inf or episodes=17700 >= episode_limit=17700. Setting time limit for workers to finish to 180s
2026-09-21 04:09:19,347 - util.agent - INFO - update / exploration: 578.1/432.8 s |  18.9/ 22.8 steps/s | 10916/  9863 steps, 100 episodes | 1902630/1912493 steps total, 17700 episodes total
2026-09-21 04:09:19,394 - util.agent - INFO - NET_SYNC ok #177 fp=f3f1722c9e58 update=1902630
2026-09-21 04:09:21,185 - eve_rl.runner.runner - INFO - Saved policy snapshot at scheduled step 1910000 (current=1912493)
2026-09-21 04:09:21,186 - util.agent - DEBUG - explore (amount/limit): steps None/None | episodes 100/None || update (amount/limit): steps 9863.0/None
2026-09-21 04:13:56,958 - util.agent - DEBUG - exploration: steps=1919753 >= step_limit=inf or episodes=17800 >= episode_limit=17800. Setting time limit for workers to finish to 180s
2026-09-21 04:16:57,317 - util.agent - WARNING - Restaring Agent worker_6 because of Timeout
2026-09-21 04:16:57,318 - util.agent - DEBUG - Restarting Agent with task=None, step_limit=None and episode_limit=None.
2026-09-21 04:17:40,955 - step_logger_train_123662670093424 - INFO - === BenchEnv5 initialized (mode=train, visualisation=False) ===
2026-09-21 04:17:47,178 - util.agent - WARNING - Restaring Agent worker_10 because of Timeout
2026-09-21 04:17:47,180 - util.agent - DEBUG - Restarting Agent with task=None, step_limit=None and episode_limit=None.
2026-09-21 04:18:03,649 - step_logger_train_123661393373312 - INFO - === BenchEnv5 initialized (mode=train, visualisation=False) ===
2026-09-21 04:18:26,718 - util.agent - INFO - update / exploration: 545.6/528.5 s |  18.1/ 18.3 steps/s |  9863/  9656 steps, 100 episodes | 1912493/1922149 steps total, 17800 episodes total
2026-09-21 04:18:26,768 - util.agent - INFO - NET_SYNC ok #178 fp=084a092e2e3a update=1912493
2026-09-21 04:18:28,556 - eve_rl.runner.runner - INFO - Saved policy snapshot at scheduled step 1920000 (current=1922149)
2026-09-21 04:18:28,557 - util.agent - DEBUG - explore (amount/limit): steps None/None | episodes 100/None || update (amount/limit): steps 9656.0/None
2026-09-21 04:23:48,685 - util.agent - DEBUG - exploration: steps=1929985 >= step_limit=inf or episodes=17900 >= episode_limit=17900. Setting time limit for workers to finish to 180s
2026-09-21 04:27:28,946 - util.agent - INFO - update / exploration: 540.4/404.6 s |  17.9/ 27.8 steps/s |  9656/ 11242 steps, 100 episodes | 1922149/1933391 steps total, 17900 episodes total
2026-09-21 04:27:28,995 - util.agent - INFO - NET_SYNC ok #179 fp=692539b4aa28 update=1922149
2026-09-21 04:27:30,705 - eve_rl.runner.runner - INFO - Saved policy snapshot at scheduled step 1930000 (current=1933391)
2026-09-21 04:27:30,706 - util.agent - DEBUG - explore (amount/limit): steps None/None | episodes 100/None || update (amount/limit): steps 11242.0/None
2026-09-21 04:32:00,125 - util.agent - DEBUG - exploration: steps=1941181 >= step_limit=inf or episodes=18000 >= episode_limit=18000. Setting time limit for workers to finish to 180s
2026-09-21 04:37:08,524 - util.agent - INFO - update / exploration: 577.8/353.4 s |  19.5/ 27.3 steps/s | 11242/  9641 steps, 100 episodes | 1933391/1943032 steps total, 18000 episodes total
2026-09-21 04:37:08,575 - util.agent - INFO - NET_SYNC ok #180 fp=20a0bc413978 update=1933391
2026-09-21 04:37:10,253 - eve_rl.runner.runner - INFO - Saved policy snapshot at scheduled step 1940000 (current=1943032)
2026-09-21 04:37:10,254 - util.agent - DEBUG - explore (amount/limit): steps None/None | episodes 100/None || update (amount/limit): steps 9641.0/None
2026-09-21 04:42:00,790 - util.agent - DEBUG - exploration: steps=1951675 >= step_limit=inf or episodes=18100 >= episode_limit=18100. Setting time limit for workers to finish to 180s
2026-09-21 04:45:51,849 - util.agent - INFO - update / exploration: 521.6/378.0 s |  18.5/ 27.2 steps/s |  9641/ 10274 steps, 100 episodes | 1943032/1953306 steps total, 18100 episodes total
2026-09-21 04:45:51,898 - util.agent - INFO - NET_SYNC ok #181 fp=c2e9ceb54a5d update=1943032
2026-09-21 04:45:53,573 - eve_rl.runner.runner - INFO - Saved policy snapshot at scheduled step 1950000 (current=1953306)
2026-09-21 04:45:53,574 - util.agent - DEBUG - explore (amount/limit): steps None/None | episodes 100/None || update (amount/limit): steps 10274.0/None
2026-09-21 04:52:48,574 - util.agent - DEBUG - exploration: steps=1961850 >= step_limit=inf or episodes=18200 >= episode_limit=18200. Setting time limit for workers to finish to 180s
2026-09-21 04:55:49,217 - util.agent - WARNING - Restaring Agent worker_8 because of Timeout
2026-09-21 04:55:49,218 - util.agent - DEBUG - Restarting Agent with task=None, step_limit=None and episode_limit=None.
2026-09-21 04:56:35,787 - step_logger_train_123665801395984 - INFO - === BenchEnv5 initialized (mode=train, visualisation=False) ===
2026-09-21 04:56:41,230 - util.agent - WARNING - Restaring Agent worker_10 because of Timeout
2026-09-21 04:56:41,231 - util.agent - DEBUG - Restarting Agent with task=None, step_limit=None and episode_limit=None.
2026-09-21 04:56:52,354 - step_logger_train_123662174818064 - INFO - === BenchEnv5 initialized (mode=train, visualisation=False) ===
2026-09-21 04:56:57,017 - util.agent - INFO - update / exploration: 663.5/663.2 s |  15.5/ 19.9 steps/s | 10274/ 13191 steps, 100 episodes | 1953306/1966497 steps total, 18200 episodes total
2026-09-21 04:56:57,074 - util.agent - INFO - NET_SYNC ok #182 fp=f84256b232b2 update=1953306
2026-09-21 04:56:58,856 - eve_rl.runner.runner - INFO - Saved policy snapshot at scheduled step 1960000 (current=1966497)
2026-09-21 04:56:58,856 - util.agent - DEBUG - explore (amount/limit): steps None/None | episodes 100/None || update (amount/limit): steps 13191.0/None
2026-09-21 05:01:32,552 - util.agent - DEBUG - exploration: steps=1973829 >= step_limit=inf or episodes=18300 >= episode_limit=18300. Setting time limit for workers to finish to 180s
2026-09-21 05:04:32,994 - util.agent - WARNING - Restaring Agent worker_5 because of Timeout
2026-09-21 05:04:32,995 - util.agent - DEBUG - Restarting Agent with task=None, step_limit=None and episode_limit=None.
2026-09-21 05:05:16,177 - step_logger_train_123661384444608 - INFO - === BenchEnv5 initialized (mode=train, visualisation=False) ===
2026-09-21 05:05:21,330 - util.agent - WARNING - Restaring Agent worker_12 because of Timeout
2026-09-21 05:05:21,331 - util.agent - DEBUG - Restarting Agent with task=None, step_limit=None and episode_limit=None.
2026-09-21 05:05:33,985 - step_logger_train_123662293933024 - INFO - === BenchEnv5 initialized (mode=train, visualisation=False) ===
2026-09-21 05:08:14,009 - util.agent - INFO - update / exploration: 675.2/521.5 s |  19.5/ 19.4 steps/s | 13191/ 10120 steps, 100 episodes | 1966497/1976617 steps total, 18300 episodes total
2026-09-21 05:08:14,334 - util.agent - INFO - NET_SYNC ok #183 fp=934328e8c723 update=1966497
2026-09-21 05:08:16,144 - eve_rl.runner.runner - INFO - Saved policy snapshot at scheduled step 1970000 (current=1976617)
2026-09-21 05:08:16,144 - util.agent - DEBUG - explore (amount/limit): steps None/None | episodes 100/None || update (amount/limit): steps 10120.0/None
2026-09-21 05:14:07,783 - util.agent - DEBUG - exploration: steps=1984792 >= step_limit=inf or episodes=18400 >= episode_limit=18400. Setting time limit for workers to finish to 180s
2026-09-21 05:17:07,942 - util.agent - WARNING - Restaring Agent worker_4 because of Timeout
2026-09-21 05:17:07,943 - util.agent - DEBUG - Restarting Agent with task=None, step_limit=None and episode_limit=None.
2026-09-21 05:17:24,437 - step_logger_train_123661150824336 - INFO - === BenchEnv5 initialized (mode=train, visualisation=False) ===
2026-09-21 05:17:29,606 - util.agent - WARNING - Restaring Agent worker_14 because of Timeout
2026-09-21 05:17:29,607 - util.agent - DEBUG - Restarting Agent with task=None, step_limit=None and episode_limit=None.
2026-09-21 05:17:46,211 - step_logger_train_123662671438704 - INFO - === BenchEnv5 initialized (mode=train, visualisation=False) ===
2026-09-21 05:18:02,174 - util.agent - INFO - update / exploration: 586.1/575.5 s |  17.3/ 20.6 steps/s | 10120/ 11842 steps, 100 episodes | 1976617/1988459 steps total, 18400 episodes total
2026-09-21 05:18:02,225 - util.agent - INFO - NET_SYNC ok #184 fp=da6564b10b87 update=1976617
2026-09-21 05:18:03,942 - eve_rl.runner.runner - INFO - Saved policy snapshot at scheduled step 1980000 (current=1988459)
2026-09-21 05:18:03,942 - util.agent - DEBUG - explore (amount/limit): steps None/None | episodes 100/None || update (amount/limit): steps 11842.0/None
2026-09-21 05:22:56,473 - util.agent - DEBUG - exploration: steps=1996077 >= step_limit=inf or episodes=18500 >= episode_limit=18500. Setting time limit for workers to finish to 180s
2026-09-21 05:25:56,925 - util.agent - WARNING - Restaring Agent worker_4 because of Timeout
2026-09-21 05:25:56,926 - util.agent - DEBUG - Restarting Agent with task=None, step_limit=None and episode_limit=None.
2026-09-21 05:26:14,330 - step_logger_train_123661241491664 - INFO - === BenchEnv5 initialized (mode=train, visualisation=False) ===
2026-09-21 05:26:19,239 - util.agent - WARNING - Restaring Agent worker_9 because of Timeout
2026-09-21 05:26:19,240 - util.agent - DEBUG - Restarting Agent with task=None, step_limit=None and episode_limit=None.
2026-09-21 05:26:36,025 - step_logger_train_123665934726480 - INFO - === BenchEnv5 initialized (mode=train, visualisation=False) ===
2026-09-21 05:26:41,963 - util.agent - WARNING - Restaring Agent worker_12 because of Timeout
2026-09-21 05:26:41,964 - util.agent - DEBUG - Restarting Agent with task=None, step_limit=None and episode_limit=None.
2026-09-21 05:26:53,909 - step_logger_train_123661384632544 - INFO - === BenchEnv5 initialized (mode=train, visualisation=False) ===
2026-09-21 05:28:29,382 - util.agent - INFO - update / exploration: 625.5/535.9 s |  18.9/ 18.2 steps/s | 11842/  9773 steps, 100 episodes | 1988459/1998232 steps total, 18500 episodes total
2026-09-21 05:28:29,435 - util.agent - INFO - NET_SYNC ok #185 fp=60a5e9a0dd83 update=1988459
2026-09-21 05:28:31,285 - eve_rl.runner.runner - INFO - Saved policy snapshot at scheduled step 1990000 (current=1998232)
2026-09-21 05:28:31,286 - util.agent - DEBUG - explore (amount/limit): steps None/None | episodes 100/None || update (amount/limit): steps 9773.0/None
2026-09-21 05:33:59,801 - util.agent - DEBUG - exploration: steps=2007016 >= step_limit=inf or episodes=18600 >= episode_limit=18600. Setting time limit for workers to finish to 180s
2026-09-21 05:36:59,982 - util.agent - WARNING - Restaring Agent worker_13 because of Timeout
2026-09-21 05:36:59,983 - util.agent - DEBUG - Restarting Agent with task=None, step_limit=None and episode_limit=None.
2026-09-21 05:37:22,254 - step_logger_train_123662180697472 - INFO - === BenchEnv5 initialized (mode=train, visualisation=False) ===
2026-09-21 05:37:47,587 - util.agent - INFO - update / exploration: 556.3/538.9 s |  17.6/ 20.3 steps/s |  9773/ 10922 steps, 100 episodes | 1998232/2009154 steps total, 18600 episodes total
2026-09-21 05:37:47,637 - util.agent - INFO - NET_SYNC ok #186 fp=9073d0a25074 update=1998232
2026-09-21 05:37:49,359 - eve_rl.runner.runner - INFO - Saved policy snapshot at scheduled step 2000000 (current=2009154)
2026-09-21 05:37:49,394 - util.agent - DEBUG - evaluate (amount/limit): steps None/None | episodes None/None | len(seeds)=98/options=None
2026-09-21 06:01:21,499 - util.agent - INFO - evaluation : 1412.2s |  10.6 steps/s |   14936 steps /   98 episodes | Total:   164259 steps /   880 episodes
2026-09-21 06:01:23,199 - eve_rl.runner.runner - INFO - Quality: 0.9081632653061225, Reward: 5.223631741729434, Exploration steps: 2009154
2026-09-21 06:02:16,933 - eve_rl.runner.runner - INFO - Saved replay buffer incrementally (+257657 new transitions) at eval #9
2026-09-21 06:02:16,934 - util.agent - DEBUG - explore (amount/limit): steps None/None | episodes 100/None || update (amount/limit): steps 10922.0/None
2026-09-21 06:15:07,879 - util.agent - DEBUG - exploration: steps=2017490 >= step_limit=inf or episodes=18700 >= episode_limit=18700. Setting time limit for workers to finish to 180s
2026-09-21 06:23:07,940 - util.agent - INFO - update / exploration: 1251.1/913.5 s |   8.7/ 12.0 steps/s | 10922/ 10960 steps, 100 episodes | 2009154/2020114 steps total, 18700 episodes total
2026-09-21 06:23:08,194 - util.agent - INFO - NET_SYNC ok #187 fp=c8906692722c update=2009154
2026-09-21 06:23:10,300 - eve_rl.runner.runner - INFO - Saved policy snapshot at scheduled step 2010000 (current=2020114)
2026-09-21 06:23:10,302 - eve_rl.runner.runner - INFO - Saved policy snapshot at scheduled step 2020000 (current=2020114)
2026-09-21 06:23:10,302 - util.agent - DEBUG - explore (amount/limit): steps None/None | episodes 100/None || update (amount/limit): steps 10960.0/None
2026-09-21 06:29:14,676 - util.agent - DEBUG - exploration: steps=2028365 >= step_limit=inf or episodes=18800 >= episode_limit=18800. Setting time limit for workers to finish to 180s
2026-09-21 06:32:14,970 - util.agent - WARNING - Restaring Agent worker_0 because of Timeout
2026-09-21 06:32:14,970 - util.agent - DEBUG - Restarting Agent with task=None, step_limit=None and episode_limit=None.
2026-09-21 06:33:10,855 - step_logger_train_123662174917920 - INFO - === BenchEnv5 initialized (mode=train, visualisation=False) ===
2026-09-21 06:33:39,049 - util.agent - WARNING - Restaring Agent worker_2 because of Timeout
2026-09-21 06:33:39,050 - util.agent - DEBUG - Restarting Agent with task=None, step_limit=None and episode_limit=None.
2026-09-21 06:33:56,380 - step_logger_train_123662174815568 - INFO - === BenchEnv5 initialized (mode=train, visualisation=False) ===
2026-09-21 06:34:04,834 - util.agent - WARNING - Restaring Agent worker_3 because of Timeout
2026-09-21 06:34:04,839 - util.agent - DEBUG - Restarting Agent with task=None, step_limit=None and episode_limit=None.
2026-09-21 06:34:20,621 - step_logger_train_123661246460064 - INFO - === BenchEnv5 initialized (mode=train, visualisation=False) ===
2026-09-21 06:34:25,665 - util.agent - WARNING - Restaring Agent worker_8 because of Timeout
2026-09-21 06:34:25,666 - util.agent - DEBUG - Restarting Agent with task=None, step_limit=None and episode_limit=None.
2026-09-21 06:34:41,377 - step_logger_train_123662174814416 - INFO - === BenchEnv5 initialized (mode=train, visualisation=False) ===
2026-09-21 06:34:46,734 - util.agent - WARNING - Restaring Agent worker_9 because of Timeout
2026-09-21 06:34:46,737 - util.agent - DEBUG - Restarting Agent with task=None, step_limit=None and episode_limit=None.
2026-09-21 06:35:02,719 - step_logger_train_123662174815616 - INFO - === BenchEnv5 initialized (mode=train, visualisation=False) ===
2026-09-21 06:35:07,549 - util.agent - WARNING - Restaring Agent worker_13 because of Timeout
2026-09-21 06:35:07,557 - util.agent - DEBUG - Restarting Agent with task=None, step_limit=None and episode_limit=None.
2026-09-21 06:35:23,413 - step_logger_train_123665933673472 - INFO - === BenchEnv5 initialized (mode=train, visualisation=False) ===
2026-09-21 06:35:29,192 - util.agent - INFO - update / exploration: 738.9/738.9 s |  14.8/ 16.1 steps/s | 10960/ 11925 steps, 100 episodes | 2020114/2032039 steps total, 18800 episodes total
2026-09-21 06:35:29,254 - util.agent - INFO - NET_SYNC ok #188 fp=34b93a49a589 update=2020114
2026-09-21 06:35:31,118 - eve_rl.runner.runner - INFO - Saved policy snapshot at scheduled step 2030000 (current=2032039)
2026-09-21 06:35:31,119 - util.agent - DEBUG - explore (amount/limit): steps None/None | episodes 100/None || update (amount/limit): steps 11925.0/None
2026-09-21 06:39:45,773 - util.agent - DEBUG - exploration: steps=2039654 >= step_limit=inf or episodes=18900 >= episode_limit=18900. Setting time limit for workers to finish to 180s
2026-09-21 06:45:30,801 - util.agent - INFO - update / exploration: 599.7/357.8 s |  19.9/ 26.1 steps/s | 11925/  9345 steps, 100 episodes | 2032039/2041384 steps total, 18900 episodes total
2026-09-21 06:45:30,852 - util.agent - INFO - NET_SYNC ok #189 fp=9bcde05fb894 update=2032039
2026-09-21 06:45:32,553 - eve_rl.runner.runner - INFO - Saved policy snapshot at scheduled step 2040000 (current=2041384)
2026-09-21 06:45:32,554 - util.agent - DEBUG - explore (amount/limit): steps None/None | episodes 100/None || update (amount/limit): steps 9345.0/None
2026-09-21 06:49:49,284 - util.agent - DEBUG - exploration: steps=2049192 >= step_limit=inf or episodes=19000 >= episode_limit=19000. Setting time limit for workers to finish to 180s
2026-09-21 06:53:48,416 - util.agent - INFO - update / exploration: 495.9/297.8 s |  18.8/ 30.8 steps/s |  9345/  9181 steps, 100 episodes | 2041384/2050565 steps total, 19000 episodes total
2026-09-21 06:53:48,468 - util.agent - INFO - NET_SYNC ok #190 fp=de8110f09f1b update=2041384
2026-09-21 06:53:50,181 - eve_rl.runner.runner - INFO - Saved policy snapshot at scheduled step 2050000 (current=2050565)
2026-09-21 06:53:50,181 - util.agent - DEBUG - explore (amount/limit): steps None/None | episodes 100/None || update (amount/limit): steps 9181.0/None
2026-09-21 06:58:34,350 - util.agent - DEBUG - exploration: steps=2058232 >= step_limit=inf or episodes=19100 >= episode_limit=19100. Setting time limit for workers to finish to 180s
2026-09-21 07:01:34,717 - util.agent - WARNING - Restaring Agent worker_13 because of Timeout
2026-09-21 07:01:34,718 - util.agent - DEBUG - Restarting Agent with task=None, step_limit=None and episode_limit=None.
2026-09-21 07:02:16,646 - step_logger_train_123661370143552 - INFO - === BenchEnv5 initialized (mode=train, visualisation=False) ===
2026-09-21 07:02:29,181 - util.agent - INFO - update / exploration: 519.0/511.6 s |  17.7/ 19.7 steps/s |  9181/ 10078 steps, 100 episodes | 2050565/2060643 steps total, 19100 episodes total
2026-09-21 07:02:29,232 - util.agent - INFO - NET_SYNC ok #191 fp=9a11a6551571 update=2050565
2026-09-21 07:02:30,951 - eve_rl.runner.runner - INFO - Saved policy snapshot at scheduled step 2060000 (current=2060643)
2026-09-21 07:02:30,952 - util.agent - DEBUG - explore (amount/limit): steps None/None | episodes 100/None || update (amount/limit): steps 10078.0/None
2026-09-21 07:06:58,369 - util.agent - DEBUG - exploration: steps=2068111 >= step_limit=inf or episodes=19200 >= episode_limit=19200. Setting time limit for workers to finish to 180s
2026-09-21 07:09:58,469 - util.agent - WARNING - Restaring Agent worker_7 because of Timeout
2026-09-21 07:09:58,470 - util.agent - DEBUG - Restarting Agent with task=None, step_limit=None and episode_limit=None.
2026-09-21 07:10:15,116 - step_logger_train_123661381438048 - INFO - === BenchEnv5 initialized (mode=train, visualisation=False) ===
2026-09-21 07:11:36,926 - util.agent - INFO - update / exploration: 546.0/471.3 s |  18.5/ 20.6 steps/s | 10078/  9713 steps, 100 episodes | 2060643/2070356 steps total, 19200 episodes total
2026-09-21 07:11:36,977 - util.agent - INFO - NET_SYNC ok #192 fp=36dc4d75d6bd update=2060643
2026-09-21 07:11:38,692 - eve_rl.runner.runner - INFO - Saved policy snapshot at scheduled step 2070000 (current=2070356)
2026-09-21 07:11:38,692 - util.agent - DEBUG - explore (amount/limit): steps None/None | episodes 100/None || update (amount/limit): steps 9713.0/None
2026-09-21 07:16:22,868 - util.agent - DEBUG - exploration: steps=2078180 >= step_limit=inf or episodes=19300 >= episode_limit=19300. Setting time limit for workers to finish to 180s
2026-09-21 07:19:23,233 - util.agent - WARNING - Restaring Agent worker_10 because of Timeout
2026-09-21 07:19:23,233 - util.agent - DEBUG - Restarting Agent with task=None, step_limit=None and episode_limit=None.
2026-09-21 07:19:40,023 - step_logger_train_123661235931936 - INFO - === BenchEnv5 initialized (mode=train, visualisation=False) ===
2026-09-21 07:20:35,897 - util.agent - INFO - update / exploration: 537.2/489.2 s |  18.1/ 20.1 steps/s |  9713/  9811 steps, 100 episodes | 2070356/2080167 steps total, 19300 episodes total
2026-09-21 07:20:35,947 - util.agent - INFO - NET_SYNC ok #193 fp=c687db3f284b update=2070356
2026-09-21 07:20:37,663 - eve_rl.runner.runner - INFO - Saved policy snapshot at scheduled step 2080000 (current=2080167)
2026-09-21 07:20:37,663 - util.agent - DEBUG - explore (amount/limit): steps None/None | episodes 100/None || update (amount/limit): steps 9811.0/None
2026-09-21 07:25:49,302 - util.agent - DEBUG - exploration: steps=2088163 >= step_limit=inf or episodes=19400 >= episode_limit=19400. Setting time limit for workers to finish to 180s
2026-09-21 07:28:49,506 - util.agent - WARNING - Restaring Agent worker_3 because of Timeout
2026-09-21 07:28:49,507 - util.agent - DEBUG - Restarting Agent with task=None, step_limit=None and episode_limit=None.
2026-09-21 07:29:05,930 - step_logger_train_123659425978976 - INFO - === BenchEnv5 initialized (mode=train, visualisation=False) ===
2026-09-21 07:29:11,610 - util.agent - WARNING - Restaring Agent worker_10 because of Timeout
2026-09-21 07:29:11,614 - util.agent - DEBUG - Restarting Agent with task=None, step_limit=None and episode_limit=None.
2026-09-21 07:29:23,989 - step_logger_train_123662174880240 - INFO - === BenchEnv5 initialized (mode=train, visualisation=False) ===
2026-09-21 07:29:54,505 - util.agent - INFO - update / exploration: 556.9/532.2 s |  17.6/ 21.0 steps/s |  9811/ 11171 steps, 100 episodes | 2080167/2091338 steps total, 19400 episodes total
2026-09-21 07:29:54,556 - util.agent - INFO - NET_SYNC ok #194 fp=f8da60faf3ba update=2080167
2026-09-21 07:29:56,272 - eve_rl.runner.runner - INFO - Saved policy snapshot at scheduled step 2090000 (current=2091338)
2026-09-21 07:29:56,273 - util.agent - DEBUG - explore (amount/limit): steps None/None | episodes 100/None || update (amount/limit): steps 11171.0/None
2026-09-21 07:34:36,293 - util.agent - DEBUG - exploration: steps=2098579 >= step_limit=inf or episodes=19500 >= episode_limit=19500. Setting time limit for workers to finish to 180s
2026-09-21 07:39:52,719 - util.agent - INFO - update / exploration: 596.5/459.4 s |  18.7/ 23.2 steps/s | 11171/ 10638 steps, 100 episodes | 2091338/2101976 steps total, 19500 episodes total
2026-09-21 07:39:52,770 - util.agent - INFO - NET_SYNC ok #195 fp=0a510d7a9436 update=2091338
2026-09-21 07:39:54,492 - eve_rl.runner.runner - INFO - Saved policy snapshot at scheduled step 2100000 (current=2101976)
2026-09-21 07:39:54,493 - util.agent - DEBUG - explore (amount/limit): steps None/None | episodes 100/None || update (amount/limit): steps 10638.0/None
2026-09-21 07:46:26,192 - util.agent - DEBUG - exploration: steps=2110333 >= step_limit=inf or episodes=19600 >= episode_limit=19600. Setting time limit for workers to finish to 180s
2026-09-21 07:50:12,989 - util.agent - INFO - update / exploration: 618.5/530.0 s |  17.2/ 24.6 steps/s | 10638/ 13051 steps, 100 episodes | 2101976/2115027 steps total, 19600 episodes total
2026-09-21 07:50:13,042 - util.agent - INFO - NET_SYNC ok #196 fp=23fa1cab2cc2 update=2101976
2026-09-21 07:50:14,732 - eve_rl.runner.runner - INFO - Saved policy snapshot at scheduled step 2110000 (current=2115027)
2026-09-21 07:50:14,732 - util.agent - DEBUG - explore (amount/limit): steps None/None | episodes 100/None || update (amount/limit): steps 13051.0/None
2026-09-21 07:55:41,570 - util.agent - DEBUG - exploration: steps=2123606 >= step_limit=inf or episodes=19700 >= episode_limit=19700. Setting time limit for workers to finish to 180s
2026-09-21 08:01:31,633 - util.agent - INFO - update / exploration: 676.9/427.4 s |  19.3/ 26.0 steps/s | 13051/ 11120 steps, 100 episodes | 2115027/2126147 steps total, 19700 episodes total
2026-09-21 08:01:31,684 - util.agent - INFO - NET_SYNC ok #197 fp=d0c08d06c439 update=2115027
2026-09-21 08:01:33,427 - eve_rl.runner.runner - INFO - Saved policy snapshot at scheduled step 2120000 (current=2126147)
2026-09-21 08:01:33,428 - util.agent - DEBUG - explore (amount/limit): steps None/None | episodes 100/None || update (amount/limit): steps 11120.0/None
2026-09-21 08:06:23,934 - util.agent - DEBUG - exploration: steps=2134062 >= step_limit=inf or episodes=19800 >= episode_limit=19800. Setting time limit for workers to finish to 180s
2026-09-21 08:09:24,335 - util.agent - WARNING - Restaring Agent worker_3 because of Timeout
2026-09-21 08:09:24,335 - util.agent - DEBUG - Restarting Agent with task=None, step_limit=None and episode_limit=None.
2026-09-21 08:10:07,142 - step_logger_train_123662672670784 - INFO - === BenchEnv5 initialized (mode=train, visualisation=False) ===
2026-09-21 08:10:12,764 - util.agent - WARNING - Restaring Agent worker_14 because of Timeout
2026-09-21 08:10:12,765 - util.agent - DEBUG - Restarting Agent with task=None, step_limit=None and episode_limit=None.
2026-09-21 08:10:29,424 - step_logger_train_123661250229968 - INFO - === BenchEnv5 initialized (mode=train, visualisation=False) ===
2026-09-21 08:11:34,214 - util.agent - INFO - update / exploration: 600.8/542.1 s |  18.5/ 19.4 steps/s | 11120/ 10523 steps, 100 episodes | 2126147/2136670 steps total, 19800 episodes total
2026-09-21 08:11:34,278 - util.agent - INFO - NET_SYNC ok #198 fp=bb5331b7b6ec update=2126147
2026-09-21 08:11:36,143 - eve_rl.runner.runner - INFO - Saved policy snapshot at scheduled step 2130000 (current=2136670)
2026-09-21 08:11:36,143 - util.agent - DEBUG - explore (amount/limit): steps None/None | episodes 100/None || update (amount/limit): steps 10523.0/None
2026-09-21 08:16:37,194 - util.agent - DEBUG - exploration: steps=2145090 >= step_limit=inf or episodes=19900 >= episode_limit=19900. Setting time limit for workers to finish to 180s
2026-09-21 08:19:37,810 - util.agent - WARNING - Restaring Agent worker_13 because of Timeout
2026-09-21 08:19:37,811 - util.agent - DEBUG - Restarting Agent with task=None, step_limit=None and episode_limit=None.
2026-09-21 08:20:21,382 - step_logger_train_123661101653584 - INFO - === BenchEnv5 initialized (mode=train, visualisation=False) ===
2026-09-21 08:20:26,056 - util.agent - WARNING - Restaring Agent worker_14 because of Timeout
2026-09-21 08:20:26,057 - util.agent - DEBUG - Restarting Agent with task=None, step_limit=None and episode_limit=None.
2026-09-21 08:20:42,674 - step_logger_train_123661240345840 - INFO - === BenchEnv5 initialized (mode=train, visualisation=False) ===
2026-09-21 08:21:18,266 - util.agent - INFO - update / exploration: 582.1/552.2 s |  18.1/ 19.5 steps/s | 10523/ 10756 steps, 100 episodes | 2136670/2147426 steps total, 19900 episodes total
2026-09-21 08:21:18,320 - util.agent - INFO - NET_SYNC ok #199 fp=422dc195c65c update=2136670
2026-09-21 08:21:20,051 - eve_rl.runner.runner - INFO - Saved policy snapshot at scheduled step 2140000 (current=2147426)
2026-09-21 08:21:20,052 - util.agent - DEBUG - explore (amount/limit): steps None/None | episodes 100/None || update (amount/limit): steps 10756.0/None
2026-09-21 08:26:19,010 - util.agent - DEBUG - exploration: steps=2155459 >= step_limit=inf or episodes=20000 >= episode_limit=20000. Setting time limit for workers to finish to 180s
2026-09-21 08:29:19,262 - util.agent - WARNING - Restaring Agent worker_14 because of Timeout
2026-09-21 08:29:19,263 - util.agent - DEBUG - Restarting Agent with task=None, step_limit=None and episode_limit=None.
2026-09-21 08:29:35,683 - step_logger_train_123662174841920 - INFO - === BenchEnv5 initialized (mode=train, visualisation=False) ===
2026-09-21 08:31:08,522 - util.agent - INFO - update / exploration: 588.5/501.7 s |  18.3/ 21.6 steps/s | 10756/ 10835 steps, 100 episodes | 2147426/2158261 steps total, 20000 episodes total
2026-09-21 08:31:08,585 - util.agent - INFO - NET_SYNC ok #200 fp=84ad6a3bf591 update=2147426
2026-09-21 08:31:10,299 - eve_rl.runner.runner - INFO - Saved policy snapshot at scheduled step 2150000 (current=2158261)
2026-09-21 08:31:10,299 - util.agent - DEBUG - explore (amount/limit): steps None/None | episodes 100/None || update (amount/limit): steps 10835.0/None
2026-09-21 08:36:42,997 - util.agent - DEBUG - exploration: steps=2166855 >= step_limit=inf or episodes=20100 >= episode_limit=20100. Setting time limit for workers to finish to 180s
2026-09-21 08:41:16,331 - util.agent - INFO - update / exploration: 606.1/488.3 s |  17.9/ 23.9 steps/s | 10835/ 11692 steps, 100 episodes | 2158261/2169953 steps total, 20100 episodes total
2026-09-21 08:41:16,390 - util.agent - INFO - NET_SYNC ok #201 fp=5ab6f7b5fcb3 update=2158261
2026-09-21 08:41:18,115 - eve_rl.runner.runner - INFO - Saved policy snapshot at scheduled step 2160000 (current=2169953)
2026-09-21 08:41:18,116 - util.agent - DEBUG - explore (amount/limit): steps None/None | episodes 100/None || update (amount/limit): steps 11692.0/None
2026-09-21 08:46:00,110 - util.agent - DEBUG - exploration: steps=2177803 >= step_limit=inf or episodes=20200 >= episode_limit=20200. Setting time limit for workers to finish to 180s
2026-09-21 08:49:00,296 - util.agent - WARNING - Restaring Agent worker_1 because of Timeout
2026-09-21 08:49:00,297 - util.agent - DEBUG - Restarting Agent with task=None, step_limit=None and episode_limit=None.
2026-09-21 08:49:42,678 - step_logger_train_123661261784448 - INFO - === BenchEnv5 initialized (mode=train, visualisation=False) ===
2026-09-21 08:49:48,411 - util.agent - WARNING - Restaring Agent worker_6 because of Timeout
2026-09-21 08:49:48,412 - util.agent - DEBUG - Restarting Agent with task=None, step_limit=None and episode_limit=None.
2026-09-21 08:50:04,999 - step_logger_train_123659429345120 - INFO - === BenchEnv5 initialized (mode=train, visualisation=False) ===
2026-09-21 08:50:10,710 - util.agent - WARNING - Restaring Agent worker_15 because of Timeout
2026-09-21 08:50:10,712 - util.agent - DEBUG - Restarting Agent with task=None, step_limit=None and episode_limit=None.
2026-09-21 08:50:27,472 - step_logger_train_123659341400144 - INFO - === BenchEnv5 initialized (mode=train, visualisation=False) ===
2026-09-21 08:51:43,868 - util.agent - INFO - update / exploration: 625.8/557.9 s |  18.7/ 19.1 steps/s | 11692/ 10665 steps, 100 episodes | 2169953/2180618 steps total, 20200 episodes total
2026-09-21 08:51:43,922 - util.agent - INFO - NET_SYNC ok #202 fp=c1c089d40645 update=2169953
2026-09-21 08:51:45,644 - eve_rl.runner.runner - INFO - Saved policy snapshot at scheduled step 2170000 (current=2180618)
2026-09-21 08:51:45,645 - eve_rl.runner.runner - INFO - Saved policy snapshot at scheduled step 2180000 (current=2180618)
2026-09-21 08:51:45,646 - util.agent - DEBUG - explore (amount/limit): steps None/None | episodes 100/None || update (amount/limit): steps 10665.0/None
2026-09-21 08:58:00,566 - util.agent - DEBUG - exploration: steps=2189901 >= step_limit=inf or episodes=20300 >= episode_limit=20300. Setting time limit for workers to finish to 180s
2026-09-21 09:01:00,899 - util.agent - WARNING - Restaring Agent worker_6 because of Timeout
2026-09-21 09:01:00,900 - util.agent - DEBUG - Restarting Agent with task=None, step_limit=None and episode_limit=None.
2026-09-21 09:01:17,916 - step_logger_train_123661370161568 - INFO - === BenchEnv5 initialized (mode=train, visualisation=False) ===
2026-09-21 09:01:24,085 - util.agent - WARNING - Restaring Agent worker_12 because of Timeout
2026-09-21 09:01:24,086 - util.agent - DEBUG - Restarting Agent with task=None, step_limit=None and episode_limit=None.
2026-09-21 09:01:41,276 - step_logger_train_123662174814608 - INFO - === BenchEnv5 initialized (mode=train, visualisation=False) ===
2026-09-21 09:01:47,789 - util.agent - WARNING - Restaring Agent worker_15 because of Timeout
2026-09-21 09:01:47,790 - util.agent - DEBUG - Restarting Agent with task=None, step_limit=None and episode_limit=None.
2026-09-21 09:02:04,436 - step_logger_train_123665935355968 - INFO - === BenchEnv5 initialized (mode=train, visualisation=False) ===
2026-09-21 09:02:09,210 - util.agent - INFO - update / exploration: 623.6/623.6 s |  17.1/ 18.0 steps/s | 10665/ 11235 steps, 100 episodes | 2180618/2191853 steps total, 20300 episodes total
2026-09-21 09:02:09,293 - util.agent - INFO - NET_SYNC ok #203 fp=0215b6a2bb8c update=2180618
2026-09-21 09:02:11,005 - eve_rl.runner.runner - INFO - Saved policy snapshot at scheduled step 2190000 (current=2191853)
2026-09-21 09:02:11,006 - util.agent - DEBUG - explore (amount/limit): steps None/None | episodes 100/None || update (amount/limit): steps 11235.0/None
2026-09-21 09:07:45,728 - util.agent - DEBUG - exploration: steps=2199895 >= step_limit=inf or episodes=20400 >= episode_limit=20400. Setting time limit for workers to finish to 180s
2026-09-21 09:10:45,962 - util.agent - WARNING - Restaring Agent worker_5 because of Timeout
2026-09-21 09:10:45,963 - util.agent - DEBUG - Restarting Agent with task=None, step_limit=None and episode_limit=None.
2026-09-21 09:11:03,267 - step_logger_train_123661370116368 - INFO - === BenchEnv5 initialized (mode=train, visualisation=False) ===
2026-09-21 09:11:08,976 - util.agent - WARNING - Restaring Agent worker_10 because of Timeout
2026-09-21 09:11:08,977 - util.agent - DEBUG - Restarting Agent with task=None, step_limit=None and episode_limit=None.
2026-09-21 09:11:26,298 - step_logger_train_123661370173568 - INFO - === BenchEnv5 initialized (mode=train, visualisation=False) ===
2026-09-21 09:11:32,394 - util.agent - WARNING - Restaring Agent worker_14 because of Timeout
2026-09-21 09:11:32,396 - util.agent - DEBUG - Restarting Agent with task=None, step_limit=None and episode_limit=None.
2026-09-21 09:11:48,823 - step_logger_train_123661370067120 - INFO - === BenchEnv5 initialized (mode=train, visualisation=False) ===
2026-09-21 09:12:41,911 - util.agent - INFO - update / exploration: 630.9/584.8 s |  17.8/ 18.9 steps/s | 11235/ 11071 steps, 100 episodes | 2191853/2202924 steps total, 20400 episodes total
2026-09-21 09:12:41,964 - util.agent - INFO - NET_SYNC ok #204 fp=4252bf189c85 update=2191853
2026-09-21 09:12:43,740 - eve_rl.runner.runner - INFO - Saved policy snapshot at scheduled step 2200000 (current=2202924)
2026-09-21 09:12:43,740 - util.agent - DEBUG - explore (amount/limit): steps None/None | episodes 100/None || update (amount/limit): steps 11071.0/None
2026-09-21 09:18:41,690 - util.agent - DEBUG - exploration: steps=2212072 >= step_limit=inf or episodes=20500 >= episode_limit=20500. Setting time limit for workers to finish to 180s
2026-09-21 09:21:41,718 - util.agent - WARNING - Restaring Agent worker_5 because of Timeout
2026-09-21 09:21:41,719 - util.agent - DEBUG - Restarting Agent with task=None, step_limit=None and episode_limit=None.
2026-09-21 09:22:22,497 - step_logger_train_123665888862608 - INFO - === BenchEnv5 initialized (mode=train, visualisation=False) ===
2026-09-21 09:23:05,672 - util.agent - INFO - update / exploration: 622.0/583.8 s |  17.8/ 20.0 steps/s | 11071/ 11694 steps, 100 episodes | 2202924/2214618 steps total, 20500 episodes total
2026-09-21 09:23:05,724 - util.agent - INFO - NET_SYNC ok #205 fp=4fb92f0276a0 update=2202924
2026-09-21 09:23:07,516 - eve_rl.runner.runner - INFO - Saved policy snapshot at scheduled step 2210000 (current=2214618)
2026-09-21 09:23:07,517 - util.agent - DEBUG - explore (amount/limit): steps None/None | episodes 100/None || update (amount/limit): steps 11694.0/None
2026-09-21 09:28:33,876 - util.agent - DEBUG - exploration: steps=2223428 >= step_limit=inf or episodes=20600 >= episode_limit=20600. Setting time limit for workers to finish to 180s
2026-09-21 09:31:34,081 - util.agent - WARNING - Restaring Agent worker_1 because of Timeout
2026-09-21 09:31:34,081 - util.agent - DEBUG - Restarting Agent with task=None, step_limit=None and episode_limit=None.
2026-09-21 09:31:50,984 - step_logger_train_123661370066304 - INFO - === BenchEnv5 initialized (mode=train, visualisation=False) ===
2026-09-21 09:33:44,024 - util.agent - INFO - update / exploration: 636.5/528.7 s |  18.4/ 21.4 steps/s | 11694/ 11320 steps, 100 episodes | 2214618/2225938 steps total, 20600 episodes total
2026-09-21 09:33:44,074 - util.agent - INFO - NET_SYNC ok #206 fp=2472078a14d2 update=2214618
2026-09-21 09:33:45,810 - eve_rl.runner.runner - INFO - Saved policy snapshot at scheduled step 2220000 (current=2225938)
2026-09-21 09:33:45,812 - util.agent - DEBUG - explore (amount/limit): steps None/None | episodes 100/None || update (amount/limit): steps 11320.0/None
2026-09-21 09:39:56,385 - util.agent - DEBUG - exploration: steps=2234855 >= step_limit=inf or episodes=20700 >= episode_limit=20700. Setting time limit for workers to finish to 180s
2026-09-21 09:42:56,841 - util.agent - WARNING - Restaring Agent worker_11 because of Timeout
2026-09-21 09:42:56,842 - util.agent - DEBUG - Restarting Agent with task=None, step_limit=None and episode_limit=None.
2026-09-21 09:43:14,190 - step_logger_train_123661266873552 - INFO - === BenchEnv5 initialized (mode=train, visualisation=False) ===
2026-09-21 09:43:21,864 - util.agent - WARNING - Restaring Agent worker_14 because of Timeout
2026-09-21 09:43:21,866 - util.agent - DEBUG - Restarting Agent with task=None, step_limit=None and episode_limit=None.
2026-09-21 09:43:34,243 - step_logger_train_123662174814800 - INFO - === BenchEnv5 initialized (mode=train, visualisation=False) ===
2026-09-21 09:44:36,018 - util.agent - INFO - update / exploration: 650.2/594.1 s |  17.4/ 21.7 steps/s | 11320/ 12906 steps, 100 episodes | 2225938/2238844 steps total, 20700 episodes total
2026-09-21 09:44:36,072 - util.agent - INFO - NET_SYNC ok #207 fp=1a2ab088c1f3 update=2225938
2026-09-21 09:44:37,795 - eve_rl.runner.runner - INFO - Saved policy snapshot at scheduled step 2230000 (current=2238844)
2026-09-21 09:44:37,796 - util.agent - DEBUG - explore (amount/limit): steps None/None | episodes 100/None || update (amount/limit): steps 12906.0/None
2026-09-21 09:51:36,931 - util.agent - DEBUG - exploration: steps=2250003 >= step_limit=inf or episodes=20800 >= episode_limit=20800. Setting time limit for workers to finish to 180s
2026-09-21 09:54:36,965 - util.agent - WARNING - Restaring Agent worker_2 because of Timeout
2026-09-21 09:54:36,966 - util.agent - DEBUG - Restarting Agent with task=None, step_limit=None and episode_limit=None.
2026-09-21 09:55:19,096 - step_logger_train_123659423679104 - INFO - === BenchEnv5 initialized (mode=train, visualisation=False) ===
2026-09-21 09:56:49,730 - util.agent - INFO - update / exploration: 732.0/647.1 s |  17.6/ 22.5 steps/s | 12906/ 14528 steps, 100 episodes | 2238844/2253372 steps total, 20800 episodes total
2026-09-21 09:56:49,783 - util.agent - INFO - NET_SYNC ok #208 fp=edaf490a3ffb update=2238844
2026-09-21 09:56:51,583 - eve_rl.runner.runner - INFO - Saved policy snapshot at scheduled step 2240000 (current=2253372)
2026-09-21 09:56:51,585 - eve_rl.runner.runner - INFO - Saved policy snapshot at scheduled step 2250000 (current=2253372)
2026-09-21 09:56:51,635 - util.agent - DEBUG - evaluate (amount/limit): steps None/None | episodes None/None | len(seeds)=98/options=None
2026-09-21 10:16:46,031 - util.agent - INFO - evaluation : 1193.9s |   9.7 steps/s |   11624 steps /   98 episodes | Total:   175883 steps /   978 episodes
2026-09-21 10:16:46,765 - eve_rl.runner.runner - INFO - Quality: 0.9285714285714286, Reward: 5.242204165719895, Exploration steps: 2253372
2026-09-21 10:17:21,767 - eve_rl.runner.runner - INFO - Saved replay buffer incrementally (+244218 new transitions) at eval #10
2026-09-21 10:17:21,768 - util.agent - DEBUG - explore (amount/limit): steps None/None | episodes 100/None || update (amount/limit): steps 14528.0/None
2026-09-21 10:30:44,527 - util.agent - DEBUG - exploration: steps=2265462 >= step_limit=inf or episodes=20900 >= episode_limit=20900. Setting time limit for workers to finish to 180s
2026-09-21 10:33:44,930 - util.agent - WARNING - Restaring Agent worker_2 because of Timeout
2026-09-21 10:33:44,931 - util.agent - DEBUG - Restarting Agent with task=None, step_limit=None and episode_limit=None.
2026-09-21 10:34:43,883 - step_logger_train_123661154129328 - INFO - === BenchEnv5 initialized (mode=train, visualisation=False) ===
2026-09-21 10:35:13,950 - util.agent - WARNING - Restaring Agent worker_5 because of Timeout
2026-09-21 10:35:13,951 - util.agent - DEBUG - Restarting Agent with task=None, step_limit=None and episode_limit=None.
2026-09-21 10:35:37,365 - step_logger_train_123662174879952 - INFO - === BenchEnv5 initialized (mode=train, visualisation=False) ===
2026-09-21 10:35:45,294 - util.agent - WARNING - Restaring Agent worker_10 because of Timeout
2026-09-21 10:35:45,295 - util.agent - DEBUG - Restarting Agent with task=None, step_limit=None and episode_limit=None.
2026-09-21 10:36:02,438 - step_logger_train_123661101842336 - INFO - === BenchEnv5 initialized (mode=train, visualisation=False) ===
2026-09-21 10:36:08,349 - util.agent - WARNING - Restaring Agent worker_11 because of Timeout
2026-09-21 10:36:08,350 - util.agent - DEBUG - Restarting Agent with task=None, step_limit=None and episode_limit=None.
2026-09-21 10:36:26,013 - step_logger_train_123662176784592 - INFO - === BenchEnv5 initialized (mode=train, visualisation=False) ===
2026-09-21 10:36:31,082 - util.agent - WARNING - Restaring Agent worker_14 because of Timeout
2026-09-21 10:36:31,082 - util.agent - DEBUG - Restarting Agent with task=None, step_limit=None and episode_limit=None.
2026-09-21 10:36:52,577 - step_logger_train_123661237523792 - INFO - === BenchEnv5 initialized (mode=train, visualisation=False) ===
2026-09-21 10:39:34,124 - util.agent - INFO - update / exploration: 1332.4/1177.1 s |  10.9/ 13.4 steps/s | 14528/ 15820 steps, 100 episodes | 2253372/2269192 steps total, 20900 episodes total
2026-09-21 10:39:34,637 - util.agent - INFO - NET_SYNC ok #209 fp=ac3afc05b02b update=2253372
2026-09-21 10:39:36,378 - eve_rl.runner.runner - INFO - Saved policy snapshot at scheduled step 2260000 (current=2269192)
2026-09-21 10:39:36,379 - util.agent - DEBUG - explore (amount/limit): steps None/None | episodes 100/None || update (amount/limit): steps 15820.0/None
2026-09-21 10:46:27,128 - util.agent - DEBUG - exploration: steps=2279246 >= step_limit=inf or episodes=21000 >= episode_limit=21000. Setting time limit for workers to finish to 180s
2026-09-21 10:49:27,543 - util.agent - WARNING - Restaring Agent worker_2 because of Timeout
2026-09-21 10:49:27,544 - util.agent - DEBUG - Restarting Agent with task=None, step_limit=None and episode_limit=None.
2026-09-21 10:49:49,597 - step_logger_train_123662670618928 - INFO - === BenchEnv5 initialized (mode=train, visualisation=False) ===
2026-09-21 10:53:30,830 - util.agent - INFO - update / exploration: 834.5/618.3 s |  19.0/ 21.6 steps/s | 15820/ 13347 steps, 100 episodes | 2269192/2282539 steps total, 21000 episodes total
2026-09-21 10:53:31,180 - util.agent - INFO - NET_SYNC ok #210 fp=8f6e74839398 update=2269192
2026-09-21 10:53:32,981 - eve_rl.runner.runner - INFO - Saved policy snapshot at scheduled step 2270000 (current=2282539)
2026-09-21 10:53:32,983 - eve_rl.runner.runner - INFO - Saved policy snapshot at scheduled step 2280000 (current=2282539)
2026-09-21 10:53:32,983 - util.agent - DEBUG - explore (amount/limit): steps None/None | episodes 100/None || update (amount/limit): steps 13347.0/None
2026-09-21 11:01:26,928 - util.agent - DEBUG - exploration: steps=2293530 >= step_limit=inf or episodes=21100 >= episode_limit=21100. Setting time limit for workers to finish to 180s
2026-09-21 11:04:27,206 - util.agent - WARNING - Restaring Agent worker_13 because of Timeout
2026-09-21 11:04:27,207 - util.agent - DEBUG - Restarting Agent with task=None, step_limit=None and episode_limit=None.
2026-09-21 11:05:09,863 - step_logger_train_123665852901552 - INFO - === BenchEnv5 initialized (mode=train, visualisation=False) ===
2026-09-21 11:06:26,108 - util.agent - INFO - update / exploration: 773.2/703.3 s |  17.3/ 21.1 steps/s | 13347/ 14820 steps, 100 episodes | 2282539/2297359 steps total, 21100 episodes total
2026-09-21 11:06:26,178 - util.agent - INFO - NET_SYNC ok #211 fp=98ea598e0da2 update=2282539
2026-09-21 11:06:27,981 - eve_rl.runner.runner - INFO - Saved policy snapshot at scheduled step 2290000 (current=2297359)
2026-09-21 11:06:27,981 - util.agent - DEBUG - explore (amount/limit): steps None/None | episodes 100/None || update (amount/limit): steps 14820.0/None
2026-09-21 11:13:33,429 - util.agent - DEBUG - exploration: steps=2307912 >= step_limit=inf or episodes=21200 >= episode_limit=21200. Setting time limit for workers to finish to 180s
2026-09-21 11:16:33,694 - util.agent - WARNING - Restaring Agent worker_2 because of Timeout
2026-09-21 11:16:33,694 - util.agent - DEBUG - Restarting Agent with task=None, step_limit=None and episode_limit=None.
2026-09-21 11:16:50,919 - step_logger_train_123661269033024 - INFO - === BenchEnv5 initialized (mode=train, visualisation=False) ===
2026-09-21 11:16:55,789 - util.agent - WARNING - Restaring Agent worker_3 because of Timeout
2026-09-21 11:16:55,791 - util.agent - DEBUG - Restarting Agent with task=None, step_limit=None and episode_limit=None.
2026-09-21 11:17:13,113 - step_logger_train_123665937334816 - INFO - === BenchEnv5 initialized (mode=train, visualisation=False) ===
2026-09-21 11:17:19,547 - util.agent - WARNING - Restaring Agent worker_8 because of Timeout
2026-09-21 11:17:19,549 - util.agent - DEBUG - Restarting Agent with task=None, step_limit=None and episode_limit=None.
2026-09-21 11:17:36,556 - step_logger_train_123661250299312 - INFO - === BenchEnv5 initialized (mode=train, visualisation=False) ===
2026-09-21 11:17:43,249 - util.agent - WARNING - Restaring Agent worker_10 because of Timeout
2026-09-21 11:17:43,249 - util.agent - DEBUG - Restarting Agent with task=None, step_limit=None and episode_limit=None.
2026-09-21 11:17:59,977 - step_logger_train_123659424919616 - INFO - === BenchEnv5 initialized (mode=train, visualisation=False) ===
2026-09-21 11:20:03,634 - util.agent - INFO - update / exploration: 815.7/698.2 s |  18.2/ 20.3 steps/s | 14820/ 14164 steps, 100 episodes | 2297359/2311523 steps total, 21200 episodes total
2026-09-21 11:20:03,687 - util.agent - INFO - NET_SYNC ok #212 fp=c1a4e26ab342 update=2297359
2026-09-21 11:20:05,431 - eve_rl.runner.runner - INFO - Saved policy snapshot at scheduled step 2300000 (current=2311523)
2026-09-21 11:20:05,434 - eve_rl.runner.runner - INFO - Saved policy snapshot at scheduled step 2310000 (current=2311523)
2026-09-21 11:20:05,435 - util.agent - DEBUG - explore (amount/limit): steps None/None | episodes 100/None || update (amount/limit): steps 14164.0/None
2026-09-21 11:25:48,638 - util.agent - DEBUG - exploration: steps=2320967 >= step_limit=inf or episodes=21300 >= episode_limit=21300. Setting time limit for workers to finish to 180s
2026-09-21 11:28:49,292 - util.agent - WARNING - Restaring Agent worker_3 because of Timeout
2026-09-21 11:28:49,293 - util.agent - DEBUG - Restarting Agent with task=None, step_limit=None and episode_limit=None.
2026-09-21 11:29:06,492 - step_logger_train_123661257728448 - INFO - === BenchEnv5 initialized (mode=train, visualisation=False) ===
2026-09-21 11:29:12,697 - util.agent - WARNING - Restaring Agent worker_4 because of Timeout
2026-09-21 11:29:12,699 - util.agent - DEBUG - Restarting Agent with task=None, step_limit=None and episode_limit=None.
2026-09-21 11:29:29,411 - step_logger_train_123659450559072 - INFO - === BenchEnv5 initialized (mode=train, visualisation=False) ===
2026-09-21 11:29:35,109 - util.agent - WARNING - Restaring Agent worker_11 because of Timeout
2026-09-21 11:29:35,110 - util.agent - DEBUG - Restarting Agent with task=None, step_limit=None and episode_limit=None.
2026-09-21 11:29:51,861 - step_logger_train_123661236092880 - INFO - === BenchEnv5 initialized (mode=train, visualisation=False) ===
2026-09-21 11:32:40,242 - util.agent - INFO - update / exploration: 754.8/592.7 s |  18.8/ 20.5 steps/s | 14164/ 12126 steps, 100 episodes | 2311523/2323649 steps total, 21300 episodes total
2026-09-21 11:32:40,296 - util.agent - INFO - NET_SYNC ok #213 fp=e20e5850d4db update=2311523
2026-09-21 11:32:42,025 - eve_rl.runner.runner - INFO - Saved policy snapshot at scheduled step 2320000 (current=2323649)
2026-09-21 11:32:42,025 - util.agent - DEBUG - explore (amount/limit): steps None/None | episodes 100/None || update (amount/limit): steps 12126.0/None
2026-09-21 11:40:31,828 - util.agent - DEBUG - exploration: steps=2334369 >= step_limit=inf or episodes=21400 >= episode_limit=21400. Setting time limit for workers to finish to 180s
2026-09-21 11:43:32,318 - util.agent - WARNING - Restaring Agent worker_5 because of Timeout
2026-09-21 11:43:32,319 - util.agent - DEBUG - Restarting Agent with task=None, step_limit=None and episode_limit=None.
2026-09-21 11:44:14,405 - step_logger_train_123661370944336 - INFO - === BenchEnv5 initialized (mode=train, visualisation=False) ===
2026-09-21 11:44:48,757 - util.agent - INFO - update / exploration: 726.8/698.8 s |  16.7/ 21.5 steps/s | 12126/ 15049 steps, 100 episodes | 2323649/2338698 steps total, 21400 episodes total
2026-09-21 11:44:48,811 - util.agent - INFO - NET_SYNC ok #214 fp=19be844f16c4 update=2323649
2026-09-21 11:44:50,614 - eve_rl.runner.runner - INFO - Saved policy snapshot at scheduled step 2330000 (current=2338698)
2026-09-21 11:44:50,614 - util.agent - DEBUG - explore (amount/limit): steps None/None | episodes 100/None || update (amount/limit): steps 15049.0/None
2026-09-21 11:51:07,654 - util.agent - DEBUG - exploration: steps=2349431 >= step_limit=inf or episodes=21500 >= episode_limit=21500. Setting time limit for workers to finish to 180s
2026-09-21 11:54:07,843 - util.agent - WARNING - Restaring Agent worker_4 because of Timeout
2026-09-21 11:54:07,844 - util.agent - DEBUG - Restarting Agent with task=None, step_limit=None and episode_limit=None.
2026-09-21 11:54:50,520 - step_logger_train_123662174959984 - INFO - === BenchEnv5 initialized (mode=train, visualisation=False) ===
2026-09-21 11:58:05,284 - util.agent - INFO - update / exploration: 794.7/606.7 s |  18.9/ 22.2 steps/s | 15049/ 13473 steps, 100 episodes | 2338698/2352171 steps total, 21500 episodes total
2026-09-21 11:58:05,462 - util.agent - INFO - NET_SYNC ok #215 fp=c7b32fedbd12 update=2338698
2026-09-21 11:58:07,274 - eve_rl.runner.runner - INFO - Saved policy snapshot at scheduled step 2340000 (current=2352171)
2026-09-21 11:58:07,275 - eve_rl.runner.runner - INFO - Saved policy snapshot at scheduled step 2350000 (current=2352171)
2026-09-21 11:58:07,276 - util.agent - DEBUG - explore (amount/limit): steps None/None | episodes 100/None || update (amount/limit): steps 13473.0/None
2026-09-21 12:04:26,444 - util.agent - DEBUG - exploration: steps=2361948 >= step_limit=inf or episodes=21600 >= episode_limit=21600. Setting time limit for workers to finish to 180s
2026-09-21 12:07:26,489 - util.agent - WARNING - Restaring Agent worker_0 because of Timeout
2026-09-21 12:07:26,490 - util.agent - DEBUG - Restarting Agent with task=None, step_limit=None and episode_limit=None.
2026-09-21 12:07:44,704 - step_logger_train_123662670092224 - INFO - === BenchEnv5 initialized (mode=train, visualisation=False) ===
2026-09-21 12:07:50,412 - util.agent - WARNING - Restaring Agent worker_1 because of Timeout
2026-09-21 12:07:50,414 - util.agent - DEBUG - Restarting Agent with task=None, step_limit=None and episode_limit=None.
2026-09-21 12:08:08,119 - step_logger_train_123661403269344 - INFO - === BenchEnv5 initialized (mode=train, visualisation=False) ===
2026-09-21 12:08:13,771 - util.agent - WARNING - Restaring Agent worker_6 because of Timeout
2026-09-21 12:08:13,772 - util.agent - DEBUG - Restarting Agent with task=None, step_limit=None and episode_limit=None.
2026-09-21 12:08:30,494 - step_logger_train_123661102236384 - INFO - === BenchEnv5 initialized (mode=train, visualisation=False) ===
2026-09-21 12:08:35,778 - util.agent - WARNING - Restaring Agent worker_8 because of Timeout
2026-09-21 12:08:35,779 - util.agent - DEBUG - Restarting Agent with task=None, step_limit=None and episode_limit=None.
2026-09-21 12:08:52,521 - step_logger_train_123661377388256 - INFO - === BenchEnv5 initialized (mode=train, visualisation=False) ===
2026-09-21 12:10:31,211 - util.agent - INFO - update / exploration: 744.0/650.1 s |  18.1/ 19.0 steps/s | 13473/ 12341 steps, 100 episodes | 2352171/2364512 steps total, 21600 episodes total
2026-09-21 12:10:31,265 - util.agent - INFO - NET_SYNC ok #216 fp=ff22022d911d update=2352171
2026-09-21 12:10:32,995 - eve_rl.runner.runner - INFO - Saved policy snapshot at scheduled step 2360000 (current=2364512)
2026-09-21 12:10:32,995 - util.agent - DEBUG - explore (amount/limit): steps None/None | episodes 100/None || update (amount/limit): steps 12341.0/None
2026-09-21 12:16:49,935 - util.agent - DEBUG - exploration: steps=2373507 >= step_limit=inf or episodes=21700 >= episode_limit=21700. Setting time limit for workers to finish to 180s
2026-09-21 12:21:51,378 - util.agent - INFO - update / exploration: 678.4/509.8 s |  18.2/ 25.1 steps/s | 12341/ 12785 steps, 100 episodes | 2364512/2377297 steps total, 21700 episodes total
2026-09-21 12:21:51,428 - util.agent - INFO - NET_SYNC ok #217 fp=916dec0da6b0 update=2364512
2026-09-21 12:21:53,137 - eve_rl.runner.runner - INFO - Saved policy snapshot at scheduled step 2370000 (current=2377297)
2026-09-21 12:21:53,138 - util.agent - DEBUG - explore (amount/limit): steps None/None | episodes 100/None || update (amount/limit): steps 12785.0/None
2026-09-21 12:27:55,345 - util.agent - DEBUG - exploration: steps=2386548 >= step_limit=inf or episodes=21800 >= episode_limit=21800. Setting time limit for workers to finish to 180s
2026-09-21 12:30:55,663 - util.agent - WARNING - Restaring Agent worker_8 because of Timeout
2026-09-21 12:30:55,664 - util.agent - DEBUG - Restarting Agent with task=None, step_limit=None and episode_limit=None.
2026-09-21 12:31:12,695 - step_logger_train_123662174965568 - INFO - === BenchEnv5 initialized (mode=train, visualisation=False) ===
2026-09-21 12:31:17,407 - util.agent - WARNING - Restaring Agent worker_11 because of Timeout
2026-09-21 12:31:17,409 - util.agent - DEBUG - Restarting Agent with task=None, step_limit=None and episode_limit=None.
2026-09-21 12:31:30,555 - step_logger_train_123662174931744 - INFO - === BenchEnv5 initialized (mode=train, visualisation=False) ===
2026-09-21 12:33:32,511 - util.agent - INFO - update / exploration: 699.4/582.8 s |  18.3/ 22.3 steps/s | 12785/ 12971 steps, 100 episodes | 2377297/2390268 steps total, 21800 episodes total
2026-09-21 12:33:32,563 - util.agent - INFO - NET_SYNC ok #218 fp=e646a3fb50f6 update=2377297
2026-09-21 12:33:34,300 - eve_rl.runner.runner - INFO - Saved policy snapshot at scheduled step 2380000 (current=2390268)
2026-09-21 12:33:34,302 - eve_rl.runner.runner - INFO - Saved policy snapshot at scheduled step 2390000 (current=2390268)
2026-09-21 12:33:34,302 - util.agent - DEBUG - explore (amount/limit): steps None/None | episodes 100/None || update (amount/limit): steps 12971.0/None
2026-09-21 12:39:32,269 - util.agent - DEBUG - exploration: steps=2399505 >= step_limit=inf or episodes=21900 >= episode_limit=21900. Setting time limit for workers to finish to 180s
2026-09-21 12:45:10,345 - util.agent - INFO - update / exploration: 696.1/496.2 s |  18.6/ 24.3 steps/s | 12971/ 12057 steps, 100 episodes | 2390268/2402325 steps total, 21900 episodes total
2026-09-21 12:45:10,397 - util.agent - INFO - NET_SYNC ok #219 fp=fec730797216 update=2390268
2026-09-21 12:45:12,187 - eve_rl.runner.runner - INFO - Saved policy snapshot at scheduled step 2400000 (current=2402325)
2026-09-21 12:45:12,188 - util.agent - DEBUG - explore (amount/limit): steps None/None | episodes 100/None || update (amount/limit): steps 12057.0/None
2026-09-21 12:50:08,974 - util.agent - DEBUG - exploration: steps=2410542 >= step_limit=inf or episodes=22000 >= episode_limit=22000. Setting time limit for workers to finish to 180s
2026-09-21 12:53:09,004 - util.agent - WARNING - Restaring Agent worker_0 because of Timeout
2026-09-21 12:53:09,005 - util.agent - DEBUG - Restarting Agent with task=None, step_limit=None and episode_limit=None.
2026-09-21 12:53:56,661 - step_logger_train_123661246972064 - INFO - === BenchEnv5 initialized (mode=train, visualisation=False) ===
2026-09-21 12:54:02,087 - util.agent - WARNING - Restaring Agent worker_15 because of Timeout
2026-09-21 12:54:02,088 - util.agent - DEBUG - Restarting Agent with task=None, step_limit=None and episode_limit=None.
2026-09-21 12:54:19,150 - step_logger_train_123662284999216 - INFO - === BenchEnv5 initialized (mode=train, visualisation=False) ===
2026-09-21 12:55:54,333 - util.agent - INFO - update / exploration: 642.2/553.8 s |  18.8/ 19.9 steps/s | 12057/ 11036 steps, 100 episodes | 2402325/2413361 steps total, 22000 episodes total
2026-09-21 12:55:54,387 - util.agent - INFO - NET_SYNC ok #220 fp=25ccdf69a804 update=2402325
2026-09-21 12:55:56,114 - eve_rl.runner.runner - INFO - Saved policy snapshot at scheduled step 2410000 (current=2413361)
2026-09-21 12:55:56,115 - util.agent - DEBUG - explore (amount/limit): steps None/None | episodes 100/None || update (amount/limit): steps 11036.0/None
2026-09-21 13:01:41,508 - util.agent - DEBUG - exploration: steps=2421447 >= step_limit=inf or episodes=22100 >= episode_limit=22100. Setting time limit for workers to finish to 180s
2026-09-21 13:04:41,837 - util.agent - WARNING - Restaring Agent worker_2 because of Timeout
2026-09-21 13:04:41,838 - util.agent - DEBUG - Restarting Agent with task=None, step_limit=None and episode_limit=None.
2026-09-21 13:04:59,605 - step_logger_train_123662180361648 - INFO - === BenchEnv5 initialized (mode=train, visualisation=False) ===
2026-09-21 13:05:05,846 - util.agent - WARNING - Restaring Agent worker_7 because of Timeout
2026-09-21 13:05:05,847 - util.agent - DEBUG - Restarting Agent with task=None, step_limit=None and episode_limit=None.
2026-09-21 13:05:22,900 - step_logger_train_123662180363808 - INFO - === BenchEnv5 initialized (mode=train, visualisation=False) ===
2026-09-21 13:05:29,814 - util.agent - WARNING - Restaring Agent worker_9 because of Timeout
2026-09-21 13:05:29,816 - util.agent - DEBUG - Restarting Agent with task=None, step_limit=None and episode_limit=None.
2026-09-21 13:05:46,880 - step_logger_train_123662657694112 - INFO - === BenchEnv5 initialized (mode=train, visualisation=False) ===
2026-09-21 13:06:25,712 - util.agent - INFO - update / exploration: 629.6/597.6 s |  17.5/ 19.0 steps/s | 11036/ 11357 steps, 100 episodes | 2413361/2424718 steps total, 22100 episodes total
2026-09-21 13:06:25,765 - util.agent - INFO - NET_SYNC ok #221 fp=f5a8211439d7 update=2413361
2026-09-21 13:06:27,484 - eve_rl.runner.runner - INFO - Saved policy snapshot at scheduled step 2420000 (current=2424718)
2026-09-21 13:06:27,485 - util.agent - DEBUG - explore (amount/limit): steps None/None | episodes 100/None || update (amount/limit): steps 11357.0/None
2026-09-21 13:12:33,907 - util.agent - DEBUG - exploration: steps=2434697 >= step_limit=inf or episodes=22200 >= episode_limit=22200. Setting time limit for workers to finish to 180s
2026-09-21 13:15:34,095 - util.agent - WARNING - Restaring Agent worker_12 because of Timeout
2026-09-21 13:15:34,096 - util.agent - DEBUG - Restarting Agent with task=None, step_limit=None and episode_limit=None.
2026-09-21 13:15:50,866 - step_logger_train_123662174961376 - INFO - === BenchEnv5 initialized (mode=train, visualisation=False) ===
2026-09-21 13:17:06,630 - util.agent - INFO - update / exploration: 639.2/571.0 s |  17.8/ 22.0 steps/s | 11357/ 12566 steps, 100 episodes | 2424718/2437284 steps total, 22200 episodes total
2026-09-21 13:17:06,682 - util.agent - INFO - NET_SYNC ok #222 fp=be534c288631 update=2424718
2026-09-21 13:17:08,403 - eve_rl.runner.runner - INFO - Saved policy snapshot at scheduled step 2430000 (current=2437284)
2026-09-21 13:17:08,403 - util.agent - DEBUG - explore (amount/limit): steps None/None | episodes 100/None || update (amount/limit): steps 12566.0/None
2026-09-21 13:23:29,570 - util.agent - DEBUG - exploration: steps=2446652 >= step_limit=inf or episodes=22300 >= episode_limit=22300. Setting time limit for workers to finish to 180s
2026-09-21 13:28:41,660 - util.agent - INFO - update / exploration: 693.3/551.5 s |  18.1/ 24.3 steps/s | 12566/ 13393 steps, 100 episodes | 2437284/2450677 steps total, 22300 episodes total
2026-09-21 13:28:41,711 - util.agent - INFO - NET_SYNC ok #223 fp=ee5c17b82796 update=2437284
2026-09-21 13:28:43,506 - eve_rl.runner.runner - INFO - Saved policy snapshot at scheduled step 2440000 (current=2450677)
2026-09-21 13:28:43,507 - eve_rl.runner.runner - INFO - Saved policy snapshot at scheduled step 2450000 (current=2450677)
2026-09-21 13:28:43,508 - util.agent - DEBUG - explore (amount/limit): steps None/None | episodes 100/None || update (amount/limit): steps 13393.0/None
2026-09-21 13:34:33,053 - util.agent - DEBUG - exploration: steps=2460102 >= step_limit=inf or episodes=22400 >= episode_limit=22400. Setting time limit for workers to finish to 180s
2026-09-21 13:37:33,504 - util.agent - WARNING - Restaring Agent worker_8 because of Timeout
2026-09-21 13:37:33,505 - util.agent - DEBUG - Restarting Agent with task=None, step_limit=None and episode_limit=None.
2026-09-21 13:38:16,818 - step_logger_train_123662174964560 - INFO - === BenchEnv5 initialized (mode=train, visualisation=False) ===
2026-09-21 13:40:34,832 - util.agent - INFO - update / exploration: 711.4/578.9 s |  18.8/ 21.0 steps/s | 13393/ 12162 steps, 100 episodes | 2450677/2462839 steps total, 22400 episodes total
2026-09-21 13:40:34,885 - util.agent - INFO - NET_SYNC ok #224 fp=cbeba826434a update=2450677
2026-09-21 13:40:36,623 - eve_rl.runner.runner - INFO - Saved policy snapshot at scheduled step 2460000 (current=2462839)
2026-09-21 13:40:36,624 - util.agent - DEBUG - explore (amount/limit): steps None/None | episodes 100/None || update (amount/limit): steps 12162.0/None
2026-09-21 13:48:11,687 - util.agent - DEBUG - exploration: steps=2473296 >= step_limit=inf or episodes=22500 >= episode_limit=22500. Setting time limit for workers to finish to 180s
2026-09-21 13:51:12,044 - util.agent - WARNING - Restaring Agent worker_12 because of Timeout
2026-09-21 13:51:12,045 - util.agent - DEBUG - Restarting Agent with task=None, step_limit=None and episode_limit=None.
2026-09-21 13:51:54,790 - step_logger_train_123661415305952 - INFO - === BenchEnv5 initialized (mode=train, visualisation=False) ===
2026-09-21 13:51:59,799 - util.agent - WARNING - Restaring Agent worker_15 because of Timeout
2026-09-21 13:51:59,800 - util.agent - DEBUG - Restarting Agent with task=None, step_limit=None and episode_limit=None.
2026-09-21 13:52:12,421 - step_logger_train_123662178358512 - INFO - === BenchEnv5 initialized (mode=train, visualisation=False) ===
2026-09-21 13:52:35,516 - util.agent - INFO - update / exploration: 718.9/701.3 s |  16.9/ 20.6 steps/s | 12162/ 14452 steps, 100 episodes | 2462839/2477291 steps total, 22500 episodes total
2026-09-21 13:52:35,568 - util.agent - INFO - NET_SYNC ok #225 fp=54c300cc6c16 update=2462839
2026-09-21 13:52:37,372 - eve_rl.runner.runner - INFO - Saved policy snapshot at scheduled step 2470000 (current=2477291)
2026-09-21 13:52:37,372 - util.agent - DEBUG - explore (amount/limit): steps None/None | episodes 100/None || update (amount/limit): steps 14452.0/None
2026-09-21 13:57:53,195 - util.agent - DEBUG - exploration: steps=2485816 >= step_limit=inf or episodes=22600 >= episode_limit=22600. Setting time limit for workers to finish to 180s
2026-09-21 14:04:39,585 - util.agent - INFO - update / exploration: 722.3/364.8 s |  20.0/ 30.1 steps/s | 14452/ 10987 steps, 100 episodes | 2477291/2488278 steps total, 22600 episodes total
2026-09-21 14:04:39,635 - util.agent - INFO - NET_SYNC ok #226 fp=5cd7b0b8803b update=2477291
2026-09-21 14:04:41,357 - eve_rl.runner.runner - INFO - Saved policy snapshot at scheduled step 2480000 (current=2488278)
2026-09-21 14:04:41,358 - util.agent - DEBUG - explore (amount/limit): steps None/None | episodes 100/None || update (amount/limit): steps 10987.0/None
2026-09-21 14:10:07,724 - util.agent - DEBUG - exploration: steps=2497280 >= step_limit=inf or episodes=22700 >= episode_limit=22700. Setting time limit for workers to finish to 180s
2026-09-21 14:13:08,031 - util.agent - WARNING - Restaring Agent worker_14 because of Timeout
2026-09-21 14:13:08,032 - util.agent - DEBUG - Restarting Agent with task=None, step_limit=None and episode_limit=None.
2026-09-21 14:13:24,883 - step_logger_train_123665761870752 - INFO - === BenchEnv5 initialized (mode=train, visualisation=False) ===
2026-09-21 14:14:42,731 - util.agent - INFO - update / exploration: 601.4/528.4 s |  18.3/ 20.9 steps/s | 10987/ 11037 steps, 100 episodes | 2488278/2499315 steps total, 22700 episodes total
2026-09-21 14:14:42,783 - util.agent - INFO - NET_SYNC ok #227 fp=df67384e754e update=2488278
2026-09-21 14:14:44,518 - eve_rl.runner.runner - INFO - Saved policy snapshot at scheduled step 2490000 (current=2499315)
2026-09-21 14:14:44,519 - util.agent - DEBUG - explore (amount/limit): steps None/None | episodes 100/None || update (amount/limit): steps 11037.0/None
2026-09-21 14:20:12,974 - util.agent - DEBUG - exploration: steps=2508786 >= step_limit=inf or episodes=22800 >= episode_limit=22800. Setting time limit for workers to finish to 180s
2026-09-21 14:23:13,181 - util.agent - WARNING - Restaring Agent worker_4 because of Timeout
2026-09-21 14:23:13,183 - util.agent - DEBUG - Restarting Agent with task=None, step_limit=None and episode_limit=None.
2026-09-21 14:23:54,935 - step_logger_train_123661161269472 - INFO - === BenchEnv5 initialized (mode=train, visualisation=False) ===
2026-09-21 14:24:56,847 - util.agent - INFO - update / exploration: 612.4/556.6 s |  18.0/ 22.2 steps/s | 11037/ 12334 steps, 100 episodes | 2499315/2511649 steps total, 22800 episodes total
2026-09-21 14:24:56,898 - util.agent - INFO - NET_SYNC ok #228 fp=6bd420beb119 update=2499315
2026-09-21 14:24:58,704 - eve_rl.runner.runner - INFO - Saved policy snapshot at scheduled step 2500000 (current=2511649)
2026-09-21 14:24:58,706 - eve_rl.runner.runner - INFO - Saved policy snapshot at scheduled step 2510000 (current=2511649)
2026-09-21 14:24:58,750 - util.agent - DEBUG - evaluate (amount/limit): steps None/None | episodes None/None | len(seeds)=98/options=None
2026-09-21 14:45:42,983 - util.agent - INFO - evaluation : 1244.4s |  10.4 steps/s |   12968 steps /   98 episodes | Total:   188851 steps /  1076 episodes
2026-09-21 14:45:45,240 - eve_rl.runner.runner - INFO - Quality: 0.9387755102040817, Reward: 5.28506444383731, Exploration steps: 2511649
2026-09-21 14:48:14,845 - eve_rl.runner.runner - INFO - Saved replay buffer incrementally (+258277 new transitions) at eval #11
2026-09-21 14:48:14,845 - util.agent - DEBUG - explore (amount/limit): steps None/None | episodes 100/None || update (amount/limit): steps 12334.0/None
2026-09-21 15:07:46,341 - util.agent - DEBUG - exploration: steps=2522319 >= step_limit=inf or episodes=22900 >= episode_limit=22900. Setting time limit for workers to finish to 180s
2026-09-21 15:13:40,485 - util.agent - WARNING - Restaring Agent worker_0 because of Timeout
2026-09-21 15:13:40,534 - util.agent - DEBUG - Restarting Agent with task=None, step_limit=None and episode_limit=None.
2026-09-21 15:26:22,966 - step_logger_train_123661270945696 - INFO - === BenchEnv5 initialized (mode=train, visualisation=False) ===
2026-09-21 15:30:26,900 - util.agent - WARNING - Restaring Agent worker_1 because of Timeout
2026-09-21 15:30:27,559 - util.agent - DEBUG - Restarting Agent with task=None, step_limit=None and episode_limit=None.
2026-09-21 15:31:11,195 - step_logger_train_123661270733680 - INFO - === BenchEnv5 initialized (mode=train, visualisation=False) ===
2026-09-21 15:32:20,593 - util.agent - WARNING - Restaring Agent worker_6 because of Timeout
2026-09-21 15:32:20,594 - util.agent - DEBUG - Restarting Agent with task=None, step_limit=None and episode_limit=None.
2026-09-21 15:32:37,357 - step_logger_train_123662174879904 - INFO - === BenchEnv5 initialized (mode=train, visualisation=False) ===
