2026-09-09 21:32:01,837 - step_logger_train_124654293282192 - INFO - === BenchEnv5 initialized (mode=train, visualisation=False) ===
2026-09-09 21:32:07,042 - step_logger_eval_124653547076000 - INFO - === BenchEnv5 initialized (mode=eval, visualisation=False) ===
2026-09-09 21:32:21,694 - step_logger_train_124657440922976 - INFO - === BenchEnv5 initialized (mode=train, visualisation=False) ===
2026-09-09 21:32:40,613 - step_logger_train_124653970117968 - INFO - === BenchEnv5 initialized (mode=train, visualisation=False) ===
2026-09-09 21:32:58,573 - step_logger_train_124653242599120 - INFO - === BenchEnv5 initialized (mode=train, visualisation=False) ===
2026-09-09 21:33:16,207 - step_logger_train_124653140878960 - INFO - === BenchEnv5 initialized (mode=train, visualisation=False) ===
2026-09-09 21:33:33,821 - step_logger_train_124653283824784 - INFO - === BenchEnv5 initialized (mode=train, visualisation=False) ===
2026-09-09 21:33:50,231 - step_logger_train_124653148627392 - INFO - === BenchEnv5 initialized (mode=train, visualisation=False) ===
2026-09-09 21:34:06,375 - step_logger_train_124653283848544 - INFO - === BenchEnv5 initialized (mode=train, visualisation=False) ===
2026-09-09 21:34:24,710 - step_logger_train_124653283846512 - INFO - === BenchEnv5 initialized (mode=train, visualisation=False) ===
2026-09-09 21:34:42,285 - step_logger_train_124653283786368 - INFO - === BenchEnv5 initialized (mode=train, visualisation=False) ===
2026-09-09 21:34:59,057 - step_logger_train_124653276725840 - INFO - === BenchEnv5 initialized (mode=train, visualisation=False) ===
2026-09-09 21:35:16,589 - step_logger_train_124653160321136 - INFO - === BenchEnv5 initialized (mode=train, visualisation=False) ===
2026-09-09 21:35:34,442 - step_logger_train_124653272943104 - INFO - === BenchEnv5 initialized (mode=train, visualisation=False) ===
2026-09-09 21:35:51,613 - step_logger_train_124657435313488 - INFO - === BenchEnv5 initialized (mode=train, visualisation=False) ===
2026-09-09 21:36:08,947 - step_logger_train_124653270915632 - INFO - === BenchEnv5 initialized (mode=train, visualisation=False) ===
2026-09-09 21:36:26,405 - step_logger_train_124653271365568 - INFO - === BenchEnv5 initialized (mode=train, visualisation=False) ===
2026-09-09 21:36:43,212 - step_logger_train_124657302088048 - INFO - === BenchEnv5 initialized (mode=train, visualisation=False) ===
2026-09-09 21:36:47,539 - util.agent - INFO - Synchron Agent initialized
2026-09-09 21:36:47,624 - eve_rl.runner.runner - INFO - Episode summary will be logged to /opt/eve_training/results/eve_paper/neurovascular/full/mesh_ben/2026-09-09_213120_rcca_carotid_v3/diagnostics/csv/episode_summary.jsonl
2026-09-09 21:36:56,082 - eve_rl.runner.runner - INFO - Loaded replay buffer incrementally (566295 transitions) from /opt/eve_training/results/eve_paper/neurovascular/full/mesh_ben/2026-09-08_220413_rcca_carotid_v3/checkpoints/replay_incremental
2026-09-09 21:36:56,083 - eve_rl.runner.runner - INFO - RESUME: continuing at explore=538085 update=489839 eval=106579 — update-budget baseline re-based to 0; heatup/pretrain skipped.
2026-09-09 21:36:56,084 - util.agent - DEBUG - explore (amount/limit): steps None/None | episodes 100/None || update (amount/limit): steps 48246.0/None
2026-09-09 22:09:21,663 - util.agent - DEBUG - exploration: steps=567084 >= step_limit=inf or episodes=1500 >= episode_limit=1500. Setting time limit for workers to finish to 180s
2026-09-09 22:12:21,870 - util.agent - WARNING - Restaring Agent worker_2 because of Timeout
2026-09-09 22:12:21,872 - util.agent - DEBUG - Restarting Agent with task=None, step_limit=None and episode_limit=None.
2026-09-09 22:13:30,911 - step_logger_train_124653140716560 - INFO - === BenchEnv5 initialized (mode=train, visualisation=False) ===
2026-09-09 22:13:37,290 - util.agent - WARNING - Restaring Agent worker_3 because of Timeout
2026-09-09 22:13:37,293 - util.agent - DEBUG - Restarting Agent with task=None, step_limit=None and episode_limit=None.
2026-09-09 22:13:57,854 - step_logger_train_124653246791936 - INFO - === BenchEnv5 initialized (mode=train, visualisation=False) ===
2026-09-09 22:14:03,408 - util.agent - WARNING - Restaring Agent worker_6 because of Timeout
2026-09-09 22:14:03,409 - util.agent - DEBUG - Restarting Agent with task=None, step_limit=None and episode_limit=None.
2026-09-09 22:14:22,368 - step_logger_train_124653973064000 - INFO - === BenchEnv5 initialized (mode=train, visualisation=False) ===
2026-09-09 22:14:27,996 - util.agent - WARNING - Restaring Agent worker_8 because of Timeout
2026-09-09 22:14:28,001 - util.agent - DEBUG - Restarting Agent with task=None, step_limit=None and episode_limit=None.
2026-09-09 22:14:44,600 - step_logger_train_124653241768448 - INFO - === BenchEnv5 initialized (mode=train, visualisation=False) ===
2026-09-09 22:14:49,249 - util.agent - WARNING - Restaring Agent worker_9 because of Timeout
2026-09-09 22:14:49,255 - util.agent - DEBUG - Restarting Agent with task=None, step_limit=None and episode_limit=None.
2026-09-09 22:15:06,523 - step_logger_train_124653004376576 - INFO - === BenchEnv5 initialized (mode=train, visualisation=False) ===
2026-09-09 22:15:10,966 - util.agent - WARNING - Restaring Agent worker_12 because of Timeout
2026-09-09 22:15:10,969 - util.agent - DEBUG - Restarting Agent with task=None, step_limit=None and episode_limit=None.
2026-09-09 22:15:27,217 - step_logger_train_124654259346928 - INFO - === BenchEnv5 initialized (mode=train, visualisation=False) ===
2026-09-09 22:15:31,923 - util.agent - WARNING - Restaring Agent worker_13 because of Timeout
2026-09-09 22:15:31,924 - util.agent - DEBUG - Restarting Agent with task=None, step_limit=None and episode_limit=None.
2026-09-09 22:15:48,244 - step_logger_train_124653285735056 - INFO - === BenchEnv5 initialized (mode=train, visualisation=False) ===
2026-09-09 22:26:41,837 - util.agent - INFO - update / exploration: 2986.0/2336.9 s |  16.2/ 15.6 steps/s | 48246/ 36429 steps, 100 episodes | 538085/ 574514 steps total,  1500 episodes total
2026-09-09 22:26:41,886 - util.agent - INFO - NET_SYNC ok #1 fp=bd38a7d6b66b update=538085
2026-09-09 22:26:43,554 - eve_rl.runner.runner - INFO - Saved policy snapshot at scheduled step 10000 (current=574514)
2026-09-09 22:26:43,556 - eve_rl.runner.runner - INFO - Saved policy snapshot at scheduled step 20000 (current=574514)
2026-09-09 22:26:43,557 - eve_rl.runner.runner - INFO - Saved policy snapshot at scheduled step 30000 (current=574514)
2026-09-09 22:26:43,558 - eve_rl.runner.runner - INFO - Saved policy snapshot at scheduled step 40000 (current=574514)
2026-09-09 22:26:43,559 - eve_rl.runner.runner - INFO - Saved policy snapshot at scheduled step 50000 (current=574514)
2026-09-09 22:26:43,560 - eve_rl.runner.runner - INFO - Saved policy snapshot at scheduled step 60000 (current=574514)
2026-09-09 22:26:43,561 - eve_rl.runner.runner - INFO - Saved policy snapshot at scheduled step 70000 (current=574514)
2026-09-09 22:26:43,562 - eve_rl.runner.runner - INFO - Saved policy snapshot at scheduled step 80000 (current=574514)
2026-09-09 22:26:43,564 - eve_rl.runner.runner - INFO - Saved policy snapshot at scheduled step 90000 (current=574514)
2026-09-09 22:26:43,565 - eve_rl.runner.runner - INFO - Saved policy snapshot at scheduled step 100000 (current=574514)
2026-09-09 22:26:43,566 - eve_rl.runner.runner - INFO - Saved policy snapshot at scheduled step 110000 (current=574514)
2026-09-09 22:26:43,567 - eve_rl.runner.runner - INFO - Saved policy snapshot at scheduled step 120000 (current=574514)
2026-09-09 22:26:43,568 - eve_rl.runner.runner - INFO - Saved policy snapshot at scheduled step 130000 (current=574514)
2026-09-09 22:26:43,569 - eve_rl.runner.runner - INFO - Saved policy snapshot at scheduled step 140000 (current=574514)
2026-09-09 22:26:43,571 - eve_rl.runner.runner - INFO - Saved policy snapshot at scheduled step 150000 (current=574514)
2026-09-09 22:26:43,572 - eve_rl.runner.runner - INFO - Saved policy snapshot at scheduled step 160000 (current=574514)
2026-09-09 22:26:43,573 - eve_rl.runner.runner - INFO - Saved policy snapshot at scheduled step 170000 (current=574514)
2026-09-09 22:26:43,574 - eve_rl.runner.runner - INFO - Saved policy snapshot at scheduled step 180000 (current=574514)
2026-09-09 22:26:43,575 - eve_rl.runner.runner - INFO - Saved policy snapshot at scheduled step 190000 (current=574514)
2026-09-09 22:26:43,577 - eve_rl.runner.runner - INFO - Saved policy snapshot at scheduled step 200000 (current=574514)
2026-09-09 22:26:43,577 - eve_rl.runner.runner - INFO - Saved policy snapshot at scheduled step 210000 (current=574514)
2026-09-09 22:26:43,579 - eve_rl.runner.runner - INFO - Saved policy snapshot at scheduled step 220000 (current=574514)
2026-09-09 22:26:43,580 - eve_rl.runner.runner - INFO - Saved policy snapshot at scheduled step 230000 (current=574514)
2026-09-09 22:26:43,581 - eve_rl.runner.runner - INFO - Saved policy snapshot at scheduled step 240000 (current=574514)
2026-09-09 22:26:43,582 - eve_rl.runner.runner - INFO - Saved policy snapshot at scheduled step 250000 (current=574514)
2026-09-09 22:26:43,583 - eve_rl.runner.runner - INFO - Saved policy snapshot at scheduled step 260000 (current=574514)
2026-09-09 22:26:43,584 - eve_rl.runner.runner - INFO - Saved policy snapshot at scheduled step 270000 (current=574514)
2026-09-09 22:26:43,586 - eve_rl.runner.runner - INFO - Saved policy snapshot at scheduled step 280000 (current=574514)
2026-09-09 22:26:43,587 - eve_rl.runner.runner - INFO - Saved policy snapshot at scheduled step 290000 (current=574514)
2026-09-09 22:26:43,588 - eve_rl.runner.runner - INFO - Saved policy snapshot at scheduled step 300000 (current=574514)
2026-09-09 22:26:43,589 - eve_rl.runner.runner - INFO - Saved policy snapshot at scheduled step 310000 (current=574514)
2026-09-09 22:26:43,590 - eve_rl.runner.runner - INFO - Saved policy snapshot at scheduled step 320000 (current=574514)
2026-09-09 22:26:43,591 - eve_rl.runner.runner - INFO - Saved policy snapshot at scheduled step 330000 (current=574514)
2026-09-09 22:26:43,592 - eve_rl.runner.runner - INFO - Saved policy snapshot at scheduled step 340000 (current=574514)
2026-09-09 22:26:43,593 - eve_rl.runner.runner - INFO - Saved policy snapshot at scheduled step 350000 (current=574514)
2026-09-09 22:26:43,594 - eve_rl.runner.runner - INFO - Saved policy snapshot at scheduled step 360000 (current=574514)
2026-09-09 22:26:43,595 - eve_rl.runner.runner - INFO - Saved policy snapshot at scheduled step 370000 (current=574514)
2026-09-09 22:26:43,596 - eve_rl.runner.runner - INFO - Saved policy snapshot at scheduled step 380000 (current=574514)
2026-09-09 22:26:43,597 - eve_rl.runner.runner - INFO - Saved policy snapshot at scheduled step 390000 (current=574514)
2026-09-09 22:26:43,598 - eve_rl.runner.runner - INFO - Saved policy snapshot at scheduled step 400000 (current=574514)
2026-09-09 22:26:43,600 - eve_rl.runner.runner - INFO - Saved policy snapshot at scheduled step 410000 (current=574514)
2026-09-09 22:26:43,601 - eve_rl.runner.runner - INFO - Saved policy snapshot at scheduled step 420000 (current=574514)
2026-09-09 22:26:43,602 - eve_rl.runner.runner - INFO - Saved policy snapshot at scheduled step 430000 (current=574514)
2026-09-09 22:26:43,603 - eve_rl.runner.runner - INFO - Saved policy snapshot at scheduled step 440000 (current=574514)
2026-09-09 22:26:43,604 - eve_rl.runner.runner - INFO - Saved policy snapshot at scheduled step 450000 (current=574514)
2026-09-09 22:26:43,605 - eve_rl.runner.runner - INFO - Saved policy snapshot at scheduled step 460000 (current=574514)
2026-09-09 22:26:43,606 - eve_rl.runner.runner - INFO - Saved policy snapshot at scheduled step 470000 (current=574514)
2026-09-09 22:26:43,607 - eve_rl.runner.runner - INFO - Saved policy snapshot at scheduled step 480000 (current=574514)
2026-09-09 22:26:43,609 - eve_rl.runner.runner - INFO - Saved policy snapshot at scheduled step 490000 (current=574514)
2026-09-09 22:26:43,610 - eve_rl.runner.runner - INFO - Saved policy snapshot at scheduled step 500000 (current=574514)
2026-09-09 22:26:43,611 - eve_rl.runner.runner - INFO - Saved policy snapshot at scheduled step 510000 (current=574514)
2026-09-09 22:26:43,612 - eve_rl.runner.runner - INFO - Saved policy snapshot at scheduled step 520000 (current=574514)
2026-09-09 22:26:43,614 - eve_rl.runner.runner - INFO - Saved policy snapshot at scheduled step 530000 (current=574514)
2026-09-09 22:26:43,615 - eve_rl.runner.runner - INFO - Saved policy snapshot at scheduled step 540000 (current=574514)
2026-09-09 22:26:43,616 - eve_rl.runner.runner - INFO - Saved policy snapshot at scheduled step 550000 (current=574514)
2026-09-09 22:26:43,617 - eve_rl.runner.runner - INFO - Saved policy snapshot at scheduled step 560000 (current=574514)
2026-09-09 22:26:43,618 - eve_rl.runner.runner - INFO - Saved policy snapshot at scheduled step 570000 (current=574514)
2026-09-09 22:26:43,619 - util.agent - DEBUG - explore (amount/limit): steps None/None | episodes 100/None || update (amount/limit): steps 36429.0/None
2026-09-09 23:12:11,244 - util.agent - DEBUG - exploration: steps=622260 >= step_limit=inf or episodes=1600 >= episode_limit=1600. Setting time limit for workers to finish to 180s
2026-09-09 23:15:12,299 - util.agent - WARNING - Restaring Agent worker_1 because of Timeout
2026-09-09 23:15:12,300 - util.agent - DEBUG - Restarting Agent with task=None, step_limit=None and episode_limit=None.
2026-09-09 23:16:19,791 - step_logger_train_124653279184448 - INFO - === BenchEnv5 initialized (mode=train, visualisation=False) ===
2026-09-09 23:16:26,706 - util.agent - WARNING - Restaring Agent worker_2 because of Timeout
2026-09-09 23:16:26,708 - util.agent - DEBUG - Restarting Agent with task=None, step_limit=None and episode_limit=None.
2026-09-09 23:16:46,641 - step_logger_train_124657440923024 - INFO - === BenchEnv5 initialized (mode=train, visualisation=False) ===
2026-09-09 23:16:53,264 - util.agent - WARNING - Restaring Agent worker_3 because of Timeout
2026-09-09 23:16:53,268 - util.agent - DEBUG - Restarting Agent with task=None, step_limit=None and episode_limit=None.
2026-09-09 23:17:13,055 - step_logger_train_124652982423712 - INFO - === BenchEnv5 initialized (mode=train, visualisation=False) ===
2026-09-09 23:17:18,802 - util.agent - WARNING - Restaring Agent worker_4 because of Timeout
2026-09-09 23:17:18,804 - util.agent - DEBUG - Restarting Agent with task=None, step_limit=None and episode_limit=None.
2026-09-09 23:17:36,267 - step_logger_train_124653106288432 - INFO - === BenchEnv5 initialized (mode=train, visualisation=False) ===
2026-09-09 23:17:41,345 - util.agent - WARNING - Restaring Agent worker_5 because of Timeout
2026-09-09 23:17:41,348 - util.agent - DEBUG - Restarting Agent with task=None, step_limit=None and episode_limit=None.
2026-09-09 23:17:53,759 - step_logger_train_124654252447920 - INFO - === BenchEnv5 initialized (mode=train, visualisation=False) ===
2026-09-09 23:17:58,504 - util.agent - WARNING - Restaring Agent worker_6 because of Timeout
2026-09-09 23:17:58,507 - util.agent - DEBUG - Restarting Agent with task=None, step_limit=None and episode_limit=None.
2026-09-09 23:18:10,938 - step_logger_train_124653167372800 - INFO - === BenchEnv5 initialized (mode=train, visualisation=False) ===
2026-09-09 23:18:15,227 - util.agent - WARNING - Restaring Agent worker_7 because of Timeout
2026-09-09 23:18:15,231 - util.agent - DEBUG - Restarting Agent with task=None, step_limit=None and episode_limit=None.
2026-09-09 23:18:27,856 - step_logger_train_124653283335040 - INFO - === BenchEnv5 initialized (mode=train, visualisation=False) ===
2026-09-09 23:18:32,105 - util.agent - WARNING - Restaring Agent worker_8 because of Timeout
2026-09-09 23:18:32,106 - util.agent - DEBUG - Restarting Agent with task=None, step_limit=None and episode_limit=None.
2026-09-09 23:18:44,474 - step_logger_train_124652983140656 - INFO - === BenchEnv5 initialized (mode=train, visualisation=False) ===
2026-09-09 23:18:48,996 - util.agent - WARNING - Restaring Agent worker_9 because of Timeout
2026-09-09 23:18:48,997 - util.agent - DEBUG - Restarting Agent with task=None, step_limit=None and episode_limit=None.
2026-09-09 23:19:01,146 - step_logger_train_124653168762400 - INFO - === BenchEnv5 initialized (mode=train, visualisation=False) ===
2026-09-09 23:19:05,252 - util.agent - WARNING - Restaring Agent worker_11 because of Timeout
2026-09-09 23:19:05,256 - util.agent - DEBUG - Restarting Agent with task=None, step_limit=None and episode_limit=None.
2026-09-09 23:19:18,637 - step_logger_train_124653153303472 - INFO - === BenchEnv5 initialized (mode=train, visualisation=False) ===
2026-09-09 23:19:22,762 - util.agent - WARNING - Restaring Agent worker_12 because of Timeout
2026-09-09 23:19:22,766 - util.agent - DEBUG - Restarting Agent with task=None, step_limit=None and episode_limit=None.
2026-09-09 23:19:35,230 - step_logger_train_124657301941936 - INFO - === BenchEnv5 initialized (mode=train, visualisation=False) ===
2026-09-09 23:19:39,724 - util.agent - WARNING - Restaring Agent worker_14 because of Timeout
2026-09-09 23:19:39,726 - util.agent - DEBUG - Restarting Agent with task=None, step_limit=None and episode_limit=None.
2026-09-09 23:19:51,996 - step_logger_train_124653116234288 - INFO - === BenchEnv5 initialized (mode=train, visualisation=False) ===
2026-09-09 23:19:56,042 - util.agent - WARNING - Restaring Agent worker_15 because of Timeout
2026-09-09 23:19:56,045 - util.agent - DEBUG - Restarting Agent with task=None, step_limit=None and episode_limit=None.
2026-09-09 23:20:08,899 - step_logger_train_124657301940640 - INFO - === BenchEnv5 initialized (mode=train, visualisation=False) ===
2026-09-09 23:20:12,990 - util.agent - INFO - update / exploration: 2700.3/3209.6 s |  13.5/ 17.2 steps/s | 36429/ 55288 steps, 100 episodes | 574514/ 629802 steps total,  1600 episodes total
2026-09-09 23:20:13,038 - util.agent - INFO - NET_SYNC ok #2 fp=dc18345155fd update=574514
2026-09-09 23:20:14,783 - eve_rl.runner.runner - INFO - Saved policy snapshot at scheduled step 580000 (current=629802)
2026-09-09 23:20:14,785 - eve_rl.runner.runner - INFO - Saved policy snapshot at scheduled step 590000 (current=629802)
2026-09-09 23:20:14,786 - eve_rl.runner.runner - INFO - Saved policy snapshot at scheduled step 600000 (current=629802)
2026-09-09 23:20:14,787 - eve_rl.runner.runner - INFO - Saved policy snapshot at scheduled step 610000 (current=629802)
2026-09-09 23:20:14,788 - eve_rl.runner.runner - INFO - Saved policy snapshot at scheduled step 620000 (current=629802)
2026-09-09 23:20:14,789 - util.agent - DEBUG - explore (amount/limit): steps None/None | episodes 100/None || update (amount/limit): steps 55288.0/None
2026-09-09 23:54:59,242 - util.agent - DEBUG - exploration: steps=665133 >= step_limit=inf or episodes=1700 >= episode_limit=1700. Setting time limit for workers to finish to 180s
2026-09-09 23:57:59,768 - util.agent - WARNING - Restaring Agent worker_2 because of Timeout
2026-09-09 23:57:59,769 - util.agent - DEBUG - Restarting Agent with task=None, step_limit=None and episode_limit=None.
2026-09-09 23:58:54,467 - step_logger_train_124654251731696 - INFO - === BenchEnv5 initialized (mode=train, visualisation=False) ===
2026-09-09 23:58:59,704 - util.agent - WARNING - Restaring Agent worker_11 because of Timeout
2026-09-09 23:58:59,706 - util.agent - DEBUG - Restarting Agent with task=None, step_limit=None and episode_limit=None.
2026-09-09 23:59:20,980 - step_logger_train_124653124847264 - INFO - === BenchEnv5 initialized (mode=train, visualisation=False) ===
2026-09-09 23:59:25,482 - util.agent - WARNING - Restaring Agent worker_14 because of Timeout
2026-09-09 23:59:25,485 - util.agent - DEBUG - Restarting Agent with task=None, step_limit=None and episode_limit=None.
2026-09-09 23:59:42,135 - step_logger_train_124651896575552 - INFO - === BenchEnv5 initialized (mode=train, visualisation=False) ===
2026-09-10 00:14:48,468 - util.agent - INFO - update / exploration: 3273.8/2371.9 s |  16.9/ 17.2 steps/s | 55288/ 40861 steps, 100 episodes | 629802/ 670663 steps total,  1700 episodes total
2026-09-10 00:14:48,512 - util.agent - INFO - NET_SYNC ok #3 fp=2cb3bff13e88 update=629802
2026-09-10 00:14:50,236 - eve_rl.runner.runner - INFO - Saved policy snapshot at scheduled step 630000 (current=670663)
2026-09-10 00:14:50,238 - eve_rl.runner.runner - INFO - Saved policy snapshot at scheduled step 640000 (current=670663)
2026-09-10 00:14:50,238 - eve_rl.runner.runner - INFO - Saved policy snapshot at scheduled step 650000 (current=670663)
2026-09-10 00:14:50,239 - eve_rl.runner.runner - INFO - Saved policy snapshot at scheduled step 660000 (current=670663)
2026-09-10 00:14:50,240 - eve_rl.runner.runner - INFO - Saved policy snapshot at scheduled step 670000 (current=670663)
2026-09-10 00:14:50,241 - util.agent - DEBUG - explore (amount/limit): steps None/None | episodes 100/None || update (amount/limit): steps 40861.0/None
2026-09-10 00:50:36,119 - util.agent - DEBUG - exploration: steps=704342 >= step_limit=inf or episodes=1800 >= episode_limit=1800. Setting time limit for workers to finish to 180s
2026-09-10 00:53:36,337 - util.agent - WARNING - Restaring Agent worker_0 because of Timeout
2026-09-10 00:53:36,338 - util.agent - DEBUG - Restarting Agent with task=None, step_limit=None and episode_limit=None.
2026-09-10 00:54:38,468 - step_logger_train_124654247725424 - INFO - === BenchEnv5 initialized (mode=train, visualisation=False) ===
2026-09-10 00:54:45,049 - util.agent - WARNING - Restaring Agent worker_3 because of Timeout
2026-09-10 00:54:45,050 - util.agent - DEBUG - Restarting Agent with task=None, step_limit=None and episode_limit=None.
2026-09-10 00:55:08,034 - step_logger_train_124654258309200 - INFO - === BenchEnv5 initialized (mode=train, visualisation=False) ===
2026-09-10 00:55:12,956 - util.agent - WARNING - Restaring Agent worker_7 because of Timeout
2026-09-10 00:55:12,962 - util.agent - DEBUG - Restarting Agent with task=None, step_limit=None and episode_limit=None.
2026-09-10 00:55:34,470 - step_logger_train_124651360018496 - INFO - === BenchEnv5 initialized (mode=train, visualisation=False) ===
2026-09-10 00:55:39,266 - util.agent - WARNING - Restaring Agent worker_8 because of Timeout
2026-09-10 00:55:39,267 - util.agent - DEBUG - Restarting Agent with task=None, step_limit=None and episode_limit=None.
2026-09-10 00:55:56,635 - step_logger_train_124650327664768 - INFO - === BenchEnv5 initialized (mode=train, visualisation=False) ===
2026-09-10 00:56:01,249 - util.agent - WARNING - Restaring Agent worker_10 because of Timeout
2026-09-10 00:56:01,252 - util.agent - DEBUG - Restarting Agent with task=None, step_limit=None and episode_limit=None.
2026-09-10 00:56:19,078 - step_logger_train_124653134244208 - INFO - === BenchEnv5 initialized (mode=train, visualisation=False) ===
2026-09-10 00:56:24,739 - util.agent - WARNING - Restaring Agent worker_13 because of Timeout
2026-09-10 00:56:24,744 - util.agent - DEBUG - Restarting Agent with task=None, step_limit=None and episode_limit=None.
2026-09-10 00:56:40,952 - step_logger_train_124651896577568 - INFO - === BenchEnv5 initialized (mode=train, visualisation=False) ===
2026-09-10 01:01:39,115 - util.agent - INFO - update / exploration: 2809.1/2516.1 s |  14.5/ 15.7 steps/s | 40861/ 39576 steps, 100 episodes | 670663/ 710239 steps total,  1800 episodes total
2026-09-10 01:01:39,162 - util.agent - INFO - NET_SYNC ok #4 fp=cc60d4aa9854 update=670663
2026-09-10 01:01:40,977 - eve_rl.runner.runner - INFO - Saved policy snapshot at scheduled step 680000 (current=710239)
2026-09-10 01:01:40,979 - eve_rl.runner.runner - INFO - Saved policy snapshot at scheduled step 690000 (current=710239)
2026-09-10 01:01:40,981 - eve_rl.runner.runner - INFO - Saved policy snapshot at scheduled step 700000 (current=710239)
2026-09-10 01:01:40,982 - eve_rl.runner.runner - INFO - Saved policy snapshot at scheduled step 710000 (current=710239)
2026-09-10 01:01:40,982 - util.agent - DEBUG - explore (amount/limit): steps None/None | episodes 100/None || update (amount/limit): steps 39576.0/None
2026-09-10 01:39:53,608 - util.agent - DEBUG - exploration: steps=748993 >= step_limit=inf or episodes=1900 >= episode_limit=1900. Setting time limit for workers to finish to 180s
2026-09-10 01:42:54,698 - util.agent - WARNING - Restaring Agent worker_2 because of Timeout
2026-09-10 01:42:54,700 - util.agent - DEBUG - Restarting Agent with task=None, step_limit=None and episode_limit=None.
2026-09-10 01:43:53,442 - step_logger_train_124657394973232 - INFO - === BenchEnv5 initialized (mode=train, visualisation=False) ===
2026-09-10 01:43:59,904 - util.agent - WARNING - Restaring Agent worker_3 because of Timeout
2026-09-10 01:43:59,909 - util.agent - DEBUG - Restarting Agent with task=None, step_limit=None and episode_limit=None.
2026-09-10 01:44:16,806 - step_logger_train_124657395610912 - INFO - === BenchEnv5 initialized (mode=train, visualisation=False) ===
2026-09-10 01:44:22,239 - util.agent - WARNING - Restaring Agent worker_8 because of Timeout
2026-09-10 01:44:22,242 - util.agent - DEBUG - Restarting Agent with task=None, step_limit=None and episode_limit=None.
2026-09-10 01:44:40,174 - step_logger_train_124657306313968 - INFO - === BenchEnv5 initialized (mode=train, visualisation=False) ===
2026-09-10 01:44:45,071 - util.agent - WARNING - Restaring Agent worker_12 because of Timeout
2026-09-10 01:44:45,075 - util.agent - DEBUG - Restarting Agent with task=None, step_limit=None and episode_limit=None.
2026-09-10 01:45:05,044 - step_logger_train_124651896687824 - INFO - === BenchEnv5 initialized (mode=train, visualisation=False) ===
2026-09-10 01:45:10,407 - util.agent - WARNING - Restaring Agent worker_13 because of Timeout
2026-09-10 01:45:10,410 - util.agent - DEBUG - Restarting Agent with task=None, step_limit=None and episode_limit=None.
2026-09-10 01:45:27,091 - step_logger_train_124651896596992 - INFO - === BenchEnv5 initialized (mode=train, visualisation=False) ===
2026-09-10 01:45:32,438 - util.agent - WARNING - Restaring Agent worker_14 because of Timeout
2026-09-10 01:45:32,440 - util.agent - DEBUG - Restarting Agent with task=None, step_limit=None and episode_limit=None.
2026-09-10 01:45:49,875 - step_logger_train_124651896575648 - INFO - === BenchEnv5 initialized (mode=train, visualisation=False) ===
2026-09-10 01:47:52,108 - util.agent - INFO - update / exploration: 2771.3/2653.9 s |  14.3/ 17.3 steps/s | 39576/ 45978 steps, 100 episodes | 710239/ 756217 steps total,  1900 episodes total
2026-09-10 01:47:52,153 - util.agent - INFO - NET_SYNC ok #5 fp=db131098190b update=710239
2026-09-10 01:47:53,970 - eve_rl.runner.runner - INFO - Saved policy snapshot at scheduled step 720000 (current=756217)
2026-09-10 01:47:53,972 - eve_rl.runner.runner - INFO - Saved policy snapshot at scheduled step 730000 (current=756217)
2026-09-10 01:47:53,973 - eve_rl.runner.runner - INFO - Saved policy snapshot at scheduled step 740000 (current=756217)
2026-09-10 01:47:53,974 - eve_rl.runner.runner - INFO - Saved policy snapshot at scheduled step 750000 (current=756217)
2026-09-10 01:47:53,974 - util.agent - DEBUG - explore (amount/limit): steps None/None | episodes 100/None || update (amount/limit): steps 45978.0/None
2026-09-10 02:20:01,068 - util.agent - DEBUG - exploration: steps=792447 >= step_limit=inf or episodes=2000 >= episode_limit=2000. Setting time limit for workers to finish to 180s
2026-09-10 02:23:02,296 - util.agent - WARNING - Restaring Agent worker_0 because of Timeout
2026-09-10 02:23:02,297 - util.agent - DEBUG - Restarting Agent with task=None, step_limit=None and episode_limit=None.
2026-09-10 02:24:04,426 - step_logger_train_124653257246272 - INFO - === BenchEnv5 initialized (mode=train, visualisation=False) ===
2026-09-10 02:24:09,392 - util.agent - WARNING - Restaring Agent worker_4 because of Timeout
2026-09-10 02:24:09,393 - util.agent - DEBUG - Restarting Agent with task=None, step_limit=None and episode_limit=None.
2026-09-10 02:24:27,543 - step_logger_train_124653278809824 - INFO - === BenchEnv5 initialized (mode=train, visualisation=False) ===
2026-09-10 02:24:32,774 - util.agent - WARNING - Restaring Agent worker_5 because of Timeout
2026-09-10 02:24:32,776 - util.agent - DEBUG - Restarting Agent with task=None, step_limit=None and episode_limit=None.
2026-09-10 02:24:50,077 - step_logger_train_124653269279840 - INFO - === BenchEnv5 initialized (mode=train, visualisation=False) ===
2026-09-10 02:24:54,892 - util.agent - WARNING - Restaring Agent worker_6 because of Timeout
2026-09-10 02:24:54,895 - util.agent - DEBUG - Restarting Agent with task=None, step_limit=None and episode_limit=None.
2026-09-10 02:25:12,638 - step_logger_train_124653117703552 - INFO - === BenchEnv5 initialized (mode=train, visualisation=False) ===
2026-09-10 02:25:17,247 - util.agent - WARNING - Restaring Agent worker_10 because of Timeout
2026-09-10 02:25:17,250 - util.agent - DEBUG - Restarting Agent with task=None, step_limit=None and episode_limit=None.
2026-09-10 02:25:34,255 - step_logger_train_124653139835968 - INFO - === BenchEnv5 initialized (mode=train, visualisation=False) ===
2026-09-10 02:25:38,738 - util.agent - WARNING - Restaring Agent worker_12 because of Timeout
2026-09-10 02:25:38,739 - util.agent - DEBUG - Restarting Agent with task=None, step_limit=None and episode_limit=None.
2026-09-10 02:25:55,331 - step_logger_train_124651934876480 - INFO - === BenchEnv5 initialized (mode=train, visualisation=False) ===
2026-09-10 02:26:00,498 - util.agent - WARNING - Restaring Agent worker_13 because of Timeout
2026-09-10 02:26:00,502 - util.agent - DEBUG - Restarting Agent with task=None, step_limit=None and episode_limit=None.
2026-09-10 02:26:17,337 - step_logger_train_124653240986160 - INFO - === BenchEnv5 initialized (mode=train, visualisation=False) ===
2026-09-10 02:26:22,464 - util.agent - WARNING - Restaring Agent worker_14 because of Timeout
2026-09-10 02:26:22,468 - util.agent - DEBUG - Restarting Agent with task=None, step_limit=None and episode_limit=None.
2026-09-10 02:26:38,544 - step_logger_train_124653143054080 - INFO - === BenchEnv5 initialized (mode=train, visualisation=False) ===
2026-09-10 02:36:06,510 - util.agent - INFO - update / exploration: 2892.7/2329.7 s |  15.9/ 18.9 steps/s | 45978/ 44129 steps, 100 episodes | 756217/ 800346 steps total,  2000 episodes total
2026-09-10 02:36:06,557 - util.agent - INFO - NET_SYNC ok #6 fp=ae654a9b7b49 update=756217
2026-09-10 02:36:08,346 - eve_rl.runner.runner - INFO - Saved policy snapshot at scheduled step 760000 (current=800346)
2026-09-10 02:36:08,349 - eve_rl.runner.runner - INFO - Saved policy snapshot at scheduled step 770000 (current=800346)
2026-09-10 02:36:08,350 - eve_rl.runner.runner - INFO - Saved policy snapshot at scheduled step 780000 (current=800346)
2026-09-10 02:36:08,351 - eve_rl.runner.runner - INFO - Saved policy snapshot at scheduled step 790000 (current=800346)
2026-09-10 02:36:08,352 - eve_rl.runner.runner - INFO - Saved policy snapshot at scheduled step 800000 (current=800346)
2026-09-10 02:36:08,432 - util.agent - DEBUG - evaluate (amount/limit): steps None/None | episodes None/None | len(seeds)=98/options=None
2026-09-10 03:05:36,427 - util.agent - INFO - evaluation : 1768.1s |  13.4 steps/s |   23716 steps /   98 episodes | Total:   130295 steps /   391 episodes
2026-09-10 03:05:36,626 - eve_rl.runner.runner - INFO - Quality: 0.7653061224489796, Reward: 2.5244496997500243, Exploration steps: 800346
2026-09-10 03:05:39,697 - eve_rl.runner.runner - INFO - Saved replay buffer incrementally (+262261 new transitions) at eval #1
2026-09-10 03:05:39,698 - util.agent - DEBUG - explore (amount/limit): steps None/None | episodes 100/None || update (amount/limit): steps 44129.0/None
2026-09-10 03:40:57,680 - util.agent - DEBUG - exploration: steps=827215 >= step_limit=inf or episodes=2100 >= episode_limit=2100. Setting time limit for workers to finish to 180s
2026-09-10 03:43:58,252 - util.agent - WARNING - Restaring Agent worker_1 because of Timeout
2026-09-10 03:43:58,262 - util.agent - DEBUG - Restarting Agent with task=None, step_limit=None and episode_limit=None.
2026-09-10 03:45:13,992 - step_logger_train_124650958148368 - INFO - === BenchEnv5 initialized (mode=train, visualisation=False) ===
2026-09-10 03:45:27,399 - util.agent - WARNING - Restaring Agent worker_2 because of Timeout
2026-09-10 03:45:27,406 - util.agent - DEBUG - Restarting Agent with task=None, step_limit=None and episode_limit=None.
2026-09-10 03:45:59,795 - step_logger_train_124653260679872 - INFO - === BenchEnv5 initialized (mode=train, visualisation=False) ===
2026-09-10 03:46:10,105 - util.agent - WARNING - Restaring Agent worker_3 because of Timeout
2026-09-10 03:46:10,110 - util.agent - DEBUG - Restarting Agent with task=None, step_limit=None and episode_limit=None.
2026-09-10 03:46:36,598 - step_logger_train_124653266428496 - INFO - === BenchEnv5 initialized (mode=train, visualisation=False) ===
2026-09-10 03:46:44,841 - util.agent - WARNING - Restaring Agent worker_4 because of Timeout
2026-09-10 03:46:44,846 - util.agent - DEBUG - Restarting Agent with task=None, step_limit=None and episode_limit=None.
2026-09-10 03:47:07,085 - step_logger_train_124653153657568 - INFO - === BenchEnv5 initialized (mode=train, visualisation=False) ===
2026-09-10 03:47:14,275 - util.agent - WARNING - Restaring Agent worker_5 because of Timeout
2026-09-10 03:47:14,280 - util.agent - DEBUG - Restarting Agent with task=None, step_limit=None and episode_limit=None.
2026-09-10 03:47:36,218 - step_logger_train_124651359894592 - INFO - === BenchEnv5 initialized (mode=train, visualisation=False) ===
2026-09-10 03:47:43,528 - util.agent - WARNING - Restaring Agent worker_6 because of Timeout
2026-09-10 03:47:43,532 - util.agent - DEBUG - Restarting Agent with task=None, step_limit=None and episode_limit=None.
2026-09-10 03:48:04,548 - step_logger_train_124651359892144 - INFO - === BenchEnv5 initialized (mode=train, visualisation=False) ===
2026-09-10 03:48:10,862 - util.agent - WARNING - Restaring Agent worker_8 because of Timeout
2026-09-10 03:48:10,864 - util.agent - DEBUG - Restarting Agent with task=None, step_limit=None and episode_limit=None.
2026-09-10 03:48:29,088 - step_logger_train_124652986924480 - INFO - === BenchEnv5 initialized (mode=train, visualisation=False) ===
2026-09-10 03:48:34,943 - util.agent - WARNING - Restaring Agent worker_9 because of Timeout
2026-09-10 03:48:34,945 - util.agent - DEBUG - Restarting Agent with task=None, step_limit=None and episode_limit=None.
2026-09-10 03:48:54,521 - step_logger_train_124653106287616 - INFO - === BenchEnv5 initialized (mode=train, visualisation=False) ===
2026-09-10 03:48:59,911 - util.agent - WARNING - Restaring Agent worker_10 because of Timeout
2026-09-10 03:48:59,913 - util.agent - DEBUG - Restarting Agent with task=None, step_limit=None and episode_limit=None.
2026-09-10 03:49:17,194 - step_logger_train_124652996124192 - INFO - === BenchEnv5 initialized (mode=train, visualisation=False) ===
2026-09-10 03:49:23,556 - util.agent - WARNING - Restaring Agent worker_13 because of Timeout
2026-09-10 03:49:23,560 - util.agent - DEBUG - Restarting Agent with task=None, step_limit=None and episode_limit=None.
2026-09-10 03:49:41,080 - step_logger_train_124653256664544 - INFO - === BenchEnv5 initialized (mode=train, visualisation=False) ===
2026-09-10 03:49:46,355 - util.agent - WARNING - Restaring Agent worker_15 because of Timeout
2026-09-10 03:49:46,359 - util.agent - DEBUG - Restarting Agent with task=None, step_limit=None and episode_limit=None.
2026-09-10 03:50:04,247 - step_logger_train_124653113017344 - INFO - === BenchEnv5 initialized (mode=train, visualisation=False) ===
2026-09-10 03:55:55,820 - util.agent - INFO - update / exploration: 3016.5/2670.5 s |  14.6/ 12.1 steps/s | 44129/ 32234 steps, 100 episodes | 800346/ 832580 steps total,  2100 episodes total
2026-09-10 03:55:55,878 - util.agent - INFO - NET_SYNC ok #7 fp=b73ccb20ca01 update=800346
2026-09-10 03:55:57,572 - eve_rl.runner.runner - INFO - Saved policy snapshot at scheduled step 810000 (current=832580)
2026-09-10 03:55:57,573 - eve_rl.runner.runner - INFO - Saved policy snapshot at scheduled step 820000 (current=832580)
2026-09-10 03:55:57,575 - eve_rl.runner.runner - INFO - Saved policy snapshot at scheduled step 830000 (current=832580)
2026-09-10 03:55:57,575 - util.agent - DEBUG - explore (amount/limit): steps None/None | episodes 100/None || update (amount/limit): steps 32234.0/None
2026-09-10 04:20:12,078 - util.agent - DEBUG - exploration: steps=855304 >= step_limit=inf or episodes=2200 >= episode_limit=2200. Setting time limit for workers to finish to 180s
2026-09-10 04:23:12,214 - util.agent - WARNING - Restaring Agent worker_0 because of Timeout
2026-09-10 04:23:12,215 - util.agent - DEBUG - Restarting Agent with task=None, step_limit=None and episode_limit=None.
2026-09-10 04:24:23,226 - step_logger_train_124653032185040 - INFO - === BenchEnv5 initialized (mode=train, visualisation=False) ===
2026-09-10 04:24:32,123 - util.agent - WARNING - Restaring Agent worker_1 because of Timeout
2026-09-10 04:24:32,128 - util.agent - DEBUG - Restarting Agent with task=None, step_limit=None and episode_limit=None.
2026-09-10 04:24:56,775 - step_logger_train_124653238708640 - INFO - === BenchEnv5 initialized (mode=train, visualisation=False) ===
2026-09-10 04:25:02,752 - util.agent - WARNING - Restaring Agent worker_2 because of Timeout
2026-09-10 04:25:02,755 - util.agent - DEBUG - Restarting Agent with task=None, step_limit=None and episode_limit=None.
2026-09-10 04:25:20,587 - step_logger_train_124651896595792 - INFO - === BenchEnv5 initialized (mode=train, visualisation=False) ===
2026-09-10 04:25:26,644 - util.agent - WARNING - Restaring Agent worker_4 because of Timeout
2026-09-10 04:25:26,649 - util.agent - DEBUG - Restarting Agent with task=None, step_limit=None and episode_limit=None.
2026-09-10 04:25:44,833 - step_logger_train_124651364303392 - INFO - === BenchEnv5 initialized (mode=train, visualisation=False) ===
2026-09-10 04:25:50,094 - util.agent - WARNING - Restaring Agent worker_5 because of Timeout
2026-09-10 04:25:50,096 - util.agent - DEBUG - Restarting Agent with task=None, step_limit=None and episode_limit=None.
2026-09-10 04:26:10,830 - step_logger_train_124651364302912 - INFO - === BenchEnv5 initialized (mode=train, visualisation=False) ===
2026-09-10 04:26:15,454 - util.agent - WARNING - Restaring Agent worker_6 because of Timeout
2026-09-10 04:26:15,456 - util.agent - DEBUG - Restarting Agent with task=None, step_limit=None and episode_limit=None.
2026-09-10 04:26:33,110 - step_logger_train_124653113001440 - INFO - === BenchEnv5 initialized (mode=train, visualisation=False) ===
2026-09-10 04:26:37,943 - util.agent - WARNING - Restaring Agent worker_8 because of Timeout
2026-09-10 04:26:37,945 - util.agent - DEBUG - Restarting Agent with task=None, step_limit=None and episode_limit=None.
2026-09-10 04:26:55,046 - step_logger_train_124651896597136 - INFO - === BenchEnv5 initialized (mode=train, visualisation=False) ===
2026-09-10 04:26:59,762 - util.agent - WARNING - Restaring Agent worker_10 because of Timeout
2026-09-10 04:26:59,764 - util.agent - DEBUG - Restarting Agent with task=None, step_limit=None and episode_limit=None.
2026-09-10 04:27:15,740 - step_logger_train_124653003644688 - INFO - === BenchEnv5 initialized (mode=train, visualisation=False) ===
2026-09-10 04:31:18,768 - util.agent - INFO - update / exploration: 2121.4/1883.2 s |  15.2/ 15.3 steps/s | 32234/ 28879 steps, 100 episodes | 832580/ 861459 steps total,  2200 episodes total
2026-09-10 04:31:18,813 - util.agent - INFO - NET_SYNC ok #8 fp=d4cd13e9c627 update=832580
2026-09-10 04:31:20,555 - eve_rl.runner.runner - INFO - Saved policy snapshot at scheduled step 840000 (current=861459)
2026-09-10 04:31:20,558 - eve_rl.runner.runner - INFO - Saved policy snapshot at scheduled step 850000 (current=861459)
2026-09-10 04:31:20,560 - eve_rl.runner.runner - INFO - Saved policy snapshot at scheduled step 860000 (current=861459)
2026-09-10 04:31:20,561 - util.agent - DEBUG - explore (amount/limit): steps None/None | episodes 100/None || update (amount/limit): steps 28879.0/None
2026-09-10 04:53:40,377 - util.agent - DEBUG - exploration: steps=881276 >= step_limit=inf or episodes=2300 >= episode_limit=2300. Setting time limit for workers to finish to 180s
2026-09-10 05:02:30,863 - util.agent - INFO - update / exploration: 1870.5/1496.6 s |  15.4/ 16.7 steps/s | 28879/ 25002 steps, 100 episodes | 861459/ 886461 steps total,  2300 episodes total
2026-09-10 05:02:30,907 - util.agent - INFO - NET_SYNC ok #9 fp=46187a11aecf update=861459
2026-09-10 05:02:32,660 - eve_rl.runner.runner - INFO - Saved policy snapshot at scheduled step 870000 (current=886461)
2026-09-10 05:02:32,663 - eve_rl.runner.runner - INFO - Saved policy snapshot at scheduled step 880000 (current=886461)
2026-09-10 05:02:32,663 - util.agent - DEBUG - explore (amount/limit): steps None/None | episodes 100/None || update (amount/limit): steps 25002.0/None
2026-09-10 05:28:01,265 - util.agent - DEBUG - exploration: steps=909198 >= step_limit=inf or episodes=2400 >= episode_limit=2400. Setting time limit for workers to finish to 180s
2026-09-10 05:31:02,510 - util.agent - WARNING - Restaring Agent worker_0 because of Timeout
2026-09-10 05:31:02,511 - util.agent - DEBUG - Restarting Agent with task=None, step_limit=None and episode_limit=None.
2026-09-10 05:32:13,172 - step_logger_train_124650986610640 - INFO - === BenchEnv5 initialized (mode=train, visualisation=False) ===
2026-09-10 05:32:19,840 - util.agent - WARNING - Restaring Agent worker_1 because of Timeout
2026-09-10 05:32:19,842 - util.agent - DEBUG - Restarting Agent with task=None, step_limit=None and episode_limit=None.
2026-09-10 05:32:42,000 - step_logger_train_124651910670128 - INFO - === BenchEnv5 initialized (mode=train, visualisation=False) ===
2026-09-10 05:32:47,368 - util.agent - WARNING - Restaring Agent worker_4 because of Timeout
2026-09-10 05:32:47,369 - util.agent - DEBUG - Restarting Agent with task=None, step_limit=None and episode_limit=None.
2026-09-10 05:33:03,897 - step_logger_train_124651359782416 - INFO - === BenchEnv5 initialized (mode=train, visualisation=False) ===
2026-09-10 05:33:08,909 - util.agent - WARNING - Restaring Agent worker_6 because of Timeout
2026-09-10 05:33:08,912 - util.agent - DEBUG - Restarting Agent with task=None, step_limit=None and episode_limit=None.
2026-09-10 05:33:25,576 - step_logger_train_124653238710080 - INFO - === BenchEnv5 initialized (mode=train, visualisation=False) ===
2026-09-10 05:33:30,463 - util.agent - WARNING - Restaring Agent worker_7 because of Timeout
2026-09-10 05:33:30,467 - util.agent - DEBUG - Restarting Agent with task=None, step_limit=None and episode_limit=None.
2026-09-10 05:33:45,319 - step_logger_train_124654247691552 - INFO - === BenchEnv5 initialized (mode=train, visualisation=False) ===
2026-09-10 05:33:51,648 - util.agent - WARNING - Restaring Agent worker_8 because of Timeout
2026-09-10 05:33:51,650 - util.agent - DEBUG - Restarting Agent with task=None, step_limit=None and episode_limit=None.
2026-09-10 05:34:03,934 - step_logger_train_124652982411120 - INFO - === BenchEnv5 initialized (mode=train, visualisation=False) ===
2026-09-10 05:34:08,539 - util.agent - WARNING - Restaring Agent worker_9 because of Timeout
2026-09-10 05:34:08,542 - util.agent - DEBUG - Restarting Agent with task=None, step_limit=None and episode_limit=None.
2026-09-10 05:34:21,662 - step_logger_train_124653242569104 - INFO - === BenchEnv5 initialized (mode=train, visualisation=False) ===
2026-09-10 05:34:26,319 - util.agent - WARNING - Restaring Agent worker_10 because of Timeout
2026-09-10 05:34:26,320 - util.agent - DEBUG - Restarting Agent with task=None, step_limit=None and episode_limit=None.
2026-09-10 05:34:39,093 - step_logger_train_124651425219584 - INFO - === BenchEnv5 initialized (mode=train, visualisation=False) ===
2026-09-10 05:34:43,653 - util.agent - WARNING - Restaring Agent worker_11 because of Timeout
2026-09-10 05:34:43,656 - util.agent - DEBUG - Restarting Agent with task=None, step_limit=None and episode_limit=None.
2026-09-10 05:34:57,468 - step_logger_train_124651899434656 - INFO - === BenchEnv5 initialized (mode=train, visualisation=False) ===
2026-09-10 05:35:01,930 - util.agent - WARNING - Restaring Agent worker_15 because of Timeout
2026-09-10 05:35:01,933 - util.agent - DEBUG - Restarting Agent with task=None, step_limit=None and episode_limit=None.
2026-09-10 05:35:14,735 - step_logger_train_124651359782368 - INFO - === BenchEnv5 initialized (mode=train, visualisation=False) ===
2026-09-10 05:35:19,292 - util.agent - INFO - update / exploration: 1966.9/1966.8 s |  12.7/ 14.5 steps/s | 25002/ 28477 steps, 100 episodes | 886461/ 914938 steps total,  2400 episodes total
2026-09-10 05:35:19,343 - util.agent - INFO - NET_SYNC ok #10 fp=a3a80203ffe5 update=886461
2026-09-10 05:35:21,107 - eve_rl.runner.runner - INFO - Saved policy snapshot at scheduled step 890000 (current=914938)
2026-09-10 05:35:21,108 - eve_rl.runner.runner - INFO - Saved policy snapshot at scheduled step 900000 (current=914938)
2026-09-10 05:35:21,109 - eve_rl.runner.runner - INFO - Saved policy snapshot at scheduled step 910000 (current=914938)
2026-09-10 05:35:21,110 - util.agent - DEBUG - explore (amount/limit): steps None/None | episodes 100/None || update (amount/limit): steps 28477.0/None
2026-09-10 05:51:57,188 - util.agent - DEBUG - exploration: steps=929765 >= step_limit=inf or episodes=2500 >= episode_limit=2500. Setting time limit for workers to finish to 180s
2026-09-10 05:54:57,637 - util.agent - WARNING - Restaring Agent worker_2 because of Timeout
2026-09-10 05:54:57,654 - util.agent - DEBUG - Restarting Agent with task=None, step_limit=None and episode_limit=None.
2026-09-10 05:55:20,199 - step_logger_train_124653256779472 - INFO - === BenchEnv5 initialized (mode=train, visualisation=False) ===
2026-09-10 05:55:25,213 - util.agent - WARNING - Restaring Agent worker_7 because of Timeout
2026-09-10 05:55:25,216 - util.agent - DEBUG - Restarting Agent with task=None, step_limit=None and episode_limit=None.
2026-09-10 05:55:45,517 - step_logger_train_124653115830480 - INFO - === BenchEnv5 initialized (mode=train, visualisation=False) ===
2026-09-10 06:04:04,783 - util.agent - INFO - update / exploration: 1724.0/1229.8 s |  16.5/ 15.9 steps/s | 28477/ 19572 steps, 100 episodes | 914938/ 934510 steps total,  2500 episodes total
2026-09-10 06:04:04,839 - util.agent - INFO - NET_SYNC ok #11 fp=b97b8db90c8a update=914938
2026-09-10 06:04:06,580 - eve_rl.runner.runner - INFO - Saved policy snapshot at scheduled step 920000 (current=934510)
2026-09-10 06:04:06,582 - eve_rl.runner.runner - INFO - Saved policy snapshot at scheduled step 930000 (current=934510)
2026-09-10 06:04:06,583 - util.agent - DEBUG - explore (amount/limit): steps None/None | episodes 100/None || update (amount/limit): steps 19572.0/None
2026-09-10 06:31:45,973 - util.agent - DEBUG - exploration: steps=953574 >= step_limit=inf or episodes=2600 >= episode_limit=2600. Setting time limit for workers to finish to 180s
2026-09-10 06:34:45,970 - util.agent - WARNING - Restaring Agent worker_2 because of Timeout
2026-09-10 06:34:45,971 - util.agent - DEBUG - Restarting Agent with task=None, step_limit=None and episode_limit=None.
2026-09-10 06:35:32,045 - step_logger_train_124652842601824 - INFO - === BenchEnv5 initialized (mode=train, visualisation=False) ===
2026-09-10 06:35:37,170 - util.agent - WARNING - Restaring Agent worker_6 because of Timeout
2026-09-10 06:35:37,171 - util.agent - DEBUG - Restarting Agent with task=None, step_limit=None and episode_limit=None.
2026-09-10 06:35:54,537 - step_logger_train_124651896576752 - INFO - === BenchEnv5 initialized (mode=train, visualisation=False) ===
2026-09-10 06:35:58,887 - util.agent - INFO - update / exploration: 1517.7/1912.4 s |  12.9/ 13.3 steps/s | 19572/ 25376 steps, 100 episodes | 934510/ 959886 steps total,  2600 episodes total
2026-09-10 06:35:58,946 - util.agent - INFO - NET_SYNC ok #12 fp=49c8fe24fd04 update=934510
2026-09-10 06:36:00,721 - eve_rl.runner.runner - INFO - Saved policy snapshot at scheduled step 940000 (current=959886)
2026-09-10 06:36:00,723 - eve_rl.runner.runner - INFO - Saved policy snapshot at scheduled step 950000 (current=959886)
2026-09-10 06:36:00,724 - util.agent - DEBUG - explore (amount/limit): steps None/None | episodes 100/None || update (amount/limit): steps 25376.0/None
2026-09-10 06:59:02,461 - util.agent - DEBUG - exploration: steps=978937 >= step_limit=inf or episodes=2700 >= episode_limit=2700. Setting time limit for workers to finish to 180s
2026-09-10 07:02:02,866 - util.agent - WARNING - Restaring Agent worker_0 because of Timeout
2026-09-10 07:02:02,868 - util.agent - DEBUG - Restarting Agent with task=None, step_limit=None and episode_limit=None.
2026-09-10 07:03:16,897 - step_logger_train_124651942948384 - INFO - === BenchEnv5 initialized (mode=train, visualisation=False) ===
2026-09-10 07:03:24,902 - util.agent - WARNING - Restaring Agent worker_1 because of Timeout
2026-09-10 07:03:24,904 - util.agent - DEBUG - Restarting Agent with task=None, step_limit=None and episode_limit=None.
2026-09-10 07:03:48,835 - step_logger_train_124653125242064 - INFO - === BenchEnv5 initialized (mode=train, visualisation=False) ===
2026-09-10 07:03:56,925 - util.agent - WARNING - Restaring Agent worker_2 because of Timeout
2026-09-10 07:03:56,929 - util.agent - DEBUG - Restarting Agent with task=None, step_limit=None and episode_limit=None.
2026-09-10 07:04:24,039 - step_logger_train_124652982603728 - INFO - === BenchEnv5 initialized (mode=train, visualisation=False) ===
2026-09-10 07:04:30,822 - util.agent - WARNING - Restaring Agent worker_3 because of Timeout
2026-09-10 07:04:30,824 - util.agent - DEBUG - Restarting Agent with task=None, step_limit=None and episode_limit=None.
2026-09-10 07:04:55,586 - step_logger_train_124653142829088 - INFO - === BenchEnv5 initialized (mode=train, visualisation=False) ===
2026-09-10 07:05:01,732 - util.agent - WARNING - Restaring Agent worker_4 because of Timeout
2026-09-10 07:05:01,734 - util.agent - DEBUG - Restarting Agent with task=None, step_limit=None and episode_limit=None.
2026-09-10 07:05:24,203 - step_logger_train_124653241028720 - INFO - === BenchEnv5 initialized (mode=train, visualisation=False) ===
2026-09-10 07:05:29,760 - util.agent - WARNING - Restaring Agent worker_6 because of Timeout
2026-09-10 07:05:29,764 - util.agent - DEBUG - Restarting Agent with task=None, step_limit=None and episode_limit=None.
2026-09-10 07:05:46,623 - step_logger_train_124652837633856 - INFO - === BenchEnv5 initialized (mode=train, visualisation=False) ===
2026-09-10 07:05:51,500 - util.agent - WARNING - Restaring Agent worker_7 because of Timeout
2026-09-10 07:05:51,504 - util.agent - DEBUG - Restarting Agent with task=None, step_limit=None and episode_limit=None.
2026-09-10 07:06:07,065 - step_logger_train_124653274062800 - INFO - === BenchEnv5 initialized (mode=train, visualisation=False) ===
2026-09-10 07:06:11,642 - util.agent - WARNING - Restaring Agent worker_8 because of Timeout
2026-09-10 07:06:11,645 - util.agent - DEBUG - Restarting Agent with task=None, step_limit=None and episode_limit=None.
2026-09-10 07:06:29,001 - step_logger_train_124653247608912 - INFO - === BenchEnv5 initialized (mode=train, visualisation=False) ===
2026-09-10 07:06:33,814 - util.agent - WARNING - Restaring Agent worker_10 because of Timeout
2026-09-10 07:06:33,818 - util.agent - DEBUG - Restarting Agent with task=None, step_limit=None and episode_limit=None.
2026-09-10 07:06:46,752 - step_logger_train_124651898177856 - INFO - === BenchEnv5 initialized (mode=train, visualisation=False) ===
2026-09-10 07:06:51,011 - util.agent - WARNING - Restaring Agent worker_11 because of Timeout
2026-09-10 07:06:51,015 - util.agent - DEBUG - Restarting Agent with task=None, step_limit=None and episode_limit=None.
2026-09-10 07:07:03,758 - step_logger_train_124657303750208 - INFO - === BenchEnv5 initialized (mode=train, visualisation=False) ===
2026-09-10 07:07:08,441 - util.agent - WARNING - Restaring Agent worker_12 because of Timeout
2026-09-10 07:07:08,442 - util.agent - DEBUG - Restarting Agent with task=None, step_limit=None and episode_limit=None.
2026-09-10 07:07:22,029 - step_logger_train_124652982568944 - INFO - === BenchEnv5 initialized (mode=train, visualisation=False) ===
2026-09-10 07:07:26,835 - util.agent - WARNING - Restaring Agent worker_14 because of Timeout
2026-09-10 07:07:26,837 - util.agent - DEBUG - Restarting Agent with task=None, step_limit=None and episode_limit=None.
2026-09-10 07:07:40,043 - step_logger_train_124653159012048 - INFO - === BenchEnv5 initialized (mode=train, visualisation=False) ===
2026-09-10 07:07:45,373 - util.agent - WARNING - Restaring Agent worker_15 because of Timeout
2026-09-10 07:07:45,376 - util.agent - DEBUG - Restarting Agent with task=None, step_limit=None and episode_limit=None.
2026-09-10 07:07:58,351 - step_logger_train_124652842587664 - INFO - === BenchEnv5 initialized (mode=train, visualisation=False) ===
2026-09-10 07:08:02,712 - util.agent - INFO - update / exploration: 1922.1/1922.0 s |  13.2/ 13.0 steps/s | 25376/ 24971 steps, 100 episodes | 959886/ 984857 steps total,  2700 episodes total
2026-09-10 07:08:02,765 - util.agent - INFO - NET_SYNC ok #13 fp=e36ddb19211d update=959886
2026-09-10 07:08:04,543 - eve_rl.runner.runner - INFO - Saved policy snapshot at scheduled step 960000 (current=984857)
2026-09-10 07:08:04,547 - eve_rl.runner.runner - INFO - Saved policy snapshot at scheduled step 970000 (current=984857)
2026-09-10 07:08:04,549 - eve_rl.runner.runner - INFO - Saved policy snapshot at scheduled step 980000 (current=984857)
2026-09-10 07:08:04,550 - util.agent - DEBUG - explore (amount/limit): steps None/None | episodes 100/None || update (amount/limit): steps 24971.0/None
2026-09-10 07:22:34,231 - util.agent - DEBUG - exploration: steps=996359 >= step_limit=inf or episodes=2800 >= episode_limit=2800. Setting time limit for workers to finish to 180s
2026-09-10 07:25:34,582 - util.agent - WARNING - Restaring Agent worker_1 because of Timeout
2026-09-10 07:25:34,584 - util.agent - DEBUG - Restarting Agent with task=None, step_limit=None and episode_limit=None.
2026-09-10 07:25:56,260 - step_logger_train_124651908576016 - INFO - === BenchEnv5 initialized (mode=train, visualisation=False) ===
2026-09-10 07:26:00,876 - util.agent - WARNING - Restaring Agent worker_5 because of Timeout
2026-09-10 07:26:00,877 - util.agent - DEBUG - Restarting Agent with task=None, step_limit=None and episode_limit=None.
2026-09-10 07:26:17,518 - step_logger_train_124651364425008 - INFO - === BenchEnv5 initialized (mode=train, visualisation=False) ===
2026-09-10 07:33:06,926 - util.agent - INFO - update / exploration: 1502.5/1097.6 s |  16.6/ 14.8 steps/s | 24971/ 16274 steps, 100 episodes | 984857/1001131 steps total,  2800 episodes total
2026-09-10 07:33:06,972 - util.agent - INFO - NET_SYNC ok #14 fp=fd2a55716bf1 update=984857
2026-09-10 07:33:08,685 - eve_rl.runner.runner - INFO - Saved policy snapshot at scheduled step 990000 (current=1001131)
2026-09-10 07:33:08,687 - eve_rl.runner.runner - INFO - Saved policy snapshot at scheduled step 1000000 (current=1001131)
2026-09-10 07:33:08,688 - util.agent - DEBUG - explore (amount/limit): steps None/None | episodes 100/None || update (amount/limit): steps 16274.0/None
2026-09-10 07:51:14,589 - util.agent - DEBUG - exploration: steps=1015888 >= step_limit=inf or episodes=2900 >= episode_limit=2900. Setting time limit for workers to finish to 180s
2026-09-10 07:54:14,657 - util.agent - WARNING - Restaring Agent worker_11 because of Timeout
2026-09-10 07:54:14,658 - util.agent - DEBUG - Restarting Agent with task=None, step_limit=None and episode_limit=None.
2026-09-10 07:54:58,450 - step_logger_train_124653036661440 - INFO - === BenchEnv5 initialized (mode=train, visualisation=False) ===
2026-09-10 07:55:02,892 - util.agent - INFO - update / exploration: 1216.6/1314.3 s |  13.4/ 15.1 steps/s | 16274/ 19890 steps, 100 episodes | 1001131/1021021 steps total,  2900 episodes total
2026-09-10 07:55:02,950 - util.agent - INFO - NET_SYNC ok #15 fp=94aaec11468b update=1001131
2026-09-10 07:55:04,712 - eve_rl.runner.runner - INFO - Saved policy snapshot at scheduled step 1010000 (current=1021021)
2026-09-10 07:55:04,714 - eve_rl.runner.runner - INFO - Saved policy snapshot at scheduled step 1020000 (current=1021021)
2026-09-10 07:55:04,715 - util.agent - DEBUG - explore (amount/limit): steps None/None | episodes 100/None || update (amount/limit): steps 19890.0/None
2026-09-10 08:16:17,032 - util.agent - DEBUG - exploration: steps=1039254 >= step_limit=inf or episodes=3000 >= episode_limit=3000. Setting time limit for workers to finish to 180s
2026-09-10 08:19:17,026 - util.agent - WARNING - Restaring Agent worker_12 because of Timeout
2026-09-10 08:19:17,027 - util.agent - DEBUG - Restarting Agent with task=None, step_limit=None and episode_limit=None.
2026-09-10 08:20:01,074 - step_logger_train_124653032764368 - INFO - === BenchEnv5 initialized (mode=train, visualisation=False) ===
2026-09-10 08:20:05,393 - util.agent - INFO - update / exploration: 1500.9/1500.8 s |  13.3/ 15.0 steps/s | 19890/ 22578 steps, 100 episodes | 1021021/1043599 steps total,  3000 episodes total
2026-09-10 08:20:05,450 - util.agent - INFO - NET_SYNC ok #16 fp=5d02915ac10b update=1021021
2026-09-10 08:20:07,200 - eve_rl.runner.runner - INFO - Saved policy snapshot at scheduled step 1030000 (current=1043599)
2026-09-10 08:20:07,202 - eve_rl.runner.runner - INFO - Saved policy snapshot at scheduled step 1040000 (current=1043599)
2026-09-10 08:20:07,202 - util.agent - DEBUG - evaluate (amount/limit): steps None/None | episodes None/None | len(seeds)=98/options=None
2026-09-10 08:37:50,571 - util.agent - INFO - evaluation : 1063.5s |  15.0 steps/s |   15925 steps /   98 episodes | Total:   146220 steps /   489 episodes
2026-09-10 08:37:50,782 - eve_rl.runner.runner - INFO - Quality: 0.8775510204081632, Reward: 4.556500946939532, Exploration steps: 1043599
2026-09-10 08:37:54,203 - eve_rl.runner.runner - INFO - Saved replay buffer incrementally (+243253 new transitions) at eval #2
2026-09-10 08:37:54,204 - util.agent - DEBUG - explore (amount/limit): steps None/None | episodes 100/None || update (amount/limit): steps 22578.0/None
2026-09-10 08:56:02,643 - util.agent - DEBUG - exploration: steps=1058694 >= step_limit=inf or episodes=3100 >= episode_limit=3100. Setting time limit for workers to finish to 180s
2026-09-10 08:59:02,654 - util.agent - WARNING - Restaring Agent worker_5 because of Timeout
2026-09-10 08:59:02,660 - util.agent - DEBUG - Restarting Agent with task=None, step_limit=None and episode_limit=None.
2026-09-10 08:59:58,101 - step_logger_train_124657440936528 - INFO - === BenchEnv5 initialized (mode=train, visualisation=False) ===
2026-09-10 09:00:03,522 - util.agent - WARNING - Restaring Agent worker_10 because of Timeout
2026-09-10 09:00:03,523 - util.agent - DEBUG - Restarting Agent with task=None, step_limit=None and episode_limit=None.
2026-09-10 09:00:23,916 - step_logger_train_124657440939264 - INFO - === BenchEnv5 initialized (mode=train, visualisation=False) ===
2026-09-10 09:03:03,969 - util.agent - INFO - update / exploration: 1509.9/1354.8 s |  15.0/ 13.9 steps/s | 22578/ 18894 steps, 100 episodes | 1043599/1062493 steps total,  3100 episodes total
2026-09-10 09:03:04,015 - util.agent - INFO - NET_SYNC ok #17 fp=cd0b425959fd update=1043599
2026-09-10 09:03:05,696 - eve_rl.runner.runner - INFO - Saved policy snapshot at scheduled step 1050000 (current=1062493)
2026-09-10 09:03:05,698 - eve_rl.runner.runner - INFO - Saved policy snapshot at scheduled step 1060000 (current=1062493)
2026-09-10 09:03:05,699 - util.agent - DEBUG - explore (amount/limit): steps None/None | episodes 100/None || update (amount/limit): steps 18894.0/None
2026-09-10 09:18:17,527 - util.agent - DEBUG - exploration: steps=1075163 >= step_limit=inf or episodes=3200 >= episode_limit=3200. Setting time limit for workers to finish to 180s
2026-09-10 09:23:52,496 - util.agent - INFO - update / exploration: 1246.9/1043.7 s |  15.2/ 16.1 steps/s | 18894/ 16791 steps, 100 episodes | 1062493/1079284 steps total,  3200 episodes total
2026-09-10 09:23:52,540 - util.agent - INFO - NET_SYNC ok #18 fp=04454b36ee15 update=1062493
2026-09-10 09:23:54,255 - eve_rl.runner.runner - INFO - Saved policy snapshot at scheduled step 1070000 (current=1079284)
2026-09-10 09:23:54,256 - util.agent - DEBUG - explore (amount/limit): steps None/None | episodes 100/None || update (amount/limit): steps 16791.0/None
2026-09-10 09:38:26,595 - util.agent - DEBUG - exploration: steps=1091923 >= step_limit=inf or episodes=3300 >= episode_limit=3300. Setting time limit for workers to finish to 180s
2026-09-10 09:41:26,988 - util.agent - WARNING - Restaring Agent worker_4 because of Timeout
2026-09-10 09:41:26,989 - util.agent - DEBUG - Restarting Agent with task=None, step_limit=None and episode_limit=None.
2026-09-10 09:42:18,955 - step_logger_train_124653279184016 - INFO - === BenchEnv5 initialized (mode=train, visualisation=False) ===
2026-09-10 09:43:08,617 - util.agent - INFO - update / exploration: 1154.4/1109.9 s |  14.5/ 14.6 steps/s | 16791/ 16164 steps, 100 episodes | 1079284/1095448 steps total,  3300 episodes total
2026-09-10 09:43:08,665 - util.agent - INFO - NET_SYNC ok #19 fp=078d825ff095 update=1079284
2026-09-10 09:43:10,408 - eve_rl.runner.runner - INFO - Saved policy snapshot at scheduled step 1080000 (current=1095448)
2026-09-10 09:43:10,409 - eve_rl.runner.runner - INFO - Saved policy snapshot at scheduled step 1090000 (current=1095448)
2026-09-10 09:43:10,410 - util.agent - DEBUG - explore (amount/limit): steps None/None | episodes 100/None || update (amount/limit): steps 16164.0/None
2026-09-10 09:57:44,028 - util.agent - DEBUG - exploration: steps=1108403 >= step_limit=inf or episodes=3400 >= episode_limit=3400. Setting time limit for workers to finish to 180s
2026-09-10 10:00:44,201 - util.agent - WARNING - Restaring Agent worker_4 because of Timeout
2026-09-10 10:00:44,202 - util.agent - DEBUG - Restarting Agent with task=None, step_limit=None and episode_limit=None.
2026-09-10 10:01:37,777 - step_logger_train_124650326647040 - INFO - === BenchEnv5 initialized (mode=train, visualisation=False) ===
2026-09-10 10:01:43,340 - util.agent - WARNING - Restaring Agent worker_6 because of Timeout
2026-09-10 10:01:43,341 - util.agent - DEBUG - Restarting Agent with task=None, step_limit=None and episode_limit=None.
2026-09-10 10:02:04,392 - step_logger_train_124652982573856 - INFO - === BenchEnv5 initialized (mode=train, visualisation=False) ===
2026-09-10 10:02:11,928 - util.agent - INFO - update / exploration: 1141.6/1138.7 s |  14.2/ 14.6 steps/s | 16164/ 16654 steps, 100 episodes | 1095448/1112102 steps total,  3400 episodes total
2026-09-10 10:02:12,003 - util.agent - INFO - NET_SYNC ok #20 fp=772d4f056fba update=1095448
2026-09-10 10:02:13,768 - eve_rl.runner.runner - INFO - Saved policy snapshot at scheduled step 1100000 (current=1112102)
2026-09-10 10:02:13,770 - eve_rl.runner.runner - INFO - Saved policy snapshot at scheduled step 1110000 (current=1112102)
2026-09-10 10:02:13,771 - util.agent - DEBUG - explore (amount/limit): steps None/None | episodes 100/None || update (amount/limit): steps 16654.0/None
2026-09-10 10:14:28,182 - util.agent - DEBUG - exploration: steps=1122112 >= step_limit=inf or episodes=3500 >= episode_limit=3500. Setting time limit for workers to finish to 180s
2026-09-10 10:17:28,370 - util.agent - WARNING - Restaring Agent worker_1 because of Timeout
2026-09-10 10:17:28,371 - util.agent - DEBUG - Restarting Agent with task=None, step_limit=None and episode_limit=None.
2026-09-10 10:18:25,642 - step_logger_train_124652837425600 - INFO - === BenchEnv5 initialized (mode=train, visualisation=False) ===
2026-09-10 10:18:31,966 - util.agent - WARNING - Restaring Agent worker_4 because of Timeout
2026-09-10 10:18:31,969 - util.agent - DEBUG - Restarting Agent with task=None, step_limit=None and episode_limit=None.
2026-09-10 10:18:53,559 - step_logger_train_124653142262976 - INFO - === BenchEnv5 initialized (mode=train, visualisation=False) ===
2026-09-10 10:18:58,178 - util.agent - WARNING - Restaring Agent worker_5 because of Timeout
2026-09-10 10:18:58,182 - util.agent - DEBUG - Restarting Agent with task=None, step_limit=None and episode_limit=None.
2026-09-10 10:19:14,796 - step_logger_train_124654251053936 - INFO - === BenchEnv5 initialized (mode=train, visualisation=False) ===
2026-09-10 10:19:19,618 - util.agent - WARNING - Restaring Agent worker_6 because of Timeout
2026-09-10 10:19:19,621 - util.agent - DEBUG - Restarting Agent with task=None, step_limit=None and episode_limit=None.
2026-09-10 10:19:35,408 - step_logger_train_124653250849808 - INFO - === BenchEnv5 initialized (mode=train, visualisation=False) ===
2026-09-10 10:20:50,968 - util.agent - INFO - update / exploration: 1117.3/1046.3 s |  14.9/ 14.5 steps/s | 16654/ 15214 steps, 100 episodes | 1112102/1127316 steps total,  3500 episodes total
2026-09-10 10:20:51,016 - util.agent - INFO - NET_SYNC ok #21 fp=d1379801a8c4 update=1112102
2026-09-10 10:20:52,795 - eve_rl.runner.runner - INFO - Saved policy snapshot at scheduled step 1120000 (current=1127316)
2026-09-10 10:20:52,796 - util.agent - DEBUG - explore (amount/limit): steps None/None | episodes 100/None || update (amount/limit): steps 15214.0/None
2026-09-10 10:35:33,210 - util.agent - DEBUG - exploration: steps=1139640 >= step_limit=inf or episodes=3600 >= episode_limit=3600. Setting time limit for workers to finish to 180s
2026-09-10 10:38:33,480 - util.agent - WARNING - Restaring Agent worker_10 because of Timeout
2026-09-10 10:38:33,481 - util.agent - DEBUG - Restarting Agent with task=None, step_limit=None and episode_limit=None.
2026-09-10 10:39:21,983 - step_logger_train_124653151483792 - INFO - === BenchEnv5 initialized (mode=train, visualisation=False) ===
2026-09-10 10:39:26,957 - util.agent - INFO - update / exploration: 1114.2/1114.1 s |  13.7/ 15.6 steps/s | 15214/ 17371 steps, 100 episodes | 1127316/1144687 steps total,  3600 episodes total
2026-09-10 10:39:27,037 - util.agent - INFO - NET_SYNC ok #22 fp=26302a53ace2 update=1127316
2026-09-10 10:39:28,787 - eve_rl.runner.runner - INFO - Saved policy snapshot at scheduled step 1130000 (current=1144687)
2026-09-10 10:39:28,788 - eve_rl.runner.runner - INFO - Saved policy snapshot at scheduled step 1140000 (current=1144687)
2026-09-10 10:39:28,789 - util.agent - DEBUG - explore (amount/limit): steps None/None | episodes 100/None || update (amount/limit): steps 17371.0/None
2026-09-10 10:55:27,167 - util.agent - DEBUG - exploration: steps=1158389 >= step_limit=inf or episodes=3700 >= episode_limit=3700. Setting time limit for workers to finish to 180s
2026-09-10 10:58:27,821 - util.agent - WARNING - Restaring Agent worker_0 because of Timeout
2026-09-10 10:58:27,823 - util.agent - DEBUG - Restarting Agent with task=None, step_limit=None and episode_limit=None.
2026-09-10 10:59:24,199 - step_logger_train_124652837547984 - INFO - === BenchEnv5 initialized (mode=train, visualisation=False) ===
2026-09-10 10:59:29,820 - util.agent - WARNING - Restaring Agent worker_10 because of Timeout
2026-09-10 10:59:29,823 - util.agent - DEBUG - Restarting Agent with task=None, step_limit=None and episode_limit=None.
2026-09-10 10:59:48,063 - step_logger_train_124651896597472 - INFO - === BenchEnv5 initialized (mode=train, visualisation=False) ===
2026-09-10 10:59:52,888 - util.agent - WARNING - Restaring Agent worker_11 because of Timeout
2026-09-10 10:59:52,891 - util.agent - DEBUG - Restarting Agent with task=None, step_limit=None and episode_limit=None.
2026-09-10 11:00:38,462 - step_logger_train_124651359722368 - INFO - === BenchEnv5 initialized (mode=train, visualisation=False) ===
2026-09-10 11:00:43,155 - util.agent - INFO - update / exploration: 1274.4/1274.1 s |  13.6/ 13.9 steps/s | 17371/ 17675 steps, 100 episodes | 1144687/1162362 steps total,  3700 episodes total
2026-09-10 11:00:43,208 - util.agent - INFO - NET_SYNC ok #23 fp=8e2260c96089 update=1144687
2026-09-10 11:00:44,947 - eve_rl.runner.runner - INFO - Saved policy snapshot at scheduled step 1150000 (current=1162362)
2026-09-10 11:00:44,949 - eve_rl.runner.runner - INFO - Saved policy snapshot at scheduled step 1160000 (current=1162362)
2026-09-10 11:00:44,949 - util.agent - DEBUG - explore (amount/limit): steps None/None | episodes 100/None || update (amount/limit): steps 17675.0/None
2026-09-10 11:17:23,602 - util.agent - DEBUG - exploration: steps=1178521 >= step_limit=inf or episodes=3800 >= episode_limit=3800. Setting time limit for workers to finish to 180s
2026-09-10 11:20:23,728 - util.agent - WARNING - Restaring Agent worker_3 because of Timeout
2026-09-10 11:20:23,729 - util.agent - DEBUG - Restarting Agent with task=None, step_limit=None and episode_limit=None.
2026-09-10 11:21:17,486 - step_logger_train_124652841573056 - INFO - === BenchEnv5 initialized (mode=train, visualisation=False) ===
2026-09-10 11:21:22,942 - util.agent - WARNING - Restaring Agent worker_4 because of Timeout
2026-09-10 11:21:22,944 - util.agent - DEBUG - Restarting Agent with task=None, step_limit=None and episode_limit=None.
2026-09-10 11:21:39,898 - step_logger_train_124651359822992 - INFO - === BenchEnv5 initialized (mode=train, visualisation=False) ===
2026-09-10 11:21:44,200 - util.agent - INFO - update / exploration: 1259.3/1259.2 s |  14.0/ 15.2 steps/s | 17675/ 19165 steps, 100 episodes | 1162362/1181527 steps total,  3800 episodes total
2026-09-10 11:21:44,253 - util.agent - INFO - NET_SYNC ok #24 fp=143b678d9bda update=1162362
2026-09-10 11:21:45,992 - eve_rl.runner.runner - INFO - Saved policy snapshot at scheduled step 1170000 (current=1181527)
2026-09-10 11:21:45,994 - eve_rl.runner.runner - INFO - Saved policy snapshot at scheduled step 1180000 (current=1181527)
2026-09-10 11:21:45,994 - util.agent - DEBUG - explore (amount/limit): steps None/None | episodes 100/None || update (amount/limit): steps 19165.0/None
2026-09-10 11:39:24,920 - util.agent - DEBUG - exploration: steps=1195444 >= step_limit=inf or episodes=3900 >= episode_limit=3900. Setting time limit for workers to finish to 180s
2026-09-10 11:42:25,264 - util.agent - WARNING - Restaring Agent worker_6 because of Timeout
2026-09-10 11:42:25,265 - util.agent - DEBUG - Restarting Agent with task=None, step_limit=None and episode_limit=None.
2026-09-10 11:43:19,704 - step_logger_train_124653966297312 - INFO - === BenchEnv5 initialized (mode=train, visualisation=False) ===
2026-09-10 11:43:24,579 - util.agent - WARNING - Restaring Agent worker_10 because of Timeout
2026-09-10 11:43:24,582 - util.agent - DEBUG - Restarting Agent with task=None, step_limit=None and episode_limit=None.
2026-09-10 11:43:41,349 - step_logger_train_124657390414816 - INFO - === BenchEnv5 initialized (mode=train, visualisation=False) ===
2026-09-10 11:43:46,186 - util.agent - WARNING - Restaring Agent worker_14 because of Timeout
2026-09-10 11:43:46,188 - util.agent - DEBUG - Restarting Agent with task=None, step_limit=None and episode_limit=None.
2026-09-10 11:44:03,284 - step_logger_train_124653104409520 - INFO - === BenchEnv5 initialized (mode=train, visualisation=False) ===
2026-09-10 11:44:40,730 - util.agent - INFO - update / exploration: 1374.9/1342.3 s |  13.9/ 14.4 steps/s | 19165/ 19312 steps, 100 episodes | 1181527/1200839 steps total,  3900 episodes total
2026-09-10 11:44:40,777 - util.agent - INFO - NET_SYNC ok #25 fp=36c593371d5a update=1181527
2026-09-10 11:44:42,525 - eve_rl.runner.runner - INFO - Saved policy snapshot at scheduled step 1190000 (current=1200839)
2026-09-10 11:44:42,526 - eve_rl.runner.runner - INFO - Saved policy snapshot at scheduled step 1200000 (current=1200839)
2026-09-10 11:44:42,527 - util.agent - DEBUG - explore (amount/limit): steps None/None | episodes 100/None || update (amount/limit): steps 19312.0/None
2026-09-10 12:00:52,627 - util.agent - DEBUG - exploration: steps=1215284 >= step_limit=inf or episodes=4000 >= episode_limit=4000. Setting time limit for workers to finish to 180s
2026-09-10 12:03:53,160 - util.agent - WARNING - Restaring Agent worker_11 because of Timeout
2026-09-10 12:03:53,162 - util.agent - DEBUG - Restarting Agent with task=None, step_limit=None and episode_limit=None.
2026-09-10 12:04:14,017 - step_logger_train_124651359781072 - INFO - === BenchEnv5 initialized (mode=train, visualisation=False) ===
2026-09-10 12:06:26,589 - util.agent - INFO - update / exploration: 1304.3/1176.9 s |  14.8/ 15.5 steps/s | 19312/ 18256 steps, 100 episodes | 1200839/1219095 steps total,  4000 episodes total
2026-09-10 12:06:26,643 - util.agent - INFO - NET_SYNC ok #26 fp=40483fd31480 update=1200839
2026-09-10 12:06:28,395 - eve_rl.runner.runner - INFO - Saved policy snapshot at scheduled step 1210000 (current=1219095)
2026-09-10 12:06:28,395 - util.agent - DEBUG - explore (amount/limit): steps None/None | episodes 100/None || update (amount/limit): steps 18256.0/None
2026-09-10 12:40:59,992 - util.agent - DEBUG - exploration: steps=1267656 >= step_limit=inf or episodes=4100 >= episode_limit=4100. Setting time limit for workers to finish to 180s
2026-09-10 12:44:00,158 - util.agent - WARNING - Restaring Agent worker_0 because of Timeout
2026-09-10 12:44:00,159 - util.agent - DEBUG - Restarting Agent with task=None, step_limit=None and episode_limit=None.
2026-09-10 12:44:45,640 - step_logger_train_124651359722176 - INFO - === BenchEnv5 initialized (mode=train, visualisation=False) ===
2026-09-10 12:44:49,958 - util.agent - WARNING - Restaring Agent worker_7 because of Timeout
2026-09-10 12:44:49,962 - util.agent - DEBUG - Restarting Agent with task=None, step_limit=None and episode_limit=None.
2026-09-10 12:45:04,012 - step_logger_train_124653278449824 - INFO - === BenchEnv5 initialized (mode=train, visualisation=False) ===
2026-09-10 12:45:08,418 - util.agent - WARNING - Restaring Agent worker_13 because of Timeout
2026-09-10 12:45:08,421 - util.agent - DEBUG - Restarting Agent with task=None, step_limit=None and episode_limit=None.
2026-09-10 12:45:21,354 - step_logger_train_124652983046208 - INFO - === BenchEnv5 initialized (mode=train, visualisation=False) ===
2026-09-10 12:45:26,183 - util.agent - INFO - update / exploration: 1394.2/2338.5 s |  13.1/ 24.4 steps/s | 18256/ 57120 steps, 100 episodes | 1219095/1276215 steps total,  4100 episodes total
2026-09-10 12:45:26,238 - util.agent - INFO - NET_SYNC ok #27 fp=77e80c5197b4 update=1219095
2026-09-10 12:45:28,000 - eve_rl.runner.runner - INFO - Saved policy snapshot at scheduled step 1220000 (current=1276215)
2026-09-10 12:45:28,002 - eve_rl.runner.runner - INFO - Saved policy snapshot at scheduled step 1230000 (current=1276215)
2026-09-10 12:45:28,003 - eve_rl.runner.runner - INFO - Saved policy snapshot at scheduled step 1240000 (current=1276215)
2026-09-10 12:45:28,004 - eve_rl.runner.runner - INFO - Saved policy snapshot at scheduled step 1250000 (current=1276215)
2026-09-10 12:45:28,005 - eve_rl.runner.runner - INFO - Saved policy snapshot at scheduled step 1260000 (current=1276215)
2026-09-10 12:45:28,007 - eve_rl.runner.runner - INFO - Saved policy snapshot at scheduled step 1270000 (current=1276215)
2026-09-10 12:45:28,007 - util.agent - DEBUG - explore (amount/limit): steps None/None | episodes 100/None || update (amount/limit): steps 57120.0/None
2026-09-10 13:20:59,292 - util.agent - DEBUG - exploration: steps=1327215 >= step_limit=inf or episodes=4200 >= episode_limit=4200. Setting time limit for workers to finish to 180s
2026-09-10 13:23:59,814 - util.agent - WARNING - Restaring Agent worker_2 because of Timeout
2026-09-10 13:23:59,815 - util.agent - DEBUG - Restarting Agent with task=None, step_limit=None and episode_limit=None.
2026-09-10 13:25:00,679 - step_logger_train_124653247199840 - INFO - === BenchEnv5 initialized (mode=train, visualisation=False) ===
2026-09-10 13:25:06,560 - util.agent - WARNING - Restaring Agent worker_5 because of Timeout
2026-09-10 13:25:06,561 - util.agent - DEBUG - Restarting Agent with task=None, step_limit=None and episode_limit=None.
2026-09-10 13:25:24,500 - step_logger_train_124650958083840 - INFO - === BenchEnv5 initialized (mode=train, visualisation=False) ===
2026-09-10 13:25:30,114 - util.agent - WARNING - Restaring Agent worker_6 because of Timeout
2026-09-10 13:25:30,118 - util.agent - DEBUG - Restarting Agent with task=None, step_limit=None and episode_limit=None.
2026-09-10 13:25:47,818 - step_logger_train_124651899582784 - INFO - === BenchEnv5 initialized (mode=train, visualisation=False) ===
2026-09-10 13:25:52,324 - util.agent - WARNING - Restaring Agent worker_7 because of Timeout
2026-09-10 13:25:52,325 - util.agent - DEBUG - Restarting Agent with task=None, step_limit=None and episode_limit=None.
2026-09-10 13:26:08,979 - step_logger_train_124653112996144 - INFO - === BenchEnv5 initialized (mode=train, visualisation=False) ===
2026-09-10 13:26:14,422 - util.agent - WARNING - Restaring Agent worker_9 because of Timeout
2026-09-10 13:26:14,425 - util.agent - DEBUG - Restarting Agent with task=None, step_limit=None and episode_limit=None.
2026-09-10 13:26:30,850 - step_logger_train_124654247818384 - INFO - === BenchEnv5 initialized (mode=train, visualisation=False) ===
2026-09-10 13:43:08,346 - util.agent - INFO - update / exploration: 3461.1/2468.6 s |  16.5/ 24.3 steps/s | 57120/ 60000 steps, 100 episodes | 1276215/1336215 steps total,  4200 episodes total
2026-09-10 13:43:08,391 - util.agent - INFO - NET_SYNC ok #28 fp=520e5fcf7be4 update=1276215
2026-09-10 13:43:10,205 - eve_rl.runner.runner - INFO - Saved policy snapshot at scheduled step 1280000 (current=1336215)
2026-09-10 13:43:10,206 - eve_rl.runner.runner - INFO - Saved policy snapshot at scheduled step 1290000 (current=1336215)
2026-09-10 13:43:10,207 - eve_rl.runner.runner - INFO - Saved policy snapshot at scheduled step 1300000 (current=1336215)
2026-09-10 13:43:10,208 - eve_rl.runner.runner - INFO - Saved policy snapshot at scheduled step 1310000 (current=1336215)
2026-09-10 13:43:10,209 - eve_rl.runner.runner - INFO - Saved policy snapshot at scheduled step 1320000 (current=1336215)
2026-09-10 13:43:10,211 - eve_rl.runner.runner - INFO - Saved policy snapshot at scheduled step 1330000 (current=1336215)
2026-09-10 13:43:10,335 - util.agent - DEBUG - evaluate (amount/limit): steps None/None | episodes None/None | len(seeds)=98/options=None
2026-09-10 14:23:28,972 - util.agent - INFO - evaluation : 2418.8s |  23.1 steps/s |   55948 steps /   98 episodes | Total:   202168 steps /   587 episodes
2026-09-10 14:23:29,081 - eve_rl.runner.runner - INFO - Quality: 0.3877551020408163, Reward: -0.027320756212736188, Exploration steps: 1336215
2026-09-10 14:23:33,974 - eve_rl.runner.runner - INFO - Saved replay buffer incrementally (+292616 new transitions) at eval #3
2026-09-10 14:23:33,975 - util.agent - DEBUG - explore (amount/limit): steps None/None | episodes 100/None || update (amount/limit): steps 60000.0/None
2026-09-10 14:58:02,808 - util.agent - DEBUG - exploration: steps=1373141 >= step_limit=inf or episodes=4300 >= episode_limit=4300. Setting time limit for workers to finish to 180s
2026-09-10 15:01:03,891 - util.agent - WARNING - Restaring Agent worker_0 because of Timeout
2026-09-10 15:01:03,892 - util.agent - DEBUG - Restarting Agent with task=None, step_limit=None and episode_limit=None.
2026-09-10 15:02:09,012 - step_logger_train_124650319397216 - INFO - === BenchEnv5 initialized (mode=train, visualisation=False) ===
2026-09-10 15:02:13,917 - util.agent - WARNING - Restaring Agent worker_4 because of Timeout
2026-09-10 15:02:13,919 - util.agent - DEBUG - Restarting Agent with task=None, step_limit=None and episode_limit=None.
2026-09-10 15:02:30,681 - step_logger_train_124653110825120 - INFO - === BenchEnv5 initialized (mode=train, visualisation=False) ===
2026-09-10 15:02:35,789 - util.agent - WARNING - Restaring Agent worker_7 because of Timeout
2026-09-10 15:02:35,790 - util.agent - DEBUG - Restarting Agent with task=None, step_limit=None and episode_limit=None.
2026-09-10 15:02:52,231 - step_logger_train_124653124883792 - INFO - === BenchEnv5 initialized (mode=train, visualisation=False) ===
2026-09-10 15:02:57,265 - util.agent - WARNING - Restaring Agent worker_8 because of Timeout
2026-09-10 15:02:57,266 - util.agent - DEBUG - Restarting Agent with task=None, step_limit=None and episode_limit=None.
2026-09-10 15:03:14,050 - step_logger_train_124651359802224 - INFO - === BenchEnv5 initialized (mode=train, visualisation=False) ===
2026-09-10 15:03:19,188 - util.agent - WARNING - Restaring Agent worker_12 because of Timeout
2026-09-10 15:03:19,190 - util.agent - DEBUG - Restarting Agent with task=None, step_limit=None and episode_limit=None.
2026-09-10 15:03:36,643 - step_logger_train_124653238706480 - INFO - === BenchEnv5 initialized (mode=train, visualisation=False) ===
2026-09-10 15:03:41,332 - util.agent - WARNING - Restaring Agent worker_13 because of Timeout
2026-09-10 15:03:41,335 - util.agent - DEBUG - Restarting Agent with task=None, step_limit=None and episode_limit=None.
2026-09-10 15:03:58,568 - step_logger_train_124653280363040 - INFO - === BenchEnv5 initialized (mode=train, visualisation=False) ===
2026-09-10 15:04:03,160 - util.agent - WARNING - Restaring Agent worker_14 because of Timeout
2026-09-10 15:04:03,163 - util.agent - DEBUG - Restarting Agent with task=None, step_limit=None and episode_limit=None.
2026-09-10 15:04:19,975 - step_logger_train_124654247694192 - INFO - === BenchEnv5 initialized (mode=train, visualisation=False) ===
2026-09-10 15:04:25,201 - util.agent - WARNING - Restaring Agent worker_15 because of Timeout
2026-09-10 15:04:25,202 - util.agent - DEBUG - Restarting Agent with task=None, step_limit=None and episode_limit=None.
2026-09-10 15:04:42,579 - step_logger_train_124654259344864 - INFO - === BenchEnv5 initialized (mode=train, visualisation=False) ===
2026-09-10 15:23:43,062 - util.agent - INFO - update / exploration: 3609.4/2473.9 s |  16.6/ 17.8 steps/s | 60000/ 43995 steps, 100 episodes | 1336215/1380210 steps total,  4300 episodes total
2026-09-10 15:23:43,109 - util.agent - INFO - NET_SYNC ok #29 fp=c238afce8c49 update=1336215
2026-09-10 15:23:44,792 - eve_rl.runner.runner - INFO - Saved policy snapshot at scheduled step 1340000 (current=1380210)
2026-09-10 15:23:44,793 - eve_rl.runner.runner - INFO - Saved policy snapshot at scheduled step 1350000 (current=1380210)
2026-09-10 15:23:44,794 - eve_rl.runner.runner - INFO - Saved policy snapshot at scheduled step 1360000 (current=1380210)
2026-09-10 15:23:44,795 - eve_rl.runner.runner - INFO - Saved policy snapshot at scheduled step 1370000 (current=1380210)
2026-09-10 15:23:44,796 - eve_rl.runner.runner - INFO - Saved policy snapshot at scheduled step 1380000 (current=1380210)
2026-09-10 15:23:44,797 - util.agent - DEBUG - explore (amount/limit): steps None/None | episodes 100/None || update (amount/limit): steps 43995.0/None
2026-09-10 15:51:39,837 - util.agent - DEBUG - exploration: steps=1408142 >= step_limit=inf or episodes=4400 >= episode_limit=4400. Setting time limit for workers to finish to 180s
2026-09-10 15:54:40,608 - util.agent - WARNING - Restaring Agent worker_5 because of Timeout
2026-09-10 15:54:40,609 - util.agent - DEBUG - Restarting Agent with task=None, step_limit=None and episode_limit=None.
2026-09-10 15:55:37,913 - step_logger_train_124654259607968 - INFO - === BenchEnv5 initialized (mode=train, visualisation=False) ===
2026-09-10 15:55:43,549 - util.agent - WARNING - Restaring Agent worker_8 because of Timeout
2026-09-10 15:55:43,551 - util.agent - DEBUG - Restarting Agent with task=None, step_limit=None and episode_limit=None.
2026-09-10 15:56:04,488 - step_logger_train_124653277123152 - INFO - === BenchEnv5 initialized (mode=train, visualisation=False) ===
2026-09-10 15:56:09,627 - util.agent - WARNING - Restaring Agent worker_11 because of Timeout
2026-09-10 15:56:09,630 - util.agent - DEBUG - Restarting Agent with task=None, step_limit=None and episode_limit=None.
2026-09-10 15:56:26,952 - step_logger_train_124653104407504 - INFO - === BenchEnv5 initialized (mode=train, visualisation=False) ===
2026-09-10 16:08:53,911 - util.agent - INFO - update / exploration: 2709.3/1967.4 s |  16.2/ 16.5 steps/s | 43995/ 32472 steps, 100 episodes | 1380210/1412682 steps total,  4400 episodes total
2026-09-10 16:08:53,958 - util.agent - INFO - NET_SYNC ok #30 fp=ac1bf1070305 update=1380210
2026-09-10 16:08:55,714 - eve_rl.runner.runner - INFO - Saved policy snapshot at scheduled step 1390000 (current=1412682)
2026-09-10 16:08:55,715 - eve_rl.runner.runner - INFO - Saved policy snapshot at scheduled step 1400000 (current=1412682)
2026-09-10 16:08:55,717 - eve_rl.runner.runner - INFO - Saved policy snapshot at scheduled step 1410000 (current=1412682)
2026-09-10 16:08:55,717 - util.agent - DEBUG - explore (amount/limit): steps None/None | episodes 100/None || update (amount/limit): steps 32472.0/None
2026-09-10 16:33:34,424 - util.agent - DEBUG - exploration: steps=1438045 >= step_limit=inf or episodes=4500 >= episode_limit=4500. Setting time limit for workers to finish to 180s
2026-09-10 16:36:34,772 - util.agent - WARNING - Restaring Agent worker_4 because of Timeout
2026-09-10 16:36:34,773 - util.agent - DEBUG - Restarting Agent with task=None, step_limit=None and episode_limit=None.
2026-09-10 16:37:38,749 - step_logger_train_124651896632992 - INFO - === BenchEnv5 initialized (mode=train, visualisation=False) ===
2026-09-10 16:37:45,099 - util.agent - WARNING - Restaring Agent worker_7 because of Timeout
2026-09-10 16:37:45,103 - util.agent - DEBUG - Restarting Agent with task=None, step_limit=None and episode_limit=None.
2026-09-10 16:38:08,642 - step_logger_train_124651896631984 - INFO - === BenchEnv5 initialized (mode=train, visualisation=False) ===
2026-09-10 16:38:14,644 - util.agent - WARNING - Restaring Agent worker_11 because of Timeout
2026-09-10 16:38:14,651 - util.agent - DEBUG - Restarting Agent with task=None, step_limit=None and episode_limit=None.
2026-09-10 16:38:37,824 - step_logger_train_124652900681472 - INFO - === BenchEnv5 initialized (mode=train, visualisation=False) ===
2026-09-10 16:38:43,916 - util.agent - WARNING - Restaring Agent worker_13 because of Timeout
2026-09-10 16:38:43,918 - util.agent - DEBUG - Restarting Agent with task=None, step_limit=None and episode_limit=None.
2026-09-10 16:39:03,414 - step_logger_train_124651896783440 - INFO - === BenchEnv5 initialized (mode=train, visualisation=False) ===
2026-09-10 16:45:31,224 - util.agent - INFO - update / exploration: 2195.6/1813.6 s |  14.8/ 16.8 steps/s | 32472/ 30509 steps, 100 episodes | 1412682/1443191 steps total,  4500 episodes total
2026-09-10 16:45:31,278 - util.agent - INFO - NET_SYNC ok #31 fp=8f743356cb43 update=1412682
2026-09-10 16:45:33,090 - eve_rl.runner.runner - INFO - Saved policy snapshot at scheduled step 1420000 (current=1443191)
2026-09-10 16:45:33,092 - eve_rl.runner.runner - INFO - Saved policy snapshot at scheduled step 1430000 (current=1443191)
2026-09-10 16:45:33,093 - eve_rl.runner.runner - INFO - Saved policy snapshot at scheduled step 1440000 (current=1443191)
2026-09-10 16:45:33,094 - util.agent - DEBUG - explore (amount/limit): steps None/None | episodes 100/None || update (amount/limit): steps 30509.0/None
2026-09-10 17:12:58,656 - util.agent - DEBUG - exploration: steps=1471354 >= step_limit=inf or episodes=4600 >= episode_limit=4600. Setting time limit for workers to finish to 180s
2026-09-10 17:15:58,917 - util.agent - WARNING - Restaring Agent worker_0 because of Timeout
2026-09-10 17:15:58,918 - util.agent - DEBUG - Restarting Agent with task=None, step_limit=None and episode_limit=None.
2026-09-10 17:16:57,396 - step_logger_train_124653239514544 - INFO - === BenchEnv5 initialized (mode=train, visualisation=False) ===
2026-09-10 17:17:03,781 - util.agent - WARNING - Restaring Agent worker_1 because of Timeout
2026-09-10 17:17:03,782 - util.agent - DEBUG - Restarting Agent with task=None, step_limit=None and episode_limit=None.
2026-09-10 17:17:26,053 - step_logger_train_124651359732832 - INFO - === BenchEnv5 initialized (mode=train, visualisation=False) ===
2026-09-10 17:17:32,332 - util.agent - WARNING - Restaring Agent worker_8 because of Timeout
2026-09-10 17:17:32,333 - util.agent - DEBUG - Restarting Agent with task=None, step_limit=None and episode_limit=None.
2026-09-10 17:17:51,079 - step_logger_train_124653122926480 - INFO - === BenchEnv5 initialized (mode=train, visualisation=False) ===
2026-09-10 17:22:33,470 - util.agent - INFO - update / exploration: 2220.5/1944.0 s |  13.7/ 17.9 steps/s | 30509/ 34706 steps, 100 episodes | 1443191/1477897 steps total,  4600 episodes total
2026-09-10 17:22:33,522 - util.agent - INFO - NET_SYNC ok #32 fp=d255784160d3 update=1443191
2026-09-10 17:22:35,306 - eve_rl.runner.runner - INFO - Saved policy snapshot at scheduled step 1450000 (current=1477897)
2026-09-10 17:22:35,308 - eve_rl.runner.runner - INFO - Saved policy snapshot at scheduled step 1460000 (current=1477897)
2026-09-10 17:22:35,309 - eve_rl.runner.runner - INFO - Saved policy snapshot at scheduled step 1470000 (current=1477897)
2026-09-10 17:22:35,310 - util.agent - DEBUG - explore (amount/limit): steps None/None | episodes 100/None || update (amount/limit): steps 34706.0/None
2026-09-10 17:38:18,647 - util.agent - DEBUG - exploration: steps=1491293 >= step_limit=inf or episodes=4700 >= episode_limit=4700. Setting time limit for workers to finish to 180s
2026-09-10 17:41:18,981 - util.agent - WARNING - Restaring Agent worker_3 because of Timeout
2026-09-10 17:41:18,982 - util.agent - DEBUG - Restarting Agent with task=None, step_limit=None and episode_limit=None.
2026-09-10 17:42:15,391 - step_logger_train_124651359732688 - INFO - === BenchEnv5 initialized (mode=train, visualisation=False) ===
2026-09-10 17:57:42,970 - util.agent - INFO - update / exploration: 2107.9/1185.5 s |  16.5/ 14.1 steps/s | 34706/ 16744 steps, 100 episodes | 1477897/1494641 steps total,  4700 episodes total
2026-09-10 17:57:43,021 - util.agent - INFO - NET_SYNC ok #33 fp=e8be2b33729a update=1477897
2026-09-10 17:57:44,859 - eve_rl.runner.runner - INFO - Saved policy snapshot at scheduled step 1480000 (current=1494641)
2026-09-10 17:57:44,862 - eve_rl.runner.runner - INFO - Saved policy snapshot at scheduled step 1490000 (current=1494641)
2026-09-10 17:57:44,863 - util.agent - DEBUG - explore (amount/limit): steps None/None | episodes 100/None || update (amount/limit): steps 16744.0/None
2026-09-10 18:11:55,053 - util.agent - DEBUG - exploration: steps=1505360 >= step_limit=inf or episodes=4800 >= episode_limit=4800. Setting time limit for workers to finish to 180s
2026-09-10 18:14:55,540 - util.agent - WARNING - Restaring Agent worker_1 because of Timeout
2026-09-10 18:14:55,542 - util.agent - DEBUG - Restarting Agent with task=None, step_limit=None and episode_limit=None.
2026-09-10 18:15:53,215 - step_logger_train_124653112670096 - INFO - === BenchEnv5 initialized (mode=train, visualisation=False) ===
2026-09-10 18:15:59,055 - util.agent - WARNING - Restaring Agent worker_15 because of Timeout
2026-09-10 18:15:59,057 - util.agent - DEBUG - Restarting Agent with task=None, step_limit=None and episode_limit=None.
2026-09-10 18:16:22,026 - step_logger_train_124653104407552 - INFO - === BenchEnv5 initialized (mode=train, visualisation=False) ===
2026-09-10 18:17:49,608 - util.agent - INFO - update / exploration: 1204.9/1123.2 s |  13.9/ 12.3 steps/s | 16744/ 13774 steps, 100 episodes | 1494641/1508415 steps total,  4800 episodes total
2026-09-10 18:17:49,661 - util.agent - INFO - NET_SYNC ok #34 fp=5cc822a86c19 update=1494641
2026-09-10 18:17:51,427 - eve_rl.runner.runner - INFO - Saved policy snapshot at scheduled step 1500000 (current=1508415)
2026-09-10 18:17:51,428 - util.agent - DEBUG - explore (amount/limit): steps None/None | episodes 100/None || update (amount/limit): steps 13774.0/None
2026-09-10 18:29:14,126 - util.agent - DEBUG - exploration: steps=1517463 >= step_limit=inf or episodes=4900 >= episode_limit=4900. Setting time limit for workers to finish to 180s
2026-09-10 18:32:14,315 - util.agent - WARNING - Restaring Agent worker_1 because of Timeout
2026-09-10 18:32:14,315 - util.agent - DEBUG - Restarting Agent with task=None, step_limit=None and episode_limit=None.
2026-09-10 18:32:38,656 - step_logger_train_124653110519936 - INFO - === BenchEnv5 initialized (mode=train, visualisation=False) ===
2026-09-10 18:32:44,117 - util.agent - WARNING - Restaring Agent worker_3 because of Timeout
2026-09-10 18:32:44,120 - util.agent - DEBUG - Restarting Agent with task=None, step_limit=None and episode_limit=None.
2026-09-10 18:33:07,596 - step_logger_train_124653106279520 - INFO - === BenchEnv5 initialized (mode=train, visualisation=False) ===
2026-09-10 18:34:18,772 - util.agent - INFO - update / exploration: 987.6/921.4 s |  13.9/ 12.1 steps/s | 13774/ 11177 steps, 100 episodes | 1508415/1519592 steps total,  4900 episodes total
2026-09-10 18:34:18,822 - util.agent - INFO - NET_SYNC ok #35 fp=e606a7320b6c update=1508415
2026-09-10 18:34:20,540 - eve_rl.runner.runner - INFO - Saved policy snapshot at scheduled step 1510000 (current=1519592)
2026-09-10 18:34:20,540 - util.agent - DEBUG - explore (amount/limit): steps None/None | episodes 100/None || update (amount/limit): steps 11177.0/None
2026-09-10 18:47:12,593 - util.agent - DEBUG - exploration: steps=1528347 >= step_limit=inf or episodes=5000 >= episode_limit=5000. Setting time limit for workers to finish to 180s
2026-09-10 18:50:12,694 - util.agent - WARNING - Restaring Agent worker_2 because of Timeout
2026-09-10 18:50:12,695 - util.agent - DEBUG - Restarting Agent with task=None, step_limit=None and episode_limit=None.
2026-09-10 18:51:00,895 - step_logger_train_124653238707008 - INFO - === BenchEnv5 initialized (mode=train, visualisation=False) ===
2026-09-10 18:51:08,003 - util.agent - WARNING - Restaring Agent worker_13 because of Timeout
2026-09-10 18:51:08,006 - util.agent - DEBUG - Restarting Agent with task=None, step_limit=None and episode_limit=None.
2026-09-10 18:51:26,152 - step_logger_train_124653238709744 - INFO - === BenchEnv5 initialized (mode=train, visualisation=False) ===
2026-09-10 18:51:31,667 - util.agent - INFO - update / exploration: 944.4/1031.3 s |  11.8/ 12.7 steps/s | 11177/ 13065 steps, 100 episodes | 1519592/1532657 steps total,  5000 episodes total
2026-09-10 18:51:31,771 - util.agent - INFO - NET_SYNC ok #36 fp=af52c2258bfd update=1519592
2026-09-10 18:51:33,504 - eve_rl.runner.runner - INFO - Saved policy snapshot at scheduled step 1520000 (current=1532657)
2026-09-10 18:51:33,506 - eve_rl.runner.runner - INFO - Saved policy snapshot at scheduled step 1530000 (current=1532657)
2026-09-10 18:51:33,507 - util.agent - DEBUG - explore (amount/limit): steps None/None | episodes 100/None || update (amount/limit): steps 13065.0/None
2026-09-10 19:03:32,496 - util.agent - DEBUG - exploration: steps=1542270 >= step_limit=inf or episodes=5100 >= episode_limit=5100. Setting time limit for workers to finish to 180s
2026-09-10 19:07:32,984 - util.agent - INFO - update / exploration: 959.8/853.4 s |  13.6/ 14.7 steps/s | 13065/ 12530 steps, 100 episodes | 1532657/1545187 steps total,  5100 episodes total
2026-09-10 19:07:33,034 - util.agent - INFO - NET_SYNC ok #37 fp=bc83307e4dc4 update=1532657
2026-09-10 19:07:34,765 - eve_rl.runner.runner - INFO - Saved policy snapshot at scheduled step 1540000 (current=1545187)
2026-09-10 19:07:34,765 - util.agent - DEBUG - evaluate (amount/limit): steps None/None | episodes None/None | len(seeds)=98/options=None
2026-09-10 19:23:11,780 - util.agent - INFO - evaluation :  937.2s |  11.7 steps/s |   10987 steps /   97 episodes | Total:   213155 steps /   684 episodes
2026-09-10 19:23:11,975 - eve_rl.runner.runner - INFO - Quality: 0.9489795918367347, Reward: 5.4073162241638935, Exploration steps: 1545187
2026-09-10 19:23:16,341 - eve_rl.runner.runner - INFO - Saved replay buffer incrementally (+208972 new transitions) at eval #4
2026-09-10 19:23:16,341 - util.agent - DEBUG - explore (amount/limit): steps None/None | episodes 100/None || update (amount/limit): steps 12530.0/None
2026-09-10 19:35:33,853 - util.agent - DEBUG - exploration: steps=1555127 >= step_limit=inf or episodes=5200 >= episode_limit=5200. Setting time limit for workers to finish to 180s
2026-09-10 19:38:34,434 - util.agent - WARNING - Restaring Agent worker_15 because of Timeout
2026-09-10 19:38:34,435 - util.agent - DEBUG - Restarting Agent with task=None, step_limit=None and episode_limit=None.
2026-09-10 19:39:22,913 - step_logger_train_124652982480960 - INFO - === BenchEnv5 initialized (mode=train, visualisation=False) ===
2026-09-10 19:39:27,565 - util.agent - INFO - update / exploration: 971.4/971.3 s |  12.9/ 14.1 steps/s | 12530/ 13691 steps, 100 episodes | 1545187/1558878 steps total,  5200 episodes total
2026-09-10 19:39:27,622 - util.agent - INFO - NET_SYNC ok #38 fp=a6ddd9b15265 update=1545187
2026-09-10 19:39:29,304 - eve_rl.runner.runner - INFO - Saved policy snapshot at scheduled step 1550000 (current=1558878)
2026-09-10 19:39:29,304 - util.agent - DEBUG - explore (amount/limit): steps None/None | episodes 100/None || update (amount/limit): steps 13691.0/None
2026-09-10 19:52:01,365 - util.agent - DEBUG - exploration: steps=1567464 >= step_limit=inf or episodes=5300 >= episode_limit=5300. Setting time limit for workers to finish to 180s
2026-09-10 19:55:01,975 - util.agent - WARNING - Restaring Agent worker_4 because of Timeout
2026-09-10 19:55:01,977 - util.agent - DEBUG - Restarting Agent with task=None, step_limit=None and episode_limit=None.
2026-09-10 19:55:57,721 - step_logger_train_124653284447040 - INFO - === BenchEnv5 initialized (mode=train, visualisation=False) ===
2026-09-10 19:56:03,304 - util.agent - WARNING - Restaring Agent worker_10 because of Timeout
2026-09-10 19:56:03,306 - util.agent - DEBUG - Restarting Agent with task=None, step_limit=None and episode_limit=None.
2026-09-10 19:56:18,825 - step_logger_train_124652837457104 - INFO - === BenchEnv5 initialized (mode=train, visualisation=False) ===
2026-09-10 19:56:24,549 - util.agent - INFO - update / exploration: 1015.3/1015.2 s |  13.5/ 12.9 steps/s | 13691/ 13075 steps, 100 episodes | 1558878/1571953 steps total,  5300 episodes total
2026-09-10 19:56:24,611 - util.agent - INFO - NET_SYNC ok #39 fp=aa0e960c9755 update=1558878
2026-09-10 19:56:26,352 - eve_rl.runner.runner - INFO - Saved policy snapshot at scheduled step 1560000 (current=1571953)
2026-09-10 19:56:26,354 - eve_rl.runner.runner - INFO - Saved policy snapshot at scheduled step 1570000 (current=1571953)
2026-09-10 19:56:26,355 - util.agent - DEBUG - explore (amount/limit): steps None/None | episodes 100/None || update (amount/limit): steps 13075.0/None
2026-09-10 20:07:08,282 - util.agent - DEBUG - exploration: steps=1580389 >= step_limit=inf or episodes=5400 >= episode_limit=5400. Setting time limit for workers to finish to 180s
2026-09-10 20:10:08,436 - util.agent - WARNING - Restaring Agent worker_12 because of Timeout
2026-09-10 20:10:08,437 - util.agent - DEBUG - Restarting Agent with task=None, step_limit=None and episode_limit=None.
2026-09-10 20:11:03,593 - step_logger_train_124651896584416 - INFO - === BenchEnv5 initialized (mode=train, visualisation=False) ===
2026-09-10 20:11:29,724 - util.agent - INFO - update / exploration: 903.4/883.4 s |  14.5/ 13.1 steps/s | 13075/ 11570 steps, 100 episodes | 1571953/1583523 steps total,  5400 episodes total
2026-09-10 20:11:29,774 - util.agent - INFO - NET_SYNC ok #40 fp=41993a34a907 update=1571953
2026-09-10 20:11:31,508 - eve_rl.runner.runner - INFO - Saved policy snapshot at scheduled step 1580000 (current=1583523)
2026-09-10 20:11:31,512 - util.agent - DEBUG - explore (amount/limit): steps None/None | episodes 100/None || update (amount/limit): steps 11570.0/None
2026-09-10 20:27:04,342 - util.agent - DEBUG - exploration: steps=1595178 >= step_limit=inf or episodes=5500 >= episode_limit=5500. Setting time limit for workers to finish to 180s
2026-09-10 20:30:04,397 - util.agent - WARNING - Restaring Agent worker_0 because of Timeout
2026-09-10 20:30:04,398 - util.agent - DEBUG - Restarting Agent with task=None, step_limit=None and episode_limit=None.
2026-09-10 20:30:24,260 - step_logger_train_124651896584368 - INFO - === BenchEnv5 initialized (mode=train, visualisation=False) ===
2026-09-10 20:30:29,212 - util.agent - INFO - update / exploration: 919.8/1137.8 s |  12.6/ 13.4 steps/s | 11570/ 15292 steps, 100 episodes | 1583523/1598815 steps total,  5500 episodes total
2026-09-10 20:30:29,277 - util.agent - INFO - NET_SYNC ok #41 fp=39738f2d7643 update=1583523
2026-09-10 20:30:31,002 - eve_rl.runner.runner - INFO - Saved policy snapshot at scheduled step 1590000 (current=1598815)
2026-09-10 20:30:31,002 - util.agent - DEBUG - explore (amount/limit): steps None/None | episodes 100/None || update (amount/limit): steps 15292.0/None
2026-09-10 20:43:09,183 - util.agent - DEBUG - exploration: steps=1608305 >= step_limit=inf or episodes=5600 >= episode_limit=5600. Setting time limit for workers to finish to 180s
2026-09-10 20:46:09,865 - util.agent - WARNING - Restaring Agent worker_8 because of Timeout
2026-09-10 20:46:09,866 - util.agent - DEBUG - Restarting Agent with task=None, step_limit=None and episode_limit=None.
2026-09-10 20:46:35,535 - step_logger_train_124653114344688 - INFO - === BenchEnv5 initialized (mode=train, visualisation=False) ===
2026-09-10 20:46:41,208 - util.agent - WARNING - Restaring Agent worker_14 because of Timeout
2026-09-10 20:46:41,211 - util.agent - DEBUG - Restarting Agent with task=None, step_limit=None and episode_limit=None.
2026-09-10 20:47:04,244 - step_logger_train_124653277137504 - INFO - === BenchEnv5 initialized (mode=train, visualisation=False) ===
2026-09-10 20:47:10,125 - util.agent - WARNING - Restaring Agent worker_15 because of Timeout
2026-09-10 20:47:10,127 - util.agent - DEBUG - Restarting Agent with task=None, step_limit=None and episode_limit=None.
2026-09-10 20:47:28,483 - step_logger_train_124651896585376 - INFO - === BenchEnv5 initialized (mode=train, visualisation=False) ===
2026-09-10 20:48:11,714 - util.agent - INFO - update / exploration: 1060.8/1022.2 s |  14.4/ 13.0 steps/s | 15292/ 13292 steps, 100 episodes | 1598815/1612107 steps total,  5600 episodes total
2026-09-10 20:48:11,764 - util.agent - INFO - NET_SYNC ok #42 fp=a8d206ee71bf update=1598815
2026-09-10 20:48:13,622 - eve_rl.runner.runner - INFO - Saved policy snapshot at scheduled step 1600000 (current=1612107)
2026-09-10 20:48:13,626 - eve_rl.runner.runner - INFO - Saved policy snapshot at scheduled step 1610000 (current=1612107)
2026-09-10 20:48:13,628 - util.agent - DEBUG - explore (amount/limit): steps None/None | episodes 100/None || update (amount/limit): steps 13292.0/None
2026-09-10 20:58:04,397 - util.agent - DEBUG - exploration: steps=1619814 >= step_limit=inf or episodes=5700 >= episode_limit=5700. Setting time limit for workers to finish to 180s
2026-09-10 21:01:05,001 - util.agent - WARNING - Restaring Agent worker_1 because of Timeout
2026-09-10 21:01:05,002 - util.agent - DEBUG - Restarting Agent with task=None, step_limit=None and episode_limit=None.
2026-09-10 21:01:58,095 - step_logger_train_124653247534704 - INFO - === BenchEnv5 initialized (mode=train, visualisation=False) ===
2026-09-10 21:02:47,464 - util.agent - INFO - update / exploration: 873.9/829.3 s |  15.2/ 13.1 steps/s | 13292/ 10871 steps, 100 episodes | 1612107/1622978 steps total,  5700 episodes total
2026-09-10 21:02:47,512 - util.agent - INFO - NET_SYNC ok #43 fp=9db99391f250 update=1612107
2026-09-10 21:02:49,235 - eve_rl.runner.runner - INFO - Saved policy snapshot at scheduled step 1620000 (current=1622978)
2026-09-10 21:02:49,235 - util.agent - DEBUG - explore (amount/limit): steps None/None | episodes 100/None || update (amount/limit): steps 10871.0/None
2026-09-10 21:15:01,245 - util.agent - DEBUG - exploration: steps=1632742 >= step_limit=inf or episodes=5800 >= episode_limit=5800. Setting time limit for workers to finish to 180s
2026-09-10 21:18:01,268 - util.agent - WARNING - Restaring Agent worker_2 because of Timeout
2026-09-10 21:18:01,269 - util.agent - DEBUG - Restarting Agent with task=None, step_limit=None and episode_limit=None.
2026-09-10 21:18:45,591 - step_logger_train_124653160328016 - INFO - === BenchEnv5 initialized (mode=train, visualisation=False) ===
2026-09-10 21:18:50,451 - util.agent - INFO - update / exploration: 837.9/961.3 s |  13.0/ 13.9 steps/s | 10871/ 13346 steps, 100 episodes | 1622978/1636324 steps total,  5800 episodes total
2026-09-10 21:18:50,534 - util.agent - INFO - NET_SYNC ok #44 fp=b168fe5d507e update=1622978
2026-09-10 21:18:52,267 - eve_rl.runner.runner - INFO - Saved policy snapshot at scheduled step 1630000 (current=1636324)
2026-09-10 21:18:52,268 - util.agent - DEBUG - explore (amount/limit): steps None/None | episodes 100/None || update (amount/limit): steps 13346.0/None
2026-09-10 21:30:20,533 - util.agent - DEBUG - exploration: steps=1645717 >= step_limit=inf or episodes=5900 >= episode_limit=5900. Setting time limit for workers to finish to 180s
2026-09-10 21:33:21,023 - util.agent - WARNING - Restaring Agent worker_5 because of Timeout
2026-09-10 21:33:21,025 - util.agent - DEBUG - Restarting Agent with task=None, step_limit=None and episode_limit=None.
2026-09-10 21:34:13,755 - step_logger_train_124651359895072 - INFO - === BenchEnv5 initialized (mode=train, visualisation=False) ===
2026-09-10 21:34:29,792 - util.agent - INFO - update / exploration: 937.6/927.6 s |  14.2/ 13.5 steps/s | 13346/ 12557 steps, 100 episodes | 1636324/1648881 steps total,  5900 episodes total
2026-09-10 21:34:29,841 - util.agent - INFO - NET_SYNC ok #45 fp=88645ec2e752 update=1636324
2026-09-10 21:34:31,570 - eve_rl.runner.runner - INFO - Saved policy snapshot at scheduled step 1640000 (current=1648881)
2026-09-10 21:34:31,571 - util.agent - DEBUG - explore (amount/limit): steps None/None | episodes 100/None || update (amount/limit): steps 12557.0/None
2026-09-10 21:46:06,108 - util.agent - DEBUG - exploration: steps=1658002 >= step_limit=inf or episodes=6000 >= episode_limit=6000. Setting time limit for workers to finish to 180s
2026-09-10 21:49:06,768 - util.agent - WARNING - Restaring Agent worker_2 because of Timeout
2026-09-10 21:49:06,777 - util.agent - DEBUG - Restarting Agent with task=None, step_limit=None and episode_limit=None.
2026-09-10 21:50:01,313 - step_logger_train_124653238709264 - INFO - === BenchEnv5 initialized (mode=train, visualisation=False) ===
2026-09-10 21:50:05,848 - util.agent - WARNING - Restaring Agent worker_4 because of Timeout
2026-09-10 21:50:05,849 - util.agent - DEBUG - Restarting Agent with task=None, step_limit=None and episode_limit=None.
2026-09-10 21:50:19,267 - step_logger_train_124651402579680 - INFO - === BenchEnv5 initialized (mode=train, visualisation=False) ===
2026-09-10 21:50:23,751 - util.agent - WARNING - Restaring Agent worker_6 because of Timeout
2026-09-10 21:50:23,753 - util.agent - DEBUG - Restarting Agent with task=None, step_limit=None and episode_limit=None.
2026-09-10 21:50:37,643 - step_logger_train_124651898448336 - INFO - === BenchEnv5 initialized (mode=train, visualisation=False) ===
2026-09-10 21:50:42,561 - util.agent - WARNING - Restaring Agent worker_9 because of Timeout
2026-09-10 21:50:42,564 - util.agent - DEBUG - Restarting Agent with task=None, step_limit=None and episode_limit=None.
2026-09-10 21:50:56,155 - step_logger_train_124652837410608 - INFO - === BenchEnv5 initialized (mode=train, visualisation=False) ===
2026-09-10 21:51:01,304 - util.agent - WARNING - Restaring Agent worker_10 because of Timeout
2026-09-10 21:51:01,306 - util.agent - DEBUG - Restarting Agent with task=None, step_limit=None and episode_limit=None.
2026-09-10 21:51:13,766 - step_logger_train_124654245733808 - INFO - === BenchEnv5 initialized (mode=train, visualisation=False) ===
2026-09-10 21:51:18,772 - util.agent - INFO - update / exploration: 1007.2/1007.0 s |  12.5/ 13.2 steps/s | 12557/ 13251 steps, 100 episodes | 1648881/1662132 steps total,  6000 episodes total
2026-09-10 21:51:18,828 - util.agent - INFO - NET_SYNC ok #46 fp=968a17da6af2 update=1648881
2026-09-10 21:51:20,550 - eve_rl.runner.runner - INFO - Saved policy snapshot at scheduled step 1650000 (current=1662132)
2026-09-10 21:51:20,552 - eve_rl.runner.runner - INFO - Saved policy snapshot at scheduled step 1660000 (current=1662132)
2026-09-10 21:51:20,552 - util.agent - DEBUG - explore (amount/limit): steps None/None | episodes 100/None || update (amount/limit): steps 13251.0/None
2026-09-10 22:00:05,066 - util.agent - DEBUG - exploration: steps=1669672 >= step_limit=inf or episodes=6100 >= episode_limit=6100. Setting time limit for workers to finish to 180s
2026-09-10 22:03:05,268 - util.agent - WARNING - Restaring Agent worker_0 because of Timeout
2026-09-10 22:03:05,269 - util.agent - DEBUG - Restarting Agent with task=None, step_limit=None and episode_limit=None.
2026-09-10 22:03:26,999 - step_logger_train_124653113000768 - INFO - === BenchEnv5 initialized (mode=train, visualisation=False) ===
2026-09-10 22:03:32,413 - util.agent - WARNING - Restaring Agent worker_4 because of Timeout
2026-09-10 22:03:32,415 - util.agent - DEBUG - Restarting Agent with task=None, step_limit=None and episode_limit=None.
2026-09-10 22:04:24,749 - step_logger_train_124651364305408 - INFO - === BenchEnv5 initialized (mode=train, visualisation=False) ===
2026-09-10 22:05:36,594 - util.agent - INFO - update / exploration: 856.1/789.2 s |  15.5/ 12.7 steps/s | 13251/  9999 steps, 100 episodes | 1662132/1672131 steps total,  6100 episodes total
2026-09-10 22:05:36,643 - util.agent - INFO - NET_SYNC ok #47 fp=2a05d893e5d4 update=1662132
2026-09-10 22:05:38,359 - eve_rl.runner.runner - INFO - Saved policy snapshot at scheduled step 1670000 (current=1672131)
2026-09-10 22:05:38,359 - util.agent - DEBUG - explore (amount/limit): steps None/None | episodes 100/None || update (amount/limit): steps 9999.0/None
2026-09-10 22:18:27,510 - util.agent - DEBUG - exploration: steps=1681065 >= step_limit=inf or episodes=6200 >= episode_limit=6200. Setting time limit for workers to finish to 180s
2026-09-10 22:21:27,645 - util.agent - WARNING - Restaring Agent worker_3 because of Timeout
2026-09-10 22:21:27,646 - util.agent - DEBUG - Restarting Agent with task=None, step_limit=None and episode_limit=None.
2026-09-10 22:22:14,762 - step_logger_train_124653244282816 - INFO - === BenchEnv5 initialized (mode=train, visualisation=False) ===
2026-09-10 22:22:19,203 - util.agent - WARNING - Restaring Agent worker_4 because of Timeout
2026-09-10 22:22:19,205 - util.agent - DEBUG - Restarting Agent with task=None, step_limit=None and episode_limit=None.
2026-09-10 22:22:31,862 - step_logger_train_124653878775472 - INFO - === BenchEnv5 initialized (mode=train, visualisation=False) ===
2026-09-10 22:22:36,794 - util.agent - WARNING - Restaring Agent worker_6 because of Timeout
2026-09-10 22:22:36,797 - util.agent - DEBUG - Restarting Agent with task=None, step_limit=None and episode_limit=None.
2026-09-10 22:22:49,395 - step_logger_train_124651359700832 - INFO - === BenchEnv5 initialized (mode=train, visualisation=False) ===
2026-09-10 22:22:54,655 - util.agent - WARNING - Restaring Agent worker_14 because of Timeout
2026-09-10 22:22:54,659 - util.agent - DEBUG - Restarting Agent with task=None, step_limit=None and episode_limit=None.
2026-09-10 22:23:07,538 - step_logger_train_124651902359536 - INFO - === BenchEnv5 initialized (mode=train, visualisation=False) ===
2026-09-10 22:23:12,276 - util.agent - INFO - update / exploration: 784.2/1054.0 s |  12.8/ 13.7 steps/s |  9999/ 14419 steps, 100 episodes | 1672131/1686550 steps total,  6200 episodes total
2026-09-10 22:23:12,326 - util.agent - INFO - NET_SYNC ok #48 fp=c0615533d17a update=1672131
2026-09-10 22:23:14,046 - eve_rl.runner.runner - INFO - Saved policy snapshot at scheduled step 1680000 (current=1686550)
2026-09-10 22:23:14,047 - util.agent - DEBUG - explore (amount/limit): steps None/None | episodes 100/None || update (amount/limit): steps 14419.0/None
2026-09-10 22:32:09,214 - util.agent - DEBUG - exploration: steps=1694222 >= step_limit=inf or episodes=6300 >= episode_limit=6300. Setting time limit for workers to finish to 180s
2026-09-10 22:38:15,047 - util.agent - INFO - update / exploration: 901.1/715.5 s |  16.0/ 14.5 steps/s | 14419/ 10406 steps, 100 episodes | 1686550/1696956 steps total,  6300 episodes total
2026-09-10 22:38:15,096 - util.agent - INFO - NET_SYNC ok #49 fp=356e84c65ec2 update=1686550
2026-09-10 22:38:16,809 - eve_rl.runner.runner - INFO - Saved policy snapshot at scheduled step 1690000 (current=1696956)
2026-09-10 22:38:16,809 - util.agent - DEBUG - explore (amount/limit): steps None/None | episodes 100/None || update (amount/limit): steps 10406.0/None
2026-09-10 22:49:10,838 - util.agent - DEBUG - exploration: steps=1705350 >= step_limit=inf or episodes=6400 >= episode_limit=6400. Setting time limit for workers to finish to 180s
2026-09-10 22:52:10,957 - util.agent - WARNING - Restaring Agent worker_4 because of Timeout
2026-09-10 22:52:10,958 - util.agent - DEBUG - Restarting Agent with task=None, step_limit=None and episode_limit=None.
2026-09-10 22:52:59,012 - step_logger_train_124652982425056 - INFO - === BenchEnv5 initialized (mode=train, visualisation=False) ===
2026-09-10 22:53:05,001 - util.agent - WARNING - Restaring Agent worker_8 because of Timeout
2026-09-10 22:53:05,006 - util.agent - DEBUG - Restarting Agent with task=None, step_limit=None and episode_limit=None.
2026-09-10 22:53:22,552 - step_logger_train_124654258417968 - INFO - === BenchEnv5 initialized (mode=train, visualisation=False) ===
2026-09-10 22:53:27,281 - util.agent - WARNING - Restaring Agent worker_10 because of Timeout
2026-09-10 22:53:27,283 - util.agent - DEBUG - Restarting Agent with task=None, step_limit=None and episode_limit=None.
2026-09-10 22:53:40,330 - step_logger_train_124652985719824 - INFO - === BenchEnv5 initialized (mode=train, visualisation=False) ===
2026-09-10 22:53:45,264 - util.agent - INFO - update / exploration: 813.4/928.5 s |  12.8/ 12.5 steps/s | 10406/ 11630 steps, 100 episodes | 1696956/1708586 steps total,  6400 episodes total
2026-09-10 22:53:45,316 - util.agent - INFO - NET_SYNC ok #50 fp=d87dce8bbea7 update=1696956
2026-09-10 22:53:47,059 - eve_rl.runner.runner - INFO - Saved policy snapshot at scheduled step 1700000 (current=1708586)
2026-09-10 22:53:47,060 - util.agent - DEBUG - explore (amount/limit): steps None/None | episodes 100/None || update (amount/limit): steps 11630.0/None
2026-09-10 23:03:44,072 - util.agent - DEBUG - exploration: steps=1716722 >= step_limit=inf or episodes=6500 >= episode_limit=6500. Setting time limit for workers to finish to 180s
2026-09-10 23:06:44,146 - util.agent - WARNING - Restaring Agent worker_0 because of Timeout
2026-09-10 23:06:44,147 - util.agent - DEBUG - Restarting Agent with task=None, step_limit=None and episode_limit=None.
2026-09-10 23:07:06,237 - step_logger_train_124653240945680 - INFO - === BenchEnv5 initialized (mode=train, visualisation=False) ===
2026-09-10 23:07:11,165 - util.agent - WARNING - Restaring Agent worker_4 because of Timeout
2026-09-10 23:07:11,168 - util.agent - DEBUG - Restarting Agent with task=None, step_limit=None and episode_limit=None.
2026-09-10 23:07:31,014 - step_logger_train_124657306723856 - INFO - === BenchEnv5 initialized (mode=train, visualisation=False) ===
2026-09-10 23:07:35,858 - util.agent - INFO - update / exploration: 828.9/828.8 s |  14.0/ 12.6 steps/s | 11630/ 10453 steps, 100 episodes | 1708586/1719039 steps total,  6500 episodes total
2026-09-10 23:07:35,915 - util.agent - INFO - NET_SYNC ok #51 fp=c3d22b79cc53 update=1708586
2026-09-10 23:07:37,629 - eve_rl.runner.runner - INFO - Saved policy snapshot at scheduled step 1710000 (current=1719039)
2026-09-10 23:07:37,630 - util.agent - DEBUG - explore (amount/limit): steps None/None | episodes 100/None || update (amount/limit): steps 10453.0/None
2026-09-10 23:18:34,160 - util.agent - DEBUG - exploration: steps=1727336 >= step_limit=inf or episodes=6600 >= episode_limit=6600. Setting time limit for workers to finish to 180s
2026-09-10 23:20:31,604 - util.agent - INFO - update / exploration: 774.0/761.6 s |  13.5/ 15.6 steps/s | 10453/ 11848 steps, 100 episodes | 1719039/1730887 steps total,  6600 episodes total
2026-09-10 23:20:31,653 - util.agent - INFO - NET_SYNC ok #52 fp=1e9c1c8f5651 update=1719039
2026-09-10 23:20:33,365 - eve_rl.runner.runner - INFO - Saved policy snapshot at scheduled step 1720000 (current=1730887)
2026-09-10 23:20:33,367 - eve_rl.runner.runner - INFO - Saved policy snapshot at scheduled step 1730000 (current=1730887)
2026-09-10 23:20:33,368 - util.agent - DEBUG - explore (amount/limit): steps None/None | episodes 100/None || update (amount/limit): steps 11848.0/None
2026-09-10 23:31:36,413 - util.agent - DEBUG - exploration: steps=1738054 >= step_limit=inf or episodes=6700 >= episode_limit=6700. Setting time limit for workers to finish to 180s
2026-09-10 23:34:37,139 - util.agent - WARNING - Restaring Agent worker_5 because of Timeout
2026-09-10 23:34:37,140 - util.agent - DEBUG - Restarting Agent with task=None, step_limit=None and episode_limit=None.
2026-09-10 23:35:28,303 - step_logger_train_124653138029200 - INFO - === BenchEnv5 initialized (mode=train, visualisation=False) ===
2026-09-10 23:35:33,478 - util.agent - WARNING - Restaring Agent worker_6 because of Timeout
2026-09-10 23:35:33,480 - util.agent - DEBUG - Restarting Agent with task=None, step_limit=None and episode_limit=None.
2026-09-10 23:35:50,449 - step_logger_train_124657304929088 - INFO - === BenchEnv5 initialized (mode=train, visualisation=False) ===
2026-09-10 23:35:55,859 - util.agent - WARNING - Restaring Agent worker_9 because of Timeout
2026-09-10 23:35:55,859 - util.agent - DEBUG - Restarting Agent with task=None, step_limit=None and episode_limit=None.
2026-09-10 23:36:12,651 - step_logger_train_124653105124640 - INFO - === BenchEnv5 initialized (mode=train, visualisation=False) ===
2026-09-10 23:36:17,510 - util.agent - INFO - update / exploration: 944.2/944.1 s |  12.5/ 12.1 steps/s | 11848/ 11405 steps, 100 episodes | 1730887/1742292 steps total,  6700 episodes total
2026-09-10 23:36:17,569 - util.agent - INFO - NET_SYNC ok #53 fp=c9cd48d5693d update=1730887
2026-09-10 23:36:19,319 - eve_rl.runner.runner - INFO - Saved policy snapshot at scheduled step 1740000 (current=1742292)
2026-09-10 23:36:19,320 - util.agent - DEBUG - explore (amount/limit): steps None/None | episodes 100/None || update (amount/limit): steps 11405.0/None
2026-09-10 23:48:37,047 - util.agent - DEBUG - exploration: steps=1752197 >= step_limit=inf or episodes=6800 >= episode_limit=6800. Setting time limit for workers to finish to 180s
2026-09-10 23:51:37,103 - util.agent - WARNING - Restaring Agent worker_0 because of Timeout
2026-09-10 23:51:37,104 - util.agent - DEBUG - Restarting Agent with task=None, step_limit=None and episode_limit=None.
2026-09-10 23:51:54,209 - step_logger_train_124650958082880 - INFO - === BenchEnv5 initialized (mode=train, visualisation=False) ===
2026-09-10 23:51:59,183 - util.agent - INFO - update / exploration: 860.4/939.9 s |  13.3/ 14.4 steps/s | 11405/ 13523 steps, 100 episodes | 1742292/1755815 steps total,  6800 episodes total
2026-09-10 23:51:59,252 - util.agent - INFO - NET_SYNC ok #54 fp=2e00d582b80b update=1742292
2026-09-10 23:52:00,978 - eve_rl.runner.runner - INFO - Saved policy snapshot at scheduled step 1750000 (current=1755815)
2026-09-10 23:52:00,978 - util.agent - DEBUG - explore (amount/limit): steps None/None | episodes 100/None || update (amount/limit): steps 13523.0/None
2026-09-11 00:01:53,895 - util.agent - DEBUG - exploration: steps=1764072 >= step_limit=inf or episodes=6900 >= episode_limit=6900. Setting time limit for workers to finish to 180s
2026-09-11 00:04:53,949 - util.agent - WARNING - Restaring Agent worker_9 because of Timeout
2026-09-11 00:04:53,951 - util.agent - DEBUG - Restarting Agent with task=None, step_limit=None and episode_limit=None.
2026-09-11 00:05:51,181 - step_logger_train_124654251056288 - INFO - === BenchEnv5 initialized (mode=train, visualisation=False) ===
2026-09-11 00:05:57,399 - util.agent - WARNING - Restaring Agent worker_14 because of Timeout
2026-09-11 00:05:57,404 - util.agent - DEBUG - Restarting Agent with task=None, step_limit=None and episode_limit=None.
2026-09-11 00:06:19,695 - step_logger_train_124652982660400 - INFO - === BenchEnv5 initialized (mode=train, visualisation=False) ===
2026-09-11 00:06:25,756 - util.agent - WARNING - Restaring Agent worker_15 because of Timeout
2026-09-11 00:06:25,760 - util.agent - DEBUG - Restarting Agent with task=None, step_limit=None and episode_limit=None.
2026-09-11 00:06:47,557 - step_logger_train_124651359734416 - INFO - === BenchEnv5 initialized (mode=train, visualisation=False) ===
2026-09-11 00:07:26,381 - util.agent - INFO - update / exploration: 925.5/892.3 s |  14.6/ 11.7 steps/s | 13523/ 10457 steps, 100 episodes | 1755815/1766272 steps total,  6900 episodes total
2026-09-11 00:07:26,458 - util.agent - INFO - NET_SYNC ok #55 fp=6ee409bb795e update=1755815
2026-09-11 00:07:28,209 - eve_rl.runner.runner - INFO - Saved policy snapshot at scheduled step 1760000 (current=1766272)
2026-09-11 00:07:28,210 - util.agent - DEBUG - explore (amount/limit): steps None/None | episodes 100/None || update (amount/limit): steps 10457.0/None
2026-09-11 00:18:16,961 - util.agent - DEBUG - exploration: steps=1775053 >= step_limit=inf or episodes=7000 >= episode_limit=7000. Setting time limit for workers to finish to 180s
2026-09-11 00:21:17,094 - util.agent - WARNING - Restaring Agent worker_0 because of Timeout
2026-09-11 00:21:17,094 - util.agent - DEBUG - Restarting Agent with task=None, step_limit=None and episode_limit=None.
2026-09-11 00:22:03,602 - step_logger_train_124651925287456 - INFO - === BenchEnv5 initialized (mode=train, visualisation=False) ===
2026-09-11 00:22:08,502 - util.agent - WARNING - Restaring Agent worker_12 because of Timeout
2026-09-11 00:22:08,504 - util.agent - DEBUG - Restarting Agent with task=None, step_limit=None and episode_limit=None.
2026-09-11 00:22:25,797 - step_logger_train_124653277123392 - INFO - === BenchEnv5 initialized (mode=train, visualisation=False) ===
2026-09-11 00:22:31,661 - util.agent - INFO - update / exploration: 790.0/903.5 s |  13.2/ 12.3 steps/s | 10457/ 11147 steps, 100 episodes | 1766272/1777419 steps total,  7000 episodes total
2026-09-11 00:22:31,724 - util.agent - INFO - NET_SYNC ok #56 fp=32d0384a52c3 update=1766272
2026-09-11 00:22:33,462 - eve_rl.runner.runner - INFO - Saved policy snapshot at scheduled step 1770000 (current=1777419)
2026-09-11 00:22:33,463 - util.agent - DEBUG - explore (amount/limit): steps None/None | episodes 100/None || update (amount/limit): steps 11147.0/None
2026-09-11 00:36:21,399 - util.agent - DEBUG - exploration: steps=1786548 >= step_limit=inf or episodes=7100 >= episode_limit=7100. Setting time limit for workers to finish to 180s
2026-09-11 00:39:10,713 - util.agent - INFO - update / exploration: 889.4/997.4 s |  12.5/ 14.3 steps/s | 11147/ 14280 steps, 100 episodes | 1777419/1791699 steps total,  7100 episodes total
2026-09-11 00:39:10,762 - util.agent - INFO - NET_SYNC ok #57 fp=1bf119a67bbb update=1777419
2026-09-11 00:39:12,477 - eve_rl.runner.runner - INFO - Saved policy snapshot at scheduled step 1780000 (current=1791699)
2026-09-11 00:39:12,479 - eve_rl.runner.runner - INFO - Saved policy snapshot at scheduled step 1790000 (current=1791699)
2026-09-11 00:39:12,480 - util.agent - DEBUG - evaluate (amount/limit): steps None/None | episodes None/None | len(seeds)=98/options=None
2026-09-11 00:55:13,386 - util.agent - INFO - evaluation :  961.0s |  10.3 steps/s |    9931 steps /   97 episodes | Total:   223086 steps /   781 episodes
2026-09-11 00:55:13,573 - eve_rl.runner.runner - INFO - Quality: 0.9693877551020408, Reward: 5.628290550337956, Exploration steps: 1791699
2026-09-11 00:55:16,744 - eve_rl.runner.runner - INFO - Saved replay buffer incrementally (+246512 new transitions) at eval #5
2026-09-11 00:55:16,745 - util.agent - DEBUG - explore (amount/limit): steps None/None | episodes 100/None || update (amount/limit): steps 14280.0/None
2026-09-11 01:04:33,524 - util.agent - DEBUG - exploration: steps=1798994 >= step_limit=inf or episodes=7200 >= episode_limit=7200. Setting time limit for workers to finish to 180s
2026-09-11 01:07:33,952 - util.agent - WARNING - Restaring Agent worker_4 because of Timeout
2026-09-11 01:07:33,953 - util.agent - DEBUG - Restarting Agent with task=None, step_limit=None and episode_limit=None.
2026-09-11 01:08:32,088 - step_logger_train_124654247301856 - INFO - === BenchEnv5 initialized (mode=train, visualisation=False) ===
2026-09-11 01:08:38,799 - util.agent - WARNING - Restaring Agent worker_12 because of Timeout
2026-09-11 01:08:38,802 - util.agent - DEBUG - Restarting Agent with task=None, step_limit=None and episode_limit=None.
2026-09-11 01:08:59,290 - step_logger_train_124651921595600 - INFO - === BenchEnv5 initialized (mode=train, visualisation=False) ===
2026-09-11 01:09:05,265 - util.agent - WARNING - Restaring Agent worker_14 because of Timeout
2026-09-11 01:09:05,269 - util.agent - DEBUG - Restarting Agent with task=None, step_limit=None and episode_limit=None.
2026-09-11 01:09:23,974 - step_logger_train_124653260889488 - INFO - === BenchEnv5 initialized (mode=train, visualisation=False) ===
2026-09-11 01:10:58,106 - util.agent - INFO - update / exploration: 941.5/854.4 s |  15.2/ 12.5 steps/s | 14280/ 10692 steps, 100 episodes | 1791699/1802391 steps total,  7200 episodes total
2026-09-11 01:10:58,165 - util.agent - INFO - NET_SYNC ok #58 fp=4a968e9e81eb update=1791699
2026-09-11 01:10:59,927 - eve_rl.runner.runner - INFO - Saved policy snapshot at scheduled step 1800000 (current=1802391)
2026-09-11 01:10:59,928 - util.agent - DEBUG - explore (amount/limit): steps None/None | episodes 100/None || update (amount/limit): steps 10692.0/None
2026-09-11 01:23:51,515 - util.agent - DEBUG - exploration: steps=1812238 >= step_limit=inf or episodes=7300 >= episode_limit=7300. Setting time limit for workers to finish to 180s
2026-09-11 01:26:51,745 - util.agent - WARNING - Restaring Agent worker_6 because of Timeout
2026-09-11 01:26:51,746 - util.agent - DEBUG - Restarting Agent with task=None, step_limit=None and episode_limit=None.
2026-09-11 01:27:44,585 - step_logger_train_124651359691680 - INFO - === BenchEnv5 initialized (mode=train, visualisation=False) ===
2026-09-11 01:27:52,158 - util.agent - WARNING - Restaring Agent worker_8 because of Timeout
2026-09-11 01:27:52,159 - util.agent - DEBUG - Restarting Agent with task=None, step_limit=None and episode_limit=None.
2026-09-11 01:28:09,559 - step_logger_train_124653880519216 - INFO - === BenchEnv5 initialized (mode=train, visualisation=False) ===
2026-09-11 01:28:16,568 - util.agent - WARNING - Restaring Agent worker_9 because of Timeout
2026-09-11 01:28:16,569 - util.agent - DEBUG - Restarting Agent with task=None, step_limit=None and episode_limit=None.
2026-09-11 01:28:31,020 - step_logger_train_124654251679952 - INFO - === BenchEnv5 initialized (mode=train, visualisation=False) ===
2026-09-11 01:28:36,398 - util.agent - WARNING - Restaring Agent worker_13 because of Timeout
2026-09-11 01:28:36,399 - util.agent - DEBUG - Restarting Agent with task=None, step_limit=None and episode_limit=None.
2026-09-11 01:28:51,226 - step_logger_train_124653238844048 - INFO - === BenchEnv5 initialized (mode=train, visualisation=False) ===
2026-09-11 01:28:56,334 - util.agent - WARNING - Restaring Agent worker_15 because of Timeout
2026-09-11 01:28:56,338 - util.agent - DEBUG - Restarting Agent with task=None, step_limit=None and episode_limit=None.
2026-09-11 01:29:09,945 - step_logger_train_124651359753408 - INFO - === BenchEnv5 initialized (mode=train, visualisation=False) ===
2026-09-11 01:29:16,117 - util.agent - INFO - update / exploration: 867.0/1096.5 s |  12.3/ 13.4 steps/s | 10692/ 14657 steps, 100 episodes | 1802391/1817048 steps total,  7300 episodes total
2026-09-11 01:29:16,177 - util.agent - INFO - NET_SYNC ok #59 fp=4e60879faca6 update=1802391
2026-09-11 01:29:17,906 - eve_rl.runner.runner - INFO - Saved policy snapshot at scheduled step 1810000 (current=1817048)
2026-09-11 01:29:17,907 - util.agent - DEBUG - explore (amount/limit): steps None/None | episodes 100/None || update (amount/limit): steps 14657.0/None
2026-09-11 01:41:01,202 - util.agent - DEBUG - exploration: steps=1827456 >= step_limit=inf or episodes=7400 >= episode_limit=7400. Setting time limit for workers to finish to 180s
2026-09-11 01:44:01,406 - util.agent - WARNING - Restaring Agent worker_0 because of Timeout
2026-09-11 01:44:01,409 - util.agent - DEBUG - Restarting Agent with task=None, step_limit=None and episode_limit=None.
2026-09-11 01:44:25,000 - step_logger_train_124653238706336 - INFO - === BenchEnv5 initialized (mode=train, visualisation=False) ===
2026-09-11 01:44:31,154 - util.agent - WARNING - Restaring Agent worker_2 because of Timeout
2026-09-11 01:44:31,158 - util.agent - DEBUG - Restarting Agent with task=None, step_limit=None and episode_limit=None.
2026-09-11 01:44:54,002 - step_logger_train_124653260353696 - INFO - === BenchEnv5 initialized (mode=train, visualisation=False) ===
2026-09-11 01:45:00,197 - util.agent - WARNING - Restaring Agent worker_3 because of Timeout
2026-09-11 01:45:00,199 - util.agent - DEBUG - Restarting Agent with task=None, step_limit=None and episode_limit=None.
2026-09-11 01:45:20,355 - step_logger_train_124651359732736 - INFO - === BenchEnv5 initialized (mode=train, visualisation=False) ===
2026-09-11 01:45:27,326 - util.agent - WARNING - Restaring Agent worker_11 because of Timeout
2026-09-11 01:45:27,329 - util.agent - DEBUG - Restarting Agent with task=None, step_limit=None and episode_limit=None.
2026-09-11 01:45:46,142 - step_logger_train_124652837630592 - INFO - === BenchEnv5 initialized (mode=train, visualisation=False) ===
2026-09-11 01:46:37,408 - util.agent - INFO - update / exploration: 1039.8/993.7 s |  14.1/ 13.4 steps/s | 14657/ 13307 steps, 100 episodes | 1817048/1830355 steps total,  7400 episodes total
2026-09-11 01:46:37,459 - util.agent - INFO - NET_SYNC ok #60 fp=8ce2ae28f6bf update=1817048
2026-09-11 01:46:39,164 - eve_rl.runner.runner - INFO - Saved policy snapshot at scheduled step 1820000 (current=1830355)
2026-09-11 01:46:39,166 - eve_rl.runner.runner - INFO - Saved policy snapshot at scheduled step 1830000 (current=1830355)
2026-09-11 01:46:39,166 - util.agent - DEBUG - explore (amount/limit): steps None/None | episodes 100/None || update (amount/limit): steps 13307.0/None
2026-09-11 02:17:38,109 - util.agent - DEBUG - exploration: steps=1858979 >= step_limit=inf or episodes=7500 >= episode_limit=7500. Setting time limit for workers to finish to 180s
2026-09-11 02:20:38,418 - util.agent - WARNING - Restaring Agent worker_9 because of Timeout
2026-09-11 02:20:38,419 - util.agent - DEBUG - Restarting Agent with task=None, step_limit=None and episode_limit=None.
2026-09-11 02:21:27,179 - step_logger_train_124653244283104 - INFO - === BenchEnv5 initialized (mode=train, visualisation=False) ===
2026-09-11 02:21:31,837 - util.agent - WARNING - Restaring Agent worker_10 because of Timeout
2026-09-11 02:21:31,840 - util.agent - DEBUG - Restarting Agent with task=None, step_limit=None and episode_limit=None.
2026-09-11 02:21:46,663 - step_logger_train_124651359691008 - INFO - === BenchEnv5 initialized (mode=train, visualisation=False) ===
2026-09-11 02:21:51,940 - util.agent - WARNING - Restaring Agent worker_11 because of Timeout
2026-09-11 02:21:51,941 - util.agent - DEBUG - Restarting Agent with task=None, step_limit=None and episode_limit=None.
2026-09-11 02:22:04,568 - step_logger_train_124653260890016 - INFO - === BenchEnv5 initialized (mode=train, visualisation=False) ===
2026-09-11 02:22:10,337 - util.agent - WARNING - Restaring Agent worker_13 because of Timeout
2026-09-11 02:22:10,341 - util.agent - DEBUG - Restarting Agent with task=None, step_limit=None and episode_limit=None.
2026-09-11 02:22:23,420 - step_logger_train_124653138883824 - INFO - === BenchEnv5 initialized (mode=train, visualisation=False) ===
2026-09-11 02:22:29,071 - util.agent - WARNING - Restaring Agent worker_15 because of Timeout
2026-09-11 02:22:29,074 - util.agent - DEBUG - Restarting Agent with task=None, step_limit=None and episode_limit=None.
2026-09-11 02:22:46,330 - step_logger_train_124654255089552 - INFO - === BenchEnv5 initialized (mode=train, visualisation=False) ===
2026-09-11 02:22:51,536 - util.agent - INFO - update / exploration: 1044.0/2172.8 s |  12.7/ 16.6 steps/s | 13307/ 35988 steps, 100 episodes | 1830355/1866343 steps total,  7500 episodes total
2026-09-11 02:22:51,613 - util.agent - INFO - NET_SYNC ok #61 fp=72777626a161 update=1830355
2026-09-11 02:22:53,346 - eve_rl.runner.runner - INFO - Saved policy snapshot at scheduled step 1840000 (current=1866343)
2026-09-11 02:22:53,348 - eve_rl.runner.runner - INFO - Saved policy snapshot at scheduled step 1850000 (current=1866343)
2026-09-11 02:22:53,349 - eve_rl.runner.runner - INFO - Saved policy snapshot at scheduled step 1860000 (current=1866343)
2026-09-11 02:22:53,350 - util.agent - DEBUG - explore (amount/limit): steps None/None | episodes 100/None || update (amount/limit): steps 35988.0/None
2026-09-11 03:05:05,521 - util.agent - DEBUG - exploration: steps=1916743 >= step_limit=inf or episodes=7600 >= episode_limit=7600. Setting time limit for workers to finish to 180s
2026-09-11 03:08:05,554 - util.agent - WARNING - Restaring Agent worker_0 because of Timeout
2026-09-11 03:08:05,556 - util.agent - DEBUG - Restarting Agent with task=None, step_limit=None and episode_limit=None.
2026-09-11 03:09:06,560 - step_logger_train_124653239515936 - INFO - === BenchEnv5 initialized (mode=train, visualisation=False) ===
2026-09-11 03:09:12,354 - util.agent - WARNING - Restaring Agent worker_2 because of Timeout
2026-09-11 03:09:12,357 - util.agent - DEBUG - Restarting Agent with task=None, step_limit=None and episode_limit=None.
2026-09-11 03:09:29,488 - step_logger_train_124652982473296 - INFO - === BenchEnv5 initialized (mode=train, visualisation=False) ===
2026-09-11 03:09:34,271 - util.agent - WARNING - Restaring Agent worker_7 because of Timeout
2026-09-11 03:09:34,274 - util.agent - DEBUG - Restarting Agent with task=None, step_limit=None and episode_limit=None.
2026-09-11 03:09:50,549 - step_logger_train_124654245872976 - INFO - === BenchEnv5 initialized (mode=train, visualisation=False) ===
2026-09-11 03:09:55,836 - util.agent - WARNING - Restaring Agent worker_8 because of Timeout
2026-09-11 03:09:55,837 - util.agent - DEBUG - Restarting Agent with task=None, step_limit=None and episode_limit=None.
2026-09-11 03:10:11,094 - step_logger_train_124653260860960 - INFO - === BenchEnv5 initialized (mode=train, visualisation=False) ===
2026-09-11 03:10:15,914 - util.agent - WARNING - Restaring Agent worker_10 because of Timeout
2026-09-11 03:10:15,915 - util.agent - DEBUG - Restarting Agent with task=None, step_limit=None and episode_limit=None.
2026-09-11 03:10:30,657 - step_logger_train_124651359734944 - INFO - === BenchEnv5 initialized (mode=train, visualisation=False) ===
2026-09-11 03:10:35,957 - util.agent - INFO - update / exploration: 2862.8/2862.7 s |  12.6/ 20.7 steps/s | 35988/ 59400 steps, 100 episodes | 1866343/1925743 steps total,  7600 episodes total
2026-09-11 03:10:36,023 - util.agent - INFO - NET_SYNC ok #62 fp=20f495f473ea update=1866343
2026-09-11 03:10:37,802 - eve_rl.runner.runner - INFO - Saved policy snapshot at scheduled step 1870000 (current=1925743)
2026-09-11 03:10:37,805 - eve_rl.runner.runner - INFO - Saved policy snapshot at scheduled step 1880000 (current=1925743)
2026-09-11 03:10:37,806 - eve_rl.runner.runner - INFO - Saved policy snapshot at scheduled step 1890000 (current=1925743)
2026-09-11 03:10:37,807 - eve_rl.runner.runner - INFO - Saved policy snapshot at scheduled step 1900000 (current=1925743)
2026-09-11 03:10:37,808 - eve_rl.runner.runner - INFO - Saved policy snapshot at scheduled step 1910000 (current=1925743)
2026-09-11 03:10:37,810 - eve_rl.runner.runner - INFO - Saved policy snapshot at scheduled step 1920000 (current=1925743)
2026-09-11 03:10:37,811 - util.agent - DEBUG - explore (amount/limit): steps None/None | episodes 100/None || update (amount/limit): steps 59400.0/None
2026-09-11 04:01:08,246 - util.agent - DEBUG - exploration: steps=1973072 >= step_limit=inf or episodes=7700 >= episode_limit=7700. Setting time limit for workers to finish to 180s
2026-09-11 04:04:09,133 - util.agent - WARNING - Restaring Agent worker_1 because of Timeout
2026-09-11 04:04:09,140 - util.agent - DEBUG - Restarting Agent with task=None, step_limit=None and episode_limit=None.
2026-09-11 04:05:18,998 - step_logger_train_124652982770896 - INFO - === BenchEnv5 initialized (mode=train, visualisation=False) ===
2026-09-11 04:05:28,376 - util.agent - WARNING - Restaring Agent worker_4 because of Timeout
2026-09-11 04:05:28,378 - util.agent - DEBUG - Restarting Agent with task=None, step_limit=None and episode_limit=None.
2026-09-11 04:05:53,315 - step_logger_train_124651359782656 - INFO - === BenchEnv5 initialized (mode=train, visualisation=False) ===
2026-09-11 04:05:59,830 - util.agent - WARNING - Restaring Agent worker_5 because of Timeout
2026-09-11 04:05:59,832 - util.agent - DEBUG - Restarting Agent with task=None, step_limit=None and episode_limit=None.
2026-09-11 04:06:21,881 - step_logger_train_124653278414256 - INFO - === BenchEnv5 initialized (mode=train, visualisation=False) ===
2026-09-11 04:06:29,077 - util.agent - WARNING - Restaring Agent worker_6 because of Timeout
2026-09-11 04:06:29,081 - util.agent - DEBUG - Restarting Agent with task=None, step_limit=None and episode_limit=None.
2026-09-11 04:06:50,204 - step_logger_train_124654245969584 - INFO - === BenchEnv5 initialized (mode=train, visualisation=False) ===
2026-09-11 04:06:56,549 - util.agent - WARNING - Restaring Agent worker_12 because of Timeout
2026-09-11 04:06:56,552 - util.agent - DEBUG - Restarting Agent with task=None, step_limit=None and episode_limit=None.
2026-09-11 04:07:17,062 - step_logger_train_124652842589392 - INFO - === BenchEnv5 initialized (mode=train, visualisation=False) ===
2026-09-11 04:07:23,543 - util.agent - WARNING - Restaring Agent worker_13 because of Timeout
2026-09-11 04:07:23,547 - util.agent - DEBUG - Restarting Agent with task=None, step_limit=None and episode_limit=None.
2026-09-11 04:07:44,148 - step_logger_train_124651899652848 - INFO - === BenchEnv5 initialized (mode=train, visualisation=False) ===
2026-09-11 04:23:46,873 - util.agent - INFO - update / exploration: 4389.5/3432.7 s |  13.5/ 16.2 steps/s | 59400/ 55490 steps, 100 episodes | 1925743/1981233 steps total,  7700 episodes total
2026-09-11 04:23:46,953 - util.agent - INFO - NET_SYNC ok #63 fp=1da16f042a19 update=1925743
2026-09-11 04:23:49,413 - eve_rl.runner.runner - INFO - Saved policy snapshot at scheduled step 1930000 (current=1981233)
2026-09-11 04:23:49,415 - eve_rl.runner.runner - INFO - Saved policy snapshot at scheduled step 1940000 (current=1981233)
2026-09-11 04:23:49,416 - eve_rl.runner.runner - INFO - Saved policy snapshot at scheduled step 1950000 (current=1981233)
2026-09-11 04:23:49,417 - eve_rl.runner.runner - INFO - Saved policy snapshot at scheduled step 1960000 (current=1981233)
2026-09-11 04:23:49,419 - eve_rl.runner.runner - INFO - Saved policy snapshot at scheduled step 1970000 (current=1981233)
2026-09-11 04:23:49,420 - eve_rl.runner.runner - INFO - Saved policy snapshot at scheduled step 1980000 (current=1981233)
2026-09-11 04:23:49,421 - util.agent - DEBUG - explore (amount/limit): steps None/None | episodes 100/None || update (amount/limit): steps 55490.0/None
2026-09-11 05:44:49,374 - util.agent - DEBUG - exploration: steps=2023116 >= step_limit=inf or episodes=7800 >= episode_limit=7800. Setting time limit for workers to finish to 180s
2026-09-11 05:47:49,917 - util.agent - WARNING - Restaring Agent worker_1 because of Timeout
2026-09-11 05:47:49,921 - util.agent - DEBUG - Restarting Agent with task=None, step_limit=None and episode_limit=None.
2026-09-11 05:49:49,390 - step_logger_train_124654245733664 - INFO - === BenchEnv5 initialized (mode=train, visualisation=False) ===
2026-09-11 05:50:06,609 - util.agent - WARNING - Restaring Agent worker_2 because of Timeout
2026-09-11 05:50:06,619 - util.agent - DEBUG - Restarting Agent with task=None, step_limit=None and episode_limit=None.
2026-09-11 05:50:35,587 - step_logger_train_124653116036240 - INFO - === BenchEnv5 initialized (mode=train, visualisation=False) ===
2026-09-11 05:50:46,653 - util.agent - WARNING - Restaring Agent worker_3 because of Timeout
2026-09-11 05:50:46,655 - util.agent - DEBUG - Restarting Agent with task=None, step_limit=None and episode_limit=None.
2026-09-11 05:51:10,047 - step_logger_train_124653105194944 - INFO - === BenchEnv5 initialized (mode=train, visualisation=False) ===
2026-09-11 05:51:21,135 - util.agent - WARNING - Restaring Agent worker_4 because of Timeout
2026-09-11 05:51:21,137 - util.agent - DEBUG - Restarting Agent with task=None, step_limit=None and episode_limit=None.
2026-09-11 05:52:30,868 - step_logger_train_124653113625040 - INFO - === BenchEnv5 initialized (mode=train, visualisation=False) ===
2026-09-11 05:52:39,199 - util.agent - WARNING - Restaring Agent worker_6 because of Timeout
2026-09-11 05:52:39,203 - util.agent - DEBUG - Restarting Agent with task=None, step_limit=None and episode_limit=None.
2026-09-11 05:53:06,023 - step_logger_train_124651359725360 - INFO - === BenchEnv5 initialized (mode=train, visualisation=False) ===
2026-09-11 05:53:13,610 - util.agent - WARNING - Restaring Agent worker_8 because of Timeout
2026-09-11 05:53:13,621 - util.agent - DEBUG - Restarting Agent with task=None, step_limit=None and episode_limit=None.
2026-09-11 05:53:36,525 - step_logger_train_124653113611264 - INFO - === BenchEnv5 initialized (mode=train, visualisation=False) ===
2026-09-11 05:53:42,388 - util.agent - WARNING - Restaring Agent worker_9 because of Timeout
2026-09-11 05:53:42,391 - util.agent - DEBUG - Restarting Agent with task=None, step_limit=None and episode_limit=None.
2026-09-11 05:54:02,780 - step_logger_train_124653248948016 - INFO - === BenchEnv5 initialized (mode=train, visualisation=False) ===
2026-09-11 05:54:10,399 - util.agent - WARNING - Restaring Agent worker_10 because of Timeout
2026-09-11 05:54:10,403 - util.agent - DEBUG - Restarting Agent with task=None, step_limit=None and episode_limit=None.
2026-09-11 05:54:31,778 - step_logger_train_124651896577568 - INFO - === BenchEnv5 initialized (mode=train, visualisation=False) ===
2026-09-11 05:54:38,979 - util.agent - WARNING - Restaring Agent worker_12 because of Timeout
2026-09-11 05:54:38,981 - util.agent - DEBUG - Restarting Agent with task=None, step_limit=None and episode_limit=None.
2026-09-11 05:54:58,571 - step_logger_train_124653238844384 - INFO - === BenchEnv5 initialized (mode=train, visualisation=False) ===
2026-09-11 05:55:05,219 - util.agent - WARNING - Restaring Agent worker_14 because of Timeout
2026-09-11 05:55:05,224 - util.agent - DEBUG - Restarting Agent with task=None, step_limit=None and episode_limit=None.
2026-09-11 05:55:27,464 - step_logger_train_124651359692976 - INFO - === BenchEnv5 initialized (mode=train, visualisation=False) ===
2026-09-11 05:55:35,140 - util.agent - WARNING - Restaring Agent worker_15 because of Timeout
2026-09-11 05:55:35,143 - util.agent - DEBUG - Restarting Agent with task=None, step_limit=None and episode_limit=None.
2026-09-11 05:55:55,306 - step_logger_train_124651896577088 - INFO - === BenchEnv5 initialized (mode=train, visualisation=False) ===
2026-09-11 06:13:11,341 - util.agent - INFO - update / exploration: 6563.6/5534.5 s |   8.5/  9.0 steps/s | 55490/ 49627 steps, 100 episodes | 1981233/2030860 steps total,  7800 episodes total
2026-09-11 06:13:11,419 - util.agent - INFO - NET_SYNC ok #64 fp=d2f85e19bc50 update=1981233
2026-09-11 06:13:14,327 - eve_rl.runner.runner - INFO - Saved policy snapshot at scheduled step 1990000 (current=2030860)
2026-09-11 06:13:14,332 - eve_rl.runner.runner - INFO - Saved policy snapshot at scheduled step 2000000 (current=2030860)
2026-09-11 06:13:14,335 - eve_rl.runner.runner - INFO - Saved policy snapshot at scheduled step 2010000 (current=2030860)
2026-09-11 06:13:14,337 - eve_rl.runner.runner - INFO - Saved policy snapshot at scheduled step 2020000 (current=2030860)
2026-09-11 06:13:14,339 - eve_rl.runner.runner - INFO - Saved policy snapshot at scheduled step 2030000 (current=2030860)
2026-09-11 06:13:14,341 - util.agent - DEBUG - explore (amount/limit): steps None/None | episodes 100/None || update (amount/limit): steps 49627.0/None
2026-09-11 06:56:02,491 - util.agent - DEBUG - exploration: steps=2073443 >= step_limit=inf or episodes=7900 >= episode_limit=7900. Setting time limit for workers to finish to 180s
2026-09-11 06:59:02,678 - util.agent - WARNING - Restaring Agent worker_1 because of Timeout
2026-09-11 06:59:02,696 - util.agent - DEBUG - Restarting Agent with task=None, step_limit=None and episode_limit=None.
2026-09-11 07:00:44,547 - step_logger_train_124652837409696 - INFO - === BenchEnv5 initialized (mode=train, visualisation=False) ===
2026-09-11 07:00:57,538 - util.agent - WARNING - Restaring Agent worker_3 because of Timeout
2026-09-11 07:00:57,546 - util.agent - DEBUG - Restarting Agent with task=None, step_limit=None and episode_limit=None.
2026-09-11 07:01:28,199 - step_logger_train_124652843410144 - INFO - === BenchEnv5 initialized (mode=train, visualisation=False) ===
2026-09-11 07:01:39,897 - util.agent - WARNING - Restaring Agent worker_5 because of Timeout
2026-09-11 07:01:39,902 - util.agent - DEBUG - Restarting Agent with task=None, step_limit=None and episode_limit=None.
2026-09-11 07:02:14,482 - step_logger_train_124651896574928 - INFO - === BenchEnv5 initialized (mode=train, visualisation=False) ===
2026-09-11 07:02:25,357 - util.agent - WARNING - Restaring Agent worker_7 because of Timeout
2026-09-11 07:02:25,359 - util.agent - DEBUG - Restarting Agent with task=None, step_limit=None and episode_limit=None.
2026-09-11 07:02:50,566 - step_logger_train_124651359683008 - INFO - === BenchEnv5 initialized (mode=train, visualisation=False) ===
2026-09-11 07:03:01,085 - util.agent - WARNING - Restaring Agent worker_8 because of Timeout
2026-09-11 07:03:01,090 - util.agent - DEBUG - Restarting Agent with task=None, step_limit=None and episode_limit=None.
2026-09-11 07:03:23,169 - step_logger_train_124652837478848 - INFO - === BenchEnv5 initialized (mode=train, visualisation=False) ===
2026-09-11 07:03:31,244 - util.agent - WARNING - Restaring Agent worker_9 because of Timeout
2026-09-11 07:03:31,246 - util.agent - DEBUG - Restarting Agent with task=None, step_limit=None and episode_limit=None.
2026-09-11 07:03:53,495 - step_logger_train_124653245018848 - INFO - === BenchEnv5 initialized (mode=train, visualisation=False) ===
2026-09-11 07:04:01,735 - util.agent - WARNING - Restaring Agent worker_10 because of Timeout
2026-09-11 07:04:01,740 - util.agent - DEBUG - Restarting Agent with task=None, step_limit=None and episode_limit=None.
2026-09-11 07:04:23,625 - step_logger_train_124653166569024 - INFO - === BenchEnv5 initialized (mode=train, visualisation=False) ===
2026-09-11 07:04:31,751 - util.agent - WARNING - Restaring Agent worker_11 because of Timeout
2026-09-11 07:04:31,754 - util.agent - DEBUG - Restarting Agent with task=None, step_limit=None and episode_limit=None.
2026-09-11 07:04:54,731 - step_logger_train_124653240936288 - INFO - === BenchEnv5 initialized (mode=train, visualisation=False) ===
2026-09-11 07:05:03,779 - util.agent - WARNING - Restaring Agent worker_12 because of Timeout
2026-09-11 07:05:03,783 - util.agent - DEBUG - Restarting Agent with task=None, step_limit=None and episode_limit=None.
2026-09-11 07:05:24,631 - step_logger_train_124651939391760 - INFO - === BenchEnv5 initialized (mode=train, visualisation=False) ===
2026-09-11 07:05:33,395 - util.agent - WARNING - Restaring Agent worker_13 because of Timeout
2026-09-11 07:05:33,400 - util.agent - DEBUG - Restarting Agent with task=None, step_limit=None and episode_limit=None.
2026-09-11 07:05:58,874 - step_logger_train_124653144676096 - INFO - === BenchEnv5 initialized (mode=train, visualisation=False) ===
2026-09-11 07:06:08,117 - util.agent - WARNING - Restaring Agent worker_14 because of Timeout
2026-09-11 07:06:08,119 - util.agent - DEBUG - Restarting Agent with task=None, step_limit=None and episode_limit=None.
2026-09-11 07:06:31,834 - step_logger_train_124651366910752 - INFO - === BenchEnv5 initialized (mode=train, visualisation=False) ===
2026-09-11 07:23:56,602 - util.agent - INFO - update / exploration: 4242.7/3206.8 s |  11.7/ 15.4 steps/s | 49627/ 49488 steps, 100 episodes | 2030860/2080348 steps total,  7900 episodes total
2026-09-11 07:23:56,660 - util.agent - INFO - NET_SYNC ok #65 fp=10e8cc476247 update=2030860
2026-09-11 07:23:58,637 - eve_rl.runner.runner - INFO - Saved policy snapshot at scheduled step 2040000 (current=2080348)
2026-09-11 07:23:58,640 - eve_rl.runner.runner - INFO - Saved policy snapshot at scheduled step 2050000 (current=2080348)
2026-09-11 07:23:58,642 - eve_rl.runner.runner - INFO - Saved policy snapshot at scheduled step 2060000 (current=2080348)
2026-09-11 07:23:58,643 - eve_rl.runner.runner - INFO - Saved policy snapshot at scheduled step 2070000 (current=2080348)
2026-09-11 07:23:58,644 - eve_rl.runner.runner - INFO - Saved policy snapshot at scheduled step 2080000 (current=2080348)
2026-09-11 07:23:58,736 - util.agent - DEBUG - evaluate (amount/limit): steps None/None | episodes None/None | len(seeds)=98/options=None
2026-09-11 07:50:50,203 - util.agent - INFO - evaluation : 1611.6s |  17.1 steps/s |   27632 steps /   97 episodes | Total:   250718 steps /   878 episodes
2026-09-11 07:50:50,314 - eve_rl.runner.runner - INFO - Quality: 0.9285714285714286, Reward: 4.323240559538095, Exploration steps: 2080348
2026-09-11 07:50:55,957 - eve_rl.runner.runner - INFO - Saved replay buffer incrementally (+288649 new transitions) at eval #6
2026-09-11 07:50:55,957 - util.agent - DEBUG - explore (amount/limit): steps None/None | episodes 100/None || update (amount/limit): steps 49488.0/None
2026-09-11 08:11:29,508 - util.agent - DEBUG - exploration: steps=2099162 >= step_limit=inf or episodes=8000 >= episode_limit=8000. Setting time limit for workers to finish to 180s
2026-09-11 08:14:30,011 - util.agent - WARNING - Restaring Agent worker_0 because of Timeout
2026-09-11 08:14:30,012 - util.agent - DEBUG - Restarting Agent with task=None, step_limit=None and episode_limit=None.
2026-09-11 08:15:25,100 - step_logger_train_124651421138368 - INFO - === BenchEnv5 initialized (mode=train, visualisation=False) ===
2026-09-11 08:15:31,471 - util.agent - WARNING - Restaring Agent worker_8 because of Timeout
2026-09-11 08:15:31,473 - util.agent - DEBUG - Restarting Agent with task=None, step_limit=None and episode_limit=None.
2026-09-11 08:15:50,195 - step_logger_train_124653106238896 - INFO - === BenchEnv5 initialized (mode=train, visualisation=False) ===
2026-09-11 08:15:55,972 - util.agent - WARNING - Restaring Agent worker_14 because of Timeout
2026-09-11 08:15:55,976 - util.agent - DEBUG - Restarting Agent with task=None, step_limit=None and episode_limit=None.
2026-09-11 08:16:13,192 - step_logger_train_124653009289568 - INFO - === BenchEnv5 initialized (mode=train, visualisation=False) ===
2026-09-11 08:38:53,106 - util.agent - INFO - update / exploration: 2877.3/1522.8 s |  17.2/ 15.8 steps/s | 49488/ 24115 steps, 100 episodes | 2080348/2104463 steps total,  8000 episodes total
2026-09-11 08:38:53,154 - util.agent - INFO - NET_SYNC ok #66 fp=b8fc624caaf5 update=2080348
2026-09-11 08:38:54,874 - eve_rl.runner.runner - INFO - Saved policy snapshot at scheduled step 2090000 (current=2104463)
2026-09-11 08:38:54,876 - eve_rl.runner.runner - INFO - Saved policy snapshot at scheduled step 2100000 (current=2104463)
2026-09-11 08:38:54,876 - util.agent - DEBUG - explore (amount/limit): steps None/None | episodes 100/None || update (amount/limit): steps 24115.0/None
2026-09-11 08:49:47,494 - util.agent - DEBUG - exploration: steps=2113300 >= step_limit=inf or episodes=8100 >= episode_limit=8100. Setting time limit for workers to finish to 180s
2026-09-11 09:02:43,975 - util.agent - INFO - update / exploration: 1429.2/780.9 s |  16.9/ 15.1 steps/s | 24115/ 11790 steps, 100 episodes | 2104463/2116253 steps total,  8100 episodes total
2026-09-11 09:02:44,030 - util.agent - INFO - NET_SYNC ok #67 fp=2f29442352a6 update=2104463
2026-09-11 09:02:45,783 - eve_rl.runner.runner - INFO - Saved policy snapshot at scheduled step 2110000 (current=2116253)
2026-09-11 09:02:45,784 - util.agent - DEBUG - explore (amount/limit): steps None/None | episodes 100/None || update (amount/limit): steps 11790.0/None
2026-09-11 09:43:20,552 - util.agent - DEBUG - exploration: steps=2158845 >= step_limit=inf or episodes=8200 >= episode_limit=8200. Setting time limit for workers to finish to 180s
2026-09-11 09:46:20,950 - util.agent - WARNING - Restaring Agent worker_2 because of Timeout
2026-09-11 09:46:20,951 - util.agent - DEBUG - Restarting Agent with task=None, step_limit=None and episode_limit=None.
2026-09-11 09:47:14,821 - step_logger_train_124652982599984 - INFO - === BenchEnv5 initialized (mode=train, visualisation=False) ===
2026-09-11 09:47:20,772 - util.agent - WARNING - Restaring Agent worker_6 because of Timeout
2026-09-11 09:47:20,773 - util.agent - DEBUG - Restarting Agent with task=None, step_limit=None and episode_limit=None.
2026-09-11 09:47:35,187 - step_logger_train_124651359883808 - INFO - === BenchEnv5 initialized (mode=train, visualisation=False) ===
2026-09-11 09:47:40,845 - util.agent - WARNING - Restaring Agent worker_7 because of Timeout
2026-09-11 09:47:40,846 - util.agent - DEBUG - Restarting Agent with task=None, step_limit=None and episode_limit=None.
2026-09-11 09:47:58,468 - step_logger_train_124653114344688 - INFO - === BenchEnv5 initialized (mode=train, visualisation=False) ===
2026-09-11 09:48:03,161 - util.agent - WARNING - Restaring Agent worker_8 because of Timeout
2026-09-11 09:48:03,163 - util.agent - DEBUG - Restarting Agent with task=None, step_limit=None and episode_limit=None.
2026-09-11 09:48:16,506 - step_logger_train_124652971122208 - INFO - === BenchEnv5 initialized (mode=train, visualisation=False) ===
2026-09-11 09:48:21,419 - util.agent - WARNING - Restaring Agent worker_12 because of Timeout
2026-09-11 09:48:21,422 - util.agent - DEBUG - Restarting Agent with task=None, step_limit=None and episode_limit=None.
2026-09-11 09:48:34,696 - step_logger_train_124651359683392 - INFO - === BenchEnv5 initialized (mode=train, visualisation=False) ===
2026-09-11 09:48:39,501 - util.agent - INFO - update / exploration: 964.2/2753.9 s |  12.2/ 18.1 steps/s | 11790/ 49722 steps, 100 episodes | 2116253/2165975 steps total,  8200 episodes total
2026-09-11 09:48:39,549 - util.agent - INFO - NET_SYNC ok #68 fp=cefbed4c90fd update=2116253
2026-09-11 09:48:41,294 - eve_rl.runner.runner - INFO - Saved policy snapshot at scheduled step 2120000 (current=2165975)
2026-09-11 09:48:41,296 - eve_rl.runner.runner - INFO - Saved policy snapshot at scheduled step 2130000 (current=2165975)
2026-09-11 09:48:41,297 - eve_rl.runner.runner - INFO - Saved policy snapshot at scheduled step 2140000 (current=2165975)
2026-09-11 09:48:41,298 - eve_rl.runner.runner - INFO - Saved policy snapshot at scheduled step 2150000 (current=2165975)
2026-09-11 09:48:41,299 - eve_rl.runner.runner - INFO - Saved policy snapshot at scheduled step 2160000 (current=2165975)
2026-09-11 09:48:41,300 - util.agent - DEBUG - explore (amount/limit): steps None/None | episodes 100/None || update (amount/limit): steps 49722.0/None
2026-09-11 10:21:20,019 - util.agent - DEBUG - exploration: steps=2196773 >= step_limit=inf or episodes=8300 >= episode_limit=8300. Setting time limit for workers to finish to 180s
2026-09-11 10:24:21,229 - util.agent - WARNING - Restaring Agent worker_1 because of Timeout
2026-09-11 10:24:21,231 - util.agent - DEBUG - Restarting Agent with task=None, step_limit=None and episode_limit=None.
2026-09-11 10:25:30,316 - step_logger_train_124653162295248 - INFO - === BenchEnv5 initialized (mode=train, visualisation=False) ===
2026-09-11 10:25:36,970 - util.agent - WARNING - Restaring Agent worker_2 because of Timeout
2026-09-11 10:25:36,974 - util.agent - DEBUG - Restarting Agent with task=None, step_limit=None and episode_limit=None.
2026-09-11 10:25:57,285 - step_logger_train_124651359862944 - INFO - === BenchEnv5 initialized (mode=train, visualisation=False) ===
2026-09-11 10:26:05,533 - util.agent - WARNING - Restaring Agent worker_3 because of Timeout
2026-09-11 10:26:05,537 - util.agent - DEBUG - Restarting Agent with task=None, step_limit=None and episode_limit=None.
2026-09-11 10:26:30,274 - step_logger_train_124652982525808 - INFO - === BenchEnv5 initialized (mode=train, visualisation=False) ===
2026-09-11 10:26:35,698 - util.agent - WARNING - Restaring Agent worker_6 because of Timeout
2026-09-11 10:26:35,699 - util.agent - DEBUG - Restarting Agent with task=None, step_limit=None and episode_limit=None.
2026-09-11 10:26:55,943 - step_logger_train_124652837457776 - INFO - === BenchEnv5 initialized (mode=train, visualisation=False) ===
2026-09-11 10:27:01,848 - util.agent - WARNING - Restaring Agent worker_8 because of Timeout
2026-09-11 10:27:01,850 - util.agent - DEBUG - Restarting Agent with task=None, step_limit=None and episode_limit=None.
2026-09-11 10:27:22,241 - step_logger_train_124652837456816 - INFO - === BenchEnv5 initialized (mode=train, visualisation=False) ===
2026-09-11 10:27:27,972 - util.agent - WARNING - Restaring Agent worker_9 because of Timeout
2026-09-11 10:27:27,974 - util.agent - DEBUG - Restarting Agent with task=None, step_limit=None and episode_limit=None.
2026-09-11 10:27:47,742 - step_logger_train_124657352684928 - INFO - === BenchEnv5 initialized (mode=train, visualisation=False) ===
2026-09-11 10:27:52,896 - util.agent - WARNING - Restaring Agent worker_10 because of Timeout
2026-09-11 10:27:52,898 - util.agent - DEBUG - Restarting Agent with task=None, step_limit=None and episode_limit=None.
2026-09-11 10:28:12,371 - step_logger_train_124652985717520 - INFO - === BenchEnv5 initialized (mode=train, visualisation=False) ===
2026-09-11 10:28:17,977 - util.agent - WARNING - Restaring Agent worker_12 because of Timeout
2026-09-11 10:28:17,979 - util.agent - DEBUG - Restarting Agent with task=None, step_limit=None and episode_limit=None.
2026-09-11 10:28:36,384 - step_logger_train_124651896575648 - INFO - === BenchEnv5 initialized (mode=train, visualisation=False) ===
2026-09-11 10:45:55,448 - util.agent - INFO - update / exploration: 3434.3/2400.5 s |  14.5/ 16.3 steps/s | 49722/ 39151 steps, 100 episodes | 2165975/2205126 steps total,  8300 episodes total
2026-09-11 10:45:55,500 - util.agent - INFO - NET_SYNC ok #69 fp=1a103ea26cac update=2165975
2026-09-11 10:45:57,336 - eve_rl.runner.runner - INFO - Saved policy snapshot at scheduled step 2170000 (current=2205126)
2026-09-11 10:45:57,338 - eve_rl.runner.runner - INFO - Saved policy snapshot at scheduled step 2180000 (current=2205126)
2026-09-11 10:45:57,340 - eve_rl.runner.runner - INFO - Saved policy snapshot at scheduled step 2190000 (current=2205126)
2026-09-11 10:45:57,341 - eve_rl.runner.runner - INFO - Saved policy snapshot at scheduled step 2200000 (current=2205126)
2026-09-11 10:45:57,342 - util.agent - DEBUG - explore (amount/limit): steps None/None | episodes 100/None || update (amount/limit): steps 39151.0/None
2026-09-11 10:58:04,011 - util.agent - DEBUG - exploration: steps=2213283 >= step_limit=inf or episodes=8400 >= episode_limit=8400. Setting time limit for workers to finish to 180s
2026-09-11 11:01:04,206 - util.agent - WARNING - Restaring Agent worker_6 because of Timeout
2026-09-11 11:01:04,207 - util.agent - DEBUG - Restarting Agent with task=None, step_limit=None and episode_limit=None.
2026-09-11 11:01:25,291 - step_logger_train_124653124848464 - INFO - === BenchEnv5 initialized (mode=train, visualisation=False) ===
2026-09-11 11:22:16,446 - util.agent - INFO - update / exploration: 2179.3/933.9 s |  18.0/ 12.7 steps/s | 39151/ 11884 steps, 100 episodes | 2205126/2217010 steps total,  8400 episodes total
2026-09-11 11:22:16,494 - util.agent - INFO - NET_SYNC ok #70 fp=693d03e27da9 update=2205126
2026-09-11 11:22:18,260 - eve_rl.runner.runner - INFO - Saved policy snapshot at scheduled step 2210000 (current=2217010)
2026-09-11 11:22:18,261 - util.agent - DEBUG - explore (amount/limit): steps None/None | episodes 100/None || update (amount/limit): steps 11884.0/None
2026-09-11 11:35:58,437 - util.agent - DEBUG - exploration: steps=2228435 >= step_limit=inf or episodes=8500 >= episode_limit=8500. Setting time limit for workers to finish to 180s
2026-09-11 11:38:16,352 - util.agent - INFO - update / exploration: 951.6/958.2 s |  12.5/ 17.3 steps/s | 11884/ 16603 steps, 100 episodes | 2217010/2233613 steps total,  8500 episodes total
2026-09-11 11:38:16,401 - util.agent - INFO - NET_SYNC ok #71 fp=80c04275a931 update=2217010
2026-09-11 11:38:18,127 - eve_rl.runner.runner - INFO - Saved policy snapshot at scheduled step 2220000 (current=2233613)
2026-09-11 11:38:18,129 - eve_rl.runner.runner - INFO - Saved policy snapshot at scheduled step 2230000 (current=2233613)
2026-09-11 11:38:18,130 - util.agent - DEBUG - explore (amount/limit): steps None/None | episodes 100/None || update (amount/limit): steps 16603.0/None
2026-09-11 12:01:36,513 - util.agent - DEBUG - exploration: steps=2260747 >= step_limit=inf or episodes=8600 >= episode_limit=8600. Setting time limit for workers to finish to 180s
2026-09-11 12:04:05,568 - util.agent - INFO - update / exploration: 1340.4/1547.7 s |  12.4/ 21.0 steps/s | 16603/ 32557 steps, 100 episodes | 2233613/2266170 steps total,  8600 episodes total
2026-09-11 12:04:05,615 - util.agent - INFO - NET_SYNC ok #72 fp=041a56dff6be update=2233613
2026-09-11 12:04:07,292 - eve_rl.runner.runner - INFO - Saved policy snapshot at scheduled step 2240000 (current=2266170)
2026-09-11 12:04:07,293 - eve_rl.runner.runner - INFO - Saved policy snapshot at scheduled step 2250000 (current=2266170)
2026-09-11 12:04:07,295 - eve_rl.runner.runner - INFO - Saved policy snapshot at scheduled step 2260000 (current=2266170)
2026-09-11 12:04:07,295 - util.agent - DEBUG - explore (amount/limit): steps None/None | episodes 100/None || update (amount/limit): steps 32557.0/None
2026-09-11 12:16:02,290 - util.agent - DEBUG - exploration: steps=2276865 >= step_limit=inf or episodes=8700 >= episode_limit=8700. Setting time limit for workers to finish to 180s
2026-09-11 12:19:02,356 - util.agent - WARNING - Restaring Agent worker_5 because of Timeout
2026-09-11 12:19:02,357 - util.agent - DEBUG - Restarting Agent with task=None, step_limit=None and episode_limit=None.
2026-09-11 12:19:58,228 - step_logger_train_124653171352096 - INFO - === BenchEnv5 initialized (mode=train, visualisation=False) ===
2026-09-11 12:20:03,941 - util.agent - WARNING - Restaring Agent worker_10 because of Timeout
2026-09-11 12:20:03,944 - util.agent - DEBUG - Restarting Agent with task=None, step_limit=None and episode_limit=None.
2026-09-11 12:20:26,160 - step_logger_train_124653010630784 - INFO - === BenchEnv5 initialized (mode=train, visualisation=False) ===
2026-09-11 12:35:01,341 - util.agent - INFO - update / exploration: 1854.4/983.8 s |  17.6/ 13.7 steps/s | 32557/ 13476 steps, 100 episodes | 2266170/2279646 steps total,  8700 episodes total
2026-09-11 12:35:01,388 - util.agent - INFO - NET_SYNC ok #73 fp=f1196ef2e409 update=2266170
2026-09-11 12:35:03,166 - eve_rl.runner.runner - INFO - Saved policy snapshot at scheduled step 2270000 (current=2279646)
2026-09-11 12:35:03,167 - util.agent - DEBUG - explore (amount/limit): steps None/None | episodes 100/None || update (amount/limit): steps 13476.0/None
2026-09-11 12:43:37,577 - util.agent - DEBUG - exploration: steps=2287416 >= step_limit=inf or episodes=8800 >= episode_limit=8800. Setting time limit for workers to finish to 180s
2026-09-11 12:46:38,294 - util.agent - WARNING - Restaring Agent worker_4 because of Timeout
2026-09-11 12:46:38,295 - util.agent - DEBUG - Restarting Agent with task=None, step_limit=None and episode_limit=None.
2026-09-11 12:47:01,203 - step_logger_train_124651903525456 - INFO - === BenchEnv5 initialized (mode=train, visualisation=False) ===
2026-09-11 12:47:08,083 - util.agent - WARNING - Restaring Agent worker_9 because of Timeout
2026-09-11 12:47:08,086 - util.agent - DEBUG - Restarting Agent with task=None, step_limit=None and episode_limit=None.
2026-09-11 12:47:28,731 - step_logger_train_124652985719056 - INFO - === BenchEnv5 initialized (mode=train, visualisation=False) ===
2026-09-11 12:49:52,028 - util.agent - INFO - update / exploration: 888.9/752.1 s |  15.2/ 12.4 steps/s | 13476/  9356 steps, 100 episodes | 2279646/2289002 steps total,  8800 episodes total
2026-09-11 12:49:52,083 - util.agent - INFO - NET_SYNC ok #74 fp=cfc2aafab7f9 update=2279646
2026-09-11 12:49:53,823 - eve_rl.runner.runner - INFO - Saved policy snapshot at scheduled step 2280000 (current=2289002)
2026-09-11 12:49:53,858 - util.agent - DEBUG - evaluate (amount/limit): steps None/None | episodes None/None | len(seeds)=98/options=None
2026-09-11 13:02:28,552 - util.agent - INFO - evaluation :  754.7s |  12.3 steps/s |    9311 steps /   97 episodes | Total:   260029 steps /   975 episodes
2026-09-11 13:02:28,659 - eve_rl.runner.runner - INFO - Quality: 0.9693877551020408, Reward: 5.679267579649749, Exploration steps: 2289002
2026-09-11 13:02:33,023 - eve_rl.runner.runner - INFO - Saved replay buffer incrementally (+208654 new transitions) at eval #7
2026-09-11 13:02:33,023 - util.agent - DEBUG - explore (amount/limit): steps None/None | episodes 100/None || update (amount/limit): steps 9356.0/None
2026-09-11 13:12:27,089 - util.agent - DEBUG - exploration: steps=2297492 >= step_limit=inf or episodes=8900 >= episode_limit=8900. Setting time limit for workers to finish to 180s
2026-09-11 13:15:27,098 - util.agent - WARNING - Restaring Agent worker_10 because of Timeout
2026-09-11 13:15:27,099 - util.agent - DEBUG - Restarting Agent with task=None, step_limit=None and episode_limit=None.
2026-09-11 13:16:12,505 - step_logger_train_124657433733536 - INFO - === BenchEnv5 initialized (mode=train, visualisation=False) ===
2026-09-11 13:16:17,414 - util.agent - INFO - update / exploration: 724.8/824.5 s |  12.9/ 12.9 steps/s |  9356/ 10649 steps, 100 episodes | 2289002/2299651 steps total,  8900 episodes total
2026-09-11 13:16:17,475 - util.agent - INFO - NET_SYNC ok #75 fp=479296e4830e update=2289002
2026-09-11 13:16:19,175 - eve_rl.runner.runner - INFO - Saved policy snapshot at scheduled step 2290000 (current=2299651)
2026-09-11 13:16:19,175 - util.agent - DEBUG - explore (amount/limit): steps None/None | episodes 100/None || update (amount/limit): steps 10649.0/None
2026-09-11 13:28:13,090 - util.agent - DEBUG - exploration: steps=2308684 >= step_limit=inf or episodes=9000 >= episode_limit=9000. Setting time limit for workers to finish to 180s
2026-09-11 13:31:13,125 - util.agent - WARNING - Restaring Agent worker_6 because of Timeout
2026-09-11 13:31:13,126 - util.agent - DEBUG - Restarting Agent with task=None, step_limit=None and episode_limit=None.
2026-09-11 13:31:31,185 - step_logger_train_124653106371168 - INFO - === BenchEnv5 initialized (mode=train, visualisation=False) ===
2026-09-11 13:31:35,957 - util.agent - WARNING - Restaring Agent worker_7 because of Timeout
2026-09-11 13:31:35,960 - util.agent - DEBUG - Restarting Agent with task=None, step_limit=None and episode_limit=None.
2026-09-11 13:31:53,261 - step_logger_train_124651359734272 - INFO - === BenchEnv5 initialized (mode=train, visualisation=False) ===
2026-09-11 13:31:57,767 - util.agent - WARNING - Restaring Agent worker_8 because of Timeout
2026-09-11 13:31:57,769 - util.agent - DEBUG - Restarting Agent with task=None, step_limit=None and episode_limit=None.
2026-09-11 13:32:10,757 - step_logger_train_124650960026448 - INFO - === BenchEnv5 initialized (mode=train, visualisation=False) ===
2026-09-11 13:32:15,361 - util.agent - INFO - update / exploration: 843.7/956.2 s |  12.6/ 12.5 steps/s | 10649/ 11919 steps, 100 episodes | 2299651/2311570 steps total,  9000 episodes total
2026-09-11 13:32:15,453 - util.agent - INFO - NET_SYNC ok #76 fp=5ab8da7ec667 update=2299651
2026-09-11 13:32:17,184 - eve_rl.runner.runner - INFO - Saved policy snapshot at scheduled step 2300000 (current=2311570)
2026-09-11 13:32:17,186 - eve_rl.runner.runner - INFO - Saved policy snapshot at scheduled step 2310000 (current=2311570)
2026-09-11 13:32:17,186 - util.agent - DEBUG - explore (amount/limit): steps None/None | episodes 100/None || update (amount/limit): steps 11919.0/None
2026-09-11 13:43:09,989 - util.agent - DEBUG - exploration: steps=2320501 >= step_limit=inf or episodes=9100 >= episode_limit=9100. Setting time limit for workers to finish to 180s
2026-09-11 13:46:11,034 - util.agent - WARNING - Restaring Agent worker_0 because of Timeout
2026-09-11 13:46:11,041 - util.agent - DEBUG - Restarting Agent with task=None, step_limit=None and episode_limit=None.
2026-09-11 13:46:39,078 - step_logger_train_124653137666928 - INFO - === BenchEnv5 initialized (mode=train, visualisation=False) ===
2026-09-11 13:46:46,713 - util.agent - WARNING - Restaring Agent worker_3 because of Timeout
2026-09-11 13:46:46,716 - util.agent - DEBUG - Restarting Agent with task=None, step_limit=None and episode_limit=None.
2026-09-11 13:47:12,414 - step_logger_train_124651359735184 - INFO - === BenchEnv5 initialized (mode=train, visualisation=False) ===
2026-09-11 13:47:19,127 - util.agent - WARNING - Restaring Agent worker_4 because of Timeout
2026-09-11 13:47:19,128 - util.agent - DEBUG - Restarting Agent with task=None, step_limit=None and episode_limit=None.
2026-09-11 13:47:38,870 - step_logger_train_124651902267152 - INFO - === BenchEnv5 initialized (mode=train, visualisation=False) ===
2026-09-11 13:47:43,662 - util.agent - WARNING - Restaring Agent worker_6 because of Timeout
2026-09-11 13:47:43,663 - util.agent - DEBUG - Restarting Agent with task=None, step_limit=None and episode_limit=None.
2026-09-11 13:48:00,696 - step_logger_train_124652982563072 - INFO - === BenchEnv5 initialized (mode=train, visualisation=False) ===
2026-09-11 13:48:05,373 - util.agent - WARNING - Restaring Agent worker_13 because of Timeout
2026-09-11 13:48:05,374 - util.agent - DEBUG - Restarting Agent with task=None, step_limit=None and episode_limit=None.
2026-09-11 13:48:19,095 - step_logger_train_124653113651792 - INFO - === BenchEnv5 initialized (mode=train, visualisation=False) ===
2026-09-11 13:48:23,902 - util.agent - WARNING - Restaring Agent worker_15 because of Timeout
2026-09-11 13:48:23,905 - util.agent - DEBUG - Restarting Agent with task=None, step_limit=None and episode_limit=None.
2026-09-11 13:48:39,774 - step_logger_train_124653241948960 - INFO - === BenchEnv5 initialized (mode=train, visualisation=False) ===
2026-09-11 13:48:44,523 - util.agent - INFO - update / exploration: 987.4/987.3 s |  12.1/ 12.3 steps/s | 11919/ 12140 steps, 100 episodes | 2311570/2323710 steps total,  9100 episodes total
2026-09-11 13:48:44,580 - util.agent - INFO - NET_SYNC ok #77 fp=915b8b9b5e37 update=2311570
2026-09-11 13:48:46,288 - eve_rl.runner.runner - INFO - Saved policy snapshot at scheduled step 2320000 (current=2323710)
2026-09-11 13:48:46,289 - util.agent - DEBUG - explore (amount/limit): steps None/None | episodes 100/None || update (amount/limit): steps 12140.0/None
2026-09-11 13:58:29,346 - util.agent - DEBUG - exploration: steps=2331110 >= step_limit=inf or episodes=9200 >= episode_limit=9200. Setting time limit for workers to finish to 180s
2026-09-11 14:03:05,774 - util.agent - INFO - update / exploration: 859.5/762.7 s |  14.1/ 14.5 steps/s | 12140/ 11050 steps, 100 episodes | 2323710/2334760 steps total,  9200 episodes total
2026-09-11 14:03:05,823 - util.agent - INFO - NET_SYNC ok #78 fp=fbbde2dd1222 update=2323710
2026-09-11 14:03:07,533 - eve_rl.runner.runner - INFO - Saved policy snapshot at scheduled step 2330000 (current=2334760)
2026-09-11 14:03:07,533 - util.agent - DEBUG - explore (amount/limit): steps None/None | episodes 100/None || update (amount/limit): steps 11050.0/None
2026-09-11 14:14:13,102 - util.agent - DEBUG - exploration: steps=2343276 >= step_limit=inf or episodes=9300 >= episode_limit=9300. Setting time limit for workers to finish to 180s
2026-09-11 14:17:13,248 - util.agent - WARNING - Restaring Agent worker_2 because of Timeout
2026-09-11 14:17:13,249 - util.agent - DEBUG - Restarting Agent with task=None, step_limit=None and episode_limit=None.
2026-09-11 14:17:59,514 - step_logger_train_124654247037680 - INFO - === BenchEnv5 initialized (mode=train, visualisation=False) ===
2026-09-11 14:18:04,372 - util.agent - WARNING - Restaring Agent worker_8 because of Timeout
2026-09-11 14:18:04,377 - util.agent - DEBUG - Restarting Agent with task=None, step_limit=None and episode_limit=None.
2026-09-11 14:18:17,356 - step_logger_train_124653239829456 - INFO - === BenchEnv5 initialized (mode=train, visualisation=False) ===
2026-09-11 14:18:22,093 - util.agent - INFO - update / exploration: 838.8/914.6 s |  13.2/ 13.2 steps/s | 11050/ 12104 steps, 100 episodes | 2334760/2346864 steps total,  9300 episodes total
2026-09-11 14:18:22,165 - util.agent - INFO - NET_SYNC ok #79 fp=72b875db019e update=2334760
2026-09-11 14:18:23,903 - eve_rl.runner.runner - INFO - Saved policy snapshot at scheduled step 2340000 (current=2346864)
2026-09-11 14:18:23,904 - util.agent - DEBUG - explore (amount/limit): steps None/None | episodes 100/None || update (amount/limit): steps 12104.0/None
2026-09-11 14:29:03,675 - util.agent - DEBUG - exploration: steps=2355168 >= step_limit=inf or episodes=9400 >= episode_limit=9400. Setting time limit for workers to finish to 180s
2026-09-11 14:32:04,131 - util.agent - WARNING - Restaring Agent worker_14 because of Timeout
2026-09-11 14:32:04,132 - util.agent - DEBUG - Restarting Agent with task=None, step_limit=None and episode_limit=None.
2026-09-11 14:32:25,456 - step_logger_train_124651899595840 - INFO - === BenchEnv5 initialized (mode=train, visualisation=False) ===
2026-09-11 14:33:14,796 - util.agent - INFO - update / exploration: 891.0/846.3 s |  13.6/ 14.3 steps/s | 12104/ 12106 steps, 100 episodes | 2346864/2358970 steps total,  9400 episodes total
2026-09-11 14:33:14,846 - util.agent - INFO - NET_SYNC ok #80 fp=657c4b044f7a update=2346864
2026-09-11 14:33:16,557 - eve_rl.runner.runner - INFO - Saved policy snapshot at scheduled step 2350000 (current=2358970)
2026-09-11 14:33:16,558 - util.agent - DEBUG - explore (amount/limit): steps None/None | episodes 100/None || update (amount/limit): steps 12106.0/None
2026-09-11 14:46:58,987 - util.agent - DEBUG - exploration: steps=2369689 >= step_limit=inf or episodes=9500 >= episode_limit=9500. Setting time limit for workers to finish to 180s
2026-09-11 14:49:55,424 - util.agent - INFO - update / exploration: 949.1/999.0 s |  12.8/ 14.7 steps/s | 12106/ 14662 steps, 100 episodes | 2358970/2373632 steps total,  9500 episodes total
2026-09-11 14:49:55,469 - util.agent - INFO - NET_SYNC ok #81 fp=8792f8bc606f update=2358970
2026-09-11 14:49:57,183 - eve_rl.runner.runner - INFO - Saved policy snapshot at scheduled step 2360000 (current=2373632)
2026-09-11 14:49:58,066 - eve_rl.runner.runner - INFO - Saved policy snapshot at scheduled step 2370000 (current=2373632)
2026-09-11 14:49:58,067 - util.agent - DEBUG - explore (amount/limit): steps None/None | episodes 100/None || update (amount/limit): steps 14662.0/None
2026-09-11 15:00:50,943 - util.agent - DEBUG - exploration: steps=2381831 >= step_limit=inf or episodes=9600 >= episode_limit=9600. Setting time limit for workers to finish to 180s
2026-09-11 15:06:21,581 - util.agent - INFO - update / exploration: 983.6/803.3 s |  14.9/ 14.2 steps/s | 14662/ 11442 steps, 100 episodes | 2373632/2385074 steps total,  9600 episodes total
2026-09-11 15:06:21,627 - util.agent - INFO - NET_SYNC ok #82 fp=fafd61b932d5 update=2373632
2026-09-11 15:06:23,312 - eve_rl.runner.runner - INFO - Saved policy snapshot at scheduled step 2380000 (current=2385074)
2026-09-11 15:06:23,313 - util.agent - DEBUG - explore (amount/limit): steps None/None | episodes 100/None || update (amount/limit): steps 11442.0/None
2026-09-11 15:20:00,250 - util.agent - DEBUG - exploration: steps=2394194 >= step_limit=inf or episodes=9700 >= episode_limit=9700. Setting time limit for workers to finish to 180s
2026-09-11 15:22:36,725 - util.agent - INFO - update / exploration: 917.2/973.7 s |  12.5/ 15.0 steps/s | 11442/ 14602 steps, 100 episodes | 2385074/2399676 steps total,  9700 episodes total
2026-09-11 15:22:36,772 - util.agent - INFO - NET_SYNC ok #83 fp=6f293aa85920 update=2385074
2026-09-11 15:22:38,441 - eve_rl.runner.runner - INFO - Saved policy snapshot at scheduled step 2390000 (current=2399676)
2026-09-11 15:22:38,441 - util.agent - DEBUG - explore (amount/limit): steps None/None | episodes 100/None || update (amount/limit): steps 14602.0/None
2026-09-11 15:44:30,296 - util.agent - DEBUG - exploration: steps=2421027 >= step_limit=inf or episodes=9800 >= episode_limit=9800. Setting time limit for workers to finish to 180s
2026-09-11 15:47:30,517 - util.agent - WARNING - Restaring Agent worker_6 because of Timeout
2026-09-11 15:47:30,518 - util.agent - DEBUG - Restarting Agent with task=None, step_limit=None and episode_limit=None.
2026-09-11 15:48:17,184 - step_logger_train_124653005746624 - INFO - === BenchEnv5 initialized (mode=train, visualisation=False) ===
2026-09-11 15:48:21,630 - util.agent - WARNING - Restaring Agent worker_8 because of Timeout
2026-09-11 15:48:21,634 - util.agent - DEBUG - Restarting Agent with task=None, step_limit=None and episode_limit=None.
2026-09-11 15:48:35,375 - step_logger_train_124654245502880 - INFO - === BenchEnv5 initialized (mode=train, visualisation=False) ===
2026-09-11 15:48:40,317 - util.agent - WARNING - Restaring Agent worker_10 because of Timeout
2026-09-11 15:48:40,318 - util.agent - DEBUG - Restarting Agent with task=None, step_limit=None and episode_limit=None.
2026-09-11 15:48:53,508 - step_logger_train_124653260887856 - INFO - === BenchEnv5 initialized (mode=train, visualisation=False) ===
2026-09-11 15:48:58,436 - util.agent - INFO - update / exploration: 1240.9/1580.2 s |  11.8/ 17.4 steps/s | 14602/ 27496 steps, 100 episodes | 2399676/2427172 steps total,  9800 episodes total
2026-09-11 15:48:58,494 - util.agent - INFO - NET_SYNC ok #84 fp=00280febc4f2 update=2399676
2026-09-11 15:49:00,238 - eve_rl.runner.runner - INFO - Saved policy snapshot at scheduled step 2400000 (current=2427172)
2026-09-11 15:49:00,240 - eve_rl.runner.runner - INFO - Saved policy snapshot at scheduled step 2410000 (current=2427172)
2026-09-11 15:49:00,241 - eve_rl.runner.runner - INFO - Saved policy snapshot at scheduled step 2420000 (current=2427172)
2026-09-11 15:49:00,241 - util.agent - DEBUG - explore (amount/limit): steps None/None | episodes 100/None || update (amount/limit): steps 27496.0/None
